                      :-) GROMACS - gmx mdrun, 2025.4 (-:

Copyright 1991-2025 The GROMACS Authors.
GROMACS is free software; you can redistribute it and/or modify it
under the terms of the GNU Lesser General Public License
as published by the Free Software Foundation; either version 2.1
of the License, or (at your option) any later version.

                         Current GROMACS contributors:
       Mark Abraham           Andrey Alekseenko           Brian Andrews       
      Vladimir Basov              Paul Bauer                Hugh Bird         
      Eliane Briand               Ania Brown              Mahesh Doijade      
      Giacomo Fiorin          Stefan Fleischmann          Sergey Gorelov      
   Gilles Gouaillardet            Alan Gray              M. Eric Irrgang      
   Farzaneh Jalalypour         Petter Johansson          Carsten Kutzner      
    Grzegorz Łazarski         Justin A. Lemkul          Magnus Lundborg      
       Pascal Merz             Vedran Miletić            Dmitry Morozov      
     Lukas Müllender            Julien Nabet             Szilárd Páll      
 Andrea Pasquadibisceglie     Michele Pellegrino         Nicola Piasentin     
     Daniele Rapetti         Muhammad Umair Sadiq         Hubert Santuz       
      Roland Schulz             Michael Shirts           Tatiana Shugaeva     
     Alexey Shvetsov            Philip Turner            Alessandra Villa     
 Sebastian Wingbermühle  

                         Previous GROMACS contributors:
        Emile Apol             Rossen Apostolov           James Barnett       
  Herman J.C. Berendsen         Cathrine Bergh             Par Bjelkmar       
      Christian Blau          Viacheslav Bolnykh            Kevin Boyd        
    Aldert van Buuren          Carlo Camilloni           Rudi van Drunen      
      Anton Feenstra           Oliver Fleetwood            Vytas Gapsys       
       Gaurav Garg             Gerrit Groenhof            Bert de Groot       
      Anca Hamuraru           Vincent Hindriksen          Victor Holanda      
     Aleksei Iupinov              Joe Jordan            Christoph Junghans    
    Prashanth Kanduri        Dimitrios Karkoulis           Peter Kasson       
      Sebastian Kehl           Sebastian Keller             Jiri Kraus        
       Per Larsson              Viveca Lindahl            Erik Marklund       
    Pieter Meulenhoff           Teemu Murtola              Sander Pronk       
      Alfons Sijbers            Balint Soproni         David van der Spoel    
      Peter Tieleman            Carsten Uphoff             Jon Vincent        
     Teemu Virolainen         Christian Wennberg           Maarten Wolf       
      Artem Zhmurov       

                  Coordinated by the GROMACS project leaders:
                           Berk Hess and Erik Lindahl

GROMACS:      gmx mdrun, version 2025.4
Executable:   /home/gbiuser/Downloads/gromacs-2025.4/build/bin/gmx
Data prefix:  /usr/local/gromacs
Working dir:  /home/gbiuser/Documents/vitoria/usp-masters/6-preparation/target/5-gromacs
Process ID:   197678
Command line:
  gmx mdrun -v -deffnm npt

GROMACS version:     2025.4
Precision:           mixed
Memory model:        64 bit
MPI library:         thread_mpi
OpenMP support:      enabled (GMX_OPENMP_MAX_THREADS = 128)
GPU support:         disabled
SIMD instructions:   AVX2_256
CPU FFT library:     fftw-3.3.10-sse2-avx-avx2-avx2_128
GPU FFT library:     none
Multi-GPU FFT:       none
RDTSCP usage:        enabled
TNG support:         enabled
Hwloc support:       disabled
Tracing support:     disabled
C compiler:          /usr/bin/cc GNU 11.4.0
C compiler flags:    -fexcess-precision=fast -funroll-all-loops -mavx2 -mfma -Wno-missing-field-initializers -O3 -DNDEBUG
C++ compiler:        /usr/bin/c++ GNU 11.4.0
C++ compiler flags:  -fexcess-precision=fast -funroll-all-loops -mavx2 -mfma -Wno-missing-field-initializers -Wno-cast-function-type-strict SHELL:-fopenmp -O3 -DNDEBUG
BLAS library:        External - detected on the system
LAPACK library:      External - detected on the system


Running on 1 node with total 6 cores, 12 processing units
Hardware detected on host gbi017039525:
  CPU info:
    Vendor: Intel
    Brand:  Intel(R) Xeon(R) CPU E5-1650 v3 @ 3.50GHz
    Family: 6   Model: 63   Stepping: 2
    Features: aes apic avx avx2 clfsh cmov cx8 cx16 f16c fma htt intel lahf mmx msr nonstop_tsc pcid pclmuldq pdcm pdpe1gb popcnt pse rdrnd rdtscp sse2 sse3 sse4.1 sse4.2 ssse3 tdt x2apic
  Hardware topology: Basic
    Packages, cores, and logical processors:
    [indices refer to OS logical processors]
      Package  0: [   0   6] [   1   7] [   2   8] [   3   9] [   4  10] [   5  11]
    CPU limit set by OS: -1   Recommended max number of threads: 12


++++ PLEASE READ AND CITE THE FOLLOWING REFERENCE ++++
M. J. Abraham, T. Murtola, R. Schulz, S. Páll, J. C. Smith, B. Hess, E.
Lindahl
GROMACS: High performance molecular simulations through multi-level
parallelism from laptops to supercomputers
SoftwareX (2015)
DOI: 10.1016/j.softx.2015.06.001
-------- -------- --- Thank You --- -------- --------


++++ PLEASE READ AND CITE THE FOLLOWING REFERENCE ++++
S. Páll, M. J. Abraham, C. Kutzner, B. Hess, E. Lindahl
Tackling Exascale Software Challenges in Molecular Dynamics Simulations with
GROMACS
In S. Markidis & E. Laure (Eds.), Solving Software Challenges for Exascale (2015)
DOI: 10.1007/978-3-319-15976-8_1
-------- -------- --- Thank You --- -------- --------


++++ PLEASE READ AND CITE THE FOLLOWING REFERENCE ++++
S. Pronk, S. Páll, R. Schulz, P. Larsson, P. Bjelkmar, R. Apostolov, M. R.
Shirts, J. C. Smith, P. M. Kasson, D. van der Spoel, B. Hess, E. Lindahl
GROMACS 4.5: a high-throughput and highly parallel open source molecular
simulation toolkit
Bioinformatics (2013)
DOI: 10.1093/bioinformatics/btt055
-------- -------- --- Thank You --- -------- --------


++++ PLEASE READ AND CITE THE FOLLOWING REFERENCE ++++
B. Hess, C. Kutzner, D. van der Spoel, E. Lindahl
GROMACS 4: Algorithms for highly efficient, load-balanced, and scalable
molecular simulation
J. Chem. Theory Comput. (2008)
DOI: 10.1021/ct700301q
-------- -------- --- Thank You --- -------- --------


++++ PLEASE READ AND CITE THE FOLLOWING REFERENCE ++++
D. van der Spoel, E. Lindahl, B. Hess, G. Groenhof, A. E. Mark, H. J. C.
Berendsen
GROMACS: Fast, Flexible and Free
J. Comp. Chem. (2005)
DOI: 10.1002/jcc.20291
-------- -------- --- Thank You --- -------- --------


++++ PLEASE READ AND CITE THE FOLLOWING REFERENCE ++++
E. Lindahl, B. Hess, D. van der Spoel
GROMACS 3.0: A package for molecular simulation and trajectory analysis
J. Mol. Mod. (2001)
DOI: 10.1007/s008940100045
-------- -------- --- Thank You --- -------- --------


++++ PLEASE READ AND CITE THE FOLLOWING REFERENCE ++++
H. J. C. Berendsen, D. van der Spoel and R. van Drunen
GROMACS: A message-passing parallel molecular dynamics implementation
Comp. Phys. Comm. (1995)
DOI: 10.1016/0010-4655(95)00042-E
-------- -------- --- Thank You --- -------- --------


++++ PLEASE CITE THE DOI FOR THIS VERSION OF GROMACS ++++
https://doi.org/10.5281/zenodo.17671793
-------- -------- --- Thank You --- -------- --------

Input Parameters:
   integrator                     = md
   tinit                          = 0
   dt                             = 0.002
   nsteps                         = 50000
   init-step                      = 0
   simulation-part                = 1
   mts                            = false
   mass-repartition-factor        = 1
   comm-mode                      = Linear
   nstcomm                        = 100
   bd-fric                        = 0
   ld-seed                        = -942937217
   emtol                          = 10
   emstep                         = 0.01
   niter                          = 20
   fcstep                         = 0
   nstcgsteep                     = 1000
   nbfgscorr                      = 10
   rtpi                           = 0.05
   nstxout                        = 0
   nstvout                        = 0
   nstfout                        = 0
   nstlog                         = 100
   nstcalcenergy                  = 100
   nstenergy                      = 100
   nstxout-compressed             = 5000
   compressed-x-precision         = 1000
   cutoff-scheme                  = Verlet
   nstlist                        = 10
   pbc                            = xyz
   periodic-molecules             = false
   verlet-buffer-tolerance        = 0.005
   verlet-buffer-pressure-tolerance = 0.5
   rlist                          = 1
   coulombtype                    = PME
   coulomb-modifier               = Potential-shift
   rcoulomb-switch                = 0
   rcoulomb                       = 1
   epsilon-r                      = 1
   epsilon-rf                     = inf
   vdw-type                       = Cut-off
   vdw-modifier                   = Potential-shift
   rvdw-switch                    = 0
   rvdw                           = 1
   DispCorr                       = No
   table-extension                = 1
   fourierspacing                 = 0.12
   fourier-nx                     = 120
   fourier-ny                     = 120
   fourier-nz                     = 120
   pme-order                      = 4
   ewald-rtol                     = 1e-05
   ewald-rtol-lj                  = 0.001
   lj-pme-comb-rule               = Geometric
   ewald-geometry                 = 3d
   epsilon-surface                = 0
   ensemble-temperature-setting   = constant
   ensemble-temperature           = 310
   tcoupl                         = V-rescale
   nsttcouple                     = 10
   nh-chain-length                = 0
   print-nose-hoover-chain-variables = false
   pcoupl                         = C-rescale
   pcoupltype                     = Isotropic
   nstpcouple                     = 25
   tau-p                          = 2
   compressibility (3x3):
      compressibility[    0]={ 4.50000e-05,  0.00000e+00,  0.00000e+00}
      compressibility[    1]={ 0.00000e+00,  4.50000e-05,  0.00000e+00}
      compressibility[    2]={ 0.00000e+00,  0.00000e+00,  4.50000e-05}
   ref-p (3x3):
      ref-p[    0]={ 1.00000e+00,  0.00000e+00,  0.00000e+00}
      ref-p[    1]={ 0.00000e+00,  1.00000e+00,  0.00000e+00}
      ref-p[    2]={ 0.00000e+00,  0.00000e+00,  1.00000e+00}
   refcoord-scaling               = COM
   posres-com (1x3):
      posres-com[    0]={ 4.99585e-01,  4.99836e-01,  5.01036e-01}
   posres-comB (1x3):
      posres-comB[    0]={ 4.99585e-01,  4.99836e-01,  5.01036e-01}
   QMMM                           = false
qm-opts:
   ngQM                           = 0
   constraint-algorithm           = Lincs
   continuation                   = false
   Shake-SOR                      = false
   shake-tol                      = 0.0001
   lincs-order                    = 4
   lincs-iter                     = 1
   lincs-warnangle                = 30
   nwall                          = 0
   wall-type                      = 9-3
   wall-r-linpot                  = -1
   wall-atomtype[0]               = -1
   wall-atomtype[1]               = -1
   wall-density[0]                = 0
   wall-density[1]                = 0
   wall-ewald-zfac                = 3
   pull                           = false
   awh                            = false
   rotation                       = false
   interactiveMD                  = false
   disre                          = No
   disre-weighting                = Conservative
   disre-mixed                    = false
   dr-fc                          = 1000
   dr-tau                         = 0
   nstdisreout                    = 100
   orire-fc                       = 0
   orire-tau                      = 0
   nstorireout                    = 100
   free-energy                    = no
   cos-acceleration               = 0
   deform (3x3):
      deform[    0]={ 0.00000e+00,  0.00000e+00,  0.00000e+00}
      deform[    1]={ 0.00000e+00,  0.00000e+00,  0.00000e+00}
      deform[    2]={ 0.00000e+00,  0.00000e+00,  0.00000e+00}
   simulated-tempering            = false
   swapcoords                     = no
   userint1                       = 0
   userint2                       = 0
   userint3                       = 0
   userint4                       = 0
   userreal1                      = 0
   userreal2                      = 0
   userreal3                      = 0
   userreal4                      = 0
   applied-forces:
     electric-field:
       x:
         E0                       = 0
         omega                    = 0
         t0                       = 0
         sigma                    = 0
       y:
         E0                       = 0
         omega                    = 0
         t0                       = 0
         sigma                    = 0
       z:
         E0                       = 0
         omega                    = 0
         t0                       = 0
         sigma                    = 0
     density-guided-simulation:
       active                     = false
       group                      = protein
       similarity-measure         = inner-product
       atom-spreading-weight      = unity
       force-constant             = 1e+09
       gaussian-transform-spreading-width = 0.2
       gaussian-transform-spreading-range-in-multiples-of-width = 4
       reference-density-filename = reference.mrc
       nst                        = 1
       normalize-densities        = true
       adaptive-force-scaling     = false
       adaptive-force-scaling-time-constant = 4
       shift-vector               = 
       transformation-matrix      = 
     qmmm-cp2k:
       active                     = false
       qmgroup                    = System
       qmmethod                   = PBE
       qmfilenames                = 
       qmcharge                   = 0
       qmmultiplicity             = 1
     colvars:
       active                     = false
       configfile                 = 
       seed                       = -1
     nnpot:
       active                     = false
       modelfile                  = model.pt
       input-group                = System
       model-input1               = 
       model-input2               = 
       model-input3               = 
       model-input4               = 
grpopts:
   nrdf:     19679.9      527658
   ref-t:         310         310
   tau-t:         0.1         0.1
annealing:          No          No
annealing-npoints:           0           0
   acc:	           0           0           0
   nfreeze:           N           N           N
   energygrp-flags[  0]: 0

Changing nstlist from 10 to 50, rlist from 1 to 1.111


Initializing Domain Decomposition on 1 ranks
Dynamic load balancing: auto
Using update groups, nr 91913, average size 3.0 atoms, max. radius 0.104 nm
Minimum cell size due to atom displacement: 0.411 nm
Initial maximum distances in bonded interactions:
    two-body bonded interactions: 0.435 nm, LJ-14, atoms 845 853
  multi-body bonded interactions: 0.435 nm, Proper Dih., atoms 845 853
Minimum cell size due to bonded interactions: 0.479 nm
Using 0 separate PME ranks because: there are too few total ranks for efficient splitting
Optimizing the DD grid for 1 cells with a minimum initial size of 0.479 nm
The maximum allowed number of cells is: X 29 Y 29 Z 29
Domain decomposition grid 1 x 1 x 1, separate PME ranks 0
PME domain decomposition: 1 x 1 x 1

The initial number of communication pulses is:
The initial domain decomposition cell size is:

The maximum allowed distance for atom groups involved in interactions is:
                 non-bonded interactions           1.319 nm
(the following are initial values, they could change due to box deformation)
            two-body bonded interactions  (-rdd)   1.319 nm
          multi-body bonded interactions  (-rdd)   1.319 nm

When dynamic load balancing gets turned on, these settings will change to:
The maximum number of communication pulses is:
The minimum size for domain decomposition cells is 1.319 nm
The requested allowed shrink of DD cells (option -dds) is: 0.80
The allowed shrink of domain decomposition cells is:
The maximum allowed distance for atom groups involved in interactions is:
                 non-bonded interactions           1.319 nm
            two-body bonded interactions  (-rdd)   1.319 nm
          multi-body bonded interactions  (-rdd)   1.319 nm

Local state does not use filler particles

Using 1 MPI thread
Using 12 OpenMP threads 

System total charge: 0.000
Will do PME sum in reciprocal space for electrostatic interactions.

++++ PLEASE READ AND CITE THE FOLLOWING REFERENCE ++++
U. Essmann, L. Perera, M. L. Berkowitz, T. Darden, H. Lee, L. G. Pedersen 
A smooth particle mesh Ewald method
J. Chem. Phys. (1995)
DOI: 10.1063/1.470117
-------- -------- --- Thank You --- -------- --------

Using a Gaussian width (1/beta) of 0.320163 nm for Ewald
Potential shift: LJ r^-12: -1.000e+00 r^-6: -1.000e+00, Ewald -1.000e-05
Initialized non-bonded Coulomb Ewald tables, spacing: 9.33e-04 size: 1073

Generated table with 1055 data points for 1-4 COUL.
Tabscale = 500 points/nm
Generated table with 1055 data points for 1-4 LJ6.
Tabscale = 500 points/nm
Generated table with 1055 data points for 1-4 LJ12.
Tabscale = 500 points/nm


Using SIMD4xM 4x8 nonbonded short-range kernels

Using a dual 4x8 pair-list setup updated with dynamic pruning:
  outer list: updated every 50 steps, buffer 0.111 nm, rlist 1.111 nm
  inner list: updated every 10 steps, buffer 0.000 nm, rlist 1.000 nm
At tolerance 0.005 kJ/mol/ps per atom, equivalent classical 1x1 list would be:
  outer list: updated every 50 steps, buffer 0.238 nm, rlist 1.238 nm
  inner list: updated every 10 steps, buffer 0.036 nm, rlist 1.036 nm

The average pressure is off by at most 0.38 bar due to missing LJ interactions

Using Lorentz-Berthelot Lennard-Jones combination rule
Removing pbc first time

Linking all bonded interactions to atoms


Pinning threads with an auto-selected logical cpu stride of 1

Initializing LINear Constraint Solver

++++ PLEASE READ AND CITE THE FOLLOWING REFERENCE ++++
B. Hess, H. Bekker, H. J. C. Berendsen, J. G. E. M. Fraaije
LINCS: A Linear Constraint Solver for molecular simulations
J. Comp. Chem. (1997)
DOI: 10.1002/(sici)1096-987x(199709)18:12<1463::aid-jcc4>3.0.co;2-h
-------- -------- --- Thank You --- -------- --------

The number of constraints is 3897

++++ PLEASE READ AND CITE THE FOLLOWING REFERENCE ++++
S. Miyamoto, P. A. Kollman
SETTLE: An Analytical Version of the SHAKE and RATTLE Algorithms for Rigid
Water Models
J. Comp. Chem. (1992)
DOI: 10.1002/jcc.540130805
-------- -------- --- Thank You --- -------- --------


++++ PLEASE READ AND CITE THE FOLLOWING REFERENCE ++++
G. Bussi, D. Donadio, M. Parrinello
Canonical sampling through velocity rescaling
J. Chem. Phys. (2007)
DOI: 10.1063/1.2408420
-------- -------- --- Thank You --- -------- --------


++++ PLEASE READ AND CITE THE FOLLOWING REFERENCE ++++
M. Bernetti, G. Bussi
Pressure control using stochastic cell rescaling
J. Chem. Phys. (2020)
DOI: 10.1063/5.0020514
-------- -------- --- Thank You --- -------- --------

There are: 271682 Atoms
Atom distribution over 1 domains: av 271682 stddev 0 min 271682 max 271682

Constraining the starting coordinates (step 0)

Constraining the coordinates at t0-dt (step 0)
Center of mass motion removal mode is Linear
We have the following groups for center of mass motion removal:
  0:  rest
RMS relative constraint deviation after constraining: 3.81e-06
Initial temperature: 309.518 K

Started mdrun on rank 0 Thu Jul 16 22:16:36 2026

           Step           Time
              0        0.00000

   Energies (kJ/mol)
           Bond          Angle    Proper Dih. Per. Imp. Dih.          LJ-14
    6.24689e+03    1.73783e+04    2.09315e+04    1.01574e+03    7.67972e+03
     Coulomb-14        LJ (SR)   Coulomb (SR)   Coul. recip. Position Rest.
    8.13803e+04    5.27520e+05   -4.20012e+06    2.45146e+04    4.98364e-01
      Potential    Kinetic En.   Total Energy  Conserved En.    Temperature
   -3.51345e+06    7.04629e+05   -2.80882e+06   -2.80894e+06    3.09671e+02
 Pressure (bar)   Constr. rmsd
    2.35479e+02    3.79828e-06

           Step           Time
            100        0.20000

   Energies (kJ/mol)
           Bond          Angle    Proper Dih. Per. Imp. Dih.          LJ-14
    6.27067e+03    1.73246e+04    2.07423e+04    1.02946e+03    7.71694e+03
     Coulomb-14        LJ (SR)   Coulomb (SR)   Coul. recip. Position Rest.
    8.12668e+04    5.25787e+05   -4.19778e+06    2.44612e+04    1.90642e+03
      Potential    Kinetic En.   Total Energy  Conserved En.    Temperature
   -3.51127e+06    7.06388e+05   -2.80489e+06   -2.80938e+06    3.10444e+02
 Pressure (bar)   Constr. rmsd
    1.67750e+02    3.87763e-06

           Step           Time
            200        0.40000

   Energies (kJ/mol)
           Bond          Angle    Proper Dih. Per. Imp. Dih.          LJ-14
    6.28309e+03    1.72235e+04    2.10202e+04    1.07013e+03    7.76108e+03
     Coulomb-14        LJ (SR)   Coulomb (SR)   Coul. recip. Position Rest.
    8.12703e+04    5.21144e+05   -4.19420e+06    2.48697e+04    1.75558e+03
      Potential    Kinetic En.   Total Energy  Conserved En.    Temperature
   -3.51180e+06    7.05261e+05   -2.80654e+06   -2.80979e+06    3.09949e+02
 Pressure (bar)   Constr. rmsd
    4.90420e+01    4.04502e-06

           Step           Time
            300        0.60000

   Energies (kJ/mol)
           Bond          Angle    Proper Dih. Per. Imp. Dih.          LJ-14
    6.05647e+03    1.72205e+04    2.11035e+04    1.07649e+03    7.83263e+03
     Coulomb-14        LJ (SR)   Coulomb (SR)   Coul. recip. Position Rest.
    8.12209e+04    5.25398e+05   -4.19666e+06    2.49332e+04    1.70871e+03
      Potential    Kinetic En.   Total Energy  Conserved En.    Temperature
   -3.51011e+06    7.03904e+05   -2.80621e+06   -2.80992e+06    3.09352e+02
 Pressure (bar)   Constr. rmsd
    2.19330e+02    3.87984e-06

           Step           Time
            400        0.80000

   Energies (kJ/mol)
           Bond          Angle    Proper Dih. Per. Imp. Dih.          LJ-14
    6.34276e+03    1.71741e+04    2.09217e+04    1.11655e+03    7.66860e+03
     Coulomb-14        LJ (SR)   Coulomb (SR)   Coul. recip. Position Rest.
    8.11727e+04    5.26243e+05   -4.19832e+06    2.47234e+04    1.76026e+03
      Potential    Kinetic En.   Total Energy  Conserved En.    Temperature
   -3.51120e+06    7.04504e+05   -2.80670e+06   -2.81026e+06    3.09616e+02
 Pressure (bar)   Constr. rmsd
    1.40964e+02    3.83156e-06

           Step           Time
            500        1.00000

   Energies (kJ/mol)
           Bond          Angle    Proper Dih. Per. Imp. Dih.          LJ-14
    6.25089e+03    1.73113e+04    2.08271e+04    1.08405e+03    7.70503e+03
     Coulomb-14        LJ (SR)   Coulomb (SR)   Coul. recip. Position Rest.
    8.09002e+04    5.24932e+05   -4.19579e+06    2.50265e+04    1.89795e+03
      Potential    Kinetic En.   Total Energy  Conserved En.    Temperature
   -3.50986e+06    7.04355e+05   -2.80550e+06   -2.81060e+06    3.09551e+02
 Pressure (bar)   Constr. rmsd
    1.37203e+02    3.90866e-06

           Step           Time
            600        1.20000

   Energies (kJ/mol)
           Bond          Angle    Proper Dih. Per. Imp. Dih.          LJ-14
    6.42516e+03    1.73484e+04    2.09673e+04    1.04087e+03    7.67248e+03
     Coulomb-14        LJ (SR)   Coulomb (SR)   Coul. recip. Position Rest.
    8.07653e+04    5.21304e+05   -4.19182e+06    2.48827e+04    1.86688e+03
      Potential    Kinetic En.   Total Energy  Conserved En.    Temperature
   -3.50955e+06    7.03808e+05   -2.80574e+06   -2.81067e+06    3.09310e+02
 Pressure (bar)   Constr. rmsd
    7.27269e+01    3.72792e-06

           Step           Time
            700        1.40000

   Energies (kJ/mol)
           Bond          Angle    Proper Dih. Per. Imp. Dih.          LJ-14
    6.20837e+03    1.75855e+04    2.08241e+04    1.14319e+03    7.72897e+03
     Coulomb-14        LJ (SR)   Coulomb (SR)   Coul. recip. Position Rest.
    8.06901e+04    5.24617e+05   -4.19126e+06    2.49642e+04    1.80670e+03
      Potential    Kinetic En.   Total Energy  Conserved En.    Temperature
   -3.50569e+06    7.05443e+05   -2.80025e+06   -2.81090e+06    3.10029e+02
 Pressure (bar)   Constr. rmsd
    1.47989e+02    4.02946e-06

           Step           Time
            800        1.60000

   Energies (kJ/mol)
           Bond          Angle    Proper Dih. Per. Imp. Dih.          LJ-14
    6.18985e+03    1.72949e+04    2.10213e+04    1.08551e+03    7.59584e+03
     Coulomb-14        LJ (SR)   Coulomb (SR)   Coul. recip. Position Rest.
    8.10439e+04    5.21385e+05   -4.18914e+06    2.48375e+04    1.91537e+03
      Potential    Kinetic En.   Total Energy  Conserved En.    Temperature
   -3.50677e+06    7.06065e+05   -2.80070e+06   -2.81104e+06    3.10302e+02
 Pressure (bar)   Constr. rmsd
    2.39122e+01    3.96569e-06

           Step           Time
            900        1.80000

   Energies (kJ/mol)
           Bond          Angle    Proper Dih. Per. Imp. Dih.          LJ-14
    6.30237e+03    1.72573e+04    2.10157e+04    1.16573e+03    7.74827e+03
     Coulomb-14        LJ (SR)   Coulomb (SR)   Coul. recip. Position Rest.
    8.09704e+04    5.23607e+05   -4.19054e+06    2.49401e+04    1.80714e+03
      Potential    Kinetic En.   Total Energy  Conserved En.    Temperature
   -3.50572e+06    7.04568e+05   -2.80116e+06   -2.81135e+06    3.09644e+02
 Pressure (bar)   Constr. rmsd
    1.06607e+02    3.97203e-06

           Step           Time
           1000        2.00000

   Energies (kJ/mol)
           Bond          Angle    Proper Dih. Per. Imp. Dih.          LJ-14
    6.19439e+03    1.73633e+04    2.07594e+04    1.16093e+03    7.71787e+03
     Coulomb-14        LJ (SR)   Coulomb (SR)   Coul. recip. Position Rest.
    8.09770e+04    5.22377e+05   -4.18578e+06    2.49591e+04    1.88158e+03
      Potential    Kinetic En.   Total Energy  Conserved En.    Temperature
   -3.50239e+06    7.03602e+05   -2.79879e+06   -2.81158e+06    3.09220e+02
 Pressure (bar)   Constr. rmsd
    1.33670e+02    3.88736e-06

           Step           Time
           1100        2.20000

   Energies (kJ/mol)
           Bond          Angle    Proper Dih. Per. Imp. Dih.          LJ-14
    6.15825e+03    1.67815e+04    2.08471e+04    1.01973e+03    7.69942e+03
     Coulomb-14        LJ (SR)   Coulomb (SR)   Coul. recip. Position Rest.
    8.11809e+04    5.20932e+05   -4.18724e+06    2.49239e+04    1.95414e+03
      Potential    Kinetic En.   Total Energy  Conserved En.    Temperature
   -3.50574e+06    7.06487e+05   -2.79925e+06   -2.81196e+06    3.10488e+02
 Pressure (bar)   Constr. rmsd
    6.08190e+01    4.03549e-06

           Step           Time
           1200        2.40000

   Energies (kJ/mol)
           Bond          Angle    Proper Dih. Per. Imp. Dih.          LJ-14
    6.12163e+03    1.73932e+04    2.09833e+04    1.10770e+03    7.70389e+03
     Coulomb-14        LJ (SR)   Coulomb (SR)   Coul. recip. Position Rest.
    8.09631e+04    5.20789e+05   -4.18521e+06    2.49076e+04    1.89235e+03
      Potential    Kinetic En.   Total Energy  Conserved En.    Temperature
   -3.50335e+06    7.06172e+05   -2.79717e+06   -2.81209e+06    3.10349e+02
 Pressure (bar)   Constr. rmsd
    7.85129e+01    3.93193e-06

           Step           Time
           1300        2.60000

   Energies (kJ/mol)
           Bond          Angle    Proper Dih. Per. Imp. Dih.          LJ-14
    6.25825e+03    1.69068e+04    2.09097e+04    1.01834e+03    7.69502e+03
     Coulomb-14        LJ (SR)   Coulomb (SR)   Coul. recip. Position Rest.
    8.11880e+04    5.21602e+05   -4.18791e+06    2.49288e+04    1.84363e+03
      Potential    Kinetic En.   Total Energy  Conserved En.    Temperature
   -3.50556e+06    7.02899e+05   -2.80266e+06   -2.81223e+06    3.08911e+02
 Pressure (bar)   Constr. rmsd
    6.39924e+01    3.72178e-06

           Step           Time
           1400        2.80000

   Energies (kJ/mol)
           Bond          Angle    Proper Dih. Per. Imp. Dih.          LJ-14
    5.94845e+03    1.71573e+04    2.10309e+04    1.03704e+03    7.75663e+03
     Coulomb-14        LJ (SR)   Coulomb (SR)   Coul. recip. Position Rest.
    8.12421e+04    5.19296e+05   -4.18386e+06    2.47530e+04    1.80557e+03
      Potential    Kinetic En.   Total Energy  Conserved En.    Temperature
   -3.50383e+06    7.04136e+05   -2.79970e+06   -2.81249e+06    3.09454e+02
 Pressure (bar)   Constr. rmsd
   -1.36173e+01    3.81999e-06

           Step           Time
           1500        3.00000

   Energies (kJ/mol)
           Bond          Angle    Proper Dih. Per. Imp. Dih.          LJ-14
    6.19352e+03    1.71793e+04    2.08516e+04    1.09595e+03    7.80268e+03
     Coulomb-14        LJ (SR)   Coulomb (SR)   Coul. recip. Position Rest.
    8.09192e+04    5.21428e+05   -4.18684e+06    2.48816e+04    1.91856e+03
      Potential    Kinetic En.   Total Energy  Conserved En.    Temperature
   -3.50457e+06    7.06305e+05   -2.79826e+06   -2.81253e+06    3.10408e+02
 Pressure (bar)   Constr. rmsd
    8.64048e+01    3.96590e-06

           Step           Time
           1600        3.20000

   Energies (kJ/mol)
           Bond          Angle    Proper Dih. Per. Imp. Dih.          LJ-14
    6.29633e+03    1.72532e+04    2.09580e+04    1.04253e+03    7.59112e+03
     Coulomb-14        LJ (SR)   Coulomb (SR)   Coul. recip. Position Rest.
    8.10189e+04    5.23089e+05   -4.18660e+06    2.51831e+04    1.89867e+03
      Potential    Kinetic En.   Total Energy  Conserved En.    Temperature
   -3.50227e+06    7.06314e+05   -2.79595e+06   -2.81261e+06    3.10412e+02
 Pressure (bar)   Constr. rmsd
    7.42515e+01    3.97460e-06

           Step           Time
           1700        3.40000

   Energies (kJ/mol)
           Bond          Angle    Proper Dih. Per. Imp. Dih.          LJ-14
    5.98358e+03    1.71129e+04    2.09769e+04    1.00112e+03    7.71171e+03
     Coulomb-14        LJ (SR)   Coulomb (SR)   Coul. recip. Position Rest.
    8.11465e+04    5.22233e+05   -4.18803e+06    2.50210e+04    1.93054e+03
      Potential    Kinetic En.   Total Energy  Conserved En.    Temperature
   -3.50491e+06    7.05550e+05   -2.79936e+06   -2.81275e+06    3.10076e+02
 Pressure (bar)   Constr. rmsd
    4.58549e+01    3.96246e-06

           Step           Time
           1800        3.60000

   Energies (kJ/mol)
           Bond          Angle    Proper Dih. Per. Imp. Dih.          LJ-14
    6.10008e+03    1.67506e+04    2.08414e+04    1.03029e+03    7.66197e+03
     Coulomb-14        LJ (SR)   Coulomb (SR)   Coul. recip. Position Rest.
    8.09129e+04    5.21551e+05   -4.18718e+06    2.50720e+04    1.87834e+03
      Potential    Kinetic En.   Total Energy  Conserved En.    Temperature
   -3.50538e+06    7.03712e+05   -2.80167e+06   -2.81292e+06    3.09268e+02
 Pressure (bar)   Constr. rmsd
    1.38641e+01    3.94005e-06

           Step           Time
           1900        3.80000

   Energies (kJ/mol)
           Bond          Angle    Proper Dih. Per. Imp. Dih.          LJ-14
    6.24005e+03    1.69467e+04    2.09079e+04    1.00922e+03    7.79882e+03
     Coulomb-14        LJ (SR)   Coulomb (SR)   Coul. recip. Position Rest.
    8.12719e+04    5.20724e+05   -4.18800e+06    2.50332e+04    2.04002e+03
      Potential    Kinetic En.   Total Energy  Conserved En.    Temperature
   -3.50602e+06    7.06047e+05   -2.79998e+06   -2.81298e+06    3.10294e+02
 Pressure (bar)   Constr. rmsd
    5.44269e+01    3.85316e-06

           Step           Time
           2000        4.00000

   Energies (kJ/mol)
           Bond          Angle    Proper Dih. Per. Imp. Dih.          LJ-14
    5.90298e+03    1.69508e+04    2.09211e+04    9.79888e+02    7.73199e+03
     Coulomb-14        LJ (SR)   Coulomb (SR)   Coul. recip. Position Rest.
    8.09847e+04    5.20426e+05   -4.18680e+06    2.49761e+04    1.97776e+03
      Potential    Kinetic En.   Total Energy  Conserved En.    Temperature
   -3.50594e+06    7.02475e+05   -2.80347e+06   -2.81328e+06    3.08725e+02
 Pressure (bar)   Constr. rmsd
    1.90445e+01    3.80047e-06

           Step           Time
           2100        4.20000

   Energies (kJ/mol)
           Bond          Angle    Proper Dih. Per. Imp. Dih.          LJ-14
    6.11576e+03    1.69036e+04    2.08061e+04    1.04925e+03    7.79102e+03
     Coulomb-14        LJ (SR)   Coulomb (SR)   Coul. recip. Position Rest.
    8.12832e+04    5.20609e+05   -4.18783e+06    2.49723e+04    1.99948e+03
      Potential    Kinetic En.   Total Energy  Conserved En.    Temperature
   -3.50630e+06    7.04075e+05   -2.80223e+06   -2.81309e+06    3.09428e+02
 Pressure (bar)   Constr. rmsd
    1.18978e+01    3.91893e-06

           Step           Time
           2200        4.40000

   Energies (kJ/mol)
           Bond          Angle    Proper Dih. Per. Imp. Dih.          LJ-14
    6.11643e+03    1.69828e+04    2.08202e+04    1.04861e+03    7.61907e+03
     Coulomb-14        LJ (SR)   Coulomb (SR)   Coul. recip. Position Rest.
    8.13881e+04    5.18833e+05   -4.18803e+06    2.48562e+04    1.99969e+03
      Potential    Kinetic En.   Total Energy  Conserved En.    Temperature
   -3.50837e+06    7.03943e+05   -2.80442e+06   -2.81263e+06    3.09370e+02
 Pressure (bar)   Constr. rmsd
   -4.02354e+01    3.98477e-06

           Step           Time
           2300        4.60000

   Energies (kJ/mol)
           Bond          Angle    Proper Dih. Per. Imp. Dih.          LJ-14
    6.20580e+03    1.72229e+04    2.09085e+04    1.01332e+03    7.61040e+03
     Coulomb-14        LJ (SR)   Coulomb (SR)   Coul. recip. Position Rest.
    8.12111e+04    5.19984e+05   -4.18600e+06    2.53218e+04    1.93843e+03
      Potential    Kinetic En.   Total Energy  Conserved En.    Temperature
   -3.50458e+06    7.06888e+05   -2.79769e+06   -2.81287e+06    3.10664e+02
 Pressure (bar)   Constr. rmsd
   -3.35371e+01    3.79059e-06

           Step           Time
           2400        4.80000

   Energies (kJ/mol)
           Bond          Angle    Proper Dih. Per. Imp. Dih.          LJ-14
    6.12290e+03    1.70389e+04    2.09362e+04    1.06038e+03    7.77663e+03
     Coulomb-14        LJ (SR)   Coulomb (SR)   Coul. recip. Position Rest.
    8.12223e+04    5.21198e+05   -4.18771e+06    2.53102e+04    1.95203e+03
      Potential    Kinetic En.   Total Energy  Conserved En.    Temperature
   -3.50509e+06    7.04376e+05   -2.80071e+06   -2.81293e+06    3.09560e+02
 Pressure (bar)   Constr. rmsd
    3.18281e+01    3.80695e-06

           Step           Time
           2500        5.00000

   Energies (kJ/mol)
           Bond          Angle    Proper Dih. Per. Imp. Dih.          LJ-14
    6.09014e+03    1.73254e+04    2.07453e+04    1.12024e+03    7.64925e+03
     Coulomb-14        LJ (SR)   Coulomb (SR)   Coul. recip. Position Rest.
    8.08099e+04    5.20032e+05   -4.18426e+06    2.50597e+04    1.98316e+03
      Potential    Kinetic En.   Total Energy  Conserved En.    Temperature
   -3.50344e+06    7.02920e+05   -2.80052e+06   -2.81306e+06    3.08920e+02
 Pressure (bar)   Constr. rmsd
    6.64670e+00    3.88286e-06

           Step           Time
           2600        5.20000

   Energies (kJ/mol)
           Bond          Angle    Proper Dih. Per. Imp. Dih.          LJ-14
    6.25331e+03    1.72767e+04    2.07924e+04    1.15109e+03    7.66404e+03
     Coulomb-14        LJ (SR)   Coulomb (SR)   Coul. recip. Position Rest.
    8.12078e+04    5.19542e+05   -4.18294e+06    2.50420e+04    1.99727e+03
      Potential    Kinetic En.   Total Energy  Conserved En.    Temperature
   -3.50202e+06    7.03333e+05   -2.79868e+06   -2.81328e+06    3.09101e+02
 Pressure (bar)   Constr. rmsd
   -2.56011e+01    3.83391e-06

           Step           Time
           2700        5.40000

   Energies (kJ/mol)
           Bond          Angle    Proper Dih. Per. Imp. Dih.          LJ-14
    6.14595e+03    1.71340e+04    2.10087e+04    1.08386e+03    7.70170e+03
     Coulomb-14        LJ (SR)   Coulomb (SR)   Coul. recip. Position Rest.
    8.10903e+04    5.21089e+05   -4.18736e+06    2.50986e+04    1.95547e+03
      Potential    Kinetic En.   Total Energy  Conserved En.    Temperature
   -3.50506e+06    7.06031e+05   -2.79903e+06   -2.81338e+06    3.10287e+02
 Pressure (bar)   Constr. rmsd
   -4.25758e+01    3.80860e-06

           Step           Time
           2800        5.60000

   Energies (kJ/mol)
           Bond          Angle    Proper Dih. Per. Imp. Dih.          LJ-14
    6.43822e+03    1.70756e+04    2.09030e+04    1.16303e+03    7.84423e+03
     Coulomb-14        LJ (SR)   Coulomb (SR)   Coul. recip. Position Rest.
    8.07862e+04    5.22441e+05   -4.18796e+06    2.52175e+04    2.07688e+03
      Potential    Kinetic En.   Total Energy  Conserved En.    Temperature
   -3.50401e+06    7.07669e+05   -2.79634e+06   -2.81330e+06    3.11007e+02
 Pressure (bar)   Constr. rmsd
    5.77139e+01    3.88684e-06

           Step           Time
           2900        5.80000

   Energies (kJ/mol)
           Bond          Angle    Proper Dih. Per. Imp. Dih.          LJ-14
    6.22194e+03    1.70554e+04    2.08772e+04    1.10431e+03    7.72501e+03
     Coulomb-14        LJ (SR)   Coulomb (SR)   Coul. recip. Position Rest.
    8.14428e+04    5.19132e+05   -4.18392e+06    2.50500e+04    1.96185e+03
      Potential    Kinetic En.   Total Energy  Conserved En.    Temperature
   -3.50335e+06    7.05516e+05   -2.79783e+06   -2.81355e+06    3.10061e+02
 Pressure (bar)   Constr. rmsd
    4.10252e+00    3.86773e-06

           Step           Time
           3000        6.00000

   Energies (kJ/mol)
           Bond          Angle    Proper Dih. Per. Imp. Dih.          LJ-14
    6.27171e+03    1.73256e+04    2.10435e+04    1.10819e+03    7.72404e+03
     Coulomb-14        LJ (SR)   Coulomb (SR)   Coul. recip. Position Rest.
    8.10789e+04    5.17746e+05   -4.18123e+06    2.50947e+04    1.97897e+03
      Potential    Kinetic En.   Total Energy  Conserved En.    Temperature
   -3.50186e+06    7.04140e+05   -2.79772e+06   -2.81356e+06    3.09456e+02
 Pressure (bar)   Constr. rmsd
   -4.71420e+01    3.75905e-06

           Step           Time
           3100        6.20000

   Energies (kJ/mol)
           Bond          Angle    Proper Dih. Per. Imp. Dih.          LJ-14
    6.31272e+03    1.69155e+04    2.10405e+04    1.07007e+03    7.69899e+03
     Coulomb-14        LJ (SR)   Coulomb (SR)   Coul. recip. Position Rest.
    8.11614e+04    5.20696e+05   -4.18644e+06    2.52289e+04    1.98655e+03
      Potential    Kinetic En.   Total Energy  Conserved En.    Temperature
   -3.50433e+06    7.05492e+05   -2.79884e+06   -2.81321e+06    3.10050e+02
 Pressure (bar)   Constr. rmsd
   -3.56879e+01    4.01936e-06

           Step           Time
           3200        6.40000

   Energies (kJ/mol)
           Bond          Angle    Proper Dih. Per. Imp. Dih.          LJ-14
    6.24893e+03    1.71371e+04    2.08589e+04    1.08973e+03    7.80437e+03
     Coulomb-14        LJ (SR)   Coulomb (SR)   Coul. recip. Position Rest.
    8.11492e+04    5.20719e+05   -4.18481e+06    2.51802e+04    2.09219e+03
      Potential    Kinetic En.   Total Energy  Conserved En.    Temperature
   -3.50253e+06    7.04442e+05   -2.79809e+06   -2.81319e+06    3.09589e+02
 Pressure (bar)   Constr. rmsd
    4.15800e+01    3.92662e-06

           Step           Time
           3300        6.60000

   Energies (kJ/mol)
           Bond          Angle    Proper Dih. Per. Imp. Dih.          LJ-14
    6.34343e+03    1.70965e+04    2.08920e+04    1.06285e+03    7.62958e+03
     Coulomb-14        LJ (SR)   Coulomb (SR)   Coul. recip. Position Rest.
    8.09161e+04    5.24811e+05   -4.19149e+06    2.51421e+04    2.00689e+03
      Potential    Kinetic En.   Total Energy  Conserved En.    Temperature
   -3.50559e+06    7.06056e+05   -2.79954e+06   -2.81318e+06    3.10298e+02
 Pressure (bar)   Constr. rmsd
    7.41822e+01    3.78097e-06

           Step           Time
           3400        6.80000

   Energies (kJ/mol)
           Bond          Angle    Proper Dih. Per. Imp. Dih.          LJ-14
    6.29499e+03    1.67308e+04    2.08419e+04    1.11796e+03    7.67437e+03
     Coulomb-14        LJ (SR)   Coulomb (SR)   Coul. recip. Position Rest.
    8.10932e+04    5.20613e+05   -4.19026e+06    2.49246e+04    2.02996e+03
      Potential    Kinetic En.   Total Energy  Conserved En.    Temperature
   -3.50894e+06    7.03965e+05   -2.80498e+06   -2.81341e+06    3.09380e+02
 Pressure (bar)   Constr. rmsd
   -8.01725e+01    3.82914e-06

           Step           Time
           3500        7.00000

   Energies (kJ/mol)
           Bond          Angle    Proper Dih. Per. Imp. Dih.          LJ-14
    6.15677e+03    1.71755e+04    2.08784e+04    1.09306e+03    7.63013e+03
     Coulomb-14        LJ (SR)   Coulomb (SR)   Coul. recip. Position Rest.
    8.08784e+04    5.26201e+05   -4.19464e+06    2.50895e+04    2.04899e+03
      Potential    Kinetic En.   Total Energy  Conserved En.    Temperature
   -3.50749e+06    7.04920e+05   -2.80257e+06   -2.81360e+06    3.09799e+02
 Pressure (bar)   Constr. rmsd
    7.13655e+01    3.88523e-06

           Step           Time
           3600        7.20000

   Energies (kJ/mol)
           Bond          Angle    Proper Dih. Per. Imp. Dih.          LJ-14
    6.10308e+03    1.72078e+04    2.09025e+04    1.09981e+03    7.82610e+03
     Coulomb-14        LJ (SR)   Coulomb (SR)   Coul. recip. Position Rest.
    8.12214e+04    5.22909e+05   -4.18927e+06    2.49002e+04    2.02833e+03
      Potential    Kinetic En.   Total Energy  Conserved En.    Temperature
   -3.50508e+06    7.05478e+05   -2.79960e+06   -2.81402e+06    3.10044e+02
 Pressure (bar)   Constr. rmsd
    2.80273e+01    3.87082e-06

           Step           Time
           3700        7.40000

   Energies (kJ/mol)
           Bond          Angle    Proper Dih. Per. Imp. Dih.          LJ-14
    6.00567e+03    1.72839e+04    2.09446e+04    1.09317e+03    7.71169e+03
     Coulomb-14        LJ (SR)   Coulomb (SR)   Coul. recip. Position Rest.
    8.05607e+04    5.21759e+05   -4.18795e+06    2.48983e+04    2.08907e+03
      Potential    Kinetic En.   Total Energy  Conserved En.    Temperature
   -3.50561e+06    7.05343e+05   -2.80026e+06   -2.81381e+06    3.09985e+02
 Pressure (bar)   Constr. rmsd
    3.12108e+01    3.92159e-06

           Step           Time
           3800        7.60000

   Energies (kJ/mol)
           Bond          Angle    Proper Dih. Per. Imp. Dih.          LJ-14
    6.07917e+03    1.72875e+04    2.08952e+04    1.06596e+03    7.81774e+03
     Coulomb-14        LJ (SR)   Coulomb (SR)   Coul. recip. Position Rest.
    8.11506e+04    5.24940e+05   -4.19050e+06    2.51830e+04    2.04237e+03
      Potential    Kinetic En.   Total Energy  Conserved En.    Temperature
   -3.50404e+06    7.07714e+05   -2.79633e+06   -2.81378e+06    3.11027e+02
 Pressure (bar)   Constr. rmsd
    1.08317e+02    4.00182e-06

           Step           Time
           3900        7.80000

   Energies (kJ/mol)
           Bond          Angle    Proper Dih. Per. Imp. Dih.          LJ-14
    6.05050e+03    1.71358e+04    2.09972e+04    1.06891e+03    7.64305e+03
     Coulomb-14        LJ (SR)   Coulomb (SR)   Coul. recip. Position Rest.
    8.11909e+04    5.22005e+05   -4.18674e+06    2.48664e+04    2.11364e+03
      Potential    Kinetic En.   Total Energy  Conserved En.    Temperature
   -3.50367e+06    7.05299e+05   -2.79837e+06   -2.81375e+06    3.09965e+02
 Pressure (bar)   Constr. rmsd
    3.58868e+01    3.88826e-06

           Step           Time
           4000        8.00000

   Energies (kJ/mol)
           Bond          Angle    Proper Dih. Per. Imp. Dih.          LJ-14
    6.07661e+03    1.70713e+04    2.08822e+04    1.03464e+03    7.71669e+03
     Coulomb-14        LJ (SR)   Coulomb (SR)   Coul. recip. Position Rest.
    8.10929e+04    5.25033e+05   -4.19137e+06    2.48554e+04    2.04988e+03
      Potential    Kinetic En.   Total Energy  Conserved En.    Temperature
   -3.50556e+06    7.04082e+05   -2.80148e+06   -2.81379e+06    3.09431e+02
 Pressure (bar)   Constr. rmsd
    6.53179e+01    3.87819e-06

           Step           Time
           4100        8.20000

   Energies (kJ/mol)
           Bond          Angle    Proper Dih. Per. Imp. Dih.          LJ-14
    6.04394e+03    1.65360e+04    2.08002e+04    1.07548e+03    7.76598e+03
     Coulomb-14        LJ (SR)   Coulomb (SR)   Coul. recip. Position Rest.
    8.08337e+04    5.24845e+05   -4.19084e+06    2.48938e+04    2.03317e+03
      Potential    Kinetic En.   Total Energy  Conserved En.    Temperature
   -3.50602e+06    7.00318e+05   -2.80570e+06   -2.81375e+06    3.07776e+02
 Pressure (bar)   Constr. rmsd
    8.87908e+01    3.81465e-06

           Step           Time
           4200        8.40000

   Energies (kJ/mol)
           Bond          Angle    Proper Dih. Per. Imp. Dih.          LJ-14
    6.05148e+03    1.68901e+04    2.09380e+04    1.06943e+03    7.74905e+03
     Coulomb-14        LJ (SR)   Coulomb (SR)   Coul. recip. Position Rest.
    8.10683e+04    5.17486e+05   -4.18522e+06    2.50882e+04    2.03760e+03
      Potential    Kinetic En.   Total Energy  Conserved En.    Temperature
   -3.50684e+06    7.01314e+05   -2.80553e+06   -2.81395e+06    3.08214e+02
 Pressure (bar)   Constr. rmsd
   -1.31694e+02    3.68144e-06

           Step           Time
           4300        8.60000

   Energies (kJ/mol)
           Bond          Angle    Proper Dih. Per. Imp. Dih.          LJ-14
    6.08958e+03    1.68864e+04    2.08250e+04    1.05041e+03    7.66441e+03
     Coulomb-14        LJ (SR)   Coulomb (SR)   Coul. recip. Position Rest.
    8.10711e+04    5.24810e+05   -4.19149e+06    2.50539e+04    2.06908e+03
      Potential    Kinetic En.   Total Energy  Conserved En.    Temperature
   -3.50597e+06    7.03594e+05   -2.80238e+06   -2.81375e+06    3.09216e+02
 Pressure (bar)   Constr. rmsd
    2.87543e+01    3.78513e-06

           Step           Time
           4400        8.80000

   Energies (kJ/mol)
           Bond          Angle    Proper Dih. Per. Imp. Dih.          LJ-14
    6.10653e+03    1.73139e+04    2.08741e+04    1.03568e+03    7.65944e+03
     Coulomb-14        LJ (SR)   Coulomb (SR)   Coul. recip. Position Rest.
    8.07578e+04    5.24111e+05   -4.19202e+06    2.50497e+04    2.08277e+03
      Potential    Kinetic En.   Total Energy  Conserved En.    Temperature
   -3.50703e+06    7.05550e+05   -2.80148e+06   -2.81368e+06    3.10076e+02
 Pressure (bar)   Constr. rmsd
    4.85614e+01    3.85376e-06

           Step           Time
           4500        9.00000

   Energies (kJ/mol)
           Bond          Angle    Proper Dih. Per. Imp. Dih.          LJ-14
    6.13356e+03    1.66278e+04    2.08336e+04    1.02965e+03    7.75643e+03
     Coulomb-14        LJ (SR)   Coulomb (SR)   Coul. recip. Position Rest.
    8.09862e+04    5.21816e+05   -4.18914e+06    2.50099e+04    1.99774e+03
      Potential    Kinetic En.   Total Energy  Conserved En.    Temperature
   -3.50695e+06    7.04669e+05   -2.80228e+06   -2.81388e+06    3.09689e+02
 Pressure (bar)   Constr. rmsd
   -3.96601e+00    3.91725e-06

           Step           Time
           4600        9.20000

   Energies (kJ/mol)
           Bond          Angle    Proper Dih. Per. Imp. Dih.          LJ-14
    6.12170e+03    1.72059e+04    2.10535e+04    1.04780e+03    7.68565e+03
     Coulomb-14        LJ (SR)   Coulomb (SR)   Coul. recip. Position Rest.
    8.11260e+04    5.22069e+05   -4.18478e+06    2.50585e+04    2.08165e+03
      Potential    Kinetic En.   Total Energy  Conserved En.    Temperature
   -3.50133e+06    7.02220e+05   -2.79911e+06   -2.81392e+06    3.08612e+02
 Pressure (bar)   Constr. rmsd
    3.77394e+01    3.85897e-06

           Step           Time
           4700        9.40000

   Energies (kJ/mol)
           Bond          Angle    Proper Dih. Per. Imp. Dih.          LJ-14
    6.16964e+03    1.72962e+04    2.10164e+04    1.08720e+03    7.62644e+03
     Coulomb-14        LJ (SR)   Coulomb (SR)   Coul. recip. Position Rest.
    8.08689e+04    5.21039e+05   -4.18232e+06    2.52786e+04    2.07481e+03
      Potential    Kinetic En.   Total Energy  Conserved En.    Temperature
   -3.49986e+06    7.04200e+05   -2.79566e+06   -2.81367e+06    3.09483e+02
 Pressure (bar)   Constr. rmsd
   -9.20031e+00    3.92162e-06

           Step           Time
           4800        9.60000

   Energies (kJ/mol)
           Bond          Angle    Proper Dih. Per. Imp. Dih.          LJ-14
    6.11770e+03    1.68924e+04    2.07835e+04    1.09224e+03    7.80764e+03
     Coulomb-14        LJ (SR)   Coulomb (SR)   Coul. recip. Position Rest.
    8.10157e+04    5.20738e+05   -4.18135e+06    2.52195e+04    2.07468e+03
      Potential    Kinetic En.   Total Energy  Conserved En.    Temperature
   -3.49961e+06    7.03950e+05   -2.79566e+06   -2.81364e+06    3.09373e+02
 Pressure (bar)   Constr. rmsd
    7.26101e+01    3.83488e-06

           Step           Time
           4900        9.80000

   Energies (kJ/mol)
           Bond          Angle    Proper Dih. Per. Imp. Dih.          LJ-14
    6.39293e+03    1.71591e+04    2.10025e+04    1.07421e+03    7.67960e+03
     Coulomb-14        LJ (SR)   Coulomb (SR)   Coul. recip. Position Rest.
    8.08805e+04    5.17014e+05   -4.18017e+06    2.46307e+04    2.07831e+03
      Potential    Kinetic En.   Total Energy  Conserved En.    Temperature
   -3.50226e+06    7.05736e+05   -2.79653e+06   -2.81363e+06    3.10157e+02
 Pressure (bar)   Constr. rmsd
   -1.02167e+02    3.93509e-06

           Step           Time
           5000       10.00000

   Energies (kJ/mol)
           Bond          Angle    Proper Dih. Per. Imp. Dih.          LJ-14
    5.98047e+03    1.69594e+04    2.09992e+04    1.06182e+03    7.80256e+03
     Coulomb-14        LJ (SR)   Coulomb (SR)   Coul. recip. Position Rest.
    8.11976e+04    5.20155e+05   -4.18416e+06    2.50919e+04    2.08166e+03
      Potential    Kinetic En.   Total Energy  Conserved En.    Temperature
   -3.50283e+06    7.04802e+05   -2.79803e+06   -2.81347e+06    3.09747e+02
 Pressure (bar)   Constr. rmsd
    1.59530e+01    3.98156e-06

           Step           Time
           5100       10.20000

   Energies (kJ/mol)
           Bond          Angle    Proper Dih. Per. Imp. Dih.          LJ-14
    6.43087e+03    1.73308e+04    2.08413e+04    1.04654e+03    7.66538e+03
     Coulomb-14        LJ (SR)   Coulomb (SR)   Coul. recip. Position Rest.
    8.11088e+04    5.18698e+05   -4.18218e+06    2.50369e+04    2.14146e+03
      Potential    Kinetic En.   Total Energy  Conserved En.    Temperature
   -3.50188e+06    7.06071e+05   -2.79581e+06   -2.81356e+06    3.10305e+02
 Pressure (bar)   Constr. rmsd
   -1.15529e+01    3.87083e-06

           Step           Time
           5200       10.40000

   Energies (kJ/mol)
           Bond          Angle    Proper Dih. Per. Imp. Dih.          LJ-14
    6.11995e+03    1.72951e+04    2.09304e+04    1.10234e+03    7.69044e+03
     Coulomb-14        LJ (SR)   Coulomb (SR)   Coul. recip. Position Rest.
    8.11571e+04    5.19933e+05   -4.18330e+06    2.50915e+04    2.00967e+03
      Potential    Kinetic En.   Total Energy  Conserved En.    Temperature
   -3.50197e+06    7.07182e+05   -2.79479e+06   -2.81359e+06    3.10793e+02
 Pressure (bar)   Constr. rmsd
   -2.22498e+01    4.02794e-06

           Step           Time
           5300       10.60000

   Energies (kJ/mol)
           Bond          Angle    Proper Dih. Per. Imp. Dih.          LJ-14
    6.23339e+03    1.74557e+04    2.07767e+04    1.06610e+03    7.73434e+03
     Coulomb-14        LJ (SR)   Coulomb (SR)   Coul. recip. Position Rest.
    8.09582e+04    5.19730e+05   -4.18189e+06    2.50643e+04    2.10659e+03
      Potential    Kinetic En.   Total Energy  Conserved En.    Temperature
   -3.50077e+06    7.07019e+05   -2.79375e+06   -2.81377e+06    3.10722e+02
 Pressure (bar)   Constr. rmsd
   -1.16699e+01    3.95698e-06

           Step           Time
           5400       10.80000

   Energies (kJ/mol)
           Bond          Angle    Proper Dih. Per. Imp. Dih.          LJ-14
    6.30197e+03    1.68885e+04    2.09367e+04    1.02652e+03    7.64382e+03
     Coulomb-14        LJ (SR)   Coulomb (SR)   Coul. recip. Position Rest.
    8.10909e+04    5.20798e+05   -4.18402e+06    2.51917e+04    2.06066e+03
      Potential    Kinetic En.   Total Energy  Conserved En.    Temperature
   -3.50208e+06    7.05977e+05   -2.79611e+06   -2.81354e+06    3.10263e+02
 Pressure (bar)   Constr. rmsd
   -2.64643e+01    4.15417e-06

           Step           Time
           5500       11.00000

   Energies (kJ/mol)
           Bond          Angle    Proper Dih. Per. Imp. Dih.          LJ-14
    6.49986e+03    1.70268e+04    2.09378e+04    1.02915e+03    7.60569e+03
     Coulomb-14        LJ (SR)   Coulomb (SR)   Coul. recip. Position Rest.
    8.10448e+04    5.19589e+05   -4.18151e+06    2.49750e+04    2.16765e+03
      Potential    Kinetic En.   Total Energy  Conserved En.    Temperature
   -3.50063e+06    7.10077e+05   -2.79055e+06   -2.81366e+06    3.12066e+02
 Pressure (bar)   Constr. rmsd
   -1.87434e+01    4.07324e-06

           Step           Time
           5600       11.20000

   Energies (kJ/mol)
           Bond          Angle    Proper Dih. Per. Imp. Dih.          LJ-14
    6.28565e+03    1.70875e+04    2.10679e+04    1.01053e+03    7.71764e+03
     Coulomb-14        LJ (SR)   Coulomb (SR)   Coul. recip. Position Rest.
    8.12990e+04    5.19472e+05   -4.18358e+06    2.51506e+04    1.98268e+03
      Potential    Kinetic En.   Total Energy  Conserved En.    Temperature
   -3.50251e+06    7.04889e+05   -2.79762e+06   -2.81342e+06    3.09786e+02
 Pressure (bar)   Constr. rmsd
   -2.99953e+01    3.78363e-06

           Step           Time
           5700       11.40000

   Energies (kJ/mol)
           Bond          Angle    Proper Dih. Per. Imp. Dih.          LJ-14
    6.30500e+03    1.72483e+04    2.09403e+04    1.06519e+03    7.84432e+03
     Coulomb-14        LJ (SR)   Coulomb (SR)   Coul. recip. Position Rest.
    8.11123e+04    5.18297e+05   -4.18065e+06    2.46857e+04    2.05090e+03
      Potential    Kinetic En.   Total Energy  Conserved En.    Temperature
   -3.50110e+06    7.06090e+05   -2.79501e+06   -2.81362e+06    3.10313e+02
 Pressure (bar)   Constr. rmsd
   -2.47024e+01    3.79069e-06

           Step           Time
           5800       11.60000

   Energies (kJ/mol)
           Bond          Angle    Proper Dih. Per. Imp. Dih.          LJ-14
    6.26431e+03    1.70250e+04    2.08318e+04    1.13642e+03    7.83461e+03
     Coulomb-14        LJ (SR)   Coulomb (SR)   Coul. recip. Position Rest.
    8.11334e+04    5.23398e+05   -4.18732e+06    2.51918e+04    2.08157e+03
      Potential    Kinetic En.   Total Energy  Conserved En.    Temperature
   -3.50243e+06    7.04400e+05   -2.79803e+06   -2.81372e+06    3.09570e+02
 Pressure (bar)   Constr. rmsd
    5.36270e+01    3.77271e-06

           Step           Time
           5900       11.80000

   Energies (kJ/mol)
           Bond          Angle    Proper Dih. Per. Imp. Dih.          LJ-14
    6.29859e+03    1.74344e+04    2.06651e+04    1.07794e+03    7.70371e+03
     Coulomb-14        LJ (SR)   Coulomb (SR)   Coul. recip. Position Rest.
    8.07264e+04    5.22989e+05   -4.18515e+06    2.52024e+04    2.02195e+03
      Potential    Kinetic En.   Total Energy  Conserved En.    Temperature
   -3.50103e+06    7.06613e+05   -2.79442e+06   -2.81362e+06    3.10543e+02
 Pressure (bar)   Constr. rmsd
    5.56091e+01    3.95065e-06

           Step           Time
           6000       12.00000

   Energies (kJ/mol)
           Bond          Angle    Proper Dih. Per. Imp. Dih.          LJ-14
    6.11680e+03    1.71501e+04    2.07832e+04    1.09369e+03    7.69156e+03
     Coulomb-14        LJ (SR)   Coulomb (SR)   Coul. recip. Position Rest.
    8.11810e+04    5.23386e+05   -4.18721e+06    2.49032e+04    2.06537e+03
      Potential    Kinetic En.   Total Energy  Conserved En.    Temperature
   -3.50284e+06    7.05120e+05   -2.79772e+06   -2.81370e+06    3.09887e+02
 Pressure (bar)   Constr. rmsd
    1.48064e+01    3.79709e-06

           Step           Time
           6100       12.20000

   Energies (kJ/mol)
           Bond          Angle    Proper Dih. Per. Imp. Dih.          LJ-14
    6.06763e+03    1.72857e+04    2.08212e+04    1.05813e+03    7.81894e+03
     Coulomb-14        LJ (SR)   Coulomb (SR)   Coul. recip. Position Rest.
    8.06611e+04    5.22903e+05   -4.18752e+06    2.50817e+04    2.20090e+03
      Potential    Kinetic En.   Total Energy  Conserved En.    Temperature
   -3.50362e+06    7.05483e+05   -2.79813e+06   -2.81410e+06    3.10047e+02
 Pressure (bar)   Constr. rmsd
    3.41939e+01    3.98227e-06

           Step           Time
           6200       12.40000

   Energies (kJ/mol)
           Bond          Angle    Proper Dih. Per. Imp. Dih.          LJ-14
    5.91304e+03    1.70548e+04    2.10510e+04    1.11630e+03    7.70514e+03
     Coulomb-14        LJ (SR)   Coulomb (SR)   Coul. recip. Position Rest.
    8.11662e+04    5.20358e+05   -4.18614e+06    2.53668e+04    1.98923e+03
      Potential    Kinetic En.   Total Energy  Conserved En.    Temperature
   -3.50442e+06    7.03988e+05   -2.80044e+06   -2.81436e+06    3.09389e+02
 Pressure (bar)   Constr. rmsd
   -9.69364e-01    3.85448e-06

           Step           Time
           6300       12.60000

   Energies (kJ/mol)
           Bond          Angle    Proper Dih. Per. Imp. Dih.          LJ-14
    6.36943e+03    1.69217e+04    2.09829e+04    1.13988e+03    7.55135e+03
     Coulomb-14        LJ (SR)   Coulomb (SR)   Coul. recip. Position Rest.
    8.07533e+04    5.19499e+05   -4.18333e+06    2.52665e+04    2.10533e+03
      Potential    Kinetic En.   Total Energy  Conserved En.    Temperature
   -3.50274e+06    7.04094e+05   -2.79865e+06   -2.81442e+06    3.09436e+02
 Pressure (bar)   Constr. rmsd
   -2.11443e+01    3.81484e-06

           Step           Time
           6400       12.80000

   Energies (kJ/mol)
           Bond          Angle    Proper Dih. Per. Imp. Dih.          LJ-14
    6.23722e+03    1.70565e+04    2.09523e+04    1.09882e+03    7.72267e+03
     Coulomb-14        LJ (SR)   Coulomb (SR)   Coul. recip. Position Rest.
    8.11954e+04    5.17499e+05   -4.17951e+06    2.50960e+04    2.07532e+03
      Potential    Kinetic En.   Total Energy  Conserved En.    Temperature
   -3.50057e+06    7.05609e+05   -2.79496e+06   -2.81445e+06    3.10102e+02
 Pressure (bar)   Constr. rmsd
   -6.01326e+01    3.85533e-06

           Step           Time
           6500       13.00000

   Energies (kJ/mol)
           Bond          Angle    Proper Dih. Per. Imp. Dih.          LJ-14
    6.25093e+03    1.72589e+04    2.10705e+04    1.09107e+03    7.79106e+03
     Coulomb-14        LJ (SR)   Coulomb (SR)   Coul. recip. Position Rest.
    8.09678e+04    5.20626e+05   -4.18190e+06    2.52105e+04    2.11024e+03
      Potential    Kinetic En.   Total Energy  Conserved En.    Temperature
   -3.49953e+06    7.07404e+05   -2.79212e+06   -2.81419e+06    3.10891e+02
 Pressure (bar)   Constr. rmsd
   -6.61140e-01    3.87826e-06

           Step           Time
           6600       13.20000

   Energies (kJ/mol)
           Bond          Angle    Proper Dih. Per. Imp. Dih.          LJ-14
    6.43364e+03    1.71054e+04    2.09339e+04    1.06418e+03    7.66184e+03
     Coulomb-14        LJ (SR)   Coulomb (SR)   Coul. recip. Position Rest.
    8.09175e+04    5.19642e+05   -4.18271e+06    2.52543e+04    2.04893e+03
      Potential    Kinetic En.   Total Energy  Conserved En.    Temperature
   -3.50164e+06    7.05835e+05   -2.79581e+06   -2.81389e+06    3.10201e+02
 Pressure (bar)   Constr. rmsd
   -8.97422e+00    3.80071e-06

           Step           Time
           6700       13.40000

   Energies (kJ/mol)
           Bond          Angle    Proper Dih. Per. Imp. Dih.          LJ-14
    6.26550e+03    1.67997e+04    2.08324e+04    1.05325e+03    7.67039e+03
     Coulomb-14        LJ (SR)   Coulomb (SR)   Coul. recip. Position Rest.
    8.12501e+04    5.20169e+05   -4.18137e+06    2.50110e+04    2.01443e+03
      Potential    Kinetic En.   Total Energy  Conserved En.    Temperature
   -3.50030e+06    7.05898e+05   -2.79441e+06   -2.81392e+06    3.10229e+02
 Pressure (bar)   Constr. rmsd
    2.46963e+01    3.86128e-06

           Step           Time
           6800       13.60000

   Energies (kJ/mol)
           Bond          Angle    Proper Dih. Per. Imp. Dih.          LJ-14
    6.09382e+03    1.73312e+04    2.09475e+04    1.14326e+03    7.65947e+03
     Coulomb-14        LJ (SR)   Coulomb (SR)   Coul. recip. Position Rest.
    8.10900e+04    5.19067e+05   -4.18058e+06    2.52061e+04    1.98873e+03
      Potential    Kinetic En.   Total Energy  Conserved En.    Temperature
   -3.50006e+06    7.05056e+05   -2.79500e+06   -2.81376e+06    3.09859e+02
 Pressure (bar)   Constr. rmsd
   -1.86953e+01    3.96135e-06

           Step           Time
           6900       13.80000

   Energies (kJ/mol)
           Bond          Angle    Proper Dih. Per. Imp. Dih.          LJ-14
    6.17007e+03    1.70254e+04    2.09013e+04    1.12758e+03    7.65351e+03
     Coulomb-14        LJ (SR)   Coulomb (SR)   Coul. recip. Position Rest.
    8.10802e+04    5.19242e+05   -4.17997e+06    2.53280e+04    2.05309e+03
      Potential    Kinetic En.   Total Energy  Conserved En.    Temperature
   -3.49939e+06    7.06958e+05   -2.79243e+06   -2.81380e+06    3.10695e+02
 Pressure (bar)   Constr. rmsd
   -4.84363e+01    3.89634e-06

           Step           Time
           7000       14.00000

   Energies (kJ/mol)
           Bond          Angle    Proper Dih. Per. Imp. Dih.          LJ-14
    6.03867e+03    1.70085e+04    2.10571e+04    1.07709e+03    7.71464e+03
     Coulomb-14        LJ (SR)   Coulomb (SR)   Coul. recip. Position Rest.
    8.14391e+04    5.21432e+05   -4.18341e+06    2.50859e+04    2.10883e+03
      Potential    Kinetic En.   Total Energy  Conserved En.    Temperature
   -3.50044e+06    7.06709e+05   -2.79373e+06   -2.81381e+06    3.10585e+02
 Pressure (bar)   Constr. rmsd
    2.37596e+01    3.98615e-06

           Step           Time
           7100       14.20000

   Energies (kJ/mol)
           Bond          Angle    Proper Dih. Per. Imp. Dih.          LJ-14
    5.99229e+03    1.69320e+04    2.08966e+04    1.09525e+03    7.79192e+03
     Coulomb-14        LJ (SR)   Coulomb (SR)   Coul. recip. Position Rest.
    8.13081e+04    5.20409e+05   -4.18393e+06    2.52321e+04    1.90068e+03
      Potential    Kinetic En.   Total Energy  Conserved En.    Temperature
   -3.50237e+06    7.03634e+05   -2.79874e+06   -2.81384e+06    3.09234e+02
 Pressure (bar)   Constr. rmsd
    2.28283e+01    3.89346e-06

           Step           Time
           7200       14.40000

   Energies (kJ/mol)
           Bond          Angle    Proper Dih. Per. Imp. Dih.          LJ-14
    6.11792e+03    1.71398e+04    2.08796e+04    1.15840e+03    7.72101e+03
     Coulomb-14        LJ (SR)   Coulomb (SR)   Coul. recip. Position Rest.
    8.11422e+04    5.18691e+05   -4.18310e+06    2.49857e+04    2.05776e+03
      Potential    Kinetic En.   Total Energy  Conserved En.    Temperature
   -3.50321e+06    7.06580e+05   -2.79663e+06   -2.81385e+06    3.10529e+02
 Pressure (bar)   Constr. rmsd
   -2.64703e+01    3.78770e-06

           Step           Time
           7300       14.60000

   Energies (kJ/mol)
           Bond          Angle    Proper Dih. Per. Imp. Dih.          LJ-14
    6.20168e+03    1.70349e+04    2.09983e+04    1.06303e+03    7.55974e+03
     Coulomb-14        LJ (SR)   Coulomb (SR)   Coul. recip. Position Rest.
    8.12253e+04    5.21754e+05   -4.18512e+06    2.51527e+04    2.04891e+03
      Potential    Kinetic En.   Total Energy  Conserved En.    Temperature
   -3.50208e+06    7.05699e+05   -2.79638e+06   -2.81380e+06    3.10141e+02
 Pressure (bar)   Constr. rmsd
   -1.18050e+01    3.91415e-06

           Step           Time
           7400       14.80000

   Energies (kJ/mol)
           Bond          Angle    Proper Dih. Per. Imp. Dih.          LJ-14
    6.25812e+03    1.69194e+04    2.08604e+04    1.05473e+03    7.73406e+03
     Coulomb-14        LJ (SR)   Coulomb (SR)   Coul. recip. Position Rest.
    8.08186e+04    5.20141e+05   -4.18388e+06    2.52345e+04    2.05438e+03
      Potential    Kinetic En.   Total Energy  Conserved En.    Temperature
   -3.50280e+06    7.04463e+05   -2.79834e+06   -2.81426e+06    3.09598e+02
 Pressure (bar)   Constr. rmsd
   -3.57908e-01    3.91228e-06

           Step           Time
           7500       15.00000

   Energies (kJ/mol)
           Bond          Angle    Proper Dih. Per. Imp. Dih.          LJ-14
    5.87119e+03    1.71809e+04    2.08992e+04    1.11616e+03    7.74942e+03
     Coulomb-14        LJ (SR)   Coulomb (SR)   Coul. recip. Position Rest.
    8.09719e+04    5.23843e+05   -4.19006e+06    2.52801e+04    1.94449e+03
      Potential    Kinetic En.   Total Energy  Conserved En.    Temperature
   -3.50520e+06    7.04978e+05   -2.80022e+06   -2.81435e+06    3.09825e+02
 Pressure (bar)   Constr. rmsd
    6.49284e+01    4.12752e-06

           Step           Time
           7600       15.20000

   Energies (kJ/mol)
           Bond          Angle    Proper Dih. Per. Imp. Dih.          LJ-14
    6.22631e+03    1.70363e+04    2.09880e+04    1.14155e+03    7.73691e+03
     Coulomb-14        LJ (SR)   Coulomb (SR)   Coul. recip. Position Rest.
    8.11565e+04    5.21895e+05   -4.18747e+06    2.50420e+04    1.97794e+03
      Potential    Kinetic En.   Total Energy  Conserved En.    Temperature
   -3.50427e+06    7.04118e+05   -2.80015e+06   -2.81412e+06    3.09447e+02
 Pressure (bar)   Constr. rmsd
   -4.34444e+01    3.79604e-06

           Step           Time
           7700       15.40000

   Energies (kJ/mol)
           Bond          Angle    Proper Dih. Per. Imp. Dih.          LJ-14
    6.33152e+03    1.71769e+04    2.06466e+04    1.05279e+03    7.68389e+03
     Coulomb-14        LJ (SR)   Coulomb (SR)   Coul. recip. Position Rest.
    8.07822e+04    5.18732e+05   -4.18193e+06    2.50420e+04    2.01678e+03
      Potential    Kinetic En.   Total Energy  Conserved En.    Temperature
   -3.50247e+06    7.04266e+05   -2.79820e+06   -2.81404e+06    3.09512e+02
 Pressure (bar)   Constr. rmsd
   -9.23337e+01    4.09080e-06

           Step           Time
           7800       15.60000

   Energies (kJ/mol)
           Bond          Angle    Proper Dih. Per. Imp. Dih.          LJ-14
    6.10274e+03    1.69360e+04    2.08391e+04    1.04403e+03    7.73470e+03
     Coulomb-14        LJ (SR)   Coulomb (SR)   Coul. recip. Position Rest.
    8.11185e+04    5.18435e+05   -4.18112e+06    2.52381e+04    2.04762e+03
      Potential    Kinetic En.   Total Energy  Conserved En.    Temperature
   -3.50163e+06    7.03260e+05   -2.79837e+06   -2.81418e+06    3.09069e+02
 Pressure (bar)   Constr. rmsd
   -5.45263e+01    3.87065e-06

           Step           Time
           7900       15.80000

   Energies (kJ/mol)
           Bond          Angle    Proper Dih. Per. Imp. Dih.          LJ-14
    6.22474e+03    1.69160e+04    2.08474e+04    1.06161e+03    7.79484e+03
     Coulomb-14        LJ (SR)   Coulomb (SR)   Coul. recip. Position Rest.
    8.10667e+04    5.20307e+05   -4.18497e+06    2.50945e+04    2.00332e+03
      Potential    Kinetic En.   Total Energy  Conserved En.    Temperature
   -3.50365e+06    7.06066e+05   -2.79759e+06   -2.81410e+06    3.10303e+02
 Pressure (bar)   Constr. rmsd
   -2.97258e+01    3.86862e-06

           Step           Time
           8000       16.00000

   Energies (kJ/mol)
           Bond          Angle    Proper Dih. Per. Imp. Dih.          LJ-14
    6.05422e+03    1.72204e+04    2.09479e+04    1.03796e+03    7.79019e+03
     Coulomb-14        LJ (SR)   Coulomb (SR)   Coul. recip. Position Rest.
    8.12471e+04    5.21024e+05   -4.18517e+06    2.53681e+04    2.08833e+03
      Potential    Kinetic En.   Total Energy  Conserved En.    Temperature
   -3.50239e+06    7.05064e+05   -2.79733e+06   -2.81383e+06    3.09862e+02
 Pressure (bar)   Constr. rmsd
    3.94788e+01    3.79962e-06

           Step           Time
           8100       16.20000

   Energies (kJ/mol)
           Bond          Angle    Proper Dih. Per. Imp. Dih.          LJ-14
    6.10876e+03    1.72722e+04    2.07429e+04    1.09855e+03    7.67940e+03
     Coulomb-14        LJ (SR)   Coulomb (SR)   Coul. recip. Position Rest.
    8.09351e+04    5.18843e+05   -4.18075e+06    2.52717e+04    2.14531e+03
      Potential    Kinetic En.   Total Energy  Conserved En.    Temperature
   -3.50065e+06    7.04529e+05   -2.79612e+06   -2.81386e+06    3.09627e+02
 Pressure (bar)   Constr. rmsd
   -6.50672e+01    3.95206e-06

           Step           Time
           8200       16.40000

   Energies (kJ/mol)
           Bond          Angle    Proper Dih. Per. Imp. Dih.          LJ-14
    6.20589e+03    1.72165e+04    2.08565e+04    1.00592e+03    7.78567e+03
     Coulomb-14        LJ (SR)   Coulomb (SR)   Coul. recip. Position Rest.
    8.08170e+04    5.21023e+05   -4.18463e+06    2.51161e+04    2.02270e+03
      Potential    Kinetic En.   Total Energy  Conserved En.    Temperature
   -3.50259e+06    7.05172e+05   -2.79741e+06   -2.81425e+06    3.09910e+02
 Pressure (bar)   Constr. rmsd
   -3.34415e+01    3.85253e-06

           Step           Time
           8300       16.60000

   Energies (kJ/mol)
           Bond          Angle    Proper Dih. Per. Imp. Dih.          LJ-14
    6.09887e+03    1.71001e+04    2.08505e+04    1.01263e+03    7.63819e+03
     Coulomb-14        LJ (SR)   Coulomb (SR)   Coul. recip. Position Rest.
    8.11429e+04    5.17212e+05   -4.17765e+06    2.49689e+04    2.17099e+03
      Potential    Kinetic En.   Total Energy  Conserved En.    Temperature
   -3.49946e+06    7.04715e+05   -2.79474e+06   -2.81401e+06    3.09709e+02
 Pressure (bar)   Constr. rmsd
   -1.08659e+02    3.99343e-06

           Step           Time
           8400       16.80000

   Energies (kJ/mol)
           Bond          Angle    Proper Dih. Per. Imp. Dih.          LJ-14
    6.14178e+03    1.73025e+04    2.08161e+04    1.03801e+03    7.65919e+03
     Coulomb-14        LJ (SR)   Coulomb (SR)   Coul. recip. Position Rest.
    8.11328e+04    5.17377e+05   -4.17692e+06    2.51741e+04    2.10776e+03
      Potential    Kinetic En.   Total Energy  Conserved En.    Temperature
   -3.49817e+06    7.05375e+05   -2.79279e+06   -2.81420e+06    3.09999e+02
 Pressure (bar)   Constr. rmsd
   -5.45389e+01    3.97343e-06

           Step           Time
           8500       17.00000

   Energies (kJ/mol)
           Bond          Angle    Proper Dih. Per. Imp. Dih.          LJ-14
    6.00981e+03    1.72244e+04    2.08850e+04    1.15583e+03    7.73800e+03
     Coulomb-14        LJ (SR)   Coulomb (SR)   Coul. recip. Position Rest.
    8.09082e+04    5.19075e+05   -4.18035e+06    2.49940e+04    2.07249e+03
      Potential    Kinetic En.   Total Energy  Conserved En.    Temperature
   -3.50028e+06    7.03320e+05   -2.79696e+06   -2.81399e+06    3.09096e+02
 Pressure (bar)   Constr. rmsd
    1.01719e+01    3.88527e-06

           Step           Time
           8600       17.20000

   Energies (kJ/mol)
           Bond          Angle    Proper Dih. Per. Imp. Dih.          LJ-14
    6.18543e+03    1.70614e+04    2.07953e+04    1.16311e+03    7.64383e+03
     Coulomb-14        LJ (SR)   Coulomb (SR)   Coul. recip. Position Rest.
    8.10982e+04    5.21325e+05   -4.18377e+06    2.52682e+04    2.12289e+03
      Potential    Kinetic En.   Total Energy  Conserved En.    Temperature
   -3.50110e+06    7.07048e+05   -2.79405e+06   -2.81396e+06    3.10734e+02
 Pressure (bar)   Constr. rmsd
    2.17490e+01    4.04253e-06

           Step           Time
           8700       17.40000

   Energies (kJ/mol)
           Bond          Angle    Proper Dih. Per. Imp. Dih.          LJ-14
    6.05842e+03    1.71308e+04    2.08493e+04    1.01084e+03    7.76068e+03
     Coulomb-14        LJ (SR)   Coulomb (SR)   Coul. recip. Position Rest.
    8.12755e+04    5.21253e+05   -4.18465e+06    2.52154e+04    2.02080e+03
      Potential    Kinetic En.   Total Energy  Conserved En.    Temperature
   -3.50207e+06    7.05374e+05   -2.79670e+06   -2.81389e+06    3.09999e+02
 Pressure (bar)   Constr. rmsd
    1.84471e+01    3.82961e-06

           Step           Time
           8800       17.60000

   Energies (kJ/mol)
           Bond          Angle    Proper Dih. Per. Imp. Dih.          LJ-14
    6.24976e+03    1.69266e+04    2.08153e+04    1.04955e+03    7.58243e+03
     Coulomb-14        LJ (SR)   Coulomb (SR)   Coul. recip. Position Rest.
    8.09956e+04    5.21746e+05   -4.18592e+06    2.51189e+04    2.10690e+03
      Potential    Kinetic En.   Total Energy  Conserved En.    Temperature
   -3.50333e+06    7.05795e+05   -2.79754e+06   -2.81381e+06    3.10183e+02
 Pressure (bar)   Constr. rmsd
   -8.16494e+00    4.02770e-06

           Step           Time
           8900       17.80000

   Energies (kJ/mol)
           Bond          Angle    Proper Dih. Per. Imp. Dih.          LJ-14
    6.34271e+03    1.67960e+04    2.08122e+04    1.00765e+03    7.86669e+03
     Coulomb-14        LJ (SR)   Coulomb (SR)   Coul. recip. Position Rest.
    8.09668e+04    5.21796e+05   -4.18677e+06    2.50787e+04    2.14656e+03
      Potential    Kinetic En.   Total Energy  Conserved En.    Temperature
   -3.50396e+06    7.03990e+05   -2.79997e+06   -2.81379e+06    3.09390e+02
 Pressure (bar)   Constr. rmsd
   -6.65923e+00    3.89704e-06

           Step           Time
           9000       18.00000

   Energies (kJ/mol)
           Bond          Angle    Proper Dih. Per. Imp. Dih.          LJ-14
    6.07651e+03    1.66720e+04    2.07446e+04    1.05223e+03    7.80602e+03
     Coulomb-14        LJ (SR)   Coulomb (SR)   Coul. recip. Position Rest.
    8.11102e+04    5.20712e+05   -4.18570e+06    2.49749e+04    2.04572e+03
      Potential    Kinetic En.   Total Energy  Conserved En.    Temperature
   -3.50450e+06    6.99814e+05   -2.80469e+06   -2.81392e+06    3.07555e+02
 Pressure (bar)   Constr. rmsd
   -1.31250e+01    3.78494e-06

           Step           Time
           9100       18.20000

   Energies (kJ/mol)
           Bond          Angle    Proper Dih. Per. Imp. Dih.          LJ-14
    6.02491e+03    1.68828e+04    2.09696e+04    1.13308e+03    7.74973e+03
     Coulomb-14        LJ (SR)   Coulomb (SR)   Coul. recip. Position Rest.
    8.09027e+04    5.19560e+05   -4.18406e+06    2.49993e+04    2.09203e+03
      Potential    Kinetic En.   Total Energy  Conserved En.    Temperature
   -3.50375e+06    7.04760e+05   -2.79899e+06   -2.81419e+06    3.09729e+02
 Pressure (bar)   Constr. rmsd
   -7.68560e+01    3.85225e-06

           Step           Time
           9200       18.40000

   Energies (kJ/mol)
           Bond          Angle    Proper Dih. Per. Imp. Dih.          LJ-14
    6.16857e+03    1.73328e+04    2.08490e+04    1.03967e+03    7.65625e+03
     Coulomb-14        LJ (SR)   Coulomb (SR)   Coul. recip. Position Rest.
    8.09385e+04    5.20008e+05   -4.18376e+06    2.52874e+04    2.09763e+03
      Potential    Kinetic En.   Total Energy  Conserved En.    Temperature
   -3.50239e+06    7.06991e+05   -2.79540e+06   -2.81400e+06    3.10709e+02
 Pressure (bar)   Constr. rmsd
   -2.64065e+01    3.83931e-06

           Step           Time
           9300       18.60000

   Energies (kJ/mol)
           Bond          Angle    Proper Dih. Per. Imp. Dih.          LJ-14
    6.20626e+03    1.69156e+04    2.09152e+04    1.16082e+03    7.76911e+03
     Coulomb-14        LJ (SR)   Coulomb (SR)   Coul. recip. Position Rest.
    8.08595e+04    5.18283e+05   -4.18173e+06    2.50112e+04    2.13986e+03
      Potential    Kinetic En.   Total Energy  Conserved En.    Temperature
   -3.50246e+06    7.05724e+05   -2.79674e+06   -2.81411e+06    3.10152e+02
 Pressure (bar)   Constr. rmsd
   -1.05994e+02    3.75271e-06

           Step           Time
           9400       18.80000

   Energies (kJ/mol)
           Bond          Angle    Proper Dih. Per. Imp. Dih.          LJ-14
    6.22834e+03    1.73065e+04    2.09202e+04    1.02405e+03    7.70131e+03
     Coulomb-14        LJ (SR)   Coulomb (SR)   Coul. recip. Position Rest.
    8.09660e+04    5.21172e+05   -4.18433e+06    2.50399e+04    2.06694e+03
      Potential    Kinetic En.   Total Energy  Conserved En.    Temperature
   -3.50191e+06    7.08674e+05   -2.79323e+06   -2.81387e+06    3.11449e+02
 Pressure (bar)   Constr. rmsd
   -2.16228e+01    3.67095e-06

           Step           Time
           9500       19.00000

   Energies (kJ/mol)
           Bond          Angle    Proper Dih. Per. Imp. Dih.          LJ-14
    6.06451e+03    1.70165e+04    2.09736e+04    1.05553e+03    7.75076e+03
     Coulomb-14        LJ (SR)   Coulomb (SR)   Coul. recip. Position Rest.
    8.11909e+04    5.18665e+05   -4.18217e+06    2.49685e+04    2.08589e+03
      Potential    Kinetic En.   Total Energy  Conserved En.    Temperature
   -3.50240e+06    7.06432e+05   -2.79597e+06   -2.81401e+06    3.10464e+02
 Pressure (bar)   Constr. rmsd
   -1.87973e+01    3.99832e-06

           Step           Time
           9600       19.20000

   Energies (kJ/mol)
           Bond          Angle    Proper Dih. Per. Imp. Dih.          LJ-14
    6.21355e+03    1.72039e+04    2.09823e+04    1.15341e+03    7.84475e+03
     Coulomb-14        LJ (SR)   Coulomb (SR)   Coul. recip. Position Rest.
    8.08567e+04    5.20312e+05   -4.18212e+06    2.51676e+04    2.18816e+03
      Potential    Kinetic En.   Total Energy  Conserved En.    Temperature
   -3.50020e+06    7.05359e+05   -2.79484e+06   -2.81406e+06    3.09992e+02
 Pressure (bar)   Constr. rmsd
   -3.64930e+01    3.73517e-06

           Step           Time
           9700       19.40000

   Energies (kJ/mol)
           Bond          Angle    Proper Dih. Per. Imp. Dih.          LJ-14
    6.08920e+03    1.70616e+04    2.10245e+04    1.09596e+03    7.84057e+03
     Coulomb-14        LJ (SR)   Coulomb (SR)   Coul. recip. Position Rest.
    8.11155e+04    5.19537e+05   -4.18192e+06    2.52947e+04    2.04959e+03
      Potential    Kinetic En.   Total Energy  Conserved En.    Temperature
   -3.50081e+06    7.04011e+05   -2.79680e+06   -2.81400e+06    3.09399e+02
 Pressure (bar)   Constr. rmsd
    1.90404e+01    3.87243e-06

           Step           Time
           9800       19.60000

   Energies (kJ/mol)
           Bond          Angle    Proper Dih. Per. Imp. Dih.          LJ-14
    6.12787e+03    1.69642e+04    2.09554e+04    1.08442e+03    7.84554e+03
     Coulomb-14        LJ (SR)   Coulomb (SR)   Coul. recip. Position Rest.
    8.10597e+04    5.23201e+05   -4.18745e+06    2.48698e+04    2.11793e+03
      Potential    Kinetic En.   Total Energy  Conserved En.    Temperature
   -3.50323e+06    7.06071e+05   -2.79716e+06   -2.81407e+06    3.10305e+02
 Pressure (bar)   Constr. rmsd
    1.39876e+01    3.94126e-06

           Step           Time
           9900       19.80000

   Energies (kJ/mol)
           Bond          Angle    Proper Dih. Per. Imp. Dih.          LJ-14
    6.05550e+03    1.71127e+04    2.07640e+04    1.11369e+03    7.69057e+03
     Coulomb-14        LJ (SR)   Coulomb (SR)   Coul. recip. Position Rest.
    8.08719e+04    5.20059e+05   -4.18518e+06    2.49088e+04    2.09499e+03
      Potential    Kinetic En.   Total Energy  Conserved En.    Temperature
   -3.50451e+06    7.04852e+05   -2.79966e+06   -2.81407e+06    3.09769e+02
 Pressure (bar)   Constr. rmsd
   -5.49836e+01    3.80210e-06

           Step           Time
          10000       20.00000

   Energies (kJ/mol)
           Bond          Angle    Proper Dih. Per. Imp. Dih.          LJ-14
    6.00277e+03    1.71998e+04    2.08986e+04    1.07820e+03    7.63457e+03
     Coulomb-14        LJ (SR)   Coulomb (SR)   Coul. recip. Position Rest.
    8.08683e+04    5.20987e+05   -4.18462e+06    2.49729e+04    2.08496e+03
      Potential    Kinetic En.   Total Energy  Conserved En.    Temperature
   -3.50290e+06    7.02705e+05   -2.80019e+06   -2.81418e+06    3.08826e+02
 Pressure (bar)   Constr. rmsd
    1.66723e+01    3.85429e-06

           Step           Time
          10100       20.20000

   Energies (kJ/mol)
           Bond          Angle    Proper Dih. Per. Imp. Dih.          LJ-14
    6.01456e+03    1.70560e+04    2.10676e+04    1.11244e+03    7.68718e+03
     Coulomb-14        LJ (SR)   Coulomb (SR)   Coul. recip. Position Rest.
    8.07023e+04    5.22079e+05   -4.18582e+06    2.51025e+04    2.05357e+03
      Potential    Kinetic En.   Total Energy  Conserved En.    Temperature
   -3.50295e+06    7.04370e+05   -2.79858e+06   -2.81399e+06    3.09557e+02
 Pressure (bar)   Constr. rmsd
    3.75857e+01    3.82036e-06

           Step           Time
          10200       20.40000

   Energies (kJ/mol)
           Bond          Angle    Proper Dih. Per. Imp. Dih.          LJ-14
    6.16489e+03    1.69279e+04    2.10142e+04    1.10811e+03    7.79767e+03
     Coulomb-14        LJ (SR)   Coulomb (SR)   Coul. recip. Position Rest.
    8.09866e+04    5.22143e+05   -4.18356e+06    2.53902e+04    2.17317e+03
      Potential    Kinetic En.   Total Energy  Conserved En.    Temperature
   -3.49985e+06    7.05594e+05   -2.79426e+06   -2.81423e+06    3.10095e+02
 Pressure (bar)   Constr. rmsd
    1.17451e+01    3.84476e-06

           Step           Time
          10300       20.60000

   Energies (kJ/mol)
           Bond          Angle    Proper Dih. Per. Imp. Dih.          LJ-14
    6.13218e+03    1.70881e+04    2.10140e+04    1.10924e+03    7.63472e+03
     Coulomb-14        LJ (SR)   Coulomb (SR)   Coul. recip. Position Rest.
    8.10775e+04    5.20368e+05   -4.18284e+06    2.47071e+04    2.08328e+03
      Potential    Kinetic En.   Total Energy  Conserved En.    Temperature
   -3.50162e+06    7.07592e+05   -2.79403e+06   -2.81388e+06    3.10973e+02
 Pressure (bar)   Constr. rmsd
   -1.04913e+01    3.80092e-06

           Step           Time
          10400       20.80000

   Energies (kJ/mol)
           Bond          Angle    Proper Dih. Per. Imp. Dih.          LJ-14
    6.18645e+03    1.72305e+04    2.08519e+04    1.09749e+03    7.67650e+03
     Coulomb-14        LJ (SR)   Coulomb (SR)   Coul. recip. Position Rest.
    8.08165e+04    5.19964e+05   -4.18185e+06    2.51739e+04    2.17762e+03
      Potential    Kinetic En.   Total Energy  Conserved En.    Temperature
   -3.50068e+06    7.06294e+05   -2.79438e+06   -2.81399e+06    3.10403e+02
 Pressure (bar)   Constr. rmsd
   -1.28868e+01    3.93297e-06

           Step           Time
          10500       21.00000

   Energies (kJ/mol)
           Bond          Angle    Proper Dih. Per. Imp. Dih.          LJ-14
    6.16731e+03    1.70083e+04    2.10222e+04    1.05681e+03    7.68201e+03
     Coulomb-14        LJ (SR)   Coulomb (SR)   Coul. recip. Position Rest.
    8.10369e+04    5.20836e+05   -4.18344e+06    2.50949e+04    2.06256e+03
      Potential    Kinetic En.   Total Energy  Conserved En.    Temperature
   -3.50148e+06    7.04022e+05   -2.79745e+06   -2.81374e+06    3.09404e+02
 Pressure (bar)   Constr. rmsd
   -9.87698e+00    3.83879e-06

           Step           Time
          10600       21.20000

   Energies (kJ/mol)
           Bond          Angle    Proper Dih. Per. Imp. Dih.          LJ-14
    6.17779e+03    1.69462e+04    2.08089e+04    1.15542e+03    7.70181e+03
     Coulomb-14        LJ (SR)   Coulomb (SR)   Coul. recip. Position Rest.
    8.09002e+04    5.22232e+05   -4.18479e+06    2.53109e+04    2.09671e+03
      Potential    Kinetic En.   Total Energy  Conserved En.    Temperature
   -3.50146e+06    7.06924e+05   -2.79454e+06   -2.81395e+06    3.10680e+02
 Pressure (bar)   Constr. rmsd
    2.91728e+01    3.78060e-06

           Step           Time
          10700       21.40000

   Energies (kJ/mol)
           Bond          Angle    Proper Dih. Per. Imp. Dih.          LJ-14
    6.36284e+03    1.72189e+04    2.08788e+04    1.04127e+03    7.69988e+03
     Coulomb-14        LJ (SR)   Coulomb (SR)   Coul. recip. Position Rest.
    8.09218e+04    5.19414e+05   -4.18022e+06    2.48412e+04    2.11216e+03
      Potential    Kinetic En.   Total Energy  Conserved En.    Temperature
   -3.49973e+06    7.05361e+05   -2.79437e+06   -2.81412e+06    3.09993e+02
 Pressure (bar)   Constr. rmsd
   -3.53741e+01    3.92965e-06

           Step           Time
          10800       21.60000

   Energies (kJ/mol)
           Bond          Angle    Proper Dih. Per. Imp. Dih.          LJ-14
    6.22500e+03    1.71744e+04    2.10300e+04    1.02552e+03    7.87105e+03
     Coulomb-14        LJ (SR)   Coulomb (SR)   Coul. recip. Position Rest.
    8.07784e+04    5.20295e+05   -4.18178e+06    2.53352e+04    2.03652e+03
      Potential    Kinetic En.   Total Energy  Conserved En.    Temperature
   -3.50001e+06    7.04891e+05   -2.79512e+06   -2.81384e+06    3.09786e+02
 Pressure (bar)   Constr. rmsd
    2.00668e+01    3.74793e-06

           Step           Time
          10900       21.80000

   Energies (kJ/mol)
           Bond          Angle    Proper Dih. Per. Imp. Dih.          LJ-14
    6.08431e+03    1.67228e+04    2.10697e+04    1.17896e+03    7.71335e+03
     Coulomb-14        LJ (SR)   Coulomb (SR)   Coul. recip. Position Rest.
    8.09229e+04    5.21524e+05   -4.18517e+06    2.52458e+04    2.16428e+03
      Potential    Kinetic En.   Total Energy  Conserved En.    Temperature
   -3.50254e+06    7.01712e+05   -2.80083e+06   -2.81378e+06    3.08389e+02
 Pressure (bar)   Constr. rmsd
   -1.68718e+01    3.81076e-06

           Step           Time
          11000       22.00000

   Energies (kJ/mol)
           Bond          Angle    Proper Dih. Per. Imp. Dih.          LJ-14
    5.91383e+03    1.69277e+04    2.10258e+04    1.07174e+03    7.63974e+03
     Coulomb-14        LJ (SR)   Coulomb (SR)   Coul. recip. Position Rest.
    8.08026e+04    5.20419e+05   -4.18562e+06    2.51400e+04    2.00996e+03
      Potential    Kinetic En.   Total Energy  Conserved En.    Temperature
   -3.50466e+06    7.03737e+05   -2.80093e+06   -2.81350e+06    3.09279e+02
 Pressure (bar)   Constr. rmsd
    3.70572e-02    3.93725e-06

           Step           Time
          11100       22.20000

   Energies (kJ/mol)
           Bond          Angle    Proper Dih. Per. Imp. Dih.          LJ-14
    6.17245e+03    1.75535e+04    2.08468e+04    1.04957e+03    7.68440e+03
     Coulomb-14        LJ (SR)   Coulomb (SR)   Coul. recip. Position Rest.
    8.09714e+04    5.21816e+05   -4.18390e+06    2.48894e+04    2.09531e+03
      Potential    Kinetic En.   Total Energy  Conserved En.    Temperature
   -3.50082e+06    7.04541e+05   -2.79628e+06   -2.81362e+06    3.09632e+02
 Pressure (bar)   Constr. rmsd
    1.92654e+01    4.00271e-06

           Step           Time
          11200       22.40000

   Energies (kJ/mol)
           Bond          Angle    Proper Dih. Per. Imp. Dih.          LJ-14
    6.07335e+03    1.74284e+04    2.09871e+04    1.07172e+03    7.75924e+03
     Coulomb-14        LJ (SR)   Coulomb (SR)   Coul. recip. Position Rest.
    8.12555e+04    5.21440e+05   -4.18446e+06    2.50758e+04    2.05282e+03
      Potential    Kinetic En.   Total Energy  Conserved En.    Temperature
   -3.50131e+06    7.05429e+05   -2.79588e+06   -2.81366e+06    3.10023e+02
 Pressure (bar)   Constr. rmsd
    5.25641e+01    3.76272e-06

           Step           Time
          11300       22.60000

   Energies (kJ/mol)
           Bond          Angle    Proper Dih. Per. Imp. Dih.          LJ-14
    6.24120e+03    1.72586e+04    2.08900e+04    1.17305e+03    7.58119e+03
     Coulomb-14        LJ (SR)   Coulomb (SR)   Coul. recip. Position Rest.
    8.08676e+04    5.20376e+05   -4.18285e+06    2.51674e+04    2.03823e+03
      Potential    Kinetic En.   Total Energy  Conserved En.    Temperature
   -3.50125e+06    7.03300e+05   -2.79795e+06   -2.81344e+06    3.09087e+02
 Pressure (bar)   Constr. rmsd
   -1.32623e+01    3.93757e-06

           Step           Time
          11400       22.80000

   Energies (kJ/mol)
           Bond          Angle    Proper Dih. Per. Imp. Dih.          LJ-14
    6.17254e+03    1.67979e+04    2.09817e+04    1.09549e+03    7.79061e+03
     Coulomb-14        LJ (SR)   Coulomb (SR)   Coul. recip. Position Rest.
    8.10442e+04    5.24712e+05   -4.19073e+06    2.51713e+04    2.08213e+03
      Potential    Kinetic En.   Total Energy  Conserved En.    Temperature
   -3.50488e+06    7.06522e+05   -2.79836e+06   -2.81351e+06    3.10503e+02
 Pressure (bar)   Constr. rmsd
    8.07087e+01    3.85427e-06

           Step           Time
          11500       23.00000

   Energies (kJ/mol)
           Bond          Angle    Proper Dih. Per. Imp. Dih.          LJ-14
    6.20322e+03    1.72880e+04    2.08604e+04    1.04590e+03    7.71351e+03
     Coulomb-14        LJ (SR)   Coulomb (SR)   Coul. recip. Position Rest.
    8.08324e+04    5.21721e+05   -4.18677e+06    2.48758e+04    2.04372e+03
      Potential    Kinetic En.   Total Energy  Conserved En.    Temperature
   -3.50418e+06    7.04450e+05   -2.79973e+06   -2.81357e+06    3.09592e+02
 Pressure (bar)   Constr. rmsd
    1.32984e+01    3.76850e-06

           Step           Time
          11600       23.20000

   Energies (kJ/mol)
           Bond          Angle    Proper Dih. Per. Imp. Dih.          LJ-14
    6.36047e+03    1.70537e+04    2.07731e+04    1.02652e+03    7.47580e+03
     Coulomb-14        LJ (SR)   Coulomb (SR)   Coul. recip. Position Rest.
    8.07949e+04    5.21759e+05   -4.18757e+06    2.50638e+04    2.05209e+03
      Potential    Kinetic En.   Total Energy  Conserved En.    Temperature
   -3.50522e+06    7.06933e+05   -2.79828e+06   -2.81364e+06    3.10684e+02
 Pressure (bar)   Constr. rmsd
   -3.72156e+01    4.00283e-06

           Step           Time
          11700       23.40000

   Energies (kJ/mol)
           Bond          Angle    Proper Dih. Per. Imp. Dih.          LJ-14
    6.32214e+03    1.70092e+04    2.10679e+04    1.02619e+03    7.69653e+03
     Coulomb-14        LJ (SR)   Coulomb (SR)   Coul. recip. Position Rest.
    8.11835e+04    5.19115e+05   -4.18194e+06    2.51978e+04    2.06552e+03
      Potential    Kinetic En.   Total Energy  Conserved En.    Temperature
   -3.50125e+06    7.05566e+05   -2.79569e+06   -2.81357e+06    3.10083e+02
 Pressure (bar)   Constr. rmsd
    1.36015e+00    3.71535e-06

           Step           Time
          11800       23.60000

   Energies (kJ/mol)
           Bond          Angle    Proper Dih. Per. Imp. Dih.          LJ-14
    6.19158e+03    1.70711e+04    2.08662e+04    1.09465e+03    7.76976e+03
     Coulomb-14        LJ (SR)   Coulomb (SR)   Coul. recip. Position Rest.
    8.12984e+04    5.21980e+05   -4.18235e+06    2.52736e+04    2.15536e+03
      Potential    Kinetic En.   Total Energy  Conserved En.    Temperature
   -3.49865e+06    7.04486e+05   -2.79417e+06   -2.81362e+06    3.09608e+02
 Pressure (bar)   Constr. rmsd
    8.07750e+01    3.98581e-06

           Step           Time
          11900       23.80000

   Energies (kJ/mol)
           Bond          Angle    Proper Dih. Per. Imp. Dih.          LJ-14
    6.12195e+03    1.67602e+04    2.09315e+04    1.05959e+03    7.84528e+03
     Coulomb-14        LJ (SR)   Coulomb (SR)   Coul. recip. Position Rest.
    8.10680e+04    5.18992e+05   -4.18334e+06    2.52150e+04    2.11042e+03
      Potential    Kinetic En.   Total Energy  Conserved En.    Temperature
   -3.50324e+06    7.03691e+05   -2.79954e+06   -2.81357e+06    3.09259e+02
 Pressure (bar)   Constr. rmsd
   -2.07450e+00    4.08182e-06

           Step           Time
          12000       24.00000

   Energies (kJ/mol)
           Bond          Angle    Proper Dih. Per. Imp. Dih.          LJ-14
    6.16778e+03    1.68440e+04    2.08504e+04    1.05831e+03    7.60343e+03
     Coulomb-14        LJ (SR)   Coulomb (SR)   Coul. recip. Position Rest.
    8.09556e+04    5.18018e+05   -4.18344e+06    2.49560e+04    2.02455e+03
      Potential    Kinetic En.   Total Energy  Conserved En.    Temperature
   -3.50497e+06    7.03517e+05   -2.80145e+06   -2.81355e+06    3.09183e+02
 Pressure (bar)   Constr. rmsd
   -5.83698e+01    4.01627e-06

           Step           Time
          12100       24.20000

   Energies (kJ/mol)
           Bond          Angle    Proper Dih. Per. Imp. Dih.          LJ-14
    6.44441e+03    1.66462e+04    2.08627e+04    1.15842e+03    7.72028e+03
     Coulomb-14        LJ (SR)   Coulomb (SR)   Coul. recip. Position Rest.
    8.11848e+04    5.21440e+05   -4.18724e+06    2.48536e+04    2.08726e+03
      Potential    Kinetic En.   Total Energy  Conserved En.    Temperature
   -3.50485e+06    7.06157e+05   -2.79869e+06   -2.81360e+06    3.10343e+02
 Pressure (bar)   Constr. rmsd
   -2.18610e+01    3.90276e-06

           Step           Time
          12200       24.40000

   Energies (kJ/mol)
           Bond          Angle    Proper Dih. Per. Imp. Dih.          LJ-14
    6.28278e+03    1.69293e+04    2.08180e+04    1.12157e+03    7.78526e+03
     Coulomb-14        LJ (SR)   Coulomb (SR)   Coul. recip. Position Rest.
    8.12015e+04    5.23144e+05   -4.18843e+06    2.51574e+04    2.04130e+03
      Potential    Kinetic En.   Total Energy  Conserved En.    Temperature
   -3.50395e+06    7.04983e+05   -2.79897e+06   -2.81343e+06    3.09827e+02
 Pressure (bar)   Constr. rmsd
    1.38358e+01    3.85842e-06

           Step           Time
          12300       24.60000

   Energies (kJ/mol)
           Bond          Angle    Proper Dih. Per. Imp. Dih.          LJ-14
    6.30290e+03    1.70695e+04    2.08351e+04    1.05538e+03    7.78403e+03
     Coulomb-14        LJ (SR)   Coulomb (SR)   Coul. recip. Position Rest.
    8.11124e+04    5.19051e+05   -4.18310e+06    2.50618e+04    1.99571e+03
      Potential    Kinetic En.   Total Energy  Conserved En.    Temperature
   -3.50284e+06    7.06386e+05   -2.79645e+06   -2.81372e+06    3.10443e+02
 Pressure (bar)   Constr. rmsd
   -4.59826e+01    3.82761e-06

           Step           Time
          12400       24.80000

   Energies (kJ/mol)
           Bond          Angle    Proper Dih. Per. Imp. Dih.          LJ-14
    6.34597e+03    1.71388e+04    2.10431e+04    1.04671e+03    7.58194e+03
     Coulomb-14        LJ (SR)   Coulomb (SR)   Coul. recip. Position Rest.
    8.07415e+04    5.20177e+05   -4.18430e+06    2.51386e+04    2.05092e+03
      Potential    Kinetic En.   Total Energy  Conserved En.    Temperature
   -3.50304e+06    7.04860e+05   -2.79818e+06   -2.81368e+06    3.09773e+02
 Pressure (bar)   Constr. rmsd
   -2.30107e+01    3.92339e-06

           Step           Time
          12500       25.00000

   Energies (kJ/mol)
           Bond          Angle    Proper Dih. Per. Imp. Dih.          LJ-14
    6.20246e+03    1.71932e+04    2.09489e+04    1.02754e+03    7.78907e+03
     Coulomb-14        LJ (SR)   Coulomb (SR)   Coul. recip. Position Rest.
    8.07296e+04    5.18229e+05   -4.17948e+06    2.52401e+04    2.01545e+03
      Potential    Kinetic En.   Total Energy  Conserved En.    Temperature
   -3.50011e+06    7.05384e+05   -2.79472e+06   -2.81383e+06    3.10003e+02
 Pressure (bar)   Constr. rmsd
    2.51878e+00    3.85091e-06

           Step           Time
          12600       25.20000

   Energies (kJ/mol)
           Bond          Angle    Proper Dih. Per. Imp. Dih.          LJ-14
    6.22543e+03    1.70266e+04    2.10954e+04    1.09466e+03    7.72856e+03
     Coulomb-14        LJ (SR)   Coulomb (SR)   Coul. recip. Position Rest.
    8.09280e+04    5.18636e+05   -4.17945e+06    2.54539e+04    2.05838e+03
      Potential    Kinetic En.   Total Energy  Conserved En.    Temperature
   -3.49921e+06    7.05578e+05   -2.79363e+06   -2.81394e+06    3.10088e+02
 Pressure (bar)   Constr. rmsd
   -2.79004e+01    3.78059e-06

           Step           Time
          12700       25.40000

   Energies (kJ/mol)
           Bond          Angle    Proper Dih. Per. Imp. Dih.          LJ-14
    6.25972e+03    1.70296e+04    2.09315e+04    1.03993e+03    7.68884e+03
     Coulomb-14        LJ (SR)   Coulomb (SR)   Coul. recip. Position Rest.
    8.06916e+04    5.19971e+05   -4.18100e+06    2.49908e+04    1.97861e+03
      Potential    Kinetic En.   Total Energy  Conserved En.    Temperature
   -3.50042e+06    7.04574e+05   -2.79584e+06   -2.81382e+06    3.09647e+02
 Pressure (bar)   Constr. rmsd
   -1.43135e+01    3.95127e-06

           Step           Time
          12800       25.60000

   Energies (kJ/mol)
           Bond          Angle    Proper Dih. Per. Imp. Dih.          LJ-14
    6.14421e+03    1.73458e+04    2.09157e+04    1.06603e+03    7.74899e+03
     Coulomb-14        LJ (SR)   Coulomb (SR)   Coul. recip. Position Rest.
    8.11842e+04    5.21202e+05   -4.18072e+06    2.51913e+04    2.08800e+03
      Potential    Kinetic En.   Total Energy  Conserved En.    Temperature
   -3.49783e+06    7.06571e+05   -2.79126e+06   -2.81402e+06    3.10525e+02
 Pressure (bar)   Constr. rmsd
    4.79619e+01    3.90381e-06

           Step           Time
          12900       25.80000

   Energies (kJ/mol)
           Bond          Angle    Proper Dih. Per. Imp. Dih.          LJ-14
    6.12777e+03    1.70303e+04    2.10333e+04    1.13340e+03    7.83380e+03
     Coulomb-14        LJ (SR)   Coulomb (SR)   Coul. recip. Position Rest.
    8.08596e+04    5.19544e+05   -4.17737e+06    2.53007e+04    2.02981e+03
      Potential    Kinetic En.   Total Energy  Conserved En.    Temperature
   -3.49647e+06    7.05173e+05   -2.79130e+06   -2.81404e+06    3.09910e+02
 Pressure (bar)   Constr. rmsd
    2.74614e+01    3.95859e-06

           Step           Time
          13000       26.00000

   Energies (kJ/mol)
           Bond          Angle    Proper Dih. Per. Imp. Dih.          LJ-14
    6.23921e+03    1.72830e+04    2.09167e+04    1.03796e+03    7.70283e+03
     Coulomb-14        LJ (SR)   Coulomb (SR)   Coul. recip. Position Rest.
    8.07276e+04    5.22212e+05   -4.18427e+06    2.51011e+04    1.97637e+03
      Potential    Kinetic En.   Total Energy  Conserved En.    Temperature
   -3.50107e+06    7.08187e+05   -2.79288e+06   -2.81405e+06    3.11235e+02
 Pressure (bar)   Constr. rmsd
    3.30638e+01    4.04574e-06

           Step           Time
          13100       26.20000

   Energies (kJ/mol)
           Bond          Angle    Proper Dih. Per. Imp. Dih.          LJ-14
    6.09615e+03    1.70974e+04    2.08463e+04    1.04451e+03    7.67175e+03
     Coulomb-14        LJ (SR)   Coulomb (SR)   Coul. recip. Position Rest.
    8.07597e+04    5.21714e+05   -4.18832e+06    2.49605e+04    2.04756e+03
      Potential    Kinetic En.   Total Energy  Conserved En.    Temperature
   -3.50609e+06    7.05181e+05   -2.80090e+06   -2.81395e+06    3.09914e+02
 Pressure (bar)   Constr. rmsd
   -5.48456e+01    3.88395e-06

           Step           Time
          13200       26.40000

   Energies (kJ/mol)
           Bond          Angle    Proper Dih. Per. Imp. Dih.          LJ-14
    6.13061e+03    1.69721e+04    2.09131e+04    1.08864e+03    7.62054e+03
     Coulomb-14        LJ (SR)   Coulomb (SR)   Coul. recip. Position Rest.
    8.10306e+04    5.19359e+05   -4.18343e+06    2.49866e+04    2.04590e+03
      Potential    Kinetic En.   Total Energy  Conserved En.    Temperature
   -3.50328e+06    7.02572e+05   -2.80071e+06   -2.81368e+06    3.08767e+02
 Pressure (bar)   Constr. rmsd
   -8.10017e+01    3.94183e-06

           Step           Time
          13300       26.60000

   Energies (kJ/mol)
           Bond          Angle    Proper Dih. Per. Imp. Dih.          LJ-14
    6.16616e+03    1.71337e+04    2.10185e+04    1.12235e+03    7.69317e+03
     Coulomb-14        LJ (SR)   Coulomb (SR)   Coul. recip. Position Rest.
    8.10377e+04    5.18858e+05   -4.18286e+06    2.49595e+04    2.15234e+03
      Potential    Kinetic En.   Total Energy  Conserved En.    Temperature
   -3.50272e+06    7.05559e+05   -2.79716e+06   -2.81329e+06    3.10080e+02
 Pressure (bar)   Constr. rmsd
   -1.85608e+01    3.92407e-06

           Step           Time
          13400       26.80000

   Energies (kJ/mol)
           Bond          Angle    Proper Dih. Per. Imp. Dih.          LJ-14
    6.33667e+03    1.70969e+04    2.10315e+04    1.05901e+03    7.68076e+03
     Coulomb-14        LJ (SR)   Coulomb (SR)   Coul. recip. Position Rest.
    8.07096e+04    5.22167e+05   -4.18471e+06    2.52126e+04    2.03960e+03
      Potential    Kinetic En.   Total Energy  Conserved En.    Temperature
   -3.50137e+06    7.04772e+05   -2.79660e+06   -2.81350e+06    3.09734e+02
 Pressure (bar)   Constr. rmsd
    1.61164e+01    3.88730e-06

           Step           Time
          13500       27.00000

   Energies (kJ/mol)
           Bond          Angle    Proper Dih. Per. Imp. Dih.          LJ-14
    6.27816e+03    1.70072e+04    2.10187e+04    1.09624e+03    7.61958e+03
     Coulomb-14        LJ (SR)   Coulomb (SR)   Coul. recip. Position Rest.
    8.09653e+04    5.22647e+05   -4.18645e+06    2.48364e+04    1.95843e+03
      Potential    Kinetic En.   Total Energy  Conserved En.    Temperature
   -3.50302e+06    7.07019e+05   -2.79600e+06   -2.81352e+06    3.10721e+02
 Pressure (bar)   Constr. rmsd
   -1.17133e+01    3.89927e-06

           Step           Time
          13600       27.20000

   Energies (kJ/mol)
           Bond          Angle    Proper Dih. Per. Imp. Dih.          LJ-14
    6.00442e+03    1.70935e+04    2.09976e+04    1.16479e+03    7.66251e+03
     Coulomb-14        LJ (SR)   Coulomb (SR)   Coul. recip. Position Rest.
    8.09144e+04    5.21081e+05   -4.18368e+06    2.50840e+04    1.98802e+03
      Potential    Kinetic En.   Total Energy  Conserved En.    Temperature
   -3.50169e+06    7.06369e+05   -2.79532e+06   -2.81377e+06    3.10436e+02
 Pressure (bar)   Constr. rmsd
    1.21038e+01    4.02969e-06

           Step           Time
          13700       27.40000

   Energies (kJ/mol)
           Bond          Angle    Proper Dih. Per. Imp. Dih.          LJ-14
    6.07930e+03    1.69888e+04    2.08447e+04    1.19634e+03    7.70042e+03
     Coulomb-14        LJ (SR)   Coulomb (SR)   Coul. recip. Position Rest.
    8.10911e+04    5.20243e+05   -4.18328e+06    2.50180e+04    2.01943e+03
      Potential    Kinetic En.   Total Energy  Conserved En.    Temperature
   -3.50210e+06    7.05854e+05   -2.79624e+06   -2.81341e+06    3.10209e+02
 Pressure (bar)   Constr. rmsd
    3.89258e+01    4.01803e-06

           Step           Time
          13800       27.60000

   Energies (kJ/mol)
           Bond          Angle    Proper Dih. Per. Imp. Dih.          LJ-14
    5.90230e+03    1.68389e+04    2.09040e+04    1.09866e+03    7.70588e+03
     Coulomb-14        LJ (SR)   Coulomb (SR)   Coul. recip. Position Rest.
    8.14627e+04    5.20964e+05   -4.18416e+06    2.50308e+04    2.05043e+03
      Potential    Kinetic En.   Total Energy  Conserved En.    Temperature
   -3.50220e+06    7.05512e+05   -2.79669e+06   -2.81323e+06    3.10059e+02
 Pressure (bar)   Constr. rmsd
    7.42212e+01    3.73897e-06

           Step           Time
          13900       27.80000

   Energies (kJ/mol)
           Bond          Angle    Proper Dih. Per. Imp. Dih.          LJ-14
    6.21098e+03    1.68251e+04    2.10821e+04    1.08912e+03    7.81229e+03
     Coulomb-14        LJ (SR)   Coulomb (SR)   Coul. recip. Position Rest.
    8.10865e+04    5.17249e+05   -4.17689e+06    2.52871e+04    2.10268e+03
      Potential    Kinetic En.   Total Energy  Conserved En.    Temperature
   -3.49815e+06    7.05463e+05   -2.79268e+06   -2.81331e+06    3.10037e+02
 Pressure (bar)   Constr. rmsd
   -6.17541e+01    4.02657e-06

           Step           Time
          14000       28.00000

   Energies (kJ/mol)
           Bond          Angle    Proper Dih. Per. Imp. Dih.          LJ-14
    5.98438e+03    1.73425e+04    2.09025e+04    1.12520e+03    7.68626e+03
     Coulomb-14        LJ (SR)   Coulomb (SR)   Coul. recip. Position Rest.
    8.08890e+04    5.19715e+05   -4.18186e+06    2.52832e+04    1.99047e+03
      Potential    Kinetic En.   Total Energy  Conserved En.    Temperature
   -3.50094e+06    7.06891e+05   -2.79405e+06   -2.81355e+06    3.10665e+02
 Pressure (bar)   Constr. rmsd
    1.24448e+01    3.72680e-06

           Step           Time
          14100       28.20000

   Energies (kJ/mol)
           Bond          Angle    Proper Dih. Per. Imp. Dih.          LJ-14
    6.00611e+03    1.71774e+04    2.09259e+04    1.18069e+03    7.80528e+03
     Coulomb-14        LJ (SR)   Coulomb (SR)   Coul. recip. Position Rest.
    8.06437e+04    5.19721e+05   -4.18093e+06    2.53184e+04    1.98379e+03
      Potential    Kinetic En.   Total Energy  Conserved En.    Temperature
   -3.50017e+06    7.03339e+05   -2.79683e+06   -2.81350e+06    3.09104e+02
 Pressure (bar)   Constr. rmsd
    3.61040e+01    3.94032e-06

           Step           Time
          14200       28.40000

   Energies (kJ/mol)
           Bond          Angle    Proper Dih. Per. Imp. Dih.          LJ-14
    6.07348e+03    1.69629e+04    2.08725e+04    1.09653e+03    7.75122e+03
     Coulomb-14        LJ (SR)   Coulomb (SR)   Coul. recip. Position Rest.
    8.08745e+04    5.20290e+05   -4.18447e+06    2.50943e+04    2.03774e+03
      Potential    Kinetic En.   Total Energy  Conserved En.    Temperature
   -3.50341e+06    7.05792e+05   -2.79762e+06   -2.81374e+06    3.10182e+02
 Pressure (bar)   Constr. rmsd
    2.33059e+01    3.74893e-06

           Step           Time
          14300       28.60000

   Energies (kJ/mol)
           Bond          Angle    Proper Dih. Per. Imp. Dih.          LJ-14
    5.91212e+03    1.68526e+04    2.07202e+04    1.11100e+03    7.60991e+03
     Coulomb-14        LJ (SR)   Coulomb (SR)   Coul. recip. Position Rest.
    8.08040e+04    5.16169e+05   -4.18005e+06    2.51824e+04    2.13826e+03
      Potential    Kinetic En.   Total Energy  Conserved En.    Temperature
   -3.50355e+06    7.03221e+05   -2.80033e+06   -2.81387e+06    3.09053e+02
 Pressure (bar)   Constr. rmsd
   -1.51892e+02    3.88311e-06

           Step           Time
          14400       28.80000

   Energies (kJ/mol)
           Bond          Angle    Proper Dih. Per. Imp. Dih.          LJ-14
    6.25280e+03    1.67144e+04    2.08402e+04    1.05135e+03    7.63952e+03
     Coulomb-14        LJ (SR)   Coulomb (SR)   Coul. recip. Position Rest.
    8.08036e+04    5.20968e+05   -4.18375e+06    2.52619e+04    2.03558e+03
      Potential    Kinetic En.   Total Energy  Conserved En.    Temperature
   -3.50218e+06    7.04459e+05   -2.79772e+06   -2.81386e+06    3.09596e+02
 Pressure (bar)   Constr. rmsd
   -2.72224e+01    3.86792e-06

           Step           Time
          14500       29.00000

   Energies (kJ/mol)
           Bond          Angle    Proper Dih. Per. Imp. Dih.          LJ-14
    6.09046e+03    1.70652e+04    2.10810e+04    1.02415e+03    7.73960e+03
     Coulomb-14        LJ (SR)   Coulomb (SR)   Coul. recip. Position Rest.
    8.10384e+04    5.21392e+05   -4.18668e+06    2.52829e+04    1.93758e+03
      Potential    Kinetic En.   Total Energy  Conserved En.    Temperature
   -3.50403e+06    7.05657e+05   -2.79837e+06   -2.81395e+06    3.10123e+02
 Pressure (bar)   Constr. rmsd
    7.22971e+00    3.77958e-06

           Step           Time
          14600       29.20000

   Energies (kJ/mol)
           Bond          Angle    Proper Dih. Per. Imp. Dih.          LJ-14
    6.23852e+03    1.69486e+04    2.09012e+04    1.03225e+03    7.57017e+03
     Coulomb-14        LJ (SR)   Coulomb (SR)   Coul. recip. Position Rest.
    8.08110e+04    5.22370e+05   -4.18465e+06    2.50988e+04    2.10699e+03
      Potential    Kinetic En.   Total Energy  Conserved En.    Temperature
   -3.50157e+06    7.03026e+05   -2.79855e+06   -2.81412e+06    3.08966e+02
 Pressure (bar)   Constr. rmsd
   -3.41638e+01    3.90075e-06

           Step           Time
          14700       29.40000

   Energies (kJ/mol)
           Bond          Angle    Proper Dih. Per. Imp. Dih.          LJ-14
    6.26851e+03    1.68451e+04    2.09059e+04    1.04695e+03    7.77484e+03
     Coulomb-14        LJ (SR)   Coulomb (SR)   Coul. recip. Position Rest.
    8.09599e+04    5.21374e+05   -4.18338e+06    2.52921e+04    2.05859e+03
      Potential    Kinetic En.   Total Energy  Conserved En.    Temperature
   -3.50086e+06    7.04674e+05   -2.79618e+06   -2.81384e+06    3.09691e+02
 Pressure (bar)   Constr. rmsd
    4.25808e+01    3.81180e-06

           Step           Time
          14800       29.60000

   Energies (kJ/mol)
           Bond          Angle    Proper Dih. Per. Imp. Dih.          LJ-14
    6.21476e+03    1.68273e+04    2.09678e+04    1.04208e+03    7.66922e+03
     Coulomb-14        LJ (SR)   Coulomb (SR)   Coul. recip. Position Rest.
    8.09629e+04    5.18328e+05   -4.18077e+06    2.50280e+04    1.96989e+03
      Potential    Kinetic En.   Total Energy  Conserved En.    Temperature
   -3.50176e+06    7.04160e+05   -2.79760e+06   -2.81416e+06    3.09465e+02
 Pressure (bar)   Constr. rmsd
   -4.41221e+01    3.80855e-06

           Step           Time
          14900       29.80000

   Energies (kJ/mol)
           Bond          Angle    Proper Dih. Per. Imp. Dih.          LJ-14
    6.00916e+03    1.69391e+04    2.10266e+04    1.15198e+03    7.72718e+03
     Coulomb-14        LJ (SR)   Coulomb (SR)   Coul. recip. Position Rest.
    8.10019e+04    5.20711e+05   -4.18313e+06    2.53794e+04    1.98655e+03
      Potential    Kinetic En.   Total Energy  Conserved En.    Temperature
   -3.50120e+06    7.05665e+05   -2.79553e+06   -2.81453e+06    3.10127e+02
 Pressure (bar)   Constr. rmsd
    2.36306e+01    3.77814e-06

           Step           Time
          15000       30.00000

   Energies (kJ/mol)
           Bond          Angle    Proper Dih. Per. Imp. Dih.          LJ-14
    6.37645e+03    1.67631e+04    2.12192e+04    1.00571e+03    7.64947e+03
     Coulomb-14        LJ (SR)   Coulomb (SR)   Coul. recip. Position Rest.
    8.10761e+04    5.21091e+05   -4.18206e+06    2.52926e+04    2.01586e+03
      Potential    Kinetic En.   Total Energy  Conserved En.    Temperature
   -3.49957e+06    7.05802e+05   -2.79377e+06   -2.81461e+06    3.10187e+02
 Pressure (bar)   Constr. rmsd
   -5.04541e+01    3.92335e-06

           Step           Time
          15100       30.20000

   Energies (kJ/mol)
           Bond          Angle    Proper Dih. Per. Imp. Dih.          LJ-14
    6.18960e+03    1.71368e+04    2.08033e+04    1.03495e+03    7.83390e+03
     Coulomb-14        LJ (SR)   Coulomb (SR)   Coul. recip. Position Rest.
    8.08258e+04    5.19492e+05   -4.18035e+06    2.49032e+04    1.99201e+03
      Potential    Kinetic En.   Total Energy  Conserved En.    Temperature
   -3.50014e+06    7.07385e+05   -2.79276e+06   -2.81439e+06    3.10882e+02
 Pressure (bar)   Constr. rmsd
   -3.49224e+01    3.93384e-06

           Step           Time
          15200       30.40000

   Energies (kJ/mol)
           Bond          Angle    Proper Dih. Per. Imp. Dih.          LJ-14
    6.07623e+03    1.74370e+04    2.09812e+04    1.01214e+03    7.64024e+03
     Coulomb-14        LJ (SR)   Coulomb (SR)   Coul. recip. Position Rest.
    8.08421e+04    5.20922e+05   -4.18206e+06    2.51420e+04    1.91958e+03
      Potential    Kinetic En.   Total Energy  Conserved En.    Temperature
   -3.50009e+06    7.06489e+05   -2.79360e+06   -2.81430e+06    3.10489e+02
 Pressure (bar)   Constr. rmsd
    3.34730e+01    3.94211e-06

           Step           Time
          15300       30.60000

   Energies (kJ/mol)
           Bond          Angle    Proper Dih. Per. Imp. Dih.          LJ-14
    5.92314e+03    1.71830e+04    2.07841e+04    1.12104e+03    7.92823e+03
     Coulomb-14        LJ (SR)   Coulomb (SR)   Coul. recip. Position Rest.
    8.11298e+04    5.22265e+05   -4.18561e+06    2.49228e+04    2.00391e+03
      Potential    Kinetic En.   Total Energy  Conserved En.    Temperature
   -3.50235e+06    7.06094e+05   -2.79626e+06   -2.81411e+06    3.10315e+02
 Pressure (bar)   Constr. rmsd
    4.47026e+01    3.91969e-06

           Step           Time
          15400       30.80000

   Energies (kJ/mol)
           Bond          Angle    Proper Dih. Per. Imp. Dih.          LJ-14
    6.34377e+03    1.73115e+04    2.09088e+04    1.05263e+03    7.60772e+03
     Coulomb-14        LJ (SR)   Coulomb (SR)   Coul. recip. Position Rest.
    8.08385e+04    5.22251e+05   -4.18332e+06    2.53781e+04    2.13145e+03
      Potential    Kinetic En.   Total Energy  Conserved En.    Temperature
   -3.49950e+06    7.06201e+05   -2.79330e+06   -2.81400e+06    3.10362e+02
 Pressure (bar)   Constr. rmsd
   -4.38601e+01    3.92805e-06

           Step           Time
          15500       31.00000

   Energies (kJ/mol)
           Bond          Angle    Proper Dih. Per. Imp. Dih.          LJ-14
    6.10674e+03    1.70642e+04    2.08752e+04    1.08169e+03    7.74668e+03
     Coulomb-14        LJ (SR)   Coulomb (SR)   Coul. recip. Position Rest.
    8.11193e+04    5.22256e+05   -4.18562e+06    2.51791e+04    2.15006e+03
      Potential    Kinetic En.   Total Energy  Conserved En.    Temperature
   -3.50204e+06    7.05991e+05   -2.79605e+06   -2.81402e+06    3.10270e+02
 Pressure (bar)   Constr. rmsd
   -3.05241e+01    3.86365e-06

           Step           Time
          15600       31.20000

   Energies (kJ/mol)
           Bond          Angle    Proper Dih. Per. Imp. Dih.          LJ-14
    6.20745e+03    1.72830e+04    2.09217e+04    1.11424e+03    7.67311e+03
     Coulomb-14        LJ (SR)   Coulomb (SR)   Coul. recip. Position Rest.
    8.09595e+04    5.20615e+05   -4.18471e+06    2.51666e+04    1.95670e+03
      Potential    Kinetic En.   Total Energy  Conserved En.    Temperature
   -3.50281e+06    7.03315e+05   -2.79950e+06   -2.81383e+06    3.09094e+02
 Pressure (bar)   Constr. rmsd
   -5.14557e+01    3.79188e-06

           Step           Time
          15700       31.40000

   Energies (kJ/mol)
           Bond          Angle    Proper Dih. Per. Imp. Dih.          LJ-14
    6.19478e+03    1.68153e+04    2.08976e+04    1.08577e+03    7.73306e+03
     Coulomb-14        LJ (SR)   Coulomb (SR)   Coul. recip. Position Rest.
    8.10094e+04    5.20043e+05   -4.18457e+06    2.50170e+04    2.17061e+03
      Potential    Kinetic En.   Total Energy  Conserved En.    Temperature
   -3.50360e+06    7.04728e+05   -2.79887e+06   -2.81376e+06    3.09714e+02
 Pressure (bar)   Constr. rmsd
   -5.57716e+01    3.67753e-06

           Step           Time
          15800       31.60000

   Energies (kJ/mol)
           Bond          Angle    Proper Dih. Per. Imp. Dih.          LJ-14
    6.00220e+03    1.67176e+04    2.09679e+04    1.02795e+03    7.77761e+03
     Coulomb-14        LJ (SR)   Coulomb (SR)   Coul. recip. Position Rest.
    8.13017e+04    5.23083e+05   -4.18797e+06    2.48581e+04    1.92707e+03
      Potential    Kinetic En.   Total Energy  Conserved En.    Temperature
   -3.50430e+06    7.06431e+05   -2.79787e+06   -2.81344e+06    3.10463e+02
 Pressure (bar)   Constr. rmsd
    4.12375e+01    3.82553e-06

           Step           Time
          15900       31.80000

   Energies (kJ/mol)
           Bond          Angle    Proper Dih. Per. Imp. Dih.          LJ-14
    6.35253e+03    1.71812e+04    2.07553e+04    1.06154e+03    7.60732e+03
     Coulomb-14        LJ (SR)   Coulomb (SR)   Coul. recip. Position Rest.
    8.07634e+04    5.21557e+05   -4.18378e+06    2.50938e+04    2.06796e+03
      Potential    Kinetic En.   Total Energy  Conserved En.    Temperature
   -3.50134e+06    7.02960e+05   -2.79838e+06   -2.81353e+06    3.08938e+02
 Pressure (bar)   Constr. rmsd
   -4.94822e+01    3.89070e-06

           Step           Time
          16000       32.00000

   Energies (kJ/mol)
           Bond          Angle    Proper Dih. Per. Imp. Dih.          LJ-14
    6.06865e+03    1.66845e+04    2.09362e+04    1.12891e+03    7.85575e+03
     Coulomb-14        LJ (SR)   Coulomb (SR)   Coul. recip. Position Rest.
    8.09989e+04    5.23557e+05   -4.18623e+06    2.52555e+04    2.02023e+03
      Potential    Kinetic En.   Total Energy  Conserved En.    Temperature
   -3.50172e+06    7.04991e+05   -2.79673e+06   -2.81359e+06    3.09830e+02
 Pressure (bar)   Constr. rmsd
    2.95812e+01    4.06026e-06

           Step           Time
          16100       32.20000

   Energies (kJ/mol)
           Bond          Angle    Proper Dih. Per. Imp. Dih.          LJ-14
    6.09602e+03    1.72118e+04    2.09484e+04    1.01959e+03    7.65852e+03
     Coulomb-14        LJ (SR)   Coulomb (SR)   Coul. recip. Position Rest.
    8.06052e+04    5.20568e+05   -4.18425e+06    2.52583e+04    2.01676e+03
      Potential    Kinetic En.   Total Energy  Conserved En.    Temperature
   -3.50287e+06    7.05298e+05   -2.79757e+06   -2.81380e+06    3.09965e+02
 Pressure (bar)   Constr. rmsd
    2.92532e+01    3.99351e-06

           Step           Time
          16200       32.40000

   Energies (kJ/mol)
           Bond          Angle    Proper Dih. Per. Imp. Dih.          LJ-14
    6.29750e+03    1.70326e+04    2.09142e+04    1.14608e+03    7.62976e+03
     Coulomb-14        LJ (SR)   Coulomb (SR)   Coul. recip. Position Rest.
    8.07035e+04    5.19243e+05   -4.18329e+06    2.52615e+04    1.99711e+03
      Potential    Kinetic En.   Total Energy  Conserved En.    Temperature
   -3.50306e+06    7.04681e+05   -2.79838e+06   -2.81340e+06    3.09694e+02
 Pressure (bar)   Constr. rmsd
   -2.15431e+01    3.82279e-06

           Step           Time
          16300       32.60000

   Energies (kJ/mol)
           Bond          Angle    Proper Dih. Per. Imp. Dih.          LJ-14
    6.05996e+03    1.68054e+04    2.09267e+04    1.16034e+03    7.61980e+03
     Coulomb-14        LJ (SR)   Coulomb (SR)   Coul. recip. Position Rest.
    8.09527e+04    5.21374e+05   -4.18598e+06    2.47908e+04    1.96605e+03
      Potential    Kinetic En.   Total Energy  Conserved En.    Temperature
   -3.50433e+06    7.04733e+05   -2.79959e+06   -2.81337e+06    3.09717e+02
 Pressure (bar)   Constr. rmsd
   -9.67299e+00    3.84086e-06

           Step           Time
          16400       32.80000

   Energies (kJ/mol)
           Bond          Angle    Proper Dih. Per. Imp. Dih.          LJ-14
    6.27515e+03    1.69196e+04    2.10984e+04    1.09948e+03    7.80061e+03
     Coulomb-14        LJ (SR)   Coulomb (SR)   Coul. recip. Position Rest.
    8.06528e+04    5.21253e+05   -4.18741e+06    2.53109e+04    1.99783e+03
      Potential    Kinetic En.   Total Energy  Conserved En.    Temperature
   -3.50500e+06    7.05247e+05   -2.79975e+06   -2.81307e+06    3.09943e+02
 Pressure (bar)   Constr. rmsd
   -7.40418e+00    3.82211e-06

           Step           Time
          16500       33.00000

   Energies (kJ/mol)
           Bond          Angle    Proper Dih. Per. Imp. Dih.          LJ-14
    6.20960e+03    1.72301e+04    2.08156e+04    1.09270e+03    7.61826e+03
     Coulomb-14        LJ (SR)   Coulomb (SR)   Coul. recip. Position Rest.
    8.08649e+04    5.18559e+05   -4.18247e+06    2.50946e+04    2.03216e+03
      Potential    Kinetic En.   Total Energy  Conserved En.    Temperature
   -3.50295e+06    7.05678e+05   -2.79727e+06   -2.81321e+06    3.10132e+02
 Pressure (bar)   Constr. rmsd
   -5.67111e+01    4.00047e-06

           Step           Time
          16600       33.20000

   Energies (kJ/mol)
           Bond          Angle    Proper Dih. Per. Imp. Dih.          LJ-14
    6.32226e+03    1.70490e+04    2.08566e+04    1.04241e+03    7.74375e+03
     Coulomb-14        LJ (SR)   Coulomb (SR)   Coul. recip. Position Rest.
    8.08936e+04    5.19523e+05   -4.18087e+06    2.53583e+04    2.03363e+03
      Potential    Kinetic En.   Total Energy  Conserved En.    Temperature
   -3.50004e+06    7.04196e+05   -2.79585e+06   -2.81301e+06    3.09481e+02
 Pressure (bar)   Constr. rmsd
   -2.79324e+01    3.91264e-06

           Step           Time
          16700       33.40000

   Energies (kJ/mol)
           Bond          Angle    Proper Dih. Per. Imp. Dih.          LJ-14
    6.23318e+03    1.71338e+04    2.07373e+04    1.18544e+03    7.71515e+03
     Coulomb-14        LJ (SR)   Coulomb (SR)   Coul. recip. Position Rest.
    8.10894e+04    5.19982e+05   -4.18361e+06    2.51651e+04    2.07256e+03
      Potential    Kinetic En.   Total Energy  Conserved En.    Temperature
   -3.50230e+06    7.09667e+05   -2.79263e+06   -2.81312e+06    3.11885e+02
 Pressure (bar)   Constr. rmsd
   -4.13690e+01    3.92873e-06

           Step           Time
          16800       33.60000

   Energies (kJ/mol)
           Bond          Angle    Proper Dih. Per. Imp. Dih.          LJ-14
    6.29688e+03    1.68657e+04    2.07507e+04    1.09439e+03    7.70239e+03
     Coulomb-14        LJ (SR)   Coulomb (SR)   Coul. recip. Position Rest.
    8.10715e+04    5.22682e+05   -4.18724e+06    2.52840e+04    1.96953e+03
      Potential    Kinetic En.   Total Energy  Conserved En.    Temperature
   -3.50352e+06    7.05677e+05   -2.79785e+06   -2.81317e+06    3.10132e+02
 Pressure (bar)   Constr. rmsd
   -6.82414e+00    3.85574e-06

           Step           Time
          16900       33.80000

   Energies (kJ/mol)
           Bond          Angle    Proper Dih. Per. Imp. Dih.          LJ-14
    6.04206e+03    1.73092e+04    2.07268e+04    1.17611e+03    7.74158e+03
     Coulomb-14        LJ (SR)   Coulomb (SR)   Coul. recip. Position Rest.
    8.09856e+04    5.22257e+05   -4.18908e+06    2.51583e+04    2.03988e+03
      Potential    Kinetic En.   Total Energy  Conserved En.    Temperature
   -3.50564e+06    7.06135e+05   -2.79951e+06   -2.81317e+06    3.10333e+02
 Pressure (bar)   Constr. rmsd
    1.67765e+01    3.76568e-06

           Step           Time
          17000       34.00000

   Energies (kJ/mol)
           Bond          Angle    Proper Dih. Per. Imp. Dih.          LJ-14
    6.18253e+03    1.69411e+04    2.09462e+04    1.12773e+03    7.66598e+03
     Coulomb-14        LJ (SR)   Coulomb (SR)   Coul. recip. Position Rest.
    8.07872e+04    5.25554e+05   -4.18958e+06    2.50140e+04    2.02597e+03
      Potential    Kinetic En.   Total Energy  Conserved En.    Temperature
   -3.50333e+06    7.05665e+05   -2.79767e+06   -2.81324e+06    3.10127e+02
 Pressure (bar)   Constr. rmsd
    6.05006e+01    3.80863e-06

           Step           Time
          17100       34.20000

   Energies (kJ/mol)
           Bond          Angle    Proper Dih. Per. Imp. Dih.          LJ-14
    6.25245e+03    1.69895e+04    2.09546e+04    1.00694e+03    7.64238e+03
     Coulomb-14        LJ (SR)   Coulomb (SR)   Coul. recip. Position Rest.
    8.11755e+04    5.20164e+05   -4.18390e+06    2.50848e+04    1.92551e+03
      Potential    Kinetic En.   Total Energy  Conserved En.    Temperature
   -3.50270e+06    7.07641e+05   -2.79506e+06   -2.81300e+06    3.10995e+02
 Pressure (bar)   Constr. rmsd
    7.29212e+00    3.85168e-06

           Step           Time
          17200       34.40000

   Energies (kJ/mol)
           Bond          Angle    Proper Dih. Per. Imp. Dih.          LJ-14
    6.45426e+03    1.69918e+04    2.10195e+04    1.08456e+03    7.75104e+03
     Coulomb-14        LJ (SR)   Coulomb (SR)   Coul. recip. Position Rest.
    8.09316e+04    5.20201e+05   -4.17962e+06    2.51639e+04    2.02041e+03
      Potential    Kinetic En.   Total Energy  Conserved En.    Temperature
   -3.49800e+06    7.06773e+05   -2.79123e+06   -2.81308e+06    3.10614e+02
 Pressure (bar)   Constr. rmsd
    5.06845e+01    3.83502e-06

           Step           Time
          17300       34.60000

   Energies (kJ/mol)
           Bond          Angle    Proper Dih. Per. Imp. Dih.          LJ-14
    6.22876e+03    1.73276e+04    2.09272e+04    1.02647e+03    7.70845e+03
     Coulomb-14        LJ (SR)   Coulomb (SR)   Coul. recip. Position Rest.
    8.09581e+04    5.18469e+05   -4.17881e+06    2.50848e+04    1.99363e+03
      Potential    Kinetic En.   Total Energy  Conserved En.    Temperature
   -3.49908e+06    7.09190e+05   -2.78989e+06   -2.81326e+06    3.11676e+02
 Pressure (bar)   Constr. rmsd
   -1.22999e+01    4.04969e-06

           Step           Time
          17400       34.80000

   Energies (kJ/mol)
           Bond          Angle    Proper Dih. Per. Imp. Dih.          LJ-14
    6.35530e+03    1.72654e+04    2.09356e+04    1.17753e+03    7.69166e+03
     Coulomb-14        LJ (SR)   Coulomb (SR)   Coul. recip. Position Rest.
    8.08700e+04    5.19121e+05   -4.17859e+06    2.51929e+04    2.12294e+03
      Potential    Kinetic En.   Total Energy  Conserved En.    Temperature
   -3.49786e+06    7.07068e+05   -2.79079e+06   -2.81350e+06    3.10743e+02
 Pressure (bar)   Constr. rmsd
   -3.65681e+01    4.05678e-06

           Step           Time
          17500       35.00000

   Energies (kJ/mol)
           Bond          Angle    Proper Dih. Per. Imp. Dih.          LJ-14
    6.03872e+03    1.69627e+04    2.09295e+04    1.09939e+03    7.67945e+03
     Coulomb-14        LJ (SR)   Coulomb (SR)   Coul. recip. Position Rest.
    8.08365e+04    5.22744e+05   -4.18637e+06    2.51387e+04    2.03347e+03
      Potential    Kinetic En.   Total Energy  Conserved En.    Temperature
   -3.50291e+06    7.06736e+05   -2.79617e+06   -2.81363e+06    3.10597e+02
 Pressure (bar)   Constr. rmsd
    4.69979e+01    3.78570e-06

           Step           Time
          17600       35.20000

   Energies (kJ/mol)
           Bond          Angle    Proper Dih. Per. Imp. Dih.          LJ-14
    6.14721e+03    1.70550e+04    2.08492e+04    1.11395e+03    7.70848e+03
     Coulomb-14        LJ (SR)   Coulomb (SR)   Coul. recip. Position Rest.
    8.10188e+04    5.20239e+05   -4.18319e+06    2.53828e+04    2.12645e+03
      Potential    Kinetic En.   Total Energy  Conserved En.    Temperature
   -3.50155e+06    7.05552e+05   -2.79600e+06   -2.81349e+06    3.10077e+02
 Pressure (bar)   Constr. rmsd
    1.56087e+01    3.87009e-06

           Step           Time
          17700       35.40000

   Energies (kJ/mol)
           Bond          Angle    Proper Dih. Per. Imp. Dih.          LJ-14
    6.45084e+03    1.73270e+04    2.07748e+04    1.03449e+03    7.68591e+03
     Coulomb-14        LJ (SR)   Coulomb (SR)   Coul. recip. Position Rest.
    8.07643e+04    5.24529e+05   -4.18703e+06    2.51651e+04    2.05267e+03
      Potential    Kinetic En.   Total Energy  Conserved En.    Temperature
   -3.50125e+06    7.05321e+05   -2.79593e+06   -2.81350e+06    3.09975e+02
 Pressure (bar)   Constr. rmsd
    6.71321e+01    3.84839e-06

           Step           Time
          17800       35.60000

   Energies (kJ/mol)
           Bond          Angle    Proper Dih. Per. Imp. Dih.          LJ-14
    6.21161e+03    1.73327e+04    2.09865e+04    1.05347e+03    7.59778e+03
     Coulomb-14        LJ (SR)   Coulomb (SR)   Coul. recip. Position Rest.
    8.09316e+04    5.23092e+05   -4.18425e+06    2.52546e+04    2.05405e+03
      Potential    Kinetic En.   Total Energy  Conserved En.    Temperature
   -3.49973e+06    7.04550e+05   -2.79518e+06   -2.81351e+06    3.09636e+02
 Pressure (bar)   Constr. rmsd
    1.44972e+01    3.80009e-06

           Step           Time
          17900       35.80000

   Energies (kJ/mol)
           Bond          Angle    Proper Dih. Per. Imp. Dih.          LJ-14
    5.97688e+03    1.74849e+04    2.08797e+04    1.07434e+03    7.55585e+03
     Coulomb-14        LJ (SR)   Coulomb (SR)   Coul. recip. Position Rest.
    8.09546e+04    5.21756e+05   -4.18367e+06    2.51599e+04    2.07963e+03
      Potential    Kinetic En.   Total Energy  Conserved En.    Temperature
   -3.50075e+06    7.04079e+05   -2.79667e+06   -2.81362e+06    3.09429e+02
 Pressure (bar)   Constr. rmsd
    2.01794e+01    3.88637e-06

           Step           Time
          18000       36.00000

   Energies (kJ/mol)
           Bond          Angle    Proper Dih. Per. Imp. Dih.          LJ-14
    5.98754e+03    1.74440e+04    2.10433e+04    1.13133e+03    7.78403e+03
     Coulomb-14        LJ (SR)   Coulomb (SR)   Coul. recip. Position Rest.
    8.12902e+04    5.19745e+05   -4.18199e+06    2.53386e+04    2.04269e+03
      Potential    Kinetic En.   Total Energy  Conserved En.    Temperature
   -3.50019e+06    7.06147e+05   -2.79404e+06   -2.81368e+06    3.10338e+02
 Pressure (bar)   Constr. rmsd
    1.93063e+01    3.75104e-06

           Step           Time
          18100       36.20000

   Energies (kJ/mol)
           Bond          Angle    Proper Dih. Per. Imp. Dih.          LJ-14
    6.07143e+03    1.73879e+04    2.07950e+04    1.04658e+03    7.68650e+03
     Coulomb-14        LJ (SR)   Coulomb (SR)   Coul. recip. Position Rest.
    8.10377e+04    5.22993e+05   -4.18624e+06    2.51320e+04    2.09859e+03
      Potential    Kinetic En.   Total Energy  Conserved En.    Temperature
   -3.50199e+06    7.07316e+05   -2.79467e+06   -2.81367e+06    3.10852e+02
 Pressure (bar)   Constr. rmsd
   -1.58925e+01    3.97205e-06

           Step           Time
          18200       36.40000

   Energies (kJ/mol)
           Bond          Angle    Proper Dih. Per. Imp. Dih.          LJ-14
    5.92968e+03    1.73878e+04    2.09182e+04    1.05281e+03    7.68853e+03
     Coulomb-14        LJ (SR)   Coulomb (SR)   Coul. recip. Position Rest.
    8.13852e+04    5.22182e+05   -4.18717e+06    2.51023e+04    1.95527e+03
      Potential    Kinetic En.   Total Energy  Conserved En.    Temperature
   -3.50357e+06    7.05385e+05   -2.79818e+06   -2.81324e+06    3.10003e+02
 Pressure (bar)   Constr. rmsd
    2.13200e+01    3.82218e-06

           Step           Time
          18300       36.60000

   Energies (kJ/mol)
           Bond          Angle    Proper Dih. Per. Imp. Dih.          LJ-14
    6.13128e+03    1.73066e+04    2.10548e+04    1.06410e+03    7.78848e+03
     Coulomb-14        LJ (SR)   Coulomb (SR)   Coul. recip. Position Rest.
    8.11769e+04    5.19711e+05   -4.18454e+06    2.54141e+04    2.00805e+03
      Potential    Kinetic En.   Total Energy  Conserved En.    Temperature
   -3.50288e+06    7.05882e+05   -2.79700e+06   -2.81363e+06    3.10222e+02
 Pressure (bar)   Constr. rmsd
   -4.88506e+01    3.98063e-06

           Step           Time
          18400       36.80000

   Energies (kJ/mol)
           Bond          Angle    Proper Dih. Per. Imp. Dih.          LJ-14
    6.20089e+03    1.69738e+04    2.09602e+04    1.07280e+03    7.86633e+03
     Coulomb-14        LJ (SR)   Coulomb (SR)   Coul. recip. Position Rest.
    8.14459e+04    5.19974e+05   -4.18424e+06    2.52357e+04    2.14325e+03
      Potential    Kinetic En.   Total Energy  Conserved En.    Temperature
   -3.50237e+06    7.05201e+05   -2.79717e+06   -2.81360e+06    3.09923e+02
 Pressure (bar)   Constr. rmsd
   -4.01586e+01    3.79276e-06

           Step           Time
          18500       37.00000

   Energies (kJ/mol)
           Bond          Angle    Proper Dih. Per. Imp. Dih.          LJ-14
    5.96529e+03    1.68669e+04    2.10187e+04    1.22655e+03    7.81018e+03
     Coulomb-14        LJ (SR)   Coulomb (SR)   Coul. recip. Position Rest.
    8.10013e+04    5.23280e+05   -4.18713e+06    2.51281e+04    2.06840e+03
      Potential    Kinetic En.   Total Energy  Conserved En.    Temperature
   -3.50276e+06    7.06887e+05   -2.79587e+06   -2.81350e+06    3.10664e+02
 Pressure (bar)   Constr. rmsd
    7.21360e+01    3.92301e-06

           Step           Time
          18600       37.20000

   Energies (kJ/mol)
           Bond          Angle    Proper Dih. Per. Imp. Dih.          LJ-14
    6.11936e+03    1.67086e+04    2.08440e+04    1.07066e+03    7.72485e+03
     Coulomb-14        LJ (SR)   Coulomb (SR)   Coul. recip. Position Rest.
    8.10746e+04    5.23887e+05   -4.18671e+06    2.50494e+04    1.96421e+03
      Potential    Kinetic En.   Total Energy  Conserved En.    Temperature
   -3.50227e+06    7.03498e+05   -2.79877e+06   -2.81366e+06    3.09174e+02
 Pressure (bar)   Constr. rmsd
    7.01405e+01    3.89324e-06

           Step           Time
          18700       37.40000

   Energies (kJ/mol)
           Bond          Angle    Proper Dih. Per. Imp. Dih.          LJ-14
    6.42936e+03    1.67060e+04    2.10814e+04    1.12578e+03    7.67792e+03
     Coulomb-14        LJ (SR)   Coulomb (SR)   Coul. recip. Position Rest.
    8.11859e+04    5.21585e+05   -4.18520e+06    2.50064e+04    2.04907e+03
      Potential    Kinetic En.   Total Energy  Conserved En.    Temperature
   -3.50235e+06    7.05146e+05   -2.79720e+06   -2.81381e+06    3.09898e+02
 Pressure (bar)   Constr. rmsd
   -5.56579e+01    3.87008e-06

           Step           Time
          18800       37.60000

   Energies (kJ/mol)
           Bond          Angle    Proper Dih. Per. Imp. Dih.          LJ-14
    6.20683e+03    1.69116e+04    2.09315e+04    1.01122e+03    7.54148e+03
     Coulomb-14        LJ (SR)   Coulomb (SR)   Coul. recip. Position Rest.
    8.12455e+04    5.19663e+05   -4.18162e+06    2.49880e+04    2.02464e+03
      Potential    Kinetic En.   Total Energy  Conserved En.    Temperature
   -3.50110e+06    7.04798e+05   -2.79630e+06   -2.81412e+06    3.09745e+02
 Pressure (bar)   Constr. rmsd
   -3.25765e+01    3.88714e-06

           Step           Time
          18900       37.80000

   Energies (kJ/mol)
           Bond          Angle    Proper Dih. Per. Imp. Dih.          LJ-14
    6.11169e+03    1.71507e+04    2.09461e+04    1.10050e+03    7.73338e+03
     Coulomb-14        LJ (SR)   Coulomb (SR)   Coul. recip. Position Rest.
    8.13066e+04    5.20941e+05   -4.18430e+06    2.50184e+04    1.97931e+03
      Potential    Kinetic En.   Total Energy  Conserved En.    Temperature
   -3.50202e+06    7.04543e+05   -2.79747e+06   -2.81407e+06    3.09633e+02
 Pressure (bar)   Constr. rmsd
    2.61618e+01    3.89382e-06

           Step           Time
          19000       38.00000

   Energies (kJ/mol)
           Bond          Angle    Proper Dih. Per. Imp. Dih.          LJ-14
    6.08135e+03    1.73624e+04    2.09800e+04    1.13284e+03    7.81189e+03
     Coulomb-14        LJ (SR)   Coulomb (SR)   Coul. recip. Position Rest.
    8.11143e+04    5.21981e+05   -4.18478e+06    2.51378e+04    2.12665e+03
      Potential    Kinetic En.   Total Energy  Conserved En.    Temperature
   -3.50105e+06    7.04504e+05   -2.79655e+06   -2.81414e+06    3.09616e+02
 Pressure (bar)   Constr. rmsd
   -2.05623e+01    3.98442e-06

           Step           Time
          19100       38.20000

   Energies (kJ/mol)
           Bond          Angle    Proper Dih. Per. Imp. Dih.          LJ-14
    6.29915e+03    1.71781e+04    2.08706e+04    1.10534e+03    7.66799e+03
     Coulomb-14        LJ (SR)   Coulomb (SR)   Coul. recip. Position Rest.
    8.08916e+04    5.22016e+05   -4.18312e+06    2.50293e+04    2.07287e+03
      Potential    Kinetic En.   Total Energy  Conserved En.    Temperature
   -3.49999e+06    7.03965e+05   -2.79603e+06   -2.81399e+06    3.09379e+02
 Pressure (bar)   Constr. rmsd
   -9.37495e+00    3.80039e-06

           Step           Time
          19200       38.40000

   Energies (kJ/mol)
           Bond          Angle    Proper Dih. Per. Imp. Dih.          LJ-14
    6.09239e+03    1.74212e+04    2.09033e+04    1.06744e+03    7.77183e+03
     Coulomb-14        LJ (SR)   Coulomb (SR)   Coul. recip. Position Rest.
    8.14481e+04    5.21940e+05   -4.18602e+06    2.56490e+04    1.94268e+03
      Potential    Kinetic En.   Total Energy  Conserved En.    Temperature
   -3.50178e+06    7.05961e+05   -2.79582e+06   -2.81393e+06    3.10257e+02
 Pressure (bar)   Constr. rmsd
    4.88327e+01    3.88073e-06

           Step           Time
          19300       38.60000

   Energies (kJ/mol)
           Bond          Angle    Proper Dih. Per. Imp. Dih.          LJ-14
    6.12033e+03    1.72731e+04    2.09302e+04    1.13588e+03    7.79424e+03
     Coulomb-14        LJ (SR)   Coulomb (SR)   Coul. recip. Position Rest.
    8.10709e+04    5.21592e+05   -4.18225e+06    2.51757e+04    2.07815e+03
      Potential    Kinetic En.   Total Energy  Conserved En.    Temperature
   -3.49908e+06    7.04729e+05   -2.79435e+06   -2.81398e+06    3.09715e+02
 Pressure (bar)   Constr. rmsd
    6.10513e+01    3.82614e-06

           Step           Time
          19400       38.80000

   Energies (kJ/mol)
           Bond          Angle    Proper Dih. Per. Imp. Dih.          LJ-14
    6.13825e+03    1.73984e+04    2.08437e+04    1.09356e+03    7.70669e+03
     Coulomb-14        LJ (SR)   Coulomb (SR)   Coul. recip. Position Rest.
    8.09693e+04    5.16032e+05   -4.17523e+06    2.53151e+04    2.01885e+03
      Potential    Kinetic En.   Total Energy  Conserved En.    Temperature
   -3.49772e+06    7.07276e+05   -2.79044e+06   -2.81386e+06    3.10834e+02
 Pressure (bar)   Constr. rmsd
   -6.47549e+01    3.93033e-06

           Step           Time
          19500       39.00000

   Energies (kJ/mol)
           Bond          Angle    Proper Dih. Per. Imp. Dih.          LJ-14
    6.34000e+03    1.72525e+04    2.09612e+04    1.14330e+03    7.67057e+03
     Coulomb-14        LJ (SR)   Coulomb (SR)   Coul. recip. Position Rest.
    8.10744e+04    5.20912e+05   -4.18169e+06    2.52825e+04    1.97906e+03
      Potential    Kinetic En.   Total Energy  Conserved En.    Temperature
   -3.49907e+06    7.05246e+05   -2.79382e+06   -2.81366e+06    3.09942e+02
 Pressure (bar)   Constr. rmsd
    3.40158e+00    3.82877e-06

           Step           Time
          19600       39.20000

   Energies (kJ/mol)
           Bond          Angle    Proper Dih. Per. Imp. Dih.          LJ-14
    6.11077e+03    1.72191e+04    2.09249e+04    1.08636e+03    7.58631e+03
     Coulomb-14        LJ (SR)   Coulomb (SR)   Coul. recip. Position Rest.
    8.14529e+04    5.18781e+05   -4.18024e+06    2.52351e+04    2.05424e+03
      Potential    Kinetic En.   Total Energy  Conserved En.    Temperature
   -3.49979e+06    7.04596e+05   -2.79519e+06   -2.81343e+06    3.09657e+02
 Pressure (bar)   Constr. rmsd
   -2.54137e+01    3.80759e-06

           Step           Time
          19700       39.40000

   Energies (kJ/mol)
           Bond          Angle    Proper Dih. Per. Imp. Dih.          LJ-14
    6.00937e+03    1.73317e+04    2.06911e+04    1.03536e+03    7.69870e+03
     Coulomb-14        LJ (SR)   Coulomb (SR)   Coul. recip. Position Rest.
    8.12607e+04    5.23417e+05   -4.18919e+06    2.51115e+04    2.10790e+03
      Potential    Kinetic En.   Total Energy  Conserved En.    Temperature
   -3.50453e+06    7.05866e+05   -2.79866e+06   -2.81348e+06    3.10215e+02
 Pressure (bar)   Constr. rmsd
   -1.48700e+01    3.94991e-06

           Step           Time
          19800       39.60000

   Energies (kJ/mol)
           Bond          Angle    Proper Dih. Per. Imp. Dih.          LJ-14
    6.27426e+03    1.70206e+04    2.08803e+04    1.07887e+03    7.66410e+03
     Coulomb-14        LJ (SR)   Coulomb (SR)   Coul. recip. Position Rest.
    8.13197e+04    5.19499e+05   -4.18198e+06    2.52730e+04    2.06284e+03
      Potential    Kinetic En.   Total Energy  Conserved En.    Temperature
   -3.50091e+06    7.04644e+05   -2.79626e+06   -2.81351e+06    3.09678e+02
 Pressure (bar)   Constr. rmsd
   -5.93850e+01    3.83715e-06

           Step           Time
          19900       39.80000

   Energies (kJ/mol)
           Bond          Angle    Proper Dih. Per. Imp. Dih.          LJ-14
    6.02006e+03    1.71825e+04    2.10175e+04    1.09172e+03    7.70340e+03
     Coulomb-14        LJ (SR)   Coulomb (SR)   Coul. recip. Position Rest.
    8.09636e+04    5.23198e+05   -4.18913e+06    2.50336e+04    2.03841e+03
      Potential    Kinetic En.   Total Energy  Conserved En.    Temperature
   -3.50488e+06    7.04754e+05   -2.80012e+06   -2.81330e+06    3.09726e+02
 Pressure (bar)   Constr. rmsd
    5.81183e+01    3.89484e-06

           Step           Time
          20000       40.00000

   Energies (kJ/mol)
           Bond          Angle    Proper Dih. Per. Imp. Dih.          LJ-14
    6.25791e+03    1.73837e+04    2.10442e+04    1.09316e+03    7.64588e+03
     Coulomb-14        LJ (SR)   Coulomb (SR)   Coul. recip. Position Rest.
    8.06253e+04    5.19465e+05   -4.18263e+06    2.52534e+04    2.04537e+03
      Potential    Kinetic En.   Total Energy  Conserved En.    Temperature
   -3.50182e+06    7.05122e+05   -2.79670e+06   -2.81332e+06    3.09888e+02
 Pressure (bar)   Constr. rmsd
   -3.70122e+01    3.96346e-06

           Step           Time
          20100       40.20000

   Energies (kJ/mol)
           Bond          Angle    Proper Dih. Per. Imp. Dih.          LJ-14
    6.18636e+03    1.71130e+04    2.08011e+04    1.04257e+03    7.69919e+03
     Coulomb-14        LJ (SR)   Coulomb (SR)   Coul. recip. Position Rest.
    8.09179e+04    5.20302e+05   -4.18382e+06    2.50534e+04    1.92123e+03
      Potential    Kinetic En.   Total Energy  Conserved En.    Temperature
   -3.50278e+06    7.03641e+05   -2.79914e+06   -2.81338e+06    3.09237e+02
 Pressure (bar)   Constr. rmsd
    1.00898e+01    3.84290e-06

           Step           Time
          20200       40.40000

   Energies (kJ/mol)
           Bond          Angle    Proper Dih. Per. Imp. Dih.          LJ-14
    6.12331e+03    1.69998e+04    2.09790e+04    1.11975e+03    7.76119e+03
     Coulomb-14        LJ (SR)   Coulomb (SR)   Coul. recip. Position Rest.
    8.10497e+04    5.20697e+05   -4.18497e+06    2.51165e+04    1.98411e+03
      Potential    Kinetic En.   Total Energy  Conserved En.    Temperature
   -3.50313e+06    7.05027e+05   -2.79811e+06   -2.81328e+06    3.09846e+02
 Pressure (bar)   Constr. rmsd
   -5.32961e+00    3.98187e-06

           Step           Time
          20300       40.60000

   Energies (kJ/mol)
           Bond          Angle    Proper Dih. Per. Imp. Dih.          LJ-14
    6.25443e+03    1.73956e+04    2.10042e+04    1.08047e+03    7.71161e+03
     Coulomb-14        LJ (SR)   Coulomb (SR)   Coul. recip. Position Rest.
    8.09227e+04    5.20607e+05   -4.18434e+06    2.49044e+04    2.00925e+03
      Potential    Kinetic En.   Total Energy  Conserved En.    Temperature
   -3.50246e+06    7.05270e+05   -2.79718e+06   -2.81350e+06    3.09953e+02
 Pressure (bar)   Constr. rmsd
   -3.05240e+00    3.82585e-06

           Step           Time
          20400       40.80000

   Energies (kJ/mol)
           Bond          Angle    Proper Dih. Per. Imp. Dih.          LJ-14
    6.23749e+03    1.70786e+04    2.09266e+04    1.12094e+03    7.73713e+03
     Coulomb-14        LJ (SR)   Coulomb (SR)   Coul. recip. Position Rest.
    8.12009e+04    5.19951e+05   -4.18686e+06    2.50081e+04    1.92160e+03
      Potential    Kinetic En.   Total Energy  Conserved En.    Temperature
   -3.50568e+06    7.04659e+05   -2.80102e+06   -2.81341e+06    3.09684e+02
 Pressure (bar)   Constr. rmsd
   -8.20964e+01    3.89104e-06

           Step           Time
          20500       41.00000

   Energies (kJ/mol)
           Bond          Angle    Proper Dih. Per. Imp. Dih.          LJ-14
    6.06845e+03    1.69695e+04    2.09441e+04    1.10850e+03    7.66275e+03
     Coulomb-14        LJ (SR)   Coulomb (SR)   Coul. recip. Position Rest.
    8.11141e+04    5.22314e+05   -4.19007e+06    2.48370e+04    2.07998e+03
      Potential    Kinetic En.   Total Energy  Conserved En.    Temperature
   -3.50697e+06    7.05229e+05   -2.80174e+06   -2.81335e+06    3.09935e+02
 Pressure (bar)   Constr. rmsd
    5.92119e+00    3.81381e-06

           Step           Time
          20600       41.20000

   Energies (kJ/mol)
           Bond          Angle    Proper Dih. Per. Imp. Dih.          LJ-14
    6.14596e+03    1.71739e+04    2.09616e+04    1.12192e+03    7.73395e+03
     Coulomb-14        LJ (SR)   Coulomb (SR)   Coul. recip. Position Rest.
    8.10431e+04    5.21328e+05   -4.18600e+06    2.50473e+04    2.11902e+03
      Potential    Kinetic En.   Total Energy  Conserved En.    Temperature
   -3.50333e+06    7.02254e+05   -2.80107e+06   -2.81318e+06    3.08628e+02
 Pressure (bar)   Constr. rmsd
    1.61933e+01    3.96851e-06

           Step           Time
          20700       41.40000

   Energies (kJ/mol)
           Bond          Angle    Proper Dih. Per. Imp. Dih.          LJ-14
    6.13015e+03    1.72725e+04    2.09744e+04    1.02277e+03    7.77159e+03
     Coulomb-14        LJ (SR)   Coulomb (SR)   Coul. recip. Position Rest.
    8.12008e+04    5.20634e+05   -4.18511e+06    2.51471e+04    2.11193e+03
      Potential    Kinetic En.   Total Energy  Conserved En.    Temperature
   -3.50285e+06    7.04757e+05   -2.79809e+06   -2.81360e+06    3.09727e+02
 Pressure (bar)   Constr. rmsd
   -3.08077e+01    4.06304e-06

           Step           Time
          20800       41.60000

   Energies (kJ/mol)
           Bond          Angle    Proper Dih. Per. Imp. Dih.          LJ-14
    6.39750e+03    1.75209e+04    2.09777e+04    1.06968e+03    7.52747e+03
     Coulomb-14        LJ (SR)   Coulomb (SR)   Coul. recip. Position Rest.
    8.08745e+04    5.20681e+05   -4.18333e+06    2.53098e+04    2.16423e+03
      Potential    Kinetic En.   Total Energy  Conserved En.    Temperature
   -3.50081e+06    7.03801e+05   -2.79701e+06   -2.81350e+06    3.09307e+02
 Pressure (bar)   Constr. rmsd
   -4.75184e+01    3.72511e-06

           Step           Time
          20900       41.80000

   Energies (kJ/mol)
           Bond          Angle    Proper Dih. Per. Imp. Dih.          LJ-14
    6.29835e+03    1.72742e+04    2.09774e+04    1.14484e+03    7.66476e+03
     Coulomb-14        LJ (SR)   Coulomb (SR)   Coul. recip. Position Rest.
    8.11540e+04    5.21857e+05   -4.18204e+06    2.50870e+04    2.10101e+03
      Potential    Kinetic En.   Total Energy  Conserved En.    Temperature
   -3.49848e+06    7.06648e+05   -2.79184e+06   -2.81353e+06    3.10558e+02
 Pressure (bar)   Constr. rmsd
    4.23835e+01    3.94280e-06

           Step           Time
          21000       42.00000

   Energies (kJ/mol)
           Bond          Angle    Proper Dih. Per. Imp. Dih.          LJ-14
    6.26208e+03    1.70601e+04    2.09284e+04    1.10637e+03    7.72990e+03
     Coulomb-14        LJ (SR)   Coulomb (SR)   Coul. recip. Position Rest.
    8.10345e+04    5.17990e+05   -4.17812e+06    2.52558e+04    2.11689e+03
      Potential    Kinetic En.   Total Energy  Conserved En.    Temperature
   -3.49864e+06    7.04353e+05   -2.79429e+06   -2.81350e+06    3.09550e+02
 Pressure (bar)   Constr. rmsd
   -8.68418e+01    3.97095e-06

           Step           Time
          21100       42.20000

   Energies (kJ/mol)
           Bond          Angle    Proper Dih. Per. Imp. Dih.          LJ-14
    6.17884e+03    1.73275e+04    2.08339e+04    1.08265e+03    7.71823e+03
     Coulomb-14        LJ (SR)   Coulomb (SR)   Coul. recip. Position Rest.
    8.12004e+04    5.18088e+05   -4.18032e+06    2.52610e+04    2.14691e+03
      Potential    Kinetic En.   Total Energy  Conserved En.    Temperature
   -3.50048e+06    7.03668e+05   -2.79681e+06   -2.81362e+06    3.09249e+02
 Pressure (bar)   Constr. rmsd
   -1.05947e+02    3.82295e-06

           Step           Time
          21200       42.40000

   Energies (kJ/mol)
           Bond          Angle    Proper Dih. Per. Imp. Dih.          LJ-14
    6.22558e+03    1.70757e+04    2.08154e+04    1.13856e+03    7.53138e+03
     Coulomb-14        LJ (SR)   Coulomb (SR)   Coul. recip. Position Rest.
    8.07482e+04    5.21804e+05   -4.18455e+06    2.50030e+04    1.99785e+03
      Potential    Kinetic En.   Total Energy  Conserved En.    Temperature
   -3.50221e+06    7.03090e+05   -2.79912e+06   -2.81355e+06    3.08995e+02
 Pressure (bar)   Constr. rmsd
   -1.18807e+01    3.71580e-06

           Step           Time
          21300       42.60000

   Energies (kJ/mol)
           Bond          Angle    Proper Dih. Per. Imp. Dih.          LJ-14
    6.16357e+03    1.65969e+04    2.09277e+04    1.05661e+03    7.70874e+03
     Coulomb-14        LJ (SR)   Coulomb (SR)   Coul. recip. Position Rest.
    8.08479e+04    5.18242e+05   -4.18266e+06    2.51901e+04    2.08563e+03
      Potential    Kinetic En.   Total Energy  Conserved En.    Temperature
   -3.50384e+06    7.04167e+05   -2.79968e+06   -2.81371e+06    3.09468e+02
 Pressure (bar)   Constr. rmsd
   -9.75589e+01    3.90983e-06

           Step           Time
          21400       42.80000

   Energies (kJ/mol)
           Bond          Angle    Proper Dih. Per. Imp. Dih.          LJ-14
    6.17278e+03    1.70333e+04    2.08857e+04    1.11300e+03    7.60200e+03
     Coulomb-14        LJ (SR)   Coulomb (SR)   Coul. recip. Position Rest.
    8.11369e+04    5.20032e+05   -4.18186e+06    2.50194e+04    1.99169e+03
      Potential    Kinetic En.   Total Energy  Conserved En.    Temperature
   -3.50087e+06    7.06043e+05   -2.79483e+06   -2.81365e+06    3.10293e+02
 Pressure (bar)   Constr. rmsd
    5.17257e+00    3.84656e-06

Writing checkpoint, step 21450 at Thu Jul 16 22:31:37 2026


           Step           Time
          21500       43.00000

   Energies (kJ/mol)
           Bond          Angle    Proper Dih. Per. Imp. Dih.          LJ-14
    6.11225e+03    1.69859e+04    2.09814e+04    1.04468e+03    7.74272e+03
     Coulomb-14        LJ (SR)   Coulomb (SR)   Coul. recip. Position Rest.
    8.10560e+04    5.22986e+05   -4.18548e+06    2.51654e+04    2.08940e+03
      Potential    Kinetic En.   Total Energy  Conserved En.    Temperature
   -3.50131e+06    7.04506e+05   -2.79681e+06   -2.81349e+06    3.09617e+02
 Pressure (bar)   Constr. rmsd
    7.16844e+01    3.79470e-06

           Step           Time
          21600       43.20000

   Energies (kJ/mol)
           Bond          Angle    Proper Dih. Per. Imp. Dih.          LJ-14
    6.18460e+03    1.70576e+04    2.08531e+04    1.11013e+03    7.67576e+03
     Coulomb-14        LJ (SR)   Coulomb (SR)   Coul. recip. Position Rest.
    8.11589e+04    5.18184e+05   -4.18128e+06    2.51314e+04    1.95296e+03
      Potential    Kinetic En.   Total Energy  Conserved En.    Temperature
   -3.50197e+06    7.05020e+05   -2.79695e+06   -2.81389e+06    3.09843e+02
 Pressure (bar)   Constr. rmsd
   -6.93333e+01    3.83001e-06

           Step           Time
          21700       43.40000

   Energies (kJ/mol)
           Bond          Angle    Proper Dih. Per. Imp. Dih.          LJ-14
    6.35463e+03    1.72918e+04    2.10008e+04    1.06526e+03    7.63920e+03
     Coulomb-14        LJ (SR)   Coulomb (SR)   Coul. recip. Position Rest.
    8.07656e+04    5.22385e+05   -4.18515e+06    2.52977e+04    2.05331e+03
      Potential    Kinetic En.   Total Energy  Conserved En.    Temperature
   -3.50130e+06    7.04991e+05   -2.79630e+06   -2.81382e+06    3.09830e+02
 Pressure (bar)   Constr. rmsd
   -1.99900e+01    3.83921e-06

           Step           Time
          21800       43.60000

   Energies (kJ/mol)
           Bond          Angle    Proper Dih. Per. Imp. Dih.          LJ-14
    6.19106e+03    1.70841e+04    2.08239e+04    1.06320e+03    7.69070e+03
     Coulomb-14        LJ (SR)   Coulomb (SR)   Coul. recip. Position Rest.
    8.10261e+04    5.20759e+05   -4.18268e+06    2.51227e+04    1.96508e+03
      Potential    Kinetic En.   Total Energy  Conserved En.    Temperature
   -3.50095e+06    7.02641e+05   -2.79831e+06   -2.81375e+06    3.08798e+02
 Pressure (bar)   Constr. rmsd
   -7.11398e+00    3.86879e-06

           Step           Time
          21900       43.80000

   Energies (kJ/mol)
           Bond          Angle    Proper Dih. Per. Imp. Dih.          LJ-14
    6.04032e+03    1.72303e+04    2.08907e+04    1.09903e+03    7.65895e+03
     Coulomb-14        LJ (SR)   Coulomb (SR)   Coul. recip. Position Rest.
    8.10720e+04    5.19210e+05   -4.18074e+06    2.50796e+04    1.98850e+03
      Potential    Kinetic En.   Total Energy  Conserved En.    Temperature
   -3.50047e+06    7.05983e+05   -2.79449e+06   -2.81348e+06    3.10266e+02
 Pressure (bar)   Constr. rmsd
   -2.95352e+01    3.81714e-06

           Step           Time
          22000       44.00000

   Energies (kJ/mol)
           Bond          Angle    Proper Dih. Per. Imp. Dih.          LJ-14
    6.33090e+03    1.71080e+04    2.08353e+04    9.88664e+02    7.66638e+03
     Coulomb-14        LJ (SR)   Coulomb (SR)   Coul. recip. Position Rest.
    8.09424e+04    5.20738e+05   -4.18320e+06    2.51045e+04    2.04632e+03
      Potential    Kinetic En.   Total Energy  Conserved En.    Temperature
   -3.50144e+06    7.06462e+05   -2.79497e+06   -2.81339e+06    3.10477e+02
 Pressure (bar)   Constr. rmsd
   -3.35739e+01    3.98082e-06

           Step           Time
          22100       44.20000

   Energies (kJ/mol)
           Bond          Angle    Proper Dih. Per. Imp. Dih.          LJ-14
    5.92950e+03    1.72913e+04    2.07228e+04    1.09504e+03    7.68326e+03
     Coulomb-14        LJ (SR)   Coulomb (SR)   Coul. recip. Position Rest.
    8.12758e+04    5.22084e+05   -4.18625e+06    2.54682e+04    2.01303e+03
      Potential    Kinetic En.   Total Energy  Conserved En.    Temperature
   -3.50268e+06    7.05539e+05   -2.79714e+06   -2.81312e+06    3.10071e+02
 Pressure (bar)   Constr. rmsd
    1.10113e+01    3.83833e-06

           Step           Time
          22200       44.40000

   Energies (kJ/mol)
           Bond          Angle    Proper Dih. Per. Imp. Dih.          LJ-14
    6.00552e+03    1.72082e+04    2.08163e+04    1.03749e+03    7.68047e+03
     Coulomb-14        LJ (SR)   Coulomb (SR)   Coul. recip. Position Rest.
    8.09616e+04    5.20060e+05   -4.18425e+06    2.48892e+04    1.97971e+03
      Potential    Kinetic En.   Total Energy  Conserved En.    Temperature
   -3.50362e+06    7.05969e+05   -2.79765e+06   -2.81313e+06    3.10260e+02
 Pressure (bar)   Constr. rmsd
   -2.37361e+01    4.06730e-06

           Step           Time
          22300       44.60000

   Energies (kJ/mol)
           Bond          Angle    Proper Dih. Per. Imp. Dih.          LJ-14
    6.17663e+03    1.67140e+04    2.08832e+04    1.03480e+03    7.70001e+03
     Coulomb-14        LJ (SR)   Coulomb (SR)   Coul. recip. Position Rest.
    8.09804e+04    5.23242e+05   -4.18687e+06    2.53289e+04    1.99604e+03
      Potential    Kinetic En.   Total Energy  Conserved En.    Temperature
   -3.50281e+06    7.05412e+05   -2.79740e+06   -2.81304e+06    3.10015e+02
 Pressure (bar)   Constr. rmsd
    1.83382e+01    3.94051e-06

           Step           Time
          22400       44.80000

   Energies (kJ/mol)
           Bond          Angle    Proper Dih. Per. Imp. Dih.          LJ-14
    6.08407e+03    1.72283e+04    2.09409e+04    1.08867e+03    7.60562e+03
     Coulomb-14        LJ (SR)   Coulomb (SR)   Coul. recip. Position Rest.
    8.09588e+04    5.21079e+05   -4.18588e+06    2.49726e+04    1.98197e+03
      Potential    Kinetic En.   Total Energy  Conserved En.    Temperature
   -3.50394e+06    7.04677e+05   -2.79926e+06   -2.81308e+06    3.09692e+02
 Pressure (bar)   Constr. rmsd
    1.27409e+01    3.83222e-06

           Step           Time
          22500       45.00000

   Energies (kJ/mol)
           Bond          Angle    Proper Dih. Per. Imp. Dih.          LJ-14
    6.28475e+03    1.68324e+04    2.09533e+04    1.10856e+03    7.72562e+03
     Coulomb-14        LJ (SR)   Coulomb (SR)   Coul. recip. Position Rest.
    8.09318e+04    5.23390e+05   -4.18933e+06    2.50546e+04    2.08466e+03
      Potential    Kinetic En.   Total Energy  Conserved En.    Temperature
   -3.50497e+06    7.06958e+05   -2.79801e+06   -2.81321e+06    3.10695e+02
 Pressure (bar)   Constr. rmsd
    8.36958e+01    3.97946e-06

           Step           Time
          22600       45.20000

   Energies (kJ/mol)
           Bond          Angle    Proper Dih. Per. Imp. Dih.          LJ-14
    6.21959e+03    1.71944e+04    2.10485e+04    1.07080e+03    7.57926e+03
     Coulomb-14        LJ (SR)   Coulomb (SR)   Coul. recip. Position Rest.
    8.10580e+04    5.19404e+05   -4.18461e+06    2.50379e+04    1.96633e+03
      Potential    Kinetic En.   Total Energy  Conserved En.    Temperature
   -3.50403e+06    7.05384e+05   -2.79865e+06   -2.81311e+06    3.10003e+02
 Pressure (bar)   Constr. rmsd
   -8.60645e+01    3.91238e-06

           Step           Time
          22700       45.40000

   Energies (kJ/mol)
           Bond          Angle    Proper Dih. Per. Imp. Dih.          LJ-14
    6.29204e+03    1.74511e+04    2.10325e+04    1.11119e+03    7.62310e+03
     Coulomb-14        LJ (SR)   Coulomb (SR)   Coul. recip. Position Rest.
    8.11229e+04    5.25049e+05   -4.18886e+06    2.52541e+04    2.05665e+03
      Potential    Kinetic En.   Total Energy  Conserved En.    Temperature
   -3.50187e+06    7.06300e+05   -2.79557e+06   -2.81321e+06    3.10405e+02
 Pressure (bar)   Constr. rmsd
    4.83893e+01    3.83082e-06

           Step           Time
          22800       45.60000

   Energies (kJ/mol)
           Bond          Angle    Proper Dih. Per. Imp. Dih.          LJ-14
    6.01585e+03    1.71638e+04    2.07925e+04    1.00788e+03    7.71220e+03
     Coulomb-14        LJ (SR)   Coulomb (SR)   Coul. recip. Position Rest.
    8.11322e+04    5.19787e+05   -4.18311e+06    2.53976e+04    2.00049e+03
      Potential    Kinetic En.   Total Energy  Conserved En.    Temperature
   -3.50210e+06    7.03621e+05   -2.79848e+06   -2.81321e+06    3.09228e+02
 Pressure (bar)   Constr. rmsd
   -3.00450e+00    3.87202e-06

           Step           Time
          22900       45.80000

   Energies (kJ/mol)
           Bond          Angle    Proper Dih. Per. Imp. Dih.          LJ-14
    6.20836e+03    1.71657e+04    2.09633e+04    1.02543e+03    7.73196e+03
     Coulomb-14        LJ (SR)   Coulomb (SR)   Coul. recip. Position Rest.
    8.12925e+04    5.20744e+05   -4.18257e+06    2.49955e+04    2.08221e+03
      Potential    Kinetic En.   Total Energy  Conserved En.    Temperature
   -3.50036e+06    7.04984e+05   -2.79538e+06   -2.81297e+06    3.09827e+02
 Pressure (bar)   Constr. rmsd
    6.33608e+00    3.91775e-06

           Step           Time
          23000       46.00000

   Energies (kJ/mol)
           Bond          Angle    Proper Dih. Per. Imp. Dih.          LJ-14
    6.04112e+03    1.70547e+04    2.07935e+04    1.04750e+03    7.66870e+03
     Coulomb-14        LJ (SR)   Coulomb (SR)   Coul. recip. Position Rest.
    8.10227e+04    5.20146e+05   -4.18295e+06    2.48837e+04    1.98521e+03
      Potential    Kinetic En.   Total Energy  Conserved En.    Temperature
   -3.50231e+06    7.04794e+05   -2.79751e+06   -2.81285e+06    3.09744e+02
 Pressure (bar)   Constr. rmsd
   -1.55329e+01    3.77746e-06

           Step           Time
          23100       46.20000

   Energies (kJ/mol)
           Bond          Angle    Proper Dih. Per. Imp. Dih.          LJ-14
    5.93716e+03    1.70981e+04    2.09181e+04    1.01590e+03    7.62595e+03
     Coulomb-14        LJ (SR)   Coulomb (SR)   Coul. recip. Position Rest.
    8.11266e+04    5.21475e+05   -4.18791e+06    2.51135e+04    1.95711e+03
      Potential    Kinetic En.   Total Energy  Conserved En.    Temperature
   -3.50564e+06    7.05934e+05   -2.79971e+06   -2.81290e+06    3.10245e+02
 Pressure (bar)   Constr. rmsd
   -1.57897e+01    3.80877e-06

           Step           Time
          23200       46.40000

   Energies (kJ/mol)
           Bond          Angle    Proper Dih. Per. Imp. Dih.          LJ-14
    6.20436e+03    1.68358e+04    2.08843e+04    1.06924e+03    7.68606e+03
     Coulomb-14        LJ (SR)   Coulomb (SR)   Coul. recip. Position Rest.
    8.09762e+04    5.21344e+05   -4.18595e+06    2.51998e+04    2.00401e+03
      Potential    Kinetic En.   Total Energy  Conserved En.    Temperature
   -3.50374e+06    7.03774e+05   -2.79997e+06   -2.81295e+06    3.09296e+02
 Pressure (bar)   Constr. rmsd
    1.76374e+00    3.78082e-06

           Step           Time
          23300       46.60000

   Energies (kJ/mol)
           Bond          Angle    Proper Dih. Per. Imp. Dih.          LJ-14
    6.13538e+03    1.72290e+04    2.08974e+04    1.21154e+03    7.69737e+03
     Coulomb-14        LJ (SR)   Coulomb (SR)   Coul. recip. Position Rest.
    8.10473e+04    5.22129e+05   -4.18647e+06    2.51222e+04    1.98712e+03
      Potential    Kinetic En.   Total Energy  Conserved En.    Temperature
   -3.50302e+06    7.08668e+05   -2.79435e+06   -2.81285e+06    3.11446e+02
 Pressure (bar)   Constr. rmsd
    4.30254e+01    4.00562e-06

           Step           Time
          23400       46.80000

   Energies (kJ/mol)
           Bond          Angle    Proper Dih. Per. Imp. Dih.          LJ-14
    6.12476e+03    1.72630e+04    2.09691e+04    1.09309e+03    7.65036e+03
     Coulomb-14        LJ (SR)   Coulomb (SR)   Coul. recip. Position Rest.
    8.10634e+04    5.19733e+05   -4.18223e+06    2.50625e+04    2.04328e+03
      Potential    Kinetic En.   Total Energy  Conserved En.    Temperature
   -3.50123e+06    7.05959e+05   -2.79527e+06   -2.81285e+06    3.10256e+02
 Pressure (bar)   Constr. rmsd
    3.19409e+00    3.85274e-06

           Step           Time
          23500       47.00000

   Energies (kJ/mol)
           Bond          Angle    Proper Dih. Per. Imp. Dih.          LJ-14
    6.18225e+03    1.74129e+04    2.08632e+04    1.04242e+03    7.64210e+03
     Coulomb-14        LJ (SR)   Coulomb (SR)   Coul. recip. Position Rest.
    8.07606e+04    5.18773e+05   -4.18135e+06    2.51698e+04    2.03755e+03
      Potential    Kinetic En.   Total Energy  Conserved En.    Temperature
   -3.50146e+06    7.04973e+05   -2.79649e+06   -2.81282e+06    3.09822e+02
 Pressure (bar)   Constr. rmsd
   -5.63631e+01    3.98400e-06

           Step           Time
          23600       47.20000

   Energies (kJ/mol)
           Bond          Angle    Proper Dih. Per. Imp. Dih.          LJ-14
    6.07975e+03    1.75026e+04    2.09180e+04    1.03256e+03    7.77176e+03
     Coulomb-14        LJ (SR)   Coulomb (SR)   Coul. recip. Position Rest.
    8.06783e+04    5.20171e+05   -4.18550e+06    2.51161e+04    1.96390e+03
      Potential    Kinetic En.   Total Energy  Conserved En.    Temperature
   -3.50427e+06    7.06519e+05   -2.79775e+06   -2.81285e+06    3.10502e+02
 Pressure (bar)   Constr. rmsd
    1.87181e-01    3.84914e-06

           Step           Time
          23700       47.40000

   Energies (kJ/mol)
           Bond          Angle    Proper Dih. Per. Imp. Dih.          LJ-14
    6.09655e+03    1.72932e+04    2.09797e+04    1.10558e+03    7.63401e+03
     Coulomb-14        LJ (SR)   Coulomb (SR)   Coul. recip. Position Rest.
    8.09884e+04    5.17106e+05   -4.18163e+06    2.52434e+04    2.05705e+03
      Potential    Kinetic En.   Total Energy  Conserved En.    Temperature
   -3.50312e+06    7.06650e+05   -2.79647e+06   -2.81249e+06    3.10559e+02
 Pressure (bar)   Constr. rmsd
   -6.31345e+01    3.88290e-06

           Step           Time
          23800       47.60000

   Energies (kJ/mol)
           Bond          Angle    Proper Dih. Per. Imp. Dih.          LJ-14
    6.19401e+03    1.73503e+04    2.08323e+04    1.10673e+03    7.77360e+03
     Coulomb-14        LJ (SR)   Coulomb (SR)   Coul. recip. Position Rest.
    8.13796e+04    5.21160e+05   -4.18248e+06    2.50638e+04    2.06323e+03
      Potential    Kinetic En.   Total Energy  Conserved En.    Temperature
   -3.49956e+06    7.05255e+05   -2.79430e+06   -2.81254e+06    3.09946e+02
 Pressure (bar)   Constr. rmsd
    8.00290e+00    3.95566e-06

           Step           Time
          23900       47.80000

   Energies (kJ/mol)
           Bond          Angle    Proper Dih. Per. Imp. Dih.          LJ-14
    6.25660e+03    1.66809e+04    2.08060e+04    1.11714e+03    7.69627e+03
     Coulomb-14        LJ (SR)   Coulomb (SR)   Coul. recip. Position Rest.
    8.08683e+04    5.23129e+05   -4.18587e+06    2.50826e+04    2.00337e+03
      Potential    Kinetic En.   Total Energy  Conserved En.    Temperature
   -3.50223e+06    7.02528e+05   -2.79970e+06   -2.81293e+06    3.08748e+02
 Pressure (bar)   Constr. rmsd
    1.48245e+01    3.80175e-06

           Step           Time
          24000       48.00000

   Energies (kJ/mol)
           Bond          Angle    Proper Dih. Per. Imp. Dih.          LJ-14
    6.32111e+03    1.68074e+04    2.08485e+04    1.01843e+03    7.70399e+03
     Coulomb-14        LJ (SR)   Coulomb (SR)   Coul. recip. Position Rest.
    8.10905e+04    5.18140e+05   -4.18199e+06    2.53150e+04    2.01514e+03
      Potential    Kinetic En.   Total Energy  Conserved En.    Temperature
   -3.50273e+06    7.06362e+05   -2.79637e+06   -2.81282e+06    3.10433e+02
 Pressure (bar)   Constr. rmsd
   -3.78372e+01    3.95329e-06

           Step           Time
          24100       48.20000

   Energies (kJ/mol)
           Bond          Angle    Proper Dih. Per. Imp. Dih.          LJ-14
    6.14526e+03    1.74907e+04    2.09191e+04    1.03285e+03    7.79876e+03
     Coulomb-14        LJ (SR)   Coulomb (SR)   Coul. recip. Position Rest.
    8.10891e+04    5.22393e+05   -4.18485e+06    2.55941e+04    1.99563e+03
      Potential    Kinetic En.   Total Energy  Conserved En.    Temperature
   -3.50039e+06    7.05392e+05   -2.79500e+06   -2.81301e+06    3.10006e+02
 Pressure (bar)   Constr. rmsd
    6.56093e+01    3.90455e-06

           Step           Time
          24200       48.40000

   Energies (kJ/mol)
           Bond          Angle    Proper Dih. Per. Imp. Dih.          LJ-14
    6.14161e+03    1.70424e+04    2.09009e+04    1.08687e+03    7.66246e+03
     Coulomb-14        LJ (SR)   Coulomb (SR)   Coul. recip. Position Rest.
    8.11641e+04    5.16890e+05   -4.17839e+06    2.52272e+04    2.03889e+03
      Potential    Kinetic En.   Total Energy  Conserved En.    Temperature
   -3.50024e+06    7.06914e+05   -2.79332e+06   -2.81310e+06    3.10676e+02
 Pressure (bar)   Constr. rmsd
   -4.32186e+01    4.09168e-06

           Step           Time
          24300       48.60000

   Energies (kJ/mol)
           Bond          Angle    Proper Dih. Per. Imp. Dih.          LJ-14
    6.19729e+03    1.72341e+04    2.08894e+04    1.10334e+03    7.70517e+03
     Coulomb-14        LJ (SR)   Coulomb (SR)   Coul. recip. Position Rest.
    8.11807e+04    5.20055e+05   -4.18117e+06    2.52770e+04    1.93496e+03
      Potential    Kinetic En.   Total Energy  Conserved En.    Temperature
   -3.49960e+06    7.06791e+05   -2.79281e+06   -2.81310e+06    3.10621e+02
 Pressure (bar)   Constr. rmsd
   -2.01236e+00    3.80992e-06

           Step           Time
          24400       48.80000

   Energies (kJ/mol)
           Bond          Angle    Proper Dih. Per. Imp. Dih.          LJ-14
    6.48912e+03    1.73377e+04    2.09982e+04    1.14328e+03    7.63887e+03
     Coulomb-14        LJ (SR)   Coulomb (SR)   Coul. recip. Position Rest.
    8.08471e+04    5.17096e+05   -4.17742e+06    2.50492e+04    1.89701e+03
      Potential    Kinetic En.   Total Energy  Conserved En.    Temperature
   -3.49892e+06    7.08490e+05   -2.79043e+06   -2.81280e+06    3.11368e+02
 Pressure (bar)   Constr. rmsd
   -2.41662e+01    4.03999e-06

           Step           Time
          24500       49.00000

   Energies (kJ/mol)
           Bond          Angle    Proper Dih. Per. Imp. Dih.          LJ-14
    6.37214e+03    1.73281e+04    2.08776e+04    1.05031e+03    7.74836e+03
     Coulomb-14        LJ (SR)   Coulomb (SR)   Coul. recip. Position Rest.
    8.14825e+04    5.20769e+05   -4.18330e+06    2.50435e+04    2.09526e+03
      Potential    Kinetic En.   Total Energy  Conserved En.    Temperature
   -3.50053e+06    7.08587e+05   -2.79194e+06   -2.81273e+06    3.11411e+02
 Pressure (bar)   Constr. rmsd
    9.94110e-02    3.86836e-06

           Step           Time
          24600       49.20000

   Energies (kJ/mol)
           Bond          Angle    Proper Dih. Per. Imp. Dih.          LJ-14
    5.98019e+03    1.71920e+04    2.09408e+04    1.03877e+03    7.66680e+03
     Coulomb-14        LJ (SR)   Coulomb (SR)   Coul. recip. Position Rest.
    8.10262e+04    5.20249e+05   -4.18302e+06    2.52755e+04    1.90135e+03
      Potential    Kinetic En.   Total Energy  Conserved En.    Temperature
   -3.50175e+06    7.03097e+05   -2.79865e+06   -2.81308e+06    3.08998e+02
 Pressure (bar)   Constr. rmsd
   -1.87403e+01    3.84869e-06

           Step           Time
          24700       49.40000

   Energies (kJ/mol)
           Bond          Angle    Proper Dih. Per. Imp. Dih.          LJ-14
    6.31581e+03    1.68279e+04    2.09467e+04    1.04433e+03    7.58234e+03
     Coulomb-14        LJ (SR)   Coulomb (SR)   Coul. recip. Position Rest.
    8.08540e+04    5.21511e+05   -4.18662e+06    2.49800e+04    2.07380e+03
      Potential    Kinetic En.   Total Energy  Conserved En.    Temperature
   -3.50448e+06    7.04495e+05   -2.79999e+06   -2.81320e+06    3.09612e+02
 Pressure (bar)   Constr. rmsd
   -2.17599e+01    3.79211e-06

           Step           Time
          24800       49.60000

   Energies (kJ/mol)
           Bond          Angle    Proper Dih. Per. Imp. Dih.          LJ-14
    6.32615e+03    1.70550e+04    2.08752e+04    1.04103e+03    7.68447e+03
     Coulomb-14        LJ (SR)   Coulomb (SR)   Coul. recip. Position Rest.
    8.10468e+04    5.19830e+05   -4.18564e+06    2.50544e+04    2.02246e+03
      Potential    Kinetic En.   Total Energy  Conserved En.    Temperature
   -3.50471e+06    7.05576e+05   -2.79913e+06   -2.81318e+06    3.10088e+02
 Pressure (bar)   Constr. rmsd
   -7.63733e+01    3.89326e-06

           Step           Time
          24900       49.80000

   Energies (kJ/mol)
           Bond          Angle    Proper Dih. Per. Imp. Dih.          LJ-14
    6.33541e+03    1.71441e+04    2.09326e+04    1.11137e+03    7.70726e+03
     Coulomb-14        LJ (SR)   Coulomb (SR)   Coul. recip. Position Rest.
    8.10703e+04    5.19958e+05   -4.18414e+06    2.51049e+04    1.99307e+03
      Potential    Kinetic En.   Total Energy  Conserved En.    Temperature
   -3.50278e+06    7.07333e+05   -2.79545e+06   -2.81307e+06    3.10860e+02
 Pressure (bar)   Constr. rmsd
   -2.16229e+00    3.91814e-06

           Step           Time
          25000       50.00000

   Energies (kJ/mol)
           Bond          Angle    Proper Dih. Per. Imp. Dih.          LJ-14
    6.15670e+03    1.66905e+04    2.08360e+04    9.07548e+02    7.78444e+03
     Coulomb-14        LJ (SR)   Coulomb (SR)   Coul. recip. Position Rest.
    8.13485e+04    5.17376e+05   -4.18093e+06    2.52487e+04    2.09850e+03
      Potential    Kinetic En.   Total Energy  Conserved En.    Temperature
   -3.50248e+06    7.04616e+05   -2.79787e+06   -2.81321e+06    3.09666e+02
 Pressure (bar)   Constr. rmsd
   -1.02783e+02    3.95287e-06

           Step           Time
          25100       50.20000

   Energies (kJ/mol)
           Bond          Angle    Proper Dih. Per. Imp. Dih.          LJ-14
    6.49252e+03    1.69612e+04    2.08048e+04    9.83327e+02    7.62410e+03
     Coulomb-14        LJ (SR)   Coulomb (SR)   Coul. recip. Position Rest.
    8.11757e+04    5.20213e+05   -4.18237e+06    2.49694e+04    1.95113e+03
      Potential    Kinetic En.   Total Energy  Conserved En.    Temperature
   -3.50119e+06    7.04355e+05   -2.79684e+06   -2.81313e+06    3.09551e+02
 Pressure (bar)   Constr. rmsd
   -7.67339e+01    3.85546e-06

           Step           Time
          25200       50.40000

   Energies (kJ/mol)
           Bond          Angle    Proper Dih. Per. Imp. Dih.          LJ-14
    6.36227e+03    1.73204e+04    2.07714e+04    1.03819e+03    7.63655e+03
     Coulomb-14        LJ (SR)   Coulomb (SR)   Coul. recip. Position Rest.
    8.10939e+04    5.21304e+05   -4.18478e+06    2.50584e+04    2.04481e+03
      Potential    Kinetic En.   Total Energy  Conserved En.    Temperature
   -3.50215e+06    7.04545e+05   -2.79761e+06   -2.81324e+06    3.09634e+02
 Pressure (bar)   Constr. rmsd
    1.81533e+01    3.74642e-06

           Step           Time
          25300       50.60000

   Energies (kJ/mol)
           Bond          Angle    Proper Dih. Per. Imp. Dih.          LJ-14
    6.24182e+03    1.69330e+04    2.08497e+04    1.05803e+03    7.67968e+03
     Coulomb-14        LJ (SR)   Coulomb (SR)   Coul. recip. Position Rest.
    8.08813e+04    5.20148e+05   -4.18450e+06    2.50360e+04    2.00745e+03
      Potential    Kinetic En.   Total Energy  Conserved En.    Temperature
   -3.50367e+06    7.04471e+05   -2.79919e+06   -2.81327e+06    3.09602e+02
 Pressure (bar)   Constr. rmsd
   -9.35664e+00    3.83886e-06

           Step           Time
          25400       50.80000

   Energies (kJ/mol)
           Bond          Angle    Proper Dih. Per. Imp. Dih.          LJ-14
    6.17679e+03    1.75145e+04    2.08812e+04    1.09852e+03    7.66640e+03
     Coulomb-14        LJ (SR)   Coulomb (SR)   Coul. recip. Position Rest.
    8.08304e+04    5.18700e+05   -4.18120e+06    2.53504e+04    2.06077e+03
      Potential    Kinetic En.   Total Energy  Conserved En.    Temperature
   -3.50092e+06    7.03608e+05   -2.79731e+06   -2.81312e+06    3.09222e+02
 Pressure (bar)   Constr. rmsd
   -2.81765e+01    3.84886e-06

           Step           Time
          25500       51.00000

   Energies (kJ/mol)
           Bond          Angle    Proper Dih. Per. Imp. Dih.          LJ-14
    6.15983e+03    1.71551e+04    2.06849e+04    1.05619e+03    7.70676e+03
     Coulomb-14        LJ (SR)   Coulomb (SR)   Coul. recip. Position Rest.
    8.11173e+04    5.22303e+05   -4.18754e+06    2.50129e+04    1.99612e+03
      Potential    Kinetic En.   Total Energy  Conserved En.    Temperature
   -3.50435e+06    7.05699e+05   -2.79865e+06   -2.81307e+06    3.10141e+02
 Pressure (bar)   Constr. rmsd
    1.44070e+00    3.83049e-06

           Step           Time
          25600       51.20000

   Energies (kJ/mol)
           Bond          Angle    Proper Dih. Per. Imp. Dih.          LJ-14
    6.23783e+03    1.74318e+04    2.08730e+04    1.02711e+03    7.59789e+03
     Coulomb-14        LJ (SR)   Coulomb (SR)   Coul. recip. Position Rest.
    8.10767e+04    5.15734e+05   -4.18003e+06    2.50508e+04    2.01712e+03
      Potential    Kinetic En.   Total Energy  Conserved En.    Temperature
   -3.50298e+06    7.05367e+05   -2.79761e+06   -2.81262e+06    3.09996e+02
 Pressure (bar)   Constr. rmsd
   -1.42486e+02    3.76425e-06

           Step           Time
          25700       51.40000

   Energies (kJ/mol)
           Bond          Angle    Proper Dih. Per. Imp. Dih.          LJ-14
    6.25269e+03    1.71731e+04    2.09166e+04    1.05374e+03    7.72237e+03
     Coulomb-14        LJ (SR)   Coulomb (SR)   Coul. recip. Position Rest.
    8.12299e+04    5.23298e+05   -4.18600e+06    2.51868e+04    2.04169e+03
      Potential    Kinetic En.   Total Energy  Conserved En.    Temperature
   -3.50113e+06    7.04010e+05   -2.79712e+06   -2.81266e+06    3.09399e+02
 Pressure (bar)   Constr. rmsd
    3.53734e+01    3.82258e-06

           Step           Time
          25800       51.60000

   Energies (kJ/mol)
           Bond          Angle    Proper Dih. Per. Imp. Dih.          LJ-14
    6.29546e+03    1.72503e+04    2.09809e+04    1.09234e+03    7.71463e+03
     Coulomb-14        LJ (SR)   Coulomb (SR)   Coul. recip. Position Rest.
    8.09348e+04    5.21018e+05   -4.18348e+06    2.49224e+04    2.03033e+03
      Potential    Kinetic En.   Total Energy  Conserved En.    Temperature
   -3.50124e+06    7.07849e+05   -2.79339e+06   -2.81263e+06    3.11086e+02
 Pressure (bar)   Constr. rmsd
    1.95178e+01    4.03036e-06

           Step           Time
          25900       51.80000

   Energies (kJ/mol)
           Bond          Angle    Proper Dih. Per. Imp. Dih.          LJ-14
    6.08015e+03    1.72545e+04    2.09734e+04    1.09602e+03    7.65030e+03
     Coulomb-14        LJ (SR)   Coulomb (SR)   Coul. recip. Position Rest.
    8.09384e+04    5.20242e+05   -4.18356e+06    2.49533e+04    2.00518e+03
      Potential    Kinetic En.   Total Energy  Conserved En.    Temperature
   -3.50236e+06    7.05363e+05   -2.79700e+06   -2.81259e+06    3.09994e+02
 Pressure (bar)   Constr. rmsd
   -4.15096e+01    3.84748e-06

           Step           Time
          26000       52.00000

   Energies (kJ/mol)
           Bond          Angle    Proper Dih. Per. Imp. Dih.          LJ-14
    6.25214e+03    1.71666e+04    2.09768e+04    1.08000e+03    7.55278e+03
     Coulomb-14        LJ (SR)   Coulomb (SR)   Coul. recip. Position Rest.
    8.11413e+04    5.19388e+05   -4.18438e+06    2.52029e+04    1.98902e+03
      Potential    Kinetic En.   Total Energy  Conserved En.    Temperature
   -3.50363e+06    7.04645e+05   -2.79898e+06   -2.81268e+06    3.09678e+02
 Pressure (bar)   Constr. rmsd
   -9.38307e+01    3.87954e-06

           Step           Time
          26100       52.20000

   Energies (kJ/mol)
           Bond          Angle    Proper Dih. Per. Imp. Dih.          LJ-14
    6.46661e+03    1.69119e+04    2.10674e+04    9.60800e+02    7.48923e+03
     Coulomb-14        LJ (SR)   Coulomb (SR)   Coul. recip. Position Rest.
    8.08411e+04    5.19372e+05   -4.18627e+06    2.51970e+04    2.07385e+03
      Potential    Kinetic En.   Total Energy  Conserved En.    Temperature
   -3.50589e+06    7.05259e+05   -2.80063e+06   -2.81223e+06    3.09948e+02
 Pressure (bar)   Constr. rmsd
   -1.15303e+02    3.82504e-06

           Step           Time
          26200       52.40000

   Energies (kJ/mol)
           Bond          Angle    Proper Dih. Per. Imp. Dih.          LJ-14
    6.48302e+03    1.69626e+04    2.10313e+04    9.83518e+02    7.72296e+03
     Coulomb-14        LJ (SR)   Coulomb (SR)   Coul. recip. Position Rest.
    8.09472e+04    5.24541e+05   -4.19128e+06    2.50955e+04    2.00817e+03
      Potential    Kinetic En.   Total Energy  Conserved En.    Temperature
   -3.50550e+06    7.05553e+05   -2.79995e+06   -2.81239e+06    3.10077e+02
 Pressure (bar)   Constr. rmsd
    5.38908e+01    3.86596e-06

           Step           Time
          26300       52.60000

   Energies (kJ/mol)
           Bond          Angle    Proper Dih. Per. Imp. Dih.          LJ-14
    6.35189e+03    1.69428e+04    2.09370e+04    1.04502e+03    7.72076e+03
     Coulomb-14        LJ (SR)   Coulomb (SR)   Coul. recip. Position Rest.
    8.10432e+04    5.21464e+05   -4.18647e+06    2.53083e+04    2.09114e+03
      Potential    Kinetic En.   Total Energy  Conserved En.    Temperature
   -3.50356e+06    7.03697e+05   -2.79987e+06   -2.81252e+06    3.09261e+02
 Pressure (bar)   Constr. rmsd
    4.10137e+01    3.74520e-06

           Step           Time
          26400       52.80000

   Energies (kJ/mol)
           Bond          Angle    Proper Dih. Per. Imp. Dih.          LJ-14
    6.17271e+03    1.73117e+04    2.08293e+04    1.09032e+03    7.74260e+03
     Coulomb-14        LJ (SR)   Coulomb (SR)   Coul. recip. Position Rest.
    8.09224e+04    5.21104e+05   -4.18461e+06    2.50559e+04    1.98661e+03
      Potential    Kinetic En.   Total Energy  Conserved En.    Temperature
   -3.50240e+06    7.03994e+05   -2.79840e+06   -2.81271e+06    3.09392e+02
 Pressure (bar)   Constr. rmsd
    2.86985e+01    3.81966e-06

           Step           Time
          26500       53.00000

   Energies (kJ/mol)
           Bond          Angle    Proper Dih. Per. Imp. Dih.          LJ-14
    6.26333e+03    1.72993e+04    2.08847e+04    1.02868e+03    7.66670e+03
     Coulomb-14        LJ (SR)   Coulomb (SR)   Coul. recip. Position Rest.
    8.13042e+04    5.20872e+05   -4.18512e+06    2.49079e+04    2.05913e+03
      Potential    Kinetic En.   Total Energy  Conserved En.    Temperature
   -3.50283e+06    7.05065e+05   -2.79777e+06   -2.81266e+06    3.09863e+02
 Pressure (bar)   Constr. rmsd
   -1.82945e+01    3.87033e-06

           Step           Time
          26600       53.20000

   Energies (kJ/mol)
           Bond          Angle    Proper Dih. Per. Imp. Dih.          LJ-14
    6.05805e+03    1.72272e+04    2.09689e+04    1.12466e+03    7.57090e+03
     Coulomb-14        LJ (SR)   Coulomb (SR)   Coul. recip. Position Rest.
    8.11467e+04    5.23998e+05   -4.18846e+06    2.52065e+04    2.07394e+03
      Potential    Kinetic En.   Total Energy  Conserved En.    Temperature
   -3.50308e+06    7.05320e+05   -2.79776e+06   -2.81272e+06    3.09975e+02
 Pressure (bar)   Constr. rmsd
    1.86917e+01    3.73284e-06

           Step           Time
          26700       53.40000

   Energies (kJ/mol)
           Bond          Angle    Proper Dih. Per. Imp. Dih.          LJ-14
    6.16329e+03    1.69359e+04    2.10183e+04    1.05381e+03    7.69933e+03
     Coulomb-14        LJ (SR)   Coulomb (SR)   Coul. recip. Position Rest.
    8.11668e+04    5.20563e+05   -4.18453e+06    2.50729e+04    1.98916e+03
      Potential    Kinetic En.   Total Energy  Conserved En.    Temperature
   -3.50286e+06    7.03641e+05   -2.79922e+06   -2.81285e+06    3.09237e+02
 Pressure (bar)   Constr. rmsd
   -4.87747e+00    4.01960e-06

           Step           Time
          26800       53.60000

   Energies (kJ/mol)
           Bond          Angle    Proper Dih. Per. Imp. Dih.          LJ-14
    6.08785e+03    1.70285e+04    2.07882e+04    1.05870e+03    7.65599e+03
     Coulomb-14        LJ (SR)   Coulomb (SR)   Coul. recip. Position Rest.
    8.11315e+04    5.23354e+05   -4.18725e+06    2.52109e+04    2.11960e+03
      Potential    Kinetic En.   Total Energy  Conserved En.    Temperature
   -3.50281e+06    7.05954e+05   -2.79686e+06   -2.81290e+06    3.10254e+02
 Pressure (bar)   Constr. rmsd
    3.62201e+01    3.85477e-06

           Step           Time
          26900       53.80000

   Energies (kJ/mol)
           Bond          Angle    Proper Dih. Per. Imp. Dih.          LJ-14
    6.20494e+03    1.68411e+04    2.09338e+04    1.11967e+03    7.66524e+03
     Coulomb-14        LJ (SR)   Coulomb (SR)   Coul. recip. Position Rest.
    8.08248e+04    5.19366e+05   -4.18525e+06    2.51217e+04    2.01341e+03
      Potential    Kinetic En.   Total Energy  Conserved En.    Temperature
   -3.50515e+06    7.04496e+05   -2.80066e+06   -2.81289e+06    3.09613e+02
 Pressure (bar)   Constr. rmsd
   -8.14762e+01    3.79640e-06

           Step           Time
          27000       54.00000

   Energies (kJ/mol)
           Bond          Angle    Proper Dih. Per. Imp. Dih.          LJ-14
    6.14386e+03    1.67185e+04    2.08316e+04    1.03820e+03    7.81309e+03
     Coulomb-14        LJ (SR)   Coulomb (SR)   Coul. recip. Position Rest.
    8.11087e+04    5.22500e+05   -4.18729e+06    2.50086e+04    1.96098e+03
      Potential    Kinetic En.   Total Energy  Conserved En.    Temperature
   -3.50416e+06    7.05261e+05   -2.79890e+06   -2.81288e+06    3.09949e+02
 Pressure (bar)   Constr. rmsd
    3.32152e+01    3.69308e-06

           Step           Time
          27100       54.20000

   Energies (kJ/mol)
           Bond          Angle    Proper Dih. Per. Imp. Dih.          LJ-14
    6.22615e+03    1.72171e+04    2.09986e+04    1.08222e+03    7.58190e+03
     Coulomb-14        LJ (SR)   Coulomb (SR)   Coul. recip. Position Rest.
    8.09902e+04    5.24401e+05   -4.19054e+06    2.48873e+04    1.99932e+03
      Potential    Kinetic En.   Total Energy  Conserved En.    Temperature
   -3.50516e+06    7.04919e+05   -2.80024e+06   -2.81266e+06    3.09799e+02
 Pressure (bar)   Constr. rmsd
    2.85322e+01    3.84656e-06

           Step           Time
          27200       54.40000

   Energies (kJ/mol)
           Bond          Angle    Proper Dih. Per. Imp. Dih.          LJ-14
    6.22022e+03    1.72492e+04    2.07491e+04    1.06019e+03    7.64098e+03
     Coulomb-14        LJ (SR)   Coulomb (SR)   Coul. recip. Position Rest.
    8.10799e+04    5.19388e+05   -4.18425e+06    2.50898e+04    2.04436e+03
      Potential    Kinetic En.   Total Energy  Conserved En.    Temperature
   -3.50372e+06    7.05991e+05   -2.79773e+06   -2.81260e+06    3.10270e+02
 Pressure (bar)   Constr. rmsd
   -9.70208e+01    3.92028e-06

           Step           Time
          27300       54.60000

   Energies (kJ/mol)
           Bond          Angle    Proper Dih. Per. Imp. Dih.          LJ-14
    6.12860e+03    1.68380e+04    2.08095e+04    1.11994e+03    7.68422e+03
     Coulomb-14        LJ (SR)   Coulomb (SR)   Coul. recip. Position Rest.
    8.12459e+04    5.19474e+05   -4.18450e+06    2.53704e+04    2.01733e+03
      Potential    Kinetic En.   Total Energy  Conserved En.    Temperature
   -3.50381e+06    7.04853e+05   -2.79896e+06   -2.81259e+06    3.09770e+02
 Pressure (bar)   Constr. rmsd
   -3.24663e+01    3.71445e-06

           Step           Time
          27400       54.80000

   Energies (kJ/mol)
           Bond          Angle    Proper Dih. Per. Imp. Dih.          LJ-14
    6.18581e+03    1.71401e+04    2.08067e+04    1.06233e+03    7.79377e+03
     Coulomb-14        LJ (SR)   Coulomb (SR)   Coul. recip. Position Rest.
    8.13402e+04    5.22424e+05   -4.18672e+06    2.52031e+04    1.98189e+03
      Potential    Kinetic En.   Total Energy  Conserved En.    Temperature
   -3.50278e+06    7.05587e+05   -2.79719e+06   -2.81274e+06    3.10092e+02
 Pressure (bar)   Constr. rmsd
    3.00248e+01    3.73354e-06

           Step           Time
          27500       55.00000

   Energies (kJ/mol)
           Bond          Angle    Proper Dih. Per. Imp. Dih.          LJ-14
    6.24487e+03    1.73566e+04    2.09208e+04    1.11274e+03    7.52419e+03
     Coulomb-14        LJ (SR)   Coulomb (SR)   Coul. recip. Position Rest.
    8.10525e+04    5.20346e+05   -4.18530e+06    2.51381e+04    2.01483e+03
      Potential    Kinetic En.   Total Energy  Conserved En.    Temperature
   -3.50358e+06    7.03918e+05   -2.79967e+06   -2.81255e+06    3.09359e+02
 Pressure (bar)   Constr. rmsd
    8.66919e-01    3.89163e-06

           Step           Time
          27600       55.20000

   Energies (kJ/mol)
           Bond          Angle    Proper Dih. Per. Imp. Dih.          LJ-14
    6.13433e+03    1.70741e+04    2.09169e+04    1.08392e+03    7.61267e+03
     Coulomb-14        LJ (SR)   Coulomb (SR)   Coul. recip. Position Rest.
    8.08894e+04    5.24820e+05   -4.18882e+06    2.52394e+04    2.11253e+03
      Potential    Kinetic En.   Total Energy  Conserved En.    Temperature
   -3.50294e+06    7.05996e+05   -2.79694e+06   -2.81278e+06    3.10272e+02
 Pressure (bar)   Constr. rmsd
    6.58416e+01    3.80674e-06

           Step           Time
          27700       55.40000

   Energies (kJ/mol)
           Bond          Angle    Proper Dih. Per. Imp. Dih.          LJ-14
    6.38291e+03    1.71869e+04    2.10102e+04    1.19091e+03    7.74440e+03
     Coulomb-14        LJ (SR)   Coulomb (SR)   Coul. recip. Position Rest.
    8.07616e+04    5.18034e+05   -4.18112e+06    2.52083e+04    2.08822e+03
      Potential    Kinetic En.   Total Energy  Conserved En.    Temperature
   -3.50152e+06    7.05833e+05   -2.79568e+06   -2.81313e+06    3.10200e+02
 Pressure (bar)   Constr. rmsd
   -7.36145e+01    3.91996e-06

           Step           Time
          27800       55.60000

   Energies (kJ/mol)
           Bond          Angle    Proper Dih. Per. Imp. Dih.          LJ-14
    5.98425e+03    1.69636e+04    2.09375e+04    1.11856e+03    7.75379e+03
     Coulomb-14        LJ (SR)   Coulomb (SR)   Coul. recip. Position Rest.
    8.11594e+04    5.23456e+05   -4.18669e+06    2.51697e+04    1.92083e+03
      Potential    Kinetic En.   Total Energy  Conserved En.    Temperature
   -3.50222e+06    7.05706e+05   -2.79652e+06   -2.81303e+06    3.10144e+02
 Pressure (bar)   Constr. rmsd
    7.12576e+01    3.86078e-06

           Step           Time
          27900       55.80000

   Energies (kJ/mol)
           Bond          Angle    Proper Dih. Per. Imp. Dih.          LJ-14
    6.16444e+03    1.68354e+04    2.08101e+04    1.16772e+03    7.68192e+03
     Coulomb-14        LJ (SR)   Coulomb (SR)   Coul. recip. Position Rest.
    8.08827e+04    5.23182e+05   -4.19087e+06    2.50431e+04    2.05233e+03
      Potential    Kinetic En.   Total Energy  Conserved En.    Temperature
   -3.50705e+06    7.06412e+05   -2.80064e+06   -2.81281e+06    3.10454e+02
 Pressure (bar)   Constr. rmsd
    2.86323e+01    3.90449e-06

           Step           Time
          28000       56.00000

   Energies (kJ/mol)
           Bond          Angle    Proper Dih. Per. Imp. Dih.          LJ-14
    6.18936e+03    1.71154e+04    2.08797e+04    1.12452e+03    7.82586e+03
     Coulomb-14        LJ (SR)   Coulomb (SR)   Coul. recip. Position Rest.
    8.09238e+04    5.19787e+05   -4.18379e+06    2.51268e+04    2.00199e+03
      Potential    Kinetic En.   Total Energy  Conserved En.    Temperature
   -3.50282e+06    7.06780e+05   -2.79604e+06   -2.81288e+06    3.10616e+02
 Pressure (bar)   Constr. rmsd
   -1.23914e+01    3.81165e-06

           Step           Time
          28100       56.20000

   Energies (kJ/mol)
           Bond          Angle    Proper Dih. Per. Imp. Dih.          LJ-14
    6.42338e+03    1.70018e+04    2.08599e+04    1.13832e+03    7.63610e+03
     Coulomb-14        LJ (SR)   Coulomb (SR)   Coul. recip. Position Rest.
    8.07999e+04    5.22124e+05   -4.18340e+06    2.49138e+04    2.05266e+03
      Potential    Kinetic En.   Total Energy  Conserved En.    Temperature
   -3.50045e+06    7.02400e+05   -2.79805e+06   -2.81260e+06    3.08691e+02
 Pressure (bar)   Constr. rmsd
    1.47438e+01    3.84003e-06

           Step           Time
          28200       56.40000

   Energies (kJ/mol)
           Bond          Angle    Proper Dih. Per. Imp. Dih.          LJ-14
    6.28306e+03    1.72973e+04    2.09868e+04    1.12495e+03    7.71874e+03
     Coulomb-14        LJ (SR)   Coulomb (SR)   Coul. recip. Position Rest.
    8.09111e+04    5.22028e+05   -4.18492e+06    2.47575e+04    2.02186e+03
      Potential    Kinetic En.   Total Energy  Conserved En.    Temperature
   -3.50179e+06    7.05965e+05   -2.79582e+06   -2.81255e+06    3.10258e+02
 Pressure (bar)   Constr. rmsd
    1.26516e+01    3.89401e-06

           Step           Time
          28300       56.60000

   Energies (kJ/mol)
           Bond          Angle    Proper Dih. Per. Imp. Dih.          LJ-14
    6.10491e+03    1.71586e+04    2.09401e+04    9.98892e+02    7.59454e+03
     Coulomb-14        LJ (SR)   Coulomb (SR)   Coul. recip. Position Rest.
    8.08787e+04    5.22887e+05   -4.18745e+06    2.52842e+04    2.11435e+03
      Potential    Kinetic En.   Total Energy  Conserved En.    Temperature
   -3.50349e+06    7.03464e+05   -2.80002e+06   -2.81283e+06    3.09159e+02
 Pressure (bar)   Constr. rmsd
    1.21252e+00    3.87524e-06

           Step           Time
          28400       56.80000

   Energies (kJ/mol)
           Bond          Angle    Proper Dih. Per. Imp. Dih.          LJ-14
    5.90001e+03    1.68525e+04    2.09285e+04    9.85626e+02    7.86144e+03
     Coulomb-14        LJ (SR)   Coulomb (SR)   Coul. recip. Position Rest.
    8.11101e+04    5.23497e+05   -4.18700e+06    2.49069e+04    2.02784e+03
      Potential    Kinetic En.   Total Energy  Conserved En.    Temperature
   -3.50293e+06    7.02631e+05   -2.80030e+06   -2.81249e+06    3.08793e+02
 Pressure (bar)   Constr. rmsd
    6.61494e+01    3.94711e-06

           Step           Time
          28500       57.00000

   Energies (kJ/mol)
           Bond          Angle    Proper Dih. Per. Imp. Dih.          LJ-14
    6.20941e+03    1.70237e+04    2.07676e+04    1.11112e+03    7.74590e+03
     Coulomb-14        LJ (SR)   Coulomb (SR)   Coul. recip. Position Rest.
    8.09590e+04    5.19926e+05   -4.18524e+06    2.52761e+04    2.03613e+03
      Potential    Kinetic En.   Total Energy  Conserved En.    Temperature
   -3.50419e+06    7.04635e+05   -2.79956e+06   -2.81270e+06    3.09674e+02
 Pressure (bar)   Constr. rmsd
   -6.46547e+01    3.85346e-06

           Step           Time
          28600       57.20000

   Energies (kJ/mol)
           Bond          Angle    Proper Dih. Per. Imp. Dih.          LJ-14
    5.98692e+03    1.69883e+04    2.07708e+04    1.11817e+03    7.66266e+03
     Coulomb-14        LJ (SR)   Coulomb (SR)   Coul. recip. Position Rest.
    8.08486e+04    5.21708e+05   -4.18655e+06    2.52691e+04    1.99470e+03
      Potential    Kinetic En.   Total Energy  Conserved En.    Temperature
   -3.50420e+06    7.03610e+05   -2.80059e+06   -2.81252e+06    3.09223e+02
 Pressure (bar)   Constr. rmsd
   -4.30526e+00    3.98907e-06

           Step           Time
          28700       57.40000

   Energies (kJ/mol)
           Bond          Angle    Proper Dih. Per. Imp. Dih.          LJ-14
    6.20587e+03    1.69944e+04    2.07378e+04    1.10030e+03    7.77912e+03
     Coulomb-14        LJ (SR)   Coulomb (SR)   Coul. recip. Position Rest.
    8.08211e+04    5.20729e+05   -4.18449e+06    2.50283e+04    2.06236e+03
      Potential    Kinetic En.   Total Energy  Conserved En.    Temperature
   -3.50303e+06    7.05468e+05   -2.79756e+06   -2.81249e+06    3.10040e+02
 Pressure (bar)   Constr. rmsd
   -2.16994e+01    3.92741e-06

           Step           Time
          28800       57.60000

   Energies (kJ/mol)
           Bond          Angle    Proper Dih. Per. Imp. Dih.          LJ-14
    6.08802e+03    1.72465e+04    2.09132e+04    1.13260e+03    7.64242e+03
     Coulomb-14        LJ (SR)   Coulomb (SR)   Coul. recip. Position Rest.
    8.08122e+04    5.22612e+05   -4.18895e+06    2.49888e+04    1.98833e+03
      Potential    Kinetic En.   Total Energy  Conserved En.    Temperature
   -3.50553e+06    7.06165e+05   -2.79936e+06   -2.81259e+06    3.10346e+02
 Pressure (bar)   Constr. rmsd
    2.05329e+01    3.83367e-06

           Step           Time
          28900       57.80000

   Energies (kJ/mol)
           Bond          Angle    Proper Dih. Per. Imp. Dih.          LJ-14
    6.14494e+03    1.72281e+04    2.08894e+04    1.12386e+03    7.69913e+03
     Coulomb-14        LJ (SR)   Coulomb (SR)   Coul. recip. Position Rest.
    8.10572e+04    5.20794e+05   -4.18585e+06    2.51646e+04    2.03865e+03
      Potential    Kinetic En.   Total Energy  Conserved En.    Temperature
   -3.50371e+06    7.05716e+05   -2.79799e+06   -2.81270e+06    3.10149e+02
 Pressure (bar)   Constr. rmsd
   -3.44253e+00    3.79945e-06

           Step           Time
          29000       58.00000

   Energies (kJ/mol)
           Bond          Angle    Proper Dih. Per. Imp. Dih.          LJ-14
    6.06890e+03    1.73959e+04    2.07967e+04    1.00855e+03    7.64417e+03
     Coulomb-14        LJ (SR)   Coulomb (SR)   Coul. recip. Position Rest.
    8.10615e+04    5.21638e+05   -4.18453e+06    2.49914e+04    2.02990e+03
      Potential    Kinetic En.   Total Energy  Conserved En.    Temperature
   -3.50190e+06    7.04170e+05   -2.79773e+06   -2.81288e+06    3.09469e+02
 Pressure (bar)   Constr. rmsd
   -1.60061e+01    3.86734e-06

           Step           Time
          29100       58.20000

   Energies (kJ/mol)
           Bond          Angle    Proper Dih. Per. Imp. Dih.          LJ-14
    6.15212e+03    1.73608e+04    2.09797e+04    1.03769e+03    7.81204e+03
     Coulomb-14        LJ (SR)   Coulomb (SR)   Coul. recip. Position Rest.
    8.12881e+04    5.19195e+05   -4.18056e+06    2.50831e+04    2.06806e+03
      Potential    Kinetic En.   Total Energy  Conserved En.    Temperature
   -3.49958e+06    7.08725e+05   -2.79086e+06   -2.81285e+06    3.11471e+02
 Pressure (bar)   Constr. rmsd
    7.72092e+00    3.83720e-06

           Step           Time
          29200       58.40000

   Energies (kJ/mol)
           Bond          Angle    Proper Dih. Per. Imp. Dih.          LJ-14
    6.21629e+03    1.71336e+04    2.09837e+04    1.01659e+03    7.65244e+03
     Coulomb-14        LJ (SR)   Coulomb (SR)   Coul. recip. Position Rest.
    8.10805e+04    5.21911e+05   -4.18348e+06    2.53322e+04    2.09396e+03
      Potential    Kinetic En.   Total Energy  Conserved En.    Temperature
   -3.50006e+06    7.04916e+05   -2.79515e+06   -2.81310e+06    3.09797e+02
 Pressure (bar)   Constr. rmsd
    4.05652e+01    3.95216e-06

           Step           Time
          29300       58.60000

   Energies (kJ/mol)
           Bond          Angle    Proper Dih. Per. Imp. Dih.          LJ-14
    6.19294e+03    1.71270e+04    2.09291e+04    1.05911e+03    7.68445e+03
     Coulomb-14        LJ (SR)   Coulomb (SR)   Coul. recip. Position Rest.
    8.11361e+04    5.19399e+05   -4.18254e+06    2.51313e+04    2.03726e+03
      Potential    Kinetic En.   Total Energy  Conserved En.    Temperature
   -3.50184e+06    7.05733e+05   -2.79611e+06   -2.81268e+06    3.10156e+02
 Pressure (bar)   Constr. rmsd
   -8.78324e+01    3.88027e-06

           Step           Time
          29400       58.80000

   Energies (kJ/mol)
           Bond          Angle    Proper Dih. Per. Imp. Dih.          LJ-14
    6.12942e+03    1.73741e+04    2.10022e+04    1.00658e+03    7.68098e+03
     Coulomb-14        LJ (SR)   Coulomb (SR)   Coul. recip. Position Rest.
    8.11450e+04    5.21178e+05   -4.18602e+06    2.48438e+04    2.07359e+03
      Potential    Kinetic En.   Total Energy  Conserved En.    Temperature
   -3.50358e+06    7.07246e+05   -2.79634e+06   -2.81263e+06    3.10821e+02
 Pressure (bar)   Constr. rmsd
    6.86159e+00    3.85738e-06

           Step           Time
          29500       59.00000

   Energies (kJ/mol)
           Bond          Angle    Proper Dih. Per. Imp. Dih.          LJ-14
    6.19819e+03    1.70598e+04    2.09253e+04    1.04147e+03    7.79816e+03
     Coulomb-14        LJ (SR)   Coulomb (SR)   Coul. recip. Position Rest.
    8.08164e+04    5.19437e+05   -4.18243e+06    2.51275e+04    2.08437e+03
      Potential    Kinetic En.   Total Energy  Conserved En.    Temperature
   -3.50194e+06    7.06917e+05   -2.79502e+06   -2.81288e+06    3.10677e+02
 Pressure (bar)   Constr. rmsd
    1.00277e+01    3.89867e-06

           Step           Time
          29600       59.20000

   Energies (kJ/mol)
           Bond          Angle    Proper Dih. Per. Imp. Dih.          LJ-14
    6.23632e+03    1.71209e+04    2.08476e+04    1.00780e+03    7.81813e+03
     Coulomb-14        LJ (SR)   Coulomb (SR)   Coul. recip. Position Rest.
    8.15145e+04    5.17142e+05   -4.17812e+06    2.49562e+04    2.06754e+03
      Potential    Kinetic En.   Total Energy  Conserved En.    Temperature
   -3.49940e+06    7.03308e+05   -2.79610e+06   -2.81293e+06    3.09090e+02
 Pressure (bar)   Constr. rmsd
   -4.23960e+01    3.83881e-06

           Step           Time
          29700       59.40000

   Energies (kJ/mol)
           Bond          Angle    Proper Dih. Per. Imp. Dih.          LJ-14
    6.27168e+03    1.70289e+04    2.08324e+04    1.04548e+03    7.76787e+03
     Coulomb-14        LJ (SR)   Coulomb (SR)   Coul. recip. Position Rest.
    8.12495e+04    5.19452e+05   -4.18201e+06    2.51784e+04    2.06777e+03
      Potential    Kinetic En.   Total Energy  Conserved En.    Temperature
   -3.50111e+06    7.04835e+05   -2.79628e+06   -2.81232e+06    3.09762e+02
 Pressure (bar)   Constr. rmsd
   -2.75771e+01    3.81152e-06

           Step           Time
          29800       59.60000

   Energies (kJ/mol)
           Bond          Angle    Proper Dih. Per. Imp. Dih.          LJ-14
    6.36743e+03    1.69189e+04    2.08058e+04    1.06738e+03    7.69892e+03
     Coulomb-14        LJ (SR)   Coulomb (SR)   Coul. recip. Position Rest.
    8.09082e+04    5.18947e+05   -4.18021e+06    2.52030e+04    2.01870e+03
      Potential    Kinetic En.   Total Energy  Conserved En.    Temperature
   -3.50027e+06    7.05016e+05   -2.79526e+06   -2.81254e+06    3.09841e+02
 Pressure (bar)   Constr. rmsd
   -3.71179e+01    3.87921e-06

           Step           Time
          29900       59.80000

   Energies (kJ/mol)
           Bond          Angle    Proper Dih. Per. Imp. Dih.          LJ-14
    6.36229e+03    1.68830e+04    2.08341e+04    1.18544e+03    7.76003e+03
     Coulomb-14        LJ (SR)   Coulomb (SR)   Coul. recip. Position Rest.
    8.13212e+04    5.22308e+05   -4.18326e+06    2.54934e+04    1.95569e+03
      Potential    Kinetic En.   Total Energy  Conserved En.    Temperature
   -3.49916e+06    7.02475e+05   -2.79669e+06   -2.81244e+06    3.08724e+02
 Pressure (bar)   Constr. rmsd
    3.34943e+01    4.08347e-06

           Step           Time
          30000       60.00000

   Energies (kJ/mol)
           Bond          Angle    Proper Dih. Per. Imp. Dih.          LJ-14
    6.04280e+03    1.69295e+04    2.08407e+04    1.01965e+03    7.71938e+03
     Coulomb-14        LJ (SR)   Coulomb (SR)   Coul. recip. Position Rest.
    8.08717e+04    5.18770e+05   -4.18227e+06    2.49916e+04    2.06496e+03
      Potential    Kinetic En.   Total Energy  Conserved En.    Temperature
   -3.50302e+06    7.03197e+05   -2.79982e+06   -2.81268e+06    3.09042e+02
 Pressure (bar)   Constr. rmsd
   -4.24174e+01    4.05425e-06

           Step           Time
          30100       60.20000

   Energies (kJ/mol)
           Bond          Angle    Proper Dih. Per. Imp. Dih.          LJ-14
    6.43625e+03    1.69572e+04    2.09170e+04    1.06781e+03    7.67088e+03
     Coulomb-14        LJ (SR)   Coulomb (SR)   Coul. recip. Position Rest.
    8.09671e+04    5.22388e+05   -4.18657e+06    2.50144e+04    2.09021e+03
      Potential    Kinetic En.   Total Energy  Conserved En.    Temperature
   -3.50306e+06    7.05808e+05   -2.79725e+06   -2.81243e+06    3.10190e+02
 Pressure (bar)   Constr. rmsd
    3.19332e+01    3.87462e-06

           Step           Time
          30200       60.40000

   Energies (kJ/mol)
           Bond          Angle    Proper Dih. Per. Imp. Dih.          LJ-14
    6.17105e+03    1.72329e+04    2.08976e+04    1.06666e+03    7.66287e+03
     Coulomb-14        LJ (SR)   Coulomb (SR)   Coul. recip. Position Rest.
    8.09980e+04    5.22070e+05   -4.18566e+06    2.47554e+04    2.01269e+03
      Potential    Kinetic En.   Total Energy  Conserved En.    Temperature
   -3.50279e+06    7.05198e+05   -2.79759e+06   -2.81252e+06    3.09921e+02
 Pressure (bar)   Constr. rmsd
    2.32682e+01    3.79494e-06

           Step           Time
          30300       60.60000

   Energies (kJ/mol)
           Bond          Angle    Proper Dih. Per. Imp. Dih.          LJ-14
    6.25640e+03    1.67748e+04    2.09183e+04    1.06067e+03    7.76995e+03
     Coulomb-14        LJ (SR)   Coulomb (SR)   Coul. recip. Position Rest.
    8.09916e+04    5.20405e+05   -4.18339e+06    2.50253e+04    2.00208e+03
      Potential    Kinetic En.   Total Energy  Conserved En.    Temperature
   -3.50219e+06    7.03423e+05   -2.79876e+06   -2.81228e+06    3.09141e+02
 Pressure (bar)   Constr. rmsd
    1.44187e+01    3.94440e-06

           Step           Time
          30400       60.80000

   Energies (kJ/mol)
           Bond          Angle    Proper Dih. Per. Imp. Dih.          LJ-14
    6.40952e+03    1.74067e+04    2.08219e+04    1.16793e+03    7.59021e+03
     Coulomb-14        LJ (SR)   Coulomb (SR)   Coul. recip. Position Rest.
    8.08248e+04    5.21589e+05   -4.18722e+06    2.49693e+04    2.08071e+03
      Potential    Kinetic En.   Total Energy  Conserved En.    Temperature
   -3.50436e+06    7.05147e+05   -2.79921e+06   -2.81225e+06    3.09899e+02
 Pressure (bar)   Constr. rmsd
    2.75706e+01    3.99974e-06

           Step           Time
          30500       61.00000

   Energies (kJ/mol)
           Bond          Angle    Proper Dih. Per. Imp. Dih.          LJ-14
    6.10760e+03    1.68677e+04    2.09279e+04    1.00566e+03    7.77135e+03
     Coulomb-14        LJ (SR)   Coulomb (SR)   Coul. recip. Position Rest.
    8.06623e+04    5.19606e+05   -4.18561e+06    2.49709e+04    2.07999e+03
      Potential    Kinetic En.   Total Energy  Conserved En.    Temperature
   -3.50561e+06    7.05505e+05   -2.80010e+06   -2.81205e+06    3.10056e+02
 Pressure (bar)   Constr. rmsd
   -3.87034e+01    3.89681e-06

           Step           Time
          30600       61.20000

   Energies (kJ/mol)
           Bond          Angle    Proper Dih. Per. Imp. Dih.          LJ-14
    6.24847e+03    1.71851e+04    2.09123e+04    1.12470e+03    7.77520e+03
     Coulomb-14        LJ (SR)   Coulomb (SR)   Coul. recip. Position Rest.
    8.10371e+04    5.19920e+05   -4.18356e+06    2.48797e+04    2.14922e+03
      Potential    Kinetic En.   Total Energy  Conserved En.    Temperature
   -3.50233e+06    7.05406e+05   -2.79692e+06   -2.81213e+06    3.10012e+02
 Pressure (bar)   Constr. rmsd
    3.55461e+00    3.89816e-06

           Step           Time
          30700       61.40000

   Energies (kJ/mol)
           Bond          Angle    Proper Dih. Per. Imp. Dih.          LJ-14
    6.25403e+03    1.70826e+04    2.09347e+04    1.01263e+03    7.71383e+03
     Coulomb-14        LJ (SR)   Coulomb (SR)   Coul. recip. Position Rest.
    8.11869e+04    5.20011e+05   -4.18790e+06    2.48982e+04    2.07559e+03
      Potential    Kinetic En.   Total Energy  Conserved En.    Temperature
   -3.50673e+06    7.06712e+05   -2.80002e+06   -2.81199e+06    3.10586e+02
 Pressure (bar)   Constr. rmsd
   -4.80647e+01    3.93806e-06

           Step           Time
          30800       61.60000

   Energies (kJ/mol)
           Bond          Angle    Proper Dih. Per. Imp. Dih.          LJ-14
    6.24100e+03    1.70314e+04    2.10804e+04    1.10607e+03    7.66538e+03
     Coulomb-14        LJ (SR)   Coulomb (SR)   Coul. recip. Position Rest.
    8.08430e+04    5.23791e+05   -4.18721e+06    2.50321e+04    1.94568e+03
      Potential    Kinetic En.   Total Energy  Conserved En.    Temperature
   -3.50247e+06    7.06088e+05   -2.79638e+06   -2.81205e+06    3.10312e+02
 Pressure (bar)   Constr. rmsd
    4.03028e+01    3.94392e-06

           Step           Time
          30900       61.80000

   Energies (kJ/mol)
           Bond          Angle    Proper Dih. Per. Imp. Dih.          LJ-14
    6.14555e+03    1.74031e+04    2.10058e+04    1.01561e+03    7.79536e+03
     Coulomb-14        LJ (SR)   Coulomb (SR)   Coul. recip. Position Rest.
    8.11364e+04    5.18474e+05   -4.18261e+06    2.51801e+04    2.02505e+03
      Potential    Kinetic En.   Total Energy  Conserved En.    Temperature
   -3.50243e+06    7.06228e+05   -2.79620e+06   -2.81234e+06    3.10374e+02
 Pressure (bar)   Constr. rmsd
   -2.57662e+01    3.90174e-06

           Step           Time
          31000       62.00000

   Energies (kJ/mol)
           Bond          Angle    Proper Dih. Per. Imp. Dih.          LJ-14
    6.23408e+03    1.71351e+04    2.08458e+04    1.04695e+03    7.69935e+03
     Coulomb-14        LJ (SR)   Coulomb (SR)   Coul. recip. Position Rest.
    8.09322e+04    5.20142e+05   -4.18350e+06    2.49941e+04    1.94034e+03
      Potential    Kinetic En.   Total Energy  Conserved En.    Temperature
   -3.50253e+06    7.05396e+05   -2.79714e+06   -2.81249e+06    3.10008e+02
 Pressure (bar)   Constr. rmsd
   -5.46777e+00    3.90923e-06

           Step           Time
          31100       62.20000

   Energies (kJ/mol)
           Bond          Angle    Proper Dih. Per. Imp. Dih.          LJ-14
    6.27976e+03    1.69540e+04    2.09381e+04    1.10342e+03    7.78290e+03
     Coulomb-14        LJ (SR)   Coulomb (SR)   Coul. recip. Position Rest.
    8.11507e+04    5.20862e+05   -4.18414e+06    2.50522e+04    2.01375e+03
      Potential    Kinetic En.   Total Energy  Conserved En.    Temperature
   -3.50201e+06    7.04383e+05   -2.79762e+06   -2.81259e+06    3.09563e+02
 Pressure (bar)   Constr. rmsd
   -5.56388e+01    3.83967e-06

           Step           Time
          31200       62.40000

   Energies (kJ/mol)
           Bond          Angle    Proper Dih. Per. Imp. Dih.          LJ-14
    6.20065e+03    1.70813e+04    2.08612e+04    1.06679e+03    7.65078e+03
     Coulomb-14        LJ (SR)   Coulomb (SR)   Coul. recip. Position Rest.
    8.13765e+04    5.19619e+05   -4.18436e+06    2.49909e+04    2.04501e+03
      Potential    Kinetic En.   Total Energy  Conserved En.    Temperature
   -3.50347e+06    7.04732e+05   -2.79873e+06   -2.81255e+06    3.09717e+02
 Pressure (bar)   Constr. rmsd
   -5.49463e+01    3.87338e-06

           Step           Time
          31300       62.60000

   Energies (kJ/mol)
           Bond          Angle    Proper Dih. Per. Imp. Dih.          LJ-14
    6.24837e+03    1.71509e+04    2.08628e+04    1.04454e+03    7.63541e+03
     Coulomb-14        LJ (SR)   Coulomb (SR)   Coul. recip. Position Rest.
    8.07808e+04    5.19798e+05   -4.18182e+06    2.51240e+04    2.00078e+03
      Potential    Kinetic En.   Total Energy  Conserved En.    Temperature
   -3.50118e+06    7.04108e+05   -2.79707e+06   -2.81230e+06    3.09442e+02
 Pressure (bar)   Constr. rmsd
   -5.40055e+01    3.81280e-06

           Step           Time
          31400       62.80000

   Energies (kJ/mol)
           Bond          Angle    Proper Dih. Per. Imp. Dih.          LJ-14
    6.07304e+03    1.71394e+04    2.08738e+04    1.09356e+03    7.69773e+03
     Coulomb-14        LJ (SR)   Coulomb (SR)   Coul. recip. Position Rest.
    8.10495e+04    5.22376e+05   -4.18770e+06    2.52307e+04    2.05147e+03
      Potential    Kinetic En.   Total Energy  Conserved En.    Temperature
   -3.50412e+06    7.07772e+05   -2.79635e+06   -2.81228e+06    3.11052e+02
 Pressure (bar)   Constr. rmsd
    1.85903e+01    3.77828e-06

           Step           Time
          31500       63.00000

   Energies (kJ/mol)
           Bond          Angle    Proper Dih. Per. Imp. Dih.          LJ-14
    6.33680e+03    1.72480e+04    2.08939e+04    1.05297e+03    7.81818e+03
     Coulomb-14        LJ (SR)   Coulomb (SR)   Coul. recip. Position Rest.
    8.12313e+04    5.22533e+05   -4.18634e+06    2.54269e+04    1.96732e+03
      Potential    Kinetic En.   Total Energy  Conserved En.    Temperature
   -3.50183e+06    7.06931e+05   -2.79490e+06   -2.81214e+06    3.10683e+02
 Pressure (bar)   Constr. rmsd
    5.30691e+01    4.10200e-06

           Step           Time
          31600       63.20000

   Energies (kJ/mol)
           Bond          Angle    Proper Dih. Per. Imp. Dih.          LJ-14
    6.23933e+03    1.70684e+04    2.07942e+04    1.14066e+03    7.83338e+03
     Coulomb-14        LJ (SR)   Coulomb (SR)   Coul. recip. Position Rest.
    8.12195e+04    5.19042e+05   -4.18461e+06    2.53260e+04    2.00421e+03
      Potential    Kinetic En.   Total Energy  Conserved En.    Temperature
   -3.50394e+06    7.04098e+05   -2.79985e+06   -2.81214e+06    3.09438e+02
 Pressure (bar)   Constr. rmsd
   -3.33841e+00    3.87595e-06

           Step           Time
          31700       63.40000

   Energies (kJ/mol)
           Bond          Angle    Proper Dih. Per. Imp. Dih.          LJ-14
    6.32219e+03    1.70400e+04    2.08678e+04    1.11129e+03    7.69385e+03
     Coulomb-14        LJ (SR)   Coulomb (SR)   Coul. recip. Position Rest.
    8.11571e+04    5.22140e+05   -4.18619e+06    2.51047e+04    2.07788e+03
      Potential    Kinetic En.   Total Energy  Conserved En.    Temperature
   -3.50267e+06    7.04881e+05   -2.79779e+06   -2.81196e+06    3.09782e+02
 Pressure (bar)   Constr. rmsd
    1.93464e+01    3.57206e-06

           Step           Time
          31800       63.60000

   Energies (kJ/mol)
           Bond          Angle    Proper Dih. Per. Imp. Dih.          LJ-14
    6.22106e+03    1.71956e+04    2.08445e+04    1.09226e+03    7.71187e+03
     Coulomb-14        LJ (SR)   Coulomb (SR)   Coul. recip. Position Rest.
    8.11132e+04    5.19435e+05   -4.18520e+06    2.50804e+04    2.03214e+03
      Potential    Kinetic En.   Total Energy  Conserved En.    Temperature
   -3.50447e+06    7.04726e+05   -2.79975e+06   -2.81187e+06    3.09714e+02
 Pressure (bar)   Constr. rmsd
   -3.61062e+01    3.93279e-06

           Step           Time
          31900       63.80000

   Energies (kJ/mol)
           Bond          Angle    Proper Dih. Per. Imp. Dih.          LJ-14
    6.24952e+03    1.68202e+04    2.09428e+04    1.08746e+03    7.82387e+03
     Coulomb-14        LJ (SR)   Coulomb (SR)   Coul. recip. Position Rest.
    8.10734e+04    5.19482e+05   -4.18152e+06    2.49177e+04    1.99093e+03
      Potential    Kinetic En.   Total Energy  Conserved En.    Temperature
   -3.50113e+06    7.04121e+05   -2.79701e+06   -2.81160e+06    3.09448e+02
 Pressure (bar)   Constr. rmsd
    4.44935e+00    4.02388e-06

           Step           Time
          32000       64.00000

   Energies (kJ/mol)
           Bond          Angle    Proper Dih. Per. Imp. Dih.          LJ-14
    6.28237e+03    1.71581e+04    2.08567e+04    1.10429e+03    7.76843e+03
     Coulomb-14        LJ (SR)   Coulomb (SR)   Coul. recip. Position Rest.
    8.11290e+04    5.24840e+05   -4.18746e+06    2.52768e+04    2.01955e+03
      Potential    Kinetic En.   Total Energy  Conserved En.    Temperature
   -3.50103e+06    7.05890e+05   -2.79514e+06   -2.81156e+06    3.10225e+02
 Pressure (bar)   Constr. rmsd
    9.06399e+01    3.93667e-06

           Step           Time
          32100       64.20000

   Energies (kJ/mol)
           Bond          Angle    Proper Dih. Per. Imp. Dih.          LJ-14
    6.37416e+03    1.73893e+04    2.08288e+04    1.11151e+03    7.68029e+03
     Coulomb-14        LJ (SR)   Coulomb (SR)   Coul. recip. Position Rest.
    8.09921e+04    5.17730e+05   -4.18221e+06    2.48986e+04    1.95548e+03
      Potential    Kinetic En.   Total Energy  Conserved En.    Temperature
   -3.50325e+06    7.05385e+05   -2.79786e+06   -2.81177e+06    3.10003e+02
 Pressure (bar)   Constr. rmsd
   -6.47311e+01    3.81833e-06

           Step           Time
          32200       64.40000

   Energies (kJ/mol)
           Bond          Angle    Proper Dih. Per. Imp. Dih.          LJ-14
    6.38890e+03    1.67966e+04    2.09328e+04    1.04828e+03    7.83107e+03
     Coulomb-14        LJ (SR)   Coulomb (SR)   Coul. recip. Position Rest.
    8.11011e+04    5.16285e+05   -4.17804e+06    2.51194e+04    1.99495e+03
      Potential    Kinetic En.   Total Energy  Conserved En.    Temperature
   -3.50054e+06    7.03711e+05   -2.79683e+06   -2.81220e+06    3.09268e+02
 Pressure (bar)   Constr. rmsd
   -4.11820e+01    3.84302e-06

           Step           Time
          32300       64.60000

   Energies (kJ/mol)
           Bond          Angle    Proper Dih. Per. Imp. Dih.          LJ-14
    6.18952e+03    1.68586e+04    2.10938e+04    1.18229e+03    7.83460e+03
     Coulomb-14        LJ (SR)   Coulomb (SR)   Coul. recip. Position Rest.
    8.12276e+04    5.20289e+05   -4.18537e+06    2.50639e+04    2.02548e+03
      Potential    Kinetic En.   Total Energy  Conserved En.    Temperature
   -3.50360e+06    7.07235e+05   -2.79637e+06   -2.81195e+06    3.10816e+02
 Pressure (bar)   Constr. rmsd
    2.93233e+01    4.00152e-06

           Step           Time
          32400       64.80000

   Energies (kJ/mol)
           Bond          Angle    Proper Dih. Per. Imp. Dih.          LJ-14
    6.10624e+03    1.73624e+04    2.09670e+04    1.05021e+03    7.66999e+03
     Coulomb-14        LJ (SR)   Coulomb (SR)   Coul. recip. Position Rest.
    8.09671e+04    5.21048e+05   -4.18241e+06    2.51557e+04    2.17006e+03
      Potential    Kinetic En.   Total Energy  Conserved En.    Temperature
   -3.49991e+06    7.06567e+05   -2.79335e+06   -2.81206e+06    3.10523e+02
 Pressure (bar)   Constr. rmsd
    1.90232e+01    3.76504e-06

           Step           Time
          32500       65.00000

   Energies (kJ/mol)
           Bond          Angle    Proper Dih. Per. Imp. Dih.          LJ-14
    6.23608e+03    1.69648e+04    2.09436e+04    1.10530e+03    7.78282e+03
     Coulomb-14        LJ (SR)   Coulomb (SR)   Coul. recip. Position Rest.
    8.11085e+04    5.20846e+05   -4.18265e+06    2.53581e+04    2.00517e+03
      Potential    Kinetic En.   Total Energy  Conserved En.    Temperature
   -3.50029e+06    7.04609e+05   -2.79569e+06   -2.81196e+06    3.09662e+02
 Pressure (bar)   Constr. rmsd
   -2.50549e+01    3.83364e-06

           Step           Time
          32600       65.20000

   Energies (kJ/mol)
           Bond          Angle    Proper Dih. Per. Imp. Dih.          LJ-14
    6.25692e+03    1.73618e+04    2.09542e+04    1.07006e+03    7.72598e+03
     Coulomb-14        LJ (SR)   Coulomb (SR)   Coul. recip. Position Rest.
    8.09058e+04    5.24202e+05   -4.18845e+06    2.50389e+04    2.05733e+03
      Potential    Kinetic En.   Total Energy  Conserved En.    Temperature
   -3.50287e+06    7.06981e+05   -2.79589e+06   -2.81211e+06    3.10705e+02
 Pressure (bar)   Constr. rmsd
    4.24552e+01    3.85705e-06

           Step           Time
          32700       65.40000

   Energies (kJ/mol)
           Bond          Angle    Proper Dih. Per. Imp. Dih.          LJ-14
    6.11550e+03    1.71092e+04    2.09196e+04    1.09277e+03    7.68591e+03
     Coulomb-14        LJ (SR)   Coulomb (SR)   Coul. recip. Position Rest.
    8.12168e+04    5.23092e+05   -4.18778e+06    2.50616e+04    2.09549e+03
      Potential    Kinetic En.   Total Energy  Conserved En.    Temperature
   -3.50339e+06    7.03667e+05   -2.79973e+06   -2.81238e+06    3.09248e+02
 Pressure (bar)   Constr. rmsd
    3.29757e+01    3.75737e-06

           Step           Time
          32800       65.60000

   Energies (kJ/mol)
           Bond          Angle    Proper Dih. Per. Imp. Dih.          LJ-14
    6.18788e+03    1.69256e+04    2.10758e+04    1.11553e+03    7.71502e+03
     Coulomb-14        LJ (SR)   Coulomb (SR)   Coul. recip. Position Rest.
    8.15324e+04    5.21053e+05   -4.18289e+06    2.51803e+04    2.05398e+03
      Potential    Kinetic En.   Total Energy  Conserved En.    Temperature
   -3.50005e+06    7.05469e+05   -2.79458e+06   -2.81223e+06    3.10040e+02
 Pressure (bar)   Constr. rmsd
    4.77644e+01    3.73697e-06

           Step           Time
          32900       65.80000

   Energies (kJ/mol)
           Bond          Angle    Proper Dih. Per. Imp. Dih.          LJ-14
    6.12822e+03    1.70255e+04    2.10432e+04    1.02296e+03    7.68640e+03
     Coulomb-14        LJ (SR)   Coulomb (SR)   Coul. recip. Position Rest.
    8.10163e+04    5.19513e+05   -4.18308e+06    2.48789e+04    2.03944e+03
      Potential    Kinetic En.   Total Energy  Conserved En.    Temperature
   -3.50272e+06    7.04887e+05   -2.79784e+06   -2.81225e+06    3.09785e+02
 Pressure (bar)   Constr. rmsd
    1.79675e+01    3.79768e-06

           Step           Time
          33000       66.00000

   Energies (kJ/mol)
           Bond          Angle    Proper Dih. Per. Imp. Dih.          LJ-14
    6.20616e+03    1.71640e+04    2.09788e+04    1.11598e+03    7.54214e+03
     Coulomb-14        LJ (SR)   Coulomb (SR)   Coul. recip. Position Rest.
    8.10898e+04    5.21043e+05   -4.18642e+06    2.51350e+04    1.99203e+03
      Potential    Kinetic En.   Total Energy  Conserved En.    Temperature
   -3.50415e+06    7.05177e+05   -2.79897e+06   -2.81211e+06    3.09912e+02
 Pressure (bar)   Constr. rmsd
   -2.03665e+01    3.69308e-06

           Step           Time
          33100       66.20000

   Energies (kJ/mol)
           Bond          Angle    Proper Dih. Per. Imp. Dih.          LJ-14
    6.27829e+03    1.70360e+04    2.09544e+04    1.03186e+03    7.72042e+03
     Coulomb-14        LJ (SR)   Coulomb (SR)   Coul. recip. Position Rest.
    8.11395e+04    5.17770e+05   -4.17881e+06    2.52432e+04    1.97430e+03
      Potential    Kinetic En.   Total Energy  Conserved En.    Temperature
   -3.49966e+06    7.05700e+05   -2.79396e+06   -2.81185e+06    3.10142e+02
 Pressure (bar)   Constr. rmsd
   -2.50713e+01    3.73936e-06

           Step           Time
          33200       66.40000

   Energies (kJ/mol)
           Bond          Angle    Proper Dih. Per. Imp. Dih.          LJ-14
    6.44276e+03    1.68191e+04    2.07912e+04    1.07658e+03    7.64408e+03
     Coulomb-14        LJ (SR)   Coulomb (SR)   Coul. recip. Position Rest.
    8.12592e+04    5.21388e+05   -4.18532e+06    2.49992e+04    2.04401e+03
      Potential    Kinetic En.   Total Energy  Conserved En.    Temperature
   -3.50285e+06    7.05147e+05   -2.79771e+06   -2.81213e+06    3.09899e+02
 Pressure (bar)   Constr. rmsd
   -2.86841e+01    3.76517e-06

           Step           Time
          33300       66.60000

   Energies (kJ/mol)
           Bond          Angle    Proper Dih. Per. Imp. Dih.          LJ-14
    6.20686e+03    1.73073e+04    2.10197e+04    1.11931e+03    7.61505e+03
     Coulomb-14        LJ (SR)   Coulomb (SR)   Coul. recip. Position Rest.
    8.12421e+04    5.19595e+05   -4.17898e+06    2.54999e+04    1.93369e+03
      Potential    Kinetic En.   Total Energy  Conserved En.    Temperature
   -3.49745e+06    7.04576e+05   -2.79287e+06   -2.81226e+06    3.09648e+02
 Pressure (bar)   Constr. rmsd
    2.51654e+01    3.89170e-06

           Step           Time
          33400       66.80000

   Energies (kJ/mol)
           Bond          Angle    Proper Dih. Per. Imp. Dih.          LJ-14
    6.41075e+03    1.70683e+04    2.11138e+04    1.07669e+03    7.70329e+03
     Coulomb-14        LJ (SR)   Coulomb (SR)   Coul. recip. Position Rest.
    8.05770e+04    5.19854e+05   -4.17924e+06    2.53107e+04    2.00651e+03
      Potential    Kinetic En.   Total Energy  Conserved En.    Temperature
   -3.49812e+06    7.06900e+05   -2.79122e+06   -2.81240e+06    3.10669e+02
 Pressure (bar)   Constr. rmsd
    2.55860e+01    4.02108e-06

           Step           Time
          33500       67.00000

   Energies (kJ/mol)
           Bond          Angle    Proper Dih. Per. Imp. Dih.          LJ-14
    6.10671e+03    1.71121e+04    2.08493e+04    1.02275e+03    7.70589e+03
     Coulomb-14        LJ (SR)   Coulomb (SR)   Coul. recip. Position Rest.
    8.10032e+04    5.17176e+05   -4.17794e+06    2.51895e+04    2.00476e+03
      Potential    Kinetic En.   Total Energy  Conserved En.    Temperature
   -3.49977e+06    7.05086e+05   -2.79468e+06   -2.81262e+06    3.09872e+02
 Pressure (bar)   Constr. rmsd
   -2.06853e+01    3.72092e-06

           Step           Time
          33600       67.20000

   Energies (kJ/mol)
           Bond          Angle    Proper Dih. Per. Imp. Dih.          LJ-14
    6.03650e+03    1.71232e+04    2.08820e+04    1.07527e+03    7.70004e+03
     Coulomb-14        LJ (SR)   Coulomb (SR)   Coul. recip. Position Rest.
    8.11576e+04    5.16445e+05   -4.18164e+06    2.48907e+04    2.04036e+03
      Potential    Kinetic En.   Total Energy  Conserved En.    Temperature
   -3.50429e+06    7.07542e+05   -2.79675e+06   -2.81244e+06    3.10952e+02
 Pressure (bar)   Constr. rmsd
   -7.65646e+01    3.89901e-06

           Step           Time
          33700       67.40000

   Energies (kJ/mol)
           Bond          Angle    Proper Dih. Per. Imp. Dih.          LJ-14
    6.29015e+03    1.68254e+04    2.10167e+04    1.06092e+03    7.70346e+03
     Coulomb-14        LJ (SR)   Coulomb (SR)   Coul. recip. Position Rest.
    8.09223e+04    5.16225e+05   -4.17904e+06    2.51810e+04    2.05441e+03
      Potential    Kinetic En.   Total Energy  Conserved En.    Temperature
   -3.50176e+06    7.04731e+05   -2.79703e+06   -2.81235e+06    3.09716e+02
 Pressure (bar)   Constr. rmsd
   -1.07268e+02    3.89570e-06

           Step           Time
          33800       67.60000

   Energies (kJ/mol)
           Bond          Angle    Proper Dih. Per. Imp. Dih.          LJ-14
    6.02965e+03    1.70432e+04    2.10780e+04    1.06245e+03    7.79693e+03
     Coulomb-14        LJ (SR)   Coulomb (SR)   Coul. recip. Position Rest.
    8.09110e+04    5.21837e+05   -4.18385e+06    2.51502e+04    2.06630e+03
      Potential    Kinetic En.   Total Energy  Conserved En.    Temperature
   -3.50088e+06    7.01606e+05   -2.79927e+06   -2.81261e+06    3.08343e+02
 Pressure (bar)   Constr. rmsd
    3.51872e+01    4.06120e-06

           Step           Time
          33900       67.80000

   Energies (kJ/mol)
           Bond          Angle    Proper Dih. Per. Imp. Dih.          LJ-14
    6.28493e+03    1.67237e+04    2.10878e+04    1.08988e+03    7.62208e+03
     Coulomb-14        LJ (SR)   Coulomb (SR)   Coul. recip. Position Rest.
    8.11324e+04    5.21615e+05   -4.18687e+06    2.53968e+04    2.03390e+03
      Potential    Kinetic En.   Total Energy  Conserved En.    Temperature
   -3.50388e+06    7.07770e+05   -2.79611e+06   -2.81281e+06    3.11051e+02
 Pressure (bar)   Constr. rmsd
    4.27323e-01    3.86000e-06

           Step           Time
          34000       68.00000

   Energies (kJ/mol)
           Bond          Angle    Proper Dih. Per. Imp. Dih.          LJ-14
    6.39916e+03    1.70209e+04    2.09587e+04    1.00779e+03    7.66606e+03
     Coulomb-14        LJ (SR)   Coulomb (SR)   Coul. recip. Position Rest.
    8.11981e+04    5.20958e+05   -4.18379e+06    2.52151e+04    2.02781e+03
      Potential    Kinetic En.   Total Energy  Conserved En.    Temperature
   -3.50134e+06    7.05805e+05   -2.79553e+06   -2.81269e+06    3.10188e+02
 Pressure (bar)   Constr. rmsd
   -1.95612e+01    3.79636e-06

           Step           Time
          34100       68.20000

   Energies (kJ/mol)
           Bond          Angle    Proper Dih. Per. Imp. Dih.          LJ-14
    6.26708e+03    1.67003e+04    2.10362e+04    1.05662e+03    7.74595e+03
     Coulomb-14        LJ (SR)   Coulomb (SR)   Coul. recip. Position Rest.
    8.09402e+04    5.18288e+05   -4.18260e+06    2.51916e+04    2.05194e+03
      Potential    Kinetic En.   Total Energy  Conserved En.    Temperature
   -3.50332e+06    7.06110e+05   -2.79721e+06   -2.81260e+06    3.10322e+02
 Pressure (bar)   Constr. rmsd
   -8.15030e+01    3.78924e-06

           Step           Time
          34200       68.40000

   Energies (kJ/mol)
           Bond          Angle    Proper Dih. Per. Imp. Dih.          LJ-14
    5.99686e+03    1.70196e+04    2.08375e+04    1.02362e+03    7.73076e+03
     Coulomb-14        LJ (SR)   Coulomb (SR)   Coul. recip. Position Rest.
    8.10215e+04    5.20956e+05   -4.18434e+06    2.52841e+04    2.04776e+03
      Potential    Kinetic En.   Total Energy  Conserved En.    Temperature
   -3.50242e+06    7.04123e+05   -2.79829e+06   -2.81263e+06    3.09449e+02
 Pressure (bar)   Constr. rmsd
    1.41279e+01    3.83252e-06

           Step           Time
          34300       68.60000

   Energies (kJ/mol)
           Bond          Angle    Proper Dih. Per. Imp. Dih.          LJ-14
    6.36270e+03    1.70230e+04    2.10991e+04    1.12813e+03    7.60842e+03
     Coulomb-14        LJ (SR)   Coulomb (SR)   Coul. recip. Position Rest.
    8.07960e+04    5.21055e+05   -4.18727e+06    2.49988e+04    2.04939e+03
      Potential    Kinetic En.   Total Energy  Conserved En.    Temperature
   -3.50515e+06    7.06044e+05   -2.79911e+06   -2.81224e+06    3.10293e+02
 Pressure (bar)   Constr. rmsd
   -4.42065e+01    3.87871e-06

           Step           Time
          34400       68.80000

   Energies (kJ/mol)
           Bond          Angle    Proper Dih. Per. Imp. Dih.          LJ-14
    6.17600e+03    1.70751e+04    2.11661e+04    1.07499e+03    7.75749e+03
     Coulomb-14        LJ (SR)   Coulomb (SR)   Coul. recip. Position Rest.
    8.11034e+04    5.23635e+05   -4.18836e+06    2.49771e+04    2.04418e+03
      Potential    Kinetic En.   Total Energy  Conserved En.    Temperature
   -3.50335e+06    7.04798e+05   -2.79855e+06   -2.81207e+06    3.09745e+02
 Pressure (bar)   Constr. rmsd
    8.31539e+01    3.83882e-06

           Step           Time
          34500       69.00000

   Energies (kJ/mol)
           Bond          Angle    Proper Dih. Per. Imp. Dih.          LJ-14
    6.41929e+03    1.71147e+04    2.11276e+04    1.09820e+03    7.72607e+03
     Coulomb-14        LJ (SR)   Coulomb (SR)   Coul. recip. Position Rest.
    8.08074e+04    5.21504e+05   -4.18279e+06    2.52959e+04    2.06093e+03
      Potential    Kinetic En.   Total Energy  Conserved En.    Temperature
   -3.49964e+06    7.04660e+05   -2.79498e+06   -2.81242e+06    3.09685e+02
 Pressure (bar)   Constr. rmsd
    1.75155e+01    3.94888e-06

           Step           Time
          34600       69.20000

   Energies (kJ/mol)
           Bond          Angle    Proper Dih. Per. Imp. Dih.          LJ-14
    6.42599e+03    1.69611e+04    2.08539e+04    1.06903e+03    7.70795e+03
     Coulomb-14        LJ (SR)   Coulomb (SR)   Coul. recip. Position Rest.
    8.08529e+04    5.19438e+05   -4.18271e+06    2.53251e+04    2.07389e+03
      Potential    Kinetic En.   Total Energy  Conserved En.    Temperature
   -3.50200e+06    7.07077e+05   -2.79492e+06   -2.81232e+06    3.10747e+02
 Pressure (bar)   Constr. rmsd
   -2.59716e+00    3.76926e-06

           Step           Time
          34700       69.40000

   Energies (kJ/mol)
           Bond          Angle    Proper Dih. Per. Imp. Dih.          LJ-14
    6.22468e+03    1.72328e+04    2.10399e+04    1.12812e+03    7.61108e+03
     Coulomb-14        LJ (SR)   Coulomb (SR)   Coul. recip. Position Rest.
    8.06078e+04    5.22397e+05   -4.18653e+06    2.52575e+04    2.08283e+03
      Potential    Kinetic En.   Total Energy  Conserved En.    Temperature
   -3.50295e+06    7.07098e+05   -2.79585e+06   -2.81234e+06    3.10756e+02
 Pressure (bar)   Constr. rmsd
    4.35969e+01    3.91779e-06

           Step           Time
          34800       69.60000

   Energies (kJ/mol)
           Bond          Angle    Proper Dih. Per. Imp. Dih.          LJ-14
    6.27743e+03    1.70972e+04    2.07996e+04    1.11738e+03    7.76764e+03
     Coulomb-14        LJ (SR)   Coulomb (SR)   Coul. recip. Position Rest.
    8.09866e+04    5.18084e+05   -4.18071e+06    2.52146e+04    2.09646e+03
      Potential    Kinetic En.   Total Energy  Conserved En.    Temperature
   -3.50127e+06    7.06035e+05   -2.79523e+06   -2.81199e+06    3.10289e+02
 Pressure (bar)   Constr. rmsd
   -3.44773e+01    3.92079e-06

           Step           Time
          34900       69.80000

   Energies (kJ/mol)
           Bond          Angle    Proper Dih. Per. Imp. Dih.          LJ-14
    6.25704e+03    1.69375e+04    2.07733e+04    1.04074e+03    7.76440e+03
     Coulomb-14        LJ (SR)   Coulomb (SR)   Coul. recip. Position Rest.
    8.08592e+04    5.20142e+05   -4.18266e+06    2.50498e+04    2.05722e+03
      Potential    Kinetic En.   Total Energy  Conserved En.    Temperature
   -3.50178e+06    7.04992e+05   -2.79679e+06   -2.81214e+06    3.09831e+02
 Pressure (bar)   Constr. rmsd
   -2.04637e+00    3.72724e-06

           Step           Time
          35000       70.00000

   Energies (kJ/mol)
           Bond          Angle    Proper Dih. Per. Imp. Dih.          LJ-14
    6.15629e+03    1.72649e+04    2.09623e+04    1.09189e+03    7.72168e+03
     Coulomb-14        LJ (SR)   Coulomb (SR)   Coul. recip. Position Rest.
    8.09101e+04    5.22752e+05   -4.18786e+06    2.49777e+04    2.03212e+03
      Potential    Kinetic En.   Total Energy  Conserved En.    Temperature
   -3.50399e+06    7.05642e+05   -2.79835e+06   -2.81238e+06    3.10116e+02
 Pressure (bar)   Constr. rmsd
    2.52645e+01    3.77970e-06

           Step           Time
          35100       70.20000

   Energies (kJ/mol)
           Bond          Angle    Proper Dih. Per. Imp. Dih.          LJ-14
    6.24848e+03    1.74794e+04    2.10174e+04    1.12331e+03    7.72225e+03
     Coulomb-14        LJ (SR)   Coulomb (SR)   Coul. recip. Position Rest.
    8.08855e+04    5.22493e+05   -4.18812e+06    2.52147e+04    2.09597e+03
      Potential    Kinetic En.   Total Energy  Conserved En.    Temperature
   -3.50384e+06    7.06989e+05   -2.79685e+06   -2.81248e+06    3.10708e+02
 Pressure (bar)   Constr. rmsd
    4.44852e+01    3.92748e-06

           Step           Time
          35200       70.40000

   Energies (kJ/mol)
           Bond          Angle    Proper Dih. Per. Imp. Dih.          LJ-14
    6.09397e+03    1.70142e+04    2.07963e+04    1.08263e+03    7.70859e+03
     Coulomb-14        LJ (SR)   Coulomb (SR)   Coul. recip. Position Rest.
    8.08645e+04    5.22407e+05   -4.18669e+06    2.50180e+04    2.18837e+03
      Potential    Kinetic En.   Total Energy  Conserved En.    Temperature
   -3.50352e+06    7.02394e+05   -2.80112e+06   -2.81230e+06    3.08689e+02
 Pressure (bar)   Constr. rmsd
    3.25708e+01    3.90709e-06

           Step           Time
          35300       70.60000

   Energies (kJ/mol)
           Bond          Angle    Proper Dih. Per. Imp. Dih.          LJ-14
    6.31847e+03    1.68359e+04    2.07805e+04    1.16067e+03    7.65076e+03
     Coulomb-14        LJ (SR)   Coulomb (SR)   Coul. recip. Position Rest.
    8.08507e+04    5.23097e+05   -4.18819e+06    2.50551e+04    2.01622e+03
      Potential    Kinetic En.   Total Energy  Conserved En.    Temperature
   -3.50443e+06    7.03489e+05   -2.80094e+06   -2.81238e+06    3.09170e+02
 Pressure (bar)   Constr. rmsd
   -1.21661e+01    3.95192e-06

           Step           Time
          35400       70.80000

   Energies (kJ/mol)
           Bond          Angle    Proper Dih. Per. Imp. Dih.          LJ-14
    6.09303e+03    1.66070e+04    2.10182e+04    1.10504e+03    7.50945e+03
     Coulomb-14        LJ (SR)   Coulomb (SR)   Coul. recip. Position Rest.
    8.09602e+04    5.25645e+05   -4.19189e+06    2.52162e+04    2.04729e+03
      Potential    Kinetic En.   Total Energy  Conserved En.    Temperature
   -3.50569e+06    7.01300e+05   -2.80439e+06   -2.81240e+06    3.08208e+02
 Pressure (bar)   Constr. rmsd
    3.55295e+00    3.92066e-06

           Step           Time
          35500       71.00000

   Energies (kJ/mol)
           Bond          Angle    Proper Dih. Per. Imp. Dih.          LJ-14
    6.09653e+03    1.70758e+04    2.09731e+04    1.15340e+03    7.61867e+03
     Coulomb-14        LJ (SR)   Coulomb (SR)   Coul. recip. Position Rest.
    8.09395e+04    5.20834e+05   -4.18681e+06    2.53425e+04    2.05405e+03
      Potential    Kinetic En.   Total Energy  Conserved En.    Temperature
   -3.50472e+06    7.01963e+05   -2.80276e+06   -2.81235e+06    3.08499e+02
 Pressure (bar)   Constr. rmsd
   -5.61244e+01    3.65018e-06

           Step           Time
          35600       71.20000

   Energies (kJ/mol)
           Bond          Angle    Proper Dih. Per. Imp. Dih.          LJ-14
    6.26194e+03    1.70074e+04    2.07361e+04    1.05622e+03    7.63191e+03
     Coulomb-14        LJ (SR)   Coulomb (SR)   Coul. recip. Position Rest.
    8.09560e+04    5.24340e+05   -4.19050e+06    2.50319e+04    2.06262e+03
      Potential    Kinetic En.   Total Energy  Conserved En.    Temperature
   -3.50541e+06    7.04924e+05   -2.80049e+06   -2.81217e+06    3.09801e+02
 Pressure (bar)   Constr. rmsd
    2.96556e+01    3.72791e-06

           Step           Time
          35700       71.40000

   Energies (kJ/mol)
           Bond          Angle    Proper Dih. Per. Imp. Dih.          LJ-14
    6.12017e+03    1.68278e+04    2.10442e+04    1.03294e+03    7.62911e+03
     Coulomb-14        LJ (SR)   Coulomb (SR)   Coul. recip. Position Rest.
    8.10774e+04    5.23916e+05   -4.18958e+06    2.48411e+04    2.03627e+03
      Potential    Kinetic En.   Total Energy  Conserved En.    Temperature
   -3.50505e+06    7.04348e+05   -2.80070e+06   -2.81187e+06    3.09548e+02
 Pressure (bar)   Constr. rmsd
    3.00774e+01    3.96626e-06

           Step           Time
          35800       71.60000

   Energies (kJ/mol)
           Bond          Angle    Proper Dih. Per. Imp. Dih.          LJ-14
    6.09668e+03    1.69849e+04    2.07517e+04    1.07139e+03    7.68606e+03
     Coulomb-14        LJ (SR)   Coulomb (SR)   Coul. recip. Position Rest.
    8.12151e+04    5.22959e+05   -4.19136e+06    2.49540e+04    2.05653e+03
      Potential    Kinetic En.   Total Energy  Conserved En.    Temperature
   -3.50759e+06    7.04863e+05   -2.80273e+06   -2.81172e+06    3.09774e+02
 Pressure (bar)   Constr. rmsd
    4.05771e+01    3.77623e-06

           Step           Time
          35900       71.80000

   Energies (kJ/mol)
           Bond          Angle    Proper Dih. Per. Imp. Dih.          LJ-14
    6.26416e+03    1.68981e+04    2.08957e+04    1.09250e+03    7.71468e+03
     Coulomb-14        LJ (SR)   Coulomb (SR)   Coul. recip. Position Rest.
    8.10097e+04    5.25225e+05   -4.18974e+06    2.48846e+04    2.11296e+03
      Potential    Kinetic En.   Total Energy  Conserved En.    Temperature
   -3.50364e+06    7.05487e+05   -2.79816e+06   -2.81175e+06    3.10048e+02
 Pressure (bar)   Constr. rmsd
    9.35114e+01    3.90258e-06

           Step           Time
          36000       72.00000

   Energies (kJ/mol)
           Bond          Angle    Proper Dih. Per. Imp. Dih.          LJ-14
    6.16218e+03    1.71569e+04    2.08655e+04    1.13360e+03    7.66398e+03
     Coulomb-14        LJ (SR)   Coulomb (SR)   Coul. recip. Position Rest.
    8.11757e+04    5.20838e+05   -4.18684e+06    2.50314e+04    2.03754e+03
      Potential    Kinetic En.   Total Energy  Conserved En.    Temperature
   -3.50477e+06    7.05108e+05   -2.79966e+06   -2.81192e+06    3.09881e+02
 Pressure (bar)   Constr. rmsd
   -1.58242e+01    3.84701e-06

           Step           Time
          36100       72.20000

   Energies (kJ/mol)
           Bond          Angle    Proper Dih. Per. Imp. Dih.          LJ-14
    5.88005e+03    1.69623e+04    2.08230e+04    1.01839e+03    7.80683e+03
     Coulomb-14        LJ (SR)   Coulomb (SR)   Coul. recip. Position Rest.
    8.10583e+04    5.20258e+05   -4.18783e+06    2.49857e+04    2.07668e+03
      Potential    Kinetic En.   Total Energy  Conserved En.    Temperature
   -3.50696e+06    7.03160e+05   -2.80380e+06   -2.81164e+06    3.09025e+02
 Pressure (bar)   Constr. rmsd
   -2.19628e+01    3.74564e-06

           Step           Time
          36200       72.40000

   Energies (kJ/mol)
           Bond          Angle    Proper Dih. Per. Imp. Dih.          LJ-14
    6.24437e+03    1.70138e+04    2.10092e+04    1.05992e+03    7.64659e+03
     Coulomb-14        LJ (SR)   Coulomb (SR)   Coul. recip. Position Rest.
    8.12098e+04    5.24571e+05   -4.19087e+06    2.52896e+04    2.12273e+03
      Potential    Kinetic En.   Total Energy  Conserved En.    Temperature
   -3.50471e+06    7.05637e+05   -2.79907e+06   -2.81164e+06    3.10114e+02
 Pressure (bar)   Constr. rmsd
    6.37842e+01    3.85257e-06

           Step           Time
          36300       72.60000

   Energies (kJ/mol)
           Bond          Angle    Proper Dih. Per. Imp. Dih.          LJ-14
    6.31384e+03    1.73897e+04    2.09415e+04    1.09725e+03    7.59838e+03
     Coulomb-14        LJ (SR)   Coulomb (SR)   Coul. recip. Position Rest.
    8.07606e+04    5.23337e+05   -4.18789e+06    2.50661e+04    2.12823e+03
      Potential    Kinetic En.   Total Energy  Conserved En.    Temperature
   -3.50326e+06    7.06764e+05   -2.79649e+06   -2.81183e+06    3.10610e+02
 Pressure (bar)   Constr. rmsd
    2.23794e+01    3.90840e-06

           Step           Time
          36400       72.80000

   Energies (kJ/mol)
           Bond          Angle    Proper Dih. Per. Imp. Dih.          LJ-14
    6.25586e+03    1.74009e+04    2.08715e+04    1.11641e+03    7.80720e+03
     Coulomb-14        LJ (SR)   Coulomb (SR)   Coul. recip. Position Rest.
    8.06689e+04    5.21646e+05   -4.18290e+06    2.51184e+04    2.03681e+03
      Potential    Kinetic En.   Total Energy  Conserved En.    Temperature
   -3.49997e+06    7.05721e+05   -2.79425e+06   -2.81180e+06    3.10151e+02
 Pressure (bar)   Constr. rmsd
    7.94917e+01    3.89794e-06

           Step           Time
          36500       73.00000

   Energies (kJ/mol)
           Bond          Angle    Proper Dih. Per. Imp. Dih.          LJ-14
    6.66299e+03    1.69658e+04    2.10780e+04    1.09878e+03    7.63889e+03
     Coulomb-14        LJ (SR)   Coulomb (SR)   Coul. recip. Position Rest.
    8.07107e+04    5.21511e+05   -4.18355e+06    2.50686e+04    2.04809e+03
      Potential    Kinetic En.   Total Energy  Conserved En.    Temperature
   -3.50077e+06    7.07861e+05   -2.79291e+06   -2.81158e+06    3.11092e+02
 Pressure (bar)   Constr. rmsd
    1.81927e+01    3.87387e-06

           Step           Time
          36600       73.20000

   Energies (kJ/mol)
           Bond          Angle    Proper Dih. Per. Imp. Dih.          LJ-14
    6.14048e+03    1.71416e+04    2.08779e+04    1.02939e+03    7.69173e+03
     Coulomb-14        LJ (SR)   Coulomb (SR)   Coul. recip. Position Rest.
    8.08609e+04    5.21971e+05   -4.18665e+06    2.50415e+04    2.04317e+03
      Potential    Kinetic En.   Total Energy  Conserved En.    Temperature
   -3.50385e+06    7.04499e+05   -2.79935e+06   -2.81156e+06    3.09614e+02
 Pressure (bar)   Constr. rmsd
    6.63527e+01    3.84156e-06

           Step           Time
          36700       73.40000

   Energies (kJ/mol)
           Bond          Angle    Proper Dih. Per. Imp. Dih.          LJ-14
    6.26097e+03    1.71180e+04    2.08744e+04    1.09553e+03    7.70812e+03
     Coulomb-14        LJ (SR)   Coulomb (SR)   Coul. recip. Position Rest.
    8.10465e+04    5.21999e+05   -4.18756e+06    2.49461e+04    2.16452e+03
      Potential    Kinetic En.   Total Energy  Conserved En.    Temperature
   -3.50435e+06    7.08034e+05   -2.79631e+06   -2.81127e+06    3.11167e+02
 Pressure (bar)   Constr. rmsd
   -1.36836e+01    3.90781e-06

           Step           Time
          36800       73.60000

   Energies (kJ/mol)
           Bond          Angle    Proper Dih. Per. Imp. Dih.          LJ-14
    6.36890e+03    1.69483e+04    2.10212e+04    1.05378e+03    7.83106e+03
     Coulomb-14        LJ (SR)   Coulomb (SR)   Coul. recip. Position Rest.
    8.11775e+04    5.20315e+05   -4.18354e+06    2.49974e+04    2.01323e+03
      Potential    Kinetic En.   Total Energy  Conserved En.    Temperature
   -3.50181e+06    7.05631e+05   -2.79618e+06   -2.81110e+06    3.10112e+02
 Pressure (bar)   Constr. rmsd
    2.99484e+01    3.87249e-06

           Step           Time
          36900       73.80000

   Energies (kJ/mol)
           Bond          Angle    Proper Dih. Per. Imp. Dih.          LJ-14
    6.38278e+03    1.68891e+04    2.08565e+04    1.01537e+03    7.63485e+03
     Coulomb-14        LJ (SR)   Coulomb (SR)   Coul. recip. Position Rest.
    8.09686e+04    5.20713e+05   -4.18529e+06    2.52018e+04    2.00866e+03
      Potential    Kinetic En.   Total Energy  Conserved En.    Temperature
   -3.50362e+06    7.05692e+05   -2.79792e+06   -2.81078e+06    3.10138e+02
 Pressure (bar)   Constr. rmsd
    8.78187e+00    3.82697e-06

           Step           Time
          37000       74.00000

   Energies (kJ/mol)
           Bond          Angle    Proper Dih. Per. Imp. Dih.          LJ-14
    6.27331e+03    1.69345e+04    2.09229e+04    1.02890e+03    7.74608e+03
     Coulomb-14        LJ (SR)   Coulomb (SR)   Coul. recip. Position Rest.
    8.09304e+04    5.23180e+05   -4.18789e+06    2.49057e+04    2.01222e+03
      Potential    Kinetic En.   Total Energy  Conserved En.    Temperature
   -3.50395e+06    7.04856e+05   -2.79910e+06   -2.81113e+06    3.09771e+02
 Pressure (bar)   Constr. rmsd
    9.75598e+01    3.87019e-06

           Step           Time
          37100       74.20000

   Energies (kJ/mol)
           Bond          Angle    Proper Dih. Per. Imp. Dih.          LJ-14
    6.17257e+03    1.68671e+04    2.09126e+04    1.09741e+03    7.76600e+03
     Coulomb-14        LJ (SR)   Coulomb (SR)   Coul. recip. Position Rest.
    8.11392e+04    5.22682e+05   -4.18705e+06    2.52875e+04    2.08706e+03
      Potential    Kinetic En.   Total Energy  Conserved En.    Temperature
   -3.50304e+06    7.03710e+05   -2.79933e+06   -2.81119e+06    3.09267e+02
 Pressure (bar)   Constr. rmsd
    8.25061e+01    3.77301e-06

           Step           Time
          37200       74.40000

   Energies (kJ/mol)
           Bond          Angle    Proper Dih. Per. Imp. Dih.          LJ-14
    6.19375e+03    1.71526e+04    2.08506e+04    1.05331e+03    7.67257e+03
     Coulomb-14        LJ (SR)   Coulomb (SR)   Coul. recip. Position Rest.
    8.10202e+04    5.20138e+05   -4.18368e+06    2.51310e+04    2.06217e+03
      Potential    Kinetic En.   Total Energy  Conserved En.    Temperature
   -3.50240e+06    7.05874e+05   -2.79653e+06   -2.81129e+06    3.10218e+02
 Pressure (bar)   Constr. rmsd
   -1.86420e+01    4.01423e-06

           Step           Time
          37300       74.60000

   Energies (kJ/mol)
           Bond          Angle    Proper Dih. Per. Imp. Dih.          LJ-14
    6.25167e+03    1.70599e+04    2.07598e+04    1.08008e+03    7.77540e+03
     Coulomb-14        LJ (SR)   Coulomb (SR)   Coul. recip. Position Rest.
    8.10355e+04    5.22716e+05   -4.18608e+06    2.49250e+04    2.20427e+03
      Potential    Kinetic En.   Total Energy  Conserved En.    Temperature
   -3.50227e+06    7.04636e+05   -2.79763e+06   -2.81126e+06    3.09674e+02
 Pressure (bar)   Constr. rmsd
    2.64768e+00    3.68280e-06

           Step           Time
          37400       74.80000

   Energies (kJ/mol)
           Bond          Angle    Proper Dih. Per. Imp. Dih.          LJ-14
    6.41132e+03    1.70053e+04    2.08568e+04    1.13864e+03    7.70310e+03
     Coulomb-14        LJ (SR)   Coulomb (SR)   Coul. recip. Position Rest.
    8.10409e+04    5.19509e+05   -4.18338e+06    2.51231e+04    2.09473e+03
      Potential    Kinetic En.   Total Energy  Conserved En.    Temperature
   -3.50249e+06    7.06626e+05   -2.79587e+06   -2.81127e+06    3.10549e+02
 Pressure (bar)   Constr. rmsd
    2.34670e+01    3.94129e-06

           Step           Time
          37500       75.00000

   Energies (kJ/mol)
           Bond          Angle    Proper Dih. Per. Imp. Dih.          LJ-14
    6.27507e+03    1.72030e+04    2.08947e+04    1.08957e+03    7.56501e+03
     Coulomb-14        LJ (SR)   Coulomb (SR)   Coul. recip. Position Rest.
    8.07322e+04    5.20760e+05   -4.18791e+06    2.50350e+04    2.08824e+03
      Potential    Kinetic En.   Total Energy  Conserved En.    Temperature
   -3.50627e+06    7.05922e+05   -2.80035e+06   -2.81114e+06    3.10239e+02
 Pressure (bar)   Constr. rmsd
    3.31413e+01    3.80852e-06

           Step           Time
          37600       75.20000

   Energies (kJ/mol)
           Bond          Angle    Proper Dih. Per. Imp. Dih.          LJ-14
    6.13595e+03    1.67995e+04    2.07101e+04    1.05244e+03    7.72389e+03
     Coulomb-14        LJ (SR)   Coulomb (SR)   Coul. recip. Position Rest.
    8.13363e+04    5.22472e+05   -4.18896e+06    2.50939e+04    1.99480e+03
      Potential    Kinetic En.   Total Energy  Conserved En.    Temperature
   -3.50564e+06    7.04076e+05   -2.80157e+06   -2.81102e+06    3.09428e+02
 Pressure (bar)   Constr. rmsd
    1.95979e+01    3.85805e-06

           Step           Time
          37700       75.40000

   Energies (kJ/mol)
           Bond          Angle    Proper Dih. Per. Imp. Dih.          LJ-14
    5.98705e+03    1.70483e+04    2.10258e+04    1.08527e+03    7.82501e+03
     Coulomb-14        LJ (SR)   Coulomb (SR)   Coul. recip. Position Rest.
    8.11473e+04    5.21108e+05   -4.18835e+06    2.49993e+04    1.98197e+03
      Potential    Kinetic En.   Total Energy  Conserved En.    Temperature
   -3.50614e+06    7.05705e+05   -2.80044e+06   -2.81097e+06    3.10144e+02
 Pressure (bar)   Constr. rmsd
    6.61847e+01    3.93668e-06

           Step           Time
          37800       75.60000

   Energies (kJ/mol)
           Bond          Angle    Proper Dih. Per. Imp. Dih.          LJ-14
    6.37422e+03    1.70834e+04    2.07702e+04    1.06179e+03    7.73114e+03
     Coulomb-14        LJ (SR)   Coulomb (SR)   Coul. recip. Position Rest.
    8.06842e+04    5.22826e+05   -4.18925e+06    2.51294e+04    2.07547e+03
      Potential    Kinetic En.   Total Energy  Conserved En.    Temperature
   -3.50551e+06    7.04492e+05   -2.80102e+06   -2.81098e+06    3.09611e+02
 Pressure (bar)   Constr. rmsd
    1.29007e+01    3.79248e-06

           Step           Time
          37900       75.80000

   Energies (kJ/mol)
           Bond          Angle    Proper Dih. Per. Imp. Dih.          LJ-14
    6.03817e+03    1.69039e+04    2.09280e+04    1.07753e+03    7.55781e+03
     Coulomb-14        LJ (SR)   Coulomb (SR)   Coul. recip. Position Rest.
    8.12245e+04    5.22060e+05   -4.18891e+06    2.51801e+04    2.08917e+03
      Potential    Kinetic En.   Total Energy  Conserved En.    Temperature
   -3.50585e+06    7.04816e+05   -2.80103e+06   -2.81090e+06    3.09753e+02
 Pressure (bar)   Constr. rmsd
    3.04584e+01    3.92737e-06

           Step           Time
          38000       76.00000

   Energies (kJ/mol)
           Bond          Angle    Proper Dih. Per. Imp. Dih.          LJ-14
    5.99170e+03    1.66675e+04    2.08437e+04    1.12260e+03    7.71103e+03
     Coulomb-14        LJ (SR)   Coulomb (SR)   Coul. recip. Position Rest.
    8.11101e+04    5.20206e+05   -4.18726e+06    2.50445e+04    2.09767e+03
      Potential    Kinetic En.   Total Energy  Conserved En.    Temperature
   -3.50647e+06    7.02599e+05   -2.80387e+06   -2.81092e+06    3.08779e+02
 Pressure (bar)   Constr. rmsd
    6.56722e+00    3.77272e-06

           Step           Time
          38100       76.20000

   Energies (kJ/mol)
           Bond          Angle    Proper Dih. Per. Imp. Dih.          LJ-14
    6.02554e+03    1.68174e+04    2.07650e+04    1.12974e+03    7.69283e+03
     Coulomb-14        LJ (SR)   Coulomb (SR)   Coul. recip. Position Rest.
    8.12061e+04    5.23184e+05   -4.19210e+06    2.51388e+04    2.01868e+03
      Potential    Kinetic En.   Total Energy  Conserved En.    Temperature
   -3.50812e+06    7.00897e+05   -2.80722e+06   -2.81076e+06    3.08031e+02
 Pressure (bar)   Constr. rmsd
    3.70999e+01    3.71940e-06

           Step           Time
          38200       76.40000

   Energies (kJ/mol)
           Bond          Angle    Proper Dih. Per. Imp. Dih.          LJ-14
    6.10662e+03    1.69930e+04    2.10073e+04    1.01731e+03    7.67581e+03
     Coulomb-14        LJ (SR)   Coulomb (SR)   Coul. recip. Position Rest.
    8.10700e+04    5.23730e+05   -4.19238e+06    2.48942e+04    2.04901e+03
      Potential    Kinetic En.   Total Energy  Conserved En.    Temperature
   -3.50783e+06    7.03151e+05   -2.80468e+06   -2.81088e+06    3.09022e+02
 Pressure (bar)   Constr. rmsd
    8.36586e+01    3.55132e-06

           Step           Time
          38300       76.60000

   Energies (kJ/mol)
           Bond          Angle    Proper Dih. Per. Imp. Dih.          LJ-14
    6.10206e+03    1.67929e+04    2.11037e+04    1.11061e+03    7.72245e+03
     Coulomb-14        LJ (SR)   Coulomb (SR)   Coul. recip. Position Rest.
    8.09159e+04    5.18859e+05   -4.18554e+06    2.50133e+04    2.07487e+03
      Potential    Kinetic En.   Total Energy  Conserved En.    Temperature
   -3.50585e+06    7.03185e+05   -2.80266e+06   -2.81092e+06    3.09037e+02
 Pressure (bar)   Constr. rmsd
   -1.51458e+01    3.81534e-06

           Step           Time
          38400       76.80000

   Energies (kJ/mol)
           Bond          Angle    Proper Dih. Per. Imp. Dih.          LJ-14
    6.02367e+03    1.68600e+04    2.08108e+04    1.05956e+03    7.67929e+03
     Coulomb-14        LJ (SR)   Coulomb (SR)   Coul. recip. Position Rest.
    8.09486e+04    5.24973e+05   -4.19603e+06    2.49238e+04    2.03787e+03
      Potential    Kinetic En.   Total Energy  Conserved En.    Temperature
   -3.51071e+06    7.07708e+05   -2.80300e+06   -2.81091e+06    3.11024e+02
 Pressure (bar)   Constr. rmsd
    7.43789e+01    3.90816e-06

           Step           Time
          38500       77.00000

   Energies (kJ/mol)
           Bond          Angle    Proper Dih. Per. Imp. Dih.          LJ-14
    6.26031e+03    1.70615e+04    2.08745e+04    1.18808e+03    7.68313e+03
     Coulomb-14        LJ (SR)   Coulomb (SR)   Coul. recip. Position Rest.
    8.09652e+04    5.23606e+05   -4.19065e+06    2.48213e+04    2.10677e+03
      Potential    Kinetic En.   Total Energy  Conserved En.    Temperature
   -3.50609e+06    7.05350e+05   -2.80074e+06   -2.81107e+06    3.09988e+02
 Pressure (bar)   Constr. rmsd
    3.78527e+01    3.91570e-06

           Step           Time
          38600       77.20000

   Energies (kJ/mol)
           Bond          Angle    Proper Dih. Per. Imp. Dih.          LJ-14
    5.99474e+03    1.71861e+04    2.08806e+04    9.55180e+02    7.78988e+03
     Coulomb-14        LJ (SR)   Coulomb (SR)   Coul. recip. Position Rest.
    8.08752e+04    5.24511e+05   -4.19367e+06    2.49488e+04    2.05553e+03
      Potential    Kinetic En.   Total Energy  Conserved En.    Temperature
   -3.50847e+06    7.06131e+05   -2.80234e+06   -2.81108e+06    3.10331e+02
 Pressure (bar)   Constr. rmsd
    4.83693e+01    3.86538e-06

           Step           Time
          38700       77.40000

   Energies (kJ/mol)
           Bond          Angle    Proper Dih. Per. Imp. Dih.          LJ-14
    6.11631e+03    1.69136e+04    2.09314e+04    1.06354e+03    7.73227e+03
     Coulomb-14        LJ (SR)   Coulomb (SR)   Coul. recip. Position Rest.
    8.09063e+04    5.21089e+05   -4.18988e+06    2.47928e+04    2.04231e+03
      Potential    Kinetic En.   Total Energy  Conserved En.    Temperature
   -3.50830e+06    7.05086e+05   -2.80321e+06   -2.81098e+06    3.09872e+02
 Pressure (bar)   Constr. rmsd
   -2.54521e+01    3.78769e-06

           Step           Time
          38800       77.60000

   Energies (kJ/mol)
           Bond          Angle    Proper Dih. Per. Imp. Dih.          LJ-14
    6.26413e+03    1.67384e+04    2.08854e+04    1.11594e+03    7.71159e+03
     Coulomb-14        LJ (SR)   Coulomb (SR)   Coul. recip. Position Rest.
    8.10432e+04    5.20389e+05   -4.18629e+06    2.48099e+04    1.96894e+03
      Potential    Kinetic En.   Total Energy  Conserved En.    Temperature
   -3.50537e+06    7.03853e+05   -2.80151e+06   -2.81092e+06    3.09330e+02
 Pressure (bar)   Constr. rmsd
    4.60905e+00    3.74140e-06

           Step           Time
          38900       77.80000

   Energies (kJ/mol)
           Bond          Angle    Proper Dih. Per. Imp. Dih.          LJ-14
    6.28482e+03    1.68831e+04    2.09083e+04    1.03520e+03    7.75662e+03
     Coulomb-14        LJ (SR)   Coulomb (SR)   Coul. recip. Position Rest.
    8.10907e+04    5.23459e+05   -4.18985e+06    2.50896e+04    2.09267e+03
      Potential    Kinetic En.   Total Energy  Conserved En.    Temperature
   -3.50525e+06    7.05643e+05   -2.79961e+06   -2.81154e+06    3.10117e+02
 Pressure (bar)   Constr. rmsd
    6.65049e+01    3.70915e-06

           Step           Time
          39000       78.00000

   Energies (kJ/mol)
           Bond          Angle    Proper Dih. Per. Imp. Dih.          LJ-14
    6.33702e+03    1.73557e+04    2.10214e+04    1.10091e+03    7.60836e+03
     Coulomb-14        LJ (SR)   Coulomb (SR)   Coul. recip. Position Rest.
    8.09281e+04    5.24728e+05   -4.19036e+06    2.49156e+04    2.07371e+03
      Potential    Kinetic En.   Total Energy  Conserved En.    Temperature
   -3.50429e+06    7.04672e+05   -2.79962e+06   -2.81144e+06    3.09690e+02
 Pressure (bar)   Constr. rmsd
    1.12125e+02    3.89681e-06

           Step           Time
          39100       78.20000

   Energies (kJ/mol)
           Bond          Angle    Proper Dih. Per. Imp. Dih.          LJ-14
    6.20394e+03    1.69853e+04    2.09044e+04    1.02430e+03    7.61282e+03
     Coulomb-14        LJ (SR)   Coulomb (SR)   Coul. recip. Position Rest.
    8.11576e+04    5.20037e+05   -4.18450e+06    2.48921e+04    2.01396e+03
      Potential    Kinetic En.   Total Energy  Conserved En.    Temperature
   -3.50367e+06    7.04486e+05   -2.79918e+06   -2.81152e+06    3.09608e+02
 Pressure (bar)   Constr. rmsd
   -5.03610e+01    3.85364e-06

           Step           Time
          39200       78.40000

   Energies (kJ/mol)
           Bond          Angle    Proper Dih. Per. Imp. Dih.          LJ-14
    6.21058e+03    1.74268e+04    2.07454e+04    1.06916e+03    7.72112e+03
     Coulomb-14        LJ (SR)   Coulomb (SR)   Coul. recip. Position Rest.
    8.09102e+04    5.20476e+05   -4.18283e+06    2.49097e+04    2.10401e+03
      Potential    Kinetic En.   Total Energy  Conserved En.    Temperature
   -3.50125e+06    7.06173e+05   -2.79508e+06   -2.81152e+06    3.10350e+02
 Pressure (bar)   Constr. rmsd
    3.86434e+00    3.88605e-06

           Step           Time
          39300       78.60000

   Energies (kJ/mol)
           Bond          Angle    Proper Dih. Per. Imp. Dih.          LJ-14
    6.10212e+03    1.72918e+04    2.08215e+04    1.06797e+03    7.69925e+03
     Coulomb-14        LJ (SR)   Coulomb (SR)   Coul. recip. Position Rest.
    8.09296e+04    5.23233e+05   -4.18518e+06    2.50954e+04    2.02857e+03
      Potential    Kinetic En.   Total Energy  Conserved En.    Temperature
   -3.50091e+06    7.05942e+05   -2.79497e+06   -2.81170e+06    3.10248e+02
 Pressure (bar)   Constr. rmsd
    9.82093e+01    3.90369e-06

           Step           Time
          39400       78.80000

   Energies (kJ/mol)
           Bond          Angle    Proper Dih. Per. Imp. Dih.          LJ-14
    6.11715e+03    1.71533e+04    2.10199e+04    1.08535e+03    7.75629e+03
     Coulomb-14        LJ (SR)   Coulomb (SR)   Coul. recip. Position Rest.
    8.09110e+04    5.22991e+05   -4.18722e+06    2.51856e+04    2.01236e+03
      Potential    Kinetic En.   Total Energy  Conserved En.    Temperature
   -3.50298e+06    7.05625e+05   -2.79736e+06   -2.81160e+06    3.10109e+02
 Pressure (bar)   Constr. rmsd
    6.03539e+01    3.74828e-06

           Step           Time
          39500       79.00000

   Energies (kJ/mol)
           Bond          Angle    Proper Dih. Per. Imp. Dih.          LJ-14
    6.38180e+03    1.70506e+04    2.07722e+04    1.02421e+03    7.54368e+03
     Coulomb-14        LJ (SR)   Coulomb (SR)   Coul. recip. Position Rest.
    8.06487e+04    5.21393e+05   -4.18311e+06    2.53126e+04    2.10115e+03
      Potential    Kinetic En.   Total Energy  Conserved En.    Temperature
   -3.50088e+06    7.05633e+05   -2.79525e+06   -2.81167e+06    3.10112e+02
 Pressure (bar)   Constr. rmsd
    9.55357e-01    3.89077e-06

           Step           Time
          39600       79.20000

   Energies (kJ/mol)
           Bond          Angle    Proper Dih. Per. Imp. Dih.          LJ-14
    6.37274e+03    1.70632e+04    2.08508e+04    1.08209e+03    7.61202e+03
     Coulomb-14        LJ (SR)   Coulomb (SR)   Coul. recip. Position Rest.
    8.06264e+04    5.22431e+05   -4.18723e+06    2.48426e+04    2.05395e+03
      Potential    Kinetic En.   Total Energy  Conserved En.    Temperature
   -3.50429e+06    7.05064e+05   -2.79923e+06   -2.81148e+06    3.09862e+02
 Pressure (bar)   Constr. rmsd
   -1.22024e+01    3.84953e-06

           Step           Time
          39700       79.40000

   Energies (kJ/mol)
           Bond          Angle    Proper Dih. Per. Imp. Dih.          LJ-14
    6.22419e+03    1.72347e+04    2.09674e+04    1.05917e+03    7.80650e+03
     Coulomb-14        LJ (SR)   Coulomb (SR)   Coul. recip. Position Rest.
    8.07943e+04    5.18632e+05   -4.18237e+06    2.48772e+04    2.00390e+03
      Potential    Kinetic En.   Total Energy  Conserved En.    Temperature
   -3.50277e+06    7.04465e+05   -2.79831e+06   -2.81149e+06    3.09599e+02
 Pressure (bar)   Constr. rmsd
   -1.60489e+01    3.76946e-06

           Step           Time
          39800       79.60000

   Energies (kJ/mol)
           Bond          Angle    Proper Dih. Per. Imp. Dih.          LJ-14
    6.35499e+03    1.71130e+04    2.06442e+04    1.08969e+03    7.68864e+03
     Coulomb-14        LJ (SR)   Coulomb (SR)   Coul. recip. Position Rest.
    8.05487e+04    5.18214e+05   -4.18146e+06    2.51388e+04    2.08321e+03
      Potential    Kinetic En.   Total Energy  Conserved En.    Temperature
   -3.50259e+06    7.04508e+05   -2.79808e+06   -2.81151e+06    3.09618e+02
 Pressure (bar)   Constr. rmsd
   -3.32469e+01    3.86289e-06

           Step           Time
          39900       79.80000

   Energies (kJ/mol)
           Bond          Angle    Proper Dih. Per. Imp. Dih.          LJ-14
    6.37870e+03    1.71875e+04    2.09152e+04    1.10239e+03    7.81655e+03
     Coulomb-14        LJ (SR)   Coulomb (SR)   Coul. recip. Position Rest.
    8.09040e+04    5.19156e+05   -4.18234e+06    2.50883e+04    2.07011e+03
      Potential    Kinetic En.   Total Energy  Conserved En.    Temperature
   -3.50172e+06    7.08005e+05   -2.79372e+06   -2.81147e+06    3.11155e+02
 Pressure (bar)   Constr. rmsd
    3.27308e+01    4.00562e-06

           Step           Time
          40000       80.00000

   Energies (kJ/mol)
           Bond          Angle    Proper Dih. Per. Imp. Dih.          LJ-14
    6.40714e+03    1.70470e+04    2.08977e+04    1.14078e+03    7.67261e+03
     Coulomb-14        LJ (SR)   Coulomb (SR)   Coul. recip. Position Rest.
    8.08914e+04    5.23562e+05   -4.18732e+06    2.51854e+04    2.03084e+03
      Potential    Kinetic En.   Total Energy  Conserved En.    Temperature
   -3.50249e+06    7.06598e+05   -2.79589e+06   -2.81166e+06    3.10536e+02
 Pressure (bar)   Constr. rmsd
    9.70104e+01    3.96496e-06

           Step           Time
          40100       80.20000

   Energies (kJ/mol)
           Bond          Angle    Proper Dih. Per. Imp. Dih.          LJ-14
    6.30064e+03    1.69659e+04    2.11469e+04    1.05580e+03    7.60372e+03
     Coulomb-14        LJ (SR)   Coulomb (SR)   Coul. recip. Position Rest.
    8.05519e+04    5.22141e+05   -4.18656e+06    2.50609e+04    1.99348e+03
      Potential    Kinetic En.   Total Energy  Conserved En.    Temperature
   -3.50374e+06    7.05067e+05   -2.79867e+06   -2.81173e+06    3.09864e+02
 Pressure (bar)   Constr. rmsd
   -1.41321e+00    3.94614e-06

           Step           Time
          40200       80.40000

   Energies (kJ/mol)
           Bond          Angle    Proper Dih. Per. Imp. Dih.          LJ-14
    6.01861e+03    1.69898e+04    2.08254e+04    1.11075e+03    7.70376e+03
     Coulomb-14        LJ (SR)   Coulomb (SR)   Coul. recip. Position Rest.
    8.09320e+04    5.21283e+05   -4.18537e+06    2.46285e+04    2.02017e+03
      Potential    Kinetic En.   Total Energy  Conserved En.    Temperature
   -3.50386e+06    7.04285e+05   -2.79958e+06   -2.81138e+06    3.09520e+02
 Pressure (bar)   Constr. rmsd
   -8.72573e+00    3.78887e-06

           Step           Time
          40300       80.60000

   Energies (kJ/mol)
           Bond          Angle    Proper Dih. Per. Imp. Dih.          LJ-14
    6.19162e+03    1.66304e+04    2.08381e+04    1.09461e+03    7.79508e+03
     Coulomb-14        LJ (SR)   Coulomb (SR)   Coul. recip. Position Rest.
    8.10311e+04    5.22776e+05   -4.18964e+06    2.50001e+04    1.99057e+03
      Potential    Kinetic En.   Total Energy  Conserved En.    Temperature
   -3.50629e+06    7.04598e+05   -2.80169e+06   -2.81160e+06    3.09657e+02
 Pressure (bar)   Constr. rmsd
    6.92388e+01    3.76887e-06

           Step           Time
          40400       80.80000

   Energies (kJ/mol)
           Bond          Angle    Proper Dih. Per. Imp. Dih.          LJ-14
    6.18795e+03    1.68949e+04    2.08852e+04    1.02754e+03    7.64062e+03
     Coulomb-14        LJ (SR)   Coulomb (SR)   Coul. recip. Position Rest.
    8.10244e+04    5.18623e+05   -4.18352e+06    2.50227e+04    2.16608e+03
      Potential    Kinetic En.   Total Energy  Conserved En.    Temperature
   -3.50405e+06    7.05322e+05   -2.79873e+06   -2.81159e+06    3.09976e+02
 Pressure (bar)   Constr. rmsd
   -6.37524e+01    3.84573e-06

           Step           Time
          40500       81.00000

   Energies (kJ/mol)
           Bond          Angle    Proper Dih. Per. Imp. Dih.          LJ-14
    6.10956e+03    1.70300e+04    2.09740e+04    1.03806e+03    7.55072e+03
     Coulomb-14        LJ (SR)   Coulomb (SR)   Coul. recip. Position Rest.
    8.08844e+04    5.20693e+05   -4.18454e+06    2.50416e+04    2.13490e+03
      Potential    Kinetic En.   Total Energy  Conserved En.    Temperature
   -3.50309e+06    7.04091e+05   -2.79900e+06   -2.81143e+06    3.09435e+02
 Pressure (bar)   Constr. rmsd
   -2.26974e+01    3.64541e-06

           Step           Time
          40600       81.20000

   Energies (kJ/mol)
           Bond          Angle    Proper Dih. Per. Imp. Dih.          LJ-14
    6.46631e+03    1.70752e+04    2.07789e+04    1.06206e+03    7.74828e+03
     Coulomb-14        LJ (SR)   Coulomb (SR)   Coul. recip. Position Rest.
    8.09386e+04    5.23039e+05   -4.18639e+06    2.50320e+04    2.16015e+03
      Potential    Kinetic En.   Total Energy  Conserved En.    Temperature
   -3.50209e+06    7.04541e+05   -2.79755e+06   -2.81145e+06    3.09632e+02
 Pressure (bar)   Constr. rmsd
    5.34730e+01    3.61837e-06

           Step           Time
          40700       81.40000

   Energies (kJ/mol)
           Bond          Angle    Proper Dih. Per. Imp. Dih.          LJ-14
    6.31767e+03    1.73230e+04    2.08701e+04    1.13294e+03    7.62792e+03
     Coulomb-14        LJ (SR)   Coulomb (SR)   Coul. recip. Position Rest.
    8.08524e+04    5.19587e+05   -4.18493e+06    2.50796e+04    2.06801e+03
      Potential    Kinetic En.   Total Energy  Conserved En.    Temperature
   -3.50408e+06    7.05543e+05   -2.79853e+06   -2.81165e+06    3.10073e+02
 Pressure (bar)   Constr. rmsd
   -7.06361e+01    3.79686e-06

           Step           Time
          40800       81.60000

   Energies (kJ/mol)
           Bond          Angle    Proper Dih. Per. Imp. Dih.          LJ-14
    6.14767e+03    1.71091e+04    2.08501e+04    1.03945e+03    7.66209e+03
     Coulomb-14        LJ (SR)   Coulomb (SR)   Coul. recip. Position Rest.
    8.13998e+04    5.21207e+05   -4.18650e+06    2.53252e+04    2.09889e+03
      Potential    Kinetic En.   Total Energy  Conserved En.    Temperature
   -3.50367e+06    7.06484e+05   -2.79718e+06   -2.81140e+06    3.10486e+02
 Pressure (bar)   Constr. rmsd
    2.31338e+00    3.80096e-06

           Step           Time
          40900       81.80000

   Energies (kJ/mol)
           Bond          Angle    Proper Dih. Per. Imp. Dih.          LJ-14
    6.29592e+03    1.71478e+04    2.09062e+04    1.06472e+03    7.65579e+03
     Coulomb-14        LJ (SR)   Coulomb (SR)   Coul. recip. Position Rest.
    8.10099e+04    5.24086e+05   -4.18852e+06    2.50559e+04    2.19094e+03
      Potential    Kinetic En.   Total Energy  Conserved En.    Temperature
   -3.50311e+06    7.06590e+05   -2.79652e+06   -2.81143e+06    3.10533e+02
 Pressure (bar)   Constr. rmsd
    1.86385e+01    3.93666e-06

           Step           Time
          41000       82.00000

   Energies (kJ/mol)
           Bond          Angle    Proper Dih. Per. Imp. Dih.          LJ-14
    6.23912e+03    1.70088e+04    2.09323e+04    1.03820e+03    7.53721e+03
     Coulomb-14        LJ (SR)   Coulomb (SR)   Coul. recip. Position Rest.
    8.11569e+04    5.24639e+05   -4.19148e+06    2.51230e+04    2.03251e+03
      Potential    Kinetic En.   Total Energy  Conserved En.    Temperature
   -3.50577e+06    7.06966e+05   -2.79880e+06   -2.81115e+06    3.10698e+02
 Pressure (bar)   Constr. rmsd
    6.70368e+01    3.80662e-06

           Step           Time
          41100       82.20000

   Energies (kJ/mol)
           Bond          Angle    Proper Dih. Per. Imp. Dih.          LJ-14
    6.20227e+03    1.72498e+04    2.08899e+04    1.05231e+03    7.66889e+03
     Coulomb-14        LJ (SR)   Coulomb (SR)   Coul. recip. Position Rest.
    8.05000e+04    5.23611e+05   -4.18728e+06    2.48669e+04    2.03466e+03
      Potential    Kinetic En.   Total Energy  Conserved En.    Temperature
   -3.50320e+06    7.05550e+05   -2.79765e+06   -2.81087e+06    3.10076e+02
 Pressure (bar)   Constr. rmsd
    8.83880e+01    3.80819e-06

           Step           Time
          41200       82.40000

   Energies (kJ/mol)
           Bond          Angle    Proper Dih. Per. Imp. Dih.          LJ-14
    6.34327e+03    1.70953e+04    2.08292e+04    1.04366e+03    7.67428e+03
     Coulomb-14        LJ (SR)   Coulomb (SR)   Coul. recip. Position Rest.
    8.09934e+04    5.22481e+05   -4.18872e+06    2.48307e+04    2.04591e+03
      Potential    Kinetic En.   Total Energy  Conserved En.    Temperature
   -3.50538e+06    7.06203e+05   -2.79918e+06   -2.81114e+06    3.10363e+02
 Pressure (bar)   Constr. rmsd
    1.67565e+01    3.77558e-06

           Step           Time
          41300       82.60000

   Energies (kJ/mol)
           Bond          Angle    Proper Dih. Per. Imp. Dih.          LJ-14
    6.40142e+03    1.73486e+04    2.07938e+04    1.16026e+03    7.77654e+03
     Coulomb-14        LJ (SR)   Coulomb (SR)   Coul. recip. Position Rest.
    8.10097e+04    5.22495e+05   -4.18759e+06    2.50939e+04    2.02529e+03
      Potential    Kinetic En.   Total Energy  Conserved En.    Temperature
   -3.50348e+06    7.05265e+05   -2.79822e+06   -2.81116e+06    3.09951e+02
 Pressure (bar)   Constr. rmsd
    9.34172e+01    3.83119e-06

           Step           Time
          41400       82.80000

   Energies (kJ/mol)
           Bond          Angle    Proper Dih. Per. Imp. Dih.          LJ-14
    6.14699e+03    1.71019e+04    2.09726e+04    1.09127e+03    7.79825e+03
     Coulomb-14        LJ (SR)   Coulomb (SR)   Coul. recip. Position Rest.
    8.10991e+04    5.24558e+05   -4.18751e+06    2.49938e+04    2.13906e+03
      Potential    Kinetic En.   Total Energy  Conserved En.    Temperature
   -3.50161e+06    7.03252e+05   -2.79836e+06   -2.81129e+06    3.09066e+02
 Pressure (bar)   Constr. rmsd
    1.30644e+02    3.75029e-06

           Step           Time
          41500       83.00000

   Energies (kJ/mol)
           Bond          Angle    Proper Dih. Per. Imp. Dih.          LJ-14
    6.31465e+03    1.74580e+04    2.09560e+04    1.07865e+03    7.59806e+03
     Coulomb-14        LJ (SR)   Coulomb (SR)   Coul. recip. Position Rest.
    8.05857e+04    5.21900e+05   -4.18518e+06    2.50126e+04    2.14647e+03
      Potential    Kinetic En.   Total Energy  Conserved En.    Temperature
   -3.50213e+06    7.05750e+05   -2.79638e+06   -2.81122e+06    3.10164e+02
 Pressure (bar)   Constr. rmsd
    1.69407e+01    3.75532e-06

           Step           Time
          41600       83.20000

   Energies (kJ/mol)
           Bond          Angle    Proper Dih. Per. Imp. Dih.          LJ-14
    6.24427e+03    1.70695e+04    2.08029e+04    1.04036e+03    7.69448e+03
     Coulomb-14        LJ (SR)   Coulomb (SR)   Coul. recip. Position Rest.
    8.08563e+04    5.19756e+05   -4.18410e+06    2.50741e+04    1.99850e+03
      Potential    Kinetic En.   Total Energy  Conserved En.    Temperature
   -3.50356e+06    7.04216e+05   -2.79934e+06   -2.81133e+06    3.09490e+02
 Pressure (bar)   Constr. rmsd
   -4.24291e+01    3.72086e-06

           Step           Time
          41700       83.40000

   Energies (kJ/mol)
           Bond          Angle    Proper Dih. Per. Imp. Dih.          LJ-14
    6.30928e+03    1.75289e+04    2.07785e+04    1.11051e+03    7.69950e+03
     Coulomb-14        LJ (SR)   Coulomb (SR)   Coul. recip. Position Rest.
    8.09876e+04    5.21294e+05   -4.18407e+06    2.51346e+04    2.11370e+03
      Potential    Kinetic En.   Total Energy  Conserved En.    Temperature
   -3.50111e+06    7.05602e+05   -2.79551e+06   -2.81124e+06    3.10099e+02
 Pressure (bar)   Constr. rmsd
   -2.29674e+01    3.70237e-06

           Step           Time
          41800       83.60000

   Energies (kJ/mol)
           Bond          Angle    Proper Dih. Per. Imp. Dih.          LJ-14
    6.28282e+03    1.75607e+04    2.09121e+04    1.08720e+03    7.69639e+03
     Coulomb-14        LJ (SR)   Coulomb (SR)   Coul. recip. Position Rest.
    8.07645e+04    5.19461e+05   -4.17997e+06    2.50898e+04    2.07513e+03
      Potential    Kinetic En.   Total Energy  Conserved En.    Temperature
   -3.49904e+06    7.03436e+05   -2.79561e+06   -2.81149e+06    3.09147e+02
 Pressure (bar)   Constr. rmsd
   -2.53751e+01    3.89252e-06

           Step           Time
          41900       83.80000

   Energies (kJ/mol)
           Bond          Angle    Proper Dih. Per. Imp. Dih.          LJ-14
    6.37891e+03    1.74036e+04    2.08161e+04    1.09870e+03    7.65413e+03
     Coulomb-14        LJ (SR)   Coulomb (SR)   Coul. recip. Position Rest.
    8.08279e+04    5.19631e+05   -4.18199e+06    2.49961e+04    2.06661e+03
      Potential    Kinetic En.   Total Energy  Conserved En.    Temperature
   -3.50111e+06    7.05892e+05   -2.79522e+06   -2.81134e+06    3.10226e+02
 Pressure (bar)   Constr. rmsd
   -2.17352e+01    3.96020e-06

           Step           Time
          42000       84.00000

   Energies (kJ/mol)
           Bond          Angle    Proper Dih. Per. Imp. Dih.          LJ-14
    6.09079e+03    1.73944e+04    2.08098e+04    1.11735e+03    7.76636e+03
     Coulomb-14        LJ (SR)   Coulomb (SR)   Coul. recip. Position Rest.
    8.08555e+04    5.21649e+05   -4.18529e+06    2.51320e+04    2.09324e+03
      Potential    Kinetic En.   Total Energy  Conserved En.    Temperature
   -3.50238e+06    7.06648e+05   -2.79574e+06   -2.81140e+06    3.10559e+02
 Pressure (bar)   Constr. rmsd
    6.76339e+01    4.00944e-06

           Step           Time
          42100       84.20000

   Energies (kJ/mol)
           Bond          Angle    Proper Dih. Per. Imp. Dih.          LJ-14
    6.38179e+03    1.73040e+04    2.09606e+04    1.07039e+03    7.72750e+03
     Coulomb-14        LJ (SR)   Coulomb (SR)   Coul. recip. Position Rest.
    8.07325e+04    5.20898e+05   -4.18440e+06    2.49718e+04    2.04596e+03
      Potential    Kinetic En.   Total Energy  Conserved En.    Temperature
   -3.50231e+06    7.07496e+05   -2.79481e+06   -2.81116e+06    3.10931e+02
 Pressure (bar)   Constr. rmsd
    6.38173e+00    3.93193e-06

           Step           Time
          42200       84.40000

   Energies (kJ/mol)
           Bond          Angle    Proper Dih. Per. Imp. Dih.          LJ-14
    6.18870e+03    1.70987e+04    2.09958e+04    1.01216e+03    7.74661e+03
     Coulomb-14        LJ (SR)   Coulomb (SR)   Coul. recip. Position Rest.
    8.13325e+04    5.20468e+05   -4.18403e+06    2.51489e+04    2.04184e+03
      Potential    Kinetic En.   Total Energy  Conserved En.    Temperature
   -3.50200e+06    7.05117e+05   -2.79688e+06   -2.81107e+06    3.09886e+02
 Pressure (bar)   Constr. rmsd
    2.54688e+01    3.88831e-06

           Step           Time
          42300       84.60000

   Energies (kJ/mol)
           Bond          Angle    Proper Dih. Per. Imp. Dih.          LJ-14
    6.26861e+03    1.72087e+04    2.08897e+04    1.04112e+03    7.81466e+03
     Coulomb-14        LJ (SR)   Coulomb (SR)   Coul. recip. Position Rest.
    8.10779e+04    5.24864e+05   -4.19168e+06    2.46917e+04    2.03648e+03
      Potential    Kinetic En.   Total Energy  Conserved En.    Temperature
   -3.50579e+06    7.05369e+05   -2.80042e+06   -2.81101e+06    3.09996e+02
 Pressure (bar)   Constr. rmsd
    8.41632e+01    3.87053e-06

           Step           Time
          42400       84.80000

   Energies (kJ/mol)
           Bond          Angle    Proper Dih. Per. Imp. Dih.          LJ-14
    6.06793e+03    1.69348e+04    2.08194e+04    1.11747e+03    7.78864e+03
     Coulomb-14        LJ (SR)   Coulomb (SR)   Coul. recip. Position Rest.
    8.12336e+04    5.19091e+05   -4.18496e+06    2.50847e+04    2.02828e+03
      Potential    Kinetic En.   Total Energy  Conserved En.    Temperature
   -3.50480e+06    7.04389e+05   -2.80041e+06   -2.81137e+06    3.09565e+02
 Pressure (bar)   Constr. rmsd
    3.50342e+01    4.01046e-06

           Step           Time
          42500       85.00000

   Energies (kJ/mol)
           Bond          Angle    Proper Dih. Per. Imp. Dih.          LJ-14
    5.96452e+03    1.69964e+04    2.08322e+04    1.10063e+03    7.73413e+03
     Coulomb-14        LJ (SR)   Coulomb (SR)   Coul. recip. Position Rest.
    8.10621e+04    5.22466e+05   -4.18578e+06    2.51973e+04    2.06715e+03
      Potential    Kinetic En.   Total Energy  Conserved En.    Temperature
   -3.50236e+06    7.04960e+05   -2.79740e+06   -2.81160e+06    3.09817e+02
 Pressure (bar)   Constr. rmsd
    7.78480e+01    3.79963e-06

           Step           Time
          42600       85.20000

   Energies (kJ/mol)
           Bond          Angle    Proper Dih. Per. Imp. Dih.          LJ-14
    6.22940e+03    1.73816e+04    2.07898e+04    1.05852e+03    7.71948e+03
     Coulomb-14        LJ (SR)   Coulomb (SR)   Coul. recip. Position Rest.
    8.10952e+04    5.20386e+05   -4.18269e+06    2.53369e+04    1.92475e+03
      Potential    Kinetic En.   Total Energy  Conserved En.    Temperature
   -3.50077e+06    7.05886e+05   -2.79488e+06   -2.81143e+06    3.10224e+02
 Pressure (bar)   Constr. rmsd
   -2.86764e+01    3.93743e-06

           Step           Time
          42700       85.40000

   Energies (kJ/mol)
           Bond          Angle    Proper Dih. Per. Imp. Dih.          LJ-14
    6.21277e+03    1.74167e+04    2.08411e+04    1.03436e+03    7.56264e+03
     Coulomb-14        LJ (SR)   Coulomb (SR)   Coul. recip. Position Rest.
    8.10043e+04    5.21001e+05   -4.18416e+06    2.51839e+04    2.10684e+03
      Potential    Kinetic En.   Total Energy  Conserved En.    Temperature
   -3.50180e+06    7.07356e+05   -2.79444e+06   -2.81144e+06    3.10869e+02
 Pressure (bar)   Constr. rmsd
   -1.95015e+01    3.85117e-06

           Step           Time
          42800       85.60000

Writing checkpoint, step 42800 at Thu Jul 16 22:46:38 2026


   Energies (kJ/mol)
           Bond          Angle    Proper Dih. Per. Imp. Dih.          LJ-14
    6.34026e+03    1.66656e+04    2.09164e+04    1.09887e+03    7.66076e+03
     Coulomb-14        LJ (SR)   Coulomb (SR)   Coul. recip. Position Rest.
    8.10156e+04    5.19984e+05   -4.18310e+06    2.51257e+04    2.04432e+03
      Potential    Kinetic En.   Total Energy  Conserved En.    Temperature
   -3.50225e+06    7.04383e+05   -2.79786e+06   -2.81128e+06    3.09563e+02
 Pressure (bar)   Constr. rmsd
   -3.00943e+01    4.09310e-06

           Step           Time
          42900       85.80000

   Energies (kJ/mol)
           Bond          Angle    Proper Dih. Per. Imp. Dih.          LJ-14
    6.28391e+03    1.69384e+04    2.09605e+04    9.80608e+02    7.70299e+03
     Coulomb-14        LJ (SR)   Coulomb (SR)   Coul. recip. Position Rest.
    8.11680e+04    5.21176e+05   -4.18361e+06    2.51760e+04    2.01082e+03
      Potential    Kinetic En.   Total Energy  Conserved En.    Temperature
   -3.50121e+06    7.06533e+05   -2.79468e+06   -2.81136e+06    3.10508e+02
 Pressure (bar)   Constr. rmsd
    5.34103e+01    3.83687e-06

           Step           Time
          43000       86.00000

   Energies (kJ/mol)
           Bond          Angle    Proper Dih. Per. Imp. Dih.          LJ-14
    6.33405e+03    1.73193e+04    2.09836e+04    1.01026e+03    7.62207e+03
     Coulomb-14        LJ (SR)   Coulomb (SR)   Coul. recip. Position Rest.
    8.07481e+04    5.17459e+05   -4.18121e+06    2.50876e+04    1.96724e+03
      Potential    Kinetic En.   Total Energy  Conserved En.    Temperature
   -3.50267e+06    7.06305e+05   -2.79637e+06   -2.81155e+06    3.10408e+02
 Pressure (bar)   Constr. rmsd
   -7.84733e+01    3.82052e-06

           Step           Time
          43100       86.20000

   Energies (kJ/mol)
           Bond          Angle    Proper Dih. Per. Imp. Dih.          LJ-14
    6.23786e+03    1.71371e+04    2.08322e+04    1.07257e+03    7.72919e+03
     Coulomb-14        LJ (SR)   Coulomb (SR)   Coul. recip. Position Rest.
    8.11052e+04    5.20958e+05   -4.18171e+06    2.50776e+04    2.03975e+03
      Potential    Kinetic En.   Total Energy  Conserved En.    Temperature
   -3.49952e+06    7.09451e+05   -2.79007e+06   -2.81153e+06    3.11790e+02
 Pressure (bar)   Constr. rmsd
    5.19295e+01    4.02635e-06

           Step           Time
          43200       86.40000

   Energies (kJ/mol)
           Bond          Angle    Proper Dih. Per. Imp. Dih.          LJ-14
    6.03015e+03    1.73495e+04    2.08540e+04    1.02818e+03    7.81416e+03
     Coulomb-14        LJ (SR)   Coulomb (SR)   Coul. recip. Position Rest.
    8.10425e+04    5.21850e+05   -4.18635e+06    2.51346e+04    2.01054e+03
      Potential    Kinetic En.   Total Energy  Conserved En.    Temperature
   -3.50324e+06    7.05359e+05   -2.79788e+06   -2.81159e+06    3.09992e+02
 Pressure (bar)   Constr. rmsd
    4.82176e+01    3.75932e-06

           Step           Time
          43300       86.60000

   Energies (kJ/mol)
           Bond          Angle    Proper Dih. Per. Imp. Dih.          LJ-14
    6.10049e+03    1.73150e+04    2.10017e+04    1.13189e+03    7.65923e+03
     Coulomb-14        LJ (SR)   Coulomb (SR)   Coul. recip. Position Rest.
    8.11250e+04    5.18608e+05   -4.18320e+06    2.49747e+04    2.02648e+03
      Potential    Kinetic En.   Total Energy  Conserved En.    Temperature
   -3.50326e+06    7.04898e+05   -2.79836e+06   -2.81163e+06    3.09789e+02
 Pressure (bar)   Constr. rmsd
   -5.49808e+01    3.78799e-06

           Step           Time
          43400       86.80000

   Energies (kJ/mol)
           Bond          Angle    Proper Dih. Per. Imp. Dih.          LJ-14
    6.21328e+03    1.69756e+04    2.09625e+04    1.08650e+03    7.74547e+03
     Coulomb-14        LJ (SR)   Coulomb (SR)   Coul. recip. Position Rest.
    8.07618e+04    5.22775e+05   -4.18612e+06    2.50105e+04    2.06016e+03
      Potential    Kinetic En.   Total Energy  Conserved En.    Temperature
   -3.50253e+06    7.05069e+05   -2.79746e+06   -2.81143e+06    3.09864e+02
 Pressure (bar)   Constr. rmsd
    4.97447e+01    3.82624e-06

           Step           Time
          43500       87.00000

   Energies (kJ/mol)
           Bond          Angle    Proper Dih. Per. Imp. Dih.          LJ-14
    6.19820e+03    1.71818e+04    2.07768e+04    1.03942e+03    7.70763e+03
     Coulomb-14        LJ (SR)   Coulomb (SR)   Coul. recip. Position Rest.
    8.07610e+04    5.26602e+05   -4.18887e+06    2.52542e+04    2.09874e+03
      Potential    Kinetic En.   Total Energy  Conserved En.    Temperature
   -3.50125e+06    7.05031e+05   -2.79622e+06   -2.81149e+06    3.09848e+02
 Pressure (bar)   Constr. rmsd
    1.09576e+02    3.79136e-06

           Step           Time
          43600       87.20000

   Energies (kJ/mol)
           Bond          Angle    Proper Dih. Per. Imp. Dih.          LJ-14
    6.15544e+03    1.68491e+04    2.07015e+04    1.04586e+03    7.76651e+03
     Coulomb-14        LJ (SR)   Coulomb (SR)   Coul. recip. Position Rest.
    8.11261e+04    5.20189e+05   -4.18354e+06    2.52337e+04    2.11939e+03
      Potential    Kinetic En.   Total Energy  Conserved En.    Temperature
   -3.50236e+06    7.06192e+05   -2.79617e+06   -2.81149e+06    3.10358e+02
 Pressure (bar)   Constr. rmsd
    1.59822e+01    3.80424e-06

           Step           Time
          43700       87.40000

   Energies (kJ/mol)
           Bond          Angle    Proper Dih. Per. Imp. Dih.          LJ-14
    6.10364e+03    1.69360e+04    2.08242e+04    1.06032e+03    7.64080e+03
     Coulomb-14        LJ (SR)   Coulomb (SR)   Coul. recip. Position Rest.
    8.11187e+04    5.24566e+05   -4.19243e+06    2.51463e+04    2.11903e+03
      Potential    Kinetic En.   Total Energy  Conserved En.    Temperature
   -3.50692e+06    7.07427e+05   -2.79949e+06   -2.81148e+06    3.10901e+02
 Pressure (bar)   Constr. rmsd
    5.10449e+01    3.80269e-06

           Step           Time
          43800       87.60000

   Energies (kJ/mol)
           Bond          Angle    Proper Dih. Per. Imp. Dih.          LJ-14
    6.24416e+03    1.68902e+04    2.08499e+04    1.04148e+03    7.70428e+03
     Coulomb-14        LJ (SR)   Coulomb (SR)   Coul. recip. Position Rest.
    8.09852e+04    5.23959e+05   -4.18886e+06    2.51511e+04    2.19814e+03
      Potential    Kinetic En.   Total Energy  Conserved En.    Temperature
   -3.50384e+06    7.04247e+05   -2.79959e+06   -2.81169e+06    3.09503e+02
 Pressure (bar)   Constr. rmsd
    5.48461e+01    3.73588e-06

           Step           Time
          43900       87.80000

   Energies (kJ/mol)
           Bond          Angle    Proper Dih. Per. Imp. Dih.          LJ-14
    6.19951e+03    1.72498e+04    2.07076e+04    1.08989e+03    7.90264e+03
     Coulomb-14        LJ (SR)   Coulomb (SR)   Coul. recip. Position Rest.
    8.09193e+04    5.22957e+05   -4.18953e+06    2.49104e+04    1.97983e+03
      Potential    Kinetic En.   Total Energy  Conserved En.    Temperature
   -3.50561e+06    7.06097e+05   -2.79952e+06   -2.81154e+06    3.10316e+02
 Pressure (bar)   Constr. rmsd
    3.44461e+01    3.87041e-06

           Step           Time
          44000       88.00000

   Energies (kJ/mol)
           Bond          Angle    Proper Dih. Per. Imp. Dih.          LJ-14
    6.17899e+03    1.72616e+04    2.08768e+04    1.06354e+03    7.77310e+03
     Coulomb-14        LJ (SR)   Coulomb (SR)   Coul. recip. Position Rest.
    8.07187e+04    5.19621e+05   -4.18580e+06    2.50378e+04    2.10030e+03
      Potential    Kinetic En.   Total Energy  Conserved En.    Temperature
   -3.50517e+06    7.08012e+05   -2.79716e+06   -2.81146e+06    3.11158e+02
 Pressure (bar)   Constr. rmsd
   -5.44005e+00    3.81271e-06

           Step           Time
          44100       88.20000

   Energies (kJ/mol)
           Bond          Angle    Proper Dih. Per. Imp. Dih.          LJ-14
    6.08713e+03    1.72825e+04    2.08114e+04    1.06407e+03    7.75803e+03
     Coulomb-14        LJ (SR)   Coulomb (SR)   Coul. recip. Position Rest.
    8.08162e+04    5.20663e+05   -4.18413e+06    2.49929e+04    2.12820e+03
      Potential    Kinetic En.   Total Energy  Conserved En.    Temperature
   -3.50253e+06    7.05005e+05   -2.79753e+06   -2.81162e+06    3.09836e+02
 Pressure (bar)   Constr. rmsd
    2.87680e+01    3.67922e-06

           Step           Time
          44200       88.40000

   Energies (kJ/mol)
           Bond          Angle    Proper Dih. Per. Imp. Dih.          LJ-14
    6.34385e+03    1.67996e+04    2.09375e+04    1.06120e+03    7.58416e+03
     Coulomb-14        LJ (SR)   Coulomb (SR)   Coul. recip. Position Rest.
    8.08098e+04    5.22281e+05   -4.18680e+06    2.51378e+04    2.05080e+03
      Potential    Kinetic En.   Total Energy  Conserved En.    Temperature
   -3.50379e+06    7.05292e+05   -2.79850e+06   -2.81140e+06    3.09963e+02
 Pressure (bar)   Constr. rmsd
    3.68274e+01    3.82346e-06

           Step           Time
          44300       88.60000

   Energies (kJ/mol)
           Bond          Angle    Proper Dih. Per. Imp. Dih.          LJ-14
    6.01222e+03    1.70832e+04    2.08088e+04    1.10382e+03    7.82072e+03
     Coulomb-14        LJ (SR)   Coulomb (SR)   Coul. recip. Position Rest.
    8.10279e+04    5.19434e+05   -4.18475e+06    2.51690e+04    2.08327e+03
      Potential    Kinetic En.   Total Energy  Conserved En.    Temperature
   -3.50421e+06    7.05659e+05   -2.79855e+06   -2.81168e+06    3.10124e+02
 Pressure (bar)   Constr. rmsd
    5.12765e+00    3.84555e-06

           Step           Time
          44400       88.80000

   Energies (kJ/mol)
           Bond          Angle    Proper Dih. Per. Imp. Dih.          LJ-14
    6.24786e+03    1.71001e+04    2.08323e+04    1.08768e+03    7.70209e+03
     Coulomb-14        LJ (SR)   Coulomb (SR)   Coul. recip. Position Rest.
    8.08944e+04    5.18006e+05   -4.18236e+06    2.50663e+04    1.98249e+03
      Potential    Kinetic En.   Total Energy  Conserved En.    Temperature
   -3.50345e+06    7.05362e+05   -2.79808e+06   -2.81171e+06    3.09993e+02
 Pressure (bar)   Constr. rmsd
   -6.84821e+01    3.97234e-06

           Step           Time
          44500       89.00000

   Energies (kJ/mol)
           Bond          Angle    Proper Dih. Per. Imp. Dih.          LJ-14
    6.02719e+03    1.71032e+04    2.09216e+04    1.09639e+03    7.68656e+03
     Coulomb-14        LJ (SR)   Coulomb (SR)   Coul. recip. Position Rest.
    8.11033e+04    5.20447e+05   -4.18429e+06    2.48753e+04    2.15865e+03
      Potential    Kinetic En.   Total Energy  Conserved En.    Temperature
   -3.50287e+06    7.07336e+05   -2.79553e+06   -2.81198e+06    3.10861e+02
 Pressure (bar)   Constr. rmsd
   -4.32723e+01    3.85127e-06

           Step           Time
          44600       89.20000

   Energies (kJ/mol)
           Bond          Angle    Proper Dih. Per. Imp. Dih.          LJ-14
    6.37778e+03    1.73314e+04    2.09608e+04    1.11708e+03    7.55795e+03
     Coulomb-14        LJ (SR)   Coulomb (SR)   Coul. recip. Position Rest.
    8.06406e+04    5.20398e+05   -4.18382e+06    2.52618e+04    2.12642e+03
      Potential    Kinetic En.   Total Energy  Conserved En.    Temperature
   -3.50205e+06    7.05286e+05   -2.79676e+06   -2.81178e+06    3.09960e+02
 Pressure (bar)   Constr. rmsd
   -7.22743e+01    3.89459e-06

           Step           Time
          44700       89.40000

   Energies (kJ/mol)
           Bond          Angle    Proper Dih. Per. Imp. Dih.          LJ-14
    6.24372e+03    1.68826e+04    2.09322e+04    1.11077e+03    7.70477e+03
     Coulomb-14        LJ (SR)   Coulomb (SR)   Coul. recip. Position Rest.
    8.09972e+04    5.21703e+05   -4.18625e+06    2.49273e+04    2.12170e+03
      Potential    Kinetic En.   Total Energy  Conserved En.    Temperature
   -3.50363e+06    7.03750e+05   -2.79988e+06   -2.81179e+06    3.09285e+02
 Pressure (bar)   Constr. rmsd
   -1.14275e+01    3.89016e-06

           Step           Time
          44800       89.60000

   Energies (kJ/mol)
           Bond          Angle    Proper Dih. Per. Imp. Dih.          LJ-14
    6.08679e+03    1.68942e+04    2.07059e+04    1.07866e+03    7.74335e+03
     Coulomb-14        LJ (SR)   Coulomb (SR)   Coul. recip. Position Rest.
    8.12551e+04    5.24167e+05   -4.18884e+06    2.49358e+04    2.11770e+03
      Potential    Kinetic En.   Total Energy  Conserved En.    Temperature
   -3.50385e+06    7.05173e+05   -2.79868e+06   -2.81179e+06    3.09910e+02
 Pressure (bar)   Constr. rmsd
    7.85561e+01    3.99554e-06

           Step           Time
          44900       89.80000

   Energies (kJ/mol)
           Bond          Angle    Proper Dih. Per. Imp. Dih.          LJ-14
    6.03272e+03    1.69675e+04    2.07607e+04    1.05331e+03    7.74921e+03
     Coulomb-14        LJ (SR)   Coulomb (SR)   Coul. recip. Position Rest.
    8.12861e+04    5.20538e+05   -4.18566e+06    2.50388e+04    2.01996e+03
      Potential    Kinetic En.   Total Energy  Conserved En.    Temperature
   -3.50421e+06    7.04626e+05   -2.79959e+06   -2.81168e+06    3.09670e+02
 Pressure (bar)   Constr. rmsd
   -1.13883e+01    3.74854e-06

           Step           Time
          45000       90.00000

   Energies (kJ/mol)
           Bond          Angle    Proper Dih. Per. Imp. Dih.          LJ-14
    6.42196e+03    1.69010e+04    2.07929e+04    1.09377e+03    7.71779e+03
     Coulomb-14        LJ (SR)   Coulomb (SR)   Coul. recip. Position Rest.
    8.09855e+04    5.20995e+05   -4.18440e+06    2.51372e+04    2.00656e+03
      Potential    Kinetic En.   Total Energy  Conserved En.    Temperature
   -3.50234e+06    7.04240e+05   -2.79810e+06   -2.81141e+06    3.09500e+02
 Pressure (bar)   Constr. rmsd
    2.14911e+01    3.87319e-06

           Step           Time
          45100       90.20000

   Energies (kJ/mol)
           Bond          Angle    Proper Dih. Per. Imp. Dih.          LJ-14
    6.28142e+03    1.69684e+04    2.07457e+04    1.08408e+03    7.77673e+03
     Coulomb-14        LJ (SR)   Coulomb (SR)   Coul. recip. Position Rest.
    8.08480e+04    5.23518e+05   -4.18849e+06    2.53677e+04    2.05024e+03
      Potential    Kinetic En.   Total Energy  Conserved En.    Temperature
   -3.50385e+06    7.04395e+05   -2.79946e+06   -2.81109e+06    3.09568e+02
 Pressure (bar)   Constr. rmsd
    4.18944e+01    3.87780e-06

           Step           Time
          45200       90.40000

   Energies (kJ/mol)
           Bond          Angle    Proper Dih. Per. Imp. Dih.          LJ-14
    6.18352e+03    1.70928e+04    2.08070e+04    1.03313e+03    7.66446e+03
     Coulomb-14        LJ (SR)   Coulomb (SR)   Coul. recip. Position Rest.
    8.08551e+04    5.17635e+05   -4.18244e+06    2.52829e+04    2.02337e+03
      Potential    Kinetic En.   Total Energy  Conserved En.    Temperature
   -3.50387e+06    7.03733e+05   -2.80013e+06   -2.81125e+06    3.09277e+02
 Pressure (bar)   Constr. rmsd
   -6.19335e+01    3.94920e-06

           Step           Time
          45300       90.60000

   Energies (kJ/mol)
           Bond          Angle    Proper Dih. Per. Imp. Dih.          LJ-14
    6.28919e+03    1.70387e+04    2.09212e+04    1.07388e+03    7.53339e+03
     Coulomb-14        LJ (SR)   Coulomb (SR)   Coul. recip. Position Rest.
    8.09723e+04    5.23390e+05   -4.18854e+06    2.50925e+04    2.03747e+03
      Potential    Kinetic En.   Total Energy  Conserved En.    Temperature
   -3.50419e+06    7.04866e+05   -2.79932e+06   -2.81108e+06    3.09775e+02
 Pressure (bar)   Constr. rmsd
    9.14060e+01    3.92610e-06

           Step           Time
          45400       90.80000

   Energies (kJ/mol)
           Bond          Angle    Proper Dih. Per. Imp. Dih.          LJ-14
    6.31265e+03    1.71038e+04    2.09579e+04    1.01793e+03    7.75121e+03
     Coulomb-14        LJ (SR)   Coulomb (SR)   Coul. recip. Position Rest.
    8.09756e+04    5.24472e+05   -4.18860e+06    2.51035e+04    2.03663e+03
      Potential    Kinetic En.   Total Energy  Conserved En.    Temperature
   -3.50286e+06    7.05321e+05   -2.79754e+06   -2.81092e+06    3.09975e+02
 Pressure (bar)   Constr. rmsd
    9.26996e+01    3.80457e-06

           Step           Time
          45500       91.00000

   Energies (kJ/mol)
           Bond          Angle    Proper Dih. Per. Imp. Dih.          LJ-14
    6.25829e+03    1.71309e+04    2.08447e+04    1.04444e+03    7.87856e+03
     Coulomb-14        LJ (SR)   Coulomb (SR)   Coul. recip. Position Rest.
    8.11009e+04    5.24745e+05   -4.19309e+06    2.48592e+04    2.03730e+03
      Potential    Kinetic En.   Total Energy  Conserved En.    Temperature
   -3.50719e+06    7.04556e+05   -2.80263e+06   -2.81065e+06    3.09639e+02
 Pressure (bar)   Constr. rmsd
    7.29595e+01    3.84986e-06

           Step           Time
          45600       91.20000

   Energies (kJ/mol)
           Bond          Angle    Proper Dih. Per. Imp. Dih.          LJ-14
    6.13940e+03    1.69801e+04    2.09888e+04    1.11269e+03    7.71679e+03
     Coulomb-14        LJ (SR)   Coulomb (SR)   Coul. recip. Position Rest.
    8.10962e+04    5.18735e+05   -4.18612e+06    2.49485e+04    1.92341e+03
      Potential    Kinetic En.   Total Energy  Conserved En.    Temperature
   -3.50648e+06    7.03762e+05   -2.80272e+06   -2.81079e+06    3.09290e+02
 Pressure (bar)   Constr. rmsd
   -3.09280e+01    3.92093e-06

           Step           Time
          45700       91.40000

   Energies (kJ/mol)
           Bond          Angle    Proper Dih. Per. Imp. Dih.          LJ-14
    6.26449e+03    1.68975e+04    2.08517e+04    1.12332e+03    7.78836e+03
     Coulomb-14        LJ (SR)   Coulomb (SR)   Coul. recip. Position Rest.
    8.12522e+04    5.20247e+05   -4.18718e+06    2.51358e+04    2.06336e+03
      Potential    Kinetic En.   Total Energy  Conserved En.    Temperature
   -3.50556e+06    7.03175e+05   -2.80238e+06   -2.81093e+06    3.09032e+02
 Pressure (bar)   Constr. rmsd
    3.18369e+01    3.87976e-06

           Step           Time
          45800       91.60000

   Energies (kJ/mol)
           Bond          Angle    Proper Dih. Per. Imp. Dih.          LJ-14
    5.91782e+03    1.69553e+04    2.08244e+04    1.05351e+03    7.77446e+03
     Coulomb-14        LJ (SR)   Coulomb (SR)   Coul. recip. Position Rest.
    8.09988e+04    5.22624e+05   -4.18892e+06    2.50316e+04    1.95898e+03
      Potential    Kinetic En.   Total Energy  Conserved En.    Temperature
   -3.50578e+06    7.03188e+05   -2.80259e+06   -2.81081e+06    3.09038e+02
 Pressure (bar)   Constr. rmsd
    8.10068e+01    3.88390e-06

           Step           Time
          45900       91.80000

   Energies (kJ/mol)
           Bond          Angle    Proper Dih. Per. Imp. Dih.          LJ-14
    6.03400e+03    1.72557e+04    2.08640e+04    1.09808e+03    7.57359e+03
     Coulomb-14        LJ (SR)   Coulomb (SR)   Coul. recip. Position Rest.
    8.09587e+04    5.19485e+05   -4.18504e+06    2.52066e+04    1.99738e+03
      Potential    Kinetic En.   Total Energy  Conserved En.    Temperature
   -3.50457e+06    7.03205e+05   -2.80137e+06   -2.81112e+06    3.09045e+02
 Pressure (bar)   Constr. rmsd
   -7.01220e+01    3.97378e-06

           Step           Time
          46000       92.00000

   Energies (kJ/mol)
           Bond          Angle    Proper Dih. Per. Imp. Dih.          LJ-14
    6.14143e+03    1.69435e+04    2.10395e+04    1.08954e+03    7.86439e+03
     Coulomb-14        LJ (SR)   Coulomb (SR)   Coul. recip. Position Rest.
    8.10298e+04    5.18058e+05   -4.18450e+06    2.52925e+04    2.08779e+03
      Potential    Kinetic En.   Total Energy  Conserved En.    Temperature
   -3.50495e+06    7.07363e+05   -2.79759e+06   -2.81111e+06    3.10873e+02
 Pressure (bar)   Constr. rmsd
   -7.38285e+01    3.93535e-06

           Step           Time
          46100       92.20000

   Energies (kJ/mol)
           Bond          Angle    Proper Dih. Per. Imp. Dih.          LJ-14
    6.21403e+03    1.77720e+04    2.09719e+04    1.05808e+03    7.53354e+03
     Coulomb-14        LJ (SR)   Coulomb (SR)   Coul. recip. Position Rest.
    8.08692e+04    5.16523e+05   -4.17821e+06    2.50837e+04    2.01157e+03
      Potential    Kinetic En.   Total Energy  Conserved En.    Temperature
   -3.50017e+06    7.06940e+05   -2.79323e+06   -2.81122e+06    3.10687e+02
 Pressure (bar)   Constr. rmsd
   -6.38939e+01    4.04453e-06

           Step           Time
          46200       92.40000

   Energies (kJ/mol)
           Bond          Angle    Proper Dih. Per. Imp. Dih.          LJ-14
    6.32977e+03    1.72142e+04    2.09755e+04    1.09412e+03    7.80927e+03
     Coulomb-14        LJ (SR)   Coulomb (SR)   Coul. recip. Position Rest.
    8.09784e+04    5.16911e+05   -4.17809e+06    2.50801e+04    2.02746e+03
      Potential    Kinetic En.   Total Energy  Conserved En.    Temperature
   -3.49967e+06    7.09340e+05   -2.79033e+06   -2.81120e+06    3.11742e+02
 Pressure (bar)   Constr. rmsd
   -6.64050e+00    3.93026e-06

           Step           Time
          46300       92.60000

   Energies (kJ/mol)
           Bond          Angle    Proper Dih. Per. Imp. Dih.          LJ-14
    6.34602e+03    1.71515e+04    2.09084e+04    1.15041e+03    7.71938e+03
     Coulomb-14        LJ (SR)   Coulomb (SR)   Coul. recip. Position Rest.
    8.08555e+04    5.14805e+05   -4.17687e+06    2.49463e+04    2.07536e+03
      Potential    Kinetic En.   Total Energy  Conserved En.    Temperature
   -3.50091e+06    7.06739e+05   -2.79417e+06   -2.81128e+06    3.10598e+02
 Pressure (bar)   Constr. rmsd
   -1.16942e+02    3.89393e-06

           Step           Time
          46400       92.80000

   Energies (kJ/mol)
           Bond          Angle    Proper Dih. Per. Imp. Dih.          LJ-14
    6.22187e+03    1.68886e+04    2.08813e+04    1.03421e+03    7.74647e+03
     Coulomb-14        LJ (SR)   Coulomb (SR)   Coul. recip. Position Rest.
    8.11905e+04    5.20157e+05   -4.18252e+06    2.50420e+04    2.08794e+03
      Potential    Kinetic En.   Total Energy  Conserved En.    Temperature
   -3.50127e+06    7.05865e+05   -2.79540e+06   -2.81110e+06    3.10214e+02
 Pressure (bar)   Constr. rmsd
    3.77402e+01    3.98337e-06

           Step           Time
          46500       93.00000

   Energies (kJ/mol)
           Bond          Angle    Proper Dih. Per. Imp. Dih.          LJ-14
    6.24033e+03    1.69093e+04    2.08172e+04    1.09203e+03    7.65065e+03
     Coulomb-14        LJ (SR)   Coulomb (SR)   Coul. recip. Position Rest.
    8.12443e+04    5.23333e+05   -4.18766e+06    2.51579e+04    1.98549e+03
      Potential    Kinetic En.   Total Energy  Conserved En.    Temperature
   -3.50323e+06    7.08014e+05   -2.79521e+06   -2.81138e+06    3.11159e+02
 Pressure (bar)   Constr. rmsd
    6.73878e+01    3.84042e-06

           Step           Time
          46600       93.20000

   Energies (kJ/mol)
           Bond          Angle    Proper Dih. Per. Imp. Dih.          LJ-14
    6.20851e+03    1.69613e+04    2.08663e+04    1.04211e+03    7.66923e+03
     Coulomb-14        LJ (SR)   Coulomb (SR)   Coul. recip. Position Rest.
    8.12292e+04    5.26124e+05   -4.19267e+06    2.49723e+04    2.02926e+03
      Potential    Kinetic En.   Total Energy  Conserved En.    Temperature
   -3.50556e+06    7.07046e+05   -2.79852e+06   -2.81111e+06    3.10733e+02
 Pressure (bar)   Constr. rmsd
    1.03222e+02    3.96905e-06

           Step           Time
          46700       93.40000

   Energies (kJ/mol)
           Bond          Angle    Proper Dih. Per. Imp. Dih.          LJ-14
    6.34838e+03    1.71635e+04    2.10746e+04    1.06235e+03    7.73011e+03
     Coulomb-14        LJ (SR)   Coulomb (SR)   Coul. recip. Position Rest.
    8.09837e+04    5.18374e+05   -4.18168e+06    2.47477e+04    2.03540e+03
      Potential    Kinetic En.   Total Energy  Conserved En.    Temperature
   -3.50216e+06    7.05545e+05   -2.79661e+06   -2.81105e+06    3.10074e+02
 Pressure (bar)   Constr. rmsd
   -2.67461e+01    3.93762e-06

           Step           Time
          46800       93.60000

   Energies (kJ/mol)
           Bond          Angle    Proper Dih. Per. Imp. Dih.          LJ-14
    6.06477e+03    1.71283e+04    2.11187e+04    1.05997e+03    7.76268e+03
     Coulomb-14        LJ (SR)   Coulomb (SR)   Coul. recip. Position Rest.
    8.12605e+04    5.18867e+05   -4.18289e+06    2.49012e+04    2.16817e+03
      Potential    Kinetic En.   Total Energy  Conserved En.    Temperature
   -3.50256e+06    7.06002e+05   -2.79656e+06   -2.81127e+06    3.10275e+02
 Pressure (bar)   Constr. rmsd
   -2.70764e+01    4.00685e-06

           Step           Time
          46900       93.80000

   Energies (kJ/mol)
           Bond          Angle    Proper Dih. Per. Imp. Dih.          LJ-14
    5.98654e+03    1.66615e+04    2.09340e+04    1.13820e+03    7.72154e+03
     Coulomb-14        LJ (SR)   Coulomb (SR)   Coul. recip. Position Rest.
    8.10846e+04    5.19215e+05   -4.18381e+06    2.52369e+04    2.04940e+03
      Potential    Kinetic En.   Total Energy  Conserved En.    Temperature
   -3.50378e+06    7.05831e+05   -2.79795e+06   -2.81122e+06    3.10200e+02
 Pressure (bar)   Constr. rmsd
   -3.56432e+01    3.94599e-06

           Step           Time
          47000       94.00000

   Energies (kJ/mol)
           Bond          Angle    Proper Dih. Per. Imp. Dih.          LJ-14
    6.06319e+03    1.71283e+04    2.10060e+04    1.07592e+03    7.77963e+03
     Coulomb-14        LJ (SR)   Coulomb (SR)   Coul. recip. Position Rest.
    8.11902e+04    5.17369e+05   -4.18043e+06    2.49273e+04    2.03702e+03
      Potential    Kinetic En.   Total Energy  Conserved En.    Temperature
   -3.50186e+06    7.04437e+05   -2.79742e+06   -2.81127e+06    3.09587e+02
 Pressure (bar)   Constr. rmsd
   -3.17287e+01    3.83648e-06

           Step           Time
          47100       94.20000

   Energies (kJ/mol)
           Bond          Angle    Proper Dih. Per. Imp. Dih.          LJ-14
    6.20752e+03    1.72371e+04    2.10333e+04    1.05235e+03    7.66238e+03
     Coulomb-14        LJ (SR)   Coulomb (SR)   Coul. recip. Position Rest.
    8.07447e+04    5.21578e+05   -4.18262e+06    2.50546e+04    2.08646e+03
      Potential    Kinetic En.   Total Energy  Conserved En.    Temperature
   -3.49996e+06    7.03160e+05   -2.79680e+06   -2.81132e+06    3.09026e+02
 Pressure (bar)   Constr. rmsd
    2.18330e+01    3.84500e-06

           Step           Time
          47200       94.40000

   Energies (kJ/mol)
           Bond          Angle    Proper Dih. Per. Imp. Dih.          LJ-14
    6.29480e+03    1.70411e+04    2.07694e+04    1.06750e+03    7.69229e+03
     Coulomb-14        LJ (SR)   Coulomb (SR)   Coul. recip. Position Rest.
    8.09024e+04    5.19451e+05   -4.18365e+06    2.51234e+04    2.04394e+03
      Potential    Kinetic En.   Total Energy  Conserved En.    Temperature
   -3.50326e+06    7.06019e+05   -2.79725e+06   -2.81144e+06    3.10282e+02
 Pressure (bar)   Constr. rmsd
   -8.77517e+01    3.75507e-06

           Step           Time
          47300       94.60000

   Energies (kJ/mol)
           Bond          Angle    Proper Dih. Per. Imp. Dih.          LJ-14
    6.45419e+03    1.71832e+04    2.09324e+04    1.10322e+03    7.59711e+03
     Coulomb-14        LJ (SR)   Coulomb (SR)   Coul. recip. Position Rest.
    8.08295e+04    5.19080e+05   -4.18163e+06    2.50730e+04    1.97494e+03
      Potential    Kinetic En.   Total Energy  Conserved En.    Temperature
   -3.50140e+06    7.05455e+05   -2.79595e+06   -2.81122e+06    3.10034e+02
 Pressure (bar)   Constr. rmsd
   -4.52789e+01    3.98039e-06

           Step           Time
          47400       94.80000

   Energies (kJ/mol)
           Bond          Angle    Proper Dih. Per. Imp. Dih.          LJ-14
    6.59748e+03    1.70287e+04    2.08800e+04    1.02652e+03    7.68591e+03
     Coulomb-14        LJ (SR)   Coulomb (SR)   Coul. recip. Position Rest.
    8.09604e+04    5.22331e+05   -4.18580e+06    2.52570e+04    2.17088e+03
      Potential    Kinetic En.   Total Energy  Conserved En.    Temperature
   -3.50187e+06    7.05381e+05   -2.79648e+06   -2.81119e+06    3.10002e+02
 Pressure (bar)   Constr. rmsd
    4.01747e+01    3.87977e-06

           Step           Time
          47500       95.00000

   Energies (kJ/mol)
           Bond          Angle    Proper Dih. Per. Imp. Dih.          LJ-14
    6.31773e+03    1.74168e+04    2.09182e+04    1.03143e+03    7.63172e+03
     Coulomb-14        LJ (SR)   Coulomb (SR)   Coul. recip. Position Rest.
    8.09347e+04    5.21423e+05   -4.18509e+06    2.52555e+04    2.07122e+03
      Potential    Kinetic En.   Total Energy  Conserved En.    Temperature
   -3.50209e+06    7.07113e+05   -2.79497e+06   -2.81136e+06    3.10763e+02
 Pressure (bar)   Constr. rmsd
    1.67142e+01    3.74271e-06

           Step           Time
          47600       95.20000

   Energies (kJ/mol)
           Bond          Angle    Proper Dih. Per. Imp. Dih.          LJ-14
    6.34256e+03    1.70058e+04    2.08226e+04    1.09805e+03    7.52477e+03
     Coulomb-14        LJ (SR)   Coulomb (SR)   Coul. recip. Position Rest.
    8.06013e+04    5.22257e+05   -4.18736e+06    2.50782e+04    2.07055e+03
      Potential    Kinetic En.   Total Energy  Conserved En.    Temperature
   -3.50456e+06    7.06159e+05   -2.79840e+06   -2.81131e+06    3.10343e+02
 Pressure (bar)   Constr. rmsd
   -6.81083e+00    3.91027e-06

           Step           Time
          47700       95.40000

   Energies (kJ/mol)
           Bond          Angle    Proper Dih. Per. Imp. Dih.          LJ-14
    6.35552e+03    1.71628e+04    2.08995e+04    1.07948e+03    7.72262e+03
     Coulomb-14        LJ (SR)   Coulomb (SR)   Coul. recip. Position Rest.
    8.10278e+04    5.20343e+05   -4.18568e+06    2.49796e+04    2.14293e+03
      Potential    Kinetic En.   Total Energy  Conserved En.    Temperature
   -3.50397e+06    7.04815e+05   -2.79916e+06   -2.81158e+06    3.09753e+02
 Pressure (bar)   Constr. rmsd
   -4.17999e+01    3.92533e-06

           Step           Time
          47800       95.60000

   Energies (kJ/mol)
           Bond          Angle    Proper Dih. Per. Imp. Dih.          LJ-14
    6.05451e+03    1.70575e+04    2.10619e+04    1.07542e+03    7.68862e+03
     Coulomb-14        LJ (SR)   Coulomb (SR)   Coul. recip. Position Rest.
    8.12105e+04    5.19050e+05   -4.18144e+06    2.48911e+04    2.06226e+03
      Potential    Kinetic En.   Total Energy  Conserved En.    Temperature
   -3.50128e+06    7.03076e+05   -2.79821e+06   -2.81180e+06    3.08988e+02
 Pressure (bar)   Constr. rmsd
   -3.97147e+01    3.94322e-06

           Step           Time
          47900       95.80000

   Energies (kJ/mol)
           Bond          Angle    Proper Dih. Per. Imp. Dih.          LJ-14
    6.08418e+03    1.70389e+04    2.08630e+04    1.10262e+03    7.72485e+03
     Coulomb-14        LJ (SR)   Coulomb (SR)   Coul. recip. Position Rest.
    8.12505e+04    5.20820e+05   -4.18264e+06    2.49494e+04    2.08130e+03
      Potential    Kinetic En.   Total Energy  Conserved En.    Temperature
   -3.50072e+06    7.03980e+05   -2.79674e+06   -2.81199e+06    3.09386e+02
 Pressure (bar)   Constr. rmsd
   -1.81537e+01    3.96560e-06

           Step           Time
          48000       96.00000

   Energies (kJ/mol)
           Bond          Angle    Proper Dih. Per. Imp. Dih.          LJ-14
    5.92192e+03    1.70077e+04    2.09346e+04    1.07090e+03    7.87305e+03
     Coulomb-14        LJ (SR)   Coulomb (SR)   Coul. recip. Position Rest.
    8.14416e+04    5.20033e+05   -4.18093e+06    2.49355e+04    2.10588e+03
      Potential    Kinetic En.   Total Energy  Conserved En.    Temperature
   -3.49961e+06    7.05610e+05   -2.79400e+06   -2.81205e+06    3.10102e+02
 Pressure (bar)   Constr. rmsd
    4.56500e+01    3.90118e-06

           Step           Time
          48100       96.20000

   Energies (kJ/mol)
           Bond          Angle    Proper Dih. Per. Imp. Dih.          LJ-14
    6.16666e+03    1.72546e+04    2.10282e+04    1.11665e+03    7.67800e+03
     Coulomb-14        LJ (SR)   Coulomb (SR)   Coul. recip. Position Rest.
    8.08155e+04    5.21296e+05   -4.18368e+06    2.52556e+04    2.03929e+03
      Potential    Kinetic En.   Total Energy  Conserved En.    Temperature
   -3.50103e+06    7.08186e+05   -2.79285e+06   -2.81214e+06    3.11235e+02
 Pressure (bar)   Constr. rmsd
   -2.69984e+01    3.83580e-06

           Step           Time
          48200       96.40000

   Energies (kJ/mol)
           Bond          Angle    Proper Dih. Per. Imp. Dih.          LJ-14
    6.01126e+03    1.68545e+04    2.08031e+04    1.04153e+03    7.62142e+03
     Coulomb-14        LJ (SR)   Coulomb (SR)   Coul. recip. Position Rest.
    8.09313e+04    5.18005e+05   -4.18269e+06    2.50984e+04    1.99284e+03
      Potential    Kinetic En.   Total Energy  Conserved En.    Temperature
   -3.50433e+06    7.04435e+05   -2.79990e+06   -2.81200e+06    3.09586e+02
 Pressure (bar)   Constr. rmsd
   -6.87720e+01    3.93070e-06

           Step           Time
          48300       96.60000

   Energies (kJ/mol)
           Bond          Angle    Proper Dih. Per. Imp. Dih.          LJ-14
    6.13439e+03    1.67487e+04    2.10024e+04    1.05454e+03    7.69924e+03
     Coulomb-14        LJ (SR)   Coulomb (SR)   Coul. recip. Position Rest.
    8.08824e+04    5.18169e+05   -4.18245e+06    2.50685e+04    2.11238e+03
      Potential    Kinetic En.   Total Energy  Conserved En.    Temperature
   -3.50358e+06    7.00535e+05   -2.80305e+06   -2.81209e+06    3.07872e+02
 Pressure (bar)   Constr. rmsd
   -5.87785e+01    3.83618e-06

           Step           Time
          48400       96.80000

   Energies (kJ/mol)
           Bond          Angle    Proper Dih. Per. Imp. Dih.          LJ-14
    6.04424e+03    1.71142e+04    2.09710e+04    1.17455e+03    7.71558e+03
     Coulomb-14        LJ (SR)   Coulomb (SR)   Coul. recip. Position Rest.
    8.10016e+04    5.18847e+05   -4.18498e+06    2.50436e+04    2.08418e+03
      Potential    Kinetic En.   Total Energy  Conserved En.    Temperature
   -3.50498e+06    7.03642e+05   -2.80134e+06   -2.81207e+06    3.09238e+02
 Pressure (bar)   Constr. rmsd
   -8.95529e+01    3.80372e-06

           Step           Time
          48500       97.00000

   Energies (kJ/mol)
           Bond          Angle    Proper Dih. Per. Imp. Dih.          LJ-14
    5.96995e+03    1.68968e+04    2.08486e+04    1.06808e+03    7.64381e+03
     Coulomb-14        LJ (SR)   Coulomb (SR)   Coul. recip. Position Rest.
    8.09550e+04    5.20970e+05   -4.18632e+06    2.51086e+04    2.00972e+03
      Potential    Kinetic En.   Total Energy  Conserved En.    Temperature
   -3.50485e+06    7.01375e+05   -2.80347e+06   -2.81185e+06    3.08241e+02
 Pressure (bar)   Constr. rmsd
   -1.80595e+01    3.90785e-06

           Step           Time
          48600       97.20000

   Energies (kJ/mol)
           Bond          Angle    Proper Dih. Per. Imp. Dih.          LJ-14
    6.11255e+03    1.72015e+04    2.09578e+04    1.08209e+03    7.67531e+03
     Coulomb-14        LJ (SR)   Coulomb (SR)   Coul. recip. Position Rest.
    8.08170e+04    5.19374e+05   -4.18199e+06    2.48909e+04    2.02107e+03
      Potential    Kinetic En.   Total Energy  Conserved En.    Temperature
   -3.50186e+06    7.05045e+05   -2.79682e+06   -2.81216e+06    3.09854e+02
 Pressure (bar)   Constr. rmsd
   -5.07888e+01    3.74363e-06

           Step           Time
          48700       97.40000

   Energies (kJ/mol)
           Bond          Angle    Proper Dih. Per. Imp. Dih.          LJ-14
    6.26042e+03    1.72381e+04    2.09596e+04    1.06376e+03    7.67028e+03
     Coulomb-14        LJ (SR)   Coulomb (SR)   Coul. recip. Position Rest.
    8.08895e+04    5.18175e+05   -4.17830e+06    2.53233e+04    2.05707e+03
      Potential    Kinetic En.   Total Energy  Conserved En.    Temperature
   -3.49866e+06    7.05049e+05   -2.79361e+06   -2.81201e+06    3.09856e+02
 Pressure (bar)   Constr. rmsd
   -8.99418e+01    3.81886e-06

           Step           Time
          48800       97.60000

   Energies (kJ/mol)
           Bond          Angle    Proper Dih. Per. Imp. Dih.          LJ-14
    5.95722e+03    1.70863e+04    2.09224e+04    1.06502e+03    7.71314e+03
     Coulomb-14        LJ (SR)   Coulomb (SR)   Coul. recip. Position Rest.
    8.09027e+04    5.20185e+05   -4.18326e+06    2.50578e+04    2.07705e+03
      Potential    Kinetic En.   Total Energy  Conserved En.    Temperature
   -3.50229e+06    7.04269e+05   -2.79802e+06   -2.81177e+06    3.09513e+02
 Pressure (bar)   Constr. rmsd
    1.19584e+01    3.78578e-06

           Step           Time
          48900       97.80000

   Energies (kJ/mol)
           Bond          Angle    Proper Dih. Per. Imp. Dih.          LJ-14
    6.28884e+03    1.70190e+04    2.09378e+04    1.18039e+03    7.64456e+03
     Coulomb-14        LJ (SR)   Coulomb (SR)   Coul. recip. Position Rest.
    8.09035e+04    5.21669e+05   -4.18159e+06    2.52663e+04    2.08001e+03
      Potential    Kinetic En.   Total Energy  Conserved En.    Temperature
   -3.49860e+06    7.05428e+05   -2.79317e+06   -2.81192e+06    3.10022e+02
 Pressure (bar)   Constr. rmsd
    1.74010e+01    3.85063e-06

           Step           Time
          49000       98.00000

   Energies (kJ/mol)
           Bond          Angle    Proper Dih. Per. Imp. Dih.          LJ-14
    5.96967e+03    1.70770e+04    2.08937e+04    1.05399e+03    7.71023e+03
     Coulomb-14        LJ (SR)   Coulomb (SR)   Coul. recip. Position Rest.
    8.05871e+04    5.22548e+05   -4.18357e+06    2.53010e+04    2.00323e+03
      Potential    Kinetic En.   Total Energy  Conserved En.    Temperature
   -3.50043e+06    7.03079e+05   -2.79735e+06   -2.81223e+06    3.08990e+02
 Pressure (bar)   Constr. rmsd
    5.57772e+01    3.92415e-06

           Step           Time
          49100       98.20000

   Energies (kJ/mol)
           Bond          Angle    Proper Dih. Per. Imp. Dih.          LJ-14
    6.19651e+03    1.68649e+04    2.10459e+04    1.07358e+03    7.66618e+03
     Coulomb-14        LJ (SR)   Coulomb (SR)   Coul. recip. Position Rest.
    8.10236e+04    5.18416e+05   -4.17947e+06    2.50608e+04    2.09007e+03
      Potential    Kinetic En.   Total Energy  Conserved En.    Temperature
   -3.50004e+06    7.05647e+05   -2.79439e+06   -2.81216e+06    3.10118e+02
 Pressure (bar)   Constr. rmsd
   -5.94326e+01    3.88624e-06

           Step           Time
          49200       98.40000

   Energies (kJ/mol)
           Bond          Angle    Proper Dih. Per. Imp. Dih.          LJ-14
    6.06183e+03    1.70746e+04    2.08889e+04    1.10323e+03    7.61899e+03
     Coulomb-14        LJ (SR)   Coulomb (SR)   Coul. recip. Position Rest.
    8.07566e+04    5.20111e+05   -4.18263e+06    2.50616e+04    1.97255e+03
      Potential    Kinetic En.   Total Energy  Conserved En.    Temperature
   -3.50198e+06    7.06131e+05   -2.79585e+06   -2.81230e+06    3.10331e+02
 Pressure (bar)   Constr. rmsd
   -4.50785e+01    3.94714e-06

           Step           Time
          49300       98.60000

   Energies (kJ/mol)
           Bond          Angle    Proper Dih. Per. Imp. Dih.          LJ-14
    6.21756e+03    1.72596e+04    2.07712e+04    1.10228e+03    7.72109e+03
     Coulomb-14        LJ (SR)   Coulomb (SR)   Coul. recip. Position Rest.
    8.12024e+04    5.20191e+05   -4.18112e+06    2.48996e+04    2.07763e+03
      Potential    Kinetic En.   Total Energy  Conserved En.    Temperature
   -3.49968e+06    7.06342e+05   -2.79334e+06   -2.81234e+06    3.10424e+02
 Pressure (bar)   Constr. rmsd
    1.76927e+01    4.20460e-06

           Step           Time
          49400       98.80000

   Energies (kJ/mol)
           Bond          Angle    Proper Dih. Per. Imp. Dih.          LJ-14
    6.22256e+03    1.69264e+04    2.08817e+04    1.03897e+03    7.74324e+03
     Coulomb-14        LJ (SR)   Coulomb (SR)   Coul. recip. Position Rest.
    8.12361e+04    5.17715e+05   -4.18028e+06    2.51093e+04    2.03253e+03
      Potential    Kinetic En.   Total Energy  Conserved En.    Temperature
   -3.50138e+06    7.04469e+05   -2.79691e+06   -2.81232e+06    3.09601e+02
 Pressure (bar)   Constr. rmsd
   -6.05540e+01    4.02867e-06

           Step           Time
          49500       99.00000

   Energies (kJ/mol)
           Bond          Angle    Proper Dih. Per. Imp. Dih.          LJ-14
    6.04093e+03    1.69821e+04    2.08591e+04    1.12032e+03    7.65125e+03
     Coulomb-14        LJ (SR)   Coulomb (SR)   Coul. recip. Position Rest.
    8.10661e+04    5.19338e+05   -4.18404e+06    2.50390e+04    2.06707e+03
      Potential    Kinetic En.   Total Energy  Conserved En.    Temperature
   -3.50387e+06    7.05276e+05   -2.79860e+06   -2.81251e+06    3.09956e+02
 Pressure (bar)   Constr. rmsd
   -8.53028e+01    3.87910e-06

           Step           Time
          49600       99.20000

   Energies (kJ/mol)
           Bond          Angle    Proper Dih. Per. Imp. Dih.          LJ-14
    6.15476e+03    1.71211e+04    2.08061e+04    1.11275e+03    7.74241e+03
     Coulomb-14        LJ (SR)   Coulomb (SR)   Coul. recip. Position Rest.
    8.09068e+04    5.20306e+05   -4.18376e+06    2.49776e+04    2.00677e+03
      Potential    Kinetic En.   Total Energy  Conserved En.    Temperature
   -3.50263e+06    7.04485e+05   -2.79814e+06   -2.81257e+06    3.09608e+02
 Pressure (bar)   Constr. rmsd
   -4.11398e+01    3.92934e-06

           Step           Time
          49700       99.40000

   Energies (kJ/mol)
           Bond          Angle    Proper Dih. Per. Imp. Dih.          LJ-14
    6.06144e+03    1.72183e+04    2.10088e+04    1.19900e+03    7.76125e+03
     Coulomb-14        LJ (SR)   Coulomb (SR)   Coul. recip. Position Rest.
    8.11161e+04    5.17713e+05   -4.17820e+06    2.52479e+04    2.03783e+03
      Potential    Kinetic En.   Total Energy  Conserved En.    Temperature
   -3.49883e+06    7.04342e+05   -2.79449e+06   -2.81254e+06    3.09545e+02
 Pressure (bar)   Constr. rmsd
   -4.11348e+00    3.91655e-06

           Step           Time
          49800       99.60000

   Energies (kJ/mol)
           Bond          Angle    Proper Dih. Per. Imp. Dih.          LJ-14
    6.16120e+03    1.70803e+04    2.09792e+04    1.13601e+03    7.69885e+03
     Coulomb-14        LJ (SR)   Coulomb (SR)   Coul. recip. Position Rest.
    8.07802e+04    5.18560e+05   -4.18018e+06    2.52400e+04    2.01232e+03
      Potential    Kinetic En.   Total Energy  Conserved En.    Temperature
   -3.50053e+06    7.03005e+05   -2.79753e+06   -2.81239e+06    3.08958e+02
 Pressure (bar)   Constr. rmsd
   -7.17739e+01    3.82832e-06

           Step           Time
          49900       99.80000

   Energies (kJ/mol)
           Bond          Angle    Proper Dih. Per. Imp. Dih.          LJ-14
    6.08073e+03    1.69471e+04    2.10220e+04    1.09991e+03    7.69303e+03
     Coulomb-14        LJ (SR)   Coulomb (SR)   Coul. recip. Position Rest.
    8.08491e+04    5.21286e+05   -4.18207e+06    2.52194e+04    1.99736e+03
      Potential    Kinetic En.   Total Energy  Conserved En.    Temperature
   -3.49987e+06    7.02699e+05   -2.79717e+06   -2.81220e+06    3.08823e+02
 Pressure (bar)   Constr. rmsd
   -3.00800e+01    4.21043e-06

           Step           Time
          50000      100.00000

Writing checkpoint, step 50000 at Thu Jul 16 22:51:42 2026


   Energies (kJ/mol)
           Bond          Angle    Proper Dih. Per. Imp. Dih.          LJ-14
    6.17989e+03    1.69102e+04    2.07874e+04    1.09777e+03    7.82380e+03
     Coulomb-14        LJ (SR)   Coulomb (SR)   Coul. recip. Position Rest.
    8.10629e+04    5.17710e+05   -4.17869e+06    2.53440e+04    2.04700e+03
      Potential    Kinetic En.   Total Energy  Conserved En.    Temperature
   -3.49972e+06    7.04207e+05   -2.79552e+06   -2.81181e+06    3.09486e+02
 Pressure (bar)   Constr. rmsd
   -3.88183e+01    3.83473e-06


Energy conservation over simulation part #1 of length 100 ps, time 0 to 100 ps
  Conserved energy drift: -1.05e-04 kJ/mol/ps per atom


	<======  ###############  ==>
	<====  A V E R A G E S  ====>
	<==  ###############  ======>

	Statistics over 50001 steps using 501 frames

   Energies (kJ/mol)
           Bond          Angle    Proper Dih. Per. Imp. Dih.          LJ-14
    6.19329e+03    1.70923e+04    2.09068e+04    1.07867e+03    7.70319e+03
     Coulomb-14        LJ (SR)   Coulomb (SR)   Coul. recip. Position Rest.
    8.10109e+04    5.20962e+05   -4.18492e+06    2.50950e+04    2.03565e+03
      Potential    Kinetic En.   Total Energy  Conserved En.    Temperature
   -3.50284e+06    7.05205e+05   -2.79763e+06   -2.81267e+06    3.09924e+02
 Pressure (bar)   Constr. rmsd
    2.77782e+00    0.00000e+00

          Box-X          Box-Y          Box-Z
    1.40865e+01    1.40865e+01    1.40865e+01

   Total Virial (kJ/mol)
    2.34316e+05    2.93541e+01    1.34217e+02
    3.14016e+01    2.35029e+05   -4.17802e+02
    1.36180e+02   -4.18091e+02    2.35168e+05

   Pressure (bar)
    9.40802e+00   -1.03479e+00   -1.80660e+00
   -1.05914e+00    9.07301e-01    4.90714e+00
   -1.82995e+00    4.91059e+00   -1.98186e+00

      T-ProteinT-Water_and_ions
    3.09660e+02    3.09934e+02


	M E G A - F L O P S   A C C O U N T I N G

 NB=Group-cutoff nonbonded kernels    NxN=N-by-N cluster Verlet kernels
 RF=Reaction-Field  VdW=Van der Waals  QSTab=quadratic-spline table
 W3=SPC/TIP3p  W4=TIP4p (single or pairs)
 V&F=Potential and force  V=Potential only  F=Force only

 Computing:                               M-Number         M-Flops  % Flops
-----------------------------------------------------------------------------
 Pair Search distance check          132618.364286     1193565.279     0.2
 NxN Ewald Elec. + LJ [F]           3886596.731392   256515384.272    48.6
 NxN Ewald Elec. + LJ [V&F]           39338.539056     4209223.679     0.8
 NxN Ewald Elec. [F]                3608587.435200   220123833.547    41.7
 NxN Ewald Elec. [V&F]                36523.775504     3067997.142     0.6
 1,4 nonbonded interactions            1031.970639       92877.358     0.0
 Calc Weights                         40753.115046     1467112.142     0.3
 Spread Q Bspline                    869399.787648     1738799.575     0.3
 Gather F Bspline                    869399.787648     5216398.726     1.0
 3D-FFT                             3580603.810644    28644830.485     5.4
 Solve PME                            43920.878400     2810936.218     0.5
 Reset In Box                           271.953682         815.861     0.0
 CG-CoM                                 272.225364         816.676     0.0
 Bonds                                  201.854037       11909.388     0.0
 Angles                                 716.214324      120324.006     0.0
 Propers                               1122.672453      257091.992     0.0
 Impropers                               77.401548       16099.522     0.0
 Pos. Restr.                            198.103962        9905.198     0.0
 Virial                                 543.725727        9787.063     0.0
 Stop-CM                                136.384364        1363.844     0.0
 P-Coupling                             543.635682        3261.814     0.0
 Calc-Ekin                             5434.183364      146722.951     0.0
 Lincs                                  194.861691       11691.701     0.0
 Lincs-Mat                             1030.261812        4121.047     0.0
 Constraint-V                         13580.643204      122225.789     0.0
 Constraint-Vir                         535.677705       12856.265     0.0
 Settle                                4397.063808     1626913.609     0.3
-----------------------------------------------------------------------------
 Total                                               527436865.149   100.0
-----------------------------------------------------------------------------


    D O M A I N   D E C O M P O S I T I O N   S T A T I S T I C S

 av. #atoms communicated per step for force:  2 x 0.0


      R E A L   C Y C L E   A N D   T I M E   A C C O U N T I N G

On 1 MPI rank, each using 12 OpenMP threads

 Activity:              Num   Num      Call    Wall time         Giga-Cycles
                        Ranks Threads  Count      (s)         total sum    %
--------------------------------------------------------------------------------
 Domain decomp.            1   12       1001      16.368        685.867   0.8
 Neighbor search           1   12       1001      47.621       1995.457   2.3
 Force                     1   12      50001    1500.230      62863.962  71.2
 PME mesh                  1   12      50001     468.564      19634.192  22.2
 NB X/F buffer ops.        1   12     100002      28.845       1208.680   1.4
 Write traj.               1   12         13       0.842         35.264   0.0
 Update                    1   12      50001      21.187        887.811   1.0
 Constraints               1   12      50003      15.400        645.306   0.7
 Kinetic energy            1   12      20001       5.268        220.741   0.3
 Rest                                              2.463        103.220   0.1
--------------------------------------------------------------------------------
 Total                                          2106.788      88280.502 100.0
--------------------------------------------------------------------------------
 Breakdown of PME mesh activities
--------------------------------------------------------------------------------
 PME spread                1   12      50001     169.939       7120.915   8.1
 PME gather                1   12      50001     106.034       4443.147   5.0
 PME 3D-FFT                1   12     100002     179.410       7517.787   8.5
 PME solve Elec            1   12      50001      12.633        529.344   0.6
--------------------------------------------------------------------------------

               Core t (s)   Wall t (s)        (%)
       Time:    25281.458     2106.788     1200.0
                         35:06
                 (ns/day)    (hour/ns)
Performance:        4.101        5.852
Finished mdrun on rank 0 Thu Jul 16 22:51:43 2026

