protein,ligand,binding_site,interaction_type,resnr,restype,reschain,resnr_lig,restype_lig,reschain_lig,dist,ligcoo,protcoo,sidechain,dist_h-a,dist_d-a,don_angle,protisdon,donoridx,donortype,acceptoridx,acceptortype,dist_a-w,dist_d-w,water_angle,water_idx,acc_angle,protispos,lig_group,lig_idx_list,cent_dist,angle,offset,type,protcharged,metalcoo,targetcoo,metal_idx,metal_type,target_idx,target_type,coordination,location,rms,geometry,complexnum,residue_id
PDE4B_catalytic,175,MG:A:804,metal_complexes,788,HOH,A,,,,2.361782377781666,,,,,,,,,,,,,,,,,,,,,,,,,,,,Mg,,O,3.0,water,79.83391049084504,trigonal.pyramidal,1.0,HOH788:A
PDE4B_catalytic,175,MG:A:804,metal_complexes,447,ASP,A,,,,2.615302085801945,,,,,,,,,,,,,,,,,,,,,,,,,,,,Mg,,O,3.0,protein.sidechain,79.83391049084504,trigonal.pyramidal,1.0,ASP447:A
PDE4B_catalytic,175,MG:A:804,metal_complexes,447,ASP,A,,,,2.615302085801945,,,,,,,,,,,,,,,,,,,,,,,,,,,,Mg,,O,3.0,protein.sidechain,79.83391049084504,trigonal.pyramidal,1.0,ASP447:A
PDE4B_catalytic,175,MG:A:804,metal_complexes,788,HOH,A,,,,2.361782377781666,,,,,,,,,,,,,,,,,,,,,,,,,,,,Mg,,O,3.0,water,79.83391049084504,trigonal.pyramidal,2.0,HOH788:A
PDE4B_catalytic,175,MG:A:804,metal_complexes,447,ASP,A,,,,2.615302085801945,,,,,,,,,,,,,,,,,,,,,,,,,,,,Mg,,O,3.0,protein.sidechain,79.83391049084504,trigonal.pyramidal,2.0,ASP447:A
PDE4B_catalytic,175,MG:A:804,metal_complexes,447,ASP,A,,,,2.615302085801945,,,,,,,,,,,,,,,,,,,,,,,,,,,,Mg,,O,3.0,protein.sidechain,79.83391049084504,trigonal.pyramidal,2.0,ASP447:A
PDE4B_catalytic,175,ZN:A:529,metal_complexes,788,HOH,A,,,,1.9208628269608448,,,,,,,,,,,,,,,,,,,,,,,,,,,,Zn,,O,4.0,water,10.038074764577184,tetrahedral,1.0,HOH788:A
PDE4B_catalytic,175,ZN:A:529,metal_complexes,410,HIS,A,,,,2.527300733984766,,,,,,,,,,,,,,,,,,,,,,,,,,,,Zn,,N,4.0,protein.sidechain,10.038074764577184,tetrahedral,1.0,HIS410:A
PDE4B_catalytic,175,ZN:A:529,metal_complexes,410,HIS,A,,,,2.527300733984766,,,,,,,,,,,,,,,,,,,,,,,,,,,,Zn,,N,4.0,protein.sidechain,10.038074764577184,tetrahedral,1.0,HIS410:A
PDE4B_catalytic,175,ZN:A:529,metal_complexes,446,HIS,A,,,,2.4447742227044182,,,,,,,,,,,,,,,,,,,,,,,,,,,,Zn,,N,4.0,protein.sidechain,10.038074764577184,tetrahedral,1.0,HIS446:A
PDE4B_catalytic,175,ZN:A:529,metal_complexes,788,HOH,A,,,,1.9208628269608448,,,,,,,,,,,,,,,,,,,,,,,,,,,,Zn,,O,4.0,water,10.038074764577184,tetrahedral,2.0,HOH788:A
PDE4B_catalytic,175,ZN:A:529,metal_complexes,410,HIS,A,,,,2.527300733984766,,,,,,,,,,,,,,,,,,,,,,,,,,,,Zn,,N,4.0,protein.sidechain,10.038074764577184,tetrahedral,2.0,HIS410:A
PDE4B_catalytic,175,ZN:A:529,metal_complexes,410,HIS,A,,,,2.527300733984766,,,,,,,,,,,,,,,,,,,,,,,,,,,,Zn,,N,4.0,protein.sidechain,10.038074764577184,tetrahedral,2.0,HIS410:A
PDE4B_catalytic,175,ZN:A:529,metal_complexes,446,HIS,A,,,,2.4447742227044182,,,,,,,,,,,,,,,,,,,,,,,,,,,,Zn,,N,4.0,protein.sidechain,10.038074764577184,tetrahedral,2.0,HIS446:A
PDE4B_catalytic,175,UNL:A:1,hbonds_ldon,405,TYR,A,,,,,,,True,,,,False,,,,,,,,,,,,,,127.65988263153838,,strong,,,,,,,,,,,,,TYR405:A
PDE4B_catalytic,175,UNL:A:1,hbonds_pdon,615,GLN,A,,,,,,,True,,,,True,,,,,,,,,,,,,,113.80324978333908,,strong,,,,,,,,,,,,,GLN615:A
PDE4B_catalytic,175,UNL:A:1,hbonds_pdon,579,THR,A,,,,,,,False,,,,True,,,,,,,,,,,,,,133.58336145244596,,strong,,,,,,,,,,,,,THR579:A
PDE4B_catalytic,175,UNL:A:1,hbonds_pdon,579,THR,A,,,,,,,True,,,,True,,,,,,,,,,,,,,126.9289065860962,,strong,,,,,,,,,,,,,THR579:A
PDE4B_catalytic,175,UNL:A:1,hbonds_pdon,615,GLN,A,,,,,,,True,,,,True,,,,,,,,,,,,,,107.5713768405412,,strong,,,,,,,,,,,,,GLN615:A
PDE4B_catalytic,175,UNL:A:1,hbonds_pdon,567,ASN,A,,,,,,,True,,,,True,,,,,,,,,,,,,,111.14648494497966,,strong,,,,,,,,,,,,,ASN567:A
PDE4B_catalytic,175,UNL:A:1,hbonds_pdon,567,ASN,A,,,,,,,True,,,,True,,,,,,,,,,,,,,113.02859653875008,,strong,,,,,,,,,,,,,ASN567:A
PDE4B_catalytic,10559720,MG:A:804,metal_complexes,788,HOH,A,,,,2.361782377781666,,,,,,,,,,,,,,,,,,,,,,,,,,,,Mg,,O,3.0,water,79.83391049084504,trigonal.pyramidal,1.0,HOH788:A
PDE4B_catalytic,10559720,MG:A:804,metal_complexes,447,ASP,A,,,,2.615302085801945,,,,,,,,,,,,,,,,,,,,,,,,,,,,Mg,,O,3.0,protein.sidechain,79.83391049084504,trigonal.pyramidal,1.0,ASP447:A
PDE4B_catalytic,10559720,MG:A:804,metal_complexes,447,ASP,A,,,,2.615302085801945,,,,,,,,,,,,,,,,,,,,,,,,,,,,Mg,,O,3.0,protein.sidechain,79.83391049084504,trigonal.pyramidal,1.0,ASP447:A
PDE4B_catalytic,10559720,MG:A:804,metal_complexes,788,HOH,A,,,,2.361782377781666,,,,,,,,,,,,,,,,,,,,,,,,,,,,Mg,,O,3.0,water,79.83391049084504,trigonal.pyramidal,2.0,HOH788:A
PDE4B_catalytic,10559720,MG:A:804,metal_complexes,447,ASP,A,,,,2.615302085801945,,,,,,,,,,,,,,,,,,,,,,,,,,,,Mg,,O,3.0,protein.sidechain,79.83391049084504,trigonal.pyramidal,2.0,ASP447:A
PDE4B_catalytic,10559720,MG:A:804,metal_complexes,447,ASP,A,,,,2.615302085801945,,,,,,,,,,,,,,,,,,,,,,,,,,,,Mg,,O,3.0,protein.sidechain,79.83391049084504,trigonal.pyramidal,2.0,ASP447:A
PDE4B_catalytic,10559720,ZN:A:529,metal_complexes,788,HOH,A,,,,1.9208628269608448,,,,,,,,,,,,,,,,,,,,,,,,,,,,Zn,,O,4.0,water,10.038074764577184,tetrahedral,1.0,HOH788:A
PDE4B_catalytic,10559720,ZN:A:529,metal_complexes,410,HIS,A,,,,2.527300733984766,,,,,,,,,,,,,,,,,,,,,,,,,,,,Zn,,N,4.0,protein.sidechain,10.038074764577184,tetrahedral,1.0,HIS410:A
PDE4B_catalytic,10559720,ZN:A:529,metal_complexes,410,HIS,A,,,,2.527300733984766,,,,,,,,,,,,,,,,,,,,,,,,,,,,Zn,,N,4.0,protein.sidechain,10.038074764577184,tetrahedral,1.0,HIS410:A
PDE4B_catalytic,10559720,ZN:A:529,metal_complexes,446,HIS,A,,,,2.4447742227044182,,,,,,,,,,,,,,,,,,,,,,,,,,,,Zn,,N,4.0,protein.sidechain,10.038074764577184,tetrahedral,1.0,HIS446:A
PDE4B_catalytic,10559720,ZN:A:529,metal_complexes,788,HOH,A,,,,1.9208628269608448,,,,,,,,,,,,,,,,,,,,,,,,,,,,Zn,,O,4.0,water,10.038074764577184,tetrahedral,2.0,HOH788:A
PDE4B_catalytic,10559720,ZN:A:529,metal_complexes,410,HIS,A,,,,2.527300733984766,,,,,,,,,,,,,,,,,,,,,,,,,,,,Zn,,N,4.0,protein.sidechain,10.038074764577184,tetrahedral,2.0,HIS410:A
PDE4B_catalytic,10559720,ZN:A:529,metal_complexes,410,HIS,A,,,,2.527300733984766,,,,,,,,,,,,,,,,,,,,,,,,,,,,Zn,,N,4.0,protein.sidechain,10.038074764577184,tetrahedral,2.0,HIS410:A
PDE4B_catalytic,10559720,ZN:A:529,metal_complexes,446,HIS,A,,,,2.4447742227044182,,,,,,,,,,,,,,,,,,,,,,,,,,,,Zn,,N,4.0,protein.sidechain,10.038074764577184,tetrahedral,2.0,HIS446:A
PDE4B_catalytic,10559720,UNL:Z:1,hydrophobic_contacts,586,PHE,A,,,,3.9132968198183034,,,,,,,,,,,,,,,,,,,,,,,,,,,,,,,,,,,,PHE586:A
PDE4B_catalytic,10559720,UNL:Z:1,hydrophobic_contacts,586,PHE,A,,,,3.72381041407857,,,,,,,,,,,,,,,,,,,,,,,,,,,,,,,,,,,,PHE586:A
PDE4B_catalytic,10559720,UNL:Z:1,hydrophobic_contacts,618,PHE,A,,,,3.76880219698514,,,,,,,,,,,,,,,,,,,,,,,,,,,,,,,,,,,,PHE618:A
PDE4B_catalytic,10559720,UNL:Z:1,hydrophobic_contacts,618,PHE,A,,,,3.6394270153418375,,,,,,,,,,,,,,,,,,,,,,,,,,,,,,,,,,,,PHE618:A
PDE4B_catalytic,10559720,UNL:Z:1,hbonds_pdon,567,ASN,A,,,,,,,True,,,,True,,,,,,,,,,,,,,140.0205419680477,,strong,,,,,,,,,,,,,ASN567:A
PDE4B_catalytic,10559720,UNL:Z:1,hbonds_pdon,567,ASN,A,,,,,,,True,,,,True,,,,,,,,,,,,,,108.83940802313596,,strong,,,,,,,,,,,,,ASN567:A
PDE4B_catalytic,10559720,UNL:Z:1,hbonds_pdon,615,GLN,A,,,,,,,True,,,,True,,,,,,,,,,,,,,102.028715633897,,strong,,,,,,,,,,,,,GLN615:A
PDE4B_catalytic,10559720,UNL:Z:1,hbonds_pdon,615,GLN,A,,,,,,,True,,,,True,,,,,,,,,,,,,,102.028715633897,,strong,,,,,,,,,,,,,GLN615:A
PDE4B_catalytic,10559720,UNL:Z:1,water_bridges,565,LEU,A,,,,,,,,,,,True,,,,,,,,,,,,,,,,first_deg,,,,,,,,,,,,,LEU565:A
PDE4B_catalytic,10559720,UNL:Z:1,water_bridges,615,GLN,A,,,,,,,,,,,True,,,,,,,,,,,,,,,,first_deg,,,,,,,,,,,,,GLN615:A
PDE4B_catalytic,10559720,UNL:Z:1,water_bridges,615,GLN,A,,,,,,,,,,,True,,,,,,,,,,,,,,,,first_deg,,,,,,,,,,,,,GLN615:A
PDE4B_catalytic,10559720,UNL:Z:1,water_bridges,564,ASP,A,,,,,,,,,,,False,,,,,,,,,,,,,,,,first_deg,,,,,,,,,,,,,ASP564:A
PDE4B_catalytic,10559720,UNL:Z:1,water_bridges,564,ASP,A,,,,,,,,,,,False,,,,,,,,,,,,,,,,first_deg,,,,,,,,,,,,,ASP564:A
PDE4B_catalytic,104775,MG:A:804,metal_complexes,788,HOH,A,,,,2.361782377781666,,,,,,,,,,,,,,,,,,,,,,,,,,,,Mg,,O,3.0,water,79.83391049084504,trigonal.pyramidal,1.0,HOH788:A
PDE4B_catalytic,104775,MG:A:804,metal_complexes,447,ASP,A,,,,2.615302085801945,,,,,,,,,,,,,,,,,,,,,,,,,,,,Mg,,O,3.0,protein.sidechain,79.83391049084504,trigonal.pyramidal,1.0,ASP447:A
PDE4B_catalytic,104775,MG:A:804,metal_complexes,447,ASP,A,,,,2.615302085801945,,,,,,,,,,,,,,,,,,,,,,,,,,,,Mg,,O,3.0,protein.sidechain,79.83391049084504,trigonal.pyramidal,1.0,ASP447:A
PDE4B_catalytic,104775,MG:A:804,metal_complexes,788,HOH,A,,,,2.361782377781666,,,,,,,,,,,,,,,,,,,,,,,,,,,,Mg,,O,3.0,water,79.83391049084504,trigonal.pyramidal,2.0,HOH788:A
PDE4B_catalytic,104775,MG:A:804,metal_complexes,447,ASP,A,,,,2.615302085801945,,,,,,,,,,,,,,,,,,,,,,,,,,,,Mg,,O,3.0,protein.sidechain,79.83391049084504,trigonal.pyramidal,2.0,ASP447:A
PDE4B_catalytic,104775,MG:A:804,metal_complexes,447,ASP,A,,,,2.615302085801945,,,,,,,,,,,,,,,,,,,,,,,,,,,,Mg,,O,3.0,protein.sidechain,79.83391049084504,trigonal.pyramidal,2.0,ASP447:A
PDE4B_catalytic,104775,ZN:A:529,metal_complexes,788,HOH,A,,,,1.9208628269608448,,,,,,,,,,,,,,,,,,,,,,,,,,,,Zn,,O,4.0,water,10.038074764577184,tetrahedral,1.0,HOH788:A
PDE4B_catalytic,104775,ZN:A:529,metal_complexes,410,HIS,A,,,,2.527300733984766,,,,,,,,,,,,,,,,,,,,,,,,,,,,Zn,,N,4.0,protein.sidechain,10.038074764577184,tetrahedral,1.0,HIS410:A
PDE4B_catalytic,104775,ZN:A:529,metal_complexes,410,HIS,A,,,,2.527300733984766,,,,,,,,,,,,,,,,,,,,,,,,,,,,Zn,,N,4.0,protein.sidechain,10.038074764577184,tetrahedral,1.0,HIS410:A
PDE4B_catalytic,104775,ZN:A:529,metal_complexes,446,HIS,A,,,,2.4447742227044182,,,,,,,,,,,,,,,,,,,,,,,,,,,,Zn,,N,4.0,protein.sidechain,10.038074764577184,tetrahedral,1.0,HIS446:A
PDE4B_catalytic,104775,ZN:A:529,metal_complexes,788,HOH,A,,,,1.9208628269608448,,,,,,,,,,,,,,,,,,,,,,,,,,,,Zn,,O,4.0,water,10.038074764577184,tetrahedral,2.0,HOH788:A
PDE4B_catalytic,104775,ZN:A:529,metal_complexes,410,HIS,A,,,,2.527300733984766,,,,,,,,,,,,,,,,,,,,,,,,,,,,Zn,,N,4.0,protein.sidechain,10.038074764577184,tetrahedral,2.0,HIS410:A
PDE4B_catalytic,104775,ZN:A:529,metal_complexes,410,HIS,A,,,,2.527300733984766,,,,,,,,,,,,,,,,,,,,,,,,,,,,Zn,,N,4.0,protein.sidechain,10.038074764577184,tetrahedral,2.0,HIS410:A
PDE4B_catalytic,104775,ZN:A:529,metal_complexes,446,HIS,A,,,,2.4447742227044182,,,,,,,,,,,,,,,,,,,,,,,,,,,,Zn,,N,4.0,protein.sidechain,10.038074764577184,tetrahedral,2.0,HIS446:A
PDE4B_catalytic,104775,UNL:A:1,hydrophobic_contacts,618,PHE,A,,,,3.7260603859841046,,,,,,,,,,,,,,,,,,,,,,,,,,,,,,,,,,,,PHE618:A
PDE4B_catalytic,104775,UNL:A:1,hbonds_ldon,405,TYR,A,,,,,,,True,,,,False,,,,,,,,,,,,,,122.85876215099988,,strong,,,,,,,,,,,,,TYR405:A
PDE4B_catalytic,104775,UNL:A:1,hbonds_pdon,567,ASN,A,,,,,,,True,,,,True,,,,,,,,,,,,,,132.67925341937325,,strong,,,,,,,,,,,,,ASN567:A
PDE4B_catalytic,104775,UNL:A:1,hbonds_pdon,405,TYR,A,,,,,,,True,,,,True,,,,,,,,,,,,,,157.33710208753087,,strong,,,,,,,,,,,,,TYR405:A
PDE4B_catalytic,104775,UNL:A:1,hbonds_pdon,567,ASN,A,,,,,,,True,,,,True,,,,,,,,,,,,,,113.22499043349583,,strong,,,,,,,,,,,,,ASN567:A
PDE4B_catalytic,9877619,MG:A:804,metal_complexes,788,HOH,A,,,,2.361782377781666,,,,,,,,,,,,,,,,,,,,,,,,,,,,Mg,,O,3.0,water,79.83391049084504,trigonal.pyramidal,1.0,HOH788:A
PDE4B_catalytic,9877619,MG:A:804,metal_complexes,447,ASP,A,,,,2.615302085801945,,,,,,,,,,,,,,,,,,,,,,,,,,,,Mg,,O,3.0,protein.sidechain,79.83391049084504,trigonal.pyramidal,1.0,ASP447:A
PDE4B_catalytic,9877619,MG:A:804,metal_complexes,447,ASP,A,,,,2.615302085801945,,,,,,,,,,,,,,,,,,,,,,,,,,,,Mg,,O,3.0,protein.sidechain,79.83391049084504,trigonal.pyramidal,1.0,ASP447:A
PDE4B_catalytic,9877619,MG:A:804,metal_complexes,788,HOH,A,,,,2.361782377781666,,,,,,,,,,,,,,,,,,,,,,,,,,,,Mg,,O,3.0,water,79.83391049084504,trigonal.pyramidal,2.0,HOH788:A
PDE4B_catalytic,9877619,MG:A:804,metal_complexes,447,ASP,A,,,,2.615302085801945,,,,,,,,,,,,,,,,,,,,,,,,,,,,Mg,,O,3.0,protein.sidechain,79.83391049084504,trigonal.pyramidal,2.0,ASP447:A
PDE4B_catalytic,9877619,MG:A:804,metal_complexes,447,ASP,A,,,,2.615302085801945,,,,,,,,,,,,,,,,,,,,,,,,,,,,Mg,,O,3.0,protein.sidechain,79.83391049084504,trigonal.pyramidal,2.0,ASP447:A
PDE4B_catalytic,9877619,ZN:A:529,metal_complexes,788,HOH,A,,,,1.9208628269608448,,,,,,,,,,,,,,,,,,,,,,,,,,,,Zn,,O,4.0,water,10.038074764577184,tetrahedral,1.0,HOH788:A
PDE4B_catalytic,9877619,ZN:A:529,metal_complexes,410,HIS,A,,,,2.527300733984766,,,,,,,,,,,,,,,,,,,,,,,,,,,,Zn,,N,4.0,protein.sidechain,10.038074764577184,tetrahedral,1.0,HIS410:A
PDE4B_catalytic,9877619,ZN:A:529,metal_complexes,410,HIS,A,,,,2.527300733984766,,,,,,,,,,,,,,,,,,,,,,,,,,,,Zn,,N,4.0,protein.sidechain,10.038074764577184,tetrahedral,1.0,HIS410:A
PDE4B_catalytic,9877619,ZN:A:529,metal_complexes,446,HIS,A,,,,2.4447742227044182,,,,,,,,,,,,,,,,,,,,,,,,,,,,Zn,,N,4.0,protein.sidechain,10.038074764577184,tetrahedral,1.0,HIS446:A
PDE4B_catalytic,9877619,ZN:A:529,metal_complexes,788,HOH,A,,,,1.9208628269608448,,,,,,,,,,,,,,,,,,,,,,,,,,,,Zn,,O,4.0,water,10.038074764577184,tetrahedral,2.0,HOH788:A
PDE4B_catalytic,9877619,ZN:A:529,metal_complexes,410,HIS,A,,,,2.527300733984766,,,,,,,,,,,,,,,,,,,,,,,,,,,,Zn,,N,4.0,protein.sidechain,10.038074764577184,tetrahedral,2.0,HIS410:A
PDE4B_catalytic,9877619,ZN:A:529,metal_complexes,410,HIS,A,,,,2.527300733984766,,,,,,,,,,,,,,,,,,,,,,,,,,,,Zn,,N,4.0,protein.sidechain,10.038074764577184,tetrahedral,2.0,HIS410:A
PDE4B_catalytic,9877619,ZN:A:529,metal_complexes,446,HIS,A,,,,2.4447742227044182,,,,,,,,,,,,,,,,,,,,,,,,,,,,Zn,,N,4.0,protein.sidechain,10.038074764577184,tetrahedral,2.0,HIS446:A
PDE4B_catalytic,9877619,UNL:Z:1,hydrophobic_contacts,405,TYR,A,,,,3.85871286830207,,,,,,,,,,,,,,,,,,,,,,,,,,,,,,,,,,,,TYR405:A
PDE4B_catalytic,9877619,UNL:Z:1,hydrophobic_contacts,582,ILE,A,,,,3.721524418836991,,,,,,,,,,,,,,,,,,,,,,,,,,,,,,,,,,,,ILE582:A
PDE4B_catalytic,9877619,UNL:Z:1,hydrophobic_contacts,582,ILE,A,,,,3.7922767567781785,,,,,,,,,,,,,,,,,,,,,,,,,,,,,,,,,,,,ILE582:A
PDE4B_catalytic,9877619,UNL:Z:1,hydrophobic_contacts,618,PHE,A,,,,3.6026474987153567,,,,,,,,,,,,,,,,,,,,,,,,,,,,,,,,,,,,PHE618:A
PDE4B_catalytic,9877619,UNL:Z:1,hydrophobic_contacts,618,PHE,A,,,,3.7497226564107375,,,,,,,,,,,,,,,,,,,,,,,,,,,,,,,,,,,,PHE618:A
PDE4B_catalytic,9877619,UNL:Z:1,hbonds_ldon,615,GLN,A,,,,,,,True,,,,False,,,,,,,,,,,,,,148.7446839650785,,strong,,,,,,,,,,,,,GLN615:A
PDE4B_catalytic,9877619,UNL:Z:1,hbonds_pdon,615,GLN,A,,,,,,,True,,,,True,,,,,,,,,,,,,,129.59294398663542,,strong,,,,,,,,,,,,,GLN615:A
PDE4B_catalytic,9877619,UNL:Z:1,hbonds_pdon,615,GLN,A,,,,,,,True,,,,True,,,,,,,,,,,,,,129.59294398663542,,strong,,,,,,,,,,,,,GLN615:A
PDE4B_catalytic,9877619,UNL:Z:1,hbonds_pdon,567,ASN,A,,,,,,,True,,,,True,,,,,,,,,,,,,,129.08538141141284,,strong,,,,,,,,,,,,,ASN567:A
PDE4B_catalytic,49831816,MG:A:804,metal_complexes,788,HOH,A,,,,2.361782377781666,,,,,,,,,,,,,,,,,,,,,,,,,,,,Mg,,O,3.0,water,79.83391049084504,trigonal.pyramidal,1.0,HOH788:A
PDE4B_catalytic,49831816,MG:A:804,metal_complexes,447,ASP,A,,,,2.615302085801945,,,,,,,,,,,,,,,,,,,,,,,,,,,,Mg,,O,3.0,protein.sidechain,79.83391049084504,trigonal.pyramidal,1.0,ASP447:A
PDE4B_catalytic,49831816,MG:A:804,metal_complexes,447,ASP,A,,,,2.615302085801945,,,,,,,,,,,,,,,,,,,,,,,,,,,,Mg,,O,3.0,protein.sidechain,79.83391049084504,trigonal.pyramidal,1.0,ASP447:A
PDE4B_catalytic,49831816,MG:A:804,metal_complexes,788,HOH,A,,,,2.361782377781666,,,,,,,,,,,,,,,,,,,,,,,,,,,,Mg,,O,3.0,water,79.83391049084504,trigonal.pyramidal,2.0,HOH788:A
PDE4B_catalytic,49831816,MG:A:804,metal_complexes,447,ASP,A,,,,2.615302085801945,,,,,,,,,,,,,,,,,,,,,,,,,,,,Mg,,O,3.0,protein.sidechain,79.83391049084504,trigonal.pyramidal,2.0,ASP447:A
PDE4B_catalytic,49831816,MG:A:804,metal_complexes,447,ASP,A,,,,2.615302085801945,,,,,,,,,,,,,,,,,,,,,,,,,,,,Mg,,O,3.0,protein.sidechain,79.83391049084504,trigonal.pyramidal,2.0,ASP447:A
PDE4B_catalytic,49831816,ZN:A:529,metal_complexes,788,HOH,A,,,,1.9208628269608448,,,,,,,,,,,,,,,,,,,,,,,,,,,,Zn,,O,4.0,water,10.038074764577184,tetrahedral,1.0,HOH788:A
PDE4B_catalytic,49831816,ZN:A:529,metal_complexes,410,HIS,A,,,,2.527300733984766,,,,,,,,,,,,,,,,,,,,,,,,,,,,Zn,,N,4.0,protein.sidechain,10.038074764577184,tetrahedral,1.0,HIS410:A
PDE4B_catalytic,49831816,ZN:A:529,metal_complexes,410,HIS,A,,,,2.527300733984766,,,,,,,,,,,,,,,,,,,,,,,,,,,,Zn,,N,4.0,protein.sidechain,10.038074764577184,tetrahedral,1.0,HIS410:A
PDE4B_catalytic,49831816,ZN:A:529,metal_complexes,446,HIS,A,,,,2.4447742227044182,,,,,,,,,,,,,,,,,,,,,,,,,,,,Zn,,N,4.0,protein.sidechain,10.038074764577184,tetrahedral,1.0,HIS446:A
PDE4B_catalytic,49831816,ZN:A:529,metal_complexes,788,HOH,A,,,,1.9208628269608448,,,,,,,,,,,,,,,,,,,,,,,,,,,,Zn,,O,4.0,water,10.038074764577184,tetrahedral,2.0,HOH788:A
PDE4B_catalytic,49831816,ZN:A:529,metal_complexes,410,HIS,A,,,,2.527300733984766,,,,,,,,,,,,,,,,,,,,,,,,,,,,Zn,,N,4.0,protein.sidechain,10.038074764577184,tetrahedral,2.0,HIS410:A
PDE4B_catalytic,49831816,ZN:A:529,metal_complexes,410,HIS,A,,,,2.527300733984766,,,,,,,,,,,,,,,,,,,,,,,,,,,,Zn,,N,4.0,protein.sidechain,10.038074764577184,tetrahedral,2.0,HIS410:A
PDE4B_catalytic,49831816,ZN:A:529,metal_complexes,446,HIS,A,,,,2.4447742227044182,,,,,,,,,,,,,,,,,,,,,,,,,,,,Zn,,N,4.0,protein.sidechain,10.038074764577184,tetrahedral,2.0,HIS446:A
PDE4B_catalytic,49831816,UNL:Z:1,hydrophobic_contacts,406,HIS,A,,,,3.8925516053098126,,,,,,,,,,,,,,,,,,,,,,,,,,,,,,,,,,,,HIS406:A
PDE4B_catalytic,49831816,UNL:Z:1,hydrophobic_contacts,582,ILE,A,,,,3.6838792054029135,,,,,,,,,,,,,,,,,,,,,,,,,,,,,,,,,,,,ILE582:A
PDE4B_catalytic,49831816,UNL:Z:1,hydrophobic_contacts,618,PHE,A,,,,3.710500774828108,,,,,,,,,,,,,,,,,,,,,,,,,,,,,,,,,,,,PHE618:A
PDE4B_catalytic,49831816,UNL:Z:1,hydrophobic_contacts,618,PHE,A,,,,3.663443735066775,,,,,,,,,,,,,,,,,,,,,,,,,,,,,,,,,,,,PHE618:A
PDE4B_catalytic,49831816,UNL:Z:1,hydrophobic_contacts,618,PHE,A,,,,3.729942224753618,,,,,,,,,,,,,,,,,,,,,,,,,,,,,,,,,,,,PHE618:A
PDE4B_catalytic,49831816,UNL:Z:1,hydrophobic_contacts,582,ILE,A,,,,3.628909615848819,,,,,,,,,,,,,,,,,,,,,,,,,,,,,,,,,,,,ILE582:A
PDE4B_catalytic,49831816,UNL:Z:1,hbonds_ldon,564,ASP,A,,,,,,,True,,,,False,,,,,,,,,,,,,,119.60135446297286,,strong,,,,,,,,,,,,,ASP564:A
PDE4B_catalytic,49831816,UNL:Z:1,hbonds_pdon,567,ASN,A,,,,,,,True,,,,True,,,,,,,,,,,,,,122.27555123269156,,strong,,,,,,,,,,,,,ASN567:A
PDE4B_catalytic,49831816,UNL:Z:1,hbonds_pdon,567,ASN,A,,,,,,,True,,,,True,,,,,,,,,,,,,,149.32379912546486,,strong,,,,,,,,,,,,,ASN567:A
PDE4B_catalytic,49831816,UNL:Z:1,hbonds_pdon,406,HIS,A,,,,,,,True,,,,True,,,,,,,,,,,,,,158.45795690896816,,strong,,,,,,,,,,,,,HIS406:A
PDE4B_catalytic,49831816,UNL:Z:1,hbonds_pdon,406,HIS,A,,,,,,,True,,,,True,,,,,,,,,,,,,,158.45795690896816,,strong,,,,,,,,,,,,,HIS406:A
PDE4B_catalytic,49831816,UNL:Z:1,water_bridges,565,LEU,A,,,,,,,,,,,True,,,,,,,,,,,,,,,,first_deg,,,,,,,,,,,,,LEU565:A
PDE4B_catalytic,49831816,UNL:Z:1,water_bridges,405,TYR,A,,,,,,,,,,,True,,,,,,,,,,,,,,,,first_deg,,,,,,,,,,,,,TYR405:A
PDE4B_catalytic,49831816,UNL:Z:1,water_bridges,405,TYR,A,,,,,,,,,,,True,,,,,,,,,,,,,,,,first_deg,,,,,,,,,,,,,TYR405:A
PDE4B_catalytic,49831816,UNL:Z:1,water_bridges,564,ASP,A,,,,,,,,,,,True,,,,,,,,,,,,,,,,first_deg,,,,,,,,,,,,,ASP564:A
PDE4B_catalytic,10176710,MG:A:804,metal_complexes,788,HOH,A,,,,2.361782377781666,,,,,,,,,,,,,,,,,,,,,,,,,,,,Mg,,O,4.0,water,77.53581550586944,square.planar,1.0,HOH788:A
PDE4B_catalytic,10176710,MG:A:804,metal_complexes,447,ASP,A,,,,2.615302085801945,,,,,,,,,,,,,,,,,,,,,,,,,,,,Mg,,O,4.0,protein.sidechain,77.53581550586944,square.planar,1.0,ASP447:A
PDE4B_catalytic,10176710,MG:A:804,metal_complexes,447,ASP,A,,,,2.615302085801945,,,,,,,,,,,,,,,,,,,,,,,,,,,,Mg,,O,4.0,protein.sidechain,77.53581550586944,square.planar,1.0,ASP447:A
PDE4B_catalytic,10176710,MG:A:804,metal_complexes,1,UNL,Z,,,,2.4110949794647256,,,,,,,,,,,,,,,,,,,,,,,,,,,,Mg,,O,4.0,protein.mainchain,77.53581550586944,square.planar,1.0,UNL1:Z
PDE4B_catalytic,10176710,MG:A:804,metal_complexes,788,HOH,A,,,,2.361782377781666,,,,,,,,,,,,,,,,,,,,,,,,,,,,Mg,,O,4.0,water,77.53581550586944,square.planar,2.0,HOH788:A
PDE4B_catalytic,10176710,MG:A:804,metal_complexes,447,ASP,A,,,,2.615302085801945,,,,,,,,,,,,,,,,,,,,,,,,,,,,Mg,,O,4.0,protein.sidechain,77.53581550586944,square.planar,2.0,ASP447:A
PDE4B_catalytic,10176710,MG:A:804,metal_complexes,447,ASP,A,,,,2.615302085801945,,,,,,,,,,,,,,,,,,,,,,,,,,,,Mg,,O,4.0,protein.sidechain,77.53581550586944,square.planar,2.0,ASP447:A
PDE4B_catalytic,10176710,MG:A:804,metal_complexes,1,UNL,Z,,,,2.4110949794647256,,,,,,,,,,,,,,,,,,,,,,,,,,,,Mg,,O,4.0,protein.mainchain,77.53581550586944,square.planar,2.0,UNL1:Z
PDE4B_catalytic,10176710,ZN:A:529,metal_complexes,788,HOH,A,,,,1.9208628269608448,,,,,,,,,,,,,,,,,,,,,,,,,,,,Zn,,O,4.0,water,10.038074764577184,tetrahedral,1.0,HOH788:A
PDE4B_catalytic,10176710,ZN:A:529,metal_complexes,410,HIS,A,,,,2.527300733984766,,,,,,,,,,,,,,,,,,,,,,,,,,,,Zn,,N,4.0,protein.sidechain,10.038074764577184,tetrahedral,1.0,HIS410:A
PDE4B_catalytic,10176710,ZN:A:529,metal_complexes,410,HIS,A,,,,2.527300733984766,,,,,,,,,,,,,,,,,,,,,,,,,,,,Zn,,N,4.0,protein.sidechain,10.038074764577184,tetrahedral,1.0,HIS410:A
PDE4B_catalytic,10176710,ZN:A:529,metal_complexes,446,HIS,A,,,,2.4447742227044182,,,,,,,,,,,,,,,,,,,,,,,,,,,,Zn,,N,4.0,protein.sidechain,10.038074764577184,tetrahedral,1.0,HIS446:A
PDE4B_catalytic,10176710,ZN:A:529,metal_complexes,788,HOH,A,,,,1.9208628269608448,,,,,,,,,,,,,,,,,,,,,,,,,,,,Zn,,O,4.0,water,10.038074764577184,tetrahedral,2.0,HOH788:A
PDE4B_catalytic,10176710,ZN:A:529,metal_complexes,410,HIS,A,,,,2.527300733984766,,,,,,,,,,,,,,,,,,,,,,,,,,,,Zn,,N,4.0,protein.sidechain,10.038074764577184,tetrahedral,2.0,HIS410:A
PDE4B_catalytic,10176710,ZN:A:529,metal_complexes,410,HIS,A,,,,2.527300733984766,,,,,,,,,,,,,,,,,,,,,,,,,,,,Zn,,N,4.0,protein.sidechain,10.038074764577184,tetrahedral,2.0,HIS410:A
PDE4B_catalytic,10176710,ZN:A:529,metal_complexes,446,HIS,A,,,,2.4447742227044182,,,,,,,,,,,,,,,,,,,,,,,,,,,,Zn,,N,4.0,protein.sidechain,10.038074764577184,tetrahedral,2.0,HIS446:A
PDE4B_catalytic,10176710,UNL:Z:1,hydrophobic_contacts,618,PHE,A,,,,3.739253000266228,,,,,,,,,,,,,,,,,,,,,,,,,,,,,,,,,,,,PHE618:A
PDE4B_catalytic,10176710,UNL:Z:1,hydrophobic_contacts,618,PHE,A,,,,3.75745778419399,,,,,,,,,,,,,,,,,,,,,,,,,,,,,,,,,,,,PHE618:A
PDE4B_catalytic,10176710,UNL:Z:1,hydrophobic_contacts,618,PHE,A,,,,3.716994215760904,,,,,,,,,,,,,,,,,,,,,,,,,,,,,,,,,,,,PHE618:A
PDE4B_catalytic,10176710,UNL:Z:1,hydrophobic_contacts,618,PHE,A,,,,3.715882936799813,,,,,,,,,,,,,,,,,,,,,,,,,,,,,,,,,,,,PHE618:A
PDE4B_catalytic,10176710,UNL:Z:1,hydrophobic_contacts,519,MET,A,,,,3.645824323798391,,,,,,,,,,,,,,,,,,,,,,,,,,,,,,,,,,,,MET519:A
PDE4B_catalytic,10176710,UNL:Z:1,hydrophobic_contacts,618,PHE,A,,,,3.734591543930875,,,,,,,,,,,,,,,,,,,,,,,,,,,,,,,,,,,,PHE618:A
PDE4B_catalytic,10176710,UNL:Z:1,hbonds_ldon,564,ASP,A,,,,,,,True,,,,False,,,,,,,,,,,,,,170.62528971398257,,strong,,,,,,,,,,,,,ASP564:A
PDE4B_catalytic,10176710,UNL:Z:1,hbonds_pdon,406,HIS,A,,,,,,,True,,,,True,,,,,,,,,,,,,,157.38215741747945,,strong,,,,,,,,,,,,,HIS406:A
PDE4B_catalytic,10176710,UNL:Z:1,hbonds_pdon,406,HIS,A,,,,,,,True,,,,True,,,,,,,,,,,,,,157.38215741747945,,strong,,,,,,,,,,,,,HIS406:A
PDE4B_catalytic,10176710,UNL:Z:1,water_bridges,450,HIS,A,,,,,,,,,,,False,,,,,,,,,,,,,,,,first_deg,,,,,,,,,,,,,HIS450:A
PDE4B_catalytic,10176710,UNL:Z:1,water_bridges,450,HIS,A,,,,,,,,,,,True,,,,,,,,,,,,,,,,first_deg,,,,,,,,,,,,,HIS450:A
PDE4B_catalytic,10176710,UNL:Z:1,water_bridges,405,TYR,A,,,,,,,,,,,True,,,,,,,,,,,,,,,,first_deg,,,,,,,,,,,,,TYR405:A
PDE4B_catalytic,10176710,UNL:Z:1,water_bridges,446,HIS,A,,,,,,,,,,,True,,,,,,,,,,,,,,,,first_deg,,,,,,,,,,,,,HIS446:A
PDE4B_catalytic,10176710,UNL:Z:1,water_bridges,564,ASP,A,,,,,,,,,,,True,,,,,,,,,,,,,,,,first_deg,,,,,,,,,,,,,ASP564:A
PDE4B_catalytic,6262,MG:A:804,metal_complexes,788,HOH,A,,,,2.361782377781666,,,,,,,,,,,,,,,,,,,,,,,,,,,,Mg,,O,3.0,water,79.83391049084504,trigonal.pyramidal,1.0,HOH788:A
PDE4B_catalytic,6262,MG:A:804,metal_complexes,447,ASP,A,,,,2.615302085801945,,,,,,,,,,,,,,,,,,,,,,,,,,,,Mg,,O,3.0,protein.sidechain,79.83391049084504,trigonal.pyramidal,1.0,ASP447:A
PDE4B_catalytic,6262,MG:A:804,metal_complexes,447,ASP,A,,,,2.615302085801945,,,,,,,,,,,,,,,,,,,,,,,,,,,,Mg,,O,3.0,protein.sidechain,79.83391049084504,trigonal.pyramidal,1.0,ASP447:A
PDE4B_catalytic,6262,MG:A:804,metal_complexes,788,HOH,A,,,,2.361782377781666,,,,,,,,,,,,,,,,,,,,,,,,,,,,Mg,,O,3.0,water,79.83391049084504,trigonal.pyramidal,2.0,HOH788:A
PDE4B_catalytic,6262,MG:A:804,metal_complexes,447,ASP,A,,,,2.615302085801945,,,,,,,,,,,,,,,,,,,,,,,,,,,,Mg,,O,3.0,protein.sidechain,79.83391049084504,trigonal.pyramidal,2.0,ASP447:A
PDE4B_catalytic,6262,MG:A:804,metal_complexes,447,ASP,A,,,,2.615302085801945,,,,,,,,,,,,,,,,,,,,,,,,,,,,Mg,,O,3.0,protein.sidechain,79.83391049084504,trigonal.pyramidal,2.0,ASP447:A
PDE4B_catalytic,6262,ZN:A:529,metal_complexes,788,HOH,A,,,,1.9208628269608448,,,,,,,,,,,,,,,,,,,,,,,,,,,,Zn,,O,4.0,water,10.038074764577184,tetrahedral,1.0,HOH788:A
PDE4B_catalytic,6262,ZN:A:529,metal_complexes,410,HIS,A,,,,2.527300733984766,,,,,,,,,,,,,,,,,,,,,,,,,,,,Zn,,N,4.0,protein.sidechain,10.038074764577184,tetrahedral,1.0,HIS410:A
PDE4B_catalytic,6262,ZN:A:529,metal_complexes,410,HIS,A,,,,2.527300733984766,,,,,,,,,,,,,,,,,,,,,,,,,,,,Zn,,N,4.0,protein.sidechain,10.038074764577184,tetrahedral,1.0,HIS410:A
PDE4B_catalytic,6262,ZN:A:529,metal_complexes,446,HIS,A,,,,2.4447742227044182,,,,,,,,,,,,,,,,,,,,,,,,,,,,Zn,,N,4.0,protein.sidechain,10.038074764577184,tetrahedral,1.0,HIS446:A
PDE4B_catalytic,6262,ZN:A:529,metal_complexes,788,HOH,A,,,,1.9208628269608448,,,,,,,,,,,,,,,,,,,,,,,,,,,,Zn,,O,4.0,water,10.038074764577184,tetrahedral,2.0,HOH788:A
PDE4B_catalytic,6262,ZN:A:529,metal_complexes,410,HIS,A,,,,2.527300733984766,,,,,,,,,,,,,,,,,,,,,,,,,,,,Zn,,N,4.0,protein.sidechain,10.038074764577184,tetrahedral,2.0,HIS410:A
PDE4B_catalytic,6262,ZN:A:529,metal_complexes,410,HIS,A,,,,2.527300733984766,,,,,,,,,,,,,,,,,,,,,,,,,,,,Zn,,N,4.0,protein.sidechain,10.038074764577184,tetrahedral,2.0,HIS410:A
PDE4B_catalytic,6262,ZN:A:529,metal_complexes,446,HIS,A,,,,2.4447742227044182,,,,,,,,,,,,,,,,,,,,,,,,,,,,Zn,,N,4.0,protein.sidechain,10.038074764577184,tetrahedral,2.0,HIS446:A
PDE4B_catalytic,6262,UNL:Z:1,hydrophobic_contacts,618,PHE,A,,,,3.7932990918196783,,,,,,,,,,,,,,,,,,,,,,,,,,,,,,,,,,,,PHE618:A
PDE4B_catalytic,6262,UNL:Z:1,hbonds_ldon,405,TYR,A,,,,,,,True,,,,False,,,,,,,,,,,,,,129.9578538948929,,strong,,,,,,,,,,,,,TYR405:A
PDE4B_catalytic,6262,UNL:Z:1,hbonds_ldon,405,TYR,A,,,,,,,True,,,,False,,,,,,,,,,,,,,125.36477475018974,,strong,,,,,,,,,,,,,TYR405:A
PDE4B_catalytic,6262,UNL:Z:1,hbonds_ldon,615,GLN,A,,,,,,,True,,,,False,,,,,,,,,,,,,,126.46096939501722,,strong,,,,,,,,,,,,,GLN615:A
PDE4B_catalytic,6262,UNL:Z:1,hbonds_pdon,405,TYR,A,,,,,,,True,,,,True,,,,,,,,,,,,,,105.04235388306938,,strong,,,,,,,,,,,,,TYR405:A
PDE4B_catalytic,6262,UNL:Z:1,hbonds_pdon,567,ASN,A,,,,,,,True,,,,True,,,,,,,,,,,,,,110.7798473423657,,strong,,,,,,,,,,,,,ASN567:A
PDE4B_catalytic,6262,UNL:Z:1,hbonds_pdon,567,ASN,A,,,,,,,True,,,,True,,,,,,,,,,,,,,136.71469924607558,,strong,,,,,,,,,,,,,ASN567:A
PDE4B_catalytic,6262,UNL:Z:1,hbonds_pdon,579,THR,A,,,,,,,False,,,,True,,,,,,,,,,,,,,161.87536728900247,,strong,,,,,,,,,,,,,THR579:A
PDE4B_catalytic,6262,UNL:Z:1,hbonds_pdon,615,GLN,A,,,,,,,True,,,,True,,,,,,,,,,,,,,109.4997334266126,,strong,,,,,,,,,,,,,GLN615:A
PDE4B_catalytic,6262,UNL:Z:1,hbonds_pdon,615,GLN,A,,,,,,,True,,,,True,,,,,,,,,,,,,,120.26613385276428,,strong,,,,,,,,,,,,,GLN615:A
PDE4B_catalytic,689043,MG:A:804,metal_complexes,788,HOH,A,,,,2.361782377781666,,,,,,,,,,,,,,,,,,,,,,,,,,,,Mg,,O,3.0,water,79.83391049084504,trigonal.pyramidal,1.0,HOH788:A
PDE4B_catalytic,689043,MG:A:804,metal_complexes,447,ASP,A,,,,2.615302085801945,,,,,,,,,,,,,,,,,,,,,,,,,,,,Mg,,O,3.0,protein.sidechain,79.83391049084504,trigonal.pyramidal,1.0,ASP447:A
PDE4B_catalytic,689043,MG:A:804,metal_complexes,447,ASP,A,,,,2.615302085801945,,,,,,,,,,,,,,,,,,,,,,,,,,,,Mg,,O,3.0,protein.sidechain,79.83391049084504,trigonal.pyramidal,1.0,ASP447:A
PDE4B_catalytic,689043,MG:A:804,metal_complexes,788,HOH,A,,,,2.361782377781666,,,,,,,,,,,,,,,,,,,,,,,,,,,,Mg,,O,3.0,water,79.83391049084504,trigonal.pyramidal,2.0,HOH788:A
PDE4B_catalytic,689043,MG:A:804,metal_complexes,447,ASP,A,,,,2.615302085801945,,,,,,,,,,,,,,,,,,,,,,,,,,,,Mg,,O,3.0,protein.sidechain,79.83391049084504,trigonal.pyramidal,2.0,ASP447:A
PDE4B_catalytic,689043,MG:A:804,metal_complexes,447,ASP,A,,,,2.615302085801945,,,,,,,,,,,,,,,,,,,,,,,,,,,,Mg,,O,3.0,protein.sidechain,79.83391049084504,trigonal.pyramidal,2.0,ASP447:A
PDE4B_catalytic,689043,ZN:A:529,metal_complexes,788,HOH,A,,,,1.9208628269608448,,,,,,,,,,,,,,,,,,,,,,,,,,,,Zn,,O,4.0,water,10.038074764577184,tetrahedral,1.0,HOH788:A
PDE4B_catalytic,689043,ZN:A:529,metal_complexes,410,HIS,A,,,,2.527300733984766,,,,,,,,,,,,,,,,,,,,,,,,,,,,Zn,,N,4.0,protein.sidechain,10.038074764577184,tetrahedral,1.0,HIS410:A
PDE4B_catalytic,689043,ZN:A:529,metal_complexes,410,HIS,A,,,,2.527300733984766,,,,,,,,,,,,,,,,,,,,,,,,,,,,Zn,,N,4.0,protein.sidechain,10.038074764577184,tetrahedral,1.0,HIS410:A
PDE4B_catalytic,689043,ZN:A:529,metal_complexes,446,HIS,A,,,,2.4447742227044182,,,,,,,,,,,,,,,,,,,,,,,,,,,,Zn,,N,4.0,protein.sidechain,10.038074764577184,tetrahedral,1.0,HIS446:A
PDE4B_catalytic,689043,ZN:A:529,metal_complexes,788,HOH,A,,,,1.9208628269608448,,,,,,,,,,,,,,,,,,,,,,,,,,,,Zn,,O,4.0,water,10.038074764577184,tetrahedral,2.0,HOH788:A
PDE4B_catalytic,689043,ZN:A:529,metal_complexes,410,HIS,A,,,,2.527300733984766,,,,,,,,,,,,,,,,,,,,,,,,,,,,Zn,,N,4.0,protein.sidechain,10.038074764577184,tetrahedral,2.0,HIS410:A
PDE4B_catalytic,689043,ZN:A:529,metal_complexes,410,HIS,A,,,,2.527300733984766,,,,,,,,,,,,,,,,,,,,,,,,,,,,Zn,,N,4.0,protein.sidechain,10.038074764577184,tetrahedral,2.0,HIS410:A
PDE4B_catalytic,689043,ZN:A:529,metal_complexes,446,HIS,A,,,,2.4447742227044182,,,,,,,,,,,,,,,,,,,,,,,,,,,,Zn,,N,4.0,protein.sidechain,10.038074764577184,tetrahedral,2.0,HIS446:A
PDE4B_catalytic,689043,UNL:A:1,hydrophobic_contacts,582,ILE,A,,,,3.93107847797523,,,,,,,,,,,,,,,,,,,,,,,,,,,,,,,,,,,,ILE582:A
PDE4B_catalytic,689043,UNL:A:1,hydrophobic_contacts,618,PHE,A,,,,3.500505963428715,,,,,,,,,,,,,,,,,,,,,,,,,,,,,,,,,,,,PHE618:A
PDE4B_catalytic,689043,UNL:A:1,hydrophobic_contacts,618,PHE,A,,,,3.747025887287144,,,,,,,,,,,,,,,,,,,,,,,,,,,,,,,,,,,,PHE618:A
PDE4B_catalytic,689043,UNL:A:1,hbonds_ldon,405,TYR,A,,,,,,,True,,,,False,,,,,,,,,,,,,,154.43610664146806,,strong,,,,,,,,,,,,,TYR405:A
PDE4B_catalytic,689043,UNL:A:1,hbonds_ldon,567,ASN,A,,,,,,,True,,,,False,,,,,,,,,,,,,,174.6793535354517,,strong,,,,,,,,,,,,,ASN567:A
PDE4B_catalytic,689043,UNL:A:1,hbonds_ldon,615,GLN,A,,,,,,,True,,,,False,,,,,,,,,,,,,,118.40307415635246,,strong,,,,,,,,,,,,,GLN615:A
PDE4B_catalytic,689043,UNL:A:1,hbonds_pdon,567,ASN,A,,,,,,,True,,,,True,,,,,,,,,,,,,,173.69066267928926,,strong,,,,,,,,,,,,,ASN567:A
PDE4B_catalytic,689043,UNL:A:1,hbonds_pdon,615,GLN,A,,,,,,,True,,,,True,,,,,,,,,,,,,,105.48298085086353,,strong,,,,,,,,,,,,,GLN615:A
PDE4B_catalytic,689043,UNL:A:1,hbonds_pdon,615,GLN,A,,,,,,,True,,,,True,,,,,,,,,,,,,,105.48298085086353,,strong,,,,,,,,,,,,,GLN615:A
PDE4B_catalytic,689043,UNL:A:1,hbonds_pdon,567,ASN,A,,,,,,,True,,,,True,,,,,,,,,,,,,,124.3966407144825,,strong,,,,,,,,,,,,,ASN567:A
PDE4B_catalytic,689043,UNL:A:1,water_bridges,565,LEU,A,,,,,,,,,,,True,,,,,,,,,,,,,,,,first_deg,,,,,,,,,,,,,LEU565:A
PDE4B_catalytic,689043,UNL:A:1,water_bridges,567,ASN,A,,,,,,,,,,,True,,,,,,,,,,,,,,,,first_deg,,,,,,,,,,,,,ASN567:A
PDE4B_catalytic,689043,UNL:A:1,water_bridges,615,GLN,A,,,,,,,,,,,True,,,,,,,,,,,,,,,,first_deg,,,,,,,,,,,,,GLN615:A
PDE4B_catalytic,689043,UNL:A:1,water_bridges,410,HIS,A,,,,,,,,,,,True,,,,,,,,,,,,,,,,first_deg,,,,,,,,,,,,,HIS410:A
PDE4B_catalytic,439435,MG:A:804,metal_complexes,788,HOH,A,,,,2.361782377781666,,,,,,,,,,,,,,,,,,,,,,,,,,,,Mg,,O,3.0,water,79.83391049084504,trigonal.pyramidal,1.0,HOH788:A
PDE4B_catalytic,439435,MG:A:804,metal_complexes,447,ASP,A,,,,2.615302085801945,,,,,,,,,,,,,,,,,,,,,,,,,,,,Mg,,O,3.0,protein.sidechain,79.83391049084504,trigonal.pyramidal,1.0,ASP447:A
PDE4B_catalytic,439435,MG:A:804,metal_complexes,447,ASP,A,,,,2.615302085801945,,,,,,,,,,,,,,,,,,,,,,,,,,,,Mg,,O,3.0,protein.sidechain,79.83391049084504,trigonal.pyramidal,1.0,ASP447:A
PDE4B_catalytic,439435,MG:A:804,metal_complexes,788,HOH,A,,,,2.361782377781666,,,,,,,,,,,,,,,,,,,,,,,,,,,,Mg,,O,3.0,water,79.83391049084504,trigonal.pyramidal,2.0,HOH788:A
PDE4B_catalytic,439435,MG:A:804,metal_complexes,447,ASP,A,,,,2.615302085801945,,,,,,,,,,,,,,,,,,,,,,,,,,,,Mg,,O,3.0,protein.sidechain,79.83391049084504,trigonal.pyramidal,2.0,ASP447:A
PDE4B_catalytic,439435,MG:A:804,metal_complexes,447,ASP,A,,,,2.615302085801945,,,,,,,,,,,,,,,,,,,,,,,,,,,,Mg,,O,3.0,protein.sidechain,79.83391049084504,trigonal.pyramidal,2.0,ASP447:A
PDE4B_catalytic,439435,ZN:A:529,metal_complexes,788,HOH,A,,,,1.9208628269608448,,,,,,,,,,,,,,,,,,,,,,,,,,,,Zn,,O,4.0,water,10.038074764577184,tetrahedral,1.0,HOH788:A
PDE4B_catalytic,439435,ZN:A:529,metal_complexes,410,HIS,A,,,,2.527300733984766,,,,,,,,,,,,,,,,,,,,,,,,,,,,Zn,,N,4.0,protein.sidechain,10.038074764577184,tetrahedral,1.0,HIS410:A
PDE4B_catalytic,439435,ZN:A:529,metal_complexes,410,HIS,A,,,,2.527300733984766,,,,,,,,,,,,,,,,,,,,,,,,,,,,Zn,,N,4.0,protein.sidechain,10.038074764577184,tetrahedral,1.0,HIS410:A
PDE4B_catalytic,439435,ZN:A:529,metal_complexes,446,HIS,A,,,,2.4447742227044182,,,,,,,,,,,,,,,,,,,,,,,,,,,,Zn,,N,4.0,protein.sidechain,10.038074764577184,tetrahedral,1.0,HIS446:A
PDE4B_catalytic,439435,ZN:A:529,metal_complexes,788,HOH,A,,,,1.9208628269608448,,,,,,,,,,,,,,,,,,,,,,,,,,,,Zn,,O,4.0,water,10.038074764577184,tetrahedral,2.0,HOH788:A
PDE4B_catalytic,439435,ZN:A:529,metal_complexes,410,HIS,A,,,,2.527300733984766,,,,,,,,,,,,,,,,,,,,,,,,,,,,Zn,,N,4.0,protein.sidechain,10.038074764577184,tetrahedral,2.0,HIS410:A
PDE4B_catalytic,439435,ZN:A:529,metal_complexes,410,HIS,A,,,,2.527300733984766,,,,,,,,,,,,,,,,,,,,,,,,,,,,Zn,,N,4.0,protein.sidechain,10.038074764577184,tetrahedral,2.0,HIS410:A
PDE4B_catalytic,439435,ZN:A:529,metal_complexes,446,HIS,A,,,,2.4447742227044182,,,,,,,,,,,,,,,,,,,,,,,,,,,,Zn,,N,4.0,protein.sidechain,10.038074764577184,tetrahedral,2.0,HIS446:A
PDE4B_catalytic,439435,UNL:Z:1,hydrophobic_contacts,618,PHE,A,,,,3.559526653924647,,,,,,,,,,,,,,,,,,,,,,,,,,,,,,,,,,,,PHE618:A
PDE4B_catalytic,439435,UNL:Z:1,hydrophobic_contacts,618,PHE,A,,,,3.801814961304668,,,,,,,,,,,,,,,,,,,,,,,,,,,,,,,,,,,,PHE618:A
PDE4B_catalytic,439435,UNL:Z:1,hbonds_ldon,405,TYR,A,,,,,,,True,,,,False,,,,,,,,,,,,,,141.74318498388263,,strong,,,,,,,,,,,,,TYR405:A
PDE4B_catalytic,439435,UNL:Z:1,hbonds_ldon,564,ASP,A,,,,,,,True,,,,False,,,,,,,,,,,,,,146.14537627916187,,strong,,,,,,,,,,,,,ASP564:A
PDE4B_catalytic,439435,UNL:Z:1,hbonds_ldon,564,ASP,A,,,,,,,True,,,,False,,,,,,,,,,,,,,156.8950013190033,,strong,,,,,,,,,,,,,ASP564:A
PDE4B_catalytic,439435,UNL:Z:1,hbonds_ldon,575,TYR,A,,,,,,,True,,,,False,,,,,,,,,,,,,,104.23805694101812,,strong,,,,,,,,,,,,,TYR575:A
PDE4B_catalytic,439435,UNL:Z:1,hbonds_pdon,575,TYR,A,,,,,,,True,,,,True,,,,,,,,,,,,,,137.355404061093,,strong,,,,,,,,,,,,,TYR575:A
PDE4B_catalytic,439435,UNL:Z:1,hbonds_pdon,615,GLN,A,,,,,,,True,,,,True,,,,,,,,,,,,,,135.03910996050973,,strong,,,,,,,,,,,,,GLN615:A
PDE4B_catalytic,439435,UNL:Z:1,hbonds_pdon,575,TYR,A,,,,,,,True,,,,True,,,,,,,,,,,,,,137.355404061093,,strong,,,,,,,,,,,,,TYR575:A
PDE4B_catalytic,439435,UNL:Z:1,hbonds_pdon,615,GLN,A,,,,,,,True,,,,True,,,,,,,,,,,,,,115.99348120000964,,strong,,,,,,,,,,,,,GLN615:A
PDE4B_catalytic,439435,UNL:Z:1,hbonds_pdon,405,TYR,A,,,,,,,True,,,,True,,,,,,,,,,,,,,144.9275945320376,,strong,,,,,,,,,,,,,TYR405:A
PDE4B_catalytic,439435,UNL:Z:1,hbonds_pdon,567,ASN,A,,,,,,,True,,,,True,,,,,,,,,,,,,,107.10821081283144,,strong,,,,,,,,,,,,,ASN567:A
PDE4B_catalytic,439435,UNL:Z:1,hbonds_pdon,579,THR,A,,,,,,,False,,,,True,,,,,,,,,,,,,,125.32406254780965,,strong,,,,,,,,,,,,,THR579:A
PDE4B_catalytic,439435,UNL:Z:1,hbonds_pdon,567,ASN,A,,,,,,,True,,,,True,,,,,,,,,,,,,,104.30694257059324,,strong,,,,,,,,,,,,,ASN567:A
PDE4B_catalytic,439435,UNL:Z:1,hbonds_pdon,579,THR,A,,,,,,,False,,,,True,,,,,,,,,,,,,,147.43953950063178,,strong,,,,,,,,,,,,,THR579:A
PDE4B_catalytic,439435,UNL:Z:1,water_bridges,566,SER,A,,,,,,,,,,,True,,,,,,,,,,,,,,,,first_deg,,,,,,,,,,,,,SER566:A
PDE4B_catalytic,439435,UNL:Z:1,water_bridges,564,ASP,A,,,,,,,,,,,True,,,,,,,,,,,,,,,,first_deg,,,,,,,,,,,,,ASP564:A
PDE4B_catalytic,439435,UNL:Z:1,water_bridges,405,TYR,A,,,,,,,,,,,True,,,,,,,,,,,,,,,,first_deg,,,,,,,,,,,,,TYR405:A
PDE4B_catalytic,348154,MG:A:804,metal_complexes,788,HOH,A,,,,2.361782377781666,,,,,,,,,,,,,,,,,,,,,,,,,,,,Mg,,O,3.0,water,79.83391049084504,trigonal.pyramidal,1.0,HOH788:A
PDE4B_catalytic,348154,MG:A:804,metal_complexes,447,ASP,A,,,,2.615302085801945,,,,,,,,,,,,,,,,,,,,,,,,,,,,Mg,,O,3.0,protein.sidechain,79.83391049084504,trigonal.pyramidal,1.0,ASP447:A
PDE4B_catalytic,348154,MG:A:804,metal_complexes,447,ASP,A,,,,2.615302085801945,,,,,,,,,,,,,,,,,,,,,,,,,,,,Mg,,O,3.0,protein.sidechain,79.83391049084504,trigonal.pyramidal,1.0,ASP447:A
PDE4B_catalytic,348154,MG:A:804,metal_complexes,788,HOH,A,,,,2.361782377781666,,,,,,,,,,,,,,,,,,,,,,,,,,,,Mg,,O,3.0,water,79.83391049084504,trigonal.pyramidal,2.0,HOH788:A
PDE4B_catalytic,348154,MG:A:804,metal_complexes,447,ASP,A,,,,2.615302085801945,,,,,,,,,,,,,,,,,,,,,,,,,,,,Mg,,O,3.0,protein.sidechain,79.83391049084504,trigonal.pyramidal,2.0,ASP447:A
PDE4B_catalytic,348154,MG:A:804,metal_complexes,447,ASP,A,,,,2.615302085801945,,,,,,,,,,,,,,,,,,,,,,,,,,,,Mg,,O,3.0,protein.sidechain,79.83391049084504,trigonal.pyramidal,2.0,ASP447:A
PDE4B_catalytic,348154,ZN:A:529,metal_complexes,788,HOH,A,,,,1.9208628269608448,,,,,,,,,,,,,,,,,,,,,,,,,,,,Zn,,O,4.0,water,10.038074764577184,tetrahedral,1.0,HOH788:A
PDE4B_catalytic,348154,ZN:A:529,metal_complexes,410,HIS,A,,,,2.527300733984766,,,,,,,,,,,,,,,,,,,,,,,,,,,,Zn,,N,4.0,protein.sidechain,10.038074764577184,tetrahedral,1.0,HIS410:A
PDE4B_catalytic,348154,ZN:A:529,metal_complexes,410,HIS,A,,,,2.527300733984766,,,,,,,,,,,,,,,,,,,,,,,,,,,,Zn,,N,4.0,protein.sidechain,10.038074764577184,tetrahedral,1.0,HIS410:A
PDE4B_catalytic,348154,ZN:A:529,metal_complexes,446,HIS,A,,,,2.4447742227044182,,,,,,,,,,,,,,,,,,,,,,,,,,,,Zn,,N,4.0,protein.sidechain,10.038074764577184,tetrahedral,1.0,HIS446:A
PDE4B_catalytic,348154,ZN:A:529,metal_complexes,788,HOH,A,,,,1.9208628269608448,,,,,,,,,,,,,,,,,,,,,,,,,,,,Zn,,O,4.0,water,10.038074764577184,tetrahedral,2.0,HOH788:A
PDE4B_catalytic,348154,ZN:A:529,metal_complexes,410,HIS,A,,,,2.527300733984766,,,,,,,,,,,,,,,,,,,,,,,,,,,,Zn,,N,4.0,protein.sidechain,10.038074764577184,tetrahedral,2.0,HIS410:A
PDE4B_catalytic,348154,ZN:A:529,metal_complexes,410,HIS,A,,,,2.527300733984766,,,,,,,,,,,,,,,,,,,,,,,,,,,,Zn,,N,4.0,protein.sidechain,10.038074764577184,tetrahedral,2.0,HIS410:A
PDE4B_catalytic,348154,ZN:A:529,metal_complexes,446,HIS,A,,,,2.4447742227044182,,,,,,,,,,,,,,,,,,,,,,,,,,,,Zn,,N,4.0,protein.sidechain,10.038074764577184,tetrahedral,2.0,HIS446:A
PDE4B_catalytic,348154,UNL:Z:1,hydrophobic_contacts,618,PHE,A,,,,3.5289964579183124,,,,,,,,,,,,,,,,,,,,,,,,,,,,,,,,,,,,PHE618:A
PDE4B_catalytic,348154,UNL:Z:1,hydrophobic_contacts,618,PHE,A,,,,3.859474705189813,,,,,,,,,,,,,,,,,,,,,,,,,,,,,,,,,,,,PHE618:A
PDE4B_catalytic,348154,UNL:Z:1,hbonds_ldon,405,TYR,A,,,,,,,True,,,,False,,,,,,,,,,,,,,128.4570864044296,,strong,,,,,,,,,,,,,TYR405:A
PDE4B_catalytic,348154,UNL:Z:1,hbonds_ldon,564,ASP,A,,,,,,,False,,,,False,,,,,,,,,,,,,,124.9982149454696,,strong,,,,,,,,,,,,,ASP564:A
PDE4B_catalytic,348154,UNL:Z:1,hbonds_ldon,564,ASP,A,,,,,,,True,,,,False,,,,,,,,,,,,,,125.62194037118655,,strong,,,,,,,,,,,,,ASP564:A
PDE4B_catalytic,348154,UNL:Z:1,hbonds_pdon,564,ASP,A,,,,,,,True,,,,True,,,,,,,,,,,,,,165.72696588692915,,strong,,,,,,,,,,,,,ASP564:A
PDE4B_catalytic,348154,UNL:Z:1,hbonds_pdon,567,ASN,A,,,,,,,True,,,,True,,,,,,,,,,,,,,144.40728107807786,,strong,,,,,,,,,,,,,ASN567:A
PDE4B_catalytic,348154,UNL:Z:1,hbonds_pdon,567,ASN,A,,,,,,,True,,,,True,,,,,,,,,,,,,,111.1754827618726,,strong,,,,,,,,,,,,,ASN567:A
PDE4B_catalytic,348154,UNL:Z:1,hbonds_pdon,579,THR,A,,,,,,,True,,,,True,,,,,,,,,,,,,,127.86197632121522,,strong,,,,,,,,,,,,,THR579:A
PDE4B_catalytic,348154,UNL:Z:1,hbonds_pdon,615,GLN,A,,,,,,,True,,,,True,,,,,,,,,,,,,,116.1160340876029,,strong,,,,,,,,,,,,,GLN615:A
PDE4B_catalytic,348154,UNL:Z:1,water_bridges,566,SER,A,,,,,,,,,,,True,,,,,,,,,,,,,,,,first_deg,,,,,,,,,,,,,SER566:A
PDE4B_catalytic,348154,UNL:Z:1,water_bridges,405,TYR,A,,,,,,,,,,,True,,,,,,,,,,,,,,,,first_deg,,,,,,,,,,,,,TYR405:A
PDE4B_catalytic,348154,UNL:Z:1,water_bridges,405,TYR,A,,,,,,,,,,,True,,,,,,,,,,,,,,,,first_deg,,,,,,,,,,,,,TYR405:A
PDE4B_catalytic,10394,MG:A:804,metal_complexes,788,HOH,A,,,,2.361782377781666,,,,,,,,,,,,,,,,,,,,,,,,,,,,Mg,,O,3.0,water,79.83391049084504,trigonal.pyramidal,1.0,HOH788:A
PDE4B_catalytic,10394,MG:A:804,metal_complexes,447,ASP,A,,,,2.615302085801945,,,,,,,,,,,,,,,,,,,,,,,,,,,,Mg,,O,3.0,protein.sidechain,79.83391049084504,trigonal.pyramidal,1.0,ASP447:A
PDE4B_catalytic,10394,MG:A:804,metal_complexes,447,ASP,A,,,,2.615302085801945,,,,,,,,,,,,,,,,,,,,,,,,,,,,Mg,,O,3.0,protein.sidechain,79.83391049084504,trigonal.pyramidal,1.0,ASP447:A
PDE4B_catalytic,10394,MG:A:804,metal_complexes,788,HOH,A,,,,2.361782377781666,,,,,,,,,,,,,,,,,,,,,,,,,,,,Mg,,O,3.0,water,79.83391049084504,trigonal.pyramidal,2.0,HOH788:A
PDE4B_catalytic,10394,MG:A:804,metal_complexes,447,ASP,A,,,,2.615302085801945,,,,,,,,,,,,,,,,,,,,,,,,,,,,Mg,,O,3.0,protein.sidechain,79.83391049084504,trigonal.pyramidal,2.0,ASP447:A
PDE4B_catalytic,10394,MG:A:804,metal_complexes,447,ASP,A,,,,2.615302085801945,,,,,,,,,,,,,,,,,,,,,,,,,,,,Mg,,O,3.0,protein.sidechain,79.83391049084504,trigonal.pyramidal,2.0,ASP447:A
PDE4B_catalytic,10394,ZN:A:529,metal_complexes,788,HOH,A,,,,1.9208628269608448,,,,,,,,,,,,,,,,,,,,,,,,,,,,Zn,,O,4.0,water,10.038074764577184,tetrahedral,1.0,HOH788:A
PDE4B_catalytic,10394,ZN:A:529,metal_complexes,410,HIS,A,,,,2.527300733984766,,,,,,,,,,,,,,,,,,,,,,,,,,,,Zn,,N,4.0,protein.sidechain,10.038074764577184,tetrahedral,1.0,HIS410:A
PDE4B_catalytic,10394,ZN:A:529,metal_complexes,410,HIS,A,,,,2.527300733984766,,,,,,,,,,,,,,,,,,,,,,,,,,,,Zn,,N,4.0,protein.sidechain,10.038074764577184,tetrahedral,1.0,HIS410:A
PDE4B_catalytic,10394,ZN:A:529,metal_complexes,446,HIS,A,,,,2.4447742227044182,,,,,,,,,,,,,,,,,,,,,,,,,,,,Zn,,N,4.0,protein.sidechain,10.038074764577184,tetrahedral,1.0,HIS446:A
PDE4B_catalytic,10394,ZN:A:529,metal_complexes,788,HOH,A,,,,1.9208628269608448,,,,,,,,,,,,,,,,,,,,,,,,,,,,Zn,,O,4.0,water,10.038074764577184,tetrahedral,2.0,HOH788:A
PDE4B_catalytic,10394,ZN:A:529,metal_complexes,410,HIS,A,,,,2.527300733984766,,,,,,,,,,,,,,,,,,,,,,,,,,,,Zn,,N,4.0,protein.sidechain,10.038074764577184,tetrahedral,2.0,HIS410:A
PDE4B_catalytic,10394,ZN:A:529,metal_complexes,410,HIS,A,,,,2.527300733984766,,,,,,,,,,,,,,,,,,,,,,,,,,,,Zn,,N,4.0,protein.sidechain,10.038074764577184,tetrahedral,2.0,HIS410:A
PDE4B_catalytic,10394,ZN:A:529,metal_complexes,446,HIS,A,,,,2.4447742227044182,,,,,,,,,,,,,,,,,,,,,,,,,,,,Zn,,N,4.0,protein.sidechain,10.038074764577184,tetrahedral,2.0,HIS446:A
PDE4B_catalytic,10394,UNL:A:1,hydrophobic_contacts,586,PHE,A,,,,3.5666934266908963,,,,,,,,,,,,,,,,,,,,,,,,,,,,,,,,,,,,PHE586:A
PDE4B_catalytic,10394,UNL:A:1,hydrophobic_contacts,618,PHE,A,,,,3.751899518910385,,,,,,,,,,,,,,,,,,,,,,,,,,,,,,,,,,,,PHE618:A
PDE4B_catalytic,10394,UNL:A:1,hydrophobic_contacts,618,PHE,A,,,,3.676484870089906,,,,,,,,,,,,,,,,,,,,,,,,,,,,,,,,,,,,PHE618:A
PDE4B_catalytic,10394,UNL:A:1,hydrophobic_contacts,618,PHE,A,,,,3.598796743357424,,,,,,,,,,,,,,,,,,,,,,,,,,,,,,,,,,,,PHE618:A
PDE4B_catalytic,10394,UNL:A:1,hbonds_ldon,567,ASN,A,,,,,,,True,,,,False,,,,,,,,,,,,,,124.37454291181416,,strong,,,,,,,,,,,,,ASN567:A
PDE4B_catalytic,10394,UNL:A:1,hbonds_pdon,567,ASN,A,,,,,,,True,,,,True,,,,,,,,,,,,,,108.07274328383188,,strong,,,,,,,,,,,,,ASN567:A
PDE4B_catalytic,10394,UNL:A:1,hbonds_pdon,615,GLN,A,,,,,,,True,,,,True,,,,,,,,,,,,,,101.65510823942556,,strong,,,,,,,,,,,,,GLN615:A
PDE4B_catalytic,10394,UNL:A:1,water_bridges,565,LEU,A,,,,,,,,,,,True,,,,,,,,,,,,,,,,first_deg,,,,,,,,,,,,,LEU565:A
PDE4B_catalytic,10394,UNL:A:1,water_bridges,615,GLN,A,,,,,,,,,,,True,,,,,,,,,,,,,,,,first_deg,,,,,,,,,,,,,GLN615:A
PDE4B_catalytic,10394,UNL:A:1,water_bridges,615,GLN,A,,,,,,,,,,,True,,,,,,,,,,,,,,,,first_deg,,,,,,,,,,,,,GLN615:A
PDE4B_catalytic,10394,UNL:A:1,water_bridges,410,HIS,A,,,,,,,,,,,True,,,,,,,,,,,,,,,,first_deg,,,,,,,,,,,,,HIS410:A
PDE4B_catalytic,107,MG:A:804,metal_complexes,788,HOH,A,,,,2.361782377781666,,,,,,,,,,,,,,,,,,,,,,,,,,,,Mg,,O,3.0,water,79.83391049084504,trigonal.pyramidal,1.0,HOH788:A
PDE4B_catalytic,107,MG:A:804,metal_complexes,447,ASP,A,,,,2.615302085801945,,,,,,,,,,,,,,,,,,,,,,,,,,,,Mg,,O,3.0,protein.sidechain,79.83391049084504,trigonal.pyramidal,1.0,ASP447:A
PDE4B_catalytic,107,MG:A:804,metal_complexes,447,ASP,A,,,,2.615302085801945,,,,,,,,,,,,,,,,,,,,,,,,,,,,Mg,,O,3.0,protein.sidechain,79.83391049084504,trigonal.pyramidal,1.0,ASP447:A
PDE4B_catalytic,107,MG:A:804,metal_complexes,788,HOH,A,,,,2.361782377781666,,,,,,,,,,,,,,,,,,,,,,,,,,,,Mg,,O,3.0,water,79.83391049084504,trigonal.pyramidal,2.0,HOH788:A
PDE4B_catalytic,107,MG:A:804,metal_complexes,447,ASP,A,,,,2.615302085801945,,,,,,,,,,,,,,,,,,,,,,,,,,,,Mg,,O,3.0,protein.sidechain,79.83391049084504,trigonal.pyramidal,2.0,ASP447:A
PDE4B_catalytic,107,MG:A:804,metal_complexes,447,ASP,A,,,,2.615302085801945,,,,,,,,,,,,,,,,,,,,,,,,,,,,Mg,,O,3.0,protein.sidechain,79.83391049084504,trigonal.pyramidal,2.0,ASP447:A
PDE4B_catalytic,107,ZN:A:529,metal_complexes,788,HOH,A,,,,1.9208628269608448,,,,,,,,,,,,,,,,,,,,,,,,,,,,Zn,,O,4.0,water,10.038074764577184,tetrahedral,1.0,HOH788:A
PDE4B_catalytic,107,ZN:A:529,metal_complexes,410,HIS,A,,,,2.527300733984766,,,,,,,,,,,,,,,,,,,,,,,,,,,,Zn,,N,4.0,protein.sidechain,10.038074764577184,tetrahedral,1.0,HIS410:A
PDE4B_catalytic,107,ZN:A:529,metal_complexes,410,HIS,A,,,,2.527300733984766,,,,,,,,,,,,,,,,,,,,,,,,,,,,Zn,,N,4.0,protein.sidechain,10.038074764577184,tetrahedral,1.0,HIS410:A
PDE4B_catalytic,107,ZN:A:529,metal_complexes,446,HIS,A,,,,2.4447742227044182,,,,,,,,,,,,,,,,,,,,,,,,,,,,Zn,,N,4.0,protein.sidechain,10.038074764577184,tetrahedral,1.0,HIS446:A
PDE4B_catalytic,107,ZN:A:529,metal_complexes,788,HOH,A,,,,1.9208628269608448,,,,,,,,,,,,,,,,,,,,,,,,,,,,Zn,,O,4.0,water,10.038074764577184,tetrahedral,2.0,HOH788:A
PDE4B_catalytic,107,ZN:A:529,metal_complexes,410,HIS,A,,,,2.527300733984766,,,,,,,,,,,,,,,,,,,,,,,,,,,,Zn,,N,4.0,protein.sidechain,10.038074764577184,tetrahedral,2.0,HIS410:A
PDE4B_catalytic,107,ZN:A:529,metal_complexes,410,HIS,A,,,,2.527300733984766,,,,,,,,,,,,,,,,,,,,,,,,,,,,Zn,,N,4.0,protein.sidechain,10.038074764577184,tetrahedral,2.0,HIS410:A
PDE4B_catalytic,107,ZN:A:529,metal_complexes,446,HIS,A,,,,2.4447742227044182,,,,,,,,,,,,,,,,,,,,,,,,,,,,Zn,,N,4.0,protein.sidechain,10.038074764577184,tetrahedral,2.0,HIS446:A
PDE4B_catalytic,107,UNL:Z:1,hydrophobic_contacts,618,PHE,A,,,,3.7426141933146138,,,,,,,,,,,,,,,,,,,,,,,,,,,,,,,,,,,,PHE618:A
PDE4B_catalytic,107,UNL:Z:1,hydrophobic_contacts,618,PHE,A,,,,3.750420109801031,,,,,,,,,,,,,,,,,,,,,,,,,,,,,,,,,,,,PHE618:A
PDE4B_catalytic,107,UNL:Z:1,hydrophobic_contacts,618,PHE,A,,,,3.7628206175686896,,,,,,,,,,,,,,,,,,,,,,,,,,,,,,,,,,,,PHE618:A
PDE4B_catalytic,107,UNL:Z:1,hydrophobic_contacts,618,PHE,A,,,,3.7888832127686394,,,,,,,,,,,,,,,,,,,,,,,,,,,,,,,,,,,,PHE618:A
PDE4B_catalytic,107,UNL:Z:1,hydrophobic_contacts,618,PHE,A,,,,3.7610132943131145,,,,,,,,,,,,,,,,,,,,,,,,,,,,,,,,,,,,PHE618:A
PDE4B_catalytic,107,UNL:Z:1,hbonds_ldon,405,TYR,A,,,,,,,True,,,,False,,,,,,,,,,,,,,138.1416118614381,,strong,,,,,,,,,,,,,TYR405:A
PDE4B_catalytic,107,UNL:Z:1,hbonds_pdon,567,ASN,A,,,,,,,True,,,,True,,,,,,,,,,,,,,109.75485811892106,,strong,,,,,,,,,,,,,ASN567:A
PDE4B_catalytic,107,UNL:Z:1,hbonds_pdon,567,ASN,A,,,,,,,True,,,,True,,,,,,,,,,,,,,109.75485811892106,,strong,,,,,,,,,,,,,ASN567:A
PDE4B_catalytic,107,UNL:Z:1,hbonds_pdon,615,GLN,A,,,,,,,True,,,,True,,,,,,,,,,,,,,132.9062393608235,,strong,,,,,,,,,,,,,GLN615:A
PDE4B_catalytic,107,UNL:Z:1,hbonds_pdon,579,THR,A,,,,,,,False,,,,True,,,,,,,,,,,,,,121.2140562332664,,strong,,,,,,,,,,,,,THR579:A
PDE4B_catalytic,107,UNL:Z:1,hbonds_pdon,579,THR,A,,,,,,,True,,,,True,,,,,,,,,,,,,,140.06420548764427,,strong,,,,,,,,,,,,,THR579:A
PDE4B_catalytic,107,UNL:Z:1,hbonds_pdon,615,GLN,A,,,,,,,True,,,,True,,,,,,,,,,,,,,107.80247672672331,,strong,,,,,,,,,,,,,GLN615:A
PDE4B_catalytic,m2,MG:A:804,metal_complexes,788,HOH,A,,,,2.361782377781666,,,,,,,,,,,,,,,,,,,,,,,,,,,,Mg,,O,3.0,water,79.83391049084504,trigonal.pyramidal,1.0,HOH788:A
PDE4B_catalytic,m2,MG:A:804,metal_complexes,447,ASP,A,,,,2.615302085801945,,,,,,,,,,,,,,,,,,,,,,,,,,,,Mg,,O,3.0,protein.sidechain,79.83391049084504,trigonal.pyramidal,1.0,ASP447:A
PDE4B_catalytic,m2,MG:A:804,metal_complexes,447,ASP,A,,,,2.615302085801945,,,,,,,,,,,,,,,,,,,,,,,,,,,,Mg,,O,3.0,protein.sidechain,79.83391049084504,trigonal.pyramidal,1.0,ASP447:A
PDE4B_catalytic,m2,MG:A:804,metal_complexes,788,HOH,A,,,,2.361782377781666,,,,,,,,,,,,,,,,,,,,,,,,,,,,Mg,,O,3.0,water,79.83391049084504,trigonal.pyramidal,2.0,HOH788:A
PDE4B_catalytic,m2,MG:A:804,metal_complexes,447,ASP,A,,,,2.615302085801945,,,,,,,,,,,,,,,,,,,,,,,,,,,,Mg,,O,3.0,protein.sidechain,79.83391049084504,trigonal.pyramidal,2.0,ASP447:A
PDE4B_catalytic,m2,MG:A:804,metal_complexes,447,ASP,A,,,,2.615302085801945,,,,,,,,,,,,,,,,,,,,,,,,,,,,Mg,,O,3.0,protein.sidechain,79.83391049084504,trigonal.pyramidal,2.0,ASP447:A
PDE4B_catalytic,m2,ZN:A:529,metal_complexes,788,HOH,A,,,,1.9208628269608448,,,,,,,,,,,,,,,,,,,,,,,,,,,,Zn,,O,4.0,water,10.038074764577184,tetrahedral,1.0,HOH788:A
PDE4B_catalytic,m2,ZN:A:529,metal_complexes,410,HIS,A,,,,2.527300733984766,,,,,,,,,,,,,,,,,,,,,,,,,,,,Zn,,N,4.0,protein.sidechain,10.038074764577184,tetrahedral,1.0,HIS410:A
PDE4B_catalytic,m2,ZN:A:529,metal_complexes,410,HIS,A,,,,2.527300733984766,,,,,,,,,,,,,,,,,,,,,,,,,,,,Zn,,N,4.0,protein.sidechain,10.038074764577184,tetrahedral,1.0,HIS410:A
PDE4B_catalytic,m2,ZN:A:529,metal_complexes,446,HIS,A,,,,2.4447742227044182,,,,,,,,,,,,,,,,,,,,,,,,,,,,Zn,,N,4.0,protein.sidechain,10.038074764577184,tetrahedral,1.0,HIS446:A
PDE4B_catalytic,m2,ZN:A:529,metal_complexes,788,HOH,A,,,,1.9208628269608448,,,,,,,,,,,,,,,,,,,,,,,,,,,,Zn,,O,4.0,water,10.038074764577184,tetrahedral,2.0,HOH788:A
PDE4B_catalytic,m2,ZN:A:529,metal_complexes,410,HIS,A,,,,2.527300733984766,,,,,,,,,,,,,,,,,,,,,,,,,,,,Zn,,N,4.0,protein.sidechain,10.038074764577184,tetrahedral,2.0,HIS410:A
PDE4B_catalytic,m2,ZN:A:529,metal_complexes,410,HIS,A,,,,2.527300733984766,,,,,,,,,,,,,,,,,,,,,,,,,,,,Zn,,N,4.0,protein.sidechain,10.038074764577184,tetrahedral,2.0,HIS410:A
PDE4B_catalytic,m2,ZN:A:529,metal_complexes,446,HIS,A,,,,2.4447742227044182,,,,,,,,,,,,,,,,,,,,,,,,,,,,Zn,,N,4.0,protein.sidechain,10.038074764577184,tetrahedral,2.0,HIS446:A
PDE4B_catalytic,m2,UNL:Z:1,hydrophobic_contacts,582,ILE,A,,,,3.6537816026686665,,,,,,,,,,,,,,,,,,,,,,,,,,,,,,,,,,,,ILE582:A
PDE4B_catalytic,m2,UNL:Z:1,hydrophobic_contacts,618,PHE,A,,,,3.867949456753539,,,,,,,,,,,,,,,,,,,,,,,,,,,,,,,,,,,,PHE618:A
PDE4B_catalytic,m2,UNL:Z:1,hydrophobic_contacts,618,PHE,A,,,,3.4689181310604607,,,,,,,,,,,,,,,,,,,,,,,,,,,,,,,,,,,,PHE618:A
PDE4B_catalytic,m2,UNL:Z:1,hydrophobic_contacts,618,PHE,A,,,,3.8489372559188353,,,,,,,,,,,,,,,,,,,,,,,,,,,,,,,,,,,,PHE618:A
PDE4B_catalytic,m2,UNL:Z:1,hydrophobic_contacts,618,PHE,A,,,,3.9478933622882986,,,,,,,,,,,,,,,,,,,,,,,,,,,,,,,,,,,,PHE618:A
PDE4B_catalytic,m2,UNL:Z:1,hbonds_ldon,405,TYR,A,,,,,,,True,,,,False,,,,,,,,,,,,,,113.33645650712027,,strong,,,,,,,,,,,,,TYR405:A
PDE4B_catalytic,m2,UNL:Z:1,hbonds_ldon,615,GLN,A,,,,,,,True,,,,False,,,,,,,,,,,,,,104.32077415372562,,strong,,,,,,,,,,,,,GLN615:A
PDE4B_catalytic,m2,UNL:Z:1,hbonds_pdon,567,ASN,A,,,,,,,True,,,,True,,,,,,,,,,,,,,135.42344072573226,,strong,,,,,,,,,,,,,ASN567:A
PDE4B_catalytic,m2,UNL:Z:1,hbonds_pdon,567,ASN,A,,,,,,,True,,,,True,,,,,,,,,,,,,,115.65854759026088,,strong,,,,,,,,,,,,,ASN567:A
PDE4B_catalytic,m2,UNL:Z:1,hbonds_pdon,578,TRP,A,,,,,,,False,,,,True,,,,,,,,,,,,,,103.330319031471,,strong,,,,,,,,,,,,,TRP578:A
PDE4B_catalytic,m2,UNL:Z:1,hbonds_pdon,579,THR,A,,,,,,,False,,,,True,,,,,,,,,,,,,,106.14210509902249,,strong,,,,,,,,,,,,,THR579:A
PDE4B_catalytic,m2,UNL:Z:1,hbonds_pdon,615,GLN,A,,,,,,,True,,,,True,,,,,,,,,,,,,,101.28170732565628,,strong,,,,,,,,,,,,,GLN615:A
PDE4B_catalytic,m2,UNL:Z:1,water_bridges,615,GLN,A,,,,,,,,,,,True,,,,,,,,,,,,,,,,first_deg,,,,,,,,,,,,,GLN615:A
PDE4B_catalytic,m2,UNL:Z:1,water_bridges,410,HIS,A,,,,,,,,,,,True,,,,,,,,,,,,,,,,first_deg,,,,,,,,,,,,,HIS410:A
PDE4B_catalytic,m1,MG:A:804,metal_complexes,788,HOH,A,,,,2.361782377781666,,,,,,,,,,,,,,,,,,,,,,,,,,,,Mg,,O,3.0,water,79.83391049084504,trigonal.pyramidal,1.0,HOH788:A
PDE4B_catalytic,m1,MG:A:804,metal_complexes,447,ASP,A,,,,2.615302085801945,,,,,,,,,,,,,,,,,,,,,,,,,,,,Mg,,O,3.0,protein.sidechain,79.83391049084504,trigonal.pyramidal,1.0,ASP447:A
PDE4B_catalytic,m1,MG:A:804,metal_complexes,447,ASP,A,,,,2.615302085801945,,,,,,,,,,,,,,,,,,,,,,,,,,,,Mg,,O,3.0,protein.sidechain,79.83391049084504,trigonal.pyramidal,1.0,ASP447:A
PDE4B_catalytic,m1,MG:A:804,metal_complexes,788,HOH,A,,,,2.361782377781666,,,,,,,,,,,,,,,,,,,,,,,,,,,,Mg,,O,3.0,water,79.83391049084504,trigonal.pyramidal,2.0,HOH788:A
PDE4B_catalytic,m1,MG:A:804,metal_complexes,447,ASP,A,,,,2.615302085801945,,,,,,,,,,,,,,,,,,,,,,,,,,,,Mg,,O,3.0,protein.sidechain,79.83391049084504,trigonal.pyramidal,2.0,ASP447:A
PDE4B_catalytic,m1,MG:A:804,metal_complexes,447,ASP,A,,,,2.615302085801945,,,,,,,,,,,,,,,,,,,,,,,,,,,,Mg,,O,3.0,protein.sidechain,79.83391049084504,trigonal.pyramidal,2.0,ASP447:A
PDE4B_catalytic,m1,ZN:A:529,metal_complexes,788,HOH,A,,,,1.9208628269608448,,,,,,,,,,,,,,,,,,,,,,,,,,,,Zn,,O,4.0,water,10.038074764577184,tetrahedral,1.0,HOH788:A
PDE4B_catalytic,m1,ZN:A:529,metal_complexes,410,HIS,A,,,,2.527300733984766,,,,,,,,,,,,,,,,,,,,,,,,,,,,Zn,,N,4.0,protein.sidechain,10.038074764577184,tetrahedral,1.0,HIS410:A
PDE4B_catalytic,m1,ZN:A:529,metal_complexes,410,HIS,A,,,,2.527300733984766,,,,,,,,,,,,,,,,,,,,,,,,,,,,Zn,,N,4.0,protein.sidechain,10.038074764577184,tetrahedral,1.0,HIS410:A
PDE4B_catalytic,m1,ZN:A:529,metal_complexes,446,HIS,A,,,,2.4447742227044182,,,,,,,,,,,,,,,,,,,,,,,,,,,,Zn,,N,4.0,protein.sidechain,10.038074764577184,tetrahedral,1.0,HIS446:A
PDE4B_catalytic,m1,ZN:A:529,metal_complexes,788,HOH,A,,,,1.9208628269608448,,,,,,,,,,,,,,,,,,,,,,,,,,,,Zn,,O,4.0,water,10.038074764577184,tetrahedral,2.0,HOH788:A
PDE4B_catalytic,m1,ZN:A:529,metal_complexes,410,HIS,A,,,,2.527300733984766,,,,,,,,,,,,,,,,,,,,,,,,,,,,Zn,,N,4.0,protein.sidechain,10.038074764577184,tetrahedral,2.0,HIS410:A
PDE4B_catalytic,m1,ZN:A:529,metal_complexes,410,HIS,A,,,,2.527300733984766,,,,,,,,,,,,,,,,,,,,,,,,,,,,Zn,,N,4.0,protein.sidechain,10.038074764577184,tetrahedral,2.0,HIS410:A
PDE4B_catalytic,m1,ZN:A:529,metal_complexes,446,HIS,A,,,,2.4447742227044182,,,,,,,,,,,,,,,,,,,,,,,,,,,,Zn,,N,4.0,protein.sidechain,10.038074764577184,tetrahedral,2.0,HIS446:A
PDE4B_catalytic,m1,UNL:Z:1,hydrophobic_contacts,582,ILE,A,,,,3.733235861822821,,,,,,,,,,,,,,,,,,,,,,,,,,,,,,,,,,,,ILE582:A
PDE4B_catalytic,m1,UNL:Z:1,hydrophobic_contacts,618,PHE,A,,,,3.62514827282968,,,,,,,,,,,,,,,,,,,,,,,,,,,,,,,,,,,,PHE618:A
PDE4B_catalytic,m1,UNL:Z:1,hydrophobic_contacts,618,PHE,A,,,,3.5115156271900587,,,,,,,,,,,,,,,,,,,,,,,,,,,,,,,,,,,,PHE618:A
PDE4B_catalytic,m1,UNL:Z:1,hydrophobic_contacts,582,ILE,A,,,,3.619495406821235,,,,,,,,,,,,,,,,,,,,,,,,,,,,,,,,,,,,ILE582:A
PDE4B_catalytic,m1,UNL:Z:1,hbonds_ldon,405,TYR,A,,,,,,,True,,,,False,,,,,,,,,,,,,,124.41977065641912,,strong,,,,,,,,,,,,,TYR405:A
PDE4B_catalytic,m1,UNL:Z:1,hbonds_ldon,405,TYR,A,,,,,,,True,,,,False,,,,,,,,,,,,,,123.11998431181838,,strong,,,,,,,,,,,,,TYR405:A
PDE4B_catalytic,m1,UNL:Z:1,hbonds_ldon,517,THR,A,,,,,,,False,,,,False,,,,,,,,,,,,,,131.66125109701164,,strong,,,,,,,,,,,,,THR517:A
PDE4B_catalytic,m1,UNL:Z:1,hbonds_ldon,406,HIS,A,,,,,,,True,,,,False,,,,,,,,,,,,,,141.9094754696174,,strong,,,,,,,,,,,,,HIS406:A
PDE4B_catalytic,m1,UNL:Z:1,hbonds_pdon,567,ASN,A,,,,,,,True,,,,True,,,,,,,,,,,,,,141.68711183178007,,strong,,,,,,,,,,,,,ASN567:A
PDE4B_catalytic,m1,UNL:Z:1,hbonds_pdon,567,ASN,A,,,,,,,True,,,,True,,,,,,,,,,,,,,142.12716888522627,,strong,,,,,,,,,,,,,ASN567:A
PDE4B_catalytic,m1,UNL:Z:1,hbonds_pdon,406,HIS,A,,,,,,,True,,,,True,,,,,,,,,,,,,,126.87091908542668,,strong,,,,,,,,,,,,,HIS406:A
PDE4B_catalytic,m1,UNL:Z:1,hbonds_pdon,406,HIS,A,,,,,,,True,,,,True,,,,,,,,,,,,,,126.87091908542668,,strong,,,,,,,,,,,,,HIS406:A
PDE4B_catalytic,m1,UNL:Z:1,water_bridges,517,THR,A,,,,,,,,,,,True,,,,,,,,,,,,,,,,first_deg,,,,,,,,,,,,,THR517:A
PDE4B_catalytic,m1,UNL:Z:1,water_bridges,450,HIS,A,,,,,,,,,,,True,,,,,,,,,,,,,,,,first_deg,,,,,,,,,,,,,HIS450:A
PDE4B_catalytic,m1,UNL:Z:1,water_bridges,405,TYR,A,,,,,,,,,,,True,,,,,,,,,,,,,,,,first_deg,,,,,,,,,,,,,TYR405:A
PDE4B_catalytic,m1,UNL:Z:1,water_bridges,564,ASP,A,,,,,,,,,,,True,,,,,,,,,,,,,,,,first_deg,,,,,,,,,,,,,ASP564:A
PDE4B_catalytic,m3,MG:A:804,metal_complexes,788,HOH,A,,,,2.361782377781666,,,,,,,,,,,,,,,,,,,,,,,,,,,,Mg,,O,3.0,water,79.83391049084504,trigonal.pyramidal,1.0,HOH788:A
PDE4B_catalytic,m3,MG:A:804,metal_complexes,447,ASP,A,,,,2.615302085801945,,,,,,,,,,,,,,,,,,,,,,,,,,,,Mg,,O,3.0,protein.sidechain,79.83391049084504,trigonal.pyramidal,1.0,ASP447:A
PDE4B_catalytic,m3,MG:A:804,metal_complexes,447,ASP,A,,,,2.615302085801945,,,,,,,,,,,,,,,,,,,,,,,,,,,,Mg,,O,3.0,protein.sidechain,79.83391049084504,trigonal.pyramidal,1.0,ASP447:A
PDE4B_catalytic,m3,MG:A:804,metal_complexes,788,HOH,A,,,,2.361782377781666,,,,,,,,,,,,,,,,,,,,,,,,,,,,Mg,,O,3.0,water,79.83391049084504,trigonal.pyramidal,2.0,HOH788:A
PDE4B_catalytic,m3,MG:A:804,metal_complexes,447,ASP,A,,,,2.615302085801945,,,,,,,,,,,,,,,,,,,,,,,,,,,,Mg,,O,3.0,protein.sidechain,79.83391049084504,trigonal.pyramidal,2.0,ASP447:A
PDE4B_catalytic,m3,MG:A:804,metal_complexes,447,ASP,A,,,,2.615302085801945,,,,,,,,,,,,,,,,,,,,,,,,,,,,Mg,,O,3.0,protein.sidechain,79.83391049084504,trigonal.pyramidal,2.0,ASP447:A
PDE4B_catalytic,m3,ZN:A:529,metal_complexes,788,HOH,A,,,,1.9208628269608448,,,,,,,,,,,,,,,,,,,,,,,,,,,,Zn,,O,4.0,water,10.038074764577184,tetrahedral,1.0,HOH788:A
PDE4B_catalytic,m3,ZN:A:529,metal_complexes,410,HIS,A,,,,2.527300733984766,,,,,,,,,,,,,,,,,,,,,,,,,,,,Zn,,N,4.0,protein.sidechain,10.038074764577184,tetrahedral,1.0,HIS410:A
PDE4B_catalytic,m3,ZN:A:529,metal_complexes,410,HIS,A,,,,2.527300733984766,,,,,,,,,,,,,,,,,,,,,,,,,,,,Zn,,N,4.0,protein.sidechain,10.038074764577184,tetrahedral,1.0,HIS410:A
PDE4B_catalytic,m3,ZN:A:529,metal_complexes,446,HIS,A,,,,2.4447742227044182,,,,,,,,,,,,,,,,,,,,,,,,,,,,Zn,,N,4.0,protein.sidechain,10.038074764577184,tetrahedral,1.0,HIS446:A
PDE4B_catalytic,m3,ZN:A:529,metal_complexes,788,HOH,A,,,,1.9208628269608448,,,,,,,,,,,,,,,,,,,,,,,,,,,,Zn,,O,4.0,water,10.038074764577184,tetrahedral,2.0,HOH788:A
PDE4B_catalytic,m3,ZN:A:529,metal_complexes,410,HIS,A,,,,2.527300733984766,,,,,,,,,,,,,,,,,,,,,,,,,,,,Zn,,N,4.0,protein.sidechain,10.038074764577184,tetrahedral,2.0,HIS410:A
PDE4B_catalytic,m3,ZN:A:529,metal_complexes,410,HIS,A,,,,2.527300733984766,,,,,,,,,,,,,,,,,,,,,,,,,,,,Zn,,N,4.0,protein.sidechain,10.038074764577184,tetrahedral,2.0,HIS410:A
PDE4B_catalytic,m3,ZN:A:529,metal_complexes,446,HIS,A,,,,2.4447742227044182,,,,,,,,,,,,,,,,,,,,,,,,,,,,Zn,,N,4.0,protein.sidechain,10.038074764577184,tetrahedral,2.0,HIS446:A
PDE4B_catalytic,m3,UNL:Z:1,hydrophobic_contacts,582,ILE,A,,,,3.5784053711115544,,,,,,,,,,,,,,,,,,,,,,,,,,,,,,,,,,,,ILE582:A
PDE4B_catalytic,m3,UNL:Z:1,hydrophobic_contacts,618,PHE,A,,,,3.536337794951153,,,,,,,,,,,,,,,,,,,,,,,,,,,,,,,,,,,,PHE618:A
PDE4B_catalytic,m3,UNL:Z:1,hydrophobic_contacts,618,PHE,A,,,,3.661794778520501,,,,,,,,,,,,,,,,,,,,,,,,,,,,,,,,,,,,PHE618:A
PDE4B_catalytic,m3,UNL:Z:1,hbonds_ldon,405,TYR,A,,,,,,,True,,,,False,,,,,,,,,,,,,,124.587087327112,,strong,,,,,,,,,,,,,TYR405:A
PDE4B_catalytic,m3,UNL:Z:1,hbonds_pdon,567,ASN,A,,,,,,,True,,,,True,,,,,,,,,,,,,,123.28745783800264,,strong,,,,,,,,,,,,,ASN567:A
PDE4B_catalytic,m3,UNL:Z:1,hbonds_pdon,567,ASN,A,,,,,,,True,,,,True,,,,,,,,,,,,,,117.8796415600609,,strong,,,,,,,,,,,,,ASN567:A
PDE4B_catalytic,m3,UNL:Z:1,water_bridges,565,LEU,A,,,,,,,,,,,True,,,,,,,,,,,,,,,,first_deg,,,,,,,,,,,,,LEU565:A
PDE4B_catalytic,m3,UNL:Z:1,water_bridges,564,ASP,A,,,,,,,,,,,False,,,,,,,,,,,,,,,,first_deg,,,,,,,,,,,,,ASP564:A
PDE4B_catalytic,m3,UNL:Z:1,water_bridges,564,ASP,A,,,,,,,,,,,False,,,,,,,,,,,,,,,,first_deg,,,,,,,,,,,,,ASP564:A
PDE4B_catalytic,m4,MG:A:804,metal_complexes,788,HOH,A,,,,2.361782377781666,,,,,,,,,,,,,,,,,,,,,,,,,,,,Mg,,O,3.0,water,79.83391049084504,trigonal.pyramidal,1.0,HOH788:A
PDE4B_catalytic,m4,MG:A:804,metal_complexes,447,ASP,A,,,,2.615302085801945,,,,,,,,,,,,,,,,,,,,,,,,,,,,Mg,,O,3.0,protein.sidechain,79.83391049084504,trigonal.pyramidal,1.0,ASP447:A
PDE4B_catalytic,m4,MG:A:804,metal_complexes,447,ASP,A,,,,2.615302085801945,,,,,,,,,,,,,,,,,,,,,,,,,,,,Mg,,O,3.0,protein.sidechain,79.83391049084504,trigonal.pyramidal,1.0,ASP447:A
PDE4B_catalytic,m4,MG:A:804,metal_complexes,788,HOH,A,,,,2.361782377781666,,,,,,,,,,,,,,,,,,,,,,,,,,,,Mg,,O,3.0,water,79.83391049084504,trigonal.pyramidal,2.0,HOH788:A
PDE4B_catalytic,m4,MG:A:804,metal_complexes,447,ASP,A,,,,2.615302085801945,,,,,,,,,,,,,,,,,,,,,,,,,,,,Mg,,O,3.0,protein.sidechain,79.83391049084504,trigonal.pyramidal,2.0,ASP447:A
PDE4B_catalytic,m4,MG:A:804,metal_complexes,447,ASP,A,,,,2.615302085801945,,,,,,,,,,,,,,,,,,,,,,,,,,,,Mg,,O,3.0,protein.sidechain,79.83391049084504,trigonal.pyramidal,2.0,ASP447:A
PDE4B_catalytic,m4,ZN:A:529,metal_complexes,788,HOH,A,,,,1.9208628269608448,,,,,,,,,,,,,,,,,,,,,,,,,,,,Zn,,O,4.0,water,10.038074764577184,tetrahedral,1.0,HOH788:A
PDE4B_catalytic,m4,ZN:A:529,metal_complexes,410,HIS,A,,,,2.527300733984766,,,,,,,,,,,,,,,,,,,,,,,,,,,,Zn,,N,4.0,protein.sidechain,10.038074764577184,tetrahedral,1.0,HIS410:A
PDE4B_catalytic,m4,ZN:A:529,metal_complexes,410,HIS,A,,,,2.527300733984766,,,,,,,,,,,,,,,,,,,,,,,,,,,,Zn,,N,4.0,protein.sidechain,10.038074764577184,tetrahedral,1.0,HIS410:A
PDE4B_catalytic,m4,ZN:A:529,metal_complexes,446,HIS,A,,,,2.4447742227044182,,,,,,,,,,,,,,,,,,,,,,,,,,,,Zn,,N,4.0,protein.sidechain,10.038074764577184,tetrahedral,1.0,HIS446:A
PDE4B_catalytic,m4,ZN:A:529,metal_complexes,788,HOH,A,,,,1.9208628269608448,,,,,,,,,,,,,,,,,,,,,,,,,,,,Zn,,O,4.0,water,10.038074764577184,tetrahedral,2.0,HOH788:A
PDE4B_catalytic,m4,ZN:A:529,metal_complexes,410,HIS,A,,,,2.527300733984766,,,,,,,,,,,,,,,,,,,,,,,,,,,,Zn,,N,4.0,protein.sidechain,10.038074764577184,tetrahedral,2.0,HIS410:A
PDE4B_catalytic,m4,ZN:A:529,metal_complexes,410,HIS,A,,,,2.527300733984766,,,,,,,,,,,,,,,,,,,,,,,,,,,,Zn,,N,4.0,protein.sidechain,10.038074764577184,tetrahedral,2.0,HIS410:A
PDE4B_catalytic,m4,ZN:A:529,metal_complexes,446,HIS,A,,,,2.4447742227044182,,,,,,,,,,,,,,,,,,,,,,,,,,,,Zn,,N,4.0,protein.sidechain,10.038074764577184,tetrahedral,2.0,HIS446:A
PDE4B_catalytic,m4,UNL:Z:1,hydrophobic_contacts,582,ILE,A,,,,3.751847678144735,,,,,,,,,,,,,,,,,,,,,,,,,,,,,,,,,,,,ILE582:A
PDE4B_catalytic,m4,UNL:Z:1,hydrophobic_contacts,586,PHE,A,,,,3.88306734425248,,,,,,,,,,,,,,,,,,,,,,,,,,,,,,,,,,,,PHE586:A
PDE4B_catalytic,m4,UNL:Z:1,hydrophobic_contacts,618,PHE,A,,,,3.7062985578606593,,,,,,,,,,,,,,,,,,,,,,,,,,,,,,,,,,,,PHE618:A
PDE4B_catalytic,m4,UNL:Z:1,hbonds_ldon,406,HIS,A,,,,,,,True,,,,False,,,,,,,,,,,,,,124.39763455353024,,strong,,,,,,,,,,,,,HIS406:A
PDE4B_catalytic,m4,UNL:Z:1,hbonds_ldon,615,GLN,A,,,,,,,True,,,,False,,,,,,,,,,,,,,106.29385541772722,,strong,,,,,,,,,,,,,GLN615:A
PDE4B_catalytic,m4,UNL:Z:1,hbonds_pdon,406,HIS,A,,,,,,,True,,,,True,,,,,,,,,,,,,,128.0792813069471,,strong,,,,,,,,,,,,,HIS406:A
PDE4B_catalytic,m4,UNL:Z:1,hbonds_pdon,406,HIS,A,,,,,,,True,,,,True,,,,,,,,,,,,,,128.0792813069471,,strong,,,,,,,,,,,,,HIS406:A
PDE4B_catalytic,m4,UNL:Z:1,hbonds_pdon,567,ASN,A,,,,,,,True,,,,True,,,,,,,,,,,,,,151.31522698178654,,strong,,,,,,,,,,,,,ASN567:A
PDE4B_catalytic,m4,UNL:Z:1,hbonds_pdon,567,ASN,A,,,,,,,True,,,,True,,,,,,,,,,,,,,110.23071951229302,,strong,,,,,,,,,,,,,ASN567:A
PDE4B_catalytic,m4,UNL:Z:1,hbonds_pdon,615,GLN,A,,,,,,,True,,,,True,,,,,,,,,,,,,,132.72604477866602,,strong,,,,,,,,,,,,,GLN615:A
PDE4B_catalytic,m4,UNL:Z:1,hbonds_pdon,615,GLN,A,,,,,,,True,,,,True,,,,,,,,,,,,,,108.8172409555482,,strong,,,,,,,,,,,,,GLN615:A
PDE4B_catalytic,m4,UNL:Z:1,water_bridges,565,LEU,A,,,,,,,,,,,True,,,,,,,,,,,,,,,,first_deg,,,,,,,,,,,,,LEU565:A
PDE4B_catalytic,m4,UNL:Z:1,water_bridges,450,HIS,A,,,,,,,,,,,True,,,,,,,,,,,,,,,,first_deg,,,,,,,,,,,,,HIS450:A
PDE4B_catalytic,m4,UNL:Z:1,water_bridges,450,HIS,A,,,,,,,,,,,True,,,,,,,,,,,,,,,,first_deg,,,,,,,,,,,,,HIS450:A
PDE4B_catalytic,m4,UNL:Z:1,water_bridges,410,HIS,A,,,,,,,,,,,True,,,,,,,,,,,,,,,,first_deg,,,,,,,,,,,,,HIS410:A
PDE4B_catalytic,m4,UNL:Z:1,water_bridges,405,TYR,A,,,,,,,,,,,True,,,,,,,,,,,,,,,,first_deg,,,,,,,,,,,,,TYR405:A
PDE4B_catalytic,rf,MG:A:804,metal_complexes,788,HOH,A,,,,2.361782377781666,,,,,,,,,,,,,,,,,,,,,,,,,,,,Mg,,O,3.0,water,79.83391049084504,trigonal.pyramidal,1.0,HOH788:A
PDE4B_catalytic,rf,MG:A:804,metal_complexes,447,ASP,A,,,,2.615302085801945,,,,,,,,,,,,,,,,,,,,,,,,,,,,Mg,,O,3.0,protein.sidechain,79.83391049084504,trigonal.pyramidal,1.0,ASP447:A
PDE4B_catalytic,rf,MG:A:804,metal_complexes,447,ASP,A,,,,2.615302085801945,,,,,,,,,,,,,,,,,,,,,,,,,,,,Mg,,O,3.0,protein.sidechain,79.83391049084504,trigonal.pyramidal,1.0,ASP447:A
PDE4B_catalytic,rf,MG:A:804,metal_complexes,788,HOH,A,,,,2.361782377781666,,,,,,,,,,,,,,,,,,,,,,,,,,,,Mg,,O,3.0,water,79.83391049084504,trigonal.pyramidal,2.0,HOH788:A
PDE4B_catalytic,rf,MG:A:804,metal_complexes,447,ASP,A,,,,2.615302085801945,,,,,,,,,,,,,,,,,,,,,,,,,,,,Mg,,O,3.0,protein.sidechain,79.83391049084504,trigonal.pyramidal,2.0,ASP447:A
PDE4B_catalytic,rf,MG:A:804,metal_complexes,447,ASP,A,,,,2.615302085801945,,,,,,,,,,,,,,,,,,,,,,,,,,,,Mg,,O,3.0,protein.sidechain,79.83391049084504,trigonal.pyramidal,2.0,ASP447:A
PDE4B_catalytic,rf,ZN:A:529,metal_complexes,788,HOH,A,,,,1.9208628269608448,,,,,,,,,,,,,,,,,,,,,,,,,,,,Zn,,O,4.0,water,10.038074764577184,tetrahedral,1.0,HOH788:A
PDE4B_catalytic,rf,ZN:A:529,metal_complexes,410,HIS,A,,,,2.527300733984766,,,,,,,,,,,,,,,,,,,,,,,,,,,,Zn,,N,4.0,protein.sidechain,10.038074764577184,tetrahedral,1.0,HIS410:A
PDE4B_catalytic,rf,ZN:A:529,metal_complexes,410,HIS,A,,,,2.527300733984766,,,,,,,,,,,,,,,,,,,,,,,,,,,,Zn,,N,4.0,protein.sidechain,10.038074764577184,tetrahedral,1.0,HIS410:A
PDE4B_catalytic,rf,ZN:A:529,metal_complexes,446,HIS,A,,,,2.4447742227044182,,,,,,,,,,,,,,,,,,,,,,,,,,,,Zn,,N,4.0,protein.sidechain,10.038074764577184,tetrahedral,1.0,HIS446:A
PDE4B_catalytic,rf,ZN:A:529,metal_complexes,788,HOH,A,,,,1.9208628269608448,,,,,,,,,,,,,,,,,,,,,,,,,,,,Zn,,O,4.0,water,10.038074764577184,tetrahedral,2.0,HOH788:A
PDE4B_catalytic,rf,ZN:A:529,metal_complexes,410,HIS,A,,,,2.527300733984766,,,,,,,,,,,,,,,,,,,,,,,,,,,,Zn,,N,4.0,protein.sidechain,10.038074764577184,tetrahedral,2.0,HIS410:A
PDE4B_catalytic,rf,ZN:A:529,metal_complexes,410,HIS,A,,,,2.527300733984766,,,,,,,,,,,,,,,,,,,,,,,,,,,,Zn,,N,4.0,protein.sidechain,10.038074764577184,tetrahedral,2.0,HIS410:A
PDE4B_catalytic,rf,ZN:A:529,metal_complexes,446,HIS,A,,,,2.4447742227044182,,,,,,,,,,,,,,,,,,,,,,,,,,,,Zn,,N,4.0,protein.sidechain,10.038074764577184,tetrahedral,2.0,HIS446:A
PDE4B_catalytic,rf,UNL:A:1,hydrophobic_contacts,582,ILE,A,,,,3.808651598663233,,,,,,,,,,,,,,,,,,,,,,,,,,,,,,,,,,,,ILE582:A
PDE4B_catalytic,rf,UNL:A:1,hydrophobic_contacts,586,PHE,A,,,,3.666404914899613,,,,,,,,,,,,,,,,,,,,,,,,,,,,,,,,,,,,PHE586:A
PDE4B_catalytic,rf,UNL:A:1,hydrophobic_contacts,603,MET,A,,,,3.732128213231692,,,,,,,,,,,,,,,,,,,,,,,,,,,,,,,,,,,,MET603:A
PDE4B_catalytic,rf,UNL:A:1,hydrophobic_contacts,614,SER,A,,,,3.985539486694365,,,,,,,,,,,,,,,,,,,,,,,,,,,,,,,,,,,,SER614:A
PDE4B_catalytic,rf,UNL:A:1,hydrophobic_contacts,618,PHE,A,,,,3.650278208575342,,,,,,,,,,,,,,,,,,,,,,,,,,,,,,,,,,,,PHE618:A
PDE4B_catalytic,rf,UNL:A:1,hbonds_pdon,615,GLN,A,,,,,,,True,,,,True,,,,,,,,,,,,,,145.97674785102507,,strong,,,,,,,,,,,,,GLN615:A
PDE4B_catalytic,rf,UNL:A:1,hbonds_pdon,615,GLN,A,,,,,,,True,,,,True,,,,,,,,,,,,,,145.97674785102507,,strong,,,,,,,,,,,,,GLN615:A
PDE4B_catalytic,rf,UNL:A:1,water_bridges,406,HIS,A,,,,,,,,,,,True,,,,,,,,,,,,,,,,first_deg,,,,,,,,,,,,,HIS406:A
PDE4B_catalytic,rf,UNL:A:1,halogen_bonds,564,ASP,A,,,,3.608202322486917,,,True,,,148.5187569891118,,,Cl,,,,,,,137.2924373860767,,,,,,,,,,,,,,,,,,,,ASP564:A
PDE4B_catalytic,rf,UNL:A:1,halogen_bonds,564,ASP,A,,,,3.608202322486917,,,True,,,148.5187569891118,,,Cl,,,,,,,137.2924373860767,,,,,,,,,,,,,,,,,,,,ASP564:A
PDE4B_catalytic,rf,UNL:A:1,halogen_bonds,579,THR,A,,,,3.3271734249960625,,,False,,,145.50902867717693,,,F,,,,,,,93.68353374766006,,,,,,,,,,,,,,,,,,,,THR579:A
PDE4B_catalytic,m5,MG:A:804,metal_complexes,788,HOH,A,,,,2.361782377781666,,,,,,,,,,,,,,,,,,,,,,,,,,,,Mg,,O,3.0,water,79.83391049084504,trigonal.pyramidal,1.0,HOH788:A
PDE4B_catalytic,m5,MG:A:804,metal_complexes,447,ASP,A,,,,2.615302085801945,,,,,,,,,,,,,,,,,,,,,,,,,,,,Mg,,O,3.0,protein.sidechain,79.83391049084504,trigonal.pyramidal,1.0,ASP447:A
PDE4B_catalytic,m5,MG:A:804,metal_complexes,447,ASP,A,,,,2.615302085801945,,,,,,,,,,,,,,,,,,,,,,,,,,,,Mg,,O,3.0,protein.sidechain,79.83391049084504,trigonal.pyramidal,1.0,ASP447:A
PDE4B_catalytic,m5,MG:A:804,metal_complexes,788,HOH,A,,,,2.361782377781666,,,,,,,,,,,,,,,,,,,,,,,,,,,,Mg,,O,3.0,water,79.83391049084504,trigonal.pyramidal,2.0,HOH788:A
PDE4B_catalytic,m5,MG:A:804,metal_complexes,447,ASP,A,,,,2.615302085801945,,,,,,,,,,,,,,,,,,,,,,,,,,,,Mg,,O,3.0,protein.sidechain,79.83391049084504,trigonal.pyramidal,2.0,ASP447:A
PDE4B_catalytic,m5,MG:A:804,metal_complexes,447,ASP,A,,,,2.615302085801945,,,,,,,,,,,,,,,,,,,,,,,,,,,,Mg,,O,3.0,protein.sidechain,79.83391049084504,trigonal.pyramidal,2.0,ASP447:A
PDE4B_catalytic,m5,ZN:A:529,metal_complexes,788,HOH,A,,,,1.9208628269608448,,,,,,,,,,,,,,,,,,,,,,,,,,,,Zn,,O,4.0,water,10.038074764577184,tetrahedral,1.0,HOH788:A
PDE4B_catalytic,m5,ZN:A:529,metal_complexes,410,HIS,A,,,,2.527300733984766,,,,,,,,,,,,,,,,,,,,,,,,,,,,Zn,,N,4.0,protein.sidechain,10.038074764577184,tetrahedral,1.0,HIS410:A
PDE4B_catalytic,m5,ZN:A:529,metal_complexes,410,HIS,A,,,,2.527300733984766,,,,,,,,,,,,,,,,,,,,,,,,,,,,Zn,,N,4.0,protein.sidechain,10.038074764577184,tetrahedral,1.0,HIS410:A
PDE4B_catalytic,m5,ZN:A:529,metal_complexes,446,HIS,A,,,,2.4447742227044182,,,,,,,,,,,,,,,,,,,,,,,,,,,,Zn,,N,4.0,protein.sidechain,10.038074764577184,tetrahedral,1.0,HIS446:A
PDE4B_catalytic,m5,ZN:A:529,metal_complexes,788,HOH,A,,,,1.9208628269608448,,,,,,,,,,,,,,,,,,,,,,,,,,,,Zn,,O,4.0,water,10.038074764577184,tetrahedral,2.0,HOH788:A
PDE4B_catalytic,m5,ZN:A:529,metal_complexes,410,HIS,A,,,,2.527300733984766,,,,,,,,,,,,,,,,,,,,,,,,,,,,Zn,,N,4.0,protein.sidechain,10.038074764577184,tetrahedral,2.0,HIS410:A
PDE4B_catalytic,m5,ZN:A:529,metal_complexes,410,HIS,A,,,,2.527300733984766,,,,,,,,,,,,,,,,,,,,,,,,,,,,Zn,,N,4.0,protein.sidechain,10.038074764577184,tetrahedral,2.0,HIS410:A
PDE4B_catalytic,m5,ZN:A:529,metal_complexes,446,HIS,A,,,,2.4447742227044182,,,,,,,,,,,,,,,,,,,,,,,,,,,,Zn,,N,4.0,protein.sidechain,10.038074764577184,tetrahedral,2.0,HIS446:A
PDE4B_catalytic,m5,UNL:Z:1,hydrophobic_contacts,405,TYR,A,,,,3.812661406419405,,,,,,,,,,,,,,,,,,,,,,,,,,,,,,,,,,,,TYR405:A
PDE4B_catalytic,m5,UNL:Z:1,hydrophobic_contacts,618,PHE,A,,,,3.8462181425395,,,,,,,,,,,,,,,,,,,,,,,,,,,,,,,,,,,,PHE618:A
PDE4B_catalytic,m5,UNL:Z:1,hydrophobic_contacts,406,HIS,A,,,,3.62298067894379,,,,,,,,,,,,,,,,,,,,,,,,,,,,,,,,,,,,HIS406:A
PDE4B_catalytic,m5,UNL:Z:1,hydrophobic_contacts,582,ILE,A,,,,3.790715235941632,,,,,,,,,,,,,,,,,,,,,,,,,,,,,,,,,,,,ILE582:A
PDE4B_catalytic,m5,UNL:Z:1,hydrophobic_contacts,618,PHE,A,,,,3.671861380825807,,,,,,,,,,,,,,,,,,,,,,,,,,,,,,,,,,,,PHE618:A
PDE4B_catalytic,m5,UNL:Z:1,hbonds_ldon,476,GLU,A,,,,,,,True,,,,False,,,,,,,,,,,,,,116.60150625620656,,strong,,,,,,,,,,,,,GLU476:A
PDE4B_catalytic,m5,UNL:Z:1,hbonds_ldon,564,ASP,A,,,,,,,True,,,,False,,,,,,,,,,,,,,160.97252649641862,,strong,,,,,,,,,,,,,ASP564:A
PDE4B_catalytic,m5,UNL:Z:1,hbonds_pdon,519,MET,A,,,,,,,False,,,,True,,,,,,,,,,,,,,165.8995863255766,,strong,,,,,,,,,,,,,MET519:A
PDE4B_catalytic,m5,UNL:Z:1,hbonds_pdon,519,MET,A,,,,,,,False,,,,True,,,,,,,,,,,,,,165.8995863255766,,strong,,,,,,,,,,,,,MET519:A
PDE4B_catalytic,m5,UNL:Z:1,hbonds_pdon,406,HIS,A,,,,,,,True,,,,True,,,,,,,,,,,,,,162.24136805658227,,strong,,,,,,,,,,,,,HIS406:A
PDE4B_catalytic,m5,UNL:Z:1,hbonds_pdon,406,HIS,A,,,,,,,True,,,,True,,,,,,,,,,,,,,162.24136805658227,,strong,,,,,,,,,,,,,HIS406:A
PDE4B_catalytic,m5,UNL:Z:1,hbonds_pdon,615,GLN,A,,,,,,,True,,,,True,,,,,,,,,,,,,,121.700561418987,,strong,,,,,,,,,,,,,GLN615:A
PDE4B_catalytic,m5,UNL:Z:1,water_bridges,405,TYR,A,,,,,,,,,,,True,,,,,,,,,,,,,,,,first_deg,,,,,,,,,,,,,TYR405:A
PDE4B_catalytic,m5,UNL:Z:1,water_bridges,410,HIS,A,,,,,,,,,,,True,,,,,,,,,,,,,,,,first_deg,,,,,,,,,,,,,HIS410:A
PDE4B_catalytic,m5,UNL:Z:1,water_bridges,446,HIS,A,,,,,,,,,,,True,,,,,,,,,,,,,,,,first_deg,,,,,,,,,,,,,HIS446:A
PDE4B_catalytic,rolR,MG:A:804,metal_complexes,788,HOH,A,,,,2.361782377781666,,,,,,,,,,,,,,,,,,,,,,,,,,,,Mg,,O,3.0,water,79.83391049084504,trigonal.pyramidal,1.0,HOH788:A
PDE4B_catalytic,rolR,MG:A:804,metal_complexes,447,ASP,A,,,,2.615302085801945,,,,,,,,,,,,,,,,,,,,,,,,,,,,Mg,,O,3.0,protein.sidechain,79.83391049084504,trigonal.pyramidal,1.0,ASP447:A
PDE4B_catalytic,rolR,MG:A:804,metal_complexes,447,ASP,A,,,,2.615302085801945,,,,,,,,,,,,,,,,,,,,,,,,,,,,Mg,,O,3.0,protein.sidechain,79.83391049084504,trigonal.pyramidal,1.0,ASP447:A
PDE4B_catalytic,rolR,MG:A:804,metal_complexes,788,HOH,A,,,,2.361782377781666,,,,,,,,,,,,,,,,,,,,,,,,,,,,Mg,,O,3.0,water,79.83391049084504,trigonal.pyramidal,2.0,HOH788:A
PDE4B_catalytic,rolR,MG:A:804,metal_complexes,447,ASP,A,,,,2.615302085801945,,,,,,,,,,,,,,,,,,,,,,,,,,,,Mg,,O,3.0,protein.sidechain,79.83391049084504,trigonal.pyramidal,2.0,ASP447:A
PDE4B_catalytic,rolR,MG:A:804,metal_complexes,447,ASP,A,,,,2.615302085801945,,,,,,,,,,,,,,,,,,,,,,,,,,,,Mg,,O,3.0,protein.sidechain,79.83391049084504,trigonal.pyramidal,2.0,ASP447:A
PDE4B_catalytic,rolR,ZN:A:529,metal_complexes,788,HOH,A,,,,1.9208628269608448,,,,,,,,,,,,,,,,,,,,,,,,,,,,Zn,,O,4.0,water,10.038074764577184,tetrahedral,1.0,HOH788:A
PDE4B_catalytic,rolR,ZN:A:529,metal_complexes,410,HIS,A,,,,2.527300733984766,,,,,,,,,,,,,,,,,,,,,,,,,,,,Zn,,N,4.0,protein.sidechain,10.038074764577184,tetrahedral,1.0,HIS410:A
PDE4B_catalytic,rolR,ZN:A:529,metal_complexes,410,HIS,A,,,,2.527300733984766,,,,,,,,,,,,,,,,,,,,,,,,,,,,Zn,,N,4.0,protein.sidechain,10.038074764577184,tetrahedral,1.0,HIS410:A
PDE4B_catalytic,rolR,ZN:A:529,metal_complexes,446,HIS,A,,,,2.4447742227044182,,,,,,,,,,,,,,,,,,,,,,,,,,,,Zn,,N,4.0,protein.sidechain,10.038074764577184,tetrahedral,1.0,HIS446:A
PDE4B_catalytic,rolR,ZN:A:529,metal_complexes,788,HOH,A,,,,1.9208628269608448,,,,,,,,,,,,,,,,,,,,,,,,,,,,Zn,,O,4.0,water,10.038074764577184,tetrahedral,2.0,HOH788:A
PDE4B_catalytic,rolR,ZN:A:529,metal_complexes,410,HIS,A,,,,2.527300733984766,,,,,,,,,,,,,,,,,,,,,,,,,,,,Zn,,N,4.0,protein.sidechain,10.038074764577184,tetrahedral,2.0,HIS410:A
PDE4B_catalytic,rolR,ZN:A:529,metal_complexes,410,HIS,A,,,,2.527300733984766,,,,,,,,,,,,,,,,,,,,,,,,,,,,Zn,,N,4.0,protein.sidechain,10.038074764577184,tetrahedral,2.0,HIS410:A
PDE4B_catalytic,rolR,ZN:A:529,metal_complexes,446,HIS,A,,,,2.4447742227044182,,,,,,,,,,,,,,,,,,,,,,,,,,,,Zn,,N,4.0,protein.sidechain,10.038074764577184,tetrahedral,2.0,HIS446:A
PDE4B_catalytic,rolR,UNL:Z:1,hydrophobic_contacts,405,TYR,A,,,,3.857659782821707,,,,,,,,,,,,,,,,,,,,,,,,,,,,,,,,,,,,TYR405:A
PDE4B_catalytic,rolR,UNL:Z:1,hydrophobic_contacts,406,HIS,A,,,,3.985573233551231,,,,,,,,,,,,,,,,,,,,,,,,,,,,,,,,,,,,HIS406:A
PDE4B_catalytic,rolR,UNL:Z:1,hydrophobic_contacts,586,PHE,A,,,,3.632219844667999,,,,,,,,,,,,,,,,,,,,,,,,,,,,,,,,,,,,PHE586:A
PDE4B_catalytic,rolR,UNL:Z:1,hydrophobic_contacts,614,SER,A,,,,3.685262270178339,,,,,,,,,,,,,,,,,,,,,,,,,,,,,,,,,,,,SER614:A
PDE4B_catalytic,rolR,UNL:Z:1,hydrophobic_contacts,618,PHE,A,,,,3.794993148873923,,,,,,,,,,,,,,,,,,,,,,,,,,,,,,,,,,,,PHE618:A
PDE4B_catalytic,rolR,UNL:Z:1,hydrophobic_contacts,582,ILE,A,,,,3.778352815712159,,,,,,,,,,,,,,,,,,,,,,,,,,,,,,,,,,,,ILE582:A
PDE4B_catalytic,rolR,UNL:Z:1,hydrophobic_contacts,618,PHE,A,,,,3.632805665047335,,,,,,,,,,,,,,,,,,,,,,,,,,,,,,,,,,,,PHE618:A
PDE4B_catalytic,rolR,UNL:Z:1,hbonds_ldon,564,ASP,A,,,,,,,True,,,,False,,,,,,,,,,,,,,110.17521227749216,,strong,,,,,,,,,,,,,ASP564:A
PDE4B_catalytic,rolR,UNL:Z:1,hbonds_pdon,615,GLN,A,,,,,,,True,,,,True,,,,,,,,,,,,,,146.20031451943828,,strong,,,,,,,,,,,,,GLN615:A
PDE4B_catalytic,rolR,UNL:Z:1,hbonds_pdon,615,GLN,A,,,,,,,True,,,,True,,,,,,,,,,,,,,149.05295136119616,,strong,,,,,,,,,,,,,GLN615:A
PDE4B_catalytic,rolR,UNL:Z:1,hbonds_pdon,406,HIS,A,,,,,,,True,,,,True,,,,,,,,,,,,,,159.26230128514482,,strong,,,,,,,,,,,,,HIS406:A
PDE4B_catalytic,rolR,UNL:Z:1,hbonds_pdon,406,HIS,A,,,,,,,True,,,,True,,,,,,,,,,,,,,159.26230128514482,,strong,,,,,,,,,,,,,HIS406:A
PDE4B_catalytic,rolR,UNL:Z:1,water_bridges,450,HIS,A,,,,,,,,,,,True,,,,,,,,,,,,,,,,first_deg,,,,,,,,,,,,,HIS450:A
PDE4B_catalytic,rolR,UNL:Z:1,water_bridges,405,TYR,A,,,,,,,,,,,True,,,,,,,,,,,,,,,,first_deg,,,,,,,,,,,,,TYR405:A
PDE4B_catalytic,rolR,UNL:Z:1,water_bridges,564,ASP,A,,,,,,,,,,,True,,,,,,,,,,,,,,,,first_deg,,,,,,,,,,,,,ASP564:A
PDE4B_catalytic,rolS,MG:A:804,metal_complexes,788,HOH,A,,,,2.361782377781666,,,,,,,,,,,,,,,,,,,,,,,,,,,,Mg,,O,3.0,water,79.83391049084504,trigonal.pyramidal,1.0,HOH788:A
PDE4B_catalytic,rolS,MG:A:804,metal_complexes,447,ASP,A,,,,2.615302085801945,,,,,,,,,,,,,,,,,,,,,,,,,,,,Mg,,O,3.0,protein.sidechain,79.83391049084504,trigonal.pyramidal,1.0,ASP447:A
PDE4B_catalytic,rolS,MG:A:804,metal_complexes,447,ASP,A,,,,2.615302085801945,,,,,,,,,,,,,,,,,,,,,,,,,,,,Mg,,O,3.0,protein.sidechain,79.83391049084504,trigonal.pyramidal,1.0,ASP447:A
PDE4B_catalytic,rolS,MG:A:804,metal_complexes,788,HOH,A,,,,2.361782377781666,,,,,,,,,,,,,,,,,,,,,,,,,,,,Mg,,O,3.0,water,79.83391049084504,trigonal.pyramidal,2.0,HOH788:A
PDE4B_catalytic,rolS,MG:A:804,metal_complexes,447,ASP,A,,,,2.615302085801945,,,,,,,,,,,,,,,,,,,,,,,,,,,,Mg,,O,3.0,protein.sidechain,79.83391049084504,trigonal.pyramidal,2.0,ASP447:A
PDE4B_catalytic,rolS,MG:A:804,metal_complexes,447,ASP,A,,,,2.615302085801945,,,,,,,,,,,,,,,,,,,,,,,,,,,,Mg,,O,3.0,protein.sidechain,79.83391049084504,trigonal.pyramidal,2.0,ASP447:A
PDE4B_catalytic,rolS,ZN:A:529,metal_complexes,788,HOH,A,,,,1.9208628269608448,,,,,,,,,,,,,,,,,,,,,,,,,,,,Zn,,O,4.0,water,10.038074764577184,tetrahedral,1.0,HOH788:A
PDE4B_catalytic,rolS,ZN:A:529,metal_complexes,410,HIS,A,,,,2.527300733984766,,,,,,,,,,,,,,,,,,,,,,,,,,,,Zn,,N,4.0,protein.sidechain,10.038074764577184,tetrahedral,1.0,HIS410:A
PDE4B_catalytic,rolS,ZN:A:529,metal_complexes,410,HIS,A,,,,2.527300733984766,,,,,,,,,,,,,,,,,,,,,,,,,,,,Zn,,N,4.0,protein.sidechain,10.038074764577184,tetrahedral,1.0,HIS410:A
PDE4B_catalytic,rolS,ZN:A:529,metal_complexes,446,HIS,A,,,,2.4447742227044182,,,,,,,,,,,,,,,,,,,,,,,,,,,,Zn,,N,4.0,protein.sidechain,10.038074764577184,tetrahedral,1.0,HIS446:A
PDE4B_catalytic,rolS,ZN:A:529,metal_complexes,788,HOH,A,,,,1.9208628269608448,,,,,,,,,,,,,,,,,,,,,,,,,,,,Zn,,O,4.0,water,10.038074764577184,tetrahedral,2.0,HOH788:A
PDE4B_catalytic,rolS,ZN:A:529,metal_complexes,410,HIS,A,,,,2.527300733984766,,,,,,,,,,,,,,,,,,,,,,,,,,,,Zn,,N,4.0,protein.sidechain,10.038074764577184,tetrahedral,2.0,HIS410:A
PDE4B_catalytic,rolS,ZN:A:529,metal_complexes,410,HIS,A,,,,2.527300733984766,,,,,,,,,,,,,,,,,,,,,,,,,,,,Zn,,N,4.0,protein.sidechain,10.038074764577184,tetrahedral,2.0,HIS410:A
PDE4B_catalytic,rolS,ZN:A:529,metal_complexes,446,HIS,A,,,,2.4447742227044182,,,,,,,,,,,,,,,,,,,,,,,,,,,,Zn,,N,4.0,protein.sidechain,10.038074764577184,tetrahedral,2.0,HIS446:A
PDE4B_catalytic,rolS,UNL:Z:1,hydrophobic_contacts,586,PHE,A,,,,3.595052294473615,,,,,,,,,,,,,,,,,,,,,,,,,,,,,,,,,,,,PHE586:A
PDE4B_catalytic,rolS,UNL:Z:1,hydrophobic_contacts,614,SER,A,,,,3.5637647228738363,,,,,,,,,,,,,,,,,,,,,,,,,,,,,,,,,,,,SER614:A
PDE4B_catalytic,rolS,UNL:Z:1,hydrophobic_contacts,618,PHE,A,,,,3.6784813442506414,,,,,,,,,,,,,,,,,,,,,,,,,,,,,,,,,,,,PHE618:A
PDE4B_catalytic,rolS,UNL:Z:1,hydrophobic_contacts,618,PHE,A,,,,3.655383153651611,,,,,,,,,,,,,,,,,,,,,,,,,,,,,,,,,,,,PHE618:A
PDE4B_catalytic,rolS,UNL:Z:1,hydrophobic_contacts,618,PHE,A,,,,3.9399871827202713,,,,,,,,,,,,,,,,,,,,,,,,,,,,,,,,,,,,PHE618:A
PDE4B_catalytic,rolS,UNL:Z:1,hydrophobic_contacts,582,ILE,A,,,,3.8271800323475778,,,,,,,,,,,,,,,,,,,,,,,,,,,,,,,,,,,,ILE582:A
PDE4B_catalytic,rolS,UNL:Z:1,hbonds_pdon,615,GLN,A,,,,,,,True,,,,True,,,,,,,,,,,,,,143.14586100880277,,strong,,,,,,,,,,,,,GLN615:A
PDE4B_catalytic,rolS,UNL:Z:1,hbonds_pdon,615,GLN,A,,,,,,,True,,,,True,,,,,,,,,,,,,,132.64844170773003,,strong,,,,,,,,,,,,,GLN615:A
PDE4B_catalytic,rolS,UNL:Z:1,hbonds_pdon,406,HIS,A,,,,,,,True,,,,True,,,,,,,,,,,,,,135.06166429296607,,strong,,,,,,,,,,,,,HIS406:A
PDE4B_catalytic,rolS,UNL:Z:1,water_bridges,450,HIS,A,,,,,,,,,,,True,,,,,,,,,,,,,,,,first_deg,,,,,,,,,,,,,HIS450:A
PDE4B_dimer,104775,ZN:A:801,metal_complexes,446,HIS,A,,,,1.6727991511236473,,,,,,,,,,,,,,,,,,,,,,,,,,,,Zn,,N,4.0,protein.sidechain,92.53409223404508,square.planar,1.0,HIS446:A
PDE4B_dimer,104775,ZN:A:801,metal_complexes,446,HIS,A,,,,1.849653481060712,,,,,,,,,,,,,,,,,,,,,,,,,,,,Zn,,N,4.0,protein.sidechain,92.53409223404508,square.planar,1.0,HIS446:A
PDE4B_dimer,104775,ZN:A:801,metal_complexes,446,HIS,A,,,,1.6727991511236473,,,,,,,,,,,,,,,,,,,,,,,,,,,,Zn,,N,4.0,protein.sidechain,92.53409223404508,square.planar,1.0,HIS446:A
PDE4B_dimer,104775,ZN:A:801,metal_complexes,446,HIS,A,,,,1.849653481060712,,,,,,,,,,,,,,,,,,,,,,,,,,,,Zn,,N,4.0,protein.sidechain,92.53409223404508,square.planar,1.0,HIS446:A
PDE4B_dimer,104775,ZN:A:801,metal_complexes,446,HIS,A,,,,1.6727991511236473,,,,,,,,,,,,,,,,,,,,,,,,,,,,Zn,,N,4.0,protein.sidechain,92.53409223404508,square.planar,2.0,HIS446:A
PDE4B_dimer,104775,ZN:A:801,metal_complexes,446,HIS,A,,,,1.849653481060712,,,,,,,,,,,,,,,,,,,,,,,,,,,,Zn,,N,4.0,protein.sidechain,92.53409223404508,square.planar,2.0,HIS446:A
PDE4B_dimer,104775,ZN:A:801,metal_complexes,446,HIS,A,,,,1.6727991511236473,,,,,,,,,,,,,,,,,,,,,,,,,,,,Zn,,N,4.0,protein.sidechain,92.53409223404508,square.planar,2.0,HIS446:A
PDE4B_dimer,104775,ZN:A:801,metal_complexes,446,HIS,A,,,,1.849653481060712,,,,,,,,,,,,,,,,,,,,,,,,,,,,Zn,,N,4.0,protein.sidechain,92.53409223404508,square.planar,2.0,HIS446:A
PDE4B_dimer,104775,ZN:B:801,metal_complexes,446,HIS,B,,,,1.836575345582094,,,,,,,,,,,,,,,,,,,,,,,,,,,,Zn,,N,4.0,protein.sidechain,93.95020455364391,square.planar,1.0,HIS446:B
PDE4B_dimer,104775,ZN:B:801,metal_complexes,446,HIS,B,,,,1.8541396926876887,,,,,,,,,,,,,,,,,,,,,,,,,,,,Zn,,N,4.0,protein.sidechain,93.95020455364391,square.planar,1.0,HIS446:B
PDE4B_dimer,104775,ZN:B:801,metal_complexes,446,HIS,B,,,,1.836575345582094,,,,,,,,,,,,,,,,,,,,,,,,,,,,Zn,,N,4.0,protein.sidechain,93.95020455364391,square.planar,1.0,HIS446:B
PDE4B_dimer,104775,ZN:B:801,metal_complexes,446,HIS,B,,,,1.8541396926876887,,,,,,,,,,,,,,,,,,,,,,,,,,,,Zn,,N,4.0,protein.sidechain,93.95020455364391,square.planar,1.0,HIS446:B
PDE4B_dimer,104775,ZN:B:801,metal_complexes,446,HIS,B,,,,1.836575345582094,,,,,,,,,,,,,,,,,,,,,,,,,,,,Zn,,N,4.0,protein.sidechain,93.95020455364391,square.planar,2.0,HIS446:B
PDE4B_dimer,104775,ZN:B:801,metal_complexes,446,HIS,B,,,,1.8541396926876887,,,,,,,,,,,,,,,,,,,,,,,,,,,,Zn,,N,4.0,protein.sidechain,93.95020455364391,square.planar,2.0,HIS446:B
PDE4B_dimer,104775,ZN:B:801,metal_complexes,446,HIS,B,,,,1.836575345582094,,,,,,,,,,,,,,,,,,,,,,,,,,,,Zn,,N,4.0,protein.sidechain,93.95020455364391,square.planar,2.0,HIS446:B
PDE4B_dimer,104775,ZN:B:801,metal_complexes,446,HIS,B,,,,1.8541396926876887,,,,,,,,,,,,,,,,,,,,,,,,,,,,Zn,,N,4.0,protein.sidechain,93.95020455364391,square.planar,2.0,HIS446:B
PDE4B_dimer,104775,UNL:A:1,hydrophobic_contacts,405,TYR,A,,,,3.6450692723184295,,,,,,,,,,,,,,,,,,,,,,,,,,,,,,,,,,,,TYR405:A
PDE4B_dimer,104775,UNL:A:1,hydrophobic_contacts,405,TYR,A,,,,3.9562070218834657,,,,,,,,,,,,,,,,,,,,,,,,,,,,,,,,,,,,TYR405:A
PDE4B_dimer,104775,UNL:A:1,hydrophobic_contacts,582,ILE,A,,,,3.610075622476625,,,,,,,,,,,,,,,,,,,,,,,,,,,,,,,,,,,,ILE582:A
PDE4B_dimer,104775,UNL:A:1,hydrophobic_contacts,586,PHE,A,,,,3.904062115284539,,,,,,,,,,,,,,,,,,,,,,,,,,,,,,,,,,,,PHE586:A
PDE4B_dimer,104775,UNL:A:1,hydrophobic_contacts,586,PHE,A,,,,3.8451479815476506,,,,,,,,,,,,,,,,,,,,,,,,,,,,,,,,,,,,PHE586:A
PDE4B_dimer,104775,UNL:A:1,water_bridges,565,LEU,A,,,,,,,,,,,True,,,,,,,,,,,,,,,,first_deg,,,,,,,,,,,,,LEU565:A
PDE4B_dimer,10176710,ZN:A:801,metal_complexes,446,HIS,A,,,,1.6727991511236473,,,,,,,,,,,,,,,,,,,,,,,,,,,,Zn,,N,4.0,protein.sidechain,92.53409223404508,square.planar,1.0,HIS446:A
PDE4B_dimer,10176710,ZN:A:801,metal_complexes,446,HIS,A,,,,1.849653481060712,,,,,,,,,,,,,,,,,,,,,,,,,,,,Zn,,N,4.0,protein.sidechain,92.53409223404508,square.planar,1.0,HIS446:A
PDE4B_dimer,10176710,ZN:A:801,metal_complexes,446,HIS,A,,,,1.6727991511236473,,,,,,,,,,,,,,,,,,,,,,,,,,,,Zn,,N,4.0,protein.sidechain,92.53409223404508,square.planar,1.0,HIS446:A
PDE4B_dimer,10176710,ZN:A:801,metal_complexes,446,HIS,A,,,,1.849653481060712,,,,,,,,,,,,,,,,,,,,,,,,,,,,Zn,,N,4.0,protein.sidechain,92.53409223404508,square.planar,1.0,HIS446:A
PDE4B_dimer,10176710,ZN:A:801,metal_complexes,446,HIS,A,,,,1.6727991511236473,,,,,,,,,,,,,,,,,,,,,,,,,,,,Zn,,N,4.0,protein.sidechain,92.53409223404508,square.planar,2.0,HIS446:A
PDE4B_dimer,10176710,ZN:A:801,metal_complexes,446,HIS,A,,,,1.849653481060712,,,,,,,,,,,,,,,,,,,,,,,,,,,,Zn,,N,4.0,protein.sidechain,92.53409223404508,square.planar,2.0,HIS446:A
PDE4B_dimer,10176710,ZN:A:801,metal_complexes,446,HIS,A,,,,1.6727991511236473,,,,,,,,,,,,,,,,,,,,,,,,,,,,Zn,,N,4.0,protein.sidechain,92.53409223404508,square.planar,2.0,HIS446:A
PDE4B_dimer,10176710,ZN:A:801,metal_complexes,446,HIS,A,,,,1.849653481060712,,,,,,,,,,,,,,,,,,,,,,,,,,,,Zn,,N,4.0,protein.sidechain,92.53409223404508,square.planar,2.0,HIS446:A
PDE4B_dimer,10176710,ZN:B:801,metal_complexes,446,HIS,B,,,,1.836575345582094,,,,,,,,,,,,,,,,,,,,,,,,,,,,Zn,,N,4.0,protein.sidechain,93.95020455364391,square.planar,1.0,HIS446:B
PDE4B_dimer,10176710,ZN:B:801,metal_complexes,446,HIS,B,,,,1.8541396926876887,,,,,,,,,,,,,,,,,,,,,,,,,,,,Zn,,N,4.0,protein.sidechain,93.95020455364391,square.planar,1.0,HIS446:B
PDE4B_dimer,10176710,ZN:B:801,metal_complexes,446,HIS,B,,,,1.836575345582094,,,,,,,,,,,,,,,,,,,,,,,,,,,,Zn,,N,4.0,protein.sidechain,93.95020455364391,square.planar,1.0,HIS446:B
PDE4B_dimer,10176710,ZN:B:801,metal_complexes,446,HIS,B,,,,1.8541396926876887,,,,,,,,,,,,,,,,,,,,,,,,,,,,Zn,,N,4.0,protein.sidechain,93.95020455364391,square.planar,1.0,HIS446:B
PDE4B_dimer,10176710,ZN:B:801,metal_complexes,446,HIS,B,,,,1.836575345582094,,,,,,,,,,,,,,,,,,,,,,,,,,,,Zn,,N,4.0,protein.sidechain,93.95020455364391,square.planar,2.0,HIS446:B
PDE4B_dimer,10176710,ZN:B:801,metal_complexes,446,HIS,B,,,,1.8541396926876887,,,,,,,,,,,,,,,,,,,,,,,,,,,,Zn,,N,4.0,protein.sidechain,93.95020455364391,square.planar,2.0,HIS446:B
PDE4B_dimer,10176710,ZN:B:801,metal_complexes,446,HIS,B,,,,1.836575345582094,,,,,,,,,,,,,,,,,,,,,,,,,,,,Zn,,N,4.0,protein.sidechain,93.95020455364391,square.planar,2.0,HIS446:B
PDE4B_dimer,10176710,ZN:B:801,metal_complexes,446,HIS,B,,,,1.8541396926876887,,,,,,,,,,,,,,,,,,,,,,,,,,,,Zn,,N,4.0,protein.sidechain,93.95020455364391,square.planar,2.0,HIS446:B
PDE4B_dimer,10176710,UNL:Z:1,hydrophobic_contacts,586,PHE,A,,,,3.801591903400464,,,,,,,,,,,,,,,,,,,,,,,,,,,,,,,,,,,,PHE586:A
PDE4B_dimer,10176710,UNL:Z:1,hydrophobic_contacts,603,MET,A,,,,3.834165489386183,,,,,,,,,,,,,,,,,,,,,,,,,,,,,,,,,,,,MET603:A
PDE4B_dimer,10176710,UNL:Z:1,hydrophobic_contacts,618,PHE,A,,,,3.912465846496298,,,,,,,,,,,,,,,,,,,,,,,,,,,,,,,,,,,,PHE618:A
PDE4B_dimer,10176710,UNL:Z:1,hydrophobic_contacts,586,PHE,A,,,,3.534411549324723,,,,,,,,,,,,,,,,,,,,,,,,,,,,,,,,,,,,PHE586:A
PDE4B_dimer,10176710,UNL:Z:1,hbonds_ldon,406,HIS,A,,,,,,,True,,,,False,,,,,,,,,,,,,,149.71258018873516,,strong,,,,,,,,,,,,,HIS406:A
PDE4B_dimer,10176710,UNL:Z:1,hbonds_pdon,406,HIS,A,,,,,,,True,,,,True,,,,,,,,,,,,,,110.63085354802897,,strong,,,,,,,,,,,,,HIS406:A
PDE4B_dimer,10176710,UNL:Z:1,hbonds_pdon,406,HIS,A,,,,,,,True,,,,True,,,,,,,,,,,,,,110.63085354802897,,strong,,,,,,,,,,,,,HIS406:A
PDE4B_dimer,10176710,UNL:Z:1,water_bridges,454,SER,A,,,,,,,,,,,True,,,,,,,,,,,,,,,,first_deg,,,,,,,,,,,,,SER454:A
PDE4B_dimer,10394,ZN:A:801,metal_complexes,446,HIS,A,,,,1.6727991511236473,,,,,,,,,,,,,,,,,,,,,,,,,,,,Zn,,N,4.0,protein.sidechain,92.53409223404508,square.planar,1.0,HIS446:A
PDE4B_dimer,10394,ZN:A:801,metal_complexes,446,HIS,A,,,,1.849653481060712,,,,,,,,,,,,,,,,,,,,,,,,,,,,Zn,,N,4.0,protein.sidechain,92.53409223404508,square.planar,1.0,HIS446:A
PDE4B_dimer,10394,ZN:A:801,metal_complexes,446,HIS,A,,,,1.6727991511236473,,,,,,,,,,,,,,,,,,,,,,,,,,,,Zn,,N,4.0,protein.sidechain,92.53409223404508,square.planar,1.0,HIS446:A
PDE4B_dimer,10394,ZN:A:801,metal_complexes,446,HIS,A,,,,1.849653481060712,,,,,,,,,,,,,,,,,,,,,,,,,,,,Zn,,N,4.0,protein.sidechain,92.53409223404508,square.planar,1.0,HIS446:A
PDE4B_dimer,10394,ZN:A:801,metal_complexes,446,HIS,A,,,,1.6727991511236473,,,,,,,,,,,,,,,,,,,,,,,,,,,,Zn,,N,4.0,protein.sidechain,92.53409223404508,square.planar,2.0,HIS446:A
PDE4B_dimer,10394,ZN:A:801,metal_complexes,446,HIS,A,,,,1.849653481060712,,,,,,,,,,,,,,,,,,,,,,,,,,,,Zn,,N,4.0,protein.sidechain,92.53409223404508,square.planar,2.0,HIS446:A
PDE4B_dimer,10394,ZN:A:801,metal_complexes,446,HIS,A,,,,1.6727991511236473,,,,,,,,,,,,,,,,,,,,,,,,,,,,Zn,,N,4.0,protein.sidechain,92.53409223404508,square.planar,2.0,HIS446:A
PDE4B_dimer,10394,ZN:A:801,metal_complexes,446,HIS,A,,,,1.849653481060712,,,,,,,,,,,,,,,,,,,,,,,,,,,,Zn,,N,4.0,protein.sidechain,92.53409223404508,square.planar,2.0,HIS446:A
PDE4B_dimer,10394,ZN:B:801,metal_complexes,446,HIS,B,,,,1.836575345582094,,,,,,,,,,,,,,,,,,,,,,,,,,,,Zn,,N,4.0,protein.sidechain,93.95020455364391,square.planar,1.0,HIS446:B
PDE4B_dimer,10394,ZN:B:801,metal_complexes,446,HIS,B,,,,1.8541396926876887,,,,,,,,,,,,,,,,,,,,,,,,,,,,Zn,,N,4.0,protein.sidechain,93.95020455364391,square.planar,1.0,HIS446:B
PDE4B_dimer,10394,ZN:B:801,metal_complexes,446,HIS,B,,,,1.836575345582094,,,,,,,,,,,,,,,,,,,,,,,,,,,,Zn,,N,4.0,protein.sidechain,93.95020455364391,square.planar,1.0,HIS446:B
PDE4B_dimer,10394,ZN:B:801,metal_complexes,446,HIS,B,,,,1.8541396926876887,,,,,,,,,,,,,,,,,,,,,,,,,,,,Zn,,N,4.0,protein.sidechain,93.95020455364391,square.planar,1.0,HIS446:B
PDE4B_dimer,10394,ZN:B:801,metal_complexes,446,HIS,B,,,,1.836575345582094,,,,,,,,,,,,,,,,,,,,,,,,,,,,Zn,,N,4.0,protein.sidechain,93.95020455364391,square.planar,2.0,HIS446:B
PDE4B_dimer,10394,ZN:B:801,metal_complexes,446,HIS,B,,,,1.8541396926876887,,,,,,,,,,,,,,,,,,,,,,,,,,,,Zn,,N,4.0,protein.sidechain,93.95020455364391,square.planar,2.0,HIS446:B
PDE4B_dimer,10394,ZN:B:801,metal_complexes,446,HIS,B,,,,1.836575345582094,,,,,,,,,,,,,,,,,,,,,,,,,,,,Zn,,N,4.0,protein.sidechain,93.95020455364391,square.planar,2.0,HIS446:B
PDE4B_dimer,10394,ZN:B:801,metal_complexes,446,HIS,B,,,,1.8541396926876887,,,,,,,,,,,,,,,,,,,,,,,,,,,,Zn,,N,4.0,protein.sidechain,93.95020455364391,square.planar,2.0,HIS446:B
PDE4B_dimer,10394,UNL:A:1,hydrophobic_contacts,405,TYR,A,,,,3.606596456494682,,,,,,,,,,,,,,,,,,,,,,,,,,,,,,,,,,,,TYR405:A
PDE4B_dimer,10394,UNL:A:1,hydrophobic_contacts,405,TYR,A,,,,3.41933707025207,,,,,,,,,,,,,,,,,,,,,,,,,,,,,,,,,,,,TYR405:A
PDE4B_dimer,10394,UNL:A:1,hydrophobic_contacts,406,HIS,A,,,,3.87109519386956,,,,,,,,,,,,,,,,,,,,,,,,,,,,,,,,,,,,HIS406:A
PDE4B_dimer,10394,UNL:A:1,hydrophobic_contacts,582,ILE,A,,,,3.789827700568985,,,,,,,,,,,,,,,,,,,,,,,,,,,,,,,,,,,,ILE582:A
PDE4B_dimer,10394,UNL:A:1,hydrophobic_contacts,582,ILE,A,,,,3.6346246023489126,,,,,,,,,,,,,,,,,,,,,,,,,,,,,,,,,,,,ILE582:A
PDE4B_dimer,10394,UNL:A:1,hydrophobic_contacts,618,PHE,A,,,,3.732952852635563,,,,,,,,,,,,,,,,,,,,,,,,,,,,,,,,,,,,PHE618:A
PDE4B_dimer,10394,UNL:A:1,hydrophobic_contacts,586,PHE,A,,,,3.7520110607512858,,,,,,,,,,,,,,,,,,,,,,,,,,,,,,,,,,,,PHE586:A
PDE4B_dimer,10394,UNL:A:1,hbonds_pdon,406,HIS,A,,,,,,,True,,,,True,,,,,,,,,,,,,,104.30432299601505,,strong,,,,,,,,,,,,,HIS406:A
PDE4B_dimer,10394,UNL:A:1,hbonds_pdon,585,GLU,A,,,,,,,True,,,,True,,,,,,,,,,,,,,154.58335586791165,,strong,,,,,,,,,,,,,GLU585:A
PDE4B_dimer,10394,UNL:A:1,hbonds_pdon,406,HIS,A,,,,,,,True,,,,True,,,,,,,,,,,,,,106.42183249397856,,strong,,,,,,,,,,,,,HIS406:A
PDE4B_dimer,10394,UNL:A:1,hbonds_pdon,585,GLU,A,,,,,,,True,,,,True,,,,,,,,,,,,,,154.58335586791165,,strong,,,,,,,,,,,,,GLU585:A
PDE4B_dimer,10394,UNL:A:1,water_bridges,567,ASN,A,,,,,,,,,,,True,,,,,,,,,,,,,,,,first_deg,,,,,,,,,,,,,ASN567:A
PDE4B_dimer,10394,UNL:A:1,water_bridges,567,ASN,A,,,,,,,,,,,True,,,,,,,,,,,,,,,,first_deg,,,,,,,,,,,,,ASN567:A
PDE4B_dimer,10394,UNL:A:1,water_bridges,453,VAL,A,,,,,,,,,,,False,,,,,,,,,,,,,,,,first_deg,,,,,,,,,,,,,VAL453:A
PDE4B_dimer,10394,UNL:A:1,water_bridges,589,GLN,A,,,,,,,,,,,False,,,,,,,,,,,,,,,,first_deg,,,,,,,,,,,,,GLN589:A
PDE4B_dimer,10559720,ZN:A:801,metal_complexes,446,HIS,A,,,,1.6727991511236473,,,,,,,,,,,,,,,,,,,,,,,,,,,,Zn,,N,4.0,protein.sidechain,92.53409223404508,square.planar,1.0,HIS446:A
PDE4B_dimer,10559720,ZN:A:801,metal_complexes,446,HIS,A,,,,1.849653481060712,,,,,,,,,,,,,,,,,,,,,,,,,,,,Zn,,N,4.0,protein.sidechain,92.53409223404508,square.planar,1.0,HIS446:A
PDE4B_dimer,10559720,ZN:A:801,metal_complexes,446,HIS,A,,,,1.6727991511236473,,,,,,,,,,,,,,,,,,,,,,,,,,,,Zn,,N,4.0,protein.sidechain,92.53409223404508,square.planar,1.0,HIS446:A
PDE4B_dimer,10559720,ZN:A:801,metal_complexes,446,HIS,A,,,,1.849653481060712,,,,,,,,,,,,,,,,,,,,,,,,,,,,Zn,,N,4.0,protein.sidechain,92.53409223404508,square.planar,1.0,HIS446:A
PDE4B_dimer,10559720,ZN:A:801,metal_complexes,446,HIS,A,,,,1.6727991511236473,,,,,,,,,,,,,,,,,,,,,,,,,,,,Zn,,N,4.0,protein.sidechain,92.53409223404508,square.planar,2.0,HIS446:A
PDE4B_dimer,10559720,ZN:A:801,metal_complexes,446,HIS,A,,,,1.849653481060712,,,,,,,,,,,,,,,,,,,,,,,,,,,,Zn,,N,4.0,protein.sidechain,92.53409223404508,square.planar,2.0,HIS446:A
PDE4B_dimer,10559720,ZN:A:801,metal_complexes,446,HIS,A,,,,1.6727991511236473,,,,,,,,,,,,,,,,,,,,,,,,,,,,Zn,,N,4.0,protein.sidechain,92.53409223404508,square.planar,2.0,HIS446:A
PDE4B_dimer,10559720,ZN:A:801,metal_complexes,446,HIS,A,,,,1.849653481060712,,,,,,,,,,,,,,,,,,,,,,,,,,,,Zn,,N,4.0,protein.sidechain,92.53409223404508,square.planar,2.0,HIS446:A
PDE4B_dimer,10559720,MG:A:804,metal_complexes,1,UNL,Z,,,,2.5059986033515647,,,,,,,,,,,,,,,,,,,,,,,,,,,,Mg,,O,1.0,protein.mainchain,0.0,,1.0,UNL1:Z
PDE4B_dimer,10559720,MG:A:804,metal_complexes,1,UNL,Z,,,,2.5059986033515647,,,,,,,,,,,,,,,,,,,,,,,,,,,,Mg,,O,1.0,protein.mainchain,0.0,,2.0,UNL1:Z
PDE4B_dimer,10559720,ZN:B:801,metal_complexes,446,HIS,B,,,,1.836575345582094,,,,,,,,,,,,,,,,,,,,,,,,,,,,Zn,,N,4.0,protein.sidechain,93.95020455364391,square.planar,1.0,HIS446:B
PDE4B_dimer,10559720,ZN:B:801,metal_complexes,446,HIS,B,,,,1.8541396926876887,,,,,,,,,,,,,,,,,,,,,,,,,,,,Zn,,N,4.0,protein.sidechain,93.95020455364391,square.planar,1.0,HIS446:B
PDE4B_dimer,10559720,ZN:B:801,metal_complexes,446,HIS,B,,,,1.836575345582094,,,,,,,,,,,,,,,,,,,,,,,,,,,,Zn,,N,4.0,protein.sidechain,93.95020455364391,square.planar,1.0,HIS446:B
PDE4B_dimer,10559720,ZN:B:801,metal_complexes,446,HIS,B,,,,1.8541396926876887,,,,,,,,,,,,,,,,,,,,,,,,,,,,Zn,,N,4.0,protein.sidechain,93.95020455364391,square.planar,1.0,HIS446:B
PDE4B_dimer,10559720,ZN:B:801,metal_complexes,446,HIS,B,,,,1.836575345582094,,,,,,,,,,,,,,,,,,,,,,,,,,,,Zn,,N,4.0,protein.sidechain,93.95020455364391,square.planar,2.0,HIS446:B
PDE4B_dimer,10559720,ZN:B:801,metal_complexes,446,HIS,B,,,,1.8541396926876887,,,,,,,,,,,,,,,,,,,,,,,,,,,,Zn,,N,4.0,protein.sidechain,93.95020455364391,square.planar,2.0,HIS446:B
PDE4B_dimer,10559720,ZN:B:801,metal_complexes,446,HIS,B,,,,1.836575345582094,,,,,,,,,,,,,,,,,,,,,,,,,,,,Zn,,N,4.0,protein.sidechain,93.95020455364391,square.planar,2.0,HIS446:B
PDE4B_dimer,10559720,ZN:B:801,metal_complexes,446,HIS,B,,,,1.8541396926876887,,,,,,,,,,,,,,,,,,,,,,,,,,,,Zn,,N,4.0,protein.sidechain,93.95020455364391,square.planar,2.0,HIS446:B
PDE4B_dimer,10559720,UNL:Z:1,hydrophobic_contacts,405,TYR,A,,,,3.632207868500924,,,,,,,,,,,,,,,,,,,,,,,,,,,,,,,,,,,,TYR405:A
PDE4B_dimer,10559720,UNL:Z:1,hydrophobic_contacts,405,TYR,A,,,,3.73165338690506,,,,,,,,,,,,,,,,,,,,,,,,,,,,,,,,,,,,TYR405:A
PDE4B_dimer,10559720,UNL:Z:1,hydrophobic_contacts,582,ILE,A,,,,3.6462222916328058,,,,,,,,,,,,,,,,,,,,,,,,,,,,,,,,,,,,ILE582:A
PDE4B_dimer,10559720,UNL:Z:1,hydrophobic_contacts,519,MET,A,,,,3.803771023602762,,,,,,,,,,,,,,,,,,,,,,,,,,,,,,,,,,,,MET519:A
PDE4B_dimer,10559720,UNL:Z:1,hydrophobic_contacts,586,PHE,A,,,,3.625511412201043,,,,,,,,,,,,,,,,,,,,,,,,,,,,,,,,,,,,PHE586:A
PDE4B_dimer,10559720,UNL:Z:1,hydrophobic_contacts,586,PHE,A,,,,3.927844447021801,,,,,,,,,,,,,,,,,,,,,,,,,,,,,,,,,,,,PHE586:A
PDE4B_dimer,10559720,UNL:Z:1,saltbridge_lneg,406,HIS,A,,,,4.2342385679127785,,,,,,,,,,,,,,,,,True,,,,,,,,,,,,,,,,,,,HIS406:A
PDE4B_dimer,10559720,UNL:Z:1,saltbridge_lneg,450,HIS,A,,,,4.087515168167581,,,,,,,,,,,,,,,,,True,,,,,,,,,,,,,,,,,,,HIS450:A
PDE4B_dimer,107,ZN:A:801,metal_complexes,446,HIS,A,,,,1.6727991511236473,,,,,,,,,,,,,,,,,,,,,,,,,,,,Zn,,N,4.0,protein.sidechain,92.53409223404508,square.planar,1.0,HIS446:A
PDE4B_dimer,107,ZN:A:801,metal_complexes,446,HIS,A,,,,1.849653481060712,,,,,,,,,,,,,,,,,,,,,,,,,,,,Zn,,N,4.0,protein.sidechain,92.53409223404508,square.planar,1.0,HIS446:A
PDE4B_dimer,107,ZN:A:801,metal_complexes,446,HIS,A,,,,1.6727991511236473,,,,,,,,,,,,,,,,,,,,,,,,,,,,Zn,,N,4.0,protein.sidechain,92.53409223404508,square.planar,1.0,HIS446:A
PDE4B_dimer,107,ZN:A:801,metal_complexes,446,HIS,A,,,,1.849653481060712,,,,,,,,,,,,,,,,,,,,,,,,,,,,Zn,,N,4.0,protein.sidechain,92.53409223404508,square.planar,1.0,HIS446:A
PDE4B_dimer,107,ZN:A:801,metal_complexes,446,HIS,A,,,,1.6727991511236473,,,,,,,,,,,,,,,,,,,,,,,,,,,,Zn,,N,4.0,protein.sidechain,92.53409223404508,square.planar,2.0,HIS446:A
PDE4B_dimer,107,ZN:A:801,metal_complexes,446,HIS,A,,,,1.849653481060712,,,,,,,,,,,,,,,,,,,,,,,,,,,,Zn,,N,4.0,protein.sidechain,92.53409223404508,square.planar,2.0,HIS446:A
PDE4B_dimer,107,ZN:A:801,metal_complexes,446,HIS,A,,,,1.6727991511236473,,,,,,,,,,,,,,,,,,,,,,,,,,,,Zn,,N,4.0,protein.sidechain,92.53409223404508,square.planar,2.0,HIS446:A
PDE4B_dimer,107,ZN:A:801,metal_complexes,446,HIS,A,,,,1.849653481060712,,,,,,,,,,,,,,,,,,,,,,,,,,,,Zn,,N,4.0,protein.sidechain,92.53409223404508,square.planar,2.0,HIS446:A
PDE4B_dimer,107,ZN:B:801,metal_complexes,446,HIS,B,,,,1.836575345582094,,,,,,,,,,,,,,,,,,,,,,,,,,,,Zn,,N,4.0,protein.sidechain,93.95020455364391,square.planar,1.0,HIS446:B
PDE4B_dimer,107,ZN:B:801,metal_complexes,446,HIS,B,,,,1.8541396926876887,,,,,,,,,,,,,,,,,,,,,,,,,,,,Zn,,N,4.0,protein.sidechain,93.95020455364391,square.planar,1.0,HIS446:B
PDE4B_dimer,107,ZN:B:801,metal_complexes,446,HIS,B,,,,1.836575345582094,,,,,,,,,,,,,,,,,,,,,,,,,,,,Zn,,N,4.0,protein.sidechain,93.95020455364391,square.planar,1.0,HIS446:B
PDE4B_dimer,107,ZN:B:801,metal_complexes,446,HIS,B,,,,1.8541396926876887,,,,,,,,,,,,,,,,,,,,,,,,,,,,Zn,,N,4.0,protein.sidechain,93.95020455364391,square.planar,1.0,HIS446:B
PDE4B_dimer,107,ZN:B:801,metal_complexes,446,HIS,B,,,,1.836575345582094,,,,,,,,,,,,,,,,,,,,,,,,,,,,Zn,,N,4.0,protein.sidechain,93.95020455364391,square.planar,2.0,HIS446:B
PDE4B_dimer,107,ZN:B:801,metal_complexes,446,HIS,B,,,,1.8541396926876887,,,,,,,,,,,,,,,,,,,,,,,,,,,,Zn,,N,4.0,protein.sidechain,93.95020455364391,square.planar,2.0,HIS446:B
PDE4B_dimer,107,ZN:B:801,metal_complexes,446,HIS,B,,,,1.836575345582094,,,,,,,,,,,,,,,,,,,,,,,,,,,,Zn,,N,4.0,protein.sidechain,93.95020455364391,square.planar,2.0,HIS446:B
PDE4B_dimer,107,ZN:B:801,metal_complexes,446,HIS,B,,,,1.8541396926876887,,,,,,,,,,,,,,,,,,,,,,,,,,,,Zn,,N,4.0,protein.sidechain,93.95020455364391,square.planar,2.0,HIS446:B
PDE4B_dimer,107,UNL:Z:1,hydrophobic_contacts,405,TYR,A,,,,3.6662977238625913,,,,,,,,,,,,,,,,,,,,,,,,,,,,,,,,,,,,TYR405:A
PDE4B_dimer,107,UNL:Z:1,hydrophobic_contacts,405,TYR,A,,,,3.6696081534681606,,,,,,,,,,,,,,,,,,,,,,,,,,,,,,,,,,,,TYR405:A
PDE4B_dimer,107,UNL:Z:1,hydrophobic_contacts,406,HIS,A,,,,3.7245378236769184,,,,,,,,,,,,,,,,,,,,,,,,,,,,,,,,,,,,HIS406:A
PDE4B_dimer,107,UNL:Z:1,hydrophobic_contacts,582,ILE,A,,,,3.634216972058766,,,,,,,,,,,,,,,,,,,,,,,,,,,,,,,,,,,,ILE582:A
PDE4B_dimer,107,UNL:Z:1,hydrophobic_contacts,586,PHE,A,,,,3.952719823109145,,,,,,,,,,,,,,,,,,,,,,,,,,,,,,,,,,,,PHE586:A
PDE4B_dimer,107,UNL:Z:1,hydrophobic_contacts,618,PHE,A,,,,3.6103358569529207,,,,,,,,,,,,,,,,,,,,,,,,,,,,,,,,,,,,PHE618:A
PDE4B_dimer,107,UNL:Z:1,hydrophobic_contacts,586,PHE,A,,,,3.612291516475379,,,,,,,,,,,,,,,,,,,,,,,,,,,,,,,,,,,,PHE586:A
PDE4B_dimer,107,UNL:Z:1,water_bridges,567,ASN,A,,,,,,,,,,,True,,,,,,,,,,,,,,,,first_deg,,,,,,,,,,,,,ASN567:A
PDE4B_dimer,107,UNL:Z:1,water_bridges,567,ASN,A,,,,,,,,,,,True,,,,,,,,,,,,,,,,first_deg,,,,,,,,,,,,,ASN567:A
PDE4B_dimer,175,ZN:A:801,metal_complexes,446,HIS,A,,,,1.6727991511236473,,,,,,,,,,,,,,,,,,,,,,,,,,,,Zn,,N,4.0,protein.sidechain,92.53409223404508,square.planar,1.0,HIS446:A
PDE4B_dimer,175,ZN:A:801,metal_complexes,446,HIS,A,,,,1.849653481060712,,,,,,,,,,,,,,,,,,,,,,,,,,,,Zn,,N,4.0,protein.sidechain,92.53409223404508,square.planar,1.0,HIS446:A
PDE4B_dimer,175,ZN:A:801,metal_complexes,446,HIS,A,,,,1.6727991511236473,,,,,,,,,,,,,,,,,,,,,,,,,,,,Zn,,N,4.0,protein.sidechain,92.53409223404508,square.planar,1.0,HIS446:A
PDE4B_dimer,175,ZN:A:801,metal_complexes,446,HIS,A,,,,1.849653481060712,,,,,,,,,,,,,,,,,,,,,,,,,,,,Zn,,N,4.0,protein.sidechain,92.53409223404508,square.planar,1.0,HIS446:A
PDE4B_dimer,175,ZN:A:801,metal_complexes,446,HIS,A,,,,1.6727991511236473,,,,,,,,,,,,,,,,,,,,,,,,,,,,Zn,,N,4.0,protein.sidechain,92.53409223404508,square.planar,2.0,HIS446:A
PDE4B_dimer,175,ZN:A:801,metal_complexes,446,HIS,A,,,,1.849653481060712,,,,,,,,,,,,,,,,,,,,,,,,,,,,Zn,,N,4.0,protein.sidechain,92.53409223404508,square.planar,2.0,HIS446:A
PDE4B_dimer,175,ZN:A:801,metal_complexes,446,HIS,A,,,,1.6727991511236473,,,,,,,,,,,,,,,,,,,,,,,,,,,,Zn,,N,4.0,protein.sidechain,92.53409223404508,square.planar,2.0,HIS446:A
PDE4B_dimer,175,ZN:A:801,metal_complexes,446,HIS,A,,,,1.849653481060712,,,,,,,,,,,,,,,,,,,,,,,,,,,,Zn,,N,4.0,protein.sidechain,92.53409223404508,square.planar,2.0,HIS446:A
PDE4B_dimer,175,ZN:B:801,metal_complexes,446,HIS,B,,,,1.836575345582094,,,,,,,,,,,,,,,,,,,,,,,,,,,,Zn,,N,4.0,protein.sidechain,93.95020455364391,square.planar,1.0,HIS446:B
PDE4B_dimer,175,ZN:B:801,metal_complexes,446,HIS,B,,,,1.8541396926876887,,,,,,,,,,,,,,,,,,,,,,,,,,,,Zn,,N,4.0,protein.sidechain,93.95020455364391,square.planar,1.0,HIS446:B
PDE4B_dimer,175,ZN:B:801,metal_complexes,446,HIS,B,,,,1.836575345582094,,,,,,,,,,,,,,,,,,,,,,,,,,,,Zn,,N,4.0,protein.sidechain,93.95020455364391,square.planar,1.0,HIS446:B
PDE4B_dimer,175,ZN:B:801,metal_complexes,446,HIS,B,,,,1.8541396926876887,,,,,,,,,,,,,,,,,,,,,,,,,,,,Zn,,N,4.0,protein.sidechain,93.95020455364391,square.planar,1.0,HIS446:B
PDE4B_dimer,175,ZN:B:801,metal_complexes,446,HIS,B,,,,1.836575345582094,,,,,,,,,,,,,,,,,,,,,,,,,,,,Zn,,N,4.0,protein.sidechain,93.95020455364391,square.planar,2.0,HIS446:B
PDE4B_dimer,175,ZN:B:801,metal_complexes,446,HIS,B,,,,1.8541396926876887,,,,,,,,,,,,,,,,,,,,,,,,,,,,Zn,,N,4.0,protein.sidechain,93.95020455364391,square.planar,2.0,HIS446:B
PDE4B_dimer,175,ZN:B:801,metal_complexes,446,HIS,B,,,,1.836575345582094,,,,,,,,,,,,,,,,,,,,,,,,,,,,Zn,,N,4.0,protein.sidechain,93.95020455364391,square.planar,2.0,HIS446:B
PDE4B_dimer,175,ZN:B:801,metal_complexes,446,HIS,B,,,,1.8541396926876887,,,,,,,,,,,,,,,,,,,,,,,,,,,,Zn,,N,4.0,protein.sidechain,93.95020455364391,square.planar,2.0,HIS446:B
PDE4B_dimer,175,UNL:A:1,hydrophobic_contacts,405,TYR,A,,,,3.690174386123236,,,,,,,,,,,,,,,,,,,,,,,,,,,,,,,,,,,,TYR405:A
PDE4B_dimer,175,UNL:A:1,hydrophobic_contacts,582,ILE,A,,,,3.973644297115681,,,,,,,,,,,,,,,,,,,,,,,,,,,,,,,,,,,,ILE582:A
PDE4B_dimer,175,UNL:A:1,water_bridges,565,LEU,A,,,,,,,,,,,True,,,,,,,,,,,,,,,,first_deg,,,,,,,,,,,,,LEU565:A
PDE4B_dimer,49831816,ZN:A:801,metal_complexes,446,HIS,A,,,,1.6727991511236473,,,,,,,,,,,,,,,,,,,,,,,,,,,,Zn,,N,4.0,protein.sidechain,92.53409223404508,square.planar,1.0,HIS446:A
PDE4B_dimer,49831816,ZN:A:801,metal_complexes,446,HIS,A,,,,1.849653481060712,,,,,,,,,,,,,,,,,,,,,,,,,,,,Zn,,N,4.0,protein.sidechain,92.53409223404508,square.planar,1.0,HIS446:A
PDE4B_dimer,49831816,ZN:A:801,metal_complexes,446,HIS,A,,,,1.6727991511236473,,,,,,,,,,,,,,,,,,,,,,,,,,,,Zn,,N,4.0,protein.sidechain,92.53409223404508,square.planar,1.0,HIS446:A
PDE4B_dimer,49831816,ZN:A:801,metal_complexes,446,HIS,A,,,,1.849653481060712,,,,,,,,,,,,,,,,,,,,,,,,,,,,Zn,,N,4.0,protein.sidechain,92.53409223404508,square.planar,1.0,HIS446:A
PDE4B_dimer,49831816,ZN:A:801,metal_complexes,446,HIS,A,,,,1.6727991511236473,,,,,,,,,,,,,,,,,,,,,,,,,,,,Zn,,N,4.0,protein.sidechain,92.53409223404508,square.planar,2.0,HIS446:A
PDE4B_dimer,49831816,ZN:A:801,metal_complexes,446,HIS,A,,,,1.849653481060712,,,,,,,,,,,,,,,,,,,,,,,,,,,,Zn,,N,4.0,protein.sidechain,92.53409223404508,square.planar,2.0,HIS446:A
PDE4B_dimer,49831816,ZN:A:801,metal_complexes,446,HIS,A,,,,1.6727991511236473,,,,,,,,,,,,,,,,,,,,,,,,,,,,Zn,,N,4.0,protein.sidechain,92.53409223404508,square.planar,2.0,HIS446:A
PDE4B_dimer,49831816,ZN:A:801,metal_complexes,446,HIS,A,,,,1.849653481060712,,,,,,,,,,,,,,,,,,,,,,,,,,,,Zn,,N,4.0,protein.sidechain,92.53409223404508,square.planar,2.0,HIS446:A
PDE4B_dimer,49831816,ZN:B:801,metal_complexes,446,HIS,B,,,,1.836575345582094,,,,,,,,,,,,,,,,,,,,,,,,,,,,Zn,,N,4.0,protein.sidechain,93.95020455364391,square.planar,1.0,HIS446:B
PDE4B_dimer,49831816,ZN:B:801,metal_complexes,446,HIS,B,,,,1.8541396926876887,,,,,,,,,,,,,,,,,,,,,,,,,,,,Zn,,N,4.0,protein.sidechain,93.95020455364391,square.planar,1.0,HIS446:B
PDE4B_dimer,49831816,ZN:B:801,metal_complexes,446,HIS,B,,,,1.836575345582094,,,,,,,,,,,,,,,,,,,,,,,,,,,,Zn,,N,4.0,protein.sidechain,93.95020455364391,square.planar,1.0,HIS446:B
PDE4B_dimer,49831816,ZN:B:801,metal_complexes,446,HIS,B,,,,1.8541396926876887,,,,,,,,,,,,,,,,,,,,,,,,,,,,Zn,,N,4.0,protein.sidechain,93.95020455364391,square.planar,1.0,HIS446:B
PDE4B_dimer,49831816,ZN:B:801,metal_complexes,446,HIS,B,,,,1.836575345582094,,,,,,,,,,,,,,,,,,,,,,,,,,,,Zn,,N,4.0,protein.sidechain,93.95020455364391,square.planar,2.0,HIS446:B
PDE4B_dimer,49831816,ZN:B:801,metal_complexes,446,HIS,B,,,,1.8541396926876887,,,,,,,,,,,,,,,,,,,,,,,,,,,,Zn,,N,4.0,protein.sidechain,93.95020455364391,square.planar,2.0,HIS446:B
PDE4B_dimer,49831816,ZN:B:801,metal_complexes,446,HIS,B,,,,1.836575345582094,,,,,,,,,,,,,,,,,,,,,,,,,,,,Zn,,N,4.0,protein.sidechain,93.95020455364391,square.planar,2.0,HIS446:B
PDE4B_dimer,49831816,ZN:B:801,metal_complexes,446,HIS,B,,,,1.8541396926876887,,,,,,,,,,,,,,,,,,,,,,,,,,,,Zn,,N,4.0,protein.sidechain,93.95020455364391,square.planar,2.0,HIS446:B
PDE4B_dimer,49831816,UNL:Z:1,hydrophobic_contacts,519,MET,A,,,,3.828790409515773,,,,,,,,,,,,,,,,,,,,,,,,,,,,,,,,,,,,MET519:A
PDE4B_dimer,49831816,UNL:Z:1,hydrophobic_contacts,618,PHE,A,,,,3.7403050677718808,,,,,,,,,,,,,,,,,,,,,,,,,,,,,,,,,,,,PHE618:A
PDE4B_dimer,49831816,UNL:Z:1,hbonds_ldon,450,HIS,A,,,,,,,True,,,,False,,,,,,,,,,,,,,100.17749682232365,,strong,,,,,,,,,,,,,HIS450:A
PDE4B_dimer,49831816,UNL:Z:1,hbonds_ldon,455,ASN,A,,,,,,,False,,,,False,,,,,,,,,,,,,,115.9454102504858,,strong,,,,,,,,,,,,,ASN455:A
PDE4B_dimer,49831816,UNL:Z:1,hbonds_pdon,450,HIS,A,,,,,,,True,,,,True,,,,,,,,,,,,,,137.28909080081445,,strong,,,,,,,,,,,,,HIS450:A
PDE4B_dimer,49831816,UNL:Z:1,hbonds_pdon,450,HIS,A,,,,,,,True,,,,True,,,,,,,,,,,,,,137.28909080081445,,strong,,,,,,,,,,,,,HIS450:A
PDE4B_dimer,49831816,UNL:Z:1,hbonds_pdon,455,ASN,A,,,,,,,False,,,,True,,,,,,,,,,,,,,126.91154644685872,,strong,,,,,,,,,,,,,ASN455:A
PDE4B_dimer,49831816,UNL:Z:1,hbonds_pdon,455,ASN,A,,,,,,,False,,,,True,,,,,,,,,,,,,,143.85316948492087,,strong,,,,,,,,,,,,,ASN455:A
PDE4B_dimer,49831816,UNL:Z:1,hbonds_pdon,455,ASN,A,,,,,,,True,,,,True,,,,,,,,,,,,,,100.21935521984403,,strong,,,,,,,,,,,,,ASN455:A
PDE4B_dimer,49831816,UNL:Z:1,water_bridges,567,ASN,A,,,,,,,,,,,True,,,,,,,,,,,,,,,,first_deg,,,,,,,,,,,,,ASN567:A
PDE4B_dimer,6262,ZN:A:801,metal_complexes,446,HIS,A,,,,1.6727991511236473,,,,,,,,,,,,,,,,,,,,,,,,,,,,Zn,,N,4.0,protein.sidechain,92.53409223404508,square.planar,1.0,HIS446:A
PDE4B_dimer,6262,ZN:A:801,metal_complexes,446,HIS,A,,,,1.849653481060712,,,,,,,,,,,,,,,,,,,,,,,,,,,,Zn,,N,4.0,protein.sidechain,92.53409223404508,square.planar,1.0,HIS446:A
PDE4B_dimer,6262,ZN:A:801,metal_complexes,446,HIS,A,,,,1.6727991511236473,,,,,,,,,,,,,,,,,,,,,,,,,,,,Zn,,N,4.0,protein.sidechain,92.53409223404508,square.planar,1.0,HIS446:A
PDE4B_dimer,6262,ZN:A:801,metal_complexes,446,HIS,A,,,,1.849653481060712,,,,,,,,,,,,,,,,,,,,,,,,,,,,Zn,,N,4.0,protein.sidechain,92.53409223404508,square.planar,1.0,HIS446:A
PDE4B_dimer,6262,ZN:A:801,metal_complexes,446,HIS,A,,,,1.6727991511236473,,,,,,,,,,,,,,,,,,,,,,,,,,,,Zn,,N,4.0,protein.sidechain,92.53409223404508,square.planar,2.0,HIS446:A
PDE4B_dimer,6262,ZN:A:801,metal_complexes,446,HIS,A,,,,1.849653481060712,,,,,,,,,,,,,,,,,,,,,,,,,,,,Zn,,N,4.0,protein.sidechain,92.53409223404508,square.planar,2.0,HIS446:A
PDE4B_dimer,6262,ZN:A:801,metal_complexes,446,HIS,A,,,,1.6727991511236473,,,,,,,,,,,,,,,,,,,,,,,,,,,,Zn,,N,4.0,protein.sidechain,92.53409223404508,square.planar,2.0,HIS446:A
PDE4B_dimer,6262,ZN:A:801,metal_complexes,446,HIS,A,,,,1.849653481060712,,,,,,,,,,,,,,,,,,,,,,,,,,,,Zn,,N,4.0,protein.sidechain,92.53409223404508,square.planar,2.0,HIS446:A
PDE4B_dimer,6262,ZN:B:801,metal_complexes,446,HIS,B,,,,1.836575345582094,,,,,,,,,,,,,,,,,,,,,,,,,,,,Zn,,N,4.0,protein.sidechain,93.95020455364391,square.planar,1.0,HIS446:B
PDE4B_dimer,6262,ZN:B:801,metal_complexes,446,HIS,B,,,,1.8541396926876887,,,,,,,,,,,,,,,,,,,,,,,,,,,,Zn,,N,4.0,protein.sidechain,93.95020455364391,square.planar,1.0,HIS446:B
PDE4B_dimer,6262,ZN:B:801,metal_complexes,446,HIS,B,,,,1.836575345582094,,,,,,,,,,,,,,,,,,,,,,,,,,,,Zn,,N,4.0,protein.sidechain,93.95020455364391,square.planar,1.0,HIS446:B
PDE4B_dimer,6262,ZN:B:801,metal_complexes,446,HIS,B,,,,1.8541396926876887,,,,,,,,,,,,,,,,,,,,,,,,,,,,Zn,,N,4.0,protein.sidechain,93.95020455364391,square.planar,1.0,HIS446:B
PDE4B_dimer,6262,ZN:B:801,metal_complexes,446,HIS,B,,,,1.836575345582094,,,,,,,,,,,,,,,,,,,,,,,,,,,,Zn,,N,4.0,protein.sidechain,93.95020455364391,square.planar,2.0,HIS446:B
PDE4B_dimer,6262,ZN:B:801,metal_complexes,446,HIS,B,,,,1.8541396926876887,,,,,,,,,,,,,,,,,,,,,,,,,,,,Zn,,N,4.0,protein.sidechain,93.95020455364391,square.planar,2.0,HIS446:B
PDE4B_dimer,6262,ZN:B:801,metal_complexes,446,HIS,B,,,,1.836575345582094,,,,,,,,,,,,,,,,,,,,,,,,,,,,Zn,,N,4.0,protein.sidechain,93.95020455364391,square.planar,2.0,HIS446:B
PDE4B_dimer,6262,ZN:B:801,metal_complexes,446,HIS,B,,,,1.8541396926876887,,,,,,,,,,,,,,,,,,,,,,,,,,,,Zn,,N,4.0,protein.sidechain,93.95020455364391,square.planar,2.0,HIS446:B
PDE4B_dimer,6262,UNL:Z:1,hydrophobic_contacts,618,PHE,A,,,,3.820302344056033,,,,,,,,,,,,,,,,,,,,,,,,,,,,,,,,,,,,PHE618:A
PDE4B_dimer,6262,UNL:Z:1,hbonds_ldon,406,HIS,A,,,,,,,True,,,,False,,,,,,,,,,,,,,105.62525669659054,,strong,,,,,,,,,,,,,HIS406:A
PDE4B_dimer,6262,UNL:Z:1,hbonds_pdon,405,TYR,A,,,,,,,True,,,,True,,,,,,,,,,,,,,117.20008500450562,,strong,,,,,,,,,,,,,TYR405:A
PDE4B_dimer,6262,UNL:Z:1,water_bridges,567,ASN,A,,,,,,,,,,,True,,,,,,,,,,,,,,,,first_deg,,,,,,,,,,,,,ASN567:A
PDE4B_dimer,348154,ZN:A:801,metal_complexes,446,HIS,A,,,,1.6727991511236473,,,,,,,,,,,,,,,,,,,,,,,,,,,,Zn,,N,4.0,protein.sidechain,92.53409223404508,square.planar,1.0,HIS446:A
PDE4B_dimer,348154,ZN:A:801,metal_complexes,446,HIS,A,,,,1.849653481060712,,,,,,,,,,,,,,,,,,,,,,,,,,,,Zn,,N,4.0,protein.sidechain,92.53409223404508,square.planar,1.0,HIS446:A
PDE4B_dimer,348154,ZN:A:801,metal_complexes,446,HIS,A,,,,1.6727991511236473,,,,,,,,,,,,,,,,,,,,,,,,,,,,Zn,,N,4.0,protein.sidechain,92.53409223404508,square.planar,1.0,HIS446:A
PDE4B_dimer,348154,ZN:A:801,metal_complexes,446,HIS,A,,,,1.849653481060712,,,,,,,,,,,,,,,,,,,,,,,,,,,,Zn,,N,4.0,protein.sidechain,92.53409223404508,square.planar,1.0,HIS446:A
PDE4B_dimer,348154,ZN:A:801,metal_complexes,446,HIS,A,,,,1.6727991511236473,,,,,,,,,,,,,,,,,,,,,,,,,,,,Zn,,N,4.0,protein.sidechain,92.53409223404508,square.planar,2.0,HIS446:A
PDE4B_dimer,348154,ZN:A:801,metal_complexes,446,HIS,A,,,,1.849653481060712,,,,,,,,,,,,,,,,,,,,,,,,,,,,Zn,,N,4.0,protein.sidechain,92.53409223404508,square.planar,2.0,HIS446:A
PDE4B_dimer,348154,ZN:A:801,metal_complexes,446,HIS,A,,,,1.6727991511236473,,,,,,,,,,,,,,,,,,,,,,,,,,,,Zn,,N,4.0,protein.sidechain,92.53409223404508,square.planar,2.0,HIS446:A
PDE4B_dimer,348154,ZN:A:801,metal_complexes,446,HIS,A,,,,1.849653481060712,,,,,,,,,,,,,,,,,,,,,,,,,,,,Zn,,N,4.0,protein.sidechain,92.53409223404508,square.planar,2.0,HIS446:A
PDE4B_dimer,348154,ZN:B:801,metal_complexes,446,HIS,B,,,,1.836575345582094,,,,,,,,,,,,,,,,,,,,,,,,,,,,Zn,,N,4.0,protein.sidechain,93.95020455364391,square.planar,1.0,HIS446:B
PDE4B_dimer,348154,ZN:B:801,metal_complexes,446,HIS,B,,,,1.8541396926876887,,,,,,,,,,,,,,,,,,,,,,,,,,,,Zn,,N,4.0,protein.sidechain,93.95020455364391,square.planar,1.0,HIS446:B
PDE4B_dimer,348154,ZN:B:801,metal_complexes,446,HIS,B,,,,1.836575345582094,,,,,,,,,,,,,,,,,,,,,,,,,,,,Zn,,N,4.0,protein.sidechain,93.95020455364391,square.planar,1.0,HIS446:B
PDE4B_dimer,348154,ZN:B:801,metal_complexes,446,HIS,B,,,,1.8541396926876887,,,,,,,,,,,,,,,,,,,,,,,,,,,,Zn,,N,4.0,protein.sidechain,93.95020455364391,square.planar,1.0,HIS446:B
PDE4B_dimer,348154,ZN:B:801,metal_complexes,446,HIS,B,,,,1.836575345582094,,,,,,,,,,,,,,,,,,,,,,,,,,,,Zn,,N,4.0,protein.sidechain,93.95020455364391,square.planar,2.0,HIS446:B
PDE4B_dimer,348154,ZN:B:801,metal_complexes,446,HIS,B,,,,1.8541396926876887,,,,,,,,,,,,,,,,,,,,,,,,,,,,Zn,,N,4.0,protein.sidechain,93.95020455364391,square.planar,2.0,HIS446:B
PDE4B_dimer,348154,ZN:B:801,metal_complexes,446,HIS,B,,,,1.836575345582094,,,,,,,,,,,,,,,,,,,,,,,,,,,,Zn,,N,4.0,protein.sidechain,93.95020455364391,square.planar,2.0,HIS446:B
PDE4B_dimer,348154,ZN:B:801,metal_complexes,446,HIS,B,,,,1.8541396926876887,,,,,,,,,,,,,,,,,,,,,,,,,,,,Zn,,N,4.0,protein.sidechain,93.95020455364391,square.planar,2.0,HIS446:B
PDE4B_dimer,348154,UNL:Z:1,hydrophobic_contacts,405,TYR,A,,,,3.5689047339484987,,,,,,,,,,,,,,,,,,,,,,,,,,,,,,,,,,,,TYR405:A
PDE4B_dimer,348154,UNL:Z:1,hydrophobic_contacts,405,TYR,A,,,,3.3969517217646787,,,,,,,,,,,,,,,,,,,,,,,,,,,,,,,,,,,,TYR405:A
PDE4B_dimer,348154,UNL:Z:1,hydrophobic_contacts,406,HIS,A,,,,3.7939819451336336,,,,,,,,,,,,,,,,,,,,,,,,,,,,,,,,,,,,HIS406:A
PDE4B_dimer,348154,UNL:Z:1,hydrophobic_contacts,582,ILE,A,,,,3.8571202988758335,,,,,,,,,,,,,,,,,,,,,,,,,,,,,,,,,,,,ILE582:A
PDE4B_dimer,348154,UNL:Z:1,hydrophobic_contacts,582,ILE,A,,,,3.5926996812981726,,,,,,,,,,,,,,,,,,,,,,,,,,,,,,,,,,,,ILE582:A
PDE4B_dimer,348154,UNL:Z:1,hydrophobic_contacts,586,PHE,A,,,,3.518211477441344,,,,,,,,,,,,,,,,,,,,,,,,,,,,,,,,,,,,PHE586:A
PDE4B_dimer,348154,UNL:Z:1,hydrophobic_contacts,618,PHE,A,,,,3.738748587428683,,,,,,,,,,,,,,,,,,,,,,,,,,,,,,,,,,,,PHE618:A
PDE4B_dimer,348154,UNL:Z:1,hydrophobic_contacts,586,PHE,A,,,,3.8152604105093513,,,,,,,,,,,,,,,,,,,,,,,,,,,,,,,,,,,,PHE586:A
PDE4B_dimer,348154,UNL:Z:1,hbonds_pdon,406,HIS,A,,,,,,,True,,,,True,,,,,,,,,,,,,,114.81694138827466,,strong,,,,,,,,,,,,,HIS406:A
PDE4B_dimer,348154,UNL:Z:1,hbonds_pdon,585,GLU,A,,,,,,,True,,,,True,,,,,,,,,,,,,,156.5889718962181,,strong,,,,,,,,,,,,,GLU585:A
PDE4B_dimer,348154,UNL:Z:1,hbonds_pdon,406,HIS,A,,,,,,,True,,,,True,,,,,,,,,,,,,,103.51814725606616,,strong,,,,,,,,,,,,,HIS406:A
PDE4B_dimer,348154,UNL:Z:1,water_bridges,567,ASN,A,,,,,,,,,,,True,,,,,,,,,,,,,,,,first_deg,,,,,,,,,,,,,ASN567:A
PDE4B_dimer,348154,UNL:Z:1,water_bridges,567,ASN,A,,,,,,,,,,,True,,,,,,,,,,,,,,,,first_deg,,,,,,,,,,,,,ASN567:A
PDE4B_dimer,348154,UNL:Z:1,water_bridges,453,VAL,A,,,,,,,,,,,False,,,,,,,,,,,,,,,,first_deg,,,,,,,,,,,,,VAL453:A
PDE4B_dimer,348154,UNL:Z:1,water_bridges,589,GLN,A,,,,,,,,,,,False,,,,,,,,,,,,,,,,first_deg,,,,,,,,,,,,,GLN589:A
PDE4B_dimer,439435,ZN:A:801,metal_complexes,446,HIS,A,,,,1.6727991511236473,,,,,,,,,,,,,,,,,,,,,,,,,,,,Zn,,N,4.0,protein.sidechain,92.53409223404508,square.planar,1.0,HIS446:A
PDE4B_dimer,439435,ZN:A:801,metal_complexes,446,HIS,A,,,,1.849653481060712,,,,,,,,,,,,,,,,,,,,,,,,,,,,Zn,,N,4.0,protein.sidechain,92.53409223404508,square.planar,1.0,HIS446:A
PDE4B_dimer,439435,ZN:A:801,metal_complexes,446,HIS,A,,,,1.6727991511236473,,,,,,,,,,,,,,,,,,,,,,,,,,,,Zn,,N,4.0,protein.sidechain,92.53409223404508,square.planar,1.0,HIS446:A
PDE4B_dimer,439435,ZN:A:801,metal_complexes,446,HIS,A,,,,1.849653481060712,,,,,,,,,,,,,,,,,,,,,,,,,,,,Zn,,N,4.0,protein.sidechain,92.53409223404508,square.planar,1.0,HIS446:A
PDE4B_dimer,439435,ZN:A:801,metal_complexes,446,HIS,A,,,,1.6727991511236473,,,,,,,,,,,,,,,,,,,,,,,,,,,,Zn,,N,4.0,protein.sidechain,92.53409223404508,square.planar,2.0,HIS446:A
PDE4B_dimer,439435,ZN:A:801,metal_complexes,446,HIS,A,,,,1.849653481060712,,,,,,,,,,,,,,,,,,,,,,,,,,,,Zn,,N,4.0,protein.sidechain,92.53409223404508,square.planar,2.0,HIS446:A
PDE4B_dimer,439435,ZN:A:801,metal_complexes,446,HIS,A,,,,1.6727991511236473,,,,,,,,,,,,,,,,,,,,,,,,,,,,Zn,,N,4.0,protein.sidechain,92.53409223404508,square.planar,2.0,HIS446:A
PDE4B_dimer,439435,ZN:A:801,metal_complexes,446,HIS,A,,,,1.849653481060712,,,,,,,,,,,,,,,,,,,,,,,,,,,,Zn,,N,4.0,protein.sidechain,92.53409223404508,square.planar,2.0,HIS446:A
PDE4B_dimer,439435,ZN:B:801,metal_complexes,446,HIS,B,,,,1.836575345582094,,,,,,,,,,,,,,,,,,,,,,,,,,,,Zn,,N,4.0,protein.sidechain,93.95020455364391,square.planar,1.0,HIS446:B
PDE4B_dimer,439435,ZN:B:801,metal_complexes,446,HIS,B,,,,1.8541396926876887,,,,,,,,,,,,,,,,,,,,,,,,,,,,Zn,,N,4.0,protein.sidechain,93.95020455364391,square.planar,1.0,HIS446:B
PDE4B_dimer,439435,ZN:B:801,metal_complexes,446,HIS,B,,,,1.836575345582094,,,,,,,,,,,,,,,,,,,,,,,,,,,,Zn,,N,4.0,protein.sidechain,93.95020455364391,square.planar,1.0,HIS446:B
PDE4B_dimer,439435,ZN:B:801,metal_complexes,446,HIS,B,,,,1.8541396926876887,,,,,,,,,,,,,,,,,,,,,,,,,,,,Zn,,N,4.0,protein.sidechain,93.95020455364391,square.planar,1.0,HIS446:B
PDE4B_dimer,439435,ZN:B:801,metal_complexes,446,HIS,B,,,,1.836575345582094,,,,,,,,,,,,,,,,,,,,,,,,,,,,Zn,,N,4.0,protein.sidechain,93.95020455364391,square.planar,2.0,HIS446:B
PDE4B_dimer,439435,ZN:B:801,metal_complexes,446,HIS,B,,,,1.8541396926876887,,,,,,,,,,,,,,,,,,,,,,,,,,,,Zn,,N,4.0,protein.sidechain,93.95020455364391,square.planar,2.0,HIS446:B
PDE4B_dimer,439435,ZN:B:801,metal_complexes,446,HIS,B,,,,1.836575345582094,,,,,,,,,,,,,,,,,,,,,,,,,,,,Zn,,N,4.0,protein.sidechain,93.95020455364391,square.planar,2.0,HIS446:B
PDE4B_dimer,439435,ZN:B:801,metal_complexes,446,HIS,B,,,,1.8541396926876887,,,,,,,,,,,,,,,,,,,,,,,,,,,,Zn,,N,4.0,protein.sidechain,93.95020455364391,square.planar,2.0,HIS446:B
PDE4B_dimer,439435,UNL:Z:1,hydrophobic_contacts,582,ILE,A,,,,3.5571159666224013,,,,,,,,,,,,,,,,,,,,,,,,,,,,,,,,,,,,ILE582:A
PDE4B_dimer,439435,UNL:Z:1,hydrophobic_contacts,586,PHE,A,,,,3.4387132767940964,,,,,,,,,,,,,,,,,,,,,,,,,,,,,,,,,,,,PHE586:A
PDE4B_dimer,439435,UNL:Z:1,hydrophobic_contacts,618,PHE,A,,,,3.868232283614824,,,,,,,,,,,,,,,,,,,,,,,,,,,,,,,,,,,,PHE618:A
PDE4B_dimer,439435,UNL:Z:1,hydrophobic_contacts,406,HIS,A,,,,3.897330624927784,,,,,,,,,,,,,,,,,,,,,,,,,,,,,,,,,,,,HIS406:A
PDE4B_dimer,439435,UNL:Z:1,hydrophobic_contacts,405,TYR,A,,,,3.297238541567782,,,,,,,,,,,,,,,,,,,,,,,,,,,,,,,,,,,,TYR405:A
PDE4B_dimer,439435,UNL:Z:1,hydrophobic_contacts,586,PHE,A,,,,3.778694086585997,,,,,,,,,,,,,,,,,,,,,,,,,,,,,,,,,,,,PHE586:A
PDE4B_dimer,439435,UNL:Z:1,hbonds_ldon,585,GLU,A,,,,,,,True,,,,False,,,,,,,,,,,,,,119.87755046851244,,strong,,,,,,,,,,,,,GLU585:A
PDE4B_dimer,439435,UNL:Z:1,hbonds_pdon,405,TYR,A,,,,,,,True,,,,True,,,,,,,,,,,,,,122.53673936011786,,strong,,,,,,,,,,,,,TYR405:A
PDE4B_dimer,439435,UNL:Z:1,hbonds_pdon,406,HIS,A,,,,,,,True,,,,True,,,,,,,,,,,,,,106.17550619706772,,strong,,,,,,,,,,,,,HIS406:A
PDE4B_dimer,439435,UNL:Z:1,hbonds_pdon,585,GLU,A,,,,,,,True,,,,True,,,,,,,,,,,,,,153.81683065499257,,strong,,,,,,,,,,,,,GLU585:A
PDE4B_dimer,439435,UNL:Z:1,hbonds_pdon,615,GLN,A,,,,,,,True,,,,True,,,,,,,,,,,,,,108.51588634520574,,strong,,,,,,,,,,,,,GLN615:A
PDE4B_dimer,439435,UNL:Z:1,hbonds_pdon,615,GLN,A,,,,,,,True,,,,True,,,,,,,,,,,,,,159.76749908406958,,strong,,,,,,,,,,,,,GLN615:A
PDE4B_dimer,439435,UNL:Z:1,water_bridges,567,ASN,A,,,,,,,,,,,True,,,,,,,,,,,,,,,,first_deg,,,,,,,,,,,,,ASN567:A
PDE4B_dimer,439435,UNL:Z:1,water_bridges,567,ASN,A,,,,,,,,,,,True,,,,,,,,,,,,,,,,first_deg,,,,,,,,,,,,,ASN567:A
PDE4B_dimer,439435,UNL:Z:1,water_bridges,453,VAL,A,,,,,,,,,,,False,,,,,,,,,,,,,,,,first_deg,,,,,,,,,,,,,VAL453:A
PDE4B_dimer,439435,UNL:Z:1,water_bridges,454,SER,A,,,,,,,,,,,False,,,,,,,,,,,,,,,,first_deg,,,,,,,,,,,,,SER454:A
PDE4B_dimer,439435,UNL:Z:1,water_bridges,564,ASP,A,,,,,,,,,,,False,,,,,,,,,,,,,,,,first_deg,,,,,,,,,,,,,ASP564:A
PDE4B_dimer,439435,UNL:Z:1,water_bridges,564,ASP,A,,,,,,,,,,,False,,,,,,,,,,,,,,,,first_deg,,,,,,,,,,,,,ASP564:A
PDE4B_dimer,9877619,ZN:A:801,metal_complexes,446,HIS,A,,,,1.6727991511236473,,,,,,,,,,,,,,,,,,,,,,,,,,,,Zn,,N,4.0,protein.sidechain,92.53409223404508,square.planar,1.0,HIS446:A
PDE4B_dimer,9877619,ZN:A:801,metal_complexes,446,HIS,A,,,,1.849653481060712,,,,,,,,,,,,,,,,,,,,,,,,,,,,Zn,,N,4.0,protein.sidechain,92.53409223404508,square.planar,1.0,HIS446:A
PDE4B_dimer,9877619,ZN:A:801,metal_complexes,446,HIS,A,,,,1.6727991511236473,,,,,,,,,,,,,,,,,,,,,,,,,,,,Zn,,N,4.0,protein.sidechain,92.53409223404508,square.planar,1.0,HIS446:A
PDE4B_dimer,9877619,ZN:A:801,metal_complexes,446,HIS,A,,,,1.849653481060712,,,,,,,,,,,,,,,,,,,,,,,,,,,,Zn,,N,4.0,protein.sidechain,92.53409223404508,square.planar,1.0,HIS446:A
PDE4B_dimer,9877619,ZN:A:801,metal_complexes,446,HIS,A,,,,1.6727991511236473,,,,,,,,,,,,,,,,,,,,,,,,,,,,Zn,,N,4.0,protein.sidechain,92.53409223404508,square.planar,2.0,HIS446:A
PDE4B_dimer,9877619,ZN:A:801,metal_complexes,446,HIS,A,,,,1.849653481060712,,,,,,,,,,,,,,,,,,,,,,,,,,,,Zn,,N,4.0,protein.sidechain,92.53409223404508,square.planar,2.0,HIS446:A
PDE4B_dimer,9877619,ZN:A:801,metal_complexes,446,HIS,A,,,,1.6727991511236473,,,,,,,,,,,,,,,,,,,,,,,,,,,,Zn,,N,4.0,protein.sidechain,92.53409223404508,square.planar,2.0,HIS446:A
PDE4B_dimer,9877619,ZN:A:801,metal_complexes,446,HIS,A,,,,1.849653481060712,,,,,,,,,,,,,,,,,,,,,,,,,,,,Zn,,N,4.0,protein.sidechain,92.53409223404508,square.planar,2.0,HIS446:A
PDE4B_dimer,9877619,ZN:B:801,metal_complexes,446,HIS,B,,,,1.836575345582094,,,,,,,,,,,,,,,,,,,,,,,,,,,,Zn,,N,4.0,protein.sidechain,93.95020455364391,square.planar,1.0,HIS446:B
PDE4B_dimer,9877619,ZN:B:801,metal_complexes,446,HIS,B,,,,1.8541396926876887,,,,,,,,,,,,,,,,,,,,,,,,,,,,Zn,,N,4.0,protein.sidechain,93.95020455364391,square.planar,1.0,HIS446:B
PDE4B_dimer,9877619,ZN:B:801,metal_complexes,446,HIS,B,,,,1.836575345582094,,,,,,,,,,,,,,,,,,,,,,,,,,,,Zn,,N,4.0,protein.sidechain,93.95020455364391,square.planar,1.0,HIS446:B
PDE4B_dimer,9877619,ZN:B:801,metal_complexes,446,HIS,B,,,,1.8541396926876887,,,,,,,,,,,,,,,,,,,,,,,,,,,,Zn,,N,4.0,protein.sidechain,93.95020455364391,square.planar,1.0,HIS446:B
PDE4B_dimer,9877619,ZN:B:801,metal_complexes,446,HIS,B,,,,1.836575345582094,,,,,,,,,,,,,,,,,,,,,,,,,,,,Zn,,N,4.0,protein.sidechain,93.95020455364391,square.planar,2.0,HIS446:B
PDE4B_dimer,9877619,ZN:B:801,metal_complexes,446,HIS,B,,,,1.8541396926876887,,,,,,,,,,,,,,,,,,,,,,,,,,,,Zn,,N,4.0,protein.sidechain,93.95020455364391,square.planar,2.0,HIS446:B
PDE4B_dimer,9877619,ZN:B:801,metal_complexes,446,HIS,B,,,,1.836575345582094,,,,,,,,,,,,,,,,,,,,,,,,,,,,Zn,,N,4.0,protein.sidechain,93.95020455364391,square.planar,2.0,HIS446:B
PDE4B_dimer,9877619,ZN:B:801,metal_complexes,446,HIS,B,,,,1.8541396926876887,,,,,,,,,,,,,,,,,,,,,,,,,,,,Zn,,N,4.0,protein.sidechain,93.95020455364391,square.planar,2.0,HIS446:B
PDE4B_dimer,9877619,UNL:Z:1,hydrophobic_contacts,450,HIS,A,,,,3.898623859774115,,,,,,,,,,,,,,,,,,,,,,,,,,,,,,,,,,,,HIS450:A
PDE4B_dimer,9877619,UNL:Z:1,hydrophobic_contacts,454,SER,A,,,,3.6608083806722265,,,,,,,,,,,,,,,,,,,,,,,,,,,,,,,,,,,,SER454:A
PDE4B_dimer,9877619,UNL:Z:1,hydrophobic_contacts,475,LEU,A,,,,3.5369852982448218,,,,,,,,,,,,,,,,,,,,,,,,,,,,,,,,,,,,LEU475:A
PDE4B_dimer,9877619,UNL:Z:1,hydrophobic_contacts,582,ILE,A,,,,3.658935774238187,,,,,,,,,,,,,,,,,,,,,,,,,,,,,,,,,,,,ILE582:A
PDE4B_dimer,9877619,UNL:Z:1,hydrophobic_contacts,582,ILE,A,,,,3.6638812753690577,,,,,,,,,,,,,,,,,,,,,,,,,,,,,,,,,,,,ILE582:A
PDE4B_dimer,9877619,UNL:Z:1,hydrophobic_contacts,618,PHE,A,,,,3.5615214445514685,,,,,,,,,,,,,,,,,,,,,,,,,,,,,,,,,,,,PHE618:A
PDE4B_dimer,9877619,UNL:Z:1,hydrophobic_contacts,618,PHE,A,,,,3.5310917575163643,,,,,,,,,,,,,,,,,,,,,,,,,,,,,,,,,,,,PHE618:A
PDE4B_dimer,9877619,UNL:Z:1,hydrophobic_contacts,405,TYR,A,,,,3.416771136614216,,,,,,,,,,,,,,,,,,,,,,,,,,,,,,,,,,,,TYR405:A
PDE4B_dimer,9877619,UNL:Z:1,hydrophobic_contacts,586,PHE,A,,,,3.649026171459994,,,,,,,,,,,,,,,,,,,,,,,,,,,,,,,,,,,,PHE586:A
PDE4B_dimer,9877619,UNL:Z:1,water_bridges,406,HIS,A,,,,,,,,,,,True,,,,,,,,,,,,,,,,first_deg,,,,,,,,,,,,,HIS406:A
PDE4B_dimer,9877619,UNL:Z:1,water_bridges,454,SER,A,,,,,,,,,,,True,,,,,,,,,,,,,,,,first_deg,,,,,,,,,,,,,SER454:A
PDE4B_dimer,689043,ZN:A:801,metal_complexes,446,HIS,A,,,,1.6727991511236473,,,,,,,,,,,,,,,,,,,,,,,,,,,,Zn,,N,4.0,protein.sidechain,92.53409223404508,square.planar,1.0,HIS446:A
PDE4B_dimer,689043,ZN:A:801,metal_complexes,446,HIS,A,,,,1.849653481060712,,,,,,,,,,,,,,,,,,,,,,,,,,,,Zn,,N,4.0,protein.sidechain,92.53409223404508,square.planar,1.0,HIS446:A
PDE4B_dimer,689043,ZN:A:801,metal_complexes,446,HIS,A,,,,1.6727991511236473,,,,,,,,,,,,,,,,,,,,,,,,,,,,Zn,,N,4.0,protein.sidechain,92.53409223404508,square.planar,1.0,HIS446:A
PDE4B_dimer,689043,ZN:A:801,metal_complexes,446,HIS,A,,,,1.849653481060712,,,,,,,,,,,,,,,,,,,,,,,,,,,,Zn,,N,4.0,protein.sidechain,92.53409223404508,square.planar,1.0,HIS446:A
PDE4B_dimer,689043,ZN:A:801,metal_complexes,446,HIS,A,,,,1.6727991511236473,,,,,,,,,,,,,,,,,,,,,,,,,,,,Zn,,N,4.0,protein.sidechain,92.53409223404508,square.planar,2.0,HIS446:A
PDE4B_dimer,689043,ZN:A:801,metal_complexes,446,HIS,A,,,,1.849653481060712,,,,,,,,,,,,,,,,,,,,,,,,,,,,Zn,,N,4.0,protein.sidechain,92.53409223404508,square.planar,2.0,HIS446:A
PDE4B_dimer,689043,ZN:A:801,metal_complexes,446,HIS,A,,,,1.6727991511236473,,,,,,,,,,,,,,,,,,,,,,,,,,,,Zn,,N,4.0,protein.sidechain,92.53409223404508,square.planar,2.0,HIS446:A
PDE4B_dimer,689043,ZN:A:801,metal_complexes,446,HIS,A,,,,1.849653481060712,,,,,,,,,,,,,,,,,,,,,,,,,,,,Zn,,N,4.0,protein.sidechain,92.53409223404508,square.planar,2.0,HIS446:A
PDE4B_dimer,689043,ZN:B:801,metal_complexes,446,HIS,B,,,,1.836575345582094,,,,,,,,,,,,,,,,,,,,,,,,,,,,Zn,,N,4.0,protein.sidechain,93.95020455364391,square.planar,1.0,HIS446:B
PDE4B_dimer,689043,ZN:B:801,metal_complexes,446,HIS,B,,,,1.8541396926876887,,,,,,,,,,,,,,,,,,,,,,,,,,,,Zn,,N,4.0,protein.sidechain,93.95020455364391,square.planar,1.0,HIS446:B
PDE4B_dimer,689043,ZN:B:801,metal_complexes,446,HIS,B,,,,1.836575345582094,,,,,,,,,,,,,,,,,,,,,,,,,,,,Zn,,N,4.0,protein.sidechain,93.95020455364391,square.planar,1.0,HIS446:B
PDE4B_dimer,689043,ZN:B:801,metal_complexes,446,HIS,B,,,,1.8541396926876887,,,,,,,,,,,,,,,,,,,,,,,,,,,,Zn,,N,4.0,protein.sidechain,93.95020455364391,square.planar,1.0,HIS446:B
PDE4B_dimer,689043,ZN:B:801,metal_complexes,446,HIS,B,,,,1.836575345582094,,,,,,,,,,,,,,,,,,,,,,,,,,,,Zn,,N,4.0,protein.sidechain,93.95020455364391,square.planar,2.0,HIS446:B
PDE4B_dimer,689043,ZN:B:801,metal_complexes,446,HIS,B,,,,1.8541396926876887,,,,,,,,,,,,,,,,,,,,,,,,,,,,Zn,,N,4.0,protein.sidechain,93.95020455364391,square.planar,2.0,HIS446:B
PDE4B_dimer,689043,ZN:B:801,metal_complexes,446,HIS,B,,,,1.836575345582094,,,,,,,,,,,,,,,,,,,,,,,,,,,,Zn,,N,4.0,protein.sidechain,93.95020455364391,square.planar,2.0,HIS446:B
PDE4B_dimer,689043,ZN:B:801,metal_complexes,446,HIS,B,,,,1.8541396926876887,,,,,,,,,,,,,,,,,,,,,,,,,,,,Zn,,N,4.0,protein.sidechain,93.95020455364391,square.planar,2.0,HIS446:B
PDE4B_dimer,689043,UNL:A:1,hydrophobic_contacts,582,ILE,A,,,,3.8995944660951576,,,,,,,,,,,,,,,,,,,,,,,,,,,,,,,,,,,,ILE582:A
PDE4B_dimer,689043,UNL:A:1,hydrophobic_contacts,586,PHE,A,,,,3.7121969236558554,,,,,,,,,,,,,,,,,,,,,,,,,,,,,,,,,,,,PHE586:A
PDE4B_dimer,689043,UNL:A:1,hydrophobic_contacts,586,PHE,A,,,,3.9338720111361,,,,,,,,,,,,,,,,,,,,,,,,,,,,,,,,,,,,PHE586:A
PDE4B_dimer,689043,UNL:A:1,hydrophobic_contacts,618,PHE,A,,,,3.517425478954742,,,,,,,,,,,,,,,,,,,,,,,,,,,,,,,,,,,,PHE618:A
PDE4B_dimer,689043,UNL:A:1,hbonds_pdon,406,HIS,A,,,,,,,True,,,,True,,,,,,,,,,,,,,112.2286440365972,,strong,,,,,,,,,,,,,HIS406:A
PDE4B_dimer,689043,UNL:A:1,hbonds_pdon,585,GLU,A,,,,,,,True,,,,True,,,,,,,,,,,,,,165.7658095279103,,strong,,,,,,,,,,,,,GLU585:A
PDE4B_dimer,689043,UNL:A:1,hbonds_pdon,406,HIS,A,,,,,,,True,,,,True,,,,,,,,,,,,,,114.3160228270449,,strong,,,,,,,,,,,,,HIS406:A
PDE4B_dimer,689043,UNL:A:1,hbonds_pdon,585,GLU,A,,,,,,,True,,,,True,,,,,,,,,,,,,,165.7658095279103,,strong,,,,,,,,,,,,,GLU585:A
PDE4B_dimer,689043,UNL:A:1,water_bridges,567,ASN,A,,,,,,,,,,,True,,,,,,,,,,,,,,,,first_deg,,,,,,,,,,,,,ASN567:A
PDE4B_dimer,689043,UNL:A:1,water_bridges,454,SER,A,,,,,,,,,,,True,,,,,,,,,,,,,,,,first_deg,,,,,,,,,,,,,SER454:A
PDE4B_monomer,10394,ZN:A:1131,metal_complexes,1118,HOH,A,,,,1.703429481956921,,,,,,,,,,,,,,,,,,,,,,,,,,,,Zn,,O,5.0,water,143.3723531203,trigonal.bipyramidal,1.0,HOH1118:A
PDE4B_monomer,10394,ZN:A:1131,metal_complexes,446,HIS,A,,,,2.323995481923319,,,,,,,,,,,,,,,,,,,,,,,,,,,,Zn,,N,5.0,protein.sidechain,143.3723531203,trigonal.bipyramidal,1.0,HIS446:A
PDE4B_monomer,10394,ZN:A:1131,metal_complexes,446,HIS,A,,,,2.062881722251659,,,,,,,,,,,,,,,,,,,,,,,,,,,,Zn,,N,5.0,protein.sidechain,143.3723531203,trigonal.bipyramidal,1.0,HIS446:A
PDE4B_monomer,10394,ZN:A:1131,metal_complexes,446,HIS,A,,,,2.323995481923319,,,,,,,,,,,,,,,,,,,,,,,,,,,,Zn,,N,5.0,protein.sidechain,143.3723531203,trigonal.bipyramidal,1.0,HIS446:A
PDE4B_monomer,10394,ZN:A:1131,metal_complexes,446,HIS,A,,,,2.062881722251659,,,,,,,,,,,,,,,,,,,,,,,,,,,,Zn,,N,5.0,protein.sidechain,143.3723531203,trigonal.bipyramidal,1.0,HIS446:A
PDE4B_monomer,10394,ZN:A:1131,metal_complexes,1118,HOH,A,,,,1.703429481956921,,,,,,,,,,,,,,,,,,,,,,,,,,,,Zn,,O,5.0,water,143.3723531203,trigonal.bipyramidal,2.0,HOH1118:A
PDE4B_monomer,10394,ZN:A:1131,metal_complexes,446,HIS,A,,,,2.323995481923319,,,,,,,,,,,,,,,,,,,,,,,,,,,,Zn,,N,5.0,protein.sidechain,143.3723531203,trigonal.bipyramidal,2.0,HIS446:A
PDE4B_monomer,10394,ZN:A:1131,metal_complexes,446,HIS,A,,,,2.062881722251659,,,,,,,,,,,,,,,,,,,,,,,,,,,,Zn,,N,5.0,protein.sidechain,143.3723531203,trigonal.bipyramidal,2.0,HIS446:A
PDE4B_monomer,10394,ZN:A:1131,metal_complexes,446,HIS,A,,,,2.323995481923319,,,,,,,,,,,,,,,,,,,,,,,,,,,,Zn,,N,5.0,protein.sidechain,143.3723531203,trigonal.bipyramidal,2.0,HIS446:A
PDE4B_monomer,10394,ZN:A:1131,metal_complexes,446,HIS,A,,,,2.062881722251659,,,,,,,,,,,,,,,,,,,,,,,,,,,,Zn,,N,5.0,protein.sidechain,143.3723531203,trigonal.bipyramidal,2.0,HIS446:A
PDE4B_monomer,10394,ZN:A:1132,metal_complexes,386,ASP,A,,,,2.6398532156163546,,,,,,,,,,,,,,,,,,,,,,,,,,,,Zn,,O,2.0,protein.mainchain,180.0,linear,1.0,ASP386:A
PDE4B_monomer,10394,ZN:A:1132,metal_complexes,386,ASP,A,,,,2.6398532156163546,,,,,,,,,,,,,,,,,,,,,,,,,,,,Zn,,O,2.0,protein.mainchain,180.0,linear,1.0,ASP386:A
PDE4B_monomer,10394,ZN:A:1132,metal_complexes,386,ASP,A,,,,2.6398532156163546,,,,,,,,,,,,,,,,,,,,,,,,,,,,Zn,,O,2.0,protein.mainchain,180.0,linear,2.0,ASP386:A
PDE4B_monomer,10394,ZN:A:1132,metal_complexes,386,ASP,A,,,,2.6398532156163546,,,,,,,,,,,,,,,,,,,,,,,,,,,,Zn,,O,2.0,protein.mainchain,180.0,linear,2.0,ASP386:A
PDE4B_monomer,10394,UNL:A:1,hydrophobic_contacts,586,PHE,A,,,,3.584907530188195,,,,,,,,,,,,,,,,,,,,,,,,,,,,,,,,,,,,PHE586:A
PDE4B_monomer,10394,UNL:A:1,hydrophobic_contacts,603,MET,A,,,,3.912209605836576,,,,,,,,,,,,,,,,,,,,,,,,,,,,,,,,,,,,MET603:A
PDE4B_monomer,10394,UNL:A:1,hydrophobic_contacts,618,PHE,A,,,,3.494732464724589,,,,,,,,,,,,,,,,,,,,,,,,,,,,,,,,,,,,PHE618:A
PDE4B_monomer,10394,UNL:A:1,hydrophobic_contacts,618,PHE,A,,,,3.731100373884355,,,,,,,,,,,,,,,,,,,,,,,,,,,,,,,,,,,,PHE618:A
PDE4B_monomer,10394,UNL:A:1,hydrophobic_contacts,618,PHE,A,,,,3.421112538341876,,,,,,,,,,,,,,,,,,,,,,,,,,,,,,,,,,,,PHE618:A
PDE4B_monomer,10394,UNL:A:1,hydrophobic_contacts,618,PHE,A,,,,3.883703644718531,,,,,,,,,,,,,,,,,,,,,,,,,,,,,,,,,,,,PHE618:A
PDE4B_monomer,10394,UNL:A:1,hydrophobic_contacts,582,ILE,A,,,,3.60313932564368,,,,,,,,,,,,,,,,,,,,,,,,,,,,,,,,,,,,ILE582:A
PDE4B_monomer,10394,UNL:A:1,hydrophobic_contacts,582,ILE,A,,,,3.563247675927117,,,,,,,,,,,,,,,,,,,,,,,,,,,,,,,,,,,,ILE582:A
PDE4B_monomer,10394,UNL:A:1,hbonds_ldon,564,ASP,A,,,,,,,False,,,,False,,,,,,,,,,,,,,108.90797401627194,,strong,,,,,,,,,,,,,ASP564:A
PDE4B_monomer,10394,UNL:A:1,hbonds_pdon,405,TYR,A,,,,,,,True,,,,True,,,,,,,,,,,,,,115.55094636645616,,strong,,,,,,,,,,,,,TYR405:A
PDE4B_monomer,10394,UNL:A:1,hbonds_pdon,615,GLN,A,,,,,,,False,,,,True,,,,,,,,,,,,,,168.99431468392604,,strong,,,,,,,,,,,,,GLN615:A
PDE4B_monomer,10394,UNL:A:1,hbonds_pdon,615,GLN,A,,,,,,,True,,,,True,,,,,,,,,,,,,,170.10826251430402,,strong,,,,,,,,,,,,,GLN615:A
PDE4B_monomer,10394,UNL:A:1,hbonds_pdon,615,GLN,A,,,,,,,True,,,,True,,,,,,,,,,,,,,170.10826251430402,,strong,,,,,,,,,,,,,GLN615:A
PDE4B_monomer,10394,UNL:A:1,water_bridges,565,LEU,A,,,,,,,,,,,True,,,,,,,,,,,,,,,,first_deg,,,,,,,,,,,,,LEU565:A
PDE4B_monomer,10394,UNL:A:1,water_bridges,615,GLN,A,,,,,,,,,,,True,,,,,,,,,,,,,,,,first_deg,,,,,,,,,,,,,GLN615:A
PDE4B_monomer,10394,UNL:A:1,water_bridges,410,HIS,A,,,,,,,,,,,True,,,,,,,,,,,,,,,,first_deg,,,,,,,,,,,,,HIS410:A
PDE4B_monomer,10176710,ZN:A:1131,metal_complexes,1118,HOH,A,,,,1.703429481956921,,,,,,,,,,,,,,,,,,,,,,,,,,,,Zn,,O,5.0,water,143.3723531203,trigonal.bipyramidal,1.0,HOH1118:A
PDE4B_monomer,10176710,ZN:A:1131,metal_complexes,446,HIS,A,,,,2.323995481923319,,,,,,,,,,,,,,,,,,,,,,,,,,,,Zn,,N,5.0,protein.sidechain,143.3723531203,trigonal.bipyramidal,1.0,HIS446:A
PDE4B_monomer,10176710,ZN:A:1131,metal_complexes,446,HIS,A,,,,2.062881722251659,,,,,,,,,,,,,,,,,,,,,,,,,,,,Zn,,N,5.0,protein.sidechain,143.3723531203,trigonal.bipyramidal,1.0,HIS446:A
PDE4B_monomer,10176710,ZN:A:1131,metal_complexes,446,HIS,A,,,,2.323995481923319,,,,,,,,,,,,,,,,,,,,,,,,,,,,Zn,,N,5.0,protein.sidechain,143.3723531203,trigonal.bipyramidal,1.0,HIS446:A
PDE4B_monomer,10176710,ZN:A:1131,metal_complexes,446,HIS,A,,,,2.062881722251659,,,,,,,,,,,,,,,,,,,,,,,,,,,,Zn,,N,5.0,protein.sidechain,143.3723531203,trigonal.bipyramidal,1.0,HIS446:A
PDE4B_monomer,10176710,ZN:A:1131,metal_complexes,1118,HOH,A,,,,1.703429481956921,,,,,,,,,,,,,,,,,,,,,,,,,,,,Zn,,O,5.0,water,143.3723531203,trigonal.bipyramidal,2.0,HOH1118:A
PDE4B_monomer,10176710,ZN:A:1131,metal_complexes,446,HIS,A,,,,2.323995481923319,,,,,,,,,,,,,,,,,,,,,,,,,,,,Zn,,N,5.0,protein.sidechain,143.3723531203,trigonal.bipyramidal,2.0,HIS446:A
PDE4B_monomer,10176710,ZN:A:1131,metal_complexes,446,HIS,A,,,,2.062881722251659,,,,,,,,,,,,,,,,,,,,,,,,,,,,Zn,,N,5.0,protein.sidechain,143.3723531203,trigonal.bipyramidal,2.0,HIS446:A
PDE4B_monomer,10176710,ZN:A:1131,metal_complexes,446,HIS,A,,,,2.323995481923319,,,,,,,,,,,,,,,,,,,,,,,,,,,,Zn,,N,5.0,protein.sidechain,143.3723531203,trigonal.bipyramidal,2.0,HIS446:A
PDE4B_monomer,10176710,ZN:A:1131,metal_complexes,446,HIS,A,,,,2.062881722251659,,,,,,,,,,,,,,,,,,,,,,,,,,,,Zn,,N,5.0,protein.sidechain,143.3723531203,trigonal.bipyramidal,2.0,HIS446:A
PDE4B_monomer,10176710,ZN:A:1132,metal_complexes,386,ASP,A,,,,2.6398532156163546,,,,,,,,,,,,,,,,,,,,,,,,,,,,Zn,,O,2.0,protein.mainchain,180.0,linear,1.0,ASP386:A
PDE4B_monomer,10176710,ZN:A:1132,metal_complexes,386,ASP,A,,,,2.6398532156163546,,,,,,,,,,,,,,,,,,,,,,,,,,,,Zn,,O,2.0,protein.mainchain,180.0,linear,1.0,ASP386:A
PDE4B_monomer,10176710,ZN:A:1132,metal_complexes,386,ASP,A,,,,2.6398532156163546,,,,,,,,,,,,,,,,,,,,,,,,,,,,Zn,,O,2.0,protein.mainchain,180.0,linear,2.0,ASP386:A
PDE4B_monomer,10176710,ZN:A:1132,metal_complexes,386,ASP,A,,,,2.6398532156163546,,,,,,,,,,,,,,,,,,,,,,,,,,,,Zn,,O,2.0,protein.mainchain,180.0,linear,2.0,ASP386:A
PDE4B_monomer,10176710,UNL:Z:1,hydrophobic_contacts,618,PHE,A,,,,3.759213880587272,,,,,,,,,,,,,,,,,,,,,,,,,,,,,,,,,,,,PHE618:A
PDE4B_monomer,10176710,UNL:Z:1,hydrophobic_contacts,618,PHE,A,,,,3.6615620983399975,,,,,,,,,,,,,,,,,,,,,,,,,,,,,,,,,,,,PHE618:A
PDE4B_monomer,10176710,UNL:Z:1,hydrophobic_contacts,618,PHE,A,,,,3.767817538045068,,,,,,,,,,,,,,,,,,,,,,,,,,,,,,,,,,,,PHE618:A
PDE4B_monomer,10176710,UNL:Z:1,hydrophobic_contacts,618,PHE,A,,,,3.645576223315048,,,,,,,,,,,,,,,,,,,,,,,,,,,,,,,,,,,,PHE618:A
PDE4B_monomer,10176710,UNL:Z:1,hydrophobic_contacts,519,MET,A,,,,3.677380725462073,,,,,,,,,,,,,,,,,,,,,,,,,,,,,,,,,,,,MET519:A
PDE4B_monomer,10176710,UNL:Z:1,hydrophobic_contacts,582,ILE,A,,,,3.6459338995653754,,,,,,,,,,,,,,,,,,,,,,,,,,,,,,,,,,,,ILE582:A
PDE4B_monomer,10176710,UNL:Z:1,hydrophobic_contacts,618,PHE,A,,,,3.7877027338480502,,,,,,,,,,,,,,,,,,,,,,,,,,,,,,,,,,,,PHE618:A
PDE4B_monomer,10176710,UNL:Z:1,hbonds_ldon,476,GLU,A,,,,,,,True,,,,False,,,,,,,,,,,,,,112.44534564850484,,strong,,,,,,,,,,,,,GLU476:A
PDE4B_monomer,10176710,UNL:Z:1,water_bridges,564,ASP,A,,,,,,,,,,,True,,,,,,,,,,,,,,,,first_deg,,,,,,,,,,,,,ASP564:A
PDE4B_monomer,10176710,UNL:Z:1,water_bridges,564,ASP,A,,,,,,,,,,,True,,,,,,,,,,,,,,,,first_deg,,,,,,,,,,,,,ASP564:A
PDE4B_monomer,10176710,UNL:Z:1,water_bridges,564,ASP,A,,,,,,,,,,,False,,,,,,,,,,,,,,,,first_deg,,,,,,,,,,,,,ASP564:A
PDE4B_monomer,10176710,UNL:Z:1,pication_laro,406,HIS,A,,,,5.702498024745148,,,,,,,,,,,,,,,,,,,,,,1.4172087136980085,regular,True,,,,,,,,,,,,HIS406:A
PDE4B_monomer,10559720,ZN:A:1131,metal_complexes,1118,HOH,A,,,,1.703429481956921,,,,,,,,,,,,,,,,,,,,,,,,,,,,Zn,,O,5.0,water,143.3723531203,trigonal.bipyramidal,1.0,HOH1118:A
PDE4B_monomer,10559720,ZN:A:1131,metal_complexes,446,HIS,A,,,,2.323995481923319,,,,,,,,,,,,,,,,,,,,,,,,,,,,Zn,,N,5.0,protein.sidechain,143.3723531203,trigonal.bipyramidal,1.0,HIS446:A
PDE4B_monomer,10559720,ZN:A:1131,metal_complexes,446,HIS,A,,,,2.062881722251659,,,,,,,,,,,,,,,,,,,,,,,,,,,,Zn,,N,5.0,protein.sidechain,143.3723531203,trigonal.bipyramidal,1.0,HIS446:A
PDE4B_monomer,10559720,ZN:A:1131,metal_complexes,446,HIS,A,,,,2.323995481923319,,,,,,,,,,,,,,,,,,,,,,,,,,,,Zn,,N,5.0,protein.sidechain,143.3723531203,trigonal.bipyramidal,1.0,HIS446:A
PDE4B_monomer,10559720,ZN:A:1131,metal_complexes,446,HIS,A,,,,2.062881722251659,,,,,,,,,,,,,,,,,,,,,,,,,,,,Zn,,N,5.0,protein.sidechain,143.3723531203,trigonal.bipyramidal,1.0,HIS446:A
PDE4B_monomer,10559720,ZN:A:1131,metal_complexes,1118,HOH,A,,,,1.703429481956921,,,,,,,,,,,,,,,,,,,,,,,,,,,,Zn,,O,5.0,water,143.3723531203,trigonal.bipyramidal,2.0,HOH1118:A
PDE4B_monomer,10559720,ZN:A:1131,metal_complexes,446,HIS,A,,,,2.323995481923319,,,,,,,,,,,,,,,,,,,,,,,,,,,,Zn,,N,5.0,protein.sidechain,143.3723531203,trigonal.bipyramidal,2.0,HIS446:A
PDE4B_monomer,10559720,ZN:A:1131,metal_complexes,446,HIS,A,,,,2.062881722251659,,,,,,,,,,,,,,,,,,,,,,,,,,,,Zn,,N,5.0,protein.sidechain,143.3723531203,trigonal.bipyramidal,2.0,HIS446:A
PDE4B_monomer,10559720,ZN:A:1131,metal_complexes,446,HIS,A,,,,2.323995481923319,,,,,,,,,,,,,,,,,,,,,,,,,,,,Zn,,N,5.0,protein.sidechain,143.3723531203,trigonal.bipyramidal,2.0,HIS446:A
PDE4B_monomer,10559720,ZN:A:1131,metal_complexes,446,HIS,A,,,,2.062881722251659,,,,,,,,,,,,,,,,,,,,,,,,,,,,Zn,,N,5.0,protein.sidechain,143.3723531203,trigonal.bipyramidal,2.0,HIS446:A
PDE4B_monomer,10559720,ZN:A:1132,metal_complexes,386,ASP,A,,,,2.6398532156163546,,,,,,,,,,,,,,,,,,,,,,,,,,,,Zn,,O,2.0,protein.mainchain,180.0,linear,1.0,ASP386:A
PDE4B_monomer,10559720,ZN:A:1132,metal_complexes,386,ASP,A,,,,2.6398532156163546,,,,,,,,,,,,,,,,,,,,,,,,,,,,Zn,,O,2.0,protein.mainchain,180.0,linear,1.0,ASP386:A
PDE4B_monomer,10559720,ZN:A:1132,metal_complexes,386,ASP,A,,,,2.6398532156163546,,,,,,,,,,,,,,,,,,,,,,,,,,,,Zn,,O,2.0,protein.mainchain,180.0,linear,2.0,ASP386:A
PDE4B_monomer,10559720,ZN:A:1132,metal_complexes,386,ASP,A,,,,2.6398532156163546,,,,,,,,,,,,,,,,,,,,,,,,,,,,Zn,,O,2.0,protein.mainchain,180.0,linear,2.0,ASP386:A
PDE4B_monomer,10559720,UNL:Z:1,hydrophobic_contacts,582,ILE,A,,,,3.796928232137128,,,,,,,,,,,,,,,,,,,,,,,,,,,,,,,,,,,,ILE582:A
PDE4B_monomer,10559720,UNL:Z:1,hydrophobic_contacts,582,ILE,A,,,,3.604976560256668,,,,,,,,,,,,,,,,,,,,,,,,,,,,,,,,,,,,ILE582:A
PDE4B_monomer,10559720,UNL:Z:1,hydrophobic_contacts,618,PHE,A,,,,3.6995980862791034,,,,,,,,,,,,,,,,,,,,,,,,,,,,,,,,,,,,PHE618:A
PDE4B_monomer,10559720,UNL:Z:1,hydrophobic_contacts,618,PHE,A,,,,3.793186786858775,,,,,,,,,,,,,,,,,,,,,,,,,,,,,,,,,,,,PHE618:A
PDE4B_monomer,10559720,UNL:Z:1,hydrophobic_contacts,586,PHE,A,,,,3.876141509284719,,,,,,,,,,,,,,,,,,,,,,,,,,,,,,,,,,,,PHE586:A
PDE4B_monomer,10559720,UNL:Z:1,hydrophobic_contacts,603,MET,A,,,,3.714299260964306,,,,,,,,,,,,,,,,,,,,,,,,,,,,,,,,,,,,MET603:A
PDE4B_monomer,10559720,UNL:Z:1,hydrophobic_contacts,618,PHE,A,,,,3.578336485016464,,,,,,,,,,,,,,,,,,,,,,,,,,,,,,,,,,,,PHE618:A
PDE4B_monomer,10559720,UNL:Z:1,hydrophobic_contacts,618,PHE,A,,,,3.674258700744952,,,,,,,,,,,,,,,,,,,,,,,,,,,,,,,,,,,,PHE618:A
PDE4B_monomer,10559720,UNL:Z:1,hbonds_ldon,614,SER,A,,,,,,,True,,,,False,,,,,,,,,,,,,,114.11728564054792,,strong,,,,,,,,,,,,,SER614:A
PDE4B_monomer,10559720,UNL:Z:1,hbonds_pdon,405,TYR,A,,,,,,,True,,,,True,,,,,,,,,,,,,,146.62551238509542,,strong,,,,,,,,,,,,,TYR405:A
PDE4B_monomer,10559720,UNL:Z:1,hbonds_pdon,614,SER,A,,,,,,,True,,,,True,,,,,,,,,,,,,,104.80948411899443,,strong,,,,,,,,,,,,,SER614:A
PDE4B_monomer,10559720,UNL:Z:1,hbonds_pdon,614,SER,A,,,,,,,True,,,,True,,,,,,,,,,,,,,100.01491571952026,,strong,,,,,,,,,,,,,SER614:A
PDE4B_monomer,10559720,UNL:Z:1,water_bridges,565,LEU,A,,,,,,,,,,,True,,,,,,,,,,,,,,,,first_deg,,,,,,,,,,,,,LEU565:A
PDE4B_monomer,104775,ZN:A:1131,metal_complexes,1118,HOH,A,,,,1.703429481956921,,,,,,,,,,,,,,,,,,,,,,,,,,,,Zn,,O,5.0,water,143.3723531203,trigonal.bipyramidal,1.0,HOH1118:A
PDE4B_monomer,104775,ZN:A:1131,metal_complexes,446,HIS,A,,,,2.323995481923319,,,,,,,,,,,,,,,,,,,,,,,,,,,,Zn,,N,5.0,protein.sidechain,143.3723531203,trigonal.bipyramidal,1.0,HIS446:A
PDE4B_monomer,104775,ZN:A:1131,metal_complexes,446,HIS,A,,,,2.062881722251659,,,,,,,,,,,,,,,,,,,,,,,,,,,,Zn,,N,5.0,protein.sidechain,143.3723531203,trigonal.bipyramidal,1.0,HIS446:A
PDE4B_monomer,104775,ZN:A:1131,metal_complexes,446,HIS,A,,,,2.323995481923319,,,,,,,,,,,,,,,,,,,,,,,,,,,,Zn,,N,5.0,protein.sidechain,143.3723531203,trigonal.bipyramidal,1.0,HIS446:A
PDE4B_monomer,104775,ZN:A:1131,metal_complexes,446,HIS,A,,,,2.062881722251659,,,,,,,,,,,,,,,,,,,,,,,,,,,,Zn,,N,5.0,protein.sidechain,143.3723531203,trigonal.bipyramidal,1.0,HIS446:A
PDE4B_monomer,104775,ZN:A:1131,metal_complexes,1118,HOH,A,,,,1.703429481956921,,,,,,,,,,,,,,,,,,,,,,,,,,,,Zn,,O,5.0,water,143.3723531203,trigonal.bipyramidal,2.0,HOH1118:A
PDE4B_monomer,104775,ZN:A:1131,metal_complexes,446,HIS,A,,,,2.323995481923319,,,,,,,,,,,,,,,,,,,,,,,,,,,,Zn,,N,5.0,protein.sidechain,143.3723531203,trigonal.bipyramidal,2.0,HIS446:A
PDE4B_monomer,104775,ZN:A:1131,metal_complexes,446,HIS,A,,,,2.062881722251659,,,,,,,,,,,,,,,,,,,,,,,,,,,,Zn,,N,5.0,protein.sidechain,143.3723531203,trigonal.bipyramidal,2.0,HIS446:A
PDE4B_monomer,104775,ZN:A:1131,metal_complexes,446,HIS,A,,,,2.323995481923319,,,,,,,,,,,,,,,,,,,,,,,,,,,,Zn,,N,5.0,protein.sidechain,143.3723531203,trigonal.bipyramidal,2.0,HIS446:A
PDE4B_monomer,104775,ZN:A:1131,metal_complexes,446,HIS,A,,,,2.062881722251659,,,,,,,,,,,,,,,,,,,,,,,,,,,,Zn,,N,5.0,protein.sidechain,143.3723531203,trigonal.bipyramidal,2.0,HIS446:A
PDE4B_monomer,104775,ZN:A:1132,metal_complexes,386,ASP,A,,,,2.6398532156163546,,,,,,,,,,,,,,,,,,,,,,,,,,,,Zn,,O,2.0,protein.mainchain,180.0,linear,1.0,ASP386:A
PDE4B_monomer,104775,ZN:A:1132,metal_complexes,386,ASP,A,,,,2.6398532156163546,,,,,,,,,,,,,,,,,,,,,,,,,,,,Zn,,O,2.0,protein.mainchain,180.0,linear,1.0,ASP386:A
PDE4B_monomer,104775,ZN:A:1132,metal_complexes,386,ASP,A,,,,2.6398532156163546,,,,,,,,,,,,,,,,,,,,,,,,,,,,Zn,,O,2.0,protein.mainchain,180.0,linear,2.0,ASP386:A
PDE4B_monomer,104775,ZN:A:1132,metal_complexes,386,ASP,A,,,,2.6398532156163546,,,,,,,,,,,,,,,,,,,,,,,,,,,,Zn,,O,2.0,protein.mainchain,180.0,linear,2.0,ASP386:A
PDE4B_monomer,104775,UNL:A:1,hydrophobic_contacts,582,ILE,A,,,,3.686944805662268,,,,,,,,,,,,,,,,,,,,,,,,,,,,,,,,,,,,ILE582:A
PDE4B_monomer,104775,UNL:A:1,hydrophobic_contacts,618,PHE,A,,,,3.789667663529349,,,,,,,,,,,,,,,,,,,,,,,,,,,,,,,,,,,,PHE618:A
PDE4B_monomer,104775,UNL:A:1,hydrophobic_contacts,618,PHE,A,,,,3.766194498429413,,,,,,,,,,,,,,,,,,,,,,,,,,,,,,,,,,,,PHE618:A
PDE4B_monomer,104775,UNL:A:1,hydrophobic_contacts,618,PHE,A,,,,3.599069046295166,,,,,,,,,,,,,,,,,,,,,,,,,,,,,,,,,,,,PHE618:A
PDE4B_monomer,104775,UNL:A:1,hbonds_ldon,615,GLN,A,,,,,,,True,,,,False,,,,,,,,,,,,,,121.05807971272242,,strong,,,,,,,,,,,,,GLN615:A
PDE4B_monomer,104775,UNL:A:1,hbonds_pdon,615,GLN,A,,,,,,,True,,,,True,,,,,,,,,,,,,,136.94127457693892,,strong,,,,,,,,,,,,,GLN615:A
PDE4B_monomer,104775,UNL:A:1,water_bridges,567,ASN,A,,,,,,,,,,,True,,,,,,,,,,,,,,,,first_deg,,,,,,,,,,,,,ASN567:A
PDE4B_monomer,175,ZN:A:1131,metal_complexes,1118,HOH,A,,,,1.703429481956921,,,,,,,,,,,,,,,,,,,,,,,,,,,,Zn,,O,5.0,water,143.3723531203,trigonal.bipyramidal,1.0,HOH1118:A
PDE4B_monomer,175,ZN:A:1131,metal_complexes,446,HIS,A,,,,2.323995481923319,,,,,,,,,,,,,,,,,,,,,,,,,,,,Zn,,N,5.0,protein.sidechain,143.3723531203,trigonal.bipyramidal,1.0,HIS446:A
PDE4B_monomer,175,ZN:A:1131,metal_complexes,446,HIS,A,,,,2.062881722251659,,,,,,,,,,,,,,,,,,,,,,,,,,,,Zn,,N,5.0,protein.sidechain,143.3723531203,trigonal.bipyramidal,1.0,HIS446:A
PDE4B_monomer,175,ZN:A:1131,metal_complexes,446,HIS,A,,,,2.323995481923319,,,,,,,,,,,,,,,,,,,,,,,,,,,,Zn,,N,5.0,protein.sidechain,143.3723531203,trigonal.bipyramidal,1.0,HIS446:A
PDE4B_monomer,175,ZN:A:1131,metal_complexes,446,HIS,A,,,,2.062881722251659,,,,,,,,,,,,,,,,,,,,,,,,,,,,Zn,,N,5.0,protein.sidechain,143.3723531203,trigonal.bipyramidal,1.0,HIS446:A
PDE4B_monomer,175,ZN:A:1131,metal_complexes,1118,HOH,A,,,,1.703429481956921,,,,,,,,,,,,,,,,,,,,,,,,,,,,Zn,,O,5.0,water,143.3723531203,trigonal.bipyramidal,2.0,HOH1118:A
PDE4B_monomer,175,ZN:A:1131,metal_complexes,446,HIS,A,,,,2.323995481923319,,,,,,,,,,,,,,,,,,,,,,,,,,,,Zn,,N,5.0,protein.sidechain,143.3723531203,trigonal.bipyramidal,2.0,HIS446:A
PDE4B_monomer,175,ZN:A:1131,metal_complexes,446,HIS,A,,,,2.062881722251659,,,,,,,,,,,,,,,,,,,,,,,,,,,,Zn,,N,5.0,protein.sidechain,143.3723531203,trigonal.bipyramidal,2.0,HIS446:A
PDE4B_monomer,175,ZN:A:1131,metal_complexes,446,HIS,A,,,,2.323995481923319,,,,,,,,,,,,,,,,,,,,,,,,,,,,Zn,,N,5.0,protein.sidechain,143.3723531203,trigonal.bipyramidal,2.0,HIS446:A
PDE4B_monomer,175,ZN:A:1131,metal_complexes,446,HIS,A,,,,2.062881722251659,,,,,,,,,,,,,,,,,,,,,,,,,,,,Zn,,N,5.0,protein.sidechain,143.3723531203,trigonal.bipyramidal,2.0,HIS446:A
PDE4B_monomer,175,ZN:A:1132,metal_complexes,386,ASP,A,,,,2.6398532156163546,,,,,,,,,,,,,,,,,,,,,,,,,,,,Zn,,O,2.0,protein.mainchain,180.0,linear,1.0,ASP386:A
PDE4B_monomer,175,ZN:A:1132,metal_complexes,386,ASP,A,,,,2.6398532156163546,,,,,,,,,,,,,,,,,,,,,,,,,,,,Zn,,O,2.0,protein.mainchain,180.0,linear,1.0,ASP386:A
PDE4B_monomer,175,ZN:A:1132,metal_complexes,386,ASP,A,,,,2.6398532156163546,,,,,,,,,,,,,,,,,,,,,,,,,,,,Zn,,O,2.0,protein.mainchain,180.0,linear,2.0,ASP386:A
PDE4B_monomer,175,ZN:A:1132,metal_complexes,386,ASP,A,,,,2.6398532156163546,,,,,,,,,,,,,,,,,,,,,,,,,,,,Zn,,O,2.0,protein.mainchain,180.0,linear,2.0,ASP386:A
PDE4B_monomer,175,UNL:A:1,hydrophobic_contacts,582,ILE,A,,,,3.755044740079672,,,,,,,,,,,,,,,,,,,,,,,,,,,,,,,,,,,,ILE582:A
PDE4B_monomer,175,UNL:A:1,hydrophobic_contacts,618,PHE,A,,,,3.722501443921813,,,,,,,,,,,,,,,,,,,,,,,,,,,,,,,,,,,,PHE618:A
PDE4B_monomer,175,UNL:A:1,hbonds_ldon,615,GLN,A,,,,,,,True,,,,False,,,,,,,,,,,,,,145.75970497188277,,strong,,,,,,,,,,,,,GLN615:A
PDE4B_monomer,175,UNL:A:1,hbonds_pdon,405,TYR,A,,,,,,,True,,,,True,,,,,,,,,,,,,,115.71097037977896,,strong,,,,,,,,,,,,,TYR405:A
PDE4B_monomer,175,UNL:A:1,hbonds_pdon,615,GLN,A,,,,,,,True,,,,True,,,,,,,,,,,,,,138.77071558959926,,strong,,,,,,,,,,,,,GLN615:A
PDE4B_monomer,175,UNL:A:1,water_bridges,565,LEU,A,,,,,,,,,,,True,,,,,,,,,,,,,,,,first_deg,,,,,,,,,,,,,LEU565:A
PDE4B_monomer,348154,ZN:A:1131,metal_complexes,1118,HOH,A,,,,1.703429481956921,,,,,,,,,,,,,,,,,,,,,,,,,,,,Zn,,O,5.0,water,143.3723531203,trigonal.bipyramidal,1.0,HOH1118:A
PDE4B_monomer,348154,ZN:A:1131,metal_complexes,446,HIS,A,,,,2.323995481923319,,,,,,,,,,,,,,,,,,,,,,,,,,,,Zn,,N,5.0,protein.sidechain,143.3723531203,trigonal.bipyramidal,1.0,HIS446:A
PDE4B_monomer,348154,ZN:A:1131,metal_complexes,446,HIS,A,,,,2.062881722251659,,,,,,,,,,,,,,,,,,,,,,,,,,,,Zn,,N,5.0,protein.sidechain,143.3723531203,trigonal.bipyramidal,1.0,HIS446:A
PDE4B_monomer,348154,ZN:A:1131,metal_complexes,446,HIS,A,,,,2.323995481923319,,,,,,,,,,,,,,,,,,,,,,,,,,,,Zn,,N,5.0,protein.sidechain,143.3723531203,trigonal.bipyramidal,1.0,HIS446:A
PDE4B_monomer,348154,ZN:A:1131,metal_complexes,446,HIS,A,,,,2.062881722251659,,,,,,,,,,,,,,,,,,,,,,,,,,,,Zn,,N,5.0,protein.sidechain,143.3723531203,trigonal.bipyramidal,1.0,HIS446:A
PDE4B_monomer,348154,ZN:A:1131,metal_complexes,1118,HOH,A,,,,1.703429481956921,,,,,,,,,,,,,,,,,,,,,,,,,,,,Zn,,O,5.0,water,143.3723531203,trigonal.bipyramidal,2.0,HOH1118:A
PDE4B_monomer,348154,ZN:A:1131,metal_complexes,446,HIS,A,,,,2.323995481923319,,,,,,,,,,,,,,,,,,,,,,,,,,,,Zn,,N,5.0,protein.sidechain,143.3723531203,trigonal.bipyramidal,2.0,HIS446:A
PDE4B_monomer,348154,ZN:A:1131,metal_complexes,446,HIS,A,,,,2.062881722251659,,,,,,,,,,,,,,,,,,,,,,,,,,,,Zn,,N,5.0,protein.sidechain,143.3723531203,trigonal.bipyramidal,2.0,HIS446:A
PDE4B_monomer,348154,ZN:A:1131,metal_complexes,446,HIS,A,,,,2.323995481923319,,,,,,,,,,,,,,,,,,,,,,,,,,,,Zn,,N,5.0,protein.sidechain,143.3723531203,trigonal.bipyramidal,2.0,HIS446:A
PDE4B_monomer,348154,ZN:A:1131,metal_complexes,446,HIS,A,,,,2.062881722251659,,,,,,,,,,,,,,,,,,,,,,,,,,,,Zn,,N,5.0,protein.sidechain,143.3723531203,trigonal.bipyramidal,2.0,HIS446:A
PDE4B_monomer,348154,ZN:A:1132,metal_complexes,386,ASP,A,,,,2.6398532156163546,,,,,,,,,,,,,,,,,,,,,,,,,,,,Zn,,O,2.0,protein.mainchain,180.0,linear,1.0,ASP386:A
PDE4B_monomer,348154,ZN:A:1132,metal_complexes,386,ASP,A,,,,2.6398532156163546,,,,,,,,,,,,,,,,,,,,,,,,,,,,Zn,,O,2.0,protein.mainchain,180.0,linear,1.0,ASP386:A
PDE4B_monomer,348154,ZN:A:1132,metal_complexes,386,ASP,A,,,,2.6398532156163546,,,,,,,,,,,,,,,,,,,,,,,,,,,,Zn,,O,2.0,protein.mainchain,180.0,linear,2.0,ASP386:A
PDE4B_monomer,348154,ZN:A:1132,metal_complexes,386,ASP,A,,,,2.6398532156163546,,,,,,,,,,,,,,,,,,,,,,,,,,,,Zn,,O,2.0,protein.mainchain,180.0,linear,2.0,ASP386:A
PDE4B_monomer,348154,UNL:Z:1,hydrophobic_contacts,582,ILE,A,,,,3.46948209391546,,,,,,,,,,,,,,,,,,,,,,,,,,,,,,,,,,,,ILE582:A
PDE4B_monomer,348154,UNL:Z:1,hydrophobic_contacts,586,PHE,A,,,,3.707138788877484,,,,,,,,,,,,,,,,,,,,,,,,,,,,,,,,,,,,PHE586:A
PDE4B_monomer,348154,UNL:Z:1,hydrophobic_contacts,603,MET,A,,,,3.978774811421222,,,,,,,,,,,,,,,,,,,,,,,,,,,,,,,,,,,,MET603:A
PDE4B_monomer,348154,UNL:Z:1,hydrophobic_contacts,618,PHE,A,,,,3.4400183139047384,,,,,,,,,,,,,,,,,,,,,,,,,,,,,,,,,,,,PHE618:A
PDE4B_monomer,348154,UNL:Z:1,hydrophobic_contacts,618,PHE,A,,,,3.833035350737058,,,,,,,,,,,,,,,,,,,,,,,,,,,,,,,,,,,,PHE618:A
PDE4B_monomer,348154,UNL:Z:1,hydrophobic_contacts,618,PHE,A,,,,3.821781914238433,,,,,,,,,,,,,,,,,,,,,,,,,,,,,,,,,,,,PHE618:A
PDE4B_monomer,348154,UNL:Z:1,hydrophobic_contacts,618,PHE,A,,,,3.6828533774778474,,,,,,,,,,,,,,,,,,,,,,,,,,,,,,,,,,,,PHE618:A
PDE4B_monomer,348154,UNL:Z:1,hydrophobic_contacts,582,ILE,A,,,,3.6376765936515008,,,,,,,,,,,,,,,,,,,,,,,,,,,,,,,,,,,,ILE582:A
PDE4B_monomer,348154,UNL:Z:1,hbonds_ldon,564,ASP,A,,,,,,,False,,,,False,,,,,,,,,,,,,,104.2944165621672,,strong,,,,,,,,,,,,,ASP564:A
PDE4B_monomer,348154,UNL:Z:1,hbonds_pdon,615,GLN,A,,,,,,,True,,,,True,,,,,,,,,,,,,,170.8149617802696,,strong,,,,,,,,,,,,,GLN615:A
PDE4B_monomer,348154,UNL:Z:1,hbonds_pdon,615,GLN,A,,,,,,,True,,,,True,,,,,,,,,,,,,,170.8149617802696,,strong,,,,,,,,,,,,,GLN615:A
PDE4B_monomer,348154,UNL:Z:1,water_bridges,565,LEU,A,,,,,,,,,,,True,,,,,,,,,,,,,,,,first_deg,,,,,,,,,,,,,LEU565:A
PDE4B_monomer,348154,UNL:Z:1,water_bridges,567,ASN,A,,,,,,,,,,,True,,,,,,,,,,,,,,,,first_deg,,,,,,,,,,,,,ASN567:A
PDE4B_monomer,348154,UNL:Z:1,water_bridges,615,GLN,A,,,,,,,,,,,True,,,,,,,,,,,,,,,,first_deg,,,,,,,,,,,,,GLN615:A
PDE4B_monomer,348154,UNL:Z:1,water_bridges,410,HIS,A,,,,,,,,,,,True,,,,,,,,,,,,,,,,first_deg,,,,,,,,,,,,,HIS410:A
PDE4B_monomer,107,ZN:A:1131,metal_complexes,1118,HOH,A,,,,1.703429481956921,,,,,,,,,,,,,,,,,,,,,,,,,,,,Zn,,O,5.0,water,143.3723531203,trigonal.bipyramidal,1.0,HOH1118:A
PDE4B_monomer,107,ZN:A:1131,metal_complexes,446,HIS,A,,,,2.323995481923319,,,,,,,,,,,,,,,,,,,,,,,,,,,,Zn,,N,5.0,protein.sidechain,143.3723531203,trigonal.bipyramidal,1.0,HIS446:A
PDE4B_monomer,107,ZN:A:1131,metal_complexes,446,HIS,A,,,,2.062881722251659,,,,,,,,,,,,,,,,,,,,,,,,,,,,Zn,,N,5.0,protein.sidechain,143.3723531203,trigonal.bipyramidal,1.0,HIS446:A
PDE4B_monomer,107,ZN:A:1131,metal_complexes,446,HIS,A,,,,2.323995481923319,,,,,,,,,,,,,,,,,,,,,,,,,,,,Zn,,N,5.0,protein.sidechain,143.3723531203,trigonal.bipyramidal,1.0,HIS446:A
PDE4B_monomer,107,ZN:A:1131,metal_complexes,446,HIS,A,,,,2.062881722251659,,,,,,,,,,,,,,,,,,,,,,,,,,,,Zn,,N,5.0,protein.sidechain,143.3723531203,trigonal.bipyramidal,1.0,HIS446:A
PDE4B_monomer,107,ZN:A:1131,metal_complexes,1118,HOH,A,,,,1.703429481956921,,,,,,,,,,,,,,,,,,,,,,,,,,,,Zn,,O,5.0,water,143.3723531203,trigonal.bipyramidal,2.0,HOH1118:A
PDE4B_monomer,107,ZN:A:1131,metal_complexes,446,HIS,A,,,,2.323995481923319,,,,,,,,,,,,,,,,,,,,,,,,,,,,Zn,,N,5.0,protein.sidechain,143.3723531203,trigonal.bipyramidal,2.0,HIS446:A
PDE4B_monomer,107,ZN:A:1131,metal_complexes,446,HIS,A,,,,2.062881722251659,,,,,,,,,,,,,,,,,,,,,,,,,,,,Zn,,N,5.0,protein.sidechain,143.3723531203,trigonal.bipyramidal,2.0,HIS446:A
PDE4B_monomer,107,ZN:A:1131,metal_complexes,446,HIS,A,,,,2.323995481923319,,,,,,,,,,,,,,,,,,,,,,,,,,,,Zn,,N,5.0,protein.sidechain,143.3723531203,trigonal.bipyramidal,2.0,HIS446:A
PDE4B_monomer,107,ZN:A:1131,metal_complexes,446,HIS,A,,,,2.062881722251659,,,,,,,,,,,,,,,,,,,,,,,,,,,,Zn,,N,5.0,protein.sidechain,143.3723531203,trigonal.bipyramidal,2.0,HIS446:A
PDE4B_monomer,107,ZN:A:1132,metal_complexes,386,ASP,A,,,,2.6398532156163546,,,,,,,,,,,,,,,,,,,,,,,,,,,,Zn,,O,2.0,protein.mainchain,180.0,linear,1.0,ASP386:A
PDE4B_monomer,107,ZN:A:1132,metal_complexes,386,ASP,A,,,,2.6398532156163546,,,,,,,,,,,,,,,,,,,,,,,,,,,,Zn,,O,2.0,protein.mainchain,180.0,linear,1.0,ASP386:A
PDE4B_monomer,107,ZN:A:1132,metal_complexes,386,ASP,A,,,,2.6398532156163546,,,,,,,,,,,,,,,,,,,,,,,,,,,,Zn,,O,2.0,protein.mainchain,180.0,linear,2.0,ASP386:A
PDE4B_monomer,107,ZN:A:1132,metal_complexes,386,ASP,A,,,,2.6398532156163546,,,,,,,,,,,,,,,,,,,,,,,,,,,,Zn,,O,2.0,protein.mainchain,180.0,linear,2.0,ASP386:A
PDE4B_monomer,107,UNL:Z:1,hydrophobic_contacts,586,PHE,A,,,,3.7822254031191775,,,,,,,,,,,,,,,,,,,,,,,,,,,,,,,,,,,,PHE586:A
PDE4B_monomer,107,UNL:Z:1,hydrophobic_contacts,586,PHE,A,,,,3.965032282340212,,,,,,,,,,,,,,,,,,,,,,,,,,,,,,,,,,,,PHE586:A
PDE4B_monomer,107,UNL:Z:1,hydrophobic_contacts,603,MET,A,,,,3.793384900059576,,,,,,,,,,,,,,,,,,,,,,,,,,,,,,,,,,,,MET603:A
PDE4B_monomer,107,UNL:Z:1,hydrophobic_contacts,618,PHE,A,,,,3.6771555583086233,,,,,,,,,,,,,,,,,,,,,,,,,,,,,,,,,,,,PHE618:A
PDE4B_monomer,107,UNL:Z:1,hydrophobic_contacts,582,ILE,A,,,,3.773941440987128,,,,,,,,,,,,,,,,,,,,,,,,,,,,,,,,,,,,ILE582:A
PDE4B_monomer,107,UNL:Z:1,hydrophobic_contacts,582,ILE,A,,,,3.559155658298746,,,,,,,,,,,,,,,,,,,,,,,,,,,,,,,,,,,,ILE582:A
PDE4B_monomer,107,UNL:Z:1,hydrophobic_contacts,618,PHE,A,,,,3.675509352457149,,,,,,,,,,,,,,,,,,,,,,,,,,,,,,,,,,,,PHE618:A
PDE4B_monomer,107,UNL:Z:1,hydrophobic_contacts,618,PHE,A,,,,3.7563492915329366,,,,,,,,,,,,,,,,,,,,,,,,,,,,,,,,,,,,PHE618:A
PDE4B_monomer,107,UNL:Z:1,hbonds_pdon,615,GLN,A,,,,,,,True,,,,True,,,,,,,,,,,,,,167.59349030264454,,strong,,,,,,,,,,,,,GLN615:A
PDE4B_monomer,107,UNL:Z:1,hbonds_pdon,615,GLN,A,,,,,,,True,,,,True,,,,,,,,,,,,,,167.59349030264454,,strong,,,,,,,,,,,,,GLN615:A
PDE4B_monomer,107,UNL:Z:1,water_bridges,615,GLN,A,,,,,,,,,,,True,,,,,,,,,,,,,,,,first_deg,,,,,,,,,,,,,GLN615:A
PDE4B_monomer,439435,ZN:A:1131,metal_complexes,1118,HOH,A,,,,1.703429481956921,,,,,,,,,,,,,,,,,,,,,,,,,,,,Zn,,O,5.0,water,143.3723531203,trigonal.bipyramidal,1.0,HOH1118:A
PDE4B_monomer,439435,ZN:A:1131,metal_complexes,446,HIS,A,,,,2.323995481923319,,,,,,,,,,,,,,,,,,,,,,,,,,,,Zn,,N,5.0,protein.sidechain,143.3723531203,trigonal.bipyramidal,1.0,HIS446:A
PDE4B_monomer,439435,ZN:A:1131,metal_complexes,446,HIS,A,,,,2.062881722251659,,,,,,,,,,,,,,,,,,,,,,,,,,,,Zn,,N,5.0,protein.sidechain,143.3723531203,trigonal.bipyramidal,1.0,HIS446:A
PDE4B_monomer,439435,ZN:A:1131,metal_complexes,446,HIS,A,,,,2.323995481923319,,,,,,,,,,,,,,,,,,,,,,,,,,,,Zn,,N,5.0,protein.sidechain,143.3723531203,trigonal.bipyramidal,1.0,HIS446:A
PDE4B_monomer,439435,ZN:A:1131,metal_complexes,446,HIS,A,,,,2.062881722251659,,,,,,,,,,,,,,,,,,,,,,,,,,,,Zn,,N,5.0,protein.sidechain,143.3723531203,trigonal.bipyramidal,1.0,HIS446:A
PDE4B_monomer,439435,ZN:A:1131,metal_complexes,1118,HOH,A,,,,1.703429481956921,,,,,,,,,,,,,,,,,,,,,,,,,,,,Zn,,O,5.0,water,143.3723531203,trigonal.bipyramidal,2.0,HOH1118:A
PDE4B_monomer,439435,ZN:A:1131,metal_complexes,446,HIS,A,,,,2.323995481923319,,,,,,,,,,,,,,,,,,,,,,,,,,,,Zn,,N,5.0,protein.sidechain,143.3723531203,trigonal.bipyramidal,2.0,HIS446:A
PDE4B_monomer,439435,ZN:A:1131,metal_complexes,446,HIS,A,,,,2.062881722251659,,,,,,,,,,,,,,,,,,,,,,,,,,,,Zn,,N,5.0,protein.sidechain,143.3723531203,trigonal.bipyramidal,2.0,HIS446:A
PDE4B_monomer,439435,ZN:A:1131,metal_complexes,446,HIS,A,,,,2.323995481923319,,,,,,,,,,,,,,,,,,,,,,,,,,,,Zn,,N,5.0,protein.sidechain,143.3723531203,trigonal.bipyramidal,2.0,HIS446:A
PDE4B_monomer,439435,ZN:A:1131,metal_complexes,446,HIS,A,,,,2.062881722251659,,,,,,,,,,,,,,,,,,,,,,,,,,,,Zn,,N,5.0,protein.sidechain,143.3723531203,trigonal.bipyramidal,2.0,HIS446:A
PDE4B_monomer,439435,ZN:A:1132,metal_complexes,386,ASP,A,,,,2.6398532156163546,,,,,,,,,,,,,,,,,,,,,,,,,,,,Zn,,O,2.0,protein.mainchain,180.0,linear,1.0,ASP386:A
PDE4B_monomer,439435,ZN:A:1132,metal_complexes,386,ASP,A,,,,2.6398532156163546,,,,,,,,,,,,,,,,,,,,,,,,,,,,Zn,,O,2.0,protein.mainchain,180.0,linear,1.0,ASP386:A
PDE4B_monomer,439435,ZN:A:1132,metal_complexes,386,ASP,A,,,,2.6398532156163546,,,,,,,,,,,,,,,,,,,,,,,,,,,,Zn,,O,2.0,protein.mainchain,180.0,linear,2.0,ASP386:A
PDE4B_monomer,439435,ZN:A:1132,metal_complexes,386,ASP,A,,,,2.6398532156163546,,,,,,,,,,,,,,,,,,,,,,,,,,,,Zn,,O,2.0,protein.mainchain,180.0,linear,2.0,ASP386:A
PDE4B_monomer,439435,UNL:Z:1,hydrophobic_contacts,582,ILE,A,,,,3.452021002253605,,,,,,,,,,,,,,,,,,,,,,,,,,,,,,,,,,,,ILE582:A
PDE4B_monomer,439435,UNL:Z:1,hydrophobic_contacts,586,PHE,A,,,,3.723645659833927,,,,,,,,,,,,,,,,,,,,,,,,,,,,,,,,,,,,PHE586:A
PDE4B_monomer,439435,UNL:Z:1,hydrophobic_contacts,618,PHE,A,,,,3.8385740842140814,,,,,,,,,,,,,,,,,,,,,,,,,,,,,,,,,,,,PHE618:A
PDE4B_monomer,439435,UNL:Z:1,hydrophobic_contacts,618,PHE,A,,,,3.685270817728326,,,,,,,,,,,,,,,,,,,,,,,,,,,,,,,,,,,,PHE618:A
PDE4B_monomer,439435,UNL:Z:1,hydrophobic_contacts,618,PHE,A,,,,3.8272670405917575,,,,,,,,,,,,,,,,,,,,,,,,,,,,,,,,,,,,PHE618:A
PDE4B_monomer,439435,UNL:Z:1,hydrophobic_contacts,582,ILE,A,,,,3.6189180703630215,,,,,,,,,,,,,,,,,,,,,,,,,,,,,,,,,,,,ILE582:A
PDE4B_monomer,439435,UNL:Z:1,hbonds_ldon,405,TYR,A,,,,,,,True,,,,False,,,,,,,,,,,,,,130.45360113906932,,strong,,,,,,,,,,,,,TYR405:A
PDE4B_monomer,439435,UNL:Z:1,hbonds_ldon,405,TYR,A,,,,,,,True,,,,False,,,,,,,,,,,,,,120.62566331600176,,strong,,,,,,,,,,,,,TYR405:A
PDE4B_monomer,439435,UNL:Z:1,hbonds_pdon,405,TYR,A,,,,,,,True,,,,True,,,,,,,,,,,,,,119.99794255626372,,strong,,,,,,,,,,,,,TYR405:A
PDE4B_monomer,439435,UNL:Z:1,hbonds_pdon,615,GLN,A,,,,,,,False,,,,True,,,,,,,,,,,,,,150.45502567292593,,strong,,,,,,,,,,,,,GLN615:A
PDE4B_monomer,439435,UNL:Z:1,hbonds_pdon,615,GLN,A,,,,,,,True,,,,True,,,,,,,,,,,,,,171.62900724959158,,strong,,,,,,,,,,,,,GLN615:A
PDE4B_monomer,439435,UNL:Z:1,hbonds_pdon,615,GLN,A,,,,,,,False,,,,True,,,,,,,,,,,,,,136.77455171403187,,strong,,,,,,,,,,,,,GLN615:A
PDE4B_monomer,439435,UNL:Z:1,hbonds_pdon,615,GLN,A,,,,,,,True,,,,True,,,,,,,,,,,,,,171.62900724959158,,strong,,,,,,,,,,,,,GLN615:A
PDE4B_monomer,439435,UNL:Z:1,water_bridges,567,ASN,A,,,,,,,,,,,True,,,,,,,,,,,,,,,,first_deg,,,,,,,,,,,,,ASN567:A
PDE4B_monomer,439435,UNL:Z:1,water_bridges,567,ASN,A,,,,,,,,,,,True,,,,,,,,,,,,,,,,first_deg,,,,,,,,,,,,,ASN567:A
PDE4B_monomer,49831816,ZN:A:1131,metal_complexes,1118,HOH,A,,,,1.703429481956921,,,,,,,,,,,,,,,,,,,,,,,,,,,,Zn,,O,5.0,water,143.3723531203,trigonal.bipyramidal,1.0,HOH1118:A
PDE4B_monomer,49831816,ZN:A:1131,metal_complexes,446,HIS,A,,,,2.323995481923319,,,,,,,,,,,,,,,,,,,,,,,,,,,,Zn,,N,5.0,protein.sidechain,143.3723531203,trigonal.bipyramidal,1.0,HIS446:A
PDE4B_monomer,49831816,ZN:A:1131,metal_complexes,446,HIS,A,,,,2.062881722251659,,,,,,,,,,,,,,,,,,,,,,,,,,,,Zn,,N,5.0,protein.sidechain,143.3723531203,trigonal.bipyramidal,1.0,HIS446:A
PDE4B_monomer,49831816,ZN:A:1131,metal_complexes,446,HIS,A,,,,2.323995481923319,,,,,,,,,,,,,,,,,,,,,,,,,,,,Zn,,N,5.0,protein.sidechain,143.3723531203,trigonal.bipyramidal,1.0,HIS446:A
PDE4B_monomer,49831816,ZN:A:1131,metal_complexes,446,HIS,A,,,,2.062881722251659,,,,,,,,,,,,,,,,,,,,,,,,,,,,Zn,,N,5.0,protein.sidechain,143.3723531203,trigonal.bipyramidal,1.0,HIS446:A
PDE4B_monomer,49831816,ZN:A:1131,metal_complexes,1118,HOH,A,,,,1.703429481956921,,,,,,,,,,,,,,,,,,,,,,,,,,,,Zn,,O,5.0,water,143.3723531203,trigonal.bipyramidal,2.0,HOH1118:A
PDE4B_monomer,49831816,ZN:A:1131,metal_complexes,446,HIS,A,,,,2.323995481923319,,,,,,,,,,,,,,,,,,,,,,,,,,,,Zn,,N,5.0,protein.sidechain,143.3723531203,trigonal.bipyramidal,2.0,HIS446:A
PDE4B_monomer,49831816,ZN:A:1131,metal_complexes,446,HIS,A,,,,2.062881722251659,,,,,,,,,,,,,,,,,,,,,,,,,,,,Zn,,N,5.0,protein.sidechain,143.3723531203,trigonal.bipyramidal,2.0,HIS446:A
PDE4B_monomer,49831816,ZN:A:1131,metal_complexes,446,HIS,A,,,,2.323995481923319,,,,,,,,,,,,,,,,,,,,,,,,,,,,Zn,,N,5.0,protein.sidechain,143.3723531203,trigonal.bipyramidal,2.0,HIS446:A
PDE4B_monomer,49831816,ZN:A:1131,metal_complexes,446,HIS,A,,,,2.062881722251659,,,,,,,,,,,,,,,,,,,,,,,,,,,,Zn,,N,5.0,protein.sidechain,143.3723531203,trigonal.bipyramidal,2.0,HIS446:A
PDE4B_monomer,49831816,ZN:A:1132,metal_complexes,386,ASP,A,,,,2.6398532156163546,,,,,,,,,,,,,,,,,,,,,,,,,,,,Zn,,O,2.0,protein.mainchain,180.0,linear,1.0,ASP386:A
PDE4B_monomer,49831816,ZN:A:1132,metal_complexes,386,ASP,A,,,,2.6398532156163546,,,,,,,,,,,,,,,,,,,,,,,,,,,,Zn,,O,2.0,protein.mainchain,180.0,linear,1.0,ASP386:A
PDE4B_monomer,49831816,ZN:A:1132,metal_complexes,386,ASP,A,,,,2.6398532156163546,,,,,,,,,,,,,,,,,,,,,,,,,,,,Zn,,O,2.0,protein.mainchain,180.0,linear,2.0,ASP386:A
PDE4B_monomer,49831816,ZN:A:1132,metal_complexes,386,ASP,A,,,,2.6398532156163546,,,,,,,,,,,,,,,,,,,,,,,,,,,,Zn,,O,2.0,protein.mainchain,180.0,linear,2.0,ASP386:A
PDE4B_monomer,49831816,UNL:Z:1,hydrophobic_contacts,582,ILE,A,,,,3.737902620454414,,,,,,,,,,,,,,,,,,,,,,,,,,,,,,,,,,,,ILE582:A
PDE4B_monomer,49831816,UNL:Z:1,hydrophobic_contacts,586,PHE,A,,,,3.524126132816481,,,,,,,,,,,,,,,,,,,,,,,,,,,,,,,,,,,,PHE586:A
PDE4B_monomer,49831816,UNL:Z:1,hydrophobic_contacts,618,PHE,A,,,,3.6699386915860086,,,,,,,,,,,,,,,,,,,,,,,,,,,,,,,,,,,,PHE618:A
PDE4B_monomer,49831816,UNL:Z:1,hydrophobic_contacts,618,PHE,A,,,,3.670857937866844,,,,,,,,,,,,,,,,,,,,,,,,,,,,,,,,,,,,PHE618:A
PDE4B_monomer,49831816,UNL:Z:1,hydrophobic_contacts,618,PHE,A,,,,3.727764075152828,,,,,,,,,,,,,,,,,,,,,,,,,,,,,,,,,,,,PHE618:A
PDE4B_monomer,49831816,UNL:Z:1,hydrophobic_contacts,618,PHE,A,,,,3.841360956744367,,,,,,,,,,,,,,,,,,,,,,,,,,,,,,,,,,,,PHE618:A
PDE4B_monomer,49831816,UNL:Z:1,hydrophobic_contacts,618,PHE,A,,,,3.768125794078534,,,,,,,,,,,,,,,,,,,,,,,,,,,,,,,,,,,,PHE618:A
PDE4B_monomer,49831816,UNL:Z:1,hbonds_ldon,405,TYR,A,,,,,,,True,,,,False,,,,,,,,,,,,,,156.99775134544132,,strong,,,,,,,,,,,,,TYR405:A
PDE4B_monomer,49831816,UNL:Z:1,hbonds_ldon,614,SER,A,,,,,,,True,,,,False,,,,,,,,,,,,,,137.9622084218632,,strong,,,,,,,,,,,,,SER614:A
PDE4B_monomer,49831816,UNL:Z:1,hbonds_pdon,405,TYR,A,,,,,,,True,,,,True,,,,,,,,,,,,,,140.36238168466585,,strong,,,,,,,,,,,,,TYR405:A
PDE4B_monomer,49831816,UNL:Z:1,hbonds_pdon,614,SER,A,,,,,,,True,,,,True,,,,,,,,,,,,,,119.01606781386204,,strong,,,,,,,,,,,,,SER614:A
PDE4B_monomer,49831816,UNL:Z:1,hbonds_pdon,614,SER,A,,,,,,,True,,,,True,,,,,,,,,,,,,,121.42826768430209,,strong,,,,,,,,,,,,,SER614:A
PDE4B_monomer,49831816,UNL:Z:1,water_bridges,565,LEU,A,,,,,,,,,,,True,,,,,,,,,,,,,,,,first_deg,,,,,,,,,,,,,LEU565:A
PDE4B_monomer,49831816,UNL:Z:1,water_bridges,564,ASP,A,,,,,,,,,,,True,,,,,,,,,,,,,,,,first_deg,,,,,,,,,,,,,ASP564:A
PDE4B_monomer,49831816,UNL:Z:1,water_bridges,564,ASP,A,,,,,,,,,,,True,,,,,,,,,,,,,,,,first_deg,,,,,,,,,,,,,ASP564:A
PDE4B_monomer,49831816,UNL:Z:1,water_bridges,564,ASP,A,,,,,,,,,,,False,,,,,,,,,,,,,,,,first_deg,,,,,,,,,,,,,ASP564:A
PDE4B_monomer,6262,ZN:A:1131,metal_complexes,1118,HOH,A,,,,1.703429481956921,,,,,,,,,,,,,,,,,,,,,,,,,,,,Zn,,O,5.0,water,143.3723531203,trigonal.bipyramidal,1.0,HOH1118:A
PDE4B_monomer,6262,ZN:A:1131,metal_complexes,446,HIS,A,,,,2.323995481923319,,,,,,,,,,,,,,,,,,,,,,,,,,,,Zn,,N,5.0,protein.sidechain,143.3723531203,trigonal.bipyramidal,1.0,HIS446:A
PDE4B_monomer,6262,ZN:A:1131,metal_complexes,446,HIS,A,,,,2.062881722251659,,,,,,,,,,,,,,,,,,,,,,,,,,,,Zn,,N,5.0,protein.sidechain,143.3723531203,trigonal.bipyramidal,1.0,HIS446:A
PDE4B_monomer,6262,ZN:A:1131,metal_complexes,446,HIS,A,,,,2.323995481923319,,,,,,,,,,,,,,,,,,,,,,,,,,,,Zn,,N,5.0,protein.sidechain,143.3723531203,trigonal.bipyramidal,1.0,HIS446:A
PDE4B_monomer,6262,ZN:A:1131,metal_complexes,446,HIS,A,,,,2.062881722251659,,,,,,,,,,,,,,,,,,,,,,,,,,,,Zn,,N,5.0,protein.sidechain,143.3723531203,trigonal.bipyramidal,1.0,HIS446:A
PDE4B_monomer,6262,ZN:A:1131,metal_complexes,1118,HOH,A,,,,1.703429481956921,,,,,,,,,,,,,,,,,,,,,,,,,,,,Zn,,O,5.0,water,143.3723531203,trigonal.bipyramidal,2.0,HOH1118:A
PDE4B_monomer,6262,ZN:A:1131,metal_complexes,446,HIS,A,,,,2.323995481923319,,,,,,,,,,,,,,,,,,,,,,,,,,,,Zn,,N,5.0,protein.sidechain,143.3723531203,trigonal.bipyramidal,2.0,HIS446:A
PDE4B_monomer,6262,ZN:A:1131,metal_complexes,446,HIS,A,,,,2.062881722251659,,,,,,,,,,,,,,,,,,,,,,,,,,,,Zn,,N,5.0,protein.sidechain,143.3723531203,trigonal.bipyramidal,2.0,HIS446:A
PDE4B_monomer,6262,ZN:A:1131,metal_complexes,446,HIS,A,,,,2.323995481923319,,,,,,,,,,,,,,,,,,,,,,,,,,,,Zn,,N,5.0,protein.sidechain,143.3723531203,trigonal.bipyramidal,2.0,HIS446:A
PDE4B_monomer,6262,ZN:A:1131,metal_complexes,446,HIS,A,,,,2.062881722251659,,,,,,,,,,,,,,,,,,,,,,,,,,,,Zn,,N,5.0,protein.sidechain,143.3723531203,trigonal.bipyramidal,2.0,HIS446:A
PDE4B_monomer,6262,ZN:A:1132,metal_complexes,386,ASP,A,,,,2.6398532156163546,,,,,,,,,,,,,,,,,,,,,,,,,,,,Zn,,O,2.0,protein.mainchain,180.0,linear,1.0,ASP386:A
PDE4B_monomer,6262,ZN:A:1132,metal_complexes,386,ASP,A,,,,2.6398532156163546,,,,,,,,,,,,,,,,,,,,,,,,,,,,Zn,,O,2.0,protein.mainchain,180.0,linear,1.0,ASP386:A
PDE4B_monomer,6262,ZN:A:1132,metal_complexes,386,ASP,A,,,,2.6398532156163546,,,,,,,,,,,,,,,,,,,,,,,,,,,,Zn,,O,2.0,protein.mainchain,180.0,linear,2.0,ASP386:A
PDE4B_monomer,6262,ZN:A:1132,metal_complexes,386,ASP,A,,,,2.6398532156163546,,,,,,,,,,,,,,,,,,,,,,,,,,,,Zn,,O,2.0,protein.mainchain,180.0,linear,2.0,ASP386:A
PDE4B_monomer,6262,UNL:Z:1,hydrophobic_contacts,582,ILE,A,,,,3.777110271093498,,,,,,,,,,,,,,,,,,,,,,,,,,,,,,,,,,,,ILE582:A
PDE4B_monomer,6262,UNL:Z:1,hydrophobic_contacts,586,PHE,A,,,,3.7224052707893063,,,,,,,,,,,,,,,,,,,,,,,,,,,,,,,,,,,,PHE586:A
PDE4B_monomer,6262,UNL:Z:1,hydrophobic_contacts,618,PHE,A,,,,3.515089472545473,,,,,,,,,,,,,,,,,,,,,,,,,,,,,,,,,,,,PHE618:A
PDE4B_monomer,6262,UNL:Z:1,hbonds_ldon,615,GLN,A,,,,,,,True,,,,False,,,,,,,,,,,,,,125.04841444157576,,strong,,,,,,,,,,,,,GLN615:A
PDE4B_monomer,6262,UNL:Z:1,hbonds_pdon,405,TYR,A,,,,,,,True,,,,True,,,,,,,,,,,,,,100.5487275318052,,strong,,,,,,,,,,,,,TYR405:A
PDE4B_monomer,6262,UNL:Z:1,hbonds_pdon,615,GLN,A,,,,,,,True,,,,True,,,,,,,,,,,,,,142.01647211521552,,strong,,,,,,,,,,,,,GLN615:A
PDE4B_monomer,6262,UNL:Z:1,water_bridges,567,ASN,A,,,,,,,,,,,True,,,,,,,,,,,,,,,,first_deg,,,,,,,,,,,,,ASN567:A
PDE4B_monomer,6262,UNL:Z:1,water_bridges,567,ASN,A,,,,,,,,,,,False,,,,,,,,,,,,,,,,first_deg,,,,,,,,,,,,,ASN567:A
PDE4B_monomer,6262,UNL:Z:1,water_bridges,564,ASP,A,,,,,,,,,,,False,,,,,,,,,,,,,,,,first_deg,,,,,,,,,,,,,ASP564:A
PDE4B_monomer,6262,UNL:Z:1,water_bridges,564,ASP,A,,,,,,,,,,,False,,,,,,,,,,,,,,,,first_deg,,,,,,,,,,,,,ASP564:A
PDE4B_monomer,689043,ZN:A:1131,metal_complexes,1118,HOH,A,,,,1.703429481956921,,,,,,,,,,,,,,,,,,,,,,,,,,,,Zn,,O,5.0,water,143.3723531203,trigonal.bipyramidal,1.0,HOH1118:A
PDE4B_monomer,689043,ZN:A:1131,metal_complexes,446,HIS,A,,,,2.323995481923319,,,,,,,,,,,,,,,,,,,,,,,,,,,,Zn,,N,5.0,protein.sidechain,143.3723531203,trigonal.bipyramidal,1.0,HIS446:A
PDE4B_monomer,689043,ZN:A:1131,metal_complexes,446,HIS,A,,,,2.062881722251659,,,,,,,,,,,,,,,,,,,,,,,,,,,,Zn,,N,5.0,protein.sidechain,143.3723531203,trigonal.bipyramidal,1.0,HIS446:A
PDE4B_monomer,689043,ZN:A:1131,metal_complexes,446,HIS,A,,,,2.323995481923319,,,,,,,,,,,,,,,,,,,,,,,,,,,,Zn,,N,5.0,protein.sidechain,143.3723531203,trigonal.bipyramidal,1.0,HIS446:A
PDE4B_monomer,689043,ZN:A:1131,metal_complexes,446,HIS,A,,,,2.062881722251659,,,,,,,,,,,,,,,,,,,,,,,,,,,,Zn,,N,5.0,protein.sidechain,143.3723531203,trigonal.bipyramidal,1.0,HIS446:A
PDE4B_monomer,689043,ZN:A:1131,metal_complexes,1118,HOH,A,,,,1.703429481956921,,,,,,,,,,,,,,,,,,,,,,,,,,,,Zn,,O,5.0,water,143.3723531203,trigonal.bipyramidal,2.0,HOH1118:A
PDE4B_monomer,689043,ZN:A:1131,metal_complexes,446,HIS,A,,,,2.323995481923319,,,,,,,,,,,,,,,,,,,,,,,,,,,,Zn,,N,5.0,protein.sidechain,143.3723531203,trigonal.bipyramidal,2.0,HIS446:A
PDE4B_monomer,689043,ZN:A:1131,metal_complexes,446,HIS,A,,,,2.062881722251659,,,,,,,,,,,,,,,,,,,,,,,,,,,,Zn,,N,5.0,protein.sidechain,143.3723531203,trigonal.bipyramidal,2.0,HIS446:A
PDE4B_monomer,689043,ZN:A:1131,metal_complexes,446,HIS,A,,,,2.323995481923319,,,,,,,,,,,,,,,,,,,,,,,,,,,,Zn,,N,5.0,protein.sidechain,143.3723531203,trigonal.bipyramidal,2.0,HIS446:A
PDE4B_monomer,689043,ZN:A:1131,metal_complexes,446,HIS,A,,,,2.062881722251659,,,,,,,,,,,,,,,,,,,,,,,,,,,,Zn,,N,5.0,protein.sidechain,143.3723531203,trigonal.bipyramidal,2.0,HIS446:A
PDE4B_monomer,689043,ZN:A:1132,metal_complexes,386,ASP,A,,,,2.6398532156163546,,,,,,,,,,,,,,,,,,,,,,,,,,,,Zn,,O,2.0,protein.mainchain,180.0,linear,1.0,ASP386:A
PDE4B_monomer,689043,ZN:A:1132,metal_complexes,386,ASP,A,,,,2.6398532156163546,,,,,,,,,,,,,,,,,,,,,,,,,,,,Zn,,O,2.0,protein.mainchain,180.0,linear,1.0,ASP386:A
PDE4B_monomer,689043,ZN:A:1132,metal_complexes,386,ASP,A,,,,2.6398532156163546,,,,,,,,,,,,,,,,,,,,,,,,,,,,Zn,,O,2.0,protein.mainchain,180.0,linear,2.0,ASP386:A
PDE4B_monomer,689043,ZN:A:1132,metal_complexes,386,ASP,A,,,,2.6398532156163546,,,,,,,,,,,,,,,,,,,,,,,,,,,,Zn,,O,2.0,protein.mainchain,180.0,linear,2.0,ASP386:A
PDE4B_monomer,689043,UNL:A:1,hydrophobic_contacts,618,PHE,A,,,,3.800702829740836,,,,,,,,,,,,,,,,,,,,,,,,,,,,,,,,,,,,PHE618:A
PDE4B_monomer,689043,UNL:A:1,hydrophobic_contacts,618,PHE,A,,,,3.4473195384240203,,,,,,,,,,,,,,,,,,,,,,,,,,,,,,,,,,,,PHE618:A
PDE4B_monomer,689043,UNL:A:1,hydrophobic_contacts,586,PHE,A,,,,3.474783014808266,,,,,,,,,,,,,,,,,,,,,,,,,,,,,,,,,,,,PHE586:A
PDE4B_monomer,689043,UNL:A:1,hydrophobic_contacts,618,PHE,A,,,,3.3911735431853054,,,,,,,,,,,,,,,,,,,,,,,,,,,,,,,,,,,,PHE618:A
PDE4B_monomer,689043,UNL:A:1,hbonds_ldon,406,HIS,A,,,,,,,True,,,,False,,,,,,,,,,,,,,133.59263739087072,,strong,,,,,,,,,,,,,HIS406:A
PDE4B_monomer,689043,UNL:A:1,hbonds_ldon,615,GLN,A,,,,,,,True,,,,False,,,,,,,,,,,,,,144.7236582962143,,strong,,,,,,,,,,,,,GLN615:A
PDE4B_monomer,689043,UNL:A:1,hbonds_pdon,405,TYR,A,,,,,,,True,,,,True,,,,,,,,,,,,,,144.65289230000755,,strong,,,,,,,,,,,,,TYR405:A
PDE4B_monomer,689043,UNL:A:1,hbonds_pdon,615,GLN,A,,,,,,,False,,,,True,,,,,,,,,,,,,,105.3402458858488,,strong,,,,,,,,,,,,,GLN615:A
PDE4B_monomer,689043,UNL:A:1,hbonds_pdon,615,GLN,A,,,,,,,True,,,,True,,,,,,,,,,,,,,166.5250999553381,,strong,,,,,,,,,,,,,GLN615:A
PDE4B_monomer,689043,UNL:A:1,hbonds_pdon,406,HIS,A,,,,,,,True,,,,True,,,,,,,,,,,,,,129.65548449746922,,strong,,,,,,,,,,,,,HIS406:A
PDE4B_monomer,689043,UNL:A:1,hbonds_pdon,406,HIS,A,,,,,,,True,,,,True,,,,,,,,,,,,,,129.65548449746922,,strong,,,,,,,,,,,,,HIS406:A
PDE4B_monomer,689043,UNL:A:1,water_bridges,565,LEU,A,,,,,,,,,,,True,,,,,,,,,,,,,,,,first_deg,,,,,,,,,,,,,LEU565:A
PDE4B_monomer,689043,UNL:A:1,water_bridges,615,GLN,A,,,,,,,,,,,True,,,,,,,,,,,,,,,,first_deg,,,,,,,,,,,,,GLN615:A
PDE4B_monomer,689043,UNL:A:1,water_bridges,410,HIS,A,,,,,,,,,,,False,,,,,,,,,,,,,,,,first_deg,,,,,,,,,,,,,HIS410:A
PDE4B_monomer,689043,UNL:A:1,water_bridges,564,ASP,A,,,,,,,,,,,False,,,,,,,,,,,,,,,,first_deg,,,,,,,,,,,,,ASP564:A
PDE4B_monomer,9877619,ZN:A:1131,metal_complexes,1118,HOH,A,,,,1.703429481956921,,,,,,,,,,,,,,,,,,,,,,,,,,,,Zn,,O,5.0,water,143.3723531203,trigonal.bipyramidal,1.0,HOH1118:A
PDE4B_monomer,9877619,ZN:A:1131,metal_complexes,446,HIS,A,,,,2.323995481923319,,,,,,,,,,,,,,,,,,,,,,,,,,,,Zn,,N,5.0,protein.sidechain,143.3723531203,trigonal.bipyramidal,1.0,HIS446:A
PDE4B_monomer,9877619,ZN:A:1131,metal_complexes,446,HIS,A,,,,2.062881722251659,,,,,,,,,,,,,,,,,,,,,,,,,,,,Zn,,N,5.0,protein.sidechain,143.3723531203,trigonal.bipyramidal,1.0,HIS446:A
PDE4B_monomer,9877619,ZN:A:1131,metal_complexes,446,HIS,A,,,,2.323995481923319,,,,,,,,,,,,,,,,,,,,,,,,,,,,Zn,,N,5.0,protein.sidechain,143.3723531203,trigonal.bipyramidal,1.0,HIS446:A
PDE4B_monomer,9877619,ZN:A:1131,metal_complexes,446,HIS,A,,,,2.062881722251659,,,,,,,,,,,,,,,,,,,,,,,,,,,,Zn,,N,5.0,protein.sidechain,143.3723531203,trigonal.bipyramidal,1.0,HIS446:A
PDE4B_monomer,9877619,ZN:A:1131,metal_complexes,1118,HOH,A,,,,1.703429481956921,,,,,,,,,,,,,,,,,,,,,,,,,,,,Zn,,O,5.0,water,143.3723531203,trigonal.bipyramidal,2.0,HOH1118:A
PDE4B_monomer,9877619,ZN:A:1131,metal_complexes,446,HIS,A,,,,2.323995481923319,,,,,,,,,,,,,,,,,,,,,,,,,,,,Zn,,N,5.0,protein.sidechain,143.3723531203,trigonal.bipyramidal,2.0,HIS446:A
PDE4B_monomer,9877619,ZN:A:1131,metal_complexes,446,HIS,A,,,,2.062881722251659,,,,,,,,,,,,,,,,,,,,,,,,,,,,Zn,,N,5.0,protein.sidechain,143.3723531203,trigonal.bipyramidal,2.0,HIS446:A
PDE4B_monomer,9877619,ZN:A:1131,metal_complexes,446,HIS,A,,,,2.323995481923319,,,,,,,,,,,,,,,,,,,,,,,,,,,,Zn,,N,5.0,protein.sidechain,143.3723531203,trigonal.bipyramidal,2.0,HIS446:A
PDE4B_monomer,9877619,ZN:A:1131,metal_complexes,446,HIS,A,,,,2.062881722251659,,,,,,,,,,,,,,,,,,,,,,,,,,,,Zn,,N,5.0,protein.sidechain,143.3723531203,trigonal.bipyramidal,2.0,HIS446:A
PDE4B_monomer,9877619,ZN:A:1132,metal_complexes,386,ASP,A,,,,2.6398532156163546,,,,,,,,,,,,,,,,,,,,,,,,,,,,Zn,,O,2.0,protein.mainchain,180.0,linear,1.0,ASP386:A
PDE4B_monomer,9877619,ZN:A:1132,metal_complexes,386,ASP,A,,,,2.6398532156163546,,,,,,,,,,,,,,,,,,,,,,,,,,,,Zn,,O,2.0,protein.mainchain,180.0,linear,1.0,ASP386:A
PDE4B_monomer,9877619,ZN:A:1132,metal_complexes,386,ASP,A,,,,2.6398532156163546,,,,,,,,,,,,,,,,,,,,,,,,,,,,Zn,,O,2.0,protein.mainchain,180.0,linear,2.0,ASP386:A
PDE4B_monomer,9877619,ZN:A:1132,metal_complexes,386,ASP,A,,,,2.6398532156163546,,,,,,,,,,,,,,,,,,,,,,,,,,,,Zn,,O,2.0,protein.mainchain,180.0,linear,2.0,ASP386:A
PDE4B_monomer,9877619,UNL:Z:1,hydrophobic_contacts,405,TYR,A,,,,3.8406585372823754,,,,,,,,,,,,,,,,,,,,,,,,,,,,,,,,,,,,TYR405:A
PDE4B_monomer,9877619,UNL:Z:1,hydrophobic_contacts,586,PHE,A,,,,3.7318731221733703,,,,,,,,,,,,,,,,,,,,,,,,,,,,,,,,,,,,PHE586:A
PDE4B_monomer,9877619,UNL:Z:1,hydrophobic_contacts,586,PHE,A,,,,3.9062193998801473,,,,,,,,,,,,,,,,,,,,,,,,,,,,,,,,,,,,PHE586:A
PDE4B_monomer,9877619,UNL:Z:1,hydrophobic_contacts,618,PHE,A,,,,3.7332584962737263,,,,,,,,,,,,,,,,,,,,,,,,,,,,,,,,,,,,PHE618:A
PDE4B_monomer,9877619,UNL:Z:1,hydrophobic_contacts,618,PHE,A,,,,3.806338266628439,,,,,,,,,,,,,,,,,,,,,,,,,,,,,,,,,,,,PHE618:A
PDE4B_monomer,9877619,UNL:Z:1,hydrophobic_contacts,618,PHE,A,,,,3.730203345663612,,,,,,,,,,,,,,,,,,,,,,,,,,,,,,,,,,,,PHE618:A
PDE4B_monomer,9877619,UNL:Z:1,hydrophobic_contacts,618,PHE,A,,,,3.711870956808705,,,,,,,,,,,,,,,,,,,,,,,,,,,,,,,,,,,,PHE618:A
PDE4B_monomer,9877619,UNL:Z:1,hydrophobic_contacts,582,ILE,A,,,,3.7557796793741782,,,,,,,,,,,,,,,,,,,,,,,,,,,,,,,,,,,,ILE582:A
PDE4B_monomer,9877619,UNL:Z:1,hydrophobic_contacts,618,PHE,A,,,,3.6845237141318568,,,,,,,,,,,,,,,,,,,,,,,,,,,,,,,,,,,,PHE618:A
PDE4B_monomer,9877619,UNL:Z:1,hbonds_ldon,564,ASP,A,,,,,,,False,,,,False,,,,,,,,,,,,,,136.0615441984402,,strong,,,,,,,,,,,,,ASP564:A
PDE4B_monomer,9877619,UNL:Z:1,saltbridge_lneg,406,HIS,A,,,,4.758321815514379,,,,,,,,,,,,,,,,,True,,,,,,,,,,,,,,,,,,,HIS406:A
PDE4B_dimer,m1,ZN:A:801,metal_complexes,446,HIS,A,,,,1.6727991511236473,,,,,,,,,,,,,,,,,,,,,,,,,,,,Zn,,N,4.0,protein.sidechain,92.53409223404508,square.planar,1.0,HIS446:A
PDE4B_dimer,m1,ZN:A:801,metal_complexes,446,HIS,A,,,,1.849653481060712,,,,,,,,,,,,,,,,,,,,,,,,,,,,Zn,,N,4.0,protein.sidechain,92.53409223404508,square.planar,1.0,HIS446:A
PDE4B_dimer,m1,ZN:A:801,metal_complexes,446,HIS,A,,,,1.6727991511236473,,,,,,,,,,,,,,,,,,,,,,,,,,,,Zn,,N,4.0,protein.sidechain,92.53409223404508,square.planar,1.0,HIS446:A
PDE4B_dimer,m1,ZN:A:801,metal_complexes,446,HIS,A,,,,1.849653481060712,,,,,,,,,,,,,,,,,,,,,,,,,,,,Zn,,N,4.0,protein.sidechain,92.53409223404508,square.planar,1.0,HIS446:A
PDE4B_dimer,m1,ZN:A:801,metal_complexes,446,HIS,A,,,,1.6727991511236473,,,,,,,,,,,,,,,,,,,,,,,,,,,,Zn,,N,4.0,protein.sidechain,92.53409223404508,square.planar,2.0,HIS446:A
PDE4B_dimer,m1,ZN:A:801,metal_complexes,446,HIS,A,,,,1.849653481060712,,,,,,,,,,,,,,,,,,,,,,,,,,,,Zn,,N,4.0,protein.sidechain,92.53409223404508,square.planar,2.0,HIS446:A
PDE4B_dimer,m1,ZN:A:801,metal_complexes,446,HIS,A,,,,1.6727991511236473,,,,,,,,,,,,,,,,,,,,,,,,,,,,Zn,,N,4.0,protein.sidechain,92.53409223404508,square.planar,2.0,HIS446:A
PDE4B_dimer,m1,ZN:A:801,metal_complexes,446,HIS,A,,,,1.849653481060712,,,,,,,,,,,,,,,,,,,,,,,,,,,,Zn,,N,4.0,protein.sidechain,92.53409223404508,square.planar,2.0,HIS446:A
PDE4B_dimer,m1,ZN:B:801,metal_complexes,446,HIS,B,,,,1.836575345582094,,,,,,,,,,,,,,,,,,,,,,,,,,,,Zn,,N,4.0,protein.sidechain,93.95020455364391,square.planar,1.0,HIS446:B
PDE4B_dimer,m1,ZN:B:801,metal_complexes,446,HIS,B,,,,1.8541396926876887,,,,,,,,,,,,,,,,,,,,,,,,,,,,Zn,,N,4.0,protein.sidechain,93.95020455364391,square.planar,1.0,HIS446:B
PDE4B_dimer,m1,ZN:B:801,metal_complexes,446,HIS,B,,,,1.836575345582094,,,,,,,,,,,,,,,,,,,,,,,,,,,,Zn,,N,4.0,protein.sidechain,93.95020455364391,square.planar,1.0,HIS446:B
PDE4B_dimer,m1,ZN:B:801,metal_complexes,446,HIS,B,,,,1.8541396926876887,,,,,,,,,,,,,,,,,,,,,,,,,,,,Zn,,N,4.0,protein.sidechain,93.95020455364391,square.planar,1.0,HIS446:B
PDE4B_dimer,m1,ZN:B:801,metal_complexes,446,HIS,B,,,,1.836575345582094,,,,,,,,,,,,,,,,,,,,,,,,,,,,Zn,,N,4.0,protein.sidechain,93.95020455364391,square.planar,2.0,HIS446:B
PDE4B_dimer,m1,ZN:B:801,metal_complexes,446,HIS,B,,,,1.8541396926876887,,,,,,,,,,,,,,,,,,,,,,,,,,,,Zn,,N,4.0,protein.sidechain,93.95020455364391,square.planar,2.0,HIS446:B
PDE4B_dimer,m1,ZN:B:801,metal_complexes,446,HIS,B,,,,1.836575345582094,,,,,,,,,,,,,,,,,,,,,,,,,,,,Zn,,N,4.0,protein.sidechain,93.95020455364391,square.planar,2.0,HIS446:B
PDE4B_dimer,m1,ZN:B:801,metal_complexes,446,HIS,B,,,,1.8541396926876887,,,,,,,,,,,,,,,,,,,,,,,,,,,,Zn,,N,4.0,protein.sidechain,93.95020455364391,square.planar,2.0,HIS446:B
PDE4B_dimer,m1,UNL:Z:1,hydrophobic_contacts,519,MET,A,,,,3.921782502893292,,,,,,,,,,,,,,,,,,,,,,,,,,,,,,,,,,,,MET519:A
PDE4B_dimer,m1,UNL:Z:1,hydrophobic_contacts,582,ILE,A,,,,3.887889015905672,,,,,,,,,,,,,,,,,,,,,,,,,,,,,,,,,,,,ILE582:A
PDE4B_dimer,m1,UNL:Z:1,hydrophobic_contacts,586,PHE,A,,,,3.938126585065546,,,,,,,,,,,,,,,,,,,,,,,,,,,,,,,,,,,,PHE586:A
PDE4B_dimer,m1,UNL:Z:1,hydrophobic_contacts,618,PHE,A,,,,3.786416379639195,,,,,,,,,,,,,,,,,,,,,,,,,,,,,,,,,,,,PHE618:A
PDE4B_dimer,m1,UNL:Z:1,hbonds_ldon,455,ASN,A,,,,,,,False,,,,False,,,,,,,,,,,,,,117.5270693297084,,strong,,,,,,,,,,,,,ASN455:A
PDE4B_dimer,m1,UNL:Z:1,hbonds_pdon,405,TYR,A,,,,,,,True,,,,True,,,,,,,,,,,,,,112.49431347567426,,strong,,,,,,,,,,,,,TYR405:A
PDE4B_dimer,m1,UNL:Z:1,hbonds_pdon,455,ASN,A,,,,,,,False,,,,True,,,,,,,,,,,,,,110.91106356866158,,strong,,,,,,,,,,,,,ASN455:A
PDE4B_dimer,m1,UNL:Z:1,hbonds_pdon,455,ASN,A,,,,,,,False,,,,True,,,,,,,,,,,,,,161.59383281339348,,strong,,,,,,,,,,,,,ASN455:A
PDE4B_dimer,m1,UNL:Z:1,water_bridges,406,HIS,A,,,,,,,,,,,True,,,,,,,,,,,,,,,,first_deg,,,,,,,,,,,,,HIS406:A
PDE4B_dimer,m1,UNL:Z:1,water_bridges,564,ASP,A,,,,,,,,,,,False,,,,,,,,,,,,,,,,first_deg,,,,,,,,,,,,,ASP564:A
PDE4B_dimer,m1,UNL:Z:1,water_bridges,564,ASP,A,,,,,,,,,,,False,,,,,,,,,,,,,,,,first_deg,,,,,,,,,,,,,ASP564:A
PDE4B_dimer,m1,UNL:Z:1,water_bridges,454,SER,A,,,,,,,,,,,False,,,,,,,,,,,,,,,,first_deg,,,,,,,,,,,,,SER454:A
PDE4B_dimer,m1,UNL:Z:1,water_bridges,454,SER,A,,,,,,,,,,,False,,,,,,,,,,,,,,,,first_deg,,,,,,,,,,,,,SER454:A
PDE4B_dimer,m3,ZN:A:801,metal_complexes,446,HIS,A,,,,1.6727991511236473,,,,,,,,,,,,,,,,,,,,,,,,,,,,Zn,,N,4.0,protein.sidechain,92.53409223404508,square.planar,1.0,HIS446:A
PDE4B_dimer,m3,ZN:A:801,metal_complexes,446,HIS,A,,,,1.849653481060712,,,,,,,,,,,,,,,,,,,,,,,,,,,,Zn,,N,4.0,protein.sidechain,92.53409223404508,square.planar,1.0,HIS446:A
PDE4B_dimer,m3,ZN:A:801,metal_complexes,446,HIS,A,,,,1.6727991511236473,,,,,,,,,,,,,,,,,,,,,,,,,,,,Zn,,N,4.0,protein.sidechain,92.53409223404508,square.planar,1.0,HIS446:A
PDE4B_dimer,m3,ZN:A:801,metal_complexes,446,HIS,A,,,,1.849653481060712,,,,,,,,,,,,,,,,,,,,,,,,,,,,Zn,,N,4.0,protein.sidechain,92.53409223404508,square.planar,1.0,HIS446:A
PDE4B_dimer,m3,ZN:A:801,metal_complexes,446,HIS,A,,,,1.6727991511236473,,,,,,,,,,,,,,,,,,,,,,,,,,,,Zn,,N,4.0,protein.sidechain,92.53409223404508,square.planar,2.0,HIS446:A
PDE4B_dimer,m3,ZN:A:801,metal_complexes,446,HIS,A,,,,1.849653481060712,,,,,,,,,,,,,,,,,,,,,,,,,,,,Zn,,N,4.0,protein.sidechain,92.53409223404508,square.planar,2.0,HIS446:A
PDE4B_dimer,m3,ZN:A:801,metal_complexes,446,HIS,A,,,,1.6727991511236473,,,,,,,,,,,,,,,,,,,,,,,,,,,,Zn,,N,4.0,protein.sidechain,92.53409223404508,square.planar,2.0,HIS446:A
PDE4B_dimer,m3,ZN:A:801,metal_complexes,446,HIS,A,,,,1.849653481060712,,,,,,,,,,,,,,,,,,,,,,,,,,,,Zn,,N,4.0,protein.sidechain,92.53409223404508,square.planar,2.0,HIS446:A
PDE4B_dimer,m3,ZN:B:801,metal_complexes,446,HIS,B,,,,1.836575345582094,,,,,,,,,,,,,,,,,,,,,,,,,,,,Zn,,N,4.0,protein.sidechain,93.95020455364391,square.planar,1.0,HIS446:B
PDE4B_dimer,m3,ZN:B:801,metal_complexes,446,HIS,B,,,,1.8541396926876887,,,,,,,,,,,,,,,,,,,,,,,,,,,,Zn,,N,4.0,protein.sidechain,93.95020455364391,square.planar,1.0,HIS446:B
PDE4B_dimer,m3,ZN:B:801,metal_complexes,446,HIS,B,,,,1.836575345582094,,,,,,,,,,,,,,,,,,,,,,,,,,,,Zn,,N,4.0,protein.sidechain,93.95020455364391,square.planar,1.0,HIS446:B
PDE4B_dimer,m3,ZN:B:801,metal_complexes,446,HIS,B,,,,1.8541396926876887,,,,,,,,,,,,,,,,,,,,,,,,,,,,Zn,,N,4.0,protein.sidechain,93.95020455364391,square.planar,1.0,HIS446:B
PDE4B_dimer,m3,ZN:B:801,metal_complexes,446,HIS,B,,,,1.836575345582094,,,,,,,,,,,,,,,,,,,,,,,,,,,,Zn,,N,4.0,protein.sidechain,93.95020455364391,square.planar,2.0,HIS446:B
PDE4B_dimer,m3,ZN:B:801,metal_complexes,446,HIS,B,,,,1.8541396926876887,,,,,,,,,,,,,,,,,,,,,,,,,,,,Zn,,N,4.0,protein.sidechain,93.95020455364391,square.planar,2.0,HIS446:B
PDE4B_dimer,m3,ZN:B:801,metal_complexes,446,HIS,B,,,,1.836575345582094,,,,,,,,,,,,,,,,,,,,,,,,,,,,Zn,,N,4.0,protein.sidechain,93.95020455364391,square.planar,2.0,HIS446:B
PDE4B_dimer,m3,ZN:B:801,metal_complexes,446,HIS,B,,,,1.8541396926876887,,,,,,,,,,,,,,,,,,,,,,,,,,,,Zn,,N,4.0,protein.sidechain,93.95020455364391,square.planar,2.0,HIS446:B
PDE4B_dimer,m3,UNL:Z:1,hydrophobic_contacts,405,TYR,A,,,,3.53749798586515,,,,,,,,,,,,,,,,,,,,,,,,,,,,,,,,,,,,TYR405:A
PDE4B_dimer,m3,UNL:Z:1,hydrophobic_contacts,582,ILE,A,,,,3.6580926724182334,,,,,,,,,,,,,,,,,,,,,,,,,,,,,,,,,,,,ILE582:A
PDE4B_dimer,m3,UNL:Z:1,hydrophobic_contacts,519,MET,A,,,,3.6020384506554035,,,,,,,,,,,,,,,,,,,,,,,,,,,,,,,,,,,,MET519:A
PDE4B_dimer,m3,UNL:Z:1,water_bridges,565,LEU,A,,,,,,,,,,,True,,,,,,,,,,,,,,,,first_deg,,,,,,,,,,,,,LEU565:A
PDE4B_dimer,m3,UNL:Z:1,water_bridges,406,HIS,A,,,,,,,,,,,True,,,,,,,,,,,,,,,,first_deg,,,,,,,,,,,,,HIS406:A
PDE4B_dimer,m3,UNL:Z:1,water_bridges,406,HIS,A,,,,,,,,,,,True,,,,,,,,,,,,,,,,first_deg,,,,,,,,,,,,,HIS406:A
PDE4B_dimer,m3,UNL:Z:1,water_bridges,454,SER,A,,,,,,,,,,,True,,,,,,,,,,,,,,,,first_deg,,,,,,,,,,,,,SER454:A
PDE4B_dimer,m4,ZN:A:801,metal_complexes,446,HIS,A,,,,1.6727991511236473,,,,,,,,,,,,,,,,,,,,,,,,,,,,Zn,,N,4.0,protein.sidechain,92.53409223404508,square.planar,1.0,HIS446:A
PDE4B_dimer,m4,ZN:A:801,metal_complexes,446,HIS,A,,,,1.849653481060712,,,,,,,,,,,,,,,,,,,,,,,,,,,,Zn,,N,4.0,protein.sidechain,92.53409223404508,square.planar,1.0,HIS446:A
PDE4B_dimer,m4,ZN:A:801,metal_complexes,446,HIS,A,,,,1.6727991511236473,,,,,,,,,,,,,,,,,,,,,,,,,,,,Zn,,N,4.0,protein.sidechain,92.53409223404508,square.planar,1.0,HIS446:A
PDE4B_dimer,m4,ZN:A:801,metal_complexes,446,HIS,A,,,,1.849653481060712,,,,,,,,,,,,,,,,,,,,,,,,,,,,Zn,,N,4.0,protein.sidechain,92.53409223404508,square.planar,1.0,HIS446:A
PDE4B_dimer,m4,ZN:A:801,metal_complexes,446,HIS,A,,,,1.6727991511236473,,,,,,,,,,,,,,,,,,,,,,,,,,,,Zn,,N,4.0,protein.sidechain,92.53409223404508,square.planar,2.0,HIS446:A
PDE4B_dimer,m4,ZN:A:801,metal_complexes,446,HIS,A,,,,1.849653481060712,,,,,,,,,,,,,,,,,,,,,,,,,,,,Zn,,N,4.0,protein.sidechain,92.53409223404508,square.planar,2.0,HIS446:A
PDE4B_dimer,m4,ZN:A:801,metal_complexes,446,HIS,A,,,,1.6727991511236473,,,,,,,,,,,,,,,,,,,,,,,,,,,,Zn,,N,4.0,protein.sidechain,92.53409223404508,square.planar,2.0,HIS446:A
PDE4B_dimer,m4,ZN:A:801,metal_complexes,446,HIS,A,,,,1.849653481060712,,,,,,,,,,,,,,,,,,,,,,,,,,,,Zn,,N,4.0,protein.sidechain,92.53409223404508,square.planar,2.0,HIS446:A
PDE4B_dimer,m4,ZN:B:801,metal_complexes,446,HIS,B,,,,1.836575345582094,,,,,,,,,,,,,,,,,,,,,,,,,,,,Zn,,N,4.0,protein.sidechain,93.95020455364391,square.planar,1.0,HIS446:B
PDE4B_dimer,m4,ZN:B:801,metal_complexes,446,HIS,B,,,,1.8541396926876887,,,,,,,,,,,,,,,,,,,,,,,,,,,,Zn,,N,4.0,protein.sidechain,93.95020455364391,square.planar,1.0,HIS446:B
PDE4B_dimer,m4,ZN:B:801,metal_complexes,446,HIS,B,,,,1.836575345582094,,,,,,,,,,,,,,,,,,,,,,,,,,,,Zn,,N,4.0,protein.sidechain,93.95020455364391,square.planar,1.0,HIS446:B
PDE4B_dimer,m4,ZN:B:801,metal_complexes,446,HIS,B,,,,1.8541396926876887,,,,,,,,,,,,,,,,,,,,,,,,,,,,Zn,,N,4.0,protein.sidechain,93.95020455364391,square.planar,1.0,HIS446:B
PDE4B_dimer,m4,ZN:B:801,metal_complexes,446,HIS,B,,,,1.836575345582094,,,,,,,,,,,,,,,,,,,,,,,,,,,,Zn,,N,4.0,protein.sidechain,93.95020455364391,square.planar,2.0,HIS446:B
PDE4B_dimer,m4,ZN:B:801,metal_complexes,446,HIS,B,,,,1.8541396926876887,,,,,,,,,,,,,,,,,,,,,,,,,,,,Zn,,N,4.0,protein.sidechain,93.95020455364391,square.planar,2.0,HIS446:B
PDE4B_dimer,m4,ZN:B:801,metal_complexes,446,HIS,B,,,,1.836575345582094,,,,,,,,,,,,,,,,,,,,,,,,,,,,Zn,,N,4.0,protein.sidechain,93.95020455364391,square.planar,2.0,HIS446:B
PDE4B_dimer,m4,ZN:B:801,metal_complexes,446,HIS,B,,,,1.8541396926876887,,,,,,,,,,,,,,,,,,,,,,,,,,,,Zn,,N,4.0,protein.sidechain,93.95020455364391,square.planar,2.0,HIS446:B
PDE4B_dimer,m4,UNL:Z:1,hydrophobic_contacts,519,MET,A,,,,3.3308032064353466,,,,,,,,,,,,,,,,,,,,,,,,,,,,,,,,,,,,MET519:A
PDE4B_dimer,m4,UNL:Z:1,hbonds_ldon,450,HIS,A,,,,,,,True,,,,False,,,,,,,,,,,,,,132.3140562047555,,strong,,,,,,,,,,,,,HIS450:A
PDE4B_dimer,m4,UNL:Z:1,hbonds_ldon,455,ASN,A,,,,,,,True,,,,False,,,,,,,,,,,,,,169.7453387411977,,strong,,,,,,,,,,,,,ASN455:A
PDE4B_dimer,m4,UNL:Z:1,hbonds_pdon,406,HIS,A,,,,,,,True,,,,True,,,,,,,,,,,,,,107.56008376709102,,strong,,,,,,,,,,,,,HIS406:A
PDE4B_dimer,m4,UNL:Z:1,hbonds_pdon,406,HIS,A,,,,,,,True,,,,True,,,,,,,,,,,,,,111.24601466093272,,strong,,,,,,,,,,,,,HIS406:A
PDE4B_dimer,m4,UNL:Z:1,hbonds_pdon,450,HIS,A,,,,,,,True,,,,True,,,,,,,,,,,,,,136.88398475882752,,strong,,,,,,,,,,,,,HIS450:A
PDE4B_dimer,m4,UNL:Z:1,hbonds_pdon,454,SER,A,,,,,,,False,,,,True,,,,,,,,,,,,,,120.24561527332436,,strong,,,,,,,,,,,,,SER454:A
PDE4B_dimer,m4,UNL:Z:1,hbonds_pdon,455,ASN,A,,,,,,,False,,,,True,,,,,,,,,,,,,,114.5818086936356,,strong,,,,,,,,,,,,,ASN455:A
PDE4B_dimer,m4,UNL:Z:1,hbonds_pdon,454,SER,A,,,,,,,False,,,,True,,,,,,,,,,,,,,112.66018759823348,,strong,,,,,,,,,,,,,SER454:A
PDE4B_dimer,m4,UNL:Z:1,hbonds_pdon,455,ASN,A,,,,,,,False,,,,True,,,,,,,,,,,,,,114.5818086936356,,strong,,,,,,,,,,,,,ASN455:A
PDE4B_dimer,m4,UNL:Z:1,hbonds_pdon,455,ASN,A,,,,,,,True,,,,True,,,,,,,,,,,,,,104.9848222935991,,strong,,,,,,,,,,,,,ASN455:A
PDE4B_dimer,m4,UNL:Z:1,hbonds_pdon,455,ASN,A,,,,,,,True,,,,True,,,,,,,,,,,,,,130.10344317336344,,strong,,,,,,,,,,,,,ASN455:A
PDE4B_dimer,m4,UNL:Z:1,hbonds_pdon,476,GLU,A,,,,,,,True,,,,True,,,,,,,,,,,,,,118.78744350064429,,strong,,,,,,,,,,,,,GLU476:A
PDE4B_dimer,m4,UNL:Z:1,water_bridges,565,LEU,A,,,,,,,,,,,True,,,,,,,,,,,,,,,,first_deg,,,,,,,,,,,,,LEU565:A
PDE4B_dimer,m2,ZN:A:801,metal_complexes,446,HIS,A,,,,1.6727991511236473,,,,,,,,,,,,,,,,,,,,,,,,,,,,Zn,,N,4.0,protein.sidechain,92.53409223404508,square.planar,1.0,HIS446:A
PDE4B_dimer,m2,ZN:A:801,metal_complexes,446,HIS,A,,,,1.849653481060712,,,,,,,,,,,,,,,,,,,,,,,,,,,,Zn,,N,4.0,protein.sidechain,92.53409223404508,square.planar,1.0,HIS446:A
PDE4B_dimer,m2,ZN:A:801,metal_complexes,446,HIS,A,,,,1.6727991511236473,,,,,,,,,,,,,,,,,,,,,,,,,,,,Zn,,N,4.0,protein.sidechain,92.53409223404508,square.planar,1.0,HIS446:A
PDE4B_dimer,m2,ZN:A:801,metal_complexes,446,HIS,A,,,,1.849653481060712,,,,,,,,,,,,,,,,,,,,,,,,,,,,Zn,,N,4.0,protein.sidechain,92.53409223404508,square.planar,1.0,HIS446:A
PDE4B_dimer,m2,ZN:A:801,metal_complexes,446,HIS,A,,,,1.6727991511236473,,,,,,,,,,,,,,,,,,,,,,,,,,,,Zn,,N,4.0,protein.sidechain,92.53409223404508,square.planar,2.0,HIS446:A
PDE4B_dimer,m2,ZN:A:801,metal_complexes,446,HIS,A,,,,1.849653481060712,,,,,,,,,,,,,,,,,,,,,,,,,,,,Zn,,N,4.0,protein.sidechain,92.53409223404508,square.planar,2.0,HIS446:A
PDE4B_dimer,m2,ZN:A:801,metal_complexes,446,HIS,A,,,,1.6727991511236473,,,,,,,,,,,,,,,,,,,,,,,,,,,,Zn,,N,4.0,protein.sidechain,92.53409223404508,square.planar,2.0,HIS446:A
PDE4B_dimer,m2,ZN:A:801,metal_complexes,446,HIS,A,,,,1.849653481060712,,,,,,,,,,,,,,,,,,,,,,,,,,,,Zn,,N,4.0,protein.sidechain,92.53409223404508,square.planar,2.0,HIS446:A
PDE4B_dimer,m2,ZN:B:801,metal_complexes,446,HIS,B,,,,1.836575345582094,,,,,,,,,,,,,,,,,,,,,,,,,,,,Zn,,N,4.0,protein.sidechain,93.95020455364391,square.planar,1.0,HIS446:B
PDE4B_dimer,m2,ZN:B:801,metal_complexes,446,HIS,B,,,,1.8541396926876887,,,,,,,,,,,,,,,,,,,,,,,,,,,,Zn,,N,4.0,protein.sidechain,93.95020455364391,square.planar,1.0,HIS446:B
PDE4B_dimer,m2,ZN:B:801,metal_complexes,446,HIS,B,,,,1.836575345582094,,,,,,,,,,,,,,,,,,,,,,,,,,,,Zn,,N,4.0,protein.sidechain,93.95020455364391,square.planar,1.0,HIS446:B
PDE4B_dimer,m2,ZN:B:801,metal_complexes,446,HIS,B,,,,1.8541396926876887,,,,,,,,,,,,,,,,,,,,,,,,,,,,Zn,,N,4.0,protein.sidechain,93.95020455364391,square.planar,1.0,HIS446:B
PDE4B_dimer,m2,ZN:B:801,metal_complexes,446,HIS,B,,,,1.836575345582094,,,,,,,,,,,,,,,,,,,,,,,,,,,,Zn,,N,4.0,protein.sidechain,93.95020455364391,square.planar,2.0,HIS446:B
PDE4B_dimer,m2,ZN:B:801,metal_complexes,446,HIS,B,,,,1.8541396926876887,,,,,,,,,,,,,,,,,,,,,,,,,,,,Zn,,N,4.0,protein.sidechain,93.95020455364391,square.planar,2.0,HIS446:B
PDE4B_dimer,m2,ZN:B:801,metal_complexes,446,HIS,B,,,,1.836575345582094,,,,,,,,,,,,,,,,,,,,,,,,,,,,Zn,,N,4.0,protein.sidechain,93.95020455364391,square.planar,2.0,HIS446:B
PDE4B_dimer,m2,ZN:B:801,metal_complexes,446,HIS,B,,,,1.8541396926876887,,,,,,,,,,,,,,,,,,,,,,,,,,,,Zn,,N,4.0,protein.sidechain,93.95020455364391,square.planar,2.0,HIS446:B
PDE4B_dimer,m2,UNL:Z:1,hydrophobic_contacts,519,MET,A,,,,3.715275898234205,,,,,,,,,,,,,,,,,,,,,,,,,,,,,,,,,,,,MET519:A
PDE4B_dimer,m2,UNL:Z:1,hydrophobic_contacts,519,MET,A,,,,3.737047765282109,,,,,,,,,,,,,,,,,,,,,,,,,,,,,,,,,,,,MET519:A
PDE4B_dimer,m2,UNL:Z:1,hydrophobic_contacts,582,ILE,A,,,,3.550544324466316,,,,,,,,,,,,,,,,,,,,,,,,,,,,,,,,,,,,ILE582:A
PDE4B_dimer,m2,UNL:Z:1,hydrophobic_contacts,586,PHE,A,,,,3.5974632729188487,,,,,,,,,,,,,,,,,,,,,,,,,,,,,,,,,,,,PHE586:A
PDE4B_dimer,m2,UNL:Z:1,water_bridges,406,HIS,A,,,,,,,,,,,True,,,,,,,,,,,,,,,,first_deg,,,,,,,,,,,,,HIS406:A
PDE4B_dimer,m2,UNL:Z:1,water_bridges,454,SER,A,,,,,,,,,,,True,,,,,,,,,,,,,,,,first_deg,,,,,,,,,,,,,SER454:A
PDE4B_dimer,m2,UNL:Z:1,water_bridges,454,SER,A,,,,,,,,,,,False,,,,,,,,,,,,,,,,first_deg,,,,,,,,,,,,,SER454:A
PDE4B_monomer,m1,ZN:A:1131,metal_complexes,1118,HOH,A,,,,1.703429481956921,,,,,,,,,,,,,,,,,,,,,,,,,,,,Zn,,O,5.0,water,143.3723531203,trigonal.bipyramidal,1.0,HOH1118:A
PDE4B_monomer,m1,ZN:A:1131,metal_complexes,446,HIS,A,,,,2.323995481923319,,,,,,,,,,,,,,,,,,,,,,,,,,,,Zn,,N,5.0,protein.sidechain,143.3723531203,trigonal.bipyramidal,1.0,HIS446:A
PDE4B_monomer,m1,ZN:A:1131,metal_complexes,446,HIS,A,,,,2.062881722251659,,,,,,,,,,,,,,,,,,,,,,,,,,,,Zn,,N,5.0,protein.sidechain,143.3723531203,trigonal.bipyramidal,1.0,HIS446:A
PDE4B_monomer,m1,ZN:A:1131,metal_complexes,446,HIS,A,,,,2.323995481923319,,,,,,,,,,,,,,,,,,,,,,,,,,,,Zn,,N,5.0,protein.sidechain,143.3723531203,trigonal.bipyramidal,1.0,HIS446:A
PDE4B_monomer,m1,ZN:A:1131,metal_complexes,446,HIS,A,,,,2.062881722251659,,,,,,,,,,,,,,,,,,,,,,,,,,,,Zn,,N,5.0,protein.sidechain,143.3723531203,trigonal.bipyramidal,1.0,HIS446:A
PDE4B_monomer,m1,ZN:A:1131,metal_complexes,1118,HOH,A,,,,1.703429481956921,,,,,,,,,,,,,,,,,,,,,,,,,,,,Zn,,O,5.0,water,143.3723531203,trigonal.bipyramidal,2.0,HOH1118:A
PDE4B_monomer,m1,ZN:A:1131,metal_complexes,446,HIS,A,,,,2.323995481923319,,,,,,,,,,,,,,,,,,,,,,,,,,,,Zn,,N,5.0,protein.sidechain,143.3723531203,trigonal.bipyramidal,2.0,HIS446:A
PDE4B_monomer,m1,ZN:A:1131,metal_complexes,446,HIS,A,,,,2.062881722251659,,,,,,,,,,,,,,,,,,,,,,,,,,,,Zn,,N,5.0,protein.sidechain,143.3723531203,trigonal.bipyramidal,2.0,HIS446:A
PDE4B_monomer,m1,ZN:A:1131,metal_complexes,446,HIS,A,,,,2.323995481923319,,,,,,,,,,,,,,,,,,,,,,,,,,,,Zn,,N,5.0,protein.sidechain,143.3723531203,trigonal.bipyramidal,2.0,HIS446:A
PDE4B_monomer,m1,ZN:A:1131,metal_complexes,446,HIS,A,,,,2.062881722251659,,,,,,,,,,,,,,,,,,,,,,,,,,,,Zn,,N,5.0,protein.sidechain,143.3723531203,trigonal.bipyramidal,2.0,HIS446:A
PDE4B_monomer,m1,ZN:A:1132,metal_complexes,386,ASP,A,,,,2.6398532156163546,,,,,,,,,,,,,,,,,,,,,,,,,,,,Zn,,O,2.0,protein.mainchain,180.0,linear,1.0,ASP386:A
PDE4B_monomer,m1,ZN:A:1132,metal_complexes,386,ASP,A,,,,2.6398532156163546,,,,,,,,,,,,,,,,,,,,,,,,,,,,Zn,,O,2.0,protein.mainchain,180.0,linear,1.0,ASP386:A
PDE4B_monomer,m1,ZN:A:1132,metal_complexes,386,ASP,A,,,,2.6398532156163546,,,,,,,,,,,,,,,,,,,,,,,,,,,,Zn,,O,2.0,protein.mainchain,180.0,linear,2.0,ASP386:A
PDE4B_monomer,m1,ZN:A:1132,metal_complexes,386,ASP,A,,,,2.6398532156163546,,,,,,,,,,,,,,,,,,,,,,,,,,,,Zn,,O,2.0,protein.mainchain,180.0,linear,2.0,ASP386:A
PDE4B_monomer,m1,UNL:Z:1,hydrophobic_contacts,405,TYR,A,,,,3.812566983018135,,,,,,,,,,,,,,,,,,,,,,,,,,,,,,,,,,,,TYR405:A
PDE4B_monomer,m1,UNL:Z:1,hydrophobic_contacts,618,PHE,A,,,,3.4329434891940718,,,,,,,,,,,,,,,,,,,,,,,,,,,,,,,,,,,,PHE618:A
PDE4B_monomer,m1,UNL:Z:1,hydrophobic_contacts,406,HIS,A,,,,3.99208291497058,,,,,,,,,,,,,,,,,,,,,,,,,,,,,,,,,,,,HIS406:A
PDE4B_monomer,m1,UNL:Z:1,hydrophobic_contacts,565,LEU,A,,,,3.723076818976475,,,,,,,,,,,,,,,,,,,,,,,,,,,,,,,,,,,,LEU565:A
PDE4B_monomer,m1,UNL:Z:1,hydrophobic_contacts,582,ILE,A,,,,3.683760442808407,,,,,,,,,,,,,,,,,,,,,,,,,,,,,,,,,,,,ILE582:A
PDE4B_monomer,m1,UNL:Z:1,hbonds_ldon,406,HIS,A,,,,,,,True,,,,False,,,,,,,,,,,,,,115.61467893473905,,strong,,,,,,,,,,,,,HIS406:A
PDE4B_monomer,m1,UNL:Z:1,hbonds_ldon,615,GLN,A,,,,,,,True,,,,False,,,,,,,,,,,,,,131.0364012566443,,strong,,,,,,,,,,,,,GLN615:A
PDE4B_monomer,m1,UNL:Z:1,hbonds_pdon,405,TYR,A,,,,,,,True,,,,True,,,,,,,,,,,,,,143.79594486127434,,strong,,,,,,,,,,,,,TYR405:A
PDE4B_monomer,m1,UNL:Z:1,hbonds_pdon,405,TYR,A,,,,,,,True,,,,True,,,,,,,,,,,,,,156.07163685611786,,strong,,,,,,,,,,,,,TYR405:A
PDE4B_monomer,m1,UNL:Z:1,hbonds_pdon,615,GLN,A,,,,,,,True,,,,True,,,,,,,,,,,,,,134.75439904277818,,strong,,,,,,,,,,,,,GLN615:A
PDE4B_monomer,m1,UNL:Z:1,hbonds_pdon,615,GLN,A,,,,,,,True,,,,True,,,,,,,,,,,,,,137.00015689814865,,strong,,,,,,,,,,,,,GLN615:A
PDE4B_monomer,m1,UNL:Z:1,hbonds_pdon,406,HIS,A,,,,,,,True,,,,True,,,,,,,,,,,,,,108.39193532024196,,strong,,,,,,,,,,,,,HIS406:A
PDE4B_monomer,m1,UNL:Z:1,hbonds_pdon,406,HIS,A,,,,,,,True,,,,True,,,,,,,,,,,,,,108.39193532024196,,strong,,,,,,,,,,,,,HIS406:A
PDE4B_monomer,m1,UNL:Z:1,water_bridges,564,ASP,A,,,,,,,,,,,True,,,,,,,,,,,,,,,,first_deg,,,,,,,,,,,,,ASP564:A
PDE4B_monomer,m1,UNL:Z:1,water_bridges,564,ASP,A,,,,,,,,,,,False,,,,,,,,,,,,,,,,first_deg,,,,,,,,,,,,,ASP564:A
PDE4B_monomer,m1,UNL:Z:1,water_bridges,567,ASN,A,,,,,,,,,,,True,,,,,,,,,,,,,,,,first_deg,,,,,,,,,,,,,ASN567:A
PDE4B_monomer,m1,UNL:Z:1,water_bridges,410,HIS,A,,,,,,,,,,,True,,,,,,,,,,,,,,,,first_deg,,,,,,,,,,,,,HIS410:A
PDE4B_monomer,m1,UNL:Z:1,water_bridges,446,HIS,A,,,,,,,,,,,True,,,,,,,,,,,,,,,,first_deg,,,,,,,,,,,,,HIS446:A
PDE4B_dimer,rolR,ZN:A:801,metal_complexes,446,HIS,A,,,,1.6727991511236473,,,,,,,,,,,,,,,,,,,,,,,,,,,,Zn,,N,4.0,protein.sidechain,92.53409223404508,square.planar,1.0,HIS446:A
PDE4B_dimer,rolR,ZN:A:801,metal_complexes,446,HIS,A,,,,1.849653481060712,,,,,,,,,,,,,,,,,,,,,,,,,,,,Zn,,N,4.0,protein.sidechain,92.53409223404508,square.planar,1.0,HIS446:A
PDE4B_dimer,rolR,ZN:A:801,metal_complexes,446,HIS,A,,,,1.6727991511236473,,,,,,,,,,,,,,,,,,,,,,,,,,,,Zn,,N,4.0,protein.sidechain,92.53409223404508,square.planar,1.0,HIS446:A
PDE4B_dimer,rolR,ZN:A:801,metal_complexes,446,HIS,A,,,,1.849653481060712,,,,,,,,,,,,,,,,,,,,,,,,,,,,Zn,,N,4.0,protein.sidechain,92.53409223404508,square.planar,1.0,HIS446:A
PDE4B_dimer,rolR,ZN:A:801,metal_complexes,446,HIS,A,,,,1.6727991511236473,,,,,,,,,,,,,,,,,,,,,,,,,,,,Zn,,N,4.0,protein.sidechain,92.53409223404508,square.planar,2.0,HIS446:A
PDE4B_dimer,rolR,ZN:A:801,metal_complexes,446,HIS,A,,,,1.849653481060712,,,,,,,,,,,,,,,,,,,,,,,,,,,,Zn,,N,4.0,protein.sidechain,92.53409223404508,square.planar,2.0,HIS446:A
PDE4B_dimer,rolR,ZN:A:801,metal_complexes,446,HIS,A,,,,1.6727991511236473,,,,,,,,,,,,,,,,,,,,,,,,,,,,Zn,,N,4.0,protein.sidechain,92.53409223404508,square.planar,2.0,HIS446:A
PDE4B_dimer,rolR,ZN:A:801,metal_complexes,446,HIS,A,,,,1.849653481060712,,,,,,,,,,,,,,,,,,,,,,,,,,,,Zn,,N,4.0,protein.sidechain,92.53409223404508,square.planar,2.0,HIS446:A
PDE4B_dimer,rolR,ZN:B:801,metal_complexes,446,HIS,B,,,,1.836575345582094,,,,,,,,,,,,,,,,,,,,,,,,,,,,Zn,,N,4.0,protein.sidechain,93.95020455364391,square.planar,1.0,HIS446:B
PDE4B_dimer,rolR,ZN:B:801,metal_complexes,446,HIS,B,,,,1.8541396926876887,,,,,,,,,,,,,,,,,,,,,,,,,,,,Zn,,N,4.0,protein.sidechain,93.95020455364391,square.planar,1.0,HIS446:B
PDE4B_dimer,rolR,ZN:B:801,metal_complexes,446,HIS,B,,,,1.836575345582094,,,,,,,,,,,,,,,,,,,,,,,,,,,,Zn,,N,4.0,protein.sidechain,93.95020455364391,square.planar,1.0,HIS446:B
PDE4B_dimer,rolR,ZN:B:801,metal_complexes,446,HIS,B,,,,1.8541396926876887,,,,,,,,,,,,,,,,,,,,,,,,,,,,Zn,,N,4.0,protein.sidechain,93.95020455364391,square.planar,1.0,HIS446:B
PDE4B_dimer,rolR,ZN:B:801,metal_complexes,446,HIS,B,,,,1.836575345582094,,,,,,,,,,,,,,,,,,,,,,,,,,,,Zn,,N,4.0,protein.sidechain,93.95020455364391,square.planar,2.0,HIS446:B
PDE4B_dimer,rolR,ZN:B:801,metal_complexes,446,HIS,B,,,,1.8541396926876887,,,,,,,,,,,,,,,,,,,,,,,,,,,,Zn,,N,4.0,protein.sidechain,93.95020455364391,square.planar,2.0,HIS446:B
PDE4B_dimer,rolR,ZN:B:801,metal_complexes,446,HIS,B,,,,1.836575345582094,,,,,,,,,,,,,,,,,,,,,,,,,,,,Zn,,N,4.0,protein.sidechain,93.95020455364391,square.planar,2.0,HIS446:B
PDE4B_dimer,rolR,ZN:B:801,metal_complexes,446,HIS,B,,,,1.8541396926876887,,,,,,,,,,,,,,,,,,,,,,,,,,,,Zn,,N,4.0,protein.sidechain,93.95020455364391,square.planar,2.0,HIS446:B
PDE4B_dimer,rolR,UNL:Z:1,hydrophobic_contacts,475,LEU,A,,,,3.8372711658156247,,,,,,,,,,,,,,,,,,,,,,,,,,,,,,,,,,,,LEU475:A
PDE4B_dimer,rolR,UNL:Z:1,hydrophobic_contacts,618,PHE,A,,,,3.2941070110122355,,,,,,,,,,,,,,,,,,,,,,,,,,,,,,,,,,,,PHE618:A
PDE4B_dimer,rolR,UNL:Z:1,hydrophobic_contacts,454,SER,A,,,,3.6034401618453447,,,,,,,,,,,,,,,,,,,,,,,,,,,,,,,,,,,,SER454:A
PDE4B_dimer,rolR,UNL:Z:1,hydrophobic_contacts,586,PHE,A,,,,3.510198000113381,,,,,,,,,,,,,,,,,,,,,,,,,,,,,,,,,,,,PHE586:A
PDE4B_dimer,rolR,UNL:Z:1,hbonds_ldon,405,TYR,A,,,,,,,True,,,,False,,,,,,,,,,,,,,124.23587898139805,,strong,,,,,,,,,,,,,TYR405:A
PDE4B_dimer,rolR,UNL:Z:1,hbonds_pdon,405,TYR,A,,,,,,,True,,,,True,,,,,,,,,,,,,,131.47324946014888,,strong,,,,,,,,,,,,,TYR405:A
PDE4B_dimer,rolR,UNL:Z:1,water_bridges,565,LEU,A,,,,,,,,,,,True,,,,,,,,,,,,,,,,first_deg,,,,,,,,,,,,,LEU565:A
PDE4B_dimer,rolR,UNL:Z:1,water_bridges,454,SER,A,,,,,,,,,,,True,,,,,,,,,,,,,,,,first_deg,,,,,,,,,,,,,SER454:A
PDE4B_monomer,m2,ZN:A:1131,metal_complexes,1118,HOH,A,,,,1.703429481956921,,,,,,,,,,,,,,,,,,,,,,,,,,,,Zn,,O,5.0,water,143.3723531203,trigonal.bipyramidal,1.0,HOH1118:A
PDE4B_monomer,m2,ZN:A:1131,metal_complexes,446,HIS,A,,,,2.323995481923319,,,,,,,,,,,,,,,,,,,,,,,,,,,,Zn,,N,5.0,protein.sidechain,143.3723531203,trigonal.bipyramidal,1.0,HIS446:A
PDE4B_monomer,m2,ZN:A:1131,metal_complexes,446,HIS,A,,,,2.062881722251659,,,,,,,,,,,,,,,,,,,,,,,,,,,,Zn,,N,5.0,protein.sidechain,143.3723531203,trigonal.bipyramidal,1.0,HIS446:A
PDE4B_monomer,m2,ZN:A:1131,metal_complexes,446,HIS,A,,,,2.323995481923319,,,,,,,,,,,,,,,,,,,,,,,,,,,,Zn,,N,5.0,protein.sidechain,143.3723531203,trigonal.bipyramidal,1.0,HIS446:A
PDE4B_monomer,m2,ZN:A:1131,metal_complexes,446,HIS,A,,,,2.062881722251659,,,,,,,,,,,,,,,,,,,,,,,,,,,,Zn,,N,5.0,protein.sidechain,143.3723531203,trigonal.bipyramidal,1.0,HIS446:A
PDE4B_monomer,m2,ZN:A:1131,metal_complexes,1118,HOH,A,,,,1.703429481956921,,,,,,,,,,,,,,,,,,,,,,,,,,,,Zn,,O,5.0,water,143.3723531203,trigonal.bipyramidal,2.0,HOH1118:A
PDE4B_monomer,m2,ZN:A:1131,metal_complexes,446,HIS,A,,,,2.323995481923319,,,,,,,,,,,,,,,,,,,,,,,,,,,,Zn,,N,5.0,protein.sidechain,143.3723531203,trigonal.bipyramidal,2.0,HIS446:A
PDE4B_monomer,m2,ZN:A:1131,metal_complexes,446,HIS,A,,,,2.062881722251659,,,,,,,,,,,,,,,,,,,,,,,,,,,,Zn,,N,5.0,protein.sidechain,143.3723531203,trigonal.bipyramidal,2.0,HIS446:A
PDE4B_monomer,m2,ZN:A:1131,metal_complexes,446,HIS,A,,,,2.323995481923319,,,,,,,,,,,,,,,,,,,,,,,,,,,,Zn,,N,5.0,protein.sidechain,143.3723531203,trigonal.bipyramidal,2.0,HIS446:A
PDE4B_monomer,m2,ZN:A:1131,metal_complexes,446,HIS,A,,,,2.062881722251659,,,,,,,,,,,,,,,,,,,,,,,,,,,,Zn,,N,5.0,protein.sidechain,143.3723531203,trigonal.bipyramidal,2.0,HIS446:A
PDE4B_monomer,m2,ZN:A:1132,metal_complexes,386,ASP,A,,,,2.6398532156163546,,,,,,,,,,,,,,,,,,,,,,,,,,,,Zn,,O,2.0,protein.mainchain,180.0,linear,1.0,ASP386:A
PDE4B_monomer,m2,ZN:A:1132,metal_complexes,386,ASP,A,,,,2.6398532156163546,,,,,,,,,,,,,,,,,,,,,,,,,,,,Zn,,O,2.0,protein.mainchain,180.0,linear,1.0,ASP386:A
PDE4B_monomer,m2,ZN:A:1132,metal_complexes,386,ASP,A,,,,2.6398532156163546,,,,,,,,,,,,,,,,,,,,,,,,,,,,Zn,,O,2.0,protein.mainchain,180.0,linear,2.0,ASP386:A
PDE4B_monomer,m2,ZN:A:1132,metal_complexes,386,ASP,A,,,,2.6398532156163546,,,,,,,,,,,,,,,,,,,,,,,,,,,,Zn,,O,2.0,protein.mainchain,180.0,linear,2.0,ASP386:A
PDE4B_monomer,m2,UNL:Z:1,hydrophobic_contacts,582,ILE,A,,,,3.423463889104136,,,,,,,,,,,,,,,,,,,,,,,,,,,,,,,,,,,,ILE582:A
PDE4B_monomer,m2,UNL:Z:1,hydrophobic_contacts,618,PHE,A,,,,3.763533578965385,,,,,,,,,,,,,,,,,,,,,,,,,,,,,,,,,,,,PHE618:A
PDE4B_monomer,m2,UNL:Z:1,hydrophobic_contacts,618,PHE,A,,,,3.609366010811313,,,,,,,,,,,,,,,,,,,,,,,,,,,,,,,,,,,,PHE618:A
PDE4B_monomer,m2,UNL:Z:1,hydrophobic_contacts,618,PHE,A,,,,3.686671262806055,,,,,,,,,,,,,,,,,,,,,,,,,,,,,,,,,,,,PHE618:A
PDE4B_monomer,m2,UNL:Z:1,hbonds_ldon,405,TYR,A,,,,,,,True,,,,False,,,,,,,,,,,,,,115.59018827191316,,strong,,,,,,,,,,,,,TYR405:A
PDE4B_monomer,m2,UNL:Z:1,hbonds_pdon,406,HIS,A,,,,,,,True,,,,True,,,,,,,,,,,,,,128.35716060573634,,strong,,,,,,,,,,,,,HIS406:A
PDE4B_monomer,m2,UNL:Z:1,hbonds_pdon,406,HIS,A,,,,,,,True,,,,True,,,,,,,,,,,,,,136.02716650106592,,strong,,,,,,,,,,,,,HIS406:A
PDE4B_monomer,m2,UNL:Z:1,hbonds_pdon,405,TYR,A,,,,,,,True,,,,True,,,,,,,,,,,,,,133.0820578769227,,strong,,,,,,,,,,,,,TYR405:A
PDE4B_monomer,m2,UNL:Z:1,water_bridges,567,ASN,A,,,,,,,,,,,True,,,,,,,,,,,,,,,,first_deg,,,,,,,,,,,,,ASN567:A
PDE4B_monomer,m2,UNL:Z:1,water_bridges,446,HIS,A,,,,,,,,,,,True,,,,,,,,,,,,,,,,first_deg,,,,,,,,,,,,,HIS446:A
PDE4B_monomer,m2,UNL:Z:1,water_bridges,564,ASP,A,,,,,,,,,,,True,,,,,,,,,,,,,,,,first_deg,,,,,,,,,,,,,ASP564:A
PDE4B_monomer,m2,UNL:Z:1,water_bridges,410,HIS,A,,,,,,,,,,,False,,,,,,,,,,,,,,,,first_deg,,,,,,,,,,,,,HIS410:A
PDE4B_monomer,m2,UNL:Z:1,water_bridges,410,HIS,A,,,,,,,,,,,False,,,,,,,,,,,,,,,,first_deg,,,,,,,,,,,,,HIS410:A
PDE4B_monomer,m2,UNL:Z:1,saltbridge_lneg,406,HIS,A,,,,4.875006692303104,,,,,,,,,,,,,,,,,True,,,,,,,,,,,,,,,,,,,HIS406:A
PDE4B_monomer,m3,ZN:A:1131,metal_complexes,1118,HOH,A,,,,1.703429481956921,,,,,,,,,,,,,,,,,,,,,,,,,,,,Zn,,O,5.0,water,143.3723531203,trigonal.bipyramidal,1.0,HOH1118:A
PDE4B_monomer,m3,ZN:A:1131,metal_complexes,446,HIS,A,,,,2.323995481923319,,,,,,,,,,,,,,,,,,,,,,,,,,,,Zn,,N,5.0,protein.sidechain,143.3723531203,trigonal.bipyramidal,1.0,HIS446:A
PDE4B_monomer,m3,ZN:A:1131,metal_complexes,446,HIS,A,,,,2.062881722251659,,,,,,,,,,,,,,,,,,,,,,,,,,,,Zn,,N,5.0,protein.sidechain,143.3723531203,trigonal.bipyramidal,1.0,HIS446:A
PDE4B_monomer,m3,ZN:A:1131,metal_complexes,446,HIS,A,,,,2.323995481923319,,,,,,,,,,,,,,,,,,,,,,,,,,,,Zn,,N,5.0,protein.sidechain,143.3723531203,trigonal.bipyramidal,1.0,HIS446:A
PDE4B_monomer,m3,ZN:A:1131,metal_complexes,446,HIS,A,,,,2.062881722251659,,,,,,,,,,,,,,,,,,,,,,,,,,,,Zn,,N,5.0,protein.sidechain,143.3723531203,trigonal.bipyramidal,1.0,HIS446:A
PDE4B_monomer,m3,ZN:A:1131,metal_complexes,1118,HOH,A,,,,1.703429481956921,,,,,,,,,,,,,,,,,,,,,,,,,,,,Zn,,O,5.0,water,143.3723531203,trigonal.bipyramidal,2.0,HOH1118:A
PDE4B_monomer,m3,ZN:A:1131,metal_complexes,446,HIS,A,,,,2.323995481923319,,,,,,,,,,,,,,,,,,,,,,,,,,,,Zn,,N,5.0,protein.sidechain,143.3723531203,trigonal.bipyramidal,2.0,HIS446:A
PDE4B_monomer,m3,ZN:A:1131,metal_complexes,446,HIS,A,,,,2.062881722251659,,,,,,,,,,,,,,,,,,,,,,,,,,,,Zn,,N,5.0,protein.sidechain,143.3723531203,trigonal.bipyramidal,2.0,HIS446:A
PDE4B_monomer,m3,ZN:A:1131,metal_complexes,446,HIS,A,,,,2.323995481923319,,,,,,,,,,,,,,,,,,,,,,,,,,,,Zn,,N,5.0,protein.sidechain,143.3723531203,trigonal.bipyramidal,2.0,HIS446:A
PDE4B_monomer,m3,ZN:A:1131,metal_complexes,446,HIS,A,,,,2.062881722251659,,,,,,,,,,,,,,,,,,,,,,,,,,,,Zn,,N,5.0,protein.sidechain,143.3723531203,trigonal.bipyramidal,2.0,HIS446:A
PDE4B_monomer,m3,ZN:A:1132,metal_complexes,386,ASP,A,,,,2.6398532156163546,,,,,,,,,,,,,,,,,,,,,,,,,,,,Zn,,O,2.0,protein.mainchain,180.0,linear,1.0,ASP386:A
PDE4B_monomer,m3,ZN:A:1132,metal_complexes,386,ASP,A,,,,2.6398532156163546,,,,,,,,,,,,,,,,,,,,,,,,,,,,Zn,,O,2.0,protein.mainchain,180.0,linear,1.0,ASP386:A
PDE4B_monomer,m3,ZN:A:1132,metal_complexes,386,ASP,A,,,,2.6398532156163546,,,,,,,,,,,,,,,,,,,,,,,,,,,,Zn,,O,2.0,protein.mainchain,180.0,linear,2.0,ASP386:A
PDE4B_monomer,m3,ZN:A:1132,metal_complexes,386,ASP,A,,,,2.6398532156163546,,,,,,,,,,,,,,,,,,,,,,,,,,,,Zn,,O,2.0,protein.mainchain,180.0,linear,2.0,ASP386:A
PDE4B_monomer,m3,UNL:Z:1,hydrophobic_contacts,405,TYR,A,,,,3.7444397444744655,,,,,,,,,,,,,,,,,,,,,,,,,,,,,,,,,,,,TYR405:A
PDE4B_monomer,m3,UNL:Z:1,hydrophobic_contacts,454,SER,A,,,,3.927962576196472,,,,,,,,,,,,,,,,,,,,,,,,,,,,,,,,,,,,SER454:A
PDE4B_monomer,m3,UNL:Z:1,hydrophobic_contacts,582,ILE,A,,,,3.76528538095056,,,,,,,,,,,,,,,,,,,,,,,,,,,,,,,,,,,,ILE582:A
PDE4B_monomer,m3,UNL:Z:1,hydrophobic_contacts,586,PHE,A,,,,3.63235089164029,,,,,,,,,,,,,,,,,,,,,,,,,,,,,,,,,,,,PHE586:A
PDE4B_monomer,m3,UNL:Z:1,hydrophobic_contacts,586,PHE,A,,,,3.7415483425982905,,,,,,,,,,,,,,,,,,,,,,,,,,,,,,,,,,,,PHE586:A
PDE4B_monomer,m3,UNL:Z:1,hydrophobic_contacts,618,PHE,A,,,,3.668718304803461,,,,,,,,,,,,,,,,,,,,,,,,,,,,,,,,,,,,PHE618:A
PDE4B_monomer,m3,UNL:Z:1,hbonds_ldon,589,GLN,A,,,,,,,True,,,,False,,,,,,,,,,,,,,111.69826945055588,,strong,,,,,,,,,,,,,GLN589:A
PDE4B_monomer,m3,UNL:Z:1,hbonds_pdon,406,HIS,A,,,,,,,True,,,,True,,,,,,,,,,,,,,118.61396428364957,,strong,,,,,,,,,,,,,HIS406:A
PDE4B_monomer,m3,UNL:Z:1,hbonds_pdon,585,GLU,A,,,,,,,True,,,,True,,,,,,,,,,,,,,146.0471470631119,,strong,,,,,,,,,,,,,GLU585:A
PDE4B_monomer,m3,UNL:Z:1,hbonds_pdon,406,HIS,A,,,,,,,True,,,,True,,,,,,,,,,,,,,118.61396428364957,,strong,,,,,,,,,,,,,HIS406:A
PDE4B_monomer,m3,UNL:Z:1,water_bridges,455,ASN,A,,,,,,,,,,,True,,,,,,,,,,,,,,,,first_deg,,,,,,,,,,,,,ASN455:A
PDE4B_monomer,m3,UNL:Z:1,saltbridge_lneg,406,HIS,A,,,,5.422012380103902,,,,,,,,,,,,,,,,,True,,,,,,,,,,,,,,,,,,,HIS406:A
PDE4B_monomer,m3,UNL:Z:1,saltbridge_lneg,450,HIS,A,,,,5.346948428776925,,,,,,,,,,,,,,,,,True,,,,,,,,,,,,,,,,,,,HIS450:A
PDE4D_catalytic,10176710,ZN:B:1303,metal_complexes,1523,HOH,B,,,,2.202447729232182,,,,,,,,,,,,,,,,,,,,,,,,,,,,Zn,,O,6.0,water,4.76280985937606,octahedral,1.0,HOH1523:B
PDE4D_catalytic,10176710,ZN:B:1303,metal_complexes,502,HIS,A,,,,2.230906990441333,,,,,,,,,,,,,,,,,,,,,,,,,,,,Zn,,N,6.0,protein.sidechain,4.76280985937606,octahedral,1.0,HIS502:A
PDE4D_catalytic,10176710,ZN:B:1303,metal_complexes,502,HIS,A,,,,2.230906990441333,,,,,,,,,,,,,,,,,,,,,,,,,,,,Zn,,N,6.0,protein.sidechain,4.76280985937606,octahedral,1.0,HIS502:A
PDE4D_catalytic,10176710,ZN:B:1303,metal_complexes,503,ASP,A,,,,2.1118430339397865,,,,,,,,,,,,,,,,,,,,,,,,,,,,Zn,,O,6.0,protein.sidechain,4.76280985937606,octahedral,1.0,ASP503:A
PDE4D_catalytic,10176710,ZN:B:1303,metal_complexes,620,ASP,A,,,,2.2314661099824025,,,,,,,,,,,,,,,,,,,,,,,,,,,,Zn,,O,6.0,protein.sidechain,4.76280985937606,octahedral,1.0,ASP620:A
PDE4D_catalytic,10176710,ZN:B:1303,metal_complexes,620,ASP,A,,,,2.2314661099824025,,,,,,,,,,,,,,,,,,,,,,,,,,,,Zn,,O,6.0,protein.sidechain,4.76280985937606,octahedral,1.0,ASP620:A
PDE4D_catalytic,10176710,ZN:B:1303,metal_complexes,1523,HOH,B,,,,2.202447729232182,,,,,,,,,,,,,,,,,,,,,,,,,,,,Zn,,O,6.0,water,4.76280985937606,octahedral,2.0,HOH1523:B
PDE4D_catalytic,10176710,ZN:B:1303,metal_complexes,502,HIS,A,,,,2.230906990441333,,,,,,,,,,,,,,,,,,,,,,,,,,,,Zn,,N,6.0,protein.sidechain,4.76280985937606,octahedral,2.0,HIS502:A
PDE4D_catalytic,10176710,ZN:B:1303,metal_complexes,502,HIS,A,,,,2.230906990441333,,,,,,,,,,,,,,,,,,,,,,,,,,,,Zn,,N,6.0,protein.sidechain,4.76280985937606,octahedral,2.0,HIS502:A
PDE4D_catalytic,10176710,ZN:B:1303,metal_complexes,503,ASP,A,,,,2.1118430339397865,,,,,,,,,,,,,,,,,,,,,,,,,,,,Zn,,O,6.0,protein.sidechain,4.76280985937606,octahedral,2.0,ASP503:A
PDE4D_catalytic,10176710,ZN:B:1303,metal_complexes,620,ASP,A,,,,2.2314661099824025,,,,,,,,,,,,,,,,,,,,,,,,,,,,Zn,,O,6.0,protein.sidechain,4.76280985937606,octahedral,2.0,ASP620:A
PDE4D_catalytic,10176710,ZN:B:1303,metal_complexes,620,ASP,A,,,,2.2314661099824025,,,,,,,,,,,,,,,,,,,,,,,,,,,,Zn,,O,6.0,protein.sidechain,4.76280985937606,octahedral,2.0,ASP620:A
PDE4D_catalytic,10176710,MG:B:1304,metal_complexes,1521,HOH,B,,,,2.130300683002284,,,,,,,,,,,,,,,,,,,,,,,,,,,,Mg,,O,3.0,water,77.82854393214508,trigonal.pyramidal,1.0,HOH1521:B
PDE4D_catalytic,10176710,MG:B:1304,metal_complexes,503,ASP,A,,,,2.093485610172661,,,,,,,,,,,,,,,,,,,,,,,,,,,,Mg,,O,3.0,protein.sidechain,77.82854393214508,trigonal.pyramidal,1.0,ASP503:A
PDE4D_catalytic,10176710,MG:B:1304,metal_complexes,503,ASP,A,,,,2.093485610172661,,,,,,,,,,,,,,,,,,,,,,,,,,,,Mg,,O,3.0,protein.sidechain,77.82854393214508,trigonal.pyramidal,1.0,ASP503:A
PDE4D_catalytic,10176710,MG:B:1304,metal_complexes,1521,HOH,B,,,,2.130300683002284,,,,,,,,,,,,,,,,,,,,,,,,,,,,Mg,,O,3.0,water,77.82854393214508,trigonal.pyramidal,2.0,HOH1521:B
PDE4D_catalytic,10176710,MG:B:1304,metal_complexes,503,ASP,A,,,,2.093485610172661,,,,,,,,,,,,,,,,,,,,,,,,,,,,Mg,,O,3.0,protein.sidechain,77.82854393214508,trigonal.pyramidal,2.0,ASP503:A
PDE4D_catalytic,10176710,MG:B:1304,metal_complexes,503,ASP,A,,,,2.093485610172661,,,,,,,,,,,,,,,,,,,,,,,,,,,,Mg,,O,3.0,protein.sidechain,77.82854393214508,trigonal.pyramidal,2.0,ASP503:A
PDE4D_catalytic,10176710,UNL:Z:1,hydrophobic_contacts,461,TYR,A,,,,3.5671900706298225,,,,,,,,,,,,,,,,,,,,,,,,,,,,,,,,,,,,TYR461:A
PDE4D_catalytic,10176710,UNL:Z:1,hydrophobic_contacts,624,PRO,A,,,,3.6322293429793215,,,,,,,,,,,,,,,,,,,,,,,,,,,,,,,,,,,,PRO624:A
PDE4D_catalytic,10176710,UNL:Z:1,hydrophobic_contacts,634,TRP,A,,,,3.714110526088312,,,,,,,,,,,,,,,,,,,,,,,,,,,,,,,,,,,,TRP634:A
PDE4D_catalytic,10176710,UNL:Z:1,hydrophobic_contacts,635,THR,A,,,,3.705991635176744,,,,,,,,,,,,,,,,,,,,,,,,,,,,,,,,,,,,THR635:A
PDE4D_catalytic,10176710,UNL:Z:1,hydrophobic_contacts,638,ILE,A,,,,3.9833876286397234,,,,,,,,,,,,,,,,,,,,,,,,,,,,,,,,,,,,ILE638:A
PDE4D_catalytic,10176710,UNL:Z:1,hydrophobic_contacts,674,PHE,A,,,,3.978754327675937,,,,,,,,,,,,,,,,,,,,,,,,,,,,,,,,,,,,PHE674:A
PDE4D_catalytic,10176710,UNL:Z:1,hydrophobic_contacts,623,ASN,A,,,,3.4062749448627887,,,,,,,,,,,,,,,,,,,,,,,,,,,,,,,,,,,,ASN623:A
PDE4D_catalytic,10176710,UNL:Z:1,hydrophobic_contacts,631,TYR,A,,,,3.465024963835037,,,,,,,,,,,,,,,,,,,,,,,,,,,,,,,,,,,,TYR631:A
PDE4D_catalytic,10176710,UNL:Z:1,hydrophobic_contacts,638,ILE,A,,,,3.177218437564532,,,,,,,,,,,,,,,,,,,,,,,,,,,,,,,,,,,,ILE638:A
PDE4D_catalytic,10176710,UNL:Z:1,hydrophobic_contacts,638,ILE,A,,,,3.769191027263012,,,,,,,,,,,,,,,,,,,,,,,,,,,,,,,,,,,,ILE638:A
PDE4D_catalytic,10176710,UNL:Z:1,hydrophobic_contacts,642,PHE,A,,,,3.669356755618074,,,,,,,,,,,,,,,,,,,,,,,,,,,,,,,,,,,,PHE642:A
PDE4D_catalytic,10176710,UNL:Z:1,hydrophobic_contacts,674,PHE,A,,,,3.013245758314445,,,,,,,,,,,,,,,,,,,,,,,,,,,,,,,,,,,,PHE674:A
PDE4D_catalytic,10176710,UNL:Z:1,hbonds_pdon,462,HIS,A,,,,,,,True,,,,True,,,,,,,,,,,,,,126.722672622556,,strong,,,,,,,,,,,,,HIS462:A
PDE4D_catalytic,10176710,UNL:Z:1,hbonds_pdon,462,HIS,A,,,,,,,True,,,,True,,,,,,,,,,,,,,126.722672622556,,strong,,,,,,,,,,,,,HIS462:A
PDE4D_catalytic,10176710,UNL:Z:1,water_bridges,506,HIS,A,,,,,,,,,,,True,,,,,,,,,,,,,,,,first_deg,,,,,,,,,,,,,HIS506:A
PDE4D_catalytic,10176710,UNL:Z:1,water_bridges,506,HIS,A,,,,,,,,,,,True,,,,,,,,,,,,,,,,first_deg,,,,,,,,,,,,,HIS506:A
PDE4D_catalytic,10176710,UNL:Z:1,water_bridges,620,ASP,A,,,,,,,,,,,False,,,,,,,,,,,,,,,,first_deg,,,,,,,,,,,,,ASP620:A
PDE4D_catalytic,10176710,UNL:Z:1,water_bridges,620,ASP,A,,,,,,,,,,,False,,,,,,,,,,,,,,,,first_deg,,,,,,,,,,,,,ASP620:A
PDE4D_catalytic,10176710,UNL:Z:1,water_bridges,503,ASP,A,,,,,,,,,,,False,,,,,,,,,,,,,,,,first_deg,,,,,,,,,,,,,ASP503:A
PDE4D_catalytic,10176710,UNL:Z:1,water_bridges,620,ASP,A,,,,,,,,,,,False,,,,,,,,,,,,,,,,first_deg,,,,,,,,,,,,,ASP620:A
PDE4B_monomer,m4,ZN:A:1131,metal_complexes,1118,HOH,A,,,,1.703429481956921,,,,,,,,,,,,,,,,,,,,,,,,,,,,Zn,,O,5.0,water,143.3723531203,trigonal.bipyramidal,1.0,HOH1118:A
PDE4B_monomer,m4,ZN:A:1131,metal_complexes,446,HIS,A,,,,2.323995481923319,,,,,,,,,,,,,,,,,,,,,,,,,,,,Zn,,N,5.0,protein.sidechain,143.3723531203,trigonal.bipyramidal,1.0,HIS446:A
PDE4B_monomer,m4,ZN:A:1131,metal_complexes,446,HIS,A,,,,2.062881722251659,,,,,,,,,,,,,,,,,,,,,,,,,,,,Zn,,N,5.0,protein.sidechain,143.3723531203,trigonal.bipyramidal,1.0,HIS446:A
PDE4B_monomer,m4,ZN:A:1131,metal_complexes,446,HIS,A,,,,2.323995481923319,,,,,,,,,,,,,,,,,,,,,,,,,,,,Zn,,N,5.0,protein.sidechain,143.3723531203,trigonal.bipyramidal,1.0,HIS446:A
PDE4B_monomer,m4,ZN:A:1131,metal_complexes,446,HIS,A,,,,2.062881722251659,,,,,,,,,,,,,,,,,,,,,,,,,,,,Zn,,N,5.0,protein.sidechain,143.3723531203,trigonal.bipyramidal,1.0,HIS446:A
PDE4B_monomer,m4,ZN:A:1131,metal_complexes,1118,HOH,A,,,,1.703429481956921,,,,,,,,,,,,,,,,,,,,,,,,,,,,Zn,,O,5.0,water,143.3723531203,trigonal.bipyramidal,2.0,HOH1118:A
PDE4B_monomer,m4,ZN:A:1131,metal_complexes,446,HIS,A,,,,2.323995481923319,,,,,,,,,,,,,,,,,,,,,,,,,,,,Zn,,N,5.0,protein.sidechain,143.3723531203,trigonal.bipyramidal,2.0,HIS446:A
PDE4B_monomer,m4,ZN:A:1131,metal_complexes,446,HIS,A,,,,2.062881722251659,,,,,,,,,,,,,,,,,,,,,,,,,,,,Zn,,N,5.0,protein.sidechain,143.3723531203,trigonal.bipyramidal,2.0,HIS446:A
PDE4B_monomer,m4,ZN:A:1131,metal_complexes,446,HIS,A,,,,2.323995481923319,,,,,,,,,,,,,,,,,,,,,,,,,,,,Zn,,N,5.0,protein.sidechain,143.3723531203,trigonal.bipyramidal,2.0,HIS446:A
PDE4B_monomer,m4,ZN:A:1131,metal_complexes,446,HIS,A,,,,2.062881722251659,,,,,,,,,,,,,,,,,,,,,,,,,,,,Zn,,N,5.0,protein.sidechain,143.3723531203,trigonal.bipyramidal,2.0,HIS446:A
PDE4B_monomer,m4,ZN:A:1132,metal_complexes,386,ASP,A,,,,2.6398532156163546,,,,,,,,,,,,,,,,,,,,,,,,,,,,Zn,,O,2.0,protein.mainchain,180.0,linear,1.0,ASP386:A
PDE4B_monomer,m4,ZN:A:1132,metal_complexes,386,ASP,A,,,,2.6398532156163546,,,,,,,,,,,,,,,,,,,,,,,,,,,,Zn,,O,2.0,protein.mainchain,180.0,linear,1.0,ASP386:A
PDE4B_monomer,m4,ZN:A:1132,metal_complexes,386,ASP,A,,,,2.6398532156163546,,,,,,,,,,,,,,,,,,,,,,,,,,,,Zn,,O,2.0,protein.mainchain,180.0,linear,2.0,ASP386:A
PDE4B_monomer,m4,ZN:A:1132,metal_complexes,386,ASP,A,,,,2.6398532156163546,,,,,,,,,,,,,,,,,,,,,,,,,,,,Zn,,O,2.0,protein.mainchain,180.0,linear,2.0,ASP386:A
PDE4B_monomer,m4,UNL:Z:1,hydrophobic_contacts,405,TYR,A,,,,3.8239405068593855,,,,,,,,,,,,,,,,,,,,,,,,,,,,,,,,,,,,TYR405:A
PDE4B_monomer,m4,UNL:Z:1,hydrophobic_contacts,618,PHE,A,,,,3.925226872424065,,,,,,,,,,,,,,,,,,,,,,,,,,,,,,,,,,,,PHE618:A
PDE4B_monomer,m4,UNL:Z:1,hydrophobic_contacts,618,PHE,A,,,,3.930449083756209,,,,,,,,,,,,,,,,,,,,,,,,,,,,,,,,,,,,PHE618:A
PDE4B_monomer,m4,UNL:Z:1,hydrophobic_contacts,618,PHE,A,,,,3.890318367434723,,,,,,,,,,,,,,,,,,,,,,,,,,,,,,,,,,,,PHE618:A
PDE4B_monomer,m4,UNL:Z:1,hbonds_ldon,476,GLU,A,,,,,,,True,,,,False,,,,,,,,,,,,,,150.7707707003363,,strong,,,,,,,,,,,,,GLU476:A
PDE4B_monomer,m4,UNL:Z:1,hbonds_pdon,615,GLN,A,,,,,,,True,,,,True,,,,,,,,,,,,,,150.82983502581533,,strong,,,,,,,,,,,,,GLN615:A
PDE4B_monomer,m4,UNL:Z:1,hbonds_pdon,615,GLN,A,,,,,,,True,,,,True,,,,,,,,,,,,,,139.69903933739047,,strong,,,,,,,,,,,,,GLN615:A
PDE4B_monomer,m4,UNL:Z:1,hbonds_pdon,406,HIS,A,,,,,,,True,,,,True,,,,,,,,,,,,,,101.78972679201048,,strong,,,,,,,,,,,,,HIS406:A
PDE4B_monomer,m4,UNL:Z:1,hbonds_pdon,406,HIS,A,,,,,,,True,,,,True,,,,,,,,,,,,,,102.5461808914515,,strong,,,,,,,,,,,,,HIS406:A
PDE4B_monomer,m4,UNL:Z:1,hbonds_pdon,476,GLU,A,,,,,,,True,,,,True,,,,,,,,,,,,,,144.36540805827198,,strong,,,,,,,,,,,,,GLU476:A
PDE4B_monomer,m4,UNL:Z:1,water_bridges,564,ASP,A,,,,,,,,,,,True,,,,,,,,,,,,,,,,first_deg,,,,,,,,,,,,,ASP564:A
PDE4B_monomer,m4,UNL:Z:1,water_bridges,564,ASP,A,,,,,,,,,,,False,,,,,,,,,,,,,,,,first_deg,,,,,,,,,,,,,ASP564:A
PDE4B_monomer,m4,UNL:Z:1,water_bridges,567,ASN,A,,,,,,,,,,,False,,,,,,,,,,,,,,,,first_deg,,,,,,,,,,,,,ASN567:A
PDE4B_monomer,m4,UNL:Z:1,water_bridges,446,HIS,A,,,,,,,,,,,True,,,,,,,,,,,,,,,,first_deg,,,,,,,,,,,,,HIS446:A
PDE4B_monomer,m4,UNL:Z:1,water_bridges,564,ASP,A,,,,,,,,,,,False,,,,,,,,,,,,,,,,first_deg,,,,,,,,,,,,,ASP564:A
PDE4B_monomer,m4,UNL:Z:1,water_bridges,455,ASN,A,,,,,,,,,,,False,,,,,,,,,,,,,,,,first_deg,,,,,,,,,,,,,ASN455:A
PDE4B_monomer,m4,UNL:Z:1,water_bridges,455,ASN,A,,,,,,,,,,,False,,,,,,,,,,,,,,,,first_deg,,,,,,,,,,,,,ASN455:A
PDE4B_dimer,rf,ZN:A:801,metal_complexes,446,HIS,A,,,,1.6727991511236473,,,,,,,,,,,,,,,,,,,,,,,,,,,,Zn,,N,4.0,protein.sidechain,92.53409223404508,square.planar,1.0,HIS446:A
PDE4B_dimer,rf,ZN:A:801,metal_complexes,446,HIS,A,,,,1.849653481060712,,,,,,,,,,,,,,,,,,,,,,,,,,,,Zn,,N,4.0,protein.sidechain,92.53409223404508,square.planar,1.0,HIS446:A
PDE4B_dimer,rf,ZN:A:801,metal_complexes,446,HIS,A,,,,1.6727991511236473,,,,,,,,,,,,,,,,,,,,,,,,,,,,Zn,,N,4.0,protein.sidechain,92.53409223404508,square.planar,1.0,HIS446:A
PDE4B_dimer,rf,ZN:A:801,metal_complexes,446,HIS,A,,,,1.849653481060712,,,,,,,,,,,,,,,,,,,,,,,,,,,,Zn,,N,4.0,protein.sidechain,92.53409223404508,square.planar,1.0,HIS446:A
PDE4B_dimer,rf,ZN:A:801,metal_complexes,446,HIS,A,,,,1.6727991511236473,,,,,,,,,,,,,,,,,,,,,,,,,,,,Zn,,N,4.0,protein.sidechain,92.53409223404508,square.planar,2.0,HIS446:A
PDE4B_dimer,rf,ZN:A:801,metal_complexes,446,HIS,A,,,,1.849653481060712,,,,,,,,,,,,,,,,,,,,,,,,,,,,Zn,,N,4.0,protein.sidechain,92.53409223404508,square.planar,2.0,HIS446:A
PDE4B_dimer,rf,ZN:A:801,metal_complexes,446,HIS,A,,,,1.6727991511236473,,,,,,,,,,,,,,,,,,,,,,,,,,,,Zn,,N,4.0,protein.sidechain,92.53409223404508,square.planar,2.0,HIS446:A
PDE4B_dimer,rf,ZN:A:801,metal_complexes,446,HIS,A,,,,1.849653481060712,,,,,,,,,,,,,,,,,,,,,,,,,,,,Zn,,N,4.0,protein.sidechain,92.53409223404508,square.planar,2.0,HIS446:A
PDE4B_dimer,rf,ZN:B:801,metal_complexes,446,HIS,B,,,,1.836575345582094,,,,,,,,,,,,,,,,,,,,,,,,,,,,Zn,,N,4.0,protein.sidechain,93.95020455364391,square.planar,1.0,HIS446:B
PDE4B_dimer,rf,ZN:B:801,metal_complexes,446,HIS,B,,,,1.8541396926876887,,,,,,,,,,,,,,,,,,,,,,,,,,,,Zn,,N,4.0,protein.sidechain,93.95020455364391,square.planar,1.0,HIS446:B
PDE4B_dimer,rf,ZN:B:801,metal_complexes,446,HIS,B,,,,1.836575345582094,,,,,,,,,,,,,,,,,,,,,,,,,,,,Zn,,N,4.0,protein.sidechain,93.95020455364391,square.planar,1.0,HIS446:B
PDE4B_dimer,rf,ZN:B:801,metal_complexes,446,HIS,B,,,,1.8541396926876887,,,,,,,,,,,,,,,,,,,,,,,,,,,,Zn,,N,4.0,protein.sidechain,93.95020455364391,square.planar,1.0,HIS446:B
PDE4B_dimer,rf,ZN:B:801,metal_complexes,446,HIS,B,,,,1.836575345582094,,,,,,,,,,,,,,,,,,,,,,,,,,,,Zn,,N,4.0,protein.sidechain,93.95020455364391,square.planar,2.0,HIS446:B
PDE4B_dimer,rf,ZN:B:801,metal_complexes,446,HIS,B,,,,1.8541396926876887,,,,,,,,,,,,,,,,,,,,,,,,,,,,Zn,,N,4.0,protein.sidechain,93.95020455364391,square.planar,2.0,HIS446:B
PDE4B_dimer,rf,ZN:B:801,metal_complexes,446,HIS,B,,,,1.836575345582094,,,,,,,,,,,,,,,,,,,,,,,,,,,,Zn,,N,4.0,protein.sidechain,93.95020455364391,square.planar,2.0,HIS446:B
PDE4B_dimer,rf,ZN:B:801,metal_complexes,446,HIS,B,,,,1.8541396926876887,,,,,,,,,,,,,,,,,,,,,,,,,,,,Zn,,N,4.0,protein.sidechain,93.95020455364391,square.planar,2.0,HIS446:B
PDE4B_dimer,rf,UNL:A:1,hydrophobic_contacts,405,TYR,A,,,,3.3387412298649304,,,,,,,,,,,,,,,,,,,,,,,,,,,,,,,,,,,,TYR405:A
PDE4B_dimer,rf,UNL:A:1,hydrophobic_contacts,582,ILE,A,,,,3.5332485052710303,,,,,,,,,,,,,,,,,,,,,,,,,,,,,,,,,,,,ILE582:A
PDE4B_dimer,rf,UNL:A:1,hydrophobic_contacts,586,PHE,A,,,,3.691738073049063,,,,,,,,,,,,,,,,,,,,,,,,,,,,,,,,,,,,PHE586:A
PDE4B_dimer,rf,UNL:A:1,hydrophobic_contacts,618,PHE,A,,,,3.6927522256441705,,,,,,,,,,,,,,,,,,,,,,,,,,,,,,,,,,,,PHE618:A
PDE4B_dimer,rf,UNL:A:1,water_bridges,406,HIS,A,,,,,,,,,,,True,,,,,,,,,,,,,,,,first_deg,,,,,,,,,,,,,HIS406:A
PDE4B_dimer,rf,UNL:A:1,water_bridges,406,HIS,A,,,,,,,,,,,True,,,,,,,,,,,,,,,,first_deg,,,,,,,,,,,,,HIS406:A
PDE4B_dimer,rf,UNL:A:1,water_bridges,454,SER,A,,,,,,,,,,,True,,,,,,,,,,,,,,,,first_deg,,,,,,,,,,,,,SER454:A
PDE4B_dimer,m5,ZN:A:801,metal_complexes,446,HIS,A,,,,1.6727991511236473,,,,,,,,,,,,,,,,,,,,,,,,,,,,Zn,,N,4.0,protein.sidechain,92.53409223404508,square.planar,1.0,HIS446:A
PDE4B_dimer,m5,ZN:A:801,metal_complexes,446,HIS,A,,,,1.849653481060712,,,,,,,,,,,,,,,,,,,,,,,,,,,,Zn,,N,4.0,protein.sidechain,92.53409223404508,square.planar,1.0,HIS446:A
PDE4B_dimer,m5,ZN:A:801,metal_complexes,446,HIS,A,,,,1.6727991511236473,,,,,,,,,,,,,,,,,,,,,,,,,,,,Zn,,N,4.0,protein.sidechain,92.53409223404508,square.planar,1.0,HIS446:A
PDE4B_dimer,m5,ZN:A:801,metal_complexes,446,HIS,A,,,,1.849653481060712,,,,,,,,,,,,,,,,,,,,,,,,,,,,Zn,,N,4.0,protein.sidechain,92.53409223404508,square.planar,1.0,HIS446:A
PDE4B_dimer,m5,ZN:A:801,metal_complexes,446,HIS,A,,,,1.6727991511236473,,,,,,,,,,,,,,,,,,,,,,,,,,,,Zn,,N,4.0,protein.sidechain,92.53409223404508,square.planar,2.0,HIS446:A
PDE4B_dimer,m5,ZN:A:801,metal_complexes,446,HIS,A,,,,1.849653481060712,,,,,,,,,,,,,,,,,,,,,,,,,,,,Zn,,N,4.0,protein.sidechain,92.53409223404508,square.planar,2.0,HIS446:A
PDE4B_dimer,m5,ZN:A:801,metal_complexes,446,HIS,A,,,,1.6727991511236473,,,,,,,,,,,,,,,,,,,,,,,,,,,,Zn,,N,4.0,protein.sidechain,92.53409223404508,square.planar,2.0,HIS446:A
PDE4B_dimer,m5,ZN:A:801,metal_complexes,446,HIS,A,,,,1.849653481060712,,,,,,,,,,,,,,,,,,,,,,,,,,,,Zn,,N,4.0,protein.sidechain,92.53409223404508,square.planar,2.0,HIS446:A
PDE4B_dimer,m5,ZN:B:801,metal_complexes,446,HIS,B,,,,1.836575345582094,,,,,,,,,,,,,,,,,,,,,,,,,,,,Zn,,N,4.0,protein.sidechain,93.95020455364391,square.planar,1.0,HIS446:B
PDE4B_dimer,m5,ZN:B:801,metal_complexes,446,HIS,B,,,,1.8541396926876887,,,,,,,,,,,,,,,,,,,,,,,,,,,,Zn,,N,4.0,protein.sidechain,93.95020455364391,square.planar,1.0,HIS446:B
PDE4B_dimer,m5,ZN:B:801,metal_complexes,446,HIS,B,,,,1.836575345582094,,,,,,,,,,,,,,,,,,,,,,,,,,,,Zn,,N,4.0,protein.sidechain,93.95020455364391,square.planar,1.0,HIS446:B
PDE4B_dimer,m5,ZN:B:801,metal_complexes,446,HIS,B,,,,1.8541396926876887,,,,,,,,,,,,,,,,,,,,,,,,,,,,Zn,,N,4.0,protein.sidechain,93.95020455364391,square.planar,1.0,HIS446:B
PDE4B_dimer,m5,ZN:B:801,metal_complexes,446,HIS,B,,,,1.836575345582094,,,,,,,,,,,,,,,,,,,,,,,,,,,,Zn,,N,4.0,protein.sidechain,93.95020455364391,square.planar,2.0,HIS446:B
PDE4B_dimer,m5,ZN:B:801,metal_complexes,446,HIS,B,,,,1.8541396926876887,,,,,,,,,,,,,,,,,,,,,,,,,,,,Zn,,N,4.0,protein.sidechain,93.95020455364391,square.planar,2.0,HIS446:B
PDE4B_dimer,m5,ZN:B:801,metal_complexes,446,HIS,B,,,,1.836575345582094,,,,,,,,,,,,,,,,,,,,,,,,,,,,Zn,,N,4.0,protein.sidechain,93.95020455364391,square.planar,2.0,HIS446:B
PDE4B_dimer,m5,ZN:B:801,metal_complexes,446,HIS,B,,,,1.8541396926876887,,,,,,,,,,,,,,,,,,,,,,,,,,,,Zn,,N,4.0,protein.sidechain,93.95020455364391,square.planar,2.0,HIS446:B
PDE4B_dimer,m5,UNL:Z:1,hydrophobic_contacts,519,MET,A,,,,3.65221987289922,,,,,,,,,,,,,,,,,,,,,,,,,,,,,,,,,,,,MET519:A
PDE4B_dimer,m5,UNL:Z:1,hydrophobic_contacts,519,MET,A,,,,3.9869197383443753,,,,,,,,,,,,,,,,,,,,,,,,,,,,,,,,,,,,MET519:A
PDE4B_dimer,m5,UNL:Z:1,hydrophobic_contacts,582,ILE,A,,,,3.776512279868819,,,,,,,,,,,,,,,,,,,,,,,,,,,,,,,,,,,,ILE582:A
PDE4B_dimer,m5,UNL:Z:1,hydrophobic_contacts,618,PHE,A,,,,3.8126518330421977,,,,,,,,,,,,,,,,,,,,,,,,,,,,,,,,,,,,PHE618:A
PDE4B_dimer,m5,UNL:Z:1,hydrophobic_contacts,405,TYR,A,,,,3.4957681559279643,,,,,,,,,,,,,,,,,,,,,,,,,,,,,,,,,,,,TYR405:A
PDE4B_dimer,m5,UNL:Z:1,hydrophobic_contacts,586,PHE,A,,,,3.5506068495399496,,,,,,,,,,,,,,,,,,,,,,,,,,,,,,,,,,,,PHE586:A
PDE4B_dimer,m5,UNL:Z:1,hbonds_ldon,518,ASP,A,,,,,,,True,,,,False,,,,,,,,,,,,,,138.8781080469852,,strong,,,,,,,,,,,,,ASP518:A
PDE4B_dimer,m5,UNL:Z:1,hbonds_pdon,455,ASN,A,,,,,,,True,,,,True,,,,,,,,,,,,,,109.63102941840836,,strong,,,,,,,,,,,,,ASN455:A
PDE4B_dimer,m5,UNL:Z:1,hbonds_pdon,519,MET,A,,,,,,,False,,,,True,,,,,,,,,,,,,,155.37764725738504,,strong,,,,,,,,,,,,,MET519:A
PDE4B_dimer,m5,UNL:Z:1,hbonds_pdon,455,ASN,A,,,,,,,True,,,,True,,,,,,,,,,,,,,109.63102941840836,,strong,,,,,,,,,,,,,ASN455:A
PDE4B_dimer,m5,UNL:Z:1,hbonds_pdon,476,GLU,A,,,,,,,True,,,,True,,,,,,,,,,,,,,109.88459506796843,,strong,,,,,,,,,,,,,GLU476:A
PDE4B_dimer,m5,UNL:Z:1,hbonds_pdon,519,MET,A,,,,,,,False,,,,True,,,,,,,,,,,,,,155.37764725738504,,strong,,,,,,,,,,,,,MET519:A
PDE4B_dimer,m5,UNL:Z:1,water_bridges,406,HIS,A,,,,,,,,,,,True,,,,,,,,,,,,,,,,first_deg,,,,,,,,,,,,,HIS406:A
PDE4B_dimer,m5,UNL:Z:1,water_bridges,406,HIS,A,,,,,,,,,,,True,,,,,,,,,,,,,,,,first_deg,,,,,,,,,,,,,HIS406:A
PDE4D_catalytic,10394,ZN:B:1303,metal_complexes,1523,HOH,B,,,,2.202447729232182,,,,,,,,,,,,,,,,,,,,,,,,,,,,Zn,,O,6.0,water,4.76280985937606,octahedral,1.0,HOH1523:B
PDE4D_catalytic,10394,ZN:B:1303,metal_complexes,502,HIS,A,,,,2.230906990441333,,,,,,,,,,,,,,,,,,,,,,,,,,,,Zn,,N,6.0,protein.sidechain,4.76280985937606,octahedral,1.0,HIS502:A
PDE4D_catalytic,10394,ZN:B:1303,metal_complexes,502,HIS,A,,,,2.230906990441333,,,,,,,,,,,,,,,,,,,,,,,,,,,,Zn,,N,6.0,protein.sidechain,4.76280985937606,octahedral,1.0,HIS502:A
PDE4D_catalytic,10394,ZN:B:1303,metal_complexes,503,ASP,A,,,,2.1118430339397865,,,,,,,,,,,,,,,,,,,,,,,,,,,,Zn,,O,6.0,protein.sidechain,4.76280985937606,octahedral,1.0,ASP503:A
PDE4D_catalytic,10394,ZN:B:1303,metal_complexes,620,ASP,A,,,,2.2314661099824025,,,,,,,,,,,,,,,,,,,,,,,,,,,,Zn,,O,6.0,protein.sidechain,4.76280985937606,octahedral,1.0,ASP620:A
PDE4D_catalytic,10394,ZN:B:1303,metal_complexes,620,ASP,A,,,,2.2314661099824025,,,,,,,,,,,,,,,,,,,,,,,,,,,,Zn,,O,6.0,protein.sidechain,4.76280985937606,octahedral,1.0,ASP620:A
PDE4D_catalytic,10394,ZN:B:1303,metal_complexes,1523,HOH,B,,,,2.202447729232182,,,,,,,,,,,,,,,,,,,,,,,,,,,,Zn,,O,6.0,water,4.76280985937606,octahedral,2.0,HOH1523:B
PDE4D_catalytic,10394,ZN:B:1303,metal_complexes,502,HIS,A,,,,2.230906990441333,,,,,,,,,,,,,,,,,,,,,,,,,,,,Zn,,N,6.0,protein.sidechain,4.76280985937606,octahedral,2.0,HIS502:A
PDE4D_catalytic,10394,ZN:B:1303,metal_complexes,502,HIS,A,,,,2.230906990441333,,,,,,,,,,,,,,,,,,,,,,,,,,,,Zn,,N,6.0,protein.sidechain,4.76280985937606,octahedral,2.0,HIS502:A
PDE4D_catalytic,10394,ZN:B:1303,metal_complexes,503,ASP,A,,,,2.1118430339397865,,,,,,,,,,,,,,,,,,,,,,,,,,,,Zn,,O,6.0,protein.sidechain,4.76280985937606,octahedral,2.0,ASP503:A
PDE4D_catalytic,10394,ZN:B:1303,metal_complexes,620,ASP,A,,,,2.2314661099824025,,,,,,,,,,,,,,,,,,,,,,,,,,,,Zn,,O,6.0,protein.sidechain,4.76280985937606,octahedral,2.0,ASP620:A
PDE4D_catalytic,10394,ZN:B:1303,metal_complexes,620,ASP,A,,,,2.2314661099824025,,,,,,,,,,,,,,,,,,,,,,,,,,,,Zn,,O,6.0,protein.sidechain,4.76280985937606,octahedral,2.0,ASP620:A
PDE4D_catalytic,10394,MG:B:1304,metal_complexes,1521,HOH,B,,,,2.130300683002284,,,,,,,,,,,,,,,,,,,,,,,,,,,,Mg,,O,3.0,water,77.82854393214508,trigonal.pyramidal,1.0,HOH1521:B
PDE4D_catalytic,10394,MG:B:1304,metal_complexes,503,ASP,A,,,,2.093485610172661,,,,,,,,,,,,,,,,,,,,,,,,,,,,Mg,,O,3.0,protein.sidechain,77.82854393214508,trigonal.pyramidal,1.0,ASP503:A
PDE4D_catalytic,10394,MG:B:1304,metal_complexes,503,ASP,A,,,,2.093485610172661,,,,,,,,,,,,,,,,,,,,,,,,,,,,Mg,,O,3.0,protein.sidechain,77.82854393214508,trigonal.pyramidal,1.0,ASP503:A
PDE4D_catalytic,10394,MG:B:1304,metal_complexes,1521,HOH,B,,,,2.130300683002284,,,,,,,,,,,,,,,,,,,,,,,,,,,,Mg,,O,3.0,water,77.82854393214508,trigonal.pyramidal,2.0,HOH1521:B
PDE4D_catalytic,10394,MG:B:1304,metal_complexes,503,ASP,A,,,,2.093485610172661,,,,,,,,,,,,,,,,,,,,,,,,,,,,Mg,,O,3.0,protein.sidechain,77.82854393214508,trigonal.pyramidal,2.0,ASP503:A
PDE4D_catalytic,10394,MG:B:1304,metal_complexes,503,ASP,A,,,,2.093485610172661,,,,,,,,,,,,,,,,,,,,,,,,,,,,Mg,,O,3.0,protein.sidechain,77.82854393214508,trigonal.pyramidal,2.0,ASP503:A
PDE4D_catalytic,10394,UNL:A:1,hydrophobic_contacts,642,PHE,A,,,,3.6539460860828257,,,,,,,,,,,,,,,,,,,,,,,,,,,,,,,,,,,,PHE642:A
PDE4D_catalytic,10394,UNL:A:1,hydrophobic_contacts,674,PHE,A,,,,3.693618821697767,,,,,,,,,,,,,,,,,,,,,,,,,,,,,,,,,,,,PHE674:A
PDE4D_catalytic,10394,UNL:A:1,hydrophobic_contacts,638,ILE,A,,,,3.642884708579177,,,,,,,,,,,,,,,,,,,,,,,,,,,,,,,,,,,,ILE638:A
PDE4D_catalytic,10394,UNL:A:1,hydrophobic_contacts,674,PHE,A,,,,3.614548104535338,,,,,,,,,,,,,,,,,,,,,,,,,,,,,,,,,,,,PHE674:A
PDE4D_catalytic,10394,UNL:A:1,hydrophobic_contacts,674,PHE,A,,,,3.697306451999888,,,,,,,,,,,,,,,,,,,,,,,,,,,,,,,,,,,,PHE674:A
PDE4D_catalytic,10394,UNL:A:1,hbonds_pdon,461,TYR,A,,,,,,,True,,,,True,,,,,,,,,,,,,,104.830794470245,,strong,,,,,,,,,,,,,TYR461:A
PDE4D_catalytic,10394,UNL:A:1,hbonds_pdon,461,TYR,A,,,,,,,True,,,,True,,,,,,,,,,,,,,104.830794470245,,strong,,,,,,,,,,,,,TYR461:A
PDE4D_catalytic,10394,UNL:A:1,hbonds_pdon,671,GLN,A,,,,,,,False,,,,True,,,,,,,,,,,,,,152.25046313457383,,strong,,,,,,,,,,,,,GLN671:A
PDE4D_catalytic,10394,UNL:A:1,hbonds_pdon,671,GLN,A,,,,,,,True,,,,True,,,,,,,,,,,,,,100.2695476890037,,strong,,,,,,,,,,,,,GLN671:A
PDE4D_catalytic,10394,UNL:A:1,water_bridges,620,ASP,A,,,,,,,,,,,False,,,,,,,,,,,,,,,,first_deg,,,,,,,,,,,,,ASP620:A
PDE4D_catalytic,10394,UNL:A:1,water_bridges,623,ASN,A,,,,,,,,,,,False,,,,,,,,,,,,,,,,first_deg,,,,,,,,,,,,,ASN623:A
PDE4D_catalytic,10394,UNL:A:1,water_bridges,466,HIS,A,,,,,,,,,,,True,,,,,,,,,,,,,,,,first_deg,,,,,,,,,,,,,HIS466:A
PDE4D_catalytic,10394,UNL:A:1,water_bridges,671,GLN,A,,,,,,,,,,,True,,,,,,,,,,,,,,,,first_deg,,,,,,,,,,,,,GLN671:A
PDE4D_catalytic,104775,ZN:B:1303,metal_complexes,1523,HOH,B,,,,2.202447729232182,,,,,,,,,,,,,,,,,,,,,,,,,,,,Zn,,O,6.0,water,4.76280985937606,octahedral,1.0,HOH1523:B
PDE4D_catalytic,104775,ZN:B:1303,metal_complexes,502,HIS,A,,,,2.230906990441333,,,,,,,,,,,,,,,,,,,,,,,,,,,,Zn,,N,6.0,protein.sidechain,4.76280985937606,octahedral,1.0,HIS502:A
PDE4D_catalytic,104775,ZN:B:1303,metal_complexes,502,HIS,A,,,,2.230906990441333,,,,,,,,,,,,,,,,,,,,,,,,,,,,Zn,,N,6.0,protein.sidechain,4.76280985937606,octahedral,1.0,HIS502:A
PDE4D_catalytic,104775,ZN:B:1303,metal_complexes,503,ASP,A,,,,2.1118430339397865,,,,,,,,,,,,,,,,,,,,,,,,,,,,Zn,,O,6.0,protein.sidechain,4.76280985937606,octahedral,1.0,ASP503:A
PDE4D_catalytic,104775,ZN:B:1303,metal_complexes,620,ASP,A,,,,2.2314661099824025,,,,,,,,,,,,,,,,,,,,,,,,,,,,Zn,,O,6.0,protein.sidechain,4.76280985937606,octahedral,1.0,ASP620:A
PDE4D_catalytic,104775,ZN:B:1303,metal_complexes,620,ASP,A,,,,2.2314661099824025,,,,,,,,,,,,,,,,,,,,,,,,,,,,Zn,,O,6.0,protein.sidechain,4.76280985937606,octahedral,1.0,ASP620:A
PDE4D_catalytic,104775,ZN:B:1303,metal_complexes,1523,HOH,B,,,,2.202447729232182,,,,,,,,,,,,,,,,,,,,,,,,,,,,Zn,,O,6.0,water,4.76280985937606,octahedral,2.0,HOH1523:B
PDE4D_catalytic,104775,ZN:B:1303,metal_complexes,502,HIS,A,,,,2.230906990441333,,,,,,,,,,,,,,,,,,,,,,,,,,,,Zn,,N,6.0,protein.sidechain,4.76280985937606,octahedral,2.0,HIS502:A
PDE4D_catalytic,104775,ZN:B:1303,metal_complexes,502,HIS,A,,,,2.230906990441333,,,,,,,,,,,,,,,,,,,,,,,,,,,,Zn,,N,6.0,protein.sidechain,4.76280985937606,octahedral,2.0,HIS502:A
PDE4D_catalytic,104775,ZN:B:1303,metal_complexes,503,ASP,A,,,,2.1118430339397865,,,,,,,,,,,,,,,,,,,,,,,,,,,,Zn,,O,6.0,protein.sidechain,4.76280985937606,octahedral,2.0,ASP503:A
PDE4D_catalytic,104775,ZN:B:1303,metal_complexes,620,ASP,A,,,,2.2314661099824025,,,,,,,,,,,,,,,,,,,,,,,,,,,,Zn,,O,6.0,protein.sidechain,4.76280985937606,octahedral,2.0,ASP620:A
PDE4D_catalytic,104775,ZN:B:1303,metal_complexes,620,ASP,A,,,,2.2314661099824025,,,,,,,,,,,,,,,,,,,,,,,,,,,,Zn,,O,6.0,protein.sidechain,4.76280985937606,octahedral,2.0,ASP620:A
PDE4D_catalytic,104775,MG:B:1304,metal_complexes,1521,HOH,B,,,,2.130300683002284,,,,,,,,,,,,,,,,,,,,,,,,,,,,Mg,,O,3.0,water,77.82854393214508,trigonal.pyramidal,1.0,HOH1521:B
PDE4D_catalytic,104775,MG:B:1304,metal_complexes,503,ASP,A,,,,2.093485610172661,,,,,,,,,,,,,,,,,,,,,,,,,,,,Mg,,O,3.0,protein.sidechain,77.82854393214508,trigonal.pyramidal,1.0,ASP503:A
PDE4D_catalytic,104775,MG:B:1304,metal_complexes,503,ASP,A,,,,2.093485610172661,,,,,,,,,,,,,,,,,,,,,,,,,,,,Mg,,O,3.0,protein.sidechain,77.82854393214508,trigonal.pyramidal,1.0,ASP503:A
PDE4D_catalytic,104775,MG:B:1304,metal_complexes,1521,HOH,B,,,,2.130300683002284,,,,,,,,,,,,,,,,,,,,,,,,,,,,Mg,,O,3.0,water,77.82854393214508,trigonal.pyramidal,2.0,HOH1521:B
PDE4D_catalytic,104775,MG:B:1304,metal_complexes,503,ASP,A,,,,2.093485610172661,,,,,,,,,,,,,,,,,,,,,,,,,,,,Mg,,O,3.0,protein.sidechain,77.82854393214508,trigonal.pyramidal,2.0,ASP503:A
PDE4D_catalytic,104775,MG:B:1304,metal_complexes,503,ASP,A,,,,2.093485610172661,,,,,,,,,,,,,,,,,,,,,,,,,,,,Mg,,O,3.0,protein.sidechain,77.82854393214508,trigonal.pyramidal,2.0,ASP503:A
PDE4D_catalytic,104775,UNL:A:1,hydrophobic_contacts,461,TYR,A,,,,3.806178266975944,,,,,,,,,,,,,,,,,,,,,,,,,,,,,,,,,,,,TYR461:A
PDE4D_catalytic,104775,UNL:A:1,hydrophobic_contacts,638,ILE,A,,,,3.942565915745734,,,,,,,,,,,,,,,,,,,,,,,,,,,,,,,,,,,,ILE638:A
PDE4D_catalytic,104775,UNL:A:1,hydrophobic_contacts,674,PHE,A,,,,3.6440598238777584,,,,,,,,,,,,,,,,,,,,,,,,,,,,,,,,,,,,PHE674:A
PDE4D_catalytic,104775,UNL:A:1,hbonds_ldon,623,ASN,A,,,,,,,True,,,,False,,,,,,,,,,,,,,108.86475418771468,,strong,,,,,,,,,,,,,ASN623:A
PDE4D_catalytic,104775,UNL:A:1,hbonds_pdon,671,GLN,A,,,,,,,True,,,,True,,,,,,,,,,,,,,105.11576206241918,,strong,,,,,,,,,,,,,GLN671:A
PDE4D_catalytic,104775,UNL:A:1,hbonds_pdon,671,GLN,A,,,,,,,True,,,,True,,,,,,,,,,,,,,105.11576206241918,,strong,,,,,,,,,,,,,GLN671:A
PDE4B_dimer,rolS,ZN:A:801,metal_complexes,446,HIS,A,,,,1.6727991511236473,,,,,,,,,,,,,,,,,,,,,,,,,,,,Zn,,N,4.0,protein.sidechain,92.53409223404508,square.planar,1.0,HIS446:A
PDE4B_dimer,rolS,ZN:A:801,metal_complexes,446,HIS,A,,,,1.849653481060712,,,,,,,,,,,,,,,,,,,,,,,,,,,,Zn,,N,4.0,protein.sidechain,92.53409223404508,square.planar,1.0,HIS446:A
PDE4B_dimer,rolS,ZN:A:801,metal_complexes,446,HIS,A,,,,1.6727991511236473,,,,,,,,,,,,,,,,,,,,,,,,,,,,Zn,,N,4.0,protein.sidechain,92.53409223404508,square.planar,1.0,HIS446:A
PDE4B_dimer,rolS,ZN:A:801,metal_complexes,446,HIS,A,,,,1.849653481060712,,,,,,,,,,,,,,,,,,,,,,,,,,,,Zn,,N,4.0,protein.sidechain,92.53409223404508,square.planar,1.0,HIS446:A
PDE4B_dimer,rolS,ZN:A:801,metal_complexes,446,HIS,A,,,,1.6727991511236473,,,,,,,,,,,,,,,,,,,,,,,,,,,,Zn,,N,4.0,protein.sidechain,92.53409223404508,square.planar,2.0,HIS446:A
PDE4B_dimer,rolS,ZN:A:801,metal_complexes,446,HIS,A,,,,1.849653481060712,,,,,,,,,,,,,,,,,,,,,,,,,,,,Zn,,N,4.0,protein.sidechain,92.53409223404508,square.planar,2.0,HIS446:A
PDE4B_dimer,rolS,ZN:A:801,metal_complexes,446,HIS,A,,,,1.6727991511236473,,,,,,,,,,,,,,,,,,,,,,,,,,,,Zn,,N,4.0,protein.sidechain,92.53409223404508,square.planar,2.0,HIS446:A
PDE4B_dimer,rolS,ZN:A:801,metal_complexes,446,HIS,A,,,,1.849653481060712,,,,,,,,,,,,,,,,,,,,,,,,,,,,Zn,,N,4.0,protein.sidechain,92.53409223404508,square.planar,2.0,HIS446:A
PDE4B_dimer,rolS,ZN:B:801,metal_complexes,446,HIS,B,,,,1.836575345582094,,,,,,,,,,,,,,,,,,,,,,,,,,,,Zn,,N,4.0,protein.sidechain,93.95020455364391,square.planar,1.0,HIS446:B
PDE4B_dimer,rolS,ZN:B:801,metal_complexes,446,HIS,B,,,,1.8541396926876887,,,,,,,,,,,,,,,,,,,,,,,,,,,,Zn,,N,4.0,protein.sidechain,93.95020455364391,square.planar,1.0,HIS446:B
PDE4B_dimer,rolS,ZN:B:801,metal_complexes,446,HIS,B,,,,1.836575345582094,,,,,,,,,,,,,,,,,,,,,,,,,,,,Zn,,N,4.0,protein.sidechain,93.95020455364391,square.planar,1.0,HIS446:B
PDE4B_dimer,rolS,ZN:B:801,metal_complexes,446,HIS,B,,,,1.8541396926876887,,,,,,,,,,,,,,,,,,,,,,,,,,,,Zn,,N,4.0,protein.sidechain,93.95020455364391,square.planar,1.0,HIS446:B
PDE4B_dimer,rolS,ZN:B:801,metal_complexes,446,HIS,B,,,,1.836575345582094,,,,,,,,,,,,,,,,,,,,,,,,,,,,Zn,,N,4.0,protein.sidechain,93.95020455364391,square.planar,2.0,HIS446:B
PDE4B_dimer,rolS,ZN:B:801,metal_complexes,446,HIS,B,,,,1.8541396926876887,,,,,,,,,,,,,,,,,,,,,,,,,,,,Zn,,N,4.0,protein.sidechain,93.95020455364391,square.planar,2.0,HIS446:B
PDE4B_dimer,rolS,ZN:B:801,metal_complexes,446,HIS,B,,,,1.836575345582094,,,,,,,,,,,,,,,,,,,,,,,,,,,,Zn,,N,4.0,protein.sidechain,93.95020455364391,square.planar,2.0,HIS446:B
PDE4B_dimer,rolS,ZN:B:801,metal_complexes,446,HIS,B,,,,1.8541396926876887,,,,,,,,,,,,,,,,,,,,,,,,,,,,Zn,,N,4.0,protein.sidechain,93.95020455364391,square.planar,2.0,HIS446:B
PDE4B_dimer,rolS,UNL:Z:1,hydrophobic_contacts,405,TYR,A,,,,3.4877409594177173,,,,,,,,,,,,,,,,,,,,,,,,,,,,,,,,,,,,TYR405:A
PDE4B_dimer,rolS,UNL:Z:1,hydrophobic_contacts,454,SER,A,,,,3.934565541454353,,,,,,,,,,,,,,,,,,,,,,,,,,,,,,,,,,,,SER454:A
PDE4B_dimer,rolS,UNL:Z:1,hydrophobic_contacts,618,PHE,A,,,,3.711941540487941,,,,,,,,,,,,,,,,,,,,,,,,,,,,,,,,,,,,PHE618:A
PDE4B_dimer,rolS,UNL:Z:1,hydrophobic_contacts,618,PHE,A,,,,3.908915322695035,,,,,,,,,,,,,,,,,,,,,,,,,,,,,,,,,,,,PHE618:A
PDE4B_dimer,rolS,UNL:Z:1,hydrophobic_contacts,519,MET,A,,,,3.5760473990147266,,,,,,,,,,,,,,,,,,,,,,,,,,,,,,,,,,,,MET519:A
PDE4B_dimer,rolS,UNL:Z:1,hbonds_ldon,520,SER,A,,,,,,,False,,,,False,,,,,,,,,,,,,,102.87050197580614,,strong,,,,,,,,,,,,,SER520:A
PDE4B_dimer,rolS,UNL:Z:1,hbonds_pdon,406,HIS,A,,,,,,,True,,,,True,,,,,,,,,,,,,,112.05815806725406,,strong,,,,,,,,,,,,,HIS406:A
PDE4B_dimer,rolS,UNL:Z:1,water_bridges,454,SER,A,,,,,,,,,,,True,,,,,,,,,,,,,,,,first_deg,,,,,,,,,,,,,SER454:A
PDE4B_monomer,rolS,ZN:A:1131,metal_complexes,1118,HOH,A,,,,1.703429481956921,,,,,,,,,,,,,,,,,,,,,,,,,,,,Zn,,O,5.0,water,143.3723531203,trigonal.bipyramidal,1.0,HOH1118:A
PDE4B_monomer,rolS,ZN:A:1131,metal_complexes,446,HIS,A,,,,2.323995481923319,,,,,,,,,,,,,,,,,,,,,,,,,,,,Zn,,N,5.0,protein.sidechain,143.3723531203,trigonal.bipyramidal,1.0,HIS446:A
PDE4B_monomer,rolS,ZN:A:1131,metal_complexes,446,HIS,A,,,,2.062881722251659,,,,,,,,,,,,,,,,,,,,,,,,,,,,Zn,,N,5.0,protein.sidechain,143.3723531203,trigonal.bipyramidal,1.0,HIS446:A
PDE4B_monomer,rolS,ZN:A:1131,metal_complexes,446,HIS,A,,,,2.323995481923319,,,,,,,,,,,,,,,,,,,,,,,,,,,,Zn,,N,5.0,protein.sidechain,143.3723531203,trigonal.bipyramidal,1.0,HIS446:A
PDE4B_monomer,rolS,ZN:A:1131,metal_complexes,446,HIS,A,,,,2.062881722251659,,,,,,,,,,,,,,,,,,,,,,,,,,,,Zn,,N,5.0,protein.sidechain,143.3723531203,trigonal.bipyramidal,1.0,HIS446:A
PDE4B_monomer,rolS,ZN:A:1131,metal_complexes,1118,HOH,A,,,,1.703429481956921,,,,,,,,,,,,,,,,,,,,,,,,,,,,Zn,,O,5.0,water,143.3723531203,trigonal.bipyramidal,2.0,HOH1118:A
PDE4B_monomer,rolS,ZN:A:1131,metal_complexes,446,HIS,A,,,,2.323995481923319,,,,,,,,,,,,,,,,,,,,,,,,,,,,Zn,,N,5.0,protein.sidechain,143.3723531203,trigonal.bipyramidal,2.0,HIS446:A
PDE4B_monomer,rolS,ZN:A:1131,metal_complexes,446,HIS,A,,,,2.062881722251659,,,,,,,,,,,,,,,,,,,,,,,,,,,,Zn,,N,5.0,protein.sidechain,143.3723531203,trigonal.bipyramidal,2.0,HIS446:A
PDE4B_monomer,rolS,ZN:A:1131,metal_complexes,446,HIS,A,,,,2.323995481923319,,,,,,,,,,,,,,,,,,,,,,,,,,,,Zn,,N,5.0,protein.sidechain,143.3723531203,trigonal.bipyramidal,2.0,HIS446:A
PDE4B_monomer,rolS,ZN:A:1131,metal_complexes,446,HIS,A,,,,2.062881722251659,,,,,,,,,,,,,,,,,,,,,,,,,,,,Zn,,N,5.0,protein.sidechain,143.3723531203,trigonal.bipyramidal,2.0,HIS446:A
PDE4B_monomer,rolS,ZN:A:1132,metal_complexes,386,ASP,A,,,,2.6398532156163546,,,,,,,,,,,,,,,,,,,,,,,,,,,,Zn,,O,2.0,protein.mainchain,180.0,linear,1.0,ASP386:A
PDE4B_monomer,rolS,ZN:A:1132,metal_complexes,386,ASP,A,,,,2.6398532156163546,,,,,,,,,,,,,,,,,,,,,,,,,,,,Zn,,O,2.0,protein.mainchain,180.0,linear,1.0,ASP386:A
PDE4B_monomer,rolS,ZN:A:1132,metal_complexes,386,ASP,A,,,,2.6398532156163546,,,,,,,,,,,,,,,,,,,,,,,,,,,,Zn,,O,2.0,protein.mainchain,180.0,linear,2.0,ASP386:A
PDE4B_monomer,rolS,ZN:A:1132,metal_complexes,386,ASP,A,,,,2.6398532156163546,,,,,,,,,,,,,,,,,,,,,,,,,,,,Zn,,O,2.0,protein.mainchain,180.0,linear,2.0,ASP386:A
PDE4B_monomer,rolS,UNL:Z:1,hydrophobic_contacts,519,MET,A,,,,3.908526448676023,,,,,,,,,,,,,,,,,,,,,,,,,,,,,,,,,,,,MET519:A
PDE4B_monomer,rolS,UNL:Z:1,hydrophobic_contacts,582,ILE,A,,,,3.939043792597388,,,,,,,,,,,,,,,,,,,,,,,,,,,,,,,,,,,,ILE582:A
PDE4B_monomer,rolS,UNL:Z:1,hydrophobic_contacts,586,PHE,A,,,,3.628133680006847,,,,,,,,,,,,,,,,,,,,,,,,,,,,,,,,,,,,PHE586:A
PDE4B_monomer,rolS,UNL:Z:1,hydrophobic_contacts,618,PHE,A,,,,3.6280752472902194,,,,,,,,,,,,,,,,,,,,,,,,,,,,,,,,,,,,PHE618:A
PDE4B_monomer,rolS,UNL:Z:1,hydrophobic_contacts,618,PHE,A,,,,3.817686996074977,,,,,,,,,,,,,,,,,,,,,,,,,,,,,,,,,,,,PHE618:A
PDE4B_monomer,rolS,UNL:Z:1,hydrophobic_contacts,618,PHE,A,,,,3.7510753124937386,,,,,,,,,,,,,,,,,,,,,,,,,,,,,,,,,,,,PHE618:A
PDE4B_monomer,rolS,UNL:Z:1,hydrophobic_contacts,586,PHE,A,,,,3.833962310717206,,,,,,,,,,,,,,,,,,,,,,,,,,,,,,,,,,,,PHE586:A
PDE4B_monomer,rolS,UNL:Z:1,hydrophobic_contacts,618,PHE,A,,,,3.654501470789141,,,,,,,,,,,,,,,,,,,,,,,,,,,,,,,,,,,,PHE618:A
PDE4B_monomer,rolS,UNL:Z:1,hbonds_pdon,405,TYR,A,,,,,,,True,,,,True,,,,,,,,,,,,,,118.40622615190075,,strong,,,,,,,,,,,,,TYR405:A
PDE4B_monomer,rolS,UNL:Z:1,water_bridges,410,HIS,A,,,,,,,,,,,True,,,,,,,,,,,,,,,,first_deg,,,,,,,,,,,,,HIS410:A
PDE4D_catalytic,10559720,ZN:B:1303,metal_complexes,1523,HOH,B,,,,2.202447729232182,,,,,,,,,,,,,,,,,,,,,,,,,,,,Zn,,O,6.0,water,4.76280985937606,octahedral,1.0,HOH1523:B
PDE4D_catalytic,10559720,ZN:B:1303,metal_complexes,502,HIS,A,,,,2.230906990441333,,,,,,,,,,,,,,,,,,,,,,,,,,,,Zn,,N,6.0,protein.sidechain,4.76280985937606,octahedral,1.0,HIS502:A
PDE4D_catalytic,10559720,ZN:B:1303,metal_complexes,502,HIS,A,,,,2.230906990441333,,,,,,,,,,,,,,,,,,,,,,,,,,,,Zn,,N,6.0,protein.sidechain,4.76280985937606,octahedral,1.0,HIS502:A
PDE4D_catalytic,10559720,ZN:B:1303,metal_complexes,503,ASP,A,,,,2.1118430339397865,,,,,,,,,,,,,,,,,,,,,,,,,,,,Zn,,O,6.0,protein.sidechain,4.76280985937606,octahedral,1.0,ASP503:A
PDE4D_catalytic,10559720,ZN:B:1303,metal_complexes,620,ASP,A,,,,2.2314661099824025,,,,,,,,,,,,,,,,,,,,,,,,,,,,Zn,,O,6.0,protein.sidechain,4.76280985937606,octahedral,1.0,ASP620:A
PDE4D_catalytic,10559720,ZN:B:1303,metal_complexes,620,ASP,A,,,,2.2314661099824025,,,,,,,,,,,,,,,,,,,,,,,,,,,,Zn,,O,6.0,protein.sidechain,4.76280985937606,octahedral,1.0,ASP620:A
PDE4D_catalytic,10559720,ZN:B:1303,metal_complexes,1523,HOH,B,,,,2.202447729232182,,,,,,,,,,,,,,,,,,,,,,,,,,,,Zn,,O,6.0,water,4.76280985937606,octahedral,2.0,HOH1523:B
PDE4D_catalytic,10559720,ZN:B:1303,metal_complexes,502,HIS,A,,,,2.230906990441333,,,,,,,,,,,,,,,,,,,,,,,,,,,,Zn,,N,6.0,protein.sidechain,4.76280985937606,octahedral,2.0,HIS502:A
PDE4D_catalytic,10559720,ZN:B:1303,metal_complexes,502,HIS,A,,,,2.230906990441333,,,,,,,,,,,,,,,,,,,,,,,,,,,,Zn,,N,6.0,protein.sidechain,4.76280985937606,octahedral,2.0,HIS502:A
PDE4D_catalytic,10559720,ZN:B:1303,metal_complexes,503,ASP,A,,,,2.1118430339397865,,,,,,,,,,,,,,,,,,,,,,,,,,,,Zn,,O,6.0,protein.sidechain,4.76280985937606,octahedral,2.0,ASP503:A
PDE4D_catalytic,10559720,ZN:B:1303,metal_complexes,620,ASP,A,,,,2.2314661099824025,,,,,,,,,,,,,,,,,,,,,,,,,,,,Zn,,O,6.0,protein.sidechain,4.76280985937606,octahedral,2.0,ASP620:A
PDE4D_catalytic,10559720,ZN:B:1303,metal_complexes,620,ASP,A,,,,2.2314661099824025,,,,,,,,,,,,,,,,,,,,,,,,,,,,Zn,,O,6.0,protein.sidechain,4.76280985937606,octahedral,2.0,ASP620:A
PDE4D_catalytic,10559720,MG:B:1304,metal_complexes,1521,HOH,B,,,,2.130300683002284,,,,,,,,,,,,,,,,,,,,,,,,,,,,Mg,,O,3.0,water,77.82854393214508,trigonal.pyramidal,1.0,HOH1521:B
PDE4D_catalytic,10559720,MG:B:1304,metal_complexes,503,ASP,A,,,,2.093485610172661,,,,,,,,,,,,,,,,,,,,,,,,,,,,Mg,,O,3.0,protein.sidechain,77.82854393214508,trigonal.pyramidal,1.0,ASP503:A
PDE4D_catalytic,10559720,MG:B:1304,metal_complexes,503,ASP,A,,,,2.093485610172661,,,,,,,,,,,,,,,,,,,,,,,,,,,,Mg,,O,3.0,protein.sidechain,77.82854393214508,trigonal.pyramidal,1.0,ASP503:A
PDE4D_catalytic,10559720,MG:B:1304,metal_complexes,1521,HOH,B,,,,2.130300683002284,,,,,,,,,,,,,,,,,,,,,,,,,,,,Mg,,O,3.0,water,77.82854393214508,trigonal.pyramidal,2.0,HOH1521:B
PDE4D_catalytic,10559720,MG:B:1304,metal_complexes,503,ASP,A,,,,2.093485610172661,,,,,,,,,,,,,,,,,,,,,,,,,,,,Mg,,O,3.0,protein.sidechain,77.82854393214508,trigonal.pyramidal,2.0,ASP503:A
PDE4D_catalytic,10559720,MG:B:1304,metal_complexes,503,ASP,A,,,,2.093485610172661,,,,,,,,,,,,,,,,,,,,,,,,,,,,Mg,,O,3.0,protein.sidechain,77.82854393214508,trigonal.pyramidal,2.0,ASP503:A
PDE4D_catalytic,10559720,UNL:Z:1,hydrophobic_contacts,461,TYR,A,,,,3.974561862645996,,,,,,,,,,,,,,,,,,,,,,,,,,,,,,,,,,,,TYR461:A
PDE4D_catalytic,10559720,UNL:Z:1,hydrophobic_contacts,638,ILE,A,,,,3.563761215345383,,,,,,,,,,,,,,,,,,,,,,,,,,,,,,,,,,,,ILE638:A
PDE4D_catalytic,10559720,UNL:Z:1,hydrophobic_contacts,638,ILE,A,,,,3.226033787795781,,,,,,,,,,,,,,,,,,,,,,,,,,,,,,,,,,,,ILE638:A
PDE4D_catalytic,10559720,UNL:Z:1,hydrophobic_contacts,674,PHE,A,,,,3.736494346309117,,,,,,,,,,,,,,,,,,,,,,,,,,,,,,,,,,,,PHE674:A
PDE4D_catalytic,10559720,UNL:Z:1,hydrophobic_contacts,674,PHE,A,,,,3.5090398971798544,,,,,,,,,,,,,,,,,,,,,,,,,,,,,,,,,,,,PHE674:A
PDE4D_catalytic,10559720,UNL:Z:1,hydrophobic_contacts,674,PHE,A,,,,3.9831836513020575,,,,,,,,,,,,,,,,,,,,,,,,,,,,,,,,,,,,PHE674:A
PDE4D_catalytic,10559720,UNL:Z:1,hydrophobic_contacts,674,PHE,A,,,,3.642902139778119,,,,,,,,,,,,,,,,,,,,,,,,,,,,,,,,,,,,PHE674:A
PDE4D_catalytic,10559720,UNL:Z:1,hbonds_pdon,635,THR,A,,,,,,,False,,,,True,,,,,,,,,,,,,,115.29767513744396,,strong,,,,,,,,,,,,,THR635:A
PDE4D_catalytic,10559720,UNL:Z:1,hbonds_pdon,635,THR,A,,,,,,,True,,,,True,,,,,,,,,,,,,,105.55175085811744,,strong,,,,,,,,,,,,,THR635:A
PDE4D_catalytic,10559720,UNL:Z:1,hbonds_pdon,671,GLN,A,,,,,,,True,,,,True,,,,,,,,,,,,,,107.42250666869128,,strong,,,,,,,,,,,,,GLN671:A
PDE4D_catalytic,10559720,UNL:Z:1,hbonds_pdon,671,GLN,A,,,,,,,True,,,,True,,,,,,,,,,,,,,107.42250666869128,,strong,,,,,,,,,,,,,GLN671:A
PDE4D_catalytic,10559720,UNL:Z:1,water_bridges,671,GLN,A,,,,,,,,,,,False,,,,,,,,,,,,,,,,first_deg,,,,,,,,,,,,,GLN671:A
PDE4D_catalytic,10559720,UNL:Z:1,water_bridges,667,VAL,A,,,,,,,,,,,False,,,,,,,,,,,,,,,,first_deg,,,,,,,,,,,,,VAL667:A
PDE4B_monomer,m5,ZN:A:1131,metal_complexes,1118,HOH,A,,,,1.703429481956921,,,,,,,,,,,,,,,,,,,,,,,,,,,,Zn,,O,5.0,water,143.3723531203,trigonal.bipyramidal,1.0,HOH1118:A
PDE4B_monomer,m5,ZN:A:1131,metal_complexes,446,HIS,A,,,,2.323995481923319,,,,,,,,,,,,,,,,,,,,,,,,,,,,Zn,,N,5.0,protein.sidechain,143.3723531203,trigonal.bipyramidal,1.0,HIS446:A
PDE4B_monomer,m5,ZN:A:1131,metal_complexes,446,HIS,A,,,,2.062881722251659,,,,,,,,,,,,,,,,,,,,,,,,,,,,Zn,,N,5.0,protein.sidechain,143.3723531203,trigonal.bipyramidal,1.0,HIS446:A
PDE4B_monomer,m5,ZN:A:1131,metal_complexes,446,HIS,A,,,,2.323995481923319,,,,,,,,,,,,,,,,,,,,,,,,,,,,Zn,,N,5.0,protein.sidechain,143.3723531203,trigonal.bipyramidal,1.0,HIS446:A
PDE4B_monomer,m5,ZN:A:1131,metal_complexes,446,HIS,A,,,,2.062881722251659,,,,,,,,,,,,,,,,,,,,,,,,,,,,Zn,,N,5.0,protein.sidechain,143.3723531203,trigonal.bipyramidal,1.0,HIS446:A
PDE4B_monomer,m5,ZN:A:1131,metal_complexes,1118,HOH,A,,,,1.703429481956921,,,,,,,,,,,,,,,,,,,,,,,,,,,,Zn,,O,5.0,water,143.3723531203,trigonal.bipyramidal,2.0,HOH1118:A
PDE4B_monomer,m5,ZN:A:1131,metal_complexes,446,HIS,A,,,,2.323995481923319,,,,,,,,,,,,,,,,,,,,,,,,,,,,Zn,,N,5.0,protein.sidechain,143.3723531203,trigonal.bipyramidal,2.0,HIS446:A
PDE4B_monomer,m5,ZN:A:1131,metal_complexes,446,HIS,A,,,,2.062881722251659,,,,,,,,,,,,,,,,,,,,,,,,,,,,Zn,,N,5.0,protein.sidechain,143.3723531203,trigonal.bipyramidal,2.0,HIS446:A
PDE4B_monomer,m5,ZN:A:1131,metal_complexes,446,HIS,A,,,,2.323995481923319,,,,,,,,,,,,,,,,,,,,,,,,,,,,Zn,,N,5.0,protein.sidechain,143.3723531203,trigonal.bipyramidal,2.0,HIS446:A
PDE4B_monomer,m5,ZN:A:1131,metal_complexes,446,HIS,A,,,,2.062881722251659,,,,,,,,,,,,,,,,,,,,,,,,,,,,Zn,,N,5.0,protein.sidechain,143.3723531203,trigonal.bipyramidal,2.0,HIS446:A
PDE4B_monomer,m5,ZN:A:1132,metal_complexes,386,ASP,A,,,,2.6398532156163546,,,,,,,,,,,,,,,,,,,,,,,,,,,,Zn,,O,2.0,protein.mainchain,180.0,linear,1.0,ASP386:A
PDE4B_monomer,m5,ZN:A:1132,metal_complexes,386,ASP,A,,,,2.6398532156163546,,,,,,,,,,,,,,,,,,,,,,,,,,,,Zn,,O,2.0,protein.mainchain,180.0,linear,1.0,ASP386:A
PDE4B_monomer,m5,ZN:A:1132,metal_complexes,386,ASP,A,,,,2.6398532156163546,,,,,,,,,,,,,,,,,,,,,,,,,,,,Zn,,O,2.0,protein.mainchain,180.0,linear,2.0,ASP386:A
PDE4B_monomer,m5,ZN:A:1132,metal_complexes,386,ASP,A,,,,2.6398532156163546,,,,,,,,,,,,,,,,,,,,,,,,,,,,Zn,,O,2.0,protein.mainchain,180.0,linear,2.0,ASP386:A
PDE4B_monomer,m5,UNL:Z:1,hydrophobic_contacts,405,TYR,A,,,,3.730861964747559,,,,,,,,,,,,,,,,,,,,,,,,,,,,,,,,,,,,TYR405:A
PDE4B_monomer,m5,UNL:Z:1,hydrophobic_contacts,582,ILE,A,,,,3.706792279046668,,,,,,,,,,,,,,,,,,,,,,,,,,,,,,,,,,,,ILE582:A
PDE4B_monomer,m5,UNL:Z:1,hydrophobic_contacts,582,ILE,A,,,,3.652405919390669,,,,,,,,,,,,,,,,,,,,,,,,,,,,,,,,,,,,ILE582:A
PDE4B_monomer,m5,UNL:Z:1,hydrophobic_contacts,618,PHE,A,,,,3.8180546093527807,,,,,,,,,,,,,,,,,,,,,,,,,,,,,,,,,,,,PHE618:A
PDE4B_monomer,m5,UNL:Z:1,hydrophobic_contacts,618,PHE,A,,,,3.4444347867248104,,,,,,,,,,,,,,,,,,,,,,,,,,,,,,,,,,,,PHE618:A
PDE4B_monomer,m5,UNL:Z:1,hbonds_ldon,405,TYR,A,,,,,,,True,,,,False,,,,,,,,,,,,,,115.67135148534751,,strong,,,,,,,,,,,,,TYR405:A
PDE4B_monomer,m5,UNL:Z:1,hbonds_ldon,517,THR,A,,,,,,,False,,,,False,,,,,,,,,,,,,,124.9942902557846,,strong,,,,,,,,,,,,,THR517:A
PDE4B_monomer,m5,UNL:Z:1,hbonds_pdon,406,HIS,A,,,,,,,True,,,,True,,,,,,,,,,,,,,153.05464776215317,,strong,,,,,,,,,,,,,HIS406:A
PDE4B_monomer,m5,UNL:Z:1,hbonds_pdon,406,HIS,A,,,,,,,True,,,,True,,,,,,,,,,,,,,153.05464776215317,,strong,,,,,,,,,,,,,HIS406:A
PDE4B_monomer,m5,UNL:Z:1,water_bridges,564,ASP,A,,,,,,,,,,,True,,,,,,,,,,,,,,,,first_deg,,,,,,,,,,,,,ASP564:A
PDE4B_monomer,m5,UNL:Z:1,water_bridges,565,LEU,A,,,,,,,,,,,True,,,,,,,,,,,,,,,,first_deg,,,,,,,,,,,,,LEU565:A
PDE4B_monomer,m5,UNL:Z:1,water_bridges,564,ASP,A,,,,,,,,,,,True,,,,,,,,,,,,,,,,first_deg,,,,,,,,,,,,,ASP564:A
PDE4B_monomer,m5,UNL:Z:1,water_bridges,455,ASN,A,,,,,,,,,,,False,,,,,,,,,,,,,,,,first_deg,,,,,,,,,,,,,ASN455:A
PDE4B_monomer,m5,UNL:Z:1,water_bridges,455,ASN,A,,,,,,,,,,,False,,,,,,,,,,,,,,,,first_deg,,,,,,,,,,,,,ASN455:A
PDE4B_monomer,m5,UNL:Z:1,water_bridges,405,TYR,A,,,,,,,,,,,False,,,,,,,,,,,,,,,,first_deg,,,,,,,,,,,,,TYR405:A
PDE4B_monomer,m5,UNL:Z:1,water_bridges,564,ASP,A,,,,,,,,,,,False,,,,,,,,,,,,,,,,first_deg,,,,,,,,,,,,,ASP564:A
PDE4B_monomer,m5,UNL:Z:1,pication_laro,406,HIS,A,,,,5.440494593018791,,,,,,,,,,,,,,,,,,,,,,0.981909845094884,regular,True,,,,,,,,,,,,HIS406:A
PDE4B_monomer,rf,ZN:A:1131,metal_complexes,1118,HOH,A,,,,1.703429481956921,,,,,,,,,,,,,,,,,,,,,,,,,,,,Zn,,O,5.0,water,143.3723531203,trigonal.bipyramidal,1.0,HOH1118:A
PDE4B_monomer,rf,ZN:A:1131,metal_complexes,446,HIS,A,,,,2.323995481923319,,,,,,,,,,,,,,,,,,,,,,,,,,,,Zn,,N,5.0,protein.sidechain,143.3723531203,trigonal.bipyramidal,1.0,HIS446:A
PDE4B_monomer,rf,ZN:A:1131,metal_complexes,446,HIS,A,,,,2.062881722251659,,,,,,,,,,,,,,,,,,,,,,,,,,,,Zn,,N,5.0,protein.sidechain,143.3723531203,trigonal.bipyramidal,1.0,HIS446:A
PDE4B_monomer,rf,ZN:A:1131,metal_complexes,446,HIS,A,,,,2.323995481923319,,,,,,,,,,,,,,,,,,,,,,,,,,,,Zn,,N,5.0,protein.sidechain,143.3723531203,trigonal.bipyramidal,1.0,HIS446:A
PDE4B_monomer,rf,ZN:A:1131,metal_complexes,446,HIS,A,,,,2.062881722251659,,,,,,,,,,,,,,,,,,,,,,,,,,,,Zn,,N,5.0,protein.sidechain,143.3723531203,trigonal.bipyramidal,1.0,HIS446:A
PDE4B_monomer,rf,ZN:A:1131,metal_complexes,1118,HOH,A,,,,1.703429481956921,,,,,,,,,,,,,,,,,,,,,,,,,,,,Zn,,O,5.0,water,143.3723531203,trigonal.bipyramidal,2.0,HOH1118:A
PDE4B_monomer,rf,ZN:A:1131,metal_complexes,446,HIS,A,,,,2.323995481923319,,,,,,,,,,,,,,,,,,,,,,,,,,,,Zn,,N,5.0,protein.sidechain,143.3723531203,trigonal.bipyramidal,2.0,HIS446:A
PDE4B_monomer,rf,ZN:A:1131,metal_complexes,446,HIS,A,,,,2.062881722251659,,,,,,,,,,,,,,,,,,,,,,,,,,,,Zn,,N,5.0,protein.sidechain,143.3723531203,trigonal.bipyramidal,2.0,HIS446:A
PDE4B_monomer,rf,ZN:A:1131,metal_complexes,446,HIS,A,,,,2.323995481923319,,,,,,,,,,,,,,,,,,,,,,,,,,,,Zn,,N,5.0,protein.sidechain,143.3723531203,trigonal.bipyramidal,2.0,HIS446:A
PDE4B_monomer,rf,ZN:A:1131,metal_complexes,446,HIS,A,,,,2.062881722251659,,,,,,,,,,,,,,,,,,,,,,,,,,,,Zn,,N,5.0,protein.sidechain,143.3723531203,trigonal.bipyramidal,2.0,HIS446:A
PDE4B_monomer,rf,ZN:A:1132,metal_complexes,386,ASP,A,,,,2.6398532156163546,,,,,,,,,,,,,,,,,,,,,,,,,,,,Zn,,O,2.0,protein.mainchain,180.0,linear,1.0,ASP386:A
PDE4B_monomer,rf,ZN:A:1132,metal_complexes,386,ASP,A,,,,2.6398532156163546,,,,,,,,,,,,,,,,,,,,,,,,,,,,Zn,,O,2.0,protein.mainchain,180.0,linear,1.0,ASP386:A
PDE4B_monomer,rf,ZN:A:1132,metal_complexes,386,ASP,A,,,,2.6398532156163546,,,,,,,,,,,,,,,,,,,,,,,,,,,,Zn,,O,2.0,protein.mainchain,180.0,linear,2.0,ASP386:A
PDE4B_monomer,rf,ZN:A:1132,metal_complexes,386,ASP,A,,,,2.6398532156163546,,,,,,,,,,,,,,,,,,,,,,,,,,,,Zn,,O,2.0,protein.mainchain,180.0,linear,2.0,ASP386:A
PDE4B_monomer,rf,UNL:A:1,hydrophobic_contacts,405,TYR,A,,,,3.872321396785138,,,,,,,,,,,,,,,,,,,,,,,,,,,,,,,,,,,,TYR405:A
PDE4B_monomer,rf,UNL:A:1,hydrophobic_contacts,586,PHE,A,,,,3.7753768023867496,,,,,,,,,,,,,,,,,,,,,,,,,,,,,,,,,,,,PHE586:A
PDE4B_monomer,rf,UNL:A:1,hydrophobic_contacts,586,PHE,A,,,,3.838787308512941,,,,,,,,,,,,,,,,,,,,,,,,,,,,,,,,,,,,PHE586:A
PDE4B_monomer,rf,UNL:A:1,hydrophobic_contacts,603,MET,A,,,,3.663180448735768,,,,,,,,,,,,,,,,,,,,,,,,,,,,,,,,,,,,MET603:A
PDE4B_monomer,rf,UNL:A:1,hydrophobic_contacts,618,PHE,A,,,,3.494972102892951,,,,,,,,,,,,,,,,,,,,,,,,,,,,,,,,,,,,PHE618:A
PDE4B_monomer,rf,UNL:A:1,hydrophobic_contacts,618,PHE,A,,,,3.844229571708744,,,,,,,,,,,,,,,,,,,,,,,,,,,,,,,,,,,,PHE618:A
PDE4B_monomer,rf,UNL:A:1,hydrophobic_contacts,618,PHE,A,,,,3.643951701106916,,,,,,,,,,,,,,,,,,,,,,,,,,,,,,,,,,,,PHE618:A
PDE4B_monomer,rf,UNL:A:1,hbonds_pdon,406,HIS,A,,,,,,,True,,,,True,,,,,,,,,,,,,,149.99628326542313,,strong,,,,,,,,,,,,,HIS406:A
PDE4B_monomer,rf,UNL:A:1,hbonds_pdon,406,HIS,A,,,,,,,True,,,,True,,,,,,,,,,,,,,149.99628326542313,,strong,,,,,,,,,,,,,HIS406:A
PDE4B_monomer,rf,UNL:A:1,hbonds_pdon,615,GLN,A,,,,,,,True,,,,True,,,,,,,,,,,,,,140.36538232328007,,strong,,,,,,,,,,,,,GLN615:A
PDE4B_monomer,rf,UNL:A:1,hbonds_pdon,615,GLN,A,,,,,,,True,,,,True,,,,,,,,,,,,,,140.36538232328007,,strong,,,,,,,,,,,,,GLN615:A
PDE4B_monomer,rolR,ZN:A:1131,metal_complexes,1118,HOH,A,,,,1.703429481956921,,,,,,,,,,,,,,,,,,,,,,,,,,,,Zn,,O,5.0,water,143.3723531203,trigonal.bipyramidal,1.0,HOH1118:A
PDE4B_monomer,rolR,ZN:A:1131,metal_complexes,446,HIS,A,,,,2.323995481923319,,,,,,,,,,,,,,,,,,,,,,,,,,,,Zn,,N,5.0,protein.sidechain,143.3723531203,trigonal.bipyramidal,1.0,HIS446:A
PDE4B_monomer,rolR,ZN:A:1131,metal_complexes,446,HIS,A,,,,2.062881722251659,,,,,,,,,,,,,,,,,,,,,,,,,,,,Zn,,N,5.0,protein.sidechain,143.3723531203,trigonal.bipyramidal,1.0,HIS446:A
PDE4B_monomer,rolR,ZN:A:1131,metal_complexes,446,HIS,A,,,,2.323995481923319,,,,,,,,,,,,,,,,,,,,,,,,,,,,Zn,,N,5.0,protein.sidechain,143.3723531203,trigonal.bipyramidal,1.0,HIS446:A
PDE4B_monomer,rolR,ZN:A:1131,metal_complexes,446,HIS,A,,,,2.062881722251659,,,,,,,,,,,,,,,,,,,,,,,,,,,,Zn,,N,5.0,protein.sidechain,143.3723531203,trigonal.bipyramidal,1.0,HIS446:A
PDE4B_monomer,rolR,ZN:A:1131,metal_complexes,1118,HOH,A,,,,1.703429481956921,,,,,,,,,,,,,,,,,,,,,,,,,,,,Zn,,O,5.0,water,143.3723531203,trigonal.bipyramidal,2.0,HOH1118:A
PDE4B_monomer,rolR,ZN:A:1131,metal_complexes,446,HIS,A,,,,2.323995481923319,,,,,,,,,,,,,,,,,,,,,,,,,,,,Zn,,N,5.0,protein.sidechain,143.3723531203,trigonal.bipyramidal,2.0,HIS446:A
PDE4B_monomer,rolR,ZN:A:1131,metal_complexes,446,HIS,A,,,,2.062881722251659,,,,,,,,,,,,,,,,,,,,,,,,,,,,Zn,,N,5.0,protein.sidechain,143.3723531203,trigonal.bipyramidal,2.0,HIS446:A
PDE4B_monomer,rolR,ZN:A:1131,metal_complexes,446,HIS,A,,,,2.323995481923319,,,,,,,,,,,,,,,,,,,,,,,,,,,,Zn,,N,5.0,protein.sidechain,143.3723531203,trigonal.bipyramidal,2.0,HIS446:A
PDE4B_monomer,rolR,ZN:A:1131,metal_complexes,446,HIS,A,,,,2.062881722251659,,,,,,,,,,,,,,,,,,,,,,,,,,,,Zn,,N,5.0,protein.sidechain,143.3723531203,trigonal.bipyramidal,2.0,HIS446:A
PDE4B_monomer,rolR,ZN:A:1132,metal_complexes,386,ASP,A,,,,2.6398532156163546,,,,,,,,,,,,,,,,,,,,,,,,,,,,Zn,,O,2.0,protein.mainchain,180.0,linear,1.0,ASP386:A
PDE4B_monomer,rolR,ZN:A:1132,metal_complexes,386,ASP,A,,,,2.6398532156163546,,,,,,,,,,,,,,,,,,,,,,,,,,,,Zn,,O,2.0,protein.mainchain,180.0,linear,1.0,ASP386:A
PDE4B_monomer,rolR,ZN:A:1132,metal_complexes,386,ASP,A,,,,2.6398532156163546,,,,,,,,,,,,,,,,,,,,,,,,,,,,Zn,,O,2.0,protein.mainchain,180.0,linear,2.0,ASP386:A
PDE4B_monomer,rolR,ZN:A:1132,metal_complexes,386,ASP,A,,,,2.6398532156163546,,,,,,,,,,,,,,,,,,,,,,,,,,,,Zn,,O,2.0,protein.mainchain,180.0,linear,2.0,ASP386:A
PDE4B_monomer,rolR,UNL:Z:1,hydrophobic_contacts,406,HIS,A,,,,3.8939197475037903,,,,,,,,,,,,,,,,,,,,,,,,,,,,,,,,,,,,HIS406:A
PDE4B_monomer,rolR,UNL:Z:1,hydrophobic_contacts,519,MET,A,,,,3.959558308700606,,,,,,,,,,,,,,,,,,,,,,,,,,,,,,,,,,,,MET519:A
PDE4B_monomer,rolR,UNL:Z:1,hydrophobic_contacts,582,ILE,A,,,,3.7460253602985616,,,,,,,,,,,,,,,,,,,,,,,,,,,,,,,,,,,,ILE582:A
PDE4B_monomer,rolR,UNL:Z:1,hydrophobic_contacts,586,PHE,A,,,,3.806179580629375,,,,,,,,,,,,,,,,,,,,,,,,,,,,,,,,,,,,PHE586:A
PDE4B_monomer,rolR,UNL:Z:1,hydrophobic_contacts,618,PHE,A,,,,3.5210467193719546,,,,,,,,,,,,,,,,,,,,,,,,,,,,,,,,,,,,PHE618:A
PDE4B_monomer,rolR,UNL:Z:1,hydrophobic_contacts,618,PHE,A,,,,3.699722151729776,,,,,,,,,,,,,,,,,,,,,,,,,,,,,,,,,,,,PHE618:A
PDE4B_monomer,rolR,UNL:Z:1,hydrophobic_contacts,618,PHE,A,,,,3.786938737291638,,,,,,,,,,,,,,,,,,,,,,,,,,,,,,,,,,,,PHE618:A
PDE4B_monomer,rolR,UNL:Z:1,hbonds_pdon,615,GLN,A,,,,,,,True,,,,True,,,,,,,,,,,,,,107.5034996095509,,strong,,,,,,,,,,,,,GLN615:A
PDE4B_monomer,rolR,UNL:Z:1,hbonds_pdon,615,GLN,A,,,,,,,True,,,,True,,,,,,,,,,,,,,139.62694018500645,,strong,,,,,,,,,,,,,GLN615:A
PDE4B_monomer,rolR,UNL:Z:1,water_bridges,567,ASN,A,,,,,,,,,,,False,,,,,,,,,,,,,,,,first_deg,,,,,,,,,,,,,ASN567:A
PDE4B_monomer,rolR,UNL:Z:1,water_bridges,567,ASN,A,,,,,,,,,,,False,,,,,,,,,,,,,,,,first_deg,,,,,,,,,,,,,ASN567:A
PDE4D_catalytic,107,ZN:B:1303,metal_complexes,1523,HOH,B,,,,2.202447729232182,,,,,,,,,,,,,,,,,,,,,,,,,,,,Zn,,O,6.0,water,4.76280985937606,octahedral,1.0,HOH1523:B
PDE4D_catalytic,107,ZN:B:1303,metal_complexes,502,HIS,A,,,,2.230906990441333,,,,,,,,,,,,,,,,,,,,,,,,,,,,Zn,,N,6.0,protein.sidechain,4.76280985937606,octahedral,1.0,HIS502:A
PDE4D_catalytic,107,ZN:B:1303,metal_complexes,502,HIS,A,,,,2.230906990441333,,,,,,,,,,,,,,,,,,,,,,,,,,,,Zn,,N,6.0,protein.sidechain,4.76280985937606,octahedral,1.0,HIS502:A
PDE4D_catalytic,107,ZN:B:1303,metal_complexes,503,ASP,A,,,,2.1118430339397865,,,,,,,,,,,,,,,,,,,,,,,,,,,,Zn,,O,6.0,protein.sidechain,4.76280985937606,octahedral,1.0,ASP503:A
PDE4D_catalytic,107,ZN:B:1303,metal_complexes,620,ASP,A,,,,2.2314661099824025,,,,,,,,,,,,,,,,,,,,,,,,,,,,Zn,,O,6.0,protein.sidechain,4.76280985937606,octahedral,1.0,ASP620:A
PDE4D_catalytic,107,ZN:B:1303,metal_complexes,620,ASP,A,,,,2.2314661099824025,,,,,,,,,,,,,,,,,,,,,,,,,,,,Zn,,O,6.0,protein.sidechain,4.76280985937606,octahedral,1.0,ASP620:A
PDE4D_catalytic,107,ZN:B:1303,metal_complexes,1523,HOH,B,,,,2.202447729232182,,,,,,,,,,,,,,,,,,,,,,,,,,,,Zn,,O,6.0,water,4.76280985937606,octahedral,2.0,HOH1523:B
PDE4D_catalytic,107,ZN:B:1303,metal_complexes,502,HIS,A,,,,2.230906990441333,,,,,,,,,,,,,,,,,,,,,,,,,,,,Zn,,N,6.0,protein.sidechain,4.76280985937606,octahedral,2.0,HIS502:A
PDE4D_catalytic,107,ZN:B:1303,metal_complexes,502,HIS,A,,,,2.230906990441333,,,,,,,,,,,,,,,,,,,,,,,,,,,,Zn,,N,6.0,protein.sidechain,4.76280985937606,octahedral,2.0,HIS502:A
PDE4D_catalytic,107,ZN:B:1303,metal_complexes,503,ASP,A,,,,2.1118430339397865,,,,,,,,,,,,,,,,,,,,,,,,,,,,Zn,,O,6.0,protein.sidechain,4.76280985937606,octahedral,2.0,ASP503:A
PDE4D_catalytic,107,ZN:B:1303,metal_complexes,620,ASP,A,,,,2.2314661099824025,,,,,,,,,,,,,,,,,,,,,,,,,,,,Zn,,O,6.0,protein.sidechain,4.76280985937606,octahedral,2.0,ASP620:A
PDE4D_catalytic,107,ZN:B:1303,metal_complexes,620,ASP,A,,,,2.2314661099824025,,,,,,,,,,,,,,,,,,,,,,,,,,,,Zn,,O,6.0,protein.sidechain,4.76280985937606,octahedral,2.0,ASP620:A
PDE4D_catalytic,107,MG:B:1304,metal_complexes,1521,HOH,B,,,,2.130300683002284,,,,,,,,,,,,,,,,,,,,,,,,,,,,Mg,,O,3.0,water,77.82854393214508,trigonal.pyramidal,1.0,HOH1521:B
PDE4D_catalytic,107,MG:B:1304,metal_complexes,503,ASP,A,,,,2.093485610172661,,,,,,,,,,,,,,,,,,,,,,,,,,,,Mg,,O,3.0,protein.sidechain,77.82854393214508,trigonal.pyramidal,1.0,ASP503:A
PDE4D_catalytic,107,MG:B:1304,metal_complexes,503,ASP,A,,,,2.093485610172661,,,,,,,,,,,,,,,,,,,,,,,,,,,,Mg,,O,3.0,protein.sidechain,77.82854393214508,trigonal.pyramidal,1.0,ASP503:A
PDE4D_catalytic,107,MG:B:1304,metal_complexes,1521,HOH,B,,,,2.130300683002284,,,,,,,,,,,,,,,,,,,,,,,,,,,,Mg,,O,3.0,water,77.82854393214508,trigonal.pyramidal,2.0,HOH1521:B
PDE4D_catalytic,107,MG:B:1304,metal_complexes,503,ASP,A,,,,2.093485610172661,,,,,,,,,,,,,,,,,,,,,,,,,,,,Mg,,O,3.0,protein.sidechain,77.82854393214508,trigonal.pyramidal,2.0,ASP503:A
PDE4D_catalytic,107,MG:B:1304,metal_complexes,503,ASP,A,,,,2.093485610172661,,,,,,,,,,,,,,,,,,,,,,,,,,,,Mg,,O,3.0,protein.sidechain,77.82854393214508,trigonal.pyramidal,2.0,ASP503:A
PDE4D_catalytic,107,UNL:Z:1,hydrophobic_contacts,461,TYR,A,,,,3.864335647947781,,,,,,,,,,,,,,,,,,,,,,,,,,,,,,,,,,,,TYR461:A
PDE4D_catalytic,107,UNL:Z:1,hydrophobic_contacts,638,ILE,A,,,,3.9009834657429656,,,,,,,,,,,,,,,,,,,,,,,,,,,,,,,,,,,,ILE638:A
PDE4D_catalytic,107,UNL:Z:1,hydrophobic_contacts,642,PHE,A,,,,3.8480877069006616,,,,,,,,,,,,,,,,,,,,,,,,,,,,,,,,,,,,PHE642:A
PDE4D_catalytic,107,UNL:Z:1,hydrophobic_contacts,674,PHE,A,,,,3.83788040459835,,,,,,,,,,,,,,,,,,,,,,,,,,,,,,,,,,,,PHE674:A
PDE4D_catalytic,107,UNL:Z:1,hydrophobic_contacts,674,PHE,A,,,,3.5556463547433963,,,,,,,,,,,,,,,,,,,,,,,,,,,,,,,,,,,,PHE674:A
PDE4D_catalytic,107,UNL:Z:1,hbonds_pdon,635,THR,A,,,,,,,False,,,,True,,,,,,,,,,,,,,103.37775095560694,,strong,,,,,,,,,,,,,THR635:A
PDE4D_catalytic,107,UNL:Z:1,hbonds_pdon,635,THR,A,,,,,,,False,,,,True,,,,,,,,,,,,,,154.3885376104052,,strong,,,,,,,,,,,,,THR635:A
PDE4D_catalytic,107,UNL:Z:1,hbonds_pdon,635,THR,A,,,,,,,True,,,,True,,,,,,,,,,,,,,122.58443004838986,,strong,,,,,,,,,,,,,THR635:A
PDE4D_catalytic,175,ZN:B:1303,metal_complexes,1523,HOH,B,,,,2.202447729232182,,,,,,,,,,,,,,,,,,,,,,,,,,,,Zn,,O,6.0,water,4.76280985937606,octahedral,1.0,HOH1523:B
PDE4D_catalytic,175,ZN:B:1303,metal_complexes,502,HIS,A,,,,2.230906990441333,,,,,,,,,,,,,,,,,,,,,,,,,,,,Zn,,N,6.0,protein.sidechain,4.76280985937606,octahedral,1.0,HIS502:A
PDE4D_catalytic,175,ZN:B:1303,metal_complexes,502,HIS,A,,,,2.230906990441333,,,,,,,,,,,,,,,,,,,,,,,,,,,,Zn,,N,6.0,protein.sidechain,4.76280985937606,octahedral,1.0,HIS502:A
PDE4D_catalytic,175,ZN:B:1303,metal_complexes,503,ASP,A,,,,2.1118430339397865,,,,,,,,,,,,,,,,,,,,,,,,,,,,Zn,,O,6.0,protein.sidechain,4.76280985937606,octahedral,1.0,ASP503:A
PDE4D_catalytic,175,ZN:B:1303,metal_complexes,620,ASP,A,,,,2.2314661099824025,,,,,,,,,,,,,,,,,,,,,,,,,,,,Zn,,O,6.0,protein.sidechain,4.76280985937606,octahedral,1.0,ASP620:A
PDE4D_catalytic,175,ZN:B:1303,metal_complexes,620,ASP,A,,,,2.2314661099824025,,,,,,,,,,,,,,,,,,,,,,,,,,,,Zn,,O,6.0,protein.sidechain,4.76280985937606,octahedral,1.0,ASP620:A
PDE4D_catalytic,175,ZN:B:1303,metal_complexes,1523,HOH,B,,,,2.202447729232182,,,,,,,,,,,,,,,,,,,,,,,,,,,,Zn,,O,6.0,water,4.76280985937606,octahedral,2.0,HOH1523:B
PDE4D_catalytic,175,ZN:B:1303,metal_complexes,502,HIS,A,,,,2.230906990441333,,,,,,,,,,,,,,,,,,,,,,,,,,,,Zn,,N,6.0,protein.sidechain,4.76280985937606,octahedral,2.0,HIS502:A
PDE4D_catalytic,175,ZN:B:1303,metal_complexes,502,HIS,A,,,,2.230906990441333,,,,,,,,,,,,,,,,,,,,,,,,,,,,Zn,,N,6.0,protein.sidechain,4.76280985937606,octahedral,2.0,HIS502:A
PDE4D_catalytic,175,ZN:B:1303,metal_complexes,503,ASP,A,,,,2.1118430339397865,,,,,,,,,,,,,,,,,,,,,,,,,,,,Zn,,O,6.0,protein.sidechain,4.76280985937606,octahedral,2.0,ASP503:A
PDE4D_catalytic,175,ZN:B:1303,metal_complexes,620,ASP,A,,,,2.2314661099824025,,,,,,,,,,,,,,,,,,,,,,,,,,,,Zn,,O,6.0,protein.sidechain,4.76280985937606,octahedral,2.0,ASP620:A
PDE4D_catalytic,175,ZN:B:1303,metal_complexes,620,ASP,A,,,,2.2314661099824025,,,,,,,,,,,,,,,,,,,,,,,,,,,,Zn,,O,6.0,protein.sidechain,4.76280985937606,octahedral,2.0,ASP620:A
PDE4D_catalytic,175,MG:B:1304,metal_complexes,1521,HOH,B,,,,2.130300683002284,,,,,,,,,,,,,,,,,,,,,,,,,,,,Mg,,O,3.0,water,77.82854393214508,trigonal.pyramidal,1.0,HOH1521:B
PDE4D_catalytic,175,MG:B:1304,metal_complexes,503,ASP,A,,,,2.093485610172661,,,,,,,,,,,,,,,,,,,,,,,,,,,,Mg,,O,3.0,protein.sidechain,77.82854393214508,trigonal.pyramidal,1.0,ASP503:A
PDE4D_catalytic,175,MG:B:1304,metal_complexes,503,ASP,A,,,,2.093485610172661,,,,,,,,,,,,,,,,,,,,,,,,,,,,Mg,,O,3.0,protein.sidechain,77.82854393214508,trigonal.pyramidal,1.0,ASP503:A
PDE4D_catalytic,175,MG:B:1304,metal_complexes,1521,HOH,B,,,,2.130300683002284,,,,,,,,,,,,,,,,,,,,,,,,,,,,Mg,,O,3.0,water,77.82854393214508,trigonal.pyramidal,2.0,HOH1521:B
PDE4D_catalytic,175,MG:B:1304,metal_complexes,503,ASP,A,,,,2.093485610172661,,,,,,,,,,,,,,,,,,,,,,,,,,,,Mg,,O,3.0,protein.sidechain,77.82854393214508,trigonal.pyramidal,2.0,ASP503:A
PDE4D_catalytic,175,MG:B:1304,metal_complexes,503,ASP,A,,,,2.093485610172661,,,,,,,,,,,,,,,,,,,,,,,,,,,,Mg,,O,3.0,protein.sidechain,77.82854393214508,trigonal.pyramidal,2.0,ASP503:A
PDE4D_catalytic,175,UNL:A:1,hydrophobic_contacts,623,ASN,A,,,,3.597475503738699,,,,,,,,,,,,,,,,,,,,,,,,,,,,,,,,,,,,ASN623:A
PDE4D_catalytic,175,UNL:A:1,hydrophobic_contacts,624,PRO,A,,,,3.939486641683152,,,,,,,,,,,,,,,,,,,,,,,,,,,,,,,,,,,,PRO624:A
PDE4D_catalytic,175,UNL:A:1,hydrophobic_contacts,631,TYR,A,,,,3.870633539874319,,,,,,,,,,,,,,,,,,,,,,,,,,,,,,,,,,,,TYR631:A
PDE4D_catalytic,175,UNL:A:1,hydrophobic_contacts,674,PHE,A,,,,3.634757488471548,,,,,,,,,,,,,,,,,,,,,,,,,,,,,,,,,,,,PHE674:A
PDE4D_catalytic,175,UNL:A:1,hbonds_ldon,623,ASN,A,,,,,,,True,,,,False,,,,,,,,,,,,,,124.51146557429745,,strong,,,,,,,,,,,,,ASN623:A
PDE4D_catalytic,175,UNL:A:1,hbonds_pdon,635,THR,A,,,,,,,False,,,,True,,,,,,,,,,,,,,114.14641360316212,,strong,,,,,,,,,,,,,THR635:A
PDE4D_catalytic,6262,ZN:B:1303,metal_complexes,1523,HOH,B,,,,2.202447729232182,,,,,,,,,,,,,,,,,,,,,,,,,,,,Zn,,O,6.0,water,4.76280985937606,octahedral,1.0,HOH1523:B
PDE4D_catalytic,6262,ZN:B:1303,metal_complexes,502,HIS,A,,,,2.230906990441333,,,,,,,,,,,,,,,,,,,,,,,,,,,,Zn,,N,6.0,protein.sidechain,4.76280985937606,octahedral,1.0,HIS502:A
PDE4D_catalytic,6262,ZN:B:1303,metal_complexes,502,HIS,A,,,,2.230906990441333,,,,,,,,,,,,,,,,,,,,,,,,,,,,Zn,,N,6.0,protein.sidechain,4.76280985937606,octahedral,1.0,HIS502:A
PDE4D_catalytic,6262,ZN:B:1303,metal_complexes,503,ASP,A,,,,2.1118430339397865,,,,,,,,,,,,,,,,,,,,,,,,,,,,Zn,,O,6.0,protein.sidechain,4.76280985937606,octahedral,1.0,ASP503:A
PDE4D_catalytic,6262,ZN:B:1303,metal_complexes,620,ASP,A,,,,2.2314661099824025,,,,,,,,,,,,,,,,,,,,,,,,,,,,Zn,,O,6.0,protein.sidechain,4.76280985937606,octahedral,1.0,ASP620:A
PDE4D_catalytic,6262,ZN:B:1303,metal_complexes,620,ASP,A,,,,2.2314661099824025,,,,,,,,,,,,,,,,,,,,,,,,,,,,Zn,,O,6.0,protein.sidechain,4.76280985937606,octahedral,1.0,ASP620:A
PDE4D_catalytic,6262,ZN:B:1303,metal_complexes,1523,HOH,B,,,,2.202447729232182,,,,,,,,,,,,,,,,,,,,,,,,,,,,Zn,,O,6.0,water,4.76280985937606,octahedral,2.0,HOH1523:B
PDE4D_catalytic,6262,ZN:B:1303,metal_complexes,502,HIS,A,,,,2.230906990441333,,,,,,,,,,,,,,,,,,,,,,,,,,,,Zn,,N,6.0,protein.sidechain,4.76280985937606,octahedral,2.0,HIS502:A
PDE4D_catalytic,6262,ZN:B:1303,metal_complexes,502,HIS,A,,,,2.230906990441333,,,,,,,,,,,,,,,,,,,,,,,,,,,,Zn,,N,6.0,protein.sidechain,4.76280985937606,octahedral,2.0,HIS502:A
PDE4D_catalytic,6262,ZN:B:1303,metal_complexes,503,ASP,A,,,,2.1118430339397865,,,,,,,,,,,,,,,,,,,,,,,,,,,,Zn,,O,6.0,protein.sidechain,4.76280985937606,octahedral,2.0,ASP503:A
PDE4D_catalytic,6262,ZN:B:1303,metal_complexes,620,ASP,A,,,,2.2314661099824025,,,,,,,,,,,,,,,,,,,,,,,,,,,,Zn,,O,6.0,protein.sidechain,4.76280985937606,octahedral,2.0,ASP620:A
PDE4D_catalytic,6262,ZN:B:1303,metal_complexes,620,ASP,A,,,,2.2314661099824025,,,,,,,,,,,,,,,,,,,,,,,,,,,,Zn,,O,6.0,protein.sidechain,4.76280985937606,octahedral,2.0,ASP620:A
PDE4D_catalytic,6262,MG:B:1304,metal_complexes,1521,HOH,B,,,,2.130300683002284,,,,,,,,,,,,,,,,,,,,,,,,,,,,Mg,,O,3.0,water,77.82854393214508,trigonal.pyramidal,1.0,HOH1521:B
PDE4D_catalytic,6262,MG:B:1304,metal_complexes,503,ASP,A,,,,2.093485610172661,,,,,,,,,,,,,,,,,,,,,,,,,,,,Mg,,O,3.0,protein.sidechain,77.82854393214508,trigonal.pyramidal,1.0,ASP503:A
PDE4D_catalytic,6262,MG:B:1304,metal_complexes,503,ASP,A,,,,2.093485610172661,,,,,,,,,,,,,,,,,,,,,,,,,,,,Mg,,O,3.0,protein.sidechain,77.82854393214508,trigonal.pyramidal,1.0,ASP503:A
PDE4D_catalytic,6262,MG:B:1304,metal_complexes,1521,HOH,B,,,,2.130300683002284,,,,,,,,,,,,,,,,,,,,,,,,,,,,Mg,,O,3.0,water,77.82854393214508,trigonal.pyramidal,2.0,HOH1521:B
PDE4D_catalytic,6262,MG:B:1304,metal_complexes,503,ASP,A,,,,2.093485610172661,,,,,,,,,,,,,,,,,,,,,,,,,,,,Mg,,O,3.0,protein.sidechain,77.82854393214508,trigonal.pyramidal,2.0,ASP503:A
PDE4D_catalytic,6262,MG:B:1304,metal_complexes,503,ASP,A,,,,2.093485610172661,,,,,,,,,,,,,,,,,,,,,,,,,,,,Mg,,O,3.0,protein.sidechain,77.82854393214508,trigonal.pyramidal,2.0,ASP503:A
PDE4D_catalytic,6262,UNL:Z:1,hydrophobic_contacts,638,ILE,A,,,,3.71667216740998,,,,,,,,,,,,,,,,,,,,,,,,,,,,,,,,,,,,ILE638:A
PDE4D_catalytic,6262,UNL:Z:1,hydrophobic_contacts,674,PHE,A,,,,3.998149947163063,,,,,,,,,,,,,,,,,,,,,,,,,,,,,,,,,,,,PHE674:A
PDE4D_catalytic,6262,UNL:Z:1,hbonds_ldon,461,TYR,A,,,,,,,True,,,,False,,,,,,,,,,,,,,154.48668682204732,,strong,,,,,,,,,,,,,TYR461:A
PDE4D_catalytic,6262,UNL:Z:1,hbonds_ldon,462,HIS,A,,,,,,,True,,,,False,,,,,,,,,,,,,,108.416378315904,,strong,,,,,,,,,,,,,HIS462:A
PDE4D_catalytic,6262,UNL:Z:1,hbonds_pdon,623,ASN,A,,,,,,,True,,,,True,,,,,,,,,,,,,,141.64640646599494,,strong,,,,,,,,,,,,,ASN623:A
PDE4D_catalytic,6262,UNL:Z:1,hbonds_pdon,671,GLN,A,,,,,,,True,,,,True,,,,,,,,,,,,,,151.0121049084808,,strong,,,,,,,,,,,,,GLN671:A
PDE4D_catalytic,6262,UNL:Z:1,hbonds_pdon,671,GLN,A,,,,,,,True,,,,True,,,,,,,,,,,,,,151.0121049084808,,strong,,,,,,,,,,,,,GLN671:A
PDE4D_catalytic,348154,ZN:B:1303,metal_complexes,1523,HOH,B,,,,2.202447729232182,,,,,,,,,,,,,,,,,,,,,,,,,,,,Zn,,O,6.0,water,4.76280985937606,octahedral,1.0,HOH1523:B
PDE4D_catalytic,348154,ZN:B:1303,metal_complexes,502,HIS,A,,,,2.230906990441333,,,,,,,,,,,,,,,,,,,,,,,,,,,,Zn,,N,6.0,protein.sidechain,4.76280985937606,octahedral,1.0,HIS502:A
PDE4D_catalytic,348154,ZN:B:1303,metal_complexes,502,HIS,A,,,,2.230906990441333,,,,,,,,,,,,,,,,,,,,,,,,,,,,Zn,,N,6.0,protein.sidechain,4.76280985937606,octahedral,1.0,HIS502:A
PDE4D_catalytic,348154,ZN:B:1303,metal_complexes,503,ASP,A,,,,2.1118430339397865,,,,,,,,,,,,,,,,,,,,,,,,,,,,Zn,,O,6.0,protein.sidechain,4.76280985937606,octahedral,1.0,ASP503:A
PDE4D_catalytic,348154,ZN:B:1303,metal_complexes,620,ASP,A,,,,2.2314661099824025,,,,,,,,,,,,,,,,,,,,,,,,,,,,Zn,,O,6.0,protein.sidechain,4.76280985937606,octahedral,1.0,ASP620:A
PDE4D_catalytic,348154,ZN:B:1303,metal_complexes,620,ASP,A,,,,2.2314661099824025,,,,,,,,,,,,,,,,,,,,,,,,,,,,Zn,,O,6.0,protein.sidechain,4.76280985937606,octahedral,1.0,ASP620:A
PDE4D_catalytic,348154,ZN:B:1303,metal_complexes,1523,HOH,B,,,,2.202447729232182,,,,,,,,,,,,,,,,,,,,,,,,,,,,Zn,,O,6.0,water,4.76280985937606,octahedral,2.0,HOH1523:B
PDE4D_catalytic,348154,ZN:B:1303,metal_complexes,502,HIS,A,,,,2.230906990441333,,,,,,,,,,,,,,,,,,,,,,,,,,,,Zn,,N,6.0,protein.sidechain,4.76280985937606,octahedral,2.0,HIS502:A
PDE4D_catalytic,348154,ZN:B:1303,metal_complexes,502,HIS,A,,,,2.230906990441333,,,,,,,,,,,,,,,,,,,,,,,,,,,,Zn,,N,6.0,protein.sidechain,4.76280985937606,octahedral,2.0,HIS502:A
PDE4D_catalytic,348154,ZN:B:1303,metal_complexes,503,ASP,A,,,,2.1118430339397865,,,,,,,,,,,,,,,,,,,,,,,,,,,,Zn,,O,6.0,protein.sidechain,4.76280985937606,octahedral,2.0,ASP503:A
PDE4D_catalytic,348154,ZN:B:1303,metal_complexes,620,ASP,A,,,,2.2314661099824025,,,,,,,,,,,,,,,,,,,,,,,,,,,,Zn,,O,6.0,protein.sidechain,4.76280985937606,octahedral,2.0,ASP620:A
PDE4D_catalytic,348154,ZN:B:1303,metal_complexes,620,ASP,A,,,,2.2314661099824025,,,,,,,,,,,,,,,,,,,,,,,,,,,,Zn,,O,6.0,protein.sidechain,4.76280985937606,octahedral,2.0,ASP620:A
PDE4D_catalytic,348154,MG:B:1304,metal_complexes,1521,HOH,B,,,,2.130300683002284,,,,,,,,,,,,,,,,,,,,,,,,,,,,Mg,,O,3.0,water,77.82854393214508,trigonal.pyramidal,1.0,HOH1521:B
PDE4D_catalytic,348154,MG:B:1304,metal_complexes,503,ASP,A,,,,2.093485610172661,,,,,,,,,,,,,,,,,,,,,,,,,,,,Mg,,O,3.0,protein.sidechain,77.82854393214508,trigonal.pyramidal,1.0,ASP503:A
PDE4D_catalytic,348154,MG:B:1304,metal_complexes,503,ASP,A,,,,2.093485610172661,,,,,,,,,,,,,,,,,,,,,,,,,,,,Mg,,O,3.0,protein.sidechain,77.82854393214508,trigonal.pyramidal,1.0,ASP503:A
PDE4D_catalytic,348154,MG:B:1304,metal_complexes,1521,HOH,B,,,,2.130300683002284,,,,,,,,,,,,,,,,,,,,,,,,,,,,Mg,,O,3.0,water,77.82854393214508,trigonal.pyramidal,2.0,HOH1521:B
PDE4D_catalytic,348154,MG:B:1304,metal_complexes,503,ASP,A,,,,2.093485610172661,,,,,,,,,,,,,,,,,,,,,,,,,,,,Mg,,O,3.0,protein.sidechain,77.82854393214508,trigonal.pyramidal,2.0,ASP503:A
PDE4D_catalytic,348154,MG:B:1304,metal_complexes,503,ASP,A,,,,2.093485610172661,,,,,,,,,,,,,,,,,,,,,,,,,,,,Mg,,O,3.0,protein.sidechain,77.82854393214508,trigonal.pyramidal,2.0,ASP503:A
PDE4D_catalytic,348154,UNL:Z:1,hydrophobic_contacts,638,ILE,A,,,,3.959205223273984,,,,,,,,,,,,,,,,,,,,,,,,,,,,,,,,,,,,ILE638:A
PDE4D_catalytic,348154,UNL:Z:1,hydrophobic_contacts,638,ILE,A,,,,3.7320328240785874,,,,,,,,,,,,,,,,,,,,,,,,,,,,,,,,,,,,ILE638:A
PDE4D_catalytic,348154,UNL:Z:1,hydrophobic_contacts,642,PHE,A,,,,3.6034032524822974,,,,,,,,,,,,,,,,,,,,,,,,,,,,,,,,,,,,PHE642:A
PDE4D_catalytic,348154,UNL:Z:1,hydrophobic_contacts,674,PHE,A,,,,3.666556013481861,,,,,,,,,,,,,,,,,,,,,,,,,,,,,,,,,,,,PHE674:A
PDE4D_catalytic,348154,UNL:Z:1,hydrophobic_contacts,674,PHE,A,,,,3.812305470446984,,,,,,,,,,,,,,,,,,,,,,,,,,,,,,,,,,,,PHE674:A
PDE4D_catalytic,348154,UNL:Z:1,hydrophobic_contacts,674,PHE,A,,,,3.6081604731497183,,,,,,,,,,,,,,,,,,,,,,,,,,,,,,,,,,,,PHE674:A
PDE4D_catalytic,348154,UNL:Z:1,hbonds_ldon,461,TYR,A,,,,,,,True,,,,False,,,,,,,,,,,,,,132.18673517100953,,strong,,,,,,,,,,,,,TYR461:A
PDE4D_catalytic,348154,UNL:Z:1,hbonds_pdon,671,GLN,A,,,,,,,True,,,,True,,,,,,,,,,,,,,102.44803112401785,,strong,,,,,,,,,,,,,GLN671:A
PDE4D_catalytic,348154,UNL:Z:1,hbonds_pdon,671,GLN,A,,,,,,,True,,,,True,,,,,,,,,,,,,,102.44803112401785,,strong,,,,,,,,,,,,,GLN671:A
PDE4D_catalytic,348154,UNL:Z:1,hbonds_pdon,671,GLN,A,,,,,,,False,,,,True,,,,,,,,,,,,,,117.71519094006705,,strong,,,,,,,,,,,,,GLN671:A
PDE4D_catalytic,348154,UNL:Z:1,water_bridges,623,ASN,A,,,,,,,,,,,True,,,,,,,,,,,,,,,,first_deg,,,,,,,,,,,,,ASN623:A
PDE4D_catalytic,348154,UNL:Z:1,water_bridges,461,TYR,A,,,,,,,,,,,True,,,,,,,,,,,,,,,,first_deg,,,,,,,,,,,,,TYR461:A
PDE4D_catalytic,348154,UNL:Z:1,water_bridges,466,HIS,A,,,,,,,,,,,True,,,,,,,,,,,,,,,,first_deg,,,,,,,,,,,,,HIS466:A
PDE4D_catalytic,49831816,ZN:B:1303,metal_complexes,1523,HOH,B,,,,2.202447729232182,,,,,,,,,,,,,,,,,,,,,,,,,,,,Zn,,O,6.0,water,4.76280985937606,octahedral,1.0,HOH1523:B
PDE4D_catalytic,49831816,ZN:B:1303,metal_complexes,502,HIS,A,,,,2.230906990441333,,,,,,,,,,,,,,,,,,,,,,,,,,,,Zn,,N,6.0,protein.sidechain,4.76280985937606,octahedral,1.0,HIS502:A
PDE4D_catalytic,49831816,ZN:B:1303,metal_complexes,502,HIS,A,,,,2.230906990441333,,,,,,,,,,,,,,,,,,,,,,,,,,,,Zn,,N,6.0,protein.sidechain,4.76280985937606,octahedral,1.0,HIS502:A
PDE4D_catalytic,49831816,ZN:B:1303,metal_complexes,503,ASP,A,,,,2.1118430339397865,,,,,,,,,,,,,,,,,,,,,,,,,,,,Zn,,O,6.0,protein.sidechain,4.76280985937606,octahedral,1.0,ASP503:A
PDE4D_catalytic,49831816,ZN:B:1303,metal_complexes,620,ASP,A,,,,2.2314661099824025,,,,,,,,,,,,,,,,,,,,,,,,,,,,Zn,,O,6.0,protein.sidechain,4.76280985937606,octahedral,1.0,ASP620:A
PDE4D_catalytic,49831816,ZN:B:1303,metal_complexes,620,ASP,A,,,,2.2314661099824025,,,,,,,,,,,,,,,,,,,,,,,,,,,,Zn,,O,6.0,protein.sidechain,4.76280985937606,octahedral,1.0,ASP620:A
PDE4D_catalytic,49831816,ZN:B:1303,metal_complexes,1523,HOH,B,,,,2.202447729232182,,,,,,,,,,,,,,,,,,,,,,,,,,,,Zn,,O,6.0,water,4.76280985937606,octahedral,2.0,HOH1523:B
PDE4D_catalytic,49831816,ZN:B:1303,metal_complexes,502,HIS,A,,,,2.230906990441333,,,,,,,,,,,,,,,,,,,,,,,,,,,,Zn,,N,6.0,protein.sidechain,4.76280985937606,octahedral,2.0,HIS502:A
PDE4D_catalytic,49831816,ZN:B:1303,metal_complexes,502,HIS,A,,,,2.230906990441333,,,,,,,,,,,,,,,,,,,,,,,,,,,,Zn,,N,6.0,protein.sidechain,4.76280985937606,octahedral,2.0,HIS502:A
PDE4D_catalytic,49831816,ZN:B:1303,metal_complexes,503,ASP,A,,,,2.1118430339397865,,,,,,,,,,,,,,,,,,,,,,,,,,,,Zn,,O,6.0,protein.sidechain,4.76280985937606,octahedral,2.0,ASP503:A
PDE4D_catalytic,49831816,ZN:B:1303,metal_complexes,620,ASP,A,,,,2.2314661099824025,,,,,,,,,,,,,,,,,,,,,,,,,,,,Zn,,O,6.0,protein.sidechain,4.76280985937606,octahedral,2.0,ASP620:A
PDE4D_catalytic,49831816,ZN:B:1303,metal_complexes,620,ASP,A,,,,2.2314661099824025,,,,,,,,,,,,,,,,,,,,,,,,,,,,Zn,,O,6.0,protein.sidechain,4.76280985937606,octahedral,2.0,ASP620:A
PDE4D_catalytic,49831816,MG:B:1304,metal_complexes,1521,HOH,B,,,,2.130300683002284,,,,,,,,,,,,,,,,,,,,,,,,,,,,Mg,,O,3.0,water,77.82854393214508,trigonal.pyramidal,1.0,HOH1521:B
PDE4D_catalytic,49831816,MG:B:1304,metal_complexes,503,ASP,A,,,,2.093485610172661,,,,,,,,,,,,,,,,,,,,,,,,,,,,Mg,,O,3.0,protein.sidechain,77.82854393214508,trigonal.pyramidal,1.0,ASP503:A
PDE4D_catalytic,49831816,MG:B:1304,metal_complexes,503,ASP,A,,,,2.093485610172661,,,,,,,,,,,,,,,,,,,,,,,,,,,,Mg,,O,3.0,protein.sidechain,77.82854393214508,trigonal.pyramidal,1.0,ASP503:A
PDE4D_catalytic,49831816,MG:B:1304,metal_complexes,1521,HOH,B,,,,2.130300683002284,,,,,,,,,,,,,,,,,,,,,,,,,,,,Mg,,O,3.0,water,77.82854393214508,trigonal.pyramidal,2.0,HOH1521:B
PDE4D_catalytic,49831816,MG:B:1304,metal_complexes,503,ASP,A,,,,2.093485610172661,,,,,,,,,,,,,,,,,,,,,,,,,,,,Mg,,O,3.0,protein.sidechain,77.82854393214508,trigonal.pyramidal,2.0,ASP503:A
PDE4D_catalytic,49831816,MG:B:1304,metal_complexes,503,ASP,A,,,,2.093485610172661,,,,,,,,,,,,,,,,,,,,,,,,,,,,Mg,,O,3.0,protein.sidechain,77.82854393214508,trigonal.pyramidal,2.0,ASP503:A
PDE4D_catalytic,49831816,UNL:Z:1,hydrophobic_contacts,638,ILE,A,,,,3.797712732685293,,,,,,,,,,,,,,,,,,,,,,,,,,,,,,,,,,,,ILE638:A
PDE4D_catalytic,49831816,UNL:Z:1,hydrophobic_contacts,642,PHE,A,,,,3.5468938523728046,,,,,,,,,,,,,,,,,,,,,,,,,,,,,,,,,,,,PHE642:A
PDE4D_catalytic,49831816,UNL:Z:1,hydrophobic_contacts,642,PHE,A,,,,3.82541775496481,,,,,,,,,,,,,,,,,,,,,,,,,,,,,,,,,,,,PHE642:A
PDE4D_catalytic,49831816,UNL:Z:1,hydrophobic_contacts,674,PHE,A,,,,3.6778511389125033,,,,,,,,,,,,,,,,,,,,,,,,,,,,,,,,,,,,PHE674:A
PDE4D_catalytic,49831816,UNL:Z:1,hydrophobic_contacts,674,PHE,A,,,,3.579766891852038,,,,,,,,,,,,,,,,,,,,,,,,,,,,,,,,,,,,PHE674:A
PDE4D_catalytic,49831816,UNL:Z:1,hydrophobic_contacts,638,ILE,A,,,,3.5599974719092145,,,,,,,,,,,,,,,,,,,,,,,,,,,,,,,,,,,,ILE638:A
PDE4D_catalytic,49831816,UNL:Z:1,hydrophobic_contacts,659,MET,A,,,,3.81840450973964,,,,,,,,,,,,,,,,,,,,,,,,,,,,,,,,,,,,MET659:A
PDE4D_catalytic,49831816,UNL:Z:1,hydrophobic_contacts,674,PHE,A,,,,3.770608041151984,,,,,,,,,,,,,,,,,,,,,,,,,,,,,,,,,,,,PHE674:A
PDE4D_catalytic,49831816,UNL:Z:1,hydrophobic_contacts,674,PHE,A,,,,3.5914402403492667,,,,,,,,,,,,,,,,,,,,,,,,,,,,,,,,,,,,PHE674:A
PDE4D_catalytic,49831816,UNL:Z:1,hbonds_ldon,623,ASN,A,,,,,,,True,,,,False,,,,,,,,,,,,,,147.4842299230888,,strong,,,,,,,,,,,,,ASN623:A
PDE4D_catalytic,49831816,UNL:Z:1,hbonds_ldon,623,ASN,A,,,,,,,True,,,,False,,,,,,,,,,,,,,103.72354886662932,,strong,,,,,,,,,,,,,ASN623:A
PDE4D_catalytic,49831816,UNL:Z:1,hbonds_pdon,671,GLN,A,,,,,,,True,,,,True,,,,,,,,,,,,,,100.36990686244222,,strong,,,,,,,,,,,,,GLN671:A
PDE4D_catalytic,49831816,UNL:Z:1,water_bridges,623,ASN,A,,,,,,,,,,,True,,,,,,,,,,,,,,,,first_deg,,,,,,,,,,,,,ASN623:A
PDE4D_catalytic,49831816,UNL:Z:1,water_bridges,623,ASN,A,,,,,,,,,,,True,,,,,,,,,,,,,,,,first_deg,,,,,,,,,,,,,ASN623:A
PDE4D_catalytic,49831816,UNL:Z:1,water_bridges,466,HIS,A,,,,,,,,,,,True,,,,,,,,,,,,,,,,first_deg,,,,,,,,,,,,,HIS466:A
PDE4D_catalytic,439435,ZN:B:1303,metal_complexes,1523,HOH,B,,,,2.202447729232182,,,,,,,,,,,,,,,,,,,,,,,,,,,,Zn,,O,6.0,water,4.76280985937606,octahedral,1.0,HOH1523:B
PDE4D_catalytic,439435,ZN:B:1303,metal_complexes,502,HIS,A,,,,2.230906990441333,,,,,,,,,,,,,,,,,,,,,,,,,,,,Zn,,N,6.0,protein.sidechain,4.76280985937606,octahedral,1.0,HIS502:A
PDE4D_catalytic,439435,ZN:B:1303,metal_complexes,502,HIS,A,,,,2.230906990441333,,,,,,,,,,,,,,,,,,,,,,,,,,,,Zn,,N,6.0,protein.sidechain,4.76280985937606,octahedral,1.0,HIS502:A
PDE4D_catalytic,439435,ZN:B:1303,metal_complexes,503,ASP,A,,,,2.1118430339397865,,,,,,,,,,,,,,,,,,,,,,,,,,,,Zn,,O,6.0,protein.sidechain,4.76280985937606,octahedral,1.0,ASP503:A
PDE4D_catalytic,439435,ZN:B:1303,metal_complexes,620,ASP,A,,,,2.2314661099824025,,,,,,,,,,,,,,,,,,,,,,,,,,,,Zn,,O,6.0,protein.sidechain,4.76280985937606,octahedral,1.0,ASP620:A
PDE4D_catalytic,439435,ZN:B:1303,metal_complexes,620,ASP,A,,,,2.2314661099824025,,,,,,,,,,,,,,,,,,,,,,,,,,,,Zn,,O,6.0,protein.sidechain,4.76280985937606,octahedral,1.0,ASP620:A
PDE4D_catalytic,439435,ZN:B:1303,metal_complexes,1523,HOH,B,,,,2.202447729232182,,,,,,,,,,,,,,,,,,,,,,,,,,,,Zn,,O,6.0,water,4.76280985937606,octahedral,2.0,HOH1523:B
PDE4D_catalytic,439435,ZN:B:1303,metal_complexes,502,HIS,A,,,,2.230906990441333,,,,,,,,,,,,,,,,,,,,,,,,,,,,Zn,,N,6.0,protein.sidechain,4.76280985937606,octahedral,2.0,HIS502:A
PDE4D_catalytic,439435,ZN:B:1303,metal_complexes,502,HIS,A,,,,2.230906990441333,,,,,,,,,,,,,,,,,,,,,,,,,,,,Zn,,N,6.0,protein.sidechain,4.76280985937606,octahedral,2.0,HIS502:A
PDE4D_catalytic,439435,ZN:B:1303,metal_complexes,503,ASP,A,,,,2.1118430339397865,,,,,,,,,,,,,,,,,,,,,,,,,,,,Zn,,O,6.0,protein.sidechain,4.76280985937606,octahedral,2.0,ASP503:A
PDE4D_catalytic,439435,ZN:B:1303,metal_complexes,620,ASP,A,,,,2.2314661099824025,,,,,,,,,,,,,,,,,,,,,,,,,,,,Zn,,O,6.0,protein.sidechain,4.76280985937606,octahedral,2.0,ASP620:A
PDE4D_catalytic,439435,ZN:B:1303,metal_complexes,620,ASP,A,,,,2.2314661099824025,,,,,,,,,,,,,,,,,,,,,,,,,,,,Zn,,O,6.0,protein.sidechain,4.76280985937606,octahedral,2.0,ASP620:A
PDE4D_catalytic,439435,MG:B:1304,metal_complexes,1521,HOH,B,,,,2.130300683002284,,,,,,,,,,,,,,,,,,,,,,,,,,,,Mg,,O,3.0,water,77.82854393214508,trigonal.pyramidal,1.0,HOH1521:B
PDE4D_catalytic,439435,MG:B:1304,metal_complexes,503,ASP,A,,,,2.093485610172661,,,,,,,,,,,,,,,,,,,,,,,,,,,,Mg,,O,3.0,protein.sidechain,77.82854393214508,trigonal.pyramidal,1.0,ASP503:A
PDE4D_catalytic,439435,MG:B:1304,metal_complexes,503,ASP,A,,,,2.093485610172661,,,,,,,,,,,,,,,,,,,,,,,,,,,,Mg,,O,3.0,protein.sidechain,77.82854393214508,trigonal.pyramidal,1.0,ASP503:A
PDE4D_catalytic,439435,MG:B:1304,metal_complexes,1521,HOH,B,,,,2.130300683002284,,,,,,,,,,,,,,,,,,,,,,,,,,,,Mg,,O,3.0,water,77.82854393214508,trigonal.pyramidal,2.0,HOH1521:B
PDE4D_catalytic,439435,MG:B:1304,metal_complexes,503,ASP,A,,,,2.093485610172661,,,,,,,,,,,,,,,,,,,,,,,,,,,,Mg,,O,3.0,protein.sidechain,77.82854393214508,trigonal.pyramidal,2.0,ASP503:A
PDE4D_catalytic,439435,MG:B:1304,metal_complexes,503,ASP,A,,,,2.093485610172661,,,,,,,,,,,,,,,,,,,,,,,,,,,,Mg,,O,3.0,protein.sidechain,77.82854393214508,trigonal.pyramidal,2.0,ASP503:A
PDE4D_catalytic,439435,UNL:Z:1,hydrophobic_contacts,461,TYR,A,,,,3.9452558852373576,,,,,,,,,,,,,,,,,,,,,,,,,,,,,,,,,,,,TYR461:A
PDE4D_catalytic,439435,UNL:Z:1,hydrophobic_contacts,642,PHE,A,,,,3.584230600840297,,,,,,,,,,,,,,,,,,,,,,,,,,,,,,,,,,,,PHE642:A
PDE4D_catalytic,439435,UNL:Z:1,hydrophobic_contacts,674,PHE,A,,,,3.3997177824048865,,,,,,,,,,,,,,,,,,,,,,,,,,,,,,,,,,,,PHE674:A
PDE4D_catalytic,439435,UNL:Z:1,hydrophobic_contacts,638,ILE,A,,,,3.7746802513590474,,,,,,,,,,,,,,,,,,,,,,,,,,,,,,,,,,,,ILE638:A
PDE4D_catalytic,439435,UNL:Z:1,hydrophobic_contacts,674,PHE,A,,,,3.8548228234252218,,,,,,,,,,,,,,,,,,,,,,,,,,,,,,,,,,,,PHE674:A
PDE4D_catalytic,439435,UNL:Z:1,hbonds_ldon,623,ASN,A,,,,,,,True,,,,False,,,,,,,,,,,,,,166.22367919399298,,strong,,,,,,,,,,,,,ASN623:A
PDE4D_catalytic,439435,UNL:Z:1,hbonds_pdon,461,TYR,A,,,,,,,True,,,,True,,,,,,,,,,,,,,115.36288291596284,,strong,,,,,,,,,,,,,TYR461:A
PDE4D_catalytic,439435,UNL:Z:1,hbonds_pdon,461,TYR,A,,,,,,,True,,,,True,,,,,,,,,,,,,,115.36288291596284,,strong,,,,,,,,,,,,,TYR461:A
PDE4D_catalytic,439435,UNL:Z:1,hbonds_pdon,462,HIS,A,,,,,,,True,,,,True,,,,,,,,,,,,,,126.3679389112691,,strong,,,,,,,,,,,,,HIS462:A
PDE4D_catalytic,439435,UNL:Z:1,hbonds_pdon,462,HIS,A,,,,,,,True,,,,True,,,,,,,,,,,,,,126.3679389112691,,strong,,,,,,,,,,,,,HIS462:A
PDE4D_catalytic,439435,UNL:Z:1,hbonds_pdon,635,THR,A,,,,,,,True,,,,True,,,,,,,,,,,,,,120.81439057120238,,strong,,,,,,,,,,,,,THR635:A
PDE4D_catalytic,439435,UNL:Z:1,hbonds_pdon,671,GLN,A,,,,,,,True,,,,True,,,,,,,,,,,,,,100.8712522889982,,strong,,,,,,,,,,,,,GLN671:A
PDE4D_catalytic,439435,UNL:Z:1,hbonds_pdon,635,THR,A,,,,,,,False,,,,True,,,,,,,,,,,,,,169.1872401128559,,strong,,,,,,,,,,,,,THR635:A
PDE4D_catalytic,439435,UNL:Z:1,hbonds_pdon,635,THR,A,,,,,,,True,,,,True,,,,,,,,,,,,,,105.11592903339726,,strong,,,,,,,,,,,,,THR635:A
PDE4D_catalytic,439435,UNL:Z:1,hbonds_pdon,671,GLN,A,,,,,,,True,,,,True,,,,,,,,,,,,,,114.6556473839001,,strong,,,,,,,,,,,,,GLN671:A
PDE4D_catalytic,439435,UNL:Z:1,water_bridges,461,TYR,A,,,,,,,,,,,False,,,,,,,,,,,,,,,,first_deg,,,,,,,,,,,,,TYR461:A
PDE4D_catalytic,439435,UNL:Z:1,water_bridges,620,ASP,A,,,,,,,,,,,False,,,,,,,,,,,,,,,,first_deg,,,,,,,,,,,,,ASP620:A
PDE4D_catalytic,439435,UNL:Z:1,water_bridges,620,ASP,A,,,,,,,,,,,True,,,,,,,,,,,,,,,,first_deg,,,,,,,,,,,,,ASP620:A
PDE4D_catalytic,439435,UNL:Z:1,water_bridges,620,ASP,A,,,,,,,,,,,False,,,,,,,,,,,,,,,,first_deg,,,,,,,,,,,,,ASP620:A
PDE4D_catalytic,439435,UNL:Z:1,water_bridges,462,HIS,A,,,,,,,,,,,True,,,,,,,,,,,,,,,,first_deg,,,,,,,,,,,,,HIS462:A
PDE4D_catalytic,439435,UNL:Z:1,water_bridges,620,ASP,A,,,,,,,,,,,True,,,,,,,,,,,,,,,,first_deg,,,,,,,,,,,,,ASP620:A
PDE4D_catalytic,439435,UNL:Z:1,water_bridges,620,ASP,A,,,,,,,,,,,False,,,,,,,,,,,,,,,,first_deg,,,,,,,,,,,,,ASP620:A
PDE4D_catalytic,689043,ZN:B:1303,metal_complexes,1523,HOH,B,,,,2.202447729232182,,,,,,,,,,,,,,,,,,,,,,,,,,,,Zn,,O,6.0,water,4.76280985937606,octahedral,1.0,HOH1523:B
PDE4D_catalytic,689043,ZN:B:1303,metal_complexes,502,HIS,A,,,,2.230906990441333,,,,,,,,,,,,,,,,,,,,,,,,,,,,Zn,,N,6.0,protein.sidechain,4.76280985937606,octahedral,1.0,HIS502:A
PDE4D_catalytic,689043,ZN:B:1303,metal_complexes,502,HIS,A,,,,2.230906990441333,,,,,,,,,,,,,,,,,,,,,,,,,,,,Zn,,N,6.0,protein.sidechain,4.76280985937606,octahedral,1.0,HIS502:A
PDE4D_catalytic,689043,ZN:B:1303,metal_complexes,503,ASP,A,,,,2.1118430339397865,,,,,,,,,,,,,,,,,,,,,,,,,,,,Zn,,O,6.0,protein.sidechain,4.76280985937606,octahedral,1.0,ASP503:A
PDE4D_catalytic,689043,ZN:B:1303,metal_complexes,620,ASP,A,,,,2.2314661099824025,,,,,,,,,,,,,,,,,,,,,,,,,,,,Zn,,O,6.0,protein.sidechain,4.76280985937606,octahedral,1.0,ASP620:A
PDE4D_catalytic,689043,ZN:B:1303,metal_complexes,620,ASP,A,,,,2.2314661099824025,,,,,,,,,,,,,,,,,,,,,,,,,,,,Zn,,O,6.0,protein.sidechain,4.76280985937606,octahedral,1.0,ASP620:A
PDE4D_catalytic,689043,ZN:B:1303,metal_complexes,1523,HOH,B,,,,2.202447729232182,,,,,,,,,,,,,,,,,,,,,,,,,,,,Zn,,O,6.0,water,4.76280985937606,octahedral,2.0,HOH1523:B
PDE4D_catalytic,689043,ZN:B:1303,metal_complexes,502,HIS,A,,,,2.230906990441333,,,,,,,,,,,,,,,,,,,,,,,,,,,,Zn,,N,6.0,protein.sidechain,4.76280985937606,octahedral,2.0,HIS502:A
PDE4D_catalytic,689043,ZN:B:1303,metal_complexes,502,HIS,A,,,,2.230906990441333,,,,,,,,,,,,,,,,,,,,,,,,,,,,Zn,,N,6.0,protein.sidechain,4.76280985937606,octahedral,2.0,HIS502:A
PDE4D_catalytic,689043,ZN:B:1303,metal_complexes,503,ASP,A,,,,2.1118430339397865,,,,,,,,,,,,,,,,,,,,,,,,,,,,Zn,,O,6.0,protein.sidechain,4.76280985937606,octahedral,2.0,ASP503:A
PDE4D_catalytic,689043,ZN:B:1303,metal_complexes,620,ASP,A,,,,2.2314661099824025,,,,,,,,,,,,,,,,,,,,,,,,,,,,Zn,,O,6.0,protein.sidechain,4.76280985937606,octahedral,2.0,ASP620:A
PDE4D_catalytic,689043,ZN:B:1303,metal_complexes,620,ASP,A,,,,2.2314661099824025,,,,,,,,,,,,,,,,,,,,,,,,,,,,Zn,,O,6.0,protein.sidechain,4.76280985937606,octahedral,2.0,ASP620:A
PDE4D_catalytic,689043,MG:B:1304,metal_complexes,1521,HOH,B,,,,2.130300683002284,,,,,,,,,,,,,,,,,,,,,,,,,,,,Mg,,O,3.0,water,77.82854393214508,trigonal.pyramidal,1.0,HOH1521:B
PDE4D_catalytic,689043,MG:B:1304,metal_complexes,503,ASP,A,,,,2.093485610172661,,,,,,,,,,,,,,,,,,,,,,,,,,,,Mg,,O,3.0,protein.sidechain,77.82854393214508,trigonal.pyramidal,1.0,ASP503:A
PDE4D_catalytic,689043,MG:B:1304,metal_complexes,503,ASP,A,,,,2.093485610172661,,,,,,,,,,,,,,,,,,,,,,,,,,,,Mg,,O,3.0,protein.sidechain,77.82854393214508,trigonal.pyramidal,1.0,ASP503:A
PDE4D_catalytic,689043,MG:B:1304,metal_complexes,1521,HOH,B,,,,2.130300683002284,,,,,,,,,,,,,,,,,,,,,,,,,,,,Mg,,O,3.0,water,77.82854393214508,trigonal.pyramidal,2.0,HOH1521:B
PDE4D_catalytic,689043,MG:B:1304,metal_complexes,503,ASP,A,,,,2.093485610172661,,,,,,,,,,,,,,,,,,,,,,,,,,,,Mg,,O,3.0,protein.sidechain,77.82854393214508,trigonal.pyramidal,2.0,ASP503:A
PDE4D_catalytic,689043,MG:B:1304,metal_complexes,503,ASP,A,,,,2.093485610172661,,,,,,,,,,,,,,,,,,,,,,,,,,,,Mg,,O,3.0,protein.sidechain,77.82854393214508,trigonal.pyramidal,2.0,ASP503:A
PDE4D_catalytic,689043,UNL:A:1,hydrophobic_contacts,461,TYR,A,,,,3.602839296998965,,,,,,,,,,,,,,,,,,,,,,,,,,,,,,,,,,,,TYR461:A
PDE4D_catalytic,689043,UNL:A:1,hydrophobic_contacts,638,ILE,A,,,,3.493904120035351,,,,,,,,,,,,,,,,,,,,,,,,,,,,,,,,,,,,ILE638:A
PDE4D_catalytic,689043,UNL:A:1,hydrophobic_contacts,642,PHE,A,,,,3.5886466808533823,,,,,,,,,,,,,,,,,,,,,,,,,,,,,,,,,,,,PHE642:A
PDE4D_catalytic,689043,UNL:A:1,hydrophobic_contacts,674,PHE,A,,,,3.5925058107120718,,,,,,,,,,,,,,,,,,,,,,,,,,,,,,,,,,,,PHE674:A
PDE4D_catalytic,689043,UNL:A:1,hydrophobic_contacts,674,PHE,A,,,,3.95464094451064,,,,,,,,,,,,,,,,,,,,,,,,,,,,,,,,,,,,PHE674:A
PDE4D_catalytic,689043,UNL:A:1,hydrophobic_contacts,638,ILE,A,,,,3.694454492885249,,,,,,,,,,,,,,,,,,,,,,,,,,,,,,,,,,,,ILE638:A
PDE4D_catalytic,689043,UNL:A:1,hbonds_pdon,462,HIS,A,,,,,,,True,,,,True,,,,,,,,,,,,,,107.2792712837998,,strong,,,,,,,,,,,,,HIS462:A
PDE4D_catalytic,689043,UNL:A:1,hbonds_pdon,462,HIS,A,,,,,,,True,,,,True,,,,,,,,,,,,,,125.79019656803716,,strong,,,,,,,,,,,,,HIS462:A
PDE4D_catalytic,689043,UNL:A:1,hbonds_pdon,635,THR,A,,,,,,,False,,,,True,,,,,,,,,,,,,,131.5789741357018,,strong,,,,,,,,,,,,,THR635:A
PDE4D_catalytic,689043,UNL:A:1,water_bridges,466,HIS,A,,,,,,,,,,,True,,,,,,,,,,,,,,,,first_deg,,,,,,,,,,,,,HIS466:A
PDE4D_catalytic,689043,UNL:A:1,water_bridges,620,ASP,A,,,,,,,,,,,False,,,,,,,,,,,,,,,,first_deg,,,,,,,,,,,,,ASP620:A
PDE4D_catalytic,689043,UNL:A:1,water_bridges,620,ASP,A,,,,,,,,,,,False,,,,,,,,,,,,,,,,first_deg,,,,,,,,,,,,,ASP620:A
PDE4D_catalytic,689043,UNL:A:1,water_bridges,620,ASP,A,,,,,,,,,,,False,,,,,,,,,,,,,,,,first_deg,,,,,,,,,,,,,ASP620:A
PDE4D_catalytic,689043,UNL:A:1,water_bridges,620,ASP,A,,,,,,,,,,,False,,,,,,,,,,,,,,,,first_deg,,,,,,,,,,,,,ASP620:A
PDE4D_catalytic,9877619,ZN:B:1303,metal_complexes,1523,HOH,B,,,,2.202447729232182,,,,,,,,,,,,,,,,,,,,,,,,,,,,Zn,,O,6.0,water,4.76280985937606,octahedral,1.0,HOH1523:B
PDE4D_catalytic,9877619,ZN:B:1303,metal_complexes,502,HIS,A,,,,2.230906990441333,,,,,,,,,,,,,,,,,,,,,,,,,,,,Zn,,N,6.0,protein.sidechain,4.76280985937606,octahedral,1.0,HIS502:A
PDE4D_catalytic,9877619,ZN:B:1303,metal_complexes,502,HIS,A,,,,2.230906990441333,,,,,,,,,,,,,,,,,,,,,,,,,,,,Zn,,N,6.0,protein.sidechain,4.76280985937606,octahedral,1.0,HIS502:A
PDE4D_catalytic,9877619,ZN:B:1303,metal_complexes,503,ASP,A,,,,2.1118430339397865,,,,,,,,,,,,,,,,,,,,,,,,,,,,Zn,,O,6.0,protein.sidechain,4.76280985937606,octahedral,1.0,ASP503:A
PDE4D_catalytic,9877619,ZN:B:1303,metal_complexes,620,ASP,A,,,,2.2314661099824025,,,,,,,,,,,,,,,,,,,,,,,,,,,,Zn,,O,6.0,protein.sidechain,4.76280985937606,octahedral,1.0,ASP620:A
PDE4D_catalytic,9877619,ZN:B:1303,metal_complexes,620,ASP,A,,,,2.2314661099824025,,,,,,,,,,,,,,,,,,,,,,,,,,,,Zn,,O,6.0,protein.sidechain,4.76280985937606,octahedral,1.0,ASP620:A
PDE4D_catalytic,9877619,ZN:B:1303,metal_complexes,1523,HOH,B,,,,2.202447729232182,,,,,,,,,,,,,,,,,,,,,,,,,,,,Zn,,O,6.0,water,4.76280985937606,octahedral,2.0,HOH1523:B
PDE4D_catalytic,9877619,ZN:B:1303,metal_complexes,502,HIS,A,,,,2.230906990441333,,,,,,,,,,,,,,,,,,,,,,,,,,,,Zn,,N,6.0,protein.sidechain,4.76280985937606,octahedral,2.0,HIS502:A
PDE4D_catalytic,9877619,ZN:B:1303,metal_complexes,502,HIS,A,,,,2.230906990441333,,,,,,,,,,,,,,,,,,,,,,,,,,,,Zn,,N,6.0,protein.sidechain,4.76280985937606,octahedral,2.0,HIS502:A
PDE4D_catalytic,9877619,ZN:B:1303,metal_complexes,503,ASP,A,,,,2.1118430339397865,,,,,,,,,,,,,,,,,,,,,,,,,,,,Zn,,O,6.0,protein.sidechain,4.76280985937606,octahedral,2.0,ASP503:A
PDE4D_catalytic,9877619,ZN:B:1303,metal_complexes,620,ASP,A,,,,2.2314661099824025,,,,,,,,,,,,,,,,,,,,,,,,,,,,Zn,,O,6.0,protein.sidechain,4.76280985937606,octahedral,2.0,ASP620:A
PDE4D_catalytic,9877619,ZN:B:1303,metal_complexes,620,ASP,A,,,,2.2314661099824025,,,,,,,,,,,,,,,,,,,,,,,,,,,,Zn,,O,6.0,protein.sidechain,4.76280985937606,octahedral,2.0,ASP620:A
PDE4D_catalytic,9877619,MG:B:1304,metal_complexes,1521,HOH,B,,,,2.130300683002284,,,,,,,,,,,,,,,,,,,,,,,,,,,,Mg,,O,3.0,water,77.82854393214508,trigonal.pyramidal,1.0,HOH1521:B
PDE4D_catalytic,9877619,MG:B:1304,metal_complexes,503,ASP,A,,,,2.093485610172661,,,,,,,,,,,,,,,,,,,,,,,,,,,,Mg,,O,3.0,protein.sidechain,77.82854393214508,trigonal.pyramidal,1.0,ASP503:A
PDE4D_catalytic,9877619,MG:B:1304,metal_complexes,503,ASP,A,,,,2.093485610172661,,,,,,,,,,,,,,,,,,,,,,,,,,,,Mg,,O,3.0,protein.sidechain,77.82854393214508,trigonal.pyramidal,1.0,ASP503:A
PDE4D_catalytic,9877619,MG:B:1304,metal_complexes,1521,HOH,B,,,,2.130300683002284,,,,,,,,,,,,,,,,,,,,,,,,,,,,Mg,,O,3.0,water,77.82854393214508,trigonal.pyramidal,2.0,HOH1521:B
PDE4D_catalytic,9877619,MG:B:1304,metal_complexes,503,ASP,A,,,,2.093485610172661,,,,,,,,,,,,,,,,,,,,,,,,,,,,Mg,,O,3.0,protein.sidechain,77.82854393214508,trigonal.pyramidal,2.0,ASP503:A
PDE4D_catalytic,9877619,MG:B:1304,metal_complexes,503,ASP,A,,,,2.093485610172661,,,,,,,,,,,,,,,,,,,,,,,,,,,,Mg,,O,3.0,protein.sidechain,77.82854393214508,trigonal.pyramidal,2.0,ASP503:A
PDE4D_catalytic,9877619,UNL:Z:1,hydrophobic_contacts,638,ILE,A,,,,3.711861796996219,,,,,,,,,,,,,,,,,,,,,,,,,,,,,,,,,,,,ILE638:A
PDE4D_catalytic,9877619,UNL:Z:1,hydrophobic_contacts,638,ILE,A,,,,3.664933423679072,,,,,,,,,,,,,,,,,,,,,,,,,,,,,,,,,,,,ILE638:A
PDE4D_catalytic,9877619,UNL:Z:1,hydrophobic_contacts,674,PHE,A,,,,3.7378414894160494,,,,,,,,,,,,,,,,,,,,,,,,,,,,,,,,,,,,PHE674:A
PDE4D_catalytic,9877619,UNL:Z:1,hydrophobic_contacts,674,PHE,A,,,,3.625231165043135,,,,,,,,,,,,,,,,,,,,,,,,,,,,,,,,,,,,PHE674:A
PDE4D_catalytic,9877619,UNL:Z:1,hydrophobic_contacts,674,PHE,A,,,,3.839105364534816,,,,,,,,,,,,,,,,,,,,,,,,,,,,,,,,,,,,PHE674:A
PDE4D_catalytic,9877619,UNL:Z:1,hbonds_ldon,462,HIS,A,,,,,,,True,,,,False,,,,,,,,,,,,,,106.92183253202028,,strong,,,,,,,,,,,,,HIS462:A
PDE4D_catalytic,9877619,UNL:Z:1,hbonds_pdon,462,HIS,A,,,,,,,True,,,,True,,,,,,,,,,,,,,119.0348968837378,,strong,,,,,,,,,,,,,HIS462:A
PDE4D_catalytic,9877619,UNL:Z:1,hbonds_pdon,462,HIS,A,,,,,,,True,,,,True,,,,,,,,,,,,,,119.0348968837378,,strong,,,,,,,,,,,,,HIS462:A
PDE4D_catalytic,9877619,UNL:Z:1,water_bridges,621,LEU,A,,,,,,,,,,,True,,,,,,,,,,,,,,,,first_deg,,,,,,,,,,,,,LEU621:A
PDE4D_catalytic,9877619,UNL:Z:1,water_bridges,466,HIS,A,,,,,,,,,,,True,,,,,,,,,,,,,,,,first_deg,,,,,,,,,,,,,HIS466:A
PDE4D_catalytic,m1,ZN:B:1303,metal_complexes,1523,HOH,B,,,,2.202447729232182,,,,,,,,,,,,,,,,,,,,,,,,,,,,Zn,,O,6.0,water,4.76280985937606,octahedral,1.0,HOH1523:B
PDE4D_catalytic,m1,ZN:B:1303,metal_complexes,502,HIS,A,,,,2.230906990441333,,,,,,,,,,,,,,,,,,,,,,,,,,,,Zn,,N,6.0,protein.sidechain,4.76280985937606,octahedral,1.0,HIS502:A
PDE4D_catalytic,m1,ZN:B:1303,metal_complexes,502,HIS,A,,,,2.230906990441333,,,,,,,,,,,,,,,,,,,,,,,,,,,,Zn,,N,6.0,protein.sidechain,4.76280985937606,octahedral,1.0,HIS502:A
PDE4D_catalytic,m1,ZN:B:1303,metal_complexes,503,ASP,A,,,,2.1118430339397865,,,,,,,,,,,,,,,,,,,,,,,,,,,,Zn,,O,6.0,protein.sidechain,4.76280985937606,octahedral,1.0,ASP503:A
PDE4D_catalytic,m1,ZN:B:1303,metal_complexes,620,ASP,A,,,,2.2314661099824025,,,,,,,,,,,,,,,,,,,,,,,,,,,,Zn,,O,6.0,protein.sidechain,4.76280985937606,octahedral,1.0,ASP620:A
PDE4D_catalytic,m1,ZN:B:1303,metal_complexes,620,ASP,A,,,,2.2314661099824025,,,,,,,,,,,,,,,,,,,,,,,,,,,,Zn,,O,6.0,protein.sidechain,4.76280985937606,octahedral,1.0,ASP620:A
PDE4D_catalytic,m1,ZN:B:1303,metal_complexes,1523,HOH,B,,,,2.202447729232182,,,,,,,,,,,,,,,,,,,,,,,,,,,,Zn,,O,6.0,water,4.76280985937606,octahedral,2.0,HOH1523:B
PDE4D_catalytic,m1,ZN:B:1303,metal_complexes,502,HIS,A,,,,2.230906990441333,,,,,,,,,,,,,,,,,,,,,,,,,,,,Zn,,N,6.0,protein.sidechain,4.76280985937606,octahedral,2.0,HIS502:A
PDE4D_catalytic,m1,ZN:B:1303,metal_complexes,502,HIS,A,,,,2.230906990441333,,,,,,,,,,,,,,,,,,,,,,,,,,,,Zn,,N,6.0,protein.sidechain,4.76280985937606,octahedral,2.0,HIS502:A
PDE4D_catalytic,m1,ZN:B:1303,metal_complexes,503,ASP,A,,,,2.1118430339397865,,,,,,,,,,,,,,,,,,,,,,,,,,,,Zn,,O,6.0,protein.sidechain,4.76280985937606,octahedral,2.0,ASP503:A
PDE4D_catalytic,m1,ZN:B:1303,metal_complexes,620,ASP,A,,,,2.2314661099824025,,,,,,,,,,,,,,,,,,,,,,,,,,,,Zn,,O,6.0,protein.sidechain,4.76280985937606,octahedral,2.0,ASP620:A
PDE4D_catalytic,m1,ZN:B:1303,metal_complexes,620,ASP,A,,,,2.2314661099824025,,,,,,,,,,,,,,,,,,,,,,,,,,,,Zn,,O,6.0,protein.sidechain,4.76280985937606,octahedral,2.0,ASP620:A
PDE4D_catalytic,m1,MG:B:1304,metal_complexes,1521,HOH,B,,,,2.130300683002284,,,,,,,,,,,,,,,,,,,,,,,,,,,,Mg,,O,3.0,water,77.82854393214508,trigonal.pyramidal,1.0,HOH1521:B
PDE4D_catalytic,m1,MG:B:1304,metal_complexes,503,ASP,A,,,,2.093485610172661,,,,,,,,,,,,,,,,,,,,,,,,,,,,Mg,,O,3.0,protein.sidechain,77.82854393214508,trigonal.pyramidal,1.0,ASP503:A
PDE4D_catalytic,m1,MG:B:1304,metal_complexes,503,ASP,A,,,,2.093485610172661,,,,,,,,,,,,,,,,,,,,,,,,,,,,Mg,,O,3.0,protein.sidechain,77.82854393214508,trigonal.pyramidal,1.0,ASP503:A
PDE4D_catalytic,m1,MG:B:1304,metal_complexes,1521,HOH,B,,,,2.130300683002284,,,,,,,,,,,,,,,,,,,,,,,,,,,,Mg,,O,3.0,water,77.82854393214508,trigonal.pyramidal,2.0,HOH1521:B
PDE4D_catalytic,m1,MG:B:1304,metal_complexes,503,ASP,A,,,,2.093485610172661,,,,,,,,,,,,,,,,,,,,,,,,,,,,Mg,,O,3.0,protein.sidechain,77.82854393214508,trigonal.pyramidal,2.0,ASP503:A
PDE4D_catalytic,m1,MG:B:1304,metal_complexes,503,ASP,A,,,,2.093485610172661,,,,,,,,,,,,,,,,,,,,,,,,,,,,Mg,,O,3.0,protein.sidechain,77.82854393214508,trigonal.pyramidal,2.0,ASP503:A
PDE4D_catalytic,m1,UNL:Z:1,hydrophobic_contacts,461,TYR,A,,,,3.5546794510897874,,,,,,,,,,,,,,,,,,,,,,,,,,,,,,,,,,,,TYR461:A
PDE4D_catalytic,m1,UNL:Z:1,hydrophobic_contacts,638,ILE,A,,,,3.685203522195213,,,,,,,,,,,,,,,,,,,,,,,,,,,,,,,,,,,,ILE638:A
PDE4D_catalytic,m1,UNL:Z:1,hydrophobic_contacts,638,ILE,A,,,,3.6147550401099102,,,,,,,,,,,,,,,,,,,,,,,,,,,,,,,,,,,,ILE638:A
PDE4D_catalytic,m1,UNL:Z:1,hydrophobic_contacts,674,PHE,A,,,,3.764957768687452,,,,,,,,,,,,,,,,,,,,,,,,,,,,,,,,,,,,PHE674:A
PDE4D_catalytic,m1,UNL:Z:1,hydrophobic_contacts,674,PHE,A,,,,3.664827553923923,,,,,,,,,,,,,,,,,,,,,,,,,,,,,,,,,,,,PHE674:A
PDE4D_catalytic,m1,UNL:Z:1,hydrophobic_contacts,642,PHE,A,,,,3.700716011800959,,,,,,,,,,,,,,,,,,,,,,,,,,,,,,,,,,,,PHE642:A
PDE4D_catalytic,m1,UNL:Z:1,hbonds_pdon,461,TYR,A,,,,,,,True,,,,True,,,,,,,,,,,,,,141.91334404821032,,strong,,,,,,,,,,,,,TYR461:A
PDE4D_catalytic,m1,UNL:Z:1,hbonds_pdon,635,THR,A,,,,,,,False,,,,True,,,,,,,,,,,,,,150.346940486667,,strong,,,,,,,,,,,,,THR635:A
PDE4D_catalytic,m1,UNL:Z:1,hbonds_pdon,671,GLN,A,,,,,,,True,,,,True,,,,,,,,,,,,,,104.28461282544728,,strong,,,,,,,,,,,,,GLN671:A
PDE4D_catalytic,m1,UNL:Z:1,hbonds_pdon,671,GLN,A,,,,,,,True,,,,True,,,,,,,,,,,,,,109.17339252132638,,strong,,,,,,,,,,,,,GLN671:A
PDE4D_catalytic,m1,UNL:Z:1,hbonds_pdon,462,HIS,A,,,,,,,True,,,,True,,,,,,,,,,,,,,131.43825995955848,,strong,,,,,,,,,,,,,HIS462:A
PDE4D_catalytic,m1,UNL:Z:1,hbonds_pdon,462,HIS,A,,,,,,,True,,,,True,,,,,,,,,,,,,,131.43825995955848,,strong,,,,,,,,,,,,,HIS462:A
PDE4D_catalytic,m1,UNL:Z:1,water_bridges,621,LEU,A,,,,,,,,,,,True,,,,,,,,,,,,,,,,first_deg,,,,,,,,,,,,,LEU621:A
PDE4D_catalytic,m1,UNL:Z:1,water_bridges,506,HIS,A,,,,,,,,,,,True,,,,,,,,,,,,,,,,first_deg,,,,,,,,,,,,,HIS506:A
PDE4D_catalytic,m1,UNL:Z:1,water_bridges,506,HIS,A,,,,,,,,,,,True,,,,,,,,,,,,,,,,first_deg,,,,,,,,,,,,,HIS506:A
PDE4D_catalytic,m1,UNL:Z:1,water_bridges,506,HIS,A,,,,,,,,,,,False,,,,,,,,,,,,,,,,first_deg,,,,,,,,,,,,,HIS506:A
PDE4D_catalytic,m1,UNL:Z:1,water_bridges,620,ASP,A,,,,,,,,,,,True,,,,,,,,,,,,,,,,first_deg,,,,,,,,,,,,,ASP620:A
PDE4D_catalytic,m1,UNL:Z:1,water_bridges,620,ASP,A,,,,,,,,,,,False,,,,,,,,,,,,,,,,first_deg,,,,,,,,,,,,,ASP620:A
PDE4D_catalytic,m1,UNL:Z:1,water_bridges,620,ASP,A,,,,,,,,,,,False,,,,,,,,,,,,,,,,first_deg,,,,,,,,,,,,,ASP620:A
PDE4D_catalytic,m3,ZN:B:1303,metal_complexes,1523,HOH,B,,,,2.202447729232182,,,,,,,,,,,,,,,,,,,,,,,,,,,,Zn,,O,6.0,water,4.76280985937606,octahedral,1.0,HOH1523:B
PDE4D_catalytic,m3,ZN:B:1303,metal_complexes,502,HIS,A,,,,2.230906990441333,,,,,,,,,,,,,,,,,,,,,,,,,,,,Zn,,N,6.0,protein.sidechain,4.76280985937606,octahedral,1.0,HIS502:A
PDE4D_catalytic,m3,ZN:B:1303,metal_complexes,502,HIS,A,,,,2.230906990441333,,,,,,,,,,,,,,,,,,,,,,,,,,,,Zn,,N,6.0,protein.sidechain,4.76280985937606,octahedral,1.0,HIS502:A
PDE4D_catalytic,m3,ZN:B:1303,metal_complexes,503,ASP,A,,,,2.1118430339397865,,,,,,,,,,,,,,,,,,,,,,,,,,,,Zn,,O,6.0,protein.sidechain,4.76280985937606,octahedral,1.0,ASP503:A
PDE4D_catalytic,m3,ZN:B:1303,metal_complexes,620,ASP,A,,,,2.2314661099824025,,,,,,,,,,,,,,,,,,,,,,,,,,,,Zn,,O,6.0,protein.sidechain,4.76280985937606,octahedral,1.0,ASP620:A
PDE4D_catalytic,m3,ZN:B:1303,metal_complexes,620,ASP,A,,,,2.2314661099824025,,,,,,,,,,,,,,,,,,,,,,,,,,,,Zn,,O,6.0,protein.sidechain,4.76280985937606,octahedral,1.0,ASP620:A
PDE4D_catalytic,m3,ZN:B:1303,metal_complexes,1523,HOH,B,,,,2.202447729232182,,,,,,,,,,,,,,,,,,,,,,,,,,,,Zn,,O,6.0,water,4.76280985937606,octahedral,2.0,HOH1523:B
PDE4D_catalytic,m3,ZN:B:1303,metal_complexes,502,HIS,A,,,,2.230906990441333,,,,,,,,,,,,,,,,,,,,,,,,,,,,Zn,,N,6.0,protein.sidechain,4.76280985937606,octahedral,2.0,HIS502:A
PDE4D_catalytic,m3,ZN:B:1303,metal_complexes,502,HIS,A,,,,2.230906990441333,,,,,,,,,,,,,,,,,,,,,,,,,,,,Zn,,N,6.0,protein.sidechain,4.76280985937606,octahedral,2.0,HIS502:A
PDE4D_catalytic,m3,ZN:B:1303,metal_complexes,503,ASP,A,,,,2.1118430339397865,,,,,,,,,,,,,,,,,,,,,,,,,,,,Zn,,O,6.0,protein.sidechain,4.76280985937606,octahedral,2.0,ASP503:A
PDE4D_catalytic,m3,ZN:B:1303,metal_complexes,620,ASP,A,,,,2.2314661099824025,,,,,,,,,,,,,,,,,,,,,,,,,,,,Zn,,O,6.0,protein.sidechain,4.76280985937606,octahedral,2.0,ASP620:A
PDE4D_catalytic,m3,ZN:B:1303,metal_complexes,620,ASP,A,,,,2.2314661099824025,,,,,,,,,,,,,,,,,,,,,,,,,,,,Zn,,O,6.0,protein.sidechain,4.76280985937606,octahedral,2.0,ASP620:A
PDE4D_catalytic,m3,MG:B:1304,metal_complexes,1521,HOH,B,,,,2.130300683002284,,,,,,,,,,,,,,,,,,,,,,,,,,,,Mg,,O,3.0,water,77.82854393214508,trigonal.pyramidal,1.0,HOH1521:B
PDE4D_catalytic,m3,MG:B:1304,metal_complexes,503,ASP,A,,,,2.093485610172661,,,,,,,,,,,,,,,,,,,,,,,,,,,,Mg,,O,3.0,protein.sidechain,77.82854393214508,trigonal.pyramidal,1.0,ASP503:A
PDE4D_catalytic,m3,MG:B:1304,metal_complexes,503,ASP,A,,,,2.093485610172661,,,,,,,,,,,,,,,,,,,,,,,,,,,,Mg,,O,3.0,protein.sidechain,77.82854393214508,trigonal.pyramidal,1.0,ASP503:A
PDE4D_catalytic,m3,MG:B:1304,metal_complexes,1521,HOH,B,,,,2.130300683002284,,,,,,,,,,,,,,,,,,,,,,,,,,,,Mg,,O,3.0,water,77.82854393214508,trigonal.pyramidal,2.0,HOH1521:B
PDE4D_catalytic,m3,MG:B:1304,metal_complexes,503,ASP,A,,,,2.093485610172661,,,,,,,,,,,,,,,,,,,,,,,,,,,,Mg,,O,3.0,protein.sidechain,77.82854393214508,trigonal.pyramidal,2.0,ASP503:A
PDE4D_catalytic,m3,MG:B:1304,metal_complexes,503,ASP,A,,,,2.093485610172661,,,,,,,,,,,,,,,,,,,,,,,,,,,,Mg,,O,3.0,protein.sidechain,77.82854393214508,trigonal.pyramidal,2.0,ASP503:A
PDE4D_catalytic,m3,UNL:Z:1,hydrophobic_contacts,461,TYR,A,,,,3.878952693704836,,,,,,,,,,,,,,,,,,,,,,,,,,,,,,,,,,,,TYR461:A
PDE4D_catalytic,m3,UNL:Z:1,hydrophobic_contacts,623,ASN,A,,,,3.9127563174826,,,,,,,,,,,,,,,,,,,,,,,,,,,,,,,,,,,,ASN623:A
PDE4D_catalytic,m3,UNL:Z:1,hydrophobic_contacts,638,ILE,A,,,,3.715987755631065,,,,,,,,,,,,,,,,,,,,,,,,,,,,,,,,,,,,ILE638:A
PDE4D_catalytic,m3,UNL:Z:1,hydrophobic_contacts,638,ILE,A,,,,3.914519127555772,,,,,,,,,,,,,,,,,,,,,,,,,,,,,,,,,,,,ILE638:A
PDE4D_catalytic,m3,UNL:Z:1,hydrophobic_contacts,674,PHE,A,,,,3.7237427408455592,,,,,,,,,,,,,,,,,,,,,,,,,,,,,,,,,,,,PHE674:A
PDE4D_catalytic,m3,UNL:Z:1,hydrophobic_contacts,674,PHE,A,,,,3.727908126550331,,,,,,,,,,,,,,,,,,,,,,,,,,,,,,,,,,,,PHE674:A
PDE4D_catalytic,m3,UNL:Z:1,hydrophobic_contacts,674,PHE,A,,,,3.8047080045648713,,,,,,,,,,,,,,,,,,,,,,,,,,,,,,,,,,,,PHE674:A
PDE4D_catalytic,m3,UNL:Z:1,hbonds_ldon,461,TYR,A,,,,,,,True,,,,False,,,,,,,,,,,,,,119.01212546704356,,strong,,,,,,,,,,,,,TYR461:A
PDE4D_catalytic,m3,UNL:Z:1,hbonds_ldon,671,GLN,A,,,,,,,True,,,,False,,,,,,,,,,,,,,102.20590647359062,,strong,,,,,,,,,,,,,GLN671:A
PDE4D_catalytic,m3,UNL:Z:1,hbonds_ldon,671,GLN,A,,,,,,,True,,,,False,,,,,,,,,,,,,,105.52009682497844,,strong,,,,,,,,,,,,,GLN671:A
PDE4D_catalytic,m3,UNL:Z:1,hbonds_pdon,461,TYR,A,,,,,,,True,,,,True,,,,,,,,,,,,,,124.1628262456046,,strong,,,,,,,,,,,,,TYR461:A
PDE4D_catalytic,m3,UNL:Z:1,hbonds_pdon,620,ASP,A,,,,,,,False,,,,True,,,,,,,,,,,,,,125.33807394255754,,strong,,,,,,,,,,,,,ASP620:A
PDE4D_catalytic,m3,UNL:Z:1,hbonds_pdon,635,THR,A,,,,,,,False,,,,True,,,,,,,,,,,,,,127.91114138277858,,strong,,,,,,,,,,,,,THR635:A
PDE4D_catalytic,m3,UNL:Z:1,hbonds_pdon,635,THR,A,,,,,,,True,,,,True,,,,,,,,,,,,,,114.76129753913666,,strong,,,,,,,,,,,,,THR635:A
PDE4D_catalytic,m3,UNL:Z:1,hbonds_pdon,671,GLN,A,,,,,,,True,,,,True,,,,,,,,,,,,,,109.45827820009964,,strong,,,,,,,,,,,,,GLN671:A
PDE4D_catalytic,m3,UNL:Z:1,hbonds_pdon,671,GLN,A,,,,,,,True,,,,True,,,,,,,,,,,,,,109.45827820009964,,strong,,,,,,,,,,,,,GLN671:A
PDE4D_catalytic,m3,UNL:Z:1,water_bridges,623,ASN,A,,,,,,,,,,,True,,,,,,,,,,,,,,,,first_deg,,,,,,,,,,,,,ASN623:A
PDE4D_catalytic,m2,ZN:B:1303,metal_complexes,1523,HOH,B,,,,2.202447729232182,,,,,,,,,,,,,,,,,,,,,,,,,,,,Zn,,O,6.0,water,4.76280985937606,octahedral,1.0,HOH1523:B
PDE4D_catalytic,m2,ZN:B:1303,metal_complexes,502,HIS,A,,,,2.230906990441333,,,,,,,,,,,,,,,,,,,,,,,,,,,,Zn,,N,6.0,protein.sidechain,4.76280985937606,octahedral,1.0,HIS502:A
PDE4D_catalytic,m2,ZN:B:1303,metal_complexes,502,HIS,A,,,,2.230906990441333,,,,,,,,,,,,,,,,,,,,,,,,,,,,Zn,,N,6.0,protein.sidechain,4.76280985937606,octahedral,1.0,HIS502:A
PDE4D_catalytic,m2,ZN:B:1303,metal_complexes,503,ASP,A,,,,2.1118430339397865,,,,,,,,,,,,,,,,,,,,,,,,,,,,Zn,,O,6.0,protein.sidechain,4.76280985937606,octahedral,1.0,ASP503:A
PDE4D_catalytic,m2,ZN:B:1303,metal_complexes,620,ASP,A,,,,2.2314661099824025,,,,,,,,,,,,,,,,,,,,,,,,,,,,Zn,,O,6.0,protein.sidechain,4.76280985937606,octahedral,1.0,ASP620:A
PDE4D_catalytic,m2,ZN:B:1303,metal_complexes,620,ASP,A,,,,2.2314661099824025,,,,,,,,,,,,,,,,,,,,,,,,,,,,Zn,,O,6.0,protein.sidechain,4.76280985937606,octahedral,1.0,ASP620:A
PDE4D_catalytic,m2,ZN:B:1303,metal_complexes,1523,HOH,B,,,,2.202447729232182,,,,,,,,,,,,,,,,,,,,,,,,,,,,Zn,,O,6.0,water,4.76280985937606,octahedral,2.0,HOH1523:B
PDE4D_catalytic,m2,ZN:B:1303,metal_complexes,502,HIS,A,,,,2.230906990441333,,,,,,,,,,,,,,,,,,,,,,,,,,,,Zn,,N,6.0,protein.sidechain,4.76280985937606,octahedral,2.0,HIS502:A
PDE4D_catalytic,m2,ZN:B:1303,metal_complexes,502,HIS,A,,,,2.230906990441333,,,,,,,,,,,,,,,,,,,,,,,,,,,,Zn,,N,6.0,protein.sidechain,4.76280985937606,octahedral,2.0,HIS502:A
PDE4D_catalytic,m2,ZN:B:1303,metal_complexes,503,ASP,A,,,,2.1118430339397865,,,,,,,,,,,,,,,,,,,,,,,,,,,,Zn,,O,6.0,protein.sidechain,4.76280985937606,octahedral,2.0,ASP503:A
PDE4D_catalytic,m2,ZN:B:1303,metal_complexes,620,ASP,A,,,,2.2314661099824025,,,,,,,,,,,,,,,,,,,,,,,,,,,,Zn,,O,6.0,protein.sidechain,4.76280985937606,octahedral,2.0,ASP620:A
PDE4D_catalytic,m2,ZN:B:1303,metal_complexes,620,ASP,A,,,,2.2314661099824025,,,,,,,,,,,,,,,,,,,,,,,,,,,,Zn,,O,6.0,protein.sidechain,4.76280985937606,octahedral,2.0,ASP620:A
PDE4D_catalytic,m2,MG:B:1304,metal_complexes,1521,HOH,B,,,,2.130300683002284,,,,,,,,,,,,,,,,,,,,,,,,,,,,Mg,,O,3.0,water,77.82854393214508,trigonal.pyramidal,1.0,HOH1521:B
PDE4D_catalytic,m2,MG:B:1304,metal_complexes,503,ASP,A,,,,2.093485610172661,,,,,,,,,,,,,,,,,,,,,,,,,,,,Mg,,O,3.0,protein.sidechain,77.82854393214508,trigonal.pyramidal,1.0,ASP503:A
PDE4D_catalytic,m2,MG:B:1304,metal_complexes,503,ASP,A,,,,2.093485610172661,,,,,,,,,,,,,,,,,,,,,,,,,,,,Mg,,O,3.0,protein.sidechain,77.82854393214508,trigonal.pyramidal,1.0,ASP503:A
PDE4D_catalytic,m2,MG:B:1304,metal_complexes,1521,HOH,B,,,,2.130300683002284,,,,,,,,,,,,,,,,,,,,,,,,,,,,Mg,,O,3.0,water,77.82854393214508,trigonal.pyramidal,2.0,HOH1521:B
PDE4D_catalytic,m2,MG:B:1304,metal_complexes,503,ASP,A,,,,2.093485610172661,,,,,,,,,,,,,,,,,,,,,,,,,,,,Mg,,O,3.0,protein.sidechain,77.82854393214508,trigonal.pyramidal,2.0,ASP503:A
PDE4D_catalytic,m2,MG:B:1304,metal_complexes,503,ASP,A,,,,2.093485610172661,,,,,,,,,,,,,,,,,,,,,,,,,,,,Mg,,O,3.0,protein.sidechain,77.82854393214508,trigonal.pyramidal,2.0,ASP503:A
PDE4D_catalytic,m2,UNL:Z:1,hydrophobic_contacts,461,TYR,A,,,,3.751663897526004,,,,,,,,,,,,,,,,,,,,,,,,,,,,,,,,,,,,TYR461:A
PDE4D_catalytic,m2,UNL:Z:1,hydrophobic_contacts,674,PHE,A,,,,3.6155070183862175,,,,,,,,,,,,,,,,,,,,,,,,,,,,,,,,,,,,PHE674:A
PDE4D_catalytic,m2,UNL:Z:1,hydrophobic_contacts,674,PHE,A,,,,3.8211544067205647,,,,,,,,,,,,,,,,,,,,,,,,,,,,,,,,,,,,PHE674:A
PDE4D_catalytic,m2,UNL:Z:1,hydrophobic_contacts,642,PHE,A,,,,3.68634493773982,,,,,,,,,,,,,,,,,,,,,,,,,,,,,,,,,,,,PHE642:A
PDE4D_catalytic,m2,UNL:Z:1,hydrophobic_contacts,674,PHE,A,,,,3.443446819685183,,,,,,,,,,,,,,,,,,,,,,,,,,,,,,,,,,,,PHE674:A
PDE4D_catalytic,m2,UNL:Z:1,hbonds_ldon,623,ASN,A,,,,,,,True,,,,False,,,,,,,,,,,,,,109.49964594175655,,strong,,,,,,,,,,,,,ASN623:A
PDE4D_catalytic,m2,UNL:Z:1,hbonds_pdon,635,THR,A,,,,,,,False,,,,True,,,,,,,,,,,,,,119.38717235921494,,strong,,,,,,,,,,,,,THR635:A
PDE4D_catalytic,m2,UNL:Z:1,hbonds_pdon,671,GLN,A,,,,,,,True,,,,True,,,,,,,,,,,,,,109.56353432281722,,strong,,,,,,,,,,,,,GLN671:A
PDE4D_catalytic,m2,UNL:Z:1,hbonds_pdon,671,GLN,A,,,,,,,True,,,,True,,,,,,,,,,,,,,104.58294192863444,,strong,,,,,,,,,,,,,GLN671:A
PDE4D_catalytic,m2,UNL:Z:1,water_bridges,466,HIS,A,,,,,,,,,,,True,,,,,,,,,,,,,,,,first_deg,,,,,,,,,,,,,HIS466:A
PDE4D_catalytic,m2,UNL:Z:1,water_bridges,620,ASP,A,,,,,,,,,,,False,,,,,,,,,,,,,,,,first_deg,,,,,,,,,,,,,ASP620:A
PDE4D_catalytic,m2,UNL:Z:1,water_bridges,671,GLN,A,,,,,,,,,,,False,,,,,,,,,,,,,,,,first_deg,,,,,,,,,,,,,GLN671:A
PDE4D_catalytic,m2,UNL:Z:1,water_bridges,671,GLN,A,,,,,,,,,,,True,,,,,,,,,,,,,,,,first_deg,,,,,,,,,,,,,GLN671:A
PDE4D_catalytic,m5,ZN:B:1303,metal_complexes,1523,HOH,B,,,,2.202447729232182,,,,,,,,,,,,,,,,,,,,,,,,,,,,Zn,,O,6.0,water,4.76280985937606,octahedral,1.0,HOH1523:B
PDE4D_catalytic,m5,ZN:B:1303,metal_complexes,502,HIS,A,,,,2.230906990441333,,,,,,,,,,,,,,,,,,,,,,,,,,,,Zn,,N,6.0,protein.sidechain,4.76280985937606,octahedral,1.0,HIS502:A
PDE4D_catalytic,m5,ZN:B:1303,metal_complexes,502,HIS,A,,,,2.230906990441333,,,,,,,,,,,,,,,,,,,,,,,,,,,,Zn,,N,6.0,protein.sidechain,4.76280985937606,octahedral,1.0,HIS502:A
PDE4D_catalytic,m5,ZN:B:1303,metal_complexes,503,ASP,A,,,,2.1118430339397865,,,,,,,,,,,,,,,,,,,,,,,,,,,,Zn,,O,6.0,protein.sidechain,4.76280985937606,octahedral,1.0,ASP503:A
PDE4D_catalytic,m5,ZN:B:1303,metal_complexes,620,ASP,A,,,,2.2314661099824025,,,,,,,,,,,,,,,,,,,,,,,,,,,,Zn,,O,6.0,protein.sidechain,4.76280985937606,octahedral,1.0,ASP620:A
PDE4D_catalytic,m5,ZN:B:1303,metal_complexes,620,ASP,A,,,,2.2314661099824025,,,,,,,,,,,,,,,,,,,,,,,,,,,,Zn,,O,6.0,protein.sidechain,4.76280985937606,octahedral,1.0,ASP620:A
PDE4D_catalytic,m5,ZN:B:1303,metal_complexes,1523,HOH,B,,,,2.202447729232182,,,,,,,,,,,,,,,,,,,,,,,,,,,,Zn,,O,6.0,water,4.76280985937606,octahedral,2.0,HOH1523:B
PDE4D_catalytic,m5,ZN:B:1303,metal_complexes,502,HIS,A,,,,2.230906990441333,,,,,,,,,,,,,,,,,,,,,,,,,,,,Zn,,N,6.0,protein.sidechain,4.76280985937606,octahedral,2.0,HIS502:A
PDE4D_catalytic,m5,ZN:B:1303,metal_complexes,502,HIS,A,,,,2.230906990441333,,,,,,,,,,,,,,,,,,,,,,,,,,,,Zn,,N,6.0,protein.sidechain,4.76280985937606,octahedral,2.0,HIS502:A
PDE4D_catalytic,m5,ZN:B:1303,metal_complexes,503,ASP,A,,,,2.1118430339397865,,,,,,,,,,,,,,,,,,,,,,,,,,,,Zn,,O,6.0,protein.sidechain,4.76280985937606,octahedral,2.0,ASP503:A
PDE4D_catalytic,m5,ZN:B:1303,metal_complexes,620,ASP,A,,,,2.2314661099824025,,,,,,,,,,,,,,,,,,,,,,,,,,,,Zn,,O,6.0,protein.sidechain,4.76280985937606,octahedral,2.0,ASP620:A
PDE4D_catalytic,m5,ZN:B:1303,metal_complexes,620,ASP,A,,,,2.2314661099824025,,,,,,,,,,,,,,,,,,,,,,,,,,,,Zn,,O,6.0,protein.sidechain,4.76280985937606,octahedral,2.0,ASP620:A
PDE4D_catalytic,m5,MG:B:1304,metal_complexes,1521,HOH,B,,,,2.130300683002284,,,,,,,,,,,,,,,,,,,,,,,,,,,,Mg,,O,3.0,water,77.82854393214508,trigonal.pyramidal,1.0,HOH1521:B
PDE4D_catalytic,m5,MG:B:1304,metal_complexes,503,ASP,A,,,,2.093485610172661,,,,,,,,,,,,,,,,,,,,,,,,,,,,Mg,,O,3.0,protein.sidechain,77.82854393214508,trigonal.pyramidal,1.0,ASP503:A
PDE4D_catalytic,m5,MG:B:1304,metal_complexes,503,ASP,A,,,,2.093485610172661,,,,,,,,,,,,,,,,,,,,,,,,,,,,Mg,,O,3.0,protein.sidechain,77.82854393214508,trigonal.pyramidal,1.0,ASP503:A
PDE4D_catalytic,m5,MG:B:1304,metal_complexes,1521,HOH,B,,,,2.130300683002284,,,,,,,,,,,,,,,,,,,,,,,,,,,,Mg,,O,3.0,water,77.82854393214508,trigonal.pyramidal,2.0,HOH1521:B
PDE4D_catalytic,m5,MG:B:1304,metal_complexes,503,ASP,A,,,,2.093485610172661,,,,,,,,,,,,,,,,,,,,,,,,,,,,Mg,,O,3.0,protein.sidechain,77.82854393214508,trigonal.pyramidal,2.0,ASP503:A
PDE4D_catalytic,m5,MG:B:1304,metal_complexes,503,ASP,A,,,,2.093485610172661,,,,,,,,,,,,,,,,,,,,,,,,,,,,Mg,,O,3.0,protein.sidechain,77.82854393214508,trigonal.pyramidal,2.0,ASP503:A
PDE4D_catalytic,m5,UNL:Z:1,hydrophobic_contacts,674,PHE,A,,,,3.9707164340959937,,,,,,,,,,,,,,,,,,,,,,,,,,,,,,,,,,,,PHE674:A
PDE4D_catalytic,m5,UNL:Z:1,hydrophobic_contacts,678,ILE,A,,,,3.8055173104323146,,,,,,,,,,,,,,,,,,,,,,,,,,,,,,,,,,,,ILE678:A
PDE4D_catalytic,m5,UNL:Z:1,hydrophobic_contacts,638,ILE,A,,,,3.627400308761083,,,,,,,,,,,,,,,,,,,,,,,,,,,,,,,,,,,,ILE638:A
PDE4D_catalytic,m5,UNL:Z:1,hydrophobic_contacts,659,MET,A,,,,3.6634887743788704,,,,,,,,,,,,,,,,,,,,,,,,,,,,,,,,,,,,MET659:A
PDE4D_catalytic,m5,UNL:Z:1,hydrophobic_contacts,674,PHE,A,,,,3.507666745858278,,,,,,,,,,,,,,,,,,,,,,,,,,,,,,,,,,,,PHE674:A
PDE4D_catalytic,m5,UNL:Z:1,hbonds_ldon,620,ASP,A,,,,,,,False,,,,False,,,,,,,,,,,,,,126.70939561243596,,strong,,,,,,,,,,,,,ASP620:A
PDE4D_catalytic,m5,UNL:Z:1,hbonds_ldon,671,GLN,A,,,,,,,True,,,,False,,,,,,,,,,,,,,130.69158729608475,,strong,,,,,,,,,,,,,GLN671:A
PDE4D_catalytic,m5,UNL:Z:1,hbonds_pdon,671,GLN,A,,,,,,,True,,,,True,,,,,,,,,,,,,,156.52778810878783,,strong,,,,,,,,,,,,,GLN671:A
PDE4D_catalytic,m5,UNL:Z:1,hbonds_pdon,671,GLN,A,,,,,,,True,,,,True,,,,,,,,,,,,,,156.52778810878783,,strong,,,,,,,,,,,,,GLN671:A
PDE4D_catalytic,m5,UNL:Z:1,water_bridges,621,LEU,A,,,,,,,,,,,True,,,,,,,,,,,,,,,,first_deg,,,,,,,,,,,,,LEU621:A
PDE4D_catalytic,m5,UNL:Z:1,water_bridges,466,HIS,A,,,,,,,,,,,True,,,,,,,,,,,,,,,,first_deg,,,,,,,,,,,,,HIS466:A
PDE4D_catalytic,m5,UNL:Z:1,water_bridges,674,PHE,A,,,,,,,,,,,True,,,,,,,,,,,,,,,,first_deg,,,,,,,,,,,,,PHE674:A
PDE4D_catalytic,m4,ZN:B:1303,metal_complexes,1523,HOH,B,,,,2.202447729232182,,,,,,,,,,,,,,,,,,,,,,,,,,,,Zn,,O,6.0,water,4.76280985937606,octahedral,1.0,HOH1523:B
PDE4D_catalytic,m4,ZN:B:1303,metal_complexes,502,HIS,A,,,,2.230906990441333,,,,,,,,,,,,,,,,,,,,,,,,,,,,Zn,,N,6.0,protein.sidechain,4.76280985937606,octahedral,1.0,HIS502:A
PDE4D_catalytic,m4,ZN:B:1303,metal_complexes,502,HIS,A,,,,2.230906990441333,,,,,,,,,,,,,,,,,,,,,,,,,,,,Zn,,N,6.0,protein.sidechain,4.76280985937606,octahedral,1.0,HIS502:A
PDE4D_catalytic,m4,ZN:B:1303,metal_complexes,503,ASP,A,,,,2.1118430339397865,,,,,,,,,,,,,,,,,,,,,,,,,,,,Zn,,O,6.0,protein.sidechain,4.76280985937606,octahedral,1.0,ASP503:A
PDE4D_catalytic,m4,ZN:B:1303,metal_complexes,620,ASP,A,,,,2.2314661099824025,,,,,,,,,,,,,,,,,,,,,,,,,,,,Zn,,O,6.0,protein.sidechain,4.76280985937606,octahedral,1.0,ASP620:A
PDE4D_catalytic,m4,ZN:B:1303,metal_complexes,620,ASP,A,,,,2.2314661099824025,,,,,,,,,,,,,,,,,,,,,,,,,,,,Zn,,O,6.0,protein.sidechain,4.76280985937606,octahedral,1.0,ASP620:A
PDE4D_catalytic,m4,ZN:B:1303,metal_complexes,1523,HOH,B,,,,2.202447729232182,,,,,,,,,,,,,,,,,,,,,,,,,,,,Zn,,O,6.0,water,4.76280985937606,octahedral,2.0,HOH1523:B
PDE4D_catalytic,m4,ZN:B:1303,metal_complexes,502,HIS,A,,,,2.230906990441333,,,,,,,,,,,,,,,,,,,,,,,,,,,,Zn,,N,6.0,protein.sidechain,4.76280985937606,octahedral,2.0,HIS502:A
PDE4D_catalytic,m4,ZN:B:1303,metal_complexes,502,HIS,A,,,,2.230906990441333,,,,,,,,,,,,,,,,,,,,,,,,,,,,Zn,,N,6.0,protein.sidechain,4.76280985937606,octahedral,2.0,HIS502:A
PDE4D_catalytic,m4,ZN:B:1303,metal_complexes,503,ASP,A,,,,2.1118430339397865,,,,,,,,,,,,,,,,,,,,,,,,,,,,Zn,,O,6.0,protein.sidechain,4.76280985937606,octahedral,2.0,ASP503:A
PDE4D_catalytic,m4,ZN:B:1303,metal_complexes,620,ASP,A,,,,2.2314661099824025,,,,,,,,,,,,,,,,,,,,,,,,,,,,Zn,,O,6.0,protein.sidechain,4.76280985937606,octahedral,2.0,ASP620:A
PDE4D_catalytic,m4,ZN:B:1303,metal_complexes,620,ASP,A,,,,2.2314661099824025,,,,,,,,,,,,,,,,,,,,,,,,,,,,Zn,,O,6.0,protein.sidechain,4.76280985937606,octahedral,2.0,ASP620:A
PDE4D_catalytic,m4,MG:B:1304,metal_complexes,1521,HOH,B,,,,2.130300683002284,,,,,,,,,,,,,,,,,,,,,,,,,,,,Mg,,O,3.0,water,77.82854393214508,trigonal.pyramidal,1.0,HOH1521:B
PDE4D_catalytic,m4,MG:B:1304,metal_complexes,503,ASP,A,,,,2.093485610172661,,,,,,,,,,,,,,,,,,,,,,,,,,,,Mg,,O,3.0,protein.sidechain,77.82854393214508,trigonal.pyramidal,1.0,ASP503:A
PDE4D_catalytic,m4,MG:B:1304,metal_complexes,503,ASP,A,,,,2.093485610172661,,,,,,,,,,,,,,,,,,,,,,,,,,,,Mg,,O,3.0,protein.sidechain,77.82854393214508,trigonal.pyramidal,1.0,ASP503:A
PDE4D_catalytic,m4,MG:B:1304,metal_complexes,1521,HOH,B,,,,2.130300683002284,,,,,,,,,,,,,,,,,,,,,,,,,,,,Mg,,O,3.0,water,77.82854393214508,trigonal.pyramidal,2.0,HOH1521:B
PDE4D_catalytic,m4,MG:B:1304,metal_complexes,503,ASP,A,,,,2.093485610172661,,,,,,,,,,,,,,,,,,,,,,,,,,,,Mg,,O,3.0,protein.sidechain,77.82854393214508,trigonal.pyramidal,2.0,ASP503:A
PDE4D_catalytic,m4,MG:B:1304,metal_complexes,503,ASP,A,,,,2.093485610172661,,,,,,,,,,,,,,,,,,,,,,,,,,,,Mg,,O,3.0,protein.sidechain,77.82854393214508,trigonal.pyramidal,2.0,ASP503:A
PDE4D_catalytic,m4,UNL:Z:1,hydrophobic_contacts,575,MET,A,,,,3.831389434656833,,,,,,,,,,,,,,,,,,,,,,,,,,,,,,,,,,,,MET575:A
PDE4D_catalytic,m4,UNL:Z:1,hydrophobic_contacts,638,ILE,A,,,,3.4423017008972345,,,,,,,,,,,,,,,,,,,,,,,,,,,,,,,,,,,,ILE638:A
PDE4D_catalytic,m4,UNL:Z:1,hydrophobic_contacts,674,PHE,A,,,,3.848432927829196,,,,,,,,,,,,,,,,,,,,,,,,,,,,,,,,,,,,PHE674:A
PDE4D_catalytic,m4,UNL:Z:1,hydrophobic_contacts,642,PHE,A,,,,3.754899066552922,,,,,,,,,,,,,,,,,,,,,,,,,,,,,,,,,,,,PHE642:A
PDE4D_catalytic,m4,UNL:Z:1,hbonds_ldon,623,ASN,A,,,,,,,True,,,,False,,,,,,,,,,,,,,104.08651977862267,,strong,,,,,,,,,,,,,ASN623:A
PDE4D_catalytic,m4,UNL:Z:1,hbonds_ldon,635,THR,A,,,,,,,True,,,,False,,,,,,,,,,,,,,129.31519781487077,,strong,,,,,,,,,,,,,THR635:A
PDE4D_catalytic,m4,UNL:Z:1,hbonds_pdon,671,GLN,A,,,,,,,True,,,,True,,,,,,,,,,,,,,166.71601433200675,,strong,,,,,,,,,,,,,GLN671:A
PDE4D_catalytic,m4,UNL:Z:1,hbonds_pdon,671,GLN,A,,,,,,,True,,,,True,,,,,,,,,,,,,,166.71601433200675,,strong,,,,,,,,,,,,,GLN671:A
PDE4D_catalytic,m4,UNL:Z:1,hbonds_pdon,462,HIS,A,,,,,,,True,,,,True,,,,,,,,,,,,,,144.18789453054526,,strong,,,,,,,,,,,,,HIS462:A
PDE4D_catalytic,m4,UNL:Z:1,hbonds_pdon,462,HIS,A,,,,,,,True,,,,True,,,,,,,,,,,,,,144.18789453054526,,strong,,,,,,,,,,,,,HIS462:A
PDE4D_catalytic,m4,UNL:Z:1,hbonds_pdon,623,ASN,A,,,,,,,True,,,,True,,,,,,,,,,,,,,146.29150637970258,,strong,,,,,,,,,,,,,ASN623:A
PDE4D_catalytic,m4,UNL:Z:1,hbonds_pdon,635,THR,A,,,,,,,False,,,,True,,,,,,,,,,,,,,159.4258782382253,,strong,,,,,,,,,,,,,THR635:A
PDE4D_catalytic,m4,UNL:Z:1,hbonds_pdon,635,THR,A,,,,,,,True,,,,True,,,,,,,,,,,,,,128.5966321675836,,strong,,,,,,,,,,,,,THR635:A
PDE4D_catalytic,m4,UNL:Z:1,water_bridges,623,ASN,A,,,,,,,,,,,True,,,,,,,,,,,,,,,,first_deg,,,,,,,,,,,,,ASN623:A
PDE4D_catalytic,m4,UNL:Z:1,water_bridges,506,HIS,A,,,,,,,,,,,True,,,,,,,,,,,,,,,,first_deg,,,,,,,,,,,,,HIS506:A
PDE4D_catalytic,m4,UNL:Z:1,water_bridges,620,ASP,A,,,,,,,,,,,True,,,,,,,,,,,,,,,,first_deg,,,,,,,,,,,,,ASP620:A
PDE4D_catalytic,m4,UNL:Z:1,water_bridges,573,THR,A,,,,,,,,,,,False,,,,,,,,,,,,,,,,first_deg,,,,,,,,,,,,,THR573:A
PDE4D_catalytic,m4,UNL:Z:1,water_bridges,462,HIS,A,,,,,,,,,,,True,,,,,,,,,,,,,,,,first_deg,,,,,,,,,,,,,HIS462:A
PDE4D_catalytic,m4,UNL:Z:1,water_bridges,506,HIS,A,,,,,,,,,,,True,,,,,,,,,,,,,,,,first_deg,,,,,,,,,,,,,HIS506:A
PDE4D_catalytic,m4,UNL:Z:1,water_bridges,506,HIS,A,,,,,,,,,,,False,,,,,,,,,,,,,,,,first_deg,,,,,,,,,,,,,HIS506:A
PDE4D_catalytic,m4,UNL:Z:1,water_bridges,466,HIS,A,,,,,,,,,,,False,,,,,,,,,,,,,,,,first_deg,,,,,,,,,,,,,HIS466:A
PDE4D_catalytic,m4,UNL:Z:1,water_bridges,620,ASP,A,,,,,,,,,,,False,,,,,,,,,,,,,,,,first_deg,,,,,,,,,,,,,ASP620:A
PDE4D_catalytic,rolR,ZN:B:1303,metal_complexes,1523,HOH,B,,,,2.202447729232182,,,,,,,,,,,,,,,,,,,,,,,,,,,,Zn,,O,6.0,water,4.76280985937606,octahedral,1.0,HOH1523:B
PDE4D_catalytic,rolR,ZN:B:1303,metal_complexes,502,HIS,A,,,,2.230906990441333,,,,,,,,,,,,,,,,,,,,,,,,,,,,Zn,,N,6.0,protein.sidechain,4.76280985937606,octahedral,1.0,HIS502:A
PDE4D_catalytic,rolR,ZN:B:1303,metal_complexes,502,HIS,A,,,,2.230906990441333,,,,,,,,,,,,,,,,,,,,,,,,,,,,Zn,,N,6.0,protein.sidechain,4.76280985937606,octahedral,1.0,HIS502:A
PDE4D_catalytic,rolR,ZN:B:1303,metal_complexes,503,ASP,A,,,,2.1118430339397865,,,,,,,,,,,,,,,,,,,,,,,,,,,,Zn,,O,6.0,protein.sidechain,4.76280985937606,octahedral,1.0,ASP503:A
PDE4D_catalytic,rolR,ZN:B:1303,metal_complexes,620,ASP,A,,,,2.2314661099824025,,,,,,,,,,,,,,,,,,,,,,,,,,,,Zn,,O,6.0,protein.sidechain,4.76280985937606,octahedral,1.0,ASP620:A
PDE4D_catalytic,rolR,ZN:B:1303,metal_complexes,620,ASP,A,,,,2.2314661099824025,,,,,,,,,,,,,,,,,,,,,,,,,,,,Zn,,O,6.0,protein.sidechain,4.76280985937606,octahedral,1.0,ASP620:A
PDE4D_catalytic,rolR,ZN:B:1303,metal_complexes,1523,HOH,B,,,,2.202447729232182,,,,,,,,,,,,,,,,,,,,,,,,,,,,Zn,,O,6.0,water,4.76280985937606,octahedral,2.0,HOH1523:B
PDE4D_catalytic,rolR,ZN:B:1303,metal_complexes,502,HIS,A,,,,2.230906990441333,,,,,,,,,,,,,,,,,,,,,,,,,,,,Zn,,N,6.0,protein.sidechain,4.76280985937606,octahedral,2.0,HIS502:A
PDE4D_catalytic,rolR,ZN:B:1303,metal_complexes,502,HIS,A,,,,2.230906990441333,,,,,,,,,,,,,,,,,,,,,,,,,,,,Zn,,N,6.0,protein.sidechain,4.76280985937606,octahedral,2.0,HIS502:A
PDE4D_catalytic,rolR,ZN:B:1303,metal_complexes,503,ASP,A,,,,2.1118430339397865,,,,,,,,,,,,,,,,,,,,,,,,,,,,Zn,,O,6.0,protein.sidechain,4.76280985937606,octahedral,2.0,ASP503:A
PDE4D_catalytic,rolR,ZN:B:1303,metal_complexes,620,ASP,A,,,,2.2314661099824025,,,,,,,,,,,,,,,,,,,,,,,,,,,,Zn,,O,6.0,protein.sidechain,4.76280985937606,octahedral,2.0,ASP620:A
PDE4D_catalytic,rolR,ZN:B:1303,metal_complexes,620,ASP,A,,,,2.2314661099824025,,,,,,,,,,,,,,,,,,,,,,,,,,,,Zn,,O,6.0,protein.sidechain,4.76280985937606,octahedral,2.0,ASP620:A
PDE4D_catalytic,rolR,MG:B:1304,metal_complexes,1521,HOH,B,,,,2.130300683002284,,,,,,,,,,,,,,,,,,,,,,,,,,,,Mg,,O,3.0,water,77.82854393214508,trigonal.pyramidal,1.0,HOH1521:B
PDE4D_catalytic,rolR,MG:B:1304,metal_complexes,503,ASP,A,,,,2.093485610172661,,,,,,,,,,,,,,,,,,,,,,,,,,,,Mg,,O,3.0,protein.sidechain,77.82854393214508,trigonal.pyramidal,1.0,ASP503:A
PDE4D_catalytic,rolR,MG:B:1304,metal_complexes,503,ASP,A,,,,2.093485610172661,,,,,,,,,,,,,,,,,,,,,,,,,,,,Mg,,O,3.0,protein.sidechain,77.82854393214508,trigonal.pyramidal,1.0,ASP503:A
PDE4D_catalytic,rolR,MG:B:1304,metal_complexes,1521,HOH,B,,,,2.130300683002284,,,,,,,,,,,,,,,,,,,,,,,,,,,,Mg,,O,3.0,water,77.82854393214508,trigonal.pyramidal,2.0,HOH1521:B
PDE4D_catalytic,rolR,MG:B:1304,metal_complexes,503,ASP,A,,,,2.093485610172661,,,,,,,,,,,,,,,,,,,,,,,,,,,,Mg,,O,3.0,protein.sidechain,77.82854393214508,trigonal.pyramidal,2.0,ASP503:A
PDE4D_catalytic,rolR,MG:B:1304,metal_complexes,503,ASP,A,,,,2.093485610172661,,,,,,,,,,,,,,,,,,,,,,,,,,,,Mg,,O,3.0,protein.sidechain,77.82854393214508,trigonal.pyramidal,2.0,ASP503:A
PDE4D_catalytic,rolR,UNL:Z:1,hydrophobic_contacts,461,TYR,A,,,,3.7631530662464416,,,,,,,,,,,,,,,,,,,,,,,,,,,,,,,,,,,,TYR461:A
PDE4D_catalytic,rolR,UNL:Z:1,hydrophobic_contacts,642,PHE,A,,,,3.653027922148967,,,,,,,,,,,,,,,,,,,,,,,,,,,,,,,,,,,,PHE642:A
PDE4D_catalytic,rolR,UNL:Z:1,hydrophobic_contacts,670,SER,A,,,,3.559837917658613,,,,,,,,,,,,,,,,,,,,,,,,,,,,,,,,,,,,SER670:A
PDE4D_catalytic,rolR,UNL:Z:1,hydrophobic_contacts,674,PHE,A,,,,3.409709371779361,,,,,,,,,,,,,,,,,,,,,,,,,,,,,,,,,,,,PHE674:A
PDE4D_catalytic,rolR,UNL:Z:1,hydrophobic_contacts,674,PHE,A,,,,3.8266755807097104,,,,,,,,,,,,,,,,,,,,,,,,,,,,,,,,,,,,PHE674:A
PDE4D_catalytic,rolR,UNL:Z:1,hydrophobic_contacts,674,PHE,A,,,,3.860784505770816,,,,,,,,,,,,,,,,,,,,,,,,,,,,,,,,,,,,PHE674:A
PDE4D_catalytic,rolR,UNL:Z:1,hydrophobic_contacts,638,ILE,A,,,,3.821508864310012,,,,,,,,,,,,,,,,,,,,,,,,,,,,,,,,,,,,ILE638:A
PDE4D_catalytic,rolR,UNL:Z:1,hbonds_ldon,462,HIS,A,,,,,,,True,,,,False,,,,,,,,,,,,,,123.26262292918106,,strong,,,,,,,,,,,,,HIS462:A
PDE4D_catalytic,rolR,UNL:Z:1,hbonds_pdon,671,GLN,A,,,,,,,True,,,,True,,,,,,,,,,,,,,147.7606967640727,,strong,,,,,,,,,,,,,GLN671:A
PDE4D_catalytic,rolR,UNL:Z:1,hbonds_pdon,671,GLN,A,,,,,,,True,,,,True,,,,,,,,,,,,,,147.7606967640727,,strong,,,,,,,,,,,,,GLN671:A
PDE4D_catalytic,rolR,UNL:Z:1,water_bridges,462,HIS,A,,,,,,,,,,,True,,,,,,,,,,,,,,,,first_deg,,,,,,,,,,,,,HIS462:A
PDE4D_catalytic,rolS,ZN:B:1303,metal_complexes,1523,HOH,B,,,,2.202447729232182,,,,,,,,,,,,,,,,,,,,,,,,,,,,Zn,,O,6.0,water,4.76280985937606,octahedral,1.0,HOH1523:B
PDE4D_catalytic,rolS,ZN:B:1303,metal_complexes,502,HIS,A,,,,2.230906990441333,,,,,,,,,,,,,,,,,,,,,,,,,,,,Zn,,N,6.0,protein.sidechain,4.76280985937606,octahedral,1.0,HIS502:A
PDE4D_catalytic,rolS,ZN:B:1303,metal_complexes,502,HIS,A,,,,2.230906990441333,,,,,,,,,,,,,,,,,,,,,,,,,,,,Zn,,N,6.0,protein.sidechain,4.76280985937606,octahedral,1.0,HIS502:A
PDE4D_catalytic,rolS,ZN:B:1303,metal_complexes,503,ASP,A,,,,2.1118430339397865,,,,,,,,,,,,,,,,,,,,,,,,,,,,Zn,,O,6.0,protein.sidechain,4.76280985937606,octahedral,1.0,ASP503:A
PDE4D_catalytic,rolS,ZN:B:1303,metal_complexes,620,ASP,A,,,,2.2314661099824025,,,,,,,,,,,,,,,,,,,,,,,,,,,,Zn,,O,6.0,protein.sidechain,4.76280985937606,octahedral,1.0,ASP620:A
PDE4D_catalytic,rolS,ZN:B:1303,metal_complexes,620,ASP,A,,,,2.2314661099824025,,,,,,,,,,,,,,,,,,,,,,,,,,,,Zn,,O,6.0,protein.sidechain,4.76280985937606,octahedral,1.0,ASP620:A
PDE4D_catalytic,rolS,ZN:B:1303,metal_complexes,1523,HOH,B,,,,2.202447729232182,,,,,,,,,,,,,,,,,,,,,,,,,,,,Zn,,O,6.0,water,4.76280985937606,octahedral,2.0,HOH1523:B
PDE4D_catalytic,rolS,ZN:B:1303,metal_complexes,502,HIS,A,,,,2.230906990441333,,,,,,,,,,,,,,,,,,,,,,,,,,,,Zn,,N,6.0,protein.sidechain,4.76280985937606,octahedral,2.0,HIS502:A
PDE4D_catalytic,rolS,ZN:B:1303,metal_complexes,502,HIS,A,,,,2.230906990441333,,,,,,,,,,,,,,,,,,,,,,,,,,,,Zn,,N,6.0,protein.sidechain,4.76280985937606,octahedral,2.0,HIS502:A
PDE4D_catalytic,rolS,ZN:B:1303,metal_complexes,503,ASP,A,,,,2.1118430339397865,,,,,,,,,,,,,,,,,,,,,,,,,,,,Zn,,O,6.0,protein.sidechain,4.76280985937606,octahedral,2.0,ASP503:A
PDE4D_catalytic,rolS,ZN:B:1303,metal_complexes,620,ASP,A,,,,2.2314661099824025,,,,,,,,,,,,,,,,,,,,,,,,,,,,Zn,,O,6.0,protein.sidechain,4.76280985937606,octahedral,2.0,ASP620:A
PDE4D_catalytic,rolS,ZN:B:1303,metal_complexes,620,ASP,A,,,,2.2314661099824025,,,,,,,,,,,,,,,,,,,,,,,,,,,,Zn,,O,6.0,protein.sidechain,4.76280985937606,octahedral,2.0,ASP620:A
PDE4D_catalytic,rolS,MG:B:1304,metal_complexes,1521,HOH,B,,,,2.130300683002284,,,,,,,,,,,,,,,,,,,,,,,,,,,,Mg,,O,3.0,water,77.82854393214508,trigonal.pyramidal,1.0,HOH1521:B
PDE4D_catalytic,rolS,MG:B:1304,metal_complexes,503,ASP,A,,,,2.093485610172661,,,,,,,,,,,,,,,,,,,,,,,,,,,,Mg,,O,3.0,protein.sidechain,77.82854393214508,trigonal.pyramidal,1.0,ASP503:A
PDE4D_catalytic,rolS,MG:B:1304,metal_complexes,503,ASP,A,,,,2.093485610172661,,,,,,,,,,,,,,,,,,,,,,,,,,,,Mg,,O,3.0,protein.sidechain,77.82854393214508,trigonal.pyramidal,1.0,ASP503:A
PDE4D_catalytic,rolS,MG:B:1304,metal_complexes,1521,HOH,B,,,,2.130300683002284,,,,,,,,,,,,,,,,,,,,,,,,,,,,Mg,,O,3.0,water,77.82854393214508,trigonal.pyramidal,2.0,HOH1521:B
PDE4D_catalytic,rolS,MG:B:1304,metal_complexes,503,ASP,A,,,,2.093485610172661,,,,,,,,,,,,,,,,,,,,,,,,,,,,Mg,,O,3.0,protein.sidechain,77.82854393214508,trigonal.pyramidal,2.0,ASP503:A
PDE4D_catalytic,rolS,MG:B:1304,metal_complexes,503,ASP,A,,,,2.093485610172661,,,,,,,,,,,,,,,,,,,,,,,,,,,,Mg,,O,3.0,protein.sidechain,77.82854393214508,trigonal.pyramidal,2.0,ASP503:A
PDE4D_catalytic,rolS,UNL:Z:1,hydrophobic_contacts,638,ILE,A,,,,3.868898163560266,,,,,,,,,,,,,,,,,,,,,,,,,,,,,,,,,,,,ILE638:A
PDE4D_catalytic,rolS,UNL:Z:1,hydrophobic_contacts,638,ILE,A,,,,3.763055806123529,,,,,,,,,,,,,,,,,,,,,,,,,,,,,,,,,,,,ILE638:A
PDE4D_catalytic,rolS,UNL:Z:1,hydrophobic_contacts,642,PHE,A,,,,3.7142199719456577,,,,,,,,,,,,,,,,,,,,,,,,,,,,,,,,,,,,PHE642:A
PDE4D_catalytic,rolS,UNL:Z:1,hydrophobic_contacts,670,SER,A,,,,3.71790451733231,,,,,,,,,,,,,,,,,,,,,,,,,,,,,,,,,,,,SER670:A
PDE4D_catalytic,rolS,UNL:Z:1,hydrophobic_contacts,674,PHE,A,,,,3.5945636731041497,,,,,,,,,,,,,,,,,,,,,,,,,,,,,,,,,,,,PHE674:A
PDE4D_catalytic,rolS,UNL:Z:1,hydrophobic_contacts,674,PHE,A,,,,3.744838314266719,,,,,,,,,,,,,,,,,,,,,,,,,,,,,,,,,,,,PHE674:A
PDE4D_catalytic,rolS,UNL:Z:1,hbonds_pdon,671,GLN,A,,,,,,,True,,,,True,,,,,,,,,,,,,,150.09093098789094,,strong,,,,,,,,,,,,,GLN671:A
PDE4D_catalytic,rolS,UNL:Z:1,hbonds_pdon,671,GLN,A,,,,,,,True,,,,True,,,,,,,,,,,,,,150.09093098789094,,strong,,,,,,,,,,,,,GLN671:A
PDE4D_catalytic,rolS,UNL:Z:1,hbonds_pdon,462,HIS,A,,,,,,,True,,,,True,,,,,,,,,,,,,,118.57592642409472,,strong,,,,,,,,,,,,,HIS462:A
PDE4D_catalytic,rolS,UNL:Z:1,hbonds_pdon,462,HIS,A,,,,,,,True,,,,True,,,,,,,,,,,,,,118.57592642409472,,strong,,,,,,,,,,,,,HIS462:A
PDE4D_catalytic,rolS,UNL:Z:1,hbonds_pdon,635,THR,A,,,,,,,True,,,,True,,,,,,,,,,,,,,143.34222197586902,,strong,,,,,,,,,,,,,THR635:A
PDE4D_catalytic,rolS,UNL:Z:1,water_bridges,506,HIS,A,,,,,,,,,,,True,,,,,,,,,,,,,,,,first_deg,,,,,,,,,,,,,HIS506:A
PDE4D_catalytic,rolS,UNL:Z:1,water_bridges,462,HIS,A,,,,,,,,,,,True,,,,,,,,,,,,,,,,first_deg,,,,,,,,,,,,,HIS462:A
PDE4D_catalytic,rolS,UNL:Z:1,water_bridges,506,HIS,A,,,,,,,,,,,True,,,,,,,,,,,,,,,,first_deg,,,,,,,,,,,,,HIS506:A
PDE4D_catalytic,rolS,UNL:Z:1,water_bridges,620,ASP,A,,,,,,,,,,,True,,,,,,,,,,,,,,,,first_deg,,,,,,,,,,,,,ASP620:A
PDE4D_catalytic,rf,ZN:B:1303,metal_complexes,1523,HOH,B,,,,2.202447729232182,,,,,,,,,,,,,,,,,,,,,,,,,,,,Zn,,O,6.0,water,4.76280985937606,octahedral,1.0,HOH1523:B
PDE4D_catalytic,rf,ZN:B:1303,metal_complexes,502,HIS,A,,,,2.230906990441333,,,,,,,,,,,,,,,,,,,,,,,,,,,,Zn,,N,6.0,protein.sidechain,4.76280985937606,octahedral,1.0,HIS502:A
PDE4D_catalytic,rf,ZN:B:1303,metal_complexes,502,HIS,A,,,,2.230906990441333,,,,,,,,,,,,,,,,,,,,,,,,,,,,Zn,,N,6.0,protein.sidechain,4.76280985937606,octahedral,1.0,HIS502:A
PDE4D_catalytic,rf,ZN:B:1303,metal_complexes,503,ASP,A,,,,2.1118430339397865,,,,,,,,,,,,,,,,,,,,,,,,,,,,Zn,,O,6.0,protein.sidechain,4.76280985937606,octahedral,1.0,ASP503:A
PDE4D_catalytic,rf,ZN:B:1303,metal_complexes,620,ASP,A,,,,2.2314661099824025,,,,,,,,,,,,,,,,,,,,,,,,,,,,Zn,,O,6.0,protein.sidechain,4.76280985937606,octahedral,1.0,ASP620:A
PDE4D_catalytic,rf,ZN:B:1303,metal_complexes,620,ASP,A,,,,2.2314661099824025,,,,,,,,,,,,,,,,,,,,,,,,,,,,Zn,,O,6.0,protein.sidechain,4.76280985937606,octahedral,1.0,ASP620:A
PDE4D_catalytic,rf,ZN:B:1303,metal_complexes,1523,HOH,B,,,,2.202447729232182,,,,,,,,,,,,,,,,,,,,,,,,,,,,Zn,,O,6.0,water,4.76280985937606,octahedral,2.0,HOH1523:B
PDE4D_catalytic,rf,ZN:B:1303,metal_complexes,502,HIS,A,,,,2.230906990441333,,,,,,,,,,,,,,,,,,,,,,,,,,,,Zn,,N,6.0,protein.sidechain,4.76280985937606,octahedral,2.0,HIS502:A
PDE4D_catalytic,rf,ZN:B:1303,metal_complexes,502,HIS,A,,,,2.230906990441333,,,,,,,,,,,,,,,,,,,,,,,,,,,,Zn,,N,6.0,protein.sidechain,4.76280985937606,octahedral,2.0,HIS502:A
PDE4D_catalytic,rf,ZN:B:1303,metal_complexes,503,ASP,A,,,,2.1118430339397865,,,,,,,,,,,,,,,,,,,,,,,,,,,,Zn,,O,6.0,protein.sidechain,4.76280985937606,octahedral,2.0,ASP503:A
PDE4D_catalytic,rf,ZN:B:1303,metal_complexes,620,ASP,A,,,,2.2314661099824025,,,,,,,,,,,,,,,,,,,,,,,,,,,,Zn,,O,6.0,protein.sidechain,4.76280985937606,octahedral,2.0,ASP620:A
PDE4D_catalytic,rf,ZN:B:1303,metal_complexes,620,ASP,A,,,,2.2314661099824025,,,,,,,,,,,,,,,,,,,,,,,,,,,,Zn,,O,6.0,protein.sidechain,4.76280985937606,octahedral,2.0,ASP620:A
PDE4D_catalytic,rf,MG:B:1304,metal_complexes,1521,HOH,B,,,,2.130300683002284,,,,,,,,,,,,,,,,,,,,,,,,,,,,Mg,,O,3.0,water,77.82854393214508,trigonal.pyramidal,1.0,HOH1521:B
PDE4D_catalytic,rf,MG:B:1304,metal_complexes,503,ASP,A,,,,2.093485610172661,,,,,,,,,,,,,,,,,,,,,,,,,,,,Mg,,O,3.0,protein.sidechain,77.82854393214508,trigonal.pyramidal,1.0,ASP503:A
PDE4D_catalytic,rf,MG:B:1304,metal_complexes,503,ASP,A,,,,2.093485610172661,,,,,,,,,,,,,,,,,,,,,,,,,,,,Mg,,O,3.0,protein.sidechain,77.82854393214508,trigonal.pyramidal,1.0,ASP503:A
PDE4D_catalytic,rf,MG:B:1304,metal_complexes,1521,HOH,B,,,,2.130300683002284,,,,,,,,,,,,,,,,,,,,,,,,,,,,Mg,,O,3.0,water,77.82854393214508,trigonal.pyramidal,2.0,HOH1521:B
PDE4D_catalytic,rf,MG:B:1304,metal_complexes,503,ASP,A,,,,2.093485610172661,,,,,,,,,,,,,,,,,,,,,,,,,,,,Mg,,O,3.0,protein.sidechain,77.82854393214508,trigonal.pyramidal,2.0,ASP503:A
PDE4D_catalytic,rf,MG:B:1304,metal_complexes,503,ASP,A,,,,2.093485610172661,,,,,,,,,,,,,,,,,,,,,,,,,,,,Mg,,O,3.0,protein.sidechain,77.82854393214508,trigonal.pyramidal,2.0,ASP503:A
PDE4D_catalytic,rf,UNL:A:1,hydrophobic_contacts,642,PHE,A,,,,3.978537168357235,,,,,,,,,,,,,,,,,,,,,,,,,,,,,,,,,,,,PHE642:A
PDE4D_catalytic,rf,UNL:A:1,hydrophobic_contacts,659,MET,A,,,,3.894756089923992,,,,,,,,,,,,,,,,,,,,,,,,,,,,,,,,,,,,MET659:A
PDE4D_catalytic,rf,UNL:A:1,hydrophobic_contacts,674,PHE,A,,,,3.550958321354956,,,,,,,,,,,,,,,,,,,,,,,,,,,,,,,,,,,,PHE674:A
PDE4D_catalytic,rf,UNL:A:1,hydrophobic_contacts,674,PHE,A,,,,3.713536050720391,,,,,,,,,,,,,,,,,,,,,,,,,,,,,,,,,,,,PHE674:A
PDE4D_catalytic,rf,UNL:A:1,hydrophobic_contacts,674,PHE,A,,,,3.631594966402503,,,,,,,,,,,,,,,,,,,,,,,,,,,,,,,,,,,,PHE674:A
PDE4D_catalytic,rf,UNL:A:1,hbonds_pdon,671,GLN,A,,,,,,,True,,,,True,,,,,,,,,,,,,,141.66407074648663,,strong,,,,,,,,,,,,,GLN671:A
PDE4D_catalytic,rf,UNL:A:1,hbonds_pdon,671,GLN,A,,,,,,,True,,,,True,,,,,,,,,,,,,,141.66407074648663,,strong,,,,,,,,,,,,,GLN671:A
PDE4D_catalytic,rf,UNL:A:1,water_bridges,462,HIS,A,,,,,,,,,,,True,,,,,,,,,,,,,,,,first_deg,,,,,,,,,,,,,HIS462:A
PDE4D_catalytic,rf,UNL:A:1,halogen_bonds,631,TYR,A,,,,3.922928115578974,,,False,,,156.50171927119703,,,F,,,,,,,144.11908028322492,,,,,,,,,,,,,,,,,,,,TYR631:A
PDE4D_catalytic,rf,UNL:A:1,halogen_bonds,631,TYR,A,,,,3.922928115578974,,,False,,,156.50171927119703,,,F,,,,,,,144.11908028322492,,,,,,,,,,,,,,,,,,,,TYR631:A
PDE4D_catalytic,rf,UNL:A:1,halogen_bonds,635,THR,A,,,,3.169045755428596,,,True,,,136.7464022005712,,,F,,,,,,,110.89596700587532,,,,,,,,,,,,,,,,,,,,THR635:A
PDE4D_dimer,10176710,ZN:A:1223,metal_complexes,1448,HOH,A,,,,2.2084152689202274,,,,,,,,,,,,,,,,,,,,,,,,,,,,Zn,,O,5.0,water,135.70608099200211,trigonal.bipyramidal,1.0,HOH1448:A
PDE4D_dimer,10176710,ZN:A:1223,metal_complexes,502,HIS,A,,,,2.1458718507869943,,,,,,,,,,,,,,,,,,,,,,,,,,,,Zn,,N,5.0,protein.sidechain,135.70608099200211,trigonal.bipyramidal,1.0,HIS502:A
PDE4D_dimer,10176710,ZN:A:1223,metal_complexes,502,HIS,A,,,,1.368305886854253,,,,,,,,,,,,,,,,,,,,,,,,,,,,Zn,,N,5.0,protein.sidechain,135.70608099200211,trigonal.bipyramidal,1.0,HIS502:A
PDE4D_dimer,10176710,ZN:A:1223,metal_complexes,502,HIS,A,,,,2.1458718507869943,,,,,,,,,,,,,,,,,,,,,,,,,,,,Zn,,N,5.0,protein.sidechain,135.70608099200211,trigonal.bipyramidal,1.0,HIS502:A
PDE4D_dimer,10176710,ZN:A:1223,metal_complexes,502,HIS,A,,,,1.368305886854253,,,,,,,,,,,,,,,,,,,,,,,,,,,,Zn,,N,5.0,protein.sidechain,135.70608099200211,trigonal.bipyramidal,1.0,HIS502:A
PDE4D_dimer,10176710,ZN:A:1223,metal_complexes,1448,HOH,A,,,,2.2084152689202274,,,,,,,,,,,,,,,,,,,,,,,,,,,,Zn,,O,5.0,water,135.70608099200211,trigonal.bipyramidal,2.0,HOH1448:A
PDE4D_dimer,10176710,ZN:A:1223,metal_complexes,502,HIS,A,,,,2.1458718507869943,,,,,,,,,,,,,,,,,,,,,,,,,,,,Zn,,N,5.0,protein.sidechain,135.70608099200211,trigonal.bipyramidal,2.0,HIS502:A
PDE4D_dimer,10176710,ZN:A:1223,metal_complexes,502,HIS,A,,,,1.368305886854253,,,,,,,,,,,,,,,,,,,,,,,,,,,,Zn,,N,5.0,protein.sidechain,135.70608099200211,trigonal.bipyramidal,2.0,HIS502:A
PDE4D_dimer,10176710,ZN:A:1223,metal_complexes,502,HIS,A,,,,2.1458718507869943,,,,,,,,,,,,,,,,,,,,,,,,,,,,Zn,,N,5.0,protein.sidechain,135.70608099200211,trigonal.bipyramidal,2.0,HIS502:A
PDE4D_dimer,10176710,ZN:A:1223,metal_complexes,502,HIS,A,,,,1.368305886854253,,,,,,,,,,,,,,,,,,,,,,,,,,,,Zn,,N,5.0,protein.sidechain,135.70608099200211,trigonal.bipyramidal,2.0,HIS502:A
PDE4D_dimer,10176710,ZN:B:1223,metal_complexes,1443,HOH,B,,,,2.202447729232182,,,,,,,,,,,,,,,,,,,,,,,,,,,,Zn,,O,5.0,water,135.50778824402013,trigonal.bipyramidal,1.0,HOH1443:B
PDE4D_dimer,10176710,ZN:B:1223,metal_complexes,502,HIS,B,,,,2.300014347781336,,,,,,,,,,,,,,,,,,,,,,,,,,,,Zn,,N,5.0,protein.sidechain,135.50778824402013,trigonal.bipyramidal,1.0,HIS502:B
PDE4D_dimer,10176710,ZN:B:1223,metal_complexes,502,HIS,B,,,,1.6050847329658358,,,,,,,,,,,,,,,,,,,,,,,,,,,,Zn,,N,5.0,protein.sidechain,135.50778824402013,trigonal.bipyramidal,1.0,HIS502:B
PDE4D_dimer,10176710,ZN:B:1223,metal_complexes,502,HIS,B,,,,2.300014347781336,,,,,,,,,,,,,,,,,,,,,,,,,,,,Zn,,N,5.0,protein.sidechain,135.50778824402013,trigonal.bipyramidal,1.0,HIS502:B
PDE4D_dimer,10176710,ZN:B:1223,metal_complexes,502,HIS,B,,,,1.6050847329658358,,,,,,,,,,,,,,,,,,,,,,,,,,,,Zn,,N,5.0,protein.sidechain,135.50778824402013,trigonal.bipyramidal,1.0,HIS502:B
PDE4D_dimer,10176710,ZN:B:1223,metal_complexes,1443,HOH,B,,,,2.202447729232182,,,,,,,,,,,,,,,,,,,,,,,,,,,,Zn,,O,5.0,water,135.50778824402013,trigonal.bipyramidal,2.0,HOH1443:B
PDE4D_dimer,10176710,ZN:B:1223,metal_complexes,502,HIS,B,,,,2.300014347781336,,,,,,,,,,,,,,,,,,,,,,,,,,,,Zn,,N,5.0,protein.sidechain,135.50778824402013,trigonal.bipyramidal,2.0,HIS502:B
PDE4D_dimer,10176710,ZN:B:1223,metal_complexes,502,HIS,B,,,,1.6050847329658358,,,,,,,,,,,,,,,,,,,,,,,,,,,,Zn,,N,5.0,protein.sidechain,135.50778824402013,trigonal.bipyramidal,2.0,HIS502:B
PDE4D_dimer,10176710,ZN:B:1223,metal_complexes,502,HIS,B,,,,2.300014347781336,,,,,,,,,,,,,,,,,,,,,,,,,,,,Zn,,N,5.0,protein.sidechain,135.50778824402013,trigonal.bipyramidal,2.0,HIS502:B
PDE4D_dimer,10176710,ZN:B:1223,metal_complexes,502,HIS,B,,,,1.6050847329658358,,,,,,,,,,,,,,,,,,,,,,,,,,,,Zn,,N,5.0,protein.sidechain,135.50778824402013,trigonal.bipyramidal,2.0,HIS502:B
PDE4D_dimer,10176710,MG:B:1224,metal_complexes,1441,HOH,B,,,,2.130300683002284,,,,,,,,,,,,,,,,,,,,,,,,,,,,Mg,,O,5.0,water,129.51277210397092,trigonal.bipyramidal,1.0,HOH1441:B
PDE4D_dimer,10176710,MG:B:1224,metal_complexes,502,HIS,B,,,,2.9680875997854224,,,,,,,,,,,,,,,,,,,,,,,,,,,,Mg,,N,5.0,protein.sidechain,129.51277210397092,trigonal.bipyramidal,1.0,HIS502:B
PDE4D_dimer,10176710,MG:B:1224,metal_complexes,502,HIS,B,,,,2.9680875997854224,,,,,,,,,,,,,,,,,,,,,,,,,,,,Mg,,N,5.0,protein.sidechain,129.51277210397092,trigonal.bipyramidal,1.0,HIS502:B
PDE4D_dimer,10176710,MG:B:1224,metal_complexes,532,GLU,B,,,,2.7823624853710216,,,,,,,,,,,,,,,,,,,,,,,,,,,,Mg,,O,5.0,protein.sidechain,129.51277210397092,trigonal.bipyramidal,1.0,GLU532:B
PDE4D_dimer,10176710,MG:B:1224,metal_complexes,532,GLU,B,,,,2.7823624853710216,,,,,,,,,,,,,,,,,,,,,,,,,,,,Mg,,O,5.0,protein.sidechain,129.51277210397092,trigonal.bipyramidal,1.0,GLU532:B
PDE4D_dimer,10176710,MG:B:1224,metal_complexes,1441,HOH,B,,,,2.130300683002284,,,,,,,,,,,,,,,,,,,,,,,,,,,,Mg,,O,5.0,water,129.51277210397092,trigonal.bipyramidal,2.0,HOH1441:B
PDE4D_dimer,10176710,MG:B:1224,metal_complexes,502,HIS,B,,,,2.9680875997854224,,,,,,,,,,,,,,,,,,,,,,,,,,,,Mg,,N,5.0,protein.sidechain,129.51277210397092,trigonal.bipyramidal,2.0,HIS502:B
PDE4D_dimer,10176710,MG:B:1224,metal_complexes,502,HIS,B,,,,2.9680875997854224,,,,,,,,,,,,,,,,,,,,,,,,,,,,Mg,,N,5.0,protein.sidechain,129.51277210397092,trigonal.bipyramidal,2.0,HIS502:B
PDE4D_dimer,10176710,MG:B:1224,metal_complexes,532,GLU,B,,,,2.7823624853710216,,,,,,,,,,,,,,,,,,,,,,,,,,,,Mg,,O,5.0,protein.sidechain,129.51277210397092,trigonal.bipyramidal,2.0,GLU532:B
PDE4D_dimer,10176710,MG:B:1224,metal_complexes,532,GLU,B,,,,2.7823624853710216,,,,,,,,,,,,,,,,,,,,,,,,,,,,Mg,,O,5.0,protein.sidechain,129.51277210397092,trigonal.bipyramidal,2.0,GLU532:B
PDE4D_dimer,10176710,UNL:Z:1,hydrophobic_contacts,575,MET,A,,,,3.63426595064258,,,,,,,,,,,,,,,,,,,,,,,,,,,,,,,,,,,,MET575:A
PDE4D_dimer,10176710,UNL:Z:1,hydrophobic_contacts,674,PHE,A,,,,3.904280983740797,,,,,,,,,,,,,,,,,,,,,,,,,,,,,,,,,,,,PHE674:A
PDE4D_dimer,10176710,UNL:Z:1,hydrophobic_contacts,638,ILE,A,,,,3.768128713300543,,,,,,,,,,,,,,,,,,,,,,,,,,,,,,,,,,,,ILE638:A
PDE4D_dimer,10176710,UNL:Z:1,hydrophobic_contacts,674,PHE,A,,,,3.5519783220059207,,,,,,,,,,,,,,,,,,,,,,,,,,,,,,,,,,,,PHE674:A
PDE4D_dimer,10176710,UNL:Z:1,hydrophobic_contacts,674,PHE,A,,,,3.771978525919785,,,,,,,,,,,,,,,,,,,,,,,,,,,,,,,,,,,,PHE674:A
PDE4D_dimer,10176710,UNL:Z:1,hbonds_ldon,573,THR,A,,,,,,,False,,,,False,,,,,,,,,,,,,,133.5668577149518,,strong,,,,,,,,,,,,,THR573:A
PDE4D_dimer,10176710,UNL:Z:1,hbonds_pdon,511,ASN,A,,,,,,,True,,,,True,,,,,,,,,,,,,,126.89216755733352,,strong,,,,,,,,,,,,,ASN511:A
PDE4D_dimer,10176710,UNL:Z:1,water_bridges,511,ASN,A,,,,,,,,,,,False,,,,,,,,,,,,,,,,first_deg,,,,,,,,,,,,,ASN511:A
PDE4D_dimer,10176710,UNL:Z:1,water_bridges,511,ASN,A,,,,,,,,,,,False,,,,,,,,,,,,,,,,first_deg,,,,,,,,,,,,,ASN511:A
PDE4D_dimer,10176710,UNL:Z:1,water_bridges,462,HIS,A,,,,,,,,,,,True,,,,,,,,,,,,,,,,first_deg,,,,,,,,,,,,,HIS462:A
PDE4D_dimer,10176710,UNL:Z:1,water_bridges,462,HIS,A,,,,,,,,,,,True,,,,,,,,,,,,,,,,first_deg,,,,,,,,,,,,,HIS462:A
PDE4D_dimer,10176710,UNL:Z:1,water_bridges,502,HIS,A,,,,,,,,,,,True,,,,,,,,,,,,,,,,first_deg,,,,,,,,,,,,,HIS502:A
PDE4D_dimer,107,ZN:A:1223,metal_complexes,1448,HOH,A,,,,2.2084152689202274,,,,,,,,,,,,,,,,,,,,,,,,,,,,Zn,,O,5.0,water,135.70608099200211,trigonal.bipyramidal,1.0,HOH1448:A
PDE4D_dimer,107,ZN:A:1223,metal_complexes,502,HIS,A,,,,2.1458718507869943,,,,,,,,,,,,,,,,,,,,,,,,,,,,Zn,,N,5.0,protein.sidechain,135.70608099200211,trigonal.bipyramidal,1.0,HIS502:A
PDE4D_dimer,107,ZN:A:1223,metal_complexes,502,HIS,A,,,,1.368305886854253,,,,,,,,,,,,,,,,,,,,,,,,,,,,Zn,,N,5.0,protein.sidechain,135.70608099200211,trigonal.bipyramidal,1.0,HIS502:A
PDE4D_dimer,107,ZN:A:1223,metal_complexes,502,HIS,A,,,,2.1458718507869943,,,,,,,,,,,,,,,,,,,,,,,,,,,,Zn,,N,5.0,protein.sidechain,135.70608099200211,trigonal.bipyramidal,1.0,HIS502:A
PDE4D_dimer,107,ZN:A:1223,metal_complexes,502,HIS,A,,,,1.368305886854253,,,,,,,,,,,,,,,,,,,,,,,,,,,,Zn,,N,5.0,protein.sidechain,135.70608099200211,trigonal.bipyramidal,1.0,HIS502:A
PDE4D_dimer,107,ZN:A:1223,metal_complexes,1448,HOH,A,,,,2.2084152689202274,,,,,,,,,,,,,,,,,,,,,,,,,,,,Zn,,O,5.0,water,135.70608099200211,trigonal.bipyramidal,2.0,HOH1448:A
PDE4D_dimer,107,ZN:A:1223,metal_complexes,502,HIS,A,,,,2.1458718507869943,,,,,,,,,,,,,,,,,,,,,,,,,,,,Zn,,N,5.0,protein.sidechain,135.70608099200211,trigonal.bipyramidal,2.0,HIS502:A
PDE4D_dimer,107,ZN:A:1223,metal_complexes,502,HIS,A,,,,1.368305886854253,,,,,,,,,,,,,,,,,,,,,,,,,,,,Zn,,N,5.0,protein.sidechain,135.70608099200211,trigonal.bipyramidal,2.0,HIS502:A
PDE4D_dimer,107,ZN:A:1223,metal_complexes,502,HIS,A,,,,2.1458718507869943,,,,,,,,,,,,,,,,,,,,,,,,,,,,Zn,,N,5.0,protein.sidechain,135.70608099200211,trigonal.bipyramidal,2.0,HIS502:A
PDE4D_dimer,107,ZN:A:1223,metal_complexes,502,HIS,A,,,,1.368305886854253,,,,,,,,,,,,,,,,,,,,,,,,,,,,Zn,,N,5.0,protein.sidechain,135.70608099200211,trigonal.bipyramidal,2.0,HIS502:A
PDE4D_dimer,107,ZN:B:1223,metal_complexes,1443,HOH,B,,,,2.202447729232182,,,,,,,,,,,,,,,,,,,,,,,,,,,,Zn,,O,5.0,water,135.50778824402013,trigonal.bipyramidal,1.0,HOH1443:B
PDE4D_dimer,107,ZN:B:1223,metal_complexes,502,HIS,B,,,,2.300014347781336,,,,,,,,,,,,,,,,,,,,,,,,,,,,Zn,,N,5.0,protein.sidechain,135.50778824402013,trigonal.bipyramidal,1.0,HIS502:B
PDE4D_dimer,107,ZN:B:1223,metal_complexes,502,HIS,B,,,,1.6050847329658358,,,,,,,,,,,,,,,,,,,,,,,,,,,,Zn,,N,5.0,protein.sidechain,135.50778824402013,trigonal.bipyramidal,1.0,HIS502:B
PDE4D_dimer,107,ZN:B:1223,metal_complexes,502,HIS,B,,,,2.300014347781336,,,,,,,,,,,,,,,,,,,,,,,,,,,,Zn,,N,5.0,protein.sidechain,135.50778824402013,trigonal.bipyramidal,1.0,HIS502:B
PDE4D_dimer,107,ZN:B:1223,metal_complexes,502,HIS,B,,,,1.6050847329658358,,,,,,,,,,,,,,,,,,,,,,,,,,,,Zn,,N,5.0,protein.sidechain,135.50778824402013,trigonal.bipyramidal,1.0,HIS502:B
PDE4D_dimer,107,ZN:B:1223,metal_complexes,1443,HOH,B,,,,2.202447729232182,,,,,,,,,,,,,,,,,,,,,,,,,,,,Zn,,O,5.0,water,135.50778824402013,trigonal.bipyramidal,2.0,HOH1443:B
PDE4D_dimer,107,ZN:B:1223,metal_complexes,502,HIS,B,,,,2.300014347781336,,,,,,,,,,,,,,,,,,,,,,,,,,,,Zn,,N,5.0,protein.sidechain,135.50778824402013,trigonal.bipyramidal,2.0,HIS502:B
PDE4D_dimer,107,ZN:B:1223,metal_complexes,502,HIS,B,,,,1.6050847329658358,,,,,,,,,,,,,,,,,,,,,,,,,,,,Zn,,N,5.0,protein.sidechain,135.50778824402013,trigonal.bipyramidal,2.0,HIS502:B
PDE4D_dimer,107,ZN:B:1223,metal_complexes,502,HIS,B,,,,2.300014347781336,,,,,,,,,,,,,,,,,,,,,,,,,,,,Zn,,N,5.0,protein.sidechain,135.50778824402013,trigonal.bipyramidal,2.0,HIS502:B
PDE4D_dimer,107,ZN:B:1223,metal_complexes,502,HIS,B,,,,1.6050847329658358,,,,,,,,,,,,,,,,,,,,,,,,,,,,Zn,,N,5.0,protein.sidechain,135.50778824402013,trigonal.bipyramidal,2.0,HIS502:B
PDE4D_dimer,107,MG:B:1224,metal_complexes,1441,HOH,B,,,,2.130300683002284,,,,,,,,,,,,,,,,,,,,,,,,,,,,Mg,,O,5.0,water,129.51277210397092,trigonal.bipyramidal,1.0,HOH1441:B
PDE4D_dimer,107,MG:B:1224,metal_complexes,502,HIS,B,,,,2.9680875997854224,,,,,,,,,,,,,,,,,,,,,,,,,,,,Mg,,N,5.0,protein.sidechain,129.51277210397092,trigonal.bipyramidal,1.0,HIS502:B
PDE4D_dimer,107,MG:B:1224,metal_complexes,502,HIS,B,,,,2.9680875997854224,,,,,,,,,,,,,,,,,,,,,,,,,,,,Mg,,N,5.0,protein.sidechain,129.51277210397092,trigonal.bipyramidal,1.0,HIS502:B
PDE4D_dimer,107,MG:B:1224,metal_complexes,532,GLU,B,,,,2.7823624853710216,,,,,,,,,,,,,,,,,,,,,,,,,,,,Mg,,O,5.0,protein.sidechain,129.51277210397092,trigonal.bipyramidal,1.0,GLU532:B
PDE4D_dimer,107,MG:B:1224,metal_complexes,532,GLU,B,,,,2.7823624853710216,,,,,,,,,,,,,,,,,,,,,,,,,,,,Mg,,O,5.0,protein.sidechain,129.51277210397092,trigonal.bipyramidal,1.0,GLU532:B
PDE4D_dimer,107,MG:B:1224,metal_complexes,1441,HOH,B,,,,2.130300683002284,,,,,,,,,,,,,,,,,,,,,,,,,,,,Mg,,O,5.0,water,129.51277210397092,trigonal.bipyramidal,2.0,HOH1441:B
PDE4D_dimer,107,MG:B:1224,metal_complexes,502,HIS,B,,,,2.9680875997854224,,,,,,,,,,,,,,,,,,,,,,,,,,,,Mg,,N,5.0,protein.sidechain,129.51277210397092,trigonal.bipyramidal,2.0,HIS502:B
PDE4D_dimer,107,MG:B:1224,metal_complexes,502,HIS,B,,,,2.9680875997854224,,,,,,,,,,,,,,,,,,,,,,,,,,,,Mg,,N,5.0,protein.sidechain,129.51277210397092,trigonal.bipyramidal,2.0,HIS502:B
PDE4D_dimer,107,MG:B:1224,metal_complexes,532,GLU,B,,,,2.7823624853710216,,,,,,,,,,,,,,,,,,,,,,,,,,,,Mg,,O,5.0,protein.sidechain,129.51277210397092,trigonal.bipyramidal,2.0,GLU532:B
PDE4D_dimer,107,MG:B:1224,metal_complexes,532,GLU,B,,,,2.7823624853710216,,,,,,,,,,,,,,,,,,,,,,,,,,,,Mg,,O,5.0,protein.sidechain,129.51277210397092,trigonal.bipyramidal,2.0,GLU532:B
PDE4D_dimer,107,UNL:Z:1,hydrophobic_contacts,674,PHE,A,,,,3.78282777826324,,,,,,,,,,,,,,,,,,,,,,,,,,,,,,,,,,,,PHE674:A
PDE4D_dimer,107,UNL:Z:1,hydrophobic_contacts,674,PHE,A,,,,3.697875876770336,,,,,,,,,,,,,,,,,,,,,,,,,,,,,,,,,,,,PHE674:A
PDE4D_dimer,107,UNL:Z:1,hydrophobic_contacts,638,ILE,A,,,,3.72930744240804,,,,,,,,,,,,,,,,,,,,,,,,,,,,,,,,,,,,ILE638:A
PDE4D_dimer,107,UNL:Z:1,hydrophobic_contacts,674,PHE,A,,,,3.5504258899461627,,,,,,,,,,,,,,,,,,,,,,,,,,,,,,,,,,,,PHE674:A
PDE4D_dimer,107,UNL:Z:1,hydrophobic_contacts,674,PHE,A,,,,3.727149044511099,,,,,,,,,,,,,,,,,,,,,,,,,,,,,,,,,,,,PHE674:A
PDE4D_dimer,107,UNL:Z:1,hbonds_ldon,671,GLN,A,,,,,,,True,,,,False,,,,,,,,,,,,,,125.65705214277897,,strong,,,,,,,,,,,,,GLN671:A
PDE4D_dimer,107,UNL:Z:1,hbonds_pdon,671,GLN,A,,,,,,,True,,,,True,,,,,,,,,,,,,,103.07582564840918,,strong,,,,,,,,,,,,,GLN671:A
PDE4D_dimer,107,UNL:Z:1,hbonds_pdon,671,GLN,A,,,,,,,True,,,,True,,,,,,,,,,,,,,103.07582564840918,,strong,,,,,,,,,,,,,GLN671:A
PDE4D_dimer,107,UNL:Z:1,hbonds_pdon,670,SER,A,,,,,,,True,,,,True,,,,,,,,,,,,,,109.6032710536791,,strong,,,,,,,,,,,,,SER670:A
PDE4D_dimer,107,UNL:Z:1,water_bridges,671,GLN,A,,,,,,,,,,,True,,,,,,,,,,,,,,,,first_deg,,,,,,,,,,,,,GLN671:A
PDE4D_dimer,10394,ZN:A:1223,metal_complexes,1448,HOH,A,,,,2.2084152689202274,,,,,,,,,,,,,,,,,,,,,,,,,,,,Zn,,O,5.0,water,135.70608099200211,trigonal.bipyramidal,1.0,HOH1448:A
PDE4D_dimer,10394,ZN:A:1223,metal_complexes,502,HIS,A,,,,2.1458718507869943,,,,,,,,,,,,,,,,,,,,,,,,,,,,Zn,,N,5.0,protein.sidechain,135.70608099200211,trigonal.bipyramidal,1.0,HIS502:A
PDE4D_dimer,10394,ZN:A:1223,metal_complexes,502,HIS,A,,,,1.368305886854253,,,,,,,,,,,,,,,,,,,,,,,,,,,,Zn,,N,5.0,protein.sidechain,135.70608099200211,trigonal.bipyramidal,1.0,HIS502:A
PDE4D_dimer,10394,ZN:A:1223,metal_complexes,502,HIS,A,,,,2.1458718507869943,,,,,,,,,,,,,,,,,,,,,,,,,,,,Zn,,N,5.0,protein.sidechain,135.70608099200211,trigonal.bipyramidal,1.0,HIS502:A
PDE4D_dimer,10394,ZN:A:1223,metal_complexes,502,HIS,A,,,,1.368305886854253,,,,,,,,,,,,,,,,,,,,,,,,,,,,Zn,,N,5.0,protein.sidechain,135.70608099200211,trigonal.bipyramidal,1.0,HIS502:A
PDE4D_dimer,10394,ZN:A:1223,metal_complexes,1448,HOH,A,,,,2.2084152689202274,,,,,,,,,,,,,,,,,,,,,,,,,,,,Zn,,O,5.0,water,135.70608099200211,trigonal.bipyramidal,2.0,HOH1448:A
PDE4D_dimer,10394,ZN:A:1223,metal_complexes,502,HIS,A,,,,2.1458718507869943,,,,,,,,,,,,,,,,,,,,,,,,,,,,Zn,,N,5.0,protein.sidechain,135.70608099200211,trigonal.bipyramidal,2.0,HIS502:A
PDE4D_dimer,10394,ZN:A:1223,metal_complexes,502,HIS,A,,,,1.368305886854253,,,,,,,,,,,,,,,,,,,,,,,,,,,,Zn,,N,5.0,protein.sidechain,135.70608099200211,trigonal.bipyramidal,2.0,HIS502:A
PDE4D_dimer,10394,ZN:A:1223,metal_complexes,502,HIS,A,,,,2.1458718507869943,,,,,,,,,,,,,,,,,,,,,,,,,,,,Zn,,N,5.0,protein.sidechain,135.70608099200211,trigonal.bipyramidal,2.0,HIS502:A
PDE4D_dimer,10394,ZN:A:1223,metal_complexes,502,HIS,A,,,,1.368305886854253,,,,,,,,,,,,,,,,,,,,,,,,,,,,Zn,,N,5.0,protein.sidechain,135.70608099200211,trigonal.bipyramidal,2.0,HIS502:A
PDE4D_dimer,10394,ZN:B:1223,metal_complexes,1443,HOH,B,,,,2.202447729232182,,,,,,,,,,,,,,,,,,,,,,,,,,,,Zn,,O,5.0,water,135.50778824402013,trigonal.bipyramidal,1.0,HOH1443:B
PDE4D_dimer,10394,ZN:B:1223,metal_complexes,502,HIS,B,,,,2.300014347781336,,,,,,,,,,,,,,,,,,,,,,,,,,,,Zn,,N,5.0,protein.sidechain,135.50778824402013,trigonal.bipyramidal,1.0,HIS502:B
PDE4D_dimer,10394,ZN:B:1223,metal_complexes,502,HIS,B,,,,1.6050847329658358,,,,,,,,,,,,,,,,,,,,,,,,,,,,Zn,,N,5.0,protein.sidechain,135.50778824402013,trigonal.bipyramidal,1.0,HIS502:B
PDE4D_dimer,10394,ZN:B:1223,metal_complexes,502,HIS,B,,,,2.300014347781336,,,,,,,,,,,,,,,,,,,,,,,,,,,,Zn,,N,5.0,protein.sidechain,135.50778824402013,trigonal.bipyramidal,1.0,HIS502:B
PDE4D_dimer,10394,ZN:B:1223,metal_complexes,502,HIS,B,,,,1.6050847329658358,,,,,,,,,,,,,,,,,,,,,,,,,,,,Zn,,N,5.0,protein.sidechain,135.50778824402013,trigonal.bipyramidal,1.0,HIS502:B
PDE4D_dimer,10394,ZN:B:1223,metal_complexes,1443,HOH,B,,,,2.202447729232182,,,,,,,,,,,,,,,,,,,,,,,,,,,,Zn,,O,5.0,water,135.50778824402013,trigonal.bipyramidal,2.0,HOH1443:B
PDE4D_dimer,10394,ZN:B:1223,metal_complexes,502,HIS,B,,,,2.300014347781336,,,,,,,,,,,,,,,,,,,,,,,,,,,,Zn,,N,5.0,protein.sidechain,135.50778824402013,trigonal.bipyramidal,2.0,HIS502:B
PDE4D_dimer,10394,ZN:B:1223,metal_complexes,502,HIS,B,,,,1.6050847329658358,,,,,,,,,,,,,,,,,,,,,,,,,,,,Zn,,N,5.0,protein.sidechain,135.50778824402013,trigonal.bipyramidal,2.0,HIS502:B
PDE4D_dimer,10394,ZN:B:1223,metal_complexes,502,HIS,B,,,,2.300014347781336,,,,,,,,,,,,,,,,,,,,,,,,,,,,Zn,,N,5.0,protein.sidechain,135.50778824402013,trigonal.bipyramidal,2.0,HIS502:B
PDE4D_dimer,10394,ZN:B:1223,metal_complexes,502,HIS,B,,,,1.6050847329658358,,,,,,,,,,,,,,,,,,,,,,,,,,,,Zn,,N,5.0,protein.sidechain,135.50778824402013,trigonal.bipyramidal,2.0,HIS502:B
PDE4D_dimer,10394,MG:B:1224,metal_complexes,1441,HOH,B,,,,2.130300683002284,,,,,,,,,,,,,,,,,,,,,,,,,,,,Mg,,O,5.0,water,129.51277210397092,trigonal.bipyramidal,1.0,HOH1441:B
PDE4D_dimer,10394,MG:B:1224,metal_complexes,502,HIS,B,,,,2.9680875997854224,,,,,,,,,,,,,,,,,,,,,,,,,,,,Mg,,N,5.0,protein.sidechain,129.51277210397092,trigonal.bipyramidal,1.0,HIS502:B
PDE4D_dimer,10394,MG:B:1224,metal_complexes,502,HIS,B,,,,2.9680875997854224,,,,,,,,,,,,,,,,,,,,,,,,,,,,Mg,,N,5.0,protein.sidechain,129.51277210397092,trigonal.bipyramidal,1.0,HIS502:B
PDE4D_dimer,10394,MG:B:1224,metal_complexes,532,GLU,B,,,,2.7823624853710216,,,,,,,,,,,,,,,,,,,,,,,,,,,,Mg,,O,5.0,protein.sidechain,129.51277210397092,trigonal.bipyramidal,1.0,GLU532:B
PDE4D_dimer,10394,MG:B:1224,metal_complexes,532,GLU,B,,,,2.7823624853710216,,,,,,,,,,,,,,,,,,,,,,,,,,,,Mg,,O,5.0,protein.sidechain,129.51277210397092,trigonal.bipyramidal,1.0,GLU532:B
PDE4D_dimer,10394,MG:B:1224,metal_complexes,1441,HOH,B,,,,2.130300683002284,,,,,,,,,,,,,,,,,,,,,,,,,,,,Mg,,O,5.0,water,129.51277210397092,trigonal.bipyramidal,2.0,HOH1441:B
PDE4D_dimer,10394,MG:B:1224,metal_complexes,502,HIS,B,,,,2.9680875997854224,,,,,,,,,,,,,,,,,,,,,,,,,,,,Mg,,N,5.0,protein.sidechain,129.51277210397092,trigonal.bipyramidal,2.0,HIS502:B
PDE4D_dimer,10394,MG:B:1224,metal_complexes,502,HIS,B,,,,2.9680875997854224,,,,,,,,,,,,,,,,,,,,,,,,,,,,Mg,,N,5.0,protein.sidechain,129.51277210397092,trigonal.bipyramidal,2.0,HIS502:B
PDE4D_dimer,10394,MG:B:1224,metal_complexes,532,GLU,B,,,,2.7823624853710216,,,,,,,,,,,,,,,,,,,,,,,,,,,,Mg,,O,5.0,protein.sidechain,129.51277210397092,trigonal.bipyramidal,2.0,GLU532:B
PDE4D_dimer,10394,MG:B:1224,metal_complexes,532,GLU,B,,,,2.7823624853710216,,,,,,,,,,,,,,,,,,,,,,,,,,,,Mg,,O,5.0,protein.sidechain,129.51277210397092,trigonal.bipyramidal,2.0,GLU532:B
PDE4D_dimer,10394,UNL:A:1,hydrophobic_contacts,638,ILE,A,,,,3.9616545785820336,,,,,,,,,,,,,,,,,,,,,,,,,,,,,,,,,,,,ILE638:A
PDE4D_dimer,10394,UNL:A:1,hydrophobic_contacts,674,PHE,A,,,,3.752203885718366,,,,,,,,,,,,,,,,,,,,,,,,,,,,,,,,,,,,PHE674:A
PDE4D_dimer,10394,UNL:A:1,hydrophobic_contacts,674,PHE,A,,,,3.758978717683834,,,,,,,,,,,,,,,,,,,,,,,,,,,,,,,,,,,,PHE674:A
PDE4D_dimer,10394,UNL:A:1,hydrophobic_contacts,674,PHE,A,,,,3.703575569635375,,,,,,,,,,,,,,,,,,,,,,,,,,,,,,,,,,,,PHE674:A
PDE4D_dimer,10394,UNL:A:1,hydrophobic_contacts,674,PHE,A,,,,3.703682086788768,,,,,,,,,,,,,,,,,,,,,,,,,,,,,,,,,,,,PHE674:A
PDE4D_dimer,10394,UNL:A:1,hydrophobic_contacts,670,SER,A,,,,3.943304959041338,,,,,,,,,,,,,,,,,,,,,,,,,,,,,,,,,,,,SER670:A
PDE4D_dimer,10394,UNL:A:1,hydrophobic_contacts,674,PHE,A,,,,3.5716626380440792,,,,,,,,,,,,,,,,,,,,,,,,,,,,,,,,,,,,PHE674:A
PDE4D_dimer,10394,UNL:A:1,hbonds_ldon,671,GLN,A,,,,,,,True,,,,False,,,,,,,,,,,,,,132.47463837225996,,strong,,,,,,,,,,,,,GLN671:A
PDE4D_dimer,10394,UNL:A:1,hbonds_pdon,623,ASN,A,,,,,,,True,,,,True,,,,,,,,,,,,,,100.65749215893054,,strong,,,,,,,,,,,,,ASN623:A
PDE4D_dimer,10394,UNL:A:1,hbonds_pdon,623,ASN,A,,,,,,,True,,,,True,,,,,,,,,,,,,,149.242612825632,,strong,,,,,,,,,,,,,ASN623:A
PDE4D_dimer,10394,UNL:A:1,hbonds_pdon,671,GLN,A,,,,,,,True,,,,True,,,,,,,,,,,,,,106.40625011981795,,strong,,,,,,,,,,,,,GLN671:A
PDE4D_dimer,10394,UNL:A:1,hbonds_pdon,671,GLN,A,,,,,,,True,,,,True,,,,,,,,,,,,,,106.40625011981795,,strong,,,,,,,,,,,,,GLN671:A
PDE4D_dimer,10394,UNL:A:1,water_bridges,623,ASN,A,,,,,,,,,,,True,,,,,,,,,,,,,,,,first_deg,,,,,,,,,,,,,ASN623:A
PDE4D_dimer,10394,UNL:A:1,water_bridges,623,ASN,A,,,,,,,,,,,False,,,,,,,,,,,,,,,,first_deg,,,,,,,,,,,,,ASN623:A
PDE4D_dimer,10394,UNL:A:1,water_bridges,671,GLN,A,,,,,,,,,,,True,,,,,,,,,,,,,,,,first_deg,,,,,,,,,,,,,GLN671:A
PDE4D_dimer,104775,ZN:A:1223,metal_complexes,1448,HOH,A,,,,2.2084152689202274,,,,,,,,,,,,,,,,,,,,,,,,,,,,Zn,,O,5.0,water,135.70608099200211,trigonal.bipyramidal,1.0,HOH1448:A
PDE4D_dimer,104775,ZN:A:1223,metal_complexes,502,HIS,A,,,,2.1458718507869943,,,,,,,,,,,,,,,,,,,,,,,,,,,,Zn,,N,5.0,protein.sidechain,135.70608099200211,trigonal.bipyramidal,1.0,HIS502:A
PDE4D_dimer,104775,ZN:A:1223,metal_complexes,502,HIS,A,,,,1.368305886854253,,,,,,,,,,,,,,,,,,,,,,,,,,,,Zn,,N,5.0,protein.sidechain,135.70608099200211,trigonal.bipyramidal,1.0,HIS502:A
PDE4D_dimer,104775,ZN:A:1223,metal_complexes,502,HIS,A,,,,2.1458718507869943,,,,,,,,,,,,,,,,,,,,,,,,,,,,Zn,,N,5.0,protein.sidechain,135.70608099200211,trigonal.bipyramidal,1.0,HIS502:A
PDE4D_dimer,104775,ZN:A:1223,metal_complexes,502,HIS,A,,,,1.368305886854253,,,,,,,,,,,,,,,,,,,,,,,,,,,,Zn,,N,5.0,protein.sidechain,135.70608099200211,trigonal.bipyramidal,1.0,HIS502:A
PDE4D_dimer,104775,ZN:A:1223,metal_complexes,1448,HOH,A,,,,2.2084152689202274,,,,,,,,,,,,,,,,,,,,,,,,,,,,Zn,,O,5.0,water,135.70608099200211,trigonal.bipyramidal,2.0,HOH1448:A
PDE4D_dimer,104775,ZN:A:1223,metal_complexes,502,HIS,A,,,,2.1458718507869943,,,,,,,,,,,,,,,,,,,,,,,,,,,,Zn,,N,5.0,protein.sidechain,135.70608099200211,trigonal.bipyramidal,2.0,HIS502:A
PDE4D_dimer,104775,ZN:A:1223,metal_complexes,502,HIS,A,,,,1.368305886854253,,,,,,,,,,,,,,,,,,,,,,,,,,,,Zn,,N,5.0,protein.sidechain,135.70608099200211,trigonal.bipyramidal,2.0,HIS502:A
PDE4D_dimer,104775,ZN:A:1223,metal_complexes,502,HIS,A,,,,2.1458718507869943,,,,,,,,,,,,,,,,,,,,,,,,,,,,Zn,,N,5.0,protein.sidechain,135.70608099200211,trigonal.bipyramidal,2.0,HIS502:A
PDE4D_dimer,104775,ZN:A:1223,metal_complexes,502,HIS,A,,,,1.368305886854253,,,,,,,,,,,,,,,,,,,,,,,,,,,,Zn,,N,5.0,protein.sidechain,135.70608099200211,trigonal.bipyramidal,2.0,HIS502:A
PDE4D_dimer,104775,ZN:B:1223,metal_complexes,1443,HOH,B,,,,2.202447729232182,,,,,,,,,,,,,,,,,,,,,,,,,,,,Zn,,O,5.0,water,135.50778824402013,trigonal.bipyramidal,1.0,HOH1443:B
PDE4D_dimer,104775,ZN:B:1223,metal_complexes,502,HIS,B,,,,2.300014347781336,,,,,,,,,,,,,,,,,,,,,,,,,,,,Zn,,N,5.0,protein.sidechain,135.50778824402013,trigonal.bipyramidal,1.0,HIS502:B
PDE4D_dimer,104775,ZN:B:1223,metal_complexes,502,HIS,B,,,,1.6050847329658358,,,,,,,,,,,,,,,,,,,,,,,,,,,,Zn,,N,5.0,protein.sidechain,135.50778824402013,trigonal.bipyramidal,1.0,HIS502:B
PDE4D_dimer,104775,ZN:B:1223,metal_complexes,502,HIS,B,,,,2.300014347781336,,,,,,,,,,,,,,,,,,,,,,,,,,,,Zn,,N,5.0,protein.sidechain,135.50778824402013,trigonal.bipyramidal,1.0,HIS502:B
PDE4D_dimer,104775,ZN:B:1223,metal_complexes,502,HIS,B,,,,1.6050847329658358,,,,,,,,,,,,,,,,,,,,,,,,,,,,Zn,,N,5.0,protein.sidechain,135.50778824402013,trigonal.bipyramidal,1.0,HIS502:B
PDE4D_dimer,104775,ZN:B:1223,metal_complexes,1443,HOH,B,,,,2.202447729232182,,,,,,,,,,,,,,,,,,,,,,,,,,,,Zn,,O,5.0,water,135.50778824402013,trigonal.bipyramidal,2.0,HOH1443:B
PDE4D_dimer,104775,ZN:B:1223,metal_complexes,502,HIS,B,,,,2.300014347781336,,,,,,,,,,,,,,,,,,,,,,,,,,,,Zn,,N,5.0,protein.sidechain,135.50778824402013,trigonal.bipyramidal,2.0,HIS502:B
PDE4D_dimer,104775,ZN:B:1223,metal_complexes,502,HIS,B,,,,1.6050847329658358,,,,,,,,,,,,,,,,,,,,,,,,,,,,Zn,,N,5.0,protein.sidechain,135.50778824402013,trigonal.bipyramidal,2.0,HIS502:B
PDE4D_dimer,104775,ZN:B:1223,metal_complexes,502,HIS,B,,,,2.300014347781336,,,,,,,,,,,,,,,,,,,,,,,,,,,,Zn,,N,5.0,protein.sidechain,135.50778824402013,trigonal.bipyramidal,2.0,HIS502:B
PDE4D_dimer,104775,ZN:B:1223,metal_complexes,502,HIS,B,,,,1.6050847329658358,,,,,,,,,,,,,,,,,,,,,,,,,,,,Zn,,N,5.0,protein.sidechain,135.50778824402013,trigonal.bipyramidal,2.0,HIS502:B
PDE4D_dimer,104775,MG:B:1224,metal_complexes,1441,HOH,B,,,,2.130300683002284,,,,,,,,,,,,,,,,,,,,,,,,,,,,Mg,,O,5.0,water,129.51277210397092,trigonal.bipyramidal,1.0,HOH1441:B
PDE4D_dimer,104775,MG:B:1224,metal_complexes,502,HIS,B,,,,2.9680875997854224,,,,,,,,,,,,,,,,,,,,,,,,,,,,Mg,,N,5.0,protein.sidechain,129.51277210397092,trigonal.bipyramidal,1.0,HIS502:B
PDE4D_dimer,104775,MG:B:1224,metal_complexes,502,HIS,B,,,,2.9680875997854224,,,,,,,,,,,,,,,,,,,,,,,,,,,,Mg,,N,5.0,protein.sidechain,129.51277210397092,trigonal.bipyramidal,1.0,HIS502:B
PDE4D_dimer,104775,MG:B:1224,metal_complexes,532,GLU,B,,,,2.7823624853710216,,,,,,,,,,,,,,,,,,,,,,,,,,,,Mg,,O,5.0,protein.sidechain,129.51277210397092,trigonal.bipyramidal,1.0,GLU532:B
PDE4D_dimer,104775,MG:B:1224,metal_complexes,532,GLU,B,,,,2.7823624853710216,,,,,,,,,,,,,,,,,,,,,,,,,,,,Mg,,O,5.0,protein.sidechain,129.51277210397092,trigonal.bipyramidal,1.0,GLU532:B
PDE4D_dimer,104775,MG:B:1224,metal_complexes,1441,HOH,B,,,,2.130300683002284,,,,,,,,,,,,,,,,,,,,,,,,,,,,Mg,,O,5.0,water,129.51277210397092,trigonal.bipyramidal,2.0,HOH1441:B
PDE4D_dimer,104775,MG:B:1224,metal_complexes,502,HIS,B,,,,2.9680875997854224,,,,,,,,,,,,,,,,,,,,,,,,,,,,Mg,,N,5.0,protein.sidechain,129.51277210397092,trigonal.bipyramidal,2.0,HIS502:B
PDE4D_dimer,104775,MG:B:1224,metal_complexes,502,HIS,B,,,,2.9680875997854224,,,,,,,,,,,,,,,,,,,,,,,,,,,,Mg,,N,5.0,protein.sidechain,129.51277210397092,trigonal.bipyramidal,2.0,HIS502:B
PDE4D_dimer,104775,MG:B:1224,metal_complexes,532,GLU,B,,,,2.7823624853710216,,,,,,,,,,,,,,,,,,,,,,,,,,,,Mg,,O,5.0,protein.sidechain,129.51277210397092,trigonal.bipyramidal,2.0,GLU532:B
PDE4D_dimer,104775,MG:B:1224,metal_complexes,532,GLU,B,,,,2.7823624853710216,,,,,,,,,,,,,,,,,,,,,,,,,,,,Mg,,O,5.0,protein.sidechain,129.51277210397092,trigonal.bipyramidal,2.0,GLU532:B
PDE4D_dimer,104775,UNL:A:1,hydrophobic_contacts,671,GLN,A,,,,3.947046490732021,,,,,,,,,,,,,,,,,,,,,,,,,,,,,,,,,,,,GLN671:A
PDE4D_dimer,104775,UNL:A:1,hydrophobic_contacts,674,PHE,A,,,,3.745087048387527,,,,,,,,,,,,,,,,,,,,,,,,,,,,,,,,,,,,PHE674:A
PDE4D_dimer,104775,UNL:A:1,hydrophobic_contacts,674,PHE,A,,,,3.5950869252356066,,,,,,,,,,,,,,,,,,,,,,,,,,,,,,,,,,,,PHE674:A
PDE4D_dimer,104775,UNL:A:1,hydrophobic_contacts,674,PHE,A,,,,3.8133419726009374,,,,,,,,,,,,,,,,,,,,,,,,,,,,,,,,,,,,PHE674:A
PDE4D_dimer,104775,UNL:A:1,hbonds_ldon,671,GLN,A,,,,,,,True,,,,False,,,,,,,,,,,,,,110.16220556758796,,strong,,,,,,,,,,,,,GLN671:A
PDE4D_dimer,104775,UNL:A:1,hbonds_pdon,671,GLN,A,,,,,,,True,,,,True,,,,,,,,,,,,,,126.0530237715312,,strong,,,,,,,,,,,,,GLN671:A
PDE4D_dimer,104775,UNL:A:1,hbonds_pdon,631,TYR,A,,,,,,,True,,,,True,,,,,,,,,,,,,,105.76705855936346,,strong,,,,,,,,,,,,,TYR631:A
PDE4D_dimer,104775,UNL:A:1,hbonds_pdon,623,ASN,A,,,,,,,True,,,,True,,,,,,,,,,,,,,114.85560969286873,,strong,,,,,,,,,,,,,ASN623:A
PDE4D_dimer,104775,UNL:A:1,hbonds_pdon,623,ASN,A,,,,,,,True,,,,True,,,,,,,,,,,,,,173.52168775554972,,strong,,,,,,,,,,,,,ASN623:A
PDE4D_dimer,104775,UNL:A:1,water_bridges,623,ASN,A,,,,,,,,,,,True,,,,,,,,,,,,,,,,first_deg,,,,,,,,,,,,,ASN623:A
PDE4D_dimer,10559720,ZN:A:1223,metal_complexes,1448,HOH,A,,,,2.2084152689202274,,,,,,,,,,,,,,,,,,,,,,,,,,,,Zn,,O,5.0,water,135.70608099200211,trigonal.bipyramidal,1.0,HOH1448:A
PDE4D_dimer,10559720,ZN:A:1223,metal_complexes,502,HIS,A,,,,2.1458718507869943,,,,,,,,,,,,,,,,,,,,,,,,,,,,Zn,,N,5.0,protein.sidechain,135.70608099200211,trigonal.bipyramidal,1.0,HIS502:A
PDE4D_dimer,10559720,ZN:A:1223,metal_complexes,502,HIS,A,,,,1.368305886854253,,,,,,,,,,,,,,,,,,,,,,,,,,,,Zn,,N,5.0,protein.sidechain,135.70608099200211,trigonal.bipyramidal,1.0,HIS502:A
PDE4D_dimer,10559720,ZN:A:1223,metal_complexes,502,HIS,A,,,,2.1458718507869943,,,,,,,,,,,,,,,,,,,,,,,,,,,,Zn,,N,5.0,protein.sidechain,135.70608099200211,trigonal.bipyramidal,1.0,HIS502:A
PDE4D_dimer,10559720,ZN:A:1223,metal_complexes,502,HIS,A,,,,1.368305886854253,,,,,,,,,,,,,,,,,,,,,,,,,,,,Zn,,N,5.0,protein.sidechain,135.70608099200211,trigonal.bipyramidal,1.0,HIS502:A
PDE4D_dimer,10559720,ZN:A:1223,metal_complexes,1448,HOH,A,,,,2.2084152689202274,,,,,,,,,,,,,,,,,,,,,,,,,,,,Zn,,O,5.0,water,135.70608099200211,trigonal.bipyramidal,2.0,HOH1448:A
PDE4D_dimer,10559720,ZN:A:1223,metal_complexes,502,HIS,A,,,,2.1458718507869943,,,,,,,,,,,,,,,,,,,,,,,,,,,,Zn,,N,5.0,protein.sidechain,135.70608099200211,trigonal.bipyramidal,2.0,HIS502:A
PDE4D_dimer,10559720,ZN:A:1223,metal_complexes,502,HIS,A,,,,1.368305886854253,,,,,,,,,,,,,,,,,,,,,,,,,,,,Zn,,N,5.0,protein.sidechain,135.70608099200211,trigonal.bipyramidal,2.0,HIS502:A
PDE4D_dimer,10559720,ZN:A:1223,metal_complexes,502,HIS,A,,,,2.1458718507869943,,,,,,,,,,,,,,,,,,,,,,,,,,,,Zn,,N,5.0,protein.sidechain,135.70608099200211,trigonal.bipyramidal,2.0,HIS502:A
PDE4D_dimer,10559720,ZN:A:1223,metal_complexes,502,HIS,A,,,,1.368305886854253,,,,,,,,,,,,,,,,,,,,,,,,,,,,Zn,,N,5.0,protein.sidechain,135.70608099200211,trigonal.bipyramidal,2.0,HIS502:A
PDE4D_dimer,10559720,ZN:B:1223,metal_complexes,1443,HOH,B,,,,2.202447729232182,,,,,,,,,,,,,,,,,,,,,,,,,,,,Zn,,O,5.0,water,135.50778824402013,trigonal.bipyramidal,1.0,HOH1443:B
PDE4D_dimer,10559720,ZN:B:1223,metal_complexes,502,HIS,B,,,,2.300014347781336,,,,,,,,,,,,,,,,,,,,,,,,,,,,Zn,,N,5.0,protein.sidechain,135.50778824402013,trigonal.bipyramidal,1.0,HIS502:B
PDE4D_dimer,10559720,ZN:B:1223,metal_complexes,502,HIS,B,,,,1.6050847329658358,,,,,,,,,,,,,,,,,,,,,,,,,,,,Zn,,N,5.0,protein.sidechain,135.50778824402013,trigonal.bipyramidal,1.0,HIS502:B
PDE4D_dimer,10559720,ZN:B:1223,metal_complexes,502,HIS,B,,,,2.300014347781336,,,,,,,,,,,,,,,,,,,,,,,,,,,,Zn,,N,5.0,protein.sidechain,135.50778824402013,trigonal.bipyramidal,1.0,HIS502:B
PDE4D_dimer,10559720,ZN:B:1223,metal_complexes,502,HIS,B,,,,1.6050847329658358,,,,,,,,,,,,,,,,,,,,,,,,,,,,Zn,,N,5.0,protein.sidechain,135.50778824402013,trigonal.bipyramidal,1.0,HIS502:B
PDE4D_dimer,10559720,ZN:B:1223,metal_complexes,1443,HOH,B,,,,2.202447729232182,,,,,,,,,,,,,,,,,,,,,,,,,,,,Zn,,O,5.0,water,135.50778824402013,trigonal.bipyramidal,2.0,HOH1443:B
PDE4D_dimer,10559720,ZN:B:1223,metal_complexes,502,HIS,B,,,,2.300014347781336,,,,,,,,,,,,,,,,,,,,,,,,,,,,Zn,,N,5.0,protein.sidechain,135.50778824402013,trigonal.bipyramidal,2.0,HIS502:B
PDE4D_dimer,10559720,ZN:B:1223,metal_complexes,502,HIS,B,,,,1.6050847329658358,,,,,,,,,,,,,,,,,,,,,,,,,,,,Zn,,N,5.0,protein.sidechain,135.50778824402013,trigonal.bipyramidal,2.0,HIS502:B
PDE4D_dimer,10559720,ZN:B:1223,metal_complexes,502,HIS,B,,,,2.300014347781336,,,,,,,,,,,,,,,,,,,,,,,,,,,,Zn,,N,5.0,protein.sidechain,135.50778824402013,trigonal.bipyramidal,2.0,HIS502:B
PDE4D_dimer,10559720,ZN:B:1223,metal_complexes,502,HIS,B,,,,1.6050847329658358,,,,,,,,,,,,,,,,,,,,,,,,,,,,Zn,,N,5.0,protein.sidechain,135.50778824402013,trigonal.bipyramidal,2.0,HIS502:B
PDE4D_dimer,10559720,MG:B:1224,metal_complexes,1441,HOH,B,,,,2.130300683002284,,,,,,,,,,,,,,,,,,,,,,,,,,,,Mg,,O,5.0,water,129.51277210397092,trigonal.bipyramidal,1.0,HOH1441:B
PDE4D_dimer,10559720,MG:B:1224,metal_complexes,502,HIS,B,,,,2.9680875997854224,,,,,,,,,,,,,,,,,,,,,,,,,,,,Mg,,N,5.0,protein.sidechain,129.51277210397092,trigonal.bipyramidal,1.0,HIS502:B
PDE4D_dimer,10559720,MG:B:1224,metal_complexes,502,HIS,B,,,,2.9680875997854224,,,,,,,,,,,,,,,,,,,,,,,,,,,,Mg,,N,5.0,protein.sidechain,129.51277210397092,trigonal.bipyramidal,1.0,HIS502:B
PDE4D_dimer,10559720,MG:B:1224,metal_complexes,532,GLU,B,,,,2.7823624853710216,,,,,,,,,,,,,,,,,,,,,,,,,,,,Mg,,O,5.0,protein.sidechain,129.51277210397092,trigonal.bipyramidal,1.0,GLU532:B
PDE4D_dimer,10559720,MG:B:1224,metal_complexes,532,GLU,B,,,,2.7823624853710216,,,,,,,,,,,,,,,,,,,,,,,,,,,,Mg,,O,5.0,protein.sidechain,129.51277210397092,trigonal.bipyramidal,1.0,GLU532:B
PDE4D_dimer,10559720,MG:B:1224,metal_complexes,1441,HOH,B,,,,2.130300683002284,,,,,,,,,,,,,,,,,,,,,,,,,,,,Mg,,O,5.0,water,129.51277210397092,trigonal.bipyramidal,2.0,HOH1441:B
PDE4D_dimer,10559720,MG:B:1224,metal_complexes,502,HIS,B,,,,2.9680875997854224,,,,,,,,,,,,,,,,,,,,,,,,,,,,Mg,,N,5.0,protein.sidechain,129.51277210397092,trigonal.bipyramidal,2.0,HIS502:B
PDE4D_dimer,10559720,MG:B:1224,metal_complexes,502,HIS,B,,,,2.9680875997854224,,,,,,,,,,,,,,,,,,,,,,,,,,,,Mg,,N,5.0,protein.sidechain,129.51277210397092,trigonal.bipyramidal,2.0,HIS502:B
PDE4D_dimer,10559720,MG:B:1224,metal_complexes,532,GLU,B,,,,2.7823624853710216,,,,,,,,,,,,,,,,,,,,,,,,,,,,Mg,,O,5.0,protein.sidechain,129.51277210397092,trigonal.bipyramidal,2.0,GLU532:B
PDE4D_dimer,10559720,MG:B:1224,metal_complexes,532,GLU,B,,,,2.7823624853710216,,,,,,,,,,,,,,,,,,,,,,,,,,,,Mg,,O,5.0,protein.sidechain,129.51277210397092,trigonal.bipyramidal,2.0,GLU532:B
PDE4D_dimer,10559720,UNL:Z:1,hydrophobic_contacts,638,ILE,A,,,,3.446848125461871,,,,,,,,,,,,,,,,,,,,,,,,,,,,,,,,,,,,ILE638:A
PDE4D_dimer,10559720,UNL:Z:1,hydrophobic_contacts,674,PHE,A,,,,3.740944533135983,,,,,,,,,,,,,,,,,,,,,,,,,,,,,,,,,,,,PHE674:A
PDE4D_dimer,10559720,UNL:Z:1,hydrophobic_contacts,674,PHE,A,,,,3.9040231812836335,,,,,,,,,,,,,,,,,,,,,,,,,,,,,,,,,,,,PHE674:A
PDE4D_dimer,10559720,UNL:Z:1,hydrophobic_contacts,674,PHE,A,,,,3.8633573482141137,,,,,,,,,,,,,,,,,,,,,,,,,,,,,,,,,,,,PHE674:A
PDE4D_dimer,10559720,UNL:Z:1,hydrophobic_contacts,642,PHE,A,,,,3.7271730574256954,,,,,,,,,,,,,,,,,,,,,,,,,,,,,,,,,,,,PHE642:A
PDE4D_dimer,10559720,UNL:Z:1,hydrophobic_contacts,674,PHE,A,,,,3.5356180506383885,,,,,,,,,,,,,,,,,,,,,,,,,,,,,,,,,,,,PHE674:A
PDE4D_dimer,10559720,UNL:Z:1,hbonds_pdon,623,ASN,A,,,,,,,True,,,,True,,,,,,,,,,,,,,118.35106747736444,,strong,,,,,,,,,,,,,ASN623:A
PDE4D_dimer,10559720,UNL:Z:1,hbonds_pdon,461,TYR,A,,,,,,,True,,,,True,,,,,,,,,,,,,,164.3312553366743,,strong,,,,,,,,,,,,,TYR461:A
PDE4D_dimer,10559720,UNL:Z:1,hbonds_pdon,623,ASN,A,,,,,,,True,,,,True,,,,,,,,,,,,,,118.35106747736444,,strong,,,,,,,,,,,,,ASN623:A
PDE4D_dimer,10559720,UNL:Z:1,hbonds_pdon,671,GLN,A,,,,,,,False,,,,True,,,,,,,,,,,,,,161.24402880794312,,strong,,,,,,,,,,,,,GLN671:A
PDE4D_dimer,10559720,UNL:Z:1,hbonds_pdon,671,GLN,A,,,,,,,False,,,,True,,,,,,,,,,,,,,170.13898968865956,,strong,,,,,,,,,,,,,GLN671:A
PDE4D_dimer,10559720,UNL:Z:1,hbonds_pdon,671,GLN,A,,,,,,,True,,,,True,,,,,,,,,,,,,,103.0844719456519,,strong,,,,,,,,,,,,,GLN671:A
PDE4D_dimer,10559720,UNL:Z:1,hbonds_pdon,671,GLN,A,,,,,,,True,,,,True,,,,,,,,,,,,,,103.0844719456519,,strong,,,,,,,,,,,,,GLN671:A
PDE4D_dimer,10559720,UNL:Z:1,water_bridges,621,LEU,A,,,,,,,,,,,True,,,,,,,,,,,,,,,,first_deg,,,,,,,,,,,,,LEU621:A
PDE4D_dimer,10559720,UNL:Z:1,water_bridges,461,TYR,A,,,,,,,,,,,True,,,,,,,,,,,,,,,,first_deg,,,,,,,,,,,,,TYR461:A
PDE4D_dimer,10559720,UNL:Z:1,water_bridges,620,ASP,A,,,,,,,,,,,False,,,,,,,,,,,,,,,,first_deg,,,,,,,,,,,,,ASP620:A
PDE4D_dimer,439435,ZN:A:1223,metal_complexes,1448,HOH,A,,,,2.2084152689202274,,,,,,,,,,,,,,,,,,,,,,,,,,,,Zn,,O,5.0,water,135.70608099200211,trigonal.bipyramidal,1.0,HOH1448:A
PDE4D_dimer,439435,ZN:A:1223,metal_complexes,502,HIS,A,,,,2.1458718507869943,,,,,,,,,,,,,,,,,,,,,,,,,,,,Zn,,N,5.0,protein.sidechain,135.70608099200211,trigonal.bipyramidal,1.0,HIS502:A
PDE4D_dimer,439435,ZN:A:1223,metal_complexes,502,HIS,A,,,,1.368305886854253,,,,,,,,,,,,,,,,,,,,,,,,,,,,Zn,,N,5.0,protein.sidechain,135.70608099200211,trigonal.bipyramidal,1.0,HIS502:A
PDE4D_dimer,439435,ZN:A:1223,metal_complexes,502,HIS,A,,,,2.1458718507869943,,,,,,,,,,,,,,,,,,,,,,,,,,,,Zn,,N,5.0,protein.sidechain,135.70608099200211,trigonal.bipyramidal,1.0,HIS502:A
PDE4D_dimer,439435,ZN:A:1223,metal_complexes,502,HIS,A,,,,1.368305886854253,,,,,,,,,,,,,,,,,,,,,,,,,,,,Zn,,N,5.0,protein.sidechain,135.70608099200211,trigonal.bipyramidal,1.0,HIS502:A
PDE4D_dimer,439435,ZN:A:1223,metal_complexes,1448,HOH,A,,,,2.2084152689202274,,,,,,,,,,,,,,,,,,,,,,,,,,,,Zn,,O,5.0,water,135.70608099200211,trigonal.bipyramidal,2.0,HOH1448:A
PDE4D_dimer,439435,ZN:A:1223,metal_complexes,502,HIS,A,,,,2.1458718507869943,,,,,,,,,,,,,,,,,,,,,,,,,,,,Zn,,N,5.0,protein.sidechain,135.70608099200211,trigonal.bipyramidal,2.0,HIS502:A
PDE4D_dimer,439435,ZN:A:1223,metal_complexes,502,HIS,A,,,,1.368305886854253,,,,,,,,,,,,,,,,,,,,,,,,,,,,Zn,,N,5.0,protein.sidechain,135.70608099200211,trigonal.bipyramidal,2.0,HIS502:A
PDE4D_dimer,439435,ZN:A:1223,metal_complexes,502,HIS,A,,,,2.1458718507869943,,,,,,,,,,,,,,,,,,,,,,,,,,,,Zn,,N,5.0,protein.sidechain,135.70608099200211,trigonal.bipyramidal,2.0,HIS502:A
PDE4D_dimer,439435,ZN:A:1223,metal_complexes,502,HIS,A,,,,1.368305886854253,,,,,,,,,,,,,,,,,,,,,,,,,,,,Zn,,N,5.0,protein.sidechain,135.70608099200211,trigonal.bipyramidal,2.0,HIS502:A
PDE4D_dimer,439435,ZN:B:1223,metal_complexes,1443,HOH,B,,,,2.202447729232182,,,,,,,,,,,,,,,,,,,,,,,,,,,,Zn,,O,5.0,water,135.50778824402013,trigonal.bipyramidal,1.0,HOH1443:B
PDE4D_dimer,439435,ZN:B:1223,metal_complexes,502,HIS,B,,,,2.300014347781336,,,,,,,,,,,,,,,,,,,,,,,,,,,,Zn,,N,5.0,protein.sidechain,135.50778824402013,trigonal.bipyramidal,1.0,HIS502:B
PDE4D_dimer,439435,ZN:B:1223,metal_complexes,502,HIS,B,,,,1.6050847329658358,,,,,,,,,,,,,,,,,,,,,,,,,,,,Zn,,N,5.0,protein.sidechain,135.50778824402013,trigonal.bipyramidal,1.0,HIS502:B
PDE4D_dimer,439435,ZN:B:1223,metal_complexes,502,HIS,B,,,,2.300014347781336,,,,,,,,,,,,,,,,,,,,,,,,,,,,Zn,,N,5.0,protein.sidechain,135.50778824402013,trigonal.bipyramidal,1.0,HIS502:B
PDE4D_dimer,439435,ZN:B:1223,metal_complexes,502,HIS,B,,,,1.6050847329658358,,,,,,,,,,,,,,,,,,,,,,,,,,,,Zn,,N,5.0,protein.sidechain,135.50778824402013,trigonal.bipyramidal,1.0,HIS502:B
PDE4D_dimer,439435,ZN:B:1223,metal_complexes,1443,HOH,B,,,,2.202447729232182,,,,,,,,,,,,,,,,,,,,,,,,,,,,Zn,,O,5.0,water,135.50778824402013,trigonal.bipyramidal,2.0,HOH1443:B
PDE4D_dimer,439435,ZN:B:1223,metal_complexes,502,HIS,B,,,,2.300014347781336,,,,,,,,,,,,,,,,,,,,,,,,,,,,Zn,,N,5.0,protein.sidechain,135.50778824402013,trigonal.bipyramidal,2.0,HIS502:B
PDE4D_dimer,439435,ZN:B:1223,metal_complexes,502,HIS,B,,,,1.6050847329658358,,,,,,,,,,,,,,,,,,,,,,,,,,,,Zn,,N,5.0,protein.sidechain,135.50778824402013,trigonal.bipyramidal,2.0,HIS502:B
PDE4D_dimer,439435,ZN:B:1223,metal_complexes,502,HIS,B,,,,2.300014347781336,,,,,,,,,,,,,,,,,,,,,,,,,,,,Zn,,N,5.0,protein.sidechain,135.50778824402013,trigonal.bipyramidal,2.0,HIS502:B
PDE4D_dimer,439435,ZN:B:1223,metal_complexes,502,HIS,B,,,,1.6050847329658358,,,,,,,,,,,,,,,,,,,,,,,,,,,,Zn,,N,5.0,protein.sidechain,135.50778824402013,trigonal.bipyramidal,2.0,HIS502:B
PDE4D_dimer,439435,MG:B:1224,metal_complexes,1441,HOH,B,,,,2.130300683002284,,,,,,,,,,,,,,,,,,,,,,,,,,,,Mg,,O,5.0,water,129.51277210397092,trigonal.bipyramidal,1.0,HOH1441:B
PDE4D_dimer,439435,MG:B:1224,metal_complexes,502,HIS,B,,,,2.9680875997854224,,,,,,,,,,,,,,,,,,,,,,,,,,,,Mg,,N,5.0,protein.sidechain,129.51277210397092,trigonal.bipyramidal,1.0,HIS502:B
PDE4D_dimer,439435,MG:B:1224,metal_complexes,502,HIS,B,,,,2.9680875997854224,,,,,,,,,,,,,,,,,,,,,,,,,,,,Mg,,N,5.0,protein.sidechain,129.51277210397092,trigonal.bipyramidal,1.0,HIS502:B
PDE4D_dimer,439435,MG:B:1224,metal_complexes,532,GLU,B,,,,2.7823624853710216,,,,,,,,,,,,,,,,,,,,,,,,,,,,Mg,,O,5.0,protein.sidechain,129.51277210397092,trigonal.bipyramidal,1.0,GLU532:B
PDE4D_dimer,439435,MG:B:1224,metal_complexes,532,GLU,B,,,,2.7823624853710216,,,,,,,,,,,,,,,,,,,,,,,,,,,,Mg,,O,5.0,protein.sidechain,129.51277210397092,trigonal.bipyramidal,1.0,GLU532:B
PDE4D_dimer,439435,MG:B:1224,metal_complexes,1441,HOH,B,,,,2.130300683002284,,,,,,,,,,,,,,,,,,,,,,,,,,,,Mg,,O,5.0,water,129.51277210397092,trigonal.bipyramidal,2.0,HOH1441:B
PDE4D_dimer,439435,MG:B:1224,metal_complexes,502,HIS,B,,,,2.9680875997854224,,,,,,,,,,,,,,,,,,,,,,,,,,,,Mg,,N,5.0,protein.sidechain,129.51277210397092,trigonal.bipyramidal,2.0,HIS502:B
PDE4D_dimer,439435,MG:B:1224,metal_complexes,502,HIS,B,,,,2.9680875997854224,,,,,,,,,,,,,,,,,,,,,,,,,,,,Mg,,N,5.0,protein.sidechain,129.51277210397092,trigonal.bipyramidal,2.0,HIS502:B
PDE4D_dimer,439435,MG:B:1224,metal_complexes,532,GLU,B,,,,2.7823624853710216,,,,,,,,,,,,,,,,,,,,,,,,,,,,Mg,,O,5.0,protein.sidechain,129.51277210397092,trigonal.bipyramidal,2.0,GLU532:B
PDE4D_dimer,439435,MG:B:1224,metal_complexes,532,GLU,B,,,,2.7823624853710216,,,,,,,,,,,,,,,,,,,,,,,,,,,,Mg,,O,5.0,protein.sidechain,129.51277210397092,trigonal.bipyramidal,2.0,GLU532:B
PDE4D_dimer,439435,UNL:Z:1,hydrophobic_contacts,674,PHE,A,,,,3.688487766009262,,,,,,,,,,,,,,,,,,,,,,,,,,,,,,,,,,,,PHE674:A
PDE4D_dimer,439435,UNL:Z:1,hydrophobic_contacts,674,PHE,A,,,,3.764373254606935,,,,,,,,,,,,,,,,,,,,,,,,,,,,,,,,,,,,PHE674:A
PDE4D_dimer,439435,UNL:Z:1,hydrophobic_contacts,674,PHE,A,,,,3.6421725659282,,,,,,,,,,,,,,,,,,,,,,,,,,,,,,,,,,,,PHE674:A
PDE4D_dimer,439435,UNL:Z:1,hydrophobic_contacts,674,PHE,A,,,,3.645290797727938,,,,,,,,,,,,,,,,,,,,,,,,,,,,,,,,,,,,PHE674:A
PDE4D_dimer,439435,UNL:Z:1,hydrophobic_contacts,674,PHE,A,,,,3.742978760292396,,,,,,,,,,,,,,,,,,,,,,,,,,,,,,,,,,,,PHE674:A
PDE4D_dimer,439435,UNL:Z:1,hbonds_ldon,670,SER,A,,,,,,,False,,,,False,,,,,,,,,,,,,,146.318808590397,,strong,,,,,,,,,,,,,SER670:A
PDE4D_dimer,439435,UNL:Z:1,hbonds_ldon,671,GLN,A,,,,,,,True,,,,False,,,,,,,,,,,,,,125.06576941687528,,strong,,,,,,,,,,,,,GLN671:A
PDE4D_dimer,439435,UNL:Z:1,hbonds_ldon,671,GLN,A,,,,,,,True,,,,False,,,,,,,,,,,,,,135.66542991671943,,strong,,,,,,,,,,,,,GLN671:A
PDE4D_dimer,439435,UNL:Z:1,hbonds_pdon,671,GLN,A,,,,,,,True,,,,True,,,,,,,,,,,,,,127.79881270897768,,strong,,,,,,,,,,,,,GLN671:A
PDE4D_dimer,439435,UNL:Z:1,hbonds_pdon,671,GLN,A,,,,,,,True,,,,True,,,,,,,,,,,,,,127.79881270897768,,strong,,,,,,,,,,,,,GLN671:A
PDE4D_dimer,439435,UNL:Z:1,hbonds_pdon,623,ASN,A,,,,,,,True,,,,True,,,,,,,,,,,,,,105.52378604093468,,strong,,,,,,,,,,,,,ASN623:A
PDE4D_dimer,439435,UNL:Z:1,hbonds_pdon,623,ASN,A,,,,,,,True,,,,True,,,,,,,,,,,,,,157.11188975157324,,strong,,,,,,,,,,,,,ASN623:A
PDE4D_dimer,439435,UNL:Z:1,hbonds_pdon,670,SER,A,,,,,,,True,,,,True,,,,,,,,,,,,,,122.23154137569573,,strong,,,,,,,,,,,,,SER670:A
PDE4D_dimer,439435,UNL:Z:1,water_bridges,623,ASN,A,,,,,,,,,,,True,,,,,,,,,,,,,,,,first_deg,,,,,,,,,,,,,ASN623:A
PDE4D_dimer,439435,UNL:Z:1,water_bridges,671,GLN,A,,,,,,,,,,,True,,,,,,,,,,,,,,,,first_deg,,,,,,,,,,,,,GLN671:A
PDE4D_dimer,439435,UNL:Z:1,water_bridges,674,PHE,A,,,,,,,,,,,True,,,,,,,,,,,,,,,,first_deg,,,,,,,,,,,,,PHE674:A
PDE4D_dimer,175,ZN:A:1223,metal_complexes,1448,HOH,A,,,,2.2084152689202274,,,,,,,,,,,,,,,,,,,,,,,,,,,,Zn,,O,5.0,water,135.70608099200211,trigonal.bipyramidal,1.0,HOH1448:A
PDE4D_dimer,175,ZN:A:1223,metal_complexes,502,HIS,A,,,,2.1458718507869943,,,,,,,,,,,,,,,,,,,,,,,,,,,,Zn,,N,5.0,protein.sidechain,135.70608099200211,trigonal.bipyramidal,1.0,HIS502:A
PDE4D_dimer,175,ZN:A:1223,metal_complexes,502,HIS,A,,,,1.368305886854253,,,,,,,,,,,,,,,,,,,,,,,,,,,,Zn,,N,5.0,protein.sidechain,135.70608099200211,trigonal.bipyramidal,1.0,HIS502:A
PDE4D_dimer,175,ZN:A:1223,metal_complexes,502,HIS,A,,,,2.1458718507869943,,,,,,,,,,,,,,,,,,,,,,,,,,,,Zn,,N,5.0,protein.sidechain,135.70608099200211,trigonal.bipyramidal,1.0,HIS502:A
PDE4D_dimer,175,ZN:A:1223,metal_complexes,502,HIS,A,,,,1.368305886854253,,,,,,,,,,,,,,,,,,,,,,,,,,,,Zn,,N,5.0,protein.sidechain,135.70608099200211,trigonal.bipyramidal,1.0,HIS502:A
PDE4D_dimer,175,ZN:A:1223,metal_complexes,1448,HOH,A,,,,2.2084152689202274,,,,,,,,,,,,,,,,,,,,,,,,,,,,Zn,,O,5.0,water,135.70608099200211,trigonal.bipyramidal,2.0,HOH1448:A
PDE4D_dimer,175,ZN:A:1223,metal_complexes,502,HIS,A,,,,2.1458718507869943,,,,,,,,,,,,,,,,,,,,,,,,,,,,Zn,,N,5.0,protein.sidechain,135.70608099200211,trigonal.bipyramidal,2.0,HIS502:A
PDE4D_dimer,175,ZN:A:1223,metal_complexes,502,HIS,A,,,,1.368305886854253,,,,,,,,,,,,,,,,,,,,,,,,,,,,Zn,,N,5.0,protein.sidechain,135.70608099200211,trigonal.bipyramidal,2.0,HIS502:A
PDE4D_dimer,175,ZN:A:1223,metal_complexes,502,HIS,A,,,,2.1458718507869943,,,,,,,,,,,,,,,,,,,,,,,,,,,,Zn,,N,5.0,protein.sidechain,135.70608099200211,trigonal.bipyramidal,2.0,HIS502:A
PDE4D_dimer,175,ZN:A:1223,metal_complexes,502,HIS,A,,,,1.368305886854253,,,,,,,,,,,,,,,,,,,,,,,,,,,,Zn,,N,5.0,protein.sidechain,135.70608099200211,trigonal.bipyramidal,2.0,HIS502:A
PDE4D_dimer,175,ZN:B:1223,metal_complexes,1443,HOH,B,,,,2.202447729232182,,,,,,,,,,,,,,,,,,,,,,,,,,,,Zn,,O,5.0,water,135.50778824402013,trigonal.bipyramidal,1.0,HOH1443:B
PDE4D_dimer,175,ZN:B:1223,metal_complexes,502,HIS,B,,,,2.300014347781336,,,,,,,,,,,,,,,,,,,,,,,,,,,,Zn,,N,5.0,protein.sidechain,135.50778824402013,trigonal.bipyramidal,1.0,HIS502:B
PDE4D_dimer,175,ZN:B:1223,metal_complexes,502,HIS,B,,,,1.6050847329658358,,,,,,,,,,,,,,,,,,,,,,,,,,,,Zn,,N,5.0,protein.sidechain,135.50778824402013,trigonal.bipyramidal,1.0,HIS502:B
PDE4D_dimer,175,ZN:B:1223,metal_complexes,502,HIS,B,,,,2.300014347781336,,,,,,,,,,,,,,,,,,,,,,,,,,,,Zn,,N,5.0,protein.sidechain,135.50778824402013,trigonal.bipyramidal,1.0,HIS502:B
PDE4D_dimer,175,ZN:B:1223,metal_complexes,502,HIS,B,,,,1.6050847329658358,,,,,,,,,,,,,,,,,,,,,,,,,,,,Zn,,N,5.0,protein.sidechain,135.50778824402013,trigonal.bipyramidal,1.0,HIS502:B
PDE4D_dimer,175,ZN:B:1223,metal_complexes,1443,HOH,B,,,,2.202447729232182,,,,,,,,,,,,,,,,,,,,,,,,,,,,Zn,,O,5.0,water,135.50778824402013,trigonal.bipyramidal,2.0,HOH1443:B
PDE4D_dimer,175,ZN:B:1223,metal_complexes,502,HIS,B,,,,2.300014347781336,,,,,,,,,,,,,,,,,,,,,,,,,,,,Zn,,N,5.0,protein.sidechain,135.50778824402013,trigonal.bipyramidal,2.0,HIS502:B
PDE4D_dimer,175,ZN:B:1223,metal_complexes,502,HIS,B,,,,1.6050847329658358,,,,,,,,,,,,,,,,,,,,,,,,,,,,Zn,,N,5.0,protein.sidechain,135.50778824402013,trigonal.bipyramidal,2.0,HIS502:B
PDE4D_dimer,175,ZN:B:1223,metal_complexes,502,HIS,B,,,,2.300014347781336,,,,,,,,,,,,,,,,,,,,,,,,,,,,Zn,,N,5.0,protein.sidechain,135.50778824402013,trigonal.bipyramidal,2.0,HIS502:B
PDE4D_dimer,175,ZN:B:1223,metal_complexes,502,HIS,B,,,,1.6050847329658358,,,,,,,,,,,,,,,,,,,,,,,,,,,,Zn,,N,5.0,protein.sidechain,135.50778824402013,trigonal.bipyramidal,2.0,HIS502:B
PDE4D_dimer,175,MG:B:1224,metal_complexes,1441,HOH,B,,,,2.130300683002284,,,,,,,,,,,,,,,,,,,,,,,,,,,,Mg,,O,5.0,water,129.51277210397092,trigonal.bipyramidal,1.0,HOH1441:B
PDE4D_dimer,175,MG:B:1224,metal_complexes,502,HIS,B,,,,2.9680875997854224,,,,,,,,,,,,,,,,,,,,,,,,,,,,Mg,,N,5.0,protein.sidechain,129.51277210397092,trigonal.bipyramidal,1.0,HIS502:B
PDE4D_dimer,175,MG:B:1224,metal_complexes,502,HIS,B,,,,2.9680875997854224,,,,,,,,,,,,,,,,,,,,,,,,,,,,Mg,,N,5.0,protein.sidechain,129.51277210397092,trigonal.bipyramidal,1.0,HIS502:B
PDE4D_dimer,175,MG:B:1224,metal_complexes,532,GLU,B,,,,2.7823624853710216,,,,,,,,,,,,,,,,,,,,,,,,,,,,Mg,,O,5.0,protein.sidechain,129.51277210397092,trigonal.bipyramidal,1.0,GLU532:B
PDE4D_dimer,175,MG:B:1224,metal_complexes,532,GLU,B,,,,2.7823624853710216,,,,,,,,,,,,,,,,,,,,,,,,,,,,Mg,,O,5.0,protein.sidechain,129.51277210397092,trigonal.bipyramidal,1.0,GLU532:B
PDE4D_dimer,175,MG:B:1224,metal_complexes,1441,HOH,B,,,,2.130300683002284,,,,,,,,,,,,,,,,,,,,,,,,,,,,Mg,,O,5.0,water,129.51277210397092,trigonal.bipyramidal,2.0,HOH1441:B
PDE4D_dimer,175,MG:B:1224,metal_complexes,502,HIS,B,,,,2.9680875997854224,,,,,,,,,,,,,,,,,,,,,,,,,,,,Mg,,N,5.0,protein.sidechain,129.51277210397092,trigonal.bipyramidal,2.0,HIS502:B
PDE4D_dimer,175,MG:B:1224,metal_complexes,502,HIS,B,,,,2.9680875997854224,,,,,,,,,,,,,,,,,,,,,,,,,,,,Mg,,N,5.0,protein.sidechain,129.51277210397092,trigonal.bipyramidal,2.0,HIS502:B
PDE4D_dimer,175,MG:B:1224,metal_complexes,532,GLU,B,,,,2.7823624853710216,,,,,,,,,,,,,,,,,,,,,,,,,,,,Mg,,O,5.0,protein.sidechain,129.51277210397092,trigonal.bipyramidal,2.0,GLU532:B
PDE4D_dimer,175,MG:B:1224,metal_complexes,532,GLU,B,,,,2.7823624853710216,,,,,,,,,,,,,,,,,,,,,,,,,,,,Mg,,O,5.0,protein.sidechain,129.51277210397092,trigonal.bipyramidal,2.0,GLU532:B
PDE4D_dimer,175,UNL:A:1,hydrophobic_contacts,513,PHE,A,,,,3.630810515573623,,,,,,,,,,,,,,,,,,,,,,,,,,,,,,,,,,,,PHE513:A
PDE4D_dimer,175,UNL:A:1,hbonds_ldon,645,GLN,A,,,,,,,True,,,,False,,,,,,,,,,,,,,142.50457419601625,,strong,,,,,,,,,,,,,GLN645:A
PDE4D_dimer,175,UNL:A:1,hbonds_pdon,516,ASN,A,,,,,,,True,,,,True,,,,,,,,,,,,,,109.77121547243344,,strong,,,,,,,,,,,,,ASN516:A
PDE4D_dimer,175,UNL:A:1,hbonds_pdon,516,ASN,A,,,,,,,True,,,,True,,,,,,,,,,,,,,109.77121547243344,,strong,,,,,,,,,,,,,ASN516:A
PDE4D_dimer,175,UNL:A:1,hbonds_pdon,645,GLN,A,,,,,,,True,,,,True,,,,,,,,,,,,,,126.01183737832656,,strong,,,,,,,,,,,,,GLN645:A
PDE4D_dimer,175,UNL:A:1,hbonds_pdon,645,GLN,A,,,,,,,True,,,,True,,,,,,,,,,,,,,126.01183737832656,,strong,,,,,,,,,,,,,GLN645:A
PDE4D_dimer,348154,ZN:A:1223,metal_complexes,1448,HOH,A,,,,2.2084152689202274,,,,,,,,,,,,,,,,,,,,,,,,,,,,Zn,,O,5.0,water,135.70608099200211,trigonal.bipyramidal,1.0,HOH1448:A
PDE4D_dimer,348154,ZN:A:1223,metal_complexes,502,HIS,A,,,,2.1458718507869943,,,,,,,,,,,,,,,,,,,,,,,,,,,,Zn,,N,5.0,protein.sidechain,135.70608099200211,trigonal.bipyramidal,1.0,HIS502:A
PDE4D_dimer,348154,ZN:A:1223,metal_complexes,502,HIS,A,,,,1.368305886854253,,,,,,,,,,,,,,,,,,,,,,,,,,,,Zn,,N,5.0,protein.sidechain,135.70608099200211,trigonal.bipyramidal,1.0,HIS502:A
PDE4D_dimer,348154,ZN:A:1223,metal_complexes,502,HIS,A,,,,2.1458718507869943,,,,,,,,,,,,,,,,,,,,,,,,,,,,Zn,,N,5.0,protein.sidechain,135.70608099200211,trigonal.bipyramidal,1.0,HIS502:A
PDE4D_dimer,348154,ZN:A:1223,metal_complexes,502,HIS,A,,,,1.368305886854253,,,,,,,,,,,,,,,,,,,,,,,,,,,,Zn,,N,5.0,protein.sidechain,135.70608099200211,trigonal.bipyramidal,1.0,HIS502:A
PDE4D_dimer,348154,ZN:A:1223,metal_complexes,1448,HOH,A,,,,2.2084152689202274,,,,,,,,,,,,,,,,,,,,,,,,,,,,Zn,,O,5.0,water,135.70608099200211,trigonal.bipyramidal,2.0,HOH1448:A
PDE4D_dimer,348154,ZN:A:1223,metal_complexes,502,HIS,A,,,,2.1458718507869943,,,,,,,,,,,,,,,,,,,,,,,,,,,,Zn,,N,5.0,protein.sidechain,135.70608099200211,trigonal.bipyramidal,2.0,HIS502:A
PDE4D_dimer,348154,ZN:A:1223,metal_complexes,502,HIS,A,,,,1.368305886854253,,,,,,,,,,,,,,,,,,,,,,,,,,,,Zn,,N,5.0,protein.sidechain,135.70608099200211,trigonal.bipyramidal,2.0,HIS502:A
PDE4D_dimer,348154,ZN:A:1223,metal_complexes,502,HIS,A,,,,2.1458718507869943,,,,,,,,,,,,,,,,,,,,,,,,,,,,Zn,,N,5.0,protein.sidechain,135.70608099200211,trigonal.bipyramidal,2.0,HIS502:A
PDE4D_dimer,348154,ZN:A:1223,metal_complexes,502,HIS,A,,,,1.368305886854253,,,,,,,,,,,,,,,,,,,,,,,,,,,,Zn,,N,5.0,protein.sidechain,135.70608099200211,trigonal.bipyramidal,2.0,HIS502:A
PDE4D_dimer,348154,ZN:B:1223,metal_complexes,1443,HOH,B,,,,2.202447729232182,,,,,,,,,,,,,,,,,,,,,,,,,,,,Zn,,O,5.0,water,135.50778824402013,trigonal.bipyramidal,1.0,HOH1443:B
PDE4D_dimer,348154,ZN:B:1223,metal_complexes,502,HIS,B,,,,2.300014347781336,,,,,,,,,,,,,,,,,,,,,,,,,,,,Zn,,N,5.0,protein.sidechain,135.50778824402013,trigonal.bipyramidal,1.0,HIS502:B
PDE4D_dimer,348154,ZN:B:1223,metal_complexes,502,HIS,B,,,,1.6050847329658358,,,,,,,,,,,,,,,,,,,,,,,,,,,,Zn,,N,5.0,protein.sidechain,135.50778824402013,trigonal.bipyramidal,1.0,HIS502:B
PDE4D_dimer,348154,ZN:B:1223,metal_complexes,502,HIS,B,,,,2.300014347781336,,,,,,,,,,,,,,,,,,,,,,,,,,,,Zn,,N,5.0,protein.sidechain,135.50778824402013,trigonal.bipyramidal,1.0,HIS502:B
PDE4D_dimer,348154,ZN:B:1223,metal_complexes,502,HIS,B,,,,1.6050847329658358,,,,,,,,,,,,,,,,,,,,,,,,,,,,Zn,,N,5.0,protein.sidechain,135.50778824402013,trigonal.bipyramidal,1.0,HIS502:B
PDE4D_dimer,348154,ZN:B:1223,metal_complexes,1443,HOH,B,,,,2.202447729232182,,,,,,,,,,,,,,,,,,,,,,,,,,,,Zn,,O,5.0,water,135.50778824402013,trigonal.bipyramidal,2.0,HOH1443:B
PDE4D_dimer,348154,ZN:B:1223,metal_complexes,502,HIS,B,,,,2.300014347781336,,,,,,,,,,,,,,,,,,,,,,,,,,,,Zn,,N,5.0,protein.sidechain,135.50778824402013,trigonal.bipyramidal,2.0,HIS502:B
PDE4D_dimer,348154,ZN:B:1223,metal_complexes,502,HIS,B,,,,1.6050847329658358,,,,,,,,,,,,,,,,,,,,,,,,,,,,Zn,,N,5.0,protein.sidechain,135.50778824402013,trigonal.bipyramidal,2.0,HIS502:B
PDE4D_dimer,348154,ZN:B:1223,metal_complexes,502,HIS,B,,,,2.300014347781336,,,,,,,,,,,,,,,,,,,,,,,,,,,,Zn,,N,5.0,protein.sidechain,135.50778824402013,trigonal.bipyramidal,2.0,HIS502:B
PDE4D_dimer,348154,ZN:B:1223,metal_complexes,502,HIS,B,,,,1.6050847329658358,,,,,,,,,,,,,,,,,,,,,,,,,,,,Zn,,N,5.0,protein.sidechain,135.50778824402013,trigonal.bipyramidal,2.0,HIS502:B
PDE4D_dimer,348154,MG:B:1224,metal_complexes,1441,HOH,B,,,,2.130300683002284,,,,,,,,,,,,,,,,,,,,,,,,,,,,Mg,,O,5.0,water,129.51277210397092,trigonal.bipyramidal,1.0,HOH1441:B
PDE4D_dimer,348154,MG:B:1224,metal_complexes,502,HIS,B,,,,2.9680875997854224,,,,,,,,,,,,,,,,,,,,,,,,,,,,Mg,,N,5.0,protein.sidechain,129.51277210397092,trigonal.bipyramidal,1.0,HIS502:B
PDE4D_dimer,348154,MG:B:1224,metal_complexes,502,HIS,B,,,,2.9680875997854224,,,,,,,,,,,,,,,,,,,,,,,,,,,,Mg,,N,5.0,protein.sidechain,129.51277210397092,trigonal.bipyramidal,1.0,HIS502:B
PDE4D_dimer,348154,MG:B:1224,metal_complexes,532,GLU,B,,,,2.7823624853710216,,,,,,,,,,,,,,,,,,,,,,,,,,,,Mg,,O,5.0,protein.sidechain,129.51277210397092,trigonal.bipyramidal,1.0,GLU532:B
PDE4D_dimer,348154,MG:B:1224,metal_complexes,532,GLU,B,,,,2.7823624853710216,,,,,,,,,,,,,,,,,,,,,,,,,,,,Mg,,O,5.0,protein.sidechain,129.51277210397092,trigonal.bipyramidal,1.0,GLU532:B
PDE4D_dimer,348154,MG:B:1224,metal_complexes,1441,HOH,B,,,,2.130300683002284,,,,,,,,,,,,,,,,,,,,,,,,,,,,Mg,,O,5.0,water,129.51277210397092,trigonal.bipyramidal,2.0,HOH1441:B
PDE4D_dimer,348154,MG:B:1224,metal_complexes,502,HIS,B,,,,2.9680875997854224,,,,,,,,,,,,,,,,,,,,,,,,,,,,Mg,,N,5.0,protein.sidechain,129.51277210397092,trigonal.bipyramidal,2.0,HIS502:B
PDE4D_dimer,348154,MG:B:1224,metal_complexes,502,HIS,B,,,,2.9680875997854224,,,,,,,,,,,,,,,,,,,,,,,,,,,,Mg,,N,5.0,protein.sidechain,129.51277210397092,trigonal.bipyramidal,2.0,HIS502:B
PDE4D_dimer,348154,MG:B:1224,metal_complexes,532,GLU,B,,,,2.7823624853710216,,,,,,,,,,,,,,,,,,,,,,,,,,,,Mg,,O,5.0,protein.sidechain,129.51277210397092,trigonal.bipyramidal,2.0,GLU532:B
PDE4D_dimer,348154,MG:B:1224,metal_complexes,532,GLU,B,,,,2.7823624853710216,,,,,,,,,,,,,,,,,,,,,,,,,,,,Mg,,O,5.0,protein.sidechain,129.51277210397092,trigonal.bipyramidal,2.0,GLU532:B
PDE4D_dimer,348154,UNL:Z:1,hydrophobic_contacts,642,PHE,A,,,,3.673062754704852,,,,,,,,,,,,,,,,,,,,,,,,,,,,,,,,,,,,PHE642:A
PDE4D_dimer,348154,UNL:Z:1,hydrophobic_contacts,674,PHE,A,,,,3.5949257294136125,,,,,,,,,,,,,,,,,,,,,,,,,,,,,,,,,,,,PHE674:A
PDE4D_dimer,348154,UNL:Z:1,hydrophobic_contacts,674,PHE,A,,,,3.4696175581755404,,,,,,,,,,,,,,,,,,,,,,,,,,,,,,,,,,,,PHE674:A
PDE4D_dimer,348154,UNL:Z:1,hydrophobic_contacts,674,PHE,A,,,,3.960163759240265,,,,,,,,,,,,,,,,,,,,,,,,,,,,,,,,,,,,PHE674:A
PDE4D_dimer,348154,UNL:Z:1,hbonds_ldon,623,ASN,A,,,,,,,True,,,,False,,,,,,,,,,,,,,115.5323375939822,,strong,,,,,,,,,,,,,ASN623:A
PDE4D_dimer,348154,UNL:Z:1,hbonds_pdon,623,ASN,A,,,,,,,True,,,,True,,,,,,,,,,,,,,103.49153120126324,,strong,,,,,,,,,,,,,ASN623:A
PDE4D_dimer,348154,UNL:Z:1,hbonds_pdon,623,ASN,A,,,,,,,True,,,,True,,,,,,,,,,,,,,174.12601543961577,,strong,,,,,,,,,,,,,ASN623:A
PDE4D_dimer,348154,UNL:Z:1,hbonds_pdon,671,GLN,A,,,,,,,True,,,,True,,,,,,,,,,,,,,109.18033514922382,,strong,,,,,,,,,,,,,GLN671:A
PDE4D_dimer,348154,UNL:Z:1,hbonds_pdon,671,GLN,A,,,,,,,True,,,,True,,,,,,,,,,,,,,109.18033514922382,,strong,,,,,,,,,,,,,GLN671:A
PDE4D_dimer,348154,UNL:Z:1,water_bridges,623,ASN,A,,,,,,,,,,,True,,,,,,,,,,,,,,,,first_deg,,,,,,,,,,,,,ASN623:A
PDE4D_dimer,348154,UNL:Z:1,water_bridges,671,GLN,A,,,,,,,,,,,True,,,,,,,,,,,,,,,,first_deg,,,,,,,,,,,,,GLN671:A
PDE4D_dimer,348154,UNL:Z:1,water_bridges,671,GLN,A,,,,,,,,,,,True,,,,,,,,,,,,,,,,first_deg,,,,,,,,,,,,,GLN671:A
PDE4D_dimer,49831816,ZN:A:1223,metal_complexes,1448,HOH,A,,,,2.2084152689202274,,,,,,,,,,,,,,,,,,,,,,,,,,,,Zn,,O,5.0,water,135.70608099200211,trigonal.bipyramidal,1.0,HOH1448:A
PDE4D_dimer,49831816,ZN:A:1223,metal_complexes,502,HIS,A,,,,2.1458718507869943,,,,,,,,,,,,,,,,,,,,,,,,,,,,Zn,,N,5.0,protein.sidechain,135.70608099200211,trigonal.bipyramidal,1.0,HIS502:A
PDE4D_dimer,49831816,ZN:A:1223,metal_complexes,502,HIS,A,,,,1.368305886854253,,,,,,,,,,,,,,,,,,,,,,,,,,,,Zn,,N,5.0,protein.sidechain,135.70608099200211,trigonal.bipyramidal,1.0,HIS502:A
PDE4D_dimer,49831816,ZN:A:1223,metal_complexes,502,HIS,A,,,,2.1458718507869943,,,,,,,,,,,,,,,,,,,,,,,,,,,,Zn,,N,5.0,protein.sidechain,135.70608099200211,trigonal.bipyramidal,1.0,HIS502:A
PDE4D_dimer,49831816,ZN:A:1223,metal_complexes,502,HIS,A,,,,1.368305886854253,,,,,,,,,,,,,,,,,,,,,,,,,,,,Zn,,N,5.0,protein.sidechain,135.70608099200211,trigonal.bipyramidal,1.0,HIS502:A
PDE4D_dimer,49831816,ZN:A:1223,metal_complexes,1448,HOH,A,,,,2.2084152689202274,,,,,,,,,,,,,,,,,,,,,,,,,,,,Zn,,O,5.0,water,135.70608099200211,trigonal.bipyramidal,2.0,HOH1448:A
PDE4D_dimer,49831816,ZN:A:1223,metal_complexes,502,HIS,A,,,,2.1458718507869943,,,,,,,,,,,,,,,,,,,,,,,,,,,,Zn,,N,5.0,protein.sidechain,135.70608099200211,trigonal.bipyramidal,2.0,HIS502:A
PDE4D_dimer,49831816,ZN:A:1223,metal_complexes,502,HIS,A,,,,1.368305886854253,,,,,,,,,,,,,,,,,,,,,,,,,,,,Zn,,N,5.0,protein.sidechain,135.70608099200211,trigonal.bipyramidal,2.0,HIS502:A
PDE4D_dimer,49831816,ZN:A:1223,metal_complexes,502,HIS,A,,,,2.1458718507869943,,,,,,,,,,,,,,,,,,,,,,,,,,,,Zn,,N,5.0,protein.sidechain,135.70608099200211,trigonal.bipyramidal,2.0,HIS502:A
PDE4D_dimer,49831816,ZN:A:1223,metal_complexes,502,HIS,A,,,,1.368305886854253,,,,,,,,,,,,,,,,,,,,,,,,,,,,Zn,,N,5.0,protein.sidechain,135.70608099200211,trigonal.bipyramidal,2.0,HIS502:A
PDE4D_dimer,49831816,ZN:B:1223,metal_complexes,1443,HOH,B,,,,2.202447729232182,,,,,,,,,,,,,,,,,,,,,,,,,,,,Zn,,O,5.0,water,135.50778824402013,trigonal.bipyramidal,1.0,HOH1443:B
PDE4D_dimer,49831816,ZN:B:1223,metal_complexes,502,HIS,B,,,,2.300014347781336,,,,,,,,,,,,,,,,,,,,,,,,,,,,Zn,,N,5.0,protein.sidechain,135.50778824402013,trigonal.bipyramidal,1.0,HIS502:B
PDE4D_dimer,49831816,ZN:B:1223,metal_complexes,502,HIS,B,,,,1.6050847329658358,,,,,,,,,,,,,,,,,,,,,,,,,,,,Zn,,N,5.0,protein.sidechain,135.50778824402013,trigonal.bipyramidal,1.0,HIS502:B
PDE4D_dimer,49831816,ZN:B:1223,metal_complexes,502,HIS,B,,,,2.300014347781336,,,,,,,,,,,,,,,,,,,,,,,,,,,,Zn,,N,5.0,protein.sidechain,135.50778824402013,trigonal.bipyramidal,1.0,HIS502:B
PDE4D_dimer,49831816,ZN:B:1223,metal_complexes,502,HIS,B,,,,1.6050847329658358,,,,,,,,,,,,,,,,,,,,,,,,,,,,Zn,,N,5.0,protein.sidechain,135.50778824402013,trigonal.bipyramidal,1.0,HIS502:B
PDE4D_dimer,49831816,ZN:B:1223,metal_complexes,1443,HOH,B,,,,2.202447729232182,,,,,,,,,,,,,,,,,,,,,,,,,,,,Zn,,O,5.0,water,135.50778824402013,trigonal.bipyramidal,2.0,HOH1443:B
PDE4D_dimer,49831816,ZN:B:1223,metal_complexes,502,HIS,B,,,,2.300014347781336,,,,,,,,,,,,,,,,,,,,,,,,,,,,Zn,,N,5.0,protein.sidechain,135.50778824402013,trigonal.bipyramidal,2.0,HIS502:B
PDE4D_dimer,49831816,ZN:B:1223,metal_complexes,502,HIS,B,,,,1.6050847329658358,,,,,,,,,,,,,,,,,,,,,,,,,,,,Zn,,N,5.0,protein.sidechain,135.50778824402013,trigonal.bipyramidal,2.0,HIS502:B
PDE4D_dimer,49831816,ZN:B:1223,metal_complexes,502,HIS,B,,,,2.300014347781336,,,,,,,,,,,,,,,,,,,,,,,,,,,,Zn,,N,5.0,protein.sidechain,135.50778824402013,trigonal.bipyramidal,2.0,HIS502:B
PDE4D_dimer,49831816,ZN:B:1223,metal_complexes,502,HIS,B,,,,1.6050847329658358,,,,,,,,,,,,,,,,,,,,,,,,,,,,Zn,,N,5.0,protein.sidechain,135.50778824402013,trigonal.bipyramidal,2.0,HIS502:B
PDE4D_dimer,49831816,MG:B:1224,metal_complexes,1441,HOH,B,,,,2.130300683002284,,,,,,,,,,,,,,,,,,,,,,,,,,,,Mg,,O,5.0,water,129.51277210397092,trigonal.bipyramidal,1.0,HOH1441:B
PDE4D_dimer,49831816,MG:B:1224,metal_complexes,502,HIS,B,,,,2.9680875997854224,,,,,,,,,,,,,,,,,,,,,,,,,,,,Mg,,N,5.0,protein.sidechain,129.51277210397092,trigonal.bipyramidal,1.0,HIS502:B
PDE4D_dimer,49831816,MG:B:1224,metal_complexes,502,HIS,B,,,,2.9680875997854224,,,,,,,,,,,,,,,,,,,,,,,,,,,,Mg,,N,5.0,protein.sidechain,129.51277210397092,trigonal.bipyramidal,1.0,HIS502:B
PDE4D_dimer,49831816,MG:B:1224,metal_complexes,532,GLU,B,,,,2.7823624853710216,,,,,,,,,,,,,,,,,,,,,,,,,,,,Mg,,O,5.0,protein.sidechain,129.51277210397092,trigonal.bipyramidal,1.0,GLU532:B
PDE4D_dimer,49831816,MG:B:1224,metal_complexes,532,GLU,B,,,,2.7823624853710216,,,,,,,,,,,,,,,,,,,,,,,,,,,,Mg,,O,5.0,protein.sidechain,129.51277210397092,trigonal.bipyramidal,1.0,GLU532:B
PDE4D_dimer,49831816,MG:B:1224,metal_complexes,1441,HOH,B,,,,2.130300683002284,,,,,,,,,,,,,,,,,,,,,,,,,,,,Mg,,O,5.0,water,129.51277210397092,trigonal.bipyramidal,2.0,HOH1441:B
PDE4D_dimer,49831816,MG:B:1224,metal_complexes,502,HIS,B,,,,2.9680875997854224,,,,,,,,,,,,,,,,,,,,,,,,,,,,Mg,,N,5.0,protein.sidechain,129.51277210397092,trigonal.bipyramidal,2.0,HIS502:B
PDE4D_dimer,49831816,MG:B:1224,metal_complexes,502,HIS,B,,,,2.9680875997854224,,,,,,,,,,,,,,,,,,,,,,,,,,,,Mg,,N,5.0,protein.sidechain,129.51277210397092,trigonal.bipyramidal,2.0,HIS502:B
PDE4D_dimer,49831816,MG:B:1224,metal_complexes,532,GLU,B,,,,2.7823624853710216,,,,,,,,,,,,,,,,,,,,,,,,,,,,Mg,,O,5.0,protein.sidechain,129.51277210397092,trigonal.bipyramidal,2.0,GLU532:B
PDE4D_dimer,49831816,MG:B:1224,metal_complexes,532,GLU,B,,,,2.7823624853710216,,,,,,,,,,,,,,,,,,,,,,,,,,,,Mg,,O,5.0,protein.sidechain,129.51277210397092,trigonal.bipyramidal,2.0,GLU532:B
PDE4D_dimer,49831816,UNL:Z:1,hydrophobic_contacts,670,SER,A,,,,3.768682130400496,,,,,,,,,,,,,,,,,,,,,,,,,,,,,,,,,,,,SER670:A
PDE4D_dimer,49831816,UNL:Z:1,hydrophobic_contacts,674,PHE,A,,,,3.706236635726327,,,,,,,,,,,,,,,,,,,,,,,,,,,,,,,,,,,,PHE674:A
PDE4D_dimer,49831816,UNL:Z:1,hydrophobic_contacts,674,PHE,A,,,,3.482171879732532,,,,,,,,,,,,,,,,,,,,,,,,,,,,,,,,,,,,PHE674:A
PDE4D_dimer,49831816,UNL:Z:1,hydrophobic_contacts,642,PHE,A,,,,3.760893244961892,,,,,,,,,,,,,,,,,,,,,,,,,,,,,,,,,,,,PHE642:A
PDE4D_dimer,49831816,UNL:Z:1,hbonds_ldon,623,ASN,A,,,,,,,True,,,,False,,,,,,,,,,,,,,137.83404542559924,,strong,,,,,,,,,,,,,ASN623:A
PDE4D_dimer,49831816,UNL:Z:1,hbonds_pdon,623,ASN,A,,,,,,,True,,,,True,,,,,,,,,,,,,,172.34275960826037,,strong,,,,,,,,,,,,,ASN623:A
PDE4D_dimer,49831816,UNL:Z:1,hbonds_pdon,623,ASN,A,,,,,,,True,,,,True,,,,,,,,,,,,,,172.34275960826037,,strong,,,,,,,,,,,,,ASN623:A
PDE4D_dimer,49831816,UNL:Z:1,hbonds_pdon,671,GLN,A,,,,,,,True,,,,True,,,,,,,,,,,,,,101.99522190562008,,strong,,,,,,,,,,,,,GLN671:A
PDE4D_dimer,49831816,UNL:Z:1,hbonds_pdon,671,GLN,A,,,,,,,True,,,,True,,,,,,,,,,,,,,101.99522190562008,,strong,,,,,,,,,,,,,GLN671:A
PDE4D_dimer,49831816,UNL:Z:1,water_bridges,461,TYR,A,,,,,,,,,,,False,,,,,,,,,,,,,,,,first_deg,,,,,,,,,,,,,TYR461:A
PDE4D_dimer,49831816,UNL:Z:1,water_bridges,623,ASN,A,,,,,,,,,,,False,,,,,,,,,,,,,,,,first_deg,,,,,,,,,,,,,ASN623:A
PDE4D_dimer,49831816,UNL:Z:1,water_bridges,671,GLN,A,,,,,,,,,,,True,,,,,,,,,,,,,,,,first_deg,,,,,,,,,,,,,GLN671:A
PDE4D_dimer,49831816,UNL:Z:1,water_bridges,671,GLN,A,,,,,,,,,,,True,,,,,,,,,,,,,,,,first_deg,,,,,,,,,,,,,GLN671:A
PDE4D_dimer,6262,ZN:A:1223,metal_complexes,1448,HOH,A,,,,2.2084152689202274,,,,,,,,,,,,,,,,,,,,,,,,,,,,Zn,,O,5.0,water,135.70608099200211,trigonal.bipyramidal,1.0,HOH1448:A
PDE4D_dimer,6262,ZN:A:1223,metal_complexes,502,HIS,A,,,,2.1458718507869943,,,,,,,,,,,,,,,,,,,,,,,,,,,,Zn,,N,5.0,protein.sidechain,135.70608099200211,trigonal.bipyramidal,1.0,HIS502:A
PDE4D_dimer,6262,ZN:A:1223,metal_complexes,502,HIS,A,,,,1.368305886854253,,,,,,,,,,,,,,,,,,,,,,,,,,,,Zn,,N,5.0,protein.sidechain,135.70608099200211,trigonal.bipyramidal,1.0,HIS502:A
PDE4D_dimer,6262,ZN:A:1223,metal_complexes,502,HIS,A,,,,2.1458718507869943,,,,,,,,,,,,,,,,,,,,,,,,,,,,Zn,,N,5.0,protein.sidechain,135.70608099200211,trigonal.bipyramidal,1.0,HIS502:A
PDE4D_dimer,6262,ZN:A:1223,metal_complexes,502,HIS,A,,,,1.368305886854253,,,,,,,,,,,,,,,,,,,,,,,,,,,,Zn,,N,5.0,protein.sidechain,135.70608099200211,trigonal.bipyramidal,1.0,HIS502:A
PDE4D_dimer,6262,ZN:A:1223,metal_complexes,1448,HOH,A,,,,2.2084152689202274,,,,,,,,,,,,,,,,,,,,,,,,,,,,Zn,,O,5.0,water,135.70608099200211,trigonal.bipyramidal,2.0,HOH1448:A
PDE4D_dimer,6262,ZN:A:1223,metal_complexes,502,HIS,A,,,,2.1458718507869943,,,,,,,,,,,,,,,,,,,,,,,,,,,,Zn,,N,5.0,protein.sidechain,135.70608099200211,trigonal.bipyramidal,2.0,HIS502:A
PDE4D_dimer,6262,ZN:A:1223,metal_complexes,502,HIS,A,,,,1.368305886854253,,,,,,,,,,,,,,,,,,,,,,,,,,,,Zn,,N,5.0,protein.sidechain,135.70608099200211,trigonal.bipyramidal,2.0,HIS502:A
PDE4D_dimer,6262,ZN:A:1223,metal_complexes,502,HIS,A,,,,2.1458718507869943,,,,,,,,,,,,,,,,,,,,,,,,,,,,Zn,,N,5.0,protein.sidechain,135.70608099200211,trigonal.bipyramidal,2.0,HIS502:A
PDE4D_dimer,6262,ZN:A:1223,metal_complexes,502,HIS,A,,,,1.368305886854253,,,,,,,,,,,,,,,,,,,,,,,,,,,,Zn,,N,5.0,protein.sidechain,135.70608099200211,trigonal.bipyramidal,2.0,HIS502:A
PDE4D_dimer,6262,ZN:B:1223,metal_complexes,1443,HOH,B,,,,2.202447729232182,,,,,,,,,,,,,,,,,,,,,,,,,,,,Zn,,O,5.0,water,135.50778824402013,trigonal.bipyramidal,1.0,HOH1443:B
PDE4D_dimer,6262,ZN:B:1223,metal_complexes,502,HIS,B,,,,2.300014347781336,,,,,,,,,,,,,,,,,,,,,,,,,,,,Zn,,N,5.0,protein.sidechain,135.50778824402013,trigonal.bipyramidal,1.0,HIS502:B
PDE4D_dimer,6262,ZN:B:1223,metal_complexes,502,HIS,B,,,,1.6050847329658358,,,,,,,,,,,,,,,,,,,,,,,,,,,,Zn,,N,5.0,protein.sidechain,135.50778824402013,trigonal.bipyramidal,1.0,HIS502:B
PDE4D_dimer,6262,ZN:B:1223,metal_complexes,502,HIS,B,,,,2.300014347781336,,,,,,,,,,,,,,,,,,,,,,,,,,,,Zn,,N,5.0,protein.sidechain,135.50778824402013,trigonal.bipyramidal,1.0,HIS502:B
PDE4D_dimer,6262,ZN:B:1223,metal_complexes,502,HIS,B,,,,1.6050847329658358,,,,,,,,,,,,,,,,,,,,,,,,,,,,Zn,,N,5.0,protein.sidechain,135.50778824402013,trigonal.bipyramidal,1.0,HIS502:B
PDE4D_dimer,6262,ZN:B:1223,metal_complexes,1443,HOH,B,,,,2.202447729232182,,,,,,,,,,,,,,,,,,,,,,,,,,,,Zn,,O,5.0,water,135.50778824402013,trigonal.bipyramidal,2.0,HOH1443:B
PDE4D_dimer,6262,ZN:B:1223,metal_complexes,502,HIS,B,,,,2.300014347781336,,,,,,,,,,,,,,,,,,,,,,,,,,,,Zn,,N,5.0,protein.sidechain,135.50778824402013,trigonal.bipyramidal,2.0,HIS502:B
PDE4D_dimer,6262,ZN:B:1223,metal_complexes,502,HIS,B,,,,1.6050847329658358,,,,,,,,,,,,,,,,,,,,,,,,,,,,Zn,,N,5.0,protein.sidechain,135.50778824402013,trigonal.bipyramidal,2.0,HIS502:B
PDE4D_dimer,6262,ZN:B:1223,metal_complexes,502,HIS,B,,,,2.300014347781336,,,,,,,,,,,,,,,,,,,,,,,,,,,,Zn,,N,5.0,protein.sidechain,135.50778824402013,trigonal.bipyramidal,2.0,HIS502:B
PDE4D_dimer,6262,ZN:B:1223,metal_complexes,502,HIS,B,,,,1.6050847329658358,,,,,,,,,,,,,,,,,,,,,,,,,,,,Zn,,N,5.0,protein.sidechain,135.50778824402013,trigonal.bipyramidal,2.0,HIS502:B
PDE4D_dimer,6262,MG:B:1224,metal_complexes,1441,HOH,B,,,,2.130300683002284,,,,,,,,,,,,,,,,,,,,,,,,,,,,Mg,,O,5.0,water,129.51277210397092,trigonal.bipyramidal,1.0,HOH1441:B
PDE4D_dimer,6262,MG:B:1224,metal_complexes,502,HIS,B,,,,2.9680875997854224,,,,,,,,,,,,,,,,,,,,,,,,,,,,Mg,,N,5.0,protein.sidechain,129.51277210397092,trigonal.bipyramidal,1.0,HIS502:B
PDE4D_dimer,6262,MG:B:1224,metal_complexes,502,HIS,B,,,,2.9680875997854224,,,,,,,,,,,,,,,,,,,,,,,,,,,,Mg,,N,5.0,protein.sidechain,129.51277210397092,trigonal.bipyramidal,1.0,HIS502:B
PDE4D_dimer,6262,MG:B:1224,metal_complexes,532,GLU,B,,,,2.7823624853710216,,,,,,,,,,,,,,,,,,,,,,,,,,,,Mg,,O,5.0,protein.sidechain,129.51277210397092,trigonal.bipyramidal,1.0,GLU532:B
PDE4D_dimer,6262,MG:B:1224,metal_complexes,532,GLU,B,,,,2.7823624853710216,,,,,,,,,,,,,,,,,,,,,,,,,,,,Mg,,O,5.0,protein.sidechain,129.51277210397092,trigonal.bipyramidal,1.0,GLU532:B
PDE4D_dimer,6262,MG:B:1224,metal_complexes,1441,HOH,B,,,,2.130300683002284,,,,,,,,,,,,,,,,,,,,,,,,,,,,Mg,,O,5.0,water,129.51277210397092,trigonal.bipyramidal,2.0,HOH1441:B
PDE4D_dimer,6262,MG:B:1224,metal_complexes,502,HIS,B,,,,2.9680875997854224,,,,,,,,,,,,,,,,,,,,,,,,,,,,Mg,,N,5.0,protein.sidechain,129.51277210397092,trigonal.bipyramidal,2.0,HIS502:B
PDE4D_dimer,6262,MG:B:1224,metal_complexes,502,HIS,B,,,,2.9680875997854224,,,,,,,,,,,,,,,,,,,,,,,,,,,,Mg,,N,5.0,protein.sidechain,129.51277210397092,trigonal.bipyramidal,2.0,HIS502:B
PDE4D_dimer,6262,MG:B:1224,metal_complexes,532,GLU,B,,,,2.7823624853710216,,,,,,,,,,,,,,,,,,,,,,,,,,,,Mg,,O,5.0,protein.sidechain,129.51277210397092,trigonal.bipyramidal,2.0,GLU532:B
PDE4D_dimer,6262,MG:B:1224,metal_complexes,532,GLU,B,,,,2.7823624853710216,,,,,,,,,,,,,,,,,,,,,,,,,,,,Mg,,O,5.0,protein.sidechain,129.51277210397092,trigonal.bipyramidal,2.0,GLU532:B
PDE4D_dimer,6262,UNL:Z:1,hydrophobic_contacts,461,TYR,A,,,,3.7601321785277713,,,,,,,,,,,,,,,,,,,,,,,,,,,,,,,,,,,,TYR461:A
PDE4D_dimer,6262,UNL:Z:1,hydrophobic_contacts,638,ILE,A,,,,3.6761433595549584,,,,,,,,,,,,,,,,,,,,,,,,,,,,,,,,,,,,ILE638:A
PDE4D_dimer,6262,UNL:Z:1,hydrophobic_contacts,638,ILE,A,,,,3.801981325572232,,,,,,,,,,,,,,,,,,,,,,,,,,,,,,,,,,,,ILE638:A
PDE4D_dimer,6262,UNL:Z:1,hbonds_ldon,462,HIS,A,,,,,,,True,,,,False,,,,,,,,,,,,,,157.16830418982053,,strong,,,,,,,,,,,,,HIS462:A
PDE4D_dimer,6262,UNL:Z:1,hbonds_ldon,623,ASN,A,,,,,,,True,,,,False,,,,,,,,,,,,,,151.36874037877877,,strong,,,,,,,,,,,,,ASN623:A
PDE4D_dimer,6262,UNL:Z:1,hbonds_pdon,623,ASN,A,,,,,,,True,,,,True,,,,,,,,,,,,,,171.23422791813306,,strong,,,,,,,,,,,,,ASN623:A
PDE4D_dimer,6262,UNL:Z:1,water_bridges,623,ASN,A,,,,,,,,,,,True,,,,,,,,,,,,,,,,first_deg,,,,,,,,,,,,,ASN623:A
PDE4D_dimer,6262,UNL:Z:1,water_bridges,621,LEU,A,,,,,,,,,,,False,,,,,,,,,,,,,,,,first_deg,,,,,,,,,,,,,LEU621:A
PDE4D_dimer,6262,UNL:Z:1,water_bridges,461,TYR,A,,,,,,,,,,,False,,,,,,,,,,,,,,,,first_deg,,,,,,,,,,,,,TYR461:A
PDE4D_dimer,6262,UNL:Z:1,water_bridges,620,ASP,A,,,,,,,,,,,False,,,,,,,,,,,,,,,,first_deg,,,,,,,,,,,,,ASP620:A
PDE4D_dimer,689043,ZN:A:1223,metal_complexes,1448,HOH,A,,,,2.2084152689202274,,,,,,,,,,,,,,,,,,,,,,,,,,,,Zn,,O,5.0,water,135.70608099200211,trigonal.bipyramidal,1.0,HOH1448:A
PDE4D_dimer,689043,ZN:A:1223,metal_complexes,502,HIS,A,,,,2.1458718507869943,,,,,,,,,,,,,,,,,,,,,,,,,,,,Zn,,N,5.0,protein.sidechain,135.70608099200211,trigonal.bipyramidal,1.0,HIS502:A
PDE4D_dimer,689043,ZN:A:1223,metal_complexes,502,HIS,A,,,,1.368305886854253,,,,,,,,,,,,,,,,,,,,,,,,,,,,Zn,,N,5.0,protein.sidechain,135.70608099200211,trigonal.bipyramidal,1.0,HIS502:A
PDE4D_dimer,689043,ZN:A:1223,metal_complexes,502,HIS,A,,,,2.1458718507869943,,,,,,,,,,,,,,,,,,,,,,,,,,,,Zn,,N,5.0,protein.sidechain,135.70608099200211,trigonal.bipyramidal,1.0,HIS502:A
PDE4D_dimer,689043,ZN:A:1223,metal_complexes,502,HIS,A,,,,1.368305886854253,,,,,,,,,,,,,,,,,,,,,,,,,,,,Zn,,N,5.0,protein.sidechain,135.70608099200211,trigonal.bipyramidal,1.0,HIS502:A
PDE4D_dimer,689043,ZN:A:1223,metal_complexes,1448,HOH,A,,,,2.2084152689202274,,,,,,,,,,,,,,,,,,,,,,,,,,,,Zn,,O,5.0,water,135.70608099200211,trigonal.bipyramidal,2.0,HOH1448:A
PDE4D_dimer,689043,ZN:A:1223,metal_complexes,502,HIS,A,,,,2.1458718507869943,,,,,,,,,,,,,,,,,,,,,,,,,,,,Zn,,N,5.0,protein.sidechain,135.70608099200211,trigonal.bipyramidal,2.0,HIS502:A
PDE4D_dimer,689043,ZN:A:1223,metal_complexes,502,HIS,A,,,,1.368305886854253,,,,,,,,,,,,,,,,,,,,,,,,,,,,Zn,,N,5.0,protein.sidechain,135.70608099200211,trigonal.bipyramidal,2.0,HIS502:A
PDE4D_dimer,689043,ZN:A:1223,metal_complexes,502,HIS,A,,,,2.1458718507869943,,,,,,,,,,,,,,,,,,,,,,,,,,,,Zn,,N,5.0,protein.sidechain,135.70608099200211,trigonal.bipyramidal,2.0,HIS502:A
PDE4D_dimer,689043,ZN:A:1223,metal_complexes,502,HIS,A,,,,1.368305886854253,,,,,,,,,,,,,,,,,,,,,,,,,,,,Zn,,N,5.0,protein.sidechain,135.70608099200211,trigonal.bipyramidal,2.0,HIS502:A
PDE4D_dimer,689043,ZN:B:1223,metal_complexes,1443,HOH,B,,,,2.202447729232182,,,,,,,,,,,,,,,,,,,,,,,,,,,,Zn,,O,5.0,water,135.50778824402013,trigonal.bipyramidal,1.0,HOH1443:B
PDE4D_dimer,689043,ZN:B:1223,metal_complexes,502,HIS,B,,,,2.300014347781336,,,,,,,,,,,,,,,,,,,,,,,,,,,,Zn,,N,5.0,protein.sidechain,135.50778824402013,trigonal.bipyramidal,1.0,HIS502:B
PDE4D_dimer,689043,ZN:B:1223,metal_complexes,502,HIS,B,,,,1.6050847329658358,,,,,,,,,,,,,,,,,,,,,,,,,,,,Zn,,N,5.0,protein.sidechain,135.50778824402013,trigonal.bipyramidal,1.0,HIS502:B
PDE4D_dimer,689043,ZN:B:1223,metal_complexes,502,HIS,B,,,,2.300014347781336,,,,,,,,,,,,,,,,,,,,,,,,,,,,Zn,,N,5.0,protein.sidechain,135.50778824402013,trigonal.bipyramidal,1.0,HIS502:B
PDE4D_dimer,689043,ZN:B:1223,metal_complexes,502,HIS,B,,,,1.6050847329658358,,,,,,,,,,,,,,,,,,,,,,,,,,,,Zn,,N,5.0,protein.sidechain,135.50778824402013,trigonal.bipyramidal,1.0,HIS502:B
PDE4D_dimer,689043,ZN:B:1223,metal_complexes,1443,HOH,B,,,,2.202447729232182,,,,,,,,,,,,,,,,,,,,,,,,,,,,Zn,,O,5.0,water,135.50778824402013,trigonal.bipyramidal,2.0,HOH1443:B
PDE4D_dimer,689043,ZN:B:1223,metal_complexes,502,HIS,B,,,,2.300014347781336,,,,,,,,,,,,,,,,,,,,,,,,,,,,Zn,,N,5.0,protein.sidechain,135.50778824402013,trigonal.bipyramidal,2.0,HIS502:B
PDE4D_dimer,689043,ZN:B:1223,metal_complexes,502,HIS,B,,,,1.6050847329658358,,,,,,,,,,,,,,,,,,,,,,,,,,,,Zn,,N,5.0,protein.sidechain,135.50778824402013,trigonal.bipyramidal,2.0,HIS502:B
PDE4D_dimer,689043,ZN:B:1223,metal_complexes,502,HIS,B,,,,2.300014347781336,,,,,,,,,,,,,,,,,,,,,,,,,,,,Zn,,N,5.0,protein.sidechain,135.50778824402013,trigonal.bipyramidal,2.0,HIS502:B
PDE4D_dimer,689043,ZN:B:1223,metal_complexes,502,HIS,B,,,,1.6050847329658358,,,,,,,,,,,,,,,,,,,,,,,,,,,,Zn,,N,5.0,protein.sidechain,135.50778824402013,trigonal.bipyramidal,2.0,HIS502:B
PDE4D_dimer,689043,MG:B:1224,metal_complexes,1441,HOH,B,,,,2.130300683002284,,,,,,,,,,,,,,,,,,,,,,,,,,,,Mg,,O,5.0,water,129.51277210397092,trigonal.bipyramidal,1.0,HOH1441:B
PDE4D_dimer,689043,MG:B:1224,metal_complexes,502,HIS,B,,,,2.9680875997854224,,,,,,,,,,,,,,,,,,,,,,,,,,,,Mg,,N,5.0,protein.sidechain,129.51277210397092,trigonal.bipyramidal,1.0,HIS502:B
PDE4D_dimer,689043,MG:B:1224,metal_complexes,502,HIS,B,,,,2.9680875997854224,,,,,,,,,,,,,,,,,,,,,,,,,,,,Mg,,N,5.0,protein.sidechain,129.51277210397092,trigonal.bipyramidal,1.0,HIS502:B
PDE4D_dimer,689043,MG:B:1224,metal_complexes,532,GLU,B,,,,2.7823624853710216,,,,,,,,,,,,,,,,,,,,,,,,,,,,Mg,,O,5.0,protein.sidechain,129.51277210397092,trigonal.bipyramidal,1.0,GLU532:B
PDE4D_dimer,689043,MG:B:1224,metal_complexes,532,GLU,B,,,,2.7823624853710216,,,,,,,,,,,,,,,,,,,,,,,,,,,,Mg,,O,5.0,protein.sidechain,129.51277210397092,trigonal.bipyramidal,1.0,GLU532:B
PDE4D_dimer,689043,MG:B:1224,metal_complexes,1441,HOH,B,,,,2.130300683002284,,,,,,,,,,,,,,,,,,,,,,,,,,,,Mg,,O,5.0,water,129.51277210397092,trigonal.bipyramidal,2.0,HOH1441:B
PDE4D_dimer,689043,MG:B:1224,metal_complexes,502,HIS,B,,,,2.9680875997854224,,,,,,,,,,,,,,,,,,,,,,,,,,,,Mg,,N,5.0,protein.sidechain,129.51277210397092,trigonal.bipyramidal,2.0,HIS502:B
PDE4D_dimer,689043,MG:B:1224,metal_complexes,502,HIS,B,,,,2.9680875997854224,,,,,,,,,,,,,,,,,,,,,,,,,,,,Mg,,N,5.0,protein.sidechain,129.51277210397092,trigonal.bipyramidal,2.0,HIS502:B
PDE4D_dimer,689043,MG:B:1224,metal_complexes,532,GLU,B,,,,2.7823624853710216,,,,,,,,,,,,,,,,,,,,,,,,,,,,Mg,,O,5.0,protein.sidechain,129.51277210397092,trigonal.bipyramidal,2.0,GLU532:B
PDE4D_dimer,689043,MG:B:1224,metal_complexes,532,GLU,B,,,,2.7823624853710216,,,,,,,,,,,,,,,,,,,,,,,,,,,,Mg,,O,5.0,protein.sidechain,129.51277210397092,trigonal.bipyramidal,2.0,GLU532:B
PDE4D_dimer,689043,UNL:A:1,hydrophobic_contacts,642,PHE,A,,,,3.702040788538128,,,,,,,,,,,,,,,,,,,,,,,,,,,,,,,,,,,,PHE642:A
PDE4D_dimer,689043,UNL:A:1,hydrophobic_contacts,674,PHE,A,,,,3.9586630318833658,,,,,,,,,,,,,,,,,,,,,,,,,,,,,,,,,,,,PHE674:A
PDE4D_dimer,689043,UNL:A:1,hydrophobic_contacts,674,PHE,A,,,,3.5652469760172307,,,,,,,,,,,,,,,,,,,,,,,,,,,,,,,,,,,,PHE674:A
PDE4D_dimer,689043,UNL:A:1,hbonds_pdon,623,ASN,A,,,,,,,True,,,,True,,,,,,,,,,,,,,163.97443964504652,,strong,,,,,,,,,,,,,ASN623:A
PDE4D_dimer,689043,UNL:A:1,hbonds_pdon,623,ASN,A,,,,,,,True,,,,True,,,,,,,,,,,,,,163.97443964504652,,strong,,,,,,,,,,,,,ASN623:A
PDE4D_dimer,689043,UNL:A:1,hbonds_pdon,670,SER,A,,,,,,,True,,,,True,,,,,,,,,,,,,,104.99962250230428,,strong,,,,,,,,,,,,,SER670:A
PDE4D_dimer,689043,UNL:A:1,hbonds_pdon,670,SER,A,,,,,,,True,,,,True,,,,,,,,,,,,,,122.3224688698609,,strong,,,,,,,,,,,,,SER670:A
PDE4D_dimer,689043,UNL:A:1,hbonds_pdon,461,TYR,A,,,,,,,True,,,,True,,,,,,,,,,,,,,106.82786964018644,,strong,,,,,,,,,,,,,TYR461:A
PDE4D_dimer,689043,UNL:A:1,water_bridges,623,ASN,A,,,,,,,,,,,True,,,,,,,,,,,,,,,,first_deg,,,,,,,,,,,,,ASN623:A
PDE4D_dimer,689043,UNL:A:1,water_bridges,621,LEU,A,,,,,,,,,,,True,,,,,,,,,,,,,,,,first_deg,,,,,,,,,,,,,LEU621:A
PDE4D_dimer,689043,UNL:A:1,water_bridges,674,PHE,A,,,,,,,,,,,True,,,,,,,,,,,,,,,,first_deg,,,,,,,,,,,,,PHE674:A
PDE4D_dimer,689043,UNL:A:1,water_bridges,620,ASP,A,,,,,,,,,,,False,,,,,,,,,,,,,,,,first_deg,,,,,,,,,,,,,ASP620:A
PDE4D_dimer,689043,UNL:A:1,water_bridges,620,ASP,A,,,,,,,,,,,False,,,,,,,,,,,,,,,,first_deg,,,,,,,,,,,,,ASP620:A
PDE4D_dimer,9877619,ZN:A:1223,metal_complexes,1448,HOH,A,,,,2.2084152689202274,,,,,,,,,,,,,,,,,,,,,,,,,,,,Zn,,O,5.0,water,135.70608099200211,trigonal.bipyramidal,1.0,HOH1448:A
PDE4D_dimer,9877619,ZN:A:1223,metal_complexes,502,HIS,A,,,,2.1458718507869943,,,,,,,,,,,,,,,,,,,,,,,,,,,,Zn,,N,5.0,protein.sidechain,135.70608099200211,trigonal.bipyramidal,1.0,HIS502:A
PDE4D_dimer,9877619,ZN:A:1223,metal_complexes,502,HIS,A,,,,1.368305886854253,,,,,,,,,,,,,,,,,,,,,,,,,,,,Zn,,N,5.0,protein.sidechain,135.70608099200211,trigonal.bipyramidal,1.0,HIS502:A
PDE4D_dimer,9877619,ZN:A:1223,metal_complexes,502,HIS,A,,,,2.1458718507869943,,,,,,,,,,,,,,,,,,,,,,,,,,,,Zn,,N,5.0,protein.sidechain,135.70608099200211,trigonal.bipyramidal,1.0,HIS502:A
PDE4D_dimer,9877619,ZN:A:1223,metal_complexes,502,HIS,A,,,,1.368305886854253,,,,,,,,,,,,,,,,,,,,,,,,,,,,Zn,,N,5.0,protein.sidechain,135.70608099200211,trigonal.bipyramidal,1.0,HIS502:A
PDE4D_dimer,9877619,ZN:A:1223,metal_complexes,1448,HOH,A,,,,2.2084152689202274,,,,,,,,,,,,,,,,,,,,,,,,,,,,Zn,,O,5.0,water,135.70608099200211,trigonal.bipyramidal,2.0,HOH1448:A
PDE4D_dimer,9877619,ZN:A:1223,metal_complexes,502,HIS,A,,,,2.1458718507869943,,,,,,,,,,,,,,,,,,,,,,,,,,,,Zn,,N,5.0,protein.sidechain,135.70608099200211,trigonal.bipyramidal,2.0,HIS502:A
PDE4D_dimer,9877619,ZN:A:1223,metal_complexes,502,HIS,A,,,,1.368305886854253,,,,,,,,,,,,,,,,,,,,,,,,,,,,Zn,,N,5.0,protein.sidechain,135.70608099200211,trigonal.bipyramidal,2.0,HIS502:A
PDE4D_dimer,9877619,ZN:A:1223,metal_complexes,502,HIS,A,,,,2.1458718507869943,,,,,,,,,,,,,,,,,,,,,,,,,,,,Zn,,N,5.0,protein.sidechain,135.70608099200211,trigonal.bipyramidal,2.0,HIS502:A
PDE4D_dimer,9877619,ZN:A:1223,metal_complexes,502,HIS,A,,,,1.368305886854253,,,,,,,,,,,,,,,,,,,,,,,,,,,,Zn,,N,5.0,protein.sidechain,135.70608099200211,trigonal.bipyramidal,2.0,HIS502:A
PDE4D_dimer,9877619,ZN:B:1223,metal_complexes,1443,HOH,B,,,,2.202447729232182,,,,,,,,,,,,,,,,,,,,,,,,,,,,Zn,,O,5.0,water,135.50778824402013,trigonal.bipyramidal,1.0,HOH1443:B
PDE4D_dimer,9877619,ZN:B:1223,metal_complexes,502,HIS,B,,,,2.300014347781336,,,,,,,,,,,,,,,,,,,,,,,,,,,,Zn,,N,5.0,protein.sidechain,135.50778824402013,trigonal.bipyramidal,1.0,HIS502:B
PDE4D_dimer,9877619,ZN:B:1223,metal_complexes,502,HIS,B,,,,1.6050847329658358,,,,,,,,,,,,,,,,,,,,,,,,,,,,Zn,,N,5.0,protein.sidechain,135.50778824402013,trigonal.bipyramidal,1.0,HIS502:B
PDE4D_dimer,9877619,ZN:B:1223,metal_complexes,502,HIS,B,,,,2.300014347781336,,,,,,,,,,,,,,,,,,,,,,,,,,,,Zn,,N,5.0,protein.sidechain,135.50778824402013,trigonal.bipyramidal,1.0,HIS502:B
PDE4D_dimer,9877619,ZN:B:1223,metal_complexes,502,HIS,B,,,,1.6050847329658358,,,,,,,,,,,,,,,,,,,,,,,,,,,,Zn,,N,5.0,protein.sidechain,135.50778824402013,trigonal.bipyramidal,1.0,HIS502:B
PDE4D_dimer,9877619,ZN:B:1223,metal_complexes,1443,HOH,B,,,,2.202447729232182,,,,,,,,,,,,,,,,,,,,,,,,,,,,Zn,,O,5.0,water,135.50778824402013,trigonal.bipyramidal,2.0,HOH1443:B
PDE4D_dimer,9877619,ZN:B:1223,metal_complexes,502,HIS,B,,,,2.300014347781336,,,,,,,,,,,,,,,,,,,,,,,,,,,,Zn,,N,5.0,protein.sidechain,135.50778824402013,trigonal.bipyramidal,2.0,HIS502:B
PDE4D_dimer,9877619,ZN:B:1223,metal_complexes,502,HIS,B,,,,1.6050847329658358,,,,,,,,,,,,,,,,,,,,,,,,,,,,Zn,,N,5.0,protein.sidechain,135.50778824402013,trigonal.bipyramidal,2.0,HIS502:B
PDE4D_dimer,9877619,ZN:B:1223,metal_complexes,502,HIS,B,,,,2.300014347781336,,,,,,,,,,,,,,,,,,,,,,,,,,,,Zn,,N,5.0,protein.sidechain,135.50778824402013,trigonal.bipyramidal,2.0,HIS502:B
PDE4D_dimer,9877619,ZN:B:1223,metal_complexes,502,HIS,B,,,,1.6050847329658358,,,,,,,,,,,,,,,,,,,,,,,,,,,,Zn,,N,5.0,protein.sidechain,135.50778824402013,trigonal.bipyramidal,2.0,HIS502:B
PDE4D_dimer,9877619,MG:B:1224,metal_complexes,1441,HOH,B,,,,2.130300683002284,,,,,,,,,,,,,,,,,,,,,,,,,,,,Mg,,O,5.0,water,129.51277210397092,trigonal.bipyramidal,1.0,HOH1441:B
PDE4D_dimer,9877619,MG:B:1224,metal_complexes,502,HIS,B,,,,2.9680875997854224,,,,,,,,,,,,,,,,,,,,,,,,,,,,Mg,,N,5.0,protein.sidechain,129.51277210397092,trigonal.bipyramidal,1.0,HIS502:B
PDE4D_dimer,9877619,MG:B:1224,metal_complexes,502,HIS,B,,,,2.9680875997854224,,,,,,,,,,,,,,,,,,,,,,,,,,,,Mg,,N,5.0,protein.sidechain,129.51277210397092,trigonal.bipyramidal,1.0,HIS502:B
PDE4D_dimer,9877619,MG:B:1224,metal_complexes,532,GLU,B,,,,2.7823624853710216,,,,,,,,,,,,,,,,,,,,,,,,,,,,Mg,,O,5.0,protein.sidechain,129.51277210397092,trigonal.bipyramidal,1.0,GLU532:B
PDE4D_dimer,9877619,MG:B:1224,metal_complexes,532,GLU,B,,,,2.7823624853710216,,,,,,,,,,,,,,,,,,,,,,,,,,,,Mg,,O,5.0,protein.sidechain,129.51277210397092,trigonal.bipyramidal,1.0,GLU532:B
PDE4D_dimer,9877619,MG:B:1224,metal_complexes,1441,HOH,B,,,,2.130300683002284,,,,,,,,,,,,,,,,,,,,,,,,,,,,Mg,,O,5.0,water,129.51277210397092,trigonal.bipyramidal,2.0,HOH1441:B
PDE4D_dimer,9877619,MG:B:1224,metal_complexes,502,HIS,B,,,,2.9680875997854224,,,,,,,,,,,,,,,,,,,,,,,,,,,,Mg,,N,5.0,protein.sidechain,129.51277210397092,trigonal.bipyramidal,2.0,HIS502:B
PDE4D_dimer,9877619,MG:B:1224,metal_complexes,502,HIS,B,,,,2.9680875997854224,,,,,,,,,,,,,,,,,,,,,,,,,,,,Mg,,N,5.0,protein.sidechain,129.51277210397092,trigonal.bipyramidal,2.0,HIS502:B
PDE4D_dimer,9877619,MG:B:1224,metal_complexes,532,GLU,B,,,,2.7823624853710216,,,,,,,,,,,,,,,,,,,,,,,,,,,,Mg,,O,5.0,protein.sidechain,129.51277210397092,trigonal.bipyramidal,2.0,GLU532:B
PDE4D_dimer,9877619,MG:B:1224,metal_complexes,532,GLU,B,,,,2.7823624853710216,,,,,,,,,,,,,,,,,,,,,,,,,,,,Mg,,O,5.0,protein.sidechain,129.51277210397092,trigonal.bipyramidal,2.0,GLU532:B
PDE4D_dimer,9877619,UNL:Z:1,hydrophobic_contacts,461,TYR,A,,,,3.5134333635348782,,,,,,,,,,,,,,,,,,,,,,,,,,,,,,,,,,,,TYR461:A
PDE4D_dimer,9877619,UNL:Z:1,hydrophobic_contacts,462,HIS,A,,,,3.731180108223134,,,,,,,,,,,,,,,,,,,,,,,,,,,,,,,,,,,,HIS462:A
PDE4D_dimer,9877619,UNL:Z:1,hydrophobic_contacts,638,ILE,A,,,,3.551403947736725,,,,,,,,,,,,,,,,,,,,,,,,,,,,,,,,,,,,ILE638:A
PDE4D_dimer,9877619,UNL:Z:1,hydrophobic_contacts,638,ILE,A,,,,3.983443861785928,,,,,,,,,,,,,,,,,,,,,,,,,,,,,,,,,,,,ILE638:A
PDE4D_dimer,9877619,UNL:Z:1,hydrophobic_contacts,642,PHE,A,,,,3.755789530844348,,,,,,,,,,,,,,,,,,,,,,,,,,,,,,,,,,,,PHE642:A
PDE4D_dimer,9877619,UNL:Z:1,hydrophobic_contacts,674,PHE,A,,,,3.739489938480915,,,,,,,,,,,,,,,,,,,,,,,,,,,,,,,,,,,,PHE674:A
PDE4D_dimer,9877619,UNL:Z:1,hydrophobic_contacts,674,PHE,A,,,,3.674754549626411,,,,,,,,,,,,,,,,,,,,,,,,,,,,,,,,,,,,PHE674:A
PDE4D_dimer,9877619,UNL:Z:1,hydrophobic_contacts,674,PHE,A,,,,3.8553280016102383,,,,,,,,,,,,,,,,,,,,,,,,,,,,,,,,,,,,PHE674:A
PDE4D_dimer,9877619,UNL:Z:1,hydrophobic_contacts,674,PHE,A,,,,3.664166071563896,,,,,,,,,,,,,,,,,,,,,,,,,,,,,,,,,,,,PHE674:A
PDE4D_dimer,9877619,UNL:Z:1,hydrophobic_contacts,674,PHE,A,,,,3.879617635798663,,,,,,,,,,,,,,,,,,,,,,,,,,,,,,,,,,,,PHE674:A
PDE4D_dimer,9877619,UNL:Z:1,hydrophobic_contacts,674,PHE,A,,,,3.690798694049839,,,,,,,,,,,,,,,,,,,,,,,,,,,,,,,,,,,,PHE674:A
PDE4D_dimer,9877619,UNL:Z:1,hbonds_pdon,623,ASN,A,,,,,,,True,,,,True,,,,,,,,,,,,,,139.10882245995697,,strong,,,,,,,,,,,,,ASN623:A
PDE4D_dimer,9877619,UNL:Z:1,hbonds_pdon,623,ASN,A,,,,,,,True,,,,True,,,,,,,,,,,,,,101.8144298981584,,strong,,,,,,,,,,,,,ASN623:A
PDE4D_dimer,9877619,UNL:Z:1,water_bridges,623,ASN,A,,,,,,,,,,,True,,,,,,,,,,,,,,,,first_deg,,,,,,,,,,,,,ASN623:A
PDE4D_dimer,9877619,UNL:Z:1,water_bridges,461,TYR,A,,,,,,,,,,,True,,,,,,,,,,,,,,,,first_deg,,,,,,,,,,,,,TYR461:A
PDE4D_monomer,10394,ZN:B:1223,metal_complexes,1443,HOH,B,,,,2.202447729232182,,,,,,,,,,,,,,,,,,,,,,,,,,,,Zn,,O,5.0,water,131.55235864144905,trigonal.bipyramidal,1.0,HOH1443:B
PDE4D_monomer,10394,ZN:B:1223,metal_complexes,502,HIS,A,,,,2.4008692175959947,,,,,,,,,,,,,,,,,,,,,,,,,,,,Zn,,N,5.0,protein.sidechain,131.55235864144905,trigonal.bipyramidal,1.0,HIS502:A
PDE4D_monomer,10394,ZN:B:1223,metal_complexes,502,HIS,A,,,,1.6291313636413731,,,,,,,,,,,,,,,,,,,,,,,,,,,,Zn,,N,5.0,protein.sidechain,131.55235864144905,trigonal.bipyramidal,1.0,HIS502:A
PDE4D_monomer,10394,ZN:B:1223,metal_complexes,502,HIS,A,,,,2.4008692175959947,,,,,,,,,,,,,,,,,,,,,,,,,,,,Zn,,N,5.0,protein.sidechain,131.55235864144905,trigonal.bipyramidal,1.0,HIS502:A
PDE4D_monomer,10394,ZN:B:1223,metal_complexes,502,HIS,A,,,,1.6291313636413731,,,,,,,,,,,,,,,,,,,,,,,,,,,,Zn,,N,5.0,protein.sidechain,131.55235864144905,trigonal.bipyramidal,1.0,HIS502:A
PDE4D_monomer,10394,ZN:B:1223,metal_complexes,1443,HOH,B,,,,2.202447729232182,,,,,,,,,,,,,,,,,,,,,,,,,,,,Zn,,O,5.0,water,131.55235864144905,trigonal.bipyramidal,2.0,HOH1443:B
PDE4D_monomer,10394,ZN:B:1223,metal_complexes,502,HIS,A,,,,2.4008692175959947,,,,,,,,,,,,,,,,,,,,,,,,,,,,Zn,,N,5.0,protein.sidechain,131.55235864144905,trigonal.bipyramidal,2.0,HIS502:A
PDE4D_monomer,10394,ZN:B:1223,metal_complexes,502,HIS,A,,,,1.6291313636413731,,,,,,,,,,,,,,,,,,,,,,,,,,,,Zn,,N,5.0,protein.sidechain,131.55235864144905,trigonal.bipyramidal,2.0,HIS502:A
PDE4D_monomer,10394,ZN:B:1223,metal_complexes,502,HIS,A,,,,2.4008692175959947,,,,,,,,,,,,,,,,,,,,,,,,,,,,Zn,,N,5.0,protein.sidechain,131.55235864144905,trigonal.bipyramidal,2.0,HIS502:A
PDE4D_monomer,10394,ZN:B:1223,metal_complexes,502,HIS,A,,,,1.6291313636413731,,,,,,,,,,,,,,,,,,,,,,,,,,,,Zn,,N,5.0,protein.sidechain,131.55235864144905,trigonal.bipyramidal,2.0,HIS502:A
PDE4D_monomer,10394,MG:B:1224,metal_complexes,1441,HOH,B,,,,2.130300683002284,,,,,,,,,,,,,,,,,,,,,,,,,,,,Mg,,O,3.0,water,76.06071468606284,trigonal.pyramidal,1.0,HOH1441:B
PDE4D_monomer,10394,MG:B:1224,metal_complexes,502,HIS,A,,,,2.594539650882214,,,,,,,,,,,,,,,,,,,,,,,,,,,,Mg,,N,3.0,protein.sidechain,76.06071468606284,trigonal.pyramidal,1.0,HIS502:A
PDE4D_monomer,10394,MG:B:1224,metal_complexes,502,HIS,A,,,,2.594539650882214,,,,,,,,,,,,,,,,,,,,,,,,,,,,Mg,,N,3.0,protein.sidechain,76.06071468606284,trigonal.pyramidal,1.0,HIS502:A
PDE4D_monomer,10394,MG:B:1224,metal_complexes,1441,HOH,B,,,,2.130300683002284,,,,,,,,,,,,,,,,,,,,,,,,,,,,Mg,,O,3.0,water,76.06071468606284,trigonal.pyramidal,2.0,HOH1441:B
PDE4D_monomer,10394,MG:B:1224,metal_complexes,502,HIS,A,,,,2.594539650882214,,,,,,,,,,,,,,,,,,,,,,,,,,,,Mg,,N,3.0,protein.sidechain,76.06071468606284,trigonal.pyramidal,2.0,HIS502:A
PDE4D_monomer,10394,MG:B:1224,metal_complexes,502,HIS,A,,,,2.594539650882214,,,,,,,,,,,,,,,,,,,,,,,,,,,,Mg,,N,3.0,protein.sidechain,76.06071468606284,trigonal.pyramidal,2.0,HIS502:A
PDE4D_monomer,10394,UNL:A:1,hydrophobic_contacts,638,ILE,A,,,,3.675996463545633,,,,,,,,,,,,,,,,,,,,,,,,,,,,,,,,,,,,ILE638:A
PDE4D_monomer,10394,UNL:A:1,hydrophobic_contacts,674,PHE,A,,,,3.739771249688944,,,,,,,,,,,,,,,,,,,,,,,,,,,,,,,,,,,,PHE674:A
PDE4D_monomer,10394,UNL:A:1,hydrophobic_contacts,674,PHE,A,,,,3.699573624081564,,,,,,,,,,,,,,,,,,,,,,,,,,,,,,,,,,,,PHE674:A
PDE4D_monomer,10394,UNL:A:1,hydrophobic_contacts,674,PHE,A,,,,3.754016782061581,,,,,,,,,,,,,,,,,,,,,,,,,,,,,,,,,,,,PHE674:A
PDE4D_monomer,10394,UNL:A:1,hydrophobic_contacts,674,PHE,A,,,,3.775599819896172,,,,,,,,,,,,,,,,,,,,,,,,,,,,,,,,,,,,PHE674:A
PDE4D_monomer,10394,UNL:A:1,hydrophobic_contacts,674,PHE,A,,,,3.706294510693935,,,,,,,,,,,,,,,,,,,,,,,,,,,,,,,,,,,,PHE674:A
PDE4D_monomer,10394,UNL:A:1,hbonds_pdon,671,GLN,A,,,,,,,True,,,,True,,,,,,,,,,,,,,107.01953357751869,,strong,,,,,,,,,,,,,GLN671:A
PDE4D_monomer,10394,UNL:A:1,hbonds_pdon,671,GLN,A,,,,,,,True,,,,True,,,,,,,,,,,,,,107.01953357751869,,strong,,,,,,,,,,,,,GLN671:A
PDE4D_monomer,10394,UNL:A:1,water_bridges,620,ASP,A,,,,,,,,,,,False,,,,,,,,,,,,,,,,first_deg,,,,,,,,,,,,,ASP620:A
PDE4D_monomer,10394,UNL:A:1,water_bridges,623,ASN,A,,,,,,,,,,,False,,,,,,,,,,,,,,,,first_deg,,,,,,,,,,,,,ASN623:A
PDE4D_monomer,104775,ZN:B:1223,metal_complexes,1443,HOH,B,,,,2.202447729232182,,,,,,,,,,,,,,,,,,,,,,,,,,,,Zn,,O,5.0,water,131.55235864144905,trigonal.bipyramidal,1.0,HOH1443:B
PDE4D_monomer,104775,ZN:B:1223,metal_complexes,502,HIS,A,,,,2.4008692175959947,,,,,,,,,,,,,,,,,,,,,,,,,,,,Zn,,N,5.0,protein.sidechain,131.55235864144905,trigonal.bipyramidal,1.0,HIS502:A
PDE4D_monomer,104775,ZN:B:1223,metal_complexes,502,HIS,A,,,,1.6291313636413731,,,,,,,,,,,,,,,,,,,,,,,,,,,,Zn,,N,5.0,protein.sidechain,131.55235864144905,trigonal.bipyramidal,1.0,HIS502:A
PDE4D_monomer,104775,ZN:B:1223,metal_complexes,502,HIS,A,,,,2.4008692175959947,,,,,,,,,,,,,,,,,,,,,,,,,,,,Zn,,N,5.0,protein.sidechain,131.55235864144905,trigonal.bipyramidal,1.0,HIS502:A
PDE4D_monomer,104775,ZN:B:1223,metal_complexes,502,HIS,A,,,,1.6291313636413731,,,,,,,,,,,,,,,,,,,,,,,,,,,,Zn,,N,5.0,protein.sidechain,131.55235864144905,trigonal.bipyramidal,1.0,HIS502:A
PDE4D_monomer,104775,ZN:B:1223,metal_complexes,1443,HOH,B,,,,2.202447729232182,,,,,,,,,,,,,,,,,,,,,,,,,,,,Zn,,O,5.0,water,131.55235864144905,trigonal.bipyramidal,2.0,HOH1443:B
PDE4D_monomer,104775,ZN:B:1223,metal_complexes,502,HIS,A,,,,2.4008692175959947,,,,,,,,,,,,,,,,,,,,,,,,,,,,Zn,,N,5.0,protein.sidechain,131.55235864144905,trigonal.bipyramidal,2.0,HIS502:A
PDE4D_monomer,104775,ZN:B:1223,metal_complexes,502,HIS,A,,,,1.6291313636413731,,,,,,,,,,,,,,,,,,,,,,,,,,,,Zn,,N,5.0,protein.sidechain,131.55235864144905,trigonal.bipyramidal,2.0,HIS502:A
PDE4D_monomer,104775,ZN:B:1223,metal_complexes,502,HIS,A,,,,2.4008692175959947,,,,,,,,,,,,,,,,,,,,,,,,,,,,Zn,,N,5.0,protein.sidechain,131.55235864144905,trigonal.bipyramidal,2.0,HIS502:A
PDE4D_monomer,104775,ZN:B:1223,metal_complexes,502,HIS,A,,,,1.6291313636413731,,,,,,,,,,,,,,,,,,,,,,,,,,,,Zn,,N,5.0,protein.sidechain,131.55235864144905,trigonal.bipyramidal,2.0,HIS502:A
PDE4D_monomer,104775,MG:B:1224,metal_complexes,1441,HOH,B,,,,2.130300683002284,,,,,,,,,,,,,,,,,,,,,,,,,,,,Mg,,O,3.0,water,76.06071468606284,trigonal.pyramidal,1.0,HOH1441:B
PDE4D_monomer,104775,MG:B:1224,metal_complexes,502,HIS,A,,,,2.594539650882214,,,,,,,,,,,,,,,,,,,,,,,,,,,,Mg,,N,3.0,protein.sidechain,76.06071468606284,trigonal.pyramidal,1.0,HIS502:A
PDE4D_monomer,104775,MG:B:1224,metal_complexes,502,HIS,A,,,,2.594539650882214,,,,,,,,,,,,,,,,,,,,,,,,,,,,Mg,,N,3.0,protein.sidechain,76.06071468606284,trigonal.pyramidal,1.0,HIS502:A
PDE4D_monomer,104775,MG:B:1224,metal_complexes,1441,HOH,B,,,,2.130300683002284,,,,,,,,,,,,,,,,,,,,,,,,,,,,Mg,,O,3.0,water,76.06071468606284,trigonal.pyramidal,2.0,HOH1441:B
PDE4D_monomer,104775,MG:B:1224,metal_complexes,502,HIS,A,,,,2.594539650882214,,,,,,,,,,,,,,,,,,,,,,,,,,,,Mg,,N,3.0,protein.sidechain,76.06071468606284,trigonal.pyramidal,2.0,HIS502:A
PDE4D_monomer,104775,MG:B:1224,metal_complexes,502,HIS,A,,,,2.594539650882214,,,,,,,,,,,,,,,,,,,,,,,,,,,,Mg,,N,3.0,protein.sidechain,76.06071468606284,trigonal.pyramidal,2.0,HIS502:A
PDE4D_monomer,104775,UNL:A:1,hydrophobic_contacts,461,TYR,A,,,,3.550587838654327,,,,,,,,,,,,,,,,,,,,,,,,,,,,,,,,,,,,TYR461:A
PDE4D_monomer,104775,UNL:A:1,hydrophobic_contacts,641,GLU,A,,,,3.565786028353356,,,,,,,,,,,,,,,,,,,,,,,,,,,,,,,,,,,,GLU641:A
PDE4D_monomer,104775,UNL:A:1,hydrophobic_contacts,642,PHE,A,,,,3.666373139766328,,,,,,,,,,,,,,,,,,,,,,,,,,,,,,,,,,,,PHE642:A
PDE4D_monomer,104775,UNL:A:1,hydrophobic_contacts,642,PHE,A,,,,3.945536211974237,,,,,,,,,,,,,,,,,,,,,,,,,,,,,,,,,,,,PHE642:A
PDE4D_monomer,104775,UNL:A:1,hydrophobic_contacts,462,HIS,A,,,,3.726309971003487,,,,,,,,,,,,,,,,,,,,,,,,,,,,,,,,,,,,HIS462:A
PDE4D_monomer,104775,UNL:A:1,hydrophobic_contacts,638,ILE,A,,,,3.595085256290872,,,,,,,,,,,,,,,,,,,,,,,,,,,,,,,,,,,,ILE638:A
PDE4D_monomer,104775,UNL:A:1,water_bridges,466,HIS,A,,,,,,,,,,,True,,,,,,,,,,,,,,,,first_deg,,,,,,,,,,,,,HIS466:A
PDE4D_monomer,104775,UNL:A:1,water_bridges,466,HIS,A,,,,,,,,,,,True,,,,,,,,,,,,,,,,first_deg,,,,,,,,,,,,,HIS466:A
PDE4D_monomer,104775,UNL:A:1,saltbridge_lneg,462,HIS,A,,,,4.593003184192233,,,,,,,,,,,,,,,,,True,,,,,,,,,,,,,,,,,,,HIS462:A
PDE4D_monomer,10559720,ZN:B:1223,metal_complexes,1443,HOH,B,,,,2.202447729232182,,,,,,,,,,,,,,,,,,,,,,,,,,,,Zn,,O,5.0,water,131.55235864144905,trigonal.bipyramidal,1.0,HOH1443:B
PDE4D_monomer,10559720,ZN:B:1223,metal_complexes,502,HIS,A,,,,2.4008692175959947,,,,,,,,,,,,,,,,,,,,,,,,,,,,Zn,,N,5.0,protein.sidechain,131.55235864144905,trigonal.bipyramidal,1.0,HIS502:A
PDE4D_monomer,10559720,ZN:B:1223,metal_complexes,502,HIS,A,,,,1.6291313636413731,,,,,,,,,,,,,,,,,,,,,,,,,,,,Zn,,N,5.0,protein.sidechain,131.55235864144905,trigonal.bipyramidal,1.0,HIS502:A
PDE4D_monomer,10559720,ZN:B:1223,metal_complexes,502,HIS,A,,,,2.4008692175959947,,,,,,,,,,,,,,,,,,,,,,,,,,,,Zn,,N,5.0,protein.sidechain,131.55235864144905,trigonal.bipyramidal,1.0,HIS502:A
PDE4D_monomer,10559720,ZN:B:1223,metal_complexes,502,HIS,A,,,,1.6291313636413731,,,,,,,,,,,,,,,,,,,,,,,,,,,,Zn,,N,5.0,protein.sidechain,131.55235864144905,trigonal.bipyramidal,1.0,HIS502:A
PDE4D_monomer,10559720,ZN:B:1223,metal_complexes,1443,HOH,B,,,,2.202447729232182,,,,,,,,,,,,,,,,,,,,,,,,,,,,Zn,,O,5.0,water,131.55235864144905,trigonal.bipyramidal,2.0,HOH1443:B
PDE4D_monomer,10559720,ZN:B:1223,metal_complexes,502,HIS,A,,,,2.4008692175959947,,,,,,,,,,,,,,,,,,,,,,,,,,,,Zn,,N,5.0,protein.sidechain,131.55235864144905,trigonal.bipyramidal,2.0,HIS502:A
PDE4D_monomer,10559720,ZN:B:1223,metal_complexes,502,HIS,A,,,,1.6291313636413731,,,,,,,,,,,,,,,,,,,,,,,,,,,,Zn,,N,5.0,protein.sidechain,131.55235864144905,trigonal.bipyramidal,2.0,HIS502:A
PDE4D_monomer,10559720,ZN:B:1223,metal_complexes,502,HIS,A,,,,2.4008692175959947,,,,,,,,,,,,,,,,,,,,,,,,,,,,Zn,,N,5.0,protein.sidechain,131.55235864144905,trigonal.bipyramidal,2.0,HIS502:A
PDE4D_monomer,10559720,ZN:B:1223,metal_complexes,502,HIS,A,,,,1.6291313636413731,,,,,,,,,,,,,,,,,,,,,,,,,,,,Zn,,N,5.0,protein.sidechain,131.55235864144905,trigonal.bipyramidal,2.0,HIS502:A
PDE4D_monomer,10559720,MG:B:1224,metal_complexes,1441,HOH,B,,,,2.130300683002284,,,,,,,,,,,,,,,,,,,,,,,,,,,,Mg,,O,3.0,water,76.06071468606284,trigonal.pyramidal,1.0,HOH1441:B
PDE4D_monomer,10559720,MG:B:1224,metal_complexes,502,HIS,A,,,,2.594539650882214,,,,,,,,,,,,,,,,,,,,,,,,,,,,Mg,,N,3.0,protein.sidechain,76.06071468606284,trigonal.pyramidal,1.0,HIS502:A
PDE4D_monomer,10559720,MG:B:1224,metal_complexes,502,HIS,A,,,,2.594539650882214,,,,,,,,,,,,,,,,,,,,,,,,,,,,Mg,,N,3.0,protein.sidechain,76.06071468606284,trigonal.pyramidal,1.0,HIS502:A
PDE4D_monomer,10559720,MG:B:1224,metal_complexes,1441,HOH,B,,,,2.130300683002284,,,,,,,,,,,,,,,,,,,,,,,,,,,,Mg,,O,3.0,water,76.06071468606284,trigonal.pyramidal,2.0,HOH1441:B
PDE4D_monomer,10559720,MG:B:1224,metal_complexes,502,HIS,A,,,,2.594539650882214,,,,,,,,,,,,,,,,,,,,,,,,,,,,Mg,,N,3.0,protein.sidechain,76.06071468606284,trigonal.pyramidal,2.0,HIS502:A
PDE4D_monomer,10559720,MG:B:1224,metal_complexes,502,HIS,A,,,,2.594539650882214,,,,,,,,,,,,,,,,,,,,,,,,,,,,Mg,,N,3.0,protein.sidechain,76.06071468606284,trigonal.pyramidal,2.0,HIS502:A
PDE4D_monomer,10559720,UNL:Z:1,hydrophobic_contacts,462,HIS,A,,,,3.520115623101036,,,,,,,,,,,,,,,,,,,,,,,,,,,,,,,,,,,,HIS462:A
PDE4D_monomer,10559720,UNL:Z:1,hydrophobic_contacts,623,ASN,A,,,,3.905651546157184,,,,,,,,,,,,,,,,,,,,,,,,,,,,,,,,,,,,ASN623:A
PDE4D_monomer,10559720,UNL:Z:1,hydrophobic_contacts,624,PRO,A,,,,3.888752242043712,,,,,,,,,,,,,,,,,,,,,,,,,,,,,,,,,,,,PRO624:A
PDE4D_monomer,10559720,UNL:Z:1,hydrophobic_contacts,674,PHE,A,,,,3.70408868684323,,,,,,,,,,,,,,,,,,,,,,,,,,,,,,,,,,,,PHE674:A
PDE4D_monomer,10559720,UNL:Z:1,hydrophobic_contacts,461,TYR,A,,,,3.638384394205757,,,,,,,,,,,,,,,,,,,,,,,,,,,,,,,,,,,,TYR461:A
PDE4D_monomer,10559720,UNL:Z:1,hydrophobic_contacts,638,ILE,A,,,,3.5621485089760085,,,,,,,,,,,,,,,,,,,,,,,,,,,,,,,,,,,,ILE638:A
PDE4D_monomer,10559720,UNL:Z:1,hydrophobic_contacts,674,PHE,A,,,,3.49419189513112,,,,,,,,,,,,,,,,,,,,,,,,,,,,,,,,,,,,PHE674:A
PDE4D_monomer,10559720,UNL:Z:1,hbonds_ldon,462,HIS,A,,,,,,,True,,,,False,,,,,,,,,,,,,,157.3294860176064,,strong,,,,,,,,,,,,,HIS462:A
PDE4D_monomer,10559720,UNL:Z:1,hbonds_ldon,623,ASN,A,,,,,,,True,,,,False,,,,,,,,,,,,,,134.2676378694246,,strong,,,,,,,,,,,,,ASN623:A
PDE4D_monomer,10559720,UNL:Z:1,hbonds_pdon,462,HIS,A,,,,,,,True,,,,True,,,,,,,,,,,,,,130.71248058626216,,strong,,,,,,,,,,,,,HIS462:A
PDE4D_monomer,10559720,UNL:Z:1,hbonds_pdon,462,HIS,A,,,,,,,True,,,,True,,,,,,,,,,,,,,130.71248058626216,,strong,,,,,,,,,,,,,HIS462:A
PDE4D_monomer,10559720,UNL:Z:1,hbonds_pdon,671,GLN,A,,,,,,,True,,,,True,,,,,,,,,,,,,,140.0363323842109,,strong,,,,,,,,,,,,,GLN671:A
PDE4D_monomer,10559720,UNL:Z:1,hbonds_pdon,671,GLN,A,,,,,,,True,,,,True,,,,,,,,,,,,,,140.0363323842109,,strong,,,,,,,,,,,,,GLN671:A
PDE4D_monomer,10559720,UNL:Z:1,hbonds_pdon,623,ASN,A,,,,,,,True,,,,True,,,,,,,,,,,,,,149.27429126376887,,strong,,,,,,,,,,,,,ASN623:A
PDE4D_monomer,10559720,UNL:Z:1,hbonds_pdon,623,ASN,A,,,,,,,True,,,,True,,,,,,,,,,,,,,139.4482792996772,,strong,,,,,,,,,,,,,ASN623:A
PDE4D_monomer,10559720,UNL:Z:1,water_bridges,466,HIS,A,,,,,,,,,,,True,,,,,,,,,,,,,,,,first_deg,,,,,,,,,,,,,HIS466:A
PDE4D_monomer,10559720,UNL:Z:1,water_bridges,511,ASN,A,,,,,,,,,,,True,,,,,,,,,,,,,,,,first_deg,,,,,,,,,,,,,ASN511:A
PDE4D_monomer,10559720,UNL:Z:1,water_bridges,502,HIS,A,,,,,,,,,,,True,,,,,,,,,,,,,,,,first_deg,,,,,,,,,,,,,HIS502:A
PDE4D_monomer,10176710,ZN:B:1223,metal_complexes,1443,HOH,B,,,,2.202447729232182,,,,,,,,,,,,,,,,,,,,,,,,,,,,Zn,,O,5.0,water,131.55235864144905,trigonal.bipyramidal,1.0,HOH1443:B
PDE4D_monomer,10176710,ZN:B:1223,metal_complexes,502,HIS,A,,,,2.4008692175959947,,,,,,,,,,,,,,,,,,,,,,,,,,,,Zn,,N,5.0,protein.sidechain,131.55235864144905,trigonal.bipyramidal,1.0,HIS502:A
PDE4D_monomer,10176710,ZN:B:1223,metal_complexes,502,HIS,A,,,,1.6291313636413731,,,,,,,,,,,,,,,,,,,,,,,,,,,,Zn,,N,5.0,protein.sidechain,131.55235864144905,trigonal.bipyramidal,1.0,HIS502:A
PDE4D_monomer,10176710,ZN:B:1223,metal_complexes,502,HIS,A,,,,2.4008692175959947,,,,,,,,,,,,,,,,,,,,,,,,,,,,Zn,,N,5.0,protein.sidechain,131.55235864144905,trigonal.bipyramidal,1.0,HIS502:A
PDE4D_monomer,10176710,ZN:B:1223,metal_complexes,502,HIS,A,,,,1.6291313636413731,,,,,,,,,,,,,,,,,,,,,,,,,,,,Zn,,N,5.0,protein.sidechain,131.55235864144905,trigonal.bipyramidal,1.0,HIS502:A
PDE4D_monomer,10176710,ZN:B:1223,metal_complexes,1443,HOH,B,,,,2.202447729232182,,,,,,,,,,,,,,,,,,,,,,,,,,,,Zn,,O,5.0,water,131.55235864144905,trigonal.bipyramidal,2.0,HOH1443:B
PDE4D_monomer,10176710,ZN:B:1223,metal_complexes,502,HIS,A,,,,2.4008692175959947,,,,,,,,,,,,,,,,,,,,,,,,,,,,Zn,,N,5.0,protein.sidechain,131.55235864144905,trigonal.bipyramidal,2.0,HIS502:A
PDE4D_monomer,10176710,ZN:B:1223,metal_complexes,502,HIS,A,,,,1.6291313636413731,,,,,,,,,,,,,,,,,,,,,,,,,,,,Zn,,N,5.0,protein.sidechain,131.55235864144905,trigonal.bipyramidal,2.0,HIS502:A
PDE4D_monomer,10176710,ZN:B:1223,metal_complexes,502,HIS,A,,,,2.4008692175959947,,,,,,,,,,,,,,,,,,,,,,,,,,,,Zn,,N,5.0,protein.sidechain,131.55235864144905,trigonal.bipyramidal,2.0,HIS502:A
PDE4D_monomer,10176710,ZN:B:1223,metal_complexes,502,HIS,A,,,,1.6291313636413731,,,,,,,,,,,,,,,,,,,,,,,,,,,,Zn,,N,5.0,protein.sidechain,131.55235864144905,trigonal.bipyramidal,2.0,HIS502:A
PDE4D_monomer,10176710,MG:B:1224,metal_complexes,1441,HOH,B,,,,2.130300683002284,,,,,,,,,,,,,,,,,,,,,,,,,,,,Mg,,O,3.0,water,76.06071468606284,trigonal.pyramidal,1.0,HOH1441:B
PDE4D_monomer,10176710,MG:B:1224,metal_complexes,502,HIS,A,,,,2.594539650882214,,,,,,,,,,,,,,,,,,,,,,,,,,,,Mg,,N,3.0,protein.sidechain,76.06071468606284,trigonal.pyramidal,1.0,HIS502:A
PDE4D_monomer,10176710,MG:B:1224,metal_complexes,502,HIS,A,,,,2.594539650882214,,,,,,,,,,,,,,,,,,,,,,,,,,,,Mg,,N,3.0,protein.sidechain,76.06071468606284,trigonal.pyramidal,1.0,HIS502:A
PDE4D_monomer,10176710,MG:B:1224,metal_complexes,1441,HOH,B,,,,2.130300683002284,,,,,,,,,,,,,,,,,,,,,,,,,,,,Mg,,O,3.0,water,76.06071468606284,trigonal.pyramidal,2.0,HOH1441:B
PDE4D_monomer,10176710,MG:B:1224,metal_complexes,502,HIS,A,,,,2.594539650882214,,,,,,,,,,,,,,,,,,,,,,,,,,,,Mg,,N,3.0,protein.sidechain,76.06071468606284,trigonal.pyramidal,2.0,HIS502:A
PDE4D_monomer,10176710,MG:B:1224,metal_complexes,502,HIS,A,,,,2.594539650882214,,,,,,,,,,,,,,,,,,,,,,,,,,,,Mg,,N,3.0,protein.sidechain,76.06071468606284,trigonal.pyramidal,2.0,HIS502:A
PDE4D_monomer,10176710,UNL:Z:1,hydrophobic_contacts,659,MET,A,,,,3.8887749999196406,,,,,,,,,,,,,,,,,,,,,,,,,,,,,,,,,,,,MET659:A
PDE4D_monomer,10176710,UNL:Z:1,hydrophobic_contacts,670,SER,A,,,,3.683402503121265,,,,,,,,,,,,,,,,,,,,,,,,,,,,,,,,,,,,SER670:A
PDE4D_monomer,10176710,UNL:Z:1,hydrophobic_contacts,674,PHE,A,,,,3.996682874584872,,,,,,,,,,,,,,,,,,,,,,,,,,,,,,,,,,,,PHE674:A
PDE4D_monomer,10176710,UNL:Z:1,hydrophobic_contacts,674,PHE,A,,,,3.704970040364699,,,,,,,,,,,,,,,,,,,,,,,,,,,,,,,,,,,,PHE674:A
PDE4D_monomer,10176710,UNL:Z:1,hydrophobic_contacts,674,PHE,A,,,,3.537182211874305,,,,,,,,,,,,,,,,,,,,,,,,,,,,,,,,,,,,PHE674:A
PDE4D_monomer,10176710,UNL:Z:1,hydrophobic_contacts,674,PHE,A,,,,3.746069406724867,,,,,,,,,,,,,,,,,,,,,,,,,,,,,,,,,,,,PHE674:A
PDE4D_monomer,10176710,UNL:Z:1,hydrophobic_contacts,674,PHE,A,,,,3.741214375039207,,,,,,,,,,,,,,,,,,,,,,,,,,,,,,,,,,,,PHE674:A
PDE4D_monomer,10176710,UNL:Z:1,hbonds_ldon,620,ASP,A,,,,,,,False,,,,False,,,,,,,,,,,,,,106.68661941901658,,strong,,,,,,,,,,,,,ASP620:A
PDE4D_monomer,10176710,UNL:Z:1,hbonds_pdon,623,ASN,A,,,,,,,True,,,,True,,,,,,,,,,,,,,163.2532604212951,,strong,,,,,,,,,,,,,ASN623:A
PDE4D_monomer,10176710,UNL:Z:1,hbonds_pdon,671,GLN,A,,,,,,,True,,,,True,,,,,,,,,,,,,,146.06722024309695,,strong,,,,,,,,,,,,,GLN671:A
PDE4D_monomer,10176710,UNL:Z:1,hbonds_pdon,623,ASN,A,,,,,,,True,,,,True,,,,,,,,,,,,,,163.2532604212951,,strong,,,,,,,,,,,,,ASN623:A
PDE4D_monomer,10176710,UNL:Z:1,hbonds_pdon,671,GLN,A,,,,,,,True,,,,True,,,,,,,,,,,,,,155.6308994757049,,strong,,,,,,,,,,,,,GLN671:A
PDE4D_monomer,10176710,UNL:Z:1,water_bridges,623,ASN,A,,,,,,,,,,,True,,,,,,,,,,,,,,,,first_deg,,,,,,,,,,,,,ASN623:A
PDE4D_monomer,10176710,UNL:Z:1,water_bridges,466,HIS,A,,,,,,,,,,,True,,,,,,,,,,,,,,,,first_deg,,,,,,,,,,,,,HIS466:A
PDE4D_monomer,175,ZN:B:1223,metal_complexes,1443,HOH,B,,,,2.202447729232182,,,,,,,,,,,,,,,,,,,,,,,,,,,,Zn,,O,5.0,water,131.55235864144905,trigonal.bipyramidal,1.0,HOH1443:B
PDE4D_monomer,175,ZN:B:1223,metal_complexes,502,HIS,A,,,,2.4008692175959947,,,,,,,,,,,,,,,,,,,,,,,,,,,,Zn,,N,5.0,protein.sidechain,131.55235864144905,trigonal.bipyramidal,1.0,HIS502:A
PDE4D_monomer,175,ZN:B:1223,metal_complexes,502,HIS,A,,,,1.6291313636413731,,,,,,,,,,,,,,,,,,,,,,,,,,,,Zn,,N,5.0,protein.sidechain,131.55235864144905,trigonal.bipyramidal,1.0,HIS502:A
PDE4D_monomer,175,ZN:B:1223,metal_complexes,502,HIS,A,,,,2.4008692175959947,,,,,,,,,,,,,,,,,,,,,,,,,,,,Zn,,N,5.0,protein.sidechain,131.55235864144905,trigonal.bipyramidal,1.0,HIS502:A
PDE4D_monomer,175,ZN:B:1223,metal_complexes,502,HIS,A,,,,1.6291313636413731,,,,,,,,,,,,,,,,,,,,,,,,,,,,Zn,,N,5.0,protein.sidechain,131.55235864144905,trigonal.bipyramidal,1.0,HIS502:A
PDE4D_monomer,175,ZN:B:1223,metal_complexes,1443,HOH,B,,,,2.202447729232182,,,,,,,,,,,,,,,,,,,,,,,,,,,,Zn,,O,5.0,water,131.55235864144905,trigonal.bipyramidal,2.0,HOH1443:B
PDE4D_monomer,175,ZN:B:1223,metal_complexes,502,HIS,A,,,,2.4008692175959947,,,,,,,,,,,,,,,,,,,,,,,,,,,,Zn,,N,5.0,protein.sidechain,131.55235864144905,trigonal.bipyramidal,2.0,HIS502:A
PDE4D_monomer,175,ZN:B:1223,metal_complexes,502,HIS,A,,,,1.6291313636413731,,,,,,,,,,,,,,,,,,,,,,,,,,,,Zn,,N,5.0,protein.sidechain,131.55235864144905,trigonal.bipyramidal,2.0,HIS502:A
PDE4D_monomer,175,ZN:B:1223,metal_complexes,502,HIS,A,,,,2.4008692175959947,,,,,,,,,,,,,,,,,,,,,,,,,,,,Zn,,N,5.0,protein.sidechain,131.55235864144905,trigonal.bipyramidal,2.0,HIS502:A
PDE4D_monomer,175,ZN:B:1223,metal_complexes,502,HIS,A,,,,1.6291313636413731,,,,,,,,,,,,,,,,,,,,,,,,,,,,Zn,,N,5.0,protein.sidechain,131.55235864144905,trigonal.bipyramidal,2.0,HIS502:A
PDE4D_monomer,175,MG:B:1224,metal_complexes,1441,HOH,B,,,,2.130300683002284,,,,,,,,,,,,,,,,,,,,,,,,,,,,Mg,,O,3.0,water,76.06071468606284,trigonal.pyramidal,1.0,HOH1441:B
PDE4D_monomer,175,MG:B:1224,metal_complexes,502,HIS,A,,,,2.594539650882214,,,,,,,,,,,,,,,,,,,,,,,,,,,,Mg,,N,3.0,protein.sidechain,76.06071468606284,trigonal.pyramidal,1.0,HIS502:A
PDE4D_monomer,175,MG:B:1224,metal_complexes,502,HIS,A,,,,2.594539650882214,,,,,,,,,,,,,,,,,,,,,,,,,,,,Mg,,N,3.0,protein.sidechain,76.06071468606284,trigonal.pyramidal,1.0,HIS502:A
PDE4D_monomer,175,MG:B:1224,metal_complexes,1441,HOH,B,,,,2.130300683002284,,,,,,,,,,,,,,,,,,,,,,,,,,,,Mg,,O,3.0,water,76.06071468606284,trigonal.pyramidal,2.0,HOH1441:B
PDE4D_monomer,175,MG:B:1224,metal_complexes,502,HIS,A,,,,2.594539650882214,,,,,,,,,,,,,,,,,,,,,,,,,,,,Mg,,N,3.0,protein.sidechain,76.06071468606284,trigonal.pyramidal,2.0,HIS502:A
PDE4D_monomer,175,MG:B:1224,metal_complexes,502,HIS,A,,,,2.594539650882214,,,,,,,,,,,,,,,,,,,,,,,,,,,,Mg,,N,3.0,protein.sidechain,76.06071468606284,trigonal.pyramidal,2.0,HIS502:A
PDE4D_monomer,175,UNL:A:1,hydrophobic_contacts,502,HIS,A,,,,3.630699932519896,,,,,,,,,,,,,,,,,,,,,,,,,,,,,,,,,,,,HIS502:A
PDE4D_monomer,175,UNL:A:1,hydrophobic_contacts,570,VAL,A,,,,3.5437387036857,,,,,,,,,,,,,,,,,,,,,,,,,,,,,,,,,,,,VAL570:A
PDE4D_monomer,175,UNL:A:1,hydrophobic_contacts,573,THR,A,,,,3.7494518266007897,,,,,,,,,,,,,,,,,,,,,,,,,,,,,,,,,,,,THR573:A
PDE4D_monomer,175,UNL:A:1,hbonds_pdon,502,HIS,A,,,,,,,False,,,,True,,,,,,,,,,,,,,112.93104108480736,,strong,,,,,,,,,,,,,HIS502:A
PDE4D_monomer,175,UNL:A:1,hbonds_pdon,532,GLU,A,,,,,,,True,,,,True,,,,,,,,,,,,,,147.6286229960052,,strong,,,,,,,,,,,,,GLU532:A
PDE4D_monomer,175,UNL:A:1,hbonds_pdon,573,THR,A,,,,,,,True,,,,True,,,,,,,,,,,,,,171.22803105856087,,strong,,,,,,,,,,,,,THR573:A
PDE4D_monomer,175,UNL:A:1,hbonds_pdon,532,GLU,A,,,,,,,True,,,,True,,,,,,,,,,,,,,147.6286229960052,,strong,,,,,,,,,,,,,GLU532:A
PDE4D_monomer,175,UNL:A:1,saltbridge_lneg,502,HIS,A,,,,4.442608721235759,,,,,,,,,,,,,,,,,True,,,,,,,,,,,,,,,,,,,HIS502:A
PDE4D_monomer,175,UNL:A:1,saltbridge_lneg,535,HIS,A,,,,5.089721234999024,,,,,,,,,,,,,,,,,True,,,,,,,,,,,,,,,,,,,HIS535:A
PDE4D_monomer,348154,ZN:B:1223,metal_complexes,1443,HOH,B,,,,2.202447729232182,,,,,,,,,,,,,,,,,,,,,,,,,,,,Zn,,O,5.0,water,131.55235864144905,trigonal.bipyramidal,1.0,HOH1443:B
PDE4D_monomer,348154,ZN:B:1223,metal_complexes,502,HIS,A,,,,2.4008692175959947,,,,,,,,,,,,,,,,,,,,,,,,,,,,Zn,,N,5.0,protein.sidechain,131.55235864144905,trigonal.bipyramidal,1.0,HIS502:A
PDE4D_monomer,348154,ZN:B:1223,metal_complexes,502,HIS,A,,,,1.6291313636413731,,,,,,,,,,,,,,,,,,,,,,,,,,,,Zn,,N,5.0,protein.sidechain,131.55235864144905,trigonal.bipyramidal,1.0,HIS502:A
PDE4D_monomer,348154,ZN:B:1223,metal_complexes,502,HIS,A,,,,2.4008692175959947,,,,,,,,,,,,,,,,,,,,,,,,,,,,Zn,,N,5.0,protein.sidechain,131.55235864144905,trigonal.bipyramidal,1.0,HIS502:A
PDE4D_monomer,348154,ZN:B:1223,metal_complexes,502,HIS,A,,,,1.6291313636413731,,,,,,,,,,,,,,,,,,,,,,,,,,,,Zn,,N,5.0,protein.sidechain,131.55235864144905,trigonal.bipyramidal,1.0,HIS502:A
PDE4D_monomer,348154,ZN:B:1223,metal_complexes,1443,HOH,B,,,,2.202447729232182,,,,,,,,,,,,,,,,,,,,,,,,,,,,Zn,,O,5.0,water,131.55235864144905,trigonal.bipyramidal,2.0,HOH1443:B
PDE4D_monomer,348154,ZN:B:1223,metal_complexes,502,HIS,A,,,,2.4008692175959947,,,,,,,,,,,,,,,,,,,,,,,,,,,,Zn,,N,5.0,protein.sidechain,131.55235864144905,trigonal.bipyramidal,2.0,HIS502:A
PDE4D_monomer,348154,ZN:B:1223,metal_complexes,502,HIS,A,,,,1.6291313636413731,,,,,,,,,,,,,,,,,,,,,,,,,,,,Zn,,N,5.0,protein.sidechain,131.55235864144905,trigonal.bipyramidal,2.0,HIS502:A
PDE4D_monomer,348154,ZN:B:1223,metal_complexes,502,HIS,A,,,,2.4008692175959947,,,,,,,,,,,,,,,,,,,,,,,,,,,,Zn,,N,5.0,protein.sidechain,131.55235864144905,trigonal.bipyramidal,2.0,HIS502:A
PDE4D_monomer,348154,ZN:B:1223,metal_complexes,502,HIS,A,,,,1.6291313636413731,,,,,,,,,,,,,,,,,,,,,,,,,,,,Zn,,N,5.0,protein.sidechain,131.55235864144905,trigonal.bipyramidal,2.0,HIS502:A
PDE4D_monomer,348154,MG:B:1224,metal_complexes,1441,HOH,B,,,,2.130300683002284,,,,,,,,,,,,,,,,,,,,,,,,,,,,Mg,,O,3.0,water,76.06071468606284,trigonal.pyramidal,1.0,HOH1441:B
PDE4D_monomer,348154,MG:B:1224,metal_complexes,502,HIS,A,,,,2.594539650882214,,,,,,,,,,,,,,,,,,,,,,,,,,,,Mg,,N,3.0,protein.sidechain,76.06071468606284,trigonal.pyramidal,1.0,HIS502:A
PDE4D_monomer,348154,MG:B:1224,metal_complexes,502,HIS,A,,,,2.594539650882214,,,,,,,,,,,,,,,,,,,,,,,,,,,,Mg,,N,3.0,protein.sidechain,76.06071468606284,trigonal.pyramidal,1.0,HIS502:A
PDE4D_monomer,348154,MG:B:1224,metal_complexes,1441,HOH,B,,,,2.130300683002284,,,,,,,,,,,,,,,,,,,,,,,,,,,,Mg,,O,3.0,water,76.06071468606284,trigonal.pyramidal,2.0,HOH1441:B
PDE4D_monomer,348154,MG:B:1224,metal_complexes,502,HIS,A,,,,2.594539650882214,,,,,,,,,,,,,,,,,,,,,,,,,,,,Mg,,N,3.0,protein.sidechain,76.06071468606284,trigonal.pyramidal,2.0,HIS502:A
PDE4D_monomer,348154,MG:B:1224,metal_complexes,502,HIS,A,,,,2.594539650882214,,,,,,,,,,,,,,,,,,,,,,,,,,,,Mg,,N,3.0,protein.sidechain,76.06071468606284,trigonal.pyramidal,2.0,HIS502:A
PDE4D_monomer,348154,UNL:Z:1,hydrophobic_contacts,638,ILE,A,,,,3.670964314727127,,,,,,,,,,,,,,,,,,,,,,,,,,,,,,,,,,,,ILE638:A
PDE4D_monomer,348154,UNL:Z:1,hydrophobic_contacts,674,PHE,A,,,,3.7375854505281874,,,,,,,,,,,,,,,,,,,,,,,,,,,,,,,,,,,,PHE674:A
PDE4D_monomer,348154,UNL:Z:1,hydrophobic_contacts,674,PHE,A,,,,3.6750763257380106,,,,,,,,,,,,,,,,,,,,,,,,,,,,,,,,,,,,PHE674:A
PDE4D_monomer,348154,UNL:Z:1,hydrophobic_contacts,674,PHE,A,,,,3.7630356097172393,,,,,,,,,,,,,,,,,,,,,,,,,,,,,,,,,,,,PHE674:A
PDE4D_monomer,348154,UNL:Z:1,hydrophobic_contacts,674,PHE,A,,,,3.7252118060588177,,,,,,,,,,,,,,,,,,,,,,,,,,,,,,,,,,,,PHE674:A
PDE4D_monomer,348154,UNL:Z:1,hydrophobic_contacts,674,PHE,A,,,,3.704098675791454,,,,,,,,,,,,,,,,,,,,,,,,,,,,,,,,,,,,PHE674:A
PDE4D_monomer,348154,UNL:Z:1,hbonds_ldon,670,SER,A,,,,,,,False,,,,False,,,,,,,,,,,,,,137.22366120402387,,strong,,,,,,,,,,,,,SER670:A
PDE4D_monomer,348154,UNL:Z:1,hbonds_pdon,671,GLN,A,,,,,,,True,,,,True,,,,,,,,,,,,,,119.04466311326112,,strong,,,,,,,,,,,,,GLN671:A
PDE4D_monomer,348154,UNL:Z:1,hbonds_pdon,671,GLN,A,,,,,,,False,,,,True,,,,,,,,,,,,,,141.41954371538228,,strong,,,,,,,,,,,,,GLN671:A
PDE4D_monomer,348154,UNL:Z:1,hbonds_pdon,631,TYR,A,,,,,,,True,,,,True,,,,,,,,,,,,,,165.148191875626,,strong,,,,,,,,,,,,,TYR631:A
PDE4D_monomer,348154,UNL:Z:1,hbonds_pdon,671,GLN,A,,,,,,,True,,,,True,,,,,,,,,,,,,,107.80839214327013,,strong,,,,,,,,,,,,,GLN671:A
PDE4D_monomer,348154,UNL:Z:1,water_bridges,623,ASN,A,,,,,,,,,,,True,,,,,,,,,,,,,,,,first_deg,,,,,,,,,,,,,ASN623:A
PDE4D_monomer,348154,UNL:Z:1,water_bridges,623,ASN,A,,,,,,,,,,,False,,,,,,,,,,,,,,,,first_deg,,,,,,,,,,,,,ASN623:A
PDE4D_monomer,348154,UNL:Z:1,water_bridges,671,GLN,A,,,,,,,,,,,True,,,,,,,,,,,,,,,,first_deg,,,,,,,,,,,,,GLN671:A
PDE4D_monomer,107,ZN:B:1223,metal_complexes,1443,HOH,B,,,,2.202447729232182,,,,,,,,,,,,,,,,,,,,,,,,,,,,Zn,,O,5.0,water,131.55235864144905,trigonal.bipyramidal,1.0,HOH1443:B
PDE4D_monomer,107,ZN:B:1223,metal_complexes,502,HIS,A,,,,2.4008692175959947,,,,,,,,,,,,,,,,,,,,,,,,,,,,Zn,,N,5.0,protein.sidechain,131.55235864144905,trigonal.bipyramidal,1.0,HIS502:A
PDE4D_monomer,107,ZN:B:1223,metal_complexes,502,HIS,A,,,,1.6291313636413731,,,,,,,,,,,,,,,,,,,,,,,,,,,,Zn,,N,5.0,protein.sidechain,131.55235864144905,trigonal.bipyramidal,1.0,HIS502:A
PDE4D_monomer,107,ZN:B:1223,metal_complexes,502,HIS,A,,,,2.4008692175959947,,,,,,,,,,,,,,,,,,,,,,,,,,,,Zn,,N,5.0,protein.sidechain,131.55235864144905,trigonal.bipyramidal,1.0,HIS502:A
PDE4D_monomer,107,ZN:B:1223,metal_complexes,502,HIS,A,,,,1.6291313636413731,,,,,,,,,,,,,,,,,,,,,,,,,,,,Zn,,N,5.0,protein.sidechain,131.55235864144905,trigonal.bipyramidal,1.0,HIS502:A
PDE4D_monomer,107,ZN:B:1223,metal_complexes,1443,HOH,B,,,,2.202447729232182,,,,,,,,,,,,,,,,,,,,,,,,,,,,Zn,,O,5.0,water,131.55235864144905,trigonal.bipyramidal,2.0,HOH1443:B
PDE4D_monomer,107,ZN:B:1223,metal_complexes,502,HIS,A,,,,2.4008692175959947,,,,,,,,,,,,,,,,,,,,,,,,,,,,Zn,,N,5.0,protein.sidechain,131.55235864144905,trigonal.bipyramidal,2.0,HIS502:A
PDE4D_monomer,107,ZN:B:1223,metal_complexes,502,HIS,A,,,,1.6291313636413731,,,,,,,,,,,,,,,,,,,,,,,,,,,,Zn,,N,5.0,protein.sidechain,131.55235864144905,trigonal.bipyramidal,2.0,HIS502:A
PDE4D_monomer,107,ZN:B:1223,metal_complexes,502,HIS,A,,,,2.4008692175959947,,,,,,,,,,,,,,,,,,,,,,,,,,,,Zn,,N,5.0,protein.sidechain,131.55235864144905,trigonal.bipyramidal,2.0,HIS502:A
PDE4D_monomer,107,ZN:B:1223,metal_complexes,502,HIS,A,,,,1.6291313636413731,,,,,,,,,,,,,,,,,,,,,,,,,,,,Zn,,N,5.0,protein.sidechain,131.55235864144905,trigonal.bipyramidal,2.0,HIS502:A
PDE4D_monomer,107,MG:B:1224,metal_complexes,1441,HOH,B,,,,2.130300683002284,,,,,,,,,,,,,,,,,,,,,,,,,,,,Mg,,O,3.0,water,76.06071468606284,trigonal.pyramidal,1.0,HOH1441:B
PDE4D_monomer,107,MG:B:1224,metal_complexes,502,HIS,A,,,,2.594539650882214,,,,,,,,,,,,,,,,,,,,,,,,,,,,Mg,,N,3.0,protein.sidechain,76.06071468606284,trigonal.pyramidal,1.0,HIS502:A
PDE4D_monomer,107,MG:B:1224,metal_complexes,502,HIS,A,,,,2.594539650882214,,,,,,,,,,,,,,,,,,,,,,,,,,,,Mg,,N,3.0,protein.sidechain,76.06071468606284,trigonal.pyramidal,1.0,HIS502:A
PDE4D_monomer,107,MG:B:1224,metal_complexes,1441,HOH,B,,,,2.130300683002284,,,,,,,,,,,,,,,,,,,,,,,,,,,,Mg,,O,3.0,water,76.06071468606284,trigonal.pyramidal,2.0,HOH1441:B
PDE4D_monomer,107,MG:B:1224,metal_complexes,502,HIS,A,,,,2.594539650882214,,,,,,,,,,,,,,,,,,,,,,,,,,,,Mg,,N,3.0,protein.sidechain,76.06071468606284,trigonal.pyramidal,2.0,HIS502:A
PDE4D_monomer,107,MG:B:1224,metal_complexes,502,HIS,A,,,,2.594539650882214,,,,,,,,,,,,,,,,,,,,,,,,,,,,Mg,,N,3.0,protein.sidechain,76.06071468606284,trigonal.pyramidal,2.0,HIS502:A
PDE4D_monomer,107,UNL:Z:1,hydrophobic_contacts,638,ILE,A,,,,3.7504146437427432,,,,,,,,,,,,,,,,,,,,,,,,,,,,,,,,,,,,ILE638:A
PDE4D_monomer,107,UNL:Z:1,hydrophobic_contacts,674,PHE,A,,,,3.707912620329665,,,,,,,,,,,,,,,,,,,,,,,,,,,,,,,,,,,,PHE674:A
PDE4D_monomer,107,UNL:Z:1,hydrophobic_contacts,674,PHE,A,,,,3.6395167261602186,,,,,,,,,,,,,,,,,,,,,,,,,,,,,,,,,,,,PHE674:A
PDE4D_monomer,107,UNL:Z:1,hydrophobic_contacts,674,PHE,A,,,,3.792011339645492,,,,,,,,,,,,,,,,,,,,,,,,,,,,,,,,,,,,PHE674:A
PDE4D_monomer,107,UNL:Z:1,hydrophobic_contacts,674,PHE,A,,,,3.650343956396437,,,,,,,,,,,,,,,,,,,,,,,,,,,,,,,,,,,,PHE674:A
PDE4D_monomer,107,UNL:Z:1,hydrophobic_contacts,674,PHE,A,,,,3.733594112915864,,,,,,,,,,,,,,,,,,,,,,,,,,,,,,,,,,,,PHE674:A
PDE4D_monomer,107,UNL:Z:1,hbonds_ldon,623,ASN,A,,,,,,,True,,,,False,,,,,,,,,,,,,,132.63834240358733,,strong,,,,,,,,,,,,,ASN623:A
PDE4D_monomer,107,UNL:Z:1,hbonds_pdon,623,ASN,A,,,,,,,True,,,,True,,,,,,,,,,,,,,136.20983612146017,,strong,,,,,,,,,,,,,ASN623:A
PDE4D_monomer,107,UNL:Z:1,hbonds_pdon,671,GLN,A,,,,,,,True,,,,True,,,,,,,,,,,,,,136.68533625354394,,strong,,,,,,,,,,,,,GLN671:A
PDE4D_monomer,107,UNL:Z:1,hbonds_pdon,623,ASN,A,,,,,,,True,,,,True,,,,,,,,,,,,,,136.20983612146017,,strong,,,,,,,,,,,,,ASN623:A
PDE4D_monomer,107,UNL:Z:1,hbonds_pdon,671,GLN,A,,,,,,,True,,,,True,,,,,,,,,,,,,,136.68533625354394,,strong,,,,,,,,,,,,,GLN671:A
PDE4D_monomer,439435,ZN:B:1223,metal_complexes,1443,HOH,B,,,,2.202447729232182,,,,,,,,,,,,,,,,,,,,,,,,,,,,Zn,,O,5.0,water,131.55235864144905,trigonal.bipyramidal,1.0,HOH1443:B
PDE4D_monomer,439435,ZN:B:1223,metal_complexes,502,HIS,A,,,,2.4008692175959947,,,,,,,,,,,,,,,,,,,,,,,,,,,,Zn,,N,5.0,protein.sidechain,131.55235864144905,trigonal.bipyramidal,1.0,HIS502:A
PDE4D_monomer,439435,ZN:B:1223,metal_complexes,502,HIS,A,,,,1.6291313636413731,,,,,,,,,,,,,,,,,,,,,,,,,,,,Zn,,N,5.0,protein.sidechain,131.55235864144905,trigonal.bipyramidal,1.0,HIS502:A
PDE4D_monomer,439435,ZN:B:1223,metal_complexes,502,HIS,A,,,,2.4008692175959947,,,,,,,,,,,,,,,,,,,,,,,,,,,,Zn,,N,5.0,protein.sidechain,131.55235864144905,trigonal.bipyramidal,1.0,HIS502:A
PDE4D_monomer,439435,ZN:B:1223,metal_complexes,502,HIS,A,,,,1.6291313636413731,,,,,,,,,,,,,,,,,,,,,,,,,,,,Zn,,N,5.0,protein.sidechain,131.55235864144905,trigonal.bipyramidal,1.0,HIS502:A
PDE4D_monomer,439435,ZN:B:1223,metal_complexes,1443,HOH,B,,,,2.202447729232182,,,,,,,,,,,,,,,,,,,,,,,,,,,,Zn,,O,5.0,water,131.55235864144905,trigonal.bipyramidal,2.0,HOH1443:B
PDE4D_monomer,439435,ZN:B:1223,metal_complexes,502,HIS,A,,,,2.4008692175959947,,,,,,,,,,,,,,,,,,,,,,,,,,,,Zn,,N,5.0,protein.sidechain,131.55235864144905,trigonal.bipyramidal,2.0,HIS502:A
PDE4D_monomer,439435,ZN:B:1223,metal_complexes,502,HIS,A,,,,1.6291313636413731,,,,,,,,,,,,,,,,,,,,,,,,,,,,Zn,,N,5.0,protein.sidechain,131.55235864144905,trigonal.bipyramidal,2.0,HIS502:A
PDE4D_monomer,439435,ZN:B:1223,metal_complexes,502,HIS,A,,,,2.4008692175959947,,,,,,,,,,,,,,,,,,,,,,,,,,,,Zn,,N,5.0,protein.sidechain,131.55235864144905,trigonal.bipyramidal,2.0,HIS502:A
PDE4D_monomer,439435,ZN:B:1223,metal_complexes,502,HIS,A,,,,1.6291313636413731,,,,,,,,,,,,,,,,,,,,,,,,,,,,Zn,,N,5.0,protein.sidechain,131.55235864144905,trigonal.bipyramidal,2.0,HIS502:A
PDE4D_monomer,439435,MG:B:1224,metal_complexes,1441,HOH,B,,,,2.130300683002284,,,,,,,,,,,,,,,,,,,,,,,,,,,,Mg,,O,3.0,water,76.06071468606284,trigonal.pyramidal,1.0,HOH1441:B
PDE4D_monomer,439435,MG:B:1224,metal_complexes,502,HIS,A,,,,2.594539650882214,,,,,,,,,,,,,,,,,,,,,,,,,,,,Mg,,N,3.0,protein.sidechain,76.06071468606284,trigonal.pyramidal,1.0,HIS502:A
PDE4D_monomer,439435,MG:B:1224,metal_complexes,502,HIS,A,,,,2.594539650882214,,,,,,,,,,,,,,,,,,,,,,,,,,,,Mg,,N,3.0,protein.sidechain,76.06071468606284,trigonal.pyramidal,1.0,HIS502:A
PDE4D_monomer,439435,MG:B:1224,metal_complexes,1441,HOH,B,,,,2.130300683002284,,,,,,,,,,,,,,,,,,,,,,,,,,,,Mg,,O,3.0,water,76.06071468606284,trigonal.pyramidal,2.0,HOH1441:B
PDE4D_monomer,439435,MG:B:1224,metal_complexes,502,HIS,A,,,,2.594539650882214,,,,,,,,,,,,,,,,,,,,,,,,,,,,Mg,,N,3.0,protein.sidechain,76.06071468606284,trigonal.pyramidal,2.0,HIS502:A
PDE4D_monomer,439435,MG:B:1224,metal_complexes,502,HIS,A,,,,2.594539650882214,,,,,,,,,,,,,,,,,,,,,,,,,,,,Mg,,N,3.0,protein.sidechain,76.06071468606284,trigonal.pyramidal,2.0,HIS502:A
PDE4D_monomer,439435,UNL:Z:1,hydrophobic_contacts,674,PHE,A,,,,3.7193199647247353,,,,,,,,,,,,,,,,,,,,,,,,,,,,,,,,,,,,PHE674:A
PDE4D_monomer,439435,UNL:Z:1,hydrophobic_contacts,674,PHE,A,,,,3.7508411056721664,,,,,,,,,,,,,,,,,,,,,,,,,,,,,,,,,,,,PHE674:A
PDE4D_monomer,439435,UNL:Z:1,hydrophobic_contacts,674,PHE,A,,,,3.6709871969267343,,,,,,,,,,,,,,,,,,,,,,,,,,,,,,,,,,,,PHE674:A
PDE4D_monomer,439435,UNL:Z:1,hydrophobic_contacts,674,PHE,A,,,,3.593829294777368,,,,,,,,,,,,,,,,,,,,,,,,,,,,,,,,,,,,PHE674:A
PDE4D_monomer,439435,UNL:Z:1,hbonds_ldon,670,SER,A,,,,,,,False,,,,False,,,,,,,,,,,,,,158.58835967213437,,strong,,,,,,,,,,,,,SER670:A
PDE4D_monomer,439435,UNL:Z:1,hbonds_pdon,623,ASN,A,,,,,,,True,,,,True,,,,,,,,,,,,,,146.09969806549546,,strong,,,,,,,,,,,,,ASN623:A
PDE4D_monomer,439435,UNL:Z:1,hbonds_pdon,671,GLN,A,,,,,,,True,,,,True,,,,,,,,,,,,,,151.61433130279758,,strong,,,,,,,,,,,,,GLN671:A
PDE4D_monomer,439435,UNL:Z:1,hbonds_pdon,623,ASN,A,,,,,,,True,,,,True,,,,,,,,,,,,,,146.09969806549546,,strong,,,,,,,,,,,,,ASN623:A
PDE4D_monomer,439435,UNL:Z:1,hbonds_pdon,671,GLN,A,,,,,,,True,,,,True,,,,,,,,,,,,,,151.61433130279758,,strong,,,,,,,,,,,,,GLN671:A
PDE4D_monomer,439435,UNL:Z:1,hbonds_pdon,631,TYR,A,,,,,,,True,,,,True,,,,,,,,,,,,,,139.13045758669875,,strong,,,,,,,,,,,,,TYR631:A
PDE4D_monomer,439435,UNL:Z:1,water_bridges,623,ASN,A,,,,,,,,,,,True,,,,,,,,,,,,,,,,first_deg,,,,,,,,,,,,,ASN623:A
PDE4D_monomer,439435,UNL:Z:1,water_bridges,623,ASN,A,,,,,,,,,,,False,,,,,,,,,,,,,,,,first_deg,,,,,,,,,,,,,ASN623:A
PDE4D_monomer,439435,UNL:Z:1,water_bridges,671,GLN,A,,,,,,,,,,,True,,,,,,,,,,,,,,,,first_deg,,,,,,,,,,,,,GLN671:A
PDE4D_monomer,689043,ZN:B:1223,metal_complexes,1443,HOH,B,,,,2.202447729232182,,,,,,,,,,,,,,,,,,,,,,,,,,,,Zn,,O,5.0,water,131.55235864144905,trigonal.bipyramidal,1.0,HOH1443:B
PDE4D_monomer,689043,ZN:B:1223,metal_complexes,502,HIS,A,,,,2.4008692175959947,,,,,,,,,,,,,,,,,,,,,,,,,,,,Zn,,N,5.0,protein.sidechain,131.55235864144905,trigonal.bipyramidal,1.0,HIS502:A
PDE4D_monomer,689043,ZN:B:1223,metal_complexes,502,HIS,A,,,,1.6291313636413731,,,,,,,,,,,,,,,,,,,,,,,,,,,,Zn,,N,5.0,protein.sidechain,131.55235864144905,trigonal.bipyramidal,1.0,HIS502:A
PDE4D_monomer,689043,ZN:B:1223,metal_complexes,502,HIS,A,,,,2.4008692175959947,,,,,,,,,,,,,,,,,,,,,,,,,,,,Zn,,N,5.0,protein.sidechain,131.55235864144905,trigonal.bipyramidal,1.0,HIS502:A
PDE4D_monomer,689043,ZN:B:1223,metal_complexes,502,HIS,A,,,,1.6291313636413731,,,,,,,,,,,,,,,,,,,,,,,,,,,,Zn,,N,5.0,protein.sidechain,131.55235864144905,trigonal.bipyramidal,1.0,HIS502:A
PDE4D_monomer,689043,ZN:B:1223,metal_complexes,1443,HOH,B,,,,2.202447729232182,,,,,,,,,,,,,,,,,,,,,,,,,,,,Zn,,O,5.0,water,131.55235864144905,trigonal.bipyramidal,2.0,HOH1443:B
PDE4D_monomer,689043,ZN:B:1223,metal_complexes,502,HIS,A,,,,2.4008692175959947,,,,,,,,,,,,,,,,,,,,,,,,,,,,Zn,,N,5.0,protein.sidechain,131.55235864144905,trigonal.bipyramidal,2.0,HIS502:A
PDE4D_monomer,689043,ZN:B:1223,metal_complexes,502,HIS,A,,,,1.6291313636413731,,,,,,,,,,,,,,,,,,,,,,,,,,,,Zn,,N,5.0,protein.sidechain,131.55235864144905,trigonal.bipyramidal,2.0,HIS502:A
PDE4D_monomer,689043,ZN:B:1223,metal_complexes,502,HIS,A,,,,2.4008692175959947,,,,,,,,,,,,,,,,,,,,,,,,,,,,Zn,,N,5.0,protein.sidechain,131.55235864144905,trigonal.bipyramidal,2.0,HIS502:A
PDE4D_monomer,689043,ZN:B:1223,metal_complexes,502,HIS,A,,,,1.6291313636413731,,,,,,,,,,,,,,,,,,,,,,,,,,,,Zn,,N,5.0,protein.sidechain,131.55235864144905,trigonal.bipyramidal,2.0,HIS502:A
PDE4D_monomer,689043,MG:B:1224,metal_complexes,1441,HOH,B,,,,2.130300683002284,,,,,,,,,,,,,,,,,,,,,,,,,,,,Mg,,O,3.0,water,76.06071468606284,trigonal.pyramidal,1.0,HOH1441:B
PDE4D_monomer,689043,MG:B:1224,metal_complexes,502,HIS,A,,,,2.594539650882214,,,,,,,,,,,,,,,,,,,,,,,,,,,,Mg,,N,3.0,protein.sidechain,76.06071468606284,trigonal.pyramidal,1.0,HIS502:A
PDE4D_monomer,689043,MG:B:1224,metal_complexes,502,HIS,A,,,,2.594539650882214,,,,,,,,,,,,,,,,,,,,,,,,,,,,Mg,,N,3.0,protein.sidechain,76.06071468606284,trigonal.pyramidal,1.0,HIS502:A
PDE4D_monomer,689043,MG:B:1224,metal_complexes,1441,HOH,B,,,,2.130300683002284,,,,,,,,,,,,,,,,,,,,,,,,,,,,Mg,,O,3.0,water,76.06071468606284,trigonal.pyramidal,2.0,HOH1441:B
PDE4D_monomer,689043,MG:B:1224,metal_complexes,502,HIS,A,,,,2.594539650882214,,,,,,,,,,,,,,,,,,,,,,,,,,,,Mg,,N,3.0,protein.sidechain,76.06071468606284,trigonal.pyramidal,2.0,HIS502:A
PDE4D_monomer,689043,MG:B:1224,metal_complexes,502,HIS,A,,,,2.594539650882214,,,,,,,,,,,,,,,,,,,,,,,,,,,,Mg,,N,3.0,protein.sidechain,76.06071468606284,trigonal.pyramidal,2.0,HIS502:A
PDE4D_monomer,689043,UNL:A:1,hydrophobic_contacts,462,HIS,A,,,,3.910640484626527,,,,,,,,,,,,,,,,,,,,,,,,,,,,,,,,,,,,HIS462:A
PDE4D_monomer,689043,UNL:A:1,hydrophobic_contacts,461,TYR,A,,,,3.5202783980816057,,,,,,,,,,,,,,,,,,,,,,,,,,,,,,,,,,,,TYR461:A
PDE4D_monomer,689043,UNL:A:1,hydrophobic_contacts,638,ILE,A,,,,3.6330956497180193,,,,,,,,,,,,,,,,,,,,,,,,,,,,,,,,,,,,ILE638:A
PDE4D_monomer,689043,UNL:A:1,hbonds_pdon,671,GLN,A,,,,,,,True,,,,True,,,,,,,,,,,,,,137.51642005256394,,strong,,,,,,,,,,,,,GLN671:A
PDE4D_monomer,689043,UNL:A:1,hbonds_pdon,671,GLN,A,,,,,,,True,,,,True,,,,,,,,,,,,,,137.51642005256394,,strong,,,,,,,,,,,,,GLN671:A
PDE4D_monomer,689043,UNL:A:1,hbonds_pdon,462,HIS,A,,,,,,,True,,,,True,,,,,,,,,,,,,,123.44788854424026,,strong,,,,,,,,,,,,,HIS462:A
PDE4D_monomer,689043,UNL:A:1,hbonds_pdon,462,HIS,A,,,,,,,True,,,,True,,,,,,,,,,,,,,123.44788854424026,,strong,,,,,,,,,,,,,HIS462:A
PDE4D_monomer,689043,UNL:A:1,water_bridges,511,ASN,A,,,,,,,,,,,True,,,,,,,,,,,,,,,,first_deg,,,,,,,,,,,,,ASN511:A
PDE4D_monomer,689043,UNL:A:1,water_bridges,511,ASN,A,,,,,,,,,,,False,,,,,,,,,,,,,,,,first_deg,,,,,,,,,,,,,ASN511:A
PDE4D_monomer,689043,UNL:A:1,water_bridges,466,HIS,A,,,,,,,,,,,True,,,,,,,,,,,,,,,,first_deg,,,,,,,,,,,,,HIS466:A
PDE4D_monomer,689043,UNL:A:1,water_bridges,502,HIS,A,,,,,,,,,,,False,,,,,,,,,,,,,,,,first_deg,,,,,,,,,,,,,HIS502:A
PDE4D_monomer,689043,UNL:A:1,water_bridges,502,HIS,A,,,,,,,,,,,False,,,,,,,,,,,,,,,,first_deg,,,,,,,,,,,,,HIS502:A
PDE4D_monomer,49831816,ZN:B:1223,metal_complexes,1443,HOH,B,,,,2.202447729232182,,,,,,,,,,,,,,,,,,,,,,,,,,,,Zn,,O,5.0,water,131.55235864144905,trigonal.bipyramidal,1.0,HOH1443:B
PDE4D_monomer,49831816,ZN:B:1223,metal_complexes,502,HIS,A,,,,2.4008692175959947,,,,,,,,,,,,,,,,,,,,,,,,,,,,Zn,,N,5.0,protein.sidechain,131.55235864144905,trigonal.bipyramidal,1.0,HIS502:A
PDE4D_monomer,49831816,ZN:B:1223,metal_complexes,502,HIS,A,,,,1.6291313636413731,,,,,,,,,,,,,,,,,,,,,,,,,,,,Zn,,N,5.0,protein.sidechain,131.55235864144905,trigonal.bipyramidal,1.0,HIS502:A
PDE4D_monomer,49831816,ZN:B:1223,metal_complexes,502,HIS,A,,,,2.4008692175959947,,,,,,,,,,,,,,,,,,,,,,,,,,,,Zn,,N,5.0,protein.sidechain,131.55235864144905,trigonal.bipyramidal,1.0,HIS502:A
PDE4D_monomer,49831816,ZN:B:1223,metal_complexes,502,HIS,A,,,,1.6291313636413731,,,,,,,,,,,,,,,,,,,,,,,,,,,,Zn,,N,5.0,protein.sidechain,131.55235864144905,trigonal.bipyramidal,1.0,HIS502:A
PDE4D_monomer,49831816,ZN:B:1223,metal_complexes,1443,HOH,B,,,,2.202447729232182,,,,,,,,,,,,,,,,,,,,,,,,,,,,Zn,,O,5.0,water,131.55235864144905,trigonal.bipyramidal,2.0,HOH1443:B
PDE4D_monomer,49831816,ZN:B:1223,metal_complexes,502,HIS,A,,,,2.4008692175959947,,,,,,,,,,,,,,,,,,,,,,,,,,,,Zn,,N,5.0,protein.sidechain,131.55235864144905,trigonal.bipyramidal,2.0,HIS502:A
PDE4D_monomer,49831816,ZN:B:1223,metal_complexes,502,HIS,A,,,,1.6291313636413731,,,,,,,,,,,,,,,,,,,,,,,,,,,,Zn,,N,5.0,protein.sidechain,131.55235864144905,trigonal.bipyramidal,2.0,HIS502:A
PDE4D_monomer,49831816,ZN:B:1223,metal_complexes,502,HIS,A,,,,2.4008692175959947,,,,,,,,,,,,,,,,,,,,,,,,,,,,Zn,,N,5.0,protein.sidechain,131.55235864144905,trigonal.bipyramidal,2.0,HIS502:A
PDE4D_monomer,49831816,ZN:B:1223,metal_complexes,502,HIS,A,,,,1.6291313636413731,,,,,,,,,,,,,,,,,,,,,,,,,,,,Zn,,N,5.0,protein.sidechain,131.55235864144905,trigonal.bipyramidal,2.0,HIS502:A
PDE4D_monomer,49831816,MG:B:1224,metal_complexes,1441,HOH,B,,,,2.130300683002284,,,,,,,,,,,,,,,,,,,,,,,,,,,,Mg,,O,3.0,water,76.06071468606284,trigonal.pyramidal,1.0,HOH1441:B
PDE4D_monomer,49831816,MG:B:1224,metal_complexes,502,HIS,A,,,,2.594539650882214,,,,,,,,,,,,,,,,,,,,,,,,,,,,Mg,,N,3.0,protein.sidechain,76.06071468606284,trigonal.pyramidal,1.0,HIS502:A
PDE4D_monomer,49831816,MG:B:1224,metal_complexes,502,HIS,A,,,,2.594539650882214,,,,,,,,,,,,,,,,,,,,,,,,,,,,Mg,,N,3.0,protein.sidechain,76.06071468606284,trigonal.pyramidal,1.0,HIS502:A
PDE4D_monomer,49831816,MG:B:1224,metal_complexes,1441,HOH,B,,,,2.130300683002284,,,,,,,,,,,,,,,,,,,,,,,,,,,,Mg,,O,3.0,water,76.06071468606284,trigonal.pyramidal,2.0,HOH1441:B
PDE4D_monomer,49831816,MG:B:1224,metal_complexes,502,HIS,A,,,,2.594539650882214,,,,,,,,,,,,,,,,,,,,,,,,,,,,Mg,,N,3.0,protein.sidechain,76.06071468606284,trigonal.pyramidal,2.0,HIS502:A
PDE4D_monomer,49831816,MG:B:1224,metal_complexes,502,HIS,A,,,,2.594539650882214,,,,,,,,,,,,,,,,,,,,,,,,,,,,Mg,,N,3.0,protein.sidechain,76.06071468606284,trigonal.pyramidal,2.0,HIS502:A
PDE4D_monomer,49831816,UNL:Z:1,hydrophobic_contacts,461,TYR,A,,,,3.611297412288276,,,,,,,,,,,,,,,,,,,,,,,,,,,,,,,,,,,,TYR461:A
PDE4D_monomer,49831816,UNL:Z:1,hydrophobic_contacts,462,HIS,A,,,,3.818042692270478,,,,,,,,,,,,,,,,,,,,,,,,,,,,,,,,,,,,HIS462:A
PDE4D_monomer,49831816,UNL:Z:1,hydrophobic_contacts,623,ASN,A,,,,3.868499579940523,,,,,,,,,,,,,,,,,,,,,,,,,,,,,,,,,,,,ASN623:A
PDE4D_monomer,49831816,UNL:Z:1,hydrophobic_contacts,624,PRO,A,,,,3.8932794659515513,,,,,,,,,,,,,,,,,,,,,,,,,,,,,,,,,,,,PRO624:A
PDE4D_monomer,49831816,UNL:Z:1,hydrophobic_contacts,638,ILE,A,,,,3.797966034603258,,,,,,,,,,,,,,,,,,,,,,,,,,,,,,,,,,,,ILE638:A
PDE4D_monomer,49831816,UNL:Z:1,hydrophobic_contacts,638,ILE,A,,,,3.705938072877095,,,,,,,,,,,,,,,,,,,,,,,,,,,,,,,,,,,,ILE638:A
PDE4D_monomer,49831816,UNL:Z:1,hydrophobic_contacts,674,PHE,A,,,,3.542944255841461,,,,,,,,,,,,,,,,,,,,,,,,,,,,,,,,,,,,PHE674:A
PDE4D_monomer,49831816,UNL:Z:1,hbonds_ldon,623,ASN,A,,,,,,,True,,,,False,,,,,,,,,,,,,,144.37625191195272,,strong,,,,,,,,,,,,,ASN623:A
PDE4D_monomer,49831816,UNL:Z:1,hbonds_pdon,623,ASN,A,,,,,,,True,,,,True,,,,,,,,,,,,,,139.26678119850533,,strong,,,,,,,,,,,,,ASN623:A
PDE4D_monomer,49831816,UNL:Z:1,hbonds_pdon,671,GLN,A,,,,,,,True,,,,True,,,,,,,,,,,,,,139.12334554434955,,strong,,,,,,,,,,,,,GLN671:A
PDE4D_monomer,49831816,UNL:Z:1,hbonds_pdon,623,ASN,A,,,,,,,True,,,,True,,,,,,,,,,,,,,139.26678119850533,,strong,,,,,,,,,,,,,ASN623:A
PDE4D_monomer,49831816,UNL:Z:1,hbonds_pdon,671,GLN,A,,,,,,,True,,,,True,,,,,,,,,,,,,,139.12334554434955,,strong,,,,,,,,,,,,,GLN671:A
PDE4D_monomer,49831816,UNL:Z:1,hbonds_pdon,462,HIS,A,,,,,,,True,,,,True,,,,,,,,,,,,,,123.49420454530014,,strong,,,,,,,,,,,,,HIS462:A
PDE4D_monomer,49831816,UNL:Z:1,hbonds_pdon,462,HIS,A,,,,,,,True,,,,True,,,,,,,,,,,,,,123.49420454530014,,strong,,,,,,,,,,,,,HIS462:A
PDE4D_monomer,49831816,UNL:Z:1,water_bridges,511,ASN,A,,,,,,,,,,,True,,,,,,,,,,,,,,,,first_deg,,,,,,,,,,,,,ASN511:A
PDE4D_monomer,49831816,UNL:Z:1,water_bridges,511,ASN,A,,,,,,,,,,,False,,,,,,,,,,,,,,,,first_deg,,,,,,,,,,,,,ASN511:A
PDE4D_monomer,49831816,UNL:Z:1,water_bridges,502,HIS,A,,,,,,,,,,,True,,,,,,,,,,,,,,,,first_deg,,,,,,,,,,,,,HIS502:A
PDE4D_monomer,49831816,UNL:Z:1,water_bridges,502,HIS,A,,,,,,,,,,,True,,,,,,,,,,,,,,,,first_deg,,,,,,,,,,,,,HIS502:A
PDE4D_monomer,6262,ZN:B:1223,metal_complexes,1443,HOH,B,,,,2.202447729232182,,,,,,,,,,,,,,,,,,,,,,,,,,,,Zn,,O,5.0,water,131.55235864144905,trigonal.bipyramidal,1.0,HOH1443:B
PDE4D_monomer,6262,ZN:B:1223,metal_complexes,502,HIS,A,,,,2.4008692175959947,,,,,,,,,,,,,,,,,,,,,,,,,,,,Zn,,N,5.0,protein.sidechain,131.55235864144905,trigonal.bipyramidal,1.0,HIS502:A
PDE4D_monomer,6262,ZN:B:1223,metal_complexes,502,HIS,A,,,,1.6291313636413731,,,,,,,,,,,,,,,,,,,,,,,,,,,,Zn,,N,5.0,protein.sidechain,131.55235864144905,trigonal.bipyramidal,1.0,HIS502:A
PDE4D_monomer,6262,ZN:B:1223,metal_complexes,502,HIS,A,,,,2.4008692175959947,,,,,,,,,,,,,,,,,,,,,,,,,,,,Zn,,N,5.0,protein.sidechain,131.55235864144905,trigonal.bipyramidal,1.0,HIS502:A
PDE4D_monomer,6262,ZN:B:1223,metal_complexes,502,HIS,A,,,,1.6291313636413731,,,,,,,,,,,,,,,,,,,,,,,,,,,,Zn,,N,5.0,protein.sidechain,131.55235864144905,trigonal.bipyramidal,1.0,HIS502:A
PDE4D_monomer,6262,ZN:B:1223,metal_complexes,1443,HOH,B,,,,2.202447729232182,,,,,,,,,,,,,,,,,,,,,,,,,,,,Zn,,O,5.0,water,131.55235864144905,trigonal.bipyramidal,2.0,HOH1443:B
PDE4D_monomer,6262,ZN:B:1223,metal_complexes,502,HIS,A,,,,2.4008692175959947,,,,,,,,,,,,,,,,,,,,,,,,,,,,Zn,,N,5.0,protein.sidechain,131.55235864144905,trigonal.bipyramidal,2.0,HIS502:A
PDE4D_monomer,6262,ZN:B:1223,metal_complexes,502,HIS,A,,,,1.6291313636413731,,,,,,,,,,,,,,,,,,,,,,,,,,,,Zn,,N,5.0,protein.sidechain,131.55235864144905,trigonal.bipyramidal,2.0,HIS502:A
PDE4D_monomer,6262,ZN:B:1223,metal_complexes,502,HIS,A,,,,2.4008692175959947,,,,,,,,,,,,,,,,,,,,,,,,,,,,Zn,,N,5.0,protein.sidechain,131.55235864144905,trigonal.bipyramidal,2.0,HIS502:A
PDE4D_monomer,6262,ZN:B:1223,metal_complexes,502,HIS,A,,,,1.6291313636413731,,,,,,,,,,,,,,,,,,,,,,,,,,,,Zn,,N,5.0,protein.sidechain,131.55235864144905,trigonal.bipyramidal,2.0,HIS502:A
PDE4D_monomer,6262,MG:B:1224,metal_complexes,1441,HOH,B,,,,2.130300683002284,,,,,,,,,,,,,,,,,,,,,,,,,,,,Mg,,O,3.0,water,76.06071468606284,trigonal.pyramidal,1.0,HOH1441:B
PDE4D_monomer,6262,MG:B:1224,metal_complexes,502,HIS,A,,,,2.594539650882214,,,,,,,,,,,,,,,,,,,,,,,,,,,,Mg,,N,3.0,protein.sidechain,76.06071468606284,trigonal.pyramidal,1.0,HIS502:A
PDE4D_monomer,6262,MG:B:1224,metal_complexes,502,HIS,A,,,,2.594539650882214,,,,,,,,,,,,,,,,,,,,,,,,,,,,Mg,,N,3.0,protein.sidechain,76.06071468606284,trigonal.pyramidal,1.0,HIS502:A
PDE4D_monomer,6262,MG:B:1224,metal_complexes,1441,HOH,B,,,,2.130300683002284,,,,,,,,,,,,,,,,,,,,,,,,,,,,Mg,,O,3.0,water,76.06071468606284,trigonal.pyramidal,2.0,HOH1441:B
PDE4D_monomer,6262,MG:B:1224,metal_complexes,502,HIS,A,,,,2.594539650882214,,,,,,,,,,,,,,,,,,,,,,,,,,,,Mg,,N,3.0,protein.sidechain,76.06071468606284,trigonal.pyramidal,2.0,HIS502:A
PDE4D_monomer,6262,MG:B:1224,metal_complexes,502,HIS,A,,,,2.594539650882214,,,,,,,,,,,,,,,,,,,,,,,,,,,,Mg,,N,3.0,protein.sidechain,76.06071468606284,trigonal.pyramidal,2.0,HIS502:A
PDE4D_monomer,6262,UNL:Z:1,hydrophobic_contacts,461,TYR,A,,,,3.916324935446496,,,,,,,,,,,,,,,,,,,,,,,,,,,,,,,,,,,,TYR461:A
PDE4D_monomer,6262,UNL:Z:1,hydrophobic_contacts,462,HIS,A,,,,3.369132084083377,,,,,,,,,,,,,,,,,,,,,,,,,,,,,,,,,,,,HIS462:A
PDE4D_monomer,6262,UNL:Z:1,hydrophobic_contacts,638,ILE,A,,,,3.4223129605575244,,,,,,,,,,,,,,,,,,,,,,,,,,,,,,,,,,,,ILE638:A
PDE4D_monomer,6262,UNL:Z:1,hbonds_ldon,462,HIS,A,,,,,,,True,,,,False,,,,,,,,,,,,,,118.97863060814906,,strong,,,,,,,,,,,,,HIS462:A
PDE4D_monomer,6262,UNL:Z:1,hbonds_ldon,638,ILE,A,,,,,,,False,,,,False,,,,,,,,,,,,,,142.02930735768692,,strong,,,,,,,,,,,,,ILE638:A
PDE4D_monomer,6262,UNL:Z:1,hbonds_pdon,623,ASN,A,,,,,,,True,,,,True,,,,,,,,,,,,,,112.5743098150912,,strong,,,,,,,,,,,,,ASN623:A
PDE4D_monomer,6262,UNL:Z:1,hbonds_pdon,623,ASN,A,,,,,,,True,,,,True,,,,,,,,,,,,,,112.5743098150912,,strong,,,,,,,,,,,,,ASN623:A
PDE4D_monomer,6262,UNL:Z:1,water_bridges,621,LEU,A,,,,,,,,,,,True,,,,,,,,,,,,,,,,first_deg,,,,,,,,,,,,,LEU621:A
PDE4D_monomer,6262,UNL:Z:1,water_bridges,466,HIS,A,,,,,,,,,,,True,,,,,,,,,,,,,,,,first_deg,,,,,,,,,,,,,HIS466:A
PDE4D_monomer,9877619,ZN:B:1223,metal_complexes,1443,HOH,B,,,,2.202447729232182,,,,,,,,,,,,,,,,,,,,,,,,,,,,Zn,,O,5.0,water,131.55235864144905,trigonal.bipyramidal,1.0,HOH1443:B
PDE4D_monomer,9877619,ZN:B:1223,metal_complexes,502,HIS,A,,,,2.4008692175959947,,,,,,,,,,,,,,,,,,,,,,,,,,,,Zn,,N,5.0,protein.sidechain,131.55235864144905,trigonal.bipyramidal,1.0,HIS502:A
PDE4D_monomer,9877619,ZN:B:1223,metal_complexes,502,HIS,A,,,,1.6291313636413731,,,,,,,,,,,,,,,,,,,,,,,,,,,,Zn,,N,5.0,protein.sidechain,131.55235864144905,trigonal.bipyramidal,1.0,HIS502:A
PDE4D_monomer,9877619,ZN:B:1223,metal_complexes,502,HIS,A,,,,2.4008692175959947,,,,,,,,,,,,,,,,,,,,,,,,,,,,Zn,,N,5.0,protein.sidechain,131.55235864144905,trigonal.bipyramidal,1.0,HIS502:A
PDE4D_monomer,9877619,ZN:B:1223,metal_complexes,502,HIS,A,,,,1.6291313636413731,,,,,,,,,,,,,,,,,,,,,,,,,,,,Zn,,N,5.0,protein.sidechain,131.55235864144905,trigonal.bipyramidal,1.0,HIS502:A
PDE4D_monomer,9877619,ZN:B:1223,metal_complexes,1443,HOH,B,,,,2.202447729232182,,,,,,,,,,,,,,,,,,,,,,,,,,,,Zn,,O,5.0,water,131.55235864144905,trigonal.bipyramidal,2.0,HOH1443:B
PDE4D_monomer,9877619,ZN:B:1223,metal_complexes,502,HIS,A,,,,2.4008692175959947,,,,,,,,,,,,,,,,,,,,,,,,,,,,Zn,,N,5.0,protein.sidechain,131.55235864144905,trigonal.bipyramidal,2.0,HIS502:A
PDE4D_monomer,9877619,ZN:B:1223,metal_complexes,502,HIS,A,,,,1.6291313636413731,,,,,,,,,,,,,,,,,,,,,,,,,,,,Zn,,N,5.0,protein.sidechain,131.55235864144905,trigonal.bipyramidal,2.0,HIS502:A
PDE4D_monomer,9877619,ZN:B:1223,metal_complexes,502,HIS,A,,,,2.4008692175959947,,,,,,,,,,,,,,,,,,,,,,,,,,,,Zn,,N,5.0,protein.sidechain,131.55235864144905,trigonal.bipyramidal,2.0,HIS502:A
PDE4D_monomer,9877619,ZN:B:1223,metal_complexes,502,HIS,A,,,,1.6291313636413731,,,,,,,,,,,,,,,,,,,,,,,,,,,,Zn,,N,5.0,protein.sidechain,131.55235864144905,trigonal.bipyramidal,2.0,HIS502:A
PDE4D_monomer,9877619,MG:B:1224,metal_complexes,1441,HOH,B,,,,2.130300683002284,,,,,,,,,,,,,,,,,,,,,,,,,,,,Mg,,O,3.0,water,76.06071468606284,trigonal.pyramidal,1.0,HOH1441:B
PDE4D_monomer,9877619,MG:B:1224,metal_complexes,502,HIS,A,,,,2.594539650882214,,,,,,,,,,,,,,,,,,,,,,,,,,,,Mg,,N,3.0,protein.sidechain,76.06071468606284,trigonal.pyramidal,1.0,HIS502:A
PDE4D_monomer,9877619,MG:B:1224,metal_complexes,502,HIS,A,,,,2.594539650882214,,,,,,,,,,,,,,,,,,,,,,,,,,,,Mg,,N,3.0,protein.sidechain,76.06071468606284,trigonal.pyramidal,1.0,HIS502:A
PDE4D_monomer,9877619,MG:B:1224,metal_complexes,1441,HOH,B,,,,2.130300683002284,,,,,,,,,,,,,,,,,,,,,,,,,,,,Mg,,O,3.0,water,76.06071468606284,trigonal.pyramidal,2.0,HOH1441:B
PDE4D_monomer,9877619,MG:B:1224,metal_complexes,502,HIS,A,,,,2.594539650882214,,,,,,,,,,,,,,,,,,,,,,,,,,,,Mg,,N,3.0,protein.sidechain,76.06071468606284,trigonal.pyramidal,2.0,HIS502:A
PDE4D_monomer,9877619,MG:B:1224,metal_complexes,502,HIS,A,,,,2.594539650882214,,,,,,,,,,,,,,,,,,,,,,,,,,,,Mg,,N,3.0,protein.sidechain,76.06071468606284,trigonal.pyramidal,2.0,HIS502:A
PDE4D_monomer,9877619,UNL:Z:1,hydrophobic_contacts,461,TYR,A,,,,3.946654405949423,,,,,,,,,,,,,,,,,,,,,,,,,,,,,,,,,,,,TYR461:A
PDE4D_monomer,9877619,UNL:Z:1,hydrophobic_contacts,462,HIS,A,,,,3.8481976300600778,,,,,,,,,,,,,,,,,,,,,,,,,,,,,,,,,,,,HIS462:A
PDE4D_monomer,9877619,UNL:Z:1,hydrophobic_contacts,638,ILE,A,,,,3.5486565063415205,,,,,,,,,,,,,,,,,,,,,,,,,,,,,,,,,,,,ILE638:A
PDE4D_monomer,9877619,UNL:Z:1,hydrophobic_contacts,642,PHE,A,,,,3.947097794582748,,,,,,,,,,,,,,,,,,,,,,,,,,,,,,,,,,,,PHE642:A
PDE4D_monomer,9877619,UNL:Z:1,hydrophobic_contacts,674,PHE,A,,,,3.718750999999865,,,,,,,,,,,,,,,,,,,,,,,,,,,,,,,,,,,,PHE674:A
PDE4D_monomer,9877619,UNL:Z:1,hydrophobic_contacts,674,PHE,A,,,,3.720498622496721,,,,,,,,,,,,,,,,,,,,,,,,,,,,,,,,,,,,PHE674:A
PDE4D_monomer,9877619,UNL:Z:1,hydrophobic_contacts,674,PHE,A,,,,3.708114075915141,,,,,,,,,,,,,,,,,,,,,,,,,,,,,,,,,,,,PHE674:A
PDE4D_monomer,9877619,UNL:Z:1,hydrophobic_contacts,674,PHE,A,,,,3.705395120631537,,,,,,,,,,,,,,,,,,,,,,,,,,,,,,,,,,,,PHE674:A
PDE4D_monomer,9877619,UNL:Z:1,hydrophobic_contacts,674,PHE,A,,,,3.6945294693641313,,,,,,,,,,,,,,,,,,,,,,,,,,,,,,,,,,,,PHE674:A
PDE4D_monomer,9877619,UNL:Z:1,hydrophobic_contacts,674,PHE,A,,,,3.696514845093957,,,,,,,,,,,,,,,,,,,,,,,,,,,,,,,,,,,,PHE674:A
PDE4D_monomer,9877619,UNL:Z:1,hbonds_pdon,461,TYR,A,,,,,,,True,,,,True,,,,,,,,,,,,,,154.4468034827185,,strong,,,,,,,,,,,,,TYR461:A
PDE4D_monomer,9877619,UNL:Z:1,hbonds_pdon,623,ASN,A,,,,,,,True,,,,True,,,,,,,,,,,,,,106.1696090446982,,strong,,,,,,,,,,,,,ASN623:A
PDE4D_monomer,9877619,UNL:Z:1,hbonds_pdon,623,ASN,A,,,,,,,True,,,,True,,,,,,,,,,,,,,106.1696090446982,,strong,,,,,,,,,,,,,ASN623:A
PDE4D_monomer,9877619,UNL:Z:1,water_bridges,466,HIS,A,,,,,,,,,,,True,,,,,,,,,,,,,,,,first_deg,,,,,,,,,,,,,HIS466:A
PDE4D_monomer,9877619,UNL:Z:1,water_bridges,466,HIS,A,,,,,,,,,,,True,,,,,,,,,,,,,,,,first_deg,,,,,,,,,,,,,HIS466:A
PDE4D_dimer,m1,ZN:A:1223,metal_complexes,1448,HOH,A,,,,2.2084152689202274,,,,,,,,,,,,,,,,,,,,,,,,,,,,Zn,,O,5.0,water,135.70608099200211,trigonal.bipyramidal,1.0,HOH1448:A
PDE4D_dimer,m1,ZN:A:1223,metal_complexes,502,HIS,A,,,,2.1458718507869943,,,,,,,,,,,,,,,,,,,,,,,,,,,,Zn,,N,5.0,protein.sidechain,135.70608099200211,trigonal.bipyramidal,1.0,HIS502:A
PDE4D_dimer,m1,ZN:A:1223,metal_complexes,502,HIS,A,,,,1.368305886854253,,,,,,,,,,,,,,,,,,,,,,,,,,,,Zn,,N,5.0,protein.sidechain,135.70608099200211,trigonal.bipyramidal,1.0,HIS502:A
PDE4D_dimer,m1,ZN:A:1223,metal_complexes,502,HIS,A,,,,2.1458718507869943,,,,,,,,,,,,,,,,,,,,,,,,,,,,Zn,,N,5.0,protein.sidechain,135.70608099200211,trigonal.bipyramidal,1.0,HIS502:A
PDE4D_dimer,m1,ZN:A:1223,metal_complexes,502,HIS,A,,,,1.368305886854253,,,,,,,,,,,,,,,,,,,,,,,,,,,,Zn,,N,5.0,protein.sidechain,135.70608099200211,trigonal.bipyramidal,1.0,HIS502:A
PDE4D_dimer,m1,ZN:A:1223,metal_complexes,1448,HOH,A,,,,2.2084152689202274,,,,,,,,,,,,,,,,,,,,,,,,,,,,Zn,,O,5.0,water,135.70608099200211,trigonal.bipyramidal,2.0,HOH1448:A
PDE4D_dimer,m1,ZN:A:1223,metal_complexes,502,HIS,A,,,,2.1458718507869943,,,,,,,,,,,,,,,,,,,,,,,,,,,,Zn,,N,5.0,protein.sidechain,135.70608099200211,trigonal.bipyramidal,2.0,HIS502:A
PDE4D_dimer,m1,ZN:A:1223,metal_complexes,502,HIS,A,,,,1.368305886854253,,,,,,,,,,,,,,,,,,,,,,,,,,,,Zn,,N,5.0,protein.sidechain,135.70608099200211,trigonal.bipyramidal,2.0,HIS502:A
PDE4D_dimer,m1,ZN:A:1223,metal_complexes,502,HIS,A,,,,2.1458718507869943,,,,,,,,,,,,,,,,,,,,,,,,,,,,Zn,,N,5.0,protein.sidechain,135.70608099200211,trigonal.bipyramidal,2.0,HIS502:A
PDE4D_dimer,m1,ZN:A:1223,metal_complexes,502,HIS,A,,,,1.368305886854253,,,,,,,,,,,,,,,,,,,,,,,,,,,,Zn,,N,5.0,protein.sidechain,135.70608099200211,trigonal.bipyramidal,2.0,HIS502:A
PDE4D_dimer,m1,ZN:B:1223,metal_complexes,1443,HOH,B,,,,2.202447729232182,,,,,,,,,,,,,,,,,,,,,,,,,,,,Zn,,O,5.0,water,135.50778824402013,trigonal.bipyramidal,1.0,HOH1443:B
PDE4D_dimer,m1,ZN:B:1223,metal_complexes,502,HIS,B,,,,2.300014347781336,,,,,,,,,,,,,,,,,,,,,,,,,,,,Zn,,N,5.0,protein.sidechain,135.50778824402013,trigonal.bipyramidal,1.0,HIS502:B
PDE4D_dimer,m1,ZN:B:1223,metal_complexes,502,HIS,B,,,,1.6050847329658358,,,,,,,,,,,,,,,,,,,,,,,,,,,,Zn,,N,5.0,protein.sidechain,135.50778824402013,trigonal.bipyramidal,1.0,HIS502:B
PDE4D_dimer,m1,ZN:B:1223,metal_complexes,502,HIS,B,,,,2.300014347781336,,,,,,,,,,,,,,,,,,,,,,,,,,,,Zn,,N,5.0,protein.sidechain,135.50778824402013,trigonal.bipyramidal,1.0,HIS502:B
PDE4D_dimer,m1,ZN:B:1223,metal_complexes,502,HIS,B,,,,1.6050847329658358,,,,,,,,,,,,,,,,,,,,,,,,,,,,Zn,,N,5.0,protein.sidechain,135.50778824402013,trigonal.bipyramidal,1.0,HIS502:B
PDE4D_dimer,m1,ZN:B:1223,metal_complexes,1443,HOH,B,,,,2.202447729232182,,,,,,,,,,,,,,,,,,,,,,,,,,,,Zn,,O,5.0,water,135.50778824402013,trigonal.bipyramidal,2.0,HOH1443:B
PDE4D_dimer,m1,ZN:B:1223,metal_complexes,502,HIS,B,,,,2.300014347781336,,,,,,,,,,,,,,,,,,,,,,,,,,,,Zn,,N,5.0,protein.sidechain,135.50778824402013,trigonal.bipyramidal,2.0,HIS502:B
PDE4D_dimer,m1,ZN:B:1223,metal_complexes,502,HIS,B,,,,1.6050847329658358,,,,,,,,,,,,,,,,,,,,,,,,,,,,Zn,,N,5.0,protein.sidechain,135.50778824402013,trigonal.bipyramidal,2.0,HIS502:B
PDE4D_dimer,m1,ZN:B:1223,metal_complexes,502,HIS,B,,,,2.300014347781336,,,,,,,,,,,,,,,,,,,,,,,,,,,,Zn,,N,5.0,protein.sidechain,135.50778824402013,trigonal.bipyramidal,2.0,HIS502:B
PDE4D_dimer,m1,ZN:B:1223,metal_complexes,502,HIS,B,,,,1.6050847329658358,,,,,,,,,,,,,,,,,,,,,,,,,,,,Zn,,N,5.0,protein.sidechain,135.50778824402013,trigonal.bipyramidal,2.0,HIS502:B
PDE4D_dimer,m1,MG:B:1224,metal_complexes,1441,HOH,B,,,,2.130300683002284,,,,,,,,,,,,,,,,,,,,,,,,,,,,Mg,,O,5.0,water,129.51277210397092,trigonal.bipyramidal,1.0,HOH1441:B
PDE4D_dimer,m1,MG:B:1224,metal_complexes,502,HIS,B,,,,2.9680875997854224,,,,,,,,,,,,,,,,,,,,,,,,,,,,Mg,,N,5.0,protein.sidechain,129.51277210397092,trigonal.bipyramidal,1.0,HIS502:B
PDE4D_dimer,m1,MG:B:1224,metal_complexes,502,HIS,B,,,,2.9680875997854224,,,,,,,,,,,,,,,,,,,,,,,,,,,,Mg,,N,5.0,protein.sidechain,129.51277210397092,trigonal.bipyramidal,1.0,HIS502:B
PDE4D_dimer,m1,MG:B:1224,metal_complexes,532,GLU,B,,,,2.7823624853710216,,,,,,,,,,,,,,,,,,,,,,,,,,,,Mg,,O,5.0,protein.sidechain,129.51277210397092,trigonal.bipyramidal,1.0,GLU532:B
PDE4D_dimer,m1,MG:B:1224,metal_complexes,532,GLU,B,,,,2.7823624853710216,,,,,,,,,,,,,,,,,,,,,,,,,,,,Mg,,O,5.0,protein.sidechain,129.51277210397092,trigonal.bipyramidal,1.0,GLU532:B
PDE4D_dimer,m1,MG:B:1224,metal_complexes,1441,HOH,B,,,,2.130300683002284,,,,,,,,,,,,,,,,,,,,,,,,,,,,Mg,,O,5.0,water,129.51277210397092,trigonal.bipyramidal,2.0,HOH1441:B
PDE4D_dimer,m1,MG:B:1224,metal_complexes,502,HIS,B,,,,2.9680875997854224,,,,,,,,,,,,,,,,,,,,,,,,,,,,Mg,,N,5.0,protein.sidechain,129.51277210397092,trigonal.bipyramidal,2.0,HIS502:B
PDE4D_dimer,m1,MG:B:1224,metal_complexes,502,HIS,B,,,,2.9680875997854224,,,,,,,,,,,,,,,,,,,,,,,,,,,,Mg,,N,5.0,protein.sidechain,129.51277210397092,trigonal.bipyramidal,2.0,HIS502:B
PDE4D_dimer,m1,MG:B:1224,metal_complexes,532,GLU,B,,,,2.7823624853710216,,,,,,,,,,,,,,,,,,,,,,,,,,,,Mg,,O,5.0,protein.sidechain,129.51277210397092,trigonal.bipyramidal,2.0,GLU532:B
PDE4D_dimer,m1,MG:B:1224,metal_complexes,532,GLU,B,,,,2.7823624853710216,,,,,,,,,,,,,,,,,,,,,,,,,,,,Mg,,O,5.0,protein.sidechain,129.51277210397092,trigonal.bipyramidal,2.0,GLU532:B
PDE4D_dimer,m1,UNL:Z:1,hydrophobic_contacts,461,TYR,A,,,,3.364899404142716,,,,,,,,,,,,,,,,,,,,,,,,,,,,,,,,,,,,TYR461:A
PDE4D_dimer,m1,UNL:Z:1,hydrophobic_contacts,638,ILE,A,,,,3.6774591772037417,,,,,,,,,,,,,,,,,,,,,,,,,,,,,,,,,,,,ILE638:A
PDE4D_dimer,m1,UNL:Z:1,hydrophobic_contacts,674,PHE,A,,,,3.688132454237509,,,,,,,,,,,,,,,,,,,,,,,,,,,,,,,,,,,,PHE674:A
PDE4D_dimer,m1,UNL:Z:1,hydrophobic_contacts,674,PHE,A,,,,3.713448666670915,,,,,,,,,,,,,,,,,,,,,,,,,,,,,,,,,,,,PHE674:A
PDE4D_dimer,m1,UNL:Z:1,hydrophobic_contacts,674,PHE,A,,,,3.688605291976899,,,,,,,,,,,,,,,,,,,,,,,,,,,,,,,,,,,,PHE674:A
PDE4D_dimer,m1,UNL:Z:1,hydrophobic_contacts,674,PHE,A,,,,3.677730958077276,,,,,,,,,,,,,,,,,,,,,,,,,,,,,,,,,,,,PHE674:A
PDE4D_dimer,m1,UNL:Z:1,hbonds_ldon,670,SER,A,,,,,,,False,,,,False,,,,,,,,,,,,,,144.57662920786998,,strong,,,,,,,,,,,,,SER670:A
PDE4D_dimer,m1,UNL:Z:1,hbonds_pdon,461,TYR,A,,,,,,,True,,,,True,,,,,,,,,,,,,,160.3963082096814,,strong,,,,,,,,,,,,,TYR461:A
PDE4D_dimer,m1,UNL:Z:1,hbonds_pdon,623,ASN,A,,,,,,,True,,,,True,,,,,,,,,,,,,,114.8994756211946,,strong,,,,,,,,,,,,,ASN623:A
PDE4D_dimer,m1,UNL:Z:1,hbonds_pdon,623,ASN,A,,,,,,,True,,,,True,,,,,,,,,,,,,,121.24089235274538,,strong,,,,,,,,,,,,,ASN623:A
PDE4D_dimer,m1,UNL:Z:1,hbonds_pdon,671,GLN,A,,,,,,,False,,,,True,,,,,,,,,,,,,,137.10814848820172,,strong,,,,,,,,,,,,,GLN671:A
PDE4D_dimer,m1,UNL:Z:1,water_bridges,620,ASP,A,,,,,,,,,,,True,,,,,,,,,,,,,,,,first_deg,,,,,,,,,,,,,ASP620:A
PDE4D_dimer,m1,UNL:Z:1,water_bridges,620,ASP,A,,,,,,,,,,,False,,,,,,,,,,,,,,,,first_deg,,,,,,,,,,,,,ASP620:A
PDE4D_dimer,m1,UNL:Z:1,saltbridge_lneg,462,HIS,A,,,,4.081295903264059,,,,,,,,,,,,,,,,,True,,,,,,,,,,,,,,,,,,,HIS462:A
PDE4D_dimer,m2,ZN:A:1223,metal_complexes,1448,HOH,A,,,,2.2084152689202274,,,,,,,,,,,,,,,,,,,,,,,,,,,,Zn,,O,5.0,water,135.70608099200211,trigonal.bipyramidal,1.0,HOH1448:A
PDE4D_dimer,m2,ZN:A:1223,metal_complexes,502,HIS,A,,,,2.1458718507869943,,,,,,,,,,,,,,,,,,,,,,,,,,,,Zn,,N,5.0,protein.sidechain,135.70608099200211,trigonal.bipyramidal,1.0,HIS502:A
PDE4D_dimer,m2,ZN:A:1223,metal_complexes,502,HIS,A,,,,1.368305886854253,,,,,,,,,,,,,,,,,,,,,,,,,,,,Zn,,N,5.0,protein.sidechain,135.70608099200211,trigonal.bipyramidal,1.0,HIS502:A
PDE4D_dimer,m2,ZN:A:1223,metal_complexes,502,HIS,A,,,,2.1458718507869943,,,,,,,,,,,,,,,,,,,,,,,,,,,,Zn,,N,5.0,protein.sidechain,135.70608099200211,trigonal.bipyramidal,1.0,HIS502:A
PDE4D_dimer,m2,ZN:A:1223,metal_complexes,502,HIS,A,,,,1.368305886854253,,,,,,,,,,,,,,,,,,,,,,,,,,,,Zn,,N,5.0,protein.sidechain,135.70608099200211,trigonal.bipyramidal,1.0,HIS502:A
PDE4D_dimer,m2,ZN:A:1223,metal_complexes,1448,HOH,A,,,,2.2084152689202274,,,,,,,,,,,,,,,,,,,,,,,,,,,,Zn,,O,5.0,water,135.70608099200211,trigonal.bipyramidal,2.0,HOH1448:A
PDE4D_dimer,m2,ZN:A:1223,metal_complexes,502,HIS,A,,,,2.1458718507869943,,,,,,,,,,,,,,,,,,,,,,,,,,,,Zn,,N,5.0,protein.sidechain,135.70608099200211,trigonal.bipyramidal,2.0,HIS502:A
PDE4D_dimer,m2,ZN:A:1223,metal_complexes,502,HIS,A,,,,1.368305886854253,,,,,,,,,,,,,,,,,,,,,,,,,,,,Zn,,N,5.0,protein.sidechain,135.70608099200211,trigonal.bipyramidal,2.0,HIS502:A
PDE4D_dimer,m2,ZN:A:1223,metal_complexes,502,HIS,A,,,,2.1458718507869943,,,,,,,,,,,,,,,,,,,,,,,,,,,,Zn,,N,5.0,protein.sidechain,135.70608099200211,trigonal.bipyramidal,2.0,HIS502:A
PDE4D_dimer,m2,ZN:A:1223,metal_complexes,502,HIS,A,,,,1.368305886854253,,,,,,,,,,,,,,,,,,,,,,,,,,,,Zn,,N,5.0,protein.sidechain,135.70608099200211,trigonal.bipyramidal,2.0,HIS502:A
PDE4D_dimer,m2,ZN:B:1223,metal_complexes,1443,HOH,B,,,,2.202447729232182,,,,,,,,,,,,,,,,,,,,,,,,,,,,Zn,,O,5.0,water,135.50778824402013,trigonal.bipyramidal,1.0,HOH1443:B
PDE4D_dimer,m2,ZN:B:1223,metal_complexes,502,HIS,B,,,,2.300014347781336,,,,,,,,,,,,,,,,,,,,,,,,,,,,Zn,,N,5.0,protein.sidechain,135.50778824402013,trigonal.bipyramidal,1.0,HIS502:B
PDE4D_dimer,m2,ZN:B:1223,metal_complexes,502,HIS,B,,,,1.6050847329658358,,,,,,,,,,,,,,,,,,,,,,,,,,,,Zn,,N,5.0,protein.sidechain,135.50778824402013,trigonal.bipyramidal,1.0,HIS502:B
PDE4D_dimer,m2,ZN:B:1223,metal_complexes,502,HIS,B,,,,2.300014347781336,,,,,,,,,,,,,,,,,,,,,,,,,,,,Zn,,N,5.0,protein.sidechain,135.50778824402013,trigonal.bipyramidal,1.0,HIS502:B
PDE4D_dimer,m2,ZN:B:1223,metal_complexes,502,HIS,B,,,,1.6050847329658358,,,,,,,,,,,,,,,,,,,,,,,,,,,,Zn,,N,5.0,protein.sidechain,135.50778824402013,trigonal.bipyramidal,1.0,HIS502:B
PDE4D_dimer,m2,ZN:B:1223,metal_complexes,1443,HOH,B,,,,2.202447729232182,,,,,,,,,,,,,,,,,,,,,,,,,,,,Zn,,O,5.0,water,135.50778824402013,trigonal.bipyramidal,2.0,HOH1443:B
PDE4D_dimer,m2,ZN:B:1223,metal_complexes,502,HIS,B,,,,2.300014347781336,,,,,,,,,,,,,,,,,,,,,,,,,,,,Zn,,N,5.0,protein.sidechain,135.50778824402013,trigonal.bipyramidal,2.0,HIS502:B
PDE4D_dimer,m2,ZN:B:1223,metal_complexes,502,HIS,B,,,,1.6050847329658358,,,,,,,,,,,,,,,,,,,,,,,,,,,,Zn,,N,5.0,protein.sidechain,135.50778824402013,trigonal.bipyramidal,2.0,HIS502:B
PDE4D_dimer,m2,ZN:B:1223,metal_complexes,502,HIS,B,,,,2.300014347781336,,,,,,,,,,,,,,,,,,,,,,,,,,,,Zn,,N,5.0,protein.sidechain,135.50778824402013,trigonal.bipyramidal,2.0,HIS502:B
PDE4D_dimer,m2,ZN:B:1223,metal_complexes,502,HIS,B,,,,1.6050847329658358,,,,,,,,,,,,,,,,,,,,,,,,,,,,Zn,,N,5.0,protein.sidechain,135.50778824402013,trigonal.bipyramidal,2.0,HIS502:B
PDE4D_dimer,m2,MG:B:1224,metal_complexes,1441,HOH,B,,,,2.130300683002284,,,,,,,,,,,,,,,,,,,,,,,,,,,,Mg,,O,5.0,water,129.51277210397092,trigonal.bipyramidal,1.0,HOH1441:B
PDE4D_dimer,m2,MG:B:1224,metal_complexes,502,HIS,B,,,,2.9680875997854224,,,,,,,,,,,,,,,,,,,,,,,,,,,,Mg,,N,5.0,protein.sidechain,129.51277210397092,trigonal.bipyramidal,1.0,HIS502:B
PDE4D_dimer,m2,MG:B:1224,metal_complexes,502,HIS,B,,,,2.9680875997854224,,,,,,,,,,,,,,,,,,,,,,,,,,,,Mg,,N,5.0,protein.sidechain,129.51277210397092,trigonal.bipyramidal,1.0,HIS502:B
PDE4D_dimer,m2,MG:B:1224,metal_complexes,532,GLU,B,,,,2.7823624853710216,,,,,,,,,,,,,,,,,,,,,,,,,,,,Mg,,O,5.0,protein.sidechain,129.51277210397092,trigonal.bipyramidal,1.0,GLU532:B
PDE4D_dimer,m2,MG:B:1224,metal_complexes,532,GLU,B,,,,2.7823624853710216,,,,,,,,,,,,,,,,,,,,,,,,,,,,Mg,,O,5.0,protein.sidechain,129.51277210397092,trigonal.bipyramidal,1.0,GLU532:B
PDE4D_dimer,m2,MG:B:1224,metal_complexes,1441,HOH,B,,,,2.130300683002284,,,,,,,,,,,,,,,,,,,,,,,,,,,,Mg,,O,5.0,water,129.51277210397092,trigonal.bipyramidal,2.0,HOH1441:B
PDE4D_dimer,m2,MG:B:1224,metal_complexes,502,HIS,B,,,,2.9680875997854224,,,,,,,,,,,,,,,,,,,,,,,,,,,,Mg,,N,5.0,protein.sidechain,129.51277210397092,trigonal.bipyramidal,2.0,HIS502:B
PDE4D_dimer,m2,MG:B:1224,metal_complexes,502,HIS,B,,,,2.9680875997854224,,,,,,,,,,,,,,,,,,,,,,,,,,,,Mg,,N,5.0,protein.sidechain,129.51277210397092,trigonal.bipyramidal,2.0,HIS502:B
PDE4D_dimer,m2,MG:B:1224,metal_complexes,532,GLU,B,,,,2.7823624853710216,,,,,,,,,,,,,,,,,,,,,,,,,,,,Mg,,O,5.0,protein.sidechain,129.51277210397092,trigonal.bipyramidal,2.0,GLU532:B
PDE4D_dimer,m2,MG:B:1224,metal_complexes,532,GLU,B,,,,2.7823624853710216,,,,,,,,,,,,,,,,,,,,,,,,,,,,Mg,,O,5.0,protein.sidechain,129.51277210397092,trigonal.bipyramidal,2.0,GLU532:B
PDE4D_dimer,m2,UNL:Z:1,hydrophobic_contacts,461,TYR,A,,,,3.9424142349580658,,,,,,,,,,,,,,,,,,,,,,,,,,,,,,,,,,,,TYR461:A
PDE4D_dimer,m2,UNL:Z:1,hydrophobic_contacts,638,ILE,A,,,,3.5169021880058,,,,,,,,,,,,,,,,,,,,,,,,,,,,,,,,,,,,ILE638:A
PDE4D_dimer,m2,UNL:Z:1,hydrophobic_contacts,642,PHE,A,,,,3.933257301525035,,,,,,,,,,,,,,,,,,,,,,,,,,,,,,,,,,,,PHE642:A
PDE4D_dimer,m2,UNL:Z:1,hydrophobic_contacts,674,PHE,A,,,,3.665677290760876,,,,,,,,,,,,,,,,,,,,,,,,,,,,,,,,,,,,PHE674:A
PDE4D_dimer,m2,UNL:Z:1,hydrophobic_contacts,674,PHE,A,,,,3.6954808888695374,,,,,,,,,,,,,,,,,,,,,,,,,,,,,,,,,,,,PHE674:A
PDE4D_dimer,m2,UNL:Z:1,hydrophobic_contacts,674,PHE,A,,,,3.724495133571797,,,,,,,,,,,,,,,,,,,,,,,,,,,,,,,,,,,,PHE674:A
PDE4D_dimer,m2,UNL:Z:1,hydrophobic_contacts,674,PHE,A,,,,3.67744381330293,,,,,,,,,,,,,,,,,,,,,,,,,,,,,,,,,,,,PHE674:A
PDE4D_dimer,m2,UNL:Z:1,hbonds_ldon,623,ASN,A,,,,,,,True,,,,False,,,,,,,,,,,,,,132.72700422850227,,strong,,,,,,,,,,,,,ASN623:A
PDE4D_dimer,m2,UNL:Z:1,hbonds_ldon,671,GLN,A,,,,,,,True,,,,False,,,,,,,,,,,,,,153.66595666870543,,strong,,,,,,,,,,,,,GLN671:A
PDE4D_dimer,m2,UNL:Z:1,hbonds_pdon,623,ASN,A,,,,,,,True,,,,True,,,,,,,,,,,,,,173.67055091400437,,strong,,,,,,,,,,,,,ASN623:A
PDE4D_dimer,m2,UNL:Z:1,hbonds_pdon,623,ASN,A,,,,,,,True,,,,True,,,,,,,,,,,,,,149.96098926511152,,strong,,,,,,,,,,,,,ASN623:A
PDE4D_dimer,m2,UNL:Z:1,hbonds_pdon,671,GLN,A,,,,,,,False,,,,True,,,,,,,,,,,,,,151.5711769402847,,strong,,,,,,,,,,,,,GLN671:A
PDE4D_dimer,m2,UNL:Z:1,hbonds_pdon,671,GLN,A,,,,,,,False,,,,True,,,,,,,,,,,,,,125.99493226069362,,strong,,,,,,,,,,,,,GLN671:A
PDE4D_dimer,m2,UNL:Z:1,hbonds_pdon,671,GLN,A,,,,,,,True,,,,True,,,,,,,,,,,,,,136.1243218861523,,strong,,,,,,,,,,,,,GLN671:A
PDE4D_dimer,m2,UNL:Z:1,water_bridges,461,TYR,A,,,,,,,,,,,True,,,,,,,,,,,,,,,,first_deg,,,,,,,,,,,,,TYR461:A
PDE4D_dimer,m2,UNL:Z:1,water_bridges,461,TYR,A,,,,,,,,,,,True,,,,,,,,,,,,,,,,first_deg,,,,,,,,,,,,,TYR461:A
PDE4D_dimer,m2,UNL:Z:1,water_bridges,462,HIS,A,,,,,,,,,,,True,,,,,,,,,,,,,,,,first_deg,,,,,,,,,,,,,HIS462:A
PDE4D_dimer,m2,UNL:Z:1,saltbridge_lneg,462,HIS,A,,,,3.825464187520255,,,,,,,,,,,,,,,,,True,,,,,,,,,,,,,,,,,,,HIS462:A
PDE4D_dimer,m3,ZN:A:1223,metal_complexes,1448,HOH,A,,,,2.2084152689202274,,,,,,,,,,,,,,,,,,,,,,,,,,,,Zn,,O,5.0,water,135.70608099200211,trigonal.bipyramidal,1.0,HOH1448:A
PDE4D_dimer,m3,ZN:A:1223,metal_complexes,502,HIS,A,,,,2.1458718507869943,,,,,,,,,,,,,,,,,,,,,,,,,,,,Zn,,N,5.0,protein.sidechain,135.70608099200211,trigonal.bipyramidal,1.0,HIS502:A
PDE4D_dimer,m3,ZN:A:1223,metal_complexes,502,HIS,A,,,,1.368305886854253,,,,,,,,,,,,,,,,,,,,,,,,,,,,Zn,,N,5.0,protein.sidechain,135.70608099200211,trigonal.bipyramidal,1.0,HIS502:A
PDE4D_dimer,m3,ZN:A:1223,metal_complexes,502,HIS,A,,,,2.1458718507869943,,,,,,,,,,,,,,,,,,,,,,,,,,,,Zn,,N,5.0,protein.sidechain,135.70608099200211,trigonal.bipyramidal,1.0,HIS502:A
PDE4D_dimer,m3,ZN:A:1223,metal_complexes,502,HIS,A,,,,1.368305886854253,,,,,,,,,,,,,,,,,,,,,,,,,,,,Zn,,N,5.0,protein.sidechain,135.70608099200211,trigonal.bipyramidal,1.0,HIS502:A
PDE4D_dimer,m3,ZN:A:1223,metal_complexes,1448,HOH,A,,,,2.2084152689202274,,,,,,,,,,,,,,,,,,,,,,,,,,,,Zn,,O,5.0,water,135.70608099200211,trigonal.bipyramidal,2.0,HOH1448:A
PDE4D_dimer,m3,ZN:A:1223,metal_complexes,502,HIS,A,,,,2.1458718507869943,,,,,,,,,,,,,,,,,,,,,,,,,,,,Zn,,N,5.0,protein.sidechain,135.70608099200211,trigonal.bipyramidal,2.0,HIS502:A
PDE4D_dimer,m3,ZN:A:1223,metal_complexes,502,HIS,A,,,,1.368305886854253,,,,,,,,,,,,,,,,,,,,,,,,,,,,Zn,,N,5.0,protein.sidechain,135.70608099200211,trigonal.bipyramidal,2.0,HIS502:A
PDE4D_dimer,m3,ZN:A:1223,metal_complexes,502,HIS,A,,,,2.1458718507869943,,,,,,,,,,,,,,,,,,,,,,,,,,,,Zn,,N,5.0,protein.sidechain,135.70608099200211,trigonal.bipyramidal,2.0,HIS502:A
PDE4D_dimer,m3,ZN:A:1223,metal_complexes,502,HIS,A,,,,1.368305886854253,,,,,,,,,,,,,,,,,,,,,,,,,,,,Zn,,N,5.0,protein.sidechain,135.70608099200211,trigonal.bipyramidal,2.0,HIS502:A
PDE4D_dimer,m3,ZN:B:1223,metal_complexes,1443,HOH,B,,,,2.202447729232182,,,,,,,,,,,,,,,,,,,,,,,,,,,,Zn,,O,5.0,water,135.50778824402013,trigonal.bipyramidal,1.0,HOH1443:B
PDE4D_dimer,m3,ZN:B:1223,metal_complexes,502,HIS,B,,,,2.300014347781336,,,,,,,,,,,,,,,,,,,,,,,,,,,,Zn,,N,5.0,protein.sidechain,135.50778824402013,trigonal.bipyramidal,1.0,HIS502:B
PDE4D_dimer,m3,ZN:B:1223,metal_complexes,502,HIS,B,,,,1.6050847329658358,,,,,,,,,,,,,,,,,,,,,,,,,,,,Zn,,N,5.0,protein.sidechain,135.50778824402013,trigonal.bipyramidal,1.0,HIS502:B
PDE4D_dimer,m3,ZN:B:1223,metal_complexes,502,HIS,B,,,,2.300014347781336,,,,,,,,,,,,,,,,,,,,,,,,,,,,Zn,,N,5.0,protein.sidechain,135.50778824402013,trigonal.bipyramidal,1.0,HIS502:B
PDE4D_dimer,m3,ZN:B:1223,metal_complexes,502,HIS,B,,,,1.6050847329658358,,,,,,,,,,,,,,,,,,,,,,,,,,,,Zn,,N,5.0,protein.sidechain,135.50778824402013,trigonal.bipyramidal,1.0,HIS502:B
PDE4D_dimer,m3,ZN:B:1223,metal_complexes,1443,HOH,B,,,,2.202447729232182,,,,,,,,,,,,,,,,,,,,,,,,,,,,Zn,,O,5.0,water,135.50778824402013,trigonal.bipyramidal,2.0,HOH1443:B
PDE4D_dimer,m3,ZN:B:1223,metal_complexes,502,HIS,B,,,,2.300014347781336,,,,,,,,,,,,,,,,,,,,,,,,,,,,Zn,,N,5.0,protein.sidechain,135.50778824402013,trigonal.bipyramidal,2.0,HIS502:B
PDE4D_dimer,m3,ZN:B:1223,metal_complexes,502,HIS,B,,,,1.6050847329658358,,,,,,,,,,,,,,,,,,,,,,,,,,,,Zn,,N,5.0,protein.sidechain,135.50778824402013,trigonal.bipyramidal,2.0,HIS502:B
PDE4D_dimer,m3,ZN:B:1223,metal_complexes,502,HIS,B,,,,2.300014347781336,,,,,,,,,,,,,,,,,,,,,,,,,,,,Zn,,N,5.0,protein.sidechain,135.50778824402013,trigonal.bipyramidal,2.0,HIS502:B
PDE4D_dimer,m3,ZN:B:1223,metal_complexes,502,HIS,B,,,,1.6050847329658358,,,,,,,,,,,,,,,,,,,,,,,,,,,,Zn,,N,5.0,protein.sidechain,135.50778824402013,trigonal.bipyramidal,2.0,HIS502:B
PDE4D_dimer,m3,MG:B:1224,metal_complexes,1441,HOH,B,,,,2.130300683002284,,,,,,,,,,,,,,,,,,,,,,,,,,,,Mg,,O,5.0,water,129.51277210397092,trigonal.bipyramidal,1.0,HOH1441:B
PDE4D_dimer,m3,MG:B:1224,metal_complexes,502,HIS,B,,,,2.9680875997854224,,,,,,,,,,,,,,,,,,,,,,,,,,,,Mg,,N,5.0,protein.sidechain,129.51277210397092,trigonal.bipyramidal,1.0,HIS502:B
PDE4D_dimer,m3,MG:B:1224,metal_complexes,502,HIS,B,,,,2.9680875997854224,,,,,,,,,,,,,,,,,,,,,,,,,,,,Mg,,N,5.0,protein.sidechain,129.51277210397092,trigonal.bipyramidal,1.0,HIS502:B
PDE4D_dimer,m3,MG:B:1224,metal_complexes,532,GLU,B,,,,2.7823624853710216,,,,,,,,,,,,,,,,,,,,,,,,,,,,Mg,,O,5.0,protein.sidechain,129.51277210397092,trigonal.bipyramidal,1.0,GLU532:B
PDE4D_dimer,m3,MG:B:1224,metal_complexes,532,GLU,B,,,,2.7823624853710216,,,,,,,,,,,,,,,,,,,,,,,,,,,,Mg,,O,5.0,protein.sidechain,129.51277210397092,trigonal.bipyramidal,1.0,GLU532:B
PDE4D_dimer,m3,MG:B:1224,metal_complexes,1441,HOH,B,,,,2.130300683002284,,,,,,,,,,,,,,,,,,,,,,,,,,,,Mg,,O,5.0,water,129.51277210397092,trigonal.bipyramidal,2.0,HOH1441:B
PDE4D_dimer,m3,MG:B:1224,metal_complexes,502,HIS,B,,,,2.9680875997854224,,,,,,,,,,,,,,,,,,,,,,,,,,,,Mg,,N,5.0,protein.sidechain,129.51277210397092,trigonal.bipyramidal,2.0,HIS502:B
PDE4D_dimer,m3,MG:B:1224,metal_complexes,502,HIS,B,,,,2.9680875997854224,,,,,,,,,,,,,,,,,,,,,,,,,,,,Mg,,N,5.0,protein.sidechain,129.51277210397092,trigonal.bipyramidal,2.0,HIS502:B
PDE4D_dimer,m3,MG:B:1224,metal_complexes,532,GLU,B,,,,2.7823624853710216,,,,,,,,,,,,,,,,,,,,,,,,,,,,Mg,,O,5.0,protein.sidechain,129.51277210397092,trigonal.bipyramidal,2.0,GLU532:B
PDE4D_dimer,m3,MG:B:1224,metal_complexes,532,GLU,B,,,,2.7823624853710216,,,,,,,,,,,,,,,,,,,,,,,,,,,,Mg,,O,5.0,protein.sidechain,129.51277210397092,trigonal.bipyramidal,2.0,GLU532:B
PDE4D_dimer,m3,UNL:Z:1,hydrophobic_contacts,461,TYR,A,,,,3.5768764306305028,,,,,,,,,,,,,,,,,,,,,,,,,,,,,,,,,,,,TYR461:A
PDE4D_dimer,m3,UNL:Z:1,hydrophobic_contacts,638,ILE,A,,,,3.5745363335683127,,,,,,,,,,,,,,,,,,,,,,,,,,,,,,,,,,,,ILE638:A
PDE4D_dimer,m3,UNL:Z:1,hydrophobic_contacts,674,PHE,A,,,,3.5836390722281166,,,,,,,,,,,,,,,,,,,,,,,,,,,,,,,,,,,,PHE674:A
PDE4D_dimer,m3,UNL:Z:1,hydrophobic_contacts,674,PHE,A,,,,3.764239232567451,,,,,,,,,,,,,,,,,,,,,,,,,,,,,,,,,,,,PHE674:A
PDE4D_dimer,m3,UNL:Z:1,hydrophobic_contacts,674,PHE,A,,,,3.589876181708777,,,,,,,,,,,,,,,,,,,,,,,,,,,,,,,,,,,,PHE674:A
PDE4D_dimer,m3,UNL:Z:1,hydrophobic_contacts,674,PHE,A,,,,3.734817532356835,,,,,,,,,,,,,,,,,,,,,,,,,,,,,,,,,,,,PHE674:A
PDE4D_dimer,m3,UNL:Z:1,hydrophobic_contacts,674,PHE,A,,,,3.65790076409954,,,,,,,,,,,,,,,,,,,,,,,,,,,,,,,,,,,,PHE674:A
PDE4D_dimer,m3,UNL:Z:1,hbonds_ldon,670,SER,A,,,,,,,False,,,,False,,,,,,,,,,,,,,140.25300330429766,,strong,,,,,,,,,,,,,SER670:A
PDE4D_dimer,m3,UNL:Z:1,hbonds_pdon,623,ASN,A,,,,,,,True,,,,True,,,,,,,,,,,,,,109.05520017012236,,strong,,,,,,,,,,,,,ASN623:A
PDE4D_dimer,m3,UNL:Z:1,water_bridges,620,ASP,A,,,,,,,,,,,False,,,,,,,,,,,,,,,,first_deg,,,,,,,,,,,,,ASP620:A
PDE4D_dimer,m3,UNL:Z:1,water_bridges,620,ASP,A,,,,,,,,,,,False,,,,,,,,,,,,,,,,first_deg,,,,,,,,,,,,,ASP620:A
PDE4D_dimer,m3,UNL:Z:1,water_bridges,462,HIS,A,,,,,,,,,,,True,,,,,,,,,,,,,,,,first_deg,,,,,,,,,,,,,HIS462:A
PDE4D_dimer,m3,UNL:Z:1,saltbridge_lneg,462,HIS,A,,,,4.708879856186608,,,,,,,,,,,,,,,,,True,,,,,,,,,,,,,,,,,,,HIS462:A
PDE4D_dimer,m5,ZN:A:1223,metal_complexes,1448,HOH,A,,,,2.2084152689202274,,,,,,,,,,,,,,,,,,,,,,,,,,,,Zn,,O,5.0,water,135.70608099200211,trigonal.bipyramidal,1.0,HOH1448:A
PDE4D_dimer,m5,ZN:A:1223,metal_complexes,502,HIS,A,,,,2.1458718507869943,,,,,,,,,,,,,,,,,,,,,,,,,,,,Zn,,N,5.0,protein.sidechain,135.70608099200211,trigonal.bipyramidal,1.0,HIS502:A
PDE4D_dimer,m5,ZN:A:1223,metal_complexes,502,HIS,A,,,,1.368305886854253,,,,,,,,,,,,,,,,,,,,,,,,,,,,Zn,,N,5.0,protein.sidechain,135.70608099200211,trigonal.bipyramidal,1.0,HIS502:A
PDE4D_dimer,m5,ZN:A:1223,metal_complexes,502,HIS,A,,,,2.1458718507869943,,,,,,,,,,,,,,,,,,,,,,,,,,,,Zn,,N,5.0,protein.sidechain,135.70608099200211,trigonal.bipyramidal,1.0,HIS502:A
PDE4D_dimer,m5,ZN:A:1223,metal_complexes,502,HIS,A,,,,1.368305886854253,,,,,,,,,,,,,,,,,,,,,,,,,,,,Zn,,N,5.0,protein.sidechain,135.70608099200211,trigonal.bipyramidal,1.0,HIS502:A
PDE4D_dimer,m5,ZN:A:1223,metal_complexes,1448,HOH,A,,,,2.2084152689202274,,,,,,,,,,,,,,,,,,,,,,,,,,,,Zn,,O,5.0,water,135.70608099200211,trigonal.bipyramidal,2.0,HOH1448:A
PDE4D_dimer,m5,ZN:A:1223,metal_complexes,502,HIS,A,,,,2.1458718507869943,,,,,,,,,,,,,,,,,,,,,,,,,,,,Zn,,N,5.0,protein.sidechain,135.70608099200211,trigonal.bipyramidal,2.0,HIS502:A
PDE4D_dimer,m5,ZN:A:1223,metal_complexes,502,HIS,A,,,,1.368305886854253,,,,,,,,,,,,,,,,,,,,,,,,,,,,Zn,,N,5.0,protein.sidechain,135.70608099200211,trigonal.bipyramidal,2.0,HIS502:A
PDE4D_dimer,m5,ZN:A:1223,metal_complexes,502,HIS,A,,,,2.1458718507869943,,,,,,,,,,,,,,,,,,,,,,,,,,,,Zn,,N,5.0,protein.sidechain,135.70608099200211,trigonal.bipyramidal,2.0,HIS502:A
PDE4D_dimer,m5,ZN:A:1223,metal_complexes,502,HIS,A,,,,1.368305886854253,,,,,,,,,,,,,,,,,,,,,,,,,,,,Zn,,N,5.0,protein.sidechain,135.70608099200211,trigonal.bipyramidal,2.0,HIS502:A
PDE4D_dimer,m5,ZN:B:1223,metal_complexes,1443,HOH,B,,,,2.202447729232182,,,,,,,,,,,,,,,,,,,,,,,,,,,,Zn,,O,5.0,water,135.50778824402013,trigonal.bipyramidal,1.0,HOH1443:B
PDE4D_dimer,m5,ZN:B:1223,metal_complexes,502,HIS,B,,,,2.300014347781336,,,,,,,,,,,,,,,,,,,,,,,,,,,,Zn,,N,5.0,protein.sidechain,135.50778824402013,trigonal.bipyramidal,1.0,HIS502:B
PDE4D_dimer,m5,ZN:B:1223,metal_complexes,502,HIS,B,,,,1.6050847329658358,,,,,,,,,,,,,,,,,,,,,,,,,,,,Zn,,N,5.0,protein.sidechain,135.50778824402013,trigonal.bipyramidal,1.0,HIS502:B
PDE4D_dimer,m5,ZN:B:1223,metal_complexes,502,HIS,B,,,,2.300014347781336,,,,,,,,,,,,,,,,,,,,,,,,,,,,Zn,,N,5.0,protein.sidechain,135.50778824402013,trigonal.bipyramidal,1.0,HIS502:B
PDE4D_dimer,m5,ZN:B:1223,metal_complexes,502,HIS,B,,,,1.6050847329658358,,,,,,,,,,,,,,,,,,,,,,,,,,,,Zn,,N,5.0,protein.sidechain,135.50778824402013,trigonal.bipyramidal,1.0,HIS502:B
PDE4D_dimer,m5,ZN:B:1223,metal_complexes,1443,HOH,B,,,,2.202447729232182,,,,,,,,,,,,,,,,,,,,,,,,,,,,Zn,,O,5.0,water,135.50778824402013,trigonal.bipyramidal,2.0,HOH1443:B
PDE4D_dimer,m5,ZN:B:1223,metal_complexes,502,HIS,B,,,,2.300014347781336,,,,,,,,,,,,,,,,,,,,,,,,,,,,Zn,,N,5.0,protein.sidechain,135.50778824402013,trigonal.bipyramidal,2.0,HIS502:B
PDE4D_dimer,m5,ZN:B:1223,metal_complexes,502,HIS,B,,,,1.6050847329658358,,,,,,,,,,,,,,,,,,,,,,,,,,,,Zn,,N,5.0,protein.sidechain,135.50778824402013,trigonal.bipyramidal,2.0,HIS502:B
PDE4D_dimer,m5,ZN:B:1223,metal_complexes,502,HIS,B,,,,2.300014347781336,,,,,,,,,,,,,,,,,,,,,,,,,,,,Zn,,N,5.0,protein.sidechain,135.50778824402013,trigonal.bipyramidal,2.0,HIS502:B
PDE4D_dimer,m5,ZN:B:1223,metal_complexes,502,HIS,B,,,,1.6050847329658358,,,,,,,,,,,,,,,,,,,,,,,,,,,,Zn,,N,5.0,protein.sidechain,135.50778824402013,trigonal.bipyramidal,2.0,HIS502:B
PDE4D_dimer,m5,MG:B:1224,metal_complexes,1441,HOH,B,,,,2.130300683002284,,,,,,,,,,,,,,,,,,,,,,,,,,,,Mg,,O,5.0,water,129.51277210397092,trigonal.bipyramidal,1.0,HOH1441:B
PDE4D_dimer,m5,MG:B:1224,metal_complexes,502,HIS,B,,,,2.9680875997854224,,,,,,,,,,,,,,,,,,,,,,,,,,,,Mg,,N,5.0,protein.sidechain,129.51277210397092,trigonal.bipyramidal,1.0,HIS502:B
PDE4D_dimer,m5,MG:B:1224,metal_complexes,502,HIS,B,,,,2.9680875997854224,,,,,,,,,,,,,,,,,,,,,,,,,,,,Mg,,N,5.0,protein.sidechain,129.51277210397092,trigonal.bipyramidal,1.0,HIS502:B
PDE4D_dimer,m5,MG:B:1224,metal_complexes,532,GLU,B,,,,2.7823624853710216,,,,,,,,,,,,,,,,,,,,,,,,,,,,Mg,,O,5.0,protein.sidechain,129.51277210397092,trigonal.bipyramidal,1.0,GLU532:B
PDE4D_dimer,m5,MG:B:1224,metal_complexes,532,GLU,B,,,,2.7823624853710216,,,,,,,,,,,,,,,,,,,,,,,,,,,,Mg,,O,5.0,protein.sidechain,129.51277210397092,trigonal.bipyramidal,1.0,GLU532:B
PDE4D_dimer,m5,MG:B:1224,metal_complexes,1441,HOH,B,,,,2.130300683002284,,,,,,,,,,,,,,,,,,,,,,,,,,,,Mg,,O,5.0,water,129.51277210397092,trigonal.bipyramidal,2.0,HOH1441:B
PDE4D_dimer,m5,MG:B:1224,metal_complexes,502,HIS,B,,,,2.9680875997854224,,,,,,,,,,,,,,,,,,,,,,,,,,,,Mg,,N,5.0,protein.sidechain,129.51277210397092,trigonal.bipyramidal,2.0,HIS502:B
PDE4D_dimer,m5,MG:B:1224,metal_complexes,502,HIS,B,,,,2.9680875997854224,,,,,,,,,,,,,,,,,,,,,,,,,,,,Mg,,N,5.0,protein.sidechain,129.51277210397092,trigonal.bipyramidal,2.0,HIS502:B
PDE4D_dimer,m5,MG:B:1224,metal_complexes,532,GLU,B,,,,2.7823624853710216,,,,,,,,,,,,,,,,,,,,,,,,,,,,Mg,,O,5.0,protein.sidechain,129.51277210397092,trigonal.bipyramidal,2.0,GLU532:B
PDE4D_dimer,m5,MG:B:1224,metal_complexes,532,GLU,B,,,,2.7823624853710216,,,,,,,,,,,,,,,,,,,,,,,,,,,,Mg,,O,5.0,protein.sidechain,129.51277210397092,trigonal.bipyramidal,2.0,GLU532:B
PDE4D_dimer,m5,UNL:Z:1,hydrophobic_contacts,575,MET,A,,,,3.6740895470851016,,,,,,,,,,,,,,,,,,,,,,,,,,,,,,,,,,,,MET575:A
PDE4D_dimer,m5,UNL:Z:1,hydrophobic_contacts,638,ILE,A,,,,3.6184822785250734,,,,,,,,,,,,,,,,,,,,,,,,,,,,,,,,,,,,ILE638:A
PDE4D_dimer,m5,UNL:Z:1,hydrophobic_contacts,674,PHE,A,,,,3.624143760945473,,,,,,,,,,,,,,,,,,,,,,,,,,,,,,,,,,,,PHE674:A
PDE4D_dimer,m5,UNL:Z:1,hydrophobic_contacts,638,ILE,A,,,,3.5405695869450176,,,,,,,,,,,,,,,,,,,,,,,,,,,,,,,,,,,,ILE638:A
PDE4D_dimer,m5,UNL:Z:1,hbonds_ldon,623,ASN,A,,,,,,,True,,,,False,,,,,,,,,,,,,,101.7546552394354,,strong,,,,,,,,,,,,,ASN623:A
PDE4D_dimer,m5,UNL:Z:1,hbonds_pdon,462,HIS,A,,,,,,,True,,,,True,,,,,,,,,,,,,,104.6781892719892,,strong,,,,,,,,,,,,,HIS462:A
PDE4D_dimer,m5,UNL:Z:1,hbonds_pdon,623,ASN,A,,,,,,,True,,,,True,,,,,,,,,,,,,,158.34100161133182,,strong,,,,,,,,,,,,,ASN623:A
PDE4D_dimer,m5,UNL:Z:1,hbonds_pdon,623,ASN,A,,,,,,,True,,,,True,,,,,,,,,,,,,,149.69324423119275,,strong,,,,,,,,,,,,,ASN623:A
PDE4D_dimer,m5,UNL:Z:1,water_bridges,511,ASN,A,,,,,,,,,,,True,,,,,,,,,,,,,,,,first_deg,,,,,,,,,,,,,ASN511:A
PDE4D_dimer,m5,UNL:Z:1,water_bridges,623,ASN,A,,,,,,,,,,,True,,,,,,,,,,,,,,,,first_deg,,,,,,,,,,,,,ASN623:A
PDE4D_dimer,m5,UNL:Z:1,water_bridges,461,TYR,A,,,,,,,,,,,False,,,,,,,,,,,,,,,,first_deg,,,,,,,,,,,,,TYR461:A
PDE4D_dimer,m5,UNL:Z:1,water_bridges,461,TYR,A,,,,,,,,,,,False,,,,,,,,,,,,,,,,first_deg,,,,,,,,,,,,,TYR461:A
PDE4D_dimer,m5,UNL:Z:1,water_bridges,510,SER,A,,,,,,,,,,,True,,,,,,,,,,,,,,,,first_deg,,,,,,,,,,,,,SER510:A
PDE4D_dimer,m5,UNL:Z:1,water_bridges,462,HIS,A,,,,,,,,,,,False,,,,,,,,,,,,,,,,first_deg,,,,,,,,,,,,,HIS462:A
PDE4D_dimer,m5,UNL:Z:1,water_bridges,462,HIS,A,,,,,,,,,,,False,,,,,,,,,,,,,,,,first_deg,,,,,,,,,,,,,HIS462:A
PDE4D_dimer,rf,ZN:A:1223,metal_complexes,1448,HOH,A,,,,2.2084152689202274,,,,,,,,,,,,,,,,,,,,,,,,,,,,Zn,,O,5.0,water,135.70608099200211,trigonal.bipyramidal,1.0,HOH1448:A
PDE4D_dimer,rf,ZN:A:1223,metal_complexes,502,HIS,A,,,,2.1458718507869943,,,,,,,,,,,,,,,,,,,,,,,,,,,,Zn,,N,5.0,protein.sidechain,135.70608099200211,trigonal.bipyramidal,1.0,HIS502:A
PDE4D_dimer,rf,ZN:A:1223,metal_complexes,502,HIS,A,,,,1.368305886854253,,,,,,,,,,,,,,,,,,,,,,,,,,,,Zn,,N,5.0,protein.sidechain,135.70608099200211,trigonal.bipyramidal,1.0,HIS502:A
PDE4D_dimer,rf,ZN:A:1223,metal_complexes,502,HIS,A,,,,2.1458718507869943,,,,,,,,,,,,,,,,,,,,,,,,,,,,Zn,,N,5.0,protein.sidechain,135.70608099200211,trigonal.bipyramidal,1.0,HIS502:A
PDE4D_dimer,rf,ZN:A:1223,metal_complexes,502,HIS,A,,,,1.368305886854253,,,,,,,,,,,,,,,,,,,,,,,,,,,,Zn,,N,5.0,protein.sidechain,135.70608099200211,trigonal.bipyramidal,1.0,HIS502:A
PDE4D_dimer,rf,ZN:A:1223,metal_complexes,1448,HOH,A,,,,2.2084152689202274,,,,,,,,,,,,,,,,,,,,,,,,,,,,Zn,,O,5.0,water,135.70608099200211,trigonal.bipyramidal,2.0,HOH1448:A
PDE4D_dimer,rf,ZN:A:1223,metal_complexes,502,HIS,A,,,,2.1458718507869943,,,,,,,,,,,,,,,,,,,,,,,,,,,,Zn,,N,5.0,protein.sidechain,135.70608099200211,trigonal.bipyramidal,2.0,HIS502:A
PDE4D_dimer,rf,ZN:A:1223,metal_complexes,502,HIS,A,,,,1.368305886854253,,,,,,,,,,,,,,,,,,,,,,,,,,,,Zn,,N,5.0,protein.sidechain,135.70608099200211,trigonal.bipyramidal,2.0,HIS502:A
PDE4D_dimer,rf,ZN:A:1223,metal_complexes,502,HIS,A,,,,2.1458718507869943,,,,,,,,,,,,,,,,,,,,,,,,,,,,Zn,,N,5.0,protein.sidechain,135.70608099200211,trigonal.bipyramidal,2.0,HIS502:A
PDE4D_dimer,rf,ZN:A:1223,metal_complexes,502,HIS,A,,,,1.368305886854253,,,,,,,,,,,,,,,,,,,,,,,,,,,,Zn,,N,5.0,protein.sidechain,135.70608099200211,trigonal.bipyramidal,2.0,HIS502:A
PDE4D_dimer,rf,ZN:B:1223,metal_complexes,1443,HOH,B,,,,2.202447729232182,,,,,,,,,,,,,,,,,,,,,,,,,,,,Zn,,O,5.0,water,135.50778824402013,trigonal.bipyramidal,1.0,HOH1443:B
PDE4D_dimer,rf,ZN:B:1223,metal_complexes,502,HIS,B,,,,2.300014347781336,,,,,,,,,,,,,,,,,,,,,,,,,,,,Zn,,N,5.0,protein.sidechain,135.50778824402013,trigonal.bipyramidal,1.0,HIS502:B
PDE4D_dimer,rf,ZN:B:1223,metal_complexes,502,HIS,B,,,,1.6050847329658358,,,,,,,,,,,,,,,,,,,,,,,,,,,,Zn,,N,5.0,protein.sidechain,135.50778824402013,trigonal.bipyramidal,1.0,HIS502:B
PDE4D_dimer,rf,ZN:B:1223,metal_complexes,502,HIS,B,,,,2.300014347781336,,,,,,,,,,,,,,,,,,,,,,,,,,,,Zn,,N,5.0,protein.sidechain,135.50778824402013,trigonal.bipyramidal,1.0,HIS502:B
PDE4D_dimer,rf,ZN:B:1223,metal_complexes,502,HIS,B,,,,1.6050847329658358,,,,,,,,,,,,,,,,,,,,,,,,,,,,Zn,,N,5.0,protein.sidechain,135.50778824402013,trigonal.bipyramidal,1.0,HIS502:B
PDE4D_dimer,rf,ZN:B:1223,metal_complexes,1443,HOH,B,,,,2.202447729232182,,,,,,,,,,,,,,,,,,,,,,,,,,,,Zn,,O,5.0,water,135.50778824402013,trigonal.bipyramidal,2.0,HOH1443:B
PDE4D_dimer,rf,ZN:B:1223,metal_complexes,502,HIS,B,,,,2.300014347781336,,,,,,,,,,,,,,,,,,,,,,,,,,,,Zn,,N,5.0,protein.sidechain,135.50778824402013,trigonal.bipyramidal,2.0,HIS502:B
PDE4D_dimer,rf,ZN:B:1223,metal_complexes,502,HIS,B,,,,1.6050847329658358,,,,,,,,,,,,,,,,,,,,,,,,,,,,Zn,,N,5.0,protein.sidechain,135.50778824402013,trigonal.bipyramidal,2.0,HIS502:B
PDE4D_dimer,rf,ZN:B:1223,metal_complexes,502,HIS,B,,,,2.300014347781336,,,,,,,,,,,,,,,,,,,,,,,,,,,,Zn,,N,5.0,protein.sidechain,135.50778824402013,trigonal.bipyramidal,2.0,HIS502:B
PDE4D_dimer,rf,ZN:B:1223,metal_complexes,502,HIS,B,,,,1.6050847329658358,,,,,,,,,,,,,,,,,,,,,,,,,,,,Zn,,N,5.0,protein.sidechain,135.50778824402013,trigonal.bipyramidal,2.0,HIS502:B
PDE4D_dimer,rf,MG:B:1224,metal_complexes,1441,HOH,B,,,,2.130300683002284,,,,,,,,,,,,,,,,,,,,,,,,,,,,Mg,,O,5.0,water,129.51277210397092,trigonal.bipyramidal,1.0,HOH1441:B
PDE4D_dimer,rf,MG:B:1224,metal_complexes,502,HIS,B,,,,2.9680875997854224,,,,,,,,,,,,,,,,,,,,,,,,,,,,Mg,,N,5.0,protein.sidechain,129.51277210397092,trigonal.bipyramidal,1.0,HIS502:B
PDE4D_dimer,rf,MG:B:1224,metal_complexes,502,HIS,B,,,,2.9680875997854224,,,,,,,,,,,,,,,,,,,,,,,,,,,,Mg,,N,5.0,protein.sidechain,129.51277210397092,trigonal.bipyramidal,1.0,HIS502:B
PDE4D_dimer,rf,MG:B:1224,metal_complexes,532,GLU,B,,,,2.7823624853710216,,,,,,,,,,,,,,,,,,,,,,,,,,,,Mg,,O,5.0,protein.sidechain,129.51277210397092,trigonal.bipyramidal,1.0,GLU532:B
PDE4D_dimer,rf,MG:B:1224,metal_complexes,532,GLU,B,,,,2.7823624853710216,,,,,,,,,,,,,,,,,,,,,,,,,,,,Mg,,O,5.0,protein.sidechain,129.51277210397092,trigonal.bipyramidal,1.0,GLU532:B
PDE4D_dimer,rf,MG:B:1224,metal_complexes,1441,HOH,B,,,,2.130300683002284,,,,,,,,,,,,,,,,,,,,,,,,,,,,Mg,,O,5.0,water,129.51277210397092,trigonal.bipyramidal,2.0,HOH1441:B
PDE4D_dimer,rf,MG:B:1224,metal_complexes,502,HIS,B,,,,2.9680875997854224,,,,,,,,,,,,,,,,,,,,,,,,,,,,Mg,,N,5.0,protein.sidechain,129.51277210397092,trigonal.bipyramidal,2.0,HIS502:B
PDE4D_dimer,rf,MG:B:1224,metal_complexes,502,HIS,B,,,,2.9680875997854224,,,,,,,,,,,,,,,,,,,,,,,,,,,,Mg,,N,5.0,protein.sidechain,129.51277210397092,trigonal.bipyramidal,2.0,HIS502:B
PDE4D_dimer,rf,MG:B:1224,metal_complexes,532,GLU,B,,,,2.7823624853710216,,,,,,,,,,,,,,,,,,,,,,,,,,,,Mg,,O,5.0,protein.sidechain,129.51277210397092,trigonal.bipyramidal,2.0,GLU532:B
PDE4D_dimer,rf,MG:B:1224,metal_complexes,532,GLU,B,,,,2.7823624853710216,,,,,,,,,,,,,,,,,,,,,,,,,,,,Mg,,O,5.0,protein.sidechain,129.51277210397092,trigonal.bipyramidal,2.0,GLU532:B
PDE4D_dimer,rf,UNL:A:1,hydrophobic_contacts,638,ILE,A,,,,3.922023074893874,,,,,,,,,,,,,,,,,,,,,,,,,,,,,,,,,,,,ILE638:A
PDE4D_dimer,rf,UNL:A:1,hydrophobic_contacts,642,PHE,A,,,,3.883843843410802,,,,,,,,,,,,,,,,,,,,,,,,,,,,,,,,,,,,PHE642:A
PDE4D_dimer,rf,UNL:A:1,hydrophobic_contacts,674,PHE,A,,,,3.789970052652132,,,,,,,,,,,,,,,,,,,,,,,,,,,,,,,,,,,,PHE674:A
PDE4D_dimer,rf,UNL:A:1,hydrophobic_contacts,642,PHE,A,,,,3.689485329961348,,,,,,,,,,,,,,,,,,,,,,,,,,,,,,,,,,,,PHE642:A
PDE4D_dimer,rf,UNL:A:1,hydrophobic_contacts,670,SER,A,,,,3.5251713433533998,,,,,,,,,,,,,,,,,,,,,,,,,,,,,,,,,,,,SER670:A
PDE4D_dimer,rf,UNL:A:1,hbonds_pdon,671,GLN,A,,,,,,,True,,,,True,,,,,,,,,,,,,,134.5614846637617,,strong,,,,,,,,,,,,,GLN671:A
PDE4D_dimer,rf,UNL:A:1,water_bridges,511,ASN,A,,,,,,,,,,,True,,,,,,,,,,,,,,,,first_deg,,,,,,,,,,,,,ASN511:A
PDE4D_dimer,rf,UNL:A:1,water_bridges,510,SER,A,,,,,,,,,,,True,,,,,,,,,,,,,,,,first_deg,,,,,,,,,,,,,SER510:A
PDE4D_monomer,m1,ZN:B:1223,metal_complexes,1443,HOH,B,,,,2.202447729232182,,,,,,,,,,,,,,,,,,,,,,,,,,,,Zn,,O,5.0,water,131.55235864144905,trigonal.bipyramidal,1.0,HOH1443:B
PDE4D_monomer,m1,ZN:B:1223,metal_complexes,502,HIS,A,,,,2.4008692175959947,,,,,,,,,,,,,,,,,,,,,,,,,,,,Zn,,N,5.0,protein.sidechain,131.55235864144905,trigonal.bipyramidal,1.0,HIS502:A
PDE4D_monomer,m1,ZN:B:1223,metal_complexes,502,HIS,A,,,,1.6291313636413731,,,,,,,,,,,,,,,,,,,,,,,,,,,,Zn,,N,5.0,protein.sidechain,131.55235864144905,trigonal.bipyramidal,1.0,HIS502:A
PDE4D_monomer,m1,ZN:B:1223,metal_complexes,502,HIS,A,,,,2.4008692175959947,,,,,,,,,,,,,,,,,,,,,,,,,,,,Zn,,N,5.0,protein.sidechain,131.55235864144905,trigonal.bipyramidal,1.0,HIS502:A
PDE4D_monomer,m1,ZN:B:1223,metal_complexes,502,HIS,A,,,,1.6291313636413731,,,,,,,,,,,,,,,,,,,,,,,,,,,,Zn,,N,5.0,protein.sidechain,131.55235864144905,trigonal.bipyramidal,1.0,HIS502:A
PDE4D_monomer,m1,ZN:B:1223,metal_complexes,1443,HOH,B,,,,2.202447729232182,,,,,,,,,,,,,,,,,,,,,,,,,,,,Zn,,O,5.0,water,131.55235864144905,trigonal.bipyramidal,2.0,HOH1443:B
PDE4D_monomer,m1,ZN:B:1223,metal_complexes,502,HIS,A,,,,2.4008692175959947,,,,,,,,,,,,,,,,,,,,,,,,,,,,Zn,,N,5.0,protein.sidechain,131.55235864144905,trigonal.bipyramidal,2.0,HIS502:A
PDE4D_monomer,m1,ZN:B:1223,metal_complexes,502,HIS,A,,,,1.6291313636413731,,,,,,,,,,,,,,,,,,,,,,,,,,,,Zn,,N,5.0,protein.sidechain,131.55235864144905,trigonal.bipyramidal,2.0,HIS502:A
PDE4D_monomer,m1,ZN:B:1223,metal_complexes,502,HIS,A,,,,2.4008692175959947,,,,,,,,,,,,,,,,,,,,,,,,,,,,Zn,,N,5.0,protein.sidechain,131.55235864144905,trigonal.bipyramidal,2.0,HIS502:A
PDE4D_monomer,m1,ZN:B:1223,metal_complexes,502,HIS,A,,,,1.6291313636413731,,,,,,,,,,,,,,,,,,,,,,,,,,,,Zn,,N,5.0,protein.sidechain,131.55235864144905,trigonal.bipyramidal,2.0,HIS502:A
PDE4D_monomer,m1,MG:B:1224,metal_complexes,1441,HOH,B,,,,2.130300683002284,,,,,,,,,,,,,,,,,,,,,,,,,,,,Mg,,O,3.0,water,76.06071468606284,trigonal.pyramidal,1.0,HOH1441:B
PDE4D_monomer,m1,MG:B:1224,metal_complexes,502,HIS,A,,,,2.594539650882214,,,,,,,,,,,,,,,,,,,,,,,,,,,,Mg,,N,3.0,protein.sidechain,76.06071468606284,trigonal.pyramidal,1.0,HIS502:A
PDE4D_monomer,m1,MG:B:1224,metal_complexes,502,HIS,A,,,,2.594539650882214,,,,,,,,,,,,,,,,,,,,,,,,,,,,Mg,,N,3.0,protein.sidechain,76.06071468606284,trigonal.pyramidal,1.0,HIS502:A
PDE4D_monomer,m1,MG:B:1224,metal_complexes,1441,HOH,B,,,,2.130300683002284,,,,,,,,,,,,,,,,,,,,,,,,,,,,Mg,,O,3.0,water,76.06071468606284,trigonal.pyramidal,2.0,HOH1441:B
PDE4D_monomer,m1,MG:B:1224,metal_complexes,502,HIS,A,,,,2.594539650882214,,,,,,,,,,,,,,,,,,,,,,,,,,,,Mg,,N,3.0,protein.sidechain,76.06071468606284,trigonal.pyramidal,2.0,HIS502:A
PDE4D_monomer,m1,MG:B:1224,metal_complexes,502,HIS,A,,,,2.594539650882214,,,,,,,,,,,,,,,,,,,,,,,,,,,,Mg,,N,3.0,protein.sidechain,76.06071468606284,trigonal.pyramidal,2.0,HIS502:A
PDE4D_monomer,m1,UNL:Z:1,hydrophobic_contacts,461,TYR,A,,,,3.613983536210424,,,,,,,,,,,,,,,,,,,,,,,,,,,,,,,,,,,,TYR461:A
PDE4D_monomer,m1,UNL:Z:1,hydrophobic_contacts,462,HIS,A,,,,3.7382407627117873,,,,,,,,,,,,,,,,,,,,,,,,,,,,,,,,,,,,HIS462:A
PDE4D_monomer,m1,UNL:Z:1,hydrophobic_contacts,638,ILE,A,,,,3.767468513471613,,,,,,,,,,,,,,,,,,,,,,,,,,,,,,,,,,,,ILE638:A
PDE4D_monomer,m1,UNL:Z:1,hydrophobic_contacts,674,PHE,A,,,,3.554653428957597,,,,,,,,,,,,,,,,,,,,,,,,,,,,,,,,,,,,PHE674:A
PDE4D_monomer,m1,UNL:Z:1,hbonds_ldon,462,HIS,A,,,,,,,True,,,,False,,,,,,,,,,,,,,121.71247328848315,,strong,,,,,,,,,,,,,HIS462:A
PDE4D_monomer,m1,UNL:Z:1,hbonds_ldon,623,ASN,A,,,,,,,True,,,,False,,,,,,,,,,,,,,120.62404629618,,strong,,,,,,,,,,,,,ASN623:A
PDE4D_monomer,m1,UNL:Z:1,hbonds_ldon,671,GLN,A,,,,,,,True,,,,False,,,,,,,,,,,,,,110.84159814606627,,strong,,,,,,,,,,,,,GLN671:A
PDE4D_monomer,m1,UNL:Z:1,hbonds_pdon,671,GLN,A,,,,,,,True,,,,True,,,,,,,,,,,,,,138.4513714806887,,strong,,,,,,,,,,,,,GLN671:A
PDE4D_monomer,m1,UNL:Z:1,hbonds_pdon,671,GLN,A,,,,,,,True,,,,True,,,,,,,,,,,,,,138.4513714806887,,strong,,,,,,,,,,,,,GLN671:A
PDE4D_monomer,m1,UNL:Z:1,hbonds_pdon,631,TYR,A,,,,,,,True,,,,True,,,,,,,,,,,,,,137.90690656512135,,strong,,,,,,,,,,,,,TYR631:A
PDE4D_monomer,m1,UNL:Z:1,hbonds_pdon,623,ASN,A,,,,,,,True,,,,True,,,,,,,,,,,,,,138.22838484340545,,strong,,,,,,,,,,,,,ASN623:A
PDE4D_monomer,m1,UNL:Z:1,hbonds_pdon,623,ASN,A,,,,,,,True,,,,True,,,,,,,,,,,,,,138.22838484340545,,strong,,,,,,,,,,,,,ASN623:A
PDE4D_monomer,m1,UNL:Z:1,hbonds_pdon,462,HIS,A,,,,,,,True,,,,True,,,,,,,,,,,,,,124.1436436148512,,strong,,,,,,,,,,,,,HIS462:A
PDE4D_monomer,m1,UNL:Z:1,hbonds_pdon,462,HIS,A,,,,,,,True,,,,True,,,,,,,,,,,,,,124.1436436148512,,strong,,,,,,,,,,,,,HIS462:A
PDE4D_monomer,m1,UNL:Z:1,water_bridges,511,ASN,A,,,,,,,,,,,True,,,,,,,,,,,,,,,,first_deg,,,,,,,,,,,,,ASN511:A
PDE4D_monomer,m1,UNL:Z:1,water_bridges,466,HIS,A,,,,,,,,,,,True,,,,,,,,,,,,,,,,first_deg,,,,,,,,,,,,,HIS466:A
PDE4D_monomer,m2,ZN:B:1223,metal_complexes,1443,HOH,B,,,,2.202447729232182,,,,,,,,,,,,,,,,,,,,,,,,,,,,Zn,,O,5.0,water,131.55235864144905,trigonal.bipyramidal,1.0,HOH1443:B
PDE4D_monomer,m2,ZN:B:1223,metal_complexes,502,HIS,A,,,,2.4008692175959947,,,,,,,,,,,,,,,,,,,,,,,,,,,,Zn,,N,5.0,protein.sidechain,131.55235864144905,trigonal.bipyramidal,1.0,HIS502:A
PDE4D_monomer,m2,ZN:B:1223,metal_complexes,502,HIS,A,,,,1.6291313636413731,,,,,,,,,,,,,,,,,,,,,,,,,,,,Zn,,N,5.0,protein.sidechain,131.55235864144905,trigonal.bipyramidal,1.0,HIS502:A
PDE4D_monomer,m2,ZN:B:1223,metal_complexes,502,HIS,A,,,,2.4008692175959947,,,,,,,,,,,,,,,,,,,,,,,,,,,,Zn,,N,5.0,protein.sidechain,131.55235864144905,trigonal.bipyramidal,1.0,HIS502:A
PDE4D_monomer,m2,ZN:B:1223,metal_complexes,502,HIS,A,,,,1.6291313636413731,,,,,,,,,,,,,,,,,,,,,,,,,,,,Zn,,N,5.0,protein.sidechain,131.55235864144905,trigonal.bipyramidal,1.0,HIS502:A
PDE4D_monomer,m2,ZN:B:1223,metal_complexes,1443,HOH,B,,,,2.202447729232182,,,,,,,,,,,,,,,,,,,,,,,,,,,,Zn,,O,5.0,water,131.55235864144905,trigonal.bipyramidal,2.0,HOH1443:B
PDE4D_monomer,m2,ZN:B:1223,metal_complexes,502,HIS,A,,,,2.4008692175959947,,,,,,,,,,,,,,,,,,,,,,,,,,,,Zn,,N,5.0,protein.sidechain,131.55235864144905,trigonal.bipyramidal,2.0,HIS502:A
PDE4D_monomer,m2,ZN:B:1223,metal_complexes,502,HIS,A,,,,1.6291313636413731,,,,,,,,,,,,,,,,,,,,,,,,,,,,Zn,,N,5.0,protein.sidechain,131.55235864144905,trigonal.bipyramidal,2.0,HIS502:A
PDE4D_monomer,m2,ZN:B:1223,metal_complexes,502,HIS,A,,,,2.4008692175959947,,,,,,,,,,,,,,,,,,,,,,,,,,,,Zn,,N,5.0,protein.sidechain,131.55235864144905,trigonal.bipyramidal,2.0,HIS502:A
PDE4D_monomer,m2,ZN:B:1223,metal_complexes,502,HIS,A,,,,1.6291313636413731,,,,,,,,,,,,,,,,,,,,,,,,,,,,Zn,,N,5.0,protein.sidechain,131.55235864144905,trigonal.bipyramidal,2.0,HIS502:A
PDE4D_monomer,m2,MG:B:1224,metal_complexes,1441,HOH,B,,,,2.130300683002284,,,,,,,,,,,,,,,,,,,,,,,,,,,,Mg,,O,3.0,water,76.06071468606284,trigonal.pyramidal,1.0,HOH1441:B
PDE4D_monomer,m2,MG:B:1224,metal_complexes,502,HIS,A,,,,2.594539650882214,,,,,,,,,,,,,,,,,,,,,,,,,,,,Mg,,N,3.0,protein.sidechain,76.06071468606284,trigonal.pyramidal,1.0,HIS502:A
PDE4D_monomer,m2,MG:B:1224,metal_complexes,502,HIS,A,,,,2.594539650882214,,,,,,,,,,,,,,,,,,,,,,,,,,,,Mg,,N,3.0,protein.sidechain,76.06071468606284,trigonal.pyramidal,1.0,HIS502:A
PDE4D_monomer,m2,MG:B:1224,metal_complexes,1441,HOH,B,,,,2.130300683002284,,,,,,,,,,,,,,,,,,,,,,,,,,,,Mg,,O,3.0,water,76.06071468606284,trigonal.pyramidal,2.0,HOH1441:B
PDE4D_monomer,m2,MG:B:1224,metal_complexes,502,HIS,A,,,,2.594539650882214,,,,,,,,,,,,,,,,,,,,,,,,,,,,Mg,,N,3.0,protein.sidechain,76.06071468606284,trigonal.pyramidal,2.0,HIS502:A
PDE4D_monomer,m2,MG:B:1224,metal_complexes,502,HIS,A,,,,2.594539650882214,,,,,,,,,,,,,,,,,,,,,,,,,,,,Mg,,N,3.0,protein.sidechain,76.06071468606284,trigonal.pyramidal,2.0,HIS502:A
PDE4D_monomer,m2,UNL:Z:1,hydrophobic_contacts,462,HIS,A,,,,3.400702868525858,,,,,,,,,,,,,,,,,,,,,,,,,,,,,,,,,,,,HIS462:A
PDE4D_monomer,m2,UNL:Z:1,hydrophobic_contacts,638,ILE,A,,,,3.605209147885876,,,,,,,,,,,,,,,,,,,,,,,,,,,,,,,,,,,,ILE638:A
PDE4D_monomer,m2,UNL:Z:1,hydrophobic_contacts,638,ILE,A,,,,3.73085901636607,,,,,,,,,,,,,,,,,,,,,,,,,,,,,,,,,,,,ILE638:A
PDE4D_monomer,m2,UNL:Z:1,hydrophobic_contacts,674,PHE,A,,,,3.763079191300656,,,,,,,,,,,,,,,,,,,,,,,,,,,,,,,,,,,,PHE674:A
PDE4D_monomer,m2,UNL:Z:1,hydrophobic_contacts,461,TYR,A,,,,3.779331819250592,,,,,,,,,,,,,,,,,,,,,,,,,,,,,,,,,,,,TYR461:A
PDE4D_monomer,m2,UNL:Z:1,hydrophobic_contacts,674,PHE,A,,,,3.2110641538281355,,,,,,,,,,,,,,,,,,,,,,,,,,,,,,,,,,,,PHE674:A
PDE4D_monomer,m2,UNL:Z:1,hbonds_pdon,621,LEU,A,,,,,,,False,,,,True,,,,,,,,,,,,,,121.21334945778536,,strong,,,,,,,,,,,,,LEU621:A
PDE4D_monomer,m2,UNL:Z:1,hbonds_pdon,623,ASN,A,,,,,,,True,,,,True,,,,,,,,,,,,,,132.7036462844524,,strong,,,,,,,,,,,,,ASN623:A
PDE4D_monomer,m2,UNL:Z:1,hbonds_pdon,671,GLN,A,,,,,,,True,,,,True,,,,,,,,,,,,,,136.8528159753675,,strong,,,,,,,,,,,,,GLN671:A
PDE4D_monomer,m2,UNL:Z:1,hbonds_pdon,623,ASN,A,,,,,,,True,,,,True,,,,,,,,,,,,,,132.7036462844524,,strong,,,,,,,,,,,,,ASN623:A
PDE4D_monomer,m2,UNL:Z:1,hbonds_pdon,631,TYR,A,,,,,,,True,,,,True,,,,,,,,,,,,,,122.63450722371836,,strong,,,,,,,,,,,,,TYR631:A
PDE4D_monomer,m2,UNL:Z:1,hbonds_pdon,671,GLN,A,,,,,,,True,,,,True,,,,,,,,,,,,,,136.8528159753675,,strong,,,,,,,,,,,,,GLN671:A
PDE4D_monomer,m2,UNL:Z:1,hbonds_pdon,462,HIS,A,,,,,,,True,,,,True,,,,,,,,,,,,,,121.62328763192394,,strong,,,,,,,,,,,,,HIS462:A
PDE4D_monomer,m2,UNL:Z:1,hbonds_pdon,462,HIS,A,,,,,,,True,,,,True,,,,,,,,,,,,,,121.62328763192394,,strong,,,,,,,,,,,,,HIS462:A
PDE4D_monomer,m2,UNL:Z:1,water_bridges,461,TYR,A,,,,,,,,,,,True,,,,,,,,,,,,,,,,first_deg,,,,,,,,,,,,,TYR461:A
PDE4D_monomer,m2,UNL:Z:1,water_bridges,461,TYR,A,,,,,,,,,,,False,,,,,,,,,,,,,,,,first_deg,,,,,,,,,,,,,TYR461:A
PDE4D_monomer,m2,UNL:Z:1,water_bridges,511,ASN,A,,,,,,,,,,,True,,,,,,,,,,,,,,,,first_deg,,,,,,,,,,,,,ASN511:A
PDE4D_monomer,m2,UNL:Z:1,water_bridges,462,HIS,A,,,,,,,,,,,False,,,,,,,,,,,,,,,,first_deg,,,,,,,,,,,,,HIS462:A
PDE4D_monomer,m2,UNL:Z:1,water_bridges,462,HIS,A,,,,,,,,,,,False,,,,,,,,,,,,,,,,first_deg,,,,,,,,,,,,,HIS462:A
PDE4D_monomer,m2,UNL:Z:1,water_bridges,462,HIS,A,,,,,,,,,,,False,,,,,,,,,,,,,,,,first_deg,,,,,,,,,,,,,HIS462:A
PDE4D_monomer,m2,UNL:Z:1,water_bridges,462,HIS,A,,,,,,,,,,,False,,,,,,,,,,,,,,,,first_deg,,,,,,,,,,,,,HIS462:A
PDE4D_monomer,m3,ZN:B:1223,metal_complexes,1443,HOH,B,,,,2.202447729232182,,,,,,,,,,,,,,,,,,,,,,,,,,,,Zn,,O,5.0,water,131.55235864144905,trigonal.bipyramidal,1.0,HOH1443:B
PDE4D_monomer,m3,ZN:B:1223,metal_complexes,502,HIS,A,,,,2.4008692175959947,,,,,,,,,,,,,,,,,,,,,,,,,,,,Zn,,N,5.0,protein.sidechain,131.55235864144905,trigonal.bipyramidal,1.0,HIS502:A
PDE4D_monomer,m3,ZN:B:1223,metal_complexes,502,HIS,A,,,,1.6291313636413731,,,,,,,,,,,,,,,,,,,,,,,,,,,,Zn,,N,5.0,protein.sidechain,131.55235864144905,trigonal.bipyramidal,1.0,HIS502:A
PDE4D_monomer,m3,ZN:B:1223,metal_complexes,502,HIS,A,,,,2.4008692175959947,,,,,,,,,,,,,,,,,,,,,,,,,,,,Zn,,N,5.0,protein.sidechain,131.55235864144905,trigonal.bipyramidal,1.0,HIS502:A
PDE4D_monomer,m3,ZN:B:1223,metal_complexes,502,HIS,A,,,,1.6291313636413731,,,,,,,,,,,,,,,,,,,,,,,,,,,,Zn,,N,5.0,protein.sidechain,131.55235864144905,trigonal.bipyramidal,1.0,HIS502:A
PDE4D_monomer,m3,ZN:B:1223,metal_complexes,1443,HOH,B,,,,2.202447729232182,,,,,,,,,,,,,,,,,,,,,,,,,,,,Zn,,O,5.0,water,131.55235864144905,trigonal.bipyramidal,2.0,HOH1443:B
PDE4D_monomer,m3,ZN:B:1223,metal_complexes,502,HIS,A,,,,2.4008692175959947,,,,,,,,,,,,,,,,,,,,,,,,,,,,Zn,,N,5.0,protein.sidechain,131.55235864144905,trigonal.bipyramidal,2.0,HIS502:A
PDE4D_monomer,m3,ZN:B:1223,metal_complexes,502,HIS,A,,,,1.6291313636413731,,,,,,,,,,,,,,,,,,,,,,,,,,,,Zn,,N,5.0,protein.sidechain,131.55235864144905,trigonal.bipyramidal,2.0,HIS502:A
PDE4D_monomer,m3,ZN:B:1223,metal_complexes,502,HIS,A,,,,2.4008692175959947,,,,,,,,,,,,,,,,,,,,,,,,,,,,Zn,,N,5.0,protein.sidechain,131.55235864144905,trigonal.bipyramidal,2.0,HIS502:A
PDE4D_monomer,m3,ZN:B:1223,metal_complexes,502,HIS,A,,,,1.6291313636413731,,,,,,,,,,,,,,,,,,,,,,,,,,,,Zn,,N,5.0,protein.sidechain,131.55235864144905,trigonal.bipyramidal,2.0,HIS502:A
PDE4D_monomer,m3,MG:B:1224,metal_complexes,1441,HOH,B,,,,2.130300683002284,,,,,,,,,,,,,,,,,,,,,,,,,,,,Mg,,O,3.0,water,76.06071468606284,trigonal.pyramidal,1.0,HOH1441:B
PDE4D_monomer,m3,MG:B:1224,metal_complexes,502,HIS,A,,,,2.594539650882214,,,,,,,,,,,,,,,,,,,,,,,,,,,,Mg,,N,3.0,protein.sidechain,76.06071468606284,trigonal.pyramidal,1.0,HIS502:A
PDE4D_monomer,m3,MG:B:1224,metal_complexes,502,HIS,A,,,,2.594539650882214,,,,,,,,,,,,,,,,,,,,,,,,,,,,Mg,,N,3.0,protein.sidechain,76.06071468606284,trigonal.pyramidal,1.0,HIS502:A
PDE4D_monomer,m3,MG:B:1224,metal_complexes,1441,HOH,B,,,,2.130300683002284,,,,,,,,,,,,,,,,,,,,,,,,,,,,Mg,,O,3.0,water,76.06071468606284,trigonal.pyramidal,2.0,HOH1441:B
PDE4D_monomer,m3,MG:B:1224,metal_complexes,502,HIS,A,,,,2.594539650882214,,,,,,,,,,,,,,,,,,,,,,,,,,,,Mg,,N,3.0,protein.sidechain,76.06071468606284,trigonal.pyramidal,2.0,HIS502:A
PDE4D_monomer,m3,MG:B:1224,metal_complexes,502,HIS,A,,,,2.594539650882214,,,,,,,,,,,,,,,,,,,,,,,,,,,,Mg,,N,3.0,protein.sidechain,76.06071468606284,trigonal.pyramidal,2.0,HIS502:A
PDE4D_monomer,m3,UNL:Z:1,hydrophobic_contacts,461,TYR,A,,,,3.709995417786928,,,,,,,,,,,,,,,,,,,,,,,,,,,,,,,,,,,,TYR461:A
PDE4D_monomer,m3,UNL:Z:1,hydrophobic_contacts,642,PHE,A,,,,3.623278901768398,,,,,,,,,,,,,,,,,,,,,,,,,,,,,,,,,,,,PHE642:A
PDE4D_monomer,m3,UNL:Z:1,hydrophobic_contacts,638,ILE,A,,,,3.606649553255764,,,,,,,,,,,,,,,,,,,,,,,,,,,,,,,,,,,,ILE638:A
PDE4D_monomer,m3,UNL:Z:1,hbonds_ldon,462,HIS,A,,,,,,,True,,,,False,,,,,,,,,,,,,,173.36891405332952,,strong,,,,,,,,,,,,,HIS462:A
PDE4D_monomer,m3,UNL:Z:1,hbonds_pdon,462,HIS,A,,,,,,,True,,,,True,,,,,,,,,,,,,,111.4860595025786,,strong,,,,,,,,,,,,,HIS462:A
PDE4D_monomer,m3,UNL:Z:1,hbonds_pdon,462,HIS,A,,,,,,,True,,,,True,,,,,,,,,,,,,,111.4860595025786,,strong,,,,,,,,,,,,,HIS462:A
PDE4D_monomer,m3,UNL:Z:1,hbonds_pdon,641,GLU,A,,,,,,,True,,,,True,,,,,,,,,,,,,,122.95945783646285,,strong,,,,,,,,,,,,,GLU641:A
PDE4D_monomer,m3,UNL:Z:1,hbonds_pdon,623,ASN,A,,,,,,,True,,,,True,,,,,,,,,,,,,,159.25061485710165,,strong,,,,,,,,,,,,,ASN623:A
PDE4D_monomer,m3,UNL:Z:1,hbonds_pdon,623,ASN,A,,,,,,,True,,,,True,,,,,,,,,,,,,,159.25061485710165,,strong,,,,,,,,,,,,,ASN623:A
PDE4D_monomer,m3,UNL:Z:1,water_bridges,620,ASP,A,,,,,,,,,,,False,,,,,,,,,,,,,,,,first_deg,,,,,,,,,,,,,ASP620:A
PDE4D_monomer,m3,UNL:Z:1,water_bridges,623,ASN,A,,,,,,,,,,,False,,,,,,,,,,,,,,,,first_deg,,,,,,,,,,,,,ASN623:A
PDE4D_monomer,m3,UNL:Z:1,water_bridges,466,HIS,A,,,,,,,,,,,True,,,,,,,,,,,,,,,,first_deg,,,,,,,,,,,,,HIS466:A
PDE4D_monomer,m3,UNL:Z:1,water_bridges,645,GLN,A,,,,,,,,,,,False,,,,,,,,,,,,,,,,first_deg,,,,,,,,,,,,,GLN645:A
PDE4D_monomer,m3,UNL:Z:1,water_bridges,645,GLN,A,,,,,,,,,,,False,,,,,,,,,,,,,,,,first_deg,,,,,,,,,,,,,GLN645:A
PDE4D_monomer,m3,UNL:Z:1,saltbridge_lneg,462,HIS,A,,,,4.991971028561765,,,,,,,,,,,,,,,,,True,,,,,,,,,,,,,,,,,,,HIS462:A
PDE4D_dimer,m4,ZN:A:1223,metal_complexes,1448,HOH,A,,,,2.2084152689202274,,,,,,,,,,,,,,,,,,,,,,,,,,,,Zn,,O,5.0,water,135.70608099200211,trigonal.bipyramidal,1.0,HOH1448:A
PDE4D_dimer,m4,ZN:A:1223,metal_complexes,502,HIS,A,,,,2.1458718507869943,,,,,,,,,,,,,,,,,,,,,,,,,,,,Zn,,N,5.0,protein.sidechain,135.70608099200211,trigonal.bipyramidal,1.0,HIS502:A
PDE4D_dimer,m4,ZN:A:1223,metal_complexes,502,HIS,A,,,,1.368305886854253,,,,,,,,,,,,,,,,,,,,,,,,,,,,Zn,,N,5.0,protein.sidechain,135.70608099200211,trigonal.bipyramidal,1.0,HIS502:A
PDE4D_dimer,m4,ZN:A:1223,metal_complexes,502,HIS,A,,,,2.1458718507869943,,,,,,,,,,,,,,,,,,,,,,,,,,,,Zn,,N,5.0,protein.sidechain,135.70608099200211,trigonal.bipyramidal,1.0,HIS502:A
PDE4D_dimer,m4,ZN:A:1223,metal_complexes,502,HIS,A,,,,1.368305886854253,,,,,,,,,,,,,,,,,,,,,,,,,,,,Zn,,N,5.0,protein.sidechain,135.70608099200211,trigonal.bipyramidal,1.0,HIS502:A
PDE4D_dimer,m4,ZN:A:1223,metal_complexes,1448,HOH,A,,,,2.2084152689202274,,,,,,,,,,,,,,,,,,,,,,,,,,,,Zn,,O,5.0,water,135.70608099200211,trigonal.bipyramidal,2.0,HOH1448:A
PDE4D_dimer,m4,ZN:A:1223,metal_complexes,502,HIS,A,,,,2.1458718507869943,,,,,,,,,,,,,,,,,,,,,,,,,,,,Zn,,N,5.0,protein.sidechain,135.70608099200211,trigonal.bipyramidal,2.0,HIS502:A
PDE4D_dimer,m4,ZN:A:1223,metal_complexes,502,HIS,A,,,,1.368305886854253,,,,,,,,,,,,,,,,,,,,,,,,,,,,Zn,,N,5.0,protein.sidechain,135.70608099200211,trigonal.bipyramidal,2.0,HIS502:A
PDE4D_dimer,m4,ZN:A:1223,metal_complexes,502,HIS,A,,,,2.1458718507869943,,,,,,,,,,,,,,,,,,,,,,,,,,,,Zn,,N,5.0,protein.sidechain,135.70608099200211,trigonal.bipyramidal,2.0,HIS502:A
PDE4D_dimer,m4,ZN:A:1223,metal_complexes,502,HIS,A,,,,1.368305886854253,,,,,,,,,,,,,,,,,,,,,,,,,,,,Zn,,N,5.0,protein.sidechain,135.70608099200211,trigonal.bipyramidal,2.0,HIS502:A
PDE4D_dimer,m4,ZN:B:1223,metal_complexes,1443,HOH,B,,,,2.202447729232182,,,,,,,,,,,,,,,,,,,,,,,,,,,,Zn,,O,5.0,water,135.50778824402013,trigonal.bipyramidal,1.0,HOH1443:B
PDE4D_dimer,m4,ZN:B:1223,metal_complexes,502,HIS,B,,,,2.300014347781336,,,,,,,,,,,,,,,,,,,,,,,,,,,,Zn,,N,5.0,protein.sidechain,135.50778824402013,trigonal.bipyramidal,1.0,HIS502:B
PDE4D_dimer,m4,ZN:B:1223,metal_complexes,502,HIS,B,,,,1.6050847329658358,,,,,,,,,,,,,,,,,,,,,,,,,,,,Zn,,N,5.0,protein.sidechain,135.50778824402013,trigonal.bipyramidal,1.0,HIS502:B
PDE4D_dimer,m4,ZN:B:1223,metal_complexes,502,HIS,B,,,,2.300014347781336,,,,,,,,,,,,,,,,,,,,,,,,,,,,Zn,,N,5.0,protein.sidechain,135.50778824402013,trigonal.bipyramidal,1.0,HIS502:B
PDE4D_dimer,m4,ZN:B:1223,metal_complexes,502,HIS,B,,,,1.6050847329658358,,,,,,,,,,,,,,,,,,,,,,,,,,,,Zn,,N,5.0,protein.sidechain,135.50778824402013,trigonal.bipyramidal,1.0,HIS502:B
PDE4D_dimer,m4,ZN:B:1223,metal_complexes,1443,HOH,B,,,,2.202447729232182,,,,,,,,,,,,,,,,,,,,,,,,,,,,Zn,,O,5.0,water,135.50778824402013,trigonal.bipyramidal,2.0,HOH1443:B
PDE4D_dimer,m4,ZN:B:1223,metal_complexes,502,HIS,B,,,,2.300014347781336,,,,,,,,,,,,,,,,,,,,,,,,,,,,Zn,,N,5.0,protein.sidechain,135.50778824402013,trigonal.bipyramidal,2.0,HIS502:B
PDE4D_dimer,m4,ZN:B:1223,metal_complexes,502,HIS,B,,,,1.6050847329658358,,,,,,,,,,,,,,,,,,,,,,,,,,,,Zn,,N,5.0,protein.sidechain,135.50778824402013,trigonal.bipyramidal,2.0,HIS502:B
PDE4D_dimer,m4,ZN:B:1223,metal_complexes,502,HIS,B,,,,2.300014347781336,,,,,,,,,,,,,,,,,,,,,,,,,,,,Zn,,N,5.0,protein.sidechain,135.50778824402013,trigonal.bipyramidal,2.0,HIS502:B
PDE4D_dimer,m4,ZN:B:1223,metal_complexes,502,HIS,B,,,,1.6050847329658358,,,,,,,,,,,,,,,,,,,,,,,,,,,,Zn,,N,5.0,protein.sidechain,135.50778824402013,trigonal.bipyramidal,2.0,HIS502:B
PDE4D_dimer,m4,MG:B:1224,metal_complexes,1441,HOH,B,,,,2.130300683002284,,,,,,,,,,,,,,,,,,,,,,,,,,,,Mg,,O,5.0,water,129.51277210397092,trigonal.bipyramidal,1.0,HOH1441:B
PDE4D_dimer,m4,MG:B:1224,metal_complexes,502,HIS,B,,,,2.9680875997854224,,,,,,,,,,,,,,,,,,,,,,,,,,,,Mg,,N,5.0,protein.sidechain,129.51277210397092,trigonal.bipyramidal,1.0,HIS502:B
PDE4D_dimer,m4,MG:B:1224,metal_complexes,502,HIS,B,,,,2.9680875997854224,,,,,,,,,,,,,,,,,,,,,,,,,,,,Mg,,N,5.0,protein.sidechain,129.51277210397092,trigonal.bipyramidal,1.0,HIS502:B
PDE4D_dimer,m4,MG:B:1224,metal_complexes,532,GLU,B,,,,2.7823624853710216,,,,,,,,,,,,,,,,,,,,,,,,,,,,Mg,,O,5.0,protein.sidechain,129.51277210397092,trigonal.bipyramidal,1.0,GLU532:B
PDE4D_dimer,m4,MG:B:1224,metal_complexes,532,GLU,B,,,,2.7823624853710216,,,,,,,,,,,,,,,,,,,,,,,,,,,,Mg,,O,5.0,protein.sidechain,129.51277210397092,trigonal.bipyramidal,1.0,GLU532:B
PDE4D_dimer,m4,MG:B:1224,metal_complexes,1441,HOH,B,,,,2.130300683002284,,,,,,,,,,,,,,,,,,,,,,,,,,,,Mg,,O,5.0,water,129.51277210397092,trigonal.bipyramidal,2.0,HOH1441:B
PDE4D_dimer,m4,MG:B:1224,metal_complexes,502,HIS,B,,,,2.9680875997854224,,,,,,,,,,,,,,,,,,,,,,,,,,,,Mg,,N,5.0,protein.sidechain,129.51277210397092,trigonal.bipyramidal,2.0,HIS502:B
PDE4D_dimer,m4,MG:B:1224,metal_complexes,502,HIS,B,,,,2.9680875997854224,,,,,,,,,,,,,,,,,,,,,,,,,,,,Mg,,N,5.0,protein.sidechain,129.51277210397092,trigonal.bipyramidal,2.0,HIS502:B
PDE4D_dimer,m4,MG:B:1224,metal_complexes,532,GLU,B,,,,2.7823624853710216,,,,,,,,,,,,,,,,,,,,,,,,,,,,Mg,,O,5.0,protein.sidechain,129.51277210397092,trigonal.bipyramidal,2.0,GLU532:B
PDE4D_dimer,m4,MG:B:1224,metal_complexes,532,GLU,B,,,,2.7823624853710216,,,,,,,,,,,,,,,,,,,,,,,,,,,,Mg,,O,5.0,protein.sidechain,129.51277210397092,trigonal.bipyramidal,2.0,GLU532:B
PDE4D_dimer,m4,UNL:Z:1,hydrophobic_contacts,638,ILE,A,,,,3.620471930563749,,,,,,,,,,,,,,,,,,,,,,,,,,,,,,,,,,,,ILE638:A
PDE4D_dimer,m4,UNL:Z:1,hydrophobic_contacts,642,PHE,A,,,,3.717646701880101,,,,,,,,,,,,,,,,,,,,,,,,,,,,,,,,,,,,PHE642:A
PDE4D_dimer,m4,UNL:Z:1,hbonds_ldon,671,GLN,A,,,,,,,False,,,,False,,,,,,,,,,,,,,126.30638931059772,,strong,,,,,,,,,,,,,GLN671:A
PDE4D_dimer,m4,UNL:Z:1,hbonds_ldon,671,GLN,A,,,,,,,True,,,,False,,,,,,,,,,,,,,119.64580192454764,,strong,,,,,,,,,,,,,GLN671:A
PDE4D_dimer,m4,UNL:Z:1,hbonds_pdon,671,GLN,A,,,,,,,True,,,,True,,,,,,,,,,,,,,129.38188234581213,,strong,,,,,,,,,,,,,GLN671:A
PDE4D_dimer,m4,UNL:Z:1,hbonds_pdon,671,GLN,A,,,,,,,True,,,,True,,,,,,,,,,,,,,129.38188234581213,,strong,,,,,,,,,,,,,GLN671:A
PDE4D_dimer,m4,UNL:Z:1,hbonds_pdon,623,ASN,A,,,,,,,True,,,,True,,,,,,,,,,,,,,146.87148284652142,,strong,,,,,,,,,,,,,ASN623:A
PDE4D_dimer,m4,UNL:Z:1,hbonds_pdon,623,ASN,A,,,,,,,True,,,,True,,,,,,,,,,,,,,128.4284974900904,,strong,,,,,,,,,,,,,ASN623:A
PDE4D_dimer,m4,UNL:Z:1,hbonds_pdon,631,TYR,A,,,,,,,True,,,,True,,,,,,,,,,,,,,130.3068549445475,,strong,,,,,,,,,,,,,TYR631:A
PDE4D_dimer,m4,UNL:Z:1,hbonds_pdon,631,TYR,A,,,,,,,True,,,,True,,,,,,,,,,,,,,130.3068549445475,,strong,,,,,,,,,,,,,TYR631:A
PDE4D_dimer,m4,UNL:Z:1,water_bridges,511,ASN,A,,,,,,,,,,,True,,,,,,,,,,,,,,,,first_deg,,,,,,,,,,,,,ASN511:A
PDE4D_dimer,m4,UNL:Z:1,water_bridges,511,ASN,A,,,,,,,,,,,False,,,,,,,,,,,,,,,,first_deg,,,,,,,,,,,,,ASN511:A
PDE4D_dimer,m4,UNL:Z:1,water_bridges,621,LEU,A,,,,,,,,,,,True,,,,,,,,,,,,,,,,first_deg,,,,,,,,,,,,,LEU621:A
PDE4D_dimer,m4,UNL:Z:1,water_bridges,510,SER,A,,,,,,,,,,,True,,,,,,,,,,,,,,,,first_deg,,,,,,,,,,,,,SER510:A
PDE4D_dimer,m4,UNL:Z:1,water_bridges,510,SER,A,,,,,,,,,,,False,,,,,,,,,,,,,,,,first_deg,,,,,,,,,,,,,SER510:A
PDE4D_dimer,rolR,ZN:A:1223,metal_complexes,1448,HOH,A,,,,2.2084152689202274,,,,,,,,,,,,,,,,,,,,,,,,,,,,Zn,,O,5.0,water,135.70608099200211,trigonal.bipyramidal,1.0,HOH1448:A
PDE4D_dimer,rolR,ZN:A:1223,metal_complexes,502,HIS,A,,,,2.1458718507869943,,,,,,,,,,,,,,,,,,,,,,,,,,,,Zn,,N,5.0,protein.sidechain,135.70608099200211,trigonal.bipyramidal,1.0,HIS502:A
PDE4D_dimer,rolR,ZN:A:1223,metal_complexes,502,HIS,A,,,,1.368305886854253,,,,,,,,,,,,,,,,,,,,,,,,,,,,Zn,,N,5.0,protein.sidechain,135.70608099200211,trigonal.bipyramidal,1.0,HIS502:A
PDE4D_dimer,rolR,ZN:A:1223,metal_complexes,502,HIS,A,,,,2.1458718507869943,,,,,,,,,,,,,,,,,,,,,,,,,,,,Zn,,N,5.0,protein.sidechain,135.70608099200211,trigonal.bipyramidal,1.0,HIS502:A
PDE4D_dimer,rolR,ZN:A:1223,metal_complexes,502,HIS,A,,,,1.368305886854253,,,,,,,,,,,,,,,,,,,,,,,,,,,,Zn,,N,5.0,protein.sidechain,135.70608099200211,trigonal.bipyramidal,1.0,HIS502:A
PDE4D_dimer,rolR,ZN:A:1223,metal_complexes,1448,HOH,A,,,,2.2084152689202274,,,,,,,,,,,,,,,,,,,,,,,,,,,,Zn,,O,5.0,water,135.70608099200211,trigonal.bipyramidal,2.0,HOH1448:A
PDE4D_dimer,rolR,ZN:A:1223,metal_complexes,502,HIS,A,,,,2.1458718507869943,,,,,,,,,,,,,,,,,,,,,,,,,,,,Zn,,N,5.0,protein.sidechain,135.70608099200211,trigonal.bipyramidal,2.0,HIS502:A
PDE4D_dimer,rolR,ZN:A:1223,metal_complexes,502,HIS,A,,,,1.368305886854253,,,,,,,,,,,,,,,,,,,,,,,,,,,,Zn,,N,5.0,protein.sidechain,135.70608099200211,trigonal.bipyramidal,2.0,HIS502:A
PDE4D_dimer,rolR,ZN:A:1223,metal_complexes,502,HIS,A,,,,2.1458718507869943,,,,,,,,,,,,,,,,,,,,,,,,,,,,Zn,,N,5.0,protein.sidechain,135.70608099200211,trigonal.bipyramidal,2.0,HIS502:A
PDE4D_dimer,rolR,ZN:A:1223,metal_complexes,502,HIS,A,,,,1.368305886854253,,,,,,,,,,,,,,,,,,,,,,,,,,,,Zn,,N,5.0,protein.sidechain,135.70608099200211,trigonal.bipyramidal,2.0,HIS502:A
PDE4D_dimer,rolR,ZN:B:1223,metal_complexes,1443,HOH,B,,,,2.202447729232182,,,,,,,,,,,,,,,,,,,,,,,,,,,,Zn,,O,5.0,water,135.50778824402013,trigonal.bipyramidal,1.0,HOH1443:B
PDE4D_dimer,rolR,ZN:B:1223,metal_complexes,502,HIS,B,,,,2.300014347781336,,,,,,,,,,,,,,,,,,,,,,,,,,,,Zn,,N,5.0,protein.sidechain,135.50778824402013,trigonal.bipyramidal,1.0,HIS502:B
PDE4D_dimer,rolR,ZN:B:1223,metal_complexes,502,HIS,B,,,,1.6050847329658358,,,,,,,,,,,,,,,,,,,,,,,,,,,,Zn,,N,5.0,protein.sidechain,135.50778824402013,trigonal.bipyramidal,1.0,HIS502:B
PDE4D_dimer,rolR,ZN:B:1223,metal_complexes,502,HIS,B,,,,2.300014347781336,,,,,,,,,,,,,,,,,,,,,,,,,,,,Zn,,N,5.0,protein.sidechain,135.50778824402013,trigonal.bipyramidal,1.0,HIS502:B
PDE4D_dimer,rolR,ZN:B:1223,metal_complexes,502,HIS,B,,,,1.6050847329658358,,,,,,,,,,,,,,,,,,,,,,,,,,,,Zn,,N,5.0,protein.sidechain,135.50778824402013,trigonal.bipyramidal,1.0,HIS502:B
PDE4D_dimer,rolR,ZN:B:1223,metal_complexes,1443,HOH,B,,,,2.202447729232182,,,,,,,,,,,,,,,,,,,,,,,,,,,,Zn,,O,5.0,water,135.50778824402013,trigonal.bipyramidal,2.0,HOH1443:B
PDE4D_dimer,rolR,ZN:B:1223,metal_complexes,502,HIS,B,,,,2.300014347781336,,,,,,,,,,,,,,,,,,,,,,,,,,,,Zn,,N,5.0,protein.sidechain,135.50778824402013,trigonal.bipyramidal,2.0,HIS502:B
PDE4D_dimer,rolR,ZN:B:1223,metal_complexes,502,HIS,B,,,,1.6050847329658358,,,,,,,,,,,,,,,,,,,,,,,,,,,,Zn,,N,5.0,protein.sidechain,135.50778824402013,trigonal.bipyramidal,2.0,HIS502:B
PDE4D_dimer,rolR,ZN:B:1223,metal_complexes,502,HIS,B,,,,2.300014347781336,,,,,,,,,,,,,,,,,,,,,,,,,,,,Zn,,N,5.0,protein.sidechain,135.50778824402013,trigonal.bipyramidal,2.0,HIS502:B
PDE4D_dimer,rolR,ZN:B:1223,metal_complexes,502,HIS,B,,,,1.6050847329658358,,,,,,,,,,,,,,,,,,,,,,,,,,,,Zn,,N,5.0,protein.sidechain,135.50778824402013,trigonal.bipyramidal,2.0,HIS502:B
PDE4D_dimer,rolR,MG:B:1224,metal_complexes,1441,HOH,B,,,,2.130300683002284,,,,,,,,,,,,,,,,,,,,,,,,,,,,Mg,,O,5.0,water,129.51277210397092,trigonal.bipyramidal,1.0,HOH1441:B
PDE4D_dimer,rolR,MG:B:1224,metal_complexes,502,HIS,B,,,,2.9680875997854224,,,,,,,,,,,,,,,,,,,,,,,,,,,,Mg,,N,5.0,protein.sidechain,129.51277210397092,trigonal.bipyramidal,1.0,HIS502:B
PDE4D_dimer,rolR,MG:B:1224,metal_complexes,502,HIS,B,,,,2.9680875997854224,,,,,,,,,,,,,,,,,,,,,,,,,,,,Mg,,N,5.0,protein.sidechain,129.51277210397092,trigonal.bipyramidal,1.0,HIS502:B
PDE4D_dimer,rolR,MG:B:1224,metal_complexes,532,GLU,B,,,,2.7823624853710216,,,,,,,,,,,,,,,,,,,,,,,,,,,,Mg,,O,5.0,protein.sidechain,129.51277210397092,trigonal.bipyramidal,1.0,GLU532:B
PDE4D_dimer,rolR,MG:B:1224,metal_complexes,532,GLU,B,,,,2.7823624853710216,,,,,,,,,,,,,,,,,,,,,,,,,,,,Mg,,O,5.0,protein.sidechain,129.51277210397092,trigonal.bipyramidal,1.0,GLU532:B
PDE4D_dimer,rolR,MG:B:1224,metal_complexes,1441,HOH,B,,,,2.130300683002284,,,,,,,,,,,,,,,,,,,,,,,,,,,,Mg,,O,5.0,water,129.51277210397092,trigonal.bipyramidal,2.0,HOH1441:B
PDE4D_dimer,rolR,MG:B:1224,metal_complexes,502,HIS,B,,,,2.9680875997854224,,,,,,,,,,,,,,,,,,,,,,,,,,,,Mg,,N,5.0,protein.sidechain,129.51277210397092,trigonal.bipyramidal,2.0,HIS502:B
PDE4D_dimer,rolR,MG:B:1224,metal_complexes,502,HIS,B,,,,2.9680875997854224,,,,,,,,,,,,,,,,,,,,,,,,,,,,Mg,,N,5.0,protein.sidechain,129.51277210397092,trigonal.bipyramidal,2.0,HIS502:B
PDE4D_dimer,rolR,MG:B:1224,metal_complexes,532,GLU,B,,,,2.7823624853710216,,,,,,,,,,,,,,,,,,,,,,,,,,,,Mg,,O,5.0,protein.sidechain,129.51277210397092,trigonal.bipyramidal,2.0,GLU532:B
PDE4D_dimer,rolR,MG:B:1224,metal_complexes,532,GLU,B,,,,2.7823624853710216,,,,,,,,,,,,,,,,,,,,,,,,,,,,Mg,,O,5.0,protein.sidechain,129.51277210397092,trigonal.bipyramidal,2.0,GLU532:B
PDE4D_dimer,rolR,UNL:Z:1,hydrophobic_contacts,638,ILE,A,,,,3.6537966555351695,,,,,,,,,,,,,,,,,,,,,,,,,,,,,,,,,,,,ILE638:A
PDE4D_dimer,rolR,UNL:Z:1,hydrophobic_contacts,674,PHE,A,,,,3.6248114433719176,,,,,,,,,,,,,,,,,,,,,,,,,,,,,,,,,,,,PHE674:A
PDE4D_dimer,rolR,UNL:Z:1,hydrophobic_contacts,674,PHE,A,,,,3.811065599015584,,,,,,,,,,,,,,,,,,,,,,,,,,,,,,,,,,,,PHE674:A
PDE4D_dimer,rolR,UNL:Z:1,hydrophobic_contacts,638,ILE,A,,,,3.765609910758149,,,,,,,,,,,,,,,,,,,,,,,,,,,,,,,,,,,,ILE638:A
PDE4D_dimer,rolR,UNL:Z:1,hydrophobic_contacts,642,PHE,A,,,,3.71796436238972,,,,,,,,,,,,,,,,,,,,,,,,,,,,,,,,,,,,PHE642:A
PDE4D_dimer,rolR,UNL:Z:1,hydrophobic_contacts,670,SER,A,,,,3.5769726026348057,,,,,,,,,,,,,,,,,,,,,,,,,,,,,,,,,,,,SER670:A
PDE4D_dimer,rolR,UNL:Z:1,hbonds_pdon,671,GLN,A,,,,,,,True,,,,True,,,,,,,,,,,,,,134.77496014203604,,strong,,,,,,,,,,,,,GLN671:A
PDE4D_dimer,rolR,UNL:Z:1,water_bridges,511,ASN,A,,,,,,,,,,,True,,,,,,,,,,,,,,,,first_deg,,,,,,,,,,,,,ASN511:A
PDE4D_dimer,rolR,UNL:Z:1,water_bridges,462,HIS,A,,,,,,,,,,,True,,,,,,,,,,,,,,,,first_deg,,,,,,,,,,,,,HIS462:A
PDE4D_dimer,rolR,UNL:Z:1,water_bridges,510,SER,A,,,,,,,,,,,False,,,,,,,,,,,,,,,,first_deg,,,,,,,,,,,,,SER510:A
PDE4D_dimer,rolS,ZN:A:1223,metal_complexes,1448,HOH,A,,,,2.2084152689202274,,,,,,,,,,,,,,,,,,,,,,,,,,,,Zn,,O,5.0,water,135.70608099200211,trigonal.bipyramidal,1.0,HOH1448:A
PDE4D_dimer,rolS,ZN:A:1223,metal_complexes,502,HIS,A,,,,2.1458718507869943,,,,,,,,,,,,,,,,,,,,,,,,,,,,Zn,,N,5.0,protein.sidechain,135.70608099200211,trigonal.bipyramidal,1.0,HIS502:A
PDE4D_dimer,rolS,ZN:A:1223,metal_complexes,502,HIS,A,,,,1.368305886854253,,,,,,,,,,,,,,,,,,,,,,,,,,,,Zn,,N,5.0,protein.sidechain,135.70608099200211,trigonal.bipyramidal,1.0,HIS502:A
PDE4D_dimer,rolS,ZN:A:1223,metal_complexes,502,HIS,A,,,,2.1458718507869943,,,,,,,,,,,,,,,,,,,,,,,,,,,,Zn,,N,5.0,protein.sidechain,135.70608099200211,trigonal.bipyramidal,1.0,HIS502:A
PDE4D_dimer,rolS,ZN:A:1223,metal_complexes,502,HIS,A,,,,1.368305886854253,,,,,,,,,,,,,,,,,,,,,,,,,,,,Zn,,N,5.0,protein.sidechain,135.70608099200211,trigonal.bipyramidal,1.0,HIS502:A
PDE4D_dimer,rolS,ZN:A:1223,metal_complexes,1448,HOH,A,,,,2.2084152689202274,,,,,,,,,,,,,,,,,,,,,,,,,,,,Zn,,O,5.0,water,135.70608099200211,trigonal.bipyramidal,2.0,HOH1448:A
PDE4D_dimer,rolS,ZN:A:1223,metal_complexes,502,HIS,A,,,,2.1458718507869943,,,,,,,,,,,,,,,,,,,,,,,,,,,,Zn,,N,5.0,protein.sidechain,135.70608099200211,trigonal.bipyramidal,2.0,HIS502:A
PDE4D_dimer,rolS,ZN:A:1223,metal_complexes,502,HIS,A,,,,1.368305886854253,,,,,,,,,,,,,,,,,,,,,,,,,,,,Zn,,N,5.0,protein.sidechain,135.70608099200211,trigonal.bipyramidal,2.0,HIS502:A
PDE4D_dimer,rolS,ZN:A:1223,metal_complexes,502,HIS,A,,,,2.1458718507869943,,,,,,,,,,,,,,,,,,,,,,,,,,,,Zn,,N,5.0,protein.sidechain,135.70608099200211,trigonal.bipyramidal,2.0,HIS502:A
PDE4D_dimer,rolS,ZN:A:1223,metal_complexes,502,HIS,A,,,,1.368305886854253,,,,,,,,,,,,,,,,,,,,,,,,,,,,Zn,,N,5.0,protein.sidechain,135.70608099200211,trigonal.bipyramidal,2.0,HIS502:A
PDE4D_dimer,rolS,ZN:B:1223,metal_complexes,1443,HOH,B,,,,2.202447729232182,,,,,,,,,,,,,,,,,,,,,,,,,,,,Zn,,O,5.0,water,135.50778824402013,trigonal.bipyramidal,1.0,HOH1443:B
PDE4D_dimer,rolS,ZN:B:1223,metal_complexes,502,HIS,B,,,,2.300014347781336,,,,,,,,,,,,,,,,,,,,,,,,,,,,Zn,,N,5.0,protein.sidechain,135.50778824402013,trigonal.bipyramidal,1.0,HIS502:B
PDE4D_dimer,rolS,ZN:B:1223,metal_complexes,502,HIS,B,,,,1.6050847329658358,,,,,,,,,,,,,,,,,,,,,,,,,,,,Zn,,N,5.0,protein.sidechain,135.50778824402013,trigonal.bipyramidal,1.0,HIS502:B
PDE4D_dimer,rolS,ZN:B:1223,metal_complexes,502,HIS,B,,,,2.300014347781336,,,,,,,,,,,,,,,,,,,,,,,,,,,,Zn,,N,5.0,protein.sidechain,135.50778824402013,trigonal.bipyramidal,1.0,HIS502:B
PDE4D_dimer,rolS,ZN:B:1223,metal_complexes,502,HIS,B,,,,1.6050847329658358,,,,,,,,,,,,,,,,,,,,,,,,,,,,Zn,,N,5.0,protein.sidechain,135.50778824402013,trigonal.bipyramidal,1.0,HIS502:B
PDE4D_dimer,rolS,ZN:B:1223,metal_complexes,1443,HOH,B,,,,2.202447729232182,,,,,,,,,,,,,,,,,,,,,,,,,,,,Zn,,O,5.0,water,135.50778824402013,trigonal.bipyramidal,2.0,HOH1443:B
PDE4D_dimer,rolS,ZN:B:1223,metal_complexes,502,HIS,B,,,,2.300014347781336,,,,,,,,,,,,,,,,,,,,,,,,,,,,Zn,,N,5.0,protein.sidechain,135.50778824402013,trigonal.bipyramidal,2.0,HIS502:B
PDE4D_dimer,rolS,ZN:B:1223,metal_complexes,502,HIS,B,,,,1.6050847329658358,,,,,,,,,,,,,,,,,,,,,,,,,,,,Zn,,N,5.0,protein.sidechain,135.50778824402013,trigonal.bipyramidal,2.0,HIS502:B
PDE4D_dimer,rolS,ZN:B:1223,metal_complexes,502,HIS,B,,,,2.300014347781336,,,,,,,,,,,,,,,,,,,,,,,,,,,,Zn,,N,5.0,protein.sidechain,135.50778824402013,trigonal.bipyramidal,2.0,HIS502:B
PDE4D_dimer,rolS,ZN:B:1223,metal_complexes,502,HIS,B,,,,1.6050847329658358,,,,,,,,,,,,,,,,,,,,,,,,,,,,Zn,,N,5.0,protein.sidechain,135.50778824402013,trigonal.bipyramidal,2.0,HIS502:B
PDE4D_dimer,rolS,MG:B:1224,metal_complexes,1441,HOH,B,,,,2.130300683002284,,,,,,,,,,,,,,,,,,,,,,,,,,,,Mg,,O,5.0,water,129.51277210397092,trigonal.bipyramidal,1.0,HOH1441:B
PDE4D_dimer,rolS,MG:B:1224,metal_complexes,502,HIS,B,,,,2.9680875997854224,,,,,,,,,,,,,,,,,,,,,,,,,,,,Mg,,N,5.0,protein.sidechain,129.51277210397092,trigonal.bipyramidal,1.0,HIS502:B
PDE4D_dimer,rolS,MG:B:1224,metal_complexes,502,HIS,B,,,,2.9680875997854224,,,,,,,,,,,,,,,,,,,,,,,,,,,,Mg,,N,5.0,protein.sidechain,129.51277210397092,trigonal.bipyramidal,1.0,HIS502:B
PDE4D_dimer,rolS,MG:B:1224,metal_complexes,532,GLU,B,,,,2.7823624853710216,,,,,,,,,,,,,,,,,,,,,,,,,,,,Mg,,O,5.0,protein.sidechain,129.51277210397092,trigonal.bipyramidal,1.0,GLU532:B
PDE4D_dimer,rolS,MG:B:1224,metal_complexes,532,GLU,B,,,,2.7823624853710216,,,,,,,,,,,,,,,,,,,,,,,,,,,,Mg,,O,5.0,protein.sidechain,129.51277210397092,trigonal.bipyramidal,1.0,GLU532:B
PDE4D_dimer,rolS,MG:B:1224,metal_complexes,1441,HOH,B,,,,2.130300683002284,,,,,,,,,,,,,,,,,,,,,,,,,,,,Mg,,O,5.0,water,129.51277210397092,trigonal.bipyramidal,2.0,HOH1441:B
PDE4D_dimer,rolS,MG:B:1224,metal_complexes,502,HIS,B,,,,2.9680875997854224,,,,,,,,,,,,,,,,,,,,,,,,,,,,Mg,,N,5.0,protein.sidechain,129.51277210397092,trigonal.bipyramidal,2.0,HIS502:B
PDE4D_dimer,rolS,MG:B:1224,metal_complexes,502,HIS,B,,,,2.9680875997854224,,,,,,,,,,,,,,,,,,,,,,,,,,,,Mg,,N,5.0,protein.sidechain,129.51277210397092,trigonal.bipyramidal,2.0,HIS502:B
PDE4D_dimer,rolS,MG:B:1224,metal_complexes,532,GLU,B,,,,2.7823624853710216,,,,,,,,,,,,,,,,,,,,,,,,,,,,Mg,,O,5.0,protein.sidechain,129.51277210397092,trigonal.bipyramidal,2.0,GLU532:B
PDE4D_dimer,rolS,MG:B:1224,metal_complexes,532,GLU,B,,,,2.7823624853710216,,,,,,,,,,,,,,,,,,,,,,,,,,,,Mg,,O,5.0,protein.sidechain,129.51277210397092,trigonal.bipyramidal,2.0,GLU532:B
PDE4D_dimer,rolS,UNL:Z:1,hydrophobic_contacts,461,TYR,A,,,,3.878798525316828,,,,,,,,,,,,,,,,,,,,,,,,,,,,,,,,,,,,TYR461:A
PDE4D_dimer,rolS,UNL:Z:1,hydrophobic_contacts,642,PHE,A,,,,3.726685793033805,,,,,,,,,,,,,,,,,,,,,,,,,,,,,,,,,,,,PHE642:A
PDE4D_dimer,rolS,UNL:Z:1,hydrophobic_contacts,674,PHE,A,,,,3.6460116565913503,,,,,,,,,,,,,,,,,,,,,,,,,,,,,,,,,,,,PHE674:A
PDE4D_dimer,rolS,UNL:Z:1,hydrophobic_contacts,674,PHE,A,,,,3.9275429978550207,,,,,,,,,,,,,,,,,,,,,,,,,,,,,,,,,,,,PHE674:A
PDE4D_dimer,rolS,UNL:Z:1,hydrophobic_contacts,638,ILE,A,,,,3.729616066031462,,,,,,,,,,,,,,,,,,,,,,,,,,,,,,,,,,,,ILE638:A
PDE4D_dimer,rolS,UNL:Z:1,hydrophobic_contacts,670,SER,A,,,,3.612469653851783,,,,,,,,,,,,,,,,,,,,,,,,,,,,,,,,,,,,SER670:A
PDE4D_dimer,rolS,UNL:Z:1,hbonds_pdon,462,HIS,A,,,,,,,True,,,,True,,,,,,,,,,,,,,104.3377056021355,,strong,,,,,,,,,,,,,HIS462:A
PDE4D_dimer,rolS,UNL:Z:1,hbonds_pdon,462,HIS,A,,,,,,,True,,,,True,,,,,,,,,,,,,,110.04125123677672,,strong,,,,,,,,,,,,,HIS462:A
PDE4D_dimer,rolS,UNL:Z:1,hbonds_pdon,462,HIS,A,,,,,,,True,,,,True,,,,,,,,,,,,,,111.27420980499002,,strong,,,,,,,,,,,,,HIS462:A
PDE4D_dimer,rolS,UNL:Z:1,hbonds_pdon,671,GLN,A,,,,,,,True,,,,True,,,,,,,,,,,,,,136.73492047876715,,strong,,,,,,,,,,,,,GLN671:A
PDE4D_dimer,rolS,UNL:Z:1,hbonds_pdon,671,GLN,A,,,,,,,True,,,,True,,,,,,,,,,,,,,106.1116395589307,,strong,,,,,,,,,,,,,GLN671:A
PDE4D_dimer,rolS,UNL:Z:1,water_bridges,509,VAL,A,,,,,,,,,,,True,,,,,,,,,,,,,,,,first_deg,,,,,,,,,,,,,VAL509:A
PDE4D_dimer,rolS,UNL:Z:1,water_bridges,510,SER,A,,,,,,,,,,,True,,,,,,,,,,,,,,,,first_deg,,,,,,,,,,,,,SER510:A
PDE4D_monomer,m4,ZN:B:1223,metal_complexes,1443,HOH,B,,,,2.202447729232182,,,,,,,,,,,,,,,,,,,,,,,,,,,,Zn,,O,5.0,water,131.55235864144905,trigonal.bipyramidal,1.0,HOH1443:B
PDE4D_monomer,m4,ZN:B:1223,metal_complexes,502,HIS,A,,,,2.4008692175959947,,,,,,,,,,,,,,,,,,,,,,,,,,,,Zn,,N,5.0,protein.sidechain,131.55235864144905,trigonal.bipyramidal,1.0,HIS502:A
PDE4D_monomer,m4,ZN:B:1223,metal_complexes,502,HIS,A,,,,1.6291313636413731,,,,,,,,,,,,,,,,,,,,,,,,,,,,Zn,,N,5.0,protein.sidechain,131.55235864144905,trigonal.bipyramidal,1.0,HIS502:A
PDE4D_monomer,m4,ZN:B:1223,metal_complexes,502,HIS,A,,,,2.4008692175959947,,,,,,,,,,,,,,,,,,,,,,,,,,,,Zn,,N,5.0,protein.sidechain,131.55235864144905,trigonal.bipyramidal,1.0,HIS502:A
PDE4D_monomer,m4,ZN:B:1223,metal_complexes,502,HIS,A,,,,1.6291313636413731,,,,,,,,,,,,,,,,,,,,,,,,,,,,Zn,,N,5.0,protein.sidechain,131.55235864144905,trigonal.bipyramidal,1.0,HIS502:A
PDE4D_monomer,m4,ZN:B:1223,metal_complexes,1443,HOH,B,,,,2.202447729232182,,,,,,,,,,,,,,,,,,,,,,,,,,,,Zn,,O,5.0,water,131.55235864144905,trigonal.bipyramidal,2.0,HOH1443:B
PDE4D_monomer,m4,ZN:B:1223,metal_complexes,502,HIS,A,,,,2.4008692175959947,,,,,,,,,,,,,,,,,,,,,,,,,,,,Zn,,N,5.0,protein.sidechain,131.55235864144905,trigonal.bipyramidal,2.0,HIS502:A
PDE4D_monomer,m4,ZN:B:1223,metal_complexes,502,HIS,A,,,,1.6291313636413731,,,,,,,,,,,,,,,,,,,,,,,,,,,,Zn,,N,5.0,protein.sidechain,131.55235864144905,trigonal.bipyramidal,2.0,HIS502:A
PDE4D_monomer,m4,ZN:B:1223,metal_complexes,502,HIS,A,,,,2.4008692175959947,,,,,,,,,,,,,,,,,,,,,,,,,,,,Zn,,N,5.0,protein.sidechain,131.55235864144905,trigonal.bipyramidal,2.0,HIS502:A
PDE4D_monomer,m4,ZN:B:1223,metal_complexes,502,HIS,A,,,,1.6291313636413731,,,,,,,,,,,,,,,,,,,,,,,,,,,,Zn,,N,5.0,protein.sidechain,131.55235864144905,trigonal.bipyramidal,2.0,HIS502:A
PDE4D_monomer,m4,MG:B:1224,metal_complexes,1441,HOH,B,,,,2.130300683002284,,,,,,,,,,,,,,,,,,,,,,,,,,,,Mg,,O,3.0,water,76.06071468606284,trigonal.pyramidal,1.0,HOH1441:B
PDE4D_monomer,m4,MG:B:1224,metal_complexes,502,HIS,A,,,,2.594539650882214,,,,,,,,,,,,,,,,,,,,,,,,,,,,Mg,,N,3.0,protein.sidechain,76.06071468606284,trigonal.pyramidal,1.0,HIS502:A
PDE4D_monomer,m4,MG:B:1224,metal_complexes,502,HIS,A,,,,2.594539650882214,,,,,,,,,,,,,,,,,,,,,,,,,,,,Mg,,N,3.0,protein.sidechain,76.06071468606284,trigonal.pyramidal,1.0,HIS502:A
PDE4D_monomer,m4,MG:B:1224,metal_complexes,1441,HOH,B,,,,2.130300683002284,,,,,,,,,,,,,,,,,,,,,,,,,,,,Mg,,O,3.0,water,76.06071468606284,trigonal.pyramidal,2.0,HOH1441:B
PDE4D_monomer,m4,MG:B:1224,metal_complexes,502,HIS,A,,,,2.594539650882214,,,,,,,,,,,,,,,,,,,,,,,,,,,,Mg,,N,3.0,protein.sidechain,76.06071468606284,trigonal.pyramidal,2.0,HIS502:A
PDE4D_monomer,m4,MG:B:1224,metal_complexes,502,HIS,A,,,,2.594539650882214,,,,,,,,,,,,,,,,,,,,,,,,,,,,Mg,,N,3.0,protein.sidechain,76.06071468606284,trigonal.pyramidal,2.0,HIS502:A
PDE4D_monomer,m4,UNL:Z:1,hydrophobic_contacts,674,PHE,A,,,,3.6580959528147967,,,,,,,,,,,,,,,,,,,,,,,,,,,,,,,,,,,,PHE674:A
PDE4D_monomer,m4,UNL:Z:1,hydrophobic_contacts,674,PHE,A,,,,3.783178293445869,,,,,,,,,,,,,,,,,,,,,,,,,,,,,,,,,,,,PHE674:A
PDE4D_monomer,m4,UNL:Z:1,hydrophobic_contacts,674,PHE,A,,,,3.747787747458492,,,,,,,,,,,,,,,,,,,,,,,,,,,,,,,,,,,,PHE674:A
PDE4D_monomer,m4,UNL:Z:1,hydrophobic_contacts,674,PHE,A,,,,3.613657150311856,,,,,,,,,,,,,,,,,,,,,,,,,,,,,,,,,,,,PHE674:A
PDE4D_monomer,m4,UNL:Z:1,hydrophobic_contacts,674,PHE,A,,,,3.6143223431232583,,,,,,,,,,,,,,,,,,,,,,,,,,,,,,,,,,,,PHE674:A
PDE4D_monomer,m4,UNL:Z:1,hbonds_ldon,462,HIS,A,,,,,,,True,,,,False,,,,,,,,,,,,,,147.51118002562728,,strong,,,,,,,,,,,,,HIS462:A
PDE4D_monomer,m4,UNL:Z:1,hbonds_ldon,631,TYR,A,,,,,,,True,,,,False,,,,,,,,,,,,,,101.37677507220712,,strong,,,,,,,,,,,,,TYR631:A
PDE4D_monomer,m4,UNL:Z:1,hbonds_pdon,623,ASN,A,,,,,,,True,,,,True,,,,,,,,,,,,,,153.30737376546975,,strong,,,,,,,,,,,,,ASN623:A
PDE4D_monomer,m4,UNL:Z:1,hbonds_pdon,623,ASN,A,,,,,,,True,,,,True,,,,,,,,,,,,,,153.30737376546975,,strong,,,,,,,,,,,,,ASN623:A
PDE4D_monomer,m4,UNL:Z:1,hbonds_pdon,671,GLN,A,,,,,,,True,,,,True,,,,,,,,,,,,,,145.51711600794036,,strong,,,,,,,,,,,,,GLN671:A
PDE4D_monomer,m4,UNL:Z:1,hbonds_pdon,671,GLN,A,,,,,,,True,,,,True,,,,,,,,,,,,,,145.51711600794036,,strong,,,,,,,,,,,,,GLN671:A
PDE4D_monomer,m4,UNL:Z:1,hbonds_pdon,462,HIS,A,,,,,,,True,,,,True,,,,,,,,,,,,,,125.03308580397444,,strong,,,,,,,,,,,,,HIS462:A
PDE4D_monomer,m4,UNL:Z:1,hbonds_pdon,462,HIS,A,,,,,,,True,,,,True,,,,,,,,,,,,,,125.03308580397444,,strong,,,,,,,,,,,,,HIS462:A
PDE4D_monomer,m4,UNL:Z:1,water_bridges,620,ASP,A,,,,,,,,,,,False,,,,,,,,,,,,,,,,first_deg,,,,,,,,,,,,,ASP620:A
PDE4D_monomer,m4,UNL:Z:1,water_bridges,623,ASN,A,,,,,,,,,,,False,,,,,,,,,,,,,,,,first_deg,,,,,,,,,,,,,ASN623:A
PDE4D_monomer,m4,UNL:Z:1,water_bridges,466,HIS,A,,,,,,,,,,,True,,,,,,,,,,,,,,,,first_deg,,,,,,,,,,,,,HIS466:A
PDE4D_monomer,m4,UNL:Z:1,water_bridges,511,ASN,A,,,,,,,,,,,True,,,,,,,,,,,,,,,,first_deg,,,,,,,,,,,,,ASN511:A
PDE4D_monomer,m4,UNL:Z:1,water_bridges,502,HIS,A,,,,,,,,,,,True,,,,,,,,,,,,,,,,first_deg,,,,,,,,,,,,,HIS502:A
PDE4D_monomer,m4,UNL:Z:1,water_bridges,502,HIS,A,,,,,,,,,,,True,,,,,,,,,,,,,,,,first_deg,,,,,,,,,,,,,HIS502:A
PDE4D_monomer,m4,UNL:Z:1,water_bridges,466,HIS,A,,,,,,,,,,,True,,,,,,,,,,,,,,,,first_deg,,,,,,,,,,,,,HIS466:A
PDE4D_monomer,m5,ZN:B:1223,metal_complexes,1443,HOH,B,,,,2.202447729232182,,,,,,,,,,,,,,,,,,,,,,,,,,,,Zn,,O,5.0,water,131.55235864144905,trigonal.bipyramidal,1.0,HOH1443:B
PDE4D_monomer,m5,ZN:B:1223,metal_complexes,502,HIS,A,,,,2.4008692175959947,,,,,,,,,,,,,,,,,,,,,,,,,,,,Zn,,N,5.0,protein.sidechain,131.55235864144905,trigonal.bipyramidal,1.0,HIS502:A
PDE4D_monomer,m5,ZN:B:1223,metal_complexes,502,HIS,A,,,,1.6291313636413731,,,,,,,,,,,,,,,,,,,,,,,,,,,,Zn,,N,5.0,protein.sidechain,131.55235864144905,trigonal.bipyramidal,1.0,HIS502:A
PDE4D_monomer,m5,ZN:B:1223,metal_complexes,502,HIS,A,,,,2.4008692175959947,,,,,,,,,,,,,,,,,,,,,,,,,,,,Zn,,N,5.0,protein.sidechain,131.55235864144905,trigonal.bipyramidal,1.0,HIS502:A
PDE4D_monomer,m5,ZN:B:1223,metal_complexes,502,HIS,A,,,,1.6291313636413731,,,,,,,,,,,,,,,,,,,,,,,,,,,,Zn,,N,5.0,protein.sidechain,131.55235864144905,trigonal.bipyramidal,1.0,HIS502:A
PDE4D_monomer,m5,ZN:B:1223,metal_complexes,1443,HOH,B,,,,2.202447729232182,,,,,,,,,,,,,,,,,,,,,,,,,,,,Zn,,O,5.0,water,131.55235864144905,trigonal.bipyramidal,2.0,HOH1443:B
PDE4D_monomer,m5,ZN:B:1223,metal_complexes,502,HIS,A,,,,2.4008692175959947,,,,,,,,,,,,,,,,,,,,,,,,,,,,Zn,,N,5.0,protein.sidechain,131.55235864144905,trigonal.bipyramidal,2.0,HIS502:A
PDE4D_monomer,m5,ZN:B:1223,metal_complexes,502,HIS,A,,,,1.6291313636413731,,,,,,,,,,,,,,,,,,,,,,,,,,,,Zn,,N,5.0,protein.sidechain,131.55235864144905,trigonal.bipyramidal,2.0,HIS502:A
PDE4D_monomer,m5,ZN:B:1223,metal_complexes,502,HIS,A,,,,2.4008692175959947,,,,,,,,,,,,,,,,,,,,,,,,,,,,Zn,,N,5.0,protein.sidechain,131.55235864144905,trigonal.bipyramidal,2.0,HIS502:A
PDE4D_monomer,m5,ZN:B:1223,metal_complexes,502,HIS,A,,,,1.6291313636413731,,,,,,,,,,,,,,,,,,,,,,,,,,,,Zn,,N,5.0,protein.sidechain,131.55235864144905,trigonal.bipyramidal,2.0,HIS502:A
PDE4D_monomer,m5,MG:B:1224,metal_complexes,1441,HOH,B,,,,2.130300683002284,,,,,,,,,,,,,,,,,,,,,,,,,,,,Mg,,O,3.0,water,76.06071468606284,trigonal.pyramidal,1.0,HOH1441:B
PDE4D_monomer,m5,MG:B:1224,metal_complexes,502,HIS,A,,,,2.594539650882214,,,,,,,,,,,,,,,,,,,,,,,,,,,,Mg,,N,3.0,protein.sidechain,76.06071468606284,trigonal.pyramidal,1.0,HIS502:A
PDE4D_monomer,m5,MG:B:1224,metal_complexes,502,HIS,A,,,,2.594539650882214,,,,,,,,,,,,,,,,,,,,,,,,,,,,Mg,,N,3.0,protein.sidechain,76.06071468606284,trigonal.pyramidal,1.0,HIS502:A
PDE4D_monomer,m5,MG:B:1224,metal_complexes,1441,HOH,B,,,,2.130300683002284,,,,,,,,,,,,,,,,,,,,,,,,,,,,Mg,,O,3.0,water,76.06071468606284,trigonal.pyramidal,2.0,HOH1441:B
PDE4D_monomer,m5,MG:B:1224,metal_complexes,502,HIS,A,,,,2.594539650882214,,,,,,,,,,,,,,,,,,,,,,,,,,,,Mg,,N,3.0,protein.sidechain,76.06071468606284,trigonal.pyramidal,2.0,HIS502:A
PDE4D_monomer,m5,MG:B:1224,metal_complexes,502,HIS,A,,,,2.594539650882214,,,,,,,,,,,,,,,,,,,,,,,,,,,,Mg,,N,3.0,protein.sidechain,76.06071468606284,trigonal.pyramidal,2.0,HIS502:A
PDE4D_monomer,m5,UNL:Z:1,hydrophobic_contacts,659,MET,A,,,,3.5022202957552517,,,,,,,,,,,,,,,,,,,,,,,,,,,,,,,,,,,,MET659:A
PDE4D_monomer,m5,UNL:Z:1,hydrophobic_contacts,674,PHE,A,,,,3.64422406007095,,,,,,,,,,,,,,,,,,,,,,,,,,,,,,,,,,,,PHE674:A
PDE4D_monomer,m5,UNL:Z:1,hydrophobic_contacts,674,PHE,A,,,,3.603111571961103,,,,,,,,,,,,,,,,,,,,,,,,,,,,,,,,,,,,PHE674:A
PDE4D_monomer,m5,UNL:Z:1,hydrophobic_contacts,674,PHE,A,,,,3.6874302705271593,,,,,,,,,,,,,,,,,,,,,,,,,,,,,,,,,,,,PHE674:A
PDE4D_monomer,m5,UNL:Z:1,hydrophobic_contacts,674,PHE,A,,,,3.680720309939346,,,,,,,,,,,,,,,,,,,,,,,,,,,,,,,,,,,,PHE674:A
PDE4D_monomer,m5,UNL:Z:1,hbonds_ldon,670,SER,A,,,,,,,False,,,,False,,,,,,,,,,,,,,146.84471794711635,,strong,,,,,,,,,,,,,SER670:A
PDE4D_monomer,m5,UNL:Z:1,hbonds_pdon,671,GLN,A,,,,,,,True,,,,True,,,,,,,,,,,,,,156.71800799592543,,strong,,,,,,,,,,,,,GLN671:A
PDE4D_monomer,m5,UNL:Z:1,hbonds_pdon,671,GLN,A,,,,,,,True,,,,True,,,,,,,,,,,,,,156.71800799592543,,strong,,,,,,,,,,,,,GLN671:A
PDE4D_monomer,m5,UNL:Z:1,water_bridges,623,ASN,A,,,,,,,,,,,True,,,,,,,,,,,,,,,,first_deg,,,,,,,,,,,,,ASN623:A
PDE4D_monomer,m5,UNL:Z:1,water_bridges,466,HIS,A,,,,,,,,,,,True,,,,,,,,,,,,,,,,first_deg,,,,,,,,,,,,,HIS466:A
PDE4D_monomer,m5,UNL:Z:1,water_bridges,674,PHE,A,,,,,,,,,,,True,,,,,,,,,,,,,,,,first_deg,,,,,,,,,,,,,PHE674:A
PDE4D_monomer,rf,ZN:B:1223,metal_complexes,1443,HOH,B,,,,2.202447729232182,,,,,,,,,,,,,,,,,,,,,,,,,,,,Zn,,O,5.0,water,131.55235864144905,trigonal.bipyramidal,1.0,HOH1443:B
PDE4D_monomer,rf,ZN:B:1223,metal_complexes,502,HIS,A,,,,2.4008692175959947,,,,,,,,,,,,,,,,,,,,,,,,,,,,Zn,,N,5.0,protein.sidechain,131.55235864144905,trigonal.bipyramidal,1.0,HIS502:A
PDE4D_monomer,rf,ZN:B:1223,metal_complexes,502,HIS,A,,,,1.6291313636413731,,,,,,,,,,,,,,,,,,,,,,,,,,,,Zn,,N,5.0,protein.sidechain,131.55235864144905,trigonal.bipyramidal,1.0,HIS502:A
PDE4D_monomer,rf,ZN:B:1223,metal_complexes,502,HIS,A,,,,2.4008692175959947,,,,,,,,,,,,,,,,,,,,,,,,,,,,Zn,,N,5.0,protein.sidechain,131.55235864144905,trigonal.bipyramidal,1.0,HIS502:A
PDE4D_monomer,rf,ZN:B:1223,metal_complexes,502,HIS,A,,,,1.6291313636413731,,,,,,,,,,,,,,,,,,,,,,,,,,,,Zn,,N,5.0,protein.sidechain,131.55235864144905,trigonal.bipyramidal,1.0,HIS502:A
PDE4D_monomer,rf,ZN:B:1223,metal_complexes,1443,HOH,B,,,,2.202447729232182,,,,,,,,,,,,,,,,,,,,,,,,,,,,Zn,,O,5.0,water,131.55235864144905,trigonal.bipyramidal,2.0,HOH1443:B
PDE4D_monomer,rf,ZN:B:1223,metal_complexes,502,HIS,A,,,,2.4008692175959947,,,,,,,,,,,,,,,,,,,,,,,,,,,,Zn,,N,5.0,protein.sidechain,131.55235864144905,trigonal.bipyramidal,2.0,HIS502:A
PDE4D_monomer,rf,ZN:B:1223,metal_complexes,502,HIS,A,,,,1.6291313636413731,,,,,,,,,,,,,,,,,,,,,,,,,,,,Zn,,N,5.0,protein.sidechain,131.55235864144905,trigonal.bipyramidal,2.0,HIS502:A
PDE4D_monomer,rf,ZN:B:1223,metal_complexes,502,HIS,A,,,,2.4008692175959947,,,,,,,,,,,,,,,,,,,,,,,,,,,,Zn,,N,5.0,protein.sidechain,131.55235864144905,trigonal.bipyramidal,2.0,HIS502:A
PDE4D_monomer,rf,ZN:B:1223,metal_complexes,502,HIS,A,,,,1.6291313636413731,,,,,,,,,,,,,,,,,,,,,,,,,,,,Zn,,N,5.0,protein.sidechain,131.55235864144905,trigonal.bipyramidal,2.0,HIS502:A
PDE4D_monomer,rf,MG:B:1224,metal_complexes,1441,HOH,B,,,,2.130300683002284,,,,,,,,,,,,,,,,,,,,,,,,,,,,Mg,,O,3.0,water,76.06071468606284,trigonal.pyramidal,1.0,HOH1441:B
PDE4D_monomer,rf,MG:B:1224,metal_complexes,502,HIS,A,,,,2.594539650882214,,,,,,,,,,,,,,,,,,,,,,,,,,,,Mg,,N,3.0,protein.sidechain,76.06071468606284,trigonal.pyramidal,1.0,HIS502:A
PDE4D_monomer,rf,MG:B:1224,metal_complexes,502,HIS,A,,,,2.594539650882214,,,,,,,,,,,,,,,,,,,,,,,,,,,,Mg,,N,3.0,protein.sidechain,76.06071468606284,trigonal.pyramidal,1.0,HIS502:A
PDE4D_monomer,rf,MG:B:1224,metal_complexes,1441,HOH,B,,,,2.130300683002284,,,,,,,,,,,,,,,,,,,,,,,,,,,,Mg,,O,3.0,water,76.06071468606284,trigonal.pyramidal,2.0,HOH1441:B
PDE4D_monomer,rf,MG:B:1224,metal_complexes,502,HIS,A,,,,2.594539650882214,,,,,,,,,,,,,,,,,,,,,,,,,,,,Mg,,N,3.0,protein.sidechain,76.06071468606284,trigonal.pyramidal,2.0,HIS502:A
PDE4D_monomer,rf,MG:B:1224,metal_complexes,502,HIS,A,,,,2.594539650882214,,,,,,,,,,,,,,,,,,,,,,,,,,,,Mg,,N,3.0,protein.sidechain,76.06071468606284,trigonal.pyramidal,2.0,HIS502:A
PDE4D_monomer,rf,UNL:A:1,hydrophobic_contacts,461,TYR,A,,,,3.2461649680815667,,,,,,,,,,,,,,,,,,,,,,,,,,,,,,,,,,,,TYR461:A
PDE4D_monomer,rf,UNL:A:1,hydrophobic_contacts,461,TYR,A,,,,3.8654556005728486,,,,,,,,,,,,,,,,,,,,,,,,,,,,,,,,,,,,TYR461:A
PDE4D_monomer,rf,UNL:A:1,hydrophobic_contacts,462,HIS,A,,,,3.6325287335408665,,,,,,,,,,,,,,,,,,,,,,,,,,,,,,,,,,,,HIS462:A
PDE4D_monomer,rf,UNL:A:1,hydrophobic_contacts,642,PHE,A,,,,3.5293343565040707,,,,,,,,,,,,,,,,,,,,,,,,,,,,,,,,,,,,PHE642:A
PDE4D_monomer,rf,UNL:A:1,hydrophobic_contacts,638,ILE,A,,,,3.282171841936373,,,,,,,,,,,,,,,,,,,,,,,,,,,,,,,,,,,,ILE638:A
PDE4D_monomer,rf,UNL:A:1,hydrophobic_contacts,674,PHE,A,,,,3.510167090040016,,,,,,,,,,,,,,,,,,,,,,,,,,,,,,,,,,,,PHE674:A
PDE4D_monomer,rf,UNL:A:1,hbonds_pdon,511,ASN,A,,,,,,,False,,,,True,,,,,,,,,,,,,,122.6124742010384,,strong,,,,,,,,,,,,,ASN511:A
PDE4D_monomer,rf,UNL:A:1,hbonds_pdon,511,ASN,A,,,,,,,False,,,,True,,,,,,,,,,,,,,122.6124742010384,,strong,,,,,,,,,,,,,ASN511:A
PDE4D_monomer,rf,UNL:A:1,hbonds_pdon,512,GLN,A,,,,,,,False,,,,True,,,,,,,,,,,,,,140.16819179222426,,strong,,,,,,,,,,,,,GLN512:A
PDE4D_monomer,rf,UNL:A:1,hbonds_pdon,461,TYR,A,,,,,,,True,,,,True,,,,,,,,,,,,,,135.23832660234797,,strong,,,,,,,,,,,,,TYR461:A
PDE4D_monomer,rf,UNL:A:1,water_bridges,466,HIS,A,,,,,,,,,,,True,,,,,,,,,,,,,,,,first_deg,,,,,,,,,,,,,HIS466:A
PDE4D_monomer,rolR,ZN:B:1223,metal_complexes,1443,HOH,B,,,,2.202447729232182,,,,,,,,,,,,,,,,,,,,,,,,,,,,Zn,,O,5.0,water,131.55235864144905,trigonal.bipyramidal,1.0,HOH1443:B
PDE4D_monomer,rolR,ZN:B:1223,metal_complexes,502,HIS,A,,,,2.4008692175959947,,,,,,,,,,,,,,,,,,,,,,,,,,,,Zn,,N,5.0,protein.sidechain,131.55235864144905,trigonal.bipyramidal,1.0,HIS502:A
PDE4D_monomer,rolR,ZN:B:1223,metal_complexes,502,HIS,A,,,,1.6291313636413731,,,,,,,,,,,,,,,,,,,,,,,,,,,,Zn,,N,5.0,protein.sidechain,131.55235864144905,trigonal.bipyramidal,1.0,HIS502:A
PDE4D_monomer,rolR,ZN:B:1223,metal_complexes,502,HIS,A,,,,2.4008692175959947,,,,,,,,,,,,,,,,,,,,,,,,,,,,Zn,,N,5.0,protein.sidechain,131.55235864144905,trigonal.bipyramidal,1.0,HIS502:A
PDE4D_monomer,rolR,ZN:B:1223,metal_complexes,502,HIS,A,,,,1.6291313636413731,,,,,,,,,,,,,,,,,,,,,,,,,,,,Zn,,N,5.0,protein.sidechain,131.55235864144905,trigonal.bipyramidal,1.0,HIS502:A
PDE4D_monomer,rolR,ZN:B:1223,metal_complexes,1443,HOH,B,,,,2.202447729232182,,,,,,,,,,,,,,,,,,,,,,,,,,,,Zn,,O,5.0,water,131.55235864144905,trigonal.bipyramidal,2.0,HOH1443:B
PDE4D_monomer,rolR,ZN:B:1223,metal_complexes,502,HIS,A,,,,2.4008692175959947,,,,,,,,,,,,,,,,,,,,,,,,,,,,Zn,,N,5.0,protein.sidechain,131.55235864144905,trigonal.bipyramidal,2.0,HIS502:A
PDE4D_monomer,rolR,ZN:B:1223,metal_complexes,502,HIS,A,,,,1.6291313636413731,,,,,,,,,,,,,,,,,,,,,,,,,,,,Zn,,N,5.0,protein.sidechain,131.55235864144905,trigonal.bipyramidal,2.0,HIS502:A
PDE4D_monomer,rolR,ZN:B:1223,metal_complexes,502,HIS,A,,,,2.4008692175959947,,,,,,,,,,,,,,,,,,,,,,,,,,,,Zn,,N,5.0,protein.sidechain,131.55235864144905,trigonal.bipyramidal,2.0,HIS502:A
PDE4D_monomer,rolR,ZN:B:1223,metal_complexes,502,HIS,A,,,,1.6291313636413731,,,,,,,,,,,,,,,,,,,,,,,,,,,,Zn,,N,5.0,protein.sidechain,131.55235864144905,trigonal.bipyramidal,2.0,HIS502:A
PDE4D_monomer,rolR,MG:B:1224,metal_complexes,1441,HOH,B,,,,2.130300683002284,,,,,,,,,,,,,,,,,,,,,,,,,,,,Mg,,O,3.0,water,76.06071468606284,trigonal.pyramidal,1.0,HOH1441:B
PDE4D_monomer,rolR,MG:B:1224,metal_complexes,502,HIS,A,,,,2.594539650882214,,,,,,,,,,,,,,,,,,,,,,,,,,,,Mg,,N,3.0,protein.sidechain,76.06071468606284,trigonal.pyramidal,1.0,HIS502:A
PDE4D_monomer,rolR,MG:B:1224,metal_complexes,502,HIS,A,,,,2.594539650882214,,,,,,,,,,,,,,,,,,,,,,,,,,,,Mg,,N,3.0,protein.sidechain,76.06071468606284,trigonal.pyramidal,1.0,HIS502:A
PDE4D_monomer,rolR,MG:B:1224,metal_complexes,1441,HOH,B,,,,2.130300683002284,,,,,,,,,,,,,,,,,,,,,,,,,,,,Mg,,O,3.0,water,76.06071468606284,trigonal.pyramidal,2.0,HOH1441:B
PDE4D_monomer,rolR,MG:B:1224,metal_complexes,502,HIS,A,,,,2.594539650882214,,,,,,,,,,,,,,,,,,,,,,,,,,,,Mg,,N,3.0,protein.sidechain,76.06071468606284,trigonal.pyramidal,2.0,HIS502:A
PDE4D_monomer,rolR,MG:B:1224,metal_complexes,502,HIS,A,,,,2.594539650882214,,,,,,,,,,,,,,,,,,,,,,,,,,,,Mg,,N,3.0,protein.sidechain,76.06071468606284,trigonal.pyramidal,2.0,HIS502:A
PDE4D_monomer,rolR,UNL:Z:1,hydrophobic_contacts,642,PHE,A,,,,3.844986085800572,,,,,,,,,,,,,,,,,,,,,,,,,,,,,,,,,,,,PHE642:A
PDE4D_monomer,rolR,UNL:Z:1,hydrophobic_contacts,659,MET,A,,,,3.8686299900610814,,,,,,,,,,,,,,,,,,,,,,,,,,,,,,,,,,,,MET659:A
PDE4D_monomer,rolR,UNL:Z:1,hydrophobic_contacts,674,PHE,A,,,,3.612470622717921,,,,,,,,,,,,,,,,,,,,,,,,,,,,,,,,,,,,PHE674:A
PDE4D_monomer,rolR,UNL:Z:1,hydrophobic_contacts,674,PHE,A,,,,3.664034524946509,,,,,,,,,,,,,,,,,,,,,,,,,,,,,,,,,,,,PHE674:A
PDE4D_monomer,rolR,UNL:Z:1,hydrophobic_contacts,462,HIS,A,,,,3.921007141028947,,,,,,,,,,,,,,,,,,,,,,,,,,,,,,,,,,,,HIS462:A
PDE4D_monomer,rolR,UNL:Z:1,hydrophobic_contacts,461,TYR,A,,,,3.6071465176784816,,,,,,,,,,,,,,,,,,,,,,,,,,,,,,,,,,,,TYR461:A
PDE4D_monomer,rolR,UNL:Z:1,hydrophobic_contacts,638,ILE,A,,,,3.7012508696385336,,,,,,,,,,,,,,,,,,,,,,,,,,,,,,,,,,,,ILE638:A
PDE4D_monomer,rolR,UNL:Z:1,hbonds_pdon,623,ASN,A,,,,,,,True,,,,True,,,,,,,,,,,,,,157.8899855783122,,strong,,,,,,,,,,,,,ASN623:A
PDE4D_monomer,rolR,UNL:Z:1,hbonds_pdon,623,ASN,A,,,,,,,True,,,,True,,,,,,,,,,,,,,157.8899855783122,,strong,,,,,,,,,,,,,ASN623:A
PDE4D_monomer,rolR,UNL:Z:1,water_bridges,674,PHE,A,,,,,,,,,,,True,,,,,,,,,,,,,,,,first_deg,,,,,,,,,,,,,PHE674:A
PDE4D_monomer,rolR,UNL:Z:1,water_bridges,674,PHE,A,,,,,,,,,,,False,,,,,,,,,,,,,,,,first_deg,,,,,,,,,,,,,PHE674:A
PDE4D_monomer,rolS,ZN:B:1223,metal_complexes,1443,HOH,B,,,,2.202447729232182,,,,,,,,,,,,,,,,,,,,,,,,,,,,Zn,,O,5.0,water,131.55235864144905,trigonal.bipyramidal,1.0,HOH1443:B
PDE4D_monomer,rolS,ZN:B:1223,metal_complexes,502,HIS,A,,,,2.4008692175959947,,,,,,,,,,,,,,,,,,,,,,,,,,,,Zn,,N,5.0,protein.sidechain,131.55235864144905,trigonal.bipyramidal,1.0,HIS502:A
PDE4D_monomer,rolS,ZN:B:1223,metal_complexes,502,HIS,A,,,,1.6291313636413731,,,,,,,,,,,,,,,,,,,,,,,,,,,,Zn,,N,5.0,protein.sidechain,131.55235864144905,trigonal.bipyramidal,1.0,HIS502:A
PDE4D_monomer,rolS,ZN:B:1223,metal_complexes,502,HIS,A,,,,2.4008692175959947,,,,,,,,,,,,,,,,,,,,,,,,,,,,Zn,,N,5.0,protein.sidechain,131.55235864144905,trigonal.bipyramidal,1.0,HIS502:A
PDE4D_monomer,rolS,ZN:B:1223,metal_complexes,502,HIS,A,,,,1.6291313636413731,,,,,,,,,,,,,,,,,,,,,,,,,,,,Zn,,N,5.0,protein.sidechain,131.55235864144905,trigonal.bipyramidal,1.0,HIS502:A
PDE4D_monomer,rolS,ZN:B:1223,metal_complexes,1443,HOH,B,,,,2.202447729232182,,,,,,,,,,,,,,,,,,,,,,,,,,,,Zn,,O,5.0,water,131.55235864144905,trigonal.bipyramidal,2.0,HOH1443:B
PDE4D_monomer,rolS,ZN:B:1223,metal_complexes,502,HIS,A,,,,2.4008692175959947,,,,,,,,,,,,,,,,,,,,,,,,,,,,Zn,,N,5.0,protein.sidechain,131.55235864144905,trigonal.bipyramidal,2.0,HIS502:A
PDE4D_monomer,rolS,ZN:B:1223,metal_complexes,502,HIS,A,,,,1.6291313636413731,,,,,,,,,,,,,,,,,,,,,,,,,,,,Zn,,N,5.0,protein.sidechain,131.55235864144905,trigonal.bipyramidal,2.0,HIS502:A
PDE4D_monomer,rolS,ZN:B:1223,metal_complexes,502,HIS,A,,,,2.4008692175959947,,,,,,,,,,,,,,,,,,,,,,,,,,,,Zn,,N,5.0,protein.sidechain,131.55235864144905,trigonal.bipyramidal,2.0,HIS502:A
PDE4D_monomer,rolS,ZN:B:1223,metal_complexes,502,HIS,A,,,,1.6291313636413731,,,,,,,,,,,,,,,,,,,,,,,,,,,,Zn,,N,5.0,protein.sidechain,131.55235864144905,trigonal.bipyramidal,2.0,HIS502:A
PDE4D_monomer,rolS,MG:B:1224,metal_complexes,1441,HOH,B,,,,2.130300683002284,,,,,,,,,,,,,,,,,,,,,,,,,,,,Mg,,O,3.0,water,76.06071468606284,trigonal.pyramidal,1.0,HOH1441:B
PDE4D_monomer,rolS,MG:B:1224,metal_complexes,502,HIS,A,,,,2.594539650882214,,,,,,,,,,,,,,,,,,,,,,,,,,,,Mg,,N,3.0,protein.sidechain,76.06071468606284,trigonal.pyramidal,1.0,HIS502:A
PDE4D_monomer,rolS,MG:B:1224,metal_complexes,502,HIS,A,,,,2.594539650882214,,,,,,,,,,,,,,,,,,,,,,,,,,,,Mg,,N,3.0,protein.sidechain,76.06071468606284,trigonal.pyramidal,1.0,HIS502:A
PDE4D_monomer,rolS,MG:B:1224,metal_complexes,1441,HOH,B,,,,2.130300683002284,,,,,,,,,,,,,,,,,,,,,,,,,,,,Mg,,O,3.0,water,76.06071468606284,trigonal.pyramidal,2.0,HOH1441:B
PDE4D_monomer,rolS,MG:B:1224,metal_complexes,502,HIS,A,,,,2.594539650882214,,,,,,,,,,,,,,,,,,,,,,,,,,,,Mg,,N,3.0,protein.sidechain,76.06071468606284,trigonal.pyramidal,2.0,HIS502:A
PDE4D_monomer,rolS,MG:B:1224,metal_complexes,502,HIS,A,,,,2.594539650882214,,,,,,,,,,,,,,,,,,,,,,,,,,,,Mg,,N,3.0,protein.sidechain,76.06071468606284,trigonal.pyramidal,2.0,HIS502:A
PDE4D_monomer,rolS,UNL:Z:1,hydrophobic_contacts,461,TYR,A,,,,3.656387424767785,,,,,,,,,,,,,,,,,,,,,,,,,,,,,,,,,,,,TYR461:A
PDE4D_monomer,rolS,UNL:Z:1,hydrophobic_contacts,638,ILE,A,,,,3.748091114153976,,,,,,,,,,,,,,,,,,,,,,,,,,,,,,,,,,,,ILE638:A
PDE4D_monomer,rolS,UNL:Z:1,hydrophobic_contacts,674,PHE,A,,,,3.584783117567924,,,,,,,,,,,,,,,,,,,,,,,,,,,,,,,,,,,,PHE674:A
PDE4D_monomer,rolS,UNL:Z:1,hydrophobic_contacts,638,ILE,A,,,,3.289423809727168,,,,,,,,,,,,,,,,,,,,,,,,,,,,,,,,,,,,ILE638:A
PDE4D_monomer,rolS,UNL:Z:1,hydrophobic_contacts,642,PHE,A,,,,3.657588003042441,,,,,,,,,,,,,,,,,,,,,,,,,,,,,,,,,,,,PHE642:A
PDE4D_monomer,rolS,UNL:Z:1,hbonds_pdon,671,GLN,A,,,,,,,True,,,,True,,,,,,,,,,,,,,106.94554036265032,,strong,,,,,,,,,,,,,GLN671:A
PDE4D_monomer,rolS,UNL:Z:1,hbonds_pdon,671,GLN,A,,,,,,,True,,,,True,,,,,,,,,,,,,,113.32998203346877,,strong,,,,,,,,,,,,,GLN671:A
PDE4D_monomer,rolS,UNL:Z:1,water_bridges,641,GLU,A,,,,,,,,,,,True,,,,,,,,,,,,,,,,first_deg,,,,,,,,,,,,,GLU641:A
