********  (C) Copyright Rosetta Commons Member Institutions.  ***************
* Use of Rosetta for commercial purposes may require purchase of a license. *
********  See LICENSE.md or email license@uw.edu for more details. **********
core.init: Checking for fconfig files in pwd and ./rosetta/flags 
core.init: Rosetta version: rosetta.binary.ubuntu.release-408 r408 2025.37+release.df75a9c48e df75a9c48e763e52a7aa3f5dfba077f4da88dbf5 https://www.rosettacommons.org 2025-09-10T02:14:08.564791
core.init: Rosetta extras: []
core.init: command: /home/gbiuser/Downloads/rosetta.binary.ubuntu.release-408/main/source/bin/relax.default.linuxgccrelease -s ../1-modeller/target.BL00010001.pdb -relax:thorough -relax:constrain_relax_to_start_coords -constraints:cst_file cst.cst -nstruct 6 -out:suffix _6 -out:file:silent relax_6.silent -out:file:silent_struct_type binary
basic.random.init_random_generator: 'RNG device' seed mode, using '/dev/urandom', seed=-1933552232 seed_offset=0 real_seed=-1933552232
basic.random.init_random_generator: RandomGenerator:init: Normal mode, seed=-1933552232 RG_type=mt19937
core.init: Resolved executable path: /home/gbiuser/Downloads/rosetta.binary.ubuntu.release-408/main/source/build/src/release/linux/6.8/64/x86/gcc/11/default/relax.default.linuxgccrelease
core.init: Looking for database based on location of executable: /home/gbiuser/Downloads/rosetta.binary.ubuntu.release-408/main/database/
core.scoring.ScoreFunctionFactory: SCOREFUNCTION: ref2015
core.scoring.etable: Starting energy table calculation
core.scoring.etable: smooth_etable: changing atr/rep split to bottom of energy well
core.scoring.etable: smooth_etable: spline smoothing lj etables (maxdis = 6)
core.scoring.etable: smooth_etable: spline smoothing solvation etables (max_dis = 6)
core.scoring.etable: Finished calculating energy tables.
basic.io.database: Database file opened: scoring/score_functions/hbonds/ref2015_params/HBPoly1D.csv
basic.io.database: Database file opened: scoring/score_functions/hbonds/ref2015_params/HBFadeIntervals.csv
basic.io.database: Database file opened: scoring/score_functions/hbonds/ref2015_params/HBEval.csv
basic.io.database: Database file opened: scoring/score_functions/hbonds/ref2015_params/DonStrength.csv
basic.io.database: Database file opened: scoring/score_functions/hbonds/ref2015_params/AccStrength.csv
core.chemical.GlobalResidueTypeSet: Finished initializing fa_standard residue type set.  Created 985 residue types
core.chemical.GlobalResidueTypeSet: Total time to initialize 1.2697 seconds.
basic.io.database: Database file opened: scoring/score_functions/rama/fd/all.ramaProb
basic.io.database: Database file opened: scoring/score_functions/rama/fd/prepro.ramaProb
basic.io.database: Database file opened: scoring/score_functions/omega/omega_ppdep.all.txt
basic.io.database: Database file opened: scoring/score_functions/omega/omega_ppdep.gly.txt
basic.io.database: Database file opened: scoring/score_functions/omega/omega_ppdep.pro.txt
basic.io.database: Database file opened: scoring/score_functions/omega/omega_ppdep.valile.txt
basic.io.database: Database file opened: scoring/score_functions/P_AA_pp/P_AA
basic.io.database: Database file opened: scoring/score_functions/P_AA_pp/P_AA_n
core.scoring.P_AA: shapovalov_lib::shap_p_aa_pp_smooth_level of 1( aka low_smooth ) got activated.
basic.io.database: Database file opened: scoring/score_functions/P_AA_pp/shapovalov/10deg/kappa131/a20.prop
protocols.relax.RelaxScriptManager: Reading relax scripts list from database.
protocols.relax.RelaxScriptManager: Looking for MonomerRelax2019.txt
protocols.relax.RelaxScriptManager: ================== Reading script file: /home/gbiuser/Downloads/rosetta.binary.ubuntu.release-408/main/database/sampling/relax_scripts/MonomerRelax2019.txt ==================
protocols.relax.RelaxScriptManager: repeat %%nrepeats%%
protocols.relax.RelaxScriptManager: coord_cst_weight 1.0
protocols.relax.RelaxScriptManager: scale:fa_rep 0.040
protocols.relax.RelaxScriptManager: repack
protocols.relax.RelaxScriptManager: scale:fa_rep 0.051
protocols.relax.RelaxScriptManager: min 0.01
protocols.relax.RelaxScriptManager: coord_cst_weight 0.5
protocols.relax.RelaxScriptManager: scale:fa_rep 0.265
protocols.relax.RelaxScriptManager: repack
protocols.relax.RelaxScriptManager: scale:fa_rep 0.280
protocols.relax.RelaxScriptManager: min 0.01
protocols.relax.RelaxScriptManager: coord_cst_weight 0.0
protocols.relax.RelaxScriptManager: scale:fa_rep 0.559
protocols.relax.RelaxScriptManager: repack
protocols.relax.RelaxScriptManager: scale:fa_rep 0.581
protocols.relax.RelaxScriptManager: min 0.01
protocols.relax.RelaxScriptManager: coord_cst_weight 0.0
protocols.relax.RelaxScriptManager: scale:fa_rep 1
protocols.relax.RelaxScriptManager: repack
protocols.relax.RelaxScriptManager: min 0.00001
protocols.relax.RelaxScriptManager: accept_to_best
protocols.relax.RelaxScriptManager: endrepeat
core.scoring.constraints.util: Constraint choice: cst.cst
protocols.jd2.PDBJobInputter: Instantiate PDBJobInputter
protocols.jd2.PDBJobInputter: PDBJobInputter::fill_jobs
protocols.jd2.PDBJobInputter: pushed ../1-modeller/target.BL00010001.pdb nstruct indices 1 - 6
protocols.evaluation.ChiWellRmsdEvaluatorCreator: Evaluation Creator active ... 
protocols.jd2.PDBJobInputter: PDBJobInputter::pose_from_job
protocols.jd2.PDBJobInputter: filling pose from PDB ../1-modeller/target.BL00010001.pdb
core.import_pose.import_pose: File '../1-modeller/target.BL00010001.pdb' automatically determined to be of type PDB from contents.
core.io.rcsb.ExperimentalTechnique: [ ERROR ] Unrecognized experimental technique string 'THEORETICAL MODEL, MODELLER 10.8 2026/08/10 16:18:02'
core.scoring.constraints.ConstraintsIO: read constraints from cst.cst
core.scoring.constraints.ConstraintsIO: Read in 14 constraints
basic.io.database: Database file opened: scoring/score_functions/elec_cp_reps.dat
core.scoring.elec.util: Read 40 countpair representative atoms
core.pack.dunbrack.RotamerLibrary: shapovalov_lib_fixes_enable option is true.
core.pack.dunbrack.RotamerLibrary: shapovalov_lib::shap_dun10_smooth_level of 1( aka lowest_smooth ) got activated.
core.pack.dunbrack.RotamerLibrary: Binary rotamer library selected: /home/gbiuser/Downloads/rosetta.binary.ubuntu.release-408/main/database/rotamer/shapovalov/StpDwn_0-0-0/Dunbrack10.lib.bin
core.pack.dunbrack.RotamerLibrary: Using Dunbrack library binary file '/home/gbiuser/Downloads/rosetta.binary.ubuntu.release-408/main/database/rotamer/shapovalov/StpDwn_0-0-0/Dunbrack10.lib.bin'.
core.pack.dunbrack.RotamerLibrary: Dunbrack 2010 library took 0.374752 seconds to load from binary
protocols.relax.FastRelax: CMD: repeat  4476.34  0  0  0.55
protocols.relax.FastRelax: CMD: coord_cst_weight  4476.34  0  0  0.55
protocols.relax.FastRelax: CMD: scale:fa_rep  806.987  0  0  0.022
core.pack.task: Packer task: initialize from command line() 
core.pack.pack_rotamers: built 8129 rotamers at 492 positions.
core.pack.interaction_graph.interaction_graph_factory: Instantiating DensePDInteractionGraph
protocols.relax.FastRelax: CMD: repack  -881.646  0  0  0.022
protocols.relax.FastRelax: CMD: scale:fa_rep  -842.911  0  0  0.02805
core.optimization.Minimizer: [ WARNING ] LBFGS MAX CYCLES 2000 EXCEEDED, BUT FUNC NOT CONVERGED!
protocols.relax.FastRelax: CMD: min  -1296.04  0.149397  0.149397  0.02805
protocols.relax.FastRelax: CMD: coord_cst_weight  -1342.86  0.149397  0.149397  0.02805
protocols.relax.FastRelax: CMD: scale:fa_rep  -954.364  0.149397  0.149397  0.14575
core.pack.task: Packer task: initialize from command line() 
core.pack.pack_rotamers: built 7424 rotamers at 492 positions.
core.pack.interaction_graph.interaction_graph_factory: Instantiating DensePDInteractionGraph
protocols.relax.FastRelax: CMD: repack  -993.175  0.149397  0.149397  0.14575
protocols.relax.FastRelax: CMD: scale:fa_rep  -971.671  0.149397  0.149397  0.154
protocols.relax.FastRelax: CMD: min  -1159.57  0.206225  0.206225  0.154
protocols.relax.FastRelax: CMD: coord_cst_weight  -1250.64  0.206225  0.206225  0.154
protocols.relax.FastRelax: CMD: scale:fa_rep  -1063.41  0.206225  0.206225  0.30745
core.pack.task: Packer task: initialize from command line() 
core.pack.pack_rotamers: built 7197 rotamers at 492 positions.
core.pack.interaction_graph.interaction_graph_factory: Instantiating DensePDInteractionGraph
protocols.relax.FastRelax: CMD: repack  -1067.89  0.206225  0.206225  0.30745
protocols.relax.FastRelax: CMD: scale:fa_rep  -1053.19  0.206225  0.206225  0.31955
protocols.relax.FastRelax: CMD: min  -1244.29  2.40194  2.40194  0.31955
protocols.relax.FastRelax: CMD: coord_cst_weight  -1244.29  2.40194  2.40194  0.31955
protocols.relax.FastRelax: CMD: scale:fa_rep  -1032.8  2.40194  2.40194  0.55
core.pack.task: Packer task: initialize from command line() 
core.pack.pack_rotamers: built 7053 rotamers at 492 positions.
core.pack.interaction_graph.interaction_graph_factory: Instantiating DensePDInteractionGraph
protocols.relax.FastRelax: CMD: repack  -1038.79  2.40194  2.40194  0.55
protocols.relax.FastRelax: CMD: min  -1104.78  2.85139  2.85139  0.55
protocols.relax.FastRelax: MRP: 0  -1104.78  -1104.78  2.85139  2.85139  
protocols.relax.FastRelax: CMD: accept_to_best  -1104.78  2.85139  2.85139  0.55
protocols.relax.FastRelax: CMD: endrepeat  -1104.78  2.85139  2.85139  0.55
protocols.relax.FastRelax: CMD: coord_cst_weight  82028.3  2.85139  2.85139  0.55
protocols.relax.FastRelax: CMD: scale:fa_rep  81693.1  2.85139  2.85139  0.022
core.pack.task: Packer task: initialize from command line() 
core.pack.pack_rotamers: built 7782 rotamers at 492 positions.
core.pack.interaction_graph.interaction_graph_factory: Instantiating DensePDInteractionGraph
protocols.relax.FastRelax: CMD: repack  81679.9  2.85139  2.85139  0.022
protocols.relax.FastRelax: CMD: scale:fa_rep  81688.6  2.85139  2.85139  0.02805
core.optimization.Minimizer: [ WARNING ] LBFGS MAX CYCLES 2000 EXCEEDED, BUT FUNC NOT CONVERGED!
protocols.relax.FastRelax: CMD: min  -1262.15  0.171011  0.171011  0.02805
protocols.relax.FastRelax: CMD: coord_cst_weight  -1325.98  0.171011  0.171011  0.02805
protocols.relax.FastRelax: CMD: scale:fa_rep  -995.047  0.171011  0.171011  0.14575
core.pack.task: Packer task: initialize from command line() 
core.pack.pack_rotamers: built 7378 rotamers at 492 positions.
core.pack.interaction_graph.interaction_graph_factory: Instantiating DensePDInteractionGraph
protocols.relax.FastRelax: CMD: repack  -1047.88  0.171011  0.171011  0.14575
protocols.relax.FastRelax: CMD: scale:fa_rep  -1028.42  0.171011  0.171011  0.154
protocols.relax.FastRelax: CMD: min  -1184.21  0.218017  0.218017  0.154
protocols.relax.FastRelax: CMD: coord_cst_weight  -1287.42  0.218017  0.218017  0.154
protocols.relax.FastRelax: CMD: scale:fa_rep  -1106.38  0.218017  0.218017  0.30745
core.pack.task: Packer task: initialize from command line() 
core.pack.pack_rotamers: built 7159 rotamers at 492 positions.
core.pack.interaction_graph.interaction_graph_factory: Instantiating DensePDInteractionGraph
protocols.relax.FastRelax: CMD: repack  -1108.24  0.218017  0.218017  0.30745
protocols.relax.FastRelax: CMD: scale:fa_rep  -1094.21  0.218017  0.218017  0.31955
protocols.relax.FastRelax: CMD: min  -1275.99  2.50906  2.50906  0.31955
protocols.relax.FastRelax: CMD: coord_cst_weight  -1275.99  2.50906  2.50906  0.31955
protocols.relax.FastRelax: CMD: scale:fa_rep  -1066.82  2.50906  2.50906  0.55
core.pack.task: Packer task: initialize from command line() 
core.pack.pack_rotamers: built 7003 rotamers at 492 positions.
core.pack.interaction_graph.interaction_graph_factory: Instantiating DensePDInteractionGraph
protocols.relax.FastRelax: CMD: repack  -1061.02  2.50906  2.50906  0.55
protocols.relax.FastRelax: CMD: min  -1118.63  2.30502  2.30502  0.55
protocols.relax.FastRelax: MRP: 1  -1118.63  -1118.63  2.30502  2.30502  
protocols.relax.FastRelax: CMD: accept_to_best  -1118.63  2.30502  2.30502  0.55
protocols.relax.FastRelax: CMD: endrepeat  -1118.63  2.30502  2.30502  0.55
protocols.relax.FastRelax: CMD: coord_cst_weight  124910  2.30502  2.30502  0.55
protocols.relax.FastRelax: CMD: scale:fa_rep  124581  2.30502  2.30502  0.022
core.pack.task: Packer task: initialize from command line() 
core.pack.pack_rotamers: built 7702 rotamers at 492 positions.
core.pack.interaction_graph.interaction_graph_factory: Instantiating DensePDInteractionGraph
protocols.relax.FastRelax: CMD: repack  124575  2.30502  2.30502  0.022
protocols.relax.FastRelax: CMD: scale:fa_rep  124587  2.30502  2.30502  0.02805
core.optimization.Minimizer: [ WARNING ] LBFGS MAX CYCLES 2000 EXCEEDED, BUT FUNC NOT CONVERGED!
protocols.relax.FastRelax: CMD: min  -1272.34  0.179694  0.179694  0.02805
protocols.relax.FastRelax: CMD: coord_cst_weight  -1340.86  0.179694  0.179694  0.02805
protocols.relax.FastRelax: CMD: scale:fa_rep  -1014.66  0.179694  0.179694  0.14575
core.pack.task: Packer task: initialize from command line() 
core.pack.pack_rotamers: built 7385 rotamers at 492 positions.
core.pack.interaction_graph.interaction_graph_factory: Instantiating DensePDInteractionGraph
protocols.relax.FastRelax: CMD: repack  -1052.38  0.179694  0.179694  0.14575
protocols.relax.FastRelax: CMD: scale:fa_rep  -1032.75  0.179694  0.179694  0.154
protocols.relax.FastRelax: CMD: min  -1187.96  0.223575  0.223575  0.154
protocols.relax.FastRelax: CMD: coord_cst_weight  -1297.26  0.223575  0.223575  0.154
protocols.relax.FastRelax: CMD: scale:fa_rep  -1115.54  0.223575  0.223575  0.30745
core.pack.task: Packer task: initialize from command line() 
core.pack.pack_rotamers: built 7133 rotamers at 492 positions.
core.pack.interaction_graph.interaction_graph_factory: Instantiating DensePDInteractionGraph
protocols.relax.FastRelax: CMD: repack  -1117.71  0.223575  0.223575  0.30745
protocols.relax.FastRelax: CMD: scale:fa_rep  -1103.6  0.223575  0.223575  0.31955
protocols.relax.FastRelax: CMD: min  -1260.85  2.8557  2.8557  0.31955
protocols.relax.FastRelax: CMD: coord_cst_weight  -1260.85  2.8557  2.8557  0.31955
protocols.relax.FastRelax: CMD: scale:fa_rep  -1031.2  2.8557  2.8557  0.55
core.pack.task: Packer task: initialize from command line() 
core.pack.pack_rotamers: built 6986 rotamers at 492 positions.
core.pack.interaction_graph.interaction_graph_factory: Instantiating DensePDInteractionGraph
protocols.relax.FastRelax: CMD: repack  -1083.61  2.8557  2.8557  0.55
protocols.relax.FastRelax: CMD: min  -1141.38  2.82417  2.82417  0.55
protocols.relax.FastRelax: MRP: 2  -1141.38  -1141.38  2.82417  2.82417  
protocols.relax.FastRelax: CMD: accept_to_best  -1141.38  2.82417  2.82417  0.55
protocols.relax.FastRelax: CMD: endrepeat  -1141.38  2.82417  2.82417  0.55
protocols.relax.FastRelax: CMD: coord_cst_weight  80633.8  2.82417  2.82417  0.55
protocols.relax.FastRelax: CMD: scale:fa_rep  80307.6  2.82417  2.82417  0.022
core.pack.task: Packer task: initialize from command line() 
core.pack.pack_rotamers: built 7712 rotamers at 492 positions.
core.pack.interaction_graph.interaction_graph_factory: Instantiating DensePDInteractionGraph
protocols.relax.FastRelax: CMD: repack  80289.5  2.82417  2.82417  0.022
protocols.relax.FastRelax: CMD: scale:fa_rep  80296  2.82417  2.82417  0.02805
core.optimization.Minimizer: [ WARNING ] LBFGS MAX CYCLES 2000 EXCEEDED, BUT FUNC NOT CONVERGED!
protocols.relax.FastRelax: CMD: min  -1259.96  0.182756  0.182756  0.02805
protocols.relax.FastRelax: CMD: coord_cst_weight  -1329.92  0.182756  0.182756  0.02805
protocols.relax.FastRelax: CMD: scale:fa_rep  -1005.53  0.182756  0.182756  0.14575
core.pack.task: Packer task: initialize from command line() 
core.pack.pack_rotamers: built 7385 rotamers at 492 positions.
core.pack.interaction_graph.interaction_graph_factory: Instantiating DensePDInteractionGraph
protocols.relax.FastRelax: CMD: repack  -1060.25  0.182756  0.182756  0.14575
protocols.relax.FastRelax: CMD: scale:fa_rep  -1041.17  0.182756  0.182756  0.154
protocols.relax.FastRelax: CMD: min  -1188.13  0.223535  0.223535  0.154
protocols.relax.FastRelax: CMD: coord_cst_weight  -1297.32  0.223535  0.223535  0.154
protocols.relax.FastRelax: CMD: scale:fa_rep  -1118.44  0.223535  0.223535  0.30745
core.pack.task: Packer task: initialize from command line() 
core.pack.pack_rotamers: built 7135 rotamers at 492 positions.
core.pack.interaction_graph.interaction_graph_factory: Instantiating DensePDInteractionGraph
protocols.relax.FastRelax: CMD: repack  -1119.37  0.223535  0.223535  0.30745
protocols.relax.FastRelax: CMD: scale:fa_rep  -1105.42  0.223535  0.223535  0.31955
protocols.relax.FastRelax: CMD: min  -1282.52  2.8476  2.8476  0.31955
protocols.relax.FastRelax: CMD: coord_cst_weight  -1282.52  2.8476  2.8476  0.31955
protocols.relax.FastRelax: CMD: scale:fa_rep  -1069.64  2.8476  2.8476  0.55
core.pack.task: Packer task: initialize from command line() 
core.pack.pack_rotamers: built 6992 rotamers at 492 positions.
core.pack.interaction_graph.interaction_graph_factory: Instantiating DensePDInteractionGraph
protocols.relax.FastRelax: CMD: repack  -1090.98  2.8476  2.8476  0.55
protocols.relax.FastRelax: CMD: min  -1143.53  3.32655  3.32655  0.55
protocols.relax.FastRelax: MRP: 3  -1143.53  -1143.53  3.32655  3.32655  
protocols.relax.FastRelax: CMD: accept_to_best  -1143.53  3.32655  3.32655  0.55
protocols.relax.FastRelax: CMD: endrepeat  -1143.53  3.32655  3.32655  0.55
protocols.relax.FastRelax: CMD: coord_cst_weight  126644  3.32655  3.32655  0.55
protocols.relax.FastRelax: CMD: scale:fa_rep  126319  3.32655  3.32655  0.022
core.pack.task: Packer task: initialize from command line() 
core.pack.pack_rotamers: built 7734 rotamers at 492 positions.
core.pack.interaction_graph.interaction_graph_factory: Instantiating DensePDInteractionGraph
protocols.relax.FastRelax: CMD: repack  126329  3.32655  3.32655  0.022
protocols.relax.FastRelax: CMD: scale:fa_rep  126341  3.32655  3.32655  0.02805
core.optimization.Minimizer: [ WARNING ] LBFGS MAX CYCLES 2000 EXCEEDED, BUT FUNC NOT CONVERGED!
protocols.relax.FastRelax: CMD: min  -1238.32  0.186533  0.186533  0.02805
protocols.relax.FastRelax: CMD: coord_cst_weight  -1311.37  0.186533  0.186533  0.02805
protocols.relax.FastRelax: CMD: scale:fa_rep  -957.102  0.186533  0.186533  0.14575
core.pack.task: Packer task: initialize from command line() 
core.pack.pack_rotamers: built 7316 rotamers at 492 positions.
core.pack.interaction_graph.interaction_graph_factory: Instantiating DensePDInteractionGraph
protocols.relax.FastRelax: CMD: repack  -1030.13  0.186533  0.186533  0.14575
protocols.relax.FastRelax: CMD: scale:fa_rep  -1010  0.186533  0.186533  0.154
protocols.relax.FastRelax: CMD: min  -1180.63  0.22678  0.22678  0.154
protocols.relax.FastRelax: CMD: coord_cst_weight  -1291.87  0.22678  0.22678  0.154
protocols.relax.FastRelax: CMD: scale:fa_rep  -1109.31  0.22678  0.22678  0.30745
core.pack.task: Packer task: initialize from command line() 
core.pack.pack_rotamers: built 7167 rotamers at 492 positions.
core.pack.interaction_graph.interaction_graph_factory: Instantiating DensePDInteractionGraph
protocols.relax.FastRelax: CMD: repack  -1113.98  0.22678  0.22678  0.30745
protocols.relax.FastRelax: CMD: scale:fa_rep  -1099.75  0.22678  0.22678  0.31955
protocols.relax.FastRelax: CMD: min  -1292.51  3.30391  3.30391  0.31955
protocols.relax.FastRelax: CMD: coord_cst_weight  -1292.51  3.30391  3.30391  0.31955
protocols.relax.FastRelax: CMD: scale:fa_rep  -1088.17  3.30391  3.30391  0.55
core.pack.task: Packer task: initialize from command line() 
core.pack.pack_rotamers: built 7014 rotamers at 492 positions.
core.pack.interaction_graph.interaction_graph_factory: Instantiating DensePDInteractionGraph
protocols.relax.FastRelax: CMD: repack  -1090.12  3.30391  3.30391  0.55
protocols.relax.FastRelax: CMD: min  -1142.27  3.89029  3.89029  0.55
protocols.relax.FastRelax: MRP: 4  -1142.27  -1143.53  3.32655  3.32655  
protocols.relax.FastRelax: CMD: accept_to_best  -1142.27  3.89029  3.89029  0.55
protocols.relax.FastRelax: CMD: endrepeat  -1142.27  3.89029  3.89029  0.55
protocols.relax.FastRelax: CMD: coord_cst_weight  152582  3.89029  3.89029  0.55
protocols.relax.FastRelax: CMD: scale:fa_rep  152256  3.89029  3.89029  0.022
core.pack.task: Packer task: initialize from command line() 
core.pack.pack_rotamers: built 7731 rotamers at 492 positions.
core.pack.interaction_graph.interaction_graph_factory: Instantiating DensePDInteractionGraph
protocols.relax.FastRelax: CMD: repack  152270  3.89029  3.89029  0.022
protocols.relax.FastRelax: CMD: scale:fa_rep  152284  3.89029  3.89029  0.02805
core.optimization.Minimizer: [ WARNING ] LBFGS MAX CYCLES 2000 EXCEEDED, BUT FUNC NOT CONVERGED!
protocols.relax.FastRelax: CMD: min  -1256.95  0.18768  0.18768  0.02805
protocols.relax.FastRelax: CMD: coord_cst_weight  -1331.93  0.18768  0.18768  0.02805
protocols.relax.FastRelax: CMD: scale:fa_rep  -989.021  0.18768  0.18768  0.14575
core.pack.task: Packer task: initialize from command line() 
core.pack.pack_rotamers: built 7442 rotamers at 492 positions.
core.pack.interaction_graph.interaction_graph_factory: Instantiating DensePDInteractionGraph
protocols.relax.FastRelax: CMD: repack  -1045.16  0.18768  0.18768  0.14575
protocols.relax.FastRelax: CMD: scale:fa_rep  -1025.18  0.18768  0.18768  0.154
protocols.relax.FastRelax: CMD: min  -1183.34  0.229327  0.229327  0.154
protocols.relax.FastRelax: CMD: coord_cst_weight  -1296.69  0.229327  0.229327  0.154
protocols.relax.FastRelax: CMD: scale:fa_rep  -1113.91  0.229327  0.229327  0.30745
core.pack.task: Packer task: initialize from command line() 
core.pack.pack_rotamers: built 7162 rotamers at 492 positions.
core.pack.interaction_graph.interaction_graph_factory: Instantiating DensePDInteractionGraph
protocols.relax.FastRelax: CMD: repack  -1114.74  0.229327  0.229327  0.30745
protocols.relax.FastRelax: CMD: scale:fa_rep  -1100.48  0.229327  0.229327  0.31955
protocols.relax.FastRelax: CMD: min  -1298.68  2.93345  2.93345  0.31955
protocols.relax.FastRelax: CMD: coord_cst_weight  -1298.68  2.93345  2.93345  0.31955
protocols.relax.FastRelax: CMD: scale:fa_rep  -1093.71  2.93345  2.93345  0.55
core.pack.task: Packer task: initialize from command line() 
core.pack.pack_rotamers: built 7052 rotamers at 492 positions.
core.pack.interaction_graph.interaction_graph_factory: Instantiating DensePDInteractionGraph
protocols.relax.FastRelax: CMD: repack  -1096.92  2.93345  2.93345  0.55
protocols.relax.FastRelax: CMD: min  -1145.96  3.23808  3.23808  0.55
protocols.relax.FastRelax: MRP: 5  -1145.96  -1145.96  3.23808  3.23808  
protocols.relax.FastRelax: CMD: accept_to_best  -1145.96  3.23808  3.23808  0.55
protocols.relax.FastRelax: CMD: endrepeat  -1145.96  3.23808  3.23808  0.55
protocols.relax.FastRelax: CMD: coord_cst_weight  80350.4  3.23808  3.23808  0.55
protocols.relax.FastRelax: CMD: scale:fa_rep  80020.9  3.23808  3.23808  0.022
core.pack.task: Packer task: initialize from command line() 
core.pack.pack_rotamers: built 7695 rotamers at 492 positions.
core.pack.interaction_graph.interaction_graph_factory: Instantiating DensePDInteractionGraph
protocols.relax.FastRelax: CMD: repack  80005.3  3.23808  3.23808  0.022
protocols.relax.FastRelax: CMD: scale:fa_rep  80013.9  3.23808  3.23808  0.02805
core.optimization.Minimizer: [ WARNING ] LBFGS MAX CYCLES 2000 EXCEEDED, BUT FUNC NOT CONVERGED!
protocols.relax.FastRelax: CMD: min  -1268.41  0.184569  0.184569  0.02805
protocols.relax.FastRelax: CMD: coord_cst_weight  -1341.61  0.184569  0.184569  0.02805
protocols.relax.FastRelax: CMD: scale:fa_rep  -1018.92  0.184569  0.184569  0.14575
core.pack.task: Packer task: initialize from command line() 
core.pack.pack_rotamers: built 7403 rotamers at 492 positions.
core.pack.interaction_graph.interaction_graph_factory: Instantiating DensePDInteractionGraph
protocols.relax.FastRelax: CMD: repack  -1040.38  0.184569  0.184569  0.14575
protocols.relax.FastRelax: CMD: scale:fa_rep  -1020.8  0.184569  0.184569  0.154
protocols.relax.FastRelax: CMD: min  -1178.19  0.233059  0.233059  0.154
protocols.relax.FastRelax: CMD: coord_cst_weight  -1294.19  0.233059  0.233059  0.154
protocols.relax.FastRelax: CMD: scale:fa_rep  -1112.74  0.233059  0.233059  0.30745
core.pack.task: Packer task: initialize from command line() 
core.pack.pack_rotamers: built 7152 rotamers at 492 positions.
core.pack.interaction_graph.interaction_graph_factory: Instantiating DensePDInteractionGraph
protocols.relax.FastRelax: CMD: repack  -1115.77  0.233059  0.233059  0.30745
protocols.relax.FastRelax: CMD: scale:fa_rep  -1101.64  0.233059  0.233059  0.31955
protocols.relax.FastRelax: CMD: min  -1290.49  2.73729  2.73729  0.31955
protocols.relax.FastRelax: CMD: coord_cst_weight  -1290.49  2.73729  2.73729  0.31955
protocols.relax.FastRelax: CMD: scale:fa_rep  -1083.38  2.73729  2.73729  0.55
core.pack.task: Packer task: initialize from command line() 
core.pack.pack_rotamers: built 7076 rotamers at 492 positions.
core.pack.interaction_graph.interaction_graph_factory: Instantiating DensePDInteractionGraph
protocols.relax.FastRelax: CMD: repack  -1083.9  2.73729  2.73729  0.55
protocols.relax.FastRelax: CMD: min  -1143.68  3.83132  3.83132  0.55
protocols.relax.FastRelax: MRP: 6  -1143.68  -1145.96  3.23808  3.23808  
protocols.relax.FastRelax: CMD: accept_to_best  -1143.68  3.83132  3.83132  0.55
protocols.relax.FastRelax: CMD: endrepeat  -1143.68  3.83132  3.83132  0.55
protocols.relax.FastRelax: CMD: coord_cst_weight  77994.5  3.83132  3.83132  0.55
protocols.relax.FastRelax: CMD: scale:fa_rep  77663.5  3.83132  3.83132  0.022
core.pack.task: Packer task: initialize from command line() 
core.pack.pack_rotamers: built 7761 rotamers at 492 positions.
core.pack.interaction_graph.interaction_graph_factory: Instantiating DensePDInteractionGraph
protocols.relax.FastRelax: CMD: repack  77662.3  3.83132  3.83132  0.022
protocols.relax.FastRelax: CMD: scale:fa_rep  77671.6  3.83132  3.83132  0.02805
core.optimization.Minimizer: [ WARNING ] LBFGS MAX CYCLES 2000 EXCEEDED, BUT FUNC NOT CONVERGED!
protocols.relax.FastRelax: CMD: min  -1226.23  0.190229  0.190229  0.02805
protocols.relax.FastRelax: CMD: coord_cst_weight  -1304.36  0.190229  0.190229  0.02805
protocols.relax.FastRelax: CMD: scale:fa_rep  -981.106  0.190229  0.190229  0.14575
core.pack.task: Packer task: initialize from command line() 
core.pack.pack_rotamers: built 7410 rotamers at 492 positions.
core.pack.interaction_graph.interaction_graph_factory: Instantiating DensePDInteractionGraph
protocols.relax.FastRelax: CMD: repack  -1049.44  0.190229  0.190229  0.14575
protocols.relax.FastRelax: CMD: scale:fa_rep  -1030.87  0.190229  0.190229  0.154
protocols.relax.FastRelax: CMD: min  -1183.7  0.230099  0.230099  0.154
protocols.relax.FastRelax: CMD: coord_cst_weight  -1298.41  0.230099  0.230099  0.154
protocols.relax.FastRelax: CMD: scale:fa_rep  -1122.23  0.230099  0.230099  0.30745
core.pack.task: Packer task: initialize from command line() 
core.pack.pack_rotamers: built 7147 rotamers at 492 positions.
core.pack.interaction_graph.interaction_graph_factory: Instantiating DensePDInteractionGraph
protocols.relax.FastRelax: CMD: repack  -1123.04  0.230099  0.230099  0.30745
protocols.relax.FastRelax: CMD: scale:fa_rep  -1109.27  0.230099  0.230099  0.31955
protocols.relax.FastRelax: CMD: min  -1309.29  3.09596  3.09596  0.31955
protocols.relax.FastRelax: CMD: coord_cst_weight  -1309.29  3.09596  3.09596  0.31955
protocols.relax.FastRelax: CMD: scale:fa_rep  -1104.3  3.09596  3.09596  0.55
core.pack.task: Packer task: initialize from command line() 
core.pack.pack_rotamers: built 7065 rotamers at 492 positions.
core.pack.interaction_graph.interaction_graph_factory: Instantiating DensePDInteractionGraph
protocols.relax.FastRelax: CMD: repack  -1106.63  3.09596  3.09596  0.55
protocols.relax.FastRelax: CMD: min  -1154.83  3.68048  3.68048  0.55
protocols.relax.FastRelax: MRP: 7  -1154.83  -1154.83  3.68048  3.68048  
protocols.relax.FastRelax: CMD: accept_to_best  -1154.83  3.68048  3.68048  0.55
protocols.relax.FastRelax: CMD: endrepeat  -1154.83  3.68048  3.68048  0.55
protocols.relax.FastRelax: CMD: coord_cst_weight  78645.9  3.68048  3.68048  0.55
protocols.relax.FastRelax: CMD: scale:fa_rep  78318.4  3.68048  3.68048  0.022
core.pack.task: Packer task: initialize from command line() 
core.pack.pack_rotamers: built 7825 rotamers at 492 positions.
core.pack.interaction_graph.interaction_graph_factory: Instantiating DensePDInteractionGraph
protocols.relax.FastRelax: CMD: repack  78306.4  3.68048  3.68048  0.022
protocols.relax.FastRelax: CMD: scale:fa_rep  78315.4  3.68048  3.68048  0.02805
core.optimization.Minimizer: [ WARNING ] LBFGS MAX CYCLES 2000 EXCEEDED, BUT FUNC NOT CONVERGED!
protocols.relax.FastRelax: CMD: min  -1169.46  0.195961  0.195961  0.02805
protocols.relax.FastRelax: CMD: coord_cst_weight  -1249.08  0.195961  0.195961  0.02805
protocols.relax.FastRelax: CMD: scale:fa_rep  -586.563  0.195961  0.195961  0.14575
core.pack.task: Packer task: initialize from command line() 
core.pack.pack_rotamers: built 7391 rotamers at 492 positions.
core.pack.interaction_graph.interaction_graph_factory: Instantiating DensePDInteractionGraph
protocols.relax.FastRelax: CMD: repack  -848.162  0.195961  0.195961  0.14575
protocols.relax.FastRelax: CMD: scale:fa_rep  -817.567  0.195961  0.195961  0.154
protocols.relax.FastRelax: CMD: min  -1180.81  0.232792  0.232792  0.154
protocols.relax.FastRelax: CMD: coord_cst_weight  -1299.32  0.232792  0.232792  0.154
protocols.relax.FastRelax: CMD: scale:fa_rep  -1120.42  0.232792  0.232792  0.30745
core.pack.task: Packer task: initialize from command line() 
core.pack.pack_rotamers: built 7150 rotamers at 492 positions.
core.pack.interaction_graph.interaction_graph_factory: Instantiating DensePDInteractionGraph
protocols.relax.FastRelax: CMD: repack  -1121.3  0.232792  0.232792  0.30745
protocols.relax.FastRelax: CMD: scale:fa_rep  -1107.32  0.232792  0.232792  0.31955
protocols.relax.FastRelax: CMD: min  -1300.89  2.86829  2.86829  0.31955
protocols.relax.FastRelax: CMD: coord_cst_weight  -1300.89  2.86829  2.86829  0.31955
protocols.relax.FastRelax: CMD: scale:fa_rep  -1096.64  2.86829  2.86829  0.55
core.pack.task: Packer task: initialize from command line() 
core.pack.pack_rotamers: built 7027 rotamers at 492 positions.
core.pack.interaction_graph.interaction_graph_factory: Instantiating DensePDInteractionGraph
protocols.relax.FastRelax: CMD: repack  -1100.7  2.86829  2.86829  0.55
protocols.relax.FastRelax: CMD: min  -1159.69  3.64137  3.64137  0.55
protocols.relax.FastRelax: MRP: 8  -1159.69  -1159.69  3.64137  3.64137  
protocols.relax.FastRelax: CMD: accept_to_best  -1159.69  3.64137  3.64137  0.55
protocols.relax.FastRelax: CMD: endrepeat  -1159.69  3.64137  3.64137  0.55
protocols.relax.FastRelax: CMD: coord_cst_weight  64822.1  3.64137  3.64137  0.55
protocols.relax.FastRelax: CMD: scale:fa_rep  64495.5  3.64137  3.64137  0.022
core.pack.task: Packer task: initialize from command line() 
core.pack.pack_rotamers: built 7755 rotamers at 492 positions.
core.pack.interaction_graph.interaction_graph_factory: Instantiating DensePDInteractionGraph
protocols.relax.FastRelax: CMD: repack  64472.3  3.64137  3.64137  0.022
protocols.relax.FastRelax: CMD: scale:fa_rep  64478.7  3.64137  3.64137  0.02805
core.optimization.Minimizer: [ WARNING ] LBFGS MAX CYCLES 2000 EXCEEDED, BUT FUNC NOT CONVERGED!
protocols.relax.FastRelax: CMD: min  -1258.14  0.18417  0.18417  0.02805
protocols.relax.FastRelax: CMD: coord_cst_weight  -1331.86  0.18417  0.18417  0.02805
protocols.relax.FastRelax: CMD: scale:fa_rep  -979.323  0.18417  0.18417  0.14575
core.pack.task: Packer task: initialize from command line() 
core.pack.pack_rotamers: built 7376 rotamers at 492 positions.
core.pack.interaction_graph.interaction_graph_factory: Instantiating DensePDInteractionGraph
protocols.relax.FastRelax: CMD: repack  -1045.9  0.18417  0.18417  0.14575
protocols.relax.FastRelax: CMD: scale:fa_rep  -1025.9  0.18417  0.18417  0.154
protocols.relax.FastRelax: CMD: min  -1189.06  0.231111  0.231111  0.154
protocols.relax.FastRelax: CMD: coord_cst_weight  -1304.52  0.231111  0.231111  0.154
protocols.relax.FastRelax: CMD: scale:fa_rep  -1126.42  0.231111  0.231111  0.30745
core.pack.task: Packer task: initialize from command line() 
core.pack.pack_rotamers: built 7161 rotamers at 492 positions.
core.pack.interaction_graph.interaction_graph_factory: Instantiating DensePDInteractionGraph
protocols.relax.FastRelax: CMD: repack  -1126.87  0.231111  0.231111  0.30745
protocols.relax.FastRelax: CMD: scale:fa_rep  -1112.88  0.231111  0.231111  0.31955
protocols.relax.FastRelax: CMD: min  -1313.7  2.92822  2.92822  0.31955
protocols.relax.FastRelax: CMD: coord_cst_weight  -1313.7  2.92822  2.92822  0.31955
protocols.relax.FastRelax: CMD: scale:fa_rep  -1109.65  2.92822  2.92822  0.55
core.pack.task: Packer task: initialize from command line() 
core.pack.pack_rotamers: built 7022 rotamers at 492 positions.
core.pack.interaction_graph.interaction_graph_factory: Instantiating DensePDInteractionGraph
protocols.relax.FastRelax: CMD: repack  -1115.28  2.92822  2.92822  0.55
protocols.relax.FastRelax: CMD: min  -1163.83  3.40743  3.40743  0.55
protocols.relax.FastRelax: MRP: 9  -1163.83  -1163.83  3.40743  3.40743  
protocols.relax.FastRelax: CMD: accept_to_best  -1163.83  3.40743  3.40743  0.55
protocols.relax.FastRelax: CMD: endrepeat  -1163.83  3.40743  3.40743  0.55
protocols.relax.FastRelax: CMD: coord_cst_weight  72198.1  3.40743  3.40743  0.55
protocols.relax.FastRelax: CMD: scale:fa_rep  71869.3  3.40743  3.40743  0.022
core.pack.task: Packer task: initialize from command line() 
core.pack.pack_rotamers: built 7800 rotamers at 492 positions.
core.pack.interaction_graph.interaction_graph_factory: Instantiating DensePDInteractionGraph
protocols.relax.FastRelax: CMD: repack  71850.8  3.40743  3.40743  0.022
protocols.relax.FastRelax: CMD: scale:fa_rep  71858.1  3.40743  3.40743  0.02805
core.optimization.Minimizer: [ WARNING ] LBFGS MAX CYCLES 2000 EXCEEDED, BUT FUNC NOT CONVERGED!
protocols.relax.FastRelax: CMD: min  -1269.53  0.182104  0.182104  0.02805
protocols.relax.FastRelax: CMD: coord_cst_weight  -1341.04  0.182104  0.182104  0.02805
protocols.relax.FastRelax: CMD: scale:fa_rep  -975.913  0.182104  0.182104  0.14575
core.pack.task: Packer task: initialize from command line() 
core.pack.pack_rotamers: built 7371 rotamers at 492 positions.
core.pack.interaction_graph.interaction_graph_factory: Instantiating DensePDInteractionGraph
protocols.relax.FastRelax: CMD: repack  -1045.11  0.182104  0.182104  0.14575
protocols.relax.FastRelax: CMD: scale:fa_rep  -1024.64  0.182104  0.182104  0.154
protocols.relax.FastRelax: CMD: min  -1188.65  0.229723  0.229723  0.154
protocols.relax.FastRelax: CMD: coord_cst_weight  -1302.64  0.229723  0.229723  0.154
protocols.relax.FastRelax: CMD: scale:fa_rep  -1123.77  0.229723  0.229723  0.30745
core.pack.task: Packer task: initialize from command line() 
core.pack.pack_rotamers: built 7178 rotamers at 492 positions.
core.pack.interaction_graph.interaction_graph_factory: Instantiating DensePDInteractionGraph
protocols.relax.FastRelax: CMD: repack  -1124.77  0.229723  0.229723  0.30745
protocols.relax.FastRelax: CMD: scale:fa_rep  -1110.8  0.229723  0.229723  0.31955
protocols.relax.FastRelax: CMD: min  -1310.3  3.13536  3.13536  0.31955
protocols.relax.FastRelax: CMD: coord_cst_weight  -1310.3  3.13536  3.13536  0.31955
protocols.relax.FastRelax: CMD: scale:fa_rep  -1107.68  3.13536  3.13536  0.55
core.pack.task: Packer task: initialize from command line() 
core.pack.pack_rotamers: built 7036 rotamers at 492 positions.
core.pack.interaction_graph.interaction_graph_factory: Instantiating DensePDInteractionGraph
protocols.relax.FastRelax: CMD: repack  -1109.23  3.13536  3.13536  0.55
protocols.relax.FastRelax: CMD: min  -1151.68  3.364  3.364  0.55
protocols.relax.FastRelax: MRP: 10  -1151.68  -1163.83  3.40743  3.40743  
protocols.relax.FastRelax: CMD: accept_to_best  -1151.68  3.364  3.364  0.55
protocols.relax.FastRelax: CMD: endrepeat  -1151.68  3.364  3.364  0.55
protocols.relax.FastRelax: CMD: coord_cst_weight  80077.3  3.364  3.364  0.55
protocols.relax.FastRelax: CMD: scale:fa_rep  79752  3.364  3.364  0.022
core.pack.task: Packer task: initialize from command line() 
core.pack.pack_rotamers: built 7788 rotamers at 492 positions.
core.pack.interaction_graph.interaction_graph_factory: Instantiating DensePDInteractionGraph
protocols.relax.FastRelax: CMD: repack  79729  3.364  3.364  0.022
protocols.relax.FastRelax: CMD: scale:fa_rep  79735.7  3.364  3.364  0.02805
core.optimization.Minimizer: [ WARNING ] LBFGS MAX CYCLES 2000 EXCEEDED, BUT FUNC NOT CONVERGED!
protocols.relax.FastRelax: CMD: min  -1253.97  0.187982  0.187982  0.02805
protocols.relax.FastRelax: CMD: coord_cst_weight  -1331.26  0.187982  0.187982  0.02805
protocols.relax.FastRelax: CMD: scale:fa_rep  -980.371  0.187982  0.187982  0.14575
core.pack.task: Packer task: initialize from command line() 
core.pack.pack_rotamers: built 7388 rotamers at 492 positions.
core.pack.interaction_graph.interaction_graph_factory: Instantiating DensePDInteractionGraph
protocols.relax.FastRelax: CMD: repack  -1048.36  0.187982  0.187982  0.14575
protocols.relax.FastRelax: CMD: scale:fa_rep  -1028.76  0.187982  0.187982  0.154
protocols.relax.FastRelax: CMD: min  -1188.14  0.231694  0.231694  0.154
protocols.relax.FastRelax: CMD: coord_cst_weight  -1304.09  0.231694  0.231694  0.154
protocols.relax.FastRelax: CMD: scale:fa_rep  -1130.48  0.231694  0.231694  0.30745
core.pack.task: Packer task: initialize from command line() 
core.pack.pack_rotamers: built 7163 rotamers at 492 positions.
core.pack.interaction_graph.interaction_graph_factory: Instantiating DensePDInteractionGraph
protocols.relax.FastRelax: CMD: repack  -1131.43  0.231694  0.231694  0.30745
protocols.relax.FastRelax: CMD: scale:fa_rep  -1117.88  0.231694  0.231694  0.31955
protocols.relax.FastRelax: CMD: min  -1307.07  2.48207  2.48207  0.31955
protocols.relax.FastRelax: CMD: coord_cst_weight  -1307.07  2.48207  2.48207  0.31955
protocols.relax.FastRelax: CMD: scale:fa_rep  -1102.36  2.48207  2.48207  0.55
core.pack.task: Packer task: initialize from command line() 
core.pack.pack_rotamers: built 7046 rotamers at 492 positions.
core.pack.interaction_graph.interaction_graph_factory: Instantiating DensePDInteractionGraph
protocols.relax.FastRelax: CMD: repack  -1105.43  2.48207  2.48207  0.55
protocols.relax.FastRelax: CMD: min  -1153.6  3.29135  3.29135  0.55
protocols.relax.FastRelax: MRP: 11  -1153.6  -1163.83  3.40743  3.40743  
protocols.relax.FastRelax: CMD: accept_to_best  -1153.6  3.29135  3.29135  0.55
protocols.relax.FastRelax: CMD: endrepeat  -1153.6  3.29135  3.29135  0.55
protocols.relax.FastRelax: CMD: coord_cst_weight  57670.9  3.29135  3.29135  0.55
protocols.relax.FastRelax: CMD: scale:fa_rep  57342.6  3.29135  3.29135  0.022
core.pack.task: Packer task: initialize from command line() 
core.pack.pack_rotamers: built 7817 rotamers at 492 positions.
core.pack.interaction_graph.interaction_graph_factory: Instantiating DensePDInteractionGraph
protocols.relax.FastRelax: CMD: repack  57316.8  3.29135  3.29135  0.022
protocols.relax.FastRelax: CMD: scale:fa_rep  57322.9  3.29135  3.29135  0.02805
core.optimization.Minimizer: [ WARNING ] LBFGS MAX CYCLES 2000 EXCEEDED, BUT FUNC NOT CONVERGED!
protocols.relax.FastRelax: CMD: min  -1282.03  0.179591  0.179591  0.02805
protocols.relax.FastRelax: CMD: coord_cst_weight  -1350.42  0.179591  0.179591  0.02805
protocols.relax.FastRelax: CMD: scale:fa_rep  -1030.83  0.179591  0.179591  0.14575
core.pack.task: Packer task: initialize from command line() 
core.pack.pack_rotamers: built 7360 rotamers at 492 positions.
core.pack.interaction_graph.interaction_graph_factory: Instantiating DensePDInteractionGraph
protocols.relax.FastRelax: CMD: repack  -1055.42  0.179591  0.179591  0.14575
protocols.relax.FastRelax: CMD: scale:fa_rep  -1035.16  0.179591  0.179591  0.154
protocols.relax.FastRelax: CMD: min  -1189.21  0.231282  0.231282  0.154
protocols.relax.FastRelax: CMD: coord_cst_weight  -1304.15  0.231282  0.231282  0.154
protocols.relax.FastRelax: CMD: scale:fa_rep  -1127.54  0.231282  0.231282  0.30745
core.pack.task: Packer task: initialize from command line() 
core.pack.pack_rotamers: built 7159 rotamers at 492 positions.
core.pack.interaction_graph.interaction_graph_factory: Instantiating DensePDInteractionGraph
protocols.relax.FastRelax: CMD: repack  -1128.17  0.231282  0.231282  0.30745
protocols.relax.FastRelax: CMD: scale:fa_rep  -1114.35  0.231282  0.231282  0.31955
protocols.relax.FastRelax: CMD: min  -1310.31  2.94983  2.94983  0.31955
protocols.relax.FastRelax: CMD: coord_cst_weight  -1310.31  2.94983  2.94983  0.31955
protocols.relax.FastRelax: CMD: scale:fa_rep  -1104.73  2.94983  2.94983  0.55
core.pack.task: Packer task: initialize from command line() 
core.pack.pack_rotamers: built 7007 rotamers at 492 positions.
core.pack.interaction_graph.interaction_graph_factory: Instantiating DensePDInteractionGraph
protocols.relax.FastRelax: CMD: repack  -1105.6  2.94983  2.94983  0.55
protocols.relax.FastRelax: CMD: min  -1160.58  3.68514  3.68514  0.55
protocols.relax.FastRelax: MRP: 12  -1160.58  -1163.83  3.40743  3.40743  
protocols.relax.FastRelax: CMD: accept_to_best  -1160.58  3.68514  3.68514  0.55
protocols.relax.FastRelax: CMD: endrepeat  -1160.58  3.68514  3.68514  0.55
protocols.relax.FastRelax: CMD: coord_cst_weight  100105  3.68514  3.68514  0.55
protocols.relax.FastRelax: CMD: scale:fa_rep  99777.8  3.68514  3.68514  0.022
core.pack.task: Packer task: initialize from command line() 
core.pack.pack_rotamers: built 7806 rotamers at 492 positions.
core.pack.interaction_graph.interaction_graph_factory: Instantiating DensePDInteractionGraph
protocols.relax.FastRelax: CMD: repack  99765  3.68514  3.68514  0.022
protocols.relax.FastRelax: CMD: scale:fa_rep  99773.4  3.68514  3.68514  0.02805
core.optimization.Minimizer: [ WARNING ] LBFGS MAX CYCLES 2000 EXCEEDED, BUT FUNC NOT CONVERGED!
protocols.relax.FastRelax: CMD: min  -1257.55  0.185149  0.185149  0.02805
protocols.relax.FastRelax: CMD: coord_cst_weight  -1331.43  0.185149  0.185149  0.02805
protocols.relax.FastRelax: CMD: scale:fa_rep  -1001.31  0.185149  0.185149  0.14575
core.pack.task: Packer task: initialize from command line() 
core.pack.pack_rotamers: built 7382 rotamers at 492 positions.
core.pack.interaction_graph.interaction_graph_factory: Instantiating DensePDInteractionGraph
protocols.relax.FastRelax: CMD: repack  -1048.6  0.185149  0.185149  0.14575
protocols.relax.FastRelax: CMD: scale:fa_rep  -1029.55  0.185149  0.185149  0.154
protocols.relax.FastRelax: CMD: min  -1181.57  0.229935  0.229935  0.154
protocols.relax.FastRelax: CMD: coord_cst_weight  -1296.36  0.229935  0.229935  0.154
protocols.relax.FastRelax: CMD: scale:fa_rep  -1118.31  0.229935  0.229935  0.30745
core.pack.task: Packer task: initialize from command line() 
core.pack.pack_rotamers: built 7154 rotamers at 492 positions.
core.pack.interaction_graph.interaction_graph_factory: Instantiating DensePDInteractionGraph
protocols.relax.FastRelax: CMD: repack  -1118.95  0.229935  0.229935  0.30745
protocols.relax.FastRelax: CMD: scale:fa_rep  -1105.15  0.229935  0.229935  0.31955
protocols.relax.FastRelax: CMD: min  -1302.87  3.10686  3.10686  0.31955
protocols.relax.FastRelax: CMD: coord_cst_weight  -1302.87  3.10686  3.10686  0.31955
protocols.relax.FastRelax: CMD: scale:fa_rep  -1098.77  3.10686  3.10686  0.55
core.pack.task: Packer task: initialize from command line() 
core.pack.pack_rotamers: built 6962 rotamers at 492 positions.
core.pack.interaction_graph.interaction_graph_factory: Instantiating DensePDInteractionGraph
protocols.relax.FastRelax: CMD: repack  -1101.31  3.10686  3.10686  0.55
protocols.relax.FastRelax: CMD: min  -1149.32  3.39355  3.39355  0.55
protocols.relax.FastRelax: MRP: 13  -1149.32  -1163.83  3.40743  3.40743  
protocols.relax.FastRelax: CMD: accept_to_best  -1149.32  3.39355  3.39355  0.55
protocols.relax.FastRelax: CMD: endrepeat  -1149.32  3.39355  3.39355  0.55
protocols.relax.FastRelax: CMD: coord_cst_weight  80491.6  3.39355  3.39355  0.55
protocols.relax.FastRelax: CMD: scale:fa_rep  80165.4  3.39355  3.39355  0.022
core.pack.task: Packer task: initialize from command line() 
core.pack.pack_rotamers: built 7770 rotamers at 492 positions.
core.pack.interaction_graph.interaction_graph_factory: Instantiating DensePDInteractionGraph
protocols.relax.FastRelax: CMD: repack  80140  3.39355  3.39355  0.022
protocols.relax.FastRelax: CMD: scale:fa_rep  80148.2  3.39355  3.39355  0.02805
core.optimization.Minimizer: [ WARNING ] LBFGS MAX CYCLES 2000 EXCEEDED, BUT FUNC NOT CONVERGED!
protocols.relax.FastRelax: CMD: min  -1248.59  0.185246  0.185246  0.02805
protocols.relax.FastRelax: CMD: coord_cst_weight  -1322.77  0.185246  0.185246  0.02805
protocols.relax.FastRelax: CMD: scale:fa_rep  -978.024  0.185246  0.185246  0.14575
core.pack.task: Packer task: initialize from command line() 
core.pack.pack_rotamers: built 7386 rotamers at 492 positions.
core.pack.interaction_graph.interaction_graph_factory: Instantiating DensePDInteractionGraph
protocols.relax.FastRelax: CMD: repack  -1053.37  0.185246  0.185246  0.14575
protocols.relax.FastRelax: CMD: scale:fa_rep  -1034.31  0.185246  0.185246  0.154
protocols.relax.FastRelax: CMD: min  -1185.12  0.231377  0.231377  0.154
protocols.relax.FastRelax: CMD: coord_cst_weight  -1300.78  0.231377  0.231377  0.154
protocols.relax.FastRelax: CMD: scale:fa_rep  -1124.73  0.231377  0.231377  0.30745
core.pack.task: Packer task: initialize from command line() 
core.pack.pack_rotamers: built 7148 rotamers at 492 positions.
core.pack.interaction_graph.interaction_graph_factory: Instantiating DensePDInteractionGraph
protocols.relax.FastRelax: CMD: repack  -1125.84  0.231377  0.231377  0.30745
protocols.relax.FastRelax: CMD: scale:fa_rep  -1112.08  0.231377  0.231377  0.31955
protocols.relax.FastRelax: CMD: min  -1307.81  3.22091  3.22091  0.31955
protocols.relax.FastRelax: CMD: coord_cst_weight  -1307.81  3.22091  3.22091  0.31955
protocols.relax.FastRelax: CMD: scale:fa_rep  -1104  3.22091  3.22091  0.55
core.pack.task: Packer task: initialize from command line() 
core.pack.pack_rotamers: built 6993 rotamers at 492 positions.
core.pack.interaction_graph.interaction_graph_factory: Instantiating DensePDInteractionGraph
protocols.relax.FastRelax: CMD: repack  -1110.85  3.22091  3.22091  0.55
protocols.relax.FastRelax: CMD: min  -1169.56  3.59612  3.59612  0.55
protocols.relax.FastRelax: MRP: 14  -1169.56  -1169.56  3.59612  3.59612  
protocols.relax.FastRelax: CMD: accept_to_best  -1169.56  3.59612  3.59612  0.55
protocols.relax.FastRelax: CMD: endrepeat  -1169.56  3.59612  3.59612  0.55
protocols::checkpoint: Deleting checkpoints of FastRelax
protocols.jd2.JobDistributor: target.BL00010001_6_0001 reported success in 13809 seconds
protocols.jd2.PDBJobInputter: PDBJobInputter::pose_from_job
protocols.jd2.PDBJobInputter: filling pose from saved copy ../1-modeller/target.BL00010001.pdb
protocols.relax.FastRelax: CMD: repeat  4476.34  0  0  0.55
protocols.relax.FastRelax: CMD: coord_cst_weight  4476.34  0  0  0.55
protocols.relax.FastRelax: CMD: scale:fa_rep  806.987  0  0  0.022
core.pack.task: Packer task: initialize from command line() 
core.pack.pack_rotamers: built 8129 rotamers at 492 positions.
core.pack.interaction_graph.interaction_graph_factory: Instantiating DensePDInteractionGraph
protocols.relax.FastRelax: CMD: repack  -876.828  0  0  0.022
protocols.relax.FastRelax: CMD: scale:fa_rep  -837.447  0  0  0.02805
core.optimization.Minimizer: [ WARNING ] LBFGS MAX CYCLES 2000 EXCEEDED, BUT FUNC NOT CONVERGED!
protocols.relax.FastRelax: CMD: min  -1291.78  0.148135  0.148135  0.02805
protocols.relax.FastRelax: CMD: coord_cst_weight  -1337.91  0.148135  0.148135  0.02805
protocols.relax.FastRelax: CMD: scale:fa_rep  -960.711  0.148135  0.148135  0.14575
core.pack.task: Packer task: initialize from command line() 
core.pack.pack_rotamers: built 7436 rotamers at 492 positions.
core.pack.interaction_graph.interaction_graph_factory: Instantiating DensePDInteractionGraph
protocols.relax.FastRelax: CMD: repack  -996.726  0.148135  0.148135  0.14575
protocols.relax.FastRelax: CMD: scale:fa_rep  -974.565  0.148135  0.148135  0.154
protocols.relax.FastRelax: CMD: min  -1158.72  0.203803  0.203803  0.154
protocols.relax.FastRelax: CMD: coord_cst_weight  -1248.33  0.203803  0.203803  0.154
protocols.relax.FastRelax: CMD: scale:fa_rep  -1057.25  0.203803  0.203803  0.30745
core.pack.task: Packer task: initialize from command line() 
core.pack.pack_rotamers: built 7163 rotamers at 492 positions.
core.pack.interaction_graph.interaction_graph_factory: Instantiating DensePDInteractionGraph
protocols.relax.FastRelax: CMD: repack  -1054.49  0.203803  0.203803  0.30745
protocols.relax.FastRelax: CMD: scale:fa_rep  -1039.62  0.203803  0.203803  0.31955
protocols.relax.FastRelax: CMD: min  -1229.41  3.0082  3.0082  0.31955
protocols.relax.FastRelax: CMD: coord_cst_weight  -1229.41  3.0082  3.0082  0.31955
protocols.relax.FastRelax: CMD: scale:fa_rep  -1022.12  3.0082  3.0082  0.55
core.pack.task: Packer task: initialize from command line() 
core.pack.pack_rotamers: built 7046 rotamers at 492 positions.
core.pack.interaction_graph.interaction_graph_factory: Instantiating DensePDInteractionGraph
protocols.relax.FastRelax: CMD: repack  -1029  3.0082  3.0082  0.55
protocols.relax.FastRelax: CMD: min  -1091.76  3.13117  3.13117  0.55
protocols.relax.FastRelax: MRP: 0  -1091.76  -1091.76  3.13117  3.13117  
protocols.relax.FastRelax: CMD: accept_to_best  -1091.76  3.13117  3.13117  0.55
protocols.relax.FastRelax: CMD: endrepeat  -1091.76  3.13117  3.13117  0.55
protocols.relax.FastRelax: CMD: coord_cst_weight  102489  3.13117  3.13117  0.55
protocols.relax.FastRelax: CMD: scale:fa_rep  102157  3.13117  3.13117  0.022
core.pack.task: Packer task: initialize from command line() 
core.pack.pack_rotamers: built 7793 rotamers at 492 positions.
core.pack.interaction_graph.interaction_graph_factory: Instantiating DensePDInteractionGraph
protocols.relax.FastRelax: CMD: repack  102134  3.13117  3.13117  0.022
protocols.relax.FastRelax: CMD: scale:fa_rep  102146  3.13117  3.13117  0.02805
core.optimization.Minimizer: [ WARNING ] LBFGS MAX CYCLES 2000 EXCEEDED, BUT FUNC NOT CONVERGED!
protocols.relax.FastRelax: CMD: min  -1257.68  0.178026  0.178026  0.02805
protocols.relax.FastRelax: CMD: coord_cst_weight  -1326.58  0.178026  0.178026  0.02805
protocols.relax.FastRelax: CMD: scale:fa_rep  -974.371  0.178026  0.178026  0.14575
core.pack.task: Packer task: initialize from command line() 
core.pack.pack_rotamers: built 7354 rotamers at 492 positions.
core.pack.interaction_graph.interaction_graph_factory: Instantiating DensePDInteractionGraph
protocols.relax.FastRelax: CMD: repack  -1014.63  0.178026  0.178026  0.14575
protocols.relax.FastRelax: CMD: scale:fa_rep  -993.103  0.178026  0.178026  0.154
protocols.relax.FastRelax: CMD: min  -1172.38  0.218222  0.218222  0.154
protocols.relax.FastRelax: CMD: coord_cst_weight  -1275.99  0.218222  0.218222  0.154
protocols.relax.FastRelax: CMD: scale:fa_rep  -1084.26  0.218222  0.218222  0.30745
core.pack.task: Packer task: initialize from command line() 
core.pack.pack_rotamers: built 7171 rotamers at 492 positions.
core.pack.interaction_graph.interaction_graph_factory: Instantiating DensePDInteractionGraph
protocols.relax.FastRelax: CMD: repack  -1087.42  0.218222  0.218222  0.30745
protocols.relax.FastRelax: CMD: scale:fa_rep  -1072.58  0.218222  0.218222  0.31955
protocols.relax.FastRelax: CMD: min  -1266.17  3.24296  3.24296  0.31955
protocols.relax.FastRelax: CMD: coord_cst_weight  -1266.17  3.24296  3.24296  0.31955
protocols.relax.FastRelax: CMD: scale:fa_rep  -1057.88  3.24296  3.24296  0.55
core.pack.task: Packer task: initialize from command line() 
core.pack.pack_rotamers: built 7107 rotamers at 492 positions.
core.pack.interaction_graph.interaction_graph_factory: Instantiating DensePDInteractionGraph
protocols.relax.FastRelax: CMD: repack  -1066.09  3.24296  3.24296  0.55
protocols.relax.FastRelax: CMD: min  -1118.13  3.47379  3.47379  0.55
protocols.relax.FastRelax: MRP: 1  -1118.13  -1118.13  3.47379  3.47379  
protocols.relax.FastRelax: CMD: accept_to_best  -1118.13  3.47379  3.47379  0.55
protocols.relax.FastRelax: CMD: endrepeat  -1118.13  3.47379  3.47379  0.55
protocols.relax.FastRelax: CMD: coord_cst_weight  78324.3  3.47379  3.47379  0.55
protocols.relax.FastRelax: CMD: scale:fa_rep  77997.5  3.47379  3.47379  0.022
core.pack.task: Packer task: initialize from command line() 
core.pack.pack_rotamers: built 7847 rotamers at 492 positions.
core.pack.interaction_graph.interaction_graph_factory: Instantiating DensePDInteractionGraph
protocols.relax.FastRelax: CMD: repack  77987.3  3.47379  3.47379  0.022
protocols.relax.FastRelax: CMD: scale:fa_rep  77997.3  3.47379  3.47379  0.02805
core.optimization.Minimizer: [ WARNING ] LBFGS MAX CYCLES 2000 EXCEEDED, BUT FUNC NOT CONVERGED!
protocols.relax.FastRelax: CMD: min  -1219.63  0.18452  0.18452  0.02805
protocols.relax.FastRelax: CMD: coord_cst_weight  -1293.82  0.18452  0.18452  0.02805
protocols.relax.FastRelax: CMD: scale:fa_rep  -846.923  0.18452  0.18452  0.14575
core.pack.task: Packer task: initialize from command line() 
core.pack.pack_rotamers: built 7408 rotamers at 492 positions.
core.pack.interaction_graph.interaction_graph_factory: Instantiating DensePDInteractionGraph
protocols.relax.FastRelax: CMD: repack  -1008.88  0.18452  0.18452  0.14575
protocols.relax.FastRelax: CMD: scale:fa_rep  -988.212  0.18452  0.18452  0.154
protocols.relax.FastRelax: CMD: min  -1169.64  0.221565  0.221565  0.154
protocols.relax.FastRelax: CMD: coord_cst_weight  -1277.28  0.221565  0.221565  0.154
protocols.relax.FastRelax: CMD: scale:fa_rep  -1092.36  0.221565  0.221565  0.30745
core.pack.task: Packer task: initialize from command line() 
core.pack.pack_rotamers: built 7189 rotamers at 492 positions.
core.pack.interaction_graph.interaction_graph_factory: Instantiating DensePDInteractionGraph
protocols.relax.FastRelax: CMD: repack  -1096.64  0.221565  0.221565  0.30745
protocols.relax.FastRelax: CMD: scale:fa_rep  -1082.22  0.221565  0.221565  0.31955
protocols.relax.FastRelax: CMD: min  -1266.64  2.38941  2.38941  0.31955
protocols.relax.FastRelax: CMD: coord_cst_weight  -1266.64  2.38941  2.38941  0.31955
protocols.relax.FastRelax: CMD: scale:fa_rep  -1061.27  2.38941  2.38941  0.55
core.pack.task: Packer task: initialize from command line() 
core.pack.pack_rotamers: built 7056 rotamers at 492 positions.
core.pack.interaction_graph.interaction_graph_factory: Instantiating DensePDInteractionGraph
protocols.relax.FastRelax: CMD: repack  -1062.04  2.38941  2.38941  0.55
protocols.relax.FastRelax: CMD: min  -1125.65  2.35436  2.35436  0.55
protocols.relax.FastRelax: MRP: 2  -1125.65  -1125.65  2.35436  2.35436  
protocols.relax.FastRelax: CMD: accept_to_best  -1125.65  2.35436  2.35436  0.55
protocols.relax.FastRelax: CMD: endrepeat  -1125.65  2.35436  2.35436  0.55
protocols.relax.FastRelax: CMD: coord_cst_weight  41520.5  2.35436  2.35436  0.55
protocols.relax.FastRelax: CMD: scale:fa_rep  41194.3  2.35436  2.35436  0.022
core.pack.task: Packer task: initialize from command line() 
core.pack.pack_rotamers: built 7742 rotamers at 492 positions.
core.pack.interaction_graph.interaction_graph_factory: Instantiating DensePDInteractionGraph
protocols.relax.FastRelax: CMD: repack  41170.7  2.35436  2.35436  0.022
protocols.relax.FastRelax: CMD: scale:fa_rep  41177.6  2.35436  2.35436  0.02805
core.optimization.Minimizer: [ WARNING ] LBFGS MAX CYCLES 2000 EXCEEDED, BUT FUNC NOT CONVERGED!
protocols.relax.FastRelax: CMD: min  -1273.39  0.179056  0.179056  0.02805
protocols.relax.FastRelax: CMD: coord_cst_weight  -1342.58  0.179056  0.179056  0.02805
protocols.relax.FastRelax: CMD: scale:fa_rep  -1008.02  0.179056  0.179056  0.14575
core.pack.task: Packer task: initialize from command line() 
core.pack.pack_rotamers: built 7362 rotamers at 492 positions.
core.pack.interaction_graph.interaction_graph_factory: Instantiating DensePDInteractionGraph
protocols.relax.FastRelax: CMD: repack  -1032.85  0.179056  0.179056  0.14575
protocols.relax.FastRelax: CMD: scale:fa_rep  -1011.44  0.179056  0.179056  0.154
protocols.relax.FastRelax: CMD: min  -1179.17  0.224782  0.224782  0.154
protocols.relax.FastRelax: CMD: coord_cst_weight  -1288.93  0.224782  0.224782  0.154
protocols.relax.FastRelax: CMD: scale:fa_rep  -1102.06  0.224782  0.224782  0.30745
core.pack.task: Packer task: initialize from command line() 
core.pack.pack_rotamers: built 7189 rotamers at 492 positions.
core.pack.interaction_graph.interaction_graph_factory: Instantiating DensePDInteractionGraph
protocols.relax.FastRelax: CMD: repack  -1104.13  0.224782  0.224782  0.30745
protocols.relax.FastRelax: CMD: scale:fa_rep  -1089.74  0.224782  0.224782  0.31955
protocols.relax.FastRelax: CMD: min  -1280.27  2.47424  2.47424  0.31955
protocols.relax.FastRelax: CMD: coord_cst_weight  -1280.27  2.47424  2.47424  0.31955
protocols.relax.FastRelax: CMD: scale:fa_rep  -1075.06  2.47424  2.47424  0.55
core.pack.task: Packer task: initialize from command line() 
core.pack.pack_rotamers: built 6962 rotamers at 492 positions.
core.pack.interaction_graph.interaction_graph_factory: Instantiating DensePDInteractionGraph
protocols.relax.FastRelax: CMD: repack  -1079.68  2.47424  2.47424  0.55
protocols.relax.FastRelax: CMD: min  -1139.13  2.39089  2.39089  0.55
protocols.relax.FastRelax: MRP: 3  -1139.13  -1139.13  2.39089  2.39089  
protocols.relax.FastRelax: CMD: accept_to_best  -1139.13  2.39089  2.39089  0.55
protocols.relax.FastRelax: CMD: endrepeat  -1139.13  2.39089  2.39089  0.55
protocols.relax.FastRelax: CMD: coord_cst_weight  41185.1  2.39089  2.39089  0.55
protocols.relax.FastRelax: CMD: scale:fa_rep  40857.6  2.39089  2.39089  0.022
core.pack.task: Packer task: initialize from command line() 
core.pack.pack_rotamers: built 7723 rotamers at 492 positions.
core.pack.interaction_graph.interaction_graph_factory: Instantiating DensePDInteractionGraph
protocols.relax.FastRelax: CMD: repack  40835.7  2.39089  2.39089  0.022
protocols.relax.FastRelax: CMD: scale:fa_rep  40843.6  2.39089  2.39089  0.02805
core.optimization.Minimizer: [ WARNING ] LBFGS MAX CYCLES 2000 EXCEEDED, BUT FUNC NOT CONVERGED!
protocols.relax.FastRelax: CMD: min  -1261.75  0.184707  0.184707  0.02805
protocols.relax.FastRelax: CMD: coord_cst_weight  -1333.46  0.184707  0.184707  0.02805
protocols.relax.FastRelax: CMD: scale:fa_rep  -977.669  0.184707  0.184707  0.14575
core.pack.task: Packer task: initialize from command line() 
core.pack.pack_rotamers: built 7408 rotamers at 492 positions.
core.pack.interaction_graph.interaction_graph_factory: Instantiating DensePDInteractionGraph
protocols.relax.FastRelax: CMD: repack  -1009.48  0.184707  0.184707  0.14575
protocols.relax.FastRelax: CMD: scale:fa_rep  -986.907  0.184707  0.184707  0.154
protocols.relax.FastRelax: CMD: min  -1170.7  0.231882  0.231882  0.154
protocols.relax.FastRelax: CMD: coord_cst_weight  -1285.41  0.231882  0.231882  0.154
protocols.relax.FastRelax: CMD: scale:fa_rep  -1099.73  0.231882  0.231882  0.30745
core.pack.task: Packer task: initialize from command line() 
core.pack.pack_rotamers: built 7204 rotamers at 492 positions.
core.pack.interaction_graph.interaction_graph_factory: Instantiating DensePDInteractionGraph
protocols.relax.FastRelax: CMD: repack  -1100.33  0.231882  0.231882  0.30745
protocols.relax.FastRelax: CMD: scale:fa_rep  -1085.79  0.231882  0.231882  0.31955
protocols.relax.FastRelax: CMD: min  -1300.04  2.56382  2.56382  0.31955
protocols.relax.FastRelax: CMD: coord_cst_weight  -1300.04  2.56382  2.56382  0.31955
protocols.relax.FastRelax: CMD: scale:fa_rep  -1094.4  2.56382  2.56382  0.55
core.pack.task: Packer task: initialize from command line() 
core.pack.pack_rotamers: built 7024 rotamers at 492 positions.
core.pack.interaction_graph.interaction_graph_factory: Instantiating DensePDInteractionGraph
protocols.relax.FastRelax: CMD: repack  -1099.52  2.56382  2.56382  0.55
protocols.relax.FastRelax: CMD: min  -1152.32  2.57949  2.57949  0.55
protocols.relax.FastRelax: MRP: 4  -1152.32  -1152.32  2.57949  2.57949  
protocols.relax.FastRelax: CMD: accept_to_best  -1152.32  2.57949  2.57949  0.55
protocols.relax.FastRelax: CMD: endrepeat  -1152.32  2.57949  2.57949  0.55
protocols.relax.FastRelax: CMD: coord_cst_weight  50095.5  2.57949  2.57949  0.55
protocols.relax.FastRelax: CMD: scale:fa_rep  49767.3  2.57949  2.57949  0.022
core.pack.task: Packer task: initialize from command line() 
core.pack.pack_rotamers: built 7763 rotamers at 492 positions.
core.pack.interaction_graph.interaction_graph_factory: Instantiating DensePDInteractionGraph
protocols.relax.FastRelax: CMD: repack  49752.2  2.57949  2.57949  0.022
protocols.relax.FastRelax: CMD: scale:fa_rep  49759.2  2.57949  2.57949  0.02805
core.optimization.Minimizer: [ WARNING ] LBFGS MAX CYCLES 2000 EXCEEDED, BUT FUNC NOT CONVERGED!
protocols.relax.FastRelax: CMD: min  -1245.02  0.186982  0.186982  0.02805
protocols.relax.FastRelax: CMD: coord_cst_weight  -1318.43  0.186982  0.186982  0.02805
protocols.relax.FastRelax: CMD: scale:fa_rep  -968.892  0.186982  0.186982  0.14575
core.pack.task: Packer task: initialize from command line() 
core.pack.pack_rotamers: built 7375 rotamers at 492 positions.
core.pack.interaction_graph.interaction_graph_factory: Instantiating DensePDInteractionGraph
protocols.relax.FastRelax: CMD: repack  -1001.92  0.186982  0.186982  0.14575
protocols.relax.FastRelax: CMD: scale:fa_rep  -980.091  0.186982  0.186982  0.154
protocols.relax.FastRelax: CMD: min  -1163.37  0.234916  0.234916  0.154
protocols.relax.FastRelax: CMD: coord_cst_weight  -1281.63  0.234916  0.234916  0.154
protocols.relax.FastRelax: CMD: scale:fa_rep  -1096.1  0.234916  0.234916  0.30745
core.pack.task: Packer task: initialize from command line() 
core.pack.pack_rotamers: built 7165 rotamers at 492 positions.
core.pack.interaction_graph.interaction_graph_factory: Instantiating DensePDInteractionGraph
protocols.relax.FastRelax: CMD: repack  -1058.34  0.234916  0.234916  0.30745
protocols.relax.FastRelax: CMD: scale:fa_rep  -1042.98  0.234916  0.234916  0.31955
protocols.relax.FastRelax: CMD: min  -1288.82  3.30832  3.30832  0.31955
protocols.relax.FastRelax: CMD: coord_cst_weight  -1288.82  3.30832  3.30832  0.31955
protocols.relax.FastRelax: CMD: scale:fa_rep  -1082.6  3.30832  3.30832  0.55
core.pack.task: Packer task: initialize from command line() 
core.pack.pack_rotamers: built 6961 rotamers at 492 positions.
core.pack.interaction_graph.interaction_graph_factory: Instantiating DensePDInteractionGraph
protocols.relax.FastRelax: CMD: repack  -1089.05  3.30832  3.30832  0.55
protocols.relax.FastRelax: CMD: min  -1138.12  3.32403  3.32403  0.55
protocols.relax.FastRelax: MRP: 5  -1138.12  -1152.32  2.57949  2.57949  
protocols.relax.FastRelax: CMD: accept_to_best  -1138.12  3.32403  3.32403  0.55
protocols.relax.FastRelax: CMD: endrepeat  -1138.12  3.32403  3.32403  0.55
protocols.relax.FastRelax: CMD: coord_cst_weight  60820.7  3.32403  3.32403  0.55
protocols.relax.FastRelax: CMD: scale:fa_rep  60490.6  3.32403  3.32403  0.022
core.pack.task: Packer task: initialize from command line() 
core.pack.pack_rotamers: built 7736 rotamers at 492 positions.
core.pack.interaction_graph.interaction_graph_factory: Instantiating DensePDInteractionGraph
protocols.relax.FastRelax: CMD: repack  60478.4  3.32403  3.32403  0.022
protocols.relax.FastRelax: CMD: scale:fa_rep  60484.9  3.32403  3.32403  0.02805
core.optimization.Minimizer: [ WARNING ] LBFGS MAX CYCLES 2000 EXCEEDED, BUT FUNC NOT CONVERGED!
protocols.relax.FastRelax: CMD: min  -1256.14  0.18575  0.18575  0.02805
protocols.relax.FastRelax: CMD: coord_cst_weight  -1329.18  0.18575  0.18575  0.02805
protocols.relax.FastRelax: CMD: scale:fa_rep  -1003.56  0.18575  0.18575  0.14575
core.pack.task: Packer task: initialize from command line() 
core.pack.pack_rotamers: built 7354 rotamers at 492 positions.
core.pack.interaction_graph.interaction_graph_factory: Instantiating DensePDInteractionGraph
protocols.relax.FastRelax: CMD: repack  -1036.17  0.18575  0.18575  0.14575
protocols.relax.FastRelax: CMD: scale:fa_rep  -1016.21  0.18575  0.18575  0.154
protocols.relax.FastRelax: CMD: min  -1171.85  0.235143  0.235143  0.154
protocols.relax.FastRelax: CMD: coord_cst_weight  -1290.26  0.235143  0.235143  0.154
protocols.relax.FastRelax: CMD: scale:fa_rep  -1113.09  0.235143  0.235143  0.30745
core.pack.task: Packer task: initialize from command line() 
core.pack.pack_rotamers: built 7135 rotamers at 492 positions.
core.pack.interaction_graph.interaction_graph_factory: Instantiating DensePDInteractionGraph
protocols.relax.FastRelax: CMD: repack  -1114.86  0.235143  0.235143  0.30745
protocols.relax.FastRelax: CMD: scale:fa_rep  -1101.06  0.235143  0.235143  0.31955
protocols.relax.FastRelax: CMD: min  -1301.68  3.2807  3.2807  0.31955
protocols.relax.FastRelax: CMD: coord_cst_weight  -1301.68  3.2807  3.2807  0.31955
protocols.relax.FastRelax: CMD: scale:fa_rep  -1098.05  3.2807  3.2807  0.55
core.pack.task: Packer task: initialize from command line() 
core.pack.pack_rotamers: built 6943 rotamers at 492 positions.
core.pack.interaction_graph.interaction_graph_factory: Instantiating DensePDInteractionGraph
protocols.relax.FastRelax: CMD: repack  -1108.3  3.2807  3.2807  0.55
protocols.relax.FastRelax: CMD: min  -1162.16  3.15675  3.15675  0.55
protocols.relax.FastRelax: MRP: 6  -1162.16  -1162.16  3.15675  3.15675  
protocols.relax.FastRelax: CMD: accept_to_best  -1162.16  3.15675  3.15675  0.55
protocols.relax.FastRelax: CMD: endrepeat  -1162.16  3.15675  3.15675  0.55
protocols.relax.FastRelax: CMD: coord_cst_weight  39274.1  3.15675  3.15675  0.55
protocols.relax.FastRelax: CMD: scale:fa_rep  38944.6  3.15675  3.15675  0.022
core.pack.task: Packer task: initialize from command line() 
core.pack.pack_rotamers: built 7736 rotamers at 492 positions.
core.pack.interaction_graph.interaction_graph_factory: Instantiating DensePDInteractionGraph
protocols.relax.FastRelax: CMD: repack  38935.5  3.15675  3.15675  0.022
protocols.relax.FastRelax: CMD: scale:fa_rep  38942.4  3.15675  3.15675  0.02805
core.optimization.Minimizer: [ WARNING ] LBFGS MAX CYCLES 2000 EXCEEDED, BUT FUNC NOT CONVERGED!
protocols.relax.FastRelax: CMD: min  -1261.95  0.187067  0.187067  0.02805
protocols.relax.FastRelax: CMD: coord_cst_weight  -1337.02  0.187067  0.187067  0.02805
protocols.relax.FastRelax: CMD: scale:fa_rep  -1013.88  0.187067  0.187067  0.14575
core.pack.task: Packer task: initialize from command line() 
core.pack.pack_rotamers: built 7317 rotamers at 492 positions.
core.pack.interaction_graph.interaction_graph_factory: Instantiating DensePDInteractionGraph
protocols.relax.FastRelax: CMD: repack  -1047.67  0.187067  0.187067  0.14575
protocols.relax.FastRelax: CMD: scale:fa_rep  -1027.92  0.187067  0.187067  0.154
protocols.relax.FastRelax: CMD: min  -1181.08  0.234329  0.234329  0.154
protocols.relax.FastRelax: CMD: coord_cst_weight  -1298.42  0.234329  0.234329  0.154
protocols.relax.FastRelax: CMD: scale:fa_rep  -1118.66  0.234329  0.234329  0.30745
core.pack.task: Packer task: initialize from command line() 
core.pack.pack_rotamers: built 7132 rotamers at 492 positions.
core.pack.interaction_graph.interaction_graph_factory: Instantiating DensePDInteractionGraph
protocols.relax.FastRelax: CMD: repack  -1120.19  0.234329  0.234329  0.30745
protocols.relax.FastRelax: CMD: scale:fa_rep  -1106.31  0.234329  0.234329  0.31955
protocols.relax.FastRelax: CMD: min  -1295.29  3.08558  3.08558  0.31955
protocols.relax.FastRelax: CMD: coord_cst_weight  -1295.29  3.08558  3.08558  0.31955
protocols.relax.FastRelax: CMD: scale:fa_rep  -1083.29  3.08558  3.08558  0.55
core.pack.task: Packer task: initialize from command line() 
core.pack.pack_rotamers: built 6907 rotamers at 492 positions.
core.pack.interaction_graph.interaction_graph_factory: Instantiating DensePDInteractionGraph
protocols.relax.FastRelax: CMD: repack  -1103.46  3.08558  3.08558  0.55
protocols.relax.FastRelax: CMD: min  -1157.44  3.6118  3.6118  0.55
protocols.relax.FastRelax: MRP: 7  -1157.44  -1162.16  3.15675  3.15675  
protocols.relax.FastRelax: CMD: accept_to_best  -1157.44  3.6118  3.6118  0.55
protocols.relax.FastRelax: CMD: endrepeat  -1157.44  3.6118  3.6118  0.55
protocols.relax.FastRelax: CMD: coord_cst_weight  52444.4  3.6118  3.6118  0.55
protocols.relax.FastRelax: CMD: scale:fa_rep  52113  3.6118  3.6118  0.022
core.pack.task: Packer task: initialize from command line() 
core.pack.pack_rotamers: built 7740 rotamers at 492 positions.
core.pack.interaction_graph.interaction_graph_factory: Instantiating DensePDInteractionGraph
protocols.relax.FastRelax: CMD: repack  52097  3.6118  3.6118  0.022
protocols.relax.FastRelax: CMD: scale:fa_rep  52102.8  3.6118  3.6118  0.02805
core.optimization.Minimizer: [ WARNING ] LBFGS MAX CYCLES 2000 EXCEEDED, BUT FUNC NOT CONVERGED!
protocols.relax.FastRelax: CMD: min  -1259.81  0.183151  0.183151  0.02805
protocols.relax.FastRelax: CMD: coord_cst_weight  -1334.27  0.183151  0.183151  0.02805
protocols.relax.FastRelax: CMD: scale:fa_rep  -1035.83  0.183151  0.183151  0.14575
core.pack.task: Packer task: initialize from command line() 
core.pack.pack_rotamers: built 7363 rotamers at 492 positions.
core.pack.interaction_graph.interaction_graph_factory: Instantiating DensePDInteractionGraph
protocols.relax.FastRelax: CMD: repack  -1072.92  0.183151  0.183151  0.14575
protocols.relax.FastRelax: CMD: scale:fa_rep  -1054.61  0.183151  0.183151  0.154
protocols.relax.FastRelax: CMD: min  -1190.6  0.226995  0.226995  0.154
protocols.relax.FastRelax: CMD: coord_cst_weight  -1304.19  0.226995  0.226995  0.154
protocols.relax.FastRelax: CMD: scale:fa_rep  -1130.48  0.226995  0.226995  0.30745
core.pack.task: Packer task: initialize from command line() 
core.pack.pack_rotamers: built 7105 rotamers at 492 positions.
core.pack.interaction_graph.interaction_graph_factory: Instantiating DensePDInteractionGraph
protocols.relax.FastRelax: CMD: repack  -1134.16  0.226995  0.226995  0.30745
protocols.relax.FastRelax: CMD: scale:fa_rep  -1120.5  0.226995  0.226995  0.31955
protocols.relax.FastRelax: CMD: min  -1279.96  3.79738  3.79738  0.31955
protocols.relax.FastRelax: CMD: coord_cst_weight  -1279.96  3.79738  3.79738  0.31955
protocols.relax.FastRelax: CMD: scale:fa_rep  -1055.53  3.79738  3.79738  0.55
core.pack.task: Packer task: initialize from command line() 
core.pack.pack_rotamers: built 6945 rotamers at 492 positions.
core.pack.interaction_graph.interaction_graph_factory: Instantiating DensePDInteractionGraph
protocols.relax.FastRelax: CMD: repack  -1107.31  3.79738  3.79738  0.55
protocols.relax.FastRelax: CMD: min  -1160.42  3.70609  3.70609  0.55
protocols.relax.FastRelax: MRP: 8  -1160.42  -1162.16  3.15675  3.15675  
protocols.relax.FastRelax: CMD: accept_to_best  -1160.42  3.70609  3.70609  0.55
protocols.relax.FastRelax: CMD: endrepeat  -1160.42  3.70609  3.70609  0.55
protocols.relax.FastRelax: CMD: coord_cst_weight  56589.2  3.70609  3.70609  0.55
protocols.relax.FastRelax: CMD: scale:fa_rep  56259.4  3.70609  3.70609  0.022
core.pack.task: Packer task: initialize from command line() 
core.pack.pack_rotamers: built 7772 rotamers at 492 positions.
core.pack.interaction_graph.interaction_graph_factory: Instantiating DensePDInteractionGraph
protocols.relax.FastRelax: CMD: repack  56245.6  3.70609  3.70609  0.022
protocols.relax.FastRelax: CMD: scale:fa_rep  56252.3  3.70609  3.70609  0.02805
core.optimization.Minimizer: [ WARNING ] LBFGS MAX CYCLES 2000 EXCEEDED, BUT FUNC NOT CONVERGED!
protocols.relax.FastRelax: CMD: min  -1254.45  0.184334  0.184334  0.02805
protocols.relax.FastRelax: CMD: coord_cst_weight  -1331.01  0.184334  0.184334  0.02805
protocols.relax.FastRelax: CMD: scale:fa_rep  -1014.86  0.184334  0.184334  0.14575
core.pack.task: Packer task: initialize from command line() 
core.pack.pack_rotamers: built 7367 rotamers at 492 positions.
core.pack.interaction_graph.interaction_graph_factory: Instantiating DensePDInteractionGraph
protocols.relax.FastRelax: CMD: repack  -1050.82  0.184334  0.184334  0.14575
protocols.relax.FastRelax: CMD: scale:fa_rep  -1030.93  0.184334  0.184334  0.154
protocols.relax.FastRelax: CMD: min  -1184.85  0.232092  0.232092  0.154
protocols.relax.FastRelax: CMD: coord_cst_weight  -1302.56  0.232092  0.232092  0.154
protocols.relax.FastRelax: CMD: scale:fa_rep  -1126  0.232092  0.232092  0.30745
core.pack.task: Packer task: initialize from command line() 
core.pack.pack_rotamers: built 7134 rotamers at 492 positions.
core.pack.interaction_graph.interaction_graph_factory: Instantiating DensePDInteractionGraph
protocols.relax.FastRelax: CMD: repack  -1121  0.232092  0.232092  0.30745
protocols.relax.FastRelax: CMD: scale:fa_rep  -1107.14  0.232092  0.232092  0.31955
protocols.relax.FastRelax: CMD: min  -1299.81  3.66081  3.66081  0.31955
protocols.relax.FastRelax: CMD: coord_cst_weight  -1299.81  3.66081  3.66081  0.31955
protocols.relax.FastRelax: CMD: scale:fa_rep  -1085.44  3.66081  3.66081  0.55
core.pack.task: Packer task: initialize from command line() 
core.pack.pack_rotamers: built 6940 rotamers at 492 positions.
core.pack.interaction_graph.interaction_graph_factory: Instantiating DensePDInteractionGraph
protocols.relax.FastRelax: CMD: repack  -1111.67  3.66081  3.66081  0.55
protocols.relax.FastRelax: CMD: min  -1169.88  3.49703  3.49703  0.55
protocols.relax.FastRelax: MRP: 9  -1169.88  -1169.88  3.49703  3.49703  
protocols.relax.FastRelax: CMD: accept_to_best  -1169.88  3.49703  3.49703  0.55
protocols.relax.FastRelax: CMD: endrepeat  -1169.88  3.49703  3.49703  0.55
protocols.relax.FastRelax: CMD: coord_cst_weight  52217.8  3.49703  3.49703  0.55
protocols.relax.FastRelax: CMD: scale:fa_rep  51890.1  3.49703  3.49703  0.022
core.pack.task: Packer task: initialize from command line() 
core.pack.pack_rotamers: built 7739 rotamers at 492 positions.
core.pack.interaction_graph.interaction_graph_factory: Instantiating DensePDInteractionGraph
protocols.relax.FastRelax: CMD: repack  51867.3  3.49703  3.49703  0.022
protocols.relax.FastRelax: CMD: scale:fa_rep  51873.5  3.49703  3.49703  0.02805
core.optimization.Minimizer: [ WARNING ] LBFGS MAX CYCLES 2000 EXCEEDED, BUT FUNC NOT CONVERGED!
protocols.relax.FastRelax: CMD: min  -1270.68  0.185247  0.185247  0.02805
protocols.relax.FastRelax: CMD: coord_cst_weight  -1348.52  0.185247  0.185247  0.02805
protocols.relax.FastRelax: CMD: scale:fa_rep  -1028.54  0.185247  0.185247  0.14575
core.pack.task: Packer task: initialize from command line() 
core.pack.pack_rotamers: built 7352 rotamers at 492 positions.
core.pack.interaction_graph.interaction_graph_factory: Instantiating DensePDInteractionGraph
protocols.relax.FastRelax: CMD: repack  -1058.05  0.185247  0.185247  0.14575
protocols.relax.FastRelax: CMD: scale:fa_rep  -1037.78  0.185247  0.185247  0.154
protocols.relax.FastRelax: CMD: min  -1192.91  0.233182  0.233182  0.154
protocols.relax.FastRelax: CMD: coord_cst_weight  -1315.34  0.233182  0.233182  0.154
protocols.relax.FastRelax: CMD: scale:fa_rep  -1133.81  0.233182  0.233182  0.30745
core.pack.task: Packer task: initialize from command line() 
core.pack.pack_rotamers: built 7147 rotamers at 492 positions.
core.pack.interaction_graph.interaction_graph_factory: Instantiating DensePDInteractionGraph
protocols.relax.FastRelax: CMD: repack  -1135.31  0.233182  0.233182  0.30745
protocols.relax.FastRelax: CMD: scale:fa_rep  -1121.3  0.233182  0.233182  0.31955
protocols.relax.FastRelax: CMD: min  -1303.97  4.11747  4.11747  0.31955
protocols.relax.FastRelax: CMD: coord_cst_weight  -1303.97  4.11747  4.11747  0.31955
protocols.relax.FastRelax: CMD: scale:fa_rep  -1089.7  4.11747  4.11747  0.55
core.pack.task: Packer task: initialize from command line() 
core.pack.pack_rotamers: built 6939 rotamers at 492 positions.
core.pack.interaction_graph.interaction_graph_factory: Instantiating DensePDInteractionGraph
protocols.relax.FastRelax: CMD: repack  -1123.41  4.11747  4.11747  0.55
protocols.relax.FastRelax: CMD: min  -1183.82  4.16268  4.16268  0.55
protocols.relax.FastRelax: MRP: 10  -1183.82  -1183.82  4.16268  4.16268  
protocols.relax.FastRelax: CMD: accept_to_best  -1183.82  4.16268  4.16268  0.55
protocols.relax.FastRelax: CMD: endrepeat  -1183.82  4.16268  4.16268  0.55
protocols.relax.FastRelax: CMD: coord_cst_weight  72544.7  4.16268  4.16268  0.55
protocols.relax.FastRelax: CMD: scale:fa_rep  72219.5  4.16268  4.16268  0.022
core.pack.task: Packer task: initialize from command line() 
core.pack.pack_rotamers: built 7748 rotamers at 492 positions.
core.pack.interaction_graph.interaction_graph_factory: Instantiating DensePDInteractionGraph
protocols.relax.FastRelax: CMD: repack  72202.2  4.16268  4.16268  0.022
protocols.relax.FastRelax: CMD: scale:fa_rep  72208.1  4.16268  4.16268  0.02805
core.optimization.Minimizer: [ WARNING ] LBFGS MAX CYCLES 2000 EXCEEDED, BUT FUNC NOT CONVERGED!
protocols.relax.FastRelax: CMD: min  -1258.93  0.192399  0.192399  0.02805
protocols.relax.FastRelax: CMD: coord_cst_weight  -1342.02  0.192399  0.192399  0.02805
protocols.relax.FastRelax: CMD: scale:fa_rep  -1033.18  0.192399  0.192399  0.14575
core.pack.task: Packer task: initialize from command line() 
core.pack.pack_rotamers: built 7310 rotamers at 492 positions.
core.pack.interaction_graph.interaction_graph_factory: Instantiating DensePDInteractionGraph
protocols.relax.FastRelax: CMD: repack  -1059.76  0.192399  0.192399  0.14575
protocols.relax.FastRelax: CMD: scale:fa_rep  -1040.04  0.192399  0.192399  0.154
protocols.relax.FastRelax: CMD: min  -1189.84  0.233442  0.233442  0.154
protocols.relax.FastRelax: CMD: coord_cst_weight  -1312.4  0.233442  0.233442  0.154
protocols.relax.FastRelax: CMD: scale:fa_rep  -1131.95  0.233442  0.233442  0.30745
core.pack.task: Packer task: initialize from command line() 
core.pack.pack_rotamers: built 7163 rotamers at 492 positions.
core.pack.interaction_graph.interaction_graph_factory: Instantiating DensePDInteractionGraph
protocols.relax.FastRelax: CMD: repack  -1133.32  0.233442  0.233442  0.30745
protocols.relax.FastRelax: CMD: scale:fa_rep  -1119.35  0.233442  0.233442  0.31955
protocols.relax.FastRelax: CMD: min  -1247.42  4.19405  4.19405  0.31955
protocols.relax.FastRelax: CMD: coord_cst_weight  -1247.42  4.19405  4.19405  0.31955
protocols.relax.FastRelax: CMD: scale:fa_rep  -994.948  4.19405  4.19405  0.55
core.pack.task: Packer task: initialize from command line() 
core.pack.pack_rotamers: built 6902 rotamers at 492 positions.
core.pack.interaction_graph.interaction_graph_factory: Instantiating DensePDInteractionGraph
protocols.relax.FastRelax: CMD: repack  -1118.93  4.19405  4.19405  0.55
protocols.relax.FastRelax: CMD: min  -1178.39  4.1013  4.1013  0.55
protocols.relax.FastRelax: MRP: 11  -1178.39  -1183.82  4.16268  4.16268  
protocols.relax.FastRelax: CMD: accept_to_best  -1178.39  4.1013  4.1013  0.55
protocols.relax.FastRelax: CMD: endrepeat  -1178.39  4.1013  4.1013  0.55
protocols.relax.FastRelax: CMD: coord_cst_weight  71469.7  4.1013  4.1013  0.55
protocols.relax.FastRelax: CMD: scale:fa_rep  71145.8  4.1013  4.1013  0.022
core.pack.task: Packer task: initialize from command line() 
core.pack.pack_rotamers: built 7699 rotamers at 492 positions.
core.pack.interaction_graph.interaction_graph_factory: Instantiating DensePDInteractionGraph
protocols.relax.FastRelax: CMD: repack  71129.9  4.1013  4.1013  0.022
protocols.relax.FastRelax: CMD: scale:fa_rep  71137.6  4.1013  4.1013  0.02805
core.optimization.Minimizer: [ WARNING ] LBFGS MAX CYCLES 2000 EXCEEDED, BUT FUNC NOT CONVERGED!
protocols.relax.FastRelax: CMD: min  -1228.2  0.191496  0.191496  0.02805
protocols.relax.FastRelax: CMD: coord_cst_weight  -1311.77  0.191496  0.191496  0.02805
protocols.relax.FastRelax: CMD: scale:fa_rep  -879.14  0.191496  0.191496  0.14575
core.pack.task: Packer task: initialize from command line() 
core.pack.pack_rotamers: built 7331 rotamers at 492 positions.
core.pack.interaction_graph.interaction_graph_factory: Instantiating DensePDInteractionGraph
protocols.relax.FastRelax: CMD: repack  -1054.87  0.191496  0.191496  0.14575
protocols.relax.FastRelax: CMD: scale:fa_rep  -1034.49  0.191496  0.191496  0.154
protocols.relax.FastRelax: CMD: min  -1199.83  0.234419  0.234419  0.154
protocols.relax.FastRelax: CMD: coord_cst_weight  -1322.65  0.234419  0.234419  0.154
protocols.relax.FastRelax: CMD: scale:fa_rep  -1140.56  0.234419  0.234419  0.30745
core.pack.task: Packer task: initialize from command line() 
core.pack.pack_rotamers: built 7134 rotamers at 492 positions.
core.pack.interaction_graph.interaction_graph_factory: Instantiating DensePDInteractionGraph
protocols.relax.FastRelax: CMD: repack  -1141.15  0.234419  0.234419  0.30745
protocols.relax.FastRelax: CMD: scale:fa_rep  -1127.09  0.234419  0.234419  0.31955
protocols.relax.FastRelax: CMD: min  -1315.43  3.15697  3.15697  0.31955
protocols.relax.FastRelax: CMD: coord_cst_weight  -1315.43  3.15697  3.15697  0.31955
protocols.relax.FastRelax: CMD: scale:fa_rep  -1107.48  3.15697  3.15697  0.55
core.pack.task: Packer task: initialize from command line() 
core.pack.pack_rotamers: built 6918 rotamers at 492 positions.
core.pack.interaction_graph.interaction_graph_factory: Instantiating DensePDInteractionGraph
protocols.relax.FastRelax: CMD: repack  -1109.04  3.15697  3.15697  0.55
protocols.relax.FastRelax: CMD: min  -1156.54  3.47845  3.47845  0.55
protocols.relax.FastRelax: MRP: 12  -1156.54  -1183.82  4.16268  4.16268  
protocols.relax.FastRelax: CMD: accept_to_best  -1156.54  3.47845  3.47845  0.55
protocols.relax.FastRelax: CMD: endrepeat  -1156.54  3.47845  3.47845  0.55
protocols.relax.FastRelax: CMD: coord_cst_weight  52509.6  3.47845  3.47845  0.55
protocols.relax.FastRelax: CMD: scale:fa_rep  52175.5  3.47845  3.47845  0.022
core.pack.task: Packer task: initialize from command line() 
core.pack.pack_rotamers: built 7701 rotamers at 492 positions.
core.pack.interaction_graph.interaction_graph_factory: Instantiating DensePDInteractionGraph
protocols.relax.FastRelax: CMD: repack  52160  3.47845  3.47845  0.022
protocols.relax.FastRelax: CMD: scale:fa_rep  52166.7  3.47845  3.47845  0.02805
core.optimization.Minimizer: [ WARNING ] LBFGS MAX CYCLES 2000 EXCEEDED, BUT FUNC NOT CONVERGED!
protocols.relax.FastRelax: CMD: min  -1291.73  0.18295  0.18295  0.02805
protocols.relax.FastRelax: CMD: coord_cst_weight  -1367.51  0.18295  0.18295  0.02805
protocols.relax.FastRelax: CMD: scale:fa_rep  -1046.17  0.18295  0.18295  0.14575
core.pack.task: Packer task: initialize from command line() 
core.pack.pack_rotamers: built 7370 rotamers at 492 positions.
core.pack.interaction_graph.interaction_graph_factory: Instantiating DensePDInteractionGraph
protocols.relax.FastRelax: CMD: repack  -1064.93  0.18295  0.18295  0.14575
protocols.relax.FastRelax: CMD: scale:fa_rep  -1044.47  0.18295  0.18295  0.154
protocols.relax.FastRelax: CMD: min  -1199.32  0.234666  0.234666  0.154
protocols.relax.FastRelax: CMD: coord_cst_weight  -1321.6  0.234666  0.234666  0.154
protocols.relax.FastRelax: CMD: scale:fa_rep  -1145.11  0.234666  0.234666  0.30745
core.pack.task: Packer task: initialize from command line() 
core.pack.pack_rotamers: built 7165 rotamers at 492 positions.
core.pack.interaction_graph.interaction_graph_factory: Instantiating DensePDInteractionGraph
protocols.relax.FastRelax: CMD: repack  -1146.16  0.234666  0.234666  0.30745
protocols.relax.FastRelax: CMD: scale:fa_rep  -1132.32  0.234666  0.234666  0.31955
protocols.relax.FastRelax: CMD: min  -1318.26  3.08456  3.08456  0.31955
protocols.relax.FastRelax: CMD: coord_cst_weight  -1318.26  3.08456  3.08456  0.31955
protocols.relax.FastRelax: CMD: scale:fa_rep  -1115.37  3.08456  3.08456  0.55
core.pack.task: Packer task: initialize from command line() 
core.pack.pack_rotamers: built 6950 rotamers at 492 positions.
core.pack.interaction_graph.interaction_graph_factory: Instantiating DensePDInteractionGraph
protocols.relax.FastRelax: CMD: repack  -1117.27  3.08456  3.08456  0.55
protocols.relax.FastRelax: CMD: min  -1167.05  3.41349  3.41349  0.55
protocols.relax.FastRelax: MRP: 13  -1167.05  -1183.82  4.16268  4.16268  
protocols.relax.FastRelax: CMD: accept_to_best  -1167.05  3.41349  3.41349  0.55
protocols.relax.FastRelax: CMD: endrepeat  -1167.05  3.41349  3.41349  0.55
protocols.relax.FastRelax: CMD: coord_cst_weight  48089.7  3.41349  3.41349  0.55
protocols.relax.FastRelax: CMD: scale:fa_rep  47761.8  3.41349  3.41349  0.022
core.pack.task: Packer task: initialize from command line() 
core.pack.pack_rotamers: built 7703 rotamers at 492 positions.
core.pack.interaction_graph.interaction_graph_factory: Instantiating DensePDInteractionGraph
protocols.relax.FastRelax: CMD: repack  47742.8  3.41349  3.41349  0.022
protocols.relax.FastRelax: CMD: scale:fa_rep  47749.2  3.41349  3.41349  0.02805
core.optimization.Minimizer: [ WARNING ] LBFGS MAX CYCLES 2000 EXCEEDED, BUT FUNC NOT CONVERGED!
protocols.relax.FastRelax: CMD: min  -1276.25  0.191116  0.191116  0.02805
protocols.relax.FastRelax: CMD: coord_cst_weight  -1358.3  0.191116  0.191116  0.02805
protocols.relax.FastRelax: CMD: scale:fa_rep  -1018.74  0.191116  0.191116  0.14575
core.pack.task: Packer task: initialize from command line() 
core.pack.pack_rotamers: built 7301 rotamers at 492 positions.
core.pack.interaction_graph.interaction_graph_factory: Instantiating DensePDInteractionGraph
protocols.relax.FastRelax: CMD: repack  -1059.6  0.191116  0.191116  0.14575
protocols.relax.FastRelax: CMD: scale:fa_rep  -1039.08  0.191116  0.191116  0.154
protocols.relax.FastRelax: CMD: min  -1200.81  0.234641  0.234641  0.154
protocols.relax.FastRelax: CMD: coord_cst_weight  -1322.22  0.234641  0.234641  0.154
protocols.relax.FastRelax: CMD: scale:fa_rep  -1143.84  0.234641  0.234641  0.30745
core.pack.task: Packer task: initialize from command line() 
core.pack.pack_rotamers: built 7150 rotamers at 492 positions.
core.pack.interaction_graph.interaction_graph_factory: Instantiating DensePDInteractionGraph
protocols.relax.FastRelax: CMD: repack  -1144.93  0.234641  0.234641  0.30745
protocols.relax.FastRelax: CMD: scale:fa_rep  -1130.83  0.234641  0.234641  0.31955
protocols.relax.FastRelax: CMD: min  -1317.15  3.08258  3.08258  0.31955
protocols.relax.FastRelax: CMD: coord_cst_weight  -1317.15  3.08258  3.08258  0.31955
protocols.relax.FastRelax: CMD: scale:fa_rep  -1113.88  3.08258  3.08258  0.55
core.pack.task: Packer task: initialize from command line() 
core.pack.pack_rotamers: built 6941 rotamers at 492 positions.
core.pack.interaction_graph.interaction_graph_factory: Instantiating DensePDInteractionGraph
protocols.relax.FastRelax: CMD: repack  -1117.53  3.08258  3.08258  0.55
protocols.relax.FastRelax: CMD: min  -1165.28  3.51715  3.51715  0.55
protocols.relax.FastRelax: MRP: 14  -1165.28  -1183.82  4.16268  4.16268  
protocols.relax.FastRelax: CMD: accept_to_best  -1165.28  3.51715  3.51715  0.55
protocols.relax.FastRelax: CMD: endrepeat  -1165.28  3.51715  3.51715  0.55
protocols::checkpoint: Deleting checkpoints of FastRelax
protocols.jd2.JobDistributor: target.BL00010001_6_0002 reported success in 14514 seconds
protocols.jd2.PDBJobInputter: PDBJobInputter::pose_from_job
protocols.jd2.PDBJobInputter: filling pose from PDB ../1-modeller/target.BL00010001.pdb
core.import_pose.import_pose: File '../1-modeller/target.BL00010001.pdb' automatically determined to be of type PDB from contents.
core.io.rcsb.ExperimentalTechnique: [ ERROR ] Unrecognized experimental technique string 'THEORETICAL MODEL, MODELLER 10.8 2026/08/10 16:18:02'
protocols.relax.FastRelax: CMD: repeat  4476.34  0  0  0.55
protocols.relax.FastRelax: CMD: coord_cst_weight  4476.34  0  0  0.55
protocols.relax.FastRelax: CMD: scale:fa_rep  806.987  0  0  0.022
core.pack.task: Packer task: initialize from command line() 
core.pack.pack_rotamers: built 8129 rotamers at 492 positions.
core.pack.interaction_graph.interaction_graph_factory: Instantiating DensePDInteractionGraph
protocols.relax.FastRelax: CMD: repack  -875.256  0  0  0.022
protocols.relax.FastRelax: CMD: scale:fa_rep  -833.685  0  0  0.02805
core.optimization.Minimizer: [ WARNING ] LBFGS MAX CYCLES 2000 EXCEEDED, BUT FUNC NOT CONVERGED!
protocols.relax.FastRelax: CMD: min  -1294.07  0.149573  0.149573  0.02805
protocols.relax.FastRelax: CMD: coord_cst_weight  -1341.62  0.149573  0.149573  0.02805
protocols.relax.FastRelax: CMD: scale:fa_rep  -934.56  0.149573  0.149573  0.14575
core.pack.task: Packer task: initialize from command line() 
core.pack.pack_rotamers: built 7441 rotamers at 492 positions.
core.pack.interaction_graph.interaction_graph_factory: Instantiating DensePDInteractionGraph
protocols.relax.FastRelax: CMD: repack  -974.844  0.149573  0.149573  0.14575
protocols.relax.FastRelax: CMD: scale:fa_rep  -951.789  0.149573  0.149573  0.154
protocols.relax.FastRelax: CMD: min  -1151.7  0.202706  0.202706  0.154
protocols.relax.FastRelax: CMD: coord_cst_weight  -1239.59  0.202706  0.202706  0.154
protocols.relax.FastRelax: CMD: scale:fa_rep  -1042.68  0.202706  0.202706  0.30745
core.pack.task: Packer task: initialize from command line() 
core.pack.pack_rotamers: built 7201 rotamers at 492 positions.
core.pack.interaction_graph.interaction_graph_factory: Instantiating DensePDInteractionGraph
protocols.relax.FastRelax: CMD: repack  -1043.23  0.202706  0.202706  0.30745
protocols.relax.FastRelax: CMD: scale:fa_rep  -1027.97  0.202706  0.202706  0.31955
protocols.relax.FastRelax: CMD: min  -1215.84  3.90665  3.90665  0.31955
protocols.relax.FastRelax: CMD: coord_cst_weight  -1215.84  3.90665  3.90665  0.31955
protocols.relax.FastRelax: CMD: scale:fa_rep  -976.304  3.90665  3.90665  0.55
core.pack.task: Packer task: initialize from command line() 
core.pack.pack_rotamers: built 7087 rotamers at 492 positions.
core.pack.interaction_graph.interaction_graph_factory: Instantiating DensePDInteractionGraph
protocols.relax.FastRelax: CMD: repack  -1058.62  3.90665  3.90665  0.55
protocols.relax.FastRelax: CMD: min  -1117.55  3.63375  3.63375  0.55
protocols.relax.FastRelax: MRP: 0  -1117.55  -1117.55  3.63375  3.63375  
protocols.relax.FastRelax: CMD: accept_to_best  -1117.55  3.63375  3.63375  0.55
protocols.relax.FastRelax: CMD: endrepeat  -1117.55  3.63375  3.63375  0.55
protocols.relax.FastRelax: CMD: coord_cst_weight  155693  3.63375  3.63375  0.55
protocols.relax.FastRelax: CMD: scale:fa_rep  155358  3.63375  3.63375  0.022
core.pack.task: Packer task: initialize from command line() 
core.pack.pack_rotamers: built 7813 rotamers at 492 positions.
core.pack.interaction_graph.interaction_graph_factory: Instantiating DensePDInteractionGraph
protocols.relax.FastRelax: CMD: repack  155339  3.63375  3.63375  0.022
protocols.relax.FastRelax: CMD: scale:fa_rep  155351  3.63375  3.63375  0.02805
core.optimization.Minimizer: [ WARNING ] LBFGS MAX CYCLES 2000 EXCEEDED, BUT FUNC NOT CONVERGED!
protocols.relax.FastRelax: CMD: min  -1242.92  0.182769  0.182769  0.02805
protocols.relax.FastRelax: CMD: coord_cst_weight  -1314.22  0.182769  0.182769  0.02805
protocols.relax.FastRelax: CMD: scale:fa_rep  -971.001  0.182769  0.182769  0.14575
core.pack.task: Packer task: initialize from command line() 
core.pack.pack_rotamers: built 7360 rotamers at 492 positions.
core.pack.interaction_graph.interaction_graph_factory: Instantiating DensePDInteractionGraph
protocols.relax.FastRelax: CMD: repack  -1017.03  0.182769  0.182769  0.14575
protocols.relax.FastRelax: CMD: scale:fa_rep  -996.804  0.182769  0.182769  0.154
protocols.relax.FastRelax: CMD: min  -1170.79  0.225917  0.225917  0.154
protocols.relax.FastRelax: CMD: coord_cst_weight  -1281.26  0.225917  0.225917  0.154
protocols.relax.FastRelax: CMD: scale:fa_rep  -1094.82  0.225917  0.225917  0.30745
core.pack.task: Packer task: initialize from command line() 
core.pack.pack_rotamers: built 7135 rotamers at 492 positions.
core.pack.interaction_graph.interaction_graph_factory: Instantiating DensePDInteractionGraph
protocols.relax.FastRelax: CMD: repack  -1089.31  0.225917  0.225917  0.30745
protocols.relax.FastRelax: CMD: scale:fa_rep  -1074.87  0.225917  0.225917  0.31955
protocols.relax.FastRelax: CMD: min  -1264.56  3.0237  3.0237  0.31955
protocols.relax.FastRelax: CMD: coord_cst_weight  -1264.56  3.0237  3.0237  0.31955
protocols.relax.FastRelax: CMD: scale:fa_rep  -1052.65  3.0237  3.0237  0.55
core.pack.task: Packer task: initialize from command line() 
core.pack.pack_rotamers: built 6928 rotamers at 492 positions.
core.pack.interaction_graph.interaction_graph_factory: Instantiating DensePDInteractionGraph
protocols.relax.FastRelax: CMD: repack  -1073.76  3.0237  3.0237  0.55
protocols.relax.FastRelax: CMD: min  -1137.28  3.18608  3.18608  0.55
protocols.relax.FastRelax: MRP: 1  -1137.28  -1137.28  3.18608  3.18608  
protocols.relax.FastRelax: CMD: accept_to_best  -1137.28  3.18608  3.18608  0.55
protocols.relax.FastRelax: CMD: endrepeat  -1137.28  3.18608  3.18608  0.55
protocols.relax.FastRelax: CMD: coord_cst_weight  116204  3.18608  3.18608  0.55
protocols.relax.FastRelax: CMD: scale:fa_rep  115874  3.18608  3.18608  0.022
core.pack.task: Packer task: initialize from command line() 
core.pack.pack_rotamers: built 7687 rotamers at 492 positions.
core.pack.interaction_graph.interaction_graph_factory: Instantiating DensePDInteractionGraph
protocols.relax.FastRelax: CMD: repack  115853  3.18608  3.18608  0.022
protocols.relax.FastRelax: CMD: scale:fa_rep  115861  3.18608  3.18608  0.02805
core.optimization.Minimizer: [ WARNING ] LBFGS MAX CYCLES 2000 EXCEEDED, BUT FUNC NOT CONVERGED!
protocols.relax.FastRelax: CMD: min  -1245.74  0.191815  0.191815  0.02805
protocols.relax.FastRelax: CMD: coord_cst_weight  -1322.88  0.191815  0.191815  0.02805
protocols.relax.FastRelax: CMD: scale:fa_rep  -985.311  0.191815  0.191815  0.14575
core.pack.task: Packer task: initialize from command line() 
core.pack.pack_rotamers: built 7310 rotamers at 492 positions.
core.pack.interaction_graph.interaction_graph_factory: Instantiating DensePDInteractionGraph
protocols.relax.FastRelax: CMD: repack  -1027.81  0.191815  0.191815  0.14575
protocols.relax.FastRelax: CMD: scale:fa_rep  -1007.14  0.191815  0.191815  0.154
protocols.relax.FastRelax: CMD: min  -1184.01  0.225096  0.225096  0.154
protocols.relax.FastRelax: CMD: coord_cst_weight  -1294.27  0.225096  0.225096  0.154
protocols.relax.FastRelax: CMD: scale:fa_rep  -1111.9  0.225096  0.225096  0.30745
core.pack.task: Packer task: initialize from command line() 
core.pack.pack_rotamers: built 7102 rotamers at 492 positions.
core.pack.interaction_graph.interaction_graph_factory: Instantiating DensePDInteractionGraph
protocols.relax.FastRelax: CMD: repack  -1112.7  0.225096  0.225096  0.30745
protocols.relax.FastRelax: CMD: scale:fa_rep  -1098.4  0.225096  0.225096  0.31955
protocols.relax.FastRelax: CMD: min  -876.919  3.16876  3.16876  0.31955
protocols.relax.FastRelax: CMD: coord_cst_weight  -876.919  3.16876  3.16876  0.31955
protocols.relax.FastRelax: CMD: scale:fa_rep  -371.686  3.16876  3.16876  0.55
core.pack.task: Packer task: initialize from command line() 
core.pack.pack_rotamers: built 6981 rotamers at 492 positions.
core.pack.interaction_graph.interaction_graph_factory: Instantiating DensePDInteractionGraph
protocols.relax.FastRelax: CMD: repack  -1023.28  3.16876  3.16876  0.55
protocols.relax.FastRelax: CMD: min  -1154.39  3.02776  3.02776  0.55
protocols.relax.FastRelax: MRP: 2  -1154.39  -1154.39  3.02776  3.02776  
protocols.relax.FastRelax: CMD: accept_to_best  -1154.39  3.02776  3.02776  0.55
protocols.relax.FastRelax: CMD: endrepeat  -1154.39  3.02776  3.02776  0.55
protocols.relax.FastRelax: CMD: coord_cst_weight  79391.3  3.02776  3.02776  0.55
protocols.relax.FastRelax: CMD: scale:fa_rep  79063  3.02776  3.02776  0.022
core.pack.task: Packer task: initialize from command line() 
core.pack.pack_rotamers: built 7732 rotamers at 492 positions.
core.pack.interaction_graph.interaction_graph_factory: Instantiating DensePDInteractionGraph
protocols.relax.FastRelax: CMD: repack  79047.4  3.02776  3.02776  0.022
protocols.relax.FastRelax: CMD: scale:fa_rep  79056.3  3.02776  3.02776  0.02805
core.optimization.Minimizer: [ WARNING ] LBFGS MAX CYCLES 2000 EXCEEDED, BUT FUNC NOT CONVERGED!
protocols.relax.FastRelax: CMD: min  -1251.62  0.183941  0.183941  0.02805
protocols.relax.FastRelax: CMD: coord_cst_weight  -1326.29  0.183941  0.183941  0.02805
protocols.relax.FastRelax: CMD: scale:fa_rep  -974.385  0.183941  0.183941  0.14575
core.pack.task: Packer task: initialize from command line() 
core.pack.pack_rotamers: built 7312 rotamers at 492 positions.
core.pack.interaction_graph.interaction_graph_factory: Instantiating DensePDInteractionGraph
protocols.relax.FastRelax: CMD: repack  -1033.55  0.183941  0.183941  0.14575
protocols.relax.FastRelax: CMD: scale:fa_rep  -1012.72  0.183941  0.183941  0.154
protocols.relax.FastRelax: CMD: min  -1182.03  0.226608  0.226608  0.154
protocols.relax.FastRelax: CMD: coord_cst_weight  -1294.41  0.226608  0.226608  0.154
protocols.relax.FastRelax: CMD: scale:fa_rep  -1113.84  0.226608  0.226608  0.30745
core.pack.task: Packer task: initialize from command line() 
core.pack.pack_rotamers: built 7148 rotamers at 492 positions.
core.pack.interaction_graph.interaction_graph_factory: Instantiating DensePDInteractionGraph
protocols.relax.FastRelax: CMD: repack  -1089.93  0.226608  0.226608  0.30745
protocols.relax.FastRelax: CMD: scale:fa_rep  -1075.09  0.226608  0.226608  0.31955
protocols.relax.FastRelax: CMD: min  -1301.53  2.51803  2.51803  0.31955
protocols.relax.FastRelax: CMD: coord_cst_weight  -1301.53  2.51803  2.51803  0.31955
protocols.relax.FastRelax: CMD: scale:fa_rep  -1096.51  2.51803  2.51803  0.55
core.pack.task: Packer task: initialize from command line() 
core.pack.pack_rotamers: built 6911 rotamers at 492 positions.
core.pack.interaction_graph.interaction_graph_factory: Instantiating DensePDInteractionGraph
protocols.relax.FastRelax: CMD: repack  -1108.19  2.51803  2.51803  0.55
protocols.relax.FastRelax: CMD: min  -1161.81  2.41245  2.41245  0.55
protocols.relax.FastRelax: MRP: 3  -1161.81  -1161.81  2.41245  2.41245  
protocols.relax.FastRelax: CMD: accept_to_best  -1161.81  2.41245  2.41245  0.55
protocols.relax.FastRelax: CMD: endrepeat  -1161.81  2.41245  2.41245  0.55
protocols.relax.FastRelax: CMD: coord_cst_weight  44748.9  2.41245  2.41245  0.55
protocols.relax.FastRelax: CMD: scale:fa_rep  44418.4  2.41245  2.41245  0.022
core.pack.task: Packer task: initialize from command line() 
core.pack.pack_rotamers: built 7740 rotamers at 492 positions.
core.pack.interaction_graph.interaction_graph_factory: Instantiating DensePDInteractionGraph
protocols.relax.FastRelax: CMD: repack  44406.3  2.41245  2.41245  0.022
protocols.relax.FastRelax: CMD: scale:fa_rep  44415.3  2.41245  2.41245  0.02805
core.optimization.Minimizer: [ WARNING ] LBFGS MAX CYCLES 2000 EXCEEDED, BUT FUNC NOT CONVERGED!
protocols.relax.FastRelax: CMD: min  -1243.39  0.188684  0.188684  0.02805
protocols.relax.FastRelax: CMD: coord_cst_weight  -1321.85  0.188684  0.188684  0.02805
protocols.relax.FastRelax: CMD: scale:fa_rep  -954.154  0.188684  0.188684  0.14575
core.pack.task: Packer task: initialize from command line() 
core.pack.pack_rotamers: built 7352 rotamers at 492 positions.
core.pack.interaction_graph.interaction_graph_factory: Instantiating DensePDInteractionGraph
protocols.relax.FastRelax: CMD: repack  -1031.34  0.188684  0.188684  0.14575
protocols.relax.FastRelax: CMD: scale:fa_rep  -1010.68  0.188684  0.188684  0.154
protocols.relax.FastRelax: CMD: min  -1184.15  0.228437  0.228437  0.154
protocols.relax.FastRelax: CMD: coord_cst_weight  -1297.98  0.228437  0.228437  0.154
protocols.relax.FastRelax: CMD: scale:fa_rep  -1116.75  0.228437  0.228437  0.30745
core.pack.task: Packer task: initialize from command line() 
core.pack.pack_rotamers: built 7120 rotamers at 492 positions.
core.pack.interaction_graph.interaction_graph_factory: Instantiating DensePDInteractionGraph
protocols.relax.FastRelax: CMD: repack  -1117.38  0.228437  0.228437  0.30745
protocols.relax.FastRelax: CMD: scale:fa_rep  -1103.13  0.228437  0.228437  0.31955
protocols.relax.FastRelax: CMD: min  -1171.85  3.90914  3.90914  0.31955
protocols.relax.FastRelax: CMD: coord_cst_weight  -1171.85  3.90914  3.90914  0.31955
protocols.relax.FastRelax: CMD: scale:fa_rep  -871.17  3.90914  3.90914  0.55
core.pack.task: Packer task: initialize from command line() 
core.pack.pack_rotamers: built 6963 rotamers at 492 positions.
core.pack.interaction_graph.interaction_graph_factory: Instantiating DensePDInteractionGraph
protocols.relax.FastRelax: CMD: repack  -1098.7  3.90914  3.90914  0.55
protocols.relax.FastRelax: CMD: min  -1154.86  3.66712  3.66712  0.55
protocols.relax.FastRelax: MRP: 4  -1154.86  -1161.81  2.41245  2.41245  
protocols.relax.FastRelax: CMD: accept_to_best  -1154.86  3.66712  3.66712  0.55
protocols.relax.FastRelax: CMD: endrepeat  -1154.86  3.66712  3.66712  0.55
protocols.relax.FastRelax: CMD: coord_cst_weight  131116  3.66712  3.66712  0.55
protocols.relax.FastRelax: CMD: scale:fa_rep  130783  3.66712  3.66712  0.022
core.pack.task: Packer task: initialize from command line() 
core.pack.pack_rotamers: built 7731 rotamers at 492 positions.
core.pack.interaction_graph.interaction_graph_factory: Instantiating DensePDInteractionGraph
protocols.relax.FastRelax: CMD: repack  130795  3.66712  3.66712  0.022
protocols.relax.FastRelax: CMD: scale:fa_rep  130810  3.66712  3.66712  0.02805
core.optimization.Minimizer: [ WARNING ] LBFGS MAX CYCLES 2000 EXCEEDED, BUT FUNC NOT CONVERGED!
protocols.relax.FastRelax: CMD: min  -1245.93  0.187613  0.187613  0.02805
protocols.relax.FastRelax: CMD: coord_cst_weight  -1322.07  0.187613  0.187613  0.02805
protocols.relax.FastRelax: CMD: scale:fa_rep  -950.187  0.187613  0.187613  0.14575
core.pack.task: Packer task: initialize from command line() 
core.pack.pack_rotamers: built 7309 rotamers at 492 positions.
core.pack.interaction_graph.interaction_graph_factory: Instantiating DensePDInteractionGraph
protocols.relax.FastRelax: CMD: repack  -998.367  0.187613  0.187613  0.14575
protocols.relax.FastRelax: CMD: scale:fa_rep  -976.105  0.187613  0.187613  0.154
protocols.relax.FastRelax: CMD: min  -1178.34  0.234451  0.234451  0.154
protocols.relax.FastRelax: CMD: coord_cst_weight  -1296.09  0.234451  0.234451  0.154
protocols.relax.FastRelax: CMD: scale:fa_rep  -1111.2  0.234451  0.234451  0.30745
core.pack.task: Packer task: initialize from command line() 
core.pack.pack_rotamers: built 7172 rotamers at 492 positions.
core.pack.interaction_graph.interaction_graph_factory: Instantiating DensePDInteractionGraph
protocols.relax.FastRelax: CMD: repack  -1111.88  0.234451  0.234451  0.30745
protocols.relax.FastRelax: CMD: scale:fa_rep  -1097.41  0.234451  0.234451  0.31955
protocols.relax.FastRelax: CMD: min  -1297.95  2.36541  2.36541  0.31955
protocols.relax.FastRelax: CMD: coord_cst_weight  -1297.95  2.36541  2.36541  0.31955
protocols.relax.FastRelax: CMD: scale:fa_rep  -1088.81  2.36541  2.36541  0.55
core.pack.task: Packer task: initialize from command line() 
core.pack.pack_rotamers: built 7009 rotamers at 492 positions.
core.pack.interaction_graph.interaction_graph_factory: Instantiating DensePDInteractionGraph
protocols.relax.FastRelax: CMD: repack  -1092.19  2.36541  2.36541  0.55
protocols.relax.FastRelax: CMD: min  -1145.1  2.51958  2.51958  0.55
protocols.relax.FastRelax: MRP: 5  -1145.1  -1161.81  2.41245  2.41245  
protocols.relax.FastRelax: CMD: accept_to_best  -1145.1  2.51958  2.51958  0.55
protocols.relax.FastRelax: CMD: endrepeat  -1145.1  2.51958  2.51958  0.55
protocols.relax.FastRelax: CMD: coord_cst_weight  66050  2.51958  2.51958  0.55
protocols.relax.FastRelax: CMD: scale:fa_rep  65716.6  2.51958  2.51958  0.022
core.pack.task: Packer task: initialize from command line() 
core.pack.pack_rotamers: built 7754 rotamers at 492 positions.
core.pack.interaction_graph.interaction_graph_factory: Instantiating DensePDInteractionGraph
protocols.relax.FastRelax: CMD: repack  65693.8  2.51958  2.51958  0.022
protocols.relax.FastRelax: CMD: scale:fa_rep  65701.4  2.51958  2.51958  0.02805
core.optimization.Minimizer: [ WARNING ] LBFGS MAX CYCLES 2000 EXCEEDED, BUT FUNC NOT CONVERGED!
protocols.relax.FastRelax: CMD: min  -1265.77  0.189247  0.189247  0.02805
protocols.relax.FastRelax: CMD: coord_cst_weight  -1341.49  0.189247  0.189247  0.02805
protocols.relax.FastRelax: CMD: scale:fa_rep  -982.893  0.189247  0.189247  0.14575
core.pack.task: Packer task: initialize from command line() 
core.pack.pack_rotamers: built 7335 rotamers at 492 positions.
core.pack.interaction_graph.interaction_graph_factory: Instantiating DensePDInteractionGraph
protocols.relax.FastRelax: CMD: repack  -1011.27  0.189247  0.189247  0.14575
protocols.relax.FastRelax: CMD: scale:fa_rep  -988.49  0.189247  0.189247  0.154
protocols.relax.FastRelax: CMD: min  -1178.34  0.23953  0.23953  0.154
protocols.relax.FastRelax: CMD: coord_cst_weight  -1299.95  0.23953  0.23953  0.154
protocols.relax.FastRelax: CMD: scale:fa_rep  -1116.79  0.23953  0.23953  0.30745
core.pack.task: Packer task: initialize from command line() 
core.pack.pack_rotamers: built 7130 rotamers at 492 positions.
core.pack.interaction_graph.interaction_graph_factory: Instantiating DensePDInteractionGraph
protocols.relax.FastRelax: CMD: repack  -1116.59  0.23953  0.23953  0.30745
protocols.relax.FastRelax: CMD: scale:fa_rep  -1102.26  0.23953  0.23953  0.31955
protocols.relax.FastRelax: CMD: min  -1297.58  2.63891  2.63891  0.31955
protocols.relax.FastRelax: CMD: coord_cst_weight  -1297.58  2.63891  2.63891  0.31955
protocols.relax.FastRelax: CMD: scale:fa_rep  -1089.77  2.63891  2.63891  0.55
core.pack.task: Packer task: initialize from command line() 
core.pack.pack_rotamers: built 6976 rotamers at 492 positions.
core.pack.interaction_graph.interaction_graph_factory: Instantiating DensePDInteractionGraph
protocols.relax.FastRelax: CMD: repack  -1094.86  2.63891  2.63891  0.55
protocols.relax.FastRelax: CMD: min  -1145.06  2.7474  2.7474  0.55
protocols.relax.FastRelax: MRP: 6  -1145.06  -1161.81  2.41245  2.41245  
protocols.relax.FastRelax: CMD: accept_to_best  -1145.06  2.7474  2.7474  0.55
protocols.relax.FastRelax: CMD: endrepeat  -1145.06  2.7474  2.7474  0.55
protocols.relax.FastRelax: CMD: coord_cst_weight  93489.4  2.7474  2.7474  0.55
protocols.relax.FastRelax: CMD: scale:fa_rep  93157.6  2.7474  2.7474  0.022
core.pack.task: Packer task: initialize from command line() 
core.pack.pack_rotamers: built 7751 rotamers at 492 positions.
core.pack.interaction_graph.interaction_graph_factory: Instantiating DensePDInteractionGraph
protocols.relax.FastRelax: CMD: repack  93140.3  2.7474  2.7474  0.022
protocols.relax.FastRelax: CMD: scale:fa_rep  93149.1  2.7474  2.7474  0.02805
core.optimization.Minimizer: [ WARNING ] LBFGS MAX CYCLES 2000 EXCEEDED, BUT FUNC NOT CONVERGED!
protocols.relax.FastRelax: CMD: min  -1271.81  0.186882  0.186882  0.02805
protocols.relax.FastRelax: CMD: coord_cst_weight  -1346.29  0.186882  0.186882  0.02805
protocols.relax.FastRelax: CMD: scale:fa_rep  -976.517  0.186882  0.186882  0.14575
core.pack.task: Packer task: initialize from command line() 
core.pack.pack_rotamers: built 7293 rotamers at 492 positions.
core.pack.interaction_graph.interaction_graph_factory: Instantiating DensePDInteractionGraph
protocols.relax.FastRelax: CMD: repack  -1002.72  0.186882  0.186882  0.14575
protocols.relax.FastRelax: CMD: scale:fa_rep  -979.374  0.186882  0.186882  0.154
protocols.relax.FastRelax: CMD: min  -1175.1  0.2407  0.2407  0.154
protocols.relax.FastRelax: CMD: coord_cst_weight  -1298.28  0.2407  0.2407  0.154
protocols.relax.FastRelax: CMD: scale:fa_rep  -1115.16  0.2407  0.2407  0.30745
core.pack.task: Packer task: initialize from command line() 
core.pack.pack_rotamers: built 7149 rotamers at 492 positions.
core.pack.interaction_graph.interaction_graph_factory: Instantiating DensePDInteractionGraph
protocols.relax.FastRelax: CMD: repack  -1114.24  0.2407  0.2407  0.30745
protocols.relax.FastRelax: CMD: scale:fa_rep  -1099.91  0.2407  0.2407  0.31955
protocols.relax.FastRelax: CMD: min  -1302.51  2.48107  2.48107  0.31955
protocols.relax.FastRelax: CMD: coord_cst_weight  -1302.51  2.48107  2.48107  0.31955
protocols.relax.FastRelax: CMD: scale:fa_rep  -1095.94  2.48107  2.48107  0.55
core.pack.task: Packer task: initialize from command line() 
core.pack.pack_rotamers: built 6934 rotamers at 492 positions.
core.pack.interaction_graph.interaction_graph_factory: Instantiating DensePDInteractionGraph
protocols.relax.FastRelax: CMD: repack  -1102.14  2.48107  2.48107  0.55
protocols.relax.FastRelax: CMD: min  -1152.91  2.51051  2.51051  0.55
protocols.relax.FastRelax: MRP: 7  -1152.91  -1161.81  2.41245  2.41245  
protocols.relax.FastRelax: CMD: accept_to_best  -1152.91  2.51051  2.51051  0.55
protocols.relax.FastRelax: CMD: endrepeat  -1152.91  2.51051  2.51051  0.55
protocols.relax.FastRelax: CMD: coord_cst_weight  66188.7  2.51051  2.51051  0.55
protocols.relax.FastRelax: CMD: scale:fa_rep  65859.2  2.51051  2.51051  0.022
core.pack.task: Packer task: initialize from command line() 
core.pack.pack_rotamers: built 7730 rotamers at 492 positions.
core.pack.interaction_graph.interaction_graph_factory: Instantiating DensePDInteractionGraph
protocols.relax.FastRelax: CMD: repack  65852.2  2.51051  2.51051  0.022
protocols.relax.FastRelax: CMD: scale:fa_rep  65859.6  2.51051  2.51051  0.02805
core.optimization.Minimizer: [ WARNING ] LBFGS MAX CYCLES 2000 EXCEEDED, BUT FUNC NOT CONVERGED!
protocols.relax.FastRelax: CMD: min  -1271.34  0.188137  0.188137  0.02805
protocols.relax.FastRelax: CMD: coord_cst_weight  -1345.97  0.188137  0.188137  0.02805
protocols.relax.FastRelax: CMD: scale:fa_rep  -985.151  0.188137  0.188137  0.14575
core.pack.task: Packer task: initialize from command line() 
core.pack.pack_rotamers: built 7360 rotamers at 492 positions.
core.pack.interaction_graph.interaction_graph_factory: Instantiating DensePDInteractionGraph
protocols.relax.FastRelax: CMD: repack  -1007.48  0.188137  0.188137  0.14575
protocols.relax.FastRelax: CMD: scale:fa_rep  -984.629  0.188137  0.188137  0.154
protocols.relax.FastRelax: CMD: min  -1171.63  0.237104  0.237104  0.154
protocols.relax.FastRelax: CMD: coord_cst_weight  -1293.97  0.237104  0.237104  0.154
protocols.relax.FastRelax: CMD: scale:fa_rep  -1111.75  0.237104  0.237104  0.30745
core.pack.task: Packer task: initialize from command line() 
core.pack.pack_rotamers: built 7188 rotamers at 492 positions.
core.pack.interaction_graph.interaction_graph_factory: Instantiating DensePDInteractionGraph
protocols.relax.FastRelax: CMD: repack  -1111.4  0.237104  0.237104  0.30745
protocols.relax.FastRelax: CMD: scale:fa_rep  -1097.12  0.237104  0.237104  0.31955
protocols.relax.FastRelax: CMD: min  -1307.25  2.51762  2.51762  0.31955
protocols.relax.FastRelax: CMD: coord_cst_weight  -1307.25  2.51762  2.51762  0.31955
protocols.relax.FastRelax: CMD: scale:fa_rep  -1099.19  2.51762  2.51762  0.55
core.pack.task: Packer task: initialize from command line() 
core.pack.pack_rotamers: built 6920 rotamers at 492 positions.
core.pack.interaction_graph.interaction_graph_factory: Instantiating DensePDInteractionGraph
protocols.relax.FastRelax: CMD: repack  -1106.11  2.51762  2.51762  0.55
protocols.relax.FastRelax: CMD: min  -1161.87  2.65696  2.65696  0.55
protocols.relax.FastRelax: MRP: 8  -1161.87  -1161.87  2.65696  2.65696  
protocols.relax.FastRelax: CMD: accept_to_best  -1161.87  2.65696  2.65696  0.55
protocols.relax.FastRelax: CMD: endrepeat  -1161.87  2.65696  2.65696  0.55
protocols.relax.FastRelax: CMD: coord_cst_weight  88138.7  2.65696  2.65696  0.55
protocols.relax.FastRelax: CMD: scale:fa_rep  87809.2  2.65696  2.65696  0.022
core.pack.task: Packer task: initialize from command line() 
core.pack.pack_rotamers: built 7714 rotamers at 492 positions.
core.pack.interaction_graph.interaction_graph_factory: Instantiating DensePDInteractionGraph
protocols.relax.FastRelax: CMD: repack  87792.5  2.65696  2.65696  0.022
protocols.relax.FastRelax: CMD: scale:fa_rep  87799.5  2.65696  2.65696  0.02805
core.optimization.Minimizer: [ WARNING ] LBFGS MAX CYCLES 2000 EXCEEDED, BUT FUNC NOT CONVERGED!
protocols.relax.FastRelax: CMD: min  -1247.79  0.191281  0.191281  0.02805
protocols.relax.FastRelax: CMD: coord_cst_weight  -1325.68  0.191281  0.191281  0.02805
protocols.relax.FastRelax: CMD: scale:fa_rep  -969.71  0.191281  0.191281  0.14575
core.pack.task: Packer task: initialize from command line() 
core.pack.pack_rotamers: built 7300 rotamers at 492 positions.
core.pack.interaction_graph.interaction_graph_factory: Instantiating DensePDInteractionGraph
protocols.relax.FastRelax: CMD: repack  -1002.51  0.191281  0.191281  0.14575
protocols.relax.FastRelax: CMD: scale:fa_rep  -979.968  0.191281  0.191281  0.154
protocols.relax.FastRelax: CMD: min  -1168.4  0.238969  0.238969  0.154
protocols.relax.FastRelax: CMD: coord_cst_weight  -1292.04  0.238969  0.238969  0.154
protocols.relax.FastRelax: CMD: scale:fa_rep  -1111.45  0.238969  0.238969  0.30745
core.pack.task: Packer task: initialize from command line() 
core.pack.pack_rotamers: built 7121 rotamers at 492 positions.
core.pack.interaction_graph.interaction_graph_factory: Instantiating DensePDInteractionGraph
protocols.relax.FastRelax: CMD: repack  -1112.41  0.238969  0.238969  0.30745
protocols.relax.FastRelax: CMD: scale:fa_rep  -1098.31  0.238969  0.238969  0.31955
protocols.relax.FastRelax: CMD: min  -1312.4  2.42853  2.42853  0.31955
protocols.relax.FastRelax: CMD: coord_cst_weight  -1312.4  2.42853  2.42853  0.31955
protocols.relax.FastRelax: CMD: scale:fa_rep  -1107.26  2.42853  2.42853  0.55
core.pack.task: Packer task: initialize from command line() 
core.pack.pack_rotamers: built 6942 rotamers at 492 positions.
core.pack.interaction_graph.interaction_graph_factory: Instantiating DensePDInteractionGraph
protocols.relax.FastRelax: CMD: repack  -1111.36  2.42853  2.42853  0.55
protocols.relax.FastRelax: CMD: min  -1160.46  2.56784  2.56784  0.55
protocols.relax.FastRelax: MRP: 9  -1160.46  -1161.87  2.65696  2.65696  
protocols.relax.FastRelax: CMD: accept_to_best  -1160.46  2.56784  2.56784  0.55
protocols.relax.FastRelax: CMD: endrepeat  -1160.46  2.56784  2.56784  0.55
protocols.relax.FastRelax: CMD: coord_cst_weight  90218.8  2.56784  2.56784  0.55
protocols.relax.FastRelax: CMD: scale:fa_rep  89892.4  2.56784  2.56784  0.022
core.pack.task: Packer task: initialize from command line() 
core.pack.pack_rotamers: built 7629 rotamers at 492 positions.
core.pack.interaction_graph.interaction_graph_factory: Instantiating DensePDInteractionGraph
protocols.relax.FastRelax: CMD: repack  89881.1  2.56784  2.56784  0.022
protocols.relax.FastRelax: CMD: scale:fa_rep  89888.4  2.56784  2.56784  0.02805
core.optimization.Minimizer: [ WARNING ] LBFGS MAX CYCLES 2000 EXCEEDED, BUT FUNC NOT CONVERGED!
protocols.relax.FastRelax: CMD: min  -1244.7  0.190549  0.190549  0.02805
protocols.relax.FastRelax: CMD: coord_cst_weight  -1321.34  0.190549  0.190549  0.02805
protocols.relax.FastRelax: CMD: scale:fa_rep  -957.569  0.190549  0.190549  0.14575
core.pack.task: Packer task: initialize from command line() 
core.pack.pack_rotamers: built 7325 rotamers at 492 positions.
core.pack.interaction_graph.interaction_graph_factory: Instantiating DensePDInteractionGraph
protocols.relax.FastRelax: CMD: repack  -989.649  0.190549  0.190549  0.14575
protocols.relax.FastRelax: CMD: scale:fa_rep  -966.782  0.190549  0.190549  0.154
protocols.relax.FastRelax: CMD: min  -1162.5  0.240674  0.240674  0.154
protocols.relax.FastRelax: CMD: coord_cst_weight  -1286.3  0.240674  0.240674  0.154
protocols.relax.FastRelax: CMD: scale:fa_rep  -1103.57  0.240674  0.240674  0.30745
core.pack.task: Packer task: initialize from command line() 
core.pack.pack_rotamers: built 7091 rotamers at 492 positions.
core.pack.interaction_graph.interaction_graph_factory: Instantiating DensePDInteractionGraph
protocols.relax.FastRelax: CMD: repack  -1104.48  0.240674  0.240674  0.30745
protocols.relax.FastRelax: CMD: scale:fa_rep  -1090.17  0.240674  0.240674  0.31955
protocols.relax.FastRelax: CMD: min  -1313.22  2.97803  2.97803  0.31955
protocols.relax.FastRelax: CMD: coord_cst_weight  -1313.22  2.97803  2.97803  0.31955
protocols.relax.FastRelax: CMD: scale:fa_rep  -1110.19  2.97803  2.97803  0.55
core.pack.task: Packer task: initialize from command line() 
core.pack.pack_rotamers: built 6904 rotamers at 492 positions.
core.pack.interaction_graph.interaction_graph_factory: Instantiating DensePDInteractionGraph
protocols.relax.FastRelax: CMD: repack  -1113.54  2.97803  2.97803  0.55
protocols.relax.FastRelax: CMD: min  -1164.74  2.89002  2.89002  0.55
protocols.relax.FastRelax: MRP: 10  -1164.74  -1164.74  2.89002  2.89002  
protocols.relax.FastRelax: CMD: accept_to_best  -1164.74  2.89002  2.89002  0.55
protocols.relax.FastRelax: CMD: endrepeat  -1164.74  2.89002  2.89002  0.55
protocols.relax.FastRelax: CMD: coord_cst_weight  104599  2.89002  2.89002  0.55
protocols.relax.FastRelax: CMD: scale:fa_rep  104272  2.89002  2.89002  0.022
core.pack.task: Packer task: initialize from command line() 
core.pack.pack_rotamers: built 7687 rotamers at 492 positions.
core.pack.interaction_graph.interaction_graph_factory: Instantiating DensePDInteractionGraph
protocols.relax.FastRelax: CMD: repack  104256  2.89002  2.89002  0.022
protocols.relax.FastRelax: CMD: scale:fa_rep  104265  2.89002  2.89002  0.02805
core.optimization.Minimizer: [ WARNING ] LBFGS MAX CYCLES 2000 EXCEEDED, BUT FUNC NOT CONVERGED!
protocols.relax.FastRelax: CMD: min  -1222.81  0.201202  0.201202  0.02805
protocols.relax.FastRelax: CMD: coord_cst_weight  -1310.5  0.201202  0.201202  0.02805
protocols.relax.FastRelax: CMD: scale:fa_rep  -916.48  0.201202  0.201202  0.14575
core.pack.task: Packer task: initialize from command line() 
core.pack.pack_rotamers: built 7349 rotamers at 492 positions.
core.pack.interaction_graph.interaction_graph_factory: Instantiating DensePDInteractionGraph
protocols.relax.FastRelax: CMD: repack  -996.212  0.201202  0.201202  0.14575
protocols.relax.FastRelax: CMD: scale:fa_rep  -974.326  0.201202  0.201202  0.154
protocols.relax.FastRelax: CMD: min  -1172.28  0.234055  0.234055  0.154
protocols.relax.FastRelax: CMD: coord_cst_weight  -1292.14  0.234055  0.234055  0.154
protocols.relax.FastRelax: CMD: scale:fa_rep  -1109.24  0.234055  0.234055  0.30745
core.pack.task: Packer task: initialize from command line() 
core.pack.pack_rotamers: built 7082 rotamers at 492 positions.
core.pack.interaction_graph.interaction_graph_factory: Instantiating DensePDInteractionGraph
protocols.relax.FastRelax: CMD: repack  -1111.49  0.234055  0.234055  0.30745
protocols.relax.FastRelax: CMD: scale:fa_rep  -1097.11  0.234055  0.234055  0.31955
protocols.relax.FastRelax: CMD: min  -1305.71  3.05488  3.05488  0.31955
protocols.relax.FastRelax: CMD: coord_cst_weight  -1305.71  3.05488  3.05488  0.31955
protocols.relax.FastRelax: CMD: scale:fa_rep  -1100.6  3.05488  3.05488  0.55
core.pack.task: Packer task: initialize from command line() 
core.pack.pack_rotamers: built 6944 rotamers at 492 positions.
core.pack.interaction_graph.interaction_graph_factory: Instantiating DensePDInteractionGraph
protocols.relax.FastRelax: CMD: repack  -1112.21  3.05488  3.05488  0.55
protocols.relax.FastRelax: CMD: min  -1170.33  3.21912  3.21912  0.55
protocols.relax.FastRelax: MRP: 11  -1170.33  -1170.33  3.21912  3.21912  
protocols.relax.FastRelax: CMD: accept_to_best  -1170.33  3.21912  3.21912  0.55
protocols.relax.FastRelax: CMD: endrepeat  -1170.33  3.21912  3.21912  0.55
protocols.relax.FastRelax: CMD: coord_cst_weight  99990.8  3.21912  3.21912  0.55
protocols.relax.FastRelax: CMD: scale:fa_rep  99665.7  3.21912  3.21912  0.022
core.pack.task: Packer task: initialize from command line() 
core.pack.pack_rotamers: built 7700 rotamers at 492 positions.
core.pack.interaction_graph.interaction_graph_factory: Instantiating DensePDInteractionGraph
protocols.relax.FastRelax: CMD: repack  99652.5  3.21912  3.21912  0.022
protocols.relax.FastRelax: CMD: scale:fa_rep  99660.1  3.21912  3.21912  0.02805
core.optimization.Minimizer: [ WARNING ] LBFGS MAX CYCLES 2000 EXCEEDED, BUT FUNC NOT CONVERGED!
protocols.relax.FastRelax: CMD: min  -1240.93  0.193572  0.193572  0.02805
protocols.relax.FastRelax: CMD: coord_cst_weight  -1321.27  0.193572  0.193572  0.02805
protocols.relax.FastRelax: CMD: scale:fa_rep  -934.934  0.193572  0.193572  0.14575
core.pack.task: Packer task: initialize from command line() 
core.pack.pack_rotamers: built 7337 rotamers at 492 positions.
core.pack.interaction_graph.interaction_graph_factory: Instantiating DensePDInteractionGraph
protocols.relax.FastRelax: CMD: repack  -1003.74  0.193572  0.193572  0.14575
protocols.relax.FastRelax: CMD: scale:fa_rep  -981.318  0.193572  0.193572  0.154
protocols.relax.FastRelax: CMD: min  -1174.77  0.235946  0.235946  0.154
protocols.relax.FastRelax: CMD: coord_cst_weight  -1295.26  0.235946  0.235946  0.154
protocols.relax.FastRelax: CMD: scale:fa_rep  -1111.72  0.235946  0.235946  0.30745
core.pack.task: Packer task: initialize from command line() 
core.pack.pack_rotamers: built 7080 rotamers at 492 positions.
core.pack.interaction_graph.interaction_graph_factory: Instantiating DensePDInteractionGraph
protocols.relax.FastRelax: CMD: repack  -1112.42  0.235946  0.235946  0.30745
protocols.relax.FastRelax: CMD: scale:fa_rep  -1098.01  0.235946  0.235946  0.31955
core.optimization.LineMinimizer: Inaccurate G in step= 1.19209e-07 Deriv= -11.674 Finite Diff= 5.07266
protocols.relax.FastRelax: CMD: min  -1211.55  3.30743  3.30743  0.31955
protocols.relax.FastRelax: CMD: coord_cst_weight  -1211.55  3.30743  3.30743  0.31955
protocols.relax.FastRelax: CMD: scale:fa_rep  -931.157  3.30743  3.30743  0.55
core.pack.task: Packer task: initialize from command line() 
core.pack.pack_rotamers: built 6924 rotamers at 492 positions.
core.pack.interaction_graph.interaction_graph_factory: Instantiating DensePDInteractionGraph
protocols.relax.FastRelax: CMD: repack  -1047.07  3.30743  3.30743  0.55
protocols.relax.FastRelax: CMD: min  -1174.03  3.62318  3.62318  0.55
protocols.relax.FastRelax: MRP: 12  -1174.03  -1174.03  3.62318  3.62318  
protocols.relax.FastRelax: CMD: accept_to_best  -1174.03  3.62318  3.62318  0.55
protocols.relax.FastRelax: CMD: endrepeat  -1174.03  3.62318  3.62318  0.55
protocols.relax.FastRelax: CMD: coord_cst_weight  115073  3.62318  3.62318  0.55
protocols.relax.FastRelax: CMD: scale:fa_rep  114745  3.62318  3.62318  0.022
core.pack.task: Packer task: initialize from command line() 
core.pack.pack_rotamers: built 7673 rotamers at 492 positions.
core.pack.interaction_graph.interaction_graph_factory: Instantiating DensePDInteractionGraph
protocols.relax.FastRelax: CMD: repack  114727  3.62318  3.62318  0.022
protocols.relax.FastRelax: CMD: scale:fa_rep  114735  3.62318  3.62318  0.02805
core.optimization.Minimizer: [ WARNING ] LBFGS MAX CYCLES 2000 EXCEEDED, BUT FUNC NOT CONVERGED!
protocols.relax.FastRelax: CMD: min  -1239.06  0.193257  0.193257  0.02805
protocols.relax.FastRelax: CMD: coord_cst_weight  -1319.55  0.193257  0.193257  0.02805
protocols.relax.FastRelax: CMD: scale:fa_rep  -970.82  0.193257  0.193257  0.14575
core.pack.task: Packer task: initialize from command line() 
core.pack.pack_rotamers: built 7307 rotamers at 492 positions.
core.pack.interaction_graph.interaction_graph_factory: Instantiating DensePDInteractionGraph
protocols.relax.FastRelax: CMD: repack  -1004.6  0.193257  0.193257  0.14575
protocols.relax.FastRelax: CMD: scale:fa_rep  -982.335  0.193257  0.193257  0.154
protocols.relax.FastRelax: CMD: min  -1167.89  0.237402  0.237402  0.154
protocols.relax.FastRelax: CMD: coord_cst_weight  -1289.96  0.237402  0.237402  0.154
protocols.relax.FastRelax: CMD: scale:fa_rep  -1106.13  0.237402  0.237402  0.30745
core.pack.task: Packer task: initialize from command line() 
core.pack.pack_rotamers: built 7088 rotamers at 492 positions.
core.pack.interaction_graph.interaction_graph_factory: Instantiating DensePDInteractionGraph
protocols.relax.FastRelax: CMD: repack  -1108.56  0.237402  0.237402  0.30745
protocols.relax.FastRelax: CMD: scale:fa_rep  -1094.21  0.237402  0.237402  0.31955
protocols.relax.FastRelax: CMD: min  -1314.68  2.92947  2.92947  0.31955
protocols.relax.FastRelax: CMD: coord_cst_weight  -1314.68  2.92947  2.92947  0.31955
protocols.relax.FastRelax: CMD: scale:fa_rep  -1109.27  2.92947  2.92947  0.55
core.pack.task: Packer task: initialize from command line() 
core.pack.pack_rotamers: built 6911 rotamers at 492 positions.
core.pack.interaction_graph.interaction_graph_factory: Instantiating DensePDInteractionGraph
protocols.relax.FastRelax: CMD: repack  -1115.81  2.92947  2.92947  0.55
protocols.relax.FastRelax: CMD: min  -1169.75  3.30783  3.30783  0.55
protocols.relax.FastRelax: MRP: 13  -1169.75  -1174.03  3.62318  3.62318  
protocols.relax.FastRelax: CMD: accept_to_best  -1169.75  3.30783  3.30783  0.55
protocols.relax.FastRelax: CMD: endrepeat  -1169.75  3.30783  3.30783  0.55
protocols.relax.FastRelax: CMD: coord_cst_weight  102429  3.30783  3.30783  0.55
protocols.relax.FastRelax: CMD: scale:fa_rep  102099  3.30783  3.30783  0.022
core.pack.task: Packer task: initialize from command line() 
core.pack.pack_rotamers: built 7685 rotamers at 492 positions.
core.pack.interaction_graph.interaction_graph_factory: Instantiating DensePDInteractionGraph
protocols.relax.FastRelax: CMD: repack  102080  3.30783  3.30783  0.022
protocols.relax.FastRelax: CMD: scale:fa_rep  102090  3.30783  3.30783  0.02805
core.optimization.Minimizer: [ WARNING ] LBFGS MAX CYCLES 2000 EXCEEDED, BUT FUNC NOT CONVERGED!
protocols.relax.FastRelax: CMD: min  -1237.49  0.197901  0.197901  0.02805
protocols.relax.FastRelax: CMD: coord_cst_weight  -1321.25  0.197901  0.197901  0.02805
protocols.relax.FastRelax: CMD: scale:fa_rep  -948.053  0.197901  0.197901  0.14575
core.pack.task: Packer task: initialize from command line() 
core.pack.pack_rotamers: built 7307 rotamers at 492 positions.
core.pack.interaction_graph.interaction_graph_factory: Instantiating DensePDInteractionGraph
protocols.relax.FastRelax: CMD: repack  -982.164  0.197901  0.197901  0.14575
protocols.relax.FastRelax: CMD: scale:fa_rep  -958.998  0.197901  0.197901  0.154
protocols.relax.FastRelax: CMD: min  -1166.87  0.242084  0.242084  0.154
protocols.relax.FastRelax: CMD: coord_cst_weight  -1292.03  0.242084  0.242084  0.154
protocols.relax.FastRelax: CMD: scale:fa_rep  -1108.74  0.242084  0.242084  0.30745
core.pack.task: Packer task: initialize from command line() 
core.pack.pack_rotamers: built 7028 rotamers at 492 positions.
core.pack.interaction_graph.interaction_graph_factory: Instantiating DensePDInteractionGraph
protocols.relax.FastRelax: CMD: repack  -1110.06  0.242084  0.242084  0.30745
protocols.relax.FastRelax: CMD: scale:fa_rep  -1095.75  0.242084  0.242084  0.31955
protocols.relax.FastRelax: CMD: min  -1319.54  2.57805  2.57805  0.31955
protocols.relax.FastRelax: CMD: coord_cst_weight  -1319.54  2.57805  2.57805  0.31955
protocols.relax.FastRelax: CMD: scale:fa_rep  -1114.27  2.57805  2.57805  0.55
core.pack.task: Packer task: initialize from command line() 
core.pack.pack_rotamers: built 6863 rotamers at 492 positions.
core.pack.interaction_graph.interaction_graph_factory: Instantiating DensePDInteractionGraph
protocols.relax.FastRelax: CMD: repack  -1116.64  2.57805  2.57805  0.55
protocols.relax.FastRelax: CMD: min  -1173.01  2.73903  2.73903  0.55
protocols.relax.FastRelax: MRP: 14  -1173.01  -1174.03  3.62318  3.62318  
protocols.relax.FastRelax: CMD: accept_to_best  -1173.01  2.73903  2.73903  0.55
protocols.relax.FastRelax: CMD: endrepeat  -1173.01  2.73903  2.73903  0.55
protocols::checkpoint: Deleting checkpoints of FastRelax
protocols.jd2.JobDistributor: target.BL00010001_6_0003 reported success in 15054 seconds
protocols.jd2.PDBJobInputter: PDBJobInputter::pose_from_job
protocols.jd2.PDBJobInputter: filling pose from PDB ../1-modeller/target.BL00010001.pdb
core.import_pose.import_pose: File '../1-modeller/target.BL00010001.pdb' automatically determined to be of type PDB from contents.
core.io.rcsb.ExperimentalTechnique: [ ERROR ] Unrecognized experimental technique string 'THEORETICAL MODEL, MODELLER 10.8 2026/08/10 16:18:02'
protocols.relax.FastRelax: CMD: repeat  4476.34  0  0  0.55
protocols.relax.FastRelax: CMD: coord_cst_weight  4476.34  0  0  0.55
protocols.relax.FastRelax: CMD: scale:fa_rep  806.987  0  0  0.022
core.pack.task: Packer task: initialize from command line() 
core.pack.pack_rotamers: built 8129 rotamers at 492 positions.
core.pack.interaction_graph.interaction_graph_factory: Instantiating DensePDInteractionGraph
protocols.relax.FastRelax: CMD: repack  -881.599  0  0  0.022
protocols.relax.FastRelax: CMD: scale:fa_rep  -843.095  0  0  0.02805
core.optimization.Minimizer: [ WARNING ] LBFGS MAX CYCLES 2000 EXCEEDED, BUT FUNC NOT CONVERGED!
protocols.relax.FastRelax: CMD: min  -1299.45  0.14962  0.14962  0.02805
protocols.relax.FastRelax: CMD: coord_cst_weight  -1346.43  0.14962  0.14962  0.02805
protocols.relax.FastRelax: CMD: scale:fa_rep  -963.144  0.14962  0.14962  0.14575
core.pack.task: Packer task: initialize from command line() 
core.pack.pack_rotamers: built 7457 rotamers at 492 positions.
core.pack.interaction_graph.interaction_graph_factory: Instantiating DensePDInteractionGraph
protocols.relax.FastRelax: CMD: repack  -1008.31  0.14962  0.14962  0.14575
protocols.relax.FastRelax: CMD: scale:fa_rep  -986.633  0.14962  0.14962  0.154
protocols.relax.FastRelax: CMD: min  -1168.77  0.203919  0.203919  0.154
protocols.relax.FastRelax: CMD: coord_cst_weight  -1258.84  0.203919  0.203919  0.154
protocols.relax.FastRelax: CMD: scale:fa_rep  -1066.83  0.203919  0.203919  0.30745
core.pack.task: Packer task: initialize from command line() 
core.pack.pack_rotamers: built 7248 rotamers at 492 positions.
core.pack.interaction_graph.interaction_graph_factory: Instantiating DensePDInteractionGraph
protocols.relax.FastRelax: CMD: repack  -1067.39  0.203919  0.203919  0.30745
protocols.relax.FastRelax: CMD: scale:fa_rep  -1052.45  0.203919  0.203919  0.31955
protocols.relax.FastRelax: CMD: min  -1228.08  3.03562  3.03562  0.31955
protocols.relax.FastRelax: CMD: coord_cst_weight  -1228.08  3.03562  3.03562  0.31955
protocols.relax.FastRelax: CMD: scale:fa_rep  -1014.62  3.03562  3.03562  0.55
core.pack.task: Packer task: initialize from command line() 
core.pack.pack_rotamers: built 7016 rotamers at 492 positions.
core.pack.interaction_graph.interaction_graph_factory: Instantiating DensePDInteractionGraph
protocols.relax.FastRelax: CMD: repack  -1021.24  3.03562  3.03562  0.55
protocols.relax.FastRelax: CMD: min  -1094.84  3.16575  3.16575  0.55
protocols.relax.FastRelax: MRP: 0  -1094.84  -1094.84  3.16575  3.16575  
protocols.relax.FastRelax: CMD: accept_to_best  -1094.84  3.16575  3.16575  0.55
protocols.relax.FastRelax: CMD: endrepeat  -1094.84  3.16575  3.16575  0.55
protocols.relax.FastRelax: CMD: coord_cst_weight  53813.4  3.16575  3.16575  0.55
protocols.relax.FastRelax: CMD: scale:fa_rep  53480.5  3.16575  3.16575  0.022
core.pack.task: Packer task: initialize from command line() 
core.pack.pack_rotamers: built 7830 rotamers at 492 positions.
core.pack.interaction_graph.interaction_graph_factory: Instantiating DensePDInteractionGraph
protocols.relax.FastRelax: CMD: repack  53458.3  3.16575  3.16575  0.022
protocols.relax.FastRelax: CMD: scale:fa_rep  53467.4  3.16575  3.16575  0.02805
core.optimization.Minimizer: [ WARNING ] LBFGS MAX CYCLES 2000 EXCEEDED, BUT FUNC NOT CONVERGED!
protocols.relax.FastRelax: CMD: min  -1231.39  0.182629  0.182629  0.02805
protocols.relax.FastRelax: CMD: coord_cst_weight  -1303.38  0.182629  0.182629  0.02805
protocols.relax.FastRelax: CMD: scale:fa_rep  -942.955  0.182629  0.182629  0.14575
core.pack.task: Packer task: initialize from command line() 
core.pack.pack_rotamers: built 7389 rotamers at 492 positions.
core.pack.interaction_graph.interaction_graph_factory: Instantiating DensePDInteractionGraph
protocols.relax.FastRelax: CMD: repack  -1019.02  0.182629  0.182629  0.14575
protocols.relax.FastRelax: CMD: scale:fa_rep  -998.934  0.182629  0.182629  0.154
protocols.relax.FastRelax: CMD: min  -1177.11  0.219482  0.219482  0.154
protocols.relax.FastRelax: CMD: coord_cst_weight  -1283.43  0.219482  0.219482  0.154
protocols.relax.FastRelax: CMD: scale:fa_rep  -1102.26  0.219482  0.219482  0.30745
core.pack.task: Packer task: initialize from command line() 
core.pack.pack_rotamers: built 7143 rotamers at 492 positions.
core.pack.interaction_graph.interaction_graph_factory: Instantiating DensePDInteractionGraph
protocols.relax.FastRelax: CMD: repack  -1106.16  0.219482  0.219482  0.30745
protocols.relax.FastRelax: CMD: scale:fa_rep  -1091.9  0.219482  0.219482  0.31955
protocols.relax.FastRelax: CMD: min  -1281.05  2.93325  2.93325  0.31955
protocols.relax.FastRelax: CMD: coord_cst_weight  -1281.05  2.93325  2.93325  0.31955
protocols.relax.FastRelax: CMD: scale:fa_rep  -1070.38  2.93325  2.93325  0.55
core.pack.task: Packer task: initialize from command line() 
core.pack.pack_rotamers: built 6997 rotamers at 492 positions.
core.pack.interaction_graph.interaction_graph_factory: Instantiating DensePDInteractionGraph
protocols.relax.FastRelax: CMD: repack  -1064.71  2.93325  2.93325  0.55
protocols.relax.FastRelax: CMD: min  -1133.37  3.3005  3.3005  0.55
protocols.relax.FastRelax: MRP: 1  -1133.37  -1133.37  3.3005  3.3005  
protocols.relax.FastRelax: CMD: accept_to_best  -1133.37  3.3005  3.3005  0.55
protocols.relax.FastRelax: CMD: endrepeat  -1133.37  3.3005  3.3005  0.55
protocols.relax.FastRelax: CMD: coord_cst_weight  62200.3  3.3005  3.3005  0.55
protocols.relax.FastRelax: CMD: scale:fa_rep  61867.8  3.3005  3.3005  0.022
core.pack.task: Packer task: initialize from command line() 
core.pack.pack_rotamers: built 7749 rotamers at 492 positions.
core.pack.interaction_graph.interaction_graph_factory: Instantiating DensePDInteractionGraph
protocols.relax.FastRelax: CMD: repack  61863.9  3.3005  3.3005  0.022
protocols.relax.FastRelax: CMD: scale:fa_rep  61874.2  3.3005  3.3005  0.02805
core.optimization.Minimizer: [ WARNING ] LBFGS MAX CYCLES 2000 EXCEEDED, BUT FUNC NOT CONVERGED!
protocols.relax.FastRelax: CMD: min  -1250.19  0.183134  0.183134  0.02805
protocols.relax.FastRelax: CMD: coord_cst_weight  -1321.9  0.183134  0.183134  0.02805
protocols.relax.FastRelax: CMD: scale:fa_rep  -983.066  0.183134  0.183134  0.14575
core.pack.task: Packer task: initialize from command line() 
core.pack.pack_rotamers: built 7329 rotamers at 492 positions.
core.pack.interaction_graph.interaction_graph_factory: Instantiating DensePDInteractionGraph
protocols.relax.FastRelax: CMD: repack  -1029.11  0.183134  0.183134  0.14575
protocols.relax.FastRelax: CMD: scale:fa_rep  -1008.35  0.183134  0.183134  0.154
protocols.relax.FastRelax: CMD: min  -1191.71  0.220002  0.220002  0.154
protocols.relax.FastRelax: CMD: coord_cst_weight  -1298.48  0.220002  0.220002  0.154
protocols.relax.FastRelax: CMD: scale:fa_rep  -1114.57  0.220002  0.220002  0.30745
core.pack.task: Packer task: initialize from command line() 
core.pack.pack_rotamers: built 7114 rotamers at 492 positions.
core.pack.interaction_graph.interaction_graph_factory: Instantiating DensePDInteractionGraph
protocols.relax.FastRelax: CMD: repack  -1116.47  0.220002  0.220002  0.30745
protocols.relax.FastRelax: CMD: scale:fa_rep  -1102.21  0.220002  0.220002  0.31955
protocols.relax.FastRelax: CMD: min  -1292.67  2.43339  2.43339  0.31955
protocols.relax.FastRelax: CMD: coord_cst_weight  -1292.67  2.43339  2.43339  0.31955
protocols.relax.FastRelax: CMD: scale:fa_rep  -1081  2.43339  2.43339  0.55
core.pack.task: Packer task: initialize from command line() 
core.pack.pack_rotamers: built 6980 rotamers at 492 positions.
core.pack.interaction_graph.interaction_graph_factory: Instantiating DensePDInteractionGraph
protocols.relax.FastRelax: CMD: repack  -1084.33  2.43339  2.43339  0.55
protocols.relax.FastRelax: CMD: min  -1133.67  3.19004  3.19004  0.55
protocols.relax.FastRelax: MRP: 2  -1133.67  -1133.67  3.19004  3.19004  
protocols.relax.FastRelax: CMD: accept_to_best  -1133.67  3.19004  3.19004  0.55
protocols.relax.FastRelax: CMD: endrepeat  -1133.67  3.19004  3.19004  0.55
protocols.relax.FastRelax: CMD: coord_cst_weight  49875.4  3.19004  3.19004  0.55
protocols.relax.FastRelax: CMD: scale:fa_rep  49535.9  3.19004  3.19004  0.022
core.pack.task: Packer task: initialize from command line() 
core.pack.pack_rotamers: built 7835 rotamers at 492 positions.
core.pack.interaction_graph.interaction_graph_factory: Instantiating DensePDInteractionGraph
protocols.relax.FastRelax: CMD: repack  49509.7  3.19004  3.19004  0.022
protocols.relax.FastRelax: CMD: scale:fa_rep  49516.6  3.19004  3.19004  0.02805
core.optimization.Minimizer: [ WARNING ] LBFGS MAX CYCLES 2000 EXCEEDED, BUT FUNC NOT CONVERGED!
protocols.relax.FastRelax: CMD: min  -1261.55  0.188511  0.188511  0.02805
protocols.relax.FastRelax: CMD: coord_cst_weight  -1337.46  0.188511  0.188511  0.02805
protocols.relax.FastRelax: CMD: scale:fa_rep  -1007.71  0.188511  0.188511  0.14575
core.pack.task: Packer task: initialize from command line() 
core.pack.pack_rotamers: built 7307 rotamers at 492 positions.
core.pack.interaction_graph.interaction_graph_factory: Instantiating DensePDInteractionGraph
protocols.relax.FastRelax: CMD: repack  -1048.5  0.188511  0.188511  0.14575
protocols.relax.FastRelax: CMD: scale:fa_rep  -1028.44  0.188511  0.188511  0.154
protocols.relax.FastRelax: CMD: min  -1189.35  0.231757  0.231757  0.154
protocols.relax.FastRelax: CMD: coord_cst_weight  -1305.79  0.231757  0.231757  0.154
protocols.relax.FastRelax: CMD: scale:fa_rep  -1125.13  0.231757  0.231757  0.30745
core.pack.task: Packer task: initialize from command line() 
core.pack.pack_rotamers: built 7085 rotamers at 492 positions.
core.pack.interaction_graph.interaction_graph_factory: Instantiating DensePDInteractionGraph
protocols.relax.FastRelax: CMD: repack  -1126.48  0.231757  0.231757  0.30745
protocols.relax.FastRelax: CMD: scale:fa_rep  -1112.38  0.231757  0.231757  0.31955
protocols.relax.FastRelax: CMD: min  -1296.1  1.84398  1.84398  0.31955
protocols.relax.FastRelax: CMD: coord_cst_weight  -1296.1  1.84398  1.84398  0.31955
protocols.relax.FastRelax: CMD: scale:fa_rep  -1088.82  1.84398  1.84398  0.55
core.pack.task: Packer task: initialize from command line() 
core.pack.pack_rotamers: built 7006 rotamers at 492 positions.
core.pack.interaction_graph.interaction_graph_factory: Instantiating DensePDInteractionGraph
protocols.relax.FastRelax: CMD: repack  -1093.44  1.84398  1.84398  0.55
protocols.relax.FastRelax: CMD: min  -1149.36  2.33812  2.33812  0.55
protocols.relax.FastRelax: MRP: 3  -1149.36  -1149.36  2.33812  2.33812  
protocols.relax.FastRelax: CMD: accept_to_best  -1149.36  2.33812  2.33812  0.55
protocols.relax.FastRelax: CMD: endrepeat  -1149.36  2.33812  2.33812  0.55
protocols.relax.FastRelax: CMD: coord_cst_weight  27285  2.33812  2.33812  0.55
protocols.relax.FastRelax: CMD: scale:fa_rep  26951.7  2.33812  2.33812  0.022
core.pack.task: Packer task: initialize from command line() 
core.pack.pack_rotamers: built 7807 rotamers at 492 positions.
core.pack.interaction_graph.interaction_graph_factory: Instantiating DensePDInteractionGraph
protocols.relax.FastRelax: CMD: repack  26942.9  2.33812  2.33812  0.022
protocols.relax.FastRelax: CMD: scale:fa_rep  26950.6  2.33812  2.33812  0.02805
core.optimization.Minimizer: [ WARNING ] LBFGS MAX CYCLES 2000 EXCEEDED, BUT FUNC NOT CONVERGED!
protocols.relax.FastRelax: CMD: min  -1280.56  0.181467  0.181467  0.02805
protocols.relax.FastRelax: CMD: coord_cst_weight  -1350.8  0.181467  0.181467  0.02805
protocols.relax.FastRelax: CMD: scale:fa_rep  -993.794  0.181467  0.181467  0.14575
core.pack.task: Packer task: initialize from command line() 
core.pack.pack_rotamers: built 7326 rotamers at 492 positions.
core.pack.interaction_graph.interaction_graph_factory: Instantiating DensePDInteractionGraph
protocols.relax.FastRelax: CMD: repack  -1052.65  0.181467  0.181467  0.14575
protocols.relax.FastRelax: CMD: scale:fa_rep  -1031.57  0.181467  0.181467  0.154
protocols.relax.FastRelax: CMD: min  -1198.27  0.229768  0.229768  0.154
protocols.relax.FastRelax: CMD: coord_cst_weight  -1312.52  0.229768  0.229768  0.154
protocols.relax.FastRelax: CMD: scale:fa_rep  -1128.38  0.229768  0.229768  0.30745
core.pack.task: Packer task: initialize from command line() 
core.pack.pack_rotamers: built 7061 rotamers at 492 positions.
core.pack.interaction_graph.interaction_graph_factory: Instantiating DensePDInteractionGraph
protocols.relax.FastRelax: CMD: repack  -1129.28  0.229768  0.229768  0.30745
protocols.relax.FastRelax: CMD: scale:fa_rep  -1114.97  0.229768  0.229768  0.31955
protocols.relax.FastRelax: CMD: min  -1310.37  2.56202  2.56202  0.31955
protocols.relax.FastRelax: CMD: coord_cst_weight  -1310.37  2.56202  2.56202  0.31955
protocols.relax.FastRelax: CMD: scale:fa_rep  -1103.4  2.56202  2.56202  0.55
core.pack.task: Packer task: initialize from command line() 
core.pack.pack_rotamers: built 6917 rotamers at 492 positions.
core.pack.interaction_graph.interaction_graph_factory: Instantiating DensePDInteractionGraph
protocols.relax.FastRelax: CMD: repack  -1108.41  2.56202  2.56202  0.55
protocols.relax.FastRelax: CMD: min  -1159.43  2.80092  2.80092  0.55
protocols.relax.FastRelax: MRP: 4  -1159.43  -1159.43  2.80092  2.80092  
protocols.relax.FastRelax: CMD: accept_to_best  -1159.43  2.80092  2.80092  0.55
protocols.relax.FastRelax: CMD: endrepeat  -1159.43  2.80092  2.80092  0.55
protocols.relax.FastRelax: CMD: coord_cst_weight  41979.9  2.80092  2.80092  0.55
protocols.relax.FastRelax: CMD: scale:fa_rep  41647.4  2.80092  2.80092  0.022
core.pack.task: Packer task: initialize from command line() 
core.pack.pack_rotamers: built 7801 rotamers at 492 positions.
core.pack.interaction_graph.interaction_graph_factory: Instantiating DensePDInteractionGraph
protocols.relax.FastRelax: CMD: repack  41630.8  2.80092  2.80092  0.022
protocols.relax.FastRelax: CMD: scale:fa_rep  41639.3  2.80092  2.80092  0.02805
core.optimization.Minimizer: [ WARNING ] LBFGS MAX CYCLES 2000 EXCEEDED, BUT FUNC NOT CONVERGED!
protocols.relax.FastRelax: CMD: min  -1280.51  0.188766  0.188766  0.02805
protocols.relax.FastRelax: CMD: coord_cst_weight  -1356.18  0.188766  0.188766  0.02805
protocols.relax.FastRelax: CMD: scale:fa_rep  -1024.73  0.188766  0.188766  0.14575
core.pack.task: Packer task: initialize from command line() 
core.pack.pack_rotamers: built 7280 rotamers at 492 positions.
core.pack.interaction_graph.interaction_graph_factory: Instantiating DensePDInteractionGraph
protocols.relax.FastRelax: CMD: repack  -1061.8  0.188766  0.188766  0.14575
protocols.relax.FastRelax: CMD: scale:fa_rep  -1041.88  0.188766  0.188766  0.154
protocols.relax.FastRelax: CMD: min  -1197.69  0.226571  0.226571  0.154
protocols.relax.FastRelax: CMD: coord_cst_weight  -1312.36  0.226571  0.226571  0.154
protocols.relax.FastRelax: CMD: scale:fa_rep  -1131.41  0.226571  0.226571  0.30745
core.pack.task: Packer task: initialize from command line() 
core.pack.pack_rotamers: built 7050 rotamers at 492 positions.
core.pack.interaction_graph.interaction_graph_factory: Instantiating DensePDInteractionGraph
protocols.relax.FastRelax: CMD: repack  -1132.43  0.226571  0.226571  0.30745
protocols.relax.FastRelax: CMD: scale:fa_rep  -1118.31  0.226571  0.226571  0.31955
protocols.relax.FastRelax: CMD: min  -1311.17  2.94656  2.94656  0.31955
protocols.relax.FastRelax: CMD: coord_cst_weight  -1311.17  2.94656  2.94656  0.31955
protocols.relax.FastRelax: CMD: scale:fa_rep  -1101.65  2.94656  2.94656  0.55
core.pack.task: Packer task: initialize from command line() 
core.pack.pack_rotamers: built 6942 rotamers at 492 positions.
core.pack.interaction_graph.interaction_graph_factory: Instantiating DensePDInteractionGraph
protocols.relax.FastRelax: CMD: repack  -1105.9  2.94656  2.94656  0.55
protocols.relax.FastRelax: CMD: min  -1159.02  3.63092  3.63092  0.55
protocols.relax.FastRelax: MRP: 5  -1159.02  -1159.43  2.80092  2.80092  
protocols.relax.FastRelax: CMD: accept_to_best  -1159.02  3.63092  3.63092  0.55
protocols.relax.FastRelax: CMD: endrepeat  -1159.02  3.63092  3.63092  0.55
protocols.relax.FastRelax: CMD: coord_cst_weight  58474.6  3.63092  3.63092  0.55
protocols.relax.FastRelax: CMD: scale:fa_rep  58140.2  3.63092  3.63092  0.022
core.pack.task: Packer task: initialize from command line() 
core.pack.pack_rotamers: built 7762 rotamers at 492 positions.
core.pack.interaction_graph.interaction_graph_factory: Instantiating DensePDInteractionGraph
protocols.relax.FastRelax: CMD: repack  58132.4  3.63092  3.63092  0.022
protocols.relax.FastRelax: CMD: scale:fa_rep  58140.2  3.63092  3.63092  0.02805
core.optimization.Minimizer: [ WARNING ] LBFGS MAX CYCLES 2000 EXCEEDED, BUT FUNC NOT CONVERGED!
protocols.relax.FastRelax: CMD: min  -1273.65  0.185412  0.185412  0.02805
protocols.relax.FastRelax: CMD: coord_cst_weight  -1348.12  0.185412  0.185412  0.02805
protocols.relax.FastRelax: CMD: scale:fa_rep  -1012.89  0.185412  0.185412  0.14575
core.pack.task: Packer task: initialize from command line() 
core.pack.pack_rotamers: built 7314 rotamers at 492 positions.
core.pack.interaction_graph.interaction_graph_factory: Instantiating DensePDInteractionGraph
protocols.relax.FastRelax: CMD: repack  -1052.79  0.185412  0.185412  0.14575
protocols.relax.FastRelax: CMD: scale:fa_rep  -1032.15  0.185412  0.185412  0.154
protocols.relax.FastRelax: CMD: min  -1191.11  0.227277  0.227277  0.154
protocols.relax.FastRelax: CMD: coord_cst_weight  -1307.4  0.227277  0.227277  0.154
protocols.relax.FastRelax: CMD: scale:fa_rep  -1125.19  0.227277  0.227277  0.30745
core.pack.task: Packer task: initialize from command line() 
core.pack.pack_rotamers: built 7070 rotamers at 492 positions.
core.pack.interaction_graph.interaction_graph_factory: Instantiating DensePDInteractionGraph
protocols.relax.FastRelax: CMD: repack  -1127.69  0.227277  0.227277  0.30745
protocols.relax.FastRelax: CMD: scale:fa_rep  -1113.54  0.227277  0.227277  0.31955
protocols.relax.FastRelax: CMD: min  -1310.57  3.24093  3.24093  0.31955
protocols.relax.FastRelax: CMD: coord_cst_weight  -1310.57  3.24093  3.24093  0.31955
protocols.relax.FastRelax: CMD: scale:fa_rep  -1102.28  3.24093  3.24093  0.55
core.pack.task: Packer task: initialize from command line() 
core.pack.pack_rotamers: built 6963 rotamers at 492 positions.
core.pack.interaction_graph.interaction_graph_factory: Instantiating DensePDInteractionGraph
protocols.relax.FastRelax: CMD: repack  -1108.72  3.24093  3.24093  0.55
protocols.relax.FastRelax: CMD: min  -1162.98  3.77856  3.77856  0.55
protocols.relax.FastRelax: MRP: 6  -1162.98  -1162.98  3.77856  3.77856  
protocols.relax.FastRelax: CMD: accept_to_best  -1162.98  3.77856  3.77856  0.55
protocols.relax.FastRelax: CMD: endrepeat  -1162.98  3.77856  3.77856  0.55
protocols.relax.FastRelax: CMD: coord_cst_weight  61389.2  3.77856  3.77856  0.55
protocols.relax.FastRelax: CMD: scale:fa_rep  61056.1  3.77856  3.77856  0.022
core.pack.task: Packer task: initialize from command line() 
core.pack.pack_rotamers: built 7725 rotamers at 492 positions.
core.pack.interaction_graph.interaction_graph_factory: Instantiating DensePDInteractionGraph
protocols.relax.FastRelax: CMD: repack  61039.1  3.77856  3.77856  0.022
protocols.relax.FastRelax: CMD: scale:fa_rep  61046.9  3.77856  3.77856  0.02805
core.optimization.Minimizer: [ WARNING ] LBFGS MAX CYCLES 2000 EXCEEDED, BUT FUNC NOT CONVERGED!
protocols.relax.FastRelax: CMD: min  -1256.8  0.189681  0.189681  0.02805
protocols.relax.FastRelax: CMD: coord_cst_weight  -1336.32  0.189681  0.189681  0.02805
protocols.relax.FastRelax: CMD: scale:fa_rep  -998.413  0.189681  0.189681  0.14575
core.pack.task: Packer task: initialize from command line() 
core.pack.pack_rotamers: built 7245 rotamers at 492 positions.
core.pack.interaction_graph.interaction_graph_factory: Instantiating DensePDInteractionGraph
protocols.relax.FastRelax: CMD: repack  -1045.84  0.189681  0.189681  0.14575
protocols.relax.FastRelax: CMD: scale:fa_rep  -1025.6  0.189681  0.189681  0.154
protocols.relax.FastRelax: CMD: min  -1190.28  0.233219  0.233219  0.154
protocols.relax.FastRelax: CMD: coord_cst_weight  -1311.73  0.233219  0.233219  0.154
protocols.relax.FastRelax: CMD: scale:fa_rep  -1130.34  0.233219  0.233219  0.30745
core.pack.task: Packer task: initialize from command line() 
core.pack.pack_rotamers: built 7063 rotamers at 492 positions.
core.pack.interaction_graph.interaction_graph_factory: Instantiating DensePDInteractionGraph
protocols.relax.FastRelax: CMD: repack  -1130.39  0.233219  0.233219  0.30745
protocols.relax.FastRelax: CMD: scale:fa_rep  -1116.16  0.233219  0.233219  0.31955
protocols.relax.FastRelax: CMD: min  -958.668  3.76538  3.76538  0.31955
protocols.relax.FastRelax: CMD: coord_cst_weight  -958.668  3.76538  3.76538  0.31955
protocols.relax.FastRelax: CMD: scale:fa_rep  -494.213  3.76538  3.76538  0.55
core.pack.task: Packer task: initialize from command line() 
core.pack.pack_rotamers: built 6932 rotamers at 492 positions.
core.pack.interaction_graph.interaction_graph_factory: Instantiating DensePDInteractionGraph
protocols.relax.FastRelax: CMD: repack  -1120.16  3.76538  3.76538  0.55
protocols.relax.FastRelax: CMD: min  -1178.04  4.29715  4.29715  0.55
protocols.relax.FastRelax: MRP: 7  -1178.04  -1178.04  4.29715  4.29715  
protocols.relax.FastRelax: CMD: accept_to_best  -1178.04  4.29715  4.29715  0.55
protocols.relax.FastRelax: CMD: endrepeat  -1178.04  4.29715  4.29715  0.55
protocols.relax.FastRelax: CMD: coord_cst_weight  83034.2  4.29715  4.29715  0.55
protocols.relax.FastRelax: CMD: scale:fa_rep  82705.3  4.29715  4.29715  0.022
core.pack.task: Packer task: initialize from command line() 
core.pack.pack_rotamers: built 7765 rotamers at 492 positions.
core.pack.interaction_graph.interaction_graph_factory: Instantiating DensePDInteractionGraph
protocols.relax.FastRelax: CMD: repack  82696  4.29715  4.29715  0.022
protocols.relax.FastRelax: CMD: scale:fa_rep  82702.6  4.29715  4.29715  0.02805
core.optimization.Minimizer: [ WARNING ] LBFGS MAX CYCLES 2000 EXCEEDED, BUT FUNC NOT CONVERGED!
protocols.relax.FastRelax: CMD: min  -1254.36  0.188671  0.188671  0.02805
protocols.relax.FastRelax: CMD: coord_cst_weight  -1334.12  0.188671  0.188671  0.02805
protocols.relax.FastRelax: CMD: scale:fa_rep  -979.55  0.188671  0.188671  0.14575
core.pack.task: Packer task: initialize from command line() 
core.pack.pack_rotamers: built 7301 rotamers at 492 positions.
core.pack.interaction_graph.interaction_graph_factory: Instantiating DensePDInteractionGraph
protocols.relax.FastRelax: CMD: repack  -1052.37  0.188671  0.188671  0.14575
protocols.relax.FastRelax: CMD: scale:fa_rep  -1032.58  0.188671  0.188671  0.154
protocols.relax.FastRelax: CMD: min  -1197.61  0.231569  0.231569  0.154
protocols.relax.FastRelax: CMD: coord_cst_weight  -1317.76  0.231569  0.231569  0.154
protocols.relax.FastRelax: CMD: scale:fa_rep  -1137.48  0.231569  0.231569  0.30745
core.pack.task: Packer task: initialize from command line() 
core.pack.pack_rotamers: built 7058 rotamers at 492 positions.
core.pack.interaction_graph.interaction_graph_factory: Instantiating DensePDInteractionGraph
protocols.relax.FastRelax: CMD: repack  -1137.58  0.231569  0.231569  0.30745
protocols.relax.FastRelax: CMD: scale:fa_rep  -1123.44  0.231569  0.231569  0.31955
protocols.relax.FastRelax: CMD: min  -1074.15  3.92279  3.92279  0.31955
protocols.relax.FastRelax: CMD: coord_cst_weight  -1074.15  3.92279  3.92279  0.31955
protocols.relax.FastRelax: CMD: scale:fa_rep  -690.99  3.92279  3.92279  0.55
core.pack.task: Packer task: initialize from command line() 
core.pack.pack_rotamers: built 6960 rotamers at 492 positions.
core.pack.interaction_graph.interaction_graph_factory: Instantiating DensePDInteractionGraph
protocols.relax.FastRelax: CMD: repack  -1115.41  3.92279  3.92279  0.55
protocols.relax.FastRelax: CMD: min  -1174.23  4.6613  4.6613  0.55
protocols.relax.FastRelax: MRP: 8  -1174.23  -1178.04  4.29715  4.29715  
protocols.relax.FastRelax: CMD: accept_to_best  -1174.23  4.6613  4.6613  0.55
protocols.relax.FastRelax: CMD: endrepeat  -1174.23  4.6613  4.6613  0.55
protocols.relax.FastRelax: CMD: coord_cst_weight  106666  4.6613  4.6613  0.55
protocols.relax.FastRelax: CMD: scale:fa_rep  106335  4.6613  4.6613  0.022
core.pack.task: Packer task: initialize from command line() 
core.pack.pack_rotamers: built 7749 rotamers at 492 positions.
core.pack.interaction_graph.interaction_graph_factory: Instantiating DensePDInteractionGraph
protocols.relax.FastRelax: CMD: repack  106325  4.6613  4.6613  0.022
protocols.relax.FastRelax: CMD: scale:fa_rep  106332  4.6613  4.6613  0.02805
core.optimization.Minimizer: [ WARNING ] LBFGS MAX CYCLES 2000 EXCEEDED, BUT FUNC NOT CONVERGED!
protocols.relax.FastRelax: CMD: min  -1249.13  0.188619  0.188619  0.02805
protocols.relax.FastRelax: CMD: coord_cst_weight  -1329.02  0.188619  0.188619  0.02805
protocols.relax.FastRelax: CMD: scale:fa_rep  -983.491  0.188619  0.188619  0.14575
core.pack.task: Packer task: initialize from command line() 
core.pack.pack_rotamers: built 7269 rotamers at 492 positions.
core.pack.interaction_graph.interaction_graph_factory: Instantiating DensePDInteractionGraph
protocols.relax.FastRelax: CMD: repack  -1053.17  0.188619  0.188619  0.14575
protocols.relax.FastRelax: CMD: scale:fa_rep  -1033.74  0.188619  0.188619  0.154
protocols.relax.FastRelax: CMD: min  -1191.27  0.231504  0.231504  0.154
protocols.relax.FastRelax: CMD: coord_cst_weight  -1311.24  0.231504  0.231504  0.154
protocols.relax.FastRelax: CMD: scale:fa_rep  -1132.85  0.231504  0.231504  0.30745
core.pack.task: Packer task: initialize from command line() 
core.pack.pack_rotamers: built 7066 rotamers at 492 positions.
core.pack.interaction_graph.interaction_graph_factory: Instantiating DensePDInteractionGraph
protocols.relax.FastRelax: CMD: repack  -1133.27  0.231504  0.231504  0.30745
protocols.relax.FastRelax: CMD: scale:fa_rep  -1119.3  0.231504  0.231504  0.31955
protocols.relax.FastRelax: CMD: min  -1158.93  4.28376  4.28376  0.31955
protocols.relax.FastRelax: CMD: coord_cst_weight  -1158.93  4.28376  4.28376  0.31955
protocols.relax.FastRelax: CMD: scale:fa_rep  -838.482  4.28376  4.28376  0.55
core.pack.task: Packer task: initialize from command line() 
core.pack.pack_rotamers: built 6924 rotamers at 492 positions.
core.pack.interaction_graph.interaction_graph_factory: Instantiating DensePDInteractionGraph
protocols.relax.FastRelax: CMD: repack  -1119.88  4.28376  4.28376  0.55
protocols.relax.FastRelax: CMD: min  -1176.36  4.79235  4.79235  0.55
protocols.relax.FastRelax: MRP: 9  -1176.36  -1178.04  4.29715  4.29715  
protocols.relax.FastRelax: CMD: accept_to_best  -1176.36  4.79235  4.79235  0.55
protocols.relax.FastRelax: CMD: endrepeat  -1176.36  4.79235  4.79235  0.55
protocols.relax.FastRelax: CMD: coord_cst_weight  110938  4.79235  4.79235  0.55
protocols.relax.FastRelax: CMD: scale:fa_rep  110607  4.79235  4.79235  0.022
core.pack.task: Packer task: initialize from command line() 
core.pack.pack_rotamers: built 7718 rotamers at 492 positions.
core.pack.interaction_graph.interaction_graph_factory: Instantiating DensePDInteractionGraph
protocols.relax.FastRelax: CMD: repack  110586  4.79235  4.79235  0.022
protocols.relax.FastRelax: CMD: scale:fa_rep  110593  4.79235  4.79235  0.02805
core.optimization.Minimizer: [ WARNING ] LBFGS MAX CYCLES 2000 EXCEEDED, BUT FUNC NOT CONVERGED!
protocols.relax.FastRelax: CMD: min  -1255.25  0.191361  0.191361  0.02805
protocols.relax.FastRelax: CMD: coord_cst_weight  -1336.44  0.191361  0.191361  0.02805
protocols.relax.FastRelax: CMD: scale:fa_rep  -998.206  0.191361  0.191361  0.14575
core.pack.task: Packer task: initialize from command line() 
core.pack.pack_rotamers: built 7255 rotamers at 492 positions.
core.pack.interaction_graph.interaction_graph_factory: Instantiating DensePDInteractionGraph
protocols.relax.FastRelax: CMD: repack  -1039.7  0.191361  0.191361  0.14575
protocols.relax.FastRelax: CMD: scale:fa_rep  -1019.22  0.191361  0.191361  0.154
protocols.relax.FastRelax: CMD: min  -1200.36  0.229489  0.229489  0.154
protocols.relax.FastRelax: CMD: coord_cst_weight  -1318.75  0.229489  0.229489  0.154
protocols.relax.FastRelax: CMD: scale:fa_rep  -1139.71  0.229489  0.229489  0.30745
core.pack.task: Packer task: initialize from command line() 
core.pack.pack_rotamers: built 7074 rotamers at 492 positions.
core.pack.interaction_graph.interaction_graph_factory: Instantiating DensePDInteractionGraph
protocols.relax.FastRelax: CMD: repack  -1140.44  0.229489  0.229489  0.30745
protocols.relax.FastRelax: CMD: scale:fa_rep  -1126.46  0.229489  0.229489  0.31955
protocols.relax.FastRelax: CMD: min  -1326.09  3.71608  3.71608  0.31955
protocols.relax.FastRelax: CMD: coord_cst_weight  -1326.09  3.71608  3.71608  0.31955
protocols.relax.FastRelax: CMD: scale:fa_rep  -1120.48  3.71608  3.71608  0.55
core.pack.task: Packer task: initialize from command line() 
core.pack.pack_rotamers: built 6943 rotamers at 492 positions.
core.pack.interaction_graph.interaction_graph_factory: Instantiating DensePDInteractionGraph
protocols.relax.FastRelax: CMD: repack  -1122.77  3.71608  3.71608  0.55
protocols.relax.FastRelax: CMD: min  -1175.72  4.2024  4.2024  0.55
protocols.relax.FastRelax: MRP: 10  -1175.72  -1178.04  4.29715  4.29715  
protocols.relax.FastRelax: CMD: accept_to_best  -1175.72  4.2024  4.2024  0.55
protocols.relax.FastRelax: CMD: endrepeat  -1175.72  4.2024  4.2024  0.55
protocols.relax.FastRelax: CMD: coord_cst_weight  80563.3  4.2024  4.2024  0.55
protocols.relax.FastRelax: CMD: scale:fa_rep  80232.8  4.2024  4.2024  0.022
core.pack.task: Packer task: initialize from command line() 
core.pack.pack_rotamers: built 7709 rotamers at 492 positions.
core.pack.interaction_graph.interaction_graph_factory: Instantiating DensePDInteractionGraph
protocols.relax.FastRelax: CMD: repack  80217.5  4.2024  4.2024  0.022
protocols.relax.FastRelax: CMD: scale:fa_rep  80224.5  4.2024  4.2024  0.02805
core.optimization.Minimizer: [ WARNING ] LBFGS MAX CYCLES 2000 EXCEEDED, BUT FUNC NOT CONVERGED!
protocols.relax.FastRelax: CMD: min  -1252.88  0.190769  0.190769  0.02805
protocols.relax.FastRelax: CMD: coord_cst_weight  -1333.45  0.190769  0.190769  0.02805
protocols.relax.FastRelax: CMD: scale:fa_rep  -984.774  0.190769  0.190769  0.14575
core.pack.task: Packer task: initialize from command line() 
core.pack.pack_rotamers: built 7261 rotamers at 492 positions.
core.pack.interaction_graph.interaction_graph_factory: Instantiating DensePDInteractionGraph
protocols.relax.FastRelax: CMD: repack  -1072.94  0.190769  0.190769  0.14575
protocols.relax.FastRelax: CMD: scale:fa_rep  -1054.35  0.190769  0.190769  0.154
protocols.relax.FastRelax: CMD: min  -1202.84  0.227051  0.227051  0.154
protocols.relax.FastRelax: CMD: coord_cst_weight  -1319.36  0.227051  0.227051  0.154
protocols.relax.FastRelax: CMD: scale:fa_rep  -1143.27  0.227051  0.227051  0.30745
core.pack.task: Packer task: initialize from command line() 
core.pack.pack_rotamers: built 7071 rotamers at 492 positions.
core.pack.interaction_graph.interaction_graph_factory: Instantiating DensePDInteractionGraph
protocols.relax.FastRelax: CMD: repack  -1144.96  0.227051  0.227051  0.30745
protocols.relax.FastRelax: CMD: scale:fa_rep  -1131.24  0.227051  0.227051  0.31955
protocols.relax.FastRelax: CMD: min  -1322.71  3.78517  3.78517  0.31955
protocols.relax.FastRelax: CMD: coord_cst_weight  -1322.71  3.78517  3.78517  0.31955
protocols.relax.FastRelax: CMD: scale:fa_rep  -1116.27  3.78517  3.78517  0.55
core.pack.task: Packer task: initialize from command line() 
core.pack.pack_rotamers: built 6976 rotamers at 492 positions.
core.pack.interaction_graph.interaction_graph_factory: Instantiating DensePDInteractionGraph
protocols.relax.FastRelax: CMD: repack  -1116.19  3.78517  3.78517  0.55
protocols.relax.FastRelax: CMD: min  -1165.08  3.92014  3.92014  0.55
protocols.relax.FastRelax: MRP: 11  -1165.08  -1178.04  4.29715  4.29715  
protocols.relax.FastRelax: CMD: accept_to_best  -1165.08  3.92014  3.92014  0.55
protocols.relax.FastRelax: CMD: endrepeat  -1165.08  3.92014  3.92014  0.55
protocols.relax.FastRelax: CMD: coord_cst_weight  90040.7  3.92014  3.92014  0.55
protocols.relax.FastRelax: CMD: scale:fa_rep  89709.8  3.92014  3.92014  0.022
core.pack.task: Packer task: initialize from command line() 
core.pack.pack_rotamers: built 7699 rotamers at 492 positions.
core.pack.interaction_graph.interaction_graph_factory: Instantiating DensePDInteractionGraph
protocols.relax.FastRelax: CMD: repack  89687.3  3.92014  3.92014  0.022
protocols.relax.FastRelax: CMD: scale:fa_rep  89694.4  3.92014  3.92014  0.02805
core.optimization.Minimizer: [ WARNING ] LBFGS MAX CYCLES 2000 EXCEEDED, BUT FUNC NOT CONVERGED!
protocols.relax.FastRelax: CMD: min  -1247.22  0.193573  0.193573  0.02805
protocols.relax.FastRelax: CMD: coord_cst_weight  -1330.81  0.193573  0.193573  0.02805
protocols.relax.FastRelax: CMD: scale:fa_rep  -979.26  0.193573  0.193573  0.14575
core.pack.task: Packer task: initialize from command line() 
core.pack.pack_rotamers: built 7239 rotamers at 492 positions.
core.pack.interaction_graph.interaction_graph_factory: Instantiating DensePDInteractionGraph
protocols.relax.FastRelax: CMD: repack  -1051.4  0.193573  0.193573  0.14575
protocols.relax.FastRelax: CMD: scale:fa_rep  -1031.51  0.193573  0.193573  0.154
protocols.relax.FastRelax: CMD: min  -1198.34  0.231225  0.231225  0.154
protocols.relax.FastRelax: CMD: coord_cst_weight  -1317.91  0.231225  0.231225  0.154
protocols.relax.FastRelax: CMD: scale:fa_rep  -1136.36  0.231225  0.231225  0.30745
core.pack.task: Packer task: initialize from command line() 
core.pack.pack_rotamers: built 7073 rotamers at 492 positions.
core.pack.interaction_graph.interaction_graph_factory: Instantiating DensePDInteractionGraph
protocols.relax.FastRelax: CMD: repack  -1137.64  0.231225  0.231225  0.30745
protocols.relax.FastRelax: CMD: scale:fa_rep  -1123.45  0.231225  0.231225  0.31955
protocols.relax.FastRelax: CMD: min  -1121.1  3.87529  3.87529  0.31955
protocols.relax.FastRelax: CMD: coord_cst_weight  -1121.1  3.87529  3.87529  0.31955
protocols.relax.FastRelax: CMD: scale:fa_rep  -762.066  3.87529  3.87529  0.55
core.pack.task: Packer task: initialize from command line() 
core.pack.pack_rotamers: built 6943 rotamers at 492 positions.
core.pack.interaction_graph.interaction_graph_factory: Instantiating DensePDInteractionGraph
protocols.relax.FastRelax: CMD: repack  -764.796  3.87529  3.87529  0.55
protocols.relax.FastRelax: CMD: min  -1166.87  4.03947  4.03947  0.55
protocols.relax.FastRelax: MRP: 12  -1166.87  -1178.04  4.29715  4.29715  
protocols.relax.FastRelax: CMD: accept_to_best  -1166.87  4.03947  4.03947  0.55
protocols.relax.FastRelax: CMD: endrepeat  -1166.87  4.03947  4.03947  0.55
protocols.relax.FastRelax: CMD: coord_cst_weight  72404.8  4.03947  4.03947  0.55
protocols.relax.FastRelax: CMD: scale:fa_rep  72067.5  4.03947  4.03947  0.022
core.pack.task: Packer task: initialize from command line() 
core.pack.pack_rotamers: built 7679 rotamers at 492 positions.
core.pack.interaction_graph.interaction_graph_factory: Instantiating DensePDInteractionGraph
protocols.relax.FastRelax: CMD: repack  72048.3  4.03947  4.03947  0.022
protocols.relax.FastRelax: CMD: scale:fa_rep  72060.3  4.03947  4.03947  0.02805
core.optimization.Minimizer: [ WARNING ] LBFGS MAX CYCLES 2000 EXCEEDED, BUT FUNC NOT CONVERGED!
protocols.relax.FastRelax: CMD: min  -1286.23  0.186084  0.186084  0.02805
protocols.relax.FastRelax: CMD: coord_cst_weight  -1362.48  0.186084  0.186084  0.02805
protocols.relax.FastRelax: CMD: scale:fa_rep  -1017.81  0.186084  0.186084  0.14575
core.pack.task: Packer task: initialize from command line() 
core.pack.pack_rotamers: built 7283 rotamers at 492 positions.
core.pack.interaction_graph.interaction_graph_factory: Instantiating DensePDInteractionGraph
protocols.relax.FastRelax: CMD: repack  -1043.19  0.186084  0.186084  0.14575
protocols.relax.FastRelax: CMD: scale:fa_rep  -1022.18  0.186084  0.186084  0.154
protocols.relax.FastRelax: CMD: min  -1190.51  0.235895  0.235895  0.154
protocols.relax.FastRelax: CMD: coord_cst_weight  -1312.79  0.235895  0.235895  0.154
protocols.relax.FastRelax: CMD: scale:fa_rep  -1128.7  0.235895  0.235895  0.30745
core.pack.task: Packer task: initialize from command line() 
core.pack.pack_rotamers: built 7096 rotamers at 492 positions.
core.pack.interaction_graph.interaction_graph_factory: Instantiating DensePDInteractionGraph
protocols.relax.FastRelax: CMD: repack  -1129.36  0.235895  0.235895  0.30745
protocols.relax.FastRelax: CMD: scale:fa_rep  -1114.87  0.235895  0.235895  0.31955
protocols.relax.FastRelax: CMD: min  -1324.91  3.66209  3.66209  0.31955
protocols.relax.FastRelax: CMD: coord_cst_weight  -1324.91  3.66209  3.66209  0.31955
protocols.relax.FastRelax: CMD: scale:fa_rep  -1114.02  3.66209  3.66209  0.55
core.pack.task: Packer task: initialize from command line() 
core.pack.pack_rotamers: built 6920 rotamers at 492 positions.
core.pack.interaction_graph.interaction_graph_factory: Instantiating DensePDInteractionGraph
protocols.relax.FastRelax: CMD: repack  -1118.6  3.66209  3.66209  0.55
protocols.relax.FastRelax: CMD: min  -1169.78  4.11057  4.11057  0.55
protocols.relax.FastRelax: MRP: 13  -1169.78  -1178.04  4.29715  4.29715  
protocols.relax.FastRelax: CMD: accept_to_best  -1169.78  4.11057  4.11057  0.55
protocols.relax.FastRelax: CMD: endrepeat  -1169.78  4.11057  4.11057  0.55
protocols.relax.FastRelax: CMD: coord_cst_weight  83389.2  4.11057  4.11057  0.55
protocols.relax.FastRelax: CMD: scale:fa_rep  83055.4  4.11057  4.11057  0.022
core.pack.task: Packer task: initialize from command line() 
core.pack.pack_rotamers: built 7694 rotamers at 492 positions.
core.pack.interaction_graph.interaction_graph_factory: Instantiating DensePDInteractionGraph
protocols.relax.FastRelax: CMD: repack  83035.8  4.11057  4.11057  0.022
protocols.relax.FastRelax: CMD: scale:fa_rep  83044.1  4.11057  4.11057  0.02805
core.optimization.Minimizer: [ WARNING ] LBFGS MAX CYCLES 2000 EXCEEDED, BUT FUNC NOT CONVERGED!
protocols.relax.FastRelax: CMD: min  -1263.46  0.189494  0.189494  0.02805
protocols.relax.FastRelax: CMD: coord_cst_weight  -1341.68  0.189494  0.189494  0.02805
protocols.relax.FastRelax: CMD: scale:fa_rep  -983.063  0.189494  0.189494  0.14575
core.pack.task: Packer task: initialize from command line() 
core.pack.pack_rotamers: built 7302 rotamers at 492 positions.
core.pack.interaction_graph.interaction_graph_factory: Instantiating DensePDInteractionGraph
protocols.relax.FastRelax: CMD: repack  -1052.74  0.189494  0.189494  0.14575
protocols.relax.FastRelax: CMD: scale:fa_rep  -1032.24  0.189494  0.189494  0.154
protocols.relax.FastRelax: CMD: min  -1199.87  0.232109  0.232109  0.154
protocols.relax.FastRelax: CMD: coord_cst_weight  -1318.63  0.232109  0.232109  0.154
protocols.relax.FastRelax: CMD: scale:fa_rep  -1133.09  0.232109  0.232109  0.30745
core.pack.task: Packer task: initialize from command line() 
core.pack.pack_rotamers: built 7072 rotamers at 492 positions.
core.pack.interaction_graph.interaction_graph_factory: Instantiating DensePDInteractionGraph
protocols.relax.FastRelax: CMD: repack  -1134.55  0.232109  0.232109  0.30745
protocols.relax.FastRelax: CMD: scale:fa_rep  -1120  0.232109  0.232109  0.31955
core.optimization.LineMinimizer: Inaccurate G in step= 5.96046e-08 Deriv= -13.7472 Finite Diff= 7.5291
protocols.relax.FastRelax: CMD: min  -1289.86  3.28886  3.28886  0.31955
protocols.relax.FastRelax: CMD: coord_cst_weight  -1289.86  3.28886  3.28886  0.31955
protocols.relax.FastRelax: CMD: scale:fa_rep  -1057.1  3.28886  3.28886  0.55
core.pack.task: Packer task: initialize from command line() 
core.pack.pack_rotamers: built 6929 rotamers at 492 positions.
core.pack.interaction_graph.interaction_graph_factory: Instantiating DensePDInteractionGraph
protocols.relax.FastRelax: CMD: repack  -1113.24  3.28886  3.28886  0.55
protocols.relax.FastRelax: CMD: min  -1164.43  3.68179  3.68179  0.55
protocols.relax.FastRelax: MRP: 14  -1164.43  -1178.04  4.29715  4.29715  
protocols.relax.FastRelax: CMD: accept_to_best  -1164.43  3.68179  3.68179  0.55
protocols.relax.FastRelax: CMD: endrepeat  -1164.43  3.68179  3.68179  0.55
protocols::checkpoint: Deleting checkpoints of FastRelax
protocols.jd2.JobDistributor: target.BL00010001_6_0004 reported success in 15179 seconds
protocols.jd2.PDBJobInputter: PDBJobInputter::pose_from_job
protocols.jd2.PDBJobInputter: filling pose from PDB ../1-modeller/target.BL00010001.pdb
core.import_pose.import_pose: File '../1-modeller/target.BL00010001.pdb' automatically determined to be of type PDB from contents.
core.io.rcsb.ExperimentalTechnique: [ ERROR ] Unrecognized experimental technique string 'THEORETICAL MODEL, MODELLER 10.8 2026/08/10 16:18:02'
protocols.relax.FastRelax: CMD: repeat  4476.34  0  0  0.55
protocols.relax.FastRelax: CMD: coord_cst_weight  4476.34  0  0  0.55
protocols.relax.FastRelax: CMD: scale:fa_rep  806.987  0  0  0.022
core.pack.task: Packer task: initialize from command line() 
core.pack.pack_rotamers: built 8129 rotamers at 492 positions.
core.pack.interaction_graph.interaction_graph_factory: Instantiating DensePDInteractionGraph
protocols.relax.FastRelax: CMD: repack  -875.83  0  0  0.022
protocols.relax.FastRelax: CMD: scale:fa_rep  -837.577  0  0  0.02805
core.optimization.Minimizer: [ WARNING ] LBFGS MAX CYCLES 2000 EXCEEDED, BUT FUNC NOT CONVERGED!
protocols.relax.FastRelax: CMD: min  -1292.61  0.148885  0.148885  0.02805
protocols.relax.FastRelax: CMD: coord_cst_weight  -1339.34  0.148885  0.148885  0.02805
protocols.relax.FastRelax: CMD: scale:fa_rep  -949.546  0.148885  0.148885  0.14575
core.pack.task: Packer task: initialize from command line() 
core.pack.pack_rotamers: built 7464 rotamers at 492 positions.
core.pack.interaction_graph.interaction_graph_factory: Instantiating DensePDInteractionGraph
protocols.relax.FastRelax: CMD: repack  -990.488  0.148885  0.148885  0.14575
protocols.relax.FastRelax: CMD: scale:fa_rep  -969.301  0.148885  0.148885  0.154
protocols.relax.FastRelax: CMD: min  -1150.87  0.203015  0.203015  0.154
protocols.relax.FastRelax: CMD: coord_cst_weight  -1240.14  0.203015  0.203015  0.154
protocols.relax.FastRelax: CMD: scale:fa_rep  -1051.66  0.203015  0.203015  0.30745
core.pack.task: Packer task: initialize from command line() 
core.pack.pack_rotamers: built 7271 rotamers at 492 positions.
core.pack.interaction_graph.interaction_graph_factory: Instantiating DensePDInteractionGraph
protocols.relax.FastRelax: CMD: repack  -1048.14  0.203015  0.203015  0.30745
protocols.relax.FastRelax: CMD: scale:fa_rep  -1033.24  0.203015  0.203015  0.31955
protocols.relax.FastRelax: CMD: min  -1236.59  3.02402  3.02402  0.31955
protocols.relax.FastRelax: CMD: coord_cst_weight  -1236.59  3.02402  3.02402  0.31955
protocols.relax.FastRelax: CMD: scale:fa_rep  -1028.8  3.02402  3.02402  0.55
core.pack.task: Packer task: initialize from command line() 
core.pack.pack_rotamers: built 7067 rotamers at 492 positions.
core.pack.interaction_graph.interaction_graph_factory: Instantiating DensePDInteractionGraph
protocols.relax.FastRelax: CMD: repack  -1033.88  3.02402  3.02402  0.55
protocols.relax.FastRelax: CMD: min  -1097.25  3.44654  3.44654  0.55
protocols.relax.FastRelax: MRP: 0  -1097.25  -1097.25  3.44654  3.44654  
protocols.relax.FastRelax: CMD: accept_to_best  -1097.25  3.44654  3.44654  0.55
protocols.relax.FastRelax: CMD: endrepeat  -1097.25  3.44654  3.44654  0.55
protocols.relax.FastRelax: CMD: coord_cst_weight  84011.4  3.44654  3.44654  0.55
protocols.relax.FastRelax: CMD: scale:fa_rep  83679.6  3.44654  3.44654  0.022
core.pack.task: Packer task: initialize from command line() 
core.pack.pack_rotamers: built 7807 rotamers at 492 positions.
core.pack.interaction_graph.interaction_graph_factory: Instantiating DensePDInteractionGraph
protocols.relax.FastRelax: CMD: repack  83652.1  3.44654  3.44654  0.022
protocols.relax.FastRelax: CMD: scale:fa_rep  83662.6  3.44654  3.44654  0.02805
core.optimization.Minimizer: [ WARNING ] LBFGS MAX CYCLES 2000 EXCEEDED, BUT FUNC NOT CONVERGED!
protocols.relax.FastRelax: CMD: min  -1259.56  0.177215  0.177215  0.02805
protocols.relax.FastRelax: CMD: coord_cst_weight  -1327.78  0.177215  0.177215  0.02805
protocols.relax.FastRelax: CMD: scale:fa_rep  -995.782  0.177215  0.177215  0.14575
core.pack.task: Packer task: initialize from command line() 
core.pack.pack_rotamers: built 7373 rotamers at 492 positions.
core.pack.interaction_graph.interaction_graph_factory: Instantiating DensePDInteractionGraph
protocols.relax.FastRelax: CMD: repack  -1036.86  0.177215  0.177215  0.14575
protocols.relax.FastRelax: CMD: scale:fa_rep  -1017.13  0.177215  0.177215  0.154
protocols.relax.FastRelax: CMD: min  -1181.31  0.215213  0.215213  0.154
protocols.relax.FastRelax: CMD: coord_cst_weight  -1283.3  0.215213  0.215213  0.154
protocols.relax.FastRelax: CMD: scale:fa_rep  -1100.08  0.215213  0.215213  0.30745
core.pack.task: Packer task: initialize from command line() 
core.pack.pack_rotamers: built 7193 rotamers at 492 positions.
core.pack.interaction_graph.interaction_graph_factory: Instantiating DensePDInteractionGraph
protocols.relax.FastRelax: CMD: repack  -1101.49  0.215213  0.215213  0.30745
protocols.relax.FastRelax: CMD: scale:fa_rep  -1087.2  0.215213  0.215213  0.31955
protocols.relax.FastRelax: CMD: min  -1265.79  2.69379  2.69379  0.31955
protocols.relax.FastRelax: CMD: coord_cst_weight  -1265.79  2.69379  2.69379  0.31955
protocols.relax.FastRelax: CMD: scale:fa_rep  -1056.97  2.69379  2.69379  0.55
core.pack.task: Packer task: initialize from command line() 
core.pack.pack_rotamers: built 7007 rotamers at 492 positions.
core.pack.interaction_graph.interaction_graph_factory: Instantiating DensePDInteractionGraph
protocols.relax.FastRelax: CMD: repack  -1057.76  2.69379  2.69379  0.55
protocols.relax.FastRelax: CMD: min  -1119.52  2.35222  2.35222  0.55
protocols.relax.FastRelax: MRP: 1  -1119.52  -1119.52  2.35222  2.35222  
protocols.relax.FastRelax: CMD: accept_to_best  -1119.52  2.35222  2.35222  0.55
protocols.relax.FastRelax: CMD: endrepeat  -1119.52  2.35222  2.35222  0.55
protocols.relax.FastRelax: CMD: coord_cst_weight  46287.8  2.35222  2.35222  0.55
protocols.relax.FastRelax: CMD: scale:fa_rep  45956.4  2.35222  2.35222  0.022
core.pack.task: Packer task: initialize from command line() 
core.pack.pack_rotamers: built 7745 rotamers at 492 positions.
core.pack.interaction_graph.interaction_graph_factory: Instantiating DensePDInteractionGraph
protocols.relax.FastRelax: CMD: repack  45937.6  2.35222  2.35222  0.022
protocols.relax.FastRelax: CMD: scale:fa_rep  45944.1  2.35222  2.35222  0.02805
core.optimization.Minimizer: [ WARNING ] LBFGS MAX CYCLES 2000 EXCEEDED, BUT FUNC NOT CONVERGED!
protocols.relax.FastRelax: CMD: min  -1272.09  0.177329  0.177329  0.02805
protocols.relax.FastRelax: CMD: coord_cst_weight  -1340.83  0.177329  0.177329  0.02805
protocols.relax.FastRelax: CMD: scale:fa_rep  -1016.64  0.177329  0.177329  0.14575
core.pack.task: Packer task: initialize from command line() 
core.pack.pack_rotamers: built 7360 rotamers at 492 positions.
core.pack.interaction_graph.interaction_graph_factory: Instantiating DensePDInteractionGraph
protocols.relax.FastRelax: CMD: repack  -1047.33  0.177329  0.177329  0.14575
protocols.relax.FastRelax: CMD: scale:fa_rep  -1026.96  0.177329  0.177329  0.154
protocols.relax.FastRelax: CMD: min  -1189.13  0.21973  0.21973  0.154
protocols.relax.FastRelax: CMD: coord_cst_weight  -1296.12  0.21973  0.21973  0.154
protocols.relax.FastRelax: CMD: scale:fa_rep  -1112.44  0.21973  0.21973  0.30745
core.pack.task: Packer task: initialize from command line() 
core.pack.pack_rotamers: built 7169 rotamers at 492 positions.
core.pack.interaction_graph.interaction_graph_factory: Instantiating DensePDInteractionGraph
protocols.relax.FastRelax: CMD: repack  -1113.73  0.21973  0.21973  0.30745
protocols.relax.FastRelax: CMD: scale:fa_rep  -1099.55  0.21973  0.21973  0.31955
protocols.relax.FastRelax: CMD: min  -1276.24  3.19458  3.19458  0.31955
protocols.relax.FastRelax: CMD: coord_cst_weight  -1276.24  3.19458  3.19458  0.31955
protocols.relax.FastRelax: CMD: scale:fa_rep  -1067.23  3.19458  3.19458  0.55
core.pack.task: Packer task: initialize from command line() 
core.pack.pack_rotamers: built 7011 rotamers at 492 positions.
core.pack.interaction_graph.interaction_graph_factory: Instantiating DensePDInteractionGraph
protocols.relax.FastRelax: CMD: repack  -1060.94  3.19458  3.19458  0.55
protocols.relax.FastRelax: CMD: min  -1134.99  3.23753  3.23753  0.55
protocols.relax.FastRelax: MRP: 2  -1134.99  -1134.99  3.23753  3.23753  
protocols.relax.FastRelax: CMD: accept_to_best  -1134.99  3.23753  3.23753  0.55
protocols.relax.FastRelax: CMD: endrepeat  -1134.99  3.23753  3.23753  0.55
protocols.relax.FastRelax: CMD: coord_cst_weight  118459  3.23753  3.23753  0.55
protocols.relax.FastRelax: CMD: scale:fa_rep  118131  3.23753  3.23753  0.022
core.pack.task: Packer task: initialize from command line() 
core.pack.pack_rotamers: built 7700 rotamers at 492 positions.
core.pack.interaction_graph.interaction_graph_factory: Instantiating DensePDInteractionGraph
protocols.relax.FastRelax: CMD: repack  118118  3.23753  3.23753  0.022
protocols.relax.FastRelax: CMD: scale:fa_rep  118128  3.23753  3.23753  0.02805
core.optimization.Minimizer: [ WARNING ] LBFGS MAX CYCLES 2000 EXCEEDED, BUT FUNC NOT CONVERGED!
protocols.relax.FastRelax: CMD: min  -1255.82  0.185939  0.185939  0.02805
protocols.relax.FastRelax: CMD: coord_cst_weight  -1332.38  0.185939  0.185939  0.02805
protocols.relax.FastRelax: CMD: scale:fa_rep  -1017.55  0.185939  0.185939  0.14575
core.pack.task: Packer task: initialize from command line() 
core.pack.pack_rotamers: built 7311 rotamers at 492 positions.
core.pack.interaction_graph.interaction_graph_factory: Instantiating DensePDInteractionGraph
protocols.relax.FastRelax: CMD: repack  -1060.98  0.185939  0.185939  0.14575
protocols.relax.FastRelax: CMD: scale:fa_rep  -1041.8  0.185939  0.185939  0.154
protocols.relax.FastRelax: CMD: min  -1189.3  0.228122  0.228122  0.154
protocols.relax.FastRelax: CMD: coord_cst_weight  -1304.32  0.228122  0.228122  0.154
protocols.relax.FastRelax: CMD: scale:fa_rep  -1122.93  0.228122  0.228122  0.30745
core.pack.task: Packer task: initialize from command line() 
core.pack.pack_rotamers: built 7146 rotamers at 492 positions.
core.pack.interaction_graph.interaction_graph_factory: Instantiating DensePDInteractionGraph
protocols.relax.FastRelax: CMD: repack  -1116.56  0.228122  0.228122  0.30745
protocols.relax.FastRelax: CMD: scale:fa_rep  -1102.4  0.228122  0.228122  0.31955
protocols.relax.FastRelax: CMD: min  -1294.39  3.40755  3.40755  0.31955
protocols.relax.FastRelax: CMD: coord_cst_weight  -1294.39  3.40755  3.40755  0.31955
protocols.relax.FastRelax: CMD: scale:fa_rep  -1089.45  3.40755  3.40755  0.55
core.pack.task: Packer task: initialize from command line() 
core.pack.pack_rotamers: built 6974 rotamers at 492 positions.
core.pack.interaction_graph.interaction_graph_factory: Instantiating DensePDInteractionGraph
protocols.relax.FastRelax: CMD: repack  -1090.18  3.40755  3.40755  0.55
protocols.relax.FastRelax: CMD: min  -1139.08  3.87244  3.87244  0.55
protocols.relax.FastRelax: MRP: 3  -1139.08  -1139.08  3.87244  3.87244  
protocols.relax.FastRelax: CMD: accept_to_best  -1139.08  3.87244  3.87244  0.55
protocols.relax.FastRelax: CMD: endrepeat  -1139.08  3.87244  3.87244  0.55
protocols.relax.FastRelax: CMD: coord_cst_weight  150897  3.87244  3.87244  0.55
protocols.relax.FastRelax: CMD: scale:fa_rep  150569  3.87244  3.87244  0.022
core.pack.task: Packer task: initialize from command line() 
core.pack.pack_rotamers: built 7757 rotamers at 492 positions.
core.pack.interaction_graph.interaction_graph_factory: Instantiating DensePDInteractionGraph
protocols.relax.FastRelax: CMD: repack  150554  3.87244  3.87244  0.022
protocols.relax.FastRelax: CMD: scale:fa_rep  150563  3.87244  3.87244  0.02805
core.optimization.Minimizer: [ WARNING ] LBFGS MAX CYCLES 2000 EXCEEDED, BUT FUNC NOT CONVERGED!
protocols.relax.FastRelax: CMD: min  -1238.24  0.19688  0.19688  0.02805
protocols.relax.FastRelax: CMD: coord_cst_weight  -1321.88  0.19688  0.19688  0.02805
protocols.relax.FastRelax: CMD: scale:fa_rep  -977.176  0.19688  0.19688  0.14575
core.pack.task: Packer task: initialize from command line() 
core.pack.pack_rotamers: built 7358 rotamers at 492 positions.
core.pack.interaction_graph.interaction_graph_factory: Instantiating DensePDInteractionGraph
protocols.relax.FastRelax: CMD: repack  -1020.51  0.19688  0.19688  0.14575
protocols.relax.FastRelax: CMD: scale:fa_rep  -999.784  0.19688  0.19688  0.154
protocols.relax.FastRelax: CMD: min  -1184.09  0.232454  0.232454  0.154
protocols.relax.FastRelax: CMD: coord_cst_weight  -1302.01  0.232454  0.232454  0.154
protocols.relax.FastRelax: CMD: scale:fa_rep  -1120.39  0.232454  0.232454  0.30745
core.pack.task: Packer task: initialize from command line() 
core.pack.pack_rotamers: built 7115 rotamers at 492 positions.
core.pack.interaction_graph.interaction_graph_factory: Instantiating DensePDInteractionGraph
protocols.relax.FastRelax: CMD: repack  -1120.97  0.232454  0.232454  0.30745
protocols.relax.FastRelax: CMD: scale:fa_rep  -1106.77  0.232454  0.232454  0.31955
protocols.relax.FastRelax: CMD: min  -1299.01  3.65543  3.65543  0.31955
protocols.relax.FastRelax: CMD: coord_cst_weight  -1299.01  3.65543  3.65543  0.31955
protocols.relax.FastRelax: CMD: scale:fa_rep  -1093.86  3.65543  3.65543  0.55
core.pack.task: Packer task: initialize from command line() 
core.pack.pack_rotamers: built 7024 rotamers at 492 positions.
core.pack.interaction_graph.interaction_graph_factory: Instantiating DensePDInteractionGraph
protocols.relax.FastRelax: CMD: repack  -1098.15  3.65543  3.65543  0.55
protocols.relax.FastRelax: CMD: min  -1156.04  3.42707  3.42707  0.55
protocols.relax.FastRelax: MRP: 4  -1156.04  -1156.04  3.42707  3.42707  
protocols.relax.FastRelax: CMD: accept_to_best  -1156.04  3.42707  3.42707  0.55
protocols.relax.FastRelax: CMD: endrepeat  -1156.04  3.42707  3.42707  0.55
protocols.relax.FastRelax: CMD: coord_cst_weight  110365  3.42707  3.42707  0.55
protocols.relax.FastRelax: CMD: scale:fa_rep  110037  3.42707  3.42707  0.022
core.pack.task: Packer task: initialize from command line() 
core.pack.pack_rotamers: built 7744 rotamers at 492 positions.
core.pack.interaction_graph.interaction_graph_factory: Instantiating DensePDInteractionGraph
protocols.relax.FastRelax: CMD: repack  110032  3.42707  3.42707  0.022
protocols.relax.FastRelax: CMD: scale:fa_rep  110038  3.42707  3.42707  0.02805
core.optimization.Minimizer: [ WARNING ] LBFGS MAX CYCLES 2000 EXCEEDED, BUT FUNC NOT CONVERGED!
protocols.relax.FastRelax: CMD: min  -1226.76  0.196142  0.196142  0.02805
protocols.relax.FastRelax: CMD: coord_cst_weight  -1312.31  0.196142  0.196142  0.02805
protocols.relax.FastRelax: CMD: scale:fa_rep  -955.846  0.196142  0.196142  0.14575
core.pack.task: Packer task: initialize from command line() 
core.pack.pack_rotamers: built 7359 rotamers at 492 positions.
core.pack.interaction_graph.interaction_graph_factory: Instantiating DensePDInteractionGraph
protocols.relax.FastRelax: CMD: repack  -1023.13  0.196142  0.196142  0.14575
protocols.relax.FastRelax: CMD: scale:fa_rep  -1003.42  0.196142  0.196142  0.154
protocols.relax.FastRelax: CMD: min  -1190.81  0.229847  0.229847  0.154
protocols.relax.FastRelax: CMD: coord_cst_weight  -1308.69  0.229847  0.229847  0.154
protocols.relax.FastRelax: CMD: scale:fa_rep  -1131.4  0.229847  0.229847  0.30745
core.pack.task: Packer task: initialize from command line() 
core.pack.pack_rotamers: built 7119 rotamers at 492 positions.
core.pack.interaction_graph.interaction_graph_factory: Instantiating DensePDInteractionGraph
protocols.relax.FastRelax: CMD: repack  -1132.51  0.229847  0.229847  0.30745
protocols.relax.FastRelax: CMD: scale:fa_rep  -1118.7  0.229847  0.229847  0.31955
protocols.relax.FastRelax: CMD: min  -1302.98  3.28234  3.28234  0.31955
protocols.relax.FastRelax: CMD: coord_cst_weight  -1302.98  3.28234  3.28234  0.31955
protocols.relax.FastRelax: CMD: scale:fa_rep  -1094.68  3.28234  3.28234  0.55
core.pack.task: Packer task: initialize from command line() 
core.pack.pack_rotamers: built 6948 rotamers at 492 positions.
core.pack.interaction_graph.interaction_graph_factory: Instantiating DensePDInteractionGraph
protocols.relax.FastRelax: CMD: repack  -1098.41  3.28234  3.28234  0.55
protocols.relax.FastRelax: CMD: min  -1148.48  3.50396  3.50396  0.55
protocols.relax.FastRelax: MRP: 5  -1148.48  -1156.04  3.42707  3.42707  
protocols.relax.FastRelax: CMD: accept_to_best  -1148.48  3.50396  3.50396  0.55
protocols.relax.FastRelax: CMD: endrepeat  -1148.48  3.50396  3.50396  0.55
protocols.relax.FastRelax: CMD: coord_cst_weight  82560  3.50396  3.50396  0.55
protocols.relax.FastRelax: CMD: scale:fa_rep  82226.1  3.50396  3.50396  0.022
core.pack.task: Packer task: initialize from command line() 
core.pack.pack_rotamers: built 7756 rotamers at 492 positions.
core.pack.interaction_graph.interaction_graph_factory: Instantiating DensePDInteractionGraph
protocols.relax.FastRelax: CMD: repack  82215.2  3.50396  3.50396  0.022
protocols.relax.FastRelax: CMD: scale:fa_rep  82221.2  3.50396  3.50396  0.02805
core.optimization.Minimizer: [ WARNING ] LBFGS MAX CYCLES 2000 EXCEEDED, BUT FUNC NOT CONVERGED!
protocols.relax.FastRelax: CMD: min  -1252.28  0.18693  0.18693  0.02805
protocols.relax.FastRelax: CMD: coord_cst_weight  -1332.58  0.18693  0.18693  0.02805
protocols.relax.FastRelax: CMD: scale:fa_rep  -1027.25  0.18693  0.18693  0.14575
core.pack.task: Packer task: initialize from command line() 
core.pack.pack_rotamers: built 7348 rotamers at 492 positions.
core.pack.interaction_graph.interaction_graph_factory: Instantiating DensePDInteractionGraph
protocols.relax.FastRelax: CMD: repack  -1064.28  0.18693  0.18693  0.14575
protocols.relax.FastRelax: CMD: scale:fa_rep  -1045.46  0.18693  0.18693  0.154
protocols.relax.FastRelax: CMD: min  -1192.82  0.226248  0.226248  0.154
protocols.relax.FastRelax: CMD: coord_cst_weight  -1309.12  0.226248  0.226248  0.154
protocols.relax.FastRelax: CMD: scale:fa_rep  -1134.57  0.226248  0.226248  0.30745
core.pack.task: Packer task: initialize from command line() 
core.pack.pack_rotamers: built 7134 rotamers at 492 positions.
core.pack.interaction_graph.interaction_graph_factory: Instantiating DensePDInteractionGraph
protocols.relax.FastRelax: CMD: repack  -1134.58  0.226248  0.226248  0.30745
protocols.relax.FastRelax: CMD: scale:fa_rep  -1121  0.226248  0.226248  0.31955
protocols.relax.FastRelax: CMD: min  -1302.76  3.30484  3.30484  0.31955
protocols.relax.FastRelax: CMD: coord_cst_weight  -1302.76  3.30484  3.30484  0.31955
protocols.relax.FastRelax: CMD: scale:fa_rep  -1096.82  3.30484  3.30484  0.55
core.pack.task: Packer task: initialize from command line() 
core.pack.pack_rotamers: built 6993 rotamers at 492 positions.
core.pack.interaction_graph.interaction_graph_factory: Instantiating DensePDInteractionGraph
protocols.relax.FastRelax: CMD: repack  -1100.13  3.30484  3.30484  0.55
protocols.relax.FastRelax: CMD: min  -1148.8  3.59427  3.59427  0.55
protocols.relax.FastRelax: MRP: 6  -1148.8  -1156.04  3.42707  3.42707  
protocols.relax.FastRelax: CMD: accept_to_best  -1148.8  3.59427  3.59427  0.55
protocols.relax.FastRelax: CMD: endrepeat  -1148.8  3.59427  3.59427  0.55
protocols.relax.FastRelax: CMD: coord_cst_weight  94986.2  3.59427  3.59427  0.55
protocols.relax.FastRelax: CMD: scale:fa_rep  94656.5  3.59427  3.59427  0.022
core.pack.task: Packer task: initialize from command line() 
core.pack.pack_rotamers: built 7784 rotamers at 492 positions.
core.pack.interaction_graph.interaction_graph_factory: Instantiating DensePDInteractionGraph
protocols.relax.FastRelax: CMD: repack  94643.2  3.59427  3.59427  0.022
protocols.relax.FastRelax: CMD: scale:fa_rep  94651.4  3.59427  3.59427  0.02805
core.optimization.Minimizer: [ WARNING ] LBFGS MAX CYCLES 2000 EXCEEDED, BUT FUNC NOT CONVERGED!
protocols.relax.FastRelax: CMD: min  -1249.52  0.185034  0.185034  0.02805
protocols.relax.FastRelax: CMD: coord_cst_weight  -1327.65  0.185034  0.185034  0.02805
protocols.relax.FastRelax: CMD: scale:fa_rep  -1010.73  0.185034  0.185034  0.14575
core.pack.task: Packer task: initialize from command line() 
core.pack.pack_rotamers: built 7371 rotamers at 492 positions.
core.pack.interaction_graph.interaction_graph_factory: Instantiating DensePDInteractionGraph
protocols.relax.FastRelax: CMD: repack  -1065.21  0.185034  0.185034  0.14575
protocols.relax.FastRelax: CMD: scale:fa_rep  -1046.86  0.185034  0.185034  0.154
protocols.relax.FastRelax: CMD: min  -1194.49  0.226538  0.226538  0.154
protocols.relax.FastRelax: CMD: coord_cst_weight  -1311.07  0.226538  0.226538  0.154
protocols.relax.FastRelax: CMD: scale:fa_rep  -1138.88  0.226538  0.226538  0.30745
core.pack.task: Packer task: initialize from command line() 
core.pack.pack_rotamers: built 7152 rotamers at 492 positions.
core.pack.interaction_graph.interaction_graph_factory: Instantiating DensePDInteractionGraph
protocols.relax.FastRelax: CMD: repack  -1139.46  0.226538  0.226538  0.30745
protocols.relax.FastRelax: CMD: scale:fa_rep  -1126.01  0.226538  0.226538  0.31955
protocols.relax.FastRelax: CMD: min  -1306.27  3.48523  3.48523  0.31955
protocols.relax.FastRelax: CMD: coord_cst_weight  -1306.27  3.48523  3.48523  0.31955
protocols.relax.FastRelax: CMD: scale:fa_rep  -1100.02  3.48523  3.48523  0.55
core.pack.task: Packer task: initialize from command line() 
core.pack.pack_rotamers: built 6954 rotamers at 492 positions.
core.pack.interaction_graph.interaction_graph_factory: Instantiating DensePDInteractionGraph
protocols.relax.FastRelax: CMD: repack  -1102.68  3.48523  3.48523  0.55
protocols.relax.FastRelax: CMD: min  -1149.63  3.76177  3.76177  0.55
protocols.relax.FastRelax: MRP: 7  -1149.63  -1156.04  3.42707  3.42707  
protocols.relax.FastRelax: CMD: accept_to_best  -1149.63  3.76177  3.76177  0.55
protocols.relax.FastRelax: CMD: endrepeat  -1149.63  3.76177  3.76177  0.55
protocols.relax.FastRelax: CMD: coord_cst_weight  102453  3.76177  3.76177  0.55
protocols.relax.FastRelax: CMD: scale:fa_rep  102121  3.76177  3.76177  0.022
core.pack.task: Packer task: initialize from command line() 
core.pack.pack_rotamers: built 7756 rotamers at 492 positions.
core.pack.interaction_graph.interaction_graph_factory: Instantiating DensePDInteractionGraph
protocols.relax.FastRelax: CMD: repack  102107  3.76177  3.76177  0.022
protocols.relax.FastRelax: CMD: scale:fa_rep  102112  3.76177  3.76177  0.02805
core.optimization.Minimizer: [ WARNING ] LBFGS MAX CYCLES 2000 EXCEEDED, BUT FUNC NOT CONVERGED!
protocols.relax.FastRelax: CMD: min  -1267.44  0.183159  0.183159  0.02805
protocols.relax.FastRelax: CMD: coord_cst_weight  -1344.93  0.183159  0.183159  0.02805
protocols.relax.FastRelax: CMD: scale:fa_rep  -1054.04  0.183159  0.183159  0.14575
core.pack.task: Packer task: initialize from command line() 
core.pack.pack_rotamers: built 7377 rotamers at 492 positions.
core.pack.interaction_graph.interaction_graph_factory: Instantiating DensePDInteractionGraph
protocols.relax.FastRelax: CMD: repack  -1073.9  0.183159  0.183159  0.14575
protocols.relax.FastRelax: CMD: scale:fa_rep  -1055.33  0.183159  0.183159  0.154
protocols.relax.FastRelax: CMD: min  -1193.12  0.226676  0.226676  0.154
protocols.relax.FastRelax: CMD: coord_cst_weight  -1310.09  0.226676  0.226676  0.154
protocols.relax.FastRelax: CMD: scale:fa_rep  -1136.46  0.226676  0.226676  0.30745
core.pack.task: Packer task: initialize from command line() 
core.pack.pack_rotamers: built 7121 rotamers at 492 positions.
core.pack.interaction_graph.interaction_graph_factory: Instantiating DensePDInteractionGraph
protocols.relax.FastRelax: CMD: repack  -1137.22  0.226676  0.226676  0.30745
protocols.relax.FastRelax: CMD: scale:fa_rep  -1123.61  0.226676  0.226676  0.31955
protocols.relax.FastRelax: CMD: min  -1283.71  3.47876  3.47876  0.31955
protocols.relax.FastRelax: CMD: coord_cst_weight  -1283.71  3.47876  3.47876  0.31955
protocols.relax.FastRelax: CMD: scale:fa_rep  -1063.22  3.47876  3.47876  0.55
core.pack.task: Packer task: initialize from command line() 
core.pack.pack_rotamers: built 6950 rotamers at 492 positions.
core.pack.interaction_graph.interaction_graph_factory: Instantiating DensePDInteractionGraph
protocols.relax.FastRelax: CMD: repack  -1091.42  3.47876  3.47876  0.55
protocols.relax.FastRelax: CMD: min  -1150.28  3.50606  3.50606  0.55
protocols.relax.FastRelax: MRP: 8  -1150.28  -1156.04  3.42707  3.42707  
protocols.relax.FastRelax: CMD: accept_to_best  -1150.28  3.50606  3.50606  0.55
protocols.relax.FastRelax: CMD: endrepeat  -1150.28  3.50606  3.50606  0.55
protocols.relax.FastRelax: CMD: coord_cst_weight  88129.4  3.50606  3.50606  0.55
protocols.relax.FastRelax: CMD: scale:fa_rep  87796.8  3.50606  3.50606  0.022
core.pack.task: Packer task: initialize from command line() 
core.pack.pack_rotamers: built 7749 rotamers at 492 positions.
core.pack.interaction_graph.interaction_graph_factory: Instantiating DensePDInteractionGraph
protocols.relax.FastRelax: CMD: repack  87795.6  3.50606  3.50606  0.022
protocols.relax.FastRelax: CMD: scale:fa_rep  87802.7  3.50606  3.50606  0.02805
core.optimization.Minimizer: [ WARNING ] LBFGS MAX CYCLES 2000 EXCEEDED, BUT FUNC NOT CONVERGED!
protocols.relax.FastRelax: CMD: min  -1260.81  0.182079  0.182079  0.02805
protocols.relax.FastRelax: CMD: coord_cst_weight  -1336.63  0.182079  0.182079  0.02805
protocols.relax.FastRelax: CMD: scale:fa_rep  -1033.35  0.182079  0.182079  0.14575
core.pack.task: Packer task: initialize from command line() 
core.pack.pack_rotamers: built 7336 rotamers at 492 positions.
core.pack.interaction_graph.interaction_graph_factory: Instantiating DensePDInteractionGraph
protocols.relax.FastRelax: CMD: repack  -1073.85  0.182079  0.182079  0.14575
protocols.relax.FastRelax: CMD: scale:fa_rep  -1055.01  0.182079  0.182079  0.154
protocols.relax.FastRelax: CMD: min  -1198.84  0.22755  0.22755  0.154
protocols.relax.FastRelax: CMD: coord_cst_weight  -1316.1  0.22755  0.22755  0.154
protocols.relax.FastRelax: CMD: scale:fa_rep  -1141.93  0.22755  0.22755  0.30745
core.pack.task: Packer task: initialize from command line() 
core.pack.pack_rotamers: built 7147 rotamers at 492 positions.
core.pack.interaction_graph.interaction_graph_factory: Instantiating DensePDInteractionGraph
protocols.relax.FastRelax: CMD: repack  -1142.44  0.22755  0.22755  0.30745
protocols.relax.FastRelax: CMD: scale:fa_rep  -1128.82  0.22755  0.22755  0.31955
protocols.relax.FastRelax: CMD: min  -947.14  3.85306  3.85306  0.31955
protocols.relax.FastRelax: CMD: coord_cst_weight  -947.14  3.85306  3.85306  0.31955
protocols.relax.FastRelax: CMD: scale:fa_rep  -473.647  3.85306  3.85306  0.55
core.pack.task: Packer task: initialize from command line() 
core.pack.pack_rotamers: built 6865 rotamers at 492 positions.
core.pack.interaction_graph.interaction_graph_factory: Instantiating DensePDInteractionGraph
protocols.relax.FastRelax: CMD: repack  -921.984  3.85306  3.85306  0.55
protocols.relax.FastRelax: CMD: min  -1156.85  3.93729  3.93729  0.55
protocols.relax.FastRelax: MRP: 9  -1156.85  -1156.85  3.93729  3.93729  
protocols.relax.FastRelax: CMD: accept_to_best  -1156.85  3.93729  3.93729  0.55
protocols.relax.FastRelax: CMD: endrepeat  -1156.85  3.93729  3.93729  0.55
protocols.relax.FastRelax: CMD: coord_cst_weight  105776  3.93729  3.93729  0.55
protocols.relax.FastRelax: CMD: scale:fa_rep  105443  3.93729  3.93729  0.022
core.pack.task: Packer task: initialize from command line() 
core.pack.pack_rotamers: built 7664 rotamers at 492 positions.
core.pack.interaction_graph.interaction_graph_factory: Instantiating DensePDInteractionGraph
protocols.relax.FastRelax: CMD: repack  105430  3.93729  3.93729  0.022
protocols.relax.FastRelax: CMD: scale:fa_rep  105435  3.93729  3.93729  0.02805
core.optimization.Minimizer: [ WARNING ] LBFGS MAX CYCLES 2000 EXCEEDED, BUT FUNC NOT CONVERGED!
protocols.relax.FastRelax: CMD: min  -1254.23  0.188057  0.188057  0.02805
protocols.relax.FastRelax: CMD: coord_cst_weight  -1335.37  0.188057  0.188057  0.02805
protocols.relax.FastRelax: CMD: scale:fa_rep  -1044.97  0.188057  0.188057  0.14575
core.pack.task: Packer task: initialize from command line() 
core.pack.pack_rotamers: built 7315 rotamers at 492 positions.
core.pack.interaction_graph.interaction_graph_factory: Instantiating DensePDInteractionGraph
protocols.relax.FastRelax: CMD: repack  -1069.91  0.188057  0.188057  0.14575
protocols.relax.FastRelax: CMD: scale:fa_rep  -1051.71  0.188057  0.188057  0.154
protocols.relax.FastRelax: CMD: min  -1196.59  0.227369  0.227369  0.154
protocols.relax.FastRelax: CMD: coord_cst_weight  -1314.53  0.227369  0.227369  0.154
protocols.relax.FastRelax: CMD: scale:fa_rep  -1139.77  0.227369  0.227369  0.30745
core.pack.task: Packer task: initialize from command line() 
core.pack.pack_rotamers: built 7127 rotamers at 492 positions.
core.pack.interaction_graph.interaction_graph_factory: Instantiating DensePDInteractionGraph
protocols.relax.FastRelax: CMD: repack  -1140.42  0.227369  0.227369  0.30745
protocols.relax.FastRelax: CMD: scale:fa_rep  -1126.76  0.227369  0.227369  0.31955
protocols.relax.FastRelax: CMD: min  -1308.23  3.16459  3.16459  0.31955
protocols.relax.FastRelax: CMD: coord_cst_weight  -1308.23  3.16459  3.16459  0.31955
protocols.relax.FastRelax: CMD: scale:fa_rep  -1103.33  3.16459  3.16459  0.55
core.pack.task: Packer task: initialize from command line() 
core.pack.pack_rotamers: built 6984 rotamers at 492 positions.
core.pack.interaction_graph.interaction_graph_factory: Instantiating DensePDInteractionGraph
protocols.relax.FastRelax: CMD: repack  -1103.12  3.16459  3.16459  0.55
protocols.relax.FastRelax: CMD: min  -1153.94  3.743  3.743  0.55
protocols.relax.FastRelax: MRP: 10  -1153.94  -1156.85  3.93729  3.93729  
protocols.relax.FastRelax: CMD: accept_to_best  -1153.94  3.743  3.743  0.55
protocols.relax.FastRelax: CMD: endrepeat  -1153.94  3.743  3.743  0.55
protocols.relax.FastRelax: CMD: coord_cst_weight  94377.6  3.743  3.743  0.55
protocols.relax.FastRelax: CMD: scale:fa_rep  94047.3  3.743  3.743  0.022
core.pack.task: Packer task: initialize from command line() 
core.pack.pack_rotamers: built 7732 rotamers at 492 positions.
core.pack.interaction_graph.interaction_graph_factory: Instantiating DensePDInteractionGraph
protocols.relax.FastRelax: CMD: repack  94023.3  3.743  3.743  0.022
protocols.relax.FastRelax: CMD: scale:fa_rep  94028.8  3.743  3.743  0.02805
core.optimization.Minimizer: [ WARNING ] LBFGS MAX CYCLES 2000 EXCEEDED, BUT FUNC NOT CONVERGED!
protocols.relax.FastRelax: CMD: min  -1263.44  0.186591  0.186591  0.02805
protocols.relax.FastRelax: CMD: coord_cst_weight  -1343.14  0.186591  0.186591  0.02805
protocols.relax.FastRelax: CMD: scale:fa_rep  -1048.17  0.186591  0.186591  0.14575
core.pack.task: Packer task: initialize from command line() 
core.pack.pack_rotamers: built 7331 rotamers at 492 positions.
core.pack.interaction_graph.interaction_graph_factory: Instantiating DensePDInteractionGraph
protocols.relax.FastRelax: CMD: repack  -1080.62  0.186591  0.186591  0.14575
protocols.relax.FastRelax: CMD: scale:fa_rep  -1062.47  0.186591  0.186591  0.154
protocols.relax.FastRelax: CMD: min  -1198.59  0.228629  0.228629  0.154
protocols.relax.FastRelax: CMD: coord_cst_weight  -1317.82  0.228629  0.228629  0.154
protocols.relax.FastRelax: CMD: scale:fa_rep  -1143.67  0.228629  0.228629  0.30745
core.pack.task: Packer task: initialize from command line() 
core.pack.pack_rotamers: built 7122 rotamers at 492 positions.
core.pack.interaction_graph.interaction_graph_factory: Instantiating DensePDInteractionGraph
protocols.relax.FastRelax: CMD: repack  -1143.77  0.228629  0.228629  0.30745
protocols.relax.FastRelax: CMD: scale:fa_rep  -1130.13  0.228629  0.228629  0.31955
protocols.relax.FastRelax: CMD: min  -1295.58  3.19984  3.19984  0.31955
protocols.relax.FastRelax: CMD: coord_cst_weight  -1295.58  3.19984  3.19984  0.31955
protocols.relax.FastRelax: CMD: scale:fa_rep  -1077.55  3.19984  3.19984  0.55
core.pack.task: Packer task: initialize from command line() 
core.pack.pack_rotamers: built 7019 rotamers at 492 positions.
core.pack.interaction_graph.interaction_graph_factory: Instantiating DensePDInteractionGraph
protocols.relax.FastRelax: CMD: repack  -1103.65  3.19984  3.19984  0.55
protocols.relax.FastRelax: CMD: min  -1157.41  3.21148  3.21148  0.55
protocols.relax.FastRelax: MRP: 11  -1157.41  -1157.41  3.21148  3.21148  
protocols.relax.FastRelax: CMD: accept_to_best  -1157.41  3.21148  3.21148  0.55
protocols.relax.FastRelax: CMD: endrepeat  -1157.41  3.21148  3.21148  0.55
protocols.relax.FastRelax: CMD: coord_cst_weight  74276.1  3.21148  3.21148  0.55
protocols.relax.FastRelax: CMD: scale:fa_rep  73944.9  3.21148  3.21148  0.022
core.pack.task: Packer task: initialize from command line() 
core.pack.pack_rotamers: built 7747 rotamers at 492 positions.
core.pack.interaction_graph.interaction_graph_factory: Instantiating DensePDInteractionGraph
protocols.relax.FastRelax: CMD: repack  73930.9  3.21148  3.21148  0.022
protocols.relax.FastRelax: CMD: scale:fa_rep  73938.1  3.21148  3.21148  0.02805
core.optimization.Minimizer: [ WARNING ] LBFGS MAX CYCLES 2000 EXCEEDED, BUT FUNC NOT CONVERGED!
protocols.relax.FastRelax: CMD: min  -1252.51  0.190905  0.190905  0.02805
protocols.relax.FastRelax: CMD: coord_cst_weight  -1332.79  0.190905  0.190905  0.02805
protocols.relax.FastRelax: CMD: scale:fa_rep  -1024.8  0.190905  0.190905  0.14575
core.pack.task: Packer task: initialize from command line() 
core.pack.pack_rotamers: built 7366 rotamers at 492 positions.
core.pack.interaction_graph.interaction_graph_factory: Instantiating DensePDInteractionGraph
protocols.relax.FastRelax: CMD: repack  -1073.04  0.190905  0.190905  0.14575
protocols.relax.FastRelax: CMD: scale:fa_rep  -1054.26  0.190905  0.190905  0.154
protocols.relax.FastRelax: CMD: min  -1199.86  0.227301  0.227301  0.154
protocols.relax.FastRelax: CMD: coord_cst_weight  -1317.12  0.227301  0.227301  0.154
protocols.relax.FastRelax: CMD: scale:fa_rep  -1138.4  0.227301  0.227301  0.30745
core.pack.task: Packer task: initialize from command line() 
core.pack.pack_rotamers: built 7129 rotamers at 492 positions.
core.pack.interaction_graph.interaction_graph_factory: Instantiating DensePDInteractionGraph
protocols.relax.FastRelax: CMD: repack  -1140.34  0.227301  0.227301  0.30745
protocols.relax.FastRelax: CMD: scale:fa_rep  -1126.5  0.227301  0.227301  0.31955
protocols.relax.FastRelax: CMD: min  -1308.17  3.15913  3.15913  0.31955
protocols.relax.FastRelax: CMD: coord_cst_weight  -1308.17  3.15913  3.15913  0.31955
protocols.relax.FastRelax: CMD: scale:fa_rep  -1100.81  3.15913  3.15913  0.55
core.pack.task: Packer task: initialize from command line() 
core.pack.pack_rotamers: built 7000 rotamers at 492 positions.
core.pack.interaction_graph.interaction_graph_factory: Instantiating DensePDInteractionGraph
protocols.relax.FastRelax: CMD: repack  -1103.04  3.15913  3.15913  0.55
protocols.relax.FastRelax: CMD: min  -1153.27  2.95349  2.95349  0.55
protocols.relax.FastRelax: MRP: 12  -1153.27  -1157.41  3.21148  3.21148  
protocols.relax.FastRelax: CMD: accept_to_best  -1153.27  2.95349  2.95349  0.55
protocols.relax.FastRelax: CMD: endrepeat  -1153.27  2.95349  2.95349  0.55
protocols.relax.FastRelax: CMD: coord_cst_weight  78482.1  2.95349  2.95349  0.55
protocols.relax.FastRelax: CMD: scale:fa_rep  78151.6  2.95349  2.95349  0.022
core.pack.task: Packer task: initialize from command line() 
core.pack.pack_rotamers: built 7777 rotamers at 492 positions.
core.pack.interaction_graph.interaction_graph_factory: Instantiating DensePDInteractionGraph
protocols.relax.FastRelax: CMD: repack  78157.1  2.95349  2.95349  0.022
protocols.relax.FastRelax: CMD: scale:fa_rep  78166.6  2.95349  2.95349  0.02805
core.optimization.Minimizer: [ WARNING ] LBFGS MAX CYCLES 2000 EXCEEDED, BUT FUNC NOT CONVERGED!
protocols.relax.FastRelax: CMD: min  -1248.7  0.188908  0.188908  0.02805
protocols.relax.FastRelax: CMD: coord_cst_weight  -1328.43  0.188908  0.188908  0.02805
protocols.relax.FastRelax: CMD: scale:fa_rep  -1002.13  0.188908  0.188908  0.14575
core.pack.task: Packer task: initialize from command line() 
core.pack.pack_rotamers: built 7362 rotamers at 492 positions.
core.pack.interaction_graph.interaction_graph_factory: Instantiating DensePDInteractionGraph
protocols.relax.FastRelax: CMD: repack  -1062.41  0.188908  0.188908  0.14575
protocols.relax.FastRelax: CMD: scale:fa_rep  -1043.12  0.188908  0.188908  0.154
protocols.relax.FastRelax: CMD: min  -1203.85  0.228077  0.228077  0.154
protocols.relax.FastRelax: CMD: coord_cst_weight  -1320.84  0.228077  0.228077  0.154
protocols.relax.FastRelax: CMD: scale:fa_rep  -1140.06  0.228077  0.228077  0.30745
core.pack.task: Packer task: initialize from command line() 
core.pack.pack_rotamers: built 7114 rotamers at 492 positions.
core.pack.interaction_graph.interaction_graph_factory: Instantiating DensePDInteractionGraph
protocols.relax.FastRelax: CMD: repack  -1142.05  0.228077  0.228077  0.30745
protocols.relax.FastRelax: CMD: scale:fa_rep  -1128.14  0.228077  0.228077  0.31955
protocols.relax.FastRelax: CMD: min  -1311.15  3.09655  3.09655  0.31955
protocols.relax.FastRelax: CMD: coord_cst_weight  -1311.15  3.09655  3.09655  0.31955
protocols.relax.FastRelax: CMD: scale:fa_rep  -1104.34  3.09655  3.09655  0.55
core.pack.task: Packer task: initialize from command line() 
core.pack.pack_rotamers: built 6960 rotamers at 492 positions.
core.pack.interaction_graph.interaction_graph_factory: Instantiating DensePDInteractionGraph
protocols.relax.FastRelax: CMD: repack  -1102.84  3.09655  3.09655  0.55
protocols.relax.FastRelax: CMD: min  -1159.09  3.14599  3.14599  0.55
protocols.relax.FastRelax: MRP: 13  -1159.09  -1159.09  3.14599  3.14599  
protocols.relax.FastRelax: CMD: accept_to_best  -1159.09  3.14599  3.14599  0.55
protocols.relax.FastRelax: CMD: endrepeat  -1159.09  3.14599  3.14599  0.55
protocols.relax.FastRelax: CMD: coord_cst_weight  96145.3  3.14599  3.14599  0.55
protocols.relax.FastRelax: CMD: scale:fa_rep  95816.2  3.14599  3.14599  0.022
core.pack.task: Packer task: initialize from command line() 
core.pack.pack_rotamers: built 7714 rotamers at 492 positions.
core.pack.interaction_graph.interaction_graph_factory: Instantiating DensePDInteractionGraph
protocols.relax.FastRelax: CMD: repack  95803.5  3.14599  3.14599  0.022
protocols.relax.FastRelax: CMD: scale:fa_rep  95809.7  3.14599  3.14599  0.02805
core.optimization.Minimizer: [ WARNING ] LBFGS MAX CYCLES 2000 EXCEEDED, BUT FUNC NOT CONVERGED!
protocols.relax.FastRelax: CMD: min  -1264.57  0.184572  0.184572  0.02805
protocols.relax.FastRelax: CMD: coord_cst_weight  -1342.72  0.184572  0.184572  0.02805
protocols.relax.FastRelax: CMD: scale:fa_rep  -1033.86  0.184572  0.184572  0.14575
core.pack.task: Packer task: initialize from command line() 
core.pack.pack_rotamers: built 7342 rotamers at 492 positions.
core.pack.interaction_graph.interaction_graph_factory: Instantiating DensePDInteractionGraph
protocols.relax.FastRelax: CMD: repack  -1045.16  0.184572  0.184572  0.14575
protocols.relax.FastRelax: CMD: scale:fa_rep  -1025.1  0.184572  0.184572  0.154
protocols.relax.FastRelax: CMD: min  -1194.8  0.230092  0.230092  0.154
protocols.relax.FastRelax: CMD: coord_cst_weight  -1314.59  0.230092  0.230092  0.154
protocols.relax.FastRelax: CMD: scale:fa_rep  -1135.97  0.230092  0.230092  0.30745
core.pack.task: Packer task: initialize from command line() 
core.pack.pack_rotamers: built 7149 rotamers at 492 positions.
core.pack.interaction_graph.interaction_graph_factory: Instantiating DensePDInteractionGraph
protocols.relax.FastRelax: CMD: repack  -1137.02  0.230092  0.230092  0.30745
protocols.relax.FastRelax: CMD: scale:fa_rep  -1123.09  0.230092  0.230092  0.31955
protocols.relax.FastRelax: CMD: min  -1308.58  3.42888  3.42888  0.31955
protocols.relax.FastRelax: CMD: coord_cst_weight  -1308.58  3.42888  3.42888  0.31955
protocols.relax.FastRelax: CMD: scale:fa_rep  -1097.27  3.42888  3.42888  0.55
core.pack.task: Packer task: initialize from command line() 
core.pack.pack_rotamers: built 6961 rotamers at 492 positions.
core.pack.interaction_graph.interaction_graph_factory: Instantiating DensePDInteractionGraph
protocols.relax.FastRelax: CMD: repack  -1107.59  3.42888  3.42888  0.55
protocols.relax.FastRelax: CMD: min  -1172.86  3.42383  3.42383  0.55
protocols.relax.FastRelax: MRP: 14  -1172.86  -1172.86  3.42383  3.42383  
protocols.relax.FastRelax: CMD: accept_to_best  -1172.86  3.42383  3.42383  0.55
protocols.relax.FastRelax: CMD: endrepeat  -1172.86  3.42383  3.42383  0.55
protocols::checkpoint: Deleting checkpoints of FastRelax
protocols.jd2.JobDistributor: target.BL00010001_6_0005 reported success in 14227 seconds
protocols.jd2.PDBJobInputter: PDBJobInputter::pose_from_job
protocols.jd2.PDBJobInputter: filling pose from PDB ../1-modeller/target.BL00010001.pdb
core.import_pose.import_pose: File '../1-modeller/target.BL00010001.pdb' automatically determined to be of type PDB from contents.
core.io.rcsb.ExperimentalTechnique: [ ERROR ] Unrecognized experimental technique string 'THEORETICAL MODEL, MODELLER 10.8 2026/08/10 16:18:02'
protocols.relax.FastRelax: CMD: repeat  4476.34  0  0  0.55
protocols.relax.FastRelax: CMD: coord_cst_weight  4476.34  0  0  0.55
protocols.relax.FastRelax: CMD: scale:fa_rep  806.987  0  0  0.022
core.pack.task: Packer task: initialize from command line() 
core.pack.pack_rotamers: built 8129 rotamers at 492 positions.
core.pack.interaction_graph.interaction_graph_factory: Instantiating DensePDInteractionGraph
protocols.relax.FastRelax: CMD: repack  -877.435  0  0  0.022
protocols.relax.FastRelax: CMD: scale:fa_rep  -839.052  0  0  0.02805
core.optimization.Minimizer: [ WARNING ] LBFGS MAX CYCLES 2000 EXCEEDED, BUT FUNC NOT CONVERGED!
protocols.relax.FastRelax: CMD: min  -1288.87  0.151138  0.151138  0.02805
protocols.relax.FastRelax: CMD: coord_cst_weight  -1336.81  0.151138  0.151138  0.02805
protocols.relax.FastRelax: CMD: scale:fa_rep  -959.647  0.151138  0.151138  0.14575
core.pack.task: Packer task: initialize from command line() 
core.pack.pack_rotamers: built 7427 rotamers at 492 positions.
core.pack.interaction_graph.interaction_graph_factory: Instantiating DensePDInteractionGraph
protocols.relax.FastRelax: CMD: repack  -998.536  0.151138  0.151138  0.14575
protocols.relax.FastRelax: CMD: scale:fa_rep  -977.056  0.151138  0.151138  0.154
protocols.relax.FastRelax: CMD: min  -1156.05  0.204783  0.204783  0.154
protocols.relax.FastRelax: CMD: coord_cst_weight  -1246.58  0.204783  0.204783  0.154
protocols.relax.FastRelax: CMD: scale:fa_rep  -1058.3  0.204783  0.204783  0.30745
core.pack.task: Packer task: initialize from command line() 
core.pack.pack_rotamers: built 7196 rotamers at 492 positions.
core.pack.interaction_graph.interaction_graph_factory: Instantiating DensePDInteractionGraph
protocols.relax.FastRelax: CMD: repack  -1060.31  0.204783  0.204783  0.30745
protocols.relax.FastRelax: CMD: scale:fa_rep  -1045.77  0.204783  0.204783  0.31955
protocols.relax.FastRelax: CMD: min  -1235.75  2.78654  2.78654  0.31955
protocols.relax.FastRelax: CMD: coord_cst_weight  -1235.75  2.78654  2.78654  0.31955
protocols.relax.FastRelax: CMD: scale:fa_rep  -1029.29  2.78654  2.78654  0.55
core.pack.task: Packer task: initialize from command line() 
core.pack.pack_rotamers: built 7101 rotamers at 492 positions.
core.pack.interaction_graph.interaction_graph_factory: Instantiating DensePDInteractionGraph
protocols.relax.FastRelax: CMD: repack  -1033.83  2.78654  2.78654  0.55
protocols.relax.FastRelax: CMD: min  -1096.05  3.31134  3.31134  0.55
protocols.relax.FastRelax: MRP: 0  -1096.05  -1096.05  3.31134  3.31134  
protocols.relax.FastRelax: CMD: accept_to_best  -1096.05  3.31134  3.31134  0.55
protocols.relax.FastRelax: CMD: endrepeat  -1096.05  3.31134  3.31134  0.55
protocols.relax.FastRelax: CMD: coord_cst_weight  88628.2  3.31134  3.31134  0.55
protocols.relax.FastRelax: CMD: scale:fa_rep  88295.3  3.31134  3.31134  0.022
core.pack.task: Packer task: initialize from command line() 
core.pack.pack_rotamers: built 7864 rotamers at 492 positions.
core.pack.interaction_graph.interaction_graph_factory: Instantiating DensePDInteractionGraph
protocols.relax.FastRelax: CMD: repack  88290.2  3.31134  3.31134  0.022
protocols.relax.FastRelax: CMD: scale:fa_rep  88307.2  3.31134  3.31134  0.02805
core.optimization.Minimizer: [ WARNING ] LBFGS MAX CYCLES 2000 EXCEEDED, BUT FUNC NOT CONVERGED!
protocols.relax.FastRelax: CMD: min  -1224.49  0.188636  0.188636  0.02805
protocols.relax.FastRelax: CMD: coord_cst_weight  -1296.81  0.188636  0.188636  0.02805
protocols.relax.FastRelax: CMD: scale:fa_rep  -906.05  0.188636  0.188636  0.14575
core.pack.task: Packer task: initialize from command line() 
core.pack.pack_rotamers: built 7391 rotamers at 492 positions.
core.pack.interaction_graph.interaction_graph_factory: Instantiating DensePDInteractionGraph
protocols.relax.FastRelax: CMD: repack  -1000.85  0.188636  0.188636  0.14575
protocols.relax.FastRelax: CMD: scale:fa_rep  -979.89  0.188636  0.188636  0.154
protocols.relax.FastRelax: CMD: min  -1173.21  0.214958  0.214958  0.154
protocols.relax.FastRelax: CMD: coord_cst_weight  -1272.98  0.214958  0.214958  0.154
protocols.relax.FastRelax: CMD: scale:fa_rep  -1087.77  0.214958  0.214958  0.30745
core.pack.task: Packer task: initialize from command line() 
core.pack.pack_rotamers: built 7224 rotamers at 492 positions.
core.pack.interaction_graph.interaction_graph_factory: Instantiating DensePDInteractionGraph
protocols.relax.FastRelax: CMD: repack  -1089.92  0.214958  0.214958  0.30745
protocols.relax.FastRelax: CMD: scale:fa_rep  -1075.58  0.214958  0.214958  0.31955
protocols.relax.FastRelax: CMD: min  -1263.24  2.68384  2.68384  0.31955
protocols.relax.FastRelax: CMD: coord_cst_weight  -1263.24  2.68384  2.68384  0.31955
protocols.relax.FastRelax: CMD: scale:fa_rep  -1057.59  2.68384  2.68384  0.55
core.pack.task: Packer task: initialize from command line() 
core.pack.pack_rotamers: built 7071 rotamers at 492 positions.
core.pack.interaction_graph.interaction_graph_factory: Instantiating DensePDInteractionGraph
protocols.relax.FastRelax: CMD: repack  -1060.31  2.68384  2.68384  0.55
protocols.relax.FastRelax: CMD: min  -1118.16  3.05039  3.05039  0.55
protocols.relax.FastRelax: MRP: 1  -1118.16  -1118.16  3.05039  3.05039  
protocols.relax.FastRelax: CMD: accept_to_best  -1118.16  3.05039  3.05039  0.55
protocols.relax.FastRelax: CMD: endrepeat  -1118.16  3.05039  3.05039  0.55
protocols.relax.FastRelax: CMD: coord_cst_weight  90656  3.05039  3.05039  0.55
protocols.relax.FastRelax: CMD: scale:fa_rep  90329.3  3.05039  3.05039  0.022
core.pack.task: Packer task: initialize from command line() 
core.pack.pack_rotamers: built 7844 rotamers at 492 positions.
core.pack.interaction_graph.interaction_graph_factory: Instantiating DensePDInteractionGraph
protocols.relax.FastRelax: CMD: repack  90310.6  3.05039  3.05039  0.022
protocols.relax.FastRelax: CMD: scale:fa_rep  90321.7  3.05039  3.05039  0.02805
core.optimization.Minimizer: [ WARNING ] LBFGS MAX CYCLES 2000 EXCEEDED, BUT FUNC NOT CONVERGED!
protocols.relax.FastRelax: CMD: min  -1232.17  0.183025  0.183025  0.02805
protocols.relax.FastRelax: CMD: coord_cst_weight  -1303.15  0.183025  0.183025  0.02805
protocols.relax.FastRelax: CMD: scale:fa_rep  -936.947  0.183025  0.183025  0.14575
core.pack.task: Packer task: initialize from command line() 
core.pack.pack_rotamers: built 7350 rotamers at 492 positions.
core.pack.interaction_graph.interaction_graph_factory: Instantiating DensePDInteractionGraph
protocols.relax.FastRelax: CMD: repack  -1031.61  0.183025  0.183025  0.14575
protocols.relax.FastRelax: CMD: scale:fa_rep  -1011.85  0.183025  0.183025  0.154
protocols.relax.FastRelax: CMD: min  -1172.11  0.218016  0.218016  0.154
protocols.relax.FastRelax: CMD: coord_cst_weight  -1276.79  0.218016  0.218016  0.154
protocols.relax.FastRelax: CMD: scale:fa_rep  -1090.75  0.218016  0.218016  0.30745
core.pack.task: Packer task: initialize from command line() 
core.pack.pack_rotamers: built 7206 rotamers at 492 positions.
core.pack.interaction_graph.interaction_graph_factory: Instantiating DensePDInteractionGraph
protocols.relax.FastRelax: CMD: repack  -1092.7  0.218016  0.218016  0.30745
protocols.relax.FastRelax: CMD: scale:fa_rep  -1078.26  0.218016  0.218016  0.31955
protocols.relax.FastRelax: CMD: min  -1273.66  3.17839  3.17839  0.31955
protocols.relax.FastRelax: CMD: coord_cst_weight  -1273.66  3.17839  3.17839  0.31955
protocols.relax.FastRelax: CMD: scale:fa_rep  -1068.51  3.17839  3.17839  0.55
core.pack.task: Packer task: initialize from command line() 
core.pack.pack_rotamers: built 6985 rotamers at 492 positions.
core.pack.interaction_graph.interaction_graph_factory: Instantiating DensePDInteractionGraph
protocols.relax.FastRelax: CMD: repack  -1071.32  3.17839  3.17839  0.55
protocols.relax.FastRelax: CMD: min  -1126.57  2.71924  2.71924  0.55
protocols.relax.FastRelax: MRP: 2  -1126.57  -1126.57  2.71924  2.71924  
protocols.relax.FastRelax: CMD: accept_to_best  -1126.57  2.71924  2.71924  0.55
protocols.relax.FastRelax: CMD: endrepeat  -1126.57  2.71924  2.71924  0.55
protocols.relax.FastRelax: CMD: coord_cst_weight  54085.5  2.71924  2.71924  0.55
protocols.relax.FastRelax: CMD: scale:fa_rep  53759.6  2.71924  2.71924  0.022
core.pack.task: Packer task: initialize from command line() 
core.pack.pack_rotamers: built 7725 rotamers at 492 positions.
core.pack.interaction_graph.interaction_graph_factory: Instantiating DensePDInteractionGraph
protocols.relax.FastRelax: CMD: repack  53737.6  2.71924  2.71924  0.022
protocols.relax.FastRelax: CMD: scale:fa_rep  53747  2.71924  2.71924  0.02805
core.optimization.Minimizer: [ WARNING ] LBFGS MAX CYCLES 2000 EXCEEDED, BUT FUNC NOT CONVERGED!
protocols.relax.FastRelax: CMD: min  -1257.05  0.186579  0.186579  0.02805
protocols.relax.FastRelax: CMD: coord_cst_weight  -1332.67  0.186579  0.186579  0.02805
protocols.relax.FastRelax: CMD: scale:fa_rep  -973.598  0.186579  0.186579  0.14575
core.pack.task: Packer task: initialize from command line() 
core.pack.pack_rotamers: built 7403 rotamers at 492 positions.
core.pack.interaction_graph.interaction_graph_factory: Instantiating DensePDInteractionGraph
protocols.relax.FastRelax: CMD: repack  -1035.92  0.186579  0.186579  0.14575
protocols.relax.FastRelax: CMD: scale:fa_rep  -1015.27  0.186579  0.186579  0.154
protocols.relax.FastRelax: CMD: min  -1184.32  0.222953  0.222953  0.154
protocols.relax.FastRelax: CMD: coord_cst_weight  -1293.03  0.222953  0.222953  0.154
protocols.relax.FastRelax: CMD: scale:fa_rep  -1108.52  0.222953  0.222953  0.30745
core.pack.task: Packer task: initialize from command line() 
core.pack.pack_rotamers: built 7216 rotamers at 492 positions.
core.pack.interaction_graph.interaction_graph_factory: Instantiating DensePDInteractionGraph
protocols.relax.FastRelax: CMD: repack  -1108.62  0.222953  0.222953  0.30745
protocols.relax.FastRelax: CMD: scale:fa_rep  -1094.33  0.222953  0.222953  0.31955
protocols.relax.FastRelax: CMD: min  -1291.26  2.13632  2.13632  0.31955
protocols.relax.FastRelax: CMD: coord_cst_weight  -1291.26  2.13632  2.13632  0.31955
protocols.relax.FastRelax: CMD: scale:fa_rep  -1088.32  2.13632  2.13632  0.55
core.pack.task: Packer task: initialize from command line() 
core.pack.pack_rotamers: built 6959 rotamers at 492 positions.
core.pack.interaction_graph.interaction_graph_factory: Instantiating DensePDInteractionGraph
protocols.relax.FastRelax: CMD: repack  -1090.74  2.13632  2.13632  0.55
protocols.relax.FastRelax: CMD: min  -1148.98  2.27457  2.27457  0.55
protocols.relax.FastRelax: MRP: 3  -1148.98  -1148.98  2.27457  2.27457  
protocols.relax.FastRelax: CMD: accept_to_best  -1148.98  2.27457  2.27457  0.55
protocols.relax.FastRelax: CMD: endrepeat  -1148.98  2.27457  2.27457  0.55
protocols.relax.FastRelax: CMD: coord_cst_weight  48798.3  2.27457  2.27457  0.55
protocols.relax.FastRelax: CMD: scale:fa_rep  48473.4  2.27457  2.27457  0.022
core.pack.task: Packer task: initialize from command line() 
core.pack.pack_rotamers: built 7777 rotamers at 492 positions.
core.pack.interaction_graph.interaction_graph_factory: Instantiating DensePDInteractionGraph
protocols.relax.FastRelax: CMD: repack  48450.5  2.27457  2.27457  0.022
protocols.relax.FastRelax: CMD: scale:fa_rep  48456.9  2.27457  2.27457  0.02805
core.optimization.Minimizer: [ WARNING ] LBFGS MAX CYCLES 2000 EXCEEDED, BUT FUNC NOT CONVERGED!
protocols.relax.FastRelax: CMD: min  -1285.57  0.175753  0.175753  0.02805
protocols.relax.FastRelax: CMD: coord_cst_weight  -1352.6  0.175753  0.175753  0.02805
protocols.relax.FastRelax: CMD: scale:fa_rep  -1029.14  0.175753  0.175753  0.14575
core.pack.task: Packer task: initialize from command line() 
core.pack.pack_rotamers: built 7417 rotamers at 492 positions.
core.pack.interaction_graph.interaction_graph_factory: Instantiating DensePDInteractionGraph
protocols.relax.FastRelax: CMD: repack  -1051.03  0.175753  0.175753  0.14575
protocols.relax.FastRelax: CMD: scale:fa_rep  -1030.32  0.175753  0.175753  0.154
protocols.relax.FastRelax: CMD: min  -1184.81  0.22229  0.22229  0.154
protocols.relax.FastRelax: CMD: coord_cst_weight  -1292.58  0.22229  0.22229  0.154
protocols.relax.FastRelax: CMD: scale:fa_rep  -1108.89  0.22229  0.22229  0.30745
core.pack.task: Packer task: initialize from command line() 
core.pack.pack_rotamers: built 7172 rotamers at 492 positions.
core.pack.interaction_graph.interaction_graph_factory: Instantiating DensePDInteractionGraph
protocols.relax.FastRelax: CMD: repack  -1108.81  0.22229  0.22229  0.30745
protocols.relax.FastRelax: CMD: scale:fa_rep  -1094.57  0.22229  0.22229  0.31955
protocols.relax.FastRelax: CMD: min  -1294.01  2.3755  2.3755  0.31955
protocols.relax.FastRelax: CMD: coord_cst_weight  -1294.01  2.3755  2.3755  0.31955
protocols.relax.FastRelax: CMD: scale:fa_rep  -1091.37  2.3755  2.3755  0.55
core.pack.task: Packer task: initialize from command line() 
core.pack.pack_rotamers: built 7018 rotamers at 492 positions.
core.pack.interaction_graph.interaction_graph_factory: Instantiating DensePDInteractionGraph
protocols.relax.FastRelax: CMD: repack  -1095.13  2.3755  2.3755  0.55
protocols.relax.FastRelax: CMD: min  -1155.79  2.39454  2.39454  0.55
protocols.relax.FastRelax: MRP: 4  -1155.79  -1155.79  2.39454  2.39454  
protocols.relax.FastRelax: CMD: accept_to_best  -1155.79  2.39454  2.39454  0.55
protocols.relax.FastRelax: CMD: endrepeat  -1155.79  2.39454  2.39454  0.55
protocols.relax.FastRelax: CMD: coord_cst_weight  63692.4  2.39454  2.39454  0.55
protocols.relax.FastRelax: CMD: scale:fa_rep  63369.1  2.39454  2.39454  0.022
core.pack.task: Packer task: initialize from command line() 
core.pack.pack_rotamers: built 7726 rotamers at 492 positions.
core.pack.interaction_graph.interaction_graph_factory: Instantiating DensePDInteractionGraph
protocols.relax.FastRelax: CMD: repack  63370.4  2.39454  2.39454  0.022
protocols.relax.FastRelax: CMD: scale:fa_rep  63378.2  2.39454  2.39454  0.02805
core.optimization.Minimizer: [ WARNING ] LBFGS MAX CYCLES 2000 EXCEEDED, BUT FUNC NOT CONVERGED!
protocols.relax.FastRelax: CMD: min  -1219.66  0.188983  0.188983  0.02805
protocols.relax.FastRelax: CMD: coord_cst_weight  -1294.79  0.188983  0.188983  0.02805
protocols.relax.FastRelax: CMD: scale:fa_rep  -912.628  0.188983  0.188983  0.14575
core.pack.task: Packer task: initialize from command line() 
core.pack.pack_rotamers: built 7387 rotamers at 492 positions.
core.pack.interaction_graph.interaction_graph_factory: Instantiating DensePDInteractionGraph
protocols.relax.FastRelax: CMD: repack  -1032.67  0.188983  0.188983  0.14575
protocols.relax.FastRelax: CMD: scale:fa_rep  -1013.02  0.188983  0.188983  0.154
protocols.relax.FastRelax: CMD: min  -1174.14  0.224417  0.224417  0.154
protocols.relax.FastRelax: CMD: coord_cst_weight  -1282.96  0.224417  0.224417  0.154
protocols.relax.FastRelax: CMD: scale:fa_rep  -1102.74  0.224417  0.224417  0.30745
core.pack.task: Packer task: initialize from command line() 
core.pack.pack_rotamers: built 7152 rotamers at 492 positions.
core.pack.interaction_graph.interaction_graph_factory: Instantiating DensePDInteractionGraph
protocols.relax.FastRelax: CMD: repack  -1103.47  0.224417  0.224417  0.30745
protocols.relax.FastRelax: CMD: scale:fa_rep  -1089.37  0.224417  0.224417  0.31955
protocols.relax.FastRelax: CMD: min  -1298.65  2.60151  2.60151  0.31955
protocols.relax.FastRelax: CMD: coord_cst_weight  -1298.65  2.60151  2.60151  0.31955
protocols.relax.FastRelax: CMD: scale:fa_rep  -1094.14  2.60151  2.60151  0.55
core.pack.task: Packer task: initialize from command line() 
core.pack.pack_rotamers: built 7056 rotamers at 492 positions.
core.pack.interaction_graph.interaction_graph_factory: Instantiating DensePDInteractionGraph
protocols.relax.FastRelax: CMD: repack  -1099.91  2.60151  2.60151  0.55
protocols.relax.FastRelax: CMD: min  -1149.73  2.44559  2.44559  0.55
protocols.relax.FastRelax: MRP: 5  -1149.73  -1155.79  2.39454  2.39454  
protocols.relax.FastRelax: CMD: accept_to_best  -1149.73  2.44559  2.44559  0.55
protocols.relax.FastRelax: CMD: endrepeat  -1149.73  2.44559  2.44559  0.55
protocols.relax.FastRelax: CMD: coord_cst_weight  51024.2  2.44559  2.44559  0.55
protocols.relax.FastRelax: CMD: scale:fa_rep  50694.8  2.44559  2.44559  0.022
core.pack.task: Packer task: initialize from command line() 
core.pack.pack_rotamers: built 7743 rotamers at 492 positions.
core.pack.interaction_graph.interaction_graph_factory: Instantiating DensePDInteractionGraph
protocols.relax.FastRelax: CMD: repack  50679.9  2.44559  2.44559  0.022
protocols.relax.FastRelax: CMD: scale:fa_rep  50687.5  2.44559  2.44559  0.02805
core.optimization.Minimizer: [ WARNING ] LBFGS MAX CYCLES 2000 EXCEEDED, BUT FUNC NOT CONVERGED!
protocols.relax.FastRelax: CMD: min  -1226.91  0.193503  0.193503  0.02805
protocols.relax.FastRelax: CMD: coord_cst_weight  -1304.72  0.193503  0.193503  0.02805
protocols.relax.FastRelax: CMD: scale:fa_rep  -961.485  0.193503  0.193503  0.14575
core.pack.task: Packer task: initialize from command line() 
core.pack.pack_rotamers: built 7374 rotamers at 492 positions.
core.pack.interaction_graph.interaction_graph_factory: Instantiating DensePDInteractionGraph
protocols.relax.FastRelax: CMD: repack  -1034.16  0.193503  0.193503  0.14575
protocols.relax.FastRelax: CMD: scale:fa_rep  -1014.1  0.193503  0.193503  0.154
protocols.relax.FastRelax: CMD: min  -1176.39  0.229792  0.229792  0.154
protocols.relax.FastRelax: CMD: coord_cst_weight  -1289.49  0.229792  0.229792  0.154
protocols.relax.FastRelax: CMD: scale:fa_rep  -1112.23  0.229792  0.229792  0.30745
core.pack.task: Packer task: initialize from command line() 
core.pack.pack_rotamers: built 7187 rotamers at 492 positions.
core.pack.interaction_graph.interaction_graph_factory: Instantiating DensePDInteractionGraph
protocols.relax.FastRelax: CMD: repack  -1112.46  0.229792  0.229792  0.30745
protocols.relax.FastRelax: CMD: scale:fa_rep  -1098.54  0.229792  0.229792  0.31955
protocols.relax.FastRelax: CMD: min  -1286.35  3.20155  3.20155  0.31955
protocols.relax.FastRelax: CMD: coord_cst_weight  -1286.35  3.20155  3.20155  0.31955
protocols.relax.FastRelax: CMD: scale:fa_rep  -1080.88  3.20155  3.20155  0.55
core.pack.task: Packer task: initialize from command line() 
core.pack.pack_rotamers: built 6963 rotamers at 492 positions.
core.pack.interaction_graph.interaction_graph_factory: Instantiating DensePDInteractionGraph
protocols.relax.FastRelax: CMD: repack  -1083.93  3.20155  3.20155  0.55
protocols.relax.FastRelax: CMD: min  -1135.66  3.49101  3.49101  0.55
protocols.relax.FastRelax: MRP: 6  -1135.66  -1155.79  2.39454  2.39454  
protocols.relax.FastRelax: CMD: accept_to_best  -1135.66  3.49101  3.49101  0.55
protocols.relax.FastRelax: CMD: endrepeat  -1135.66  3.49101  3.49101  0.55
protocols.relax.FastRelax: CMD: coord_cst_weight  88748.7  3.49101  3.49101  0.55
protocols.relax.FastRelax: CMD: scale:fa_rep  88422.9  3.49101  3.49101  0.022
core.pack.task: Packer task: initialize from command line() 
core.pack.pack_rotamers: built 7707 rotamers at 492 positions.
core.pack.interaction_graph.interaction_graph_factory: Instantiating DensePDInteractionGraph
protocols.relax.FastRelax: CMD: repack  88405.5  3.49101  3.49101  0.022
protocols.relax.FastRelax: CMD: scale:fa_rep  88411.4  3.49101  3.49101  0.02805
core.optimization.Minimizer: [ WARNING ] LBFGS MAX CYCLES 2000 EXCEEDED, BUT FUNC NOT CONVERGED!
protocols.relax.FastRelax: CMD: min  -1259.97  0.189345  0.189345  0.02805
protocols.relax.FastRelax: CMD: coord_cst_weight  -1334.95  0.189345  0.189345  0.02805
protocols.relax.FastRelax: CMD: scale:fa_rep  -1017.05  0.189345  0.189345  0.14575
core.pack.task: Packer task: initialize from command line() 
core.pack.pack_rotamers: built 7324 rotamers at 492 positions.
core.pack.interaction_graph.interaction_graph_factory: Instantiating DensePDInteractionGraph
protocols.relax.FastRelax: CMD: repack  -1049.68  0.189345  0.189345  0.14575
protocols.relax.FastRelax: CMD: scale:fa_rep  -1029.94  0.189345  0.189345  0.154
protocols.relax.FastRelax: CMD: min  -1184.79  0.226387  0.226387  0.154
protocols.relax.FastRelax: CMD: coord_cst_weight  -1295.23  0.226387  0.226387  0.154
protocols.relax.FastRelax: CMD: scale:fa_rep  -1116.2  0.226387  0.226387  0.30745
core.pack.task: Packer task: initialize from command line() 
core.pack.pack_rotamers: built 7125 rotamers at 492 positions.
core.pack.interaction_graph.interaction_graph_factory: Instantiating DensePDInteractionGraph
protocols.relax.FastRelax: CMD: repack  -1118.84  0.226387  0.226387  0.30745
protocols.relax.FastRelax: CMD: scale:fa_rep  -1104.94  0.226387  0.226387  0.31955
protocols.relax.FastRelax: CMD: min  -1294.5  2.74253  2.74253  0.31955
protocols.relax.FastRelax: CMD: coord_cst_weight  -1294.5  2.74253  2.74253  0.31955
protocols.relax.FastRelax: CMD: scale:fa_rep  -1087.75  2.74253  2.74253  0.55
core.pack.task: Packer task: initialize from command line() 
core.pack.pack_rotamers: built 6962 rotamers at 492 positions.
core.pack.interaction_graph.interaction_graph_factory: Instantiating DensePDInteractionGraph
protocols.relax.FastRelax: CMD: repack  -1090.16  2.74253  2.74253  0.55
protocols.relax.FastRelax: CMD: min  -1145.11  2.90634  2.90634  0.55
protocols.relax.FastRelax: MRP: 7  -1145.11  -1155.79  2.39454  2.39454  
protocols.relax.FastRelax: CMD: accept_to_best  -1145.11  2.90634  2.90634  0.55
protocols.relax.FastRelax: CMD: endrepeat  -1145.11  2.90634  2.90634  0.55
protocols.relax.FastRelax: CMD: coord_cst_weight  53620.6  2.90634  2.90634  0.55
protocols.relax.FastRelax: CMD: scale:fa_rep  53288.5  2.90634  2.90634  0.022
core.pack.task: Packer task: initialize from command line() 
core.pack.pack_rotamers: built 7674 rotamers at 492 positions.
core.pack.interaction_graph.interaction_graph_factory: Instantiating DensePDInteractionGraph
protocols.relax.FastRelax: CMD: repack  53270.4  2.90634  2.90634  0.022
protocols.relax.FastRelax: CMD: scale:fa_rep  53277  2.90634  2.90634  0.02805
core.optimization.Minimizer: [ WARNING ] LBFGS MAX CYCLES 2000 EXCEEDED, BUT FUNC NOT CONVERGED!
protocols.relax.FastRelax: CMD: min  -1283.43  0.180528  0.180528  0.02805
protocols.relax.FastRelax: CMD: coord_cst_weight  -1353.08  0.180528  0.180528  0.02805
protocols.relax.FastRelax: CMD: scale:fa_rep  -1041.41  0.180528  0.180528  0.14575
core.pack.task: Packer task: initialize from command line() 
core.pack.pack_rotamers: built 7334 rotamers at 492 positions.
core.pack.interaction_graph.interaction_graph_factory: Instantiating DensePDInteractionGraph
protocols.relax.FastRelax: CMD: repack  -1064.1  0.180528  0.180528  0.14575
protocols.relax.FastRelax: CMD: scale:fa_rep  -1044.12  0.180528  0.180528  0.154
protocols.relax.FastRelax: CMD: min  -1189.37  0.226395  0.226395  0.154
protocols.relax.FastRelax: CMD: coord_cst_weight  -1299.67  0.226395  0.226395  0.154
protocols.relax.FastRelax: CMD: scale:fa_rep  -1117.1  0.226395  0.226395  0.30745
core.pack.task: Packer task: initialize from command line() 
core.pack.pack_rotamers: built 7148 rotamers at 492 positions.
core.pack.interaction_graph.interaction_graph_factory: Instantiating DensePDInteractionGraph
protocols.relax.FastRelax: CMD: repack  -1119.2  0.226395  0.226395  0.30745
protocols.relax.FastRelax: CMD: scale:fa_rep  -1105.11  0.226395  0.226395  0.31955
protocols.relax.FastRelax: CMD: min  -1293.9  2.58652  2.58652  0.31955
protocols.relax.FastRelax: CMD: coord_cst_weight  -1293.9  2.58652  2.58652  0.31955
protocols.relax.FastRelax: CMD: scale:fa_rep  -1087.6  2.58652  2.58652  0.55
core.pack.task: Packer task: initialize from command line() 
core.pack.pack_rotamers: built 6983 rotamers at 492 positions.
core.pack.interaction_graph.interaction_graph_factory: Instantiating DensePDInteractionGraph
protocols.relax.FastRelax: CMD: repack  -1090.17  2.58652  2.58652  0.55
protocols.relax.FastRelax: CMD: min  -1138.38  2.86351  2.86351  0.55
protocols.relax.FastRelax: MRP: 8  -1138.38  -1155.79  2.39454  2.39454  
protocols.relax.FastRelax: CMD: accept_to_best  -1138.38  2.86351  2.86351  0.55
protocols.relax.FastRelax: CMD: endrepeat  -1138.38  2.86351  2.86351  0.55
protocols.relax.FastRelax: CMD: coord_cst_weight  65941  2.86351  2.86351  0.55
protocols.relax.FastRelax: CMD: scale:fa_rep  65609.5  2.86351  2.86351  0.022
core.pack.task: Packer task: initialize from command line() 
core.pack.pack_rotamers: built 7713 rotamers at 492 positions.
core.pack.interaction_graph.interaction_graph_factory: Instantiating DensePDInteractionGraph
protocols.relax.FastRelax: CMD: repack  65599  2.86351  2.86351  0.022
protocols.relax.FastRelax: CMD: scale:fa_rep  65605.7  2.86351  2.86351  0.02805
core.optimization.Minimizer: [ WARNING ] LBFGS MAX CYCLES 2000 EXCEEDED, BUT FUNC NOT CONVERGED!
protocols.relax.FastRelax: CMD: min  -1284.16  0.179134  0.179134  0.02805
protocols.relax.FastRelax: CMD: coord_cst_weight  -1352.89  0.179134  0.179134  0.02805
protocols.relax.FastRelax: CMD: scale:fa_rep  -1035.8  0.179134  0.179134  0.14575
core.pack.task: Packer task: initialize from command line() 
core.pack.pack_rotamers: built 7380 rotamers at 492 positions.
core.pack.interaction_graph.interaction_graph_factory: Instantiating DensePDInteractionGraph
protocols.relax.FastRelax: CMD: repack  -1060.22  0.179134  0.179134  0.14575
protocols.relax.FastRelax: CMD: scale:fa_rep  -1039.99  0.179134  0.179134  0.154
protocols.relax.FastRelax: CMD: min  -1186.16  0.228285  0.228285  0.154
protocols.relax.FastRelax: CMD: coord_cst_weight  -1297.8  0.228285  0.228285  0.154
protocols.relax.FastRelax: CMD: scale:fa_rep  -1113.88  0.228285  0.228285  0.30745
core.pack.task: Packer task: initialize from command line() 
core.pack.pack_rotamers: built 7159 rotamers at 492 positions.
core.pack.interaction_graph.interaction_graph_factory: Instantiating DensePDInteractionGraph
protocols.relax.FastRelax: CMD: repack  -1115.93  0.228285  0.228285  0.30745
protocols.relax.FastRelax: CMD: scale:fa_rep  -1101.73  0.228285  0.228285  0.31955
protocols.relax.FastRelax: CMD: min  -1287.01  2.47444  2.47444  0.31955
protocols.relax.FastRelax: CMD: coord_cst_weight  -1287.01  2.47444  2.47444  0.31955
protocols.relax.FastRelax: CMD: scale:fa_rep  -1081.95  2.47444  2.47444  0.55
core.pack.task: Packer task: initialize from command line() 
core.pack.pack_rotamers: built 7022 rotamers at 492 positions.
core.pack.interaction_graph.interaction_graph_factory: Instantiating DensePDInteractionGraph
protocols.relax.FastRelax: CMD: repack  -1084.33  2.47444  2.47444  0.55
protocols.relax.FastRelax: CMD: min  -1132.35  2.92103  2.92103  0.55
protocols.relax.FastRelax: MRP: 9  -1132.35  -1155.79  2.39454  2.39454  
protocols.relax.FastRelax: CMD: accept_to_best  -1132.35  2.92103  2.92103  0.55
protocols.relax.FastRelax: CMD: endrepeat  -1132.35  2.92103  2.92103  0.55
protocols.relax.FastRelax: CMD: coord_cst_weight  78712  2.92103  2.92103  0.55
protocols.relax.FastRelax: CMD: scale:fa_rep  78382.3  2.92103  2.92103  0.022
core.pack.task: Packer task: initialize from command line() 
core.pack.pack_rotamers: built 7735 rotamers at 492 positions.
core.pack.interaction_graph.interaction_graph_factory: Instantiating DensePDInteractionGraph
protocols.relax.FastRelax: CMD: repack  78369.4  2.92103  2.92103  0.022
protocols.relax.FastRelax: CMD: scale:fa_rep  78376.5  2.92103  2.92103  0.02805
core.optimization.Minimizer: [ WARNING ] LBFGS MAX CYCLES 2000 EXCEEDED, BUT FUNC NOT CONVERGED!
protocols.relax.FastRelax: CMD: min  -1277.26  0.180072  0.180072  0.02805
protocols.relax.FastRelax: CMD: coord_cst_weight  -1347.06  0.180072  0.180072  0.02805
protocols.relax.FastRelax: CMD: scale:fa_rep  -1015.75  0.180072  0.180072  0.14575
core.pack.task: Packer task: initialize from command line() 
core.pack.pack_rotamers: built 7400 rotamers at 492 positions.
core.pack.interaction_graph.interaction_graph_factory: Instantiating DensePDInteractionGraph
protocols.relax.FastRelax: CMD: repack  -1041.64  0.180072  0.180072  0.14575
protocols.relax.FastRelax: CMD: scale:fa_rep  -1020.64  0.180072  0.180072  0.154
protocols.relax.FastRelax: CMD: min  -1180.33  0.226335  0.226335  0.154
protocols.relax.FastRelax: CMD: coord_cst_weight  -1291.01  0.226335  0.226335  0.154
protocols.relax.FastRelax: CMD: scale:fa_rep  -1106.77  0.226335  0.226335  0.30745
core.pack.task: Packer task: initialize from command line() 
core.pack.pack_rotamers: built 7143 rotamers at 492 positions.
core.pack.interaction_graph.interaction_graph_factory: Instantiating DensePDInteractionGraph
protocols.relax.FastRelax: CMD: repack  -1109.27  0.226335  0.226335  0.30745
protocols.relax.FastRelax: CMD: scale:fa_rep  -1094.97  0.226335  0.226335  0.31955
protocols.relax.FastRelax: CMD: min  -1285.37  2.79023  2.79023  0.31955
protocols.relax.FastRelax: CMD: coord_cst_weight  -1285.37  2.79023  2.79023  0.31955
protocols.relax.FastRelax: CMD: scale:fa_rep  -1081.28  2.79023  2.79023  0.55
core.pack.task: Packer task: initialize from command line() 
core.pack.pack_rotamers: built 7046 rotamers at 492 positions.
core.pack.interaction_graph.interaction_graph_factory: Instantiating DensePDInteractionGraph
protocols.relax.FastRelax: CMD: repack  -1084.47  2.79023  2.79023  0.55
protocols.relax.FastRelax: CMD: min  -1136.44  2.79028  2.79028  0.55
protocols.relax.FastRelax: MRP: 10  -1136.44  -1155.79  2.39454  2.39454  
protocols.relax.FastRelax: CMD: accept_to_best  -1136.44  2.79028  2.79028  0.55
protocols.relax.FastRelax: CMD: endrepeat  -1136.44  2.79028  2.79028  0.55
protocols.relax.FastRelax: CMD: coord_cst_weight  61590.5  2.79028  2.79028  0.55
protocols.relax.FastRelax: CMD: scale:fa_rep  61263.2  2.79028  2.79028  0.022
core.pack.task: Packer task: initialize from command line() 
core.pack.pack_rotamers: built 7716 rotamers at 492 positions.
core.pack.interaction_graph.interaction_graph_factory: Instantiating DensePDInteractionGraph
protocols.relax.FastRelax: CMD: repack  61243.5  2.79028  2.79028  0.022
protocols.relax.FastRelax: CMD: scale:fa_rep  61253.5  2.79028  2.79028  0.02805
core.optimization.Minimizer: [ WARNING ] LBFGS MAX CYCLES 2000 EXCEEDED, BUT FUNC NOT CONVERGED!
protocols.relax.FastRelax: CMD: min  -1272.06  0.189325  0.189325  0.02805
protocols.relax.FastRelax: CMD: coord_cst_weight  -1348.83  0.189325  0.189325  0.02805
protocols.relax.FastRelax: CMD: scale:fa_rep  -993.874  0.189325  0.189325  0.14575
core.pack.task: Packer task: initialize from command line() 
core.pack.pack_rotamers: built 7343 rotamers at 492 positions.
core.pack.interaction_graph.interaction_graph_factory: Instantiating DensePDInteractionGraph
protocols.relax.FastRelax: CMD: repack  -1048.26  0.189325  0.189325  0.14575
protocols.relax.FastRelax: CMD: scale:fa_rep  -1028.17  0.189325  0.189325  0.154
protocols.relax.FastRelax: CMD: min  -1192.1  0.226326  0.226326  0.154
protocols.relax.FastRelax: CMD: coord_cst_weight  -1302.95  0.226326  0.226326  0.154
protocols.relax.FastRelax: CMD: scale:fa_rep  -1123.02  0.226326  0.226326  0.30745
core.pack.task: Packer task: initialize from command line() 
core.pack.pack_rotamers: built 7179 rotamers at 492 positions.
core.pack.interaction_graph.interaction_graph_factory: Instantiating DensePDInteractionGraph
protocols.relax.FastRelax: CMD: repack  -1123.83  0.226326  0.226326  0.30745
protocols.relax.FastRelax: CMD: scale:fa_rep  -1109.8  0.226326  0.226326  0.31955
protocols.relax.FastRelax: CMD: min  -1293.64  3.54713  3.54713  0.31955
protocols.relax.FastRelax: CMD: coord_cst_weight  -1293.64  3.54713  3.54713  0.31955
protocols.relax.FastRelax: CMD: scale:fa_rep  -1090.07  3.54713  3.54713  0.55
core.pack.task: Packer task: initialize from command line() 
core.pack.pack_rotamers: built 7025 rotamers at 492 positions.
core.pack.interaction_graph.interaction_graph_factory: Instantiating DensePDInteractionGraph
protocols.relax.FastRelax: CMD: repack  -1092.48  3.54713  3.54713  0.55
protocols.relax.FastRelax: CMD: min  -1146.01  3.57619  3.57619  0.55
protocols.relax.FastRelax: MRP: 11  -1146.01  -1155.79  2.39454  2.39454  
protocols.relax.FastRelax: CMD: accept_to_best  -1146.01  3.57619  3.57619  0.55
protocols.relax.FastRelax: CMD: endrepeat  -1146.01  3.57619  3.57619  0.55
protocols.relax.FastRelax: CMD: coord_cst_weight  100291  3.57619  3.57619  0.55
protocols.relax.FastRelax: CMD: scale:fa_rep  99964.8  3.57619  3.57619  0.022
core.pack.task: Packer task: initialize from command line() 
core.pack.pack_rotamers: built 7762 rotamers at 492 positions.
core.pack.interaction_graph.interaction_graph_factory: Instantiating DensePDInteractionGraph
protocols.relax.FastRelax: CMD: repack  99946.4  3.57619  3.57619  0.022
protocols.relax.FastRelax: CMD: scale:fa_rep  99953.7  3.57619  3.57619  0.02805
core.optimization.Minimizer: [ WARNING ] LBFGS MAX CYCLES 2000 EXCEEDED, BUT FUNC NOT CONVERGED!
protocols.relax.FastRelax: CMD: min  -1274.74  0.185345  0.185345  0.02805
protocols.relax.FastRelax: CMD: coord_cst_weight  -1346.98  0.185345  0.185345  0.02805
protocols.relax.FastRelax: CMD: scale:fa_rep  -1014.49  0.185345  0.185345  0.14575
core.pack.task: Packer task: initialize from command line() 
core.pack.pack_rotamers: built 7348 rotamers at 492 positions.
core.pack.interaction_graph.interaction_graph_factory: Instantiating DensePDInteractionGraph
protocols.relax.FastRelax: CMD: repack  -1037.64  0.185345  0.185345  0.14575
protocols.relax.FastRelax: CMD: scale:fa_rep  -1016.26  0.185345  0.185345  0.154
protocols.relax.FastRelax: CMD: min  -1184.07  0.237802  0.237802  0.154
protocols.relax.FastRelax: CMD: coord_cst_weight  -1303.59  0.237802  0.237802  0.154
protocols.relax.FastRelax: CMD: scale:fa_rep  -1121.66  0.237802  0.237802  0.30745
core.pack.task: Packer task: initialize from command line() 
core.pack.pack_rotamers: built 7184 rotamers at 492 positions.
core.pack.interaction_graph.interaction_graph_factory: Instantiating DensePDInteractionGraph
protocols.relax.FastRelax: CMD: repack  -1122.41  0.237802  0.237802  0.30745
protocols.relax.FastRelax: CMD: scale:fa_rep  -1108.18  0.237802  0.237802  0.31955
protocols.relax.FastRelax: CMD: min  -1298.11  2.93183  2.93183  0.31955
protocols.relax.FastRelax: CMD: coord_cst_weight  -1298.11  2.93183  2.93183  0.31955
protocols.relax.FastRelax: CMD: scale:fa_rep  -1092.3  2.93183  2.93183  0.55
core.pack.task: Packer task: initialize from command line() 
core.pack.pack_rotamers: built 7039 rotamers at 492 positions.
core.pack.interaction_graph.interaction_graph_factory: Instantiating DensePDInteractionGraph
protocols.relax.FastRelax: CMD: repack  -1096.29  2.93183  2.93183  0.55
protocols.relax.FastRelax: CMD: min  -1155.92  3.0793  3.0793  0.55
protocols.relax.FastRelax: MRP: 12  -1155.92  -1155.92  3.0793  3.0793  
protocols.relax.FastRelax: CMD: accept_to_best  -1155.92  3.0793  3.0793  0.55
protocols.relax.FastRelax: CMD: endrepeat  -1155.92  3.0793  3.0793  0.55
protocols.relax.FastRelax: CMD: coord_cst_weight  73852  3.0793  3.0793  0.55
protocols.relax.FastRelax: CMD: scale:fa_rep  73521.4  3.0793  3.0793  0.022
core.pack.task: Packer task: initialize from command line() 
core.pack.pack_rotamers: built 7799 rotamers at 492 positions.
core.pack.interaction_graph.interaction_graph_factory: Instantiating DensePDInteractionGraph
protocols.relax.FastRelax: CMD: repack  73512  3.0793  3.0793  0.022
protocols.relax.FastRelax: CMD: scale:fa_rep  73518  3.0793  3.0793  0.02805
core.optimization.Minimizer: [ WARNING ] LBFGS MAX CYCLES 2000 EXCEEDED, BUT FUNC NOT CONVERGED!
protocols.relax.FastRelax: CMD: min  -1236.36  0.184785  0.184785  0.02805
protocols.relax.FastRelax: CMD: coord_cst_weight  -1308.67  0.184785  0.184785  0.02805
protocols.relax.FastRelax: CMD: scale:fa_rep  -850.368  0.184785  0.184785  0.14575
core.pack.task: Packer task: initialize from command line() 
core.pack.pack_rotamers: built 7372 rotamers at 492 positions.
core.pack.interaction_graph.interaction_graph_factory: Instantiating DensePDInteractionGraph
protocols.relax.FastRelax: CMD: repack  -1040.44  0.184785  0.184785  0.14575
protocols.relax.FastRelax: CMD: scale:fa_rep  -1019.15  0.184785  0.184785  0.154
protocols.relax.FastRelax: CMD: min  -1182.4  0.236683  0.236683  0.154
protocols.relax.FastRelax: CMD: coord_cst_weight  -1300.97  0.236683  0.236683  0.154
protocols.relax.FastRelax: CMD: scale:fa_rep  -1117.31  0.236683  0.236683  0.30745
core.pack.task: Packer task: initialize from command line() 
core.pack.pack_rotamers: built 7175 rotamers at 492 positions.
core.pack.interaction_graph.interaction_graph_factory: Instantiating DensePDInteractionGraph
protocols.relax.FastRelax: CMD: repack  -1118.21  0.236683  0.236683  0.30745
protocols.relax.FastRelax: CMD: scale:fa_rep  -1103.85  0.236683  0.236683  0.31955
protocols.relax.FastRelax: CMD: min  -1303.09  2.61335  2.61335  0.31955
protocols.relax.FastRelax: CMD: coord_cst_weight  -1303.09  2.61335  2.61335  0.31955
protocols.relax.FastRelax: CMD: scale:fa_rep  -1097.15  2.61335  2.61335  0.55
core.pack.task: Packer task: initialize from command line() 
core.pack.pack_rotamers: built 7039 rotamers at 492 positions.
core.pack.interaction_graph.interaction_graph_factory: Instantiating DensePDInteractionGraph
protocols.relax.FastRelax: CMD: repack  -1101.42  2.61335  2.61335  0.55
protocols.relax.FastRelax: CMD: min  -1157.18  3.09138  3.09138  0.55
protocols.relax.FastRelax: MRP: 13  -1157.18  -1157.18  3.09138  3.09138  
protocols.relax.FastRelax: CMD: accept_to_best  -1157.18  3.09138  3.09138  0.55
protocols.relax.FastRelax: CMD: endrepeat  -1157.18  3.09138  3.09138  0.55
protocols.relax.FastRelax: CMD: coord_cst_weight  64486.3  3.09138  3.09138  0.55
protocols.relax.FastRelax: CMD: scale:fa_rep  64155.7  3.09138  3.09138  0.022
core.pack.task: Packer task: initialize from command line() 
core.pack.pack_rotamers: built 7805 rotamers at 492 positions.
core.pack.interaction_graph.interaction_graph_factory: Instantiating DensePDInteractionGraph
protocols.relax.FastRelax: CMD: repack  64145.6  3.09138  3.09138  0.022
protocols.relax.FastRelax: CMD: scale:fa_rep  64151.6  3.09138  3.09138  0.02805
core.optimization.Minimizer: [ WARNING ] LBFGS MAX CYCLES 2000 EXCEEDED, BUT FUNC NOT CONVERGED!
protocols.relax.FastRelax: CMD: min  -1270.88  0.182903  0.182903  0.02805
protocols.relax.FastRelax: CMD: coord_cst_weight  -1342.64  0.182903  0.182903  0.02805
protocols.relax.FastRelax: CMD: scale:fa_rep  -1010.4  0.182903  0.182903  0.14575
core.pack.task: Packer task: initialize from command line() 
core.pack.pack_rotamers: built 7372 rotamers at 492 positions.
core.pack.interaction_graph.interaction_graph_factory: Instantiating DensePDInteractionGraph
protocols.relax.FastRelax: CMD: repack  -1043.43  0.182903  0.182903  0.14575
protocols.relax.FastRelax: CMD: scale:fa_rep  -1022.29  0.182903  0.182903  0.154
protocols.relax.FastRelax: CMD: min  -1186.32  0.232789  0.232789  0.154
protocols.relax.FastRelax: CMD: coord_cst_weight  -1303.68  0.232789  0.232789  0.154
protocols.relax.FastRelax: CMD: scale:fa_rep  -1122.3  0.232789  0.232789  0.30745
core.pack.task: Packer task: initialize from command line() 
core.pack.pack_rotamers: built 7200 rotamers at 492 positions.
core.pack.interaction_graph.interaction_graph_factory: Instantiating DensePDInteractionGraph
protocols.relax.FastRelax: CMD: repack  -1123.07  0.232789  0.232789  0.30745
protocols.relax.FastRelax: CMD: scale:fa_rep  -1108.87  0.232789  0.232789  0.31955
protocols.relax.FastRelax: CMD: min  -1303.63  2.86325  2.86325  0.31955
protocols.relax.FastRelax: CMD: coord_cst_weight  -1303.63  2.86325  2.86325  0.31955
protocols.relax.FastRelax: CMD: scale:fa_rep  -1101.98  2.86325  2.86325  0.55
core.pack.task: Packer task: initialize from command line() 
core.pack.pack_rotamers: built 6988 rotamers at 492 positions.
core.pack.interaction_graph.interaction_graph_factory: Instantiating DensePDInteractionGraph
protocols.relax.FastRelax: CMD: repack  -1107.84  2.86325  2.86325  0.55
protocols.relax.FastRelax: CMD: min  -1156.77  3.04462  3.04462  0.55
protocols.relax.FastRelax: MRP: 14  -1156.77  -1157.18  3.09138  3.09138  
protocols.relax.FastRelax: CMD: accept_to_best  -1156.77  3.04462  3.04462  0.55
protocols.relax.FastRelax: CMD: endrepeat  -1156.77  3.04462  3.04462  0.55
protocols::checkpoint: Deleting checkpoints of FastRelax
protocols.jd2.JobDistributor: target.BL00010001_6_0006 reported success in 13397 seconds
protocols.jd2.JobDistributor: no more batches to process... 
protocols.jd2.JobDistributor: 6 jobs considered, 6 jobs attempted in 86180 seconds
basic.citation_manager.CitationManager: 
The following Rosetta modules were used during this run of Rosetta, and should be cited:

FastRelax Mover's citation(s):
*Tyka MD, *Keedy DA, André I, Dimaio F, Song Y, Richardson DC, Richardson JS, and Baker D.  (2011).  Alternate states of proteins revealed by detailed energy landscape mapping.  J Mol Biol 405(2):607-18.  doi: 10.1016/j.jmb.2010.11.008.  (*Co-primary authors.)

Khatib F, Cooper S, Tyka MD, Xu K, Makedon I, Popovic Z, Baker D, and Players F.  (2011).  Algorithm discovery by protein folding game players.  Proc Natl Acad Sci USA 108(47):18949-53.  doi: 10.1073/pnas.1115898108.

Maguire JB, Haddox HK, Strickland D, Halabiya SF, Coventry B, Griffin JR, Pulavarti SVSRK, Cummins M, Thieker DF, Klavins E, Szyperski T, DiMaio F, Baker D, and Kuhlman B.  (2021).  Perturbing the energy landscape for improved packing during computational protein design.  Proteins 89(4):436-449.  doi: 10.1002/prot.26030.


