********  (C) Copyright Rosetta Commons Member Institutions.  ***************
* Use of Rosetta for commercial purposes may require purchase of a license. *
********  See LICENSE.md or email license@uw.edu for more details. **********
core.init: Checking for fconfig files in pwd and ./rosetta/flags 
core.init: Rosetta version: rosetta.binary.ubuntu.release-408 r408 2025.37+release.df75a9c48e df75a9c48e763e52a7aa3f5dfba077f4da88dbf5 https://www.rosettacommons.org 2025-09-10T02:14:08.564791
core.init: Rosetta extras: []
core.init: command: /home/gbiuser/Downloads/rosetta.binary.ubuntu.release-408/main/source/bin/relax.default.linuxgccrelease -s ../1-modeller/target.BL00010001.pdb -relax:thorough -relax:constrain_relax_to_start_coords -constraints:cst_file cst.cst -nstruct 6 -out:suffix _9 -out:file:silent relax_9.silent -out:file:silent_struct_type binary
basic.random.init_random_generator: 'RNG device' seed mode, using '/dev/urandom', seed=2128303725 seed_offset=0 real_seed=2128303725
basic.random.init_random_generator: RandomGenerator:init: Normal mode, seed=2128303725 RG_type=mt19937
core.init: Resolved executable path: /home/gbiuser/Downloads/rosetta.binary.ubuntu.release-408/main/source/build/src/release/linux/6.8/64/x86/gcc/11/default/relax.default.linuxgccrelease
core.init: Looking for database based on location of executable: /home/gbiuser/Downloads/rosetta.binary.ubuntu.release-408/main/database/
core.scoring.ScoreFunctionFactory: SCOREFUNCTION: ref2015
core.scoring.etable: Starting energy table calculation
core.scoring.etable: smooth_etable: changing atr/rep split to bottom of energy well
core.scoring.etable: smooth_etable: spline smoothing lj etables (maxdis = 6)
core.scoring.etable: smooth_etable: spline smoothing solvation etables (max_dis = 6)
core.scoring.etable: Finished calculating energy tables.
basic.io.database: Database file opened: scoring/score_functions/hbonds/ref2015_params/HBPoly1D.csv
basic.io.database: Database file opened: scoring/score_functions/hbonds/ref2015_params/HBFadeIntervals.csv
basic.io.database: Database file opened: scoring/score_functions/hbonds/ref2015_params/HBEval.csv
basic.io.database: Database file opened: scoring/score_functions/hbonds/ref2015_params/DonStrength.csv
basic.io.database: Database file opened: scoring/score_functions/hbonds/ref2015_params/AccStrength.csv
core.chemical.GlobalResidueTypeSet: Finished initializing fa_standard residue type set.  Created 985 residue types
core.chemical.GlobalResidueTypeSet: Total time to initialize 1.29713 seconds.
basic.io.database: Database file opened: scoring/score_functions/rama/fd/all.ramaProb
basic.io.database: Database file opened: scoring/score_functions/rama/fd/prepro.ramaProb
basic.io.database: Database file opened: scoring/score_functions/omega/omega_ppdep.all.txt
basic.io.database: Database file opened: scoring/score_functions/omega/omega_ppdep.gly.txt
basic.io.database: Database file opened: scoring/score_functions/omega/omega_ppdep.pro.txt
basic.io.database: Database file opened: scoring/score_functions/omega/omega_ppdep.valile.txt
basic.io.database: Database file opened: scoring/score_functions/P_AA_pp/P_AA
basic.io.database: Database file opened: scoring/score_functions/P_AA_pp/P_AA_n
core.scoring.P_AA: shapovalov_lib::shap_p_aa_pp_smooth_level of 1( aka low_smooth ) got activated.
basic.io.database: Database file opened: scoring/score_functions/P_AA_pp/shapovalov/10deg/kappa131/a20.prop
protocols.relax.RelaxScriptManager: Reading relax scripts list from database.
protocols.relax.RelaxScriptManager: Looking for MonomerRelax2019.txt
protocols.relax.RelaxScriptManager: ================== Reading script file: /home/gbiuser/Downloads/rosetta.binary.ubuntu.release-408/main/database/sampling/relax_scripts/MonomerRelax2019.txt ==================
protocols.relax.RelaxScriptManager: repeat %%nrepeats%%
protocols.relax.RelaxScriptManager: coord_cst_weight 1.0
protocols.relax.RelaxScriptManager: scale:fa_rep 0.040
protocols.relax.RelaxScriptManager: repack
protocols.relax.RelaxScriptManager: scale:fa_rep 0.051
protocols.relax.RelaxScriptManager: min 0.01
protocols.relax.RelaxScriptManager: coord_cst_weight 0.5
protocols.relax.RelaxScriptManager: scale:fa_rep 0.265
protocols.relax.RelaxScriptManager: repack
protocols.relax.RelaxScriptManager: scale:fa_rep 0.280
protocols.relax.RelaxScriptManager: min 0.01
protocols.relax.RelaxScriptManager: coord_cst_weight 0.0
protocols.relax.RelaxScriptManager: scale:fa_rep 0.559
protocols.relax.RelaxScriptManager: repack
protocols.relax.RelaxScriptManager: scale:fa_rep 0.581
protocols.relax.RelaxScriptManager: min 0.01
protocols.relax.RelaxScriptManager: coord_cst_weight 0.0
protocols.relax.RelaxScriptManager: scale:fa_rep 1
protocols.relax.RelaxScriptManager: repack
protocols.relax.RelaxScriptManager: min 0.00001
protocols.relax.RelaxScriptManager: accept_to_best
protocols.relax.RelaxScriptManager: endrepeat
core.scoring.constraints.util: Constraint choice: cst.cst
protocols.jd2.PDBJobInputter: Instantiate PDBJobInputter
protocols.jd2.PDBJobInputter: PDBJobInputter::fill_jobs
protocols.jd2.PDBJobInputter: pushed ../1-modeller/target.BL00010001.pdb nstruct indices 1 - 6
protocols.evaluation.ChiWellRmsdEvaluatorCreator: Evaluation Creator active ... 
protocols.jd2.PDBJobInputter: PDBJobInputter::pose_from_job
protocols.jd2.PDBJobInputter: filling pose from PDB ../1-modeller/target.BL00010001.pdb
core.import_pose.import_pose: File '../1-modeller/target.BL00010001.pdb' automatically determined to be of type PDB from contents.
core.io.rcsb.ExperimentalTechnique: [ ERROR ] Unrecognized experimental technique string 'THEORETICAL MODEL, MODELLER 10.8 2026/08/10 16:18:02'
core.scoring.constraints.ConstraintsIO: read constraints from cst.cst
core.scoring.constraints.ConstraintsIO: Read in 14 constraints
basic.io.database: Database file opened: scoring/score_functions/elec_cp_reps.dat
core.scoring.elec.util: Read 40 countpair representative atoms
core.pack.dunbrack.RotamerLibrary: shapovalov_lib_fixes_enable option is true.
core.pack.dunbrack.RotamerLibrary: shapovalov_lib::shap_dun10_smooth_level of 1( aka lowest_smooth ) got activated.
core.pack.dunbrack.RotamerLibrary: Binary rotamer library selected: /home/gbiuser/Downloads/rosetta.binary.ubuntu.release-408/main/database/rotamer/shapovalov/StpDwn_0-0-0/Dunbrack10.lib.bin
core.pack.dunbrack.RotamerLibrary: Using Dunbrack library binary file '/home/gbiuser/Downloads/rosetta.binary.ubuntu.release-408/main/database/rotamer/shapovalov/StpDwn_0-0-0/Dunbrack10.lib.bin'.
core.pack.dunbrack.RotamerLibrary: Dunbrack 2010 library took 0.353289 seconds to load from binary
protocols.relax.FastRelax: CMD: repeat  4476.34  0  0  0.55
protocols.relax.FastRelax: CMD: coord_cst_weight  4476.34  0  0  0.55
protocols.relax.FastRelax: CMD: scale:fa_rep  806.987  0  0  0.022
core.pack.task: Packer task: initialize from command line() 
core.pack.pack_rotamers: built 8129 rotamers at 492 positions.
core.pack.interaction_graph.interaction_graph_factory: Instantiating DensePDInteractionGraph
protocols.relax.FastRelax: CMD: repack  -879.822  0  0  0.022
protocols.relax.FastRelax: CMD: scale:fa_rep  -840.055  0  0  0.02805
core.optimization.Minimizer: [ WARNING ] LBFGS MAX CYCLES 2000 EXCEEDED, BUT FUNC NOT CONVERGED!
protocols.relax.FastRelax: CMD: min  -1294.45  0.148563  0.148563  0.02805
protocols.relax.FastRelax: CMD: coord_cst_weight  -1340.91  0.148563  0.148563  0.02805
protocols.relax.FastRelax: CMD: scale:fa_rep  -951.682  0.148563  0.148563  0.14575
core.pack.task: Packer task: initialize from command line() 
core.pack.pack_rotamers: built 7412 rotamers at 492 positions.
core.pack.interaction_graph.interaction_graph_factory: Instantiating DensePDInteractionGraph
protocols.relax.FastRelax: CMD: repack  -986.748  0.148563  0.148563  0.14575
protocols.relax.FastRelax: CMD: scale:fa_rep  -963.973  0.148563  0.148563  0.154
core.optimization.Minimizer: [ WARNING ] LBFGS MAX CYCLES 2000 EXCEEDED, BUT FUNC NOT CONVERGED!
protocols.relax.FastRelax: CMD: min  -1155.89  0.205508  0.205508  0.154
protocols.relax.FastRelax: CMD: coord_cst_weight  -1246.8  0.205508  0.205508  0.154
protocols.relax.FastRelax: CMD: scale:fa_rep  -1054.02  0.205508  0.205508  0.30745
core.pack.task: Packer task: initialize from command line() 
core.pack.pack_rotamers: built 7276 rotamers at 492 positions.
core.pack.interaction_graph.interaction_graph_factory: Instantiating DensePDInteractionGraph
protocols.relax.FastRelax: CMD: repack  -1048.33  0.205508  0.205508  0.30745
protocols.relax.FastRelax: CMD: scale:fa_rep  -1033.36  0.205508  0.205508  0.31955
protocols.relax.FastRelax: CMD: min  -1031.74  3.40016  3.40016  0.31955
protocols.relax.FastRelax: CMD: coord_cst_weight  -1031.74  3.40016  3.40016  0.31955
protocols.relax.FastRelax: CMD: scale:fa_rep  -668.913  3.40016  3.40016  0.55
core.pack.task: Packer task: initialize from command line() 
core.pack.pack_rotamers: built 6984 rotamers at 492 positions.
core.pack.interaction_graph.interaction_graph_factory: Instantiating DensePDInteractionGraph
protocols.relax.FastRelax: CMD: repack  -696.144  3.40016  3.40016  0.55
protocols.relax.FastRelax: CMD: min  -1107.81  3.417  3.417  0.55
protocols.relax.FastRelax: MRP: 0  -1107.81  -1107.81  3.417  3.417  
protocols.relax.FastRelax: CMD: accept_to_best  -1107.81  3.417  3.417  0.55
protocols.relax.FastRelax: CMD: endrepeat  -1107.81  3.417  3.417  0.55
protocols.relax.FastRelax: CMD: coord_cst_weight  128343  3.417  3.417  0.55
protocols.relax.FastRelax: CMD: scale:fa_rep  128008  3.417  3.417  0.022
core.pack.task: Packer task: initialize from command line() 
core.pack.pack_rotamers: built 7734 rotamers at 492 positions.
core.pack.interaction_graph.interaction_graph_factory: Instantiating DensePDInteractionGraph
protocols.relax.FastRelax: CMD: repack  127977  3.417  3.417  0.022
protocols.relax.FastRelax: CMD: scale:fa_rep  127986  3.417  3.417  0.02805
core.optimization.Minimizer: [ WARNING ] LBFGS MAX CYCLES 2000 EXCEEDED, BUT FUNC NOT CONVERGED!
protocols.relax.FastRelax: CMD: min  -1252.21  0.18051  0.18051  0.02805
protocols.relax.FastRelax: CMD: coord_cst_weight  -1322.03  0.18051  0.18051  0.02805
protocols.relax.FastRelax: CMD: scale:fa_rep  -987.47  0.18051  0.18051  0.14575
core.pack.task: Packer task: initialize from command line() 
core.pack.pack_rotamers: built 7344 rotamers at 492 positions.
core.pack.interaction_graph.interaction_graph_factory: Instantiating DensePDInteractionGraph
protocols.relax.FastRelax: CMD: repack  -1025.4  0.18051  0.18051  0.14575
protocols.relax.FastRelax: CMD: scale:fa_rep  -1005.23  0.18051  0.18051  0.154
protocols.relax.FastRelax: CMD: min  -1173.91  0.216145  0.216145  0.154
protocols.relax.FastRelax: CMD: coord_cst_weight  -1276.61  0.216145  0.216145  0.154
protocols.relax.FastRelax: CMD: scale:fa_rep  -1093.25  0.216145  0.216145  0.30745
core.pack.task: Packer task: initialize from command line() 
core.pack.pack_rotamers: built 7144 rotamers at 492 positions.
core.pack.interaction_graph.interaction_graph_factory: Instantiating DensePDInteractionGraph
protocols.relax.FastRelax: CMD: repack  -1089.04  0.216145  0.216145  0.30745
protocols.relax.FastRelax: CMD: scale:fa_rep  -1074.9  0.216145  0.216145  0.31955
protocols.relax.FastRelax: CMD: min  -1248.54  3.59884  3.59884  0.31955
protocols.relax.FastRelax: CMD: coord_cst_weight  -1248.54  3.59884  3.59884  0.31955
protocols.relax.FastRelax: CMD: scale:fa_rep  -1020.77  3.59884  3.59884  0.55
core.pack.task: Packer task: initialize from command line() 
core.pack.pack_rotamers: built 6967 rotamers at 492 positions.
core.pack.interaction_graph.interaction_graph_factory: Instantiating DensePDInteractionGraph
protocols.relax.FastRelax: CMD: repack  -1074.88  3.59884  3.59884  0.55
protocols.relax.FastRelax: CMD: min  -1135.23  3.43702  3.43702  0.55
protocols.relax.FastRelax: MRP: 1  -1135.23  -1135.23  3.43702  3.43702  
protocols.relax.FastRelax: CMD: accept_to_best  -1135.23  3.43702  3.43702  0.55
protocols.relax.FastRelax: CMD: endrepeat  -1135.23  3.43702  3.43702  0.55
protocols.relax.FastRelax: CMD: coord_cst_weight  97370.8  3.43702  3.43702  0.55
protocols.relax.FastRelax: CMD: scale:fa_rep  97041  3.43702  3.43702  0.022
core.pack.task: Packer task: initialize from command line() 
core.pack.pack_rotamers: built 7795 rotamers at 492 positions.
core.pack.interaction_graph.interaction_graph_factory: Instantiating DensePDInteractionGraph
protocols.relax.FastRelax: CMD: repack  97021  3.43702  3.43702  0.022
protocols.relax.FastRelax: CMD: scale:fa_rep  97028.4  3.43702  3.43702  0.02805
core.optimization.Minimizer: [ WARNING ] LBFGS MAX CYCLES 2000 EXCEEDED, BUT FUNC NOT CONVERGED!
protocols.relax.FastRelax: CMD: min  -1260.2  0.179485  0.179485  0.02805
protocols.relax.FastRelax: CMD: coord_cst_weight  -1330.85  0.179485  0.179485  0.02805
protocols.relax.FastRelax: CMD: scale:fa_rep  -1009.29  0.179485  0.179485  0.14575
core.pack.task: Packer task: initialize from command line() 
core.pack.pack_rotamers: built 7371 rotamers at 492 positions.
core.pack.interaction_graph.interaction_graph_factory: Instantiating DensePDInteractionGraph
protocols.relax.FastRelax: CMD: repack  -1040.79  0.179485  0.179485  0.14575
protocols.relax.FastRelax: CMD: scale:fa_rep  -1020.79  0.179485  0.179485  0.154
protocols.relax.FastRelax: CMD: min  -1179.99  0.219256  0.219256  0.154
protocols.relax.FastRelax: CMD: coord_cst_weight  -1286.21  0.219256  0.219256  0.154
protocols.relax.FastRelax: CMD: scale:fa_rep  -1108.15  0.219256  0.219256  0.30745
core.pack.task: Packer task: initialize from command line() 
core.pack.pack_rotamers: built 7143 rotamers at 492 positions.
core.pack.interaction_graph.interaction_graph_factory: Instantiating DensePDInteractionGraph
protocols.relax.FastRelax: CMD: repack  -1109.53  0.219256  0.219256  0.30745
protocols.relax.FastRelax: CMD: scale:fa_rep  -1095.69  0.219256  0.219256  0.31955
protocols.relax.FastRelax: CMD: min  -1287.98  3.47377  3.47377  0.31955
protocols.relax.FastRelax: CMD: coord_cst_weight  -1287.98  3.47377  3.47377  0.31955
protocols.relax.FastRelax: CMD: scale:fa_rep  -1082.98  3.47377  3.47377  0.55
core.pack.task: Packer task: initialize from command line() 
core.pack.pack_rotamers: built 6976 rotamers at 492 positions.
core.pack.interaction_graph.interaction_graph_factory: Instantiating DensePDInteractionGraph
protocols.relax.FastRelax: CMD: repack  -1080.54  3.47377  3.47377  0.55
protocols.relax.FastRelax: CMD: min  -1139.03  3.57124  3.57124  0.55
protocols.relax.FastRelax: MRP: 2  -1139.03  -1139.03  3.57124  3.57124  
protocols.relax.FastRelax: CMD: accept_to_best  -1139.03  3.57124  3.57124  0.55
protocols.relax.FastRelax: CMD: endrepeat  -1139.03  3.57124  3.57124  0.55
protocols.relax.FastRelax: CMD: coord_cst_weight  85351.4  3.57124  3.57124  0.55
protocols.relax.FastRelax: CMD: scale:fa_rep  85024.8  3.57124  3.57124  0.022
core.pack.task: Packer task: initialize from command line() 
core.pack.pack_rotamers: built 7797 rotamers at 492 positions.
core.pack.interaction_graph.interaction_graph_factory: Instantiating DensePDInteractionGraph
protocols.relax.FastRelax: CMD: repack  85003  3.57124  3.57124  0.022
protocols.relax.FastRelax: CMD: scale:fa_rep  85011.9  3.57124  3.57124  0.02805
core.optimization.Minimizer: [ WARNING ] LBFGS MAX CYCLES 2000 EXCEEDED, BUT FUNC NOT CONVERGED!
protocols.relax.FastRelax: CMD: min  -1270.03  0.177245  0.177245  0.02805
protocols.relax.FastRelax: CMD: coord_cst_weight  -1338.77  0.177245  0.177245  0.02805
protocols.relax.FastRelax: CMD: scale:fa_rep  -1004.57  0.177245  0.177245  0.14575
core.pack.task: Packer task: initialize from command line() 
core.pack.pack_rotamers: built 7310 rotamers at 492 positions.
core.pack.interaction_graph.interaction_graph_factory: Instantiating DensePDInteractionGraph
protocols.relax.FastRelax: CMD: repack  -1037.02  0.177245  0.177245  0.14575
protocols.relax.FastRelax: CMD: scale:fa_rep  -1016.68  0.177245  0.177245  0.154
protocols.relax.FastRelax: CMD: min  -1177.38  0.222724  0.222724  0.154
protocols.relax.FastRelax: CMD: coord_cst_weight  -1286.2  0.222724  0.222724  0.154
protocols.relax.FastRelax: CMD: scale:fa_rep  -1104.23  0.222724  0.222724  0.30745
core.pack.task: Packer task: initialize from command line() 
core.pack.pack_rotamers: built 7106 rotamers at 492 positions.
core.pack.interaction_graph.interaction_graph_factory: Instantiating DensePDInteractionGraph
protocols.relax.FastRelax: CMD: repack  -1104.77  0.222724  0.222724  0.30745
protocols.relax.FastRelax: CMD: scale:fa_rep  -1090.56  0.222724  0.222724  0.31955
protocols.relax.FastRelax: CMD: min  -1201.14  3.84558  3.84558  0.31955
protocols.relax.FastRelax: CMD: coord_cst_weight  -1201.14  3.84558  3.84558  0.31955
protocols.relax.FastRelax: CMD: scale:fa_rep  -931.298  3.84558  3.84558  0.55
core.pack.task: Packer task: initialize from command line() 
core.pack.pack_rotamers: built 7020 rotamers at 492 positions.
core.pack.interaction_graph.interaction_graph_factory: Instantiating DensePDInteractionGraph
protocols.relax.FastRelax: CMD: repack  -1030.37  3.84558  3.84558  0.55
protocols.relax.FastRelax: CMD: min  -1136.96  3.84848  3.84848  0.55
protocols.relax.FastRelax: MRP: 3  -1136.96  -1139.03  3.57124  3.57124  
protocols.relax.FastRelax: CMD: accept_to_best  -1136.96  3.84848  3.84848  0.55
protocols.relax.FastRelax: CMD: endrepeat  -1136.96  3.84848  3.84848  0.55
protocols.relax.FastRelax: CMD: coord_cst_weight  87755.4  3.84848  3.84848  0.55
protocols.relax.FastRelax: CMD: scale:fa_rep  87429.2  3.84848  3.84848  0.022
core.pack.task: Packer task: initialize from command line() 
core.pack.pack_rotamers: built 7719 rotamers at 492 positions.
core.pack.interaction_graph.interaction_graph_factory: Instantiating DensePDInteractionGraph
protocols.relax.FastRelax: CMD: repack  87407.3  3.84848  3.84848  0.022
protocols.relax.FastRelax: CMD: scale:fa_rep  87413.8  3.84848  3.84848  0.02805
core.optimization.Minimizer: [ WARNING ] LBFGS MAX CYCLES 2000 EXCEEDED, BUT FUNC NOT CONVERGED!
protocols.relax.FastRelax: CMD: min  -1264.4  0.176481  0.176481  0.02805
protocols.relax.FastRelax: CMD: coord_cst_weight  -1332.9  0.176481  0.176481  0.02805
protocols.relax.FastRelax: CMD: scale:fa_rep  -1019.33  0.176481  0.176481  0.14575
core.pack.task: Packer task: initialize from command line() 
core.pack.pack_rotamers: built 7322 rotamers at 492 positions.
core.pack.interaction_graph.interaction_graph_factory: Instantiating DensePDInteractionGraph
protocols.relax.FastRelax: CMD: repack  -1047.92  0.176481  0.176481  0.14575
protocols.relax.FastRelax: CMD: scale:fa_rep  -1028.08  0.176481  0.176481  0.154
protocols.relax.FastRelax: CMD: min  -1175.48  0.222574  0.222574  0.154
protocols.relax.FastRelax: CMD: coord_cst_weight  -1282.94  0.222574  0.222574  0.154
protocols.relax.FastRelax: CMD: scale:fa_rep  -1103.78  0.222574  0.222574  0.30745
core.pack.task: Packer task: initialize from command line() 
core.pack.pack_rotamers: built 7109 rotamers at 492 positions.
core.pack.interaction_graph.interaction_graph_factory: Instantiating DensePDInteractionGraph
protocols.relax.FastRelax: CMD: repack  -1104.02  0.222574  0.222574  0.30745
protocols.relax.FastRelax: CMD: scale:fa_rep  -1089.92  0.222574  0.222574  0.31955
protocols.relax.FastRelax: CMD: min  -1291.82  3.59567  3.59567  0.31955
protocols.relax.FastRelax: CMD: coord_cst_weight  -1291.82  3.59567  3.59567  0.31955
protocols.relax.FastRelax: CMD: scale:fa_rep  -1087.04  3.59567  3.59567  0.55
core.pack.task: Packer task: initialize from command line() 
core.pack.pack_rotamers: built 6981 rotamers at 492 positions.
core.pack.interaction_graph.interaction_graph_factory: Instantiating DensePDInteractionGraph
protocols.relax.FastRelax: CMD: repack  -1089.59  3.59567  3.59567  0.55
protocols.relax.FastRelax: CMD: min  -1144.89  3.94384  3.94384  0.55
protocols.relax.FastRelax: MRP: 4  -1144.89  -1144.89  3.94384  3.94384  
protocols.relax.FastRelax: CMD: accept_to_best  -1144.89  3.94384  3.94384  0.55
protocols.relax.FastRelax: CMD: endrepeat  -1144.89  3.94384  3.94384  0.55
protocols.relax.FastRelax: CMD: coord_cst_weight  131466  3.94384  3.94384  0.55
protocols.relax.FastRelax: CMD: scale:fa_rep  131137  3.94384  3.94384  0.022
core.pack.task: Packer task: initialize from command line() 
core.pack.pack_rotamers: built 7782 rotamers at 492 positions.
core.pack.interaction_graph.interaction_graph_factory: Instantiating DensePDInteractionGraph
protocols.relax.FastRelax: CMD: repack  131126  3.94384  3.94384  0.022
protocols.relax.FastRelax: CMD: scale:fa_rep  131134  3.94384  3.94384  0.02805
core.optimization.Minimizer: [ WARNING ] LBFGS MAX CYCLES 2000 EXCEEDED, BUT FUNC NOT CONVERGED!
protocols.relax.FastRelax: CMD: min  -1251.3  0.184417  0.184417  0.02805
protocols.relax.FastRelax: CMD: coord_cst_weight  -1325.84  0.184417  0.184417  0.02805
protocols.relax.FastRelax: CMD: scale:fa_rep  -1001.23  0.184417  0.184417  0.14575
core.pack.task: Packer task: initialize from command line() 
core.pack.pack_rotamers: built 7348 rotamers at 492 positions.
core.pack.interaction_graph.interaction_graph_factory: Instantiating DensePDInteractionGraph
protocols.relax.FastRelax: CMD: repack  -1039.66  0.184417  0.184417  0.14575
protocols.relax.FastRelax: CMD: scale:fa_rep  -1019.74  0.184417  0.184417  0.154
protocols.relax.FastRelax: CMD: min  -1186.71  0.222049  0.222049  0.154
protocols.relax.FastRelax: CMD: coord_cst_weight  -1296.09  0.222049  0.222049  0.154
protocols.relax.FastRelax: CMD: scale:fa_rep  -1116.63  0.222049  0.222049  0.30745
core.pack.task: Packer task: initialize from command line() 
core.pack.pack_rotamers: built 7110 rotamers at 492 positions.
core.pack.interaction_graph.interaction_graph_factory: Instantiating DensePDInteractionGraph
protocols.relax.FastRelax: CMD: repack  -1118  0.222049  0.222049  0.30745
protocols.relax.FastRelax: CMD: scale:fa_rep  -1104.16  0.222049  0.222049  0.31955
protocols.relax.FastRelax: CMD: min  -1294.12  2.76895  2.76895  0.31955
protocols.relax.FastRelax: CMD: coord_cst_weight  -1294.12  2.76895  2.76895  0.31955
protocols.relax.FastRelax: CMD: scale:fa_rep  -1091.94  2.76895  2.76895  0.55
core.pack.task: Packer task: initialize from command line() 
core.pack.pack_rotamers: built 6926 rotamers at 492 positions.
core.pack.interaction_graph.interaction_graph_factory: Instantiating DensePDInteractionGraph
protocols.relax.FastRelax: CMD: repack  -1096.85  2.76895  2.76895  0.55
protocols.relax.FastRelax: CMD: min  -1157.82  3.24116  3.24116  0.55
protocols.relax.FastRelax: MRP: 5  -1157.82  -1157.82  3.24116  3.24116  
protocols.relax.FastRelax: CMD: accept_to_best  -1157.82  3.24116  3.24116  0.55
protocols.relax.FastRelax: CMD: endrepeat  -1157.82  3.24116  3.24116  0.55
protocols.relax.FastRelax: CMD: coord_cst_weight  55679.6  3.24116  3.24116  0.55
protocols.relax.FastRelax: CMD: scale:fa_rep  55356.3  3.24116  3.24116  0.022
core.pack.task: Packer task: initialize from command line() 
core.pack.pack_rotamers: built 7683 rotamers at 492 positions.
core.pack.interaction_graph.interaction_graph_factory: Instantiating DensePDInteractionGraph
protocols.relax.FastRelax: CMD: repack  55343.4  3.24116  3.24116  0.022
protocols.relax.FastRelax: CMD: scale:fa_rep  55352.6  3.24116  3.24116  0.02805
core.optimization.Minimizer: [ WARNING ] LBFGS MAX CYCLES 2000 EXCEEDED, BUT FUNC NOT CONVERGED!
protocols.relax.FastRelax: CMD: min  -1258.03  0.187948  0.187948  0.02805
protocols.relax.FastRelax: CMD: coord_cst_weight  -1335.78  0.187948  0.187948  0.02805
protocols.relax.FastRelax: CMD: scale:fa_rep  -980.382  0.187948  0.187948  0.14575
core.pack.task: Packer task: initialize from command line() 
core.pack.pack_rotamers: built 7334 rotamers at 492 positions.
core.pack.interaction_graph.interaction_graph_factory: Instantiating DensePDInteractionGraph
protocols.relax.FastRelax: CMD: repack  -1050.14  0.187948  0.187948  0.14575
protocols.relax.FastRelax: CMD: scale:fa_rep  -1030.29  0.187948  0.187948  0.154
protocols.relax.FastRelax: CMD: min  -1190.92  0.222086  0.222086  0.154
protocols.relax.FastRelax: CMD: coord_cst_weight  -1300.15  0.222086  0.222086  0.154
protocols.relax.FastRelax: CMD: scale:fa_rep  -1123.45  0.222086  0.222086  0.30745
core.pack.task: Packer task: initialize from command line() 
core.pack.pack_rotamers: built 7139 rotamers at 492 positions.
core.pack.interaction_graph.interaction_graph_factory: Instantiating DensePDInteractionGraph
protocols.relax.FastRelax: CMD: repack  -1124.13  0.222086  0.222086  0.30745
protocols.relax.FastRelax: CMD: scale:fa_rep  -1110.27  0.222086  0.222086  0.31955
protocols.relax.FastRelax: CMD: min  -1296.09  3.28567  3.28567  0.31955
protocols.relax.FastRelax: CMD: coord_cst_weight  -1296.09  3.28567  3.28567  0.31955
protocols.relax.FastRelax: CMD: scale:fa_rep  -1093.04  3.28567  3.28567  0.55
core.pack.task: Packer task: initialize from command line() 
core.pack.pack_rotamers: built 6962 rotamers at 492 positions.
core.pack.interaction_graph.interaction_graph_factory: Instantiating DensePDInteractionGraph
protocols.relax.FastRelax: CMD: repack  -1095.75  3.28567  3.28567  0.55
protocols.relax.FastRelax: CMD: min  -1144.98  3.28264  3.28264  0.55
protocols.relax.FastRelax: MRP: 6  -1144.98  -1157.82  3.24116  3.24116  
protocols.relax.FastRelax: CMD: accept_to_best  -1144.98  3.28264  3.28264  0.55
protocols.relax.FastRelax: CMD: endrepeat  -1144.98  3.28264  3.28264  0.55
protocols.relax.FastRelax: CMD: coord_cst_weight  47611.1  3.28264  3.28264  0.55
protocols.relax.FastRelax: CMD: scale:fa_rep  47286.5  3.28264  3.28264  0.022
core.pack.task: Packer task: initialize from command line() 
core.pack.pack_rotamers: built 7667 rotamers at 492 positions.
core.pack.interaction_graph.interaction_graph_factory: Instantiating DensePDInteractionGraph
protocols.relax.FastRelax: CMD: repack  47269  3.28264  3.28264  0.022
protocols.relax.FastRelax: CMD: scale:fa_rep  47275.3  3.28264  3.28264  0.02805
core.optimization.Minimizer: [ WARNING ] LBFGS MAX CYCLES 2000 EXCEEDED, BUT FUNC NOT CONVERGED!
protocols.relax.FastRelax: CMD: min  -1281.17  0.180523  0.180523  0.02805
protocols.relax.FastRelax: CMD: coord_cst_weight  -1351.9  0.180523  0.180523  0.02805
protocols.relax.FastRelax: CMD: scale:fa_rep  -1027.45  0.180523  0.180523  0.14575
core.pack.task: Packer task: initialize from command line() 
core.pack.pack_rotamers: built 7338 rotamers at 492 positions.
core.pack.interaction_graph.interaction_graph_factory: Instantiating DensePDInteractionGraph
protocols.relax.FastRelax: CMD: repack  -1049.02  0.180523  0.180523  0.14575
protocols.relax.FastRelax: CMD: scale:fa_rep  -1028.32  0.180523  0.180523  0.154
protocols.relax.FastRelax: CMD: min  -1188.44  0.222563  0.222563  0.154
protocols.relax.FastRelax: CMD: coord_cst_weight  -1297.27  0.222563  0.222563  0.154
protocols.relax.FastRelax: CMD: scale:fa_rep  -1116.31  0.222563  0.222563  0.30745
core.pack.task: Packer task: initialize from command line() 
core.pack.pack_rotamers: built 7099 rotamers at 492 positions.
core.pack.interaction_graph.interaction_graph_factory: Instantiating DensePDInteractionGraph
protocols.relax.FastRelax: CMD: repack  -1117.75  0.222563  0.222563  0.30745
protocols.relax.FastRelax: CMD: scale:fa_rep  -1103.72  0.222563  0.222563  0.31955
protocols.relax.FastRelax: CMD: min  -1304.87  3.677  3.677  0.31955
protocols.relax.FastRelax: CMD: coord_cst_weight  -1304.87  3.677  3.677  0.31955
protocols.relax.FastRelax: CMD: scale:fa_rep  -1102.4  3.677  3.677  0.55
core.pack.task: Packer task: initialize from command line() 
core.pack.pack_rotamers: built 6968 rotamers at 492 positions.
core.pack.interaction_graph.interaction_graph_factory: Instantiating DensePDInteractionGraph
protocols.relax.FastRelax: CMD: repack  -1106.13  3.677  3.677  0.55
protocols.relax.FastRelax: CMD: min  -1153.22  3.70178  3.70178  0.55
protocols.relax.FastRelax: MRP: 7  -1153.22  -1157.82  3.24116  3.24116  
protocols.relax.FastRelax: CMD: accept_to_best  -1153.22  3.70178  3.70178  0.55
protocols.relax.FastRelax: CMD: endrepeat  -1153.22  3.70178  3.70178  0.55
protocols.relax.FastRelax: CMD: coord_cst_weight  61263  3.70178  3.70178  0.55
protocols.relax.FastRelax: CMD: scale:fa_rep  60939.3  3.70178  3.70178  0.022
core.pack.task: Packer task: initialize from command line() 
core.pack.pack_rotamers: built 7634 rotamers at 492 positions.
core.pack.interaction_graph.interaction_graph_factory: Instantiating DensePDInteractionGraph
protocols.relax.FastRelax: CMD: repack  60920.2  3.70178  3.70178  0.022
protocols.relax.FastRelax: CMD: scale:fa_rep  60926.3  3.70178  3.70178  0.02805
core.optimization.Minimizer: [ WARNING ] LBFGS MAX CYCLES 2000 EXCEEDED, BUT FUNC NOT CONVERGED!
protocols.relax.FastRelax: CMD: min  -1285.43  0.176637  0.176637  0.02805
protocols.relax.FastRelax: CMD: coord_cst_weight  -1354.14  0.176637  0.176637  0.02805
protocols.relax.FastRelax: CMD: scale:fa_rep  -1034.62  0.176637  0.176637  0.14575
core.pack.task: Packer task: initialize from command line() 
core.pack.pack_rotamers: built 7328 rotamers at 492 positions.
core.pack.interaction_graph.interaction_graph_factory: Instantiating DensePDInteractionGraph
protocols.relax.FastRelax: CMD: repack  -1057.62  0.176637  0.176637  0.14575
protocols.relax.FastRelax: CMD: scale:fa_rep  -1037.05  0.176637  0.176637  0.154
protocols.relax.FastRelax: CMD: min  -1190.45  0.221439  0.221439  0.154
protocols.relax.FastRelax: CMD: coord_cst_weight  -1299.29  0.221439  0.221439  0.154
protocols.relax.FastRelax: CMD: scale:fa_rep  -1118.86  0.221439  0.221439  0.30745
core.pack.task: Packer task: initialize from command line() 
core.pack.pack_rotamers: built 7098 rotamers at 492 positions.
core.pack.interaction_graph.interaction_graph_factory: Instantiating DensePDInteractionGraph
protocols.relax.FastRelax: CMD: repack  -1119.9  0.221439  0.221439  0.30745
protocols.relax.FastRelax: CMD: scale:fa_rep  -1105.86  0.221439  0.221439  0.31955
protocols.relax.FastRelax: CMD: min  -1307.94  3.45857  3.45857  0.31955
protocols.relax.FastRelax: CMD: coord_cst_weight  -1307.94  3.45857  3.45857  0.31955
protocols.relax.FastRelax: CMD: scale:fa_rep  -1105.48  3.45857  3.45857  0.55
core.pack.task: Packer task: initialize from command line() 
core.pack.pack_rotamers: built 6935 rotamers at 492 positions.
core.pack.interaction_graph.interaction_graph_factory: Instantiating DensePDInteractionGraph
protocols.relax.FastRelax: CMD: repack  -1107.59  3.45857  3.45857  0.55
protocols.relax.FastRelax: CMD: min  -1152.33  3.51439  3.51439  0.55
protocols.relax.FastRelax: MRP: 8  -1152.33  -1157.82  3.24116  3.24116  
protocols.relax.FastRelax: CMD: accept_to_best  -1152.33  3.51439  3.51439  0.55
protocols.relax.FastRelax: CMD: endrepeat  -1152.33  3.51439  3.51439  0.55
protocols.relax.FastRelax: CMD: coord_cst_weight  84825.5  3.51439  3.51439  0.55
protocols.relax.FastRelax: CMD: scale:fa_rep  84501.1  3.51439  3.51439  0.022
core.pack.task: Packer task: initialize from command line() 
core.pack.pack_rotamers: built 7630 rotamers at 492 positions.
core.pack.interaction_graph.interaction_graph_factory: Instantiating DensePDInteractionGraph
protocols.relax.FastRelax: CMD: repack  84478.5  3.51439  3.51439  0.022
protocols.relax.FastRelax: CMD: scale:fa_rep  84484.3  3.51439  3.51439  0.02805
core.optimization.Minimizer: [ WARNING ] LBFGS MAX CYCLES 2000 EXCEEDED, BUT FUNC NOT CONVERGED!
protocols.relax.FastRelax: CMD: min  -1282.82  0.177728  0.177728  0.02805
protocols.relax.FastRelax: CMD: coord_cst_weight  -1352.38  0.177728  0.177728  0.02805
protocols.relax.FastRelax: CMD: scale:fa_rep  -1035.02  0.177728  0.177728  0.14575
core.pack.task: Packer task: initialize from command line() 
core.pack.pack_rotamers: built 7254 rotamers at 492 positions.
core.pack.interaction_graph.interaction_graph_factory: Instantiating DensePDInteractionGraph
protocols.relax.FastRelax: CMD: repack  -1058.24  0.177728  0.177728  0.14575
protocols.relax.FastRelax: CMD: scale:fa_rep  -1038.23  0.177728  0.177728  0.154
protocols.relax.FastRelax: CMD: min  -1186.91  0.222049  0.222049  0.154
protocols.relax.FastRelax: CMD: coord_cst_weight  -1295.84  0.222049  0.222049  0.154
protocols.relax.FastRelax: CMD: scale:fa_rep  -1115.38  0.222049  0.222049  0.30745
core.pack.task: Packer task: initialize from command line() 
core.pack.pack_rotamers: built 7109 rotamers at 492 positions.
core.pack.interaction_graph.interaction_graph_factory: Instantiating DensePDInteractionGraph
protocols.relax.FastRelax: CMD: repack  -1115.16  0.222049  0.222049  0.30745
protocols.relax.FastRelax: CMD: scale:fa_rep  -1101.1  0.222049  0.222049  0.31955
protocols.relax.FastRelax: CMD: min  -1303.14  3.08072  3.08072  0.31955
protocols.relax.FastRelax: CMD: coord_cst_weight  -1303.14  3.08072  3.08072  0.31955
protocols.relax.FastRelax: CMD: scale:fa_rep  -1102.02  3.08072  3.08072  0.55
core.pack.task: Packer task: initialize from command line() 
core.pack.pack_rotamers: built 6931 rotamers at 492 positions.
core.pack.interaction_graph.interaction_graph_factory: Instantiating DensePDInteractionGraph
protocols.relax.FastRelax: CMD: repack  -1105.59  3.08072  3.08072  0.55
protocols.relax.FastRelax: CMD: min  -1152.93  3.2907  3.2907  0.55
protocols.relax.FastRelax: MRP: 9  -1152.93  -1157.82  3.24116  3.24116  
protocols.relax.FastRelax: CMD: accept_to_best  -1152.93  3.2907  3.2907  0.55
protocols.relax.FastRelax: CMD: endrepeat  -1152.93  3.2907  3.2907  0.55
protocols.relax.FastRelax: CMD: coord_cst_weight  91941.9  3.2907  3.2907  0.55
protocols.relax.FastRelax: CMD: scale:fa_rep  91618.4  3.2907  3.2907  0.022
core.pack.task: Packer task: initialize from command line() 
core.pack.pack_rotamers: built 7632 rotamers at 492 positions.
core.pack.interaction_graph.interaction_graph_factory: Instantiating DensePDInteractionGraph
protocols.relax.FastRelax: CMD: repack  91601.6  3.2907  3.2907  0.022
protocols.relax.FastRelax: CMD: scale:fa_rep  91609  3.2907  3.2907  0.02805
core.optimization.Minimizer: [ WARNING ] LBFGS MAX CYCLES 2000 EXCEEDED, BUT FUNC NOT CONVERGED!
protocols.relax.FastRelax: CMD: min  -1277.93  0.178016  0.178016  0.02805
protocols.relax.FastRelax: CMD: coord_cst_weight  -1347.35  0.178016  0.178016  0.02805
protocols.relax.FastRelax: CMD: scale:fa_rep  -1028.56  0.178016  0.178016  0.14575
core.pack.task: Packer task: initialize from command line() 
core.pack.pack_rotamers: built 7293 rotamers at 492 positions.
core.pack.interaction_graph.interaction_graph_factory: Instantiating DensePDInteractionGraph
protocols.relax.FastRelax: CMD: repack  -1053.07  0.178016  0.178016  0.14575
protocols.relax.FastRelax: CMD: scale:fa_rep  -1032.43  0.178016  0.178016  0.154
protocols.relax.FastRelax: CMD: min  -1192.12  0.224387  0.224387  0.154
protocols.relax.FastRelax: CMD: coord_cst_weight  -1302.36  0.224387  0.224387  0.154
protocols.relax.FastRelax: CMD: scale:fa_rep  -1122.39  0.224387  0.224387  0.30745
core.pack.task: Packer task: initialize from command line() 
core.pack.pack_rotamers: built 7143 rotamers at 492 positions.
core.pack.interaction_graph.interaction_graph_factory: Instantiating DensePDInteractionGraph
protocols.relax.FastRelax: CMD: repack  -1123.14  0.224387  0.224387  0.30745
protocols.relax.FastRelax: CMD: scale:fa_rep  -1109.19  0.224387  0.224387  0.31955
protocols.relax.FastRelax: CMD: min  -1292.65  4.25385  4.25385  0.31955
protocols.relax.FastRelax: CMD: coord_cst_weight  -1292.65  4.25385  4.25385  0.31955
protocols.relax.FastRelax: CMD: scale:fa_rep  -1080.42  4.25385  4.25385  0.55
core.pack.task: Packer task: initialize from command line() 
core.pack.pack_rotamers: built 7006 rotamers at 492 positions.
core.pack.interaction_graph.interaction_graph_factory: Instantiating DensePDInteractionGraph
protocols.relax.FastRelax: CMD: repack  -1083.79  4.25385  4.25385  0.55
protocols.relax.FastRelax: CMD: min  -1153.4  4.30877  4.30877  0.55
protocols.relax.FastRelax: MRP: 10  -1153.4  -1157.82  3.24116  3.24116  
protocols.relax.FastRelax: CMD: accept_to_best  -1153.4  4.30877  4.30877  0.55
protocols.relax.FastRelax: CMD: endrepeat  -1153.4  4.30877  4.30877  0.55
protocols.relax.FastRelax: CMD: coord_cst_weight  110014  4.30877  4.30877  0.55
protocols.relax.FastRelax: CMD: scale:fa_rep  109688  4.30877  4.30877  0.022
core.pack.task: Packer task: initialize from command line() 
core.pack.pack_rotamers: built 7694 rotamers at 492 positions.
core.pack.interaction_graph.interaction_graph_factory: Instantiating DensePDInteractionGraph
protocols.relax.FastRelax: CMD: repack  109677  4.30877  4.30877  0.022
protocols.relax.FastRelax: CMD: scale:fa_rep  109687  4.30877  4.30877  0.02805
core.optimization.Minimizer: [ WARNING ] LBFGS MAX CYCLES 2000 EXCEEDED, BUT FUNC NOT CONVERGED!
protocols.relax.FastRelax: CMD: min  -1247.17  0.187363  0.187363  0.02805
protocols.relax.FastRelax: CMD: coord_cst_weight  -1323.59  0.187363  0.187363  0.02805
protocols.relax.FastRelax: CMD: scale:fa_rep  -990.957  0.187363  0.187363  0.14575
core.pack.task: Packer task: initialize from command line() 
core.pack.pack_rotamers: built 7277 rotamers at 492 positions.
core.pack.interaction_graph.interaction_graph_factory: Instantiating DensePDInteractionGraph
protocols.relax.FastRelax: CMD: repack  -1023.56  0.187363  0.187363  0.14575
protocols.relax.FastRelax: CMD: scale:fa_rep  -1003.12  0.187363  0.187363  0.154
protocols.relax.FastRelax: CMD: min  -1172.36  0.227889  0.227889  0.154
protocols.relax.FastRelax: CMD: coord_cst_weight  -1284.5  0.227889  0.227889  0.154
protocols.relax.FastRelax: CMD: scale:fa_rep  -1101.52  0.227889  0.227889  0.30745
core.pack.task: Packer task: initialize from command line() 
core.pack.pack_rotamers: built 7197 rotamers at 492 positions.
core.pack.interaction_graph.interaction_graph_factory: Instantiating DensePDInteractionGraph
protocols.relax.FastRelax: CMD: repack  -1104.21  0.227889  0.227889  0.30745
protocols.relax.FastRelax: CMD: scale:fa_rep  -1090.04  0.227889  0.227889  0.31955
protocols.relax.FastRelax: CMD: min  -1292.66  2.88718  2.88718  0.31955
protocols.relax.FastRelax: CMD: coord_cst_weight  -1292.66  2.88718  2.88718  0.31955
protocols.relax.FastRelax: CMD: scale:fa_rep  -1087.48  2.88718  2.88718  0.55
core.pack.task: Packer task: initialize from command line() 
core.pack.pack_rotamers: built 6980 rotamers at 492 positions.
core.pack.interaction_graph.interaction_graph_factory: Instantiating DensePDInteractionGraph
protocols.relax.FastRelax: CMD: repack  -1093.97  2.88718  2.88718  0.55
protocols.relax.FastRelax: CMD: min  -1149.88  3.191  3.191  0.55
protocols.relax.FastRelax: MRP: 11  -1149.88  -1157.82  3.24116  3.24116  
protocols.relax.FastRelax: CMD: accept_to_best  -1149.88  3.191  3.191  0.55
protocols.relax.FastRelax: CMD: endrepeat  -1149.88  3.191  3.191  0.55
protocols.relax.FastRelax: CMD: coord_cst_weight  51195.5  3.191  3.191  0.55
protocols.relax.FastRelax: CMD: scale:fa_rep  50872.1  3.191  3.191  0.022
core.pack.task: Packer task: initialize from command line() 
core.pack.pack_rotamers: built 7725 rotamers at 492 positions.
core.pack.interaction_graph.interaction_graph_factory: Instantiating DensePDInteractionGraph
protocols.relax.FastRelax: CMD: repack  50860  3.191  3.191  0.022
protocols.relax.FastRelax: CMD: scale:fa_rep  50868  3.191  3.191  0.02805
core.optimization.Minimizer: [ WARNING ] LBFGS MAX CYCLES 2000 EXCEEDED, BUT FUNC NOT CONVERGED!
protocols.relax.FastRelax: CMD: min  -1253.85  0.183779  0.183779  0.02805
protocols.relax.FastRelax: CMD: coord_cst_weight  -1326.54  0.183779  0.183779  0.02805
protocols.relax.FastRelax: CMD: scale:fa_rep  -1002.01  0.183779  0.183779  0.14575
core.pack.task: Packer task: initialize from command line() 
core.pack.pack_rotamers: built 7355 rotamers at 492 positions.
core.pack.interaction_graph.interaction_graph_factory: Instantiating DensePDInteractionGraph
protocols.relax.FastRelax: CMD: repack  -1036.34  0.183779  0.183779  0.14575
protocols.relax.FastRelax: CMD: scale:fa_rep  -1016.19  0.183779  0.183779  0.154
protocols.relax.FastRelax: CMD: min  -1170.72  0.230541  0.230541  0.154
protocols.relax.FastRelax: CMD: coord_cst_weight  -1286.14  0.230541  0.230541  0.154
protocols.relax.FastRelax: CMD: scale:fa_rep  -1108.48  0.230541  0.230541  0.30745
core.pack.task: Packer task: initialize from command line() 
core.pack.pack_rotamers: built 7160 rotamers at 492 positions.
core.pack.interaction_graph.interaction_graph_factory: Instantiating DensePDInteractionGraph
protocols.relax.FastRelax: CMD: repack  -1108.36  0.230541  0.230541  0.30745
protocols.relax.FastRelax: CMD: scale:fa_rep  -1094.43  0.230541  0.230541  0.31955
protocols.relax.FastRelax: CMD: min  -1300.76  3.13096  3.13096  0.31955
protocols.relax.FastRelax: CMD: coord_cst_weight  -1300.76  3.13096  3.13096  0.31955
protocols.relax.FastRelax: CMD: scale:fa_rep  -1094.99  3.13096  3.13096  0.55
core.pack.task: Packer task: initialize from command line() 
core.pack.pack_rotamers: built 7009 rotamers at 492 positions.
core.pack.interaction_graph.interaction_graph_factory: Instantiating DensePDInteractionGraph
protocols.relax.FastRelax: CMD: repack  -1097.11  3.13096  3.13096  0.55
protocols.relax.FastRelax: CMD: min  -1144.1  3.24241  3.24241  0.55
protocols.relax.FastRelax: MRP: 12  -1144.1  -1157.82  3.24116  3.24116  
protocols.relax.FastRelax: CMD: accept_to_best  -1144.1  3.24241  3.24241  0.55
protocols.relax.FastRelax: CMD: endrepeat  -1144.1  3.24241  3.24241  0.55
protocols.relax.FastRelax: CMD: coord_cst_weight  92840.2  3.24241  3.24241  0.55
protocols.relax.FastRelax: CMD: scale:fa_rep  92510.4  3.24241  3.24241  0.022
core.pack.task: Packer task: initialize from command line() 
core.pack.pack_rotamers: built 7748 rotamers at 492 positions.
core.pack.interaction_graph.interaction_graph_factory: Instantiating DensePDInteractionGraph
protocols.relax.FastRelax: CMD: repack  92496.7  3.24241  3.24241  0.022
protocols.relax.FastRelax: CMD: scale:fa_rep  92503.8  3.24241  3.24241  0.02805
core.optimization.Minimizer: [ WARNING ] LBFGS MAX CYCLES 2000 EXCEEDED, BUT FUNC NOT CONVERGED!
protocols.relax.FastRelax: CMD: min  -1261.28  0.183125  0.183125  0.02805
protocols.relax.FastRelax: CMD: coord_cst_weight  -1333.37  0.183125  0.183125  0.02805
protocols.relax.FastRelax: CMD: scale:fa_rep  -1011.35  0.183125  0.183125  0.14575
core.pack.task: Packer task: initialize from command line() 
core.pack.pack_rotamers: built 7355 rotamers at 492 positions.
core.pack.interaction_graph.interaction_graph_factory: Instantiating DensePDInteractionGraph
protocols.relax.FastRelax: CMD: repack  -1038.65  0.183125  0.183125  0.14575
protocols.relax.FastRelax: CMD: scale:fa_rep  -1018.45  0.183125  0.183125  0.154
protocols.relax.FastRelax: CMD: min  -1176.58  0.228712  0.228712  0.154
protocols.relax.FastRelax: CMD: coord_cst_weight  -1290.17  0.228712  0.228712  0.154
protocols.relax.FastRelax: CMD: scale:fa_rep  -1106.89  0.228712  0.228712  0.30745
core.pack.task: Packer task: initialize from command line() 
core.pack.pack_rotamers: built 7153 rotamers at 492 positions.
core.pack.interaction_graph.interaction_graph_factory: Instantiating DensePDInteractionGraph
protocols.relax.FastRelax: CMD: repack  -1107.63  0.228712  0.228712  0.30745
protocols.relax.FastRelax: CMD: scale:fa_rep  -1093.46  0.228712  0.228712  0.31955
protocols.relax.FastRelax: CMD: min  -1291.48  3.80473  3.80473  0.31955
protocols.relax.FastRelax: CMD: coord_cst_weight  -1291.48  3.80473  3.80473  0.31955
protocols.relax.FastRelax: CMD: scale:fa_rep  -1086.65  3.80473  3.80473  0.55
core.pack.task: Packer task: initialize from command line() 
core.pack.pack_rotamers: built 7044 rotamers at 492 positions.
core.pack.interaction_graph.interaction_graph_factory: Instantiating DensePDInteractionGraph
protocols.relax.FastRelax: CMD: repack  -1087.98  3.80473  3.80473  0.55
protocols.relax.FastRelax: CMD: min  -1137.79  3.73564  3.73564  0.55
protocols.relax.FastRelax: MRP: 13  -1137.79  -1157.82  3.24116  3.24116  
protocols.relax.FastRelax: CMD: accept_to_best  -1137.79  3.73564  3.73564  0.55
protocols.relax.FastRelax: CMD: endrepeat  -1137.79  3.73564  3.73564  0.55
protocols.relax.FastRelax: CMD: coord_cst_weight  84712.5  3.73564  3.73564  0.55
protocols.relax.FastRelax: CMD: scale:fa_rep  84389.3  3.73564  3.73564  0.022
core.pack.task: Packer task: initialize from command line() 
core.pack.pack_rotamers: built 7808 rotamers at 492 positions.
core.pack.interaction_graph.interaction_graph_factory: Instantiating DensePDInteractionGraph
protocols.relax.FastRelax: CMD: repack  84371.4  3.73564  3.73564  0.022
protocols.relax.FastRelax: CMD: scale:fa_rep  84378.2  3.73564  3.73564  0.02805
core.optimization.Minimizer: [ WARNING ] LBFGS MAX CYCLES 2000 EXCEEDED, BUT FUNC NOT CONVERGED!
protocols.relax.FastRelax: CMD: min  -1256.45  0.184869  0.184869  0.02805
protocols.relax.FastRelax: CMD: coord_cst_weight  -1330.31  0.184869  0.184869  0.02805
protocols.relax.FastRelax: CMD: scale:fa_rep  -1009.57  0.184869  0.184869  0.14575
core.pack.task: Packer task: initialize from command line() 
core.pack.pack_rotamers: built 7292 rotamers at 492 positions.
core.pack.interaction_graph.interaction_graph_factory: Instantiating DensePDInteractionGraph
protocols.relax.FastRelax: CMD: repack  -1037.87  0.184869  0.184869  0.14575
protocols.relax.FastRelax: CMD: scale:fa_rep  -1017.11  0.184869  0.184869  0.154
protocols.relax.FastRelax: CMD: min  -1184.91  0.223973  0.223973  0.154
protocols.relax.FastRelax: CMD: coord_cst_weight  -1295.57  0.223973  0.223973  0.154
protocols.relax.FastRelax: CMD: scale:fa_rep  -1112.15  0.223973  0.223973  0.30745
core.pack.task: Packer task: initialize from command line() 
core.pack.pack_rotamers: built 7138 rotamers at 492 positions.
core.pack.interaction_graph.interaction_graph_factory: Instantiating DensePDInteractionGraph
protocols.relax.FastRelax: CMD: repack  -1113.84  0.223973  0.223973  0.30745
protocols.relax.FastRelax: CMD: scale:fa_rep  -1099.62  0.223973  0.223973  0.31955
protocols.relax.FastRelax: CMD: min  -1178.13  3.97728  3.97728  0.31955
protocols.relax.FastRelax: CMD: coord_cst_weight  -1178.13  3.97728  3.97728  0.31955
protocols.relax.FastRelax: CMD: scale:fa_rep  -890.514  3.97728  3.97728  0.55
core.pack.task: Packer task: initialize from command line() 
core.pack.pack_rotamers: built 7094 rotamers at 492 positions.
core.pack.interaction_graph.interaction_graph_factory: Instantiating DensePDInteractionGraph
protocols.relax.FastRelax: CMD: repack  -894.611  3.97728  3.97728  0.55
protocols.relax.FastRelax: CMD: min  -1147.44  3.78776  3.78776  0.55
protocols.relax.FastRelax: MRP: 14  -1147.44  -1157.82  3.24116  3.24116  
protocols.relax.FastRelax: CMD: accept_to_best  -1147.44  3.78776  3.78776  0.55
protocols.relax.FastRelax: CMD: endrepeat  -1147.44  3.78776  3.78776  0.55
protocols::checkpoint: Deleting checkpoints of FastRelax
protocols.jd2.JobDistributor: target.BL00010001_9_0001 reported success in 14218 seconds
protocols.jd2.PDBJobInputter: PDBJobInputter::pose_from_job
protocols.jd2.PDBJobInputter: filling pose from saved copy ../1-modeller/target.BL00010001.pdb
protocols.relax.FastRelax: CMD: repeat  4476.34  0  0  0.55
protocols.relax.FastRelax: CMD: coord_cst_weight  4476.34  0  0  0.55
protocols.relax.FastRelax: CMD: scale:fa_rep  806.987  0  0  0.022
core.pack.task: Packer task: initialize from command line() 
core.pack.pack_rotamers: built 8129 rotamers at 492 positions.
core.pack.interaction_graph.interaction_graph_factory: Instantiating DensePDInteractionGraph
protocols.relax.FastRelax: CMD: repack  -874.63  0  0  0.022
protocols.relax.FastRelax: CMD: scale:fa_rep  -830.714  0  0  0.02805
core.optimization.Minimizer: [ WARNING ] LBFGS MAX CYCLES 2000 EXCEEDED, BUT FUNC NOT CONVERGED!
protocols.relax.FastRelax: CMD: min  -1294.5  0.149227  0.149227  0.02805
protocols.relax.FastRelax: CMD: coord_cst_weight  -1341.3  0.149227  0.149227  0.02805
protocols.relax.FastRelax: CMD: scale:fa_rep  -936.744  0.149227  0.149227  0.14575
core.pack.task: Packer task: initialize from command line() 
core.pack.pack_rotamers: built 7404 rotamers at 492 positions.
core.pack.interaction_graph.interaction_graph_factory: Instantiating DensePDInteractionGraph
protocols.relax.FastRelax: CMD: repack  -972.303  0.149227  0.149227  0.14575
protocols.relax.FastRelax: CMD: scale:fa_rep  -948.626  0.149227  0.149227  0.154
protocols.relax.FastRelax: CMD: min  -1146.36  0.204501  0.204501  0.154
protocols.relax.FastRelax: CMD: coord_cst_weight  -1235.86  0.204501  0.204501  0.154
protocols.relax.FastRelax: CMD: scale:fa_rep  -1038.8  0.204501  0.204501  0.30745
core.pack.task: Packer task: initialize from command line() 
core.pack.pack_rotamers: built 7232 rotamers at 492 positions.
core.pack.interaction_graph.interaction_graph_factory: Instantiating DensePDInteractionGraph
protocols.relax.FastRelax: CMD: repack  -1040.85  0.204501  0.204501  0.30745
protocols.relax.FastRelax: CMD: scale:fa_rep  -1025.44  0.204501  0.204501  0.31955
protocols.relax.FastRelax: CMD: min  -1239.11  2.68524  2.68524  0.31955
protocols.relax.FastRelax: CMD: coord_cst_weight  -1239.11  2.68524  2.68524  0.31955
protocols.relax.FastRelax: CMD: scale:fa_rep  -1028.68  2.68524  2.68524  0.55
core.pack.task: Packer task: initialize from command line() 
core.pack.pack_rotamers: built 7029 rotamers at 492 positions.
core.pack.interaction_graph.interaction_graph_factory: Instantiating DensePDInteractionGraph
protocols.relax.FastRelax: CMD: repack  -1037.45  2.68524  2.68524  0.55
protocols.relax.FastRelax: CMD: min  -1099.19  2.91261  2.91261  0.55
protocols.relax.FastRelax: MRP: 0  -1099.19  -1099.19  2.91261  2.91261  
protocols.relax.FastRelax: CMD: accept_to_best  -1099.19  2.91261  2.91261  0.55
protocols.relax.FastRelax: CMD: endrepeat  -1099.19  2.91261  2.91261  0.55
protocols.relax.FastRelax: CMD: coord_cst_weight  96914.6  2.91261  2.91261  0.55
protocols.relax.FastRelax: CMD: scale:fa_rep  96578.8  2.91261  2.91261  0.022
core.pack.task: Packer task: initialize from command line() 
core.pack.pack_rotamers: built 7780 rotamers at 492 positions.
core.pack.interaction_graph.interaction_graph_factory: Instantiating DensePDInteractionGraph
protocols.relax.FastRelax: CMD: repack  96562.5  2.91261  2.91261  0.022
protocols.relax.FastRelax: CMD: scale:fa_rep  96577.5  2.91261  2.91261  0.02805
core.optimization.Minimizer: [ WARNING ] LBFGS MAX CYCLES 2000 EXCEEDED, BUT FUNC NOT CONVERGED!
protocols.relax.FastRelax: CMD: min  -1275.93  0.170487  0.170487  0.02805
protocols.relax.FastRelax: CMD: coord_cst_weight  -1339.47  0.170487  0.170487  0.02805
protocols.relax.FastRelax: CMD: scale:fa_rep  -981.69  0.170487  0.170487  0.14575
core.pack.task: Packer task: initialize from command line() 
core.pack.pack_rotamers: built 7365 rotamers at 492 positions.
core.pack.interaction_graph.interaction_graph_factory: Instantiating DensePDInteractionGraph
protocols.relax.FastRelax: CMD: repack  -1028.5  0.170487  0.170487  0.14575
protocols.relax.FastRelax: CMD: scale:fa_rep  -1007.1  0.170487  0.170487  0.154
protocols.relax.FastRelax: CMD: min  -1185.65  0.217571  0.217571  0.154
protocols.relax.FastRelax: CMD: coord_cst_weight  -1288.52  0.217571  0.217571  0.154
protocols.relax.FastRelax: CMD: scale:fa_rep  -1100.96  0.217571  0.217571  0.30745
core.pack.task: Packer task: initialize from command line() 
core.pack.pack_rotamers: built 7114 rotamers at 492 positions.
core.pack.interaction_graph.interaction_graph_factory: Instantiating DensePDInteractionGraph
protocols.relax.FastRelax: CMD: repack  -1101.23  0.217571  0.217571  0.30745
protocols.relax.FastRelax: CMD: scale:fa_rep  -1086.56  0.217571  0.217571  0.31955
protocols.relax.FastRelax: CMD: min  -1280.6  3.40038  3.40038  0.31955
protocols.relax.FastRelax: CMD: coord_cst_weight  -1280.6  3.40038  3.40038  0.31955
protocols.relax.FastRelax: CMD: scale:fa_rep  -1072.63  3.40038  3.40038  0.55
core.pack.task: Packer task: initialize from command line() 
core.pack.pack_rotamers: built 6950 rotamers at 492 positions.
core.pack.interaction_graph.interaction_graph_factory: Instantiating DensePDInteractionGraph
protocols.relax.FastRelax: CMD: repack  -1077.66  3.40038  3.40038  0.55
protocols.relax.FastRelax: CMD: min  -1133.86  3.47373  3.47373  0.55
protocols.relax.FastRelax: MRP: 1  -1133.86  -1133.86  3.47373  3.47373  
protocols.relax.FastRelax: CMD: accept_to_best  -1133.86  3.47373  3.47373  0.55
protocols.relax.FastRelax: CMD: endrepeat  -1133.86  3.47373  3.47373  0.55
protocols.relax.FastRelax: CMD: coord_cst_weight  92511.1  3.47373  3.47373  0.55
protocols.relax.FastRelax: CMD: scale:fa_rep  92182.5  3.47373  3.47373  0.022
core.pack.task: Packer task: initialize from command line() 
core.pack.pack_rotamers: built 7741 rotamers at 492 positions.
core.pack.interaction_graph.interaction_graph_factory: Instantiating DensePDInteractionGraph
protocols.relax.FastRelax: CMD: repack  92163.2  3.47373  3.47373  0.022
protocols.relax.FastRelax: CMD: scale:fa_rep  92171.3  3.47373  3.47373  0.02805
core.optimization.Minimizer: [ WARNING ] LBFGS MAX CYCLES 2000 EXCEEDED, BUT FUNC NOT CONVERGED!
protocols.relax.FastRelax: CMD: min  -1283.8  0.177558  0.177558  0.02805
protocols.relax.FastRelax: CMD: coord_cst_weight  -1353.16  0.177558  0.177558  0.02805
protocols.relax.FastRelax: CMD: scale:fa_rep  -1018.17  0.177558  0.177558  0.14575
core.pack.task: Packer task: initialize from command line() 
core.pack.pack_rotamers: built 7363 rotamers at 492 positions.
core.pack.interaction_graph.interaction_graph_factory: Instantiating DensePDInteractionGraph
protocols.relax.FastRelax: CMD: repack  -1049  0.177558  0.177558  0.14575
protocols.relax.FastRelax: CMD: scale:fa_rep  -1028.07  0.177558  0.177558  0.154
protocols.relax.FastRelax: CMD: min  -1187.73  0.222651  0.222651  0.154
protocols.relax.FastRelax: CMD: coord_cst_weight  -1296.4  0.222651  0.222651  0.154
protocols.relax.FastRelax: CMD: scale:fa_rep  -1109.27  0.222651  0.222651  0.30745
core.pack.task: Packer task: initialize from command line() 
core.pack.pack_rotamers: built 7103 rotamers at 492 positions.
core.pack.interaction_graph.interaction_graph_factory: Instantiating DensePDInteractionGraph
protocols.relax.FastRelax: CMD: repack  -1110.11  0.222651  0.222651  0.30745
protocols.relax.FastRelax: CMD: scale:fa_rep  -1095.45  0.222651  0.222651  0.31955
protocols.relax.FastRelax: CMD: min  -1279.21  2.13928  2.13928  0.31955
protocols.relax.FastRelax: CMD: coord_cst_weight  -1279.21  2.13928  2.13928  0.31955
protocols.relax.FastRelax: CMD: scale:fa_rep  -1072.78  2.13928  2.13928  0.55
core.pack.task: Packer task: initialize from command line() 
core.pack.pack_rotamers: built 6899 rotamers at 492 positions.
core.pack.interaction_graph.interaction_graph_factory: Instantiating DensePDInteractionGraph
protocols.relax.FastRelax: CMD: repack  -1078.21  2.13928  2.13928  0.55
protocols.relax.FastRelax: CMD: min  -1138.82  2.24349  2.24349  0.55
protocols.relax.FastRelax: MRP: 2  -1138.82  -1138.82  2.24349  2.24349  
protocols.relax.FastRelax: CMD: accept_to_best  -1138.82  2.24349  2.24349  0.55
protocols.relax.FastRelax: CMD: endrepeat  -1138.82  2.24349  2.24349  0.55
protocols.relax.FastRelax: CMD: coord_cst_weight  36494.1  2.24349  2.24349  0.55
protocols.relax.FastRelax: CMD: scale:fa_rep  36168.7  2.24349  2.24349  0.022
core.pack.task: Packer task: initialize from command line() 
core.pack.pack_rotamers: built 7657 rotamers at 492 positions.
core.pack.interaction_graph.interaction_graph_factory: Instantiating DensePDInteractionGraph
protocols.relax.FastRelax: CMD: repack  36164.7  2.24349  2.24349  0.022
protocols.relax.FastRelax: CMD: scale:fa_rep  36176.5  2.24349  2.24349  0.02805
core.optimization.Minimizer: [ WARNING ] LBFGS MAX CYCLES 2000 EXCEEDED, BUT FUNC NOT CONVERGED!
protocols.relax.FastRelax: CMD: min  -1278.34  0.176967  0.176967  0.02805
protocols.relax.FastRelax: CMD: coord_cst_weight  -1347  0.176967  0.176967  0.02805
protocols.relax.FastRelax: CMD: scale:fa_rep  -976.981  0.176967  0.176967  0.14575
core.pack.task: Packer task: initialize from command line() 
core.pack.pack_rotamers: built 7334 rotamers at 492 positions.
core.pack.interaction_graph.interaction_graph_factory: Instantiating DensePDInteractionGraph
protocols.relax.FastRelax: CMD: repack  -1044.62  0.176967  0.176967  0.14575
protocols.relax.FastRelax: CMD: scale:fa_rep  -1023.41  0.176967  0.176967  0.154
protocols.relax.FastRelax: CMD: min  -1194.59  0.220886  0.220886  0.154
protocols.relax.FastRelax: CMD: coord_cst_weight  -1301.85  0.220886  0.220886  0.154
protocols.relax.FastRelax: CMD: scale:fa_rep  -1116.08  0.220886  0.220886  0.30745
core.pack.task: Packer task: initialize from command line() 
core.pack.pack_rotamers: built 7143 rotamers at 492 positions.
core.pack.interaction_graph.interaction_graph_factory: Instantiating DensePDInteractionGraph
protocols.relax.FastRelax: CMD: repack  -1116.63  0.220886  0.220886  0.30745
protocols.relax.FastRelax: CMD: scale:fa_rep  -1102.07  0.220886  0.220886  0.31955
protocols.relax.FastRelax: CMD: min  -1298.08  3.18314  3.18314  0.31955
protocols.relax.FastRelax: CMD: coord_cst_weight  -1298.08  3.18314  3.18314  0.31955
protocols.relax.FastRelax: CMD: scale:fa_rep  -1089.32  3.18314  3.18314  0.55
core.pack.task: Packer task: initialize from command line() 
core.pack.pack_rotamers: built 6913 rotamers at 492 positions.
core.pack.interaction_graph.interaction_graph_factory: Instantiating DensePDInteractionGraph
protocols.relax.FastRelax: CMD: repack  -1092.02  3.18314  3.18314  0.55
protocols.relax.FastRelax: CMD: min  -1144.53  3.36626  3.36626  0.55
protocols.relax.FastRelax: MRP: 3  -1144.53  -1144.53  3.36626  3.36626  
protocols.relax.FastRelax: CMD: accept_to_best  -1144.53  3.36626  3.36626  0.55
protocols.relax.FastRelax: CMD: endrepeat  -1144.53  3.36626  3.36626  0.55
protocols.relax.FastRelax: CMD: coord_cst_weight  49527.2  3.36626  3.36626  0.55
protocols.relax.FastRelax: CMD: scale:fa_rep  49197  3.36626  3.36626  0.022
core.pack.task: Packer task: initialize from command line() 
core.pack.pack_rotamers: built 7670 rotamers at 492 positions.
core.pack.interaction_graph.interaction_graph_factory: Instantiating DensePDInteractionGraph
protocols.relax.FastRelax: CMD: repack  49182.5  3.36626  3.36626  0.022
protocols.relax.FastRelax: CMD: scale:fa_rep  49189.2  3.36626  3.36626  0.02805
core.optimization.Minimizer: [ WARNING ] LBFGS MAX CYCLES 2000 EXCEEDED, BUT FUNC NOT CONVERGED!
protocols.relax.FastRelax: CMD: min  -1287.55  0.178457  0.178457  0.02805
protocols.relax.FastRelax: CMD: coord_cst_weight  -1356.38  0.178457  0.178457  0.02805
protocols.relax.FastRelax: CMD: scale:fa_rep  -1021.82  0.178457  0.178457  0.14575
core.pack.task: Packer task: initialize from command line() 
core.pack.pack_rotamers: built 7322 rotamers at 492 positions.
core.pack.interaction_graph.interaction_graph_factory: Instantiating DensePDInteractionGraph
protocols.relax.FastRelax: CMD: repack  -1053.25  0.178457  0.178457  0.14575
protocols.relax.FastRelax: CMD: scale:fa_rep  -1032.34  0.178457  0.178457  0.154
protocols.relax.FastRelax: CMD: min  -1189.77  0.223329  0.223329  0.154
protocols.relax.FastRelax: CMD: coord_cst_weight  -1298.3  0.223329  0.223329  0.154
protocols.relax.FastRelax: CMD: scale:fa_rep  -1112.74  0.223329  0.223329  0.30745
core.pack.task: Packer task: initialize from command line() 
core.pack.pack_rotamers: built 7095 rotamers at 492 positions.
core.pack.interaction_graph.interaction_graph_factory: Instantiating DensePDInteractionGraph
protocols.relax.FastRelax: CMD: repack  -1112.44  0.223329  0.223329  0.30745
protocols.relax.FastRelax: CMD: scale:fa_rep  -1097.88  0.223329  0.223329  0.31955
protocols.relax.FastRelax: CMD: min  -1289.86  2.689  2.689  0.31955
protocols.relax.FastRelax: CMD: coord_cst_weight  -1289.86  2.689  2.689  0.31955
protocols.relax.FastRelax: CMD: scale:fa_rep  -1082.19  2.689  2.689  0.55
core.pack.task: Packer task: initialize from command line() 
core.pack.pack_rotamers: built 6903 rotamers at 492 positions.
core.pack.interaction_graph.interaction_graph_factory: Instantiating DensePDInteractionGraph
protocols.relax.FastRelax: CMD: repack  -1085.8  2.689  2.689  0.55
protocols.relax.FastRelax: CMD: min  -1144  3.09856  3.09856  0.55
protocols.relax.FastRelax: MRP: 4  -1144  -1144.53  3.36626  3.36626  
protocols.relax.FastRelax: CMD: accept_to_best  -1144  3.09856  3.09856  0.55
protocols.relax.FastRelax: CMD: endrepeat  -1144  3.09856  3.09856  0.55
protocols.relax.FastRelax: CMD: coord_cst_weight  42574.3  3.09856  3.09856  0.55
protocols.relax.FastRelax: CMD: scale:fa_rep  42245.3  3.09856  3.09856  0.022
core.pack.task: Packer task: initialize from command line() 
core.pack.pack_rotamers: built 7696 rotamers at 492 positions.
core.pack.interaction_graph.interaction_graph_factory: Instantiating DensePDInteractionGraph
protocols.relax.FastRelax: CMD: repack  42229.4  3.09856  3.09856  0.022
protocols.relax.FastRelax: CMD: scale:fa_rep  42239.1  3.09856  3.09856  0.02805
core.optimization.Minimizer: [ WARNING ] LBFGS MAX CYCLES 2000 EXCEEDED, BUT FUNC NOT CONVERGED!
protocols.relax.FastRelax: CMD: min  -1271.5  0.187978  0.187978  0.02805
protocols.relax.FastRelax: CMD: coord_cst_weight  -1346.61  0.187978  0.187978  0.02805
protocols.relax.FastRelax: CMD: scale:fa_rep  -965.916  0.187978  0.187978  0.14575
core.pack.task: Packer task: initialize from command line() 
core.pack.pack_rotamers: built 7295 rotamers at 492 positions.
core.pack.interaction_graph.interaction_graph_factory: Instantiating DensePDInteractionGraph
protocols.relax.FastRelax: CMD: repack  -1033.94  0.187978  0.187978  0.14575
protocols.relax.FastRelax: CMD: scale:fa_rep  -1012.36  0.187978  0.187978  0.154
protocols.relax.FastRelax: CMD: min  -1189.59  0.223939  0.223939  0.154
protocols.relax.FastRelax: CMD: coord_cst_weight  -1298.43  0.223939  0.223939  0.154
protocols.relax.FastRelax: CMD: scale:fa_rep  -1113.68  0.223939  0.223939  0.30745
core.pack.task: Packer task: initialize from command line() 
core.pack.pack_rotamers: built 7109 rotamers at 492 positions.
core.pack.interaction_graph.interaction_graph_factory: Instantiating DensePDInteractionGraph
protocols.relax.FastRelax: CMD: repack  -1113.71  0.223939  0.223939  0.30745
protocols.relax.FastRelax: CMD: scale:fa_rep  -1099.27  0.223939  0.223939  0.31955
protocols.relax.FastRelax: CMD: min  -1297.1  2.64065  2.64065  0.31955
protocols.relax.FastRelax: CMD: coord_cst_weight  -1297.1  2.64065  2.64065  0.31955
protocols.relax.FastRelax: CMD: scale:fa_rep  -1088.43  2.64065  2.64065  0.55
core.pack.task: Packer task: initialize from command line() 
core.pack.pack_rotamers: built 6877 rotamers at 492 positions.
core.pack.interaction_graph.interaction_graph_factory: Instantiating DensePDInteractionGraph
protocols.relax.FastRelax: CMD: repack  -1089.82  2.64065  2.64065  0.55
protocols.relax.FastRelax: CMD: min  -1147.84  2.84556  2.84556  0.55
protocols.relax.FastRelax: MRP: 5  -1147.84  -1147.84  2.84556  2.84556  
protocols.relax.FastRelax: CMD: accept_to_best  -1147.84  2.84556  2.84556  0.55
protocols.relax.FastRelax: CMD: endrepeat  -1147.84  2.84556  2.84556  0.55
protocols.relax.FastRelax: CMD: coord_cst_weight  48027.3  2.84556  2.84556  0.55
protocols.relax.FastRelax: CMD: scale:fa_rep  47695.3  2.84556  2.84556  0.022
core.pack.task: Packer task: initialize from command line() 
core.pack.pack_rotamers: built 7675 rotamers at 492 positions.
core.pack.interaction_graph.interaction_graph_factory: Instantiating DensePDInteractionGraph
protocols.relax.FastRelax: CMD: repack  47676.2  2.84556  2.84556  0.022
protocols.relax.FastRelax: CMD: scale:fa_rep  47684.4  2.84556  2.84556  0.02805
core.optimization.Minimizer: [ WARNING ] LBFGS MAX CYCLES 2000 EXCEEDED, BUT FUNC NOT CONVERGED!
protocols.relax.FastRelax: CMD: min  -1268.08  0.185159  0.185159  0.02805
protocols.relax.FastRelax: CMD: coord_cst_weight  -1342.86  0.185159  0.185159  0.02805
protocols.relax.FastRelax: CMD: scale:fa_rep  -988.302  0.185159  0.185159  0.14575
core.pack.task: Packer task: initialize from command line() 
core.pack.pack_rotamers: built 7342 rotamers at 492 positions.
core.pack.interaction_graph.interaction_graph_factory: Instantiating DensePDInteractionGraph
protocols.relax.FastRelax: CMD: repack  -1047.33  0.185159  0.185159  0.14575
protocols.relax.FastRelax: CMD: scale:fa_rep  -1026.77  0.185159  0.185159  0.154
protocols.relax.FastRelax: CMD: min  -1189.48  0.223797  0.223797  0.154
protocols.relax.FastRelax: CMD: coord_cst_weight  -1298.53  0.223797  0.223797  0.154
protocols.relax.FastRelax: CMD: scale:fa_rep  -1114.57  0.223797  0.223797  0.30745
core.pack.task: Packer task: initialize from command line() 
core.pack.pack_rotamers: built 7083 rotamers at 492 positions.
core.pack.interaction_graph.interaction_graph_factory: Instantiating DensePDInteractionGraph
protocols.relax.FastRelax: CMD: repack  -1115.16  0.223797  0.223797  0.30745
protocols.relax.FastRelax: CMD: scale:fa_rep  -1100.8  0.223797  0.223797  0.31955
protocols.relax.FastRelax: CMD: min  -1295.35  3.08377  3.08377  0.31955
protocols.relax.FastRelax: CMD: coord_cst_weight  -1295.35  3.08377  3.08377  0.31955
protocols.relax.FastRelax: CMD: scale:fa_rep  -1087.62  3.08377  3.08377  0.55
core.pack.task: Packer task: initialize from command line() 
core.pack.pack_rotamers: built 6902 rotamers at 492 positions.
core.pack.interaction_graph.interaction_graph_factory: Instantiating DensePDInteractionGraph
protocols.relax.FastRelax: CMD: repack  -1091.85  3.08377  3.08377  0.55
protocols.relax.FastRelax: CMD: min  -1146.28  3.26153  3.26153  0.55
protocols.relax.FastRelax: MRP: 6  -1146.28  -1147.84  2.84556  2.84556  
protocols.relax.FastRelax: CMD: accept_to_best  -1146.28  3.26153  3.26153  0.55
protocols.relax.FastRelax: CMD: endrepeat  -1146.28  3.26153  3.26153  0.55
protocols.relax.FastRelax: CMD: coord_cst_weight  44505.9  3.26153  3.26153  0.55
protocols.relax.FastRelax: CMD: scale:fa_rep  44175.8  3.26153  3.26153  0.022
core.pack.task: Packer task: initialize from command line() 
core.pack.pack_rotamers: built 7694 rotamers at 492 positions.
core.pack.interaction_graph.interaction_graph_factory: Instantiating DensePDInteractionGraph
protocols.relax.FastRelax: CMD: repack  44150.6  3.26153  3.26153  0.022
protocols.relax.FastRelax: CMD: scale:fa_rep  44156.7  3.26153  3.26153  0.02805
core.optimization.Minimizer: [ WARNING ] LBFGS MAX CYCLES 2000 EXCEEDED, BUT FUNC NOT CONVERGED!
protocols.relax.FastRelax: CMD: min  -1265.36  0.190444  0.190444  0.02805
protocols.relax.FastRelax: CMD: coord_cst_weight  -1344.1  0.190444  0.190444  0.02805
protocols.relax.FastRelax: CMD: scale:fa_rep  -979.234  0.190444  0.190444  0.14575
core.pack.task: Packer task: initialize from command line() 
core.pack.pack_rotamers: built 7333 rotamers at 492 positions.
core.pack.interaction_graph.interaction_graph_factory: Instantiating DensePDInteractionGraph
protocols.relax.FastRelax: CMD: repack  -1038.11  0.190444  0.190444  0.14575
protocols.relax.FastRelax: CMD: scale:fa_rep  -1017.47  0.190444  0.190444  0.154
protocols.relax.FastRelax: CMD: min  -1186.5  0.224847  0.224847  0.154
protocols.relax.FastRelax: CMD: coord_cst_weight  -1296.81  0.224847  0.224847  0.154
protocols.relax.FastRelax: CMD: scale:fa_rep  -1114.41  0.224847  0.224847  0.30745
core.pack.task: Packer task: initialize from command line() 
core.pack.pack_rotamers: built 7112 rotamers at 492 positions.
core.pack.interaction_graph.interaction_graph_factory: Instantiating DensePDInteractionGraph
protocols.relax.FastRelax: CMD: repack  -1113.71  0.224847  0.224847  0.30745
protocols.relax.FastRelax: CMD: scale:fa_rep  -1099.37  0.224847  0.224847  0.31955
protocols.relax.FastRelax: CMD: min  -1300.31  3.45659  3.45659  0.31955
protocols.relax.FastRelax: CMD: coord_cst_weight  -1300.31  3.45659  3.45659  0.31955
protocols.relax.FastRelax: CMD: scale:fa_rep  -1091.59  3.45659  3.45659  0.55
core.pack.task: Packer task: initialize from command line() 
core.pack.pack_rotamers: built 6910 rotamers at 492 positions.
core.pack.interaction_graph.interaction_graph_factory: Instantiating DensePDInteractionGraph
protocols.relax.FastRelax: CMD: repack  -1100.56  3.45659  3.45659  0.55
protocols.relax.FastRelax: CMD: min  -1159.47  3.81855  3.81855  0.55
protocols.relax.FastRelax: MRP: 7  -1159.47  -1159.47  3.81855  3.81855  
protocols.relax.FastRelax: CMD: accept_to_best  -1159.47  3.81855  3.81855  0.55
protocols.relax.FastRelax: CMD: endrepeat  -1159.47  3.81855  3.81855  0.55
protocols.relax.FastRelax: CMD: coord_cst_weight  63395.3  3.81855  3.81855  0.55
protocols.relax.FastRelax: CMD: scale:fa_rep  63063.8  3.81855  3.81855  0.022
core.pack.task: Packer task: initialize from command line() 
core.pack.pack_rotamers: built 7724 rotamers at 492 positions.
core.pack.interaction_graph.interaction_graph_factory: Instantiating DensePDInteractionGraph
protocols.relax.FastRelax: CMD: repack  63049.7  3.81855  3.81855  0.022
protocols.relax.FastRelax: CMD: scale:fa_rep  63055.9  3.81855  3.81855  0.02805
core.optimization.Minimizer: [ WARNING ] LBFGS MAX CYCLES 2000 EXCEEDED, BUT FUNC NOT CONVERGED!
protocols.relax.FastRelax: CMD: min  -1270.96  0.184291  0.184291  0.02805
protocols.relax.FastRelax: CMD: coord_cst_weight  -1344.53  0.184291  0.184291  0.02805
protocols.relax.FastRelax: CMD: scale:fa_rep  -1014.58  0.184291  0.184291  0.14575
core.pack.task: Packer task: initialize from command line() 
core.pack.pack_rotamers: built 7335 rotamers at 492 positions.
core.pack.interaction_graph.interaction_graph_factory: Instantiating DensePDInteractionGraph
protocols.relax.FastRelax: CMD: repack  -1035.49  0.184291  0.184291  0.14575
protocols.relax.FastRelax: CMD: scale:fa_rep  -1014.16  0.184291  0.184291  0.154
protocols.relax.FastRelax: CMD: min  -1183.71  0.22942  0.22942  0.154
protocols.relax.FastRelax: CMD: coord_cst_weight  -1297.19  0.22942  0.22942  0.154
protocols.relax.FastRelax: CMD: scale:fa_rep  -1113.65  0.22942  0.22942  0.30745
core.pack.task: Packer task: initialize from command line() 
core.pack.pack_rotamers: built 7106 rotamers at 492 positions.
core.pack.interaction_graph.interaction_graph_factory: Instantiating DensePDInteractionGraph
protocols.relax.FastRelax: CMD: repack  -1114.72  0.22942  0.22942  0.30745
protocols.relax.FastRelax: CMD: scale:fa_rep  -1100.35  0.22942  0.22942  0.31955
protocols.relax.FastRelax: CMD: min  -1123.02  3.16898  3.16898  0.31955
protocols.relax.FastRelax: CMD: coord_cst_weight  -1123.02  3.16898  3.16898  0.31955
protocols.relax.FastRelax: CMD: scale:fa_rep  -789.34  3.16898  3.16898  0.55
core.pack.task: Packer task: initialize from command line() 
core.pack.pack_rotamers: built 6890 rotamers at 492 positions.
core.pack.interaction_graph.interaction_graph_factory: Instantiating DensePDInteractionGraph
protocols.relax.FastRelax: CMD: repack  -1098  3.16898  3.16898  0.55
protocols.relax.FastRelax: CMD: min  -1159.35  3.07846  3.07846  0.55
protocols.relax.FastRelax: MRP: 8  -1159.35  -1159.47  3.81855  3.81855  
protocols.relax.FastRelax: CMD: accept_to_best  -1159.35  3.07846  3.07846  0.55
protocols.relax.FastRelax: CMD: endrepeat  -1159.35  3.07846  3.07846  0.55
protocols.relax.FastRelax: CMD: coord_cst_weight  63378.1  3.07846  3.07846  0.55
protocols.relax.FastRelax: CMD: scale:fa_rep  63047.4  3.07846  3.07846  0.022
core.pack.task: Packer task: initialize from command line() 
core.pack.pack_rotamers: built 7673 rotamers at 492 positions.
core.pack.interaction_graph.interaction_graph_factory: Instantiating DensePDInteractionGraph
protocols.relax.FastRelax: CMD: repack  63030.8  3.07846  3.07846  0.022
protocols.relax.FastRelax: CMD: scale:fa_rep  63036.7  3.07846  3.07846  0.02805
core.optimization.Minimizer: [ WARNING ] LBFGS MAX CYCLES 2000 EXCEEDED, BUT FUNC NOT CONVERGED!
protocols.relax.FastRelax: CMD: min  -1255.89  0.183643  0.183643  0.02805
protocols.relax.FastRelax: CMD: coord_cst_weight  -1330.1  0.183643  0.183643  0.02805
protocols.relax.FastRelax: CMD: scale:fa_rep  -933.809  0.183643  0.183643  0.14575
core.pack.task: Packer task: initialize from command line() 
core.pack.pack_rotamers: built 7310 rotamers at 492 positions.
core.pack.interaction_graph.interaction_graph_factory: Instantiating DensePDInteractionGraph
protocols.relax.FastRelax: CMD: repack  -1049.62  0.183643  0.183643  0.14575
protocols.relax.FastRelax: CMD: scale:fa_rep  -1028.74  0.183643  0.183643  0.154
protocols.relax.FastRelax: CMD: min  -1193.38  0.223385  0.223385  0.154
protocols.relax.FastRelax: CMD: coord_cst_weight  -1303.06  0.223385  0.223385  0.154
protocols.relax.FastRelax: CMD: scale:fa_rep  -1119.94  0.223385  0.223385  0.30745
core.pack.task: Packer task: initialize from command line() 
core.pack.pack_rotamers: built 7103 rotamers at 492 positions.
core.pack.interaction_graph.interaction_graph_factory: Instantiating DensePDInteractionGraph
protocols.relax.FastRelax: CMD: repack  -1121.02  0.223385  0.223385  0.30745
protocols.relax.FastRelax: CMD: scale:fa_rep  -1106.74  0.223385  0.223385  0.31955
protocols.relax.FastRelax: CMD: min  -1127.11  3.24218  3.24218  0.31955
protocols.relax.FastRelax: CMD: coord_cst_weight  -1127.11  3.24218  3.24218  0.31955
protocols.relax.FastRelax: CMD: scale:fa_rep  -792.076  3.24218  3.24218  0.55
core.pack.task: Packer task: initialize from command line() 
core.pack.pack_rotamers: built 6887 rotamers at 492 positions.
core.pack.interaction_graph.interaction_graph_factory: Instantiating DensePDInteractionGraph
protocols.relax.FastRelax: CMD: repack  -1100.7  3.24218  3.24218  0.55
protocols.relax.FastRelax: CMD: min  -1159.12  3.53744  3.53744  0.55
protocols.relax.FastRelax: MRP: 9  -1159.12  -1159.47  3.81855  3.81855  
protocols.relax.FastRelax: CMD: accept_to_best  -1159.12  3.53744  3.53744  0.55
protocols.relax.FastRelax: CMD: endrepeat  -1159.12  3.53744  3.53744  0.55
protocols.relax.FastRelax: CMD: coord_cst_weight  66502.1  3.53744  3.53744  0.55
protocols.relax.FastRelax: CMD: scale:fa_rep  66170.5  3.53744  3.53744  0.022
core.pack.task: Packer task: initialize from command line() 
core.pack.pack_rotamers: built 7733 rotamers at 492 positions.
core.pack.interaction_graph.interaction_graph_factory: Instantiating DensePDInteractionGraph
protocols.relax.FastRelax: CMD: repack  66168.1  3.53744  3.53744  0.022
protocols.relax.FastRelax: CMD: scale:fa_rep  66175.3  3.53744  3.53744  0.02805
core.optimization.Minimizer: [ WARNING ] LBFGS MAX CYCLES 2000 EXCEEDED, BUT FUNC NOT CONVERGED!
protocols.relax.FastRelax: CMD: min  -1258.83  0.182407  0.182407  0.02805
protocols.relax.FastRelax: CMD: coord_cst_weight  -1332.2  0.182407  0.182407  0.02805
protocols.relax.FastRelax: CMD: scale:fa_rep  -955.727  0.182407  0.182407  0.14575
core.pack.task: Packer task: initialize from command line() 
core.pack.pack_rotamers: built 7272 rotamers at 492 positions.
core.pack.interaction_graph.interaction_graph_factory: Instantiating DensePDInteractionGraph
protocols.relax.FastRelax: CMD: repack  -1041.5  0.182407  0.182407  0.14575
protocols.relax.FastRelax: CMD: scale:fa_rep  -1020.52  0.182407  0.182407  0.154
protocols.relax.FastRelax: CMD: min  -1189.96  0.224017  0.224017  0.154
protocols.relax.FastRelax: CMD: coord_cst_weight  -1299.98  0.224017  0.224017  0.154
protocols.relax.FastRelax: CMD: scale:fa_rep  -1114.66  0.224017  0.224017  0.30745
core.pack.task: Packer task: initialize from command line() 
core.pack.pack_rotamers: built 7077 rotamers at 492 positions.
core.pack.interaction_graph.interaction_graph_factory: Instantiating DensePDInteractionGraph
protocols.relax.FastRelax: CMD: repack  -1116.51  0.224017  0.224017  0.30745
protocols.relax.FastRelax: CMD: scale:fa_rep  -1102.07  0.224017  0.224017  0.31955
protocols.relax.FastRelax: CMD: min  -1287.49  2.52249  2.52249  0.31955
protocols.relax.FastRelax: CMD: coord_cst_weight  -1287.49  2.52249  2.52249  0.31955
protocols.relax.FastRelax: CMD: scale:fa_rep  -1079.64  2.52249  2.52249  0.55
core.pack.task: Packer task: initialize from command line() 
core.pack.pack_rotamers: built 6879 rotamers at 492 positions.
core.pack.interaction_graph.interaction_graph_factory: Instantiating DensePDInteractionGraph
protocols.relax.FastRelax: CMD: repack  -1082.91  2.52249  2.52249  0.55
protocols.relax.FastRelax: CMD: min  -1146.95  3.49182  3.49182  0.55
protocols.relax.FastRelax: MRP: 10  -1146.95  -1159.47  3.81855  3.81855  
protocols.relax.FastRelax: CMD: accept_to_best  -1146.95  3.49182  3.49182  0.55
protocols.relax.FastRelax: CMD: endrepeat  -1146.95  3.49182  3.49182  0.55
protocols.relax.FastRelax: CMD: coord_cst_weight  51574.4  3.49182  3.49182  0.55
protocols.relax.FastRelax: CMD: scale:fa_rep  51247.5  3.49182  3.49182  0.022
core.pack.task: Packer task: initialize from command line() 
core.pack.pack_rotamers: built 7739 rotamers at 492 positions.
core.pack.interaction_graph.interaction_graph_factory: Instantiating DensePDInteractionGraph
protocols.relax.FastRelax: CMD: repack  51225.2  3.49182  3.49182  0.022
protocols.relax.FastRelax: CMD: scale:fa_rep  51231  3.49182  3.49182  0.02805
core.optimization.Minimizer: [ WARNING ] LBFGS MAX CYCLES 2000 EXCEEDED, BUT FUNC NOT CONVERGED!
protocols.relax.FastRelax: CMD: min  -1272.25  0.182898  0.182898  0.02805
protocols.relax.FastRelax: CMD: coord_cst_weight  -1346.26  0.182898  0.182898  0.02805
protocols.relax.FastRelax: CMD: scale:fa_rep  -997.419  0.182898  0.182898  0.14575
core.pack.task: Packer task: initialize from command line() 
core.pack.pack_rotamers: built 7298 rotamers at 492 positions.
core.pack.interaction_graph.interaction_graph_factory: Instantiating DensePDInteractionGraph
protocols.relax.FastRelax: CMD: repack  -1019.9  0.182898  0.182898  0.14575
protocols.relax.FastRelax: CMD: scale:fa_rep  -997.439  0.182898  0.182898  0.154
protocols.relax.FastRelax: CMD: min  -1175.09  0.232128  0.232128  0.154
protocols.relax.FastRelax: CMD: coord_cst_weight  -1292.74  0.232128  0.232128  0.154
protocols.relax.FastRelax: CMD: scale:fa_rep  -1106.39  0.232128  0.232128  0.30745
core.pack.task: Packer task: initialize from command line() 
core.pack.pack_rotamers: built 7114 rotamers at 492 positions.
core.pack.interaction_graph.interaction_graph_factory: Instantiating DensePDInteractionGraph
protocols.relax.FastRelax: CMD: repack  -1116.29  0.232128  0.232128  0.30745
protocols.relax.FastRelax: CMD: scale:fa_rep  -1101.81  0.232128  0.232128  0.31955
protocols.relax.FastRelax: CMD: min  -1297.79  3.39493  3.39493  0.31955
protocols.relax.FastRelax: CMD: coord_cst_weight  -1297.79  3.39493  3.39493  0.31955
protocols.relax.FastRelax: CMD: scale:fa_rep  -1093  3.39493  3.39493  0.55
core.pack.task: Packer task: initialize from command line() 
core.pack.pack_rotamers: built 6940 rotamers at 492 positions.
core.pack.interaction_graph.interaction_graph_factory: Instantiating DensePDInteractionGraph
protocols.relax.FastRelax: CMD: repack  -1096.53  3.39493  3.39493  0.55
protocols.relax.FastRelax: CMD: min  -1146.24  3.85687  3.85687  0.55
protocols.relax.FastRelax: MRP: 11  -1146.24  -1159.47  3.81855  3.81855  
protocols.relax.FastRelax: CMD: accept_to_best  -1146.24  3.85687  3.85687  0.55
protocols.relax.FastRelax: CMD: endrepeat  -1146.24  3.85687  3.85687  0.55
protocols.relax.FastRelax: CMD: coord_cst_weight  62466.6  3.85687  3.85687  0.55
protocols.relax.FastRelax: CMD: scale:fa_rep  62139.8  3.85687  3.85687  0.022
core.pack.task: Packer task: initialize from command line() 
core.pack.pack_rotamers: built 7723 rotamers at 492 positions.
core.pack.interaction_graph.interaction_graph_factory: Instantiating DensePDInteractionGraph
protocols.relax.FastRelax: CMD: repack  62118.6  3.85687  3.85687  0.022
protocols.relax.FastRelax: CMD: scale:fa_rep  62125.4  3.85687  3.85687  0.02805
core.optimization.Minimizer: [ WARNING ] LBFGS MAX CYCLES 2000 EXCEEDED, BUT FUNC NOT CONVERGED!
protocols.relax.FastRelax: CMD: min  -1270.56  0.185122  0.185122  0.02805
protocols.relax.FastRelax: CMD: coord_cst_weight  -1345.45  0.185122  0.185122  0.02805
protocols.relax.FastRelax: CMD: scale:fa_rep  -977.445  0.185122  0.185122  0.14575
core.pack.task: Packer task: initialize from command line() 
core.pack.pack_rotamers: built 7242 rotamers at 492 positions.
core.pack.interaction_graph.interaction_graph_factory: Instantiating DensePDInteractionGraph
protocols.relax.FastRelax: CMD: repack  -1029.99  0.185122  0.185122  0.14575
protocols.relax.FastRelax: CMD: scale:fa_rep  -1008.19  0.185122  0.185122  0.154
protocols.relax.FastRelax: CMD: min  -1188.13  0.227787  0.227787  0.154
protocols.relax.FastRelax: CMD: coord_cst_weight  -1301.41  0.227787  0.227787  0.154
protocols.relax.FastRelax: CMD: scale:fa_rep  -1115.11  0.227787  0.227787  0.30745
core.pack.task: Packer task: initialize from command line() 
core.pack.pack_rotamers: built 7065 rotamers at 492 positions.
core.pack.interaction_graph.interaction_graph_factory: Instantiating DensePDInteractionGraph
protocols.relax.FastRelax: CMD: repack  -1115.48  0.227787  0.227787  0.30745
protocols.relax.FastRelax: CMD: scale:fa_rep  -1100.84  0.227787  0.227787  0.31955
protocols.relax.FastRelax: CMD: min  -1301.29  3.40745  3.40745  0.31955
protocols.relax.FastRelax: CMD: coord_cst_weight  -1301.29  3.40745  3.40745  0.31955
protocols.relax.FastRelax: CMD: scale:fa_rep  -1095.96  3.40745  3.40745  0.55
core.pack.task: Packer task: initialize from command line() 
core.pack.pack_rotamers: built 6939 rotamers at 492 positions.
core.pack.interaction_graph.interaction_graph_factory: Instantiating DensePDInteractionGraph
protocols.relax.FastRelax: CMD: repack  -1099.66  3.40745  3.40745  0.55
protocols.relax.FastRelax: CMD: min  -1156.48  3.76312  3.76312  0.55
protocols.relax.FastRelax: MRP: 12  -1156.48  -1159.47  3.81855  3.81855  
protocols.relax.FastRelax: CMD: accept_to_best  -1156.48  3.76312  3.76312  0.55
protocols.relax.FastRelax: CMD: endrepeat  -1156.48  3.76312  3.76312  0.55
protocols.relax.FastRelax: CMD: coord_cst_weight  61343.1  3.76312  3.76312  0.55
protocols.relax.FastRelax: CMD: scale:fa_rep  61018.7  3.76312  3.76312  0.022
core.pack.task: Packer task: initialize from command line() 
core.pack.pack_rotamers: built 7729 rotamers at 492 positions.
core.pack.interaction_graph.interaction_graph_factory: Instantiating DensePDInteractionGraph
protocols.relax.FastRelax: CMD: repack  60992.4  3.76312  3.76312  0.022
protocols.relax.FastRelax: CMD: scale:fa_rep  60999.7  3.76312  3.76312  0.02805
core.optimization.Minimizer: [ WARNING ] LBFGS MAX CYCLES 2000 EXCEEDED, BUT FUNC NOT CONVERGED!
protocols.relax.FastRelax: CMD: min  -1259.83  0.190262  0.190262  0.02805
protocols.relax.FastRelax: CMD: coord_cst_weight  -1339.14  0.190262  0.190262  0.02805
protocols.relax.FastRelax: CMD: scale:fa_rep  -958.67  0.190262  0.190262  0.14575
core.pack.task: Packer task: initialize from command line() 
core.pack.pack_rotamers: built 7344 rotamers at 492 positions.
core.pack.interaction_graph.interaction_graph_factory: Instantiating DensePDInteractionGraph
protocols.relax.FastRelax: CMD: repack  -1041.94  0.190262  0.190262  0.14575
protocols.relax.FastRelax: CMD: scale:fa_rep  -1020.22  0.190262  0.190262  0.154
protocols.relax.FastRelax: CMD: min  -1189.78  0.232195  0.232195  0.154
protocols.relax.FastRelax: CMD: coord_cst_weight  -1308.14  0.232195  0.232195  0.154
protocols.relax.FastRelax: CMD: scale:fa_rep  -1121.28  0.232195  0.232195  0.30745
core.pack.task: Packer task: initialize from command line() 
core.pack.pack_rotamers: built 7113 rotamers at 492 positions.
core.pack.interaction_graph.interaction_graph_factory: Instantiating DensePDInteractionGraph
protocols.relax.FastRelax: CMD: repack  -1121.06  0.232195  0.232195  0.30745
protocols.relax.FastRelax: CMD: scale:fa_rep  -1106.42  0.232195  0.232195  0.31955
protocols.relax.FastRelax: CMD: min  -1318.93  3.18101  3.18101  0.31955
protocols.relax.FastRelax: CMD: coord_cst_weight  -1318.93  3.18101  3.18101  0.31955
protocols.relax.FastRelax: CMD: scale:fa_rep  -1112.96  3.18101  3.18101  0.55
core.pack.task: Packer task: initialize from command line() 
core.pack.pack_rotamers: built 6951 rotamers at 492 positions.
core.pack.interaction_graph.interaction_graph_factory: Instantiating DensePDInteractionGraph
protocols.relax.FastRelax: CMD: repack  -1117.41  3.18101  3.18101  0.55
protocols.relax.FastRelax: CMD: min  -1171.31  3.43652  3.43652  0.55
protocols.relax.FastRelax: MRP: 13  -1171.31  -1171.31  3.43652  3.43652  
protocols.relax.FastRelax: CMD: accept_to_best  -1171.31  3.43652  3.43652  0.55
protocols.relax.FastRelax: CMD: endrepeat  -1171.31  3.43652  3.43652  0.55
protocols.relax.FastRelax: CMD: coord_cst_weight  49289.2  3.43652  3.43652  0.55
protocols.relax.FastRelax: CMD: scale:fa_rep  48963  3.43652  3.43652  0.022
core.pack.task: Packer task: initialize from command line() 
core.pack.pack_rotamers: built 7715 rotamers at 492 positions.
core.pack.interaction_graph.interaction_graph_factory: Instantiating DensePDInteractionGraph
protocols.relax.FastRelax: CMD: repack  48970.4  3.43652  3.43652  0.022
protocols.relax.FastRelax: CMD: scale:fa_rep  48981.7  3.43652  3.43652  0.02805
core.optimization.Minimizer: [ WARNING ] LBFGS MAX CYCLES 2000 EXCEEDED, BUT FUNC NOT CONVERGED!
protocols.relax.FastRelax: CMD: min  -1246.06  0.18822  0.18822  0.02805
protocols.relax.FastRelax: CMD: coord_cst_weight  -1324.11  0.18822  0.18822  0.02805
protocols.relax.FastRelax: CMD: scale:fa_rep  -937.517  0.18822  0.18822  0.14575
core.pack.task: Packer task: initialize from command line() 
core.pack.pack_rotamers: built 7348 rotamers at 492 positions.
core.pack.interaction_graph.interaction_graph_factory: Instantiating DensePDInteractionGraph
protocols.relax.FastRelax: CMD: repack  -1047.31  0.18822  0.18822  0.14575
protocols.relax.FastRelax: CMD: scale:fa_rep  -1026.85  0.18822  0.18822  0.154
protocols.relax.FastRelax: CMD: min  -1189.11  0.229174  0.229174  0.154
protocols.relax.FastRelax: CMD: coord_cst_weight  -1304.15  0.229174  0.229174  0.154
protocols.relax.FastRelax: CMD: scale:fa_rep  -1116.85  0.229174  0.229174  0.30745
core.pack.task: Packer task: initialize from command line() 
core.pack.pack_rotamers: built 7117 rotamers at 492 positions.
core.pack.interaction_graph.interaction_graph_factory: Instantiating DensePDInteractionGraph
protocols.relax.FastRelax: CMD: repack  -1118.29  0.229174  0.229174  0.30745
protocols.relax.FastRelax: CMD: scale:fa_rep  -1103.68  0.229174  0.229174  0.31955
protocols.relax.FastRelax: CMD: min  -1266.34  3.82631  3.82631  0.31955
protocols.relax.FastRelax: CMD: coord_cst_weight  -1266.34  3.82631  3.82631  0.31955
protocols.relax.FastRelax: CMD: scale:fa_rep  -1026.94  3.82631  3.82631  0.55
core.pack.task: Packer task: initialize from command line() 
core.pack.pack_rotamers: built 6925 rotamers at 492 positions.
core.pack.interaction_graph.interaction_graph_factory: Instantiating DensePDInteractionGraph
protocols.relax.FastRelax: CMD: repack  -1113.9  3.82631  3.82631  0.55
protocols.relax.FastRelax: CMD: min  -1180.99  4.00384  4.00384  0.55
protocols.relax.FastRelax: MRP: 14  -1180.99  -1180.99  4.00384  4.00384  
protocols.relax.FastRelax: CMD: accept_to_best  -1180.99  4.00384  4.00384  0.55
protocols.relax.FastRelax: CMD: endrepeat  -1180.99  4.00384  4.00384  0.55
protocols::checkpoint: Deleting checkpoints of FastRelax
protocols.jd2.JobDistributor: target.BL00010001_9_0002 reported success in 14036 seconds
protocols.jd2.PDBJobInputter: PDBJobInputter::pose_from_job
protocols.jd2.PDBJobInputter: filling pose from PDB ../1-modeller/target.BL00010001.pdb
core.import_pose.import_pose: File '../1-modeller/target.BL00010001.pdb' automatically determined to be of type PDB from contents.
core.io.rcsb.ExperimentalTechnique: [ ERROR ] Unrecognized experimental technique string 'THEORETICAL MODEL, MODELLER 10.8 2026/08/10 16:18:02'
protocols.relax.FastRelax: CMD: repeat  4476.34  0  0  0.55
protocols.relax.FastRelax: CMD: coord_cst_weight  4476.34  0  0  0.55
protocols.relax.FastRelax: CMD: scale:fa_rep  806.987  0  0  0.022
core.pack.task: Packer task: initialize from command line() 
core.pack.pack_rotamers: built 8129 rotamers at 492 positions.
core.pack.interaction_graph.interaction_graph_factory: Instantiating DensePDInteractionGraph
protocols.relax.FastRelax: CMD: repack  -879.188  0  0  0.022
protocols.relax.FastRelax: CMD: scale:fa_rep  -838.667  0  0  0.02805
core.optimization.Minimizer: [ WARNING ] LBFGS MAX CYCLES 2000 EXCEEDED, BUT FUNC NOT CONVERGED!
protocols.relax.FastRelax: CMD: min  -1298.28  0.149359  0.149359  0.02805
protocols.relax.FastRelax: CMD: coord_cst_weight  -1345.08  0.149359  0.149359  0.02805
protocols.relax.FastRelax: CMD: scale:fa_rep  -944.347  0.149359  0.149359  0.14575
core.pack.task: Packer task: initialize from command line() 
core.pack.pack_rotamers: built 7486 rotamers at 492 positions.
core.pack.interaction_graph.interaction_graph_factory: Instantiating DensePDInteractionGraph
protocols.relax.FastRelax: CMD: repack  -996.379  0.149359  0.149359  0.14575
protocols.relax.FastRelax: CMD: scale:fa_rep  -974.857  0.149359  0.149359  0.154
core.optimization.Minimizer: [ WARNING ] LBFGS MAX CYCLES 2000 EXCEEDED, BUT FUNC NOT CONVERGED!
protocols.relax.FastRelax: CMD: min  -1167.88  0.207976  0.207976  0.154
protocols.relax.FastRelax: CMD: coord_cst_weight  -1260.52  0.207976  0.207976  0.154
protocols.relax.FastRelax: CMD: scale:fa_rep  -1072.49  0.207976  0.207976  0.30745
core.pack.task: Packer task: initialize from command line() 
core.pack.pack_rotamers: built 7205 rotamers at 492 positions.
core.pack.interaction_graph.interaction_graph_factory: Instantiating DensePDInteractionGraph
protocols.relax.FastRelax: CMD: repack  -1076.01  0.207976  0.207976  0.30745
protocols.relax.FastRelax: CMD: scale:fa_rep  -1061.22  0.207976  0.207976  0.31955
protocols.relax.FastRelax: CMD: min  -1245.54  2.98753  2.98753  0.31955
protocols.relax.FastRelax: CMD: coord_cst_weight  -1245.54  2.98753  2.98753  0.31955
protocols.relax.FastRelax: CMD: scale:fa_rep  -1031.98  2.98753  2.98753  0.55
core.pack.task: Packer task: initialize from command line() 
core.pack.pack_rotamers: built 7055 rotamers at 492 positions.
core.pack.interaction_graph.interaction_graph_factory: Instantiating DensePDInteractionGraph
protocols.relax.FastRelax: CMD: repack  -1038.09  2.98753  2.98753  0.55
protocols.relax.FastRelax: CMD: min  -1103.42  3.2567  3.2567  0.55
protocols.relax.FastRelax: MRP: 0  -1103.42  -1103.42  3.2567  3.2567  
protocols.relax.FastRelax: CMD: accept_to_best  -1103.42  3.2567  3.2567  0.55
protocols.relax.FastRelax: CMD: endrepeat  -1103.42  3.2567  3.2567  0.55
protocols.relax.FastRelax: CMD: coord_cst_weight  97454.5  3.2567  3.2567  0.55
protocols.relax.FastRelax: CMD: scale:fa_rep  97116.4  3.2567  3.2567  0.022
core.pack.task: Packer task: initialize from command line() 
core.pack.pack_rotamers: built 7801 rotamers at 492 positions.
core.pack.interaction_graph.interaction_graph_factory: Instantiating DensePDInteractionGraph
protocols.relax.FastRelax: CMD: repack  97091.6  3.2567  3.2567  0.022
protocols.relax.FastRelax: CMD: scale:fa_rep  97100.3  3.2567  3.2567  0.02805
core.optimization.Minimizer: [ WARNING ] LBFGS MAX CYCLES 2000 EXCEEDED, BUT FUNC NOT CONVERGED!
protocols.relax.FastRelax: CMD: min  -1228.36  0.182848  0.182848  0.02805
protocols.relax.FastRelax: CMD: coord_cst_weight  -1300.35  0.182848  0.182848  0.02805
protocols.relax.FastRelax: CMD: scale:fa_rep  -942.781  0.182848  0.182848  0.14575
core.pack.task: Packer task: initialize from command line() 
core.pack.pack_rotamers: built 7324 rotamers at 492 positions.
core.pack.interaction_graph.interaction_graph_factory: Instantiating DensePDInteractionGraph
protocols.relax.FastRelax: CMD: repack  -1028.38  0.182848  0.182848  0.14575
protocols.relax.FastRelax: CMD: scale:fa_rep  -1008.29  0.182848  0.182848  0.154
protocols.relax.FastRelax: CMD: min  -1175.36  0.218808  0.218808  0.154
protocols.relax.FastRelax: CMD: coord_cst_weight  -1278  0.218808  0.218808  0.154
protocols.relax.FastRelax: CMD: scale:fa_rep  -1092.71  0.218808  0.218808  0.30745
core.pack.task: Packer task: initialize from command line() 
core.pack.pack_rotamers: built 7109 rotamers at 492 positions.
core.pack.interaction_graph.interaction_graph_factory: Instantiating DensePDInteractionGraph
protocols.relax.FastRelax: CMD: repack  -1094.77  0.218808  0.218808  0.30745
protocols.relax.FastRelax: CMD: scale:fa_rep  -1080.3  0.218808  0.218808  0.31955
protocols.relax.FastRelax: CMD: min  -1280.59  2.89898  2.89898  0.31955
protocols.relax.FastRelax: CMD: coord_cst_weight  -1280.59  2.89898  2.89898  0.31955
protocols.relax.FastRelax: CMD: scale:fa_rep  -1070.74  2.89898  2.89898  0.55
core.pack.task: Packer task: initialize from command line() 
core.pack.pack_rotamers: built 7012 rotamers at 492 positions.
core.pack.interaction_graph.interaction_graph_factory: Instantiating DensePDInteractionGraph
protocols.relax.FastRelax: CMD: repack  -1072.78  2.89898  2.89898  0.55
protocols.relax.FastRelax: CMD: min  -1125.16  3.23705  3.23705  0.55
protocols.relax.FastRelax: MRP: 1  -1125.16  -1125.16  3.23705  3.23705  
protocols.relax.FastRelax: CMD: accept_to_best  -1125.16  3.23705  3.23705  0.55
protocols.relax.FastRelax: CMD: endrepeat  -1125.16  3.23705  3.23705  0.55
protocols.relax.FastRelax: CMD: coord_cst_weight  161059  3.23705  3.23705  0.55
protocols.relax.FastRelax: CMD: scale:fa_rep  160726  3.23705  3.23705  0.022
core.pack.task: Packer task: initialize from command line() 
core.pack.pack_rotamers: built 7789 rotamers at 492 positions.
core.pack.interaction_graph.interaction_graph_factory: Instantiating DensePDInteractionGraph
protocols.relax.FastRelax: CMD: repack  160710  3.23705  3.23705  0.022
protocols.relax.FastRelax: CMD: scale:fa_rep  160717  3.23705  3.23705  0.02805
core.optimization.Minimizer: [ WARNING ] LBFGS MAX CYCLES 2000 EXCEEDED, BUT FUNC NOT CONVERGED!
protocols.relax.FastRelax: CMD: min  -1245.92  0.185134  0.185134  0.02805
protocols.relax.FastRelax: CMD: coord_cst_weight  -1319.98  0.185134  0.185134  0.02805
protocols.relax.FastRelax: CMD: scale:fa_rep  -980.556  0.185134  0.185134  0.14575
core.pack.task: Packer task: initialize from command line() 
core.pack.pack_rotamers: built 7304 rotamers at 492 positions.
core.pack.interaction_graph.interaction_graph_factory: Instantiating DensePDInteractionGraph
protocols.relax.FastRelax: CMD: repack  -1037.41  0.185134  0.185134  0.14575
protocols.relax.FastRelax: CMD: scale:fa_rep  -1017.7  0.185134  0.185134  0.154
protocols.relax.FastRelax: CMD: min  -1189.82  0.218388  0.218388  0.154
protocols.relax.FastRelax: CMD: coord_cst_weight  -1293.76  0.218388  0.218388  0.154
protocols.relax.FastRelax: CMD: scale:fa_rep  -1112.05  0.218388  0.218388  0.30745
core.pack.task: Packer task: initialize from command line() 
core.pack.pack_rotamers: built 7124 rotamers at 492 positions.
core.pack.interaction_graph.interaction_graph_factory: Instantiating DensePDInteractionGraph
protocols.relax.FastRelax: CMD: repack  -1112.3  0.218388  0.218388  0.30745
protocols.relax.FastRelax: CMD: scale:fa_rep  -1098.11  0.218388  0.218388  0.31955
protocols.relax.FastRelax: CMD: min  -1281.03  2.97738  2.97738  0.31955
protocols.relax.FastRelax: CMD: coord_cst_weight  -1281.03  2.97738  2.97738  0.31955
protocols.relax.FastRelax: CMD: scale:fa_rep  -1073.1  2.97738  2.97738  0.55
core.pack.task: Packer task: initialize from command line() 
core.pack.pack_rotamers: built 7045 rotamers at 492 positions.
core.pack.interaction_graph.interaction_graph_factory: Instantiating DensePDInteractionGraph
protocols.relax.FastRelax: CMD: repack  -1077.99  2.97738  2.97738  0.55
protocols.relax.FastRelax: CMD: min  -1136.03  3.28901  3.28901  0.55
protocols.relax.FastRelax: MRP: 2  -1136.03  -1136.03  3.28901  3.28901  
protocols.relax.FastRelax: CMD: accept_to_best  -1136.03  3.28901  3.28901  0.55
protocols.relax.FastRelax: CMD: endrepeat  -1136.03  3.28901  3.28901  0.55
protocols.relax.FastRelax: CMD: coord_cst_weight  103212  3.28901  3.28901  0.55
protocols.relax.FastRelax: CMD: scale:fa_rep  102884  3.28901  3.28901  0.022
core.pack.task: Packer task: initialize from command line() 
core.pack.pack_rotamers: built 7721 rotamers at 492 positions.
core.pack.interaction_graph.interaction_graph_factory: Instantiating DensePDInteractionGraph
protocols.relax.FastRelax: CMD: repack  102889  3.28901  3.28901  0.022
protocols.relax.FastRelax: CMD: scale:fa_rep  102904  3.28901  3.28901  0.02805
core.optimization.Minimizer: [ WARNING ] LBFGS MAX CYCLES 2000 EXCEEDED, BUT FUNC NOT CONVERGED!
protocols.relax.FastRelax: CMD: min  -1249.69  0.186177  0.186177  0.02805
protocols.relax.FastRelax: CMD: coord_cst_weight  -1323.59  0.186177  0.186177  0.02805
protocols.relax.FastRelax: CMD: scale:fa_rep  -937.415  0.186177  0.186177  0.14575
core.pack.task: Packer task: initialize from command line() 
core.pack.pack_rotamers: built 7327 rotamers at 492 positions.
core.pack.interaction_graph.interaction_graph_factory: Instantiating DensePDInteractionGraph
protocols.relax.FastRelax: CMD: repack  -1026.51  0.186177  0.186177  0.14575
protocols.relax.FastRelax: CMD: scale:fa_rep  -1005.81  0.186177  0.186177  0.154
protocols.relax.FastRelax: CMD: min  -1182.09  0.223173  0.223173  0.154
protocols.relax.FastRelax: CMD: coord_cst_weight  -1289.97  0.223173  0.223173  0.154
protocols.relax.FastRelax: CMD: scale:fa_rep  -1110.06  0.223173  0.223173  0.30745
core.pack.task: Packer task: initialize from command line() 
core.pack.pack_rotamers: built 7168 rotamers at 492 positions.
core.pack.interaction_graph.interaction_graph_factory: Instantiating DensePDInteractionGraph
protocols.relax.FastRelax: CMD: repack  -1110.07  0.223173  0.223173  0.30745
protocols.relax.FastRelax: CMD: scale:fa_rep  -1095.94  0.223173  0.223173  0.31955
protocols.relax.FastRelax: CMD: min  -1298.59  2.74741  2.74741  0.31955
protocols.relax.FastRelax: CMD: coord_cst_weight  -1298.59  2.74741  2.74741  0.31955
protocols.relax.FastRelax: CMD: scale:fa_rep  -1092.15  2.74741  2.74741  0.55
core.pack.task: Packer task: initialize from command line() 
core.pack.pack_rotamers: built 7009 rotamers at 492 positions.
core.pack.interaction_graph.interaction_graph_factory: Instantiating DensePDInteractionGraph
protocols.relax.FastRelax: CMD: repack  -1093.88  2.74741  2.74741  0.55
protocols.relax.FastRelax: CMD: min  -1156.87  2.97521  2.97521  0.55
protocols.relax.FastRelax: MRP: 3  -1156.87  -1156.87  2.97521  2.97521  
protocols.relax.FastRelax: CMD: accept_to_best  -1156.87  2.97521  2.97521  0.55
protocols.relax.FastRelax: CMD: endrepeat  -1156.87  2.97521  2.97521  0.55
protocols.relax.FastRelax: CMD: coord_cst_weight  103098  2.97521  2.97521  0.55
protocols.relax.FastRelax: CMD: scale:fa_rep  102771  2.97521  2.97521  0.022
core.pack.task: Packer task: initialize from command line() 
core.pack.pack_rotamers: built 7734 rotamers at 492 positions.
core.pack.interaction_graph.interaction_graph_factory: Instantiating DensePDInteractionGraph
protocols.relax.FastRelax: CMD: repack  102766  2.97521  2.97521  0.022
protocols.relax.FastRelax: CMD: scale:fa_rep  102774  2.97521  2.97521  0.02805
core.optimization.Minimizer: [ WARNING ] LBFGS MAX CYCLES 2000 EXCEEDED, BUT FUNC NOT CONVERGED!
protocols.relax.FastRelax: CMD: min  -1251  0.183603  0.183603  0.02805
protocols.relax.FastRelax: CMD: coord_cst_weight  -1324.11  0.183603  0.183603  0.02805
protocols.relax.FastRelax: CMD: scale:fa_rep  -960.712  0.183603  0.183603  0.14575
core.pack.task: Packer task: initialize from command line() 
core.pack.pack_rotamers: built 7370 rotamers at 492 positions.
core.pack.interaction_graph.interaction_graph_factory: Instantiating DensePDInteractionGraph
protocols.relax.FastRelax: CMD: repack  -1032.94  0.183603  0.183603  0.14575
protocols.relax.FastRelax: CMD: scale:fa_rep  -1012.38  0.183603  0.183603  0.154
protocols.relax.FastRelax: CMD: min  -1186.67  0.223615  0.223615  0.154
protocols.relax.FastRelax: CMD: coord_cst_weight  -1294.96  0.223615  0.223615  0.154
protocols.relax.FastRelax: CMD: scale:fa_rep  -1111.83  0.223615  0.223615  0.30745
core.pack.task: Packer task: initialize from command line() 
core.pack.pack_rotamers: built 7170 rotamers at 492 positions.
core.pack.interaction_graph.interaction_graph_factory: Instantiating DensePDInteractionGraph
protocols.relax.FastRelax: CMD: repack  -1112.11  0.223615  0.223615  0.30745
protocols.relax.FastRelax: CMD: scale:fa_rep  -1097.72  0.223615  0.223615  0.31955
protocols.relax.FastRelax: CMD: min  -1282.22  2.97042  2.97042  0.31955
protocols.relax.FastRelax: CMD: coord_cst_weight  -1282.22  2.97042  2.97042  0.31955
protocols.relax.FastRelax: CMD: scale:fa_rep  -1076.19  2.97042  2.97042  0.55
core.pack.task: Packer task: initialize from command line() 
core.pack.pack_rotamers: built 7036 rotamers at 492 positions.
core.pack.interaction_graph.interaction_graph_factory: Instantiating DensePDInteractionGraph
protocols.relax.FastRelax: CMD: repack  -1083.94  2.97042  2.97042  0.55
protocols.relax.FastRelax: CMD: min  -1146.13  3.32305  3.32305  0.55
protocols.relax.FastRelax: MRP: 4  -1146.13  -1156.87  2.97521  2.97521  
protocols.relax.FastRelax: CMD: accept_to_best  -1146.13  3.32305  3.32305  0.55
protocols.relax.FastRelax: CMD: endrepeat  -1146.13  3.32305  3.32305  0.55
protocols.relax.FastRelax: CMD: coord_cst_weight  79006.2  3.32305  3.32305  0.55
protocols.relax.FastRelax: CMD: scale:fa_rep  78681.7  3.32305  3.32305  0.022
core.pack.task: Packer task: initialize from command line() 
core.pack.pack_rotamers: built 7723 rotamers at 492 positions.
core.pack.interaction_graph.interaction_graph_factory: Instantiating DensePDInteractionGraph
protocols.relax.FastRelax: CMD: repack  78664.2  3.32305  3.32305  0.022
protocols.relax.FastRelax: CMD: scale:fa_rep  78673.5  3.32305  3.32305  0.02805
core.optimization.Minimizer: [ WARNING ] LBFGS MAX CYCLES 2000 EXCEEDED, BUT FUNC NOT CONVERGED!
protocols.relax.FastRelax: CMD: min  -1266.54  0.1859  0.1859  0.02805
protocols.relax.FastRelax: CMD: coord_cst_weight  -1340.69  0.1859  0.1859  0.02805
protocols.relax.FastRelax: CMD: scale:fa_rep  -960.65  0.1859  0.1859  0.14575
core.pack.task: Packer task: initialize from command line() 
core.pack.pack_rotamers: built 7354 rotamers at 492 positions.
core.pack.interaction_graph.interaction_graph_factory: Instantiating DensePDInteractionGraph
protocols.relax.FastRelax: CMD: repack  -1039.23  0.1859  0.1859  0.14575
protocols.relax.FastRelax: CMD: scale:fa_rep  -1018.53  0.1859  0.1859  0.154
protocols.relax.FastRelax: CMD: min  -1185.26  0.228983  0.228983  0.154
protocols.relax.FastRelax: CMD: coord_cst_weight  -1297.85  0.228983  0.228983  0.154
protocols.relax.FastRelax: CMD: scale:fa_rep  -1113.12  0.228983  0.228983  0.30745
core.pack.task: Packer task: initialize from command line() 
core.pack.pack_rotamers: built 7152 rotamers at 492 positions.
core.pack.interaction_graph.interaction_graph_factory: Instantiating DensePDInteractionGraph
protocols.relax.FastRelax: CMD: repack  -1108.16  0.228983  0.228983  0.30745
protocols.relax.FastRelax: CMD: scale:fa_rep  -1093.65  0.228983  0.228983  0.31955
protocols.relax.FastRelax: CMD: min  -1290.7  2.81863  2.81863  0.31955
protocols.relax.FastRelax: CMD: coord_cst_weight  -1290.7  2.81863  2.81863  0.31955
protocols.relax.FastRelax: CMD: scale:fa_rep  -1085.61  2.81863  2.81863  0.55
core.pack.task: Packer task: initialize from command line() 
core.pack.pack_rotamers: built 7012 rotamers at 492 positions.
core.pack.interaction_graph.interaction_graph_factory: Instantiating DensePDInteractionGraph
protocols.relax.FastRelax: CMD: repack  -1092.08  2.81863  2.81863  0.55
protocols.relax.FastRelax: CMD: min  -1146.28  3.24373  3.24373  0.55
protocols.relax.FastRelax: MRP: 5  -1146.28  -1156.87  2.97521  2.97521  
protocols.relax.FastRelax: CMD: accept_to_best  -1146.28  3.24373  3.24373  0.55
protocols.relax.FastRelax: CMD: endrepeat  -1146.28  3.24373  3.24373  0.55
protocols.relax.FastRelax: CMD: coord_cst_weight  48570.6  3.24373  3.24373  0.55
protocols.relax.FastRelax: CMD: scale:fa_rep  48241.1  3.24373  3.24373  0.022
core.pack.task: Packer task: initialize from command line() 
core.pack.pack_rotamers: built 7762 rotamers at 492 positions.
core.pack.interaction_graph.interaction_graph_factory: Instantiating DensePDInteractionGraph
protocols.relax.FastRelax: CMD: repack  48235.5  3.24373  3.24373  0.022
protocols.relax.FastRelax: CMD: scale:fa_rep  48242.7  3.24373  3.24373  0.02805
core.optimization.Minimizer: [ WARNING ] LBFGS MAX CYCLES 2000 EXCEEDED, BUT FUNC NOT CONVERGED!
protocols.relax.FastRelax: CMD: min  -1279.19  0.179  0.179  0.02805
protocols.relax.FastRelax: CMD: coord_cst_weight  -1348.96  0.179  0.179  0.02805
protocols.relax.FastRelax: CMD: scale:fa_rep  -1004.6  0.179  0.179  0.14575
core.pack.task: Packer task: initialize from command line() 
core.pack.pack_rotamers: built 7360 rotamers at 492 positions.
core.pack.interaction_graph.interaction_graph_factory: Instantiating DensePDInteractionGraph
protocols.relax.FastRelax: CMD: repack  -1041.31  0.179  0.179  0.14575
protocols.relax.FastRelax: CMD: scale:fa_rep  -1020.46  0.179  0.179  0.154
protocols.relax.FastRelax: CMD: min  -1182.04  0.22801  0.22801  0.154
protocols.relax.FastRelax: CMD: coord_cst_weight  -1294.09  0.22801  0.22801  0.154
protocols.relax.FastRelax: CMD: scale:fa_rep  -1110.42  0.22801  0.22801  0.30745
core.pack.task: Packer task: initialize from command line() 
core.pack.pack_rotamers: built 7155 rotamers at 492 positions.
core.pack.interaction_graph.interaction_graph_factory: Instantiating DensePDInteractionGraph
protocols.relax.FastRelax: CMD: repack  -1107.18  0.22801  0.22801  0.30745
protocols.relax.FastRelax: CMD: scale:fa_rep  -1092.75  0.22801  0.22801  0.31955
protocols.relax.FastRelax: CMD: min  -1276.23  2.42313  2.42313  0.31955
protocols.relax.FastRelax: CMD: coord_cst_weight  -1276.23  2.42313  2.42313  0.31955
protocols.relax.FastRelax: CMD: scale:fa_rep  -1070.83  2.42313  2.42313  0.55
core.pack.task: Packer task: initialize from command line() 
core.pack.pack_rotamers: built 7033 rotamers at 492 positions.
core.pack.interaction_graph.interaction_graph_factory: Instantiating DensePDInteractionGraph
protocols.relax.FastRelax: CMD: repack  -1080.65  2.42313  2.42313  0.55
protocols.relax.FastRelax: CMD: min  -1145.61  3.03322  3.03322  0.55
protocols.relax.FastRelax: MRP: 6  -1145.61  -1156.87  2.97521  2.97521  
protocols.relax.FastRelax: CMD: accept_to_best  -1145.61  3.03322  3.03322  0.55
protocols.relax.FastRelax: CMD: endrepeat  -1145.61  3.03322  3.03322  0.55
protocols.relax.FastRelax: CMD: coord_cst_weight  57813.5  3.03322  3.03322  0.55
protocols.relax.FastRelax: CMD: scale:fa_rep  57484  3.03322  3.03322  0.022
core.pack.task: Packer task: initialize from command line() 
core.pack.pack_rotamers: built 7762 rotamers at 492 positions.
core.pack.interaction_graph.interaction_graph_factory: Instantiating DensePDInteractionGraph
protocols.relax.FastRelax: CMD: repack  57463.7  3.03322  3.03322  0.022
protocols.relax.FastRelax: CMD: scale:fa_rep  57470  3.03322  3.03322  0.02805
core.optimization.Minimizer: [ WARNING ] LBFGS MAX CYCLES 2000 EXCEEDED, BUT FUNC NOT CONVERGED!
protocols.relax.FastRelax: CMD: min  -1272.35  0.181937  0.181937  0.02805
protocols.relax.FastRelax: CMD: coord_cst_weight  -1343.28  0.181937  0.181937  0.02805
protocols.relax.FastRelax: CMD: scale:fa_rep  -1000.19  0.181937  0.181937  0.14575
core.pack.task: Packer task: initialize from command line() 
core.pack.pack_rotamers: built 7353 rotamers at 492 positions.
core.pack.interaction_graph.interaction_graph_factory: Instantiating DensePDInteractionGraph
protocols.relax.FastRelax: CMD: repack  -1022.86  0.181937  0.181937  0.14575
protocols.relax.FastRelax: CMD: scale:fa_rep  -1001.4  0.181937  0.181937  0.154
protocols.relax.FastRelax: CMD: min  -1169.07  0.230902  0.230902  0.154
protocols.relax.FastRelax: CMD: coord_cst_weight  -1282.96  0.230902  0.230902  0.154
protocols.relax.FastRelax: CMD: scale:fa_rep  -1098.47  0.230902  0.230902  0.30745
core.pack.task: Packer task: initialize from command line() 
core.pack.pack_rotamers: built 7179 rotamers at 492 positions.
core.pack.interaction_graph.interaction_graph_factory: Instantiating DensePDInteractionGraph
protocols.relax.FastRelax: CMD: repack  -1098.75  0.230902  0.230902  0.30745
protocols.relax.FastRelax: CMD: scale:fa_rep  -1084.25  0.230902  0.230902  0.31955
protocols.relax.FastRelax: CMD: min  -1297.09  2.91477  2.91477  0.31955
protocols.relax.FastRelax: CMD: coord_cst_weight  -1297.09  2.91477  2.91477  0.31955
protocols.relax.FastRelax: CMD: scale:fa_rep  -1091.47  2.91477  2.91477  0.55
core.pack.task: Packer task: initialize from command line() 
core.pack.pack_rotamers: built 7045 rotamers at 492 positions.
core.pack.interaction_graph.interaction_graph_factory: Instantiating DensePDInteractionGraph
protocols.relax.FastRelax: CMD: repack  -1095.8  2.91477  2.91477  0.55
protocols.relax.FastRelax: CMD: min  -1150.66  2.96376  2.96376  0.55
protocols.relax.FastRelax: MRP: 7  -1150.66  -1156.87  2.97521  2.97521  
protocols.relax.FastRelax: CMD: accept_to_best  -1150.66  2.96376  2.96376  0.55
protocols.relax.FastRelax: CMD: endrepeat  -1150.66  2.96376  2.96376  0.55
protocols.relax.FastRelax: CMD: coord_cst_weight  52194.1  2.96376  2.96376  0.55
protocols.relax.FastRelax: CMD: scale:fa_rep  51864.6  2.96376  2.96376  0.022
core.pack.task: Packer task: initialize from command line() 
core.pack.pack_rotamers: built 7766 rotamers at 492 positions.
core.pack.interaction_graph.interaction_graph_factory: Instantiating DensePDInteractionGraph
protocols.relax.FastRelax: CMD: repack  51871.3  2.96376  2.96376  0.022
protocols.relax.FastRelax: CMD: scale:fa_rep  51881  2.96376  2.96376  0.02805
core.optimization.Minimizer: [ WARNING ] LBFGS MAX CYCLES 2000 EXCEEDED, BUT FUNC NOT CONVERGED!
protocols.relax.FastRelax: CMD: min  -1230.28  0.193151  0.193151  0.02805
protocols.relax.FastRelax: CMD: coord_cst_weight  -1308.92  0.193151  0.193151  0.02805
protocols.relax.FastRelax: CMD: scale:fa_rep  -945.762  0.193151  0.193151  0.14575
core.pack.task: Packer task: initialize from command line() 
core.pack.pack_rotamers: built 7373 rotamers at 492 positions.
core.pack.interaction_graph.interaction_graph_factory: Instantiating DensePDInteractionGraph
protocols.relax.FastRelax: CMD: repack  -995.031  0.193151  0.193151  0.14575
protocols.relax.FastRelax: CMD: scale:fa_rep  -972.938  0.193151  0.193151  0.154
protocols.relax.FastRelax: CMD: min  -1179.39  0.227472  0.227472  0.154
protocols.relax.FastRelax: CMD: coord_cst_weight  -1290.88  0.227472  0.227472  0.154
protocols.relax.FastRelax: CMD: scale:fa_rep  -1111.76  0.227472  0.227472  0.30745
core.pack.task: Packer task: initialize from command line() 
core.pack.pack_rotamers: built 7168 rotamers at 492 positions.
core.pack.interaction_graph.interaction_graph_factory: Instantiating DensePDInteractionGraph
protocols.relax.FastRelax: CMD: repack  -1112.42  0.227472  0.227472  0.30745
protocols.relax.FastRelax: CMD: scale:fa_rep  -1098.39  0.227472  0.227472  0.31955
protocols.relax.FastRelax: CMD: min  -1286.37  3.47121  3.47121  0.31955
protocols.relax.FastRelax: CMD: coord_cst_weight  -1286.37  3.47121  3.47121  0.31955
protocols.relax.FastRelax: CMD: scale:fa_rep  -1080.04  3.47121  3.47121  0.55
core.pack.task: Packer task: initialize from command line() 
core.pack.pack_rotamers: built 7083 rotamers at 492 positions.
core.pack.interaction_graph.interaction_graph_factory: Instantiating DensePDInteractionGraph
protocols.relax.FastRelax: CMD: repack  -1084.42  3.47121  3.47121  0.55
protocols.relax.FastRelax: CMD: min  -1139.71  3.27738  3.27738  0.55
protocols.relax.FastRelax: MRP: 8  -1139.71  -1156.87  2.97521  2.97521  
protocols.relax.FastRelax: CMD: accept_to_best  -1139.71  3.27738  3.27738  0.55
protocols.relax.FastRelax: CMD: endrepeat  -1139.71  3.27738  3.27738  0.55
protocols.relax.FastRelax: CMD: coord_cst_weight  55132.5  3.27738  3.27738  0.55
protocols.relax.FastRelax: CMD: scale:fa_rep  54800.3  3.27738  3.27738  0.022
core.pack.task: Packer task: initialize from command line() 
core.pack.pack_rotamers: built 7817 rotamers at 492 positions.
core.pack.interaction_graph.interaction_graph_factory: Instantiating DensePDInteractionGraph
protocols.relax.FastRelax: CMD: repack  54783.2  3.27738  3.27738  0.022
protocols.relax.FastRelax: CMD: scale:fa_rep  54792.4  3.27738  3.27738  0.02805
core.optimization.Minimizer: [ WARNING ] LBFGS MAX CYCLES 2000 EXCEEDED, BUT FUNC NOT CONVERGED!
protocols.relax.FastRelax: CMD: min  -1252.56  0.19016  0.19016  0.02805
protocols.relax.FastRelax: CMD: coord_cst_weight  -1329.93  0.19016  0.19016  0.02805
protocols.relax.FastRelax: CMD: scale:fa_rep  -1016.27  0.19016  0.19016  0.14575
core.pack.task: Packer task: initialize from command line() 
core.pack.pack_rotamers: built 7342 rotamers at 492 positions.
core.pack.interaction_graph.interaction_graph_factory: Instantiating DensePDInteractionGraph
protocols.relax.FastRelax: CMD: repack  -1046.78  0.19016  0.19016  0.14575
protocols.relax.FastRelax: CMD: scale:fa_rep  -1026.95  0.19016  0.19016  0.154
protocols.relax.FastRelax: CMD: min  -1184.29  0.229632  0.229632  0.154
protocols.relax.FastRelax: CMD: coord_cst_weight  -1298.87  0.229632  0.229632  0.154
protocols.relax.FastRelax: CMD: scale:fa_rep  -1116.37  0.229632  0.229632  0.30745
core.pack.task: Packer task: initialize from command line() 
core.pack.pack_rotamers: built 7169 rotamers at 492 positions.
core.pack.interaction_graph.interaction_graph_factory: Instantiating DensePDInteractionGraph
protocols.relax.FastRelax: CMD: repack  -1116.94  0.229632  0.229632  0.30745
protocols.relax.FastRelax: CMD: scale:fa_rep  -1102.58  0.229632  0.229632  0.31955
protocols.relax.FastRelax: CMD: min  -1292.2  2.85616  2.85616  0.31955
protocols.relax.FastRelax: CMD: coord_cst_weight  -1292.2  2.85616  2.85616  0.31955
protocols.relax.FastRelax: CMD: scale:fa_rep  -1084.98  2.85616  2.85616  0.55
core.pack.task: Packer task: initialize from command line() 
core.pack.pack_rotamers: built 7036 rotamers at 492 positions.
core.pack.interaction_graph.interaction_graph_factory: Instantiating DensePDInteractionGraph
protocols.relax.FastRelax: CMD: repack  -1091.94  2.85616  2.85616  0.55
protocols.relax.FastRelax: CMD: min  -1144.2  3.19182  3.19182  0.55
protocols.relax.FastRelax: MRP: 9  -1144.2  -1156.87  2.97521  2.97521  
protocols.relax.FastRelax: CMD: accept_to_best  -1144.2  3.19182  3.19182  0.55
protocols.relax.FastRelax: CMD: endrepeat  -1144.2  3.19182  3.19182  0.55
protocols.relax.FastRelax: CMD: coord_cst_weight  43541.6  3.19182  3.19182  0.55
protocols.relax.FastRelax: CMD: scale:fa_rep  43213.6  3.19182  3.19182  0.022
core.pack.task: Packer task: initialize from command line() 
core.pack.pack_rotamers: built 7740 rotamers at 492 positions.
core.pack.interaction_graph.interaction_graph_factory: Instantiating DensePDInteractionGraph
protocols.relax.FastRelax: CMD: repack  43195.2  3.19182  3.19182  0.022
protocols.relax.FastRelax: CMD: scale:fa_rep  43201  3.19182  3.19182  0.02805
core.optimization.Minimizer: [ WARNING ] LBFGS MAX CYCLES 2000 EXCEEDED, BUT FUNC NOT CONVERGED!
protocols.relax.FastRelax: CMD: min  -1265.59  0.185314  0.185314  0.02805
protocols.relax.FastRelax: CMD: coord_cst_weight  -1341.3  0.185314  0.185314  0.02805
protocols.relax.FastRelax: CMD: scale:fa_rep  -995.319  0.185314  0.185314  0.14575
core.pack.task: Packer task: initialize from command line() 
core.pack.pack_rotamers: built 7424 rotamers at 492 positions.
core.pack.interaction_graph.interaction_graph_factory: Instantiating DensePDInteractionGraph
protocols.relax.FastRelax: CMD: repack  -1043.05  0.185314  0.185314  0.14575
protocols.relax.FastRelax: CMD: scale:fa_rep  -1022.59  0.185314  0.185314  0.154
protocols.relax.FastRelax: CMD: min  -1186.51  0.230029  0.230029  0.154
protocols.relax.FastRelax: CMD: coord_cst_weight  -1301.54  0.230029  0.230029  0.154
protocols.relax.FastRelax: CMD: scale:fa_rep  -1119.34  0.230029  0.230029  0.30745
core.pack.task: Packer task: initialize from command line() 
core.pack.pack_rotamers: built 7180 rotamers at 492 positions.
core.pack.interaction_graph.interaction_graph_factory: Instantiating DensePDInteractionGraph
protocols.relax.FastRelax: CMD: repack  -1119.54  0.230029  0.230029  0.30745
protocols.relax.FastRelax: CMD: scale:fa_rep  -1105.21  0.230029  0.230029  0.31955
protocols.relax.FastRelax: CMD: min  -1223.85  3.58269  3.58269  0.31955
protocols.relax.FastRelax: CMD: coord_cst_weight  -1223.85  3.58269  3.58269  0.31955
protocols.relax.FastRelax: CMD: scale:fa_rep  -962.955  3.58269  3.58269  0.55
core.pack.task: Packer task: initialize from command line() 
core.pack.pack_rotamers: built 7021 rotamers at 492 positions.
core.pack.interaction_graph.interaction_graph_factory: Instantiating DensePDInteractionGraph
protocols.relax.FastRelax: CMD: repack  -1015.56  3.58269  3.58269  0.55
protocols.relax.FastRelax: CMD: min  -1154.68  3.5978  3.5978  0.55
protocols.relax.FastRelax: MRP: 10  -1154.68  -1156.87  2.97521  2.97521  
protocols.relax.FastRelax: CMD: accept_to_best  -1154.68  3.5978  3.5978  0.55
protocols.relax.FastRelax: CMD: endrepeat  -1154.68  3.5978  3.5978  0.55
protocols.relax.FastRelax: CMD: coord_cst_weight  64240.2  3.5978  3.5978  0.55
protocols.relax.FastRelax: CMD: scale:fa_rep  63910.8  3.5978  3.5978  0.022
core.pack.task: Packer task: initialize from command line() 
core.pack.pack_rotamers: built 7742 rotamers at 492 positions.
core.pack.interaction_graph.interaction_graph_factory: Instantiating DensePDInteractionGraph
protocols.relax.FastRelax: CMD: repack  63890.6  3.5978  3.5978  0.022
protocols.relax.FastRelax: CMD: scale:fa_rep  63897.4  3.5978  3.5978  0.02805
core.optimization.Minimizer: [ WARNING ] LBFGS MAX CYCLES 2000 EXCEEDED, BUT FUNC NOT CONVERGED!
protocols.relax.FastRelax: CMD: min  -1267.33  0.193344  0.193344  0.02805
protocols.relax.FastRelax: CMD: coord_cst_weight  -1344.99  0.193344  0.193344  0.02805
protocols.relax.FastRelax: CMD: scale:fa_rep  -994.539  0.193344  0.193344  0.14575
core.pack.task: Packer task: initialize from command line() 
core.pack.pack_rotamers: built 7361 rotamers at 492 positions.
core.pack.interaction_graph.interaction_graph_factory: Instantiating DensePDInteractionGraph
protocols.relax.FastRelax: CMD: repack  -1037.57  0.193344  0.193344  0.14575
protocols.relax.FastRelax: CMD: scale:fa_rep  -1016.71  0.193344  0.193344  0.154
protocols.relax.FastRelax: CMD: min  -1179.71  0.234992  0.234992  0.154
protocols.relax.FastRelax: CMD: coord_cst_weight  -1297.91  0.234992  0.234992  0.154
protocols.relax.FastRelax: CMD: scale:fa_rep  -1115.6  0.234992  0.234992  0.30745
core.pack.task: Packer task: initialize from command line() 
core.pack.pack_rotamers: built 7184 rotamers at 492 positions.
core.pack.interaction_graph.interaction_graph_factory: Instantiating DensePDInteractionGraph
protocols.relax.FastRelax: CMD: repack  -1116.32  0.234992  0.234992  0.30745
protocols.relax.FastRelax: CMD: scale:fa_rep  -1102.02  0.234992  0.234992  0.31955
protocols.relax.FastRelax: CMD: min  -1304.18  3.3119  3.3119  0.31955
protocols.relax.FastRelax: CMD: coord_cst_weight  -1304.18  3.3119  3.3119  0.31955
protocols.relax.FastRelax: CMD: scale:fa_rep  -1101.31  3.3119  3.3119  0.55
core.pack.task: Packer task: initialize from command line() 
core.pack.pack_rotamers: built 6977 rotamers at 492 positions.
core.pack.interaction_graph.interaction_graph_factory: Instantiating DensePDInteractionGraph
protocols.relax.FastRelax: CMD: repack  -1106  3.3119  3.3119  0.55
protocols.relax.FastRelax: CMD: min  -1158.67  3.70813  3.70813  0.55
protocols.relax.FastRelax: MRP: 11  -1158.67  -1158.67  3.70813  3.70813  
protocols.relax.FastRelax: CMD: accept_to_best  -1158.67  3.70813  3.70813  0.55
protocols.relax.FastRelax: CMD: endrepeat  -1158.67  3.70813  3.70813  0.55
protocols.relax.FastRelax: CMD: coord_cst_weight  66025.3  3.70813  3.70813  0.55
protocols.relax.FastRelax: CMD: scale:fa_rep  65699  3.70813  3.70813  0.022
core.pack.task: Packer task: initialize from command line() 
core.pack.pack_rotamers: built 7730 rotamers at 492 positions.
core.pack.interaction_graph.interaction_graph_factory: Instantiating DensePDInteractionGraph
protocols.relax.FastRelax: CMD: repack  65685.6  3.70813  3.70813  0.022
protocols.relax.FastRelax: CMD: scale:fa_rep  65693.7  3.70813  3.70813  0.02805
core.optimization.Minimizer: [ WARNING ] LBFGS MAX CYCLES 2000 EXCEEDED, BUT FUNC NOT CONVERGED!
protocols.relax.FastRelax: CMD: min  -1259.58  0.190922  0.190922  0.02805
protocols.relax.FastRelax: CMD: coord_cst_weight  -1336.58  0.190922  0.190922  0.02805
protocols.relax.FastRelax: CMD: scale:fa_rep  -980.594  0.190922  0.190922  0.14575
core.pack.task: Packer task: initialize from command line() 
core.pack.pack_rotamers: built 7332 rotamers at 492 positions.
core.pack.interaction_graph.interaction_graph_factory: Instantiating DensePDInteractionGraph
protocols.relax.FastRelax: CMD: repack  -1043.16  0.190922  0.190922  0.14575
protocols.relax.FastRelax: CMD: scale:fa_rep  -1022.94  0.190922  0.190922  0.154
protocols.relax.FastRelax: CMD: min  -1181.75  0.233182  0.233182  0.154
protocols.relax.FastRelax: CMD: coord_cst_weight  -1298.53  0.233182  0.233182  0.154
protocols.relax.FastRelax: CMD: scale:fa_rep  -1117.95  0.233182  0.233182  0.30745
core.pack.task: Packer task: initialize from command line() 
core.pack.pack_rotamers: built 7139 rotamers at 492 positions.
core.pack.interaction_graph.interaction_graph_factory: Instantiating DensePDInteractionGraph
protocols.relax.FastRelax: CMD: repack  -1117.77  0.233182  0.233182  0.30745
protocols.relax.FastRelax: CMD: scale:fa_rep  -1103.57  0.233182  0.233182  0.31955
protocols.relax.FastRelax: CMD: min  -1297.27  2.73172  2.73172  0.31955
protocols.relax.FastRelax: CMD: coord_cst_weight  -1297.27  2.73172  2.73172  0.31955
protocols.relax.FastRelax: CMD: scale:fa_rep  -1091.4  2.73172  2.73172  0.55
core.pack.task: Packer task: initialize from command line() 
core.pack.pack_rotamers: built 6945 rotamers at 492 positions.
core.pack.interaction_graph.interaction_graph_factory: Instantiating DensePDInteractionGraph
protocols.relax.FastRelax: CMD: repack  -1098.33  2.73172  2.73172  0.55
protocols.relax.FastRelax: CMD: min  -1157.81  3.23921  3.23921  0.55
protocols.relax.FastRelax: MRP: 12  -1157.81  -1158.67  3.70813  3.70813  
protocols.relax.FastRelax: CMD: accept_to_best  -1157.81  3.23921  3.23921  0.55
protocols.relax.FastRelax: CMD: endrepeat  -1157.81  3.23921  3.23921  0.55
protocols.relax.FastRelax: CMD: coord_cst_weight  47931.1  3.23921  3.23921  0.55
protocols.relax.FastRelax: CMD: scale:fa_rep  47602.4  3.23921  3.23921  0.022
core.pack.task: Packer task: initialize from command line() 
core.pack.pack_rotamers: built 7713 rotamers at 492 positions.
core.pack.interaction_graph.interaction_graph_factory: Instantiating DensePDInteractionGraph
protocols.relax.FastRelax: CMD: repack  47592.2  3.23921  3.23921  0.022
protocols.relax.FastRelax: CMD: scale:fa_rep  47598.9  3.23921  3.23921  0.02805
core.optimization.Minimizer: [ WARNING ] LBFGS MAX CYCLES 2000 EXCEEDED, BUT FUNC NOT CONVERGED!
protocols.relax.FastRelax: CMD: min  -1270.59  0.185983  0.185983  0.02805
protocols.relax.FastRelax: CMD: coord_cst_weight  -1344.29  0.185983  0.185983  0.02805
protocols.relax.FastRelax: CMD: scale:fa_rep  -1005.49  0.185983  0.185983  0.14575
core.pack.task: Packer task: initialize from command line() 
core.pack.pack_rotamers: built 7334 rotamers at 492 positions.
core.pack.interaction_graph.interaction_graph_factory: Instantiating DensePDInteractionGraph
protocols.relax.FastRelax: CMD: repack  -1037.75  0.185983  0.185983  0.14575
protocols.relax.FastRelax: CMD: scale:fa_rep  -1016.95  0.185983  0.185983  0.154
protocols.relax.FastRelax: CMD: min  -1182.94  0.230309  0.230309  0.154
protocols.relax.FastRelax: CMD: coord_cst_weight  -1297.06  0.230309  0.230309  0.154
protocols.relax.FastRelax: CMD: scale:fa_rep  -1113.55  0.230309  0.230309  0.30745
core.pack.task: Packer task: initialize from command line() 
core.pack.pack_rotamers: built 7142 rotamers at 492 positions.
core.pack.interaction_graph.interaction_graph_factory: Instantiating DensePDInteractionGraph
protocols.relax.FastRelax: CMD: repack  -1113  0.230309  0.230309  0.30745
protocols.relax.FastRelax: CMD: scale:fa_rep  -1098.61  0.230309  0.230309  0.31955
protocols.relax.FastRelax: CMD: min  -1300.77  3.6447  3.6447  0.31955
protocols.relax.FastRelax: CMD: coord_cst_weight  -1300.77  3.6447  3.6447  0.31955
protocols.relax.FastRelax: CMD: scale:fa_rep  -1096.61  3.6447  3.6447  0.55
core.pack.task: Packer task: initialize from command line() 
core.pack.pack_rotamers: built 7027 rotamers at 492 positions.
core.pack.interaction_graph.interaction_graph_factory: Instantiating DensePDInteractionGraph
protocols.relax.FastRelax: CMD: repack  -1106.11  3.6447  3.6447  0.55
protocols.relax.FastRelax: CMD: min  -1165.91  3.8263  3.8263  0.55
protocols.relax.FastRelax: MRP: 13  -1165.91  -1165.91  3.8263  3.8263  
protocols.relax.FastRelax: CMD: accept_to_best  -1165.91  3.8263  3.8263  0.55
protocols.relax.FastRelax: CMD: endrepeat  -1165.91  3.8263  3.8263  0.55
protocols.relax.FastRelax: CMD: coord_cst_weight  62008.4  3.8263  3.8263  0.55
protocols.relax.FastRelax: CMD: scale:fa_rep  61681.6  3.8263  3.8263  0.022
core.pack.task: Packer task: initialize from command line() 
core.pack.pack_rotamers: built 7716 rotamers at 492 positions.
core.pack.interaction_graph.interaction_graph_factory: Instantiating DensePDInteractionGraph
protocols.relax.FastRelax: CMD: repack  61665.8  3.8263  3.8263  0.022
protocols.relax.FastRelax: CMD: scale:fa_rep  61672.7  3.8263  3.8263  0.02805
core.optimization.Minimizer: [ WARNING ] LBFGS MAX CYCLES 2000 EXCEEDED, BUT FUNC NOT CONVERGED!
protocols.relax.FastRelax: CMD: min  -1252.26  0.192309  0.192309  0.02805
protocols.relax.FastRelax: CMD: coord_cst_weight  -1330.52  0.192309  0.192309  0.02805
protocols.relax.FastRelax: CMD: scale:fa_rep  -980.925  0.192309  0.192309  0.14575
core.pack.task: Packer task: initialize from command line() 
core.pack.pack_rotamers: built 7358 rotamers at 492 positions.
core.pack.interaction_graph.interaction_graph_factory: Instantiating DensePDInteractionGraph
protocols.relax.FastRelax: CMD: repack  -1029.35  0.192309  0.192309  0.14575
protocols.relax.FastRelax: CMD: scale:fa_rep  -1008.35  0.192309  0.192309  0.154
protocols.relax.FastRelax: CMD: min  -1176.86  0.241051  0.241051  0.154
protocols.relax.FastRelax: CMD: coord_cst_weight  -1299.56  0.241051  0.241051  0.154
protocols.relax.FastRelax: CMD: scale:fa_rep  -1117.98  0.241051  0.241051  0.30745
core.pack.task: Packer task: initialize from command line() 
core.pack.pack_rotamers: built 7168 rotamers at 492 positions.
core.pack.interaction_graph.interaction_graph_factory: Instantiating DensePDInteractionGraph
protocols.relax.FastRelax: CMD: repack  -1118.26  0.241051  0.241051  0.30745
protocols.relax.FastRelax: CMD: scale:fa_rep  -1104  0.241051  0.241051  0.31955
protocols.relax.FastRelax: CMD: min  -1313.33  3.25377  3.25377  0.31955
protocols.relax.FastRelax: CMD: coord_cst_weight  -1313.33  3.25377  3.25377  0.31955
protocols.relax.FastRelax: CMD: scale:fa_rep  -1111.36  3.25377  3.25377  0.55
core.pack.task: Packer task: initialize from command line() 
core.pack.pack_rotamers: built 6970 rotamers at 492 positions.
core.pack.interaction_graph.interaction_graph_factory: Instantiating DensePDInteractionGraph
protocols.relax.FastRelax: CMD: repack  -1115.32  3.25377  3.25377  0.55
protocols.relax.FastRelax: CMD: min  -1167.26  3.58283  3.58283  0.55
protocols.relax.FastRelax: MRP: 14  -1167.26  -1167.26  3.58283  3.58283  
protocols.relax.FastRelax: CMD: accept_to_best  -1167.26  3.58283  3.58283  0.55
protocols.relax.FastRelax: CMD: endrepeat  -1167.26  3.58283  3.58283  0.55
protocols::checkpoint: Deleting checkpoints of FastRelax
protocols.jd2.JobDistributor: target.BL00010001_9_0003 reported success in 14392 seconds
protocols.jd2.PDBJobInputter: PDBJobInputter::pose_from_job
protocols.jd2.PDBJobInputter: filling pose from PDB ../1-modeller/target.BL00010001.pdb
core.import_pose.import_pose: File '../1-modeller/target.BL00010001.pdb' automatically determined to be of type PDB from contents.
core.io.rcsb.ExperimentalTechnique: [ ERROR ] Unrecognized experimental technique string 'THEORETICAL MODEL, MODELLER 10.8 2026/08/10 16:18:02'
protocols.relax.FastRelax: CMD: repeat  4476.34  0  0  0.55
protocols.relax.FastRelax: CMD: coord_cst_weight  4476.34  0  0  0.55
protocols.relax.FastRelax: CMD: scale:fa_rep  806.987  0  0  0.022
core.pack.task: Packer task: initialize from command line() 
core.pack.pack_rotamers: built 8129 rotamers at 492 positions.
core.pack.interaction_graph.interaction_graph_factory: Instantiating DensePDInteractionGraph
protocols.relax.FastRelax: CMD: repack  -871.039  0  0  0.022
protocols.relax.FastRelax: CMD: scale:fa_rep  -832.12  0  0  0.02805
core.optimization.Minimizer: [ WARNING ] LBFGS MAX CYCLES 2000 EXCEEDED, BUT FUNC NOT CONVERGED!
protocols.relax.FastRelax: CMD: min  -1285.54  0.149269  0.149269  0.02805
protocols.relax.FastRelax: CMD: coord_cst_weight  -1332.56  0.149269  0.149269  0.02805
protocols.relax.FastRelax: CMD: scale:fa_rep  -961.607  0.149269  0.149269  0.14575
core.pack.task: Packer task: initialize from command line() 
core.pack.pack_rotamers: built 7436 rotamers at 492 positions.
core.pack.interaction_graph.interaction_graph_factory: Instantiating DensePDInteractionGraph
protocols.relax.FastRelax: CMD: repack  -1005  0.149269  0.149269  0.14575
protocols.relax.FastRelax: CMD: scale:fa_rep  -984.21  0.149269  0.149269  0.154
core.optimization.Minimizer: [ WARNING ] LBFGS MAX CYCLES 2000 EXCEEDED, BUT FUNC NOT CONVERGED!
protocols.relax.FastRelax: CMD: min  -1168.01  0.205549  0.205549  0.154
protocols.relax.FastRelax: CMD: coord_cst_weight  -1258.31  0.205549  0.205549  0.154
protocols.relax.FastRelax: CMD: scale:fa_rep  -1074.99  0.205549  0.205549  0.30745
core.pack.task: Packer task: initialize from command line() 
core.pack.pack_rotamers: built 7203 rotamers at 492 positions.
core.pack.interaction_graph.interaction_graph_factory: Instantiating DensePDInteractionGraph
protocols.relax.FastRelax: CMD: repack  -1075.79  0.205549  0.205549  0.30745
protocols.relax.FastRelax: CMD: scale:fa_rep  -1061.46  0.205549  0.205549  0.31955
protocols.relax.FastRelax: CMD: min  -1247.31  3.0271  3.0271  0.31955
protocols.relax.FastRelax: CMD: coord_cst_weight  -1247.31  3.0271  3.0271  0.31955
protocols.relax.FastRelax: CMD: scale:fa_rep  -1039.58  3.0271  3.0271  0.55
core.pack.task: Packer task: initialize from command line() 
core.pack.pack_rotamers: built 7032 rotamers at 492 positions.
core.pack.interaction_graph.interaction_graph_factory: Instantiating DensePDInteractionGraph
protocols.relax.FastRelax: CMD: repack  -1043.72  3.0271  3.0271  0.55
protocols.relax.FastRelax: CMD: min  -1106.37  3.29397  3.29397  0.55
protocols.relax.FastRelax: MRP: 0  -1106.37  -1106.37  3.29397  3.29397  
protocols.relax.FastRelax: CMD: accept_to_best  -1106.37  3.29397  3.29397  0.55
protocols.relax.FastRelax: CMD: endrepeat  -1106.37  3.29397  3.29397  0.55
protocols.relax.FastRelax: CMD: coord_cst_weight  80520.6  3.29397  3.29397  0.55
protocols.relax.FastRelax: CMD: scale:fa_rep  80190.4  3.29397  3.29397  0.022
core.pack.task: Packer task: initialize from command line() 
core.pack.pack_rotamers: built 7809 rotamers at 492 positions.
core.pack.interaction_graph.interaction_graph_factory: Instantiating DensePDInteractionGraph
protocols.relax.FastRelax: CMD: repack  80160.5  3.29397  3.29397  0.022
protocols.relax.FastRelax: CMD: scale:fa_rep  80168.9  3.29397  3.29397  0.02805
core.optimization.Minimizer: [ WARNING ] LBFGS MAX CYCLES 2000 EXCEEDED, BUT FUNC NOT CONVERGED!
protocols.relax.FastRelax: CMD: min  -1252.05  0.173643  0.173643  0.02805
protocols.relax.FastRelax: CMD: coord_cst_weight  -1317.83  0.173643  0.173643  0.02805
protocols.relax.FastRelax: CMD: scale:fa_rep  -985.192  0.173643  0.173643  0.14575
core.pack.task: Packer task: initialize from command line() 
core.pack.pack_rotamers: built 7338 rotamers at 492 positions.
core.pack.interaction_graph.interaction_graph_factory: Instantiating DensePDInteractionGraph
protocols.relax.FastRelax: CMD: repack  -1022.18  0.173643  0.173643  0.14575
protocols.relax.FastRelax: CMD: scale:fa_rep  -1001.94  0.173643  0.173643  0.154
protocols.relax.FastRelax: CMD: min  -1172.09  0.217524  0.217524  0.154
protocols.relax.FastRelax: CMD: coord_cst_weight  -1276.49  0.217524  0.217524  0.154
protocols.relax.FastRelax: CMD: scale:fa_rep  -1094.58  0.217524  0.217524  0.30745
core.pack.task: Packer task: initialize from command line() 
core.pack.pack_rotamers: built 7191 rotamers at 492 positions.
core.pack.interaction_graph.interaction_graph_factory: Instantiating DensePDInteractionGraph
protocols.relax.FastRelax: CMD: repack  -1096.05  0.217524  0.217524  0.30745
protocols.relax.FastRelax: CMD: scale:fa_rep  -1082.04  0.217524  0.217524  0.31955
protocols.relax.FastRelax: CMD: min  -1280.92  3.57131  3.57131  0.31955
protocols.relax.FastRelax: CMD: coord_cst_weight  -1280.92  3.57131  3.57131  0.31955
protocols.relax.FastRelax: CMD: scale:fa_rep  -1073.92  3.57131  3.57131  0.55
core.pack.task: Packer task: initialize from command line() 
core.pack.pack_rotamers: built 6906 rotamers at 492 positions.
core.pack.interaction_graph.interaction_graph_factory: Instantiating DensePDInteractionGraph
protocols.relax.FastRelax: CMD: repack  -1076.45  3.57131  3.57131  0.55
protocols.relax.FastRelax: CMD: min  -1139.45  3.13842  3.13842  0.55
protocols.relax.FastRelax: MRP: 1  -1139.45  -1139.45  3.13842  3.13842  
protocols.relax.FastRelax: CMD: accept_to_best  -1139.45  3.13842  3.13842  0.55
protocols.relax.FastRelax: CMD: endrepeat  -1139.45  3.13842  3.13842  0.55
protocols.relax.FastRelax: CMD: coord_cst_weight  66538.8  3.13842  3.13842  0.55
protocols.relax.FastRelax: CMD: scale:fa_rep  66210.2  3.13842  3.13842  0.022
core.pack.task: Packer task: initialize from command line() 
core.pack.pack_rotamers: built 7728 rotamers at 492 positions.
core.pack.interaction_graph.interaction_graph_factory: Instantiating DensePDInteractionGraph
protocols.relax.FastRelax: CMD: repack  66195.4  3.13842  3.13842  0.022
protocols.relax.FastRelax: CMD: scale:fa_rep  66205.5  3.13842  3.13842  0.02805
core.optimization.Minimizer: [ WARNING ] LBFGS MAX CYCLES 2000 EXCEEDED, BUT FUNC NOT CONVERGED!
protocols.relax.FastRelax: CMD: min  -1243.73  0.182704  0.182704  0.02805
protocols.relax.FastRelax: CMD: coord_cst_weight  -1316.22  0.182704  0.182704  0.02805
protocols.relax.FastRelax: CMD: scale:fa_rep  -977.457  0.182704  0.182704  0.14575
core.pack.task: Packer task: initialize from command line() 
core.pack.pack_rotamers: built 7323 rotamers at 492 positions.
core.pack.interaction_graph.interaction_graph_factory: Instantiating DensePDInteractionGraph
protocols.relax.FastRelax: CMD: repack  -1034.57  0.182704  0.182704  0.14575
protocols.relax.FastRelax: CMD: scale:fa_rep  -1015.07  0.182704  0.182704  0.154
protocols.relax.FastRelax: CMD: min  -1178.69  0.225385  0.225385  0.154
protocols.relax.FastRelax: CMD: coord_cst_weight  -1290.3  0.225385  0.225385  0.154
protocols.relax.FastRelax: CMD: scale:fa_rep  -1105.91  0.225385  0.225385  0.30745
core.pack.task: Packer task: initialize from command line() 
core.pack.pack_rotamers: built 7147 rotamers at 492 positions.
core.pack.interaction_graph.interaction_graph_factory: Instantiating DensePDInteractionGraph
protocols.relax.FastRelax: CMD: repack  -1107.2  0.225385  0.225385  0.30745
protocols.relax.FastRelax: CMD: scale:fa_rep  -1092.93  0.225385  0.225385  0.31955
protocols.relax.FastRelax: CMD: min  -1290.83  3.43332  3.43332  0.31955
protocols.relax.FastRelax: CMD: coord_cst_weight  -1290.83  3.43332  3.43332  0.31955
protocols.relax.FastRelax: CMD: scale:fa_rep  -1082.3  3.43332  3.43332  0.55
core.pack.task: Packer task: initialize from command line() 
core.pack.pack_rotamers: built 6921 rotamers at 492 positions.
core.pack.interaction_graph.interaction_graph_factory: Instantiating DensePDInteractionGraph
protocols.relax.FastRelax: CMD: repack  -1084.48  3.43332  3.43332  0.55
protocols.relax.FastRelax: CMD: min  -1144.46  2.92653  2.92653  0.55
protocols.relax.FastRelax: MRP: 2  -1144.46  -1144.46  2.92653  2.92653  
protocols.relax.FastRelax: CMD: accept_to_best  -1144.46  2.92653  2.92653  0.55
protocols.relax.FastRelax: CMD: endrepeat  -1144.46  2.92653  2.92653  0.55
protocols.relax.FastRelax: CMD: coord_cst_weight  103404  2.92653  2.92653  0.55
protocols.relax.FastRelax: CMD: scale:fa_rep  103077  2.92653  2.92653  0.022
core.pack.task: Packer task: initialize from command line() 
core.pack.pack_rotamers: built 7711 rotamers at 492 positions.
core.pack.interaction_graph.interaction_graph_factory: Instantiating DensePDInteractionGraph
protocols.relax.FastRelax: CMD: repack  103071  2.92653  2.92653  0.022
protocols.relax.FastRelax: CMD: scale:fa_rep  103081  2.92653  2.92653  0.02805
core.optimization.Minimizer: [ WARNING ] LBFGS MAX CYCLES 2000 EXCEEDED, BUT FUNC NOT CONVERGED!
protocols.relax.FastRelax: CMD: min  -1229.96  0.183573  0.183573  0.02805
protocols.relax.FastRelax: CMD: coord_cst_weight  -1302.93  0.183573  0.183573  0.02805
protocols.relax.FastRelax: CMD: scale:fa_rep  -880.181  0.183573  0.183573  0.14575
core.pack.task: Packer task: initialize from command line() 
core.pack.pack_rotamers: built 7266 rotamers at 492 positions.
core.pack.interaction_graph.interaction_graph_factory: Instantiating DensePDInteractionGraph
protocols.relax.FastRelax: CMD: repack  -1041.29  0.183573  0.183573  0.14575
protocols.relax.FastRelax: CMD: scale:fa_rep  -1021.08  0.183573  0.183573  0.154
protocols.relax.FastRelax: CMD: min  -1181.53  0.227143  0.227143  0.154
protocols.relax.FastRelax: CMD: coord_cst_weight  -1293.5  0.227143  0.227143  0.154
protocols.relax.FastRelax: CMD: scale:fa_rep  -1114.45  0.227143  0.227143  0.30745
core.pack.task: Packer task: initialize from command line() 
core.pack.pack_rotamers: built 7126 rotamers at 492 positions.
core.pack.interaction_graph.interaction_graph_factory: Instantiating DensePDInteractionGraph
protocols.relax.FastRelax: CMD: repack  -1115.27  0.227143  0.227143  0.30745
protocols.relax.FastRelax: CMD: scale:fa_rep  -1101.24  0.227143  0.227143  0.31955
protocols.relax.FastRelax: CMD: min  -1291.26  3.02304  3.02304  0.31955
protocols.relax.FastRelax: CMD: coord_cst_weight  -1291.26  3.02304  3.02304  0.31955
protocols.relax.FastRelax: CMD: scale:fa_rep  -1087.04  3.02304  3.02304  0.55
core.pack.task: Packer task: initialize from command line() 
core.pack.pack_rotamers: built 6975 rotamers at 492 positions.
core.pack.interaction_graph.interaction_graph_factory: Instantiating DensePDInteractionGraph
protocols.relax.FastRelax: CMD: repack  -1089.72  3.02304  3.02304  0.55
protocols.relax.FastRelax: CMD: min  -1141.16  3.09742  3.09742  0.55
protocols.relax.FastRelax: MRP: 3  -1141.16  -1144.46  2.92653  2.92653  
protocols.relax.FastRelax: CMD: accept_to_best  -1141.16  3.09742  3.09742  0.55
protocols.relax.FastRelax: CMD: endrepeat  -1141.16  3.09742  3.09742  0.55
protocols.relax.FastRelax: CMD: coord_cst_weight  103065  3.09742  3.09742  0.55
protocols.relax.FastRelax: CMD: scale:fa_rep  102738  3.09742  3.09742  0.022
core.pack.task: Packer task: initialize from command line() 
core.pack.pack_rotamers: built 7751 rotamers at 492 positions.
core.pack.interaction_graph.interaction_graph_factory: Instantiating DensePDInteractionGraph
protocols.relax.FastRelax: CMD: repack  102723  3.09742  3.09742  0.022
protocols.relax.FastRelax: CMD: scale:fa_rep  102729  3.09742  3.09742  0.02805
core.optimization.Minimizer: [ WARNING ] LBFGS MAX CYCLES 2000 EXCEEDED, BUT FUNC NOT CONVERGED!
protocols.relax.FastRelax: CMD: min  -1211.72  0.192898  0.192898  0.02805
protocols.relax.FastRelax: CMD: coord_cst_weight  -1290.34  0.192898  0.192898  0.02805
protocols.relax.FastRelax: CMD: scale:fa_rep  -883.325  0.192898  0.192898  0.14575
core.pack.task: Packer task: initialize from command line() 
core.pack.pack_rotamers: built 7349 rotamers at 492 positions.
core.pack.interaction_graph.interaction_graph_factory: Instantiating DensePDInteractionGraph
protocols.relax.FastRelax: CMD: repack  -1034.66  0.192898  0.192898  0.14575
protocols.relax.FastRelax: CMD: scale:fa_rep  -1014.45  0.192898  0.192898  0.154
protocols.relax.FastRelax: CMD: min  -1180.64  0.228874  0.228874  0.154
protocols.relax.FastRelax: CMD: coord_cst_weight  -1294.4  0.228874  0.228874  0.154
protocols.relax.FastRelax: CMD: scale:fa_rep  -1116.51  0.228874  0.228874  0.30745
core.pack.task: Packer task: initialize from command line() 
core.pack.pack_rotamers: built 7130 rotamers at 492 positions.
core.pack.interaction_graph.interaction_graph_factory: Instantiating DensePDInteractionGraph
protocols.relax.FastRelax: CMD: repack  -1117.59  0.228874  0.228874  0.30745
protocols.relax.FastRelax: CMD: scale:fa_rep  -1103.67  0.228874  0.228874  0.31955
protocols.relax.FastRelax: CMD: min  -1303.46  3.17455  3.17455  0.31955
protocols.relax.FastRelax: CMD: coord_cst_weight  -1303.46  3.17455  3.17455  0.31955
protocols.relax.FastRelax: CMD: scale:fa_rep  -1101.91  3.17455  3.17455  0.55
core.pack.task: Packer task: initialize from command line() 
core.pack.pack_rotamers: built 6999 rotamers at 492 positions.
core.pack.interaction_graph.interaction_graph_factory: Instantiating DensePDInteractionGraph
protocols.relax.FastRelax: CMD: repack  -1102.59  3.17455  3.17455  0.55
protocols.relax.FastRelax: CMD: min  -1148.1  3.21971  3.21971  0.55
protocols.relax.FastRelax: MRP: 4  -1148.1  -1148.1  3.21971  3.21971  
protocols.relax.FastRelax: CMD: accept_to_best  -1148.1  3.21971  3.21971  0.55
protocols.relax.FastRelax: CMD: endrepeat  -1148.1  3.21971  3.21971  0.55
protocols.relax.FastRelax: CMD: coord_cst_weight  100730  3.21971  3.21971  0.55
protocols.relax.FastRelax: CMD: scale:fa_rep  100405  3.21971  3.21971  0.022
core.pack.task: Packer task: initialize from command line() 
core.pack.pack_rotamers: built 7700 rotamers at 492 positions.
core.pack.interaction_graph.interaction_graph_factory: Instantiating DensePDInteractionGraph
protocols.relax.FastRelax: CMD: repack  100390  3.21971  3.21971  0.022
protocols.relax.FastRelax: CMD: scale:fa_rep  100400  3.21971  3.21971  0.02805
core.optimization.Minimizer: [ WARNING ] LBFGS MAX CYCLES 2000 EXCEEDED, BUT FUNC NOT CONVERGED!
protocols.relax.FastRelax: CMD: min  -1259.58  0.188592  0.188592  0.02805
protocols.relax.FastRelax: CMD: coord_cst_weight  -1336.8  0.188592  0.188592  0.02805
protocols.relax.FastRelax: CMD: scale:fa_rep  -983.232  0.188592  0.188592  0.14575
core.pack.task: Packer task: initialize from command line() 
core.pack.pack_rotamers: built 7342 rotamers at 492 positions.
core.pack.interaction_graph.interaction_graph_factory: Instantiating DensePDInteractionGraph
protocols.relax.FastRelax: CMD: repack  -1039.35  0.188592  0.188592  0.14575
protocols.relax.FastRelax: CMD: scale:fa_rep  -1019.24  0.188592  0.188592  0.154
protocols.relax.FastRelax: CMD: min  -1186.26  0.227413  0.227413  0.154
protocols.relax.FastRelax: CMD: coord_cst_weight  -1299.74  0.227413  0.227413  0.154
protocols.relax.FastRelax: CMD: scale:fa_rep  -1122.23  0.227413  0.227413  0.30745
core.pack.task: Packer task: initialize from command line() 
core.pack.pack_rotamers: built 7130 rotamers at 492 positions.
core.pack.interaction_graph.interaction_graph_factory: Instantiating DensePDInteractionGraph
protocols.relax.FastRelax: CMD: repack  -1123.45  0.227413  0.227413  0.30745
protocols.relax.FastRelax: CMD: scale:fa_rep  -1109.55  0.227413  0.227413  0.31955
protocols.relax.FastRelax: CMD: min  -1305.59  3.05909  3.05909  0.31955
protocols.relax.FastRelax: CMD: coord_cst_weight  -1305.59  3.05909  3.05909  0.31955
protocols.relax.FastRelax: CMD: scale:fa_rep  -1102.49  3.05909  3.05909  0.55
core.pack.task: Packer task: initialize from command line() 
core.pack.pack_rotamers: built 6989 rotamers at 492 positions.
core.pack.interaction_graph.interaction_graph_factory: Instantiating DensePDInteractionGraph
protocols.relax.FastRelax: CMD: repack  -1106.08  3.05909  3.05909  0.55
protocols.relax.FastRelax: CMD: min  -1154.35  3.32656  3.32656  0.55
protocols.relax.FastRelax: MRP: 5  -1154.35  -1154.35  3.32656  3.32656  
protocols.relax.FastRelax: CMD: accept_to_best  -1154.35  3.32656  3.32656  0.55
protocols.relax.FastRelax: CMD: endrepeat  -1154.35  3.32656  3.32656  0.55
protocols.relax.FastRelax: CMD: coord_cst_weight  78408  3.32656  3.32656  0.55
protocols.relax.FastRelax: CMD: scale:fa_rep  78081  3.32656  3.32656  0.022
core.pack.task: Packer task: initialize from command line() 
core.pack.pack_rotamers: built 7714 rotamers at 492 positions.
core.pack.interaction_graph.interaction_graph_factory: Instantiating DensePDInteractionGraph
protocols.relax.FastRelax: CMD: repack  78071.9  3.32656  3.32656  0.022
protocols.relax.FastRelax: CMD: scale:fa_rep  78082.7  3.32656  3.32656  0.02805
core.optimization.Minimizer: [ WARNING ] LBFGS MAX CYCLES 2000 EXCEEDED, BUT FUNC NOT CONVERGED!
protocols.relax.FastRelax: CMD: min  -1259.61  0.185999  0.185999  0.02805
protocols.relax.FastRelax: CMD: coord_cst_weight  -1334.41  0.185999  0.185999  0.02805
protocols.relax.FastRelax: CMD: scale:fa_rep  -970.024  0.185999  0.185999  0.14575
core.pack.task: Packer task: initialize from command line() 
core.pack.pack_rotamers: built 7365 rotamers at 492 positions.
core.pack.interaction_graph.interaction_graph_factory: Instantiating DensePDInteractionGraph
protocols.relax.FastRelax: CMD: repack  -1033.13  0.185999  0.185999  0.14575
protocols.relax.FastRelax: CMD: scale:fa_rep  -1012.48  0.185999  0.185999  0.154
protocols.relax.FastRelax: CMD: min  -1180.5  0.229488  0.229488  0.154
protocols.relax.FastRelax: CMD: coord_cst_weight  -1295.06  0.229488  0.229488  0.154
protocols.relax.FastRelax: CMD: scale:fa_rep  -1115.69  0.229488  0.229488  0.30745
core.pack.task: Packer task: initialize from command line() 
core.pack.pack_rotamers: built 7161 rotamers at 492 positions.
core.pack.interaction_graph.interaction_graph_factory: Instantiating DensePDInteractionGraph
protocols.relax.FastRelax: CMD: repack  -1115.61  0.229488  0.229488  0.30745
protocols.relax.FastRelax: CMD: scale:fa_rep  -1101.53  0.229488  0.229488  0.31955
protocols.relax.FastRelax: CMD: min  -1189.44  3.04333  3.04333  0.31955
protocols.relax.FastRelax: CMD: coord_cst_weight  -1189.44  3.04333  3.04333  0.31955
protocols.relax.FastRelax: CMD: scale:fa_rep  -900.497  3.04333  3.04333  0.55
core.pack.task: Packer task: initialize from command line() 
core.pack.pack_rotamers: built 6954 rotamers at 492 positions.
core.pack.interaction_graph.interaction_graph_factory: Instantiating DensePDInteractionGraph
protocols.relax.FastRelax: CMD: repack  -1115.08  3.04333  3.04333  0.55
protocols.relax.FastRelax: CMD: min  -1160.09  3.2281  3.2281  0.55
protocols.relax.FastRelax: MRP: 6  -1160.09  -1160.09  3.2281  3.2281  
protocols.relax.FastRelax: CMD: accept_to_best  -1160.09  3.2281  3.2281  0.55
protocols.relax.FastRelax: CMD: endrepeat  -1160.09  3.2281  3.2281  0.55
protocols.relax.FastRelax: CMD: coord_cst_weight  83819.7  3.2281  3.2281  0.55
protocols.relax.FastRelax: CMD: scale:fa_rep  83495.7  3.2281  3.2281  0.022
core.pack.task: Packer task: initialize from command line() 
core.pack.pack_rotamers: built 7697 rotamers at 492 positions.
core.pack.interaction_graph.interaction_graph_factory: Instantiating DensePDInteractionGraph
protocols.relax.FastRelax: CMD: repack  83492.1  3.2281  3.2281  0.022
protocols.relax.FastRelax: CMD: scale:fa_rep  83502  3.2281  3.2281  0.02805
core.optimization.Minimizer: [ WARNING ] LBFGS MAX CYCLES 2000 EXCEEDED, BUT FUNC NOT CONVERGED!
protocols.relax.FastRelax: CMD: min  -1242.11  0.186829  0.186829  0.02805
protocols.relax.FastRelax: CMD: coord_cst_weight  -1316.55  0.186829  0.186829  0.02805
protocols.relax.FastRelax: CMD: scale:fa_rep  -951.772  0.186829  0.186829  0.14575
core.pack.task: Packer task: initialize from command line() 
core.pack.pack_rotamers: built 7339 rotamers at 492 positions.
core.pack.interaction_graph.interaction_graph_factory: Instantiating DensePDInteractionGraph
protocols.relax.FastRelax: CMD: repack  -1005.34  0.186829  0.186829  0.14575
protocols.relax.FastRelax: CMD: scale:fa_rep  -983.326  0.186829  0.186829  0.154
protocols.relax.FastRelax: CMD: min  -1179.81  0.230788  0.230788  0.154
protocols.relax.FastRelax: CMD: coord_cst_weight  -1294.6  0.230788  0.230788  0.154
protocols.relax.FastRelax: CMD: scale:fa_rep  -1110.35  0.230788  0.230788  0.30745
core.pack.task: Packer task: initialize from command line() 
core.pack.pack_rotamers: built 7091 rotamers at 492 positions.
core.pack.interaction_graph.interaction_graph_factory: Instantiating DensePDInteractionGraph
protocols.relax.FastRelax: CMD: repack  -1110.54  0.230788  0.230788  0.30745
protocols.relax.FastRelax: CMD: scale:fa_rep  -1096.23  0.230788  0.230788  0.31955
protocols.relax.FastRelax: CMD: min  -1305.27  3.19332  3.19332  0.31955
protocols.relax.FastRelax: CMD: coord_cst_weight  -1305.27  3.19332  3.19332  0.31955
protocols.relax.FastRelax: CMD: scale:fa_rep  -1099.94  3.19332  3.19332  0.55
core.pack.task: Packer task: initialize from command line() 
core.pack.pack_rotamers: built 6922 rotamers at 492 positions.
core.pack.interaction_graph.interaction_graph_factory: Instantiating DensePDInteractionGraph
protocols.relax.FastRelax: CMD: repack  -1105.88  3.19332  3.19332  0.55
protocols.relax.FastRelax: CMD: min  -1162.83  3.45901  3.45901  0.55
protocols.relax.FastRelax: MRP: 7  -1162.83  -1162.83  3.45901  3.45901  
protocols.relax.FastRelax: CMD: accept_to_best  -1162.83  3.45901  3.45901  0.55
protocols.relax.FastRelax: CMD: endrepeat  -1162.83  3.45901  3.45901  0.55
protocols.relax.FastRelax: CMD: coord_cst_weight  62144.7  3.45901  3.45901  0.55
protocols.relax.FastRelax: CMD: scale:fa_rep  61816.9  3.45901  3.45901  0.022
core.pack.task: Packer task: initialize from command line() 
core.pack.pack_rotamers: built 7754 rotamers at 492 positions.
core.pack.interaction_graph.interaction_graph_factory: Instantiating DensePDInteractionGraph
protocols.relax.FastRelax: CMD: repack  61806  3.45901  3.45901  0.022
protocols.relax.FastRelax: CMD: scale:fa_rep  61814.7  3.45901  3.45901  0.02805
core.optimization.Minimizer: [ WARNING ] LBFGS MAX CYCLES 2000 EXCEEDED, BUT FUNC NOT CONVERGED!
protocols.relax.FastRelax: CMD: min  -1255.8  0.187992  0.187992  0.02805
protocols.relax.FastRelax: CMD: coord_cst_weight  -1331.67  0.187992  0.187992  0.02805
protocols.relax.FastRelax: CMD: scale:fa_rep  -988.356  0.187992  0.187992  0.14575
core.pack.task: Packer task: initialize from command line() 
core.pack.pack_rotamers: built 7365 rotamers at 492 positions.
core.pack.interaction_graph.interaction_graph_factory: Instantiating DensePDInteractionGraph
protocols.relax.FastRelax: CMD: repack  -1047.92  0.187992  0.187992  0.14575
protocols.relax.FastRelax: CMD: scale:fa_rep  -1028.8  0.187992  0.187992  0.154
protocols.relax.FastRelax: CMD: min  -1183.75  0.237067  0.237067  0.154
protocols.relax.FastRelax: CMD: coord_cst_weight  -1302.37  0.237067  0.237067  0.154
protocols.relax.FastRelax: CMD: scale:fa_rep  -1128.69  0.237067  0.237067  0.30745
core.pack.task: Packer task: initialize from command line() 
core.pack.pack_rotamers: built 7110 rotamers at 492 positions.
core.pack.interaction_graph.interaction_graph_factory: Instantiating DensePDInteractionGraph
protocols.relax.FastRelax: CMD: repack  -1130.99  0.237067  0.237067  0.30745
protocols.relax.FastRelax: CMD: scale:fa_rep  -1117.48  0.237067  0.237067  0.31955
protocols.relax.FastRelax: CMD: min  -1310.14  2.98996  2.98996  0.31955
protocols.relax.FastRelax: CMD: coord_cst_weight  -1310.14  2.98996  2.98996  0.31955
protocols.relax.FastRelax: CMD: scale:fa_rep  -1105  2.98996  2.98996  0.55
core.pack.task: Packer task: initialize from command line() 
core.pack.pack_rotamers: built 6994 rotamers at 492 positions.
core.pack.interaction_graph.interaction_graph_factory: Instantiating DensePDInteractionGraph
protocols.relax.FastRelax: CMD: repack  -1115.73  2.98996  2.98996  0.55
protocols.relax.FastRelax: CMD: min  -1167.45  3.25793  3.25793  0.55
protocols.relax.FastRelax: MRP: 8  -1167.45  -1167.45  3.25793  3.25793  
protocols.relax.FastRelax: CMD: accept_to_best  -1167.45  3.25793  3.25793  0.55
protocols.relax.FastRelax: CMD: endrepeat  -1167.45  3.25793  3.25793  0.55
protocols.relax.FastRelax: CMD: coord_cst_weight  61431.9  3.25793  3.25793  0.55
protocols.relax.FastRelax: CMD: scale:fa_rep  61104.1  3.25793  3.25793  0.022
core.pack.task: Packer task: initialize from command line() 
core.pack.pack_rotamers: built 7708 rotamers at 492 positions.
core.pack.interaction_graph.interaction_graph_factory: Instantiating DensePDInteractionGraph
protocols.relax.FastRelax: CMD: repack  61089.8  3.25793  3.25793  0.022
protocols.relax.FastRelax: CMD: scale:fa_rep  61097.7  3.25793  3.25793  0.02805
core.optimization.Minimizer: [ WARNING ] LBFGS MAX CYCLES 2000 EXCEEDED, BUT FUNC NOT CONVERGED!
protocols.relax.FastRelax: CMD: min  -1258.71  0.186004  0.186004  0.02805
protocols.relax.FastRelax: CMD: coord_cst_weight  -1333.91  0.186004  0.186004  0.02805
protocols.relax.FastRelax: CMD: scale:fa_rep  -1001.51  0.186004  0.186004  0.14575
core.pack.task: Packer task: initialize from command line() 
core.pack.pack_rotamers: built 7375 rotamers at 492 positions.
core.pack.interaction_graph.interaction_graph_factory: Instantiating DensePDInteractionGraph
protocols.relax.FastRelax: CMD: repack  -1047.91  0.186004  0.186004  0.14575
protocols.relax.FastRelax: CMD: scale:fa_rep  -1028.33  0.186004  0.186004  0.154
protocols.relax.FastRelax: CMD: min  -1183.97  0.237277  0.237277  0.154
protocols.relax.FastRelax: CMD: coord_cst_weight  -1302.94  0.237277  0.237277  0.154
protocols.relax.FastRelax: CMD: scale:fa_rep  -1128.13  0.237277  0.237277  0.30745
core.pack.task: Packer task: initialize from command line() 
core.pack.pack_rotamers: built 7132 rotamers at 492 positions.
core.pack.interaction_graph.interaction_graph_factory: Instantiating DensePDInteractionGraph
protocols.relax.FastRelax: CMD: repack  -1130.45  0.237277  0.237277  0.30745
protocols.relax.FastRelax: CMD: scale:fa_rep  -1116.87  0.237277  0.237277  0.31955
protocols.relax.FastRelax: CMD: min  -1308.15  2.90928  2.90928  0.31955
protocols.relax.FastRelax: CMD: coord_cst_weight  -1308.15  2.90928  2.90928  0.31955
protocols.relax.FastRelax: CMD: scale:fa_rep  -1104.02  2.90928  2.90928  0.55
core.pack.task: Packer task: initialize from command line() 
core.pack.pack_rotamers: built 6970 rotamers at 492 positions.
core.pack.interaction_graph.interaction_graph_factory: Instantiating DensePDInteractionGraph
protocols.relax.FastRelax: CMD: repack  -1107.1  2.90928  2.90928  0.55
protocols.relax.FastRelax: CMD: min  -1160.66  3.34926  3.34926  0.55
protocols.relax.FastRelax: MRP: 9  -1160.66  -1167.45  3.25793  3.25793  
protocols.relax.FastRelax: CMD: accept_to_best  -1160.66  3.34926  3.34926  0.55
protocols.relax.FastRelax: CMD: endrepeat  -1160.66  3.34926  3.34926  0.55
protocols.relax.FastRelax: CMD: coord_cst_weight  59349.8  3.34926  3.34926  0.55
protocols.relax.FastRelax: CMD: scale:fa_rep  59023.5  3.34926  3.34926  0.022
core.pack.task: Packer task: initialize from command line() 
core.pack.pack_rotamers: built 7726 rotamers at 492 positions.
core.pack.interaction_graph.interaction_graph_factory: Instantiating DensePDInteractionGraph
protocols.relax.FastRelax: CMD: repack  59004.4  3.34926  3.34926  0.022
protocols.relax.FastRelax: CMD: scale:fa_rep  59013.5  3.34926  3.34926  0.02805
core.optimization.Minimizer: [ WARNING ] LBFGS MAX CYCLES 2000 EXCEEDED, BUT FUNC NOT CONVERGED!
protocols.relax.FastRelax: CMD: min  -1258.37  0.188147  0.188147  0.02805
protocols.relax.FastRelax: CMD: coord_cst_weight  -1334.51  0.188147  0.188147  0.02805
protocols.relax.FastRelax: CMD: scale:fa_rep  -985.642  0.188147  0.188147  0.14575
core.pack.task: Packer task: initialize from command line() 
core.pack.pack_rotamers: built 7350 rotamers at 492 positions.
core.pack.interaction_graph.interaction_graph_factory: Instantiating DensePDInteractionGraph
protocols.relax.FastRelax: CMD: repack  -1045.92  0.188147  0.188147  0.14575
protocols.relax.FastRelax: CMD: scale:fa_rep  -1026.3  0.188147  0.188147  0.154
protocols.relax.FastRelax: CMD: min  -1184.52  0.237226  0.237226  0.154
protocols.relax.FastRelax: CMD: coord_cst_weight  -1303.31  0.237226  0.237226  0.154
protocols.relax.FastRelax: CMD: scale:fa_rep  -1128.2  0.237226  0.237226  0.30745
core.pack.task: Packer task: initialize from command line() 
core.pack.pack_rotamers: built 7070 rotamers at 492 positions.
core.pack.interaction_graph.interaction_graph_factory: Instantiating DensePDInteractionGraph
protocols.relax.FastRelax: CMD: repack  -1129.85  0.237226  0.237226  0.30745
protocols.relax.FastRelax: CMD: scale:fa_rep  -1116.19  0.237226  0.237226  0.31955
protocols.relax.FastRelax: CMD: min  -1311.51  2.72584  2.72584  0.31955
protocols.relax.FastRelax: CMD: coord_cst_weight  -1311.51  2.72584  2.72584  0.31955
protocols.relax.FastRelax: CMD: scale:fa_rep  -1105.49  2.72584  2.72584  0.55
core.pack.task: Packer task: initialize from command line() 
core.pack.pack_rotamers: built 6927 rotamers at 492 positions.
core.pack.interaction_graph.interaction_graph_factory: Instantiating DensePDInteractionGraph
protocols.relax.FastRelax: CMD: repack  -1109.17  2.72584  2.72584  0.55
protocols.relax.FastRelax: CMD: min  -1161.44  2.97476  2.97476  0.55
protocols.relax.FastRelax: MRP: 10  -1161.44  -1167.45  3.25793  3.25793  
protocols.relax.FastRelax: CMD: accept_to_best  -1161.44  2.97476  2.97476  0.55
protocols.relax.FastRelax: CMD: endrepeat  -1161.44  2.97476  2.97476  0.55
protocols.relax.FastRelax: CMD: coord_cst_weight  62205.2  2.97476  2.97476  0.55
protocols.relax.FastRelax: CMD: scale:fa_rep  61875.6  2.97476  2.97476  0.022
core.pack.task: Packer task: initialize from command line() 
core.pack.pack_rotamers: built 7701 rotamers at 492 positions.
core.pack.interaction_graph.interaction_graph_factory: Instantiating DensePDInteractionGraph
protocols.relax.FastRelax: CMD: repack  61856.9  2.97476  2.97476  0.022
protocols.relax.FastRelax: CMD: scale:fa_rep  61864  2.97476  2.97476  0.02805
core.optimization.Minimizer: [ WARNING ] LBFGS MAX CYCLES 2000 EXCEEDED, BUT FUNC NOT CONVERGED!
protocols.relax.FastRelax: CMD: min  -1254.88  0.190136  0.190136  0.02805
protocols.relax.FastRelax: CMD: coord_cst_weight  -1331.13  0.190136  0.190136  0.02805
protocols.relax.FastRelax: CMD: scale:fa_rep  -1000.42  0.190136  0.190136  0.14575
core.pack.task: Packer task: initialize from command line() 
core.pack.pack_rotamers: built 7338 rotamers at 492 positions.
core.pack.interaction_graph.interaction_graph_factory: Instantiating DensePDInteractionGraph
protocols.relax.FastRelax: CMD: repack  -1044.2  0.190136  0.190136  0.14575
protocols.relax.FastRelax: CMD: scale:fa_rep  -1024.19  0.190136  0.190136  0.154
protocols.relax.FastRelax: CMD: min  -1185.15  0.241145  0.241145  0.154
protocols.relax.FastRelax: CMD: coord_cst_weight  -1307.26  0.241145  0.241145  0.154
protocols.relax.FastRelax: CMD: scale:fa_rep  -1133.48  0.241145  0.241145  0.30745
core.pack.task: Packer task: initialize from command line() 
core.pack.pack_rotamers: built 7138 rotamers at 492 positions.
core.pack.interaction_graph.interaction_graph_factory: Instantiating DensePDInteractionGraph
protocols.relax.FastRelax: CMD: repack  -1133.71  0.241145  0.241145  0.30745
protocols.relax.FastRelax: CMD: scale:fa_rep  -1120.27  0.241145  0.241145  0.31955
protocols.relax.FastRelax: CMD: min  -1310.05  2.63612  2.63612  0.31955
protocols.relax.FastRelax: CMD: coord_cst_weight  -1310.05  2.63612  2.63612  0.31955
protocols.relax.FastRelax: CMD: scale:fa_rep  -1106.18  2.63612  2.63612  0.55
core.pack.task: Packer task: initialize from command line() 
core.pack.pack_rotamers: built 6927 rotamers at 492 positions.
core.pack.interaction_graph.interaction_graph_factory: Instantiating DensePDInteractionGraph
protocols.relax.FastRelax: CMD: repack  -1108.54  2.63612  2.63612  0.55
protocols.relax.FastRelax: CMD: min  -1161.83  2.89399  2.89399  0.55
protocols.relax.FastRelax: MRP: 11  -1161.83  -1167.45  3.25793  3.25793  
protocols.relax.FastRelax: CMD: accept_to_best  -1161.83  2.89399  2.89399  0.55
protocols.relax.FastRelax: CMD: endrepeat  -1161.83  2.89399  2.89399  0.55
protocols.relax.FastRelax: CMD: coord_cst_weight  46636.8  2.89399  2.89399  0.55
protocols.relax.FastRelax: CMD: scale:fa_rep  46308.9  2.89399  2.89399  0.022
core.pack.task: Packer task: initialize from command line() 
core.pack.pack_rotamers: built 7676 rotamers at 492 positions.
core.pack.interaction_graph.interaction_graph_factory: Instantiating DensePDInteractionGraph
protocols.relax.FastRelax: CMD: repack  46290.3  2.89399  2.89399  0.022
protocols.relax.FastRelax: CMD: scale:fa_rep  46297.1  2.89399  2.89399  0.02805
core.optimization.Minimizer: [ WARNING ] LBFGS MAX CYCLES 2000 EXCEEDED, BUT FUNC NOT CONVERGED!
protocols.relax.FastRelax: CMD: min  -1263.52  0.184227  0.184227  0.02805
protocols.relax.FastRelax: CMD: coord_cst_weight  -1337.32  0.184227  0.184227  0.02805
protocols.relax.FastRelax: CMD: scale:fa_rep  -997.209  0.184227  0.184227  0.14575
core.pack.task: Packer task: initialize from command line() 
core.pack.pack_rotamers: built 7333 rotamers at 492 positions.
core.pack.interaction_graph.interaction_graph_factory: Instantiating DensePDInteractionGraph
protocols.relax.FastRelax: CMD: repack  -1043.3  0.184227  0.184227  0.14575
protocols.relax.FastRelax: CMD: scale:fa_rep  -1023.46  0.184227  0.184227  0.154
protocols.relax.FastRelax: CMD: min  -1184.72  0.23716  0.23716  0.154
protocols.relax.FastRelax: CMD: coord_cst_weight  -1304.06  0.23716  0.23716  0.154
protocols.relax.FastRelax: CMD: scale:fa_rep  -1132.31  0.23716  0.23716  0.30745
core.pack.task: Packer task: initialize from command line() 
core.pack.pack_rotamers: built 7099 rotamers at 492 positions.
core.pack.interaction_graph.interaction_graph_factory: Instantiating DensePDInteractionGraph
protocols.relax.FastRelax: CMD: repack  -1133.56  0.23716  0.23716  0.30745
protocols.relax.FastRelax: CMD: scale:fa_rep  -1120.18  0.23716  0.23716  0.31955
protocols.relax.FastRelax: CMD: min  -1310.13  2.57306  2.57306  0.31955
protocols.relax.FastRelax: CMD: coord_cst_weight  -1310.13  2.57306  2.57306  0.31955
protocols.relax.FastRelax: CMD: scale:fa_rep  -1107.59  2.57306  2.57306  0.55
core.pack.task: Packer task: initialize from command line() 
core.pack.pack_rotamers: built 6899 rotamers at 492 positions.
core.pack.interaction_graph.interaction_graph_factory: Instantiating DensePDInteractionGraph
protocols.relax.FastRelax: CMD: repack  -1111.96  2.57306  2.57306  0.55
protocols.relax.FastRelax: CMD: min  -1167.97  3.30044  3.30044  0.55
protocols.relax.FastRelax: MRP: 12  -1167.97  -1167.97  3.30044  3.30044  
protocols.relax.FastRelax: CMD: accept_to_best  -1167.97  3.30044  3.30044  0.55
protocols.relax.FastRelax: CMD: endrepeat  -1167.97  3.30044  3.30044  0.55
protocols.relax.FastRelax: CMD: coord_cst_weight  55241.4  3.30044  3.30044  0.55
protocols.relax.FastRelax: CMD: scale:fa_rep  54916.2  3.30044  3.30044  0.022
core.pack.task: Packer task: initialize from command line() 
core.pack.pack_rotamers: built 7679 rotamers at 492 positions.
core.pack.interaction_graph.interaction_graph_factory: Instantiating DensePDInteractionGraph
protocols.relax.FastRelax: CMD: repack  54894.8  3.30044  3.30044  0.022
protocols.relax.FastRelax: CMD: scale:fa_rep  54901.5  3.30044  3.30044  0.02805
core.optimization.Minimizer: [ WARNING ] LBFGS MAX CYCLES 2000 EXCEEDED, BUT FUNC NOT CONVERGED!
protocols.relax.FastRelax: CMD: min  -1259.76  0.186109  0.186109  0.02805
protocols.relax.FastRelax: CMD: coord_cst_weight  -1334.19  0.186109  0.186109  0.02805
protocols.relax.FastRelax: CMD: scale:fa_rep  -992.51  0.186109  0.186109  0.14575
core.pack.task: Packer task: initialize from command line() 
core.pack.pack_rotamers: built 7340 rotamers at 492 positions.
core.pack.interaction_graph.interaction_graph_factory: Instantiating DensePDInteractionGraph
protocols.relax.FastRelax: CMD: repack  -1017.49  0.186109  0.186109  0.14575
protocols.relax.FastRelax: CMD: scale:fa_rep  -995.933  0.186109  0.186109  0.154
protocols.relax.FastRelax: CMD: min  -1173.73  0.243517  0.243517  0.154
protocols.relax.FastRelax: CMD: coord_cst_weight  -1300.17  0.243517  0.243517  0.154
protocols.relax.FastRelax: CMD: scale:fa_rep  -1122.98  0.243517  0.243517  0.30745
core.pack.task: Packer task: initialize from command line() 
core.pack.pack_rotamers: built 7148 rotamers at 492 positions.
core.pack.interaction_graph.interaction_graph_factory: Instantiating DensePDInteractionGraph
protocols.relax.FastRelax: CMD: repack  -1126.61  0.243517  0.243517  0.30745
protocols.relax.FastRelax: CMD: scale:fa_rep  -1113.15  0.243517  0.243517  0.31955
protocols.relax.FastRelax: CMD: min  -1323.48  3.258  3.258  0.31955
protocols.relax.FastRelax: CMD: coord_cst_weight  -1323.48  3.258  3.258  0.31955
protocols.relax.FastRelax: CMD: scale:fa_rep  -1120.43  3.258  3.258  0.55
core.pack.task: Packer task: initialize from command line() 
core.pack.pack_rotamers: built 6931 rotamers at 492 positions.
core.pack.interaction_graph.interaction_graph_factory: Instantiating DensePDInteractionGraph
protocols.relax.FastRelax: CMD: repack  -1126.06  3.258  3.258  0.55
protocols.relax.FastRelax: CMD: min  -1173.73  3.46583  3.46583  0.55
protocols.relax.FastRelax: MRP: 13  -1173.73  -1173.73  3.46583  3.46583  
protocols.relax.FastRelax: CMD: accept_to_best  -1173.73  3.46583  3.46583  0.55
protocols.relax.FastRelax: CMD: endrepeat  -1173.73  3.46583  3.46583  0.55
protocols.relax.FastRelax: CMD: coord_cst_weight  52602  3.46583  3.46583  0.55
protocols.relax.FastRelax: CMD: scale:fa_rep  52274.9  3.46583  3.46583  0.022
core.pack.task: Packer task: initialize from command line() 
core.pack.pack_rotamers: built 7688 rotamers at 492 positions.
core.pack.interaction_graph.interaction_graph_factory: Instantiating DensePDInteractionGraph
protocols.relax.FastRelax: CMD: repack  52257.8  3.46583  3.46583  0.022
protocols.relax.FastRelax: CMD: scale:fa_rep  52265.1  3.46583  3.46583  0.02805
core.optimization.Minimizer: [ WARNING ] LBFGS MAX CYCLES 2000 EXCEEDED, BUT FUNC NOT CONVERGED!
protocols.relax.FastRelax: CMD: min  -1258.77  0.190311  0.190311  0.02805
protocols.relax.FastRelax: CMD: coord_cst_weight  -1336.14  0.190311  0.190311  0.02805
protocols.relax.FastRelax: CMD: scale:fa_rep  -998.874  0.190311  0.190311  0.14575
core.pack.task: Packer task: initialize from command line() 
core.pack.pack_rotamers: built 7275 rotamers at 492 positions.
core.pack.interaction_graph.interaction_graph_factory: Instantiating DensePDInteractionGraph
protocols.relax.FastRelax: CMD: repack  -1050.73  0.190311  0.190311  0.14575
protocols.relax.FastRelax: CMD: scale:fa_rep  -1031.07  0.190311  0.190311  0.154
protocols.relax.FastRelax: CMD: min  -1190.32  0.238457  0.238457  0.154
protocols.relax.FastRelax: CMD: coord_cst_weight  -1310.67  0.238457  0.238457  0.154
protocols.relax.FastRelax: CMD: scale:fa_rep  -1138.93  0.238457  0.238457  0.30745
core.pack.task: Packer task: initialize from command line() 
core.pack.pack_rotamers: built 7094 rotamers at 492 positions.
core.pack.interaction_graph.interaction_graph_factory: Instantiating DensePDInteractionGraph
protocols.relax.FastRelax: CMD: repack  -1139.83  0.238457  0.238457  0.30745
protocols.relax.FastRelax: CMD: scale:fa_rep  -1126.4  0.238457  0.238457  0.31955
protocols.relax.FastRelax: CMD: min  -1330.81  3.54478  3.54478  0.31955
protocols.relax.FastRelax: CMD: coord_cst_weight  -1330.81  3.54478  3.54478  0.31955
protocols.relax.FastRelax: CMD: scale:fa_rep  -1128.22  3.54478  3.54478  0.55
core.pack.task: Packer task: initialize from command line() 
core.pack.pack_rotamers: built 6939 rotamers at 492 positions.
core.pack.interaction_graph.interaction_graph_factory: Instantiating DensePDInteractionGraph
protocols.relax.FastRelax: CMD: repack  -1131.1  3.54478  3.54478  0.55
protocols.relax.FastRelax: CMD: min  -1177  3.71351  3.71351  0.55
protocols.relax.FastRelax: MRP: 14  -1177  -1177  3.71351  3.71351  
protocols.relax.FastRelax: CMD: accept_to_best  -1177  3.71351  3.71351  0.55
protocols.relax.FastRelax: CMD: endrepeat  -1177  3.71351  3.71351  0.55
protocols::checkpoint: Deleting checkpoints of FastRelax
protocols.jd2.JobDistributor: target.BL00010001_9_0004 reported success in 13736 seconds
protocols.jd2.PDBJobInputter: PDBJobInputter::pose_from_job
protocols.jd2.PDBJobInputter: filling pose from PDB ../1-modeller/target.BL00010001.pdb
core.import_pose.import_pose: File '../1-modeller/target.BL00010001.pdb' automatically determined to be of type PDB from contents.
core.io.rcsb.ExperimentalTechnique: [ ERROR ] Unrecognized experimental technique string 'THEORETICAL MODEL, MODELLER 10.8 2026/08/10 16:18:02'
protocols.relax.FastRelax: CMD: repeat  4476.34  0  0  0.55
protocols.relax.FastRelax: CMD: coord_cst_weight  4476.34  0  0  0.55
protocols.relax.FastRelax: CMD: scale:fa_rep  806.987  0  0  0.022
core.pack.task: Packer task: initialize from command line() 
core.pack.pack_rotamers: built 8129 rotamers at 492 positions.
core.pack.interaction_graph.interaction_graph_factory: Instantiating DensePDInteractionGraph
protocols.relax.FastRelax: CMD: repack  -871.974  0  0  0.022
protocols.relax.FastRelax: CMD: scale:fa_rep  -830.79  0  0  0.02805
core.optimization.Minimizer: [ WARNING ] LBFGS MAX CYCLES 2000 EXCEEDED, BUT FUNC NOT CONVERGED!
protocols.relax.FastRelax: CMD: min  -1291.4  0.149073  0.149073  0.02805
protocols.relax.FastRelax: CMD: coord_cst_weight  -1338.47  0.149073  0.149073  0.02805
protocols.relax.FastRelax: CMD: scale:fa_rep  -944.83  0.149073  0.149073  0.14575
core.pack.task: Packer task: initialize from command line() 
core.pack.pack_rotamers: built 7473 rotamers at 492 positions.
core.pack.interaction_graph.interaction_graph_factory: Instantiating DensePDInteractionGraph
protocols.relax.FastRelax: CMD: repack  -991.36  0.149073  0.149073  0.14575
protocols.relax.FastRelax: CMD: scale:fa_rep  -969.474  0.149073  0.149073  0.154
core.optimization.Minimizer: [ WARNING ] LBFGS MAX CYCLES 2000 EXCEEDED, BUT FUNC NOT CONVERGED!
protocols.relax.FastRelax: CMD: min  -1165.3  0.2094  0.2094  0.154
protocols.relax.FastRelax: CMD: coord_cst_weight  -1259.72  0.2094  0.2094  0.154
protocols.relax.FastRelax: CMD: scale:fa_rep  -1070.76  0.2094  0.2094  0.30745
core.pack.task: Packer task: initialize from command line() 
core.pack.pack_rotamers: built 7228 rotamers at 492 positions.
core.pack.interaction_graph.interaction_graph_factory: Instantiating DensePDInteractionGraph
protocols.relax.FastRelax: CMD: repack  -1068.33  0.2094  0.2094  0.30745
protocols.relax.FastRelax: CMD: scale:fa_rep  -1053.62  0.2094  0.2094  0.31955
protocols.relax.FastRelax: CMD: min  -1255.9  3.63302  3.63302  0.31955
protocols.relax.FastRelax: CMD: coord_cst_weight  -1255.9  3.63302  3.63302  0.31955
protocols.relax.FastRelax: CMD: scale:fa_rep  -1048.52  3.63302  3.63302  0.55
core.pack.task: Packer task: initialize from command line() 
core.pack.pack_rotamers: built 7131 rotamers at 492 positions.
core.pack.interaction_graph.interaction_graph_factory: Instantiating DensePDInteractionGraph
protocols.relax.FastRelax: CMD: repack  -1054.35  3.63302  3.63302  0.55
protocols.relax.FastRelax: CMD: min  -1104.11  3.35593  3.35593  0.55
protocols.relax.FastRelax: MRP: 0  -1104.11  -1104.11  3.35593  3.35593  
protocols.relax.FastRelax: CMD: accept_to_best  -1104.11  3.35593  3.35593  0.55
protocols.relax.FastRelax: CMD: endrepeat  -1104.11  3.35593  3.35593  0.55
protocols.relax.FastRelax: CMD: coord_cst_weight  66623.8  3.35593  3.35593  0.55
protocols.relax.FastRelax: CMD: scale:fa_rep  66288.6  3.35593  3.35593  0.022
core.pack.task: Packer task: initialize from command line() 
core.pack.pack_rotamers: built 7822 rotamers at 492 positions.
core.pack.interaction_graph.interaction_graph_factory: Instantiating DensePDInteractionGraph
protocols.relax.FastRelax: CMD: repack  66275.6  3.35593  3.35593  0.022
protocols.relax.FastRelax: CMD: scale:fa_rep  66285.2  3.35593  3.35593  0.02805
core.optimization.Minimizer: [ WARNING ] LBFGS MAX CYCLES 2000 EXCEEDED, BUT FUNC NOT CONVERGED!
protocols.relax.FastRelax: CMD: min  -1266.01  0.174282  0.174282  0.02805
protocols.relax.FastRelax: CMD: coord_cst_weight  -1331.5  0.174282  0.174282  0.02805
protocols.relax.FastRelax: CMD: scale:fa_rep  -975.971  0.174282  0.174282  0.14575
core.pack.task: Packer task: initialize from command line() 
core.pack.pack_rotamers: built 7440 rotamers at 492 positions.
core.pack.interaction_graph.interaction_graph_factory: Instantiating DensePDInteractionGraph
protocols.relax.FastRelax: CMD: repack  -1026.65  0.174282  0.174282  0.14575
protocols.relax.FastRelax: CMD: scale:fa_rep  -1005.94  0.174282  0.174282  0.154
protocols.relax.FastRelax: CMD: min  -1180.78  0.214973  0.214973  0.154
protocols.relax.FastRelax: CMD: coord_cst_weight  -1281.59  0.214973  0.214973  0.154
protocols.relax.FastRelax: CMD: scale:fa_rep  -1097.2  0.214973  0.214973  0.30745
core.pack.task: Packer task: initialize from command line() 
core.pack.pack_rotamers: built 7166 rotamers at 492 positions.
core.pack.interaction_graph.interaction_graph_factory: Instantiating DensePDInteractionGraph
protocols.relax.FastRelax: CMD: repack  -1098.41  0.214973  0.214973  0.30745
protocols.relax.FastRelax: CMD: scale:fa_rep  -1083.92  0.214973  0.214973  0.31955
protocols.relax.FastRelax: CMD: min  -1269  2.87961  2.87961  0.31955
protocols.relax.FastRelax: CMD: coord_cst_weight  -1269  2.87961  2.87961  0.31955
protocols.relax.FastRelax: CMD: scale:fa_rep  -1058.57  2.87961  2.87961  0.55
core.pack.task: Packer task: initialize from command line() 
core.pack.pack_rotamers: built 7069 rotamers at 492 positions.
core.pack.interaction_graph.interaction_graph_factory: Instantiating DensePDInteractionGraph
protocols.relax.FastRelax: CMD: repack  -1064.87  2.87961  2.87961  0.55
protocols.relax.FastRelax: CMD: min  -1121.09  2.78035  2.78035  0.55
protocols.relax.FastRelax: MRP: 1  -1121.09  -1121.09  2.78035  2.78035  
protocols.relax.FastRelax: CMD: accept_to_best  -1121.09  2.78035  2.78035  0.55
protocols.relax.FastRelax: CMD: endrepeat  -1121.09  2.78035  2.78035  0.55
protocols.relax.FastRelax: CMD: coord_cst_weight  81168.8  2.78035  2.78035  0.55
protocols.relax.FastRelax: CMD: scale:fa_rep  80834  2.78035  2.78035  0.022
core.pack.task: Packer task: initialize from command line() 
core.pack.pack_rotamers: built 7770 rotamers at 492 positions.
core.pack.interaction_graph.interaction_graph_factory: Instantiating DensePDInteractionGraph
protocols.relax.FastRelax: CMD: repack  80826.3  2.78035  2.78035  0.022
protocols.relax.FastRelax: CMD: scale:fa_rep  80836.7  2.78035  2.78035  0.02805
core.optimization.Minimizer: [ WARNING ] LBFGS MAX CYCLES 2000 EXCEEDED, BUT FUNC NOT CONVERGED!
protocols.relax.FastRelax: CMD: min  -1250.71  0.187024  0.187024  0.02805
protocols.relax.FastRelax: CMD: coord_cst_weight  -1326.76  0.187024  0.187024  0.02805
protocols.relax.FastRelax: CMD: scale:fa_rep  -960.495  0.187024  0.187024  0.14575
core.pack.task: Packer task: initialize from command line() 
core.pack.pack_rotamers: built 7419 rotamers at 492 positions.
core.pack.interaction_graph.interaction_graph_factory: Instantiating DensePDInteractionGraph
protocols.relax.FastRelax: CMD: repack  -1042.03  0.187024  0.187024  0.14575
protocols.relax.FastRelax: CMD: scale:fa_rep  -1022.53  0.187024  0.187024  0.154
protocols.relax.FastRelax: CMD: min  -1183.68  0.219866  0.219866  0.154
protocols.relax.FastRelax: CMD: coord_cst_weight  -1290.89  0.219866  0.219866  0.154
protocols.relax.FastRelax: CMD: scale:fa_rep  -1110.58  0.219866  0.219866  0.30745
core.pack.task: Packer task: initialize from command line() 
core.pack.pack_rotamers: built 7216 rotamers at 492 positions.
core.pack.interaction_graph.interaction_graph_factory: Instantiating DensePDInteractionGraph
protocols.relax.FastRelax: CMD: repack  -1113.72  0.219866  0.219866  0.30745
protocols.relax.FastRelax: CMD: scale:fa_rep  -1099.65  0.219866  0.219866  0.31955
protocols.relax.FastRelax: CMD: min  -412.96  3.58076  3.58076  0.31955
protocols.relax.FastRelax: CMD: coord_cst_weight  -412.96  3.58076  3.58076  0.31955
protocols.relax.FastRelax: CMD: scale:fa_rep  432.532  3.58076  3.58076  0.55
core.pack.task: Packer task: initialize from command line() 
core.pack.pack_rotamers: built 6969 rotamers at 492 positions.
core.pack.interaction_graph.interaction_graph_factory: Instantiating DensePDInteractionGraph
protocols.relax.FastRelax: CMD: repack  -977.837  3.58076  3.58076  0.55
protocols.relax.FastRelax: CMD: min  -1140.75  3.78228  3.78228  0.55
protocols.relax.FastRelax: MRP: 2  -1140.75  -1140.75  3.78228  3.78228  
protocols.relax.FastRelax: CMD: accept_to_best  -1140.75  3.78228  3.78228  0.55
protocols.relax.FastRelax: CMD: endrepeat  -1140.75  3.78228  3.78228  0.55
protocols.relax.FastRelax: CMD: coord_cst_weight  97338.7  3.78228  3.78228  0.55
protocols.relax.FastRelax: CMD: scale:fa_rep  97007  3.78228  3.78228  0.022
core.pack.task: Packer task: initialize from command line() 
core.pack.pack_rotamers: built 7759 rotamers at 492 positions.
core.pack.interaction_graph.interaction_graph_factory: Instantiating DensePDInteractionGraph
protocols.relax.FastRelax: CMD: repack  96981.9  3.78228  3.78228  0.022
protocols.relax.FastRelax: CMD: scale:fa_rep  96989  3.78228  3.78228  0.02805
core.optimization.Minimizer: [ WARNING ] LBFGS MAX CYCLES 2000 EXCEEDED, BUT FUNC NOT CONVERGED!
protocols.relax.FastRelax: CMD: min  -1263.64  0.182348  0.182348  0.02805
protocols.relax.FastRelax: CMD: coord_cst_weight  -1336.57  0.182348  0.182348  0.02805
protocols.relax.FastRelax: CMD: scale:fa_rep  -977.125  0.182348  0.182348  0.14575
core.pack.task: Packer task: initialize from command line() 
core.pack.pack_rotamers: built 7372 rotamers at 492 positions.
core.pack.interaction_graph.interaction_graph_factory: Instantiating DensePDInteractionGraph
protocols.relax.FastRelax: CMD: repack  -1045.33  0.182348  0.182348  0.14575
protocols.relax.FastRelax: CMD: scale:fa_rep  -1024.81  0.182348  0.182348  0.154
protocols.relax.FastRelax: CMD: min  -1192.26  0.222617  0.222617  0.154
protocols.relax.FastRelax: CMD: coord_cst_weight  -1301.04  0.222617  0.222617  0.154
protocols.relax.FastRelax: CMD: scale:fa_rep  -1120.84  0.222617  0.222617  0.30745
core.pack.task: Packer task: initialize from command line() 
core.pack.pack_rotamers: built 7223 rotamers at 492 positions.
core.pack.interaction_graph.interaction_graph_factory: Instantiating DensePDInteractionGraph
protocols.relax.FastRelax: CMD: repack  -1121.13  0.222617  0.222617  0.30745
protocols.relax.FastRelax: CMD: scale:fa_rep  -1106.97  0.222617  0.222617  0.31955
protocols.relax.FastRelax: CMD: min  -1310.23  3.10999  3.10999  0.31955
protocols.relax.FastRelax: CMD: coord_cst_weight  -1310.23  3.10999  3.10999  0.31955
protocols.relax.FastRelax: CMD: scale:fa_rep  -1105.71  3.10999  3.10999  0.55
core.pack.task: Packer task: initialize from command line() 
core.pack.pack_rotamers: built 6989 rotamers at 492 positions.
core.pack.interaction_graph.interaction_graph_factory: Instantiating DensePDInteractionGraph
protocols.relax.FastRelax: CMD: repack  -1110.35  3.10999  3.10999  0.55
protocols.relax.FastRelax: CMD: min  -1164.63  3.47251  3.47251  0.55
protocols.relax.FastRelax: MRP: 3  -1164.63  -1164.63  3.47251  3.47251  
protocols.relax.FastRelax: CMD: accept_to_best  -1164.63  3.47251  3.47251  0.55
protocols.relax.FastRelax: CMD: endrepeat  -1164.63  3.47251  3.47251  0.55
protocols.relax.FastRelax: CMD: coord_cst_weight  97813.1  3.47251  3.47251  0.55
protocols.relax.FastRelax: CMD: scale:fa_rep  97482.6  3.47251  3.47251  0.022
core.pack.task: Packer task: initialize from command line() 
core.pack.pack_rotamers: built 7722 rotamers at 492 positions.
core.pack.interaction_graph.interaction_graph_factory: Instantiating DensePDInteractionGraph
protocols.relax.FastRelax: CMD: repack  97475.1  3.47251  3.47251  0.022
protocols.relax.FastRelax: CMD: scale:fa_rep  97485.1  3.47251  3.47251  0.02805
core.optimization.Minimizer: [ WARNING ] LBFGS MAX CYCLES 2000 EXCEEDED, BUT FUNC NOT CONVERGED!
protocols.relax.FastRelax: CMD: min  -1252.54  0.188769  0.188769  0.02805
protocols.relax.FastRelax: CMD: coord_cst_weight  -1328.66  0.188769  0.188769  0.02805
protocols.relax.FastRelax: CMD: scale:fa_rep  -961.462  0.188769  0.188769  0.14575
core.pack.task: Packer task: initialize from command line() 
core.pack.pack_rotamers: built 7407 rotamers at 492 positions.
core.pack.interaction_graph.interaction_graph_factory: Instantiating DensePDInteractionGraph
protocols.relax.FastRelax: CMD: repack  -1025.71  0.188769  0.188769  0.14575
protocols.relax.FastRelax: CMD: scale:fa_rep  -1004.25  0.188769  0.188769  0.154
protocols.relax.FastRelax: CMD: min  -1183.35  0.226422  0.226422  0.154
protocols.relax.FastRelax: CMD: coord_cst_weight  -1295.06  0.226422  0.226422  0.154
protocols.relax.FastRelax: CMD: scale:fa_rep  -1110.04  0.226422  0.226422  0.30745
core.pack.task: Packer task: initialize from command line() 
core.pack.pack_rotamers: built 7192 rotamers at 492 positions.
core.pack.interaction_graph.interaction_graph_factory: Instantiating DensePDInteractionGraph
protocols.relax.FastRelax: CMD: repack  -1111.61  0.226422  0.226422  0.30745
protocols.relax.FastRelax: CMD: scale:fa_rep  -1097.16  0.226422  0.226422  0.31955
protocols.relax.FastRelax: CMD: min  -1294.05  2.40047  2.40047  0.31955
protocols.relax.FastRelax: CMD: coord_cst_weight  -1294.05  2.40047  2.40047  0.31955
protocols.relax.FastRelax: CMD: scale:fa_rep  -1088.1  2.40047  2.40047  0.55
core.pack.task: Packer task: initialize from command line() 
core.pack.pack_rotamers: built 7008 rotamers at 492 positions.
core.pack.interaction_graph.interaction_graph_factory: Instantiating DensePDInteractionGraph
protocols.relax.FastRelax: CMD: repack  -1093.27  2.40047  2.40047  0.55
protocols.relax.FastRelax: CMD: min  -1160.22  3.15801  3.15801  0.55
protocols.relax.FastRelax: MRP: 4  -1160.22  -1164.63  3.47251  3.47251  
protocols.relax.FastRelax: CMD: accept_to_best  -1160.22  3.15801  3.15801  0.55
protocols.relax.FastRelax: CMD: endrepeat  -1160.22  3.15801  3.15801  0.55
protocols.relax.FastRelax: CMD: coord_cst_weight  94900.8  3.15801  3.15801  0.55
protocols.relax.FastRelax: CMD: scale:fa_rep  94573  3.15801  3.15801  0.022
core.pack.task: Packer task: initialize from command line() 
core.pack.pack_rotamers: built 7723 rotamers at 492 positions.
core.pack.interaction_graph.interaction_graph_factory: Instantiating DensePDInteractionGraph
protocols.relax.FastRelax: CMD: repack  94551.8  3.15801  3.15801  0.022
protocols.relax.FastRelax: CMD: scale:fa_rep  94558.6  3.15801  3.15801  0.02805
core.optimization.Minimizer: [ WARNING ] LBFGS MAX CYCLES 2000 EXCEEDED, BUT FUNC NOT CONVERGED!
protocols.relax.FastRelax: CMD: min  -1259.35  0.187118  0.187118  0.02805
protocols.relax.FastRelax: CMD: coord_cst_weight  -1334.09  0.187118  0.187118  0.02805
protocols.relax.FastRelax: CMD: scale:fa_rep  -969.876  0.187118  0.187118  0.14575
core.pack.task: Packer task: initialize from command line() 
core.pack.pack_rotamers: built 7368 rotamers at 492 positions.
core.pack.interaction_graph.interaction_graph_factory: Instantiating DensePDInteractionGraph
protocols.relax.FastRelax: CMD: repack  -1025.02  0.187118  0.187118  0.14575
protocols.relax.FastRelax: CMD: scale:fa_rep  -1003.01  0.187118  0.187118  0.154
protocols.relax.FastRelax: CMD: min  -1186.78  0.226901  0.226901  0.154
protocols.relax.FastRelax: CMD: coord_cst_weight  -1299.7  0.226901  0.226901  0.154
protocols.relax.FastRelax: CMD: scale:fa_rep  -1116.38  0.226901  0.226901  0.30745
core.pack.task: Packer task: initialize from command line() 
core.pack.pack_rotamers: built 7164 rotamers at 492 positions.
core.pack.interaction_graph.interaction_graph_factory: Instantiating DensePDInteractionGraph
protocols.relax.FastRelax: CMD: repack  -1118.37  0.226901  0.226901  0.30745
protocols.relax.FastRelax: CMD: scale:fa_rep  -1104.05  0.226901  0.226901  0.31955
protocols.relax.FastRelax: CMD: min  -1321.38  2.58552  2.58552  0.31955
protocols.relax.FastRelax: CMD: coord_cst_weight  -1321.38  2.58552  2.58552  0.31955
protocols.relax.FastRelax: CMD: scale:fa_rep  -1117.92  2.58552  2.58552  0.55
core.pack.task: Packer task: initialize from command line() 
core.pack.pack_rotamers: built 6931 rotamers at 492 positions.
core.pack.interaction_graph.interaction_graph_factory: Instantiating DensePDInteractionGraph
protocols.relax.FastRelax: CMD: repack  -1124.33  2.58552  2.58552  0.55
protocols.relax.FastRelax: CMD: min  -1176.86  2.70516  2.70516  0.55
protocols.relax.FastRelax: MRP: 5  -1176.86  -1176.86  2.70516  2.70516  
protocols.relax.FastRelax: CMD: accept_to_best  -1176.86  2.70516  2.70516  0.55
protocols.relax.FastRelax: CMD: endrepeat  -1176.86  2.70516  2.70516  0.55
protocols.relax.FastRelax: CMD: coord_cst_weight  70696.6  2.70516  2.70516  0.55
protocols.relax.FastRelax: CMD: scale:fa_rep  70367.9  2.70516  2.70516  0.022
core.pack.task: Packer task: initialize from command line() 
core.pack.pack_rotamers: built 7710 rotamers at 492 positions.
core.pack.interaction_graph.interaction_graph_factory: Instantiating DensePDInteractionGraph
protocols.relax.FastRelax: CMD: repack  70353  2.70516  2.70516  0.022
protocols.relax.FastRelax: CMD: scale:fa_rep  70359.5  2.70516  2.70516  0.02805
core.optimization.Minimizer: [ WARNING ] LBFGS MAX CYCLES 2000 EXCEEDED, BUT FUNC NOT CONVERGED!
protocols.relax.FastRelax: CMD: min  -1249.04  0.188879  0.188879  0.02805
protocols.relax.FastRelax: CMD: coord_cst_weight  -1325.4  0.188879  0.188879  0.02805
protocols.relax.FastRelax: CMD: scale:fa_rep  -940.441  0.188879  0.188879  0.14575
core.pack.task: Packer task: initialize from command line() 
core.pack.pack_rotamers: built 7341 rotamers at 492 positions.
core.pack.interaction_graph.interaction_graph_factory: Instantiating DensePDInteractionGraph
protocols.relax.FastRelax: CMD: repack  -1012.25  0.188879  0.188879  0.14575
protocols.relax.FastRelax: CMD: scale:fa_rep  -989.909  0.188879  0.188879  0.154
protocols.relax.FastRelax: CMD: min  -1182.21  0.230558  0.230558  0.154
protocols.relax.FastRelax: CMD: coord_cst_weight  -1298.62  0.230558  0.230558  0.154
protocols.relax.FastRelax: CMD: scale:fa_rep  -1114.26  0.230558  0.230558  0.30745
core.pack.task: Packer task: initialize from command line() 
core.pack.pack_rotamers: built 7161 rotamers at 492 positions.
core.pack.interaction_graph.interaction_graph_factory: Instantiating DensePDInteractionGraph
protocols.relax.FastRelax: CMD: repack  -1116.64  0.230558  0.230558  0.30745
protocols.relax.FastRelax: CMD: scale:fa_rep  -1102.22  0.230558  0.230558  0.31955
protocols.relax.FastRelax: CMD: min  -1154.89  3.24151  3.24151  0.31955
protocols.relax.FastRelax: CMD: coord_cst_weight  -1154.89  3.24151  3.24151  0.31955
protocols.relax.FastRelax: CMD: scale:fa_rep  -837.122  3.24151  3.24151  0.55
core.pack.task: Packer task: initialize from command line() 
core.pack.pack_rotamers: built 6951 rotamers at 492 positions.
core.pack.interaction_graph.interaction_graph_factory: Instantiating DensePDInteractionGraph
protocols.relax.FastRelax: CMD: repack  -1076.23  3.24151  3.24151  0.55
protocols.relax.FastRelax: CMD: min  -1171.5  3.54276  3.54276  0.55
protocols.relax.FastRelax: MRP: 6  -1171.5  -1176.86  2.70516  2.70516  
protocols.relax.FastRelax: CMD: accept_to_best  -1171.5  3.54276  3.54276  0.55
protocols.relax.FastRelax: CMD: endrepeat  -1171.5  3.54276  3.54276  0.55
protocols.relax.FastRelax: CMD: coord_cst_weight  101560  3.54276  3.54276  0.55
protocols.relax.FastRelax: CMD: scale:fa_rep  101231  3.54276  3.54276  0.022
core.pack.task: Packer task: initialize from command line() 
core.pack.pack_rotamers: built 7696 rotamers at 492 positions.
core.pack.interaction_graph.interaction_graph_factory: Instantiating DensePDInteractionGraph
protocols.relax.FastRelax: CMD: repack  101210  3.54276  3.54276  0.022
protocols.relax.FastRelax: CMD: scale:fa_rep  101216  3.54276  3.54276  0.02805
core.optimization.Minimizer: [ WARNING ] LBFGS MAX CYCLES 2000 EXCEEDED, BUT FUNC NOT CONVERGED!
protocols.relax.FastRelax: CMD: min  -1260.82  0.186812  0.186812  0.02805
protocols.relax.FastRelax: CMD: coord_cst_weight  -1336.67  0.186812  0.186812  0.02805
protocols.relax.FastRelax: CMD: scale:fa_rep  -987.237  0.186812  0.186812  0.14575
core.pack.task: Packer task: initialize from command line() 
core.pack.pack_rotamers: built 7347 rotamers at 492 positions.
core.pack.interaction_graph.interaction_graph_factory: Instantiating DensePDInteractionGraph
protocols.relax.FastRelax: CMD: repack  -1028.63  0.186812  0.186812  0.14575
protocols.relax.FastRelax: CMD: scale:fa_rep  -1007.26  0.186812  0.186812  0.154
protocols.relax.FastRelax: CMD: min  -1180.55  0.232792  0.232792  0.154
protocols.relax.FastRelax: CMD: coord_cst_weight  -1298.35  0.232792  0.232792  0.154
protocols.relax.FastRelax: CMD: scale:fa_rep  -1116.97  0.232792  0.232792  0.30745
core.pack.task: Packer task: initialize from command line() 
core.pack.pack_rotamers: built 7119 rotamers at 492 positions.
core.pack.interaction_graph.interaction_graph_factory: Instantiating DensePDInteractionGraph
protocols.relax.FastRelax: CMD: repack  -1119.33  0.232792  0.232792  0.30745
protocols.relax.FastRelax: CMD: scale:fa_rep  -1105.14  0.232792  0.232792  0.31955
protocols.relax.FastRelax: CMD: min  -1314.27  2.66401  2.66401  0.31955
protocols.relax.FastRelax: CMD: coord_cst_weight  -1314.27  2.66401  2.66401  0.31955
protocols.relax.FastRelax: CMD: scale:fa_rep  -1110.2  2.66401  2.66401  0.55
core.pack.task: Packer task: initialize from command line() 
core.pack.pack_rotamers: built 6931 rotamers at 492 positions.
core.pack.interaction_graph.interaction_graph_factory: Instantiating DensePDInteractionGraph
protocols.relax.FastRelax: CMD: repack  -1115.43  2.66401  2.66401  0.55
protocols.relax.FastRelax: CMD: min  -1172.38  3.07847  3.07847  0.55
protocols.relax.FastRelax: MRP: 7  -1172.38  -1176.86  2.70516  2.70516  
protocols.relax.FastRelax: CMD: accept_to_best  -1172.38  3.07847  3.07847  0.55
protocols.relax.FastRelax: CMD: endrepeat  -1172.38  3.07847  3.07847  0.55
protocols.relax.FastRelax: CMD: coord_cst_weight  89698.3  3.07847  3.07847  0.55
protocols.relax.FastRelax: CMD: scale:fa_rep  89370.8  3.07847  3.07847  0.022
core.pack.task: Packer task: initialize from command line() 
core.pack.pack_rotamers: built 7662 rotamers at 492 positions.
core.pack.interaction_graph.interaction_graph_factory: Instantiating DensePDInteractionGraph
protocols.relax.FastRelax: CMD: repack  89359  3.07847  3.07847  0.022
protocols.relax.FastRelax: CMD: scale:fa_rep  89365.3  3.07847  3.07847  0.02805
core.optimization.Minimizer: [ WARNING ] LBFGS MAX CYCLES 2000 EXCEEDED, BUT FUNC NOT CONVERGED!
protocols.relax.FastRelax: CMD: min  -1264.49  0.18719  0.18719  0.02805
protocols.relax.FastRelax: CMD: coord_cst_weight  -1339.57  0.18719  0.18719  0.02805
protocols.relax.FastRelax: CMD: scale:fa_rep  -986.433  0.18719  0.18719  0.14575
core.pack.task: Packer task: initialize from command line() 
core.pack.pack_rotamers: built 7383 rotamers at 492 positions.
core.pack.interaction_graph.interaction_graph_factory: Instantiating DensePDInteractionGraph
protocols.relax.FastRelax: CMD: repack  -1024.53  0.18719  0.18719  0.14575
protocols.relax.FastRelax: CMD: scale:fa_rep  -1002.65  0.18719  0.18719  0.154
protocols.relax.FastRelax: CMD: min  -1175.73  0.237505  0.237505  0.154
protocols.relax.FastRelax: CMD: coord_cst_weight  -1297.4  0.237505  0.237505  0.154
protocols.relax.FastRelax: CMD: scale:fa_rep  -1114.15  0.237505  0.237505  0.30745
core.pack.task: Packer task: initialize from command line() 
core.pack.pack_rotamers: built 7124 rotamers at 492 positions.
core.pack.interaction_graph.interaction_graph_factory: Instantiating DensePDInteractionGraph
protocols.relax.FastRelax: CMD: repack  -1116.19  0.237505  0.237505  0.30745
protocols.relax.FastRelax: CMD: scale:fa_rep  -1101.93  0.237505  0.237505  0.31955
protocols.relax.FastRelax: CMD: min  -1316.73  3.26827  3.26827  0.31955
protocols.relax.FastRelax: CMD: coord_cst_weight  -1316.73  3.26827  3.26827  0.31955
protocols.relax.FastRelax: CMD: scale:fa_rep  -1106.85  3.26827  3.26827  0.55
core.pack.task: Packer task: initialize from command line() 
core.pack.pack_rotamers: built 6939 rotamers at 492 positions.
core.pack.interaction_graph.interaction_graph_factory: Instantiating DensePDInteractionGraph
protocols.relax.FastRelax: CMD: repack  -1129.09  3.26827  3.26827  0.55
protocols.relax.FastRelax: CMD: min  -1182.24  3.47172  3.47172  0.55
protocols.relax.FastRelax: MRP: 8  -1182.24  -1182.24  3.47172  3.47172  
protocols.relax.FastRelax: CMD: accept_to_best  -1182.24  3.47172  3.47172  0.55
protocols.relax.FastRelax: CMD: endrepeat  -1182.24  3.47172  3.47172  0.55
protocols.relax.FastRelax: CMD: coord_cst_weight  110621  3.47172  3.47172  0.55
protocols.relax.FastRelax: CMD: scale:fa_rep  110292  3.47172  3.47172  0.022
core.pack.task: Packer task: initialize from command line() 
core.pack.pack_rotamers: built 7695 rotamers at 492 positions.
core.pack.interaction_graph.interaction_graph_factory: Instantiating DensePDInteractionGraph
protocols.relax.FastRelax: CMD: repack  110285  3.47172  3.47172  0.022
protocols.relax.FastRelax: CMD: scale:fa_rep  110292  3.47172  3.47172  0.02805
core.optimization.Minimizer: [ WARNING ] LBFGS MAX CYCLES 2000 EXCEEDED, BUT FUNC NOT CONVERGED!
protocols.relax.FastRelax: CMD: min  -1254.61  0.190314  0.190314  0.02805
protocols.relax.FastRelax: CMD: coord_cst_weight  -1332.43  0.190314  0.190314  0.02805
protocols.relax.FastRelax: CMD: scale:fa_rep  -969.435  0.190314  0.190314  0.14575
core.pack.task: Packer task: initialize from command line() 
core.pack.pack_rotamers: built 7407 rotamers at 492 positions.
core.pack.interaction_graph.interaction_graph_factory: Instantiating DensePDInteractionGraph
protocols.relax.FastRelax: CMD: repack  -1020.19  0.190314  0.190314  0.14575
protocols.relax.FastRelax: CMD: scale:fa_rep  -998.698  0.190314  0.190314  0.154
protocols.relax.FastRelax: CMD: min  -1182.33  0.231978  0.231978  0.154
protocols.relax.FastRelax: CMD: coord_cst_weight  -1299.49  0.231978  0.231978  0.154
protocols.relax.FastRelax: CMD: scale:fa_rep  -1117.75  0.231978  0.231978  0.30745
core.pack.task: Packer task: initialize from command line() 
core.pack.pack_rotamers: built 7138 rotamers at 492 positions.
core.pack.interaction_graph.interaction_graph_factory: Instantiating DensePDInteractionGraph
protocols.relax.FastRelax: CMD: repack  -1122.41  0.231978  0.231978  0.30745
protocols.relax.FastRelax: CMD: scale:fa_rep  -1108.21  0.231978  0.231978  0.31955
protocols.relax.FastRelax: CMD: min  -894.845  3.08558  3.08558  0.31955
protocols.relax.FastRelax: CMD: coord_cst_weight  -894.845  3.08558  3.08558  0.31955
protocols.relax.FastRelax: CMD: scale:fa_rep  -384.627  3.08558  3.08558  0.55
core.pack.task: Packer task: initialize from command line() 
core.pack.pack_rotamers: built 6985 rotamers at 492 positions.
core.pack.interaction_graph.interaction_graph_factory: Instantiating DensePDInteractionGraph
protocols.relax.FastRelax: CMD: repack  -1120.79  3.08558  3.08558  0.55
protocols.relax.FastRelax: CMD: min  -1178.05  3.59333  3.59333  0.55
protocols.relax.FastRelax: MRP: 9  -1178.05  -1182.24  3.47172  3.47172  
protocols.relax.FastRelax: CMD: accept_to_best  -1178.05  3.59333  3.59333  0.55
protocols.relax.FastRelax: CMD: endrepeat  -1178.05  3.59333  3.59333  0.55
protocols.relax.FastRelax: CMD: coord_cst_weight  118583  3.59333  3.59333  0.55
protocols.relax.FastRelax: CMD: scale:fa_rep  118256  3.59333  3.59333  0.022
core.pack.task: Packer task: initialize from command line() 
core.pack.pack_rotamers: built 7677 rotamers at 492 positions.
core.pack.interaction_graph.interaction_graph_factory: Instantiating DensePDInteractionGraph
protocols.relax.FastRelax: CMD: repack  118236  3.59333  3.59333  0.022
protocols.relax.FastRelax: CMD: scale:fa_rep  118242  3.59333  3.59333  0.02805
core.optimization.Minimizer: [ WARNING ] LBFGS MAX CYCLES 2000 EXCEEDED, BUT FUNC NOT CONVERGED!
protocols.relax.FastRelax: CMD: min  -1262.45  0.18883  0.18883  0.02805
protocols.relax.FastRelax: CMD: coord_cst_weight  -1340.57  0.18883  0.18883  0.02805
protocols.relax.FastRelax: CMD: scale:fa_rep  -966.772  0.18883  0.18883  0.14575
core.pack.task: Packer task: initialize from command line() 
core.pack.pack_rotamers: built 7338 rotamers at 492 positions.
core.pack.interaction_graph.interaction_graph_factory: Instantiating DensePDInteractionGraph
protocols.relax.FastRelax: CMD: repack  -1035.72  0.18883  0.18883  0.14575
protocols.relax.FastRelax: CMD: scale:fa_rep  -1014.69  0.18883  0.18883  0.154
protocols.relax.FastRelax: CMD: min  -1186  0.230418  0.230418  0.154
protocols.relax.FastRelax: CMD: coord_cst_weight  -1302.68  0.230418  0.230418  0.154
protocols.relax.FastRelax: CMD: scale:fa_rep  -1119.82  0.230418  0.230418  0.30745
core.pack.task: Packer task: initialize from command line() 
core.pack.pack_rotamers: built 7130 rotamers at 492 positions.
core.pack.interaction_graph.interaction_graph_factory: Instantiating DensePDInteractionGraph
protocols.relax.FastRelax: CMD: repack  -1120.39  0.230418  0.230418  0.30745
protocols.relax.FastRelax: CMD: scale:fa_rep  -1106.13  0.230418  0.230418  0.31955
protocols.relax.FastRelax: CMD: min  -1325.68  2.8828  2.8828  0.31955
protocols.relax.FastRelax: CMD: coord_cst_weight  -1325.68  2.8828  2.8828  0.31955
protocols.relax.FastRelax: CMD: scale:fa_rep  -1122.8  2.8828  2.8828  0.55
core.pack.task: Packer task: initialize from command line() 
core.pack.pack_rotamers: built 6963 rotamers at 492 positions.
core.pack.interaction_graph.interaction_graph_factory: Instantiating DensePDInteractionGraph
protocols.relax.FastRelax: CMD: repack  -1130.51  2.8828  2.8828  0.55
protocols.relax.FastRelax: CMD: min  -1175.5  3.75467  3.75467  0.55
protocols.relax.FastRelax: MRP: 10  -1175.5  -1182.24  3.47172  3.47172  
protocols.relax.FastRelax: CMD: accept_to_best  -1175.5  3.75467  3.75467  0.55
protocols.relax.FastRelax: CMD: endrepeat  -1175.5  3.75467  3.75467  0.55
protocols.relax.FastRelax: CMD: coord_cst_weight  111733  3.75467  3.75467  0.55
protocols.relax.FastRelax: CMD: scale:fa_rep  111402  3.75467  3.75467  0.022
core.pack.task: Packer task: initialize from command line() 
core.pack.pack_rotamers: built 7667 rotamers at 492 positions.
core.pack.interaction_graph.interaction_graph_factory: Instantiating DensePDInteractionGraph
protocols.relax.FastRelax: CMD: repack  111381  3.75467  3.75467  0.022
protocols.relax.FastRelax: CMD: scale:fa_rep  111387  3.75467  3.75467  0.02805
core.optimization.Minimizer: [ WARNING ] LBFGS MAX CYCLES 2000 EXCEEDED, BUT FUNC NOT CONVERGED!
protocols.relax.FastRelax: CMD: min  -1265.62  0.189619  0.189619  0.02805
protocols.relax.FastRelax: CMD: coord_cst_weight  -1343.09  0.189619  0.189619  0.02805
protocols.relax.FastRelax: CMD: scale:fa_rep  -1001.99  0.189619  0.189619  0.14575
core.pack.task: Packer task: initialize from command line() 
core.pack.pack_rotamers: built 7375 rotamers at 492 positions.
core.pack.interaction_graph.interaction_graph_factory: Instantiating DensePDInteractionGraph
protocols.relax.FastRelax: CMD: repack  -1030.57  0.189619  0.189619  0.14575
protocols.relax.FastRelax: CMD: scale:fa_rep  -1009.12  0.189619  0.189619  0.154
protocols.relax.FastRelax: CMD: min  -1181.36  0.236778  0.236778  0.154
protocols.relax.FastRelax: CMD: coord_cst_weight  -1302.41  0.236778  0.236778  0.154
protocols.relax.FastRelax: CMD: scale:fa_rep  -1121.42  0.236778  0.236778  0.30745
core.pack.task: Packer task: initialize from command line() 
core.pack.pack_rotamers: built 7120 rotamers at 492 positions.
core.pack.interaction_graph.interaction_graph_factory: Instantiating DensePDInteractionGraph
protocols.relax.FastRelax: CMD: repack  -1123.75  0.236778  0.236778  0.30745
protocols.relax.FastRelax: CMD: scale:fa_rep  -1109.57  0.236778  0.236778  0.31955
protocols.relax.FastRelax: CMD: min  -1332.74  2.9851  2.9851  0.31955
protocols.relax.FastRelax: CMD: coord_cst_weight  -1332.74  2.9851  2.9851  0.31955
protocols.relax.FastRelax: CMD: scale:fa_rep  -1129.15  2.9851  2.9851  0.55
core.pack.task: Packer task: initialize from command line() 
core.pack.pack_rotamers: built 6961 rotamers at 492 positions.
core.pack.interaction_graph.interaction_graph_factory: Instantiating DensePDInteractionGraph
protocols.relax.FastRelax: CMD: repack  -1133.59  2.9851  2.9851  0.55
protocols.relax.FastRelax: CMD: min  -1184.19  3.66986  3.66986  0.55
protocols.relax.FastRelax: MRP: 11  -1184.19  -1184.19  3.66986  3.66986  
protocols.relax.FastRelax: CMD: accept_to_best  -1184.19  3.66986  3.66986  0.55
protocols.relax.FastRelax: CMD: endrepeat  -1184.19  3.66986  3.66986  0.55
protocols.relax.FastRelax: CMD: coord_cst_weight  105366  3.66986  3.66986  0.55
protocols.relax.FastRelax: CMD: scale:fa_rep  105037  3.66986  3.66986  0.022
core.pack.task: Packer task: initialize from command line() 
core.pack.pack_rotamers: built 7693 rotamers at 492 positions.
core.pack.interaction_graph.interaction_graph_factory: Instantiating DensePDInteractionGraph
protocols.relax.FastRelax: CMD: repack  105019  3.66986  3.66986  0.022
protocols.relax.FastRelax: CMD: scale:fa_rep  105024  3.66986  3.66986  0.02805
core.optimization.Minimizer: [ WARNING ] LBFGS MAX CYCLES 2000 EXCEEDED, BUT FUNC NOT CONVERGED!
protocols.relax.FastRelax: CMD: min  -1253.75  0.193471  0.193471  0.02805
protocols.relax.FastRelax: CMD: coord_cst_weight  -1336.09  0.193471  0.193471  0.02805
protocols.relax.FastRelax: CMD: scale:fa_rep  -979.005  0.193471  0.193471  0.14575
core.pack.task: Packer task: initialize from command line() 
core.pack.pack_rotamers: built 7334 rotamers at 492 positions.
core.pack.interaction_graph.interaction_graph_factory: Instantiating DensePDInteractionGraph
protocols.relax.FastRelax: CMD: repack  -1045.49  0.193471  0.193471  0.14575
protocols.relax.FastRelax: CMD: scale:fa_rep  -1025.25  0.193471  0.193471  0.154
protocols.relax.FastRelax: CMD: min  -1189.49  0.228022  0.228022  0.154
protocols.relax.FastRelax: CMD: coord_cst_weight  -1304.92  0.228022  0.228022  0.154
protocols.relax.FastRelax: CMD: scale:fa_rep  -1124.26  0.228022  0.228022  0.30745
core.pack.task: Packer task: initialize from command line() 
core.pack.pack_rotamers: built 7150 rotamers at 492 positions.
core.pack.interaction_graph.interaction_graph_factory: Instantiating DensePDInteractionGraph
protocols.relax.FastRelax: CMD: repack  -1124.64  0.228022  0.228022  0.30745
protocols.relax.FastRelax: CMD: scale:fa_rep  -1110.48  0.228022  0.228022  0.31955
protocols.relax.FastRelax: CMD: min  -1020.69  3.15075  3.15075  0.31955
protocols.relax.FastRelax: CMD: coord_cst_weight  -1020.69  3.15075  3.15075  0.31955
protocols.relax.FastRelax: CMD: scale:fa_rep  -599.495  3.15075  3.15075  0.55
core.pack.task: Packer task: initialize from command line() 
core.pack.pack_rotamers: built 6962 rotamers at 492 positions.
core.pack.interaction_graph.interaction_graph_factory: Instantiating DensePDInteractionGraph
protocols.relax.FastRelax: CMD: repack  -1125.59  3.15075  3.15075  0.55
protocols.relax.FastRelax: CMD: min  -1185.45  3.59334  3.59334  0.55
protocols.relax.FastRelax: MRP: 12  -1185.45  -1185.45  3.59334  3.59334  
protocols.relax.FastRelax: CMD: accept_to_best  -1185.45  3.59334  3.59334  0.55
protocols.relax.FastRelax: CMD: endrepeat  -1185.45  3.59334  3.59334  0.55
protocols.relax.FastRelax: CMD: coord_cst_weight  115933  3.59334  3.59334  0.55
protocols.relax.FastRelax: CMD: scale:fa_rep  115606  3.59334  3.59334  0.022
core.pack.task: Packer task: initialize from command line() 
core.pack.pack_rotamers: built 7675 rotamers at 492 positions.
core.pack.interaction_graph.interaction_graph_factory: Instantiating DensePDInteractionGraph
protocols.relax.FastRelax: CMD: repack  115597  3.59334  3.59334  0.022
protocols.relax.FastRelax: CMD: scale:fa_rep  115605  3.59334  3.59334  0.02805
core.optimization.Minimizer: [ WARNING ] LBFGS MAX CYCLES 2000 EXCEEDED, BUT FUNC NOT CONVERGED!
protocols.relax.FastRelax: CMD: min  -1258.2  0.187266  0.187266  0.02805
protocols.relax.FastRelax: CMD: coord_cst_weight  -1335.35  0.187266  0.187266  0.02805
protocols.relax.FastRelax: CMD: scale:fa_rep  -967.881  0.187266  0.187266  0.14575
core.pack.task: Packer task: initialize from command line() 
core.pack.pack_rotamers: built 7335 rotamers at 492 positions.
core.pack.interaction_graph.interaction_graph_factory: Instantiating DensePDInteractionGraph
protocols.relax.FastRelax: CMD: repack  -1019.99  0.187266  0.187266  0.14575
protocols.relax.FastRelax: CMD: scale:fa_rep  -998.779  0.187266  0.187266  0.154
protocols.relax.FastRelax: CMD: min  -1179.71  0.230429  0.230429  0.154
protocols.relax.FastRelax: CMD: coord_cst_weight  -1296.74  0.230429  0.230429  0.154
protocols.relax.FastRelax: CMD: scale:fa_rep  -1116.87  0.230429  0.230429  0.30745
core.pack.task: Packer task: initialize from command line() 
core.pack.pack_rotamers: built 7131 rotamers at 492 positions.
core.pack.interaction_graph.interaction_graph_factory: Instantiating DensePDInteractionGraph
protocols.relax.FastRelax: CMD: repack  -1118.74  0.230429  0.230429  0.30745
protocols.relax.FastRelax: CMD: scale:fa_rep  -1104.65  0.230429  0.230429  0.31955
protocols.relax.FastRelax: CMD: min  -1309.43  2.59934  2.59934  0.31955
protocols.relax.FastRelax: CMD: coord_cst_weight  -1309.43  2.59934  2.59934  0.31955
protocols.relax.FastRelax: CMD: scale:fa_rep  -1104.15  2.59934  2.59934  0.55
core.pack.task: Packer task: initialize from command line() 
core.pack.pack_rotamers: built 6987 rotamers at 492 positions.
core.pack.interaction_graph.interaction_graph_factory: Instantiating DensePDInteractionGraph
protocols.relax.FastRelax: CMD: repack  -1108.39  2.59934  2.59934  0.55
protocols.relax.FastRelax: CMD: min  -1171.47  3.41978  3.41978  0.55
protocols.relax.FastRelax: MRP: 13  -1171.47  -1185.45  3.59334  3.59334  
protocols.relax.FastRelax: CMD: accept_to_best  -1171.47  3.41978  3.41978  0.55
protocols.relax.FastRelax: CMD: endrepeat  -1171.47  3.41978  3.41978  0.55
protocols.relax.FastRelax: CMD: coord_cst_weight  108663  3.41978  3.41978  0.55
protocols.relax.FastRelax: CMD: scale:fa_rep  108335  3.41978  3.41978  0.022
core.pack.task: Packer task: initialize from command line() 
core.pack.pack_rotamers: built 7759 rotamers at 492 positions.
core.pack.interaction_graph.interaction_graph_factory: Instantiating DensePDInteractionGraph
protocols.relax.FastRelax: CMD: repack  108317  3.41978  3.41978  0.022
protocols.relax.FastRelax: CMD: scale:fa_rep  108323  3.41978  3.41978  0.02805
core.optimization.Minimizer: [ WARNING ] LBFGS MAX CYCLES 2000 EXCEEDED, BUT FUNC NOT CONVERGED!
protocols.relax.FastRelax: CMD: min  -1253.83  0.190134  0.190134  0.02805
protocols.relax.FastRelax: CMD: coord_cst_weight  -1332.71  0.190134  0.190134  0.02805
protocols.relax.FastRelax: CMD: scale:fa_rep  -997.759  0.190134  0.190134  0.14575
core.pack.task: Packer task: initialize from command line() 
core.pack.pack_rotamers: built 7329 rotamers at 492 positions.
core.pack.interaction_graph.interaction_graph_factory: Instantiating DensePDInteractionGraph
protocols.relax.FastRelax: CMD: repack  -1032.46  0.190134  0.190134  0.14575
protocols.relax.FastRelax: CMD: scale:fa_rep  -1011.48  0.190134  0.190134  0.154
protocols.relax.FastRelax: CMD: min  -1176.49  0.238622  0.238622  0.154
protocols.relax.FastRelax: CMD: coord_cst_weight  -1300.14  0.238622  0.238622  0.154
protocols.relax.FastRelax: CMD: scale:fa_rep  -1117.13  0.238622  0.238622  0.30745
core.pack.task: Packer task: initialize from command line() 
core.pack.pack_rotamers: built 7124 rotamers at 492 positions.
core.pack.interaction_graph.interaction_graph_factory: Instantiating DensePDInteractionGraph
protocols.relax.FastRelax: CMD: repack  -1118.9  0.238622  0.238622  0.30745
protocols.relax.FastRelax: CMD: scale:fa_rep  -1104.62  0.238622  0.238622  0.31955
protocols.relax.FastRelax: CMD: min  -1325.62  3.23742  3.23742  0.31955
protocols.relax.FastRelax: CMD: coord_cst_weight  -1325.62  3.23742  3.23742  0.31955
protocols.relax.FastRelax: CMD: scale:fa_rep  -1119.31  3.23742  3.23742  0.55
core.pack.task: Packer task: initialize from command line() 
core.pack.pack_rotamers: built 6885 rotamers at 492 positions.
core.pack.interaction_graph.interaction_graph_factory: Instantiating DensePDInteractionGraph
protocols.relax.FastRelax: CMD: repack  -1119.86  3.23742  3.23742  0.55
protocols.relax.FastRelax: CMD: min  -1168.2  3.61599  3.61599  0.55
protocols.relax.FastRelax: MRP: 14  -1168.2  -1185.45  3.59334  3.59334  
protocols.relax.FastRelax: CMD: accept_to_best  -1168.2  3.61599  3.61599  0.55
protocols.relax.FastRelax: CMD: endrepeat  -1168.2  3.61599  3.61599  0.55
protocols::checkpoint: Deleting checkpoints of FastRelax
protocols.jd2.JobDistributor: target.BL00010001_9_0005 reported success in 14160 seconds
protocols.jd2.PDBJobInputter: PDBJobInputter::pose_from_job
protocols.jd2.PDBJobInputter: filling pose from PDB ../1-modeller/target.BL00010001.pdb
core.import_pose.import_pose: File '../1-modeller/target.BL00010001.pdb' automatically determined to be of type PDB from contents.
core.io.rcsb.ExperimentalTechnique: [ ERROR ] Unrecognized experimental technique string 'THEORETICAL MODEL, MODELLER 10.8 2026/08/10 16:18:02'
protocols.relax.FastRelax: CMD: repeat  4476.34  0  0  0.55
protocols.relax.FastRelax: CMD: coord_cst_weight  4476.34  0  0  0.55
protocols.relax.FastRelax: CMD: scale:fa_rep  806.987  0  0  0.022
core.pack.task: Packer task: initialize from command line() 
core.pack.pack_rotamers: built 8129 rotamers at 492 positions.
core.pack.interaction_graph.interaction_graph_factory: Instantiating DensePDInteractionGraph
protocols.relax.FastRelax: CMD: repack  -869.042  0  0  0.022
protocols.relax.FastRelax: CMD: scale:fa_rep  -830.814  0  0  0.02805
core.optimization.Minimizer: [ WARNING ] LBFGS MAX CYCLES 2000 EXCEEDED, BUT FUNC NOT CONVERGED!
protocols.relax.FastRelax: CMD: min  -1283.24  0.148523  0.148523  0.02805
protocols.relax.FastRelax: CMD: coord_cst_weight  -1330.39  0.148523  0.148523  0.02805
protocols.relax.FastRelax: CMD: scale:fa_rep  -951.527  0.148523  0.148523  0.14575
core.pack.task: Packer task: initialize from command line() 
core.pack.pack_rotamers: built 7423 rotamers at 492 positions.
core.pack.interaction_graph.interaction_graph_factory: Instantiating DensePDInteractionGraph
protocols.relax.FastRelax: CMD: repack  -988.464  0.148523  0.148523  0.14575
protocols.relax.FastRelax: CMD: scale:fa_rep  -966.483  0.148523  0.148523  0.154
protocols.relax.FastRelax: CMD: min  -1155.54  0.20809  0.20809  0.154
protocols.relax.FastRelax: CMD: coord_cst_weight  -1249.02  0.20809  0.20809  0.154
protocols.relax.FastRelax: CMD: scale:fa_rep  -1058.72  0.20809  0.20809  0.30745
core.pack.task: Packer task: initialize from command line() 
core.pack.pack_rotamers: built 7273 rotamers at 492 positions.
core.pack.interaction_graph.interaction_graph_factory: Instantiating DensePDInteractionGraph
protocols.relax.FastRelax: CMD: repack  -1059.94  0.20809  0.20809  0.30745
protocols.relax.FastRelax: CMD: scale:fa_rep  -1045.05  0.20809  0.20809  0.31955
protocols.relax.FastRelax: CMD: min  -1251.43  2.96568  2.96568  0.31955
protocols.relax.FastRelax: CMD: coord_cst_weight  -1251.43  2.96568  2.96568  0.31955
protocols.relax.FastRelax: CMD: scale:fa_rep  -1043.14  2.96568  2.96568  0.55
core.pack.task: Packer task: initialize from command line() 
core.pack.pack_rotamers: built 7104 rotamers at 492 positions.
core.pack.interaction_graph.interaction_graph_factory: Instantiating DensePDInteractionGraph
protocols.relax.FastRelax: CMD: repack  -1052.5  2.96568  2.96568  0.55
protocols.relax.FastRelax: CMD: min  -1116.82  3.13749  3.13749  0.55
protocols.relax.FastRelax: MRP: 0  -1116.82  -1116.82  3.13749  3.13749  
protocols.relax.FastRelax: CMD: accept_to_best  -1116.82  3.13749  3.13749  0.55
protocols.relax.FastRelax: CMD: endrepeat  -1116.82  3.13749  3.13749  0.55
protocols.relax.FastRelax: CMD: coord_cst_weight  80362.5  3.13749  3.13749  0.55
protocols.relax.FastRelax: CMD: scale:fa_rep  80029.6  3.13749  3.13749  0.022
core.pack.task: Packer task: initialize from command line() 
core.pack.pack_rotamers: built 7844 rotamers at 492 positions.
core.pack.interaction_graph.interaction_graph_factory: Instantiating DensePDInteractionGraph
protocols.relax.FastRelax: CMD: repack  80012.1  3.13749  3.13749  0.022
protocols.relax.FastRelax: CMD: scale:fa_rep  80022.8  3.13749  3.13749  0.02805
core.optimization.Minimizer: [ WARNING ] LBFGS MAX CYCLES 2000 EXCEEDED, BUT FUNC NOT CONVERGED!
protocols.relax.FastRelax: CMD: min  -1249.18  0.178598  0.178598  0.02805
protocols.relax.FastRelax: CMD: coord_cst_weight  -1317.84  0.178598  0.178598  0.02805
protocols.relax.FastRelax: CMD: scale:fa_rep  -981.608  0.178598  0.178598  0.14575
core.pack.task: Packer task: initialize from command line() 
core.pack.pack_rotamers: built 7433 rotamers at 492 positions.
core.pack.interaction_graph.interaction_graph_factory: Instantiating DensePDInteractionGraph
protocols.relax.FastRelax: CMD: repack  -1036.82  0.178598  0.178598  0.14575
protocols.relax.FastRelax: CMD: scale:fa_rep  -1016.76  0.178598  0.178598  0.154
protocols.relax.FastRelax: CMD: min  -1181.63  0.217652  0.217652  0.154
protocols.relax.FastRelax: CMD: coord_cst_weight  -1285.31  0.217652  0.217652  0.154
protocols.relax.FastRelax: CMD: scale:fa_rep  -1102.94  0.217652  0.217652  0.30745
core.pack.task: Packer task: initialize from command line() 
core.pack.pack_rotamers: built 7172 rotamers at 492 positions.
core.pack.interaction_graph.interaction_graph_factory: Instantiating DensePDInteractionGraph
protocols.relax.FastRelax: CMD: repack  -1103.57  0.217652  0.217652  0.30745
protocols.relax.FastRelax: CMD: scale:fa_rep  -1089.41  0.217652  0.217652  0.31955
protocols.relax.FastRelax: CMD: min  -1278.98  2.57245  2.57245  0.31955
protocols.relax.FastRelax: CMD: coord_cst_weight  -1278.98  2.57245  2.57245  0.31955
protocols.relax.FastRelax: CMD: scale:fa_rep  -1074.47  2.57245  2.57245  0.55
core.pack.task: Packer task: initialize from command line() 
core.pack.pack_rotamers: built 7042 rotamers at 492 positions.
core.pack.interaction_graph.interaction_graph_factory: Instantiating DensePDInteractionGraph
protocols.relax.FastRelax: CMD: repack  -1076.93  2.57245  2.57245  0.55
protocols.relax.FastRelax: CMD: min  -1130.82  2.69366  2.69366  0.55
protocols.relax.FastRelax: MRP: 1  -1130.82  -1130.82  2.69366  2.69366  
protocols.relax.FastRelax: CMD: accept_to_best  -1130.82  2.69366  2.69366  0.55
protocols.relax.FastRelax: CMD: endrepeat  -1130.82  2.69366  2.69366  0.55
protocols.relax.FastRelax: CMD: coord_cst_weight  87049.8  2.69366  2.69366  0.55
protocols.relax.FastRelax: CMD: scale:fa_rep  86719.3  2.69366  2.69366  0.022
core.pack.task: Packer task: initialize from command line() 
core.pack.pack_rotamers: built 7816 rotamers at 492 positions.
core.pack.interaction_graph.interaction_graph_factory: Instantiating DensePDInteractionGraph
protocols.relax.FastRelax: CMD: repack  86704.5  2.69366  2.69366  0.022
protocols.relax.FastRelax: CMD: scale:fa_rep  86713.5  2.69366  2.69366  0.02805
core.optimization.Minimizer: [ WARNING ] LBFGS MAX CYCLES 2000 EXCEEDED, BUT FUNC NOT CONVERGED!
protocols.relax.FastRelax: CMD: min  -1266.86  0.177434  0.177434  0.02805
protocols.relax.FastRelax: CMD: coord_cst_weight  -1336.47  0.177434  0.177434  0.02805
protocols.relax.FastRelax: CMD: scale:fa_rep  -1010.03  0.177434  0.177434  0.14575
core.pack.task: Packer task: initialize from command line() 
core.pack.pack_rotamers: built 7359 rotamers at 492 positions.
core.pack.interaction_graph.interaction_graph_factory: Instantiating DensePDInteractionGraph
protocols.relax.FastRelax: CMD: repack  -1055.7  0.177434  0.177434  0.14575
protocols.relax.FastRelax: CMD: scale:fa_rep  -1035.78  0.177434  0.177434  0.154
protocols.relax.FastRelax: CMD: min  -1185.74  0.219599  0.219599  0.154
protocols.relax.FastRelax: CMD: coord_cst_weight  -1292.93  0.219599  0.219599  0.154
protocols.relax.FastRelax: CMD: scale:fa_rep  -1109.76  0.219599  0.219599  0.30745
core.pack.task: Packer task: initialize from command line() 
core.pack.pack_rotamers: built 7181 rotamers at 492 positions.
core.pack.interaction_graph.interaction_graph_factory: Instantiating DensePDInteractionGraph
protocols.relax.FastRelax: CMD: repack  -1105.47  0.219599  0.219599  0.30745
protocols.relax.FastRelax: CMD: scale:fa_rep  -1091.2  0.219599  0.219599  0.31955
protocols.relax.FastRelax: CMD: min  -1288.83  2.64215  2.64215  0.31955
protocols.relax.FastRelax: CMD: coord_cst_weight  -1288.83  2.64215  2.64215  0.31955
protocols.relax.FastRelax: CMD: scale:fa_rep  -1084.81  2.64215  2.64215  0.55
core.pack.task: Packer task: initialize from command line() 
core.pack.pack_rotamers: built 7011 rotamers at 492 positions.
core.pack.interaction_graph.interaction_graph_factory: Instantiating DensePDInteractionGraph
protocols.relax.FastRelax: CMD: repack  -1092.69  2.64215  2.64215  0.55
protocols.relax.FastRelax: CMD: min  -1153.04  2.65298  2.65298  0.55
protocols.relax.FastRelax: MRP: 2  -1153.04  -1153.04  2.65298  2.65298  
protocols.relax.FastRelax: CMD: accept_to_best  -1153.04  2.65298  2.65298  0.55
protocols.relax.FastRelax: CMD: endrepeat  -1153.04  2.65298  2.65298  0.55
protocols.relax.FastRelax: CMD: coord_cst_weight  60894.3  2.65298  2.65298  0.55
protocols.relax.FastRelax: CMD: scale:fa_rep  60569  2.65298  2.65298  0.022
core.pack.task: Packer task: initialize from command line() 
core.pack.pack_rotamers: built 7790 rotamers at 492 positions.
core.pack.interaction_graph.interaction_graph_factory: Instantiating DensePDInteractionGraph
protocols.relax.FastRelax: CMD: repack  60557.4  2.65298  2.65298  0.022
protocols.relax.FastRelax: CMD: scale:fa_rep  60566.7  2.65298  2.65298  0.02805
core.optimization.Minimizer: [ WARNING ] LBFGS MAX CYCLES 2000 EXCEEDED, BUT FUNC NOT CONVERGED!
protocols.relax.FastRelax: CMD: min  -1263.8  0.184296  0.184296  0.02805
protocols.relax.FastRelax: CMD: coord_cst_weight  -1338.67  0.184296  0.184296  0.02805
protocols.relax.FastRelax: CMD: scale:fa_rep  -994.363  0.184296  0.184296  0.14575
core.pack.task: Packer task: initialize from command line() 
core.pack.pack_rotamers: built 7410 rotamers at 492 positions.
core.pack.interaction_graph.interaction_graph_factory: Instantiating DensePDInteractionGraph
protocols.relax.FastRelax: CMD: repack  -1041.48  0.184296  0.184296  0.14575
protocols.relax.FastRelax: CMD: scale:fa_rep  -1021.57  0.184296  0.184296  0.154
protocols.relax.FastRelax: CMD: min  -1183.17  0.221779  0.221779  0.154
protocols.relax.FastRelax: CMD: coord_cst_weight  -1291.55  0.221779  0.221779  0.154
protocols.relax.FastRelax: CMD: scale:fa_rep  -1113.05  0.221779  0.221779  0.30745
core.pack.task: Packer task: initialize from command line() 
core.pack.pack_rotamers: built 7180 rotamers at 492 positions.
core.pack.interaction_graph.interaction_graph_factory: Instantiating DensePDInteractionGraph
protocols.relax.FastRelax: CMD: repack  -1113.78  0.221779  0.221779  0.30745
protocols.relax.FastRelax: CMD: scale:fa_rep  -1099.81  0.221779  0.221779  0.31955
protocols.relax.FastRelax: CMD: min  -1296.03  2.63826  2.63826  0.31955
protocols.relax.FastRelax: CMD: coord_cst_weight  -1296.03  2.63826  2.63826  0.31955
protocols.relax.FastRelax: CMD: scale:fa_rep  -1093.7  2.63826  2.63826  0.55
core.pack.task: Packer task: initialize from command line() 
core.pack.pack_rotamers: built 7015 rotamers at 492 positions.
core.pack.interaction_graph.interaction_graph_factory: Instantiating DensePDInteractionGraph
protocols.relax.FastRelax: CMD: repack  -1099.09  2.63826  2.63826  0.55
protocols.relax.FastRelax: CMD: min  -1151.73  2.74641  2.74641  0.55
protocols.relax.FastRelax: MRP: 3  -1151.73  -1153.04  2.65298  2.65298  
protocols.relax.FastRelax: CMD: accept_to_best  -1151.73  2.74641  2.74641  0.55
protocols.relax.FastRelax: CMD: endrepeat  -1151.73  2.74641  2.74641  0.55
protocols.relax.FastRelax: CMD: coord_cst_weight  64226.8  2.74641  2.74641  0.55
protocols.relax.FastRelax: CMD: scale:fa_rep  63902.7  2.74641  2.74641  0.022
core.pack.task: Packer task: initialize from command line() 
core.pack.pack_rotamers: built 7807 rotamers at 492 positions.
core.pack.interaction_graph.interaction_graph_factory: Instantiating DensePDInteractionGraph
protocols.relax.FastRelax: CMD: repack  63880.2  2.74641  2.74641  0.022
protocols.relax.FastRelax: CMD: scale:fa_rep  63888.4  2.74641  2.74641  0.02805
core.optimization.Minimizer: [ WARNING ] LBFGS MAX CYCLES 2000 EXCEEDED, BUT FUNC NOT CONVERGED!
protocols.relax.FastRelax: CMD: min  -1275.44  0.174932  0.174932  0.02805
protocols.relax.FastRelax: CMD: coord_cst_weight  -1342.56  0.174932  0.174932  0.02805
protocols.relax.FastRelax: CMD: scale:fa_rep  -1012.79  0.174932  0.174932  0.14575
core.pack.task: Packer task: initialize from command line() 
core.pack.pack_rotamers: built 7366 rotamers at 492 positions.
core.pack.interaction_graph.interaction_graph_factory: Instantiating DensePDInteractionGraph
protocols.relax.FastRelax: CMD: repack  -1048.92  0.174932  0.174932  0.14575
protocols.relax.FastRelax: CMD: scale:fa_rep  -1028.33  0.174932  0.174932  0.154
protocols.relax.FastRelax: CMD: min  -1187.24  0.222218  0.222218  0.154
protocols.relax.FastRelax: CMD: coord_cst_weight  -1296.06  0.222218  0.222218  0.154
protocols.relax.FastRelax: CMD: scale:fa_rep  -1113.74  0.222218  0.222218  0.30745
core.pack.task: Packer task: initialize from command line() 
core.pack.pack_rotamers: built 7163 rotamers at 492 positions.
core.pack.interaction_graph.interaction_graph_factory: Instantiating DensePDInteractionGraph
protocols.relax.FastRelax: CMD: repack  -1114.48  0.222218  0.222218  0.30745
protocols.relax.FastRelax: CMD: scale:fa_rep  -1100.18  0.222218  0.222218  0.31955
protocols.relax.FastRelax: CMD: min  -1296.12  2.62943  2.62943  0.31955
protocols.relax.FastRelax: CMD: coord_cst_weight  -1296.12  2.62943  2.62943  0.31955
protocols.relax.FastRelax: CMD: scale:fa_rep  -1092.29  2.62943  2.62943  0.55
core.pack.task: Packer task: initialize from command line() 
core.pack.pack_rotamers: built 7031 rotamers at 492 positions.
core.pack.interaction_graph.interaction_graph_factory: Instantiating DensePDInteractionGraph
protocols.relax.FastRelax: CMD: repack  -1097.75  2.62943  2.62943  0.55
protocols.relax.FastRelax: CMD: min  -1163.05  3.02609  3.02609  0.55
protocols.relax.FastRelax: MRP: 4  -1163.05  -1163.05  3.02609  3.02609  
protocols.relax.FastRelax: CMD: accept_to_best  -1163.05  3.02609  3.02609  0.55
protocols.relax.FastRelax: CMD: endrepeat  -1163.05  3.02609  3.02609  0.55
protocols.relax.FastRelax: CMD: coord_cst_weight  76471.9  3.02609  3.02609  0.55
protocols.relax.FastRelax: CMD: scale:fa_rep  76145  3.02609  3.02609  0.022
core.pack.task: Packer task: initialize from command line() 
core.pack.pack_rotamers: built 7825 rotamers at 492 positions.
core.pack.interaction_graph.interaction_graph_factory: Instantiating DensePDInteractionGraph
protocols.relax.FastRelax: CMD: repack  76132.8  3.02609  3.02609  0.022
protocols.relax.FastRelax: CMD: scale:fa_rep  76138.4  3.02609  3.02609  0.02805
core.optimization.Minimizer: [ WARNING ] LBFGS MAX CYCLES 2000 EXCEEDED, BUT FUNC NOT CONVERGED!
protocols.relax.FastRelax: CMD: min  -1252.16  0.182139  0.182139  0.02805
protocols.relax.FastRelax: CMD: coord_cst_weight  -1324.28  0.182139  0.182139  0.02805
protocols.relax.FastRelax: CMD: scale:fa_rep  -946.46  0.182139  0.182139  0.14575
core.pack.task: Packer task: initialize from command line() 
core.pack.pack_rotamers: built 7429 rotamers at 492 positions.
core.pack.interaction_graph.interaction_graph_factory: Instantiating DensePDInteractionGraph
protocols.relax.FastRelax: CMD: repack  -1049.91  0.182139  0.182139  0.14575
protocols.relax.FastRelax: CMD: scale:fa_rep  -1029.62  0.182139  0.182139  0.154
protocols.relax.FastRelax: CMD: min  -1188.05  0.221596  0.221596  0.154
protocols.relax.FastRelax: CMD: coord_cst_weight  -1296.15  0.221596  0.221596  0.154
protocols.relax.FastRelax: CMD: scale:fa_rep  -1114.33  0.221596  0.221596  0.30745
core.pack.task: Packer task: initialize from command line() 
core.pack.pack_rotamers: built 7177 rotamers at 492 positions.
core.pack.interaction_graph.interaction_graph_factory: Instantiating DensePDInteractionGraph
protocols.relax.FastRelax: CMD: repack  -1115.01  0.221596  0.221596  0.30745
protocols.relax.FastRelax: CMD: scale:fa_rep  -1100.78  0.221596  0.221596  0.31955
protocols.relax.FastRelax: CMD: min  -1306.72  3.20181  3.20181  0.31955
protocols.relax.FastRelax: CMD: coord_cst_weight  -1306.72  3.20181  3.20181  0.31955
protocols.relax.FastRelax: CMD: scale:fa_rep  -1104.61  3.20181  3.20181  0.55
core.pack.task: Packer task: initialize from command line() 
core.pack.pack_rotamers: built 6978 rotamers at 492 positions.
core.pack.interaction_graph.interaction_graph_factory: Instantiating DensePDInteractionGraph
protocols.relax.FastRelax: CMD: repack  -1112.26  3.20181  3.20181  0.55
protocols.relax.FastRelax: CMD: min  -1164.03  2.97182  2.97182  0.55
protocols.relax.FastRelax: MRP: 5  -1164.03  -1164.03  2.97182  2.97182  
protocols.relax.FastRelax: CMD: accept_to_best  -1164.03  2.97182  2.97182  0.55
protocols.relax.FastRelax: CMD: endrepeat  -1164.03  2.97182  2.97182  0.55
protocols.relax.FastRelax: CMD: coord_cst_weight  74504.3  2.97182  2.97182  0.55
protocols.relax.FastRelax: CMD: scale:fa_rep  74177.4  2.97182  2.97182  0.022
core.pack.task: Packer task: initialize from command line() 
core.pack.pack_rotamers: built 7776 rotamers at 492 positions.
core.pack.interaction_graph.interaction_graph_factory: Instantiating DensePDInteractionGraph
protocols.relax.FastRelax: CMD: repack  74157.2  2.97182  2.97182  0.022
protocols.relax.FastRelax: CMD: scale:fa_rep  74162.9  2.97182  2.97182  0.02805
core.optimization.Minimizer: [ WARNING ] LBFGS MAX CYCLES 2000 EXCEEDED, BUT FUNC NOT CONVERGED!
protocols.relax.FastRelax: CMD: min  -1253.46  0.185556  0.185556  0.02805
protocols.relax.FastRelax: CMD: coord_cst_weight  -1330.05  0.185556  0.185556  0.02805
protocols.relax.FastRelax: CMD: scale:fa_rep  -966.046  0.185556  0.185556  0.14575
core.pack.task: Packer task: initialize from command line() 
core.pack.pack_rotamers: built 7391 rotamers at 492 positions.
core.pack.interaction_graph.interaction_graph_factory: Instantiating DensePDInteractionGraph
protocols.relax.FastRelax: CMD: repack  -1040.22  0.185556  0.185556  0.14575
protocols.relax.FastRelax: CMD: scale:fa_rep  -1019.58  0.185556  0.185556  0.154
protocols.relax.FastRelax: CMD: min  -1187.71  0.221848  0.221848  0.154
protocols.relax.FastRelax: CMD: coord_cst_weight  -1297.14  0.221848  0.221848  0.154
protocols.relax.FastRelax: CMD: scale:fa_rep  -1114.32  0.221848  0.221848  0.30745
core.pack.task: Packer task: initialize from command line() 
core.pack.pack_rotamers: built 7153 rotamers at 492 positions.
core.pack.interaction_graph.interaction_graph_factory: Instantiating DensePDInteractionGraph
protocols.relax.FastRelax: CMD: repack  -1115.25  0.221848  0.221848  0.30745
protocols.relax.FastRelax: CMD: scale:fa_rep  -1100.98  0.221848  0.221848  0.31955
protocols.relax.FastRelax: CMD: min  -1300.73  2.94294  2.94294  0.31955
protocols.relax.FastRelax: CMD: coord_cst_weight  -1300.73  2.94294  2.94294  0.31955
protocols.relax.FastRelax: CMD: scale:fa_rep  -1097.25  2.94294  2.94294  0.55
core.pack.task: Packer task: initialize from command line() 
core.pack.pack_rotamers: built 7002 rotamers at 492 positions.
core.pack.interaction_graph.interaction_graph_factory: Instantiating DensePDInteractionGraph
protocols.relax.FastRelax: CMD: repack  -1105.83  2.94294  2.94294  0.55
protocols.relax.FastRelax: CMD: min  -1164.15  2.93867  2.93867  0.55
protocols.relax.FastRelax: MRP: 6  -1164.15  -1164.15  2.93867  2.93867  
protocols.relax.FastRelax: CMD: accept_to_best  -1164.15  2.93867  2.93867  0.55
protocols.relax.FastRelax: CMD: endrepeat  -1164.15  2.93867  2.93867  0.55
protocols.relax.FastRelax: CMD: coord_cst_weight  83840.5  2.93867  2.93867  0.55
protocols.relax.FastRelax: CMD: scale:fa_rep  83514.8  2.93867  2.93867  0.022
core.pack.task: Packer task: initialize from command line() 
core.pack.pack_rotamers: built 7741 rotamers at 492 positions.
core.pack.interaction_graph.interaction_graph_factory: Instantiating DensePDInteractionGraph
protocols.relax.FastRelax: CMD: repack  83491.3  2.93867  2.93867  0.022
protocols.relax.FastRelax: CMD: scale:fa_rep  83497.2  2.93867  2.93867  0.02805
core.optimization.Minimizer: [ WARNING ] LBFGS MAX CYCLES 2000 EXCEEDED, BUT FUNC NOT CONVERGED!
protocols.relax.FastRelax: CMD: min  -1277.08  0.182277  0.182277  0.02805
protocols.relax.FastRelax: CMD: coord_cst_weight  -1348.31  0.182277  0.182277  0.02805
protocols.relax.FastRelax: CMD: scale:fa_rep  -1010.89  0.182277  0.182277  0.14575
core.pack.task: Packer task: initialize from command line() 
core.pack.pack_rotamers: built 7343 rotamers at 492 positions.
core.pack.interaction_graph.interaction_graph_factory: Instantiating DensePDInteractionGraph
protocols.relax.FastRelax: CMD: repack  -1029.04  0.182277  0.182277  0.14575
protocols.relax.FastRelax: CMD: scale:fa_rep  -1007.12  0.182277  0.182277  0.154
protocols.relax.FastRelax: CMD: min  -1183.63  0.231298  0.231298  0.154
protocols.relax.FastRelax: CMD: coord_cst_weight  -1299.55  0.231298  0.231298  0.154
protocols.relax.FastRelax: CMD: scale:fa_rep  -1119.49  0.231298  0.231298  0.30745
core.pack.task: Packer task: initialize from command line() 
core.pack.pack_rotamers: built 7192 rotamers at 492 positions.
core.pack.interaction_graph.interaction_graph_factory: Instantiating DensePDInteractionGraph
protocols.relax.FastRelax: CMD: repack  -1120.23  0.231298  0.231298  0.30745
protocols.relax.FastRelax: CMD: scale:fa_rep  -1106.12  0.231298  0.231298  0.31955
protocols.relax.FastRelax: CMD: min  -1315.59  3.1469  3.1469  0.31955
protocols.relax.FastRelax: CMD: coord_cst_weight  -1315.59  3.1469  3.1469  0.31955
protocols.relax.FastRelax: CMD: scale:fa_rep  -1112.05  3.1469  3.1469  0.55
core.pack.task: Packer task: initialize from command line() 
core.pack.pack_rotamers: built 6990 rotamers at 492 positions.
core.pack.interaction_graph.interaction_graph_factory: Instantiating DensePDInteractionGraph
protocols.relax.FastRelax: CMD: repack  -1117.52  3.1469  3.1469  0.55
protocols.relax.FastRelax: CMD: min  -1168.56  3.76516  3.76516  0.55
protocols.relax.FastRelax: MRP: 7  -1168.56  -1168.56  3.76516  3.76516  
protocols.relax.FastRelax: CMD: accept_to_best  -1168.56  3.76516  3.76516  0.55
protocols.relax.FastRelax: CMD: endrepeat  -1168.56  3.76516  3.76516  0.55
protocols.relax.FastRelax: CMD: coord_cst_weight  116793  3.76516  3.76516  0.55
protocols.relax.FastRelax: CMD: scale:fa_rep  116464  3.76516  3.76516  0.022
core.pack.task: Packer task: initialize from command line() 
core.pack.pack_rotamers: built 7757 rotamers at 492 positions.
core.pack.interaction_graph.interaction_graph_factory: Instantiating DensePDInteractionGraph
protocols.relax.FastRelax: CMD: repack  116447  3.76516  3.76516  0.022
protocols.relax.FastRelax: CMD: scale:fa_rep  116455  3.76516  3.76516  0.02805
core.optimization.Minimizer: [ WARNING ] LBFGS MAX CYCLES 2000 EXCEEDED, BUT FUNC NOT CONVERGED!
protocols.relax.FastRelax: CMD: min  -1252.08  0.183668  0.183668  0.02805
protocols.relax.FastRelax: CMD: coord_cst_weight  -1326.38  0.183668  0.183668  0.02805
protocols.relax.FastRelax: CMD: scale:fa_rep  -927.534  0.183668  0.183668  0.14575
core.pack.task: Packer task: initialize from command line() 
core.pack.pack_rotamers: built 7372 rotamers at 492 positions.
core.pack.interaction_graph.interaction_graph_factory: Instantiating DensePDInteractionGraph
protocols.relax.FastRelax: CMD: repack  -1066.1  0.183668  0.183668  0.14575
protocols.relax.FastRelax: CMD: scale:fa_rep  -1046.45  0.183668  0.183668  0.154
protocols.relax.FastRelax: CMD: min  -1195.75  0.22295  0.22295  0.154
protocols.relax.FastRelax: CMD: coord_cst_weight  -1306.3  0.22295  0.22295  0.154
protocols.relax.FastRelax: CMD: scale:fa_rep  -1125.4  0.22295  0.22295  0.30745
core.pack.task: Packer task: initialize from command line() 
core.pack.pack_rotamers: built 7213 rotamers at 492 positions.
core.pack.interaction_graph.interaction_graph_factory: Instantiating DensePDInteractionGraph
protocols.relax.FastRelax: CMD: repack  -1126.43  0.22295  0.22295  0.30745
protocols.relax.FastRelax: CMD: scale:fa_rep  -1112.25  0.22295  0.22295  0.31955
protocols.relax.FastRelax: CMD: min  -1292.76  3.45175  3.45175  0.31955
protocols.relax.FastRelax: CMD: coord_cst_weight  -1292.76  3.45175  3.45175  0.31955
protocols.relax.FastRelax: CMD: scale:fa_rep  -1080.87  3.45175  3.45175  0.55
core.pack.task: Packer task: initialize from command line() 
core.pack.pack_rotamers: built 7046 rotamers at 492 positions.
core.pack.interaction_graph.interaction_graph_factory: Instantiating DensePDInteractionGraph
protocols.relax.FastRelax: CMD: repack  -1103.46  3.45175  3.45175  0.55
protocols.relax.FastRelax: CMD: min  -1154.88  3.95811  3.95811  0.55
protocols.relax.FastRelax: MRP: 8  -1154.88  -1168.56  3.76516  3.76516  
protocols.relax.FastRelax: CMD: accept_to_best  -1154.88  3.95811  3.95811  0.55
protocols.relax.FastRelax: CMD: endrepeat  -1154.88  3.95811  3.95811  0.55
protocols.relax.FastRelax: CMD: coord_cst_weight  128564  3.95811  3.95811  0.55
protocols.relax.FastRelax: CMD: scale:fa_rep  128238  3.95811  3.95811  0.022
core.pack.task: Packer task: initialize from command line() 
core.pack.pack_rotamers: built 7761 rotamers at 492 positions.
core.pack.interaction_graph.interaction_graph_factory: Instantiating DensePDInteractionGraph
protocols.relax.FastRelax: CMD: repack  128229  3.95811  3.95811  0.022
protocols.relax.FastRelax: CMD: scale:fa_rep  128236  3.95811  3.95811  0.02805
core.optimization.Minimizer: [ WARNING ] LBFGS MAX CYCLES 2000 EXCEEDED, BUT FUNC NOT CONVERGED!
protocols.relax.FastRelax: CMD: min  -1271.79  0.181625  0.181625  0.02805
protocols.relax.FastRelax: CMD: coord_cst_weight  -1343.99  0.181625  0.181625  0.02805
protocols.relax.FastRelax: CMD: scale:fa_rep  -984.35  0.181625  0.181625  0.14575
core.pack.task: Packer task: initialize from command line() 
core.pack.pack_rotamers: built 7388 rotamers at 492 positions.
core.pack.interaction_graph.interaction_graph_factory: Instantiating DensePDInteractionGraph
protocols.relax.FastRelax: CMD: repack  -1029.96  0.181625  0.181625  0.14575
protocols.relax.FastRelax: CMD: scale:fa_rep  -1008.26  0.181625  0.181625  0.154
protocols.relax.FastRelax: CMD: min  -1185.03  0.226086  0.226086  0.154
protocols.relax.FastRelax: CMD: coord_cst_weight  -1297.82  0.226086  0.226086  0.154
protocols.relax.FastRelax: CMD: scale:fa_rep  -1116.12  0.226086  0.226086  0.30745
core.pack.task: Packer task: initialize from command line() 
core.pack.pack_rotamers: built 7186 rotamers at 492 positions.
core.pack.interaction_graph.interaction_graph_factory: Instantiating DensePDInteractionGraph
protocols.relax.FastRelax: CMD: repack  -1116.79  0.226086  0.226086  0.30745
protocols.relax.FastRelax: CMD: scale:fa_rep  -1102.53  0.226086  0.226086  0.31955
protocols.relax.FastRelax: CMD: min  -1298.25  2.5317  2.5317  0.31955
protocols.relax.FastRelax: CMD: coord_cst_weight  -1298.25  2.5317  2.5317  0.31955
protocols.relax.FastRelax: CMD: scale:fa_rep  -1094.86  2.5317  2.5317  0.55
core.pack.task: Packer task: initialize from command line() 
core.pack.pack_rotamers: built 7063 rotamers at 492 positions.
core.pack.interaction_graph.interaction_graph_factory: Instantiating DensePDInteractionGraph
protocols.relax.FastRelax: CMD: repack  -1097.04  2.5317  2.5317  0.55
protocols.relax.FastRelax: CMD: min  -998.73  3.31491  3.31491  0.55
protocols.relax.FastRelax: MRP: 9  -998.73  -1168.56  3.76516  3.76516  
protocols.relax.FastRelax: CMD: accept_to_best  -998.73  3.31491  3.31491  0.55
protocols.relax.FastRelax: CMD: endrepeat  -998.73  3.31491  3.31491  0.55
protocols.relax.FastRelax: CMD: coord_cst_weight  117012  3.31491  3.31491  0.55
protocols.relax.FastRelax: CMD: scale:fa_rep  116535  3.31491  3.31491  0.022
core.pack.task: Packer task: initialize from command line() 
core.pack.pack_rotamers: built 7837 rotamers at 492 positions.
core.pack.interaction_graph.interaction_graph_factory: Instantiating DensePDInteractionGraph
protocols.relax.FastRelax: CMD: repack  116508  3.31491  3.31491  0.022
protocols.relax.FastRelax: CMD: scale:fa_rep  116515  3.31491  3.31491  0.02805
core.optimization.Minimizer: [ WARNING ] LBFGS MAX CYCLES 2000 EXCEEDED, BUT FUNC NOT CONVERGED!
protocols.relax.FastRelax: CMD: min  -1263.07  0.180689  0.180689  0.02805
protocols.relax.FastRelax: CMD: coord_cst_weight  -1335.21  0.180689  0.180689  0.02805
protocols.relax.FastRelax: CMD: scale:fa_rep  -996.969  0.180689  0.180689  0.14575
core.pack.task: Packer task: initialize from command line() 
core.pack.pack_rotamers: built 7375 rotamers at 492 positions.
core.pack.interaction_graph.interaction_graph_factory: Instantiating DensePDInteractionGraph
protocols.relax.FastRelax: CMD: repack  -1052.17  0.180689  0.180689  0.14575
protocols.relax.FastRelax: CMD: scale:fa_rep  -1031.86  0.180689  0.180689  0.154
protocols.relax.FastRelax: CMD: min  -1189.03  0.225226  0.225226  0.154
protocols.relax.FastRelax: CMD: coord_cst_weight  -1301.25  0.225226  0.225226  0.154
protocols.relax.FastRelax: CMD: scale:fa_rep  -1118.59  0.225226  0.225226  0.30745
core.pack.task: Packer task: initialize from command line() 
core.pack.pack_rotamers: built 7191 rotamers at 492 positions.
core.pack.interaction_graph.interaction_graph_factory: Instantiating DensePDInteractionGraph
protocols.relax.FastRelax: CMD: repack  -1118.66  0.225226  0.225226  0.30745
protocols.relax.FastRelax: CMD: scale:fa_rep  -1104.43  0.225226  0.225226  0.31955
protocols.relax.FastRelax: CMD: min  -1163.68  3.86344  3.86344  0.31955
protocols.relax.FastRelax: CMD: coord_cst_weight  -1163.68  3.86344  3.86344  0.31955
protocols.relax.FastRelax: CMD: scale:fa_rep  -854.664  3.86344  3.86344  0.55
core.pack.task: Packer task: initialize from command line() 
core.pack.pack_rotamers: built 7098 rotamers at 492 positions.
core.pack.interaction_graph.interaction_graph_factory: Instantiating DensePDInteractionGraph
protocols.relax.FastRelax: CMD: repack  -996.59  3.86344  3.86344  0.55
protocols.relax.FastRelax: CMD: min  -1157.64  3.82433  3.82433  0.55
protocols.relax.FastRelax: MRP: 10  -1157.64  -1168.56  3.76516  3.76516  
protocols.relax.FastRelax: CMD: accept_to_best  -1157.64  3.82433  3.82433  0.55
protocols.relax.FastRelax: CMD: endrepeat  -1157.64  3.82433  3.82433  0.55
protocols.relax.FastRelax: CMD: coord_cst_weight  133669  3.82433  3.82433  0.55
protocols.relax.FastRelax: CMD: scale:fa_rep  133344  3.82433  3.82433  0.022
core.pack.task: Packer task: initialize from command line() 
core.pack.pack_rotamers: built 7806 rotamers at 492 positions.
core.pack.interaction_graph.interaction_graph_factory: Instantiating DensePDInteractionGraph
protocols.relax.FastRelax: CMD: repack  133326  3.82433  3.82433  0.022
protocols.relax.FastRelax: CMD: scale:fa_rep  133332  3.82433  3.82433  0.02805
core.optimization.Minimizer: [ WARNING ] LBFGS MAX CYCLES 2000 EXCEEDED, BUT FUNC NOT CONVERGED!
protocols.relax.FastRelax: CMD: min  -1252.47  0.186248  0.186248  0.02805
protocols.relax.FastRelax: CMD: coord_cst_weight  -1328.6  0.186248  0.186248  0.02805
protocols.relax.FastRelax: CMD: scale:fa_rep  -959.322  0.186248  0.186248  0.14575
core.pack.task: Packer task: initialize from command line() 
core.pack.pack_rotamers: built 7361 rotamers at 492 positions.
core.pack.interaction_graph.interaction_graph_factory: Instantiating DensePDInteractionGraph
protocols.relax.FastRelax: CMD: repack  -1051.78  0.186248  0.186248  0.14575
protocols.relax.FastRelax: CMD: scale:fa_rep  -1031.55  0.186248  0.186248  0.154
protocols.relax.FastRelax: CMD: min  -1196.5  0.225667  0.225667  0.154
protocols.relax.FastRelax: CMD: coord_cst_weight  -1308.73  0.225667  0.225667  0.154
protocols.relax.FastRelax: CMD: scale:fa_rep  -1129.25  0.225667  0.225667  0.30745
core.pack.task: Packer task: initialize from command line() 
core.pack.pack_rotamers: built 7173 rotamers at 492 positions.
core.pack.interaction_graph.interaction_graph_factory: Instantiating DensePDInteractionGraph
protocols.relax.FastRelax: CMD: repack  -1130  0.225667  0.225667  0.30745
protocols.relax.FastRelax: CMD: scale:fa_rep  -1115.94  0.225667  0.225667  0.31955
protocols.relax.FastRelax: CMD: min  -1309.53  3.47024  3.47024  0.31955
protocols.relax.FastRelax: CMD: coord_cst_weight  -1309.53  3.47024  3.47024  0.31955
protocols.relax.FastRelax: CMD: scale:fa_rep  -1105.64  3.47024  3.47024  0.55
core.pack.task: Packer task: initialize from command line() 
core.pack.pack_rotamers: built 7114 rotamers at 492 positions.
core.pack.interaction_graph.interaction_graph_factory: Instantiating DensePDInteractionGraph
protocols.relax.FastRelax: CMD: repack  -1107.3  3.47024  3.47024  0.55
protocols.relax.FastRelax: CMD: min  -1153.05  3.62016  3.62016  0.55
protocols.relax.FastRelax: MRP: 11  -1153.05  -1168.56  3.76516  3.76516  
protocols.relax.FastRelax: CMD: accept_to_best  -1153.05  3.62016  3.62016  0.55
protocols.relax.FastRelax: CMD: endrepeat  -1153.05  3.62016  3.62016  0.55
protocols.relax.FastRelax: CMD: coord_cst_weight  120557  3.62016  3.62016  0.55
protocols.relax.FastRelax: CMD: scale:fa_rep  120228  3.62016  3.62016  0.022
core.pack.task: Packer task: initialize from command line() 
core.pack.pack_rotamers: built 7840 rotamers at 492 positions.
core.pack.interaction_graph.interaction_graph_factory: Instantiating DensePDInteractionGraph
protocols.relax.FastRelax: CMD: repack  120205  3.62016  3.62016  0.022
protocols.relax.FastRelax: CMD: scale:fa_rep  120211  3.62016  3.62016  0.02805
core.optimization.Minimizer: [ WARNING ] LBFGS MAX CYCLES 2000 EXCEEDED, BUT FUNC NOT CONVERGED!
protocols.relax.FastRelax: CMD: min  -1266.56  0.188472  0.188472  0.02805
protocols.relax.FastRelax: CMD: coord_cst_weight  -1344.11  0.188472  0.188472  0.02805
protocols.relax.FastRelax: CMD: scale:fa_rep  -984.245  0.188472  0.188472  0.14575
core.pack.task: Packer task: initialize from command line() 
core.pack.pack_rotamers: built 7365 rotamers at 492 positions.
core.pack.interaction_graph.interaction_graph_factory: Instantiating DensePDInteractionGraph
protocols.relax.FastRelax: CMD: repack  -1036.55  0.188472  0.188472  0.14575
protocols.relax.FastRelax: CMD: scale:fa_rep  -1015.04  0.188472  0.188472  0.154
protocols.relax.FastRelax: CMD: min  -1193.82  0.227826  0.227826  0.154
protocols.relax.FastRelax: CMD: coord_cst_weight  -1307.67  0.227826  0.227826  0.154
protocols.relax.FastRelax: CMD: scale:fa_rep  -1124.51  0.227826  0.227826  0.30745
core.pack.task: Packer task: initialize from command line() 
core.pack.pack_rotamers: built 7180 rotamers at 492 positions.
core.pack.interaction_graph.interaction_graph_factory: Instantiating DensePDInteractionGraph
protocols.relax.FastRelax: CMD: repack  -1125.28  0.227826  0.227826  0.30745
protocols.relax.FastRelax: CMD: scale:fa_rep  -1110.93  0.227826  0.227826  0.31955
protocols.relax.FastRelax: CMD: min  -1307.09  2.50437  2.50437  0.31955
protocols.relax.FastRelax: CMD: coord_cst_weight  -1307.09  2.50437  2.50437  0.31955
protocols.relax.FastRelax: CMD: scale:fa_rep  -1103.18  2.50437  2.50437  0.55
core.pack.task: Packer task: initialize from command line() 
core.pack.pack_rotamers: built 7024 rotamers at 492 positions.
core.pack.interaction_graph.interaction_graph_factory: Instantiating DensePDInteractionGraph
protocols.relax.FastRelax: CMD: repack  -1103.5  2.50437  2.50437  0.55
protocols.relax.FastRelax: CMD: min  -1159.37  3.02518  3.02518  0.55
protocols.relax.FastRelax: MRP: 12  -1159.37  -1168.56  3.76516  3.76516  
protocols.relax.FastRelax: CMD: accept_to_best  -1159.37  3.02518  3.02518  0.55
protocols.relax.FastRelax: CMD: endrepeat  -1159.37  3.02518  3.02518  0.55
protocols.relax.FastRelax: CMD: coord_cst_weight  95415.3  3.02518  3.02518  0.55
protocols.relax.FastRelax: CMD: scale:fa_rep  95085.7  3.02518  3.02518  0.022
core.pack.task: Packer task: initialize from command line() 
core.pack.pack_rotamers: built 7836 rotamers at 492 positions.
core.pack.interaction_graph.interaction_graph_factory: Instantiating DensePDInteractionGraph
protocols.relax.FastRelax: CMD: repack  95077.8  3.02518  3.02518  0.022
protocols.relax.FastRelax: CMD: scale:fa_rep  95084.4  3.02518  3.02518  0.02805
core.optimization.Minimizer: [ WARNING ] LBFGS MAX CYCLES 2000 EXCEEDED, BUT FUNC NOT CONVERGED!
protocols.relax.FastRelax: CMD: min  -1270.43  0.186158  0.186158  0.02805
protocols.relax.FastRelax: CMD: coord_cst_weight  -1345.14  0.186158  0.186158  0.02805
protocols.relax.FastRelax: CMD: scale:fa_rep  -1009.22  0.186158  0.186158  0.14575
core.pack.task: Packer task: initialize from command line() 
core.pack.pack_rotamers: built 7409 rotamers at 492 positions.
core.pack.interaction_graph.interaction_graph_factory: Instantiating DensePDInteractionGraph
protocols.relax.FastRelax: CMD: repack  -1036.88  0.186158  0.186158  0.14575
protocols.relax.FastRelax: CMD: scale:fa_rep  -1015.46  0.186158  0.186158  0.154
protocols.relax.FastRelax: CMD: min  -1184.21  0.232788  0.232788  0.154
protocols.relax.FastRelax: CMD: coord_cst_weight  -1301.4  0.232788  0.232788  0.154
protocols.relax.FastRelax: CMD: scale:fa_rep  -1118.61  0.232788  0.232788  0.30745
core.pack.task: Packer task: initialize from command line() 
core.pack.pack_rotamers: built 7144 rotamers at 492 positions.
core.pack.interaction_graph.interaction_graph_factory: Instantiating DensePDInteractionGraph
protocols.relax.FastRelax: CMD: repack  -1119.47  0.232788  0.232788  0.30745
protocols.relax.FastRelax: CMD: scale:fa_rep  -1105.21  0.232788  0.232788  0.31955
protocols.relax.FastRelax: CMD: min  -1318  2.62656  2.62656  0.31955
protocols.relax.FastRelax: CMD: coord_cst_weight  -1318  2.62656  2.62656  0.31955
protocols.relax.FastRelax: CMD: scale:fa_rep  -1113.82  2.62656  2.62656  0.55
core.pack.task: Packer task: initialize from command line() 
core.pack.pack_rotamers: built 7055 rotamers at 492 positions.
core.pack.interaction_graph.interaction_graph_factory: Instantiating DensePDInteractionGraph
protocols.relax.FastRelax: CMD: repack  -1116.62  2.62656  2.62656  0.55
protocols.relax.FastRelax: CMD: min  -1160.65  2.92602  2.92602  0.55
protocols.relax.FastRelax: MRP: 13  -1160.65  -1168.56  3.76516  3.76516  
protocols.relax.FastRelax: CMD: accept_to_best  -1160.65  2.92602  2.92602  0.55
protocols.relax.FastRelax: CMD: endrepeat  -1160.65  2.92602  2.92602  0.55
protocols.relax.FastRelax: CMD: coord_cst_weight  93495.7  2.92602  2.92602  0.55
protocols.relax.FastRelax: CMD: scale:fa_rep  93164.3  2.92602  2.92602  0.022
core.pack.task: Packer task: initialize from command line() 
core.pack.pack_rotamers: built 7768 rotamers at 492 positions.
core.pack.interaction_graph.interaction_graph_factory: Instantiating DensePDInteractionGraph
protocols.relax.FastRelax: CMD: repack  93156.6  2.92602  2.92602  0.022
protocols.relax.FastRelax: CMD: scale:fa_rep  93162.7  2.92602  2.92602  0.02805
core.optimization.Minimizer: [ WARNING ] LBFGS MAX CYCLES 2000 EXCEEDED, BUT FUNC NOT CONVERGED!
protocols.relax.FastRelax: CMD: min  -1254.7  0.177456  0.177456  0.02805
protocols.relax.FastRelax: CMD: coord_cst_weight  -1323.85  0.177456  0.177456  0.02805
protocols.relax.FastRelax: CMD: scale:fa_rep  -893.163  0.177456  0.177456  0.14575
core.pack.task: Packer task: initialize from command line() 
core.pack.pack_rotamers: built 7380 rotamers at 492 positions.
core.pack.interaction_graph.interaction_graph_factory: Instantiating DensePDInteractionGraph
protocols.relax.FastRelax: CMD: repack  -1052.39  0.177456  0.177456  0.14575
protocols.relax.FastRelax: CMD: scale:fa_rep  -1031.6  0.177456  0.177456  0.154
protocols.relax.FastRelax: CMD: min  -1194.22  0.224367  0.224367  0.154
protocols.relax.FastRelax: CMD: coord_cst_weight  -1305.17  0.224367  0.224367  0.154
protocols.relax.FastRelax: CMD: scale:fa_rep  -1122.42  0.224367  0.224367  0.30745
core.pack.task: Packer task: initialize from command line() 
core.pack.pack_rotamers: built 7116 rotamers at 492 positions.
core.pack.interaction_graph.interaction_graph_factory: Instantiating DensePDInteractionGraph
protocols.relax.FastRelax: CMD: repack  -1123.22  0.224367  0.224367  0.30745
protocols.relax.FastRelax: CMD: scale:fa_rep  -1108.91  0.224367  0.224367  0.31955
protocols.relax.FastRelax: CMD: min  -1308.46  3.52077  3.52077  0.31955
protocols.relax.FastRelax: CMD: coord_cst_weight  -1308.46  3.52077  3.52077  0.31955
protocols.relax.FastRelax: CMD: scale:fa_rep  -1105.6  3.52077  3.52077  0.55
core.pack.task: Packer task: initialize from command line() 
core.pack.pack_rotamers: built 7058 rotamers at 492 positions.
core.pack.interaction_graph.interaction_graph_factory: Instantiating DensePDInteractionGraph
protocols.relax.FastRelax: CMD: repack  -1111.59  3.52077  3.52077  0.55
protocols.relax.FastRelax: CMD: min  -1169.78  4.02888  4.02888  0.55
protocols.relax.FastRelax: MRP: 14  -1169.78  -1169.78  4.02888  4.02888  
protocols.relax.FastRelax: CMD: accept_to_best  -1169.78  4.02888  4.02888  0.55
protocols.relax.FastRelax: CMD: endrepeat  -1169.78  4.02888  4.02888  0.55
protocols::checkpoint: Deleting checkpoints of FastRelax
protocols.jd2.JobDistributor: target.BL00010001_9_0006 reported success in 13641 seconds
protocols.jd2.JobDistributor: no more batches to process... 
protocols.jd2.JobDistributor: 6 jobs considered, 6 jobs attempted in 84184 seconds
basic.citation_manager.CitationManager: 
The following Rosetta modules were used during this run of Rosetta, and should be cited:

FastRelax Mover's citation(s):
*Tyka MD, *Keedy DA, André I, Dimaio F, Song Y, Richardson DC, Richardson JS, and Baker D.  (2011).  Alternate states of proteins revealed by detailed energy landscape mapping.  J Mol Biol 405(2):607-18.  doi: 10.1016/j.jmb.2010.11.008.  (*Co-primary authors.)

Khatib F, Cooper S, Tyka MD, Xu K, Makedon I, Popovic Z, Baker D, and Players F.  (2011).  Algorithm discovery by protein folding game players.  Proc Natl Acad Sci USA 108(47):18949-53.  doi: 10.1073/pnas.1115898108.

Maguire JB, Haddox HK, Strickland D, Halabiya SF, Coventry B, Griffin JR, Pulavarti SVSRK, Cummins M, Thieker DF, Klavins E, Szyperski T, DiMaio F, Baker D, and Kuhlman B.  (2021).  Perturbing the energy landscape for improved packing during computational protein design.  Proteins 89(4):436-449.  doi: 10.1002/prot.26030.


