********  (C) Copyright Rosetta Commons Member Institutions.  ***************
* Use of Rosetta for commercial purposes may require purchase of a license. *
********  See LICENSE.md or email license@uw.edu for more details. **********
core.init: Checking for fconfig files in pwd and ./rosetta/flags 
core.init: Rosetta version: rosetta.binary.ubuntu.release-408 r408 2025.37+release.df75a9c48e df75a9c48e763e52a7aa3f5dfba077f4da88dbf5 https://www.rosettacommons.org 2025-09-10T02:14:08.564791
core.init: Rosetta extras: []
core.init: command: /home/gbiuser/Downloads/rosetta.binary.ubuntu.release-408/main/source/bin/relax.default.linuxgccrelease -s ../1-modeller/target.BL00010001.pdb -relax:thorough -relax:constrain_relax_to_start_coords -constraints:cst_file cst.cst -nstruct 6 -out:suffix _1 -out:file:silent relax_1.silent -out:file:silent_struct_type binary
basic.random.init_random_generator: 'RNG device' seed mode, using '/dev/urandom', seed=1092497347 seed_offset=0 real_seed=1092497347
basic.random.init_random_generator: RandomGenerator:init: Normal mode, seed=1092497347 RG_type=mt19937
core.init: Resolved executable path: /home/gbiuser/Downloads/rosetta.binary.ubuntu.release-408/main/source/build/src/release/linux/6.8/64/x86/gcc/11/default/relax.default.linuxgccrelease
core.init: Looking for database based on location of executable: /home/gbiuser/Downloads/rosetta.binary.ubuntu.release-408/main/database/
core.scoring.ScoreFunctionFactory: SCOREFUNCTION: ref2015
core.scoring.etable: Starting energy table calculation
core.scoring.etable: smooth_etable: changing atr/rep split to bottom of energy well
core.scoring.etable: smooth_etable: spline smoothing lj etables (maxdis = 6)
core.scoring.etable: smooth_etable: spline smoothing solvation etables (max_dis = 6)
core.scoring.etable: Finished calculating energy tables.
basic.io.database: Database file opened: scoring/score_functions/hbonds/ref2015_params/HBPoly1D.csv
basic.io.database: Database file opened: scoring/score_functions/hbonds/ref2015_params/HBFadeIntervals.csv
basic.io.database: Database file opened: scoring/score_functions/hbonds/ref2015_params/HBEval.csv
basic.io.database: Database file opened: scoring/score_functions/hbonds/ref2015_params/DonStrength.csv
basic.io.database: Database file opened: scoring/score_functions/hbonds/ref2015_params/AccStrength.csv
core.chemical.GlobalResidueTypeSet: Finished initializing fa_standard residue type set.  Created 985 residue types
core.chemical.GlobalResidueTypeSet: Total time to initialize 1.2731 seconds.
basic.io.database: Database file opened: scoring/score_functions/rama/fd/all.ramaProb
basic.io.database: Database file opened: scoring/score_functions/rama/fd/prepro.ramaProb
basic.io.database: Database file opened: scoring/score_functions/omega/omega_ppdep.all.txt
basic.io.database: Database file opened: scoring/score_functions/omega/omega_ppdep.gly.txt
basic.io.database: Database file opened: scoring/score_functions/omega/omega_ppdep.pro.txt
basic.io.database: Database file opened: scoring/score_functions/omega/omega_ppdep.valile.txt
basic.io.database: Database file opened: scoring/score_functions/P_AA_pp/P_AA
basic.io.database: Database file opened: scoring/score_functions/P_AA_pp/P_AA_n
core.scoring.P_AA: shapovalov_lib::shap_p_aa_pp_smooth_level of 1( aka low_smooth ) got activated.
basic.io.database: Database file opened: scoring/score_functions/P_AA_pp/shapovalov/10deg/kappa131/a20.prop
protocols.relax.RelaxScriptManager: Reading relax scripts list from database.
protocols.relax.RelaxScriptManager: Looking for MonomerRelax2019.txt
protocols.relax.RelaxScriptManager: ================== Reading script file: /home/gbiuser/Downloads/rosetta.binary.ubuntu.release-408/main/database/sampling/relax_scripts/MonomerRelax2019.txt ==================
protocols.relax.RelaxScriptManager: repeat %%nrepeats%%
protocols.relax.RelaxScriptManager: coord_cst_weight 1.0
protocols.relax.RelaxScriptManager: scale:fa_rep 0.040
protocols.relax.RelaxScriptManager: repack
protocols.relax.RelaxScriptManager: scale:fa_rep 0.051
protocols.relax.RelaxScriptManager: min 0.01
protocols.relax.RelaxScriptManager: coord_cst_weight 0.5
protocols.relax.RelaxScriptManager: scale:fa_rep 0.265
protocols.relax.RelaxScriptManager: repack
protocols.relax.RelaxScriptManager: scale:fa_rep 0.280
protocols.relax.RelaxScriptManager: min 0.01
protocols.relax.RelaxScriptManager: coord_cst_weight 0.0
protocols.relax.RelaxScriptManager: scale:fa_rep 0.559
protocols.relax.RelaxScriptManager: repack
protocols.relax.RelaxScriptManager: scale:fa_rep 0.581
protocols.relax.RelaxScriptManager: min 0.01
protocols.relax.RelaxScriptManager: coord_cst_weight 0.0
protocols.relax.RelaxScriptManager: scale:fa_rep 1
protocols.relax.RelaxScriptManager: repack
protocols.relax.RelaxScriptManager: min 0.00001
protocols.relax.RelaxScriptManager: accept_to_best
protocols.relax.RelaxScriptManager: endrepeat
core.scoring.constraints.util: Constraint choice: cst.cst
protocols.jd2.PDBJobInputter: Instantiate PDBJobInputter
protocols.jd2.PDBJobInputter: PDBJobInputter::fill_jobs
protocols.jd2.PDBJobInputter: pushed ../1-modeller/target.BL00010001.pdb nstruct indices 1 - 6
protocols.evaluation.ChiWellRmsdEvaluatorCreator: Evaluation Creator active ... 
protocols.jd2.PDBJobInputter: PDBJobInputter::pose_from_job
protocols.jd2.PDBJobInputter: filling pose from PDB ../1-modeller/target.BL00010001.pdb
core.import_pose.import_pose: File '../1-modeller/target.BL00010001.pdb' automatically determined to be of type PDB from contents.
core.io.rcsb.ExperimentalTechnique: [ ERROR ] Unrecognized experimental technique string 'THEORETICAL MODEL, MODELLER 10.8 2026/08/10 16:18:02'
core.scoring.constraints.ConstraintsIO: read constraints from cst.cst
core.scoring.constraints.ConstraintsIO: Read in 14 constraints
basic.io.database: Database file opened: scoring/score_functions/elec_cp_reps.dat
core.scoring.elec.util: Read 40 countpair representative atoms
core.pack.dunbrack.RotamerLibrary: shapovalov_lib_fixes_enable option is true.
core.pack.dunbrack.RotamerLibrary: shapovalov_lib::shap_dun10_smooth_level of 1( aka lowest_smooth ) got activated.
core.pack.dunbrack.RotamerLibrary: Binary rotamer library selected: /home/gbiuser/Downloads/rosetta.binary.ubuntu.release-408/main/database/rotamer/shapovalov/StpDwn_0-0-0/Dunbrack10.lib.bin
core.pack.dunbrack.RotamerLibrary: Using Dunbrack library binary file '/home/gbiuser/Downloads/rosetta.binary.ubuntu.release-408/main/database/rotamer/shapovalov/StpDwn_0-0-0/Dunbrack10.lib.bin'.
core.pack.dunbrack.RotamerLibrary: Dunbrack 2010 library took 0.367523 seconds to load from binary
protocols.relax.FastRelax: CMD: repeat  4476.34  0  0  0.55
protocols.relax.FastRelax: CMD: coord_cst_weight  4476.34  0  0  0.55
protocols.relax.FastRelax: CMD: scale:fa_rep  806.987  0  0  0.022
core.pack.task: Packer task: initialize from command line() 
core.pack.pack_rotamers: built 8129 rotamers at 492 positions.
core.pack.interaction_graph.interaction_graph_factory: Instantiating DensePDInteractionGraph
protocols.relax.FastRelax: CMD: repack  -878.817  0  0  0.022
protocols.relax.FastRelax: CMD: scale:fa_rep  -839.705  0  0  0.02805
core.optimization.Minimizer: [ WARNING ] LBFGS MAX CYCLES 2000 EXCEEDED, BUT FUNC NOT CONVERGED!
protocols.relax.FastRelax: CMD: min  -1296.71  0.149208  0.149208  0.02805
protocols.relax.FastRelax: CMD: coord_cst_weight  -1343.92  0.149208  0.149208  0.02805
protocols.relax.FastRelax: CMD: scale:fa_rep  -944.448  0.149208  0.149208  0.14575
core.pack.task: Packer task: initialize from command line() 
core.pack.pack_rotamers: built 7452 rotamers at 492 positions.
core.pack.interaction_graph.interaction_graph_factory: Instantiating DensePDInteractionGraph
protocols.relax.FastRelax: CMD: repack  -997.664  0.149208  0.149208  0.14575
protocols.relax.FastRelax: CMD: scale:fa_rep  -976.573  0.149208  0.149208  0.154
core.optimization.Minimizer: [ WARNING ] LBFGS MAX CYCLES 2000 EXCEEDED, BUT FUNC NOT CONVERGED!
protocols.relax.FastRelax: CMD: min  -1164.66  0.204379  0.204379  0.154
protocols.relax.FastRelax: CMD: coord_cst_weight  -1254.71  0.204379  0.204379  0.154
protocols.relax.FastRelax: CMD: scale:fa_rep  -1066.05  0.204379  0.204379  0.30745
core.pack.task: Packer task: initialize from command line() 
core.pack.pack_rotamers: built 7189 rotamers at 492 positions.
core.pack.interaction_graph.interaction_graph_factory: Instantiating DensePDInteractionGraph
protocols.relax.FastRelax: CMD: repack  -1063.84  0.204379  0.204379  0.30745
protocols.relax.FastRelax: CMD: scale:fa_rep  -1049.07  0.204379  0.204379  0.31955
protocols.relax.FastRelax: CMD: min  -1244.95  3.17348  3.17348  0.31955
protocols.relax.FastRelax: CMD: coord_cst_weight  -1244.95  3.17348  3.17348  0.31955
protocols.relax.FastRelax: CMD: scale:fa_rep  -1034.05  3.17348  3.17348  0.55
core.pack.task: Packer task: initialize from command line() 
core.pack.pack_rotamers: built 7109 rotamers at 492 positions.
core.pack.interaction_graph.interaction_graph_factory: Instantiating DensePDInteractionGraph
protocols.relax.FastRelax: CMD: repack  -1039.49  3.17348  3.17348  0.55
protocols.relax.FastRelax: CMD: min  -1100.96  3.39793  3.39793  0.55
protocols.relax.FastRelax: MRP: 0  -1100.96  -1100.96  3.39793  3.39793  
protocols.relax.FastRelax: CMD: accept_to_best  -1100.96  3.39793  3.39793  0.55
protocols.relax.FastRelax: CMD: endrepeat  -1100.96  3.39793  3.39793  0.55
protocols.relax.FastRelax: CMD: coord_cst_weight  87328.4  3.39793  3.39793  0.55
protocols.relax.FastRelax: CMD: scale:fa_rep  86994.6  3.39793  3.39793  0.022
core.pack.task: Packer task: initialize from command line() 
core.pack.pack_rotamers: built 7869 rotamers at 492 positions.
core.pack.interaction_graph.interaction_graph_factory: Instantiating DensePDInteractionGraph
protocols.relax.FastRelax: CMD: repack  86971  3.39793  3.39793  0.022
protocols.relax.FastRelax: CMD: scale:fa_rep  86980.3  3.39793  3.39793  0.02805
core.optimization.Minimizer: [ WARNING ] LBFGS MAX CYCLES 2000 EXCEEDED, BUT FUNC NOT CONVERGED!
protocols.relax.FastRelax: CMD: min  -1256.65  0.181615  0.181615  0.02805
protocols.relax.FastRelax: CMD: coord_cst_weight  -1326.5  0.181615  0.181615  0.02805
protocols.relax.FastRelax: CMD: scale:fa_rep  -991.137  0.181615  0.181615  0.14575
core.pack.task: Packer task: initialize from command line() 
core.pack.pack_rotamers: built 7360 rotamers at 492 positions.
core.pack.interaction_graph.interaction_graph_factory: Instantiating DensePDInteractionGraph
protocols.relax.FastRelax: CMD: repack  -1038.28  0.181615  0.181615  0.14575
protocols.relax.FastRelax: CMD: scale:fa_rep  -1018.39  0.181615  0.181615  0.154
protocols.relax.FastRelax: CMD: min  -1181.53  0.216516  0.216516  0.154
protocols.relax.FastRelax: CMD: coord_cst_weight  -1283.4  0.216516  0.216516  0.154
protocols.relax.FastRelax: CMD: scale:fa_rep  -1099.64  0.216516  0.216516  0.30745
core.pack.task: Packer task: initialize from command line() 
core.pack.pack_rotamers: built 7185 rotamers at 492 positions.
core.pack.interaction_graph.interaction_graph_factory: Instantiating DensePDInteractionGraph
protocols.relax.FastRelax: CMD: repack  -1101.13  0.216516  0.216516  0.30745
protocols.relax.FastRelax: CMD: scale:fa_rep  -1086.94  0.216516  0.216516  0.31955
protocols.relax.FastRelax: CMD: min  -1275.02  3.11768  3.11768  0.31955
protocols.relax.FastRelax: CMD: coord_cst_weight  -1275.02  3.11768  3.11768  0.31955
protocols.relax.FastRelax: CMD: scale:fa_rep  -1066.14  3.11768  3.11768  0.55
core.pack.task: Packer task: initialize from command line() 
core.pack.pack_rotamers: built 6998 rotamers at 492 positions.
core.pack.interaction_graph.interaction_graph_factory: Instantiating DensePDInteractionGraph
protocols.relax.FastRelax: CMD: repack  -1067.39  3.11768  3.11768  0.55
protocols.relax.FastRelax: CMD: min  -1129.96  3.15425  3.15425  0.55
protocols.relax.FastRelax: MRP: 1  -1129.96  -1129.96  3.15425  3.15425  
protocols.relax.FastRelax: CMD: accept_to_best  -1129.96  3.15425  3.15425  0.55
protocols.relax.FastRelax: CMD: endrepeat  -1129.96  3.15425  3.15425  0.55
protocols.relax.FastRelax: CMD: coord_cst_weight  72955.6  3.15425  3.15425  0.55
protocols.relax.FastRelax: CMD: scale:fa_rep  72627.9  3.15425  3.15425  0.022
core.pack.task: Packer task: initialize from command line() 
core.pack.pack_rotamers: built 7742 rotamers at 492 positions.
core.pack.interaction_graph.interaction_graph_factory: Instantiating DensePDInteractionGraph
protocols.relax.FastRelax: CMD: repack  72625.4  3.15425  3.15425  0.022
protocols.relax.FastRelax: CMD: scale:fa_rep  72638.2  3.15425  3.15425  0.02805
core.optimization.Minimizer: [ WARNING ] LBFGS MAX CYCLES 2000 EXCEEDED, BUT FUNC NOT CONVERGED!
protocols.relax.FastRelax: CMD: min  -1227.27  0.180427  0.180427  0.02805
protocols.relax.FastRelax: CMD: coord_cst_weight  -1296.81  0.180427  0.180427  0.02805
protocols.relax.FastRelax: CMD: scale:fa_rep  -858.456  0.180427  0.180427  0.14575
core.pack.task: Packer task: initialize from command line() 
core.pack.pack_rotamers: built 7423 rotamers at 492 positions.
core.pack.interaction_graph.interaction_graph_factory: Instantiating DensePDInteractionGraph
protocols.relax.FastRelax: CMD: repack  -1019.82  0.180427  0.180427  0.14575
protocols.relax.FastRelax: CMD: scale:fa_rep  -999.031  0.180427  0.180427  0.154
core.optimization.Minimizer: [ WARNING ] LBFGS MAX CYCLES 2000 EXCEEDED, BUT FUNC NOT CONVERGED!
protocols.relax.FastRelax: CMD: min  -1179.02  0.222875  0.222875  0.154
protocols.relax.FastRelax: CMD: coord_cst_weight  -1286.43  0.222875  0.222875  0.154
protocols.relax.FastRelax: CMD: scale:fa_rep  -1105  0.222875  0.222875  0.30745
core.pack.task: Packer task: initialize from command line() 
core.pack.pack_rotamers: built 7153 rotamers at 492 positions.
core.pack.interaction_graph.interaction_graph_factory: Instantiating DensePDInteractionGraph
protocols.relax.FastRelax: CMD: repack  -1109.63  0.222875  0.222875  0.30745
protocols.relax.FastRelax: CMD: scale:fa_rep  -1095.44  0.222875  0.222875  0.31955
protocols.relax.FastRelax: CMD: min  -1277.03  3.52964  3.52964  0.31955
protocols.relax.FastRelax: CMD: coord_cst_weight  -1277.03  3.52964  3.52964  0.31955
protocols.relax.FastRelax: CMD: scale:fa_rep  -1068.8  3.52964  3.52964  0.55
core.pack.task: Packer task: initialize from command line() 
core.pack.pack_rotamers: built 6987 rotamers at 492 positions.
core.pack.interaction_graph.interaction_graph_factory: Instantiating DensePDInteractionGraph
protocols.relax.FastRelax: CMD: repack  -1067.57  3.52964  3.52964  0.55
protocols.relax.FastRelax: CMD: min  -1122.64  3.80706  3.80706  0.55
protocols.relax.FastRelax: MRP: 2  -1122.64  -1129.96  3.15425  3.15425  
protocols.relax.FastRelax: CMD: accept_to_best  -1122.64  3.80706  3.80706  0.55
protocols.relax.FastRelax: CMD: endrepeat  -1122.64  3.80706  3.80706  0.55
protocols.relax.FastRelax: CMD: coord_cst_weight  69222.1  3.80706  3.80706  0.55
protocols.relax.FastRelax: CMD: scale:fa_rep  68891  3.80706  3.80706  0.022
core.pack.task: Packer task: initialize from command line() 
core.pack.pack_rotamers: built 7789 rotamers at 492 positions.
core.pack.interaction_graph.interaction_graph_factory: Instantiating DensePDInteractionGraph
protocols.relax.FastRelax: CMD: repack  68863.7  3.80706  3.80706  0.022
protocols.relax.FastRelax: CMD: scale:fa_rep  68869.9  3.80706  3.80706  0.02805
core.optimization.Minimizer: [ WARNING ] LBFGS MAX CYCLES 2000 EXCEEDED, BUT FUNC NOT CONVERGED!
protocols.relax.FastRelax: CMD: min  -1292.08  0.178961  0.178961  0.02805
protocols.relax.FastRelax: CMD: coord_cst_weight  -1361.68  0.178961  0.178961  0.02805
protocols.relax.FastRelax: CMD: scale:fa_rep  -1041.1  0.178961  0.178961  0.14575
core.pack.task: Packer task: initialize from command line() 
core.pack.pack_rotamers: built 7355 rotamers at 492 positions.
core.pack.interaction_graph.interaction_graph_factory: Instantiating DensePDInteractionGraph
protocols.relax.FastRelax: CMD: repack  -1064.31  0.178961  0.178961  0.14575
protocols.relax.FastRelax: CMD: scale:fa_rep  -1043.94  0.178961  0.178961  0.154
protocols.relax.FastRelax: CMD: min  -1194.9  0.221858  0.221858  0.154
protocols.relax.FastRelax: CMD: coord_cst_weight  -1303.09  0.221858  0.221858  0.154
protocols.relax.FastRelax: CMD: scale:fa_rep  -1117.99  0.221858  0.221858  0.30745
core.pack.task: Packer task: initialize from command line() 
core.pack.pack_rotamers: built 7164 rotamers at 492 positions.
core.pack.interaction_graph.interaction_graph_factory: Instantiating DensePDInteractionGraph
protocols.relax.FastRelax: CMD: repack  -1118.63  0.221858  0.221858  0.30745
protocols.relax.FastRelax: CMD: scale:fa_rep  -1104.26  0.221858  0.221858  0.31955
protocols.relax.FastRelax: CMD: min  -1292.08  3.97479  3.97479  0.31955
protocols.relax.FastRelax: CMD: coord_cst_weight  -1292.08  3.97479  3.97479  0.31955
protocols.relax.FastRelax: CMD: scale:fa_rep  -1084.47  3.97479  3.97479  0.55
core.pack.task: Packer task: initialize from command line() 
core.pack.pack_rotamers: built 7001 rotamers at 492 positions.
core.pack.interaction_graph.interaction_graph_factory: Instantiating DensePDInteractionGraph
protocols.relax.FastRelax: CMD: repack  -1086.95  3.97479  3.97479  0.55
protocols.relax.FastRelax: CMD: min  -1135.14  4.11512  4.11512  0.55
protocols.relax.FastRelax: MRP: 3  -1135.14  -1135.14  4.11512  4.11512  
protocols.relax.FastRelax: CMD: accept_to_best  -1135.14  4.11512  4.11512  0.55
protocols.relax.FastRelax: CMD: endrepeat  -1135.14  4.11512  4.11512  0.55
protocols.relax.FastRelax: CMD: coord_cst_weight  75349.7  4.11512  4.11512  0.55
protocols.relax.FastRelax: CMD: scale:fa_rep  75017.8  4.11512  4.11512  0.022
core.pack.task: Packer task: initialize from command line() 
core.pack.pack_rotamers: built 7797 rotamers at 492 positions.
core.pack.interaction_graph.interaction_graph_factory: Instantiating DensePDInteractionGraph
protocols.relax.FastRelax: CMD: repack  74996.9  4.11512  4.11512  0.022
protocols.relax.FastRelax: CMD: scale:fa_rep  75003.1  4.11512  4.11512  0.02805
core.optimization.Minimizer: [ WARNING ] LBFGS MAX CYCLES 2000 EXCEEDED, BUT FUNC NOT CONVERGED!
protocols.relax.FastRelax: CMD: min  -1280.36  0.182749  0.182749  0.02805
protocols.relax.FastRelax: CMD: coord_cst_weight  -1354.01  0.182749  0.182749  0.02805
protocols.relax.FastRelax: CMD: scale:fa_rep  -1032.28  0.182749  0.182749  0.14575
core.pack.task: Packer task: initialize from command line() 
core.pack.pack_rotamers: built 7371 rotamers at 492 positions.
core.pack.interaction_graph.interaction_graph_factory: Instantiating DensePDInteractionGraph
protocols.relax.FastRelax: CMD: repack  -1055.35  0.182749  0.182749  0.14575
protocols.relax.FastRelax: CMD: scale:fa_rep  -1035  0.182749  0.182749  0.154
protocols.relax.FastRelax: CMD: min  -1188.94  0.22359  0.22359  0.154
protocols.relax.FastRelax: CMD: coord_cst_weight  -1299.47  0.22359  0.22359  0.154
protocols.relax.FastRelax: CMD: scale:fa_rep  -1114.21  0.22359  0.22359  0.30745
core.pack.task: Packer task: initialize from command line() 
core.pack.pack_rotamers: built 7168 rotamers at 492 positions.
core.pack.interaction_graph.interaction_graph_factory: Instantiating DensePDInteractionGraph
protocols.relax.FastRelax: CMD: repack  -1114.39  0.22359  0.22359  0.30745
protocols.relax.FastRelax: CMD: scale:fa_rep  -1100  0.22359  0.22359  0.31955
protocols.relax.FastRelax: CMD: min  -1281.46  3.65761  3.65761  0.31955
protocols.relax.FastRelax: CMD: coord_cst_weight  -1281.46  3.65761  3.65761  0.31955
protocols.relax.FastRelax: CMD: scale:fa_rep  -1071.06  3.65761  3.65761  0.55
core.pack.task: Packer task: initialize from command line() 
core.pack.pack_rotamers: built 6994 rotamers at 492 positions.
core.pack.interaction_graph.interaction_graph_factory: Instantiating DensePDInteractionGraph
protocols.relax.FastRelax: CMD: repack  -1073.96  3.65761  3.65761  0.55
protocols.relax.FastRelax: CMD: min  -1128.45  4.02433  4.02433  0.55
protocols.relax.FastRelax: MRP: 4  -1128.45  -1135.14  4.11512  4.11512  
protocols.relax.FastRelax: CMD: accept_to_best  -1128.45  4.02433  4.02433  0.55
protocols.relax.FastRelax: CMD: endrepeat  -1128.45  4.02433  4.02433  0.55
protocols.relax.FastRelax: CMD: coord_cst_weight  71576.6  4.02433  4.02433  0.55
protocols.relax.FastRelax: CMD: scale:fa_rep  71241.5  4.02433  4.02433  0.022
core.pack.task: Packer task: initialize from command line() 
core.pack.pack_rotamers: built 7777 rotamers at 492 positions.
core.pack.interaction_graph.interaction_graph_factory: Instantiating DensePDInteractionGraph
protocols.relax.FastRelax: CMD: repack  71230.4  4.02433  4.02433  0.022
protocols.relax.FastRelax: CMD: scale:fa_rep  71238.1  4.02433  4.02433  0.02805
core.optimization.Minimizer: [ WARNING ] LBFGS MAX CYCLES 2000 EXCEEDED, BUT FUNC NOT CONVERGED!
protocols.relax.FastRelax: CMD: min  -1267.92  0.182998  0.182998  0.02805
protocols.relax.FastRelax: CMD: coord_cst_weight  -1341.74  0.182998  0.182998  0.02805
protocols.relax.FastRelax: CMD: scale:fa_rep  -997.08  0.182998  0.182998  0.14575
core.pack.task: Packer task: initialize from command line() 
core.pack.pack_rotamers: built 7367 rotamers at 492 positions.
core.pack.interaction_graph.interaction_graph_factory: Instantiating DensePDInteractionGraph
protocols.relax.FastRelax: CMD: repack  -1042.89  0.182998  0.182998  0.14575
protocols.relax.FastRelax: CMD: scale:fa_rep  -1021.82  0.182998  0.182998  0.154
protocols.relax.FastRelax: CMD: min  -1187.67  0.223881  0.223881  0.154
protocols.relax.FastRelax: CMD: coord_cst_weight  -1297.5  0.223881  0.223881  0.154
protocols.relax.FastRelax: CMD: scale:fa_rep  -1109.82  0.223881  0.223881  0.30745
core.pack.task: Packer task: initialize from command line() 
core.pack.pack_rotamers: built 7171 rotamers at 492 positions.
core.pack.interaction_graph.interaction_graph_factory: Instantiating DensePDInteractionGraph
protocols.relax.FastRelax: CMD: repack  -1110.93  0.223881  0.223881  0.30745
protocols.relax.FastRelax: CMD: scale:fa_rep  -1096.4  0.223881  0.223881  0.31955
protocols.relax.FastRelax: CMD: min  -1286.83  3.69603  3.69603  0.31955
protocols.relax.FastRelax: CMD: coord_cst_weight  -1286.83  3.69603  3.69603  0.31955
protocols.relax.FastRelax: CMD: scale:fa_rep  -1078.38  3.69603  3.69603  0.55
core.pack.task: Packer task: initialize from command line() 
core.pack.pack_rotamers: built 6982 rotamers at 492 positions.
core.pack.interaction_graph.interaction_graph_factory: Instantiating DensePDInteractionGraph
protocols.relax.FastRelax: CMD: repack  -1080.86  3.69603  3.69603  0.55
protocols.relax.FastRelax: CMD: min  -1130.43  3.81805  3.81805  0.55
protocols.relax.FastRelax: MRP: 5  -1130.43  -1135.14  4.11512  4.11512  
protocols.relax.FastRelax: CMD: accept_to_best  -1130.43  3.81805  3.81805  0.55
protocols.relax.FastRelax: CMD: endrepeat  -1130.43  3.81805  3.81805  0.55
protocols.relax.FastRelax: CMD: coord_cst_weight  59014  3.81805  3.81805  0.55
protocols.relax.FastRelax: CMD: scale:fa_rep  58683.3  3.81805  3.81805  0.022
core.pack.task: Packer task: initialize from command line() 
core.pack.pack_rotamers: built 7740 rotamers at 492 positions.
core.pack.interaction_graph.interaction_graph_factory: Instantiating DensePDInteractionGraph
protocols.relax.FastRelax: CMD: repack  58658.8  3.81805  3.81805  0.022
protocols.relax.FastRelax: CMD: scale:fa_rep  58665.1  3.81805  3.81805  0.02805
core.optimization.Minimizer: [ WARNING ] LBFGS MAX CYCLES 2000 EXCEEDED, BUT FUNC NOT CONVERGED!
protocols.relax.FastRelax: CMD: min  -1295.02  0.176913  0.176913  0.02805
protocols.relax.FastRelax: CMD: coord_cst_weight  -1363.98  0.176913  0.176913  0.02805
protocols.relax.FastRelax: CMD: scale:fa_rep  -1029.1  0.176913  0.176913  0.14575
core.pack.task: Packer task: initialize from command line() 
core.pack.pack_rotamers: built 7327 rotamers at 492 positions.
core.pack.interaction_graph.interaction_graph_factory: Instantiating DensePDInteractionGraph
protocols.relax.FastRelax: CMD: repack  -1052.42  0.176913  0.176913  0.14575
protocols.relax.FastRelax: CMD: scale:fa_rep  -1031.13  0.176913  0.176913  0.154
protocols.relax.FastRelax: CMD: min  -1191.97  0.226014  0.226014  0.154
protocols.relax.FastRelax: CMD: coord_cst_weight  -1302.92  0.226014  0.226014  0.154
protocols.relax.FastRelax: CMD: scale:fa_rep  -1115.76  0.226014  0.226014  0.30745
core.pack.task: Packer task: initialize from command line() 
core.pack.pack_rotamers: built 7124 rotamers at 492 positions.
core.pack.interaction_graph.interaction_graph_factory: Instantiating DensePDInteractionGraph
protocols.relax.FastRelax: CMD: repack  -1117.77  0.226014  0.226014  0.30745
protocols.relax.FastRelax: CMD: scale:fa_rep  -1103.29  0.226014  0.226014  0.31955
protocols.relax.FastRelax: CMD: min  -1294.73  3.57055  3.57055  0.31955
protocols.relax.FastRelax: CMD: coord_cst_weight  -1294.73  3.57055  3.57055  0.31955
protocols.relax.FastRelax: CMD: scale:fa_rep  -1087.05  3.57055  3.57055  0.55
core.pack.task: Packer task: initialize from command line() 
core.pack.pack_rotamers: built 6996 rotamers at 492 positions.
core.pack.interaction_graph.interaction_graph_factory: Instantiating DensePDInteractionGraph
protocols.relax.FastRelax: CMD: repack  -1088.09  3.57055  3.57055  0.55
protocols.relax.FastRelax: CMD: min  -1143.54  3.60684  3.60684  0.55
protocols.relax.FastRelax: MRP: 6  -1143.54  -1143.54  3.60684  3.60684  
protocols.relax.FastRelax: CMD: accept_to_best  -1143.54  3.60684  3.60684  0.55
protocols.relax.FastRelax: CMD: endrepeat  -1143.54  3.60684  3.60684  0.55
protocols.relax.FastRelax: CMD: coord_cst_weight  53655.8  3.60684  3.60684  0.55
protocols.relax.FastRelax: CMD: scale:fa_rep  53324.7  3.60684  3.60684  0.022
core.pack.task: Packer task: initialize from command line() 
core.pack.pack_rotamers: built 7718 rotamers at 492 positions.
core.pack.interaction_graph.interaction_graph_factory: Instantiating DensePDInteractionGraph
protocols.relax.FastRelax: CMD: repack  53297.9  3.60684  3.60684  0.022
protocols.relax.FastRelax: CMD: scale:fa_rep  53304.6  3.60684  3.60684  0.02805
core.optimization.Minimizer: [ WARNING ] LBFGS MAX CYCLES 2000 EXCEEDED, BUT FUNC NOT CONVERGED!
protocols.relax.FastRelax: CMD: min  -1293.52  0.179415  0.179415  0.02805
protocols.relax.FastRelax: CMD: coord_cst_weight  -1363.6  0.179415  0.179415  0.02805
protocols.relax.FastRelax: CMD: scale:fa_rep  -1033.87  0.179415  0.179415  0.14575
core.pack.task: Packer task: initialize from command line() 
core.pack.pack_rotamers: built 7383 rotamers at 492 positions.
core.pack.interaction_graph.interaction_graph_factory: Instantiating DensePDInteractionGraph
protocols.relax.FastRelax: CMD: repack  -1050.26  0.179415  0.179415  0.14575
protocols.relax.FastRelax: CMD: scale:fa_rep  -1029.8  0.179415  0.179415  0.154
protocols.relax.FastRelax: CMD: min  -1186.66  0.227255  0.227255  0.154
protocols.relax.FastRelax: CMD: coord_cst_weight  -1298.52  0.227255  0.227255  0.154
protocols.relax.FastRelax: CMD: scale:fa_rep  -1117.22  0.227255  0.227255  0.30745
core.pack.task: Packer task: initialize from command line() 
core.pack.pack_rotamers: built 7187 rotamers at 492 positions.
core.pack.interaction_graph.interaction_graph_factory: Instantiating DensePDInteractionGraph
protocols.relax.FastRelax: CMD: repack  -1119.56  0.227255  0.227255  0.30745
protocols.relax.FastRelax: CMD: scale:fa_rep  -1105.65  0.227255  0.227255  0.31955
protocols.relax.FastRelax: CMD: min  -1301.66  3.13726  3.13726  0.31955
protocols.relax.FastRelax: CMD: coord_cst_weight  -1301.66  3.13726  3.13726  0.31955
protocols.relax.FastRelax: CMD: scale:fa_rep  -1095.53  3.13726  3.13726  0.55
core.pack.task: Packer task: initialize from command line() 
core.pack.pack_rotamers: built 6915 rotamers at 492 positions.
core.pack.interaction_graph.interaction_graph_factory: Instantiating DensePDInteractionGraph
protocols.relax.FastRelax: CMD: repack  -1096.69  3.13726  3.13726  0.55
protocols.relax.FastRelax: CMD: min  -1153.16  4.10762  4.10762  0.55
protocols.relax.FastRelax: MRP: 7  -1153.16  -1153.16  4.10762  4.10762  
protocols.relax.FastRelax: CMD: accept_to_best  -1153.16  4.10762  4.10762  0.55
protocols.relax.FastRelax: CMD: endrepeat  -1153.16  4.10762  4.10762  0.55
protocols.relax.FastRelax: CMD: coord_cst_weight  98575.8  4.10762  4.10762  0.55
protocols.relax.FastRelax: CMD: scale:fa_rep  98245.8  4.10762  4.10762  0.022
core.pack.task: Packer task: initialize from command line() 
core.pack.pack_rotamers: built 7735 rotamers at 492 positions.
core.pack.interaction_graph.interaction_graph_factory: Instantiating DensePDInteractionGraph
protocols.relax.FastRelax: CMD: repack  98227.9  4.10762  4.10762  0.022
protocols.relax.FastRelax: CMD: scale:fa_rep  98235  4.10762  4.10762  0.02805
core.optimization.Minimizer: [ WARNING ] LBFGS MAX CYCLES 2000 EXCEEDED, BUT FUNC NOT CONVERGED!
protocols.relax.FastRelax: CMD: min  -1268.27  0.181111  0.181111  0.02805
protocols.relax.FastRelax: CMD: coord_cst_weight  -1340.39  0.181111  0.181111  0.02805
protocols.relax.FastRelax: CMD: scale:fa_rep  -1029.51  0.181111  0.181111  0.14575
core.pack.task: Packer task: initialize from command line() 
core.pack.pack_rotamers: built 7367 rotamers at 492 positions.
core.pack.interaction_graph.interaction_graph_factory: Instantiating DensePDInteractionGraph
protocols.relax.FastRelax: CMD: repack  -1058.44  0.181111  0.181111  0.14575
protocols.relax.FastRelax: CMD: scale:fa_rep  -1038.67  0.181111  0.181111  0.154
protocols.relax.FastRelax: CMD: min  -1191.68  0.227614  0.227614  0.154
protocols.relax.FastRelax: CMD: coord_cst_weight  -1304.71  0.227614  0.227614  0.154
protocols.relax.FastRelax: CMD: scale:fa_rep  -1126.18  0.227614  0.227614  0.30745
core.pack.task: Packer task: initialize from command line() 
core.pack.pack_rotamers: built 7192 rotamers at 492 positions.
core.pack.interaction_graph.interaction_graph_factory: Instantiating DensePDInteractionGraph
protocols.relax.FastRelax: CMD: repack  -1126.24  0.227614  0.227614  0.30745
protocols.relax.FastRelax: CMD: scale:fa_rep  -1112.41  0.227614  0.227614  0.31955
protocols.relax.FastRelax: CMD: min  -1301.51  3.8228  3.8228  0.31955
protocols.relax.FastRelax: CMD: coord_cst_weight  -1301.51  3.8228  3.8228  0.31955
protocols.relax.FastRelax: CMD: scale:fa_rep  -1097.57  3.8228  3.8228  0.55
core.pack.task: Packer task: initialize from command line() 
core.pack.pack_rotamers: built 6918 rotamers at 492 positions.
core.pack.interaction_graph.interaction_graph_factory: Instantiating DensePDInteractionGraph
protocols.relax.FastRelax: CMD: repack  -1101.98  3.8228  3.8228  0.55
protocols.relax.FastRelax: CMD: min  -1152.12  3.92679  3.92679  0.55
protocols.relax.FastRelax: MRP: 8  -1152.12  -1153.16  4.10762  4.10762  
protocols.relax.FastRelax: CMD: accept_to_best  -1152.12  3.92679  3.92679  0.55
protocols.relax.FastRelax: CMD: endrepeat  -1152.12  3.92679  3.92679  0.55
protocols.relax.FastRelax: CMD: coord_cst_weight  69865  3.92679  3.92679  0.55
protocols.relax.FastRelax: CMD: scale:fa_rep  69534.6  3.92679  3.92679  0.022
core.pack.task: Packer task: initialize from command line() 
core.pack.pack_rotamers: built 7763 rotamers at 492 positions.
core.pack.interaction_graph.interaction_graph_factory: Instantiating DensePDInteractionGraph
protocols.relax.FastRelax: CMD: repack  69522.3  3.92679  3.92679  0.022
protocols.relax.FastRelax: CMD: scale:fa_rep  69528.8  3.92679  3.92679  0.02805
core.optimization.Minimizer: [ WARNING ] LBFGS MAX CYCLES 2000 EXCEEDED, BUT FUNC NOT CONVERGED!
protocols.relax.FastRelax: CMD: min  -1270.88  0.181671  0.181671  0.02805
protocols.relax.FastRelax: CMD: coord_cst_weight  -1342.77  0.181671  0.181671  0.02805
protocols.relax.FastRelax: CMD: scale:fa_rep  -1017.5  0.181671  0.181671  0.14575
core.pack.task: Packer task: initialize from command line() 
core.pack.pack_rotamers: built 7353 rotamers at 492 positions.
core.pack.interaction_graph.interaction_graph_factory: Instantiating DensePDInteractionGraph
protocols.relax.FastRelax: CMD: repack  -1048.21  0.181671  0.181671  0.14575
protocols.relax.FastRelax: CMD: scale:fa_rep  -1027.88  0.181671  0.181671  0.154
protocols.relax.FastRelax: CMD: min  -1187.89  0.226428  0.226428  0.154
protocols.relax.FastRelax: CMD: coord_cst_weight  -1299.55  0.226428  0.226428  0.154
protocols.relax.FastRelax: CMD: scale:fa_rep  -1120.85  0.226428  0.226428  0.30745
core.pack.task: Packer task: initialize from command line() 
core.pack.pack_rotamers: built 7200 rotamers at 492 positions.
core.pack.interaction_graph.interaction_graph_factory: Instantiating DensePDInteractionGraph
protocols.relax.FastRelax: CMD: repack  -1121.93  0.226428  0.226428  0.30745
protocols.relax.FastRelax: CMD: scale:fa_rep  -1108.04  0.226428  0.226428  0.31955
protocols.relax.FastRelax: CMD: min  -1294.58  3.2935  3.2935  0.31955
protocols.relax.FastRelax: CMD: coord_cst_weight  -1294.58  3.2935  3.2935  0.31955
protocols.relax.FastRelax: CMD: scale:fa_rep  -1081.2  3.2935  3.2935  0.55
core.pack.task: Packer task: initialize from command line() 
core.pack.pack_rotamers: built 6949 rotamers at 492 positions.
core.pack.interaction_graph.interaction_graph_factory: Instantiating DensePDInteractionGraph
protocols.relax.FastRelax: CMD: repack  -1093.75  3.2935  3.2935  0.55
protocols.relax.FastRelax: CMD: min  -1150.27  3.93252  3.93252  0.55
protocols.relax.FastRelax: MRP: 9  -1150.27  -1153.16  4.10762  4.10762  
protocols.relax.FastRelax: CMD: accept_to_best  -1150.27  3.93252  3.93252  0.55
protocols.relax.FastRelax: CMD: endrepeat  -1150.27  3.93252  3.93252  0.55
protocols.relax.FastRelax: CMD: coord_cst_weight  71714.4  3.93252  3.93252  0.55
protocols.relax.FastRelax: CMD: scale:fa_rep  71382.9  3.93252  3.93252  0.022
core.pack.task: Packer task: initialize from command line() 
core.pack.pack_rotamers: built 7752 rotamers at 492 positions.
core.pack.interaction_graph.interaction_graph_factory: Instantiating DensePDInteractionGraph
protocols.relax.FastRelax: CMD: repack  71359.9  3.93252  3.93252  0.022
protocols.relax.FastRelax: CMD: scale:fa_rep  71366.1  3.93252  3.93252  0.02805
core.optimization.Minimizer: [ WARNING ] LBFGS MAX CYCLES 2000 EXCEEDED, BUT FUNC NOT CONVERGED!
protocols.relax.FastRelax: CMD: min  -1273.02  0.18333  0.18333  0.02805
protocols.relax.FastRelax: CMD: coord_cst_weight  -1345.69  0.18333  0.18333  0.02805
protocols.relax.FastRelax: CMD: scale:fa_rep  -1028.42  0.18333  0.18333  0.14575
core.pack.task: Packer task: initialize from command line() 
core.pack.pack_rotamers: built 7372 rotamers at 492 positions.
core.pack.interaction_graph.interaction_graph_factory: Instantiating DensePDInteractionGraph
protocols.relax.FastRelax: CMD: repack  -1057.87  0.18333  0.18333  0.14575
protocols.relax.FastRelax: CMD: scale:fa_rep  -1038.09  0.18333  0.18333  0.154
protocols.relax.FastRelax: CMD: min  -1190.56  0.229114  0.229114  0.154
protocols.relax.FastRelax: CMD: coord_cst_weight  -1304.71  0.229114  0.229114  0.154
protocols.relax.FastRelax: CMD: scale:fa_rep  -1128.06  0.229114  0.229114  0.30745
core.pack.task: Packer task: initialize from command line() 
core.pack.pack_rotamers: built 7187 rotamers at 492 positions.
core.pack.interaction_graph.interaction_graph_factory: Instantiating DensePDInteractionGraph
protocols.relax.FastRelax: CMD: repack  -1129.22  0.229114  0.229114  0.30745
protocols.relax.FastRelax: CMD: scale:fa_rep  -1115.44  0.229114  0.229114  0.31955
protocols.relax.FastRelax: CMD: min  -1295.35  2.8714  2.8714  0.31955
protocols.relax.FastRelax: CMD: coord_cst_weight  -1295.35  2.8714  2.8714  0.31955
protocols.relax.FastRelax: CMD: scale:fa_rep  -1090.26  2.8714  2.8714  0.55
core.pack.task: Packer task: initialize from command line() 
core.pack.pack_rotamers: built 6980 rotamers at 492 positions.
core.pack.interaction_graph.interaction_graph_factory: Instantiating DensePDInteractionGraph
protocols.relax.FastRelax: CMD: repack  -1092.94  2.8714  2.8714  0.55
protocols.relax.FastRelax: CMD: min  -1148.69  3.60944  3.60944  0.55
protocols.relax.FastRelax: MRP: 10  -1148.69  -1153.16  4.10762  4.10762  
protocols.relax.FastRelax: CMD: accept_to_best  -1148.69  3.60944  3.60944  0.55
protocols.relax.FastRelax: CMD: endrepeat  -1148.69  3.60944  3.60944  0.55
protocols.relax.FastRelax: CMD: coord_cst_weight  59721.6  3.60944  3.60944  0.55
protocols.relax.FastRelax: CMD: scale:fa_rep  59393.8  3.60944  3.60944  0.022
core.pack.task: Packer task: initialize from command line() 
core.pack.pack_rotamers: built 7759 rotamers at 492 positions.
core.pack.interaction_graph.interaction_graph_factory: Instantiating DensePDInteractionGraph
protocols.relax.FastRelax: CMD: repack  59372.2  3.60944  3.60944  0.022
protocols.relax.FastRelax: CMD: scale:fa_rep  59378.2  3.60944  3.60944  0.02805
core.optimization.Minimizer: [ WARNING ] LBFGS MAX CYCLES 2000 EXCEEDED, BUT FUNC NOT CONVERGED!
protocols.relax.FastRelax: CMD: min  -1286.92  0.176587  0.176587  0.02805
protocols.relax.FastRelax: CMD: coord_cst_weight  -1355.45  0.176587  0.176587  0.02805
protocols.relax.FastRelax: CMD: scale:fa_rep  -1037.74  0.176587  0.176587  0.14575
core.pack.task: Packer task: initialize from command line() 
core.pack.pack_rotamers: built 7345 rotamers at 492 positions.
core.pack.interaction_graph.interaction_graph_factory: Instantiating DensePDInteractionGraph
protocols.relax.FastRelax: CMD: repack  -1061.19  0.176587  0.176587  0.14575
protocols.relax.FastRelax: CMD: scale:fa_rep  -1041.05  0.176587  0.176587  0.154
protocols.relax.FastRelax: CMD: min  -1193.15  0.225417  0.225417  0.154
protocols.relax.FastRelax: CMD: coord_cst_weight  -1304.23  0.225417  0.225417  0.154
protocols.relax.FastRelax: CMD: scale:fa_rep  -1125.18  0.225417  0.225417  0.30745
core.pack.task: Packer task: initialize from command line() 
core.pack.pack_rotamers: built 7150 rotamers at 492 positions.
core.pack.interaction_graph.interaction_graph_factory: Instantiating DensePDInteractionGraph
protocols.relax.FastRelax: CMD: repack  -1123.85  0.225417  0.225417  0.30745
protocols.relax.FastRelax: CMD: scale:fa_rep  -1109.98  0.225417  0.225417  0.31955
protocols.relax.FastRelax: CMD: min  -1308.23  3.62012  3.62012  0.31955
protocols.relax.FastRelax: CMD: coord_cst_weight  -1308.23  3.62012  3.62012  0.31955
protocols.relax.FastRelax: CMD: scale:fa_rep  -1105.48  3.62012  3.62012  0.55
core.pack.task: Packer task: initialize from command line() 
core.pack.pack_rotamers: built 6906 rotamers at 492 positions.
core.pack.interaction_graph.interaction_graph_factory: Instantiating DensePDInteractionGraph
protocols.relax.FastRelax: CMD: repack  -1109.86  3.62012  3.62012  0.55
protocols.relax.FastRelax: CMD: min  -1163.48  3.77145  3.77145  0.55
protocols.relax.FastRelax: MRP: 11  -1163.48  -1163.48  3.77145  3.77145  
protocols.relax.FastRelax: CMD: accept_to_best  -1163.48  3.77145  3.77145  0.55
protocols.relax.FastRelax: CMD: endrepeat  -1163.48  3.77145  3.77145  0.55
protocols.relax.FastRelax: CMD: coord_cst_weight  77305.4  3.77145  3.77145  0.55
protocols.relax.FastRelax: CMD: scale:fa_rep  76976.7  3.77145  3.77145  0.022
core.pack.task: Packer task: initialize from command line() 
core.pack.pack_rotamers: built 7726 rotamers at 492 positions.
core.pack.interaction_graph.interaction_graph_factory: Instantiating DensePDInteractionGraph
protocols.relax.FastRelax: CMD: repack  76953.4  3.77145  3.77145  0.022
protocols.relax.FastRelax: CMD: scale:fa_rep  76959.6  3.77145  3.77145  0.02805
core.optimization.Minimizer: [ WARNING ] LBFGS MAX CYCLES 2000 EXCEEDED, BUT FUNC NOT CONVERGED!
protocols.relax.FastRelax: CMD: min  -1267.62  0.18288  0.18288  0.02805
protocols.relax.FastRelax: CMD: coord_cst_weight  -1340.42  0.18288  0.18288  0.02805
protocols.relax.FastRelax: CMD: scale:fa_rep  -1020.84  0.18288  0.18288  0.14575
core.pack.task: Packer task: initialize from command line() 
core.pack.pack_rotamers: built 7339 rotamers at 492 positions.
core.pack.interaction_graph.interaction_graph_factory: Instantiating DensePDInteractionGraph
protocols.relax.FastRelax: CMD: repack  -1049.67  0.18288  0.18288  0.14575
protocols.relax.FastRelax: CMD: scale:fa_rep  -1029.25  0.18288  0.18288  0.154
protocols.relax.FastRelax: CMD: min  -1189.3  0.226599  0.226599  0.154
protocols.relax.FastRelax: CMD: coord_cst_weight  -1301.95  0.226599  0.226599  0.154
protocols.relax.FastRelax: CMD: scale:fa_rep  -1121.84  0.226599  0.226599  0.30745
core.pack.task: Packer task: initialize from command line() 
core.pack.pack_rotamers: built 7188 rotamers at 492 positions.
core.pack.interaction_graph.interaction_graph_factory: Instantiating DensePDInteractionGraph
protocols.relax.FastRelax: CMD: repack  -1122.75  0.226599  0.226599  0.30745
protocols.relax.FastRelax: CMD: scale:fa_rep  -1108.69  0.226599  0.226599  0.31955
protocols.relax.FastRelax: CMD: min  -1307.78  3.84824  3.84824  0.31955
protocols.relax.FastRelax: CMD: coord_cst_weight  -1307.78  3.84824  3.84824  0.31955
protocols.relax.FastRelax: CMD: scale:fa_rep  -1104.96  3.84824  3.84824  0.55
core.pack.task: Packer task: initialize from command line() 
core.pack.pack_rotamers: built 6930 rotamers at 492 positions.
core.pack.interaction_graph.interaction_graph_factory: Instantiating DensePDInteractionGraph
protocols.relax.FastRelax: CMD: repack  -1112.55  3.84824  3.84824  0.55
protocols.relax.FastRelax: CMD: min  -1171.86  4.21918  4.21918  0.55
protocols.relax.FastRelax: MRP: 12  -1171.86  -1171.86  4.21918  4.21918  
protocols.relax.FastRelax: CMD: accept_to_best  -1171.86  4.21918  4.21918  0.55
protocols.relax.FastRelax: CMD: endrepeat  -1171.86  4.21918  4.21918  0.55
protocols.relax.FastRelax: CMD: coord_cst_weight  114390  4.21918  4.21918  0.55
protocols.relax.FastRelax: CMD: scale:fa_rep  114062  4.21918  4.21918  0.022
core.pack.task: Packer task: initialize from command line() 
core.pack.pack_rotamers: built 7766 rotamers at 492 positions.
core.pack.interaction_graph.interaction_graph_factory: Instantiating DensePDInteractionGraph
protocols.relax.FastRelax: CMD: repack  114057  4.21918  4.21918  0.022
protocols.relax.FastRelax: CMD: scale:fa_rep  114063  4.21918  4.21918  0.02805
core.optimization.Minimizer: [ WARNING ] LBFGS MAX CYCLES 2000 EXCEEDED, BUT FUNC NOT CONVERGED!
protocols.relax.FastRelax: CMD: min  -1248.49  0.18473  0.18473  0.02805
protocols.relax.FastRelax: CMD: coord_cst_weight  -1321.98  0.18473  0.18473  0.02805
protocols.relax.FastRelax: CMD: scale:fa_rep  -998.238  0.18473  0.18473  0.14575
core.pack.task: Packer task: initialize from command line() 
core.pack.pack_rotamers: built 7396 rotamers at 492 positions.
core.pack.interaction_graph.interaction_graph_factory: Instantiating DensePDInteractionGraph
protocols.relax.FastRelax: CMD: repack  -1028.28  0.18473  0.18473  0.14575
protocols.relax.FastRelax: CMD: scale:fa_rep  -1007.75  0.18473  0.18473  0.154
protocols.relax.FastRelax: CMD: min  -1180.23  0.231945  0.231945  0.154
protocols.relax.FastRelax: CMD: coord_cst_weight  -1295.99  0.231945  0.231945  0.154
protocols.relax.FastRelax: CMD: scale:fa_rep  -1117.38  0.231945  0.231945  0.30745
core.pack.task: Packer task: initialize from command line() 
core.pack.pack_rotamers: built 7198 rotamers at 492 positions.
core.pack.interaction_graph.interaction_graph_factory: Instantiating DensePDInteractionGraph
protocols.relax.FastRelax: CMD: repack  -1117.17  0.231945  0.231945  0.30745
protocols.relax.FastRelax: CMD: scale:fa_rep  -1103.13  0.231945  0.231945  0.31955
protocols.relax.FastRelax: CMD: min  -1310.69  3.25476  3.25476  0.31955
protocols.relax.FastRelax: CMD: coord_cst_weight  -1310.69  3.25476  3.25476  0.31955
protocols.relax.FastRelax: CMD: scale:fa_rep  -1104.78  3.25476  3.25476  0.55
core.pack.task: Packer task: initialize from command line() 
core.pack.pack_rotamers: built 6966 rotamers at 492 positions.
core.pack.interaction_graph.interaction_graph_factory: Instantiating DensePDInteractionGraph
protocols.relax.FastRelax: CMD: repack  -1100.17  3.25476  3.25476  0.55
protocols.relax.FastRelax: CMD: min  -1152.97  3.73923  3.73923  0.55
protocols.relax.FastRelax: MRP: 13  -1152.97  -1171.86  4.21918  4.21918  
protocols.relax.FastRelax: CMD: accept_to_best  -1152.97  3.73923  3.73923  0.55
protocols.relax.FastRelax: CMD: endrepeat  -1152.97  3.73923  3.73923  0.55
protocols.relax.FastRelax: CMD: coord_cst_weight  85874  3.73923  3.73923  0.55
protocols.relax.FastRelax: CMD: scale:fa_rep  85544.4  3.73923  3.73923  0.022
core.pack.task: Packer task: initialize from command line() 
core.pack.pack_rotamers: built 7665 rotamers at 492 positions.
core.pack.interaction_graph.interaction_graph_factory: Instantiating DensePDInteractionGraph
protocols.relax.FastRelax: CMD: repack  85526.4  3.73923  3.73923  0.022
protocols.relax.FastRelax: CMD: scale:fa_rep  85535.2  3.73923  3.73923  0.02805
core.optimization.Minimizer: [ WARNING ] LBFGS MAX CYCLES 2000 EXCEEDED, BUT FUNC NOT CONVERGED!
protocols.relax.FastRelax: CMD: min  -1254.9  0.183694  0.183694  0.02805
protocols.relax.FastRelax: CMD: coord_cst_weight  -1327.83  0.183694  0.183694  0.02805
protocols.relax.FastRelax: CMD: scale:fa_rep  -945.257  0.183694  0.183694  0.14575
core.pack.task: Packer task: initialize from command line() 
core.pack.pack_rotamers: built 7314 rotamers at 492 positions.
core.pack.interaction_graph.interaction_graph_factory: Instantiating DensePDInteractionGraph
protocols.relax.FastRelax: CMD: repack  -1048.64  0.183694  0.183694  0.14575
protocols.relax.FastRelax: CMD: scale:fa_rep  -1028.25  0.183694  0.183694  0.154
protocols.relax.FastRelax: CMD: min  -1187.92  0.228519  0.228519  0.154
protocols.relax.FastRelax: CMD: coord_cst_weight  -1301.6  0.228519  0.228519  0.154
protocols.relax.FastRelax: CMD: scale:fa_rep  -1120.72  0.228519  0.228519  0.30745
core.pack.task: Packer task: initialize from command line() 
core.pack.pack_rotamers: built 7148 rotamers at 492 positions.
core.pack.interaction_graph.interaction_graph_factory: Instantiating DensePDInteractionGraph
protocols.relax.FastRelax: CMD: repack  -1115.94  0.228519  0.228519  0.30745
protocols.relax.FastRelax: CMD: scale:fa_rep  -1101.73  0.228519  0.228519  0.31955
protocols.relax.FastRelax: CMD: min  -1293.47  3.64915  3.64915  0.31955
protocols.relax.FastRelax: CMD: coord_cst_weight  -1293.47  3.64915  3.64915  0.31955
protocols.relax.FastRelax: CMD: scale:fa_rep  -1089.24  3.64915  3.64915  0.55
core.pack.task: Packer task: initialize from command line() 
core.pack.pack_rotamers: built 6958 rotamers at 492 positions.
core.pack.interaction_graph.interaction_graph_factory: Instantiating DensePDInteractionGraph
protocols.relax.FastRelax: CMD: repack  -1094.76  3.64915  3.64915  0.55
protocols.relax.FastRelax: CMD: min  -1165.5  3.94741  3.94741  0.55
protocols.relax.FastRelax: MRP: 14  -1165.5  -1171.86  4.21918  4.21918  
protocols.relax.FastRelax: CMD: accept_to_best  -1165.5  3.94741  3.94741  0.55
protocols.relax.FastRelax: CMD: endrepeat  -1165.5  3.94741  3.94741  0.55
protocols::checkpoint: Deleting checkpoints of FastRelax
protocols.jd2.JobDistributor: target.BL00010001_1_0001 reported success in 13933 seconds
protocols.jd2.PDBJobInputter: PDBJobInputter::pose_from_job
protocols.jd2.PDBJobInputter: filling pose from saved copy ../1-modeller/target.BL00010001.pdb
protocols.relax.FastRelax: CMD: repeat  4476.34  0  0  0.55
protocols.relax.FastRelax: CMD: coord_cst_weight  4476.34  0  0  0.55
protocols.relax.FastRelax: CMD: scale:fa_rep  806.987  0  0  0.022
core.pack.task: Packer task: initialize from command line() 
core.pack.pack_rotamers: built 8129 rotamers at 492 positions.
core.pack.interaction_graph.interaction_graph_factory: Instantiating DensePDInteractionGraph
protocols.relax.FastRelax: CMD: repack  -880.413  0  0  0.022
protocols.relax.FastRelax: CMD: scale:fa_rep  -841.343  0  0  0.02805
core.optimization.Minimizer: [ WARNING ] LBFGS MAX CYCLES 2000 EXCEEDED, BUT FUNC NOT CONVERGED!
protocols.relax.FastRelax: CMD: min  -1297.66  0.149617  0.149617  0.02805
protocols.relax.FastRelax: CMD: coord_cst_weight  -1344.68  0.149617  0.149617  0.02805
protocols.relax.FastRelax: CMD: scale:fa_rep  -968.99  0.149617  0.149617  0.14575
core.pack.task: Packer task: initialize from command line() 
core.pack.pack_rotamers: built 7381 rotamers at 492 positions.
core.pack.interaction_graph.interaction_graph_factory: Instantiating DensePDInteractionGraph
protocols.relax.FastRelax: CMD: repack  -1006.95  0.149617  0.149617  0.14575
protocols.relax.FastRelax: CMD: scale:fa_rep  -984.661  0.149617  0.149617  0.154
protocols.relax.FastRelax: CMD: min  -1170.08  0.205392  0.205392  0.154
protocols.relax.FastRelax: CMD: coord_cst_weight  -1260.78  0.205392  0.205392  0.154
protocols.relax.FastRelax: CMD: scale:fa_rep  -1071.14  0.205392  0.205392  0.30745
core.pack.task: Packer task: initialize from command line() 
core.pack.pack_rotamers: built 7211 rotamers at 492 positions.
core.pack.interaction_graph.interaction_graph_factory: Instantiating DensePDInteractionGraph
protocols.relax.FastRelax: CMD: repack  -1072.76  0.205392  0.205392  0.30745
protocols.relax.FastRelax: CMD: scale:fa_rep  -1058.01  0.205392  0.205392  0.31955
protocols.relax.FastRelax: CMD: min  -1244.15  2.87875  2.87875  0.31955
protocols.relax.FastRelax: CMD: coord_cst_weight  -1244.15  2.87875  2.87875  0.31955
protocols.relax.FastRelax: CMD: scale:fa_rep  -1031.11  2.87875  2.87875  0.55
core.pack.task: Packer task: initialize from command line() 
core.pack.pack_rotamers: built 6997 rotamers at 492 positions.
core.pack.interaction_graph.interaction_graph_factory: Instantiating DensePDInteractionGraph
protocols.relax.FastRelax: CMD: repack  -1039.72  2.87875  2.87875  0.55
protocols.relax.FastRelax: CMD: min  -1107.32  3.09301  3.09301  0.55
protocols.relax.FastRelax: MRP: 0  -1107.32  -1107.32  3.09301  3.09301  
protocols.relax.FastRelax: CMD: accept_to_best  -1107.32  3.09301  3.09301  0.55
protocols.relax.FastRelax: CMD: endrepeat  -1107.32  3.09301  3.09301  0.55
protocols.relax.FastRelax: CMD: coord_cst_weight  106106  3.09301  3.09301  0.55
protocols.relax.FastRelax: CMD: scale:fa_rep  105768  3.09301  3.09301  0.022
core.pack.task: Packer task: initialize from command line() 
core.pack.pack_rotamers: built 7799 rotamers at 492 positions.
core.pack.interaction_graph.interaction_graph_factory: Instantiating DensePDInteractionGraph
protocols.relax.FastRelax: CMD: repack  105746  3.09301  3.09301  0.022
protocols.relax.FastRelax: CMD: scale:fa_rep  105755  3.09301  3.09301  0.02805
core.optimization.Minimizer: [ WARNING ] LBFGS MAX CYCLES 2000 EXCEEDED, BUT FUNC NOT CONVERGED!
protocols.relax.FastRelax: CMD: min  -1274.18  0.174137  0.174137  0.02805
protocols.relax.FastRelax: CMD: coord_cst_weight  -1340.42  0.174137  0.174137  0.02805
protocols.relax.FastRelax: CMD: scale:fa_rep  -1000.66  0.174137  0.174137  0.14575
core.pack.task: Packer task: initialize from command line() 
core.pack.pack_rotamers: built 7339 rotamers at 492 positions.
core.pack.interaction_graph.interaction_graph_factory: Instantiating DensePDInteractionGraph
protocols.relax.FastRelax: CMD: repack  -1040.57  0.174137  0.174137  0.14575
protocols.relax.FastRelax: CMD: scale:fa_rep  -1019.92  0.174137  0.174137  0.154
protocols.relax.FastRelax: CMD: min  -1179.05  0.217575  0.217575  0.154
protocols.relax.FastRelax: CMD: coord_cst_weight  -1280.98  0.217575  0.217575  0.154
protocols.relax.FastRelax: CMD: scale:fa_rep  -1095.2  0.217575  0.217575  0.30745
core.pack.task: Packer task: initialize from command line() 
core.pack.pack_rotamers: built 7184 rotamers at 492 positions.
core.pack.interaction_graph.interaction_graph_factory: Instantiating DensePDInteractionGraph
protocols.relax.FastRelax: CMD: repack  -1096.07  0.217575  0.217575  0.30745
protocols.relax.FastRelax: CMD: scale:fa_rep  -1081.61  0.217575  0.217575  0.31955
protocols.relax.FastRelax: CMD: min  -1274.42  2.48865  2.48865  0.31955
protocols.relax.FastRelax: CMD: coord_cst_weight  -1274.42  2.48865  2.48865  0.31955
protocols.relax.FastRelax: CMD: scale:fa_rep  -1063.7  2.48865  2.48865  0.55
core.pack.task: Packer task: initialize from command line() 
core.pack.pack_rotamers: built 6972 rotamers at 492 positions.
core.pack.interaction_graph.interaction_graph_factory: Instantiating DensePDInteractionGraph
protocols.relax.FastRelax: CMD: repack  -1069.89  2.48865  2.48865  0.55
protocols.relax.FastRelax: CMD: min  -1126.41  2.9479  2.9479  0.55
protocols.relax.FastRelax: MRP: 1  -1126.41  -1126.41  2.9479  2.9479  
protocols.relax.FastRelax: CMD: accept_to_best  -1126.41  2.9479  2.9479  0.55
protocols.relax.FastRelax: CMD: endrepeat  -1126.41  2.9479  2.9479  0.55
protocols.relax.FastRelax: CMD: coord_cst_weight  91327  2.9479  2.9479  0.55
protocols.relax.FastRelax: CMD: scale:fa_rep  90994.2  2.9479  2.9479  0.022
core.pack.task: Packer task: initialize from command line() 
core.pack.pack_rotamers: built 7760 rotamers at 492 positions.
core.pack.interaction_graph.interaction_graph_factory: Instantiating DensePDInteractionGraph
protocols.relax.FastRelax: CMD: repack  90990.6  2.9479  2.9479  0.022
protocols.relax.FastRelax: CMD: scale:fa_rep  91001.1  2.9479  2.9479  0.02805
core.optimization.Minimizer: [ WARNING ] LBFGS MAX CYCLES 2000 EXCEEDED, BUT FUNC NOT CONVERGED!
protocols.relax.FastRelax: CMD: min  -1252.7  0.176313  0.176313  0.02805
protocols.relax.FastRelax: CMD: coord_cst_weight  -1319.51  0.176313  0.176313  0.02805
protocols.relax.FastRelax: CMD: scale:fa_rep  -951.064  0.176313  0.176313  0.14575
core.pack.task: Packer task: initialize from command line() 
core.pack.pack_rotamers: built 7299 rotamers at 492 positions.
core.pack.interaction_graph.interaction_graph_factory: Instantiating DensePDInteractionGraph
protocols.relax.FastRelax: CMD: repack  -1036.68  0.176313  0.176313  0.14575
protocols.relax.FastRelax: CMD: scale:fa_rep  -1016.1  0.176313  0.176313  0.154
protocols.relax.FastRelax: CMD: min  -1183  0.218634  0.218634  0.154
protocols.relax.FastRelax: CMD: coord_cst_weight  -1287.68  0.218634  0.218634  0.154
protocols.relax.FastRelax: CMD: scale:fa_rep  -1101.91  0.218634  0.218634  0.30745
core.pack.task: Packer task: initialize from command line() 
core.pack.pack_rotamers: built 7122 rotamers at 492 positions.
core.pack.interaction_graph.interaction_graph_factory: Instantiating DensePDInteractionGraph
protocols.relax.FastRelax: CMD: repack  -1102.5  0.218634  0.218634  0.30745
protocols.relax.FastRelax: CMD: scale:fa_rep  -1088.11  0.218634  0.218634  0.31955
protocols.relax.FastRelax: CMD: min  -1264.52  2.7413  2.7413  0.31955
protocols.relax.FastRelax: CMD: coord_cst_weight  -1264.52  2.7413  2.7413  0.31955
protocols.relax.FastRelax: CMD: scale:fa_rep  -1055.55  2.7413  2.7413  0.55
core.pack.task: Packer task: initialize from command line() 
core.pack.pack_rotamers: built 6967 rotamers at 492 positions.
core.pack.interaction_graph.interaction_graph_factory: Instantiating DensePDInteractionGraph
protocols.relax.FastRelax: CMD: repack  -1057.7  2.7413  2.7413  0.55
protocols.relax.FastRelax: CMD: min  -1116.48  2.74858  2.74858  0.55
protocols.relax.FastRelax: MRP: 2  -1116.48  -1126.41  2.9479  2.9479  
protocols.relax.FastRelax: CMD: accept_to_best  -1116.48  2.74858  2.74858  0.55
protocols.relax.FastRelax: CMD: endrepeat  -1116.48  2.74858  2.74858  0.55
protocols.relax.FastRelax: CMD: coord_cst_weight  87643.7  2.74858  2.74858  0.55
protocols.relax.FastRelax: CMD: scale:fa_rep  87317.2  2.74858  2.74858  0.022
core.pack.task: Packer task: initialize from command line() 
core.pack.pack_rotamers: built 7748 rotamers at 492 positions.
core.pack.interaction_graph.interaction_graph_factory: Instantiating DensePDInteractionGraph
protocols.relax.FastRelax: CMD: repack  87303.1  2.74858  2.74858  0.022
protocols.relax.FastRelax: CMD: scale:fa_rep  87310.7  2.74858  2.74858  0.02805
core.optimization.Minimizer: [ WARNING ] LBFGS MAX CYCLES 2000 EXCEEDED, BUT FUNC NOT CONVERGED!
protocols.relax.FastRelax: CMD: min  -1273.98  0.177003  0.177003  0.02805
protocols.relax.FastRelax: CMD: coord_cst_weight  -1342.49  0.177003  0.177003  0.02805
protocols.relax.FastRelax: CMD: scale:fa_rep  -998.556  0.177003  0.177003  0.14575
core.pack.task: Packer task: initialize from command line() 
core.pack.pack_rotamers: built 7308 rotamers at 492 positions.
core.pack.interaction_graph.interaction_graph_factory: Instantiating DensePDInteractionGraph
protocols.relax.FastRelax: CMD: repack  -1043.22  0.177003  0.177003  0.14575
protocols.relax.FastRelax: CMD: scale:fa_rep  -1022.68  0.177003  0.177003  0.154
protocols.relax.FastRelax: CMD: min  -1189.49  0.221536  0.221536  0.154
protocols.relax.FastRelax: CMD: coord_cst_weight  -1296.84  0.221536  0.221536  0.154
protocols.relax.FastRelax: CMD: scale:fa_rep  -1111.27  0.221536  0.221536  0.30745
core.pack.task: Packer task: initialize from command line() 
core.pack.pack_rotamers: built 7099 rotamers at 492 positions.
core.pack.interaction_graph.interaction_graph_factory: Instantiating DensePDInteractionGraph
protocols.relax.FastRelax: CMD: repack  -1106.51  0.221536  0.221536  0.30745
protocols.relax.FastRelax: CMD: scale:fa_rep  -1091.97  0.221536  0.221536  0.31955
protocols.relax.FastRelax: CMD: min  -1286.53  3.22761  3.22761  0.31955
protocols.relax.FastRelax: CMD: coord_cst_weight  -1286.53  3.22761  3.22761  0.31955
protocols.relax.FastRelax: CMD: scale:fa_rep  -1079.79  3.22761  3.22761  0.55
core.pack.task: Packer task: initialize from command line() 
core.pack.pack_rotamers: built 7033 rotamers at 492 positions.
core.pack.interaction_graph.interaction_graph_factory: Instantiating DensePDInteractionGraph
protocols.relax.FastRelax: CMD: repack  -1083.05  3.22761  3.22761  0.55
protocols.relax.FastRelax: CMD: min  -1134.46  3.38024  3.38024  0.55
protocols.relax.FastRelax: MRP: 3  -1134.46  -1134.46  3.38024  3.38024  
protocols.relax.FastRelax: CMD: accept_to_best  -1134.46  3.38024  3.38024  0.55
protocols.relax.FastRelax: CMD: endrepeat  -1134.46  3.38024  3.38024  0.55
protocols.relax.FastRelax: CMD: coord_cst_weight  67979.8  3.38024  3.38024  0.55
protocols.relax.FastRelax: CMD: scale:fa_rep  67650.5  3.38024  3.38024  0.022
core.pack.task: Packer task: initialize from command line() 
core.pack.pack_rotamers: built 7745 rotamers at 492 positions.
core.pack.interaction_graph.interaction_graph_factory: Instantiating DensePDInteractionGraph
protocols.relax.FastRelax: CMD: repack  67636.1  3.38024  3.38024  0.022
protocols.relax.FastRelax: CMD: scale:fa_rep  67642.8  3.38024  3.38024  0.02805
core.optimization.Minimizer: [ WARNING ] LBFGS MAX CYCLES 2000 EXCEEDED, BUT FUNC NOT CONVERGED!
protocols.relax.FastRelax: CMD: min  -1277.48  0.175864  0.175864  0.02805
protocols.relax.FastRelax: CMD: coord_cst_weight  -1346.43  0.175864  0.175864  0.02805
protocols.relax.FastRelax: CMD: scale:fa_rep  -1021.56  0.175864  0.175864  0.14575
core.pack.task: Packer task: initialize from command line() 
core.pack.pack_rotamers: built 7390 rotamers at 492 positions.
core.pack.interaction_graph.interaction_graph_factory: Instantiating DensePDInteractionGraph
protocols.relax.FastRelax: CMD: repack  -1051.44  0.175864  0.175864  0.14575
protocols.relax.FastRelax: CMD: scale:fa_rep  -1030.83  0.175864  0.175864  0.154
protocols.relax.FastRelax: CMD: min  -1188.06  0.223275  0.223275  0.154
protocols.relax.FastRelax: CMD: coord_cst_weight  -1297.47  0.223275  0.223275  0.154
protocols.relax.FastRelax: CMD: scale:fa_rep  -1112.82  0.223275  0.223275  0.30745
core.pack.task: Packer task: initialize from command line() 
core.pack.pack_rotamers: built 7116 rotamers at 492 positions.
core.pack.interaction_graph.interaction_graph_factory: Instantiating DensePDInteractionGraph
protocols.relax.FastRelax: CMD: repack  -1114.45  0.223275  0.223275  0.30745
protocols.relax.FastRelax: CMD: scale:fa_rep  -1099.96  0.223275  0.223275  0.31955
protocols.relax.FastRelax: CMD: min  -1288.2  2.48359  2.48359  0.31955
protocols.relax.FastRelax: CMD: coord_cst_weight  -1288.2  2.48359  2.48359  0.31955
protocols.relax.FastRelax: CMD: scale:fa_rep  -1077.93  2.48359  2.48359  0.55
core.pack.task: Packer task: initialize from command line() 
core.pack.pack_rotamers: built 7016 rotamers at 492 positions.
core.pack.interaction_graph.interaction_graph_factory: Instantiating DensePDInteractionGraph
protocols.relax.FastRelax: CMD: repack  -1081.09  2.48359  2.48359  0.55
protocols.relax.FastRelax: CMD: min  -1136.56  2.99157  2.99157  0.55
protocols.relax.FastRelax: MRP: 4  -1136.56  -1136.56  2.99157  2.99157  
protocols.relax.FastRelax: CMD: accept_to_best  -1136.56  2.99157  2.99157  0.55
protocols.relax.FastRelax: CMD: endrepeat  -1136.56  2.99157  2.99157  0.55
protocols.relax.FastRelax: CMD: coord_cst_weight  71192.2  2.99157  2.99157  0.55
protocols.relax.FastRelax: CMD: scale:fa_rep  70860.1  2.99157  2.99157  0.022
core.pack.task: Packer task: initialize from command line() 
core.pack.pack_rotamers: built 7801 rotamers at 492 positions.
core.pack.interaction_graph.interaction_graph_factory: Instantiating DensePDInteractionGraph
protocols.relax.FastRelax: CMD: repack  70847.4  2.99157  2.99157  0.022
protocols.relax.FastRelax: CMD: scale:fa_rep  70853.8  2.99157  2.99157  0.02805
core.optimization.Minimizer: [ WARNING ] LBFGS MAX CYCLES 2000 EXCEEDED, BUT FUNC NOT CONVERGED!
protocols.relax.FastRelax: CMD: min  -1266.71  0.182523  0.182523  0.02805
protocols.relax.FastRelax: CMD: coord_cst_weight  -1339.86  0.182523  0.182523  0.02805
protocols.relax.FastRelax: CMD: scale:fa_rep  -1004.5  0.182523  0.182523  0.14575
core.pack.task: Packer task: initialize from command line() 
core.pack.pack_rotamers: built 7299 rotamers at 492 positions.
core.pack.interaction_graph.interaction_graph_factory: Instantiating DensePDInteractionGraph
protocols.relax.FastRelax: CMD: repack  -1047.18  0.182523  0.182523  0.14575
protocols.relax.FastRelax: CMD: scale:fa_rep  -1026.37  0.182523  0.182523  0.154
protocols.relax.FastRelax: CMD: min  -1190.42  0.223042  0.223042  0.154
protocols.relax.FastRelax: CMD: coord_cst_weight  -1299.31  0.223042  0.223042  0.154
protocols.relax.FastRelax: CMD: scale:fa_rep  -1114.7  0.223042  0.223042  0.30745
core.pack.task: Packer task: initialize from command line() 
core.pack.pack_rotamers: built 7086 rotamers at 492 positions.
core.pack.interaction_graph.interaction_graph_factory: Instantiating DensePDInteractionGraph
protocols.relax.FastRelax: CMD: repack  -1115.51  0.223042  0.223042  0.30745
protocols.relax.FastRelax: CMD: scale:fa_rep  -1101.04  0.223042  0.223042  0.31955
protocols.relax.FastRelax: CMD: min  -1293.35  3.5858  3.5858  0.31955
protocols.relax.FastRelax: CMD: coord_cst_weight  -1293.35  3.5858  3.5858  0.31955
protocols.relax.FastRelax: CMD: scale:fa_rep  -1086.55  3.5858  3.5858  0.55
core.pack.task: Packer task: initialize from command line() 
core.pack.pack_rotamers: built 6969 rotamers at 492 positions.
core.pack.interaction_graph.interaction_graph_factory: Instantiating DensePDInteractionGraph
protocols.relax.FastRelax: CMD: repack  -1092.39  3.5858  3.5858  0.55
protocols.relax.FastRelax: CMD: min  -1144.95  4.07076  4.07076  0.55
protocols.relax.FastRelax: MRP: 5  -1144.95  -1144.95  4.07076  4.07076  
protocols.relax.FastRelax: CMD: accept_to_best  -1144.95  4.07076  4.07076  0.55
protocols.relax.FastRelax: CMD: endrepeat  -1144.95  4.07076  4.07076  0.55
protocols.relax.FastRelax: CMD: coord_cst_weight  94541  4.07076  4.07076  0.55
protocols.relax.FastRelax: CMD: scale:fa_rep  94207.8  4.07076  4.07076  0.022
core.pack.task: Packer task: initialize from command line() 
core.pack.pack_rotamers: built 7721 rotamers at 492 positions.
core.pack.interaction_graph.interaction_graph_factory: Instantiating DensePDInteractionGraph
protocols.relax.FastRelax: CMD: repack  94179.9  4.07076  4.07076  0.022
protocols.relax.FastRelax: CMD: scale:fa_rep  94187  4.07076  4.07076  0.02805
core.optimization.Minimizer: [ WARNING ] LBFGS MAX CYCLES 2000 EXCEEDED, BUT FUNC NOT CONVERGED!
protocols.relax.FastRelax: CMD: min  -1276.86  0.181918  0.181918  0.02805
protocols.relax.FastRelax: CMD: coord_cst_weight  -1349.06  0.181918  0.181918  0.02805
protocols.relax.FastRelax: CMD: scale:fa_rep  -1011.13  0.181918  0.181918  0.14575
core.pack.task: Packer task: initialize from command line() 
core.pack.pack_rotamers: built 7341 rotamers at 492 positions.
core.pack.interaction_graph.interaction_graph_factory: Instantiating DensePDInteractionGraph
protocols.relax.FastRelax: CMD: repack  -1035.02  0.181918  0.181918  0.14575
protocols.relax.FastRelax: CMD: scale:fa_rep  -1013.07  0.181918  0.181918  0.154
protocols.relax.FastRelax: CMD: min  -1188.24  0.234046  0.234046  0.154
protocols.relax.FastRelax: CMD: coord_cst_weight  -1305.38  0.234046  0.234046  0.154
protocols.relax.FastRelax: CMD: scale:fa_rep  -1119.1  0.234046  0.234046  0.30745
core.pack.task: Packer task: initialize from command line() 
core.pack.pack_rotamers: built 7088 rotamers at 492 positions.
core.pack.interaction_graph.interaction_graph_factory: Instantiating DensePDInteractionGraph
protocols.relax.FastRelax: CMD: repack  -1119.3  0.234046  0.234046  0.30745
protocols.relax.FastRelax: CMD: scale:fa_rep  -1104.71  0.234046  0.234046  0.31955
protocols.relax.FastRelax: CMD: min  -1323.75  3.7651  3.7651  0.31955
protocols.relax.FastRelax: CMD: coord_cst_weight  -1323.75  3.7651  3.7651  0.31955
protocols.relax.FastRelax: CMD: scale:fa_rep  -1115.09  3.7651  3.7651  0.55
core.pack.task: Packer task: initialize from command line() 
core.pack.pack_rotamers: built 6948 rotamers at 492 positions.
core.pack.interaction_graph.interaction_graph_factory: Instantiating DensePDInteractionGraph
protocols.relax.FastRelax: CMD: repack  -1118.96  3.7651  3.7651  0.55
protocols.relax.FastRelax: CMD: min  -1165.81  3.79418  3.79418  0.55
protocols.relax.FastRelax: MRP: 6  -1165.81  -1165.81  3.79418  3.79418  
protocols.relax.FastRelax: CMD: accept_to_best  -1165.81  3.79418  3.79418  0.55
protocols.relax.FastRelax: CMD: endrepeat  -1165.81  3.79418  3.79418  0.55
protocols.relax.FastRelax: CMD: coord_cst_weight  108235  3.79418  3.79418  0.55
protocols.relax.FastRelax: CMD: scale:fa_rep  107901  3.79418  3.79418  0.022
core.pack.task: Packer task: initialize from command line() 
core.pack.pack_rotamers: built 7703 rotamers at 492 positions.
core.pack.interaction_graph.interaction_graph_factory: Instantiating DensePDInteractionGraph
protocols.relax.FastRelax: CMD: repack  107879  3.79418  3.79418  0.022
protocols.relax.FastRelax: CMD: scale:fa_rep  107887  3.79418  3.79418  0.02805
core.optimization.Minimizer: [ WARNING ] LBFGS MAX CYCLES 2000 EXCEEDED, BUT FUNC NOT CONVERGED!
protocols.relax.FastRelax: CMD: min  -1240.54  0.185283  0.185283  0.02805
protocols.relax.FastRelax: CMD: coord_cst_weight  -1315.47  0.185283  0.185283  0.02805
protocols.relax.FastRelax: CMD: scale:fa_rep  -874.627  0.185283  0.185283  0.14575
core.pack.task: Packer task: initialize from command line() 
core.pack.pack_rotamers: built 7318 rotamers at 492 positions.
core.pack.interaction_graph.interaction_graph_factory: Instantiating DensePDInteractionGraph
protocols.relax.FastRelax: CMD: repack  -1045.52  0.185283  0.185283  0.14575
protocols.relax.FastRelax: CMD: scale:fa_rep  -1025.04  0.185283  0.185283  0.154
protocols.relax.FastRelax: CMD: min  -1186.92  0.226099  0.226099  0.154
protocols.relax.FastRelax: CMD: coord_cst_weight  -1299.52  0.226099  0.226099  0.154
protocols.relax.FastRelax: CMD: scale:fa_rep  -1118.71  0.226099  0.226099  0.30745
core.pack.task: Packer task: initialize from command line() 
core.pack.pack_rotamers: built 7110 rotamers at 492 positions.
core.pack.interaction_graph.interaction_graph_factory: Instantiating DensePDInteractionGraph
protocols.relax.FastRelax: CMD: repack  -1118.99  0.226099  0.226099  0.30745
protocols.relax.FastRelax: CMD: scale:fa_rep  -1104.77  0.226099  0.226099  0.31955
protocols.relax.FastRelax: CMD: min  -1229.41  4.5709  4.5709  0.31955
protocols.relax.FastRelax: CMD: coord_cst_weight  -1229.41  4.5709  4.5709  0.31955
protocols.relax.FastRelax: CMD: scale:fa_rep  -957.294  4.5709  4.5709  0.55
core.pack.task: Packer task: initialize from command line() 
core.pack.pack_rotamers: built 6986 rotamers at 492 positions.
core.pack.interaction_graph.interaction_graph_factory: Instantiating DensePDInteractionGraph
protocols.relax.FastRelax: CMD: repack  -1049.48  4.5709  4.5709  0.55
protocols.relax.FastRelax: CMD: min  -1158.73  4.51162  4.51162  0.55
protocols.relax.FastRelax: MRP: 7  -1158.73  -1165.81  3.79418  3.79418  
protocols.relax.FastRelax: CMD: accept_to_best  -1158.73  4.51162  4.51162  0.55
protocols.relax.FastRelax: CMD: endrepeat  -1158.73  4.51162  4.51162  0.55
protocols.relax.FastRelax: CMD: coord_cst_weight  100443  4.51162  4.51162  0.55
protocols.relax.FastRelax: CMD: scale:fa_rep  100113  4.51162  4.51162  0.022
core.pack.task: Packer task: initialize from command line() 
core.pack.pack_rotamers: built 7691 rotamers at 492 positions.
core.pack.interaction_graph.interaction_graph_factory: Instantiating DensePDInteractionGraph
protocols.relax.FastRelax: CMD: repack  100100  4.51162  4.51162  0.022
protocols.relax.FastRelax: CMD: scale:fa_rep  100108  4.51162  4.51162  0.02805
core.optimization.Minimizer: [ WARNING ] LBFGS MAX CYCLES 2000 EXCEEDED, BUT FUNC NOT CONVERGED!
protocols.relax.FastRelax: CMD: min  -1246.9  0.186437  0.186437  0.02805
protocols.relax.FastRelax: CMD: coord_cst_weight  -1325.48  0.186437  0.186437  0.02805
protocols.relax.FastRelax: CMD: scale:fa_rep  -974.855  0.186437  0.186437  0.14575
core.pack.task: Packer task: initialize from command line() 
core.pack.pack_rotamers: built 7331 rotamers at 492 positions.
core.pack.interaction_graph.interaction_graph_factory: Instantiating DensePDInteractionGraph
protocols.relax.FastRelax: CMD: repack  -1041.91  0.186437  0.186437  0.14575
protocols.relax.FastRelax: CMD: scale:fa_rep  -1021.45  0.186437  0.186437  0.154
protocols.relax.FastRelax: CMD: min  -1187.82  0.229002  0.229002  0.154
protocols.relax.FastRelax: CMD: coord_cst_weight  -1303.17  0.229002  0.229002  0.154
protocols.relax.FastRelax: CMD: scale:fa_rep  -1120.45  0.229002  0.229002  0.30745
core.pack.task: Packer task: initialize from command line() 
core.pack.pack_rotamers: built 7124 rotamers at 492 positions.
core.pack.interaction_graph.interaction_graph_factory: Instantiating DensePDInteractionGraph
protocols.relax.FastRelax: CMD: repack  -1120.97  0.229002  0.229002  0.30745
protocols.relax.FastRelax: CMD: scale:fa_rep  -1106.69  0.229002  0.229002  0.31955
protocols.relax.FastRelax: CMD: min  -1301.93  3.58115  3.58115  0.31955
protocols.relax.FastRelax: CMD: coord_cst_weight  -1301.93  3.58115  3.58115  0.31955
protocols.relax.FastRelax: CMD: scale:fa_rep  -1095.61  3.58115  3.58115  0.55
core.pack.task: Packer task: initialize from command line() 
core.pack.pack_rotamers: built 7002 rotamers at 492 positions.
core.pack.interaction_graph.interaction_graph_factory: Instantiating DensePDInteractionGraph
protocols.relax.FastRelax: CMD: repack  -1096.23  3.58115  3.58115  0.55
protocols.relax.FastRelax: CMD: min  -1161.14  3.78468  3.78468  0.55
protocols.relax.FastRelax: MRP: 8  -1161.14  -1165.81  3.79418  3.79418  
protocols.relax.FastRelax: CMD: accept_to_best  -1161.14  3.78468  3.78468  0.55
protocols.relax.FastRelax: CMD: endrepeat  -1161.14  3.78468  3.78468  0.55
protocols.relax.FastRelax: CMD: coord_cst_weight  70082  3.78468  3.78468  0.55
protocols.relax.FastRelax: CMD: scale:fa_rep  69751.9  3.78468  3.78468  0.022
core.pack.task: Packer task: initialize from command line() 
core.pack.pack_rotamers: built 7745 rotamers at 492 positions.
core.pack.interaction_graph.interaction_graph_factory: Instantiating DensePDInteractionGraph
protocols.relax.FastRelax: CMD: repack  69746.9  3.78468  3.78468  0.022
protocols.relax.FastRelax: CMD: scale:fa_rep  69758.9  3.78468  3.78468  0.02805
core.optimization.Minimizer: [ WARNING ] LBFGS MAX CYCLES 2000 EXCEEDED, BUT FUNC NOT CONVERGED!
protocols.relax.FastRelax: CMD: min  -1268.19  0.183593  0.183593  0.02805
protocols.relax.FastRelax: CMD: coord_cst_weight  -1342.52  0.183593  0.183593  0.02805
protocols.relax.FastRelax: CMD: scale:fa_rep  -1010.97  0.183593  0.183593  0.14575
core.pack.task: Packer task: initialize from command line() 
core.pack.pack_rotamers: built 7283 rotamers at 492 positions.
core.pack.interaction_graph.interaction_graph_factory: Instantiating DensePDInteractionGraph
protocols.relax.FastRelax: CMD: repack  -1040.21  0.183593  0.183593  0.14575
protocols.relax.FastRelax: CMD: scale:fa_rep  -1018.96  0.183593  0.183593  0.154
protocols.relax.FastRelax: CMD: min  -1185.28  0.229974  0.229974  0.154
protocols.relax.FastRelax: CMD: coord_cst_weight  -1300.88  0.229974  0.229974  0.154
protocols.relax.FastRelax: CMD: scale:fa_rep  -1113.44  0.229974  0.229974  0.30745
core.pack.task: Packer task: initialize from command line() 
core.pack.pack_rotamers: built 7098 rotamers at 492 positions.
core.pack.interaction_graph.interaction_graph_factory: Instantiating DensePDInteractionGraph
protocols.relax.FastRelax: CMD: repack  -1114.35  0.229974  0.229974  0.30745
protocols.relax.FastRelax: CMD: scale:fa_rep  -1099.66  0.229974  0.229974  0.31955
protocols.relax.FastRelax: CMD: min  -1305.79  3.14354  3.14354  0.31955
protocols.relax.FastRelax: CMD: coord_cst_weight  -1305.79  3.14354  3.14354  0.31955
protocols.relax.FastRelax: CMD: scale:fa_rep  -1097.47  3.14354  3.14354  0.55
core.pack.task: Packer task: initialize from command line() 
core.pack.pack_rotamers: built 7010 rotamers at 492 positions.
core.pack.interaction_graph.interaction_graph_factory: Instantiating DensePDInteractionGraph
protocols.relax.FastRelax: CMD: repack  -1105.48  3.14354  3.14354  0.55
protocols.relax.FastRelax: CMD: min  -1170.7  3.47328  3.47328  0.55
protocols.relax.FastRelax: MRP: 9  -1170.7  -1170.7  3.47328  3.47328  
protocols.relax.FastRelax: CMD: accept_to_best  -1170.7  3.47328  3.47328  0.55
protocols.relax.FastRelax: CMD: endrepeat  -1170.7  3.47328  3.47328  0.55
protocols.relax.FastRelax: CMD: coord_cst_weight  69303.9  3.47328  3.47328  0.55
protocols.relax.FastRelax: CMD: scale:fa_rep  68974.5  3.47328  3.47328  0.022
core.pack.task: Packer task: initialize from command line() 
core.pack.pack_rotamers: built 7692 rotamers at 492 positions.
core.pack.interaction_graph.interaction_graph_factory: Instantiating DensePDInteractionGraph
protocols.relax.FastRelax: CMD: repack  68957.9  3.47328  3.47328  0.022
protocols.relax.FastRelax: CMD: scale:fa_rep  68964.7  3.47328  3.47328  0.02805
core.optimization.Minimizer: [ WARNING ] LBFGS MAX CYCLES 2000 EXCEEDED, BUT FUNC NOT CONVERGED!
protocols.relax.FastRelax: CMD: min  -1261.01  0.191636  0.191636  0.02805
protocols.relax.FastRelax: CMD: coord_cst_weight  -1341.57  0.191636  0.191636  0.02805
protocols.relax.FastRelax: CMD: scale:fa_rep  -973.647  0.191636  0.191636  0.14575
core.pack.task: Packer task: initialize from command line() 
core.pack.pack_rotamers: built 7289 rotamers at 492 positions.
core.pack.interaction_graph.interaction_graph_factory: Instantiating DensePDInteractionGraph
protocols.relax.FastRelax: CMD: repack  -1028.68  0.191636  0.191636  0.14575
protocols.relax.FastRelax: CMD: scale:fa_rep  -1007.11  0.191636  0.191636  0.154
protocols.relax.FastRelax: CMD: min  -1187.78  0.22992  0.22992  0.154
protocols.relax.FastRelax: CMD: coord_cst_weight  -1303.28  0.22992  0.22992  0.154
protocols.relax.FastRelax: CMD: scale:fa_rep  -1118.12  0.22992  0.22992  0.30745
core.pack.task: Packer task: initialize from command line() 
core.pack.pack_rotamers: built 7091 rotamers at 492 positions.
core.pack.interaction_graph.interaction_graph_factory: Instantiating DensePDInteractionGraph
protocols.relax.FastRelax: CMD: repack  -1116.44  0.22992  0.22992  0.30745
protocols.relax.FastRelax: CMD: scale:fa_rep  -1101.95  0.22992  0.22992  0.31955
protocols.relax.FastRelax: CMD: min  -1316.98  4.10852  4.10852  0.31955
protocols.relax.FastRelax: CMD: coord_cst_weight  -1316.98  4.10852  4.10852  0.31955
protocols.relax.FastRelax: CMD: scale:fa_rep  -1111.38  4.10852  4.10852  0.55
core.pack.task: Packer task: initialize from command line() 
core.pack.pack_rotamers: built 6970 rotamers at 492 positions.
core.pack.interaction_graph.interaction_graph_factory: Instantiating DensePDInteractionGraph
protocols.relax.FastRelax: CMD: repack  -1118.53  4.10852  4.10852  0.55
protocols.relax.FastRelax: CMD: min  -1174.05  4.20797  4.20797  0.55
protocols.relax.FastRelax: MRP: 10  -1174.05  -1174.05  4.20797  4.20797  
protocols.relax.FastRelax: CMD: accept_to_best  -1174.05  4.20797  4.20797  0.55
protocols.relax.FastRelax: CMD: endrepeat  -1174.05  4.20797  4.20797  0.55
protocols.relax.FastRelax: CMD: coord_cst_weight  86006.9  4.20797  4.20797  0.55
protocols.relax.FastRelax: CMD: scale:fa_rep  85677.6  4.20797  4.20797  0.022
core.pack.task: Packer task: initialize from command line() 
core.pack.pack_rotamers: built 7729 rotamers at 492 positions.
core.pack.interaction_graph.interaction_graph_factory: Instantiating DensePDInteractionGraph
protocols.relax.FastRelax: CMD: repack  85667.8  4.20797  4.20797  0.022
protocols.relax.FastRelax: CMD: scale:fa_rep  85676.2  4.20797  4.20797  0.02805
core.optimization.Minimizer: [ WARNING ] LBFGS MAX CYCLES 2000 EXCEEDED, BUT FUNC NOT CONVERGED!
protocols.relax.FastRelax: CMD: min  -1258.29  0.184049  0.184049  0.02805
protocols.relax.FastRelax: CMD: coord_cst_weight  -1332.89  0.184049  0.184049  0.02805
protocols.relax.FastRelax: CMD: scale:fa_rep  -937.253  0.184049  0.184049  0.14575
core.pack.task: Packer task: initialize from command line() 
core.pack.pack_rotamers: built 7336 rotamers at 492 positions.
core.pack.interaction_graph.interaction_graph_factory: Instantiating DensePDInteractionGraph
protocols.relax.FastRelax: CMD: repack  -1030.6  0.184049  0.184049  0.14575
protocols.relax.FastRelax: CMD: scale:fa_rep  -1009.09  0.184049  0.184049  0.154
protocols.relax.FastRelax: CMD: min  -1186.85  0.229397  0.229397  0.154
protocols.relax.FastRelax: CMD: coord_cst_weight  -1301.46  0.229397  0.229397  0.154
protocols.relax.FastRelax: CMD: scale:fa_rep  -1116.19  0.229397  0.229397  0.30745
core.pack.task: Packer task: initialize from command line() 
core.pack.pack_rotamers: built 7098 rotamers at 492 positions.
core.pack.interaction_graph.interaction_graph_factory: Instantiating DensePDInteractionGraph
protocols.relax.FastRelax: CMD: repack  -1116.7  0.229397  0.229397  0.30745
protocols.relax.FastRelax: CMD: scale:fa_rep  -1102.21  0.229397  0.229397  0.31955
protocols.relax.FastRelax: CMD: min  -1312.87  4.12308  4.12308  0.31955
protocols.relax.FastRelax: CMD: coord_cst_weight  -1312.87  4.12308  4.12308  0.31955
protocols.relax.FastRelax: CMD: scale:fa_rep  -1106.59  4.12308  4.12308  0.55
core.pack.task: Packer task: initialize from command line() 
core.pack.pack_rotamers: built 6970 rotamers at 492 positions.
core.pack.interaction_graph.interaction_graph_factory: Instantiating DensePDInteractionGraph
protocols.relax.FastRelax: CMD: repack  -1114.47  4.12308  4.12308  0.55
protocols.relax.FastRelax: CMD: min  -1172.06  4.30211  4.30211  0.55
protocols.relax.FastRelax: MRP: 11  -1172.06  -1174.05  4.20797  4.20797  
protocols.relax.FastRelax: CMD: accept_to_best  -1172.06  4.30211  4.30211  0.55
protocols.relax.FastRelax: CMD: endrepeat  -1172.06  4.30211  4.30211  0.55
protocols.relax.FastRelax: CMD: coord_cst_weight  86290.4  4.30211  4.30211  0.55
protocols.relax.FastRelax: CMD: scale:fa_rep  85963.7  4.30211  4.30211  0.022
core.pack.task: Packer task: initialize from command line() 
core.pack.pack_rotamers: built 7699 rotamers at 492 positions.
core.pack.interaction_graph.interaction_graph_factory: Instantiating DensePDInteractionGraph
protocols.relax.FastRelax: CMD: repack  85956.6  4.30211  4.30211  0.022
protocols.relax.FastRelax: CMD: scale:fa_rep  85966.2  4.30211  4.30211  0.02805
core.optimization.Minimizer: [ WARNING ] LBFGS MAX CYCLES 2000 EXCEEDED, BUT FUNC NOT CONVERGED!
protocols.relax.FastRelax: CMD: min  -1259.04  0.184058  0.184058  0.02805
protocols.relax.FastRelax: CMD: coord_cst_weight  -1332.22  0.184058  0.184058  0.02805
protocols.relax.FastRelax: CMD: scale:fa_rep  -965.427  0.184058  0.184058  0.14575
core.pack.task: Packer task: initialize from command line() 
core.pack.pack_rotamers: built 7298 rotamers at 492 positions.
core.pack.interaction_graph.interaction_graph_factory: Instantiating DensePDInteractionGraph
protocols.relax.FastRelax: CMD: repack  -1017.43  0.184058  0.184058  0.14575
protocols.relax.FastRelax: CMD: scale:fa_rep  -995.705  0.184058  0.184058  0.154
protocols.relax.FastRelax: CMD: min  -1186.83  0.225931  0.225931  0.154
protocols.relax.FastRelax: CMD: coord_cst_weight  -1299.48  0.225931  0.225931  0.154
protocols.relax.FastRelax: CMD: scale:fa_rep  -1117.56  0.225931  0.225931  0.30745
core.pack.task: Packer task: initialize from command line() 
core.pack.pack_rotamers: built 7120 rotamers at 492 positions.
core.pack.interaction_graph.interaction_graph_factory: Instantiating DensePDInteractionGraph
protocols.relax.FastRelax: CMD: repack  -1118.52  0.225931  0.225931  0.30745
protocols.relax.FastRelax: CMD: scale:fa_rep  -1104.31  0.225931  0.225931  0.31955
protocols.relax.FastRelax: CMD: min  -1296.68  4.6335  4.6335  0.31955
protocols.relax.FastRelax: CMD: coord_cst_weight  -1296.68  4.6335  4.6335  0.31955
protocols.relax.FastRelax: CMD: scale:fa_rep  -1086.35  4.6335  4.6335  0.55
core.pack.task: Packer task: initialize from command line() 
core.pack.pack_rotamers: built 6946 rotamers at 492 positions.
core.pack.interaction_graph.interaction_graph_factory: Instantiating DensePDInteractionGraph
protocols.relax.FastRelax: CMD: repack  -1096.16  4.6335  4.6335  0.55
protocols.relax.FastRelax: CMD: min  -1163.58  4.68511  4.68511  0.55
protocols.relax.FastRelax: MRP: 12  -1163.58  -1174.05  4.20797  4.20797  
protocols.relax.FastRelax: CMD: accept_to_best  -1163.58  4.68511  4.68511  0.55
protocols.relax.FastRelax: CMD: endrepeat  -1163.58  4.68511  4.68511  0.55
protocols.relax.FastRelax: CMD: coord_cst_weight  131490  4.68511  4.68511  0.55
protocols.relax.FastRelax: CMD: scale:fa_rep  131164  4.68511  4.68511  0.022
core.pack.task: Packer task: initialize from command line() 
core.pack.pack_rotamers: built 7703 rotamers at 492 positions.
core.pack.interaction_graph.interaction_graph_factory: Instantiating DensePDInteractionGraph
protocols.relax.FastRelax: CMD: repack  131138  4.68511  4.68511  0.022
protocols.relax.FastRelax: CMD: scale:fa_rep  131147  4.68511  4.68511  0.02805
core.optimization.Minimizer: [ WARNING ] LBFGS MAX CYCLES 2000 EXCEEDED, BUT FUNC NOT CONVERGED!
protocols.relax.FastRelax: CMD: min  -1238.52  0.190969  0.190969  0.02805
protocols.relax.FastRelax: CMD: coord_cst_weight  -1318.26  0.190969  0.190969  0.02805
protocols.relax.FastRelax: CMD: scale:fa_rep  -935.897  0.190969  0.190969  0.14575
core.pack.task: Packer task: initialize from command line() 
core.pack.pack_rotamers: built 7286 rotamers at 492 positions.
core.pack.interaction_graph.interaction_graph_factory: Instantiating DensePDInteractionGraph
protocols.relax.FastRelax: CMD: repack  -1012.94  0.190969  0.190969  0.14575
protocols.relax.FastRelax: CMD: scale:fa_rep  -991.525  0.190969  0.190969  0.154
protocols.relax.FastRelax: CMD: min  -1183.14  0.229607  0.229607  0.154
protocols.relax.FastRelax: CMD: coord_cst_weight  -1299.41  0.229607  0.229607  0.154
protocols.relax.FastRelax: CMD: scale:fa_rep  -1119.84  0.229607  0.229607  0.30745
core.pack.task: Packer task: initialize from command line() 
core.pack.pack_rotamers: built 7112 rotamers at 492 positions.
core.pack.interaction_graph.interaction_graph_factory: Instantiating DensePDInteractionGraph
protocols.relax.FastRelax: CMD: repack  -1121.56  0.229607  0.229607  0.30745
protocols.relax.FastRelax: CMD: scale:fa_rep  -1107.49  0.229607  0.229607  0.31955
protocols.relax.FastRelax: CMD: min  -1315.37  4.45164  4.45164  0.31955
protocols.relax.FastRelax: CMD: coord_cst_weight  -1315.37  4.45164  4.45164  0.31955
protocols.relax.FastRelax: CMD: scale:fa_rep  -1113.61  4.45164  4.45164  0.55
core.pack.task: Packer task: initialize from command line() 
core.pack.pack_rotamers: built 6983 rotamers at 492 positions.
core.pack.interaction_graph.interaction_graph_factory: Instantiating DensePDInteractionGraph
protocols.relax.FastRelax: CMD: repack  -1117.68  4.45164  4.45164  0.55
protocols.relax.FastRelax: CMD: min  -1174.03  4.51775  4.51775  0.55
protocols.relax.FastRelax: MRP: 13  -1174.03  -1174.05  4.20797  4.20797  
protocols.relax.FastRelax: CMD: accept_to_best  -1174.03  4.51775  4.51775  0.55
protocols.relax.FastRelax: CMD: endrepeat  -1174.03  4.51775  4.51775  0.55
protocols.relax.FastRelax: CMD: coord_cst_weight  118824  4.51775  4.51775  0.55
protocols.relax.FastRelax: CMD: scale:fa_rep  118495  4.51775  4.51775  0.022
core.pack.task: Packer task: initialize from command line() 
core.pack.pack_rotamers: built 7667 rotamers at 492 positions.
core.pack.interaction_graph.interaction_graph_factory: Instantiating DensePDInteractionGraph
protocols.relax.FastRelax: CMD: repack  118480  4.51775  4.51775  0.022
protocols.relax.FastRelax: CMD: scale:fa_rep  118489  4.51775  4.51775  0.02805
core.optimization.Minimizer: [ WARNING ] LBFGS MAX CYCLES 2000 EXCEEDED, BUT FUNC NOT CONVERGED!
protocols.relax.FastRelax: CMD: min  -1263.3  0.187841  0.187841  0.02805
protocols.relax.FastRelax: CMD: coord_cst_weight  -1338.89  0.187841  0.187841  0.02805
protocols.relax.FastRelax: CMD: scale:fa_rep  -993.34  0.187841  0.187841  0.14575
core.pack.task: Packer task: initialize from command line() 
core.pack.pack_rotamers: built 7297 rotamers at 492 positions.
core.pack.interaction_graph.interaction_graph_factory: Instantiating DensePDInteractionGraph
protocols.relax.FastRelax: CMD: repack  -1026.91  0.187841  0.187841  0.14575
protocols.relax.FastRelax: CMD: scale:fa_rep  -1005.45  0.187841  0.187841  0.154
protocols.relax.FastRelax: CMD: min  -1183.19  0.235553  0.235553  0.154
protocols.relax.FastRelax: CMD: coord_cst_weight  -1302.85  0.235553  0.235553  0.154
protocols.relax.FastRelax: CMD: scale:fa_rep  -1123.06  0.235553  0.235553  0.30745
core.pack.task: Packer task: initialize from command line() 
core.pack.pack_rotamers: built 7053 rotamers at 492 positions.
core.pack.interaction_graph.interaction_graph_factory: Instantiating DensePDInteractionGraph
protocols.relax.FastRelax: CMD: repack  -1123.6  0.235553  0.235553  0.30745
protocols.relax.FastRelax: CMD: scale:fa_rep  -1109.63  0.235553  0.235553  0.31955
protocols.relax.FastRelax: CMD: min  -1327.11  3.62492  3.62492  0.31955
protocols.relax.FastRelax: CMD: coord_cst_weight  -1327.11  3.62492  3.62492  0.31955
protocols.relax.FastRelax: CMD: scale:fa_rep  -1123.81  3.62492  3.62492  0.55
core.pack.task: Packer task: initialize from command line() 
core.pack.pack_rotamers: built 6963 rotamers at 492 positions.
core.pack.interaction_graph.interaction_graph_factory: Instantiating DensePDInteractionGraph
protocols.relax.FastRelax: CMD: repack  -1126.51  3.62492  3.62492  0.55
protocols.relax.FastRelax: CMD: min  -1180.83  3.88381  3.88381  0.55
protocols.relax.FastRelax: MRP: 14  -1180.83  -1180.83  3.88381  3.88381  
protocols.relax.FastRelax: CMD: accept_to_best  -1180.83  3.88381  3.88381  0.55
protocols.relax.FastRelax: CMD: endrepeat  -1180.83  3.88381  3.88381  0.55
protocols::checkpoint: Deleting checkpoints of FastRelax
protocols.jd2.JobDistributor: target.BL00010001_1_0002 reported success in 14317 seconds
protocols.jd2.PDBJobInputter: PDBJobInputter::pose_from_job
protocols.jd2.PDBJobInputter: filling pose from PDB ../1-modeller/target.BL00010001.pdb
core.import_pose.import_pose: File '../1-modeller/target.BL00010001.pdb' automatically determined to be of type PDB from contents.
core.io.rcsb.ExperimentalTechnique: [ ERROR ] Unrecognized experimental technique string 'THEORETICAL MODEL, MODELLER 10.8 2026/08/10 16:18:02'
protocols.relax.FastRelax: CMD: repeat  4476.34  0  0  0.55
protocols.relax.FastRelax: CMD: coord_cst_weight  4476.34  0  0  0.55
protocols.relax.FastRelax: CMD: scale:fa_rep  806.987  0  0  0.022
core.pack.task: Packer task: initialize from command line() 
core.pack.pack_rotamers: built 8129 rotamers at 492 positions.
core.pack.interaction_graph.interaction_graph_factory: Instantiating DensePDInteractionGraph
protocols.relax.FastRelax: CMD: repack  -871.749  0  0  0.022
protocols.relax.FastRelax: CMD: scale:fa_rep  -832.781  0  0  0.02805
core.optimization.Minimizer: [ WARNING ] LBFGS MAX CYCLES 2000 EXCEEDED, BUT FUNC NOT CONVERGED!
protocols.relax.FastRelax: CMD: min  -1285.36  0.14929  0.14929  0.02805
protocols.relax.FastRelax: CMD: coord_cst_weight  -1332.41  0.14929  0.14929  0.02805
protocols.relax.FastRelax: CMD: scale:fa_rep  -945.1  0.14929  0.14929  0.14575
core.pack.task: Packer task: initialize from command line() 
core.pack.pack_rotamers: built 7389 rotamers at 492 positions.
core.pack.interaction_graph.interaction_graph_factory: Instantiating DensePDInteractionGraph
protocols.relax.FastRelax: CMD: repack  -989.922  0.14929  0.14929  0.14575
protocols.relax.FastRelax: CMD: scale:fa_rep  -967.944  0.14929  0.14929  0.154
protocols.relax.FastRelax: CMD: min  -1149.08  0.205772  0.205772  0.154
protocols.relax.FastRelax: CMD: coord_cst_weight  -1240.01  0.205772  0.205772  0.154
protocols.relax.FastRelax: CMD: scale:fa_rep  -1047.25  0.205772  0.205772  0.30745
core.pack.task: Packer task: initialize from command line() 
core.pack.pack_rotamers: built 7198 rotamers at 492 positions.
core.pack.interaction_graph.interaction_graph_factory: Instantiating DensePDInteractionGraph
protocols.relax.FastRelax: CMD: repack  -1049.14  0.205772  0.205772  0.30745
protocols.relax.FastRelax: CMD: scale:fa_rep  -1034.14  0.205772  0.205772  0.31955
protocols.relax.FastRelax: CMD: min  -1238.28  3.00564  3.00564  0.31955
protocols.relax.FastRelax: CMD: coord_cst_weight  -1238.28  3.00564  3.00564  0.31955
protocols.relax.FastRelax: CMD: scale:fa_rep  -1031.13  3.00564  3.00564  0.55
core.pack.task: Packer task: initialize from command line() 
core.pack.pack_rotamers: built 7131 rotamers at 492 positions.
core.pack.interaction_graph.interaction_graph_factory: Instantiating DensePDInteractionGraph
protocols.relax.FastRelax: CMD: repack  -1039.76  3.00564  3.00564  0.55
protocols.relax.FastRelax: CMD: min  -1099.16  3.05372  3.05372  0.55
protocols.relax.FastRelax: MRP: 0  -1099.16  -1099.16  3.05372  3.05372  
protocols.relax.FastRelax: CMD: accept_to_best  -1099.16  3.05372  3.05372  0.55
protocols.relax.FastRelax: CMD: endrepeat  -1099.16  3.05372  3.05372  0.55
protocols.relax.FastRelax: CMD: coord_cst_weight  81114.9  3.05372  3.05372  0.55
protocols.relax.FastRelax: CMD: scale:fa_rep  80783.2  3.05372  3.05372  0.022
core.pack.task: Packer task: initialize from command line() 
core.pack.pack_rotamers: built 7903 rotamers at 492 positions.
core.pack.interaction_graph.interaction_graph_factory: Instantiating DensePDInteractionGraph
protocols.relax.FastRelax: CMD: repack  80770.6  3.05372  3.05372  0.022
protocols.relax.FastRelax: CMD: scale:fa_rep  80782.2  3.05372  3.05372  0.02805
core.optimization.Minimizer: [ WARNING ] LBFGS MAX CYCLES 2000 EXCEEDED, BUT FUNC NOT CONVERGED!
protocols.relax.FastRelax: CMD: min  -1234.74  0.174157  0.174157  0.02805
protocols.relax.FastRelax: CMD: coord_cst_weight  -1300.31  0.174157  0.174157  0.02805
protocols.relax.FastRelax: CMD: scale:fa_rep  -941.038  0.174157  0.174157  0.14575
core.pack.task: Packer task: initialize from command line() 
core.pack.pack_rotamers: built 7399 rotamers at 492 positions.
core.pack.interaction_graph.interaction_graph_factory: Instantiating DensePDInteractionGraph
protocols.relax.FastRelax: CMD: repack  -1006.91  0.174157  0.174157  0.14575
protocols.relax.FastRelax: CMD: scale:fa_rep  -985.758  0.174157  0.174157  0.154
protocols.relax.FastRelax: CMD: min  -1164.69  0.215205  0.215205  0.154
protocols.relax.FastRelax: CMD: coord_cst_weight  -1266.37  0.215205  0.215205  0.154
protocols.relax.FastRelax: CMD: scale:fa_rep  -1077.57  0.215205  0.215205  0.30745
core.pack.task: Packer task: initialize from command line() 
core.pack.pack_rotamers: built 7171 rotamers at 492 positions.
core.pack.interaction_graph.interaction_graph_factory: Instantiating DensePDInteractionGraph
protocols.relax.FastRelax: CMD: repack  -1078.42  0.215205  0.215205  0.30745
protocols.relax.FastRelax: CMD: scale:fa_rep  -1063.76  0.215205  0.215205  0.31955
protocols.relax.FastRelax: CMD: min  -1253.89  2.61479  2.61479  0.31955
protocols.relax.FastRelax: CMD: coord_cst_weight  -1253.89  2.61479  2.61479  0.31955
protocols.relax.FastRelax: CMD: scale:fa_rep  -1048.76  2.61479  2.61479  0.55
core.pack.task: Packer task: initialize from command line() 
core.pack.pack_rotamers: built 7060 rotamers at 492 positions.
core.pack.interaction_graph.interaction_graph_factory: Instantiating DensePDInteractionGraph
protocols.relax.FastRelax: CMD: repack  -1051.15  2.61479  2.61479  0.55
protocols.relax.FastRelax: CMD: min  -1114.47  2.61284  2.61284  0.55
protocols.relax.FastRelax: MRP: 1  -1114.47  -1114.47  2.61284  2.61284  
protocols.relax.FastRelax: CMD: accept_to_best  -1114.47  2.61284  2.61284  0.55
protocols.relax.FastRelax: CMD: endrepeat  -1114.47  2.61284  2.61284  0.55
protocols.relax.FastRelax: CMD: coord_cst_weight  75466.6  2.61284  2.61284  0.55
protocols.relax.FastRelax: CMD: scale:fa_rep  75141.7  2.61284  2.61284  0.022
core.pack.task: Packer task: initialize from command line() 
core.pack.pack_rotamers: built 7842 rotamers at 492 positions.
core.pack.interaction_graph.interaction_graph_factory: Instantiating DensePDInteractionGraph
protocols.relax.FastRelax: CMD: repack  75117.4  2.61284  2.61284  0.022
protocols.relax.FastRelax: CMD: scale:fa_rep  75124.1  2.61284  2.61284  0.02805
core.optimization.Minimizer: [ WARNING ] LBFGS MAX CYCLES 2000 EXCEEDED, BUT FUNC NOT CONVERGED!
protocols.relax.FastRelax: CMD: min  -1279.16  0.173561  0.173561  0.02805
protocols.relax.FastRelax: CMD: coord_cst_weight  -1345.3  0.173561  0.173561  0.02805
protocols.relax.FastRelax: CMD: scale:fa_rep  -1020.85  0.173561  0.173561  0.14575
core.pack.task: Packer task: initialize from command line() 
core.pack.pack_rotamers: built 7412 rotamers at 492 positions.
core.pack.interaction_graph.interaction_graph_factory: Instantiating DensePDInteractionGraph
protocols.relax.FastRelax: CMD: repack  -1038.78  0.173561  0.173561  0.14575
protocols.relax.FastRelax: CMD: scale:fa_rep  -1017.89  0.173561  0.173561  0.154
protocols.relax.FastRelax: CMD: min  -1173.48  0.217237  0.217237  0.154
protocols.relax.FastRelax: CMD: coord_cst_weight  -1277.19  0.217237  0.217237  0.154
protocols.relax.FastRelax: CMD: scale:fa_rep  -1088.94  0.217237  0.217237  0.30745
core.pack.task: Packer task: initialize from command line() 
core.pack.pack_rotamers: built 7196 rotamers at 492 positions.
core.pack.interaction_graph.interaction_graph_factory: Instantiating DensePDInteractionGraph
protocols.relax.FastRelax: CMD: repack  -1090.61  0.217237  0.217237  0.30745
protocols.relax.FastRelax: CMD: scale:fa_rep  -1076.11  0.217237  0.217237  0.31955
protocols.relax.FastRelax: CMD: min  -1277.68  2.62343  2.62343  0.31955
protocols.relax.FastRelax: CMD: coord_cst_weight  -1277.68  2.62343  2.62343  0.31955
protocols.relax.FastRelax: CMD: scale:fa_rep  -1073.67  2.62343  2.62343  0.55
core.pack.task: Packer task: initialize from command line() 
core.pack.pack_rotamers: built 7076 rotamers at 492 positions.
core.pack.interaction_graph.interaction_graph_factory: Instantiating DensePDInteractionGraph
protocols.relax.FastRelax: CMD: repack  -1076.77  2.62343  2.62343  0.55
protocols.relax.FastRelax: CMD: min  -1134.49  2.38616  2.38616  0.55
protocols.relax.FastRelax: MRP: 2  -1134.49  -1134.49  2.38616  2.38616  
protocols.relax.FastRelax: CMD: accept_to_best  -1134.49  2.38616  2.38616  0.55
protocols.relax.FastRelax: CMD: endrepeat  -1134.49  2.38616  2.38616  0.55
protocols.relax.FastRelax: CMD: coord_cst_weight  55881.1  2.38616  2.38616  0.55
protocols.relax.FastRelax: CMD: scale:fa_rep  55558  2.38616  2.38616  0.022
core.pack.task: Packer task: initialize from command line() 
core.pack.pack_rotamers: built 7804 rotamers at 492 positions.
core.pack.interaction_graph.interaction_graph_factory: Instantiating DensePDInteractionGraph
protocols.relax.FastRelax: CMD: repack  55537.2  2.38616  2.38616  0.022
protocols.relax.FastRelax: CMD: scale:fa_rep  55544.2  2.38616  2.38616  0.02805
core.optimization.Minimizer: [ WARNING ] LBFGS MAX CYCLES 2000 EXCEEDED, BUT FUNC NOT CONVERGED!
protocols.relax.FastRelax: CMD: min  -1269.81  0.176468  0.176468  0.02805
protocols.relax.FastRelax: CMD: coord_cst_weight  -1337.77  0.176468  0.176468  0.02805
protocols.relax.FastRelax: CMD: scale:fa_rep  -995.78  0.176468  0.176468  0.14575
core.pack.task: Packer task: initialize from command line() 
core.pack.pack_rotamers: built 7341 rotamers at 492 positions.
core.pack.interaction_graph.interaction_graph_factory: Instantiating DensePDInteractionGraph
protocols.relax.FastRelax: CMD: repack  -1029.31  0.176468  0.176468  0.14575
protocols.relax.FastRelax: CMD: scale:fa_rep  -1007.99  0.176468  0.176468  0.154
protocols.relax.FastRelax: CMD: min  -1177.47  0.218773  0.218773  0.154
protocols.relax.FastRelax: CMD: coord_cst_weight  -1282.81  0.218773  0.218773  0.154
protocols.relax.FastRelax: CMD: scale:fa_rep  -1096.6  0.218773  0.218773  0.30745
core.pack.task: Packer task: initialize from command line() 
core.pack.pack_rotamers: built 7117 rotamers at 492 positions.
core.pack.interaction_graph.interaction_graph_factory: Instantiating DensePDInteractionGraph
protocols.relax.FastRelax: CMD: repack  -1098  0.218773  0.218773  0.30745
protocols.relax.FastRelax: CMD: scale:fa_rep  -1083.58  0.218773  0.218773  0.31955
protocols.relax.FastRelax: CMD: min  -1288.44  2.86485  2.86485  0.31955
protocols.relax.FastRelax: CMD: coord_cst_weight  -1288.44  2.86485  2.86485  0.31955
protocols.relax.FastRelax: CMD: scale:fa_rep  -1085.69  2.86485  2.86485  0.55
core.pack.task: Packer task: initialize from command line() 
core.pack.pack_rotamers: built 6988 rotamers at 492 positions.
core.pack.interaction_graph.interaction_graph_factory: Instantiating DensePDInteractionGraph
protocols.relax.FastRelax: CMD: repack  -1088.39  2.86485  2.86485  0.55
protocols.relax.FastRelax: CMD: min  -1136.2  3.35333  3.35333  0.55
protocols.relax.FastRelax: MRP: 3  -1136.2  -1136.2  3.35333  3.35333  
protocols.relax.FastRelax: CMD: accept_to_best  -1136.2  3.35333  3.35333  0.55
protocols.relax.FastRelax: CMD: endrepeat  -1136.2  3.35333  3.35333  0.55
protocols.relax.FastRelax: CMD: coord_cst_weight  122684  3.35333  3.35333  0.55
protocols.relax.FastRelax: CMD: scale:fa_rep  122360  3.35333  3.35333  0.022
core.pack.task: Packer task: initialize from command line() 
core.pack.pack_rotamers: built 7700 rotamers at 492 positions.
core.pack.interaction_graph.interaction_graph_factory: Instantiating DensePDInteractionGraph
protocols.relax.FastRelax: CMD: repack  122339  3.35333  3.35333  0.022
protocols.relax.FastRelax: CMD: scale:fa_rep  122348  3.35333  3.35333  0.02805
core.optimization.Minimizer: [ WARNING ] LBFGS MAX CYCLES 2000 EXCEEDED, BUT FUNC NOT CONVERGED!
protocols.relax.FastRelax: CMD: min  -1259.17  0.181527  0.181527  0.02805
protocols.relax.FastRelax: CMD: coord_cst_weight  -1331.68  0.181527  0.181527  0.02805
protocols.relax.FastRelax: CMD: scale:fa_rep  -955.863  0.181527  0.181527  0.14575
core.pack.task: Packer task: initialize from command line() 
core.pack.pack_rotamers: built 7366 rotamers at 492 positions.
core.pack.interaction_graph.interaction_graph_factory: Instantiating DensePDInteractionGraph
protocols.relax.FastRelax: CMD: repack  -1031.25  0.181527  0.181527  0.14575
protocols.relax.FastRelax: CMD: scale:fa_rep  -1010.78  0.181527  0.181527  0.154
protocols.relax.FastRelax: CMD: min  -1176.65  0.220026  0.220026  0.154
protocols.relax.FastRelax: CMD: coord_cst_weight  -1283.8  0.220026  0.220026  0.154
protocols.relax.FastRelax: CMD: scale:fa_rep  -1101.04  0.220026  0.220026  0.30745
core.pack.task: Packer task: initialize from command line() 
core.pack.pack_rotamers: built 7156 rotamers at 492 positions.
core.pack.interaction_graph.interaction_graph_factory: Instantiating DensePDInteractionGraph
protocols.relax.FastRelax: CMD: repack  -1101.92  0.220026  0.220026  0.30745
protocols.relax.FastRelax: CMD: scale:fa_rep  -1087.6  0.220026  0.220026  0.31955
protocols.relax.FastRelax: CMD: min  -1284.47  3.61087  3.61087  0.31955
protocols.relax.FastRelax: CMD: coord_cst_weight  -1284.47  3.61087  3.61087  0.31955
protocols.relax.FastRelax: CMD: scale:fa_rep  -1081.68  3.61087  3.61087  0.55
core.pack.task: Packer task: initialize from command line() 
core.pack.pack_rotamers: built 6992 rotamers at 492 positions.
core.pack.interaction_graph.interaction_graph_factory: Instantiating DensePDInteractionGraph
protocols.relax.FastRelax: CMD: repack  -1086.81  3.61087  3.61087  0.55
protocols.relax.FastRelax: CMD: min  -1137.92  3.58982  3.58982  0.55
protocols.relax.FastRelax: MRP: 4  -1137.92  -1137.92  3.58982  3.58982  
protocols.relax.FastRelax: CMD: accept_to_best  -1137.92  3.58982  3.58982  0.55
protocols.relax.FastRelax: CMD: endrepeat  -1137.92  3.58982  3.58982  0.55
protocols.relax.FastRelax: CMD: coord_cst_weight  81323.3  3.58982  3.58982  0.55
protocols.relax.FastRelax: CMD: scale:fa_rep  80999.6  3.58982  3.58982  0.022
core.pack.task: Packer task: initialize from command line() 
core.pack.pack_rotamers: built 7677 rotamers at 492 positions.
core.pack.interaction_graph.interaction_graph_factory: Instantiating DensePDInteractionGraph
protocols.relax.FastRelax: CMD: repack  80994.9  3.58982  3.58982  0.022
protocols.relax.FastRelax: CMD: scale:fa_rep  81003.5  3.58982  3.58982  0.02805
core.optimization.Minimizer: [ WARNING ] LBFGS MAX CYCLES 2000 EXCEEDED, BUT FUNC NOT CONVERGED!
protocols.relax.FastRelax: CMD: min  -1248.65  0.183981  0.183981  0.02805
protocols.relax.FastRelax: CMD: coord_cst_weight  -1322.57  0.183981  0.183981  0.02805
protocols.relax.FastRelax: CMD: scale:fa_rep  -951.362  0.183981  0.183981  0.14575
core.pack.task: Packer task: initialize from command line() 
core.pack.pack_rotamers: built 7365 rotamers at 492 positions.
core.pack.interaction_graph.interaction_graph_factory: Instantiating DensePDInteractionGraph
protocols.relax.FastRelax: CMD: repack  -1025.61  0.183981  0.183981  0.14575
protocols.relax.FastRelax: CMD: scale:fa_rep  -1004.07  0.183981  0.183981  0.154
protocols.relax.FastRelax: CMD: min  -1175.83  0.224851  0.224851  0.154
protocols.relax.FastRelax: CMD: coord_cst_weight  -1286.07  0.224851  0.224851  0.154
protocols.relax.FastRelax: CMD: scale:fa_rep  -1101.49  0.224851  0.224851  0.30745
core.pack.task: Packer task: initialize from command line() 
core.pack.pack_rotamers: built 7142 rotamers at 492 positions.
core.pack.interaction_graph.interaction_graph_factory: Instantiating DensePDInteractionGraph
protocols.relax.FastRelax: CMD: repack  -1098.72  0.224851  0.224851  0.30745
protocols.relax.FastRelax: CMD: scale:fa_rep  -1084.11  0.224851  0.224851  0.31955
protocols.relax.FastRelax: CMD: min  -1286.1  3.65125  3.65125  0.31955
protocols.relax.FastRelax: CMD: coord_cst_weight  -1286.1  3.65125  3.65125  0.31955
protocols.relax.FastRelax: CMD: scale:fa_rep  -1080.39  3.65125  3.65125  0.55
core.pack.task: Packer task: initialize from command line() 
core.pack.pack_rotamers: built 7011 rotamers at 492 positions.
core.pack.interaction_graph.interaction_graph_factory: Instantiating DensePDInteractionGraph
protocols.relax.FastRelax: CMD: repack  -1076.85  3.65125  3.65125  0.55
protocols.relax.FastRelax: CMD: min  -1136.15  3.64214  3.64214  0.55
protocols.relax.FastRelax: MRP: 5  -1136.15  -1137.92  3.58982  3.58982  
protocols.relax.FastRelax: CMD: accept_to_best  -1136.15  3.64214  3.64214  0.55
protocols.relax.FastRelax: CMD: endrepeat  -1136.15  3.64214  3.64214  0.55
protocols.relax.FastRelax: CMD: coord_cst_weight  81909.2  3.64214  3.64214  0.55
protocols.relax.FastRelax: CMD: scale:fa_rep  81585  3.64214  3.64214  0.022
core.pack.task: Packer task: initialize from command line() 
core.pack.pack_rotamers: built 7709 rotamers at 492 positions.
core.pack.interaction_graph.interaction_graph_factory: Instantiating DensePDInteractionGraph
protocols.relax.FastRelax: CMD: repack  81558.2  3.64214  3.64214  0.022
protocols.relax.FastRelax: CMD: scale:fa_rep  81564.7  3.64214  3.64214  0.02805
core.optimization.Minimizer: [ WARNING ] LBFGS MAX CYCLES 2000 EXCEEDED, BUT FUNC NOT CONVERGED!
protocols.relax.FastRelax: CMD: min  -1259.16  0.185537  0.185537  0.02805
protocols.relax.FastRelax: CMD: coord_cst_weight  -1332.66  0.185537  0.185537  0.02805
protocols.relax.FastRelax: CMD: scale:fa_rep  -978.852  0.185537  0.185537  0.14575
core.pack.task: Packer task: initialize from command line() 
core.pack.pack_rotamers: built 7398 rotamers at 492 positions.
core.pack.interaction_graph.interaction_graph_factory: Instantiating DensePDInteractionGraph
protocols.relax.FastRelax: CMD: repack  -1036.7  0.185537  0.185537  0.14575
protocols.relax.FastRelax: CMD: scale:fa_rep  -1015.69  0.185537  0.185537  0.154
protocols.relax.FastRelax: CMD: min  -1184.29  0.224325  0.224325  0.154
protocols.relax.FastRelax: CMD: coord_cst_weight  -1293.57  0.224325  0.224325  0.154
protocols.relax.FastRelax: CMD: scale:fa_rep  -1110.9  0.224325  0.224325  0.30745
core.pack.task: Packer task: initialize from command line() 
core.pack.pack_rotamers: built 7183 rotamers at 492 positions.
core.pack.interaction_graph.interaction_graph_factory: Instantiating DensePDInteractionGraph
protocols.relax.FastRelax: CMD: repack  -1111.9  0.224325  0.224325  0.30745
protocols.relax.FastRelax: CMD: scale:fa_rep  -1097.62  0.224325  0.224325  0.31955
protocols.relax.FastRelax: CMD: min  -1278.08  2.92891  2.92891  0.31955
protocols.relax.FastRelax: CMD: coord_cst_weight  -1278.08  2.92891  2.92891  0.31955
protocols.relax.FastRelax: CMD: scale:fa_rep  -1070.27  2.92891  2.92891  0.55
core.pack.task: Packer task: initialize from command line() 
core.pack.pack_rotamers: built 7049 rotamers at 492 positions.
core.pack.interaction_graph.interaction_graph_factory: Instantiating DensePDInteractionGraph
protocols.relax.FastRelax: CMD: repack  -1072.66  2.92891  2.92891  0.55
protocols.relax.FastRelax: CMD: min  -1131.39  2.73635  2.73635  0.55
protocols.relax.FastRelax: MRP: 6  -1131.39  -1137.92  3.58982  3.58982  
protocols.relax.FastRelax: CMD: accept_to_best  -1131.39  2.73635  2.73635  0.55
protocols.relax.FastRelax: CMD: endrepeat  -1131.39  2.73635  2.73635  0.55
protocols.relax.FastRelax: CMD: coord_cst_weight  58565.7  2.73635  2.73635  0.55
protocols.relax.FastRelax: CMD: scale:fa_rep  58236.7  2.73635  2.73635  0.022
core.pack.task: Packer task: initialize from command line() 
core.pack.pack_rotamers: built 7768 rotamers at 492 positions.
core.pack.interaction_graph.interaction_graph_factory: Instantiating DensePDInteractionGraph
protocols.relax.FastRelax: CMD: repack  58236.4  2.73635  2.73635  0.022
protocols.relax.FastRelax: CMD: scale:fa_rep  58247  2.73635  2.73635  0.02805
core.optimization.Minimizer: [ WARNING ] LBFGS MAX CYCLES 2000 EXCEEDED, BUT FUNC NOT CONVERGED!
protocols.relax.FastRelax: CMD: min  -1245.92  0.181913  0.181913  0.02805
protocols.relax.FastRelax: CMD: coord_cst_weight  -1317.94  0.181913  0.181913  0.02805
protocols.relax.FastRelax: CMD: scale:fa_rep  -936.842  0.181913  0.181913  0.14575
core.pack.task: Packer task: initialize from command line() 
core.pack.pack_rotamers: built 7389 rotamers at 492 positions.
core.pack.interaction_graph.interaction_graph_factory: Instantiating DensePDInteractionGraph
protocols.relax.FastRelax: CMD: repack  -1034.08  0.181913  0.181913  0.14575
protocols.relax.FastRelax: CMD: scale:fa_rep  -1013.85  0.181913  0.181913  0.154
protocols.relax.FastRelax: CMD: min  -1180.52  0.220202  0.220202  0.154
protocols.relax.FastRelax: CMD: coord_cst_weight  -1286.96  0.220202  0.220202  0.154
protocols.relax.FastRelax: CMD: scale:fa_rep  -1106.54  0.220202  0.220202  0.30745
core.pack.task: Packer task: initialize from command line() 
core.pack.pack_rotamers: built 7185 rotamers at 492 positions.
core.pack.interaction_graph.interaction_graph_factory: Instantiating DensePDInteractionGraph
protocols.relax.FastRelax: CMD: repack  -1106.66  0.220202  0.220202  0.30745
protocols.relax.FastRelax: CMD: scale:fa_rep  -1092.54  0.220202  0.220202  0.31955
protocols.relax.FastRelax: CMD: min  -1274.51  2.21653  2.21653  0.31955
protocols.relax.FastRelax: CMD: coord_cst_weight  -1274.51  2.21653  2.21653  0.31955
protocols.relax.FastRelax: CMD: scale:fa_rep  -1070.91  2.21653  2.21653  0.55
core.pack.task: Packer task: initialize from command line() 
core.pack.pack_rotamers: built 7092 rotamers at 492 positions.
core.pack.interaction_graph.interaction_graph_factory: Instantiating DensePDInteractionGraph
protocols.relax.FastRelax: CMD: repack  -1078.9  2.21653  2.21653  0.55
protocols.relax.FastRelax: CMD: min  -1141.02  2.45449  2.45449  0.55
protocols.relax.FastRelax: MRP: 7  -1141.02  -1141.02  2.45449  2.45449  
protocols.relax.FastRelax: CMD: accept_to_best  -1141.02  2.45449  2.45449  0.55
protocols.relax.FastRelax: CMD: endrepeat  -1141.02  2.45449  2.45449  0.55
protocols.relax.FastRelax: CMD: coord_cst_weight  40614.8  2.45449  2.45449  0.55
protocols.relax.FastRelax: CMD: scale:fa_rep  40291.7  2.45449  2.45449  0.022
core.pack.task: Packer task: initialize from command line() 
core.pack.pack_rotamers: built 7753 rotamers at 492 positions.
core.pack.interaction_graph.interaction_graph_factory: Instantiating DensePDInteractionGraph
protocols.relax.FastRelax: CMD: repack  40280.6  2.45449  2.45449  0.022
protocols.relax.FastRelax: CMD: scale:fa_rep  40287.3  2.45449  2.45449  0.02805
core.optimization.Minimizer: [ WARNING ] LBFGS MAX CYCLES 2000 EXCEEDED, BUT FUNC NOT CONVERGED!
protocols.relax.FastRelax: CMD: min  -1285.93  0.175662  0.175662  0.02805
protocols.relax.FastRelax: CMD: coord_cst_weight  -1353.5  0.175662  0.175662  0.02805
protocols.relax.FastRelax: CMD: scale:fa_rep  -1020.52  0.175662  0.175662  0.14575
core.pack.task: Packer task: initialize from command line() 
core.pack.pack_rotamers: built 7404 rotamers at 492 positions.
core.pack.interaction_graph.interaction_graph_factory: Instantiating DensePDInteractionGraph
protocols.relax.FastRelax: CMD: repack  -1044.45  0.175662  0.175662  0.14575
protocols.relax.FastRelax: CMD: scale:fa_rep  -1022.75  0.175662  0.175662  0.154
protocols.relax.FastRelax: CMD: min  -1185.16  0.225154  0.225154  0.154
protocols.relax.FastRelax: CMD: coord_cst_weight  -1295.06  0.225154  0.225154  0.154
protocols.relax.FastRelax: CMD: scale:fa_rep  -1109.08  0.225154  0.225154  0.30745
core.pack.task: Packer task: initialize from command line() 
core.pack.pack_rotamers: built 7171 rotamers at 492 positions.
core.pack.interaction_graph.interaction_graph_factory: Instantiating DensePDInteractionGraph
protocols.relax.FastRelax: CMD: repack  -1109.33  0.225154  0.225154  0.30745
protocols.relax.FastRelax: CMD: scale:fa_rep  -1094.77  0.225154  0.225154  0.31955
protocols.relax.FastRelax: CMD: min  -1293.05  3.69527  3.69527  0.31955
protocols.relax.FastRelax: CMD: coord_cst_weight  -1293.05  3.69527  3.69527  0.31955
protocols.relax.FastRelax: CMD: scale:fa_rep  -1088.16  3.69527  3.69527  0.55
core.pack.task: Packer task: initialize from command line() 
core.pack.pack_rotamers: built 7073 rotamers at 492 positions.
core.pack.interaction_graph.interaction_graph_factory: Instantiating DensePDInteractionGraph
protocols.relax.FastRelax: CMD: repack  -1088.7  3.69527  3.69527  0.55
protocols.relax.FastRelax: CMD: min  -1139.51  3.87895  3.87895  0.55
protocols.relax.FastRelax: MRP: 8  -1139.51  -1141.02  2.45449  2.45449  
protocols.relax.FastRelax: CMD: accept_to_best  -1139.51  3.87895  3.87895  0.55
protocols.relax.FastRelax: CMD: endrepeat  -1139.51  3.87895  3.87895  0.55
protocols.relax.FastRelax: CMD: coord_cst_weight  122509  3.87895  3.87895  0.55
protocols.relax.FastRelax: CMD: scale:fa_rep  122181  3.87895  3.87895  0.022
core.pack.task: Packer task: initialize from command line() 
core.pack.pack_rotamers: built 7808 rotamers at 492 positions.
core.pack.interaction_graph.interaction_graph_factory: Instantiating DensePDInteractionGraph
protocols.relax.FastRelax: CMD: repack  122169  3.87895  3.87895  0.022
protocols.relax.FastRelax: CMD: scale:fa_rep  122175  3.87895  3.87895  0.02805
core.optimization.Minimizer: [ WARNING ] LBFGS MAX CYCLES 2000 EXCEEDED, BUT FUNC NOT CONVERGED!
protocols.relax.FastRelax: CMD: min  -1269.18  0.180818  0.180818  0.02805
protocols.relax.FastRelax: CMD: coord_cst_weight  -1339.11  0.180818  0.180818  0.02805
protocols.relax.FastRelax: CMD: scale:fa_rep  -975.628  0.180818  0.180818  0.14575
core.pack.task: Packer task: initialize from command line() 
core.pack.pack_rotamers: built 7381 rotamers at 492 positions.
core.pack.interaction_graph.interaction_graph_factory: Instantiating DensePDInteractionGraph
protocols.relax.FastRelax: CMD: repack  -1025.75  0.180818  0.180818  0.14575
protocols.relax.FastRelax: CMD: scale:fa_rep  -1003.71  0.180818  0.180818  0.154
protocols.relax.FastRelax: CMD: min  -1180.54  0.227363  0.227363  0.154
protocols.relax.FastRelax: CMD: coord_cst_weight  -1291.65  0.227363  0.227363  0.154
protocols.relax.FastRelax: CMD: scale:fa_rep  -1104.93  0.227363  0.227363  0.30745
core.pack.task: Packer task: initialize from command line() 
core.pack.pack_rotamers: built 7209 rotamers at 492 positions.
core.pack.interaction_graph.interaction_graph_factory: Instantiating DensePDInteractionGraph
protocols.relax.FastRelax: CMD: repack  -1106.07  0.227363  0.227363  0.30745
protocols.relax.FastRelax: CMD: scale:fa_rep  -1091.46  0.227363  0.227363  0.31955
protocols.relax.FastRelax: CMD: min  -1299.04  3.07517  3.07517  0.31955
protocols.relax.FastRelax: CMD: coord_cst_weight  -1299.04  3.07517  3.07517  0.31955
protocols.relax.FastRelax: CMD: scale:fa_rep  -1096.6  3.07517  3.07517  0.55
core.pack.task: Packer task: initialize from command line() 
core.pack.pack_rotamers: built 7040 rotamers at 492 positions.
core.pack.interaction_graph.interaction_graph_factory: Instantiating DensePDInteractionGraph
protocols.relax.FastRelax: CMD: repack  -1099.84  3.07517  3.07517  0.55
protocols.relax.FastRelax: CMD: min  -1152.98  3.44661  3.44661  0.55
protocols.relax.FastRelax: MRP: 9  -1152.98  -1152.98  3.44661  3.44661  
protocols.relax.FastRelax: CMD: accept_to_best  -1152.98  3.44661  3.44661  0.55
protocols.relax.FastRelax: CMD: endrepeat  -1152.98  3.44661  3.44661  0.55
protocols.relax.FastRelax: CMD: coord_cst_weight  92104.4  3.44661  3.44661  0.55
protocols.relax.FastRelax: CMD: scale:fa_rep  91779.4  3.44661  3.44661  0.022
core.pack.task: Packer task: initialize from command line() 
core.pack.pack_rotamers: built 7745 rotamers at 492 positions.
core.pack.interaction_graph.interaction_graph_factory: Instantiating DensePDInteractionGraph
protocols.relax.FastRelax: CMD: repack  91758.5  3.44661  3.44661  0.022
protocols.relax.FastRelax: CMD: scale:fa_rep  91766.5  3.44661  3.44661  0.02805
core.optimization.Minimizer: [ WARNING ] LBFGS MAX CYCLES 2000 EXCEEDED, BUT FUNC NOT CONVERGED!
protocols.relax.FastRelax: CMD: min  -1261.43  0.184655  0.184655  0.02805
protocols.relax.FastRelax: CMD: coord_cst_weight  -1332.85  0.184655  0.184655  0.02805
protocols.relax.FastRelax: CMD: scale:fa_rep  -962.395  0.184655  0.184655  0.14575
core.pack.task: Packer task: initialize from command line() 
core.pack.pack_rotamers: built 7389 rotamers at 492 positions.
core.pack.interaction_graph.interaction_graph_factory: Instantiating DensePDInteractionGraph
protocols.relax.FastRelax: CMD: repack  -1003.28  0.184655  0.184655  0.14575
protocols.relax.FastRelax: CMD: scale:fa_rep  -980.417  0.184655  0.184655  0.154
protocols.relax.FastRelax: CMD: min  -1168.27  0.235371  0.235371  0.154
protocols.relax.FastRelax: CMD: coord_cst_weight  -1284.28  0.235371  0.235371  0.154
protocols.relax.FastRelax: CMD: scale:fa_rep  -1095.34  0.235371  0.235371  0.30745
core.pack.task: Packer task: initialize from command line() 
core.pack.pack_rotamers: built 7160 rotamers at 492 positions.
core.pack.interaction_graph.interaction_graph_factory: Instantiating DensePDInteractionGraph
protocols.relax.FastRelax: CMD: repack  -1097.38  0.235371  0.235371  0.30745
protocols.relax.FastRelax: CMD: scale:fa_rep  -1082.6  0.235371  0.235371  0.31955
protocols.relax.FastRelax: CMD: min  -1290.42  3.00131  3.00131  0.31955
protocols.relax.FastRelax: CMD: coord_cst_weight  -1290.42  3.00131  3.00131  0.31955
protocols.relax.FastRelax: CMD: scale:fa_rep  -1084.76  3.00131  3.00131  0.55
core.pack.task: Packer task: initialize from command line() 
core.pack.pack_rotamers: built 7035 rotamers at 492 positions.
core.pack.interaction_graph.interaction_graph_factory: Instantiating DensePDInteractionGraph
protocols.relax.FastRelax: CMD: repack  -1089.75  3.00131  3.00131  0.55
protocols.relax.FastRelax: CMD: min  -1149.68  3.19717  3.19717  0.55
protocols.relax.FastRelax: MRP: 10  -1149.68  -1152.98  3.44661  3.44661  
protocols.relax.FastRelax: CMD: accept_to_best  -1149.68  3.19717  3.19717  0.55
protocols.relax.FastRelax: CMD: endrepeat  -1149.68  3.19717  3.19717  0.55
protocols.relax.FastRelax: CMD: coord_cst_weight  81319.5  3.19717  3.19717  0.55
protocols.relax.FastRelax: CMD: scale:fa_rep  80991.8  3.19717  3.19717  0.022
core.pack.task: Packer task: initialize from command line() 
core.pack.pack_rotamers: built 7761 rotamers at 492 positions.
core.pack.interaction_graph.interaction_graph_factory: Instantiating DensePDInteractionGraph
protocols.relax.FastRelax: CMD: repack  80967.7  3.19717  3.19717  0.022
protocols.relax.FastRelax: CMD: scale:fa_rep  80974.6  3.19717  3.19717  0.02805
core.optimization.Minimizer: [ WARNING ] LBFGS MAX CYCLES 2000 EXCEEDED, BUT FUNC NOT CONVERGED!
protocols.relax.FastRelax: CMD: min  -1269.74  0.188749  0.188749  0.02805
protocols.relax.FastRelax: CMD: coord_cst_weight  -1343.83  0.188749  0.188749  0.02805
protocols.relax.FastRelax: CMD: scale:fa_rep  -983.451  0.188749  0.188749  0.14575
core.pack.task: Packer task: initialize from command line() 
core.pack.pack_rotamers: built 7403 rotamers at 492 positions.
core.pack.interaction_graph.interaction_graph_factory: Instantiating DensePDInteractionGraph
protocols.relax.FastRelax: CMD: repack  -1015.75  0.188749  0.188749  0.14575
protocols.relax.FastRelax: CMD: scale:fa_rep  -993.437  0.188749  0.188749  0.154
protocols.relax.FastRelax: CMD: min  -1170.58  0.237554  0.237554  0.154
protocols.relax.FastRelax: CMD: coord_cst_weight  -1288.77  0.237554  0.237554  0.154
protocols.relax.FastRelax: CMD: scale:fa_rep  -1099.45  0.237554  0.237554  0.30745
core.pack.task: Packer task: initialize from command line() 
core.pack.pack_rotamers: built 7171 rotamers at 492 positions.
core.pack.interaction_graph.interaction_graph_factory: Instantiating DensePDInteractionGraph
protocols.relax.FastRelax: CMD: repack  -1097.36  0.237554  0.237554  0.30745
protocols.relax.FastRelax: CMD: scale:fa_rep  -1082.5  0.237554  0.237554  0.31955
protocols.relax.FastRelax: CMD: min  -1293.78  3.34196  3.34196  0.31955
protocols.relax.FastRelax: CMD: coord_cst_weight  -1293.78  3.34196  3.34196  0.31955
protocols.relax.FastRelax: CMD: scale:fa_rep  -1086.27  3.34196  3.34196  0.55
core.pack.task: Packer task: initialize from command line() 
core.pack.pack_rotamers: built 7019 rotamers at 492 positions.
core.pack.interaction_graph.interaction_graph_factory: Instantiating DensePDInteractionGraph
protocols.relax.FastRelax: CMD: repack  -1089.2  3.34196  3.34196  0.55
protocols.relax.FastRelax: CMD: min  -1152.38  3.67491  3.67491  0.55
protocols.relax.FastRelax: MRP: 11  -1152.38  -1152.98  3.44661  3.44661  
protocols.relax.FastRelax: CMD: accept_to_best  -1152.38  3.67491  3.67491  0.55
protocols.relax.FastRelax: CMD: endrepeat  -1152.38  3.67491  3.67491  0.55
protocols.relax.FastRelax: CMD: coord_cst_weight  112050  3.67491  3.67491  0.55
protocols.relax.FastRelax: CMD: scale:fa_rep  111721  3.67491  3.67491  0.022
core.pack.task: Packer task: initialize from command line() 
core.pack.pack_rotamers: built 7786 rotamers at 492 positions.
core.pack.interaction_graph.interaction_graph_factory: Instantiating DensePDInteractionGraph
protocols.relax.FastRelax: CMD: repack  111698  3.67491  3.67491  0.022
protocols.relax.FastRelax: CMD: scale:fa_rep  111705  3.67491  3.67491  0.02805
core.optimization.Minimizer: [ WARNING ] LBFGS MAX CYCLES 2000 EXCEEDED, BUT FUNC NOT CONVERGED!
protocols.relax.FastRelax: CMD: min  -1264.56  0.189352  0.189352  0.02805
protocols.relax.FastRelax: CMD: coord_cst_weight  -1340.13  0.189352  0.189352  0.02805
protocols.relax.FastRelax: CMD: scale:fa_rep  -988.843  0.189352  0.189352  0.14575
core.pack.task: Packer task: initialize from command line() 
core.pack.pack_rotamers: built 7357 rotamers at 492 positions.
core.pack.interaction_graph.interaction_graph_factory: Instantiating DensePDInteractionGraph
protocols.relax.FastRelax: CMD: repack  -1013.34  0.189352  0.189352  0.14575
protocols.relax.FastRelax: CMD: scale:fa_rep  -991  0.189352  0.189352  0.154
protocols.relax.FastRelax: CMD: min  -1176.4  0.232653  0.232653  0.154
protocols.relax.FastRelax: CMD: coord_cst_weight  -1292.09  0.232653  0.232653  0.154
protocols.relax.FastRelax: CMD: scale:fa_rep  -1103.94  0.232653  0.232653  0.30745
core.pack.task: Packer task: initialize from command line() 
core.pack.pack_rotamers: built 7139 rotamers at 492 positions.
core.pack.interaction_graph.interaction_graph_factory: Instantiating DensePDInteractionGraph
protocols.relax.FastRelax: CMD: repack  -1105.39  0.232653  0.232653  0.30745
protocols.relax.FastRelax: CMD: scale:fa_rep  -1090.69  0.232653  0.232653  0.31955
protocols.relax.FastRelax: CMD: min  -1280.06  2.73764  2.73764  0.31955
protocols.relax.FastRelax: CMD: coord_cst_weight  -1280.06  2.73764  2.73764  0.31955
protocols.relax.FastRelax: CMD: scale:fa_rep  -1075.38  2.73764  2.73764  0.55
core.pack.task: Packer task: initialize from command line() 
core.pack.pack_rotamers: built 7017 rotamers at 492 positions.
core.pack.interaction_graph.interaction_graph_factory: Instantiating DensePDInteractionGraph
protocols.relax.FastRelax: CMD: repack  -1080.06  2.73764  2.73764  0.55
protocols.relax.FastRelax: CMD: min  -1137.18  3.29835  3.29835  0.55
protocols.relax.FastRelax: MRP: 12  -1137.18  -1152.98  3.44661  3.44661  
protocols.relax.FastRelax: CMD: accept_to_best  -1137.18  3.29835  3.29835  0.55
protocols.relax.FastRelax: CMD: endrepeat  -1137.18  3.29835  3.29835  0.55
protocols.relax.FastRelax: CMD: coord_cst_weight  66945.7  3.29835  3.29835  0.55
protocols.relax.FastRelax: CMD: scale:fa_rep  66618.4  3.29835  3.29835  0.022
core.pack.task: Packer task: initialize from command line() 
core.pack.pack_rotamers: built 7765 rotamers at 492 positions.
core.pack.interaction_graph.interaction_graph_factory: Instantiating DensePDInteractionGraph
protocols.relax.FastRelax: CMD: repack  66597.4  3.29835  3.29835  0.022
protocols.relax.FastRelax: CMD: scale:fa_rep  66603.5  3.29835  3.29835  0.02805
core.optimization.Minimizer: [ WARNING ] LBFGS MAX CYCLES 2000 EXCEEDED, BUT FUNC NOT CONVERGED!
protocols.relax.FastRelax: CMD: min  -1284.41  0.184065  0.184065  0.02805
protocols.relax.FastRelax: CMD: coord_cst_weight  -1356.15  0.184065  0.184065  0.02805
protocols.relax.FastRelax: CMD: scale:fa_rep  -1011.56  0.184065  0.184065  0.14575
core.pack.task: Packer task: initialize from command line() 
core.pack.pack_rotamers: built 7356 rotamers at 492 positions.
core.pack.interaction_graph.interaction_graph_factory: Instantiating DensePDInteractionGraph
protocols.relax.FastRelax: CMD: repack  -1039.28  0.184065  0.184065  0.14575
protocols.relax.FastRelax: CMD: scale:fa_rep  -1017.92  0.184065  0.184065  0.154
protocols.relax.FastRelax: CMD: min  -1181.56  0.234136  0.234136  0.154
protocols.relax.FastRelax: CMD: coord_cst_weight  -1298.31  0.234136  0.234136  0.154
protocols.relax.FastRelax: CMD: scale:fa_rep  -1116.12  0.234136  0.234136  0.30745
core.pack.task: Packer task: initialize from command line() 
core.pack.pack_rotamers: built 7183 rotamers at 492 positions.
core.pack.interaction_graph.interaction_graph_factory: Instantiating DensePDInteractionGraph
protocols.relax.FastRelax: CMD: repack  -1116.9  0.234136  0.234136  0.30745
protocols.relax.FastRelax: CMD: scale:fa_rep  -1102.6  0.234136  0.234136  0.31955
protocols.relax.FastRelax: CMD: min  -1305.61  3.5368  3.5368  0.31955
protocols.relax.FastRelax: CMD: coord_cst_weight  -1305.61  3.5368  3.5368  0.31955
protocols.relax.FastRelax: CMD: scale:fa_rep  -1100.03  3.5368  3.5368  0.55
core.pack.task: Packer task: initialize from command line() 
core.pack.pack_rotamers: built 6959 rotamers at 492 positions.
core.pack.interaction_graph.interaction_graph_factory: Instantiating DensePDInteractionGraph
protocols.relax.FastRelax: CMD: repack  -1102.91  3.5368  3.5368  0.55
protocols.relax.FastRelax: CMD: min  -1160.41  4.23103  4.23103  0.55
protocols.relax.FastRelax: MRP: 13  -1160.41  -1160.41  4.23103  4.23103  
protocols.relax.FastRelax: CMD: accept_to_best  -1160.41  4.23103  4.23103  0.55
protocols.relax.FastRelax: CMD: endrepeat  -1160.41  4.23103  4.23103  0.55
protocols.relax.FastRelax: CMD: coord_cst_weight  97374.6  4.23103  4.23103  0.55
protocols.relax.FastRelax: CMD: scale:fa_rep  97047.1  4.23103  4.23103  0.022
core.pack.task: Packer task: initialize from command line() 
core.pack.pack_rotamers: built 7770 rotamers at 492 positions.
core.pack.interaction_graph.interaction_graph_factory: Instantiating DensePDInteractionGraph
protocols.relax.FastRelax: CMD: repack  97030.4  4.23103  4.23103  0.022
protocols.relax.FastRelax: CMD: scale:fa_rep  97037.1  4.23103  4.23103  0.02805
core.optimization.Minimizer: [ WARNING ] LBFGS MAX CYCLES 2000 EXCEEDED, BUT FUNC NOT CONVERGED!
protocols.relax.FastRelax: CMD: min  -1267.14  0.188966  0.188966  0.02805
protocols.relax.FastRelax: CMD: coord_cst_weight  -1343.02  0.188966  0.188966  0.02805
protocols.relax.FastRelax: CMD: scale:fa_rep  -1010.38  0.188966  0.188966  0.14575
core.pack.task: Packer task: initialize from command line() 
core.pack.pack_rotamers: built 7359 rotamers at 492 positions.
core.pack.interaction_graph.interaction_graph_factory: Instantiating DensePDInteractionGraph
protocols.relax.FastRelax: CMD: repack  -1020.91  0.188966  0.188966  0.14575
protocols.relax.FastRelax: CMD: scale:fa_rep  -998.732  0.188966  0.188966  0.154
protocols.relax.FastRelax: CMD: min  -1178.58  0.23486  0.23486  0.154
protocols.relax.FastRelax: CMD: coord_cst_weight  -1296.34  0.23486  0.23486  0.154
protocols.relax.FastRelax: CMD: scale:fa_rep  -1110.1  0.23486  0.23486  0.30745
core.pack.task: Packer task: initialize from command line() 
core.pack.pack_rotamers: built 7129 rotamers at 492 positions.
core.pack.interaction_graph.interaction_graph_factory: Instantiating DensePDInteractionGraph
protocols.relax.FastRelax: CMD: repack  -1110.89  0.23486  0.23486  0.30745
protocols.relax.FastRelax: CMD: scale:fa_rep  -1096.31  0.23486  0.23486  0.31955
protocols.relax.FastRelax: CMD: min  -1292.54  2.87777  2.87777  0.31955
protocols.relax.FastRelax: CMD: coord_cst_weight  -1292.54  2.87777  2.87777  0.31955
protocols.relax.FastRelax: CMD: scale:fa_rep  -1083.42  2.87777  2.87777  0.55
core.pack.task: Packer task: initialize from command line() 
core.pack.pack_rotamers: built 7016 rotamers at 492 positions.
core.pack.interaction_graph.interaction_graph_factory: Instantiating DensePDInteractionGraph
protocols.relax.FastRelax: CMD: repack  -1085.81  2.87777  2.87777  0.55
protocols.relax.FastRelax: CMD: min  -1144.15  3.4656  3.4656  0.55
protocols.relax.FastRelax: MRP: 14  -1144.15  -1160.41  4.23103  4.23103  
protocols.relax.FastRelax: CMD: accept_to_best  -1144.15  3.4656  3.4656  0.55
protocols.relax.FastRelax: CMD: endrepeat  -1144.15  3.4656  3.4656  0.55
protocols::checkpoint: Deleting checkpoints of FastRelax
protocols.jd2.JobDistributor: target.BL00010001_1_0003 reported success in 14198 seconds
protocols.jd2.PDBJobInputter: PDBJobInputter::pose_from_job
protocols.jd2.PDBJobInputter: filling pose from PDB ../1-modeller/target.BL00010001.pdb
core.import_pose.import_pose: File '../1-modeller/target.BL00010001.pdb' automatically determined to be of type PDB from contents.
core.io.rcsb.ExperimentalTechnique: [ ERROR ] Unrecognized experimental technique string 'THEORETICAL MODEL, MODELLER 10.8 2026/08/10 16:18:02'
protocols.relax.FastRelax: CMD: repeat  4476.34  0  0  0.55
protocols.relax.FastRelax: CMD: coord_cst_weight  4476.34  0  0  0.55
protocols.relax.FastRelax: CMD: scale:fa_rep  806.987  0  0  0.022
core.pack.task: Packer task: initialize from command line() 
core.pack.pack_rotamers: built 8129 rotamers at 492 positions.
core.pack.interaction_graph.interaction_graph_factory: Instantiating DensePDInteractionGraph
protocols.relax.FastRelax: CMD: repack  -877.749  0  0  0.022
protocols.relax.FastRelax: CMD: scale:fa_rep  -841.304  0  0  0.02805
core.optimization.Minimizer: [ WARNING ] LBFGS MAX CYCLES 2000 EXCEEDED, BUT FUNC NOT CONVERGED!
protocols.relax.FastRelax: CMD: min  -1288.67  0.148004  0.148004  0.02805
protocols.relax.FastRelax: CMD: coord_cst_weight  -1335.71  0.148004  0.148004  0.02805
protocols.relax.FastRelax: CMD: scale:fa_rep  -960.733  0.148004  0.148004  0.14575
core.pack.task: Packer task: initialize from command line() 
core.pack.pack_rotamers: built 7400 rotamers at 492 positions.
core.pack.interaction_graph.interaction_graph_factory: Instantiating DensePDInteractionGraph
protocols.relax.FastRelax: CMD: repack  -998.385  0.148004  0.148004  0.14575
protocols.relax.FastRelax: CMD: scale:fa_rep  -977.192  0.148004  0.148004  0.154
protocols.relax.FastRelax: CMD: min  -1157.51  0.204592  0.204592  0.154
protocols.relax.FastRelax: CMD: coord_cst_weight  -1247.73  0.204592  0.204592  0.154
protocols.relax.FastRelax: CMD: scale:fa_rep  -1060.52  0.204592  0.204592  0.30745
core.pack.task: Packer task: initialize from command line() 
core.pack.pack_rotamers: built 7174 rotamers at 492 positions.
core.pack.interaction_graph.interaction_graph_factory: Instantiating DensePDInteractionGraph
protocols.relax.FastRelax: CMD: repack  -1062.74  0.204592  0.204592  0.30745
protocols.relax.FastRelax: CMD: scale:fa_rep  -1048.18  0.204592  0.204592  0.31955
protocols.relax.FastRelax: CMD: min  -1250.64  3.38442  3.38442  0.31955
protocols.relax.FastRelax: CMD: coord_cst_weight  -1250.64  3.38442  3.38442  0.31955
protocols.relax.FastRelax: CMD: scale:fa_rep  -1041.29  3.38442  3.38442  0.55
core.pack.task: Packer task: initialize from command line() 
core.pack.pack_rotamers: built 7037 rotamers at 492 positions.
core.pack.interaction_graph.interaction_graph_factory: Instantiating DensePDInteractionGraph
protocols.relax.FastRelax: CMD: repack  -1051.38  3.38442  3.38442  0.55
protocols.relax.FastRelax: CMD: min  -1116.66  3.32103  3.32103  0.55
protocols.relax.FastRelax: MRP: 0  -1116.66  -1116.66  3.32103  3.32103  
protocols.relax.FastRelax: CMD: accept_to_best  -1116.66  3.32103  3.32103  0.55
protocols.relax.FastRelax: CMD: endrepeat  -1116.66  3.32103  3.32103  0.55
protocols.relax.FastRelax: CMD: coord_cst_weight  113426  3.32103  3.32103  0.55
protocols.relax.FastRelax: CMD: scale:fa_rep  113092  3.32103  3.32103  0.022
core.pack.task: Packer task: initialize from command line() 
core.pack.pack_rotamers: built 7826 rotamers at 492 positions.
core.pack.interaction_graph.interaction_graph_factory: Instantiating DensePDInteractionGraph
protocols.relax.FastRelax: CMD: repack  113067  3.32103  3.32103  0.022
protocols.relax.FastRelax: CMD: scale:fa_rep  113077  3.32103  3.32103  0.02805
core.optimization.Minimizer: [ WARNING ] LBFGS MAX CYCLES 2000 EXCEEDED, BUT FUNC NOT CONVERGED!
protocols.relax.FastRelax: CMD: min  -1254.47  0.178614  0.178614  0.02805
protocols.relax.FastRelax: CMD: coord_cst_weight  -1322.45  0.178614  0.178614  0.02805
protocols.relax.FastRelax: CMD: scale:fa_rep  -990.724  0.178614  0.178614  0.14575
core.pack.task: Packer task: initialize from command line() 
core.pack.pack_rotamers: built 7319 rotamers at 492 positions.
core.pack.interaction_graph.interaction_graph_factory: Instantiating DensePDInteractionGraph
protocols.relax.FastRelax: CMD: repack  -1027.58  0.178614  0.178614  0.14575
protocols.relax.FastRelax: CMD: scale:fa_rep  -1007.12  0.178614  0.178614  0.154
protocols.relax.FastRelax: CMD: min  -1179.63  0.220816  0.220816  0.154
protocols.relax.FastRelax: CMD: coord_cst_weight  -1285.65  0.220816  0.220816  0.154
protocols.relax.FastRelax: CMD: scale:fa_rep  -1102.31  0.220816  0.220816  0.30745
core.pack.task: Packer task: initialize from command line() 
core.pack.pack_rotamers: built 7147 rotamers at 492 positions.
core.pack.interaction_graph.interaction_graph_factory: Instantiating DensePDInteractionGraph
protocols.relax.FastRelax: CMD: repack  -1103.29  0.220816  0.220816  0.30745
protocols.relax.FastRelax: CMD: scale:fa_rep  -1089.13  0.220816  0.220816  0.31955
protocols.relax.FastRelax: CMD: min  -1292.02  3.17588  3.17588  0.31955
protocols.relax.FastRelax: CMD: coord_cst_weight  -1292.02  3.17588  3.17588  0.31955
protocols.relax.FastRelax: CMD: scale:fa_rep  -1087.28  3.17588  3.17588  0.55
core.pack.task: Packer task: initialize from command line() 
core.pack.pack_rotamers: built 6965 rotamers at 492 positions.
core.pack.interaction_graph.interaction_graph_factory: Instantiating DensePDInteractionGraph
protocols.relax.FastRelax: CMD: repack  -1088.72  3.17588  3.17588  0.55
protocols.relax.FastRelax: CMD: min  -1139.38  3.49865  3.49865  0.55
protocols.relax.FastRelax: MRP: 1  -1139.38  -1139.38  3.49865  3.49865  
protocols.relax.FastRelax: CMD: accept_to_best  -1139.38  3.49865  3.49865  0.55
protocols.relax.FastRelax: CMD: endrepeat  -1139.38  3.49865  3.49865  0.55
protocols.relax.FastRelax: CMD: coord_cst_weight  132178  3.49865  3.49865  0.55
protocols.relax.FastRelax: CMD: scale:fa_rep  131851  3.49865  3.49865  0.022
core.pack.task: Packer task: initialize from command line() 
core.pack.pack_rotamers: built 7723 rotamers at 492 positions.
core.pack.interaction_graph.interaction_graph_factory: Instantiating DensePDInteractionGraph
protocols.relax.FastRelax: CMD: repack  131829  3.49865  3.49865  0.022
protocols.relax.FastRelax: CMD: scale:fa_rep  131836  3.49865  3.49865  0.02805
core.optimization.Minimizer: [ WARNING ] LBFGS MAX CYCLES 2000 EXCEEDED, BUT FUNC NOT CONVERGED!
protocols.relax.FastRelax: CMD: min  -1265.02  0.182936  0.182936  0.02805
protocols.relax.FastRelax: CMD: coord_cst_weight  -1338.03  0.182936  0.182936  0.02805
protocols.relax.FastRelax: CMD: scale:fa_rep  -1019.8  0.182936  0.182936  0.14575
core.pack.task: Packer task: initialize from command line() 
core.pack.pack_rotamers: built 7414 rotamers at 492 positions.
core.pack.interaction_graph.interaction_graph_factory: Instantiating DensePDInteractionGraph
protocols.relax.FastRelax: CMD: repack  -1048.82  0.182936  0.182936  0.14575
protocols.relax.FastRelax: CMD: scale:fa_rep  -1028.74  0.182936  0.182936  0.154
protocols.relax.FastRelax: CMD: min  -1184.36  0.221631  0.221631  0.154
protocols.relax.FastRelax: CMD: coord_cst_weight  -1292.02  0.221631  0.221631  0.154
protocols.relax.FastRelax: CMD: scale:fa_rep  -1108.05  0.221631  0.221631  0.30745
core.pack.task: Packer task: initialize from command line() 
core.pack.pack_rotamers: built 7213 rotamers at 492 positions.
core.pack.interaction_graph.interaction_graph_factory: Instantiating DensePDInteractionGraph
protocols.relax.FastRelax: CMD: repack  -1109.47  0.221631  0.221631  0.30745
protocols.relax.FastRelax: CMD: scale:fa_rep  -1095.18  0.221631  0.221631  0.31955
protocols.relax.FastRelax: CMD: min  -1275.38  2.8517  2.8517  0.31955
protocols.relax.FastRelax: CMD: coord_cst_weight  -1275.38  2.8517  2.8517  0.31955
protocols.relax.FastRelax: CMD: scale:fa_rep  -1071.47  2.8517  2.8517  0.55
core.pack.task: Packer task: initialize from command line() 
core.pack.pack_rotamers: built 6966 rotamers at 492 positions.
core.pack.interaction_graph.interaction_graph_factory: Instantiating DensePDInteractionGraph
protocols.relax.FastRelax: CMD: repack  -1075.7  2.8517  2.8517  0.55
protocols.relax.FastRelax: CMD: min  -1135.92  3.44826  3.44826  0.55
protocols.relax.FastRelax: MRP: 2  -1135.92  -1139.38  3.49865  3.49865  
protocols.relax.FastRelax: CMD: accept_to_best  -1135.92  3.44826  3.44826  0.55
protocols.relax.FastRelax: CMD: endrepeat  -1135.92  3.44826  3.44826  0.55
protocols.relax.FastRelax: CMD: coord_cst_weight  61574.7  3.44826  3.44826  0.55
protocols.relax.FastRelax: CMD: scale:fa_rep  61250  3.44826  3.44826  0.022
core.pack.task: Packer task: initialize from command line() 
core.pack.pack_rotamers: built 7725 rotamers at 492 positions.
core.pack.interaction_graph.interaction_graph_factory: Instantiating DensePDInteractionGraph
protocols.relax.FastRelax: CMD: repack  61248.8  3.44826  3.44826  0.022
protocols.relax.FastRelax: CMD: scale:fa_rep  61259.1  3.44826  3.44826  0.02805
core.optimization.Minimizer: [ WARNING ] LBFGS MAX CYCLES 2000 EXCEEDED, BUT FUNC NOT CONVERGED!
protocols.relax.FastRelax: CMD: min  -1263.31  0.178572  0.178572  0.02805
protocols.relax.FastRelax: CMD: coord_cst_weight  -1333.21  0.178572  0.178572  0.02805
protocols.relax.FastRelax: CMD: scale:fa_rep  -957.771  0.178572  0.178572  0.14575
core.pack.task: Packer task: initialize from command line() 
core.pack.pack_rotamers: built 7350 rotamers at 492 positions.
core.pack.interaction_graph.interaction_graph_factory: Instantiating DensePDInteractionGraph
protocols.relax.FastRelax: CMD: repack  -1014.14  0.178572  0.178572  0.14575
protocols.relax.FastRelax: CMD: scale:fa_rep  -992.533  0.178572  0.178572  0.154
protocols.relax.FastRelax: CMD: min  -1175.15  0.225939  0.225939  0.154
protocols.relax.FastRelax: CMD: coord_cst_weight  -1286.21  0.225939  0.225939  0.154
protocols.relax.FastRelax: CMD: scale:fa_rep  -1103.16  0.225939  0.225939  0.30745
core.pack.task: Packer task: initialize from command line() 
core.pack.pack_rotamers: built 7224 rotamers at 492 positions.
core.pack.interaction_graph.interaction_graph_factory: Instantiating DensePDInteractionGraph
protocols.relax.FastRelax: CMD: repack  -1107.2  0.225939  0.225939  0.30745
protocols.relax.FastRelax: CMD: scale:fa_rep  -1093.2  0.225939  0.225939  0.31955
protocols.relax.FastRelax: CMD: min  -1297.29  3.24693  3.24693  0.31955
protocols.relax.FastRelax: CMD: coord_cst_weight  -1297.29  3.24693  3.24693  0.31955
protocols.relax.FastRelax: CMD: scale:fa_rep  -1098.03  3.24693  3.24693  0.55
core.pack.task: Packer task: initialize from command line() 
core.pack.pack_rotamers: built 6975 rotamers at 492 positions.
core.pack.interaction_graph.interaction_graph_factory: Instantiating DensePDInteractionGraph
protocols.relax.FastRelax: CMD: repack  -1094.96  3.24693  3.24693  0.55
protocols.relax.FastRelax: CMD: min  -1160.02  3.55055  3.55055  0.55
protocols.relax.FastRelax: MRP: 3  -1160.02  -1160.02  3.55055  3.55055  
protocols.relax.FastRelax: CMD: accept_to_best  -1160.02  3.55055  3.55055  0.55
protocols.relax.FastRelax: CMD: endrepeat  -1160.02  3.55055  3.55055  0.55
protocols.relax.FastRelax: CMD: coord_cst_weight  98054.2  3.55055  3.55055  0.55
protocols.relax.FastRelax: CMD: scale:fa_rep  97734.4  3.55055  3.55055  0.022
core.pack.task: Packer task: initialize from command line() 
core.pack.pack_rotamers: built 7717 rotamers at 492 positions.
core.pack.interaction_graph.interaction_graph_factory: Instantiating DensePDInteractionGraph
protocols.relax.FastRelax: CMD: repack  97706  3.55055  3.55055  0.022
protocols.relax.FastRelax: CMD: scale:fa_rep  97713.2  3.55055  3.55055  0.02805
core.optimization.Minimizer: [ WARNING ] LBFGS MAX CYCLES 2000 EXCEEDED, BUT FUNC NOT CONVERGED!
protocols.relax.FastRelax: CMD: min  -1253.55  0.182147  0.182147  0.02805
protocols.relax.FastRelax: CMD: coord_cst_weight  -1326.83  0.182147  0.182147  0.02805
protocols.relax.FastRelax: CMD: scale:fa_rep  -979.89  0.182147  0.182147  0.14575
core.pack.task: Packer task: initialize from command line() 
core.pack.pack_rotamers: built 7313 rotamers at 492 positions.
core.pack.interaction_graph.interaction_graph_factory: Instantiating DensePDInteractionGraph
protocols.relax.FastRelax: CMD: repack  -1036.11  0.182147  0.182147  0.14575
protocols.relax.FastRelax: CMD: scale:fa_rep  -1015.77  0.182147  0.182147  0.154
protocols.relax.FastRelax: CMD: min  -1185.03  0.226717  0.226717  0.154
protocols.relax.FastRelax: CMD: coord_cst_weight  -1297.02  0.226717  0.226717  0.154
protocols.relax.FastRelax: CMD: scale:fa_rep  -1118.47  0.226717  0.226717  0.30745
core.pack.task: Packer task: initialize from command line() 
core.pack.pack_rotamers: built 7166 rotamers at 492 positions.
core.pack.interaction_graph.interaction_graph_factory: Instantiating DensePDInteractionGraph
protocols.relax.FastRelax: CMD: repack  -1118.99  0.226717  0.226717  0.30745
protocols.relax.FastRelax: CMD: scale:fa_rep  -1104.96  0.226717  0.226717  0.31955
protocols.relax.FastRelax: CMD: min  -1309.2  3.37588  3.37588  0.31955
protocols.relax.FastRelax: CMD: coord_cst_weight  -1309.2  3.37588  3.37588  0.31955
protocols.relax.FastRelax: CMD: scale:fa_rep  -1108.47  3.37588  3.37588  0.55
core.pack.task: Packer task: initialize from command line() 
core.pack.pack_rotamers: built 6946 rotamers at 492 positions.
core.pack.interaction_graph.interaction_graph_factory: Instantiating DensePDInteractionGraph
protocols.relax.FastRelax: CMD: repack  -1115.62  3.37588  3.37588  0.55
protocols.relax.FastRelax: CMD: min  -1166.2  3.23142  3.23142  0.55
protocols.relax.FastRelax: MRP: 4  -1166.2  -1166.2  3.23142  3.23142  
protocols.relax.FastRelax: CMD: accept_to_best  -1166.2  3.23142  3.23142  0.55
protocols.relax.FastRelax: CMD: endrepeat  -1166.2  3.23142  3.23142  0.55
protocols.relax.FastRelax: CMD: coord_cst_weight  111709  3.23142  3.23142  0.55
protocols.relax.FastRelax: CMD: scale:fa_rep  111385  3.23142  3.23142  0.022
core.pack.task: Packer task: initialize from command line() 
core.pack.pack_rotamers: built 7699 rotamers at 492 positions.
core.pack.interaction_graph.interaction_graph_factory: Instantiating DensePDInteractionGraph
protocols.relax.FastRelax: CMD: repack  111368  3.23142  3.23142  0.022
protocols.relax.FastRelax: CMD: scale:fa_rep  111375  3.23142  3.23142  0.02805
core.optimization.Minimizer: [ WARNING ] LBFGS MAX CYCLES 2000 EXCEEDED, BUT FUNC NOT CONVERGED!
protocols.relax.FastRelax: CMD: min  -1233.58  0.185291  0.185291  0.02805
protocols.relax.FastRelax: CMD: coord_cst_weight  -1309.94  0.185291  0.185291  0.02805
protocols.relax.FastRelax: CMD: scale:fa_rep  -911.053  0.185291  0.185291  0.14575
core.pack.task: Packer task: initialize from command line() 
core.pack.pack_rotamers: built 7341 rotamers at 492 positions.
core.pack.interaction_graph.interaction_graph_factory: Instantiating DensePDInteractionGraph
protocols.relax.FastRelax: CMD: repack  -1034.07  0.185291  0.185291  0.14575
protocols.relax.FastRelax: CMD: scale:fa_rep  -1013.66  0.185291  0.185291  0.154
protocols.relax.FastRelax: CMD: min  -1184.46  0.225847  0.225847  0.154
protocols.relax.FastRelax: CMD: coord_cst_weight  -1297.76  0.225847  0.225847  0.154
protocols.relax.FastRelax: CMD: scale:fa_rep  -1120.25  0.225847  0.225847  0.30745
core.pack.task: Packer task: initialize from command line() 
core.pack.pack_rotamers: built 7144 rotamers at 492 positions.
core.pack.interaction_graph.interaction_graph_factory: Instantiating DensePDInteractionGraph
protocols.relax.FastRelax: CMD: repack  -1121.09  0.225847  0.225847  0.30745
protocols.relax.FastRelax: CMD: scale:fa_rep  -1107.27  0.225847  0.225847  0.31955
protocols.relax.FastRelax: CMD: min  -1298.68  2.87811  2.87811  0.31955
protocols.relax.FastRelax: CMD: coord_cst_weight  -1298.68  2.87811  2.87811  0.31955
protocols.relax.FastRelax: CMD: scale:fa_rep  -1097.65  2.87811  2.87811  0.55
core.pack.task: Packer task: initialize from command line() 
core.pack.pack_rotamers: built 6921 rotamers at 492 positions.
core.pack.interaction_graph.interaction_graph_factory: Instantiating DensePDInteractionGraph
protocols.relax.FastRelax: CMD: repack  -1099.8  2.87811  2.87811  0.55
protocols.relax.FastRelax: CMD: min  -1152.22  3.25367  3.25367  0.55
protocols.relax.FastRelax: MRP: 5  -1152.22  -1166.2  3.23142  3.23142  
protocols.relax.FastRelax: CMD: accept_to_best  -1152.22  3.25367  3.25367  0.55
protocols.relax.FastRelax: CMD: endrepeat  -1152.22  3.25367  3.25367  0.55
protocols.relax.FastRelax: CMD: coord_cst_weight  82482.7  3.25367  3.25367  0.55
protocols.relax.FastRelax: CMD: scale:fa_rep  82159.1  3.25367  3.25367  0.022
core.pack.task: Packer task: initialize from command line() 
core.pack.pack_rotamers: built 7700 rotamers at 492 positions.
core.pack.interaction_graph.interaction_graph_factory: Instantiating DensePDInteractionGraph
protocols.relax.FastRelax: CMD: repack  82172.4  3.25367  3.25367  0.022
protocols.relax.FastRelax: CMD: scale:fa_rep  82185.8  3.25367  3.25367  0.02805
core.optimization.Minimizer: [ WARNING ] LBFGS MAX CYCLES 2000 EXCEEDED, BUT FUNC NOT CONVERGED!
protocols.relax.FastRelax: CMD: min  -1235.1  0.187097  0.187097  0.02805
protocols.relax.FastRelax: CMD: coord_cst_weight  -1312.27  0.187097  0.187097  0.02805
protocols.relax.FastRelax: CMD: scale:fa_rep  -940.026  0.187097  0.187097  0.14575
core.pack.task: Packer task: initialize from command line() 
core.pack.pack_rotamers: built 7311 rotamers at 492 positions.
core.pack.interaction_graph.interaction_graph_factory: Instantiating DensePDInteractionGraph
protocols.relax.FastRelax: CMD: repack  -1006.38  0.187097  0.187097  0.14575
protocols.relax.FastRelax: CMD: scale:fa_rep  -984.876  0.187097  0.187097  0.154
protocols.relax.FastRelax: CMD: min  -1175.54  0.230552  0.230552  0.154
protocols.relax.FastRelax: CMD: coord_cst_weight  -1293.14  0.230552  0.230552  0.154
protocols.relax.FastRelax: CMD: scale:fa_rep  -1113  0.230552  0.230552  0.30745
core.pack.task: Packer task: initialize from command line() 
core.pack.pack_rotamers: built 7190 rotamers at 492 positions.
core.pack.interaction_graph.interaction_graph_factory: Instantiating DensePDInteractionGraph
protocols.relax.FastRelax: CMD: repack  -1114.06  0.230552  0.230552  0.30745
protocols.relax.FastRelax: CMD: scale:fa_rep  -1100.04  0.230552  0.230552  0.31955
protocols.relax.FastRelax: CMD: min  -1303.1  2.98779  2.98779  0.31955
protocols.relax.FastRelax: CMD: coord_cst_weight  -1303.1  2.98779  2.98779  0.31955
protocols.relax.FastRelax: CMD: scale:fa_rep  -1101.66  2.98779  2.98779  0.55
core.pack.task: Packer task: initialize from command line() 
core.pack.pack_rotamers: built 6977 rotamers at 492 positions.
core.pack.interaction_graph.interaction_graph_factory: Instantiating DensePDInteractionGraph
protocols.relax.FastRelax: CMD: repack  -1099.83  2.98779  2.98779  0.55
protocols.relax.FastRelax: CMD: min  -1162.77  3.03184  3.03184  0.55
protocols.relax.FastRelax: MRP: 6  -1162.77  -1166.2  3.23142  3.23142  
protocols.relax.FastRelax: CMD: accept_to_best  -1162.77  3.03184  3.03184  0.55
protocols.relax.FastRelax: CMD: endrepeat  -1162.77  3.03184  3.03184  0.55
protocols.relax.FastRelax: CMD: coord_cst_weight  72512.1  3.03184  3.03184  0.55
protocols.relax.FastRelax: CMD: scale:fa_rep  72188.8  3.03184  3.03184  0.022
core.pack.task: Packer task: initialize from command line() 
core.pack.pack_rotamers: built 7736 rotamers at 492 positions.
core.pack.interaction_graph.interaction_graph_factory: Instantiating DensePDInteractionGraph
protocols.relax.FastRelax: CMD: repack  72168.6  3.03184  3.03184  0.022
protocols.relax.FastRelax: CMD: scale:fa_rep  72175.2  3.03184  3.03184  0.02805
core.optimization.Minimizer: [ WARNING ] LBFGS MAX CYCLES 2000 EXCEEDED, BUT FUNC NOT CONVERGED!
protocols.relax.FastRelax: CMD: min  -1231.34  0.187271  0.187271  0.02805
protocols.relax.FastRelax: CMD: coord_cst_weight  -1308.92  0.187271  0.187271  0.02805
protocols.relax.FastRelax: CMD: scale:fa_rep  -971.699  0.187271  0.187271  0.14575
core.pack.task: Packer task: initialize from command line() 
core.pack.pack_rotamers: built 7354 rotamers at 492 positions.
core.pack.interaction_graph.interaction_graph_factory: Instantiating DensePDInteractionGraph
protocols.relax.FastRelax: CMD: repack  -1029  0.187271  0.187271  0.14575
protocols.relax.FastRelax: CMD: scale:fa_rep  -1009.01  0.187271  0.187271  0.154
protocols.relax.FastRelax: CMD: min  -1182.2  0.232603  0.232603  0.154
protocols.relax.FastRelax: CMD: coord_cst_weight  -1300.56  0.232603  0.232603  0.154
protocols.relax.FastRelax: CMD: scale:fa_rep  -1125.08  0.232603  0.232603  0.30745
core.pack.task: Packer task: initialize from command line() 
core.pack.pack_rotamers: built 7165 rotamers at 492 positions.
core.pack.interaction_graph.interaction_graph_factory: Instantiating DensePDInteractionGraph
protocols.relax.FastRelax: CMD: repack  -1126.09  0.232603  0.232603  0.30745
protocols.relax.FastRelax: CMD: scale:fa_rep  -1112.36  0.232603  0.232603  0.31955
protocols.relax.FastRelax: CMD: min  -1304.34  2.26317  2.26317  0.31955
protocols.relax.FastRelax: CMD: coord_cst_weight  -1304.34  2.26317  2.26317  0.31955
protocols.relax.FastRelax: CMD: scale:fa_rep  -1102.01  2.26317  2.26317  0.55
core.pack.task: Packer task: initialize from command line() 
core.pack.pack_rotamers: built 7001 rotamers at 492 positions.
core.pack.interaction_graph.interaction_graph_factory: Instantiating DensePDInteractionGraph
protocols.relax.FastRelax: CMD: repack  -1102.45  2.26317  2.26317  0.55
protocols.relax.FastRelax: CMD: min  -1160.85  2.57149  2.57149  0.55
protocols.relax.FastRelax: MRP: 7  -1160.85  -1166.2  3.23142  3.23142  
protocols.relax.FastRelax: CMD: accept_to_best  -1160.85  2.57149  2.57149  0.55
protocols.relax.FastRelax: CMD: endrepeat  -1160.85  2.57149  2.57149  0.55
protocols.relax.FastRelax: CMD: coord_cst_weight  109953  2.57149  2.57149  0.55
protocols.relax.FastRelax: CMD: scale:fa_rep  109627  2.57149  2.57149  0.022
core.pack.task: Packer task: initialize from command line() 
core.pack.pack_rotamers: built 7704 rotamers at 492 positions.
core.pack.interaction_graph.interaction_graph_factory: Instantiating DensePDInteractionGraph
protocols.relax.FastRelax: CMD: repack  109618  2.57149  2.57149  0.022
protocols.relax.FastRelax: CMD: scale:fa_rep  109628  2.57149  2.57149  0.02805
core.optimization.Minimizer: [ WARNING ] LBFGS MAX CYCLES 2000 EXCEEDED, BUT FUNC NOT CONVERGED!
protocols.relax.FastRelax: CMD: min  -1252.36  0.187539  0.187539  0.02805
protocols.relax.FastRelax: CMD: coord_cst_weight  -1328.77  0.187539  0.187539  0.02805
protocols.relax.FastRelax: CMD: scale:fa_rep  -993.568  0.187539  0.187539  0.14575
core.pack.task: Packer task: initialize from command line() 
core.pack.pack_rotamers: built 7330 rotamers at 492 positions.
core.pack.interaction_graph.interaction_graph_factory: Instantiating DensePDInteractionGraph
protocols.relax.FastRelax: CMD: repack  -1042.19  0.187539  0.187539  0.14575
protocols.relax.FastRelax: CMD: scale:fa_rep  -1022.64  0.187539  0.187539  0.154
protocols.relax.FastRelax: CMD: min  -1181.72  0.2351  0.2351  0.154
protocols.relax.FastRelax: CMD: coord_cst_weight  -1302.06  0.2351  0.2351  0.154
protocols.relax.FastRelax: CMD: scale:fa_rep  -1126.34  0.2351  0.2351  0.30745
core.pack.task: Packer task: initialize from command line() 
core.pack.pack_rotamers: built 7159 rotamers at 492 positions.
core.pack.interaction_graph.interaction_graph_factory: Instantiating DensePDInteractionGraph
protocols.relax.FastRelax: CMD: repack  -1126.71  0.2351  0.2351  0.30745
protocols.relax.FastRelax: CMD: scale:fa_rep  -1112.99  0.2351  0.2351  0.31955
protocols.relax.FastRelax: CMD: min  -1314.99  2.80121  2.80121  0.31955
protocols.relax.FastRelax: CMD: coord_cst_weight  -1314.99  2.80121  2.80121  0.31955
protocols.relax.FastRelax: CMD: scale:fa_rep  -1111.92  2.80121  2.80121  0.55
core.pack.task: Packer task: initialize from command line() 
core.pack.pack_rotamers: built 7032 rotamers at 492 positions.
core.pack.interaction_graph.interaction_graph_factory: Instantiating DensePDInteractionGraph
protocols.relax.FastRelax: CMD: repack  -1116.43  2.80121  2.80121  0.55
protocols.relax.FastRelax: CMD: min  -1163.14  3.17262  3.17262  0.55
protocols.relax.FastRelax: MRP: 8  -1163.14  -1166.2  3.23142  3.23142  
protocols.relax.FastRelax: CMD: accept_to_best  -1163.14  3.17262  3.17262  0.55
protocols.relax.FastRelax: CMD: endrepeat  -1163.14  3.17262  3.17262  0.55
protocols.relax.FastRelax: CMD: coord_cst_weight  84913  3.17262  3.17262  0.55
protocols.relax.FastRelax: CMD: scale:fa_rep  84585.1  3.17262  3.17262  0.022
core.pack.task: Packer task: initialize from command line() 
core.pack.pack_rotamers: built 7735 rotamers at 492 positions.
core.pack.interaction_graph.interaction_graph_factory: Instantiating DensePDInteractionGraph
protocols.relax.FastRelax: CMD: repack  84576  3.17262  3.17262  0.022
protocols.relax.FastRelax: CMD: scale:fa_rep  84581.9  3.17262  3.17262  0.02805
core.optimization.Minimizer: [ WARNING ] LBFGS MAX CYCLES 2000 EXCEEDED, BUT FUNC NOT CONVERGED!
protocols.relax.FastRelax: CMD: min  -1256.47  0.182407  0.182407  0.02805
protocols.relax.FastRelax: CMD: coord_cst_weight  -1329.63  0.182407  0.182407  0.02805
protocols.relax.FastRelax: CMD: scale:fa_rep  -1018.11  0.182407  0.182407  0.14575
core.pack.task: Packer task: initialize from command line() 
core.pack.pack_rotamers: built 7341 rotamers at 492 positions.
core.pack.interaction_graph.interaction_graph_factory: Instantiating DensePDInteractionGraph
protocols.relax.FastRelax: CMD: repack  -1050.08  0.182407  0.182407  0.14575
protocols.relax.FastRelax: CMD: scale:fa_rep  -1030.47  0.182407  0.182407  0.154
protocols.relax.FastRelax: CMD: min  -1184.38  0.237013  0.237013  0.154
protocols.relax.FastRelax: CMD: coord_cst_weight  -1306.25  0.237013  0.237013  0.154
protocols.relax.FastRelax: CMD: scale:fa_rep  -1131.21  0.237013  0.237013  0.30745
core.pack.task: Packer task: initialize from command line() 
core.pack.pack_rotamers: built 7131 rotamers at 492 positions.
core.pack.interaction_graph.interaction_graph_factory: Instantiating DensePDInteractionGraph
protocols.relax.FastRelax: CMD: repack  -1130.78  0.237013  0.237013  0.30745
protocols.relax.FastRelax: CMD: scale:fa_rep  -1117.05  0.237013  0.237013  0.31955
protocols.relax.FastRelax: CMD: min  -1328.35  2.72618  2.72618  0.31955
protocols.relax.FastRelax: CMD: coord_cst_weight  -1328.35  2.72618  2.72618  0.31955
protocols.relax.FastRelax: CMD: scale:fa_rep  -1124.89  2.72618  2.72618  0.55
core.pack.task: Packer task: initialize from command line() 
core.pack.pack_rotamers: built 6942 rotamers at 492 positions.
core.pack.interaction_graph.interaction_graph_factory: Instantiating DensePDInteractionGraph
protocols.relax.FastRelax: CMD: repack  -1126.15  2.72618  2.72618  0.55
protocols.relax.FastRelax: CMD: min  -1174.28  2.78667  2.78667  0.55
protocols.relax.FastRelax: MRP: 9  -1174.28  -1174.28  2.78667  2.78667  
protocols.relax.FastRelax: CMD: accept_to_best  -1174.28  2.78667  2.78667  0.55
protocols.relax.FastRelax: CMD: endrepeat  -1174.28  2.78667  2.78667  0.55
protocols.relax.FastRelax: CMD: coord_cst_weight  75838.5  2.78667  2.78667  0.55
protocols.relax.FastRelax: CMD: scale:fa_rep  75511.4  2.78667  2.78667  0.022
core.pack.task: Packer task: initialize from command line() 
core.pack.pack_rotamers: built 7774 rotamers at 492 positions.
core.pack.interaction_graph.interaction_graph_factory: Instantiating DensePDInteractionGraph
protocols.relax.FastRelax: CMD: repack  75517.3  2.78667  2.78667  0.022
protocols.relax.FastRelax: CMD: scale:fa_rep  75528.9  2.78667  2.78667  0.02805
core.optimization.Minimizer: [ WARNING ] LBFGS MAX CYCLES 2000 EXCEEDED, BUT FUNC NOT CONVERGED!
protocols.relax.FastRelax: CMD: min  -1245.97  0.185972  0.185972  0.02805
protocols.relax.FastRelax: CMD: coord_cst_weight  -1321.21  0.185972  0.185972  0.02805
protocols.relax.FastRelax: CMD: scale:fa_rep  -974.396  0.185972  0.185972  0.14575
core.pack.task: Packer task: initialize from command line() 
core.pack.pack_rotamers: built 7379 rotamers at 492 positions.
core.pack.interaction_graph.interaction_graph_factory: Instantiating DensePDInteractionGraph
protocols.relax.FastRelax: CMD: repack  -1023.34  0.185972  0.185972  0.14575
protocols.relax.FastRelax: CMD: scale:fa_rep  -1003.19  0.185972  0.185972  0.154
protocols.relax.FastRelax: CMD: min  -1174.48  0.239545  0.239545  0.154
protocols.relax.FastRelax: CMD: coord_cst_weight  -1297.41  0.239545  0.239545  0.154
protocols.relax.FastRelax: CMD: scale:fa_rep  -1118.25  0.239545  0.239545  0.30745
core.pack.task: Packer task: initialize from command line() 
core.pack.pack_rotamers: built 7149 rotamers at 492 positions.
core.pack.interaction_graph.interaction_graph_factory: Instantiating DensePDInteractionGraph
protocols.relax.FastRelax: CMD: repack  -1118.74  0.239545  0.239545  0.30745
protocols.relax.FastRelax: CMD: scale:fa_rep  -1104.75  0.239545  0.239545  0.31955
protocols.relax.FastRelax: CMD: min  -1311.17  2.83823  2.83823  0.31955
protocols.relax.FastRelax: CMD: coord_cst_weight  -1311.17  2.83823  2.83823  0.31955
protocols.relax.FastRelax: CMD: scale:fa_rep  -1107.65  2.83823  2.83823  0.55
core.pack.task: Packer task: initialize from command line() 
core.pack.pack_rotamers: built 6897 rotamers at 492 positions.
core.pack.interaction_graph.interaction_graph_factory: Instantiating DensePDInteractionGraph
protocols.relax.FastRelax: CMD: repack  -1111.49  2.83823  2.83823  0.55
protocols.relax.FastRelax: CMD: min  -1162.22  3.5472  3.5472  0.55
protocols.relax.FastRelax: MRP: 10  -1162.22  -1174.28  2.78667  2.78667  
protocols.relax.FastRelax: CMD: accept_to_best  -1162.22  3.5472  3.5472  0.55
protocols.relax.FastRelax: CMD: endrepeat  -1162.22  3.5472  3.5472  0.55
protocols.relax.FastRelax: CMD: coord_cst_weight  64142.4  3.5472  3.5472  0.55
protocols.relax.FastRelax: CMD: scale:fa_rep  63812.2  3.5472  3.5472  0.022
core.pack.task: Packer task: initialize from command line() 
core.pack.pack_rotamers: built 7770 rotamers at 492 positions.
core.pack.interaction_graph.interaction_graph_factory: Instantiating DensePDInteractionGraph
protocols.relax.FastRelax: CMD: repack  63802.9  3.5472  3.5472  0.022
protocols.relax.FastRelax: CMD: scale:fa_rep  63809.2  3.5472  3.5472  0.02805
core.optimization.Minimizer: [ WARNING ] LBFGS MAX CYCLES 2000 EXCEEDED, BUT FUNC NOT CONVERGED!
protocols.relax.FastRelax: CMD: min  -1245.38  0.189463  0.189463  0.02805
protocols.relax.FastRelax: CMD: coord_cst_weight  -1324.12  0.189463  0.189463  0.02805
protocols.relax.FastRelax: CMD: scale:fa_rep  -996.243  0.189463  0.189463  0.14575
core.pack.task: Packer task: initialize from command line() 
core.pack.pack_rotamers: built 7405 rotamers at 492 positions.
core.pack.interaction_graph.interaction_graph_factory: Instantiating DensePDInteractionGraph
protocols.relax.FastRelax: CMD: repack  -1036.82  0.189463  0.189463  0.14575
protocols.relax.FastRelax: CMD: scale:fa_rep  -1016.48  0.189463  0.189463  0.154
protocols.relax.FastRelax: CMD: min  -1187.98  0.238755  0.238755  0.154
protocols.relax.FastRelax: CMD: coord_cst_weight  -1311.47  0.238755  0.238755  0.154
protocols.relax.FastRelax: CMD: scale:fa_rep  -1133.85  0.238755  0.238755  0.30745
core.pack.task: Packer task: initialize from command line() 
core.pack.pack_rotamers: built 7230 rotamers at 492 positions.
core.pack.interaction_graph.interaction_graph_factory: Instantiating DensePDInteractionGraph
protocols.relax.FastRelax: CMD: repack  -1134.65  0.238755  0.238755  0.30745
protocols.relax.FastRelax: CMD: scale:fa_rep  -1120.76  0.238755  0.238755  0.31955
protocols.relax.FastRelax: CMD: min  -1316.19  3.34117  3.34117  0.31955
protocols.relax.FastRelax: CMD: coord_cst_weight  -1316.19  3.34117  3.34117  0.31955
protocols.relax.FastRelax: CMD: scale:fa_rep  -1108.43  3.34117  3.34117  0.55
core.pack.task: Packer task: initialize from command line() 
core.pack.pack_rotamers: built 7045 rotamers at 492 positions.
core.pack.interaction_graph.interaction_graph_factory: Instantiating DensePDInteractionGraph
protocols.relax.FastRelax: CMD: repack  -1126.22  3.34117  3.34117  0.55
protocols.relax.FastRelax: CMD: min  -1174.51  3.57719  3.57719  0.55
protocols.relax.FastRelax: MRP: 11  -1174.51  -1174.51  3.57719  3.57719  
protocols.relax.FastRelax: CMD: accept_to_best  -1174.51  3.57719  3.57719  0.55
protocols.relax.FastRelax: CMD: endrepeat  -1174.51  3.57719  3.57719  0.55
protocols.relax.FastRelax: CMD: coord_cst_weight  76320.6  3.57719  3.57719  0.55
protocols.relax.FastRelax: CMD: scale:fa_rep  75990.8  3.57719  3.57719  0.022
core.pack.task: Packer task: initialize from command line() 
core.pack.pack_rotamers: built 7770 rotamers at 492 positions.
core.pack.interaction_graph.interaction_graph_factory: Instantiating DensePDInteractionGraph
protocols.relax.FastRelax: CMD: repack  75979.3  3.57719  3.57719  0.022
protocols.relax.FastRelax: CMD: scale:fa_rep  75985.5  3.57719  3.57719  0.02805
core.optimization.Minimizer: [ WARNING ] LBFGS MAX CYCLES 2000 EXCEEDED, BUT FUNC NOT CONVERGED!
protocols.relax.FastRelax: CMD: min  -1245.22  0.188536  0.188536  0.02805
protocols.relax.FastRelax: CMD: coord_cst_weight  -1323.92  0.188536  0.188536  0.02805
protocols.relax.FastRelax: CMD: scale:fa_rep  -945.272  0.188536  0.188536  0.14575
core.pack.task: Packer task: initialize from command line() 
core.pack.pack_rotamers: built 7378 rotamers at 492 positions.
core.pack.interaction_graph.interaction_graph_factory: Instantiating DensePDInteractionGraph
protocols.relax.FastRelax: CMD: repack  -1053.19  0.188536  0.188536  0.14575
protocols.relax.FastRelax: CMD: scale:fa_rep  -1033.51  0.188536  0.188536  0.154
protocols.relax.FastRelax: CMD: min  -1200.03  0.231872  0.231872  0.154
protocols.relax.FastRelax: CMD: coord_cst_weight  -1318.15  0.231872  0.231872  0.154
protocols.relax.FastRelax: CMD: scale:fa_rep  -1139.42  0.231872  0.231872  0.30745
core.pack.task: Packer task: initialize from command line() 
core.pack.pack_rotamers: built 7164 rotamers at 492 positions.
core.pack.interaction_graph.interaction_graph_factory: Instantiating DensePDInteractionGraph
protocols.relax.FastRelax: CMD: repack  -1138.93  0.231872  0.231872  0.30745
protocols.relax.FastRelax: CMD: scale:fa_rep  -1124.93  0.231872  0.231872  0.31955
protocols.relax.FastRelax: CMD: min  -1321.7  3.29829  3.29829  0.31955
protocols.relax.FastRelax: CMD: coord_cst_weight  -1321.7  3.29829  3.29829  0.31955
protocols.relax.FastRelax: CMD: scale:fa_rep  -1117.64  3.29829  3.29829  0.55
core.pack.task: Packer task: initialize from command line() 
core.pack.pack_rotamers: built 6997 rotamers at 492 positions.
core.pack.interaction_graph.interaction_graph_factory: Instantiating DensePDInteractionGraph
protocols.relax.FastRelax: CMD: repack  -1124.43  3.29829  3.29829  0.55
protocols.relax.FastRelax: CMD: min  -1175.87  3.80621  3.80621  0.55
protocols.relax.FastRelax: MRP: 12  -1175.87  -1175.87  3.80621  3.80621  
protocols.relax.FastRelax: CMD: accept_to_best  -1175.87  3.80621  3.80621  0.55
protocols.relax.FastRelax: CMD: endrepeat  -1175.87  3.80621  3.80621  0.55
protocols.relax.FastRelax: CMD: coord_cst_weight  73388.2  3.80621  3.80621  0.55
protocols.relax.FastRelax: CMD: scale:fa_rep  73057.3  3.80621  3.80621  0.022
core.pack.task: Packer task: initialize from command line() 
core.pack.pack_rotamers: built 7776 rotamers at 492 positions.
core.pack.interaction_graph.interaction_graph_factory: Instantiating DensePDInteractionGraph
protocols.relax.FastRelax: CMD: repack  73043.6  3.80621  3.80621  0.022
protocols.relax.FastRelax: CMD: scale:fa_rep  73049.3  3.80621  3.80621  0.02805
core.optimization.Minimizer: [ WARNING ] LBFGS MAX CYCLES 2000 EXCEEDED, BUT FUNC NOT CONVERGED!
protocols.relax.FastRelax: CMD: min  -1259.96  0.187771  0.187771  0.02805
protocols.relax.FastRelax: CMD: coord_cst_weight  -1339.07  0.187771  0.187771  0.02805
protocols.relax.FastRelax: CMD: scale:fa_rep  -1026.52  0.187771  0.187771  0.14575
core.pack.task: Packer task: initialize from command line() 
core.pack.pack_rotamers: built 7368 rotamers at 492 positions.
core.pack.interaction_graph.interaction_graph_factory: Instantiating DensePDInteractionGraph
protocols.relax.FastRelax: CMD: repack  -1052.91  0.187771  0.187771  0.14575
protocols.relax.FastRelax: CMD: scale:fa_rep  -1033.19  0.187771  0.187771  0.154
protocols.relax.FastRelax: CMD: min  -1192.23  0.237396  0.237396  0.154
protocols.relax.FastRelax: CMD: coord_cst_weight  -1315.84  0.237396  0.237396  0.154
protocols.relax.FastRelax: CMD: scale:fa_rep  -1137.28  0.237396  0.237396  0.30745
core.pack.task: Packer task: initialize from command line() 
core.pack.pack_rotamers: built 7183 rotamers at 492 positions.
core.pack.interaction_graph.interaction_graph_factory: Instantiating DensePDInteractionGraph
protocols.relax.FastRelax: CMD: repack  -1138.11  0.237396  0.237396  0.30745
protocols.relax.FastRelax: CMD: scale:fa_rep  -1124.14  0.237396  0.237396  0.31955
protocols.relax.FastRelax: CMD: min  -1323.59  3.13709  3.13709  0.31955
protocols.relax.FastRelax: CMD: coord_cst_weight  -1323.59  3.13709  3.13709  0.31955
protocols.relax.FastRelax: CMD: scale:fa_rep  -1119.5  3.13709  3.13709  0.55
core.pack.task: Packer task: initialize from command line() 
core.pack.pack_rotamers: built 7020 rotamers at 492 positions.
core.pack.interaction_graph.interaction_graph_factory: Instantiating DensePDInteractionGraph
protocols.relax.FastRelax: CMD: repack  -1122.1  3.13709  3.13709  0.55
protocols.relax.FastRelax: CMD: min  -1168.92  3.79707  3.79707  0.55
protocols.relax.FastRelax: MRP: 13  -1168.92  -1175.87  3.80621  3.80621  
protocols.relax.FastRelax: CMD: accept_to_best  -1168.92  3.79707  3.79707  0.55
protocols.relax.FastRelax: CMD: endrepeat  -1168.92  3.79707  3.79707  0.55
protocols.relax.FastRelax: CMD: coord_cst_weight  72477.2  3.79707  3.79707  0.55
protocols.relax.FastRelax: CMD: scale:fa_rep  72146.6  3.79707  3.79707  0.022
core.pack.task: Packer task: initialize from command line() 
core.pack.pack_rotamers: built 7782 rotamers at 492 positions.
core.pack.interaction_graph.interaction_graph_factory: Instantiating DensePDInteractionGraph
protocols.relax.FastRelax: CMD: repack  72131.7  3.79707  3.79707  0.022
protocols.relax.FastRelax: CMD: scale:fa_rep  72137.7  3.79707  3.79707  0.02805
core.optimization.Minimizer: [ WARNING ] LBFGS MAX CYCLES 2000 EXCEEDED, BUT FUNC NOT CONVERGED!
protocols.relax.FastRelax: CMD: min  -1241.7  0.189072  0.189072  0.02805
protocols.relax.FastRelax: CMD: coord_cst_weight  -1321.61  0.189072  0.189072  0.02805
protocols.relax.FastRelax: CMD: scale:fa_rep  -940.982  0.189072  0.189072  0.14575
core.pack.task: Packer task: initialize from command line() 
core.pack.pack_rotamers: built 7355 rotamers at 492 positions.
core.pack.interaction_graph.interaction_graph_factory: Instantiating DensePDInteractionGraph
protocols.relax.FastRelax: CMD: repack  -1050.23  0.189072  0.189072  0.14575
protocols.relax.FastRelax: CMD: scale:fa_rep  -1030.67  0.189072  0.189072  0.154
protocols.relax.FastRelax: CMD: min  -1194.85  0.231169  0.231169  0.154
protocols.relax.FastRelax: CMD: coord_cst_weight  -1313.42  0.231169  0.231169  0.154
protocols.relax.FastRelax: CMD: scale:fa_rep  -1135.65  0.231169  0.231169  0.30745
core.pack.task: Packer task: initialize from command line() 
core.pack.pack_rotamers: built 7153 rotamers at 492 positions.
core.pack.interaction_graph.interaction_graph_factory: Instantiating DensePDInteractionGraph
protocols.relax.FastRelax: CMD: repack  -1136.67  0.231169  0.231169  0.30745
protocols.relax.FastRelax: CMD: scale:fa_rep  -1122.79  0.231169  0.231169  0.31955
protocols.relax.FastRelax: CMD: min  -1319.72  3.31762  3.31762  0.31955
protocols.relax.FastRelax: CMD: coord_cst_weight  -1319.72  3.31762  3.31762  0.31955
protocols.relax.FastRelax: CMD: scale:fa_rep  -1114.95  3.31762  3.31762  0.55
core.pack.task: Packer task: initialize from command line() 
core.pack.pack_rotamers: built 6958 rotamers at 492 positions.
core.pack.interaction_graph.interaction_graph_factory: Instantiating DensePDInteractionGraph
protocols.relax.FastRelax: CMD: repack  -1121.68  3.31762  3.31762  0.55
protocols.relax.FastRelax: CMD: min  -1173.05  3.73255  3.73255  0.55
protocols.relax.FastRelax: MRP: 14  -1173.05  -1175.87  3.80621  3.80621  
protocols.relax.FastRelax: CMD: accept_to_best  -1173.05  3.73255  3.73255  0.55
protocols.relax.FastRelax: CMD: endrepeat  -1173.05  3.73255  3.73255  0.55
protocols::checkpoint: Deleting checkpoints of FastRelax
protocols.jd2.JobDistributor: target.BL00010001_1_0004 reported success in 14904 seconds
protocols.jd2.PDBJobInputter: PDBJobInputter::pose_from_job
protocols.jd2.PDBJobInputter: filling pose from PDB ../1-modeller/target.BL00010001.pdb
core.import_pose.import_pose: File '../1-modeller/target.BL00010001.pdb' automatically determined to be of type PDB from contents.
core.io.rcsb.ExperimentalTechnique: [ ERROR ] Unrecognized experimental technique string 'THEORETICAL MODEL, MODELLER 10.8 2026/08/10 16:18:02'
protocols.relax.FastRelax: CMD: repeat  4476.34  0  0  0.55
protocols.relax.FastRelax: CMD: coord_cst_weight  4476.34  0  0  0.55
protocols.relax.FastRelax: CMD: scale:fa_rep  806.987  0  0  0.022
core.pack.task: Packer task: initialize from command line() 
core.pack.pack_rotamers: built 8129 rotamers at 492 positions.
core.pack.interaction_graph.interaction_graph_factory: Instantiating DensePDInteractionGraph
protocols.relax.FastRelax: CMD: repack  -878.948  0  0  0.022
protocols.relax.FastRelax: CMD: scale:fa_rep  -840.438  0  0  0.02805
core.optimization.Minimizer: [ WARNING ] LBFGS MAX CYCLES 2000 EXCEEDED, BUT FUNC NOT CONVERGED!
protocols.relax.FastRelax: CMD: min  -1290.61  0.150229  0.150229  0.02805
protocols.relax.FastRelax: CMD: coord_cst_weight  -1338.34  0.150229  0.150229  0.02805
protocols.relax.FastRelax: CMD: scale:fa_rep  -943.957  0.150229  0.150229  0.14575
core.pack.task: Packer task: initialize from command line() 
core.pack.pack_rotamers: built 7442 rotamers at 492 positions.
core.pack.interaction_graph.interaction_graph_factory: Instantiating DensePDInteractionGraph
protocols.relax.FastRelax: CMD: repack  -983.939  0.150229  0.150229  0.14575
protocols.relax.FastRelax: CMD: scale:fa_rep  -961.438  0.150229  0.150229  0.154
protocols.relax.FastRelax: CMD: min  -1152.88  0.206355  0.206355  0.154
protocols.relax.FastRelax: CMD: coord_cst_weight  -1244.75  0.206355  0.206355  0.154
protocols.relax.FastRelax: CMD: scale:fa_rep  -1051.44  0.206355  0.206355  0.30745
core.pack.task: Packer task: initialize from command line() 
core.pack.pack_rotamers: built 7254 rotamers at 492 positions.
core.pack.interaction_graph.interaction_graph_factory: Instantiating DensePDInteractionGraph
protocols.relax.FastRelax: CMD: repack  -1052.16  0.206355  0.206355  0.30745
protocols.relax.FastRelax: CMD: scale:fa_rep  -1037.02  0.206355  0.206355  0.31955
protocols.relax.FastRelax: CMD: min  -1222.19  3.2541  3.2541  0.31955
protocols.relax.FastRelax: CMD: coord_cst_weight  -1222.19  3.2541  3.2541  0.31955
protocols.relax.FastRelax: CMD: scale:fa_rep  -1009.05  3.2541  3.2541  0.55
core.pack.task: Packer task: initialize from command line() 
core.pack.pack_rotamers: built 7103 rotamers at 492 positions.
core.pack.interaction_graph.interaction_graph_factory: Instantiating DensePDInteractionGraph
protocols.relax.FastRelax: CMD: repack  -1020.05  3.2541  3.2541  0.55
protocols.relax.FastRelax: CMD: min  -1088.15  3.09689  3.09689  0.55
protocols.relax.FastRelax: MRP: 0  -1088.15  -1088.15  3.09689  3.09689  
protocols.relax.FastRelax: CMD: accept_to_best  -1088.15  3.09689  3.09689  0.55
protocols.relax.FastRelax: CMD: endrepeat  -1088.15  3.09689  3.09689  0.55
protocols.relax.FastRelax: CMD: coord_cst_weight  82152.3  3.09689  3.09689  0.55
protocols.relax.FastRelax: CMD: scale:fa_rep  81815.6  3.09689  3.09689  0.022
core.pack.task: Packer task: initialize from command line() 
core.pack.pack_rotamers: built 7874 rotamers at 492 positions.
core.pack.interaction_graph.interaction_graph_factory: Instantiating DensePDInteractionGraph
protocols.relax.FastRelax: CMD: repack  81795.1  3.09689  3.09689  0.022
protocols.relax.FastRelax: CMD: scale:fa_rep  81805.8  3.09689  3.09689  0.02805
core.optimization.Minimizer: [ WARNING ] LBFGS MAX CYCLES 2000 EXCEEDED, BUT FUNC NOT CONVERGED!
protocols.relax.FastRelax: CMD: min  -1250.76  0.17472  0.17472  0.02805
protocols.relax.FastRelax: CMD: coord_cst_weight  -1316.76  0.17472  0.17472  0.02805
protocols.relax.FastRelax: CMD: scale:fa_rep  -931.615  0.17472  0.17472  0.14575
core.pack.task: Packer task: initialize from command line() 
core.pack.pack_rotamers: built 7408 rotamers at 492 positions.
core.pack.interaction_graph.interaction_graph_factory: Instantiating DensePDInteractionGraph
protocols.relax.FastRelax: CMD: repack  -1015.73  0.17472  0.17472  0.14575
protocols.relax.FastRelax: CMD: scale:fa_rep  -993.871  0.17472  0.17472  0.154
protocols.relax.FastRelax: CMD: min  -1182.6  0.216529  0.216529  0.154
protocols.relax.FastRelax: CMD: coord_cst_weight  -1284.42  0.216529  0.216529  0.154
protocols.relax.FastRelax: CMD: scale:fa_rep  -1097.38  0.216529  0.216529  0.30745
core.pack.task: Packer task: initialize from command line() 
core.pack.pack_rotamers: built 7152 rotamers at 492 positions.
core.pack.interaction_graph.interaction_graph_factory: Instantiating DensePDInteractionGraph
protocols.relax.FastRelax: CMD: repack  -1093.06  0.216529  0.216529  0.30745
protocols.relax.FastRelax: CMD: scale:fa_rep  -1078.54  0.216529  0.216529  0.31955
protocols.relax.FastRelax: CMD: min  -1267.88  2.92629  2.92629  0.31955
protocols.relax.FastRelax: CMD: coord_cst_weight  -1267.88  2.92629  2.92629  0.31955
protocols.relax.FastRelax: CMD: scale:fa_rep  -1062  2.92629  2.92629  0.55
core.pack.task: Packer task: initialize from command line() 
core.pack.pack_rotamers: built 7013 rotamers at 492 positions.
core.pack.interaction_graph.interaction_graph_factory: Instantiating DensePDInteractionGraph
protocols.relax.FastRelax: CMD: repack  -1064.51  2.92629  2.92629  0.55
protocols.relax.FastRelax: CMD: min  -1118.43  3.14738  3.14738  0.55
protocols.relax.FastRelax: MRP: 1  -1118.43  -1118.43  3.14738  3.14738  
protocols.relax.FastRelax: CMD: accept_to_best  -1118.43  3.14738  3.14738  0.55
protocols.relax.FastRelax: CMD: endrepeat  -1118.43  3.14738  3.14738  0.55
protocols.relax.FastRelax: CMD: coord_cst_weight  50982.8  3.14738  3.14738  0.55
protocols.relax.FastRelax: CMD: scale:fa_rep  50651.9  3.14738  3.14738  0.022
core.pack.task: Packer task: initialize from command line() 
core.pack.pack_rotamers: built 7827 rotamers at 492 positions.
core.pack.interaction_graph.interaction_graph_factory: Instantiating DensePDInteractionGraph
protocols.relax.FastRelax: CMD: repack  50630.4  3.14738  3.14738  0.022
protocols.relax.FastRelax: CMD: scale:fa_rep  50638.1  3.14738  3.14738  0.02805
core.optimization.Minimizer: [ WARNING ] LBFGS MAX CYCLES 2000 EXCEEDED, BUT FUNC NOT CONVERGED!
protocols.relax.FastRelax: CMD: min  -1268.55  0.176465  0.176465  0.02805
protocols.relax.FastRelax: CMD: coord_cst_weight  -1335.31  0.176465  0.176465  0.02805
protocols.relax.FastRelax: CMD: scale:fa_rep  -954.288  0.176465  0.176465  0.14575
core.pack.task: Packer task: initialize from command line() 
core.pack.pack_rotamers: built 7337 rotamers at 492 positions.
core.pack.interaction_graph.interaction_graph_factory: Instantiating DensePDInteractionGraph
protocols.relax.FastRelax: CMD: repack  -1029.48  0.176465  0.176465  0.14575
protocols.relax.FastRelax: CMD: scale:fa_rep  -1007.93  0.176465  0.176465  0.154
protocols.relax.FastRelax: CMD: min  -1187.2  0.222323  0.222323  0.154
protocols.relax.FastRelax: CMD: coord_cst_weight  -1294.32  0.222323  0.222323  0.154
protocols.relax.FastRelax: CMD: scale:fa_rep  -1110.79  0.222323  0.222323  0.30745
core.pack.task: Packer task: initialize from command line() 
core.pack.pack_rotamers: built 7151 rotamers at 492 positions.
core.pack.interaction_graph.interaction_graph_factory: Instantiating DensePDInteractionGraph
protocols.relax.FastRelax: CMD: repack  -1105.33  0.222323  0.222323  0.30745
protocols.relax.FastRelax: CMD: scale:fa_rep  -1091.03  0.222323  0.222323  0.31955
protocols.relax.FastRelax: CMD: min  -1288.94  3.02338  3.02338  0.31955
protocols.relax.FastRelax: CMD: coord_cst_weight  -1288.94  3.02338  3.02338  0.31955
protocols.relax.FastRelax: CMD: scale:fa_rep  -1081.25  3.02338  3.02338  0.55
core.pack.task: Packer task: initialize from command line() 
core.pack.pack_rotamers: built 6982 rotamers at 492 positions.
core.pack.interaction_graph.interaction_graph_factory: Instantiating DensePDInteractionGraph
protocols.relax.FastRelax: CMD: repack  -1085.33  3.02338  3.02338  0.55
protocols.relax.FastRelax: CMD: min  -1138.26  3.4242  3.4242  0.55
protocols.relax.FastRelax: MRP: 2  -1138.26  -1138.26  3.4242  3.4242  
protocols.relax.FastRelax: CMD: accept_to_best  -1138.26  3.4242  3.4242  0.55
protocols.relax.FastRelax: CMD: endrepeat  -1138.26  3.4242  3.4242  0.55
protocols.relax.FastRelax: CMD: coord_cst_weight  53446.4  3.4242  3.4242  0.55
protocols.relax.FastRelax: CMD: scale:fa_rep  53112.8  3.4242  3.4242  0.022
core.pack.task: Packer task: initialize from command line() 
core.pack.pack_rotamers: built 7779 rotamers at 492 positions.
core.pack.interaction_graph.interaction_graph_factory: Instantiating DensePDInteractionGraph
protocols.relax.FastRelax: CMD: repack  53093.9  3.4242  3.4242  0.022
protocols.relax.FastRelax: CMD: scale:fa_rep  53101.2  3.4242  3.4242  0.02805
core.optimization.Minimizer: [ WARNING ] LBFGS MAX CYCLES 2000 EXCEEDED, BUT FUNC NOT CONVERGED!
protocols.relax.FastRelax: CMD: min  -1265.77  0.184248  0.184248  0.02805
protocols.relax.FastRelax: CMD: coord_cst_weight  -1338.38  0.184248  0.184248  0.02805
protocols.relax.FastRelax: CMD: scale:fa_rep  -985.085  0.184248  0.184248  0.14575
core.pack.task: Packer task: initialize from command line() 
core.pack.pack_rotamers: built 7364 rotamers at 492 positions.
core.pack.interaction_graph.interaction_graph_factory: Instantiating DensePDInteractionGraph
protocols.relax.FastRelax: CMD: repack  -1031.79  0.184248  0.184248  0.14575
protocols.relax.FastRelax: CMD: scale:fa_rep  -1011.13  0.184248  0.184248  0.154
protocols.relax.FastRelax: CMD: min  -1187.28  0.224431  0.224431  0.154
protocols.relax.FastRelax: CMD: coord_cst_weight  -1295.62  0.224431  0.224431  0.154
protocols.relax.FastRelax: CMD: scale:fa_rep  -1118.27  0.224431  0.224431  0.30745
core.pack.task: Packer task: initialize from command line() 
core.pack.pack_rotamers: built 7151 rotamers at 492 positions.
core.pack.interaction_graph.interaction_graph_factory: Instantiating DensePDInteractionGraph
protocols.relax.FastRelax: CMD: repack  -1122.73  0.224431  0.224431  0.30745
protocols.relax.FastRelax: CMD: scale:fa_rep  -1108.8  0.224431  0.224431  0.31955
protocols.relax.FastRelax: CMD: min  -1287.8  3.55856  3.55856  0.31955
protocols.relax.FastRelax: CMD: coord_cst_weight  -1287.8  3.55856  3.55856  0.31955
protocols.relax.FastRelax: CMD: scale:fa_rep  -1079.79  3.55856  3.55856  0.55
core.pack.task: Packer task: initialize from command line() 
core.pack.pack_rotamers: built 7001 rotamers at 492 positions.
core.pack.interaction_graph.interaction_graph_factory: Instantiating DensePDInteractionGraph
protocols.relax.FastRelax: CMD: repack  -1078.51  3.55856  3.55856  0.55
protocols.relax.FastRelax: CMD: min  -1140.39  3.79975  3.79975  0.55
protocols.relax.FastRelax: MRP: 3  -1140.39  -1140.39  3.79975  3.79975  
protocols.relax.FastRelax: CMD: accept_to_best  -1140.39  3.79975  3.79975  0.55
protocols.relax.FastRelax: CMD: endrepeat  -1140.39  3.79975  3.79975  0.55
protocols.relax.FastRelax: CMD: coord_cst_weight  62536.8  3.79975  3.79975  0.55
protocols.relax.FastRelax: CMD: scale:fa_rep  62205.2  3.79975  3.79975  0.022
core.pack.task: Packer task: initialize from command line() 
core.pack.pack_rotamers: built 7808 rotamers at 492 positions.
core.pack.interaction_graph.interaction_graph_factory: Instantiating DensePDInteractionGraph
protocols.relax.FastRelax: CMD: repack  62187.7  3.79975  3.79975  0.022
protocols.relax.FastRelax: CMD: scale:fa_rep  62195.1  3.79975  3.79975  0.02805
core.optimization.Minimizer: [ WARNING ] LBFGS MAX CYCLES 2000 EXCEEDED, BUT FUNC NOT CONVERGED!
protocols.relax.FastRelax: CMD: min  -1263.16  0.184578  0.184578  0.02805
protocols.relax.FastRelax: CMD: coord_cst_weight  -1334.61  0.184578  0.184578  0.02805
protocols.relax.FastRelax: CMD: scale:fa_rep  -973.729  0.184578  0.184578  0.14575
core.pack.task: Packer task: initialize from command line() 
core.pack.pack_rotamers: built 7329 rotamers at 492 positions.
core.pack.interaction_graph.interaction_graph_factory: Instantiating DensePDInteractionGraph
protocols.relax.FastRelax: CMD: repack  -1039.69  0.184578  0.184578  0.14575
protocols.relax.FastRelax: CMD: scale:fa_rep  -1019.1  0.184578  0.184578  0.154
protocols.relax.FastRelax: CMD: min  -1195.4  0.225697  0.225697  0.154
protocols.relax.FastRelax: CMD: coord_cst_weight  -1305.56  0.225697  0.225697  0.154
protocols.relax.FastRelax: CMD: scale:fa_rep  -1127.64  0.225697  0.225697  0.30745
core.pack.task: Packer task: initialize from command line() 
core.pack.pack_rotamers: built 7151 rotamers at 492 positions.
core.pack.interaction_graph.interaction_graph_factory: Instantiating DensePDInteractionGraph
protocols.relax.FastRelax: CMD: repack  -1128.32  0.225697  0.225697  0.30745
protocols.relax.FastRelax: CMD: scale:fa_rep  -1114.42  0.225697  0.225697  0.31955
protocols.relax.FastRelax: CMD: min  -1291.14  3.45408  3.45408  0.31955
protocols.relax.FastRelax: CMD: coord_cst_weight  -1291.14  3.45408  3.45408  0.31955
protocols.relax.FastRelax: CMD: scale:fa_rep  -1079.64  3.45408  3.45408  0.55
core.pack.task: Packer task: initialize from command line() 
core.pack.pack_rotamers: built 7003 rotamers at 492 positions.
core.pack.interaction_graph.interaction_graph_factory: Instantiating DensePDInteractionGraph
protocols.relax.FastRelax: CMD: repack  -1080.49  3.45408  3.45408  0.55
protocols.relax.FastRelax: CMD: min  -1131.85  3.77569  3.77569  0.55
protocols.relax.FastRelax: MRP: 4  -1131.85  -1140.39  3.79975  3.79975  
protocols.relax.FastRelax: CMD: accept_to_best  -1131.85  3.77569  3.77569  0.55
protocols.relax.FastRelax: CMD: endrepeat  -1131.85  3.77569  3.77569  0.55
protocols.relax.FastRelax: CMD: coord_cst_weight  67632  3.77569  3.77569  0.55
protocols.relax.FastRelax: CMD: scale:fa_rep  67295.4  3.77569  3.77569  0.022
core.pack.task: Packer task: initialize from command line() 
core.pack.pack_rotamers: built 7756 rotamers at 492 positions.
core.pack.interaction_graph.interaction_graph_factory: Instantiating DensePDInteractionGraph
protocols.relax.FastRelax: CMD: repack  67278.6  3.77569  3.77569  0.022
protocols.relax.FastRelax: CMD: scale:fa_rep  67285.4  3.77569  3.77569  0.02805
core.optimization.Minimizer: [ WARNING ] LBFGS MAX CYCLES 2000 EXCEEDED, BUT FUNC NOT CONVERGED!
protocols.relax.FastRelax: CMD: min  -1277.12  0.180544  0.180544  0.02805
protocols.relax.FastRelax: CMD: coord_cst_weight  -1346.95  0.180544  0.180544  0.02805
protocols.relax.FastRelax: CMD: scale:fa_rep  -996.103  0.180544  0.180544  0.14575
core.pack.task: Packer task: initialize from command line() 
core.pack.pack_rotamers: built 7371 rotamers at 492 positions.
core.pack.interaction_graph.interaction_graph_factory: Instantiating DensePDInteractionGraph
protocols.relax.FastRelax: CMD: repack  -1043.41  0.180544  0.180544  0.14575
protocols.relax.FastRelax: CMD: scale:fa_rep  -1022.79  0.180544  0.180544  0.154
protocols.relax.FastRelax: CMD: min  -1187.76  0.226877  0.226877  0.154
protocols.relax.FastRelax: CMD: coord_cst_weight  -1298.59  0.226877  0.226877  0.154
protocols.relax.FastRelax: CMD: scale:fa_rep  -1120.47  0.226877  0.226877  0.30745
core.pack.task: Packer task: initialize from command line() 
core.pack.pack_rotamers: built 7161 rotamers at 492 positions.
core.pack.interaction_graph.interaction_graph_factory: Instantiating DensePDInteractionGraph
protocols.relax.FastRelax: CMD: repack  -1121.02  0.226877  0.226877  0.30745
protocols.relax.FastRelax: CMD: scale:fa_rep  -1107.11  0.226877  0.226877  0.31955
protocols.relax.FastRelax: CMD: min  -1285.42  2.90606  2.90606  0.31955
protocols.relax.FastRelax: CMD: coord_cst_weight  -1285.42  2.90606  2.90606  0.31955
protocols.relax.FastRelax: CMD: scale:fa_rep  -1073.38  2.90606  2.90606  0.55
core.pack.task: Packer task: initialize from command line() 
core.pack.pack_rotamers: built 6989 rotamers at 492 positions.
core.pack.interaction_graph.interaction_graph_factory: Instantiating DensePDInteractionGraph
protocols.relax.FastRelax: CMD: repack  -1076.21  2.90606  2.90606  0.55
protocols.relax.FastRelax: CMD: min  -1128.91  2.93096  2.93096  0.55
protocols.relax.FastRelax: MRP: 5  -1128.91  -1140.39  3.79975  3.79975  
protocols.relax.FastRelax: CMD: accept_to_best  -1128.91  2.93096  2.93096  0.55
protocols.relax.FastRelax: CMD: endrepeat  -1128.91  2.93096  2.93096  0.55
protocols.relax.FastRelax: CMD: coord_cst_weight  44085.2  2.93096  2.93096  0.55
protocols.relax.FastRelax: CMD: scale:fa_rep  43747.9  2.93096  2.93096  0.022
core.pack.task: Packer task: initialize from command line() 
core.pack.pack_rotamers: built 7703 rotamers at 492 positions.
core.pack.interaction_graph.interaction_graph_factory: Instantiating DensePDInteractionGraph
protocols.relax.FastRelax: CMD: repack  43759.5  2.93096  2.93096  0.022
protocols.relax.FastRelax: CMD: scale:fa_rep  43771.1  2.93096  2.93096  0.02805
core.optimization.Minimizer: [ WARNING ] LBFGS MAX CYCLES 2000 EXCEEDED, BUT FUNC NOT CONVERGED!
protocols.relax.FastRelax: CMD: min  -1256.05  0.180541  0.180541  0.02805
protocols.relax.FastRelax: CMD: coord_cst_weight  -1326.3  0.180541  0.180541  0.02805
protocols.relax.FastRelax: CMD: scale:fa_rep  -942.329  0.180541  0.180541  0.14575
core.pack.task: Packer task: initialize from command line() 
core.pack.pack_rotamers: built 7353 rotamers at 492 positions.
core.pack.interaction_graph.interaction_graph_factory: Instantiating DensePDInteractionGraph
protocols.relax.FastRelax: CMD: repack  -991.632  0.180541  0.180541  0.14575
protocols.relax.FastRelax: CMD: scale:fa_rep  -968.257  0.180541  0.180541  0.154
protocols.relax.FastRelax: CMD: min  -1176.96  0.225171  0.225171  0.154
protocols.relax.FastRelax: CMD: coord_cst_weight  -1286.45  0.225171  0.225171  0.154
protocols.relax.FastRelax: CMD: scale:fa_rep  -1100.25  0.225171  0.225171  0.30745
core.pack.task: Packer task: initialize from command line() 
core.pack.pack_rotamers: built 7119 rotamers at 492 positions.
core.pack.interaction_graph.interaction_graph_factory: Instantiating DensePDInteractionGraph
protocols.relax.FastRelax: CMD: repack  -1102  0.225171  0.225171  0.30745
protocols.relax.FastRelax: CMD: scale:fa_rep  -1087.42  0.225171  0.225171  0.31955
protocols.relax.FastRelax: CMD: min  -1286.01  3.37195  3.37195  0.31955
protocols.relax.FastRelax: CMD: coord_cst_weight  -1286.01  3.37195  3.37195  0.31955
protocols.relax.FastRelax: CMD: scale:fa_rep  -1078.86  3.37195  3.37195  0.55
core.pack.task: Packer task: initialize from command line() 
core.pack.pack_rotamers: built 6966 rotamers at 492 positions.
core.pack.interaction_graph.interaction_graph_factory: Instantiating DensePDInteractionGraph
protocols.relax.FastRelax: CMD: repack  -1080.74  3.37195  3.37195  0.55
protocols.relax.FastRelax: CMD: min  -1137.86  3.40107  3.40107  0.55
protocols.relax.FastRelax: MRP: 6  -1137.86  -1140.39  3.79975  3.79975  
protocols.relax.FastRelax: CMD: accept_to_best  -1137.86  3.40107  3.40107  0.55
protocols.relax.FastRelax: CMD: endrepeat  -1137.86  3.40107  3.40107  0.55
protocols.relax.FastRelax: CMD: coord_cst_weight  63861.8  3.40107  3.40107  0.55
protocols.relax.FastRelax: CMD: scale:fa_rep  63533  3.40107  3.40107  0.022
core.pack.task: Packer task: initialize from command line() 
core.pack.pack_rotamers: built 7740 rotamers at 492 positions.
core.pack.interaction_graph.interaction_graph_factory: Instantiating DensePDInteractionGraph
protocols.relax.FastRelax: CMD: repack  63532.9  3.40107  3.40107  0.022
protocols.relax.FastRelax: CMD: scale:fa_rep  63543.9  3.40107  3.40107  0.02805
core.optimization.Minimizer: [ WARNING ] LBFGS MAX CYCLES 2000 EXCEEDED, BUT FUNC NOT CONVERGED!
protocols.relax.FastRelax: CMD: min  -1264.39  0.183305  0.183305  0.02805
protocols.relax.FastRelax: CMD: coord_cst_weight  -1335.07  0.183305  0.183305  0.02805
protocols.relax.FastRelax: CMD: scale:fa_rep  -960.348  0.183305  0.183305  0.14575
core.pack.task: Packer task: initialize from command line() 
core.pack.pack_rotamers: built 7346 rotamers at 492 positions.
core.pack.interaction_graph.interaction_graph_factory: Instantiating DensePDInteractionGraph
protocols.relax.FastRelax: CMD: repack  -1012.62  0.183305  0.183305  0.14575
protocols.relax.FastRelax: CMD: scale:fa_rep  -990.419  0.183305  0.183305  0.154
protocols.relax.FastRelax: CMD: min  -1178.39  0.230391  0.230391  0.154
protocols.relax.FastRelax: CMD: coord_cst_weight  -1292.05  0.230391  0.230391  0.154
protocols.relax.FastRelax: CMD: scale:fa_rep  -1108.35  0.230391  0.230391  0.30745
core.pack.task: Packer task: initialize from command line() 
core.pack.pack_rotamers: built 7165 rotamers at 492 positions.
core.pack.interaction_graph.interaction_graph_factory: Instantiating DensePDInteractionGraph
protocols.relax.FastRelax: CMD: repack  -1108.92  0.230391  0.230391  0.30745
protocols.relax.FastRelax: CMD: scale:fa_rep  -1094.54  0.230391  0.230391  0.31955
protocols.relax.FastRelax: CMD: min  -1286.82  2.7066  2.7066  0.31955
protocols.relax.FastRelax: CMD: coord_cst_weight  -1286.82  2.7066  2.7066  0.31955
protocols.relax.FastRelax: CMD: scale:fa_rep  -1081.18  2.7066  2.7066  0.55
core.pack.task: Packer task: initialize from command line() 
core.pack.pack_rotamers: built 6967 rotamers at 492 positions.
core.pack.interaction_graph.interaction_graph_factory: Instantiating DensePDInteractionGraph
protocols.relax.FastRelax: CMD: repack  -1085.1  2.7066  2.7066  0.55
protocols.relax.FastRelax: CMD: min  -1139.09  3.14265  3.14265  0.55
protocols.relax.FastRelax: MRP: 7  -1139.09  -1140.39  3.79975  3.79975  
protocols.relax.FastRelax: CMD: accept_to_best  -1139.09  3.14265  3.14265  0.55
protocols.relax.FastRelax: CMD: endrepeat  -1139.09  3.14265  3.14265  0.55
protocols.relax.FastRelax: CMD: coord_cst_weight  59799.4  3.14265  3.14265  0.55
protocols.relax.FastRelax: CMD: scale:fa_rep  59472  3.14265  3.14265  0.022
core.pack.task: Packer task: initialize from command line() 
core.pack.pack_rotamers: built 7732 rotamers at 492 positions.
core.pack.interaction_graph.interaction_graph_factory: Instantiating DensePDInteractionGraph
protocols.relax.FastRelax: CMD: repack  59467.5  3.14265  3.14265  0.022
protocols.relax.FastRelax: CMD: scale:fa_rep  59475.7  3.14265  3.14265  0.02805
core.optimization.Minimizer: [ WARNING ] LBFGS MAX CYCLES 2000 EXCEEDED, BUT FUNC NOT CONVERGED!
protocols.relax.FastRelax: CMD: min  -1272.55  0.177161  0.177161  0.02805
protocols.relax.FastRelax: CMD: coord_cst_weight  -1340.98  0.177161  0.177161  0.02805
protocols.relax.FastRelax: CMD: scale:fa_rep  -982.246  0.177161  0.177161  0.14575
core.pack.task: Packer task: initialize from command line() 
core.pack.pack_rotamers: built 7342 rotamers at 492 positions.
core.pack.interaction_graph.interaction_graph_factory: Instantiating DensePDInteractionGraph
protocols.relax.FastRelax: CMD: repack  -1024.18  0.177161  0.177161  0.14575
protocols.relax.FastRelax: CMD: scale:fa_rep  -1002.32  0.177161  0.177161  0.154
protocols.relax.FastRelax: CMD: min  -1182.57  0.226288  0.226288  0.154
protocols.relax.FastRelax: CMD: coord_cst_weight  -1294.34  0.226288  0.226288  0.154
protocols.relax.FastRelax: CMD: scale:fa_rep  -1113.42  0.226288  0.226288  0.30745
core.pack.task: Packer task: initialize from command line() 
core.pack.pack_rotamers: built 7148 rotamers at 492 positions.
core.pack.interaction_graph.interaction_graph_factory: Instantiating DensePDInteractionGraph
protocols.relax.FastRelax: CMD: repack  -1114  0.226288  0.226288  0.30745
protocols.relax.FastRelax: CMD: scale:fa_rep  -1099.79  0.226288  0.226288  0.31955
protocols.relax.FastRelax: CMD: min  -1297.94  2.88107  2.88107  0.31955
protocols.relax.FastRelax: CMD: coord_cst_weight  -1297.94  2.88107  2.88107  0.31955
protocols.relax.FastRelax: CMD: scale:fa_rep  -1093.03  2.88107  2.88107  0.55
core.pack.task: Packer task: initialize from command line() 
core.pack.pack_rotamers: built 6936 rotamers at 492 positions.
core.pack.interaction_graph.interaction_graph_factory: Instantiating DensePDInteractionGraph
protocols.relax.FastRelax: CMD: repack  -1092.52  2.88107  2.88107  0.55
protocols.relax.FastRelax: CMD: min  -1143.9  3.09124  3.09124  0.55
protocols.relax.FastRelax: MRP: 8  -1143.9  -1143.9  3.09124  3.09124  
protocols.relax.FastRelax: CMD: accept_to_best  -1143.9  3.09124  3.09124  0.55
protocols.relax.FastRelax: CMD: endrepeat  -1143.9  3.09124  3.09124  0.55
protocols.relax.FastRelax: CMD: coord_cst_weight  53958.5  3.09124  3.09124  0.55
protocols.relax.FastRelax: CMD: scale:fa_rep  53630.7  3.09124  3.09124  0.022
core.pack.task: Packer task: initialize from command line() 
core.pack.pack_rotamers: built 7686 rotamers at 492 positions.
core.pack.interaction_graph.interaction_graph_factory: Instantiating DensePDInteractionGraph
protocols.relax.FastRelax: CMD: repack  53617  3.09124  3.09124  0.022
protocols.relax.FastRelax: CMD: scale:fa_rep  53624.4  3.09124  3.09124  0.02805
core.optimization.Minimizer: [ WARNING ] LBFGS MAX CYCLES 2000 EXCEEDED, BUT FUNC NOT CONVERGED!
protocols.relax.FastRelax: CMD: min  -1263.17  0.181369  0.181369  0.02805
protocols.relax.FastRelax: CMD: coord_cst_weight  -1336.87  0.181369  0.181369  0.02805
protocols.relax.FastRelax: CMD: scale:fa_rep  -952.793  0.181369  0.181369  0.14575
core.pack.task: Packer task: initialize from command line() 
core.pack.pack_rotamers: built 7379 rotamers at 492 positions.
core.pack.interaction_graph.interaction_graph_factory: Instantiating DensePDInteractionGraph
protocols.relax.FastRelax: CMD: repack  -1030.15  0.181369  0.181369  0.14575
protocols.relax.FastRelax: CMD: scale:fa_rep  -1008.58  0.181369  0.181369  0.154
protocols.relax.FastRelax: CMD: min  -1182.57  0.226123  0.226123  0.154
protocols.relax.FastRelax: CMD: coord_cst_weight  -1294.89  0.226123  0.226123  0.154
protocols.relax.FastRelax: CMD: scale:fa_rep  -1110.23  0.226123  0.226123  0.30745
core.pack.task: Packer task: initialize from command line() 
core.pack.pack_rotamers: built 7174 rotamers at 492 positions.
core.pack.interaction_graph.interaction_graph_factory: Instantiating DensePDInteractionGraph
protocols.relax.FastRelax: CMD: repack  -1111.42  0.226123  0.226123  0.30745
protocols.relax.FastRelax: CMD: scale:fa_rep  -1097.03  0.226123  0.226123  0.31955
protocols.relax.FastRelax: CMD: min  -1290.2  2.95188  2.95188  0.31955
protocols.relax.FastRelax: CMD: coord_cst_weight  -1290.2  2.95188  2.95188  0.31955
protocols.relax.FastRelax: CMD: scale:fa_rep  -1086.63  2.95188  2.95188  0.55
core.pack.task: Packer task: initialize from command line() 
core.pack.pack_rotamers: built 6924 rotamers at 492 positions.
core.pack.interaction_graph.interaction_graph_factory: Instantiating DensePDInteractionGraph
protocols.relax.FastRelax: CMD: repack  -1092.5  2.95188  2.95188  0.55
protocols.relax.FastRelax: CMD: min  -1154.29  3.61338  3.61338  0.55
protocols.relax.FastRelax: MRP: 9  -1154.29  -1154.29  3.61338  3.61338  
protocols.relax.FastRelax: CMD: accept_to_best  -1154.29  3.61338  3.61338  0.55
protocols.relax.FastRelax: CMD: endrepeat  -1154.29  3.61338  3.61338  0.55
protocols.relax.FastRelax: CMD: coord_cst_weight  69758.4  3.61338  3.61338  0.55
protocols.relax.FastRelax: CMD: scale:fa_rep  69434.2  3.61338  3.61338  0.022
core.pack.task: Packer task: initialize from command line() 
core.pack.pack_rotamers: built 7715 rotamers at 492 positions.
core.pack.interaction_graph.interaction_graph_factory: Instantiating DensePDInteractionGraph
protocols.relax.FastRelax: CMD: repack  69427.6  3.61338  3.61338  0.022
protocols.relax.FastRelax: CMD: scale:fa_rep  69435.1  3.61338  3.61338  0.02805
core.optimization.Minimizer: [ WARNING ] LBFGS MAX CYCLES 2000 EXCEEDED, BUT FUNC NOT CONVERGED!
protocols.relax.FastRelax: CMD: min  -1257.1  0.190701  0.190701  0.02805
protocols.relax.FastRelax: CMD: coord_cst_weight  -1336.55  0.190701  0.190701  0.02805
protocols.relax.FastRelax: CMD: scale:fa_rep  -979.393  0.190701  0.190701  0.14575
core.pack.task: Packer task: initialize from command line() 
core.pack.pack_rotamers: built 7351 rotamers at 492 positions.
core.pack.interaction_graph.interaction_graph_factory: Instantiating DensePDInteractionGraph
protocols.relax.FastRelax: CMD: repack  -1020.12  0.190701  0.190701  0.14575
protocols.relax.FastRelax: CMD: scale:fa_rep  -998.655  0.190701  0.190701  0.154
protocols.relax.FastRelax: CMD: min  -1177.01  0.22979  0.22979  0.154
protocols.relax.FastRelax: CMD: coord_cst_weight  -1292.97  0.22979  0.22979  0.154
protocols.relax.FastRelax: CMD: scale:fa_rep  -1108.07  0.22979  0.22979  0.30745
core.pack.task: Packer task: initialize from command line() 
core.pack.pack_rotamers: built 7150 rotamers at 492 positions.
core.pack.interaction_graph.interaction_graph_factory: Instantiating DensePDInteractionGraph
protocols.relax.FastRelax: CMD: repack  -1107.7  0.22979  0.22979  0.30745
protocols.relax.FastRelax: CMD: scale:fa_rep  -1093.09  0.22979  0.22979  0.31955
protocols.relax.FastRelax: CMD: min  -1307.75  3.1376  3.1376  0.31955
protocols.relax.FastRelax: CMD: coord_cst_weight  -1307.75  3.1376  3.1376  0.31955
protocols.relax.FastRelax: CMD: scale:fa_rep  -1104.85  3.1376  3.1376  0.55
core.pack.task: Packer task: initialize from command line() 
core.pack.pack_rotamers: built 6906 rotamers at 492 positions.
core.pack.interaction_graph.interaction_graph_factory: Instantiating DensePDInteractionGraph
protocols.relax.FastRelax: CMD: repack  -1107.3  3.1376  3.1376  0.55
protocols.relax.FastRelax: CMD: min  -1163.48  3.7563  3.7563  0.55
protocols.relax.FastRelax: MRP: 10  -1163.48  -1163.48  3.7563  3.7563  
protocols.relax.FastRelax: CMD: accept_to_best  -1163.48  3.7563  3.7563  0.55
protocols.relax.FastRelax: CMD: endrepeat  -1163.48  3.7563  3.7563  0.55
protocols.relax.FastRelax: CMD: coord_cst_weight  71809.7  3.7563  3.7563  0.55
protocols.relax.FastRelax: CMD: scale:fa_rep  71484.7  3.7563  3.7563  0.022
core.pack.task: Packer task: initialize from command line() 
core.pack.pack_rotamers: built 7688 rotamers at 492 positions.
core.pack.interaction_graph.interaction_graph_factory: Instantiating DensePDInteractionGraph
protocols.relax.FastRelax: CMD: repack  71459.1  3.7563  3.7563  0.022
protocols.relax.FastRelax: CMD: scale:fa_rep  71468.3  3.7563  3.7563  0.02805
core.optimization.Minimizer: [ WARNING ] LBFGS MAX CYCLES 2000 EXCEEDED, BUT FUNC NOT CONVERGED!
protocols.relax.FastRelax: CMD: min  -1245.94  0.196057  0.196057  0.02805
protocols.relax.FastRelax: CMD: coord_cst_weight  -1331.47  0.196057  0.196057  0.02805
protocols.relax.FastRelax: CMD: scale:fa_rep  -949.016  0.196057  0.196057  0.14575
core.pack.task: Packer task: initialize from command line() 
core.pack.pack_rotamers: built 7356 rotamers at 492 positions.
core.pack.interaction_graph.interaction_graph_factory: Instantiating DensePDInteractionGraph
protocols.relax.FastRelax: CMD: repack  -1017.25  0.196057  0.196057  0.14575
protocols.relax.FastRelax: CMD: scale:fa_rep  -995.64  0.196057  0.196057  0.154
protocols.relax.FastRelax: CMD: min  -1187.66  0.232299  0.232299  0.154
protocols.relax.FastRelax: CMD: coord_cst_weight  -1306.34  0.232299  0.232299  0.154
protocols.relax.FastRelax: CMD: scale:fa_rep  -1123.64  0.232299  0.232299  0.30745
core.pack.task: Packer task: initialize from command line() 
core.pack.pack_rotamers: built 7155 rotamers at 492 positions.
core.pack.interaction_graph.interaction_graph_factory: Instantiating DensePDInteractionGraph
protocols.relax.FastRelax: CMD: repack  -1124.57  0.232299  0.232299  0.30745
protocols.relax.FastRelax: CMD: scale:fa_rep  -1110.24  0.232299  0.232299  0.31955
protocols.relax.FastRelax: CMD: min  -1311.53  2.44888  2.44888  0.31955
protocols.relax.FastRelax: CMD: coord_cst_weight  -1311.53  2.44888  2.44888  0.31955
protocols.relax.FastRelax: CMD: scale:fa_rep  -1106.06  2.44888  2.44888  0.55
core.pack.task: Packer task: initialize from command line() 
core.pack.pack_rotamers: built 6942 rotamers at 492 positions.
core.pack.interaction_graph.interaction_graph_factory: Instantiating DensePDInteractionGraph
protocols.relax.FastRelax: CMD: repack  -1108.21  2.44888  2.44888  0.55
protocols.relax.FastRelax: CMD: min  -1166.78  2.89377  2.89377  0.55
protocols.relax.FastRelax: MRP: 11  -1166.78  -1166.78  2.89377  2.89377  
protocols.relax.FastRelax: CMD: accept_to_best  -1166.78  2.89377  2.89377  0.55
protocols.relax.FastRelax: CMD: endrepeat  -1166.78  2.89377  2.89377  0.55
protocols.relax.FastRelax: CMD: coord_cst_weight  43613.1  2.89377  2.89377  0.55
protocols.relax.FastRelax: CMD: scale:fa_rep  43290.1  2.89377  2.89377  0.022
core.pack.task: Packer task: initialize from command line() 
core.pack.pack_rotamers: built 7696 rotamers at 492 positions.
core.pack.interaction_graph.interaction_graph_factory: Instantiating DensePDInteractionGraph
protocols.relax.FastRelax: CMD: repack  43286.2  2.89377  2.89377  0.022
protocols.relax.FastRelax: CMD: scale:fa_rep  43294.7  2.89377  2.89377  0.02805
core.optimization.Minimizer: [ WARNING ] LBFGS MAX CYCLES 2000 EXCEEDED, BUT FUNC NOT CONVERGED!
protocols.relax.FastRelax: CMD: min  -1279.32  0.181042  0.181042  0.02805
protocols.relax.FastRelax: CMD: coord_cst_weight  -1351.82  0.181042  0.181042  0.02805
protocols.relax.FastRelax: CMD: scale:fa_rep  -1013.63  0.181042  0.181042  0.14575
core.pack.task: Packer task: initialize from command line() 
core.pack.pack_rotamers: built 7426 rotamers at 492 positions.
core.pack.interaction_graph.interaction_graph_factory: Instantiating DensePDInteractionGraph
protocols.relax.FastRelax: CMD: repack  -1046.33  0.181042  0.181042  0.14575
protocols.relax.FastRelax: CMD: scale:fa_rep  -1025.51  0.181042  0.181042  0.154
protocols.relax.FastRelax: CMD: min  -1188.84  0.231072  0.231072  0.154
protocols.relax.FastRelax: CMD: coord_cst_weight  -1306  0.231072  0.231072  0.154
protocols.relax.FastRelax: CMD: scale:fa_rep  -1125.2  0.231072  0.231072  0.30745
core.pack.task: Packer task: initialize from command line() 
core.pack.pack_rotamers: built 7186 rotamers at 492 positions.
core.pack.interaction_graph.interaction_graph_factory: Instantiating DensePDInteractionGraph
protocols.relax.FastRelax: CMD: repack  -1124.45  0.231072  0.231072  0.30745
protocols.relax.FastRelax: CMD: scale:fa_rep  -1110.22  0.231072  0.231072  0.31955
protocols.relax.FastRelax: CMD: min  -1313.53  2.49724  2.49724  0.31955
protocols.relax.FastRelax: CMD: coord_cst_weight  -1313.53  2.49724  2.49724  0.31955
protocols.relax.FastRelax: CMD: scale:fa_rep  -1108.86  2.49724  2.49724  0.55
core.pack.task: Packer task: initialize from command line() 
core.pack.pack_rotamers: built 6922 rotamers at 492 positions.
core.pack.interaction_graph.interaction_graph_factory: Instantiating DensePDInteractionGraph
protocols.relax.FastRelax: CMD: repack  -1111.35  2.49724  2.49724  0.55
protocols.relax.FastRelax: CMD: min  -1161.26  2.95029  2.95029  0.55
protocols.relax.FastRelax: MRP: 12  -1161.26  -1166.78  2.89377  2.89377  
protocols.relax.FastRelax: CMD: accept_to_best  -1161.26  2.95029  2.95029  0.55
protocols.relax.FastRelax: CMD: endrepeat  -1161.26  2.95029  2.95029  0.55
protocols.relax.FastRelax: CMD: coord_cst_weight  41034.8  2.95029  2.95029  0.55
protocols.relax.FastRelax: CMD: scale:fa_rep  40707.7  2.95029  2.95029  0.022
core.pack.task: Packer task: initialize from command line() 
core.pack.pack_rotamers: built 7643 rotamers at 492 positions.
core.pack.interaction_graph.interaction_graph_factory: Instantiating DensePDInteractionGraph
protocols.relax.FastRelax: CMD: repack  40698.2  2.95029  2.95029  0.022
protocols.relax.FastRelax: CMD: scale:fa_rep  40706.4  2.95029  2.95029  0.02805
core.optimization.Minimizer: [ WARNING ] LBFGS MAX CYCLES 2000 EXCEEDED, BUT FUNC NOT CONVERGED!
protocols.relax.FastRelax: CMD: min  -1286.1  0.18225  0.18225  0.02805
protocols.relax.FastRelax: CMD: coord_cst_weight  -1358.04  0.18225  0.18225  0.02805
protocols.relax.FastRelax: CMD: scale:fa_rep  -1012.66  0.18225  0.18225  0.14575
core.pack.task: Packer task: initialize from command line() 
core.pack.pack_rotamers: built 7360 rotamers at 492 positions.
core.pack.interaction_graph.interaction_graph_factory: Instantiating DensePDInteractionGraph
protocols.relax.FastRelax: CMD: repack  -1041.38  0.18225  0.18225  0.14575
protocols.relax.FastRelax: CMD: scale:fa_rep  -1020.26  0.18225  0.18225  0.154
protocols.relax.FastRelax: CMD: min  -1186.33  0.229486  0.229486  0.154
protocols.relax.FastRelax: CMD: coord_cst_weight  -1300.93  0.229486  0.229486  0.154
protocols.relax.FastRelax: CMD: scale:fa_rep  -1118.63  0.229486  0.229486  0.30745
core.pack.task: Packer task: initialize from command line() 
core.pack.pack_rotamers: built 7171 rotamers at 492 positions.
core.pack.interaction_graph.interaction_graph_factory: Instantiating DensePDInteractionGraph
protocols.relax.FastRelax: CMD: repack  -1119.84  0.229486  0.229486  0.30745
protocols.relax.FastRelax: CMD: scale:fa_rep  -1105.55  0.229486  0.229486  0.31955
protocols.relax.FastRelax: CMD: min  -1305.17  3.51309  3.51309  0.31955
protocols.relax.FastRelax: CMD: coord_cst_weight  -1305.17  3.51309  3.51309  0.31955
protocols.relax.FastRelax: CMD: scale:fa_rep  -1099.19  3.51309  3.51309  0.55
core.pack.task: Packer task: initialize from command line() 
core.pack.pack_rotamers: built 6955 rotamers at 492 positions.
core.pack.interaction_graph.interaction_graph_factory: Instantiating DensePDInteractionGraph
protocols.relax.FastRelax: CMD: repack  -1103.87  3.51309  3.51309  0.55
protocols.relax.FastRelax: CMD: min  -1155.96  3.68398  3.68398  0.55
protocols.relax.FastRelax: MRP: 13  -1155.96  -1166.78  2.89377  2.89377  
protocols.relax.FastRelax: CMD: accept_to_best  -1155.96  3.68398  3.68398  0.55
protocols.relax.FastRelax: CMD: endrepeat  -1155.96  3.68398  3.68398  0.55
protocols.relax.FastRelax: CMD: coord_cst_weight  71576.9  3.68398  3.68398  0.55
protocols.relax.FastRelax: CMD: scale:fa_rep  71249.6  3.68398  3.68398  0.022
core.pack.task: Packer task: initialize from command line() 
core.pack.pack_rotamers: built 7697 rotamers at 492 positions.
core.pack.interaction_graph.interaction_graph_factory: Instantiating DensePDInteractionGraph
protocols.relax.FastRelax: CMD: repack  71235.8  3.68398  3.68398  0.022
protocols.relax.FastRelax: CMD: scale:fa_rep  71243.3  3.68398  3.68398  0.02805
core.optimization.Minimizer: [ WARNING ] LBFGS MAX CYCLES 2000 EXCEEDED, BUT FUNC NOT CONVERGED!
protocols.relax.FastRelax: CMD: min  -1285.93  0.177792  0.177792  0.02805
protocols.relax.FastRelax: CMD: coord_cst_weight  -1355.36  0.177792  0.177792  0.02805
protocols.relax.FastRelax: CMD: scale:fa_rep  -1009.77  0.177792  0.177792  0.14575
core.pack.task: Packer task: initialize from command line() 
core.pack.pack_rotamers: built 7369 rotamers at 492 positions.
core.pack.interaction_graph.interaction_graph_factory: Instantiating DensePDInteractionGraph
protocols.relax.FastRelax: CMD: repack  -1042.03  0.177792  0.177792  0.14575
protocols.relax.FastRelax: CMD: scale:fa_rep  -1020.63  0.177792  0.177792  0.154
protocols.relax.FastRelax: CMD: min  -1187.16  0.231234  0.231234  0.154
protocols.relax.FastRelax: CMD: coord_cst_weight  -1303.58  0.231234  0.231234  0.154
protocols.relax.FastRelax: CMD: scale:fa_rep  -1120.43  0.231234  0.231234  0.30745
core.pack.task: Packer task: initialize from command line() 
core.pack.pack_rotamers: built 7201 rotamers at 492 positions.
core.pack.interaction_graph.interaction_graph_factory: Instantiating DensePDInteractionGraph
protocols.relax.FastRelax: CMD: repack  -1121.31  0.231234  0.231234  0.30745
protocols.relax.FastRelax: CMD: scale:fa_rep  -1106.96  0.231234  0.231234  0.31955
protocols.relax.FastRelax: CMD: min  -1302.71  2.74128  2.74128  0.31955
protocols.relax.FastRelax: CMD: coord_cst_weight  -1302.71  2.74128  2.74128  0.31955
protocols.relax.FastRelax: CMD: scale:fa_rep  -1096.78  2.74128  2.74128  0.55
core.pack.task: Packer task: initialize from command line() 
core.pack.pack_rotamers: built 6980 rotamers at 492 positions.
core.pack.interaction_graph.interaction_graph_factory: Instantiating DensePDInteractionGraph
protocols.relax.FastRelax: CMD: repack  -1100.11  2.74128  2.74128  0.55
protocols.relax.FastRelax: CMD: min  -1156.16  3.60001  3.60001  0.55
protocols.relax.FastRelax: MRP: 14  -1156.16  -1166.78  2.89377  2.89377  
protocols.relax.FastRelax: CMD: accept_to_best  -1156.16  3.60001  3.60001  0.55
protocols.relax.FastRelax: CMD: endrepeat  -1156.16  3.60001  3.60001  0.55
protocols::checkpoint: Deleting checkpoints of FastRelax
protocols.jd2.JobDistributor: target.BL00010001_1_0005 reported success in 15049 seconds
protocols.jd2.PDBJobInputter: PDBJobInputter::pose_from_job
protocols.jd2.PDBJobInputter: filling pose from PDB ../1-modeller/target.BL00010001.pdb
core.import_pose.import_pose: File '../1-modeller/target.BL00010001.pdb' automatically determined to be of type PDB from contents.
core.io.rcsb.ExperimentalTechnique: [ ERROR ] Unrecognized experimental technique string 'THEORETICAL MODEL, MODELLER 10.8 2026/08/10 16:18:02'
protocols.relax.FastRelax: CMD: repeat  4476.34  0  0  0.55
protocols.relax.FastRelax: CMD: coord_cst_weight  4476.34  0  0  0.55
protocols.relax.FastRelax: CMD: scale:fa_rep  806.987  0  0  0.022
core.pack.task: Packer task: initialize from command line() 
core.pack.pack_rotamers: built 8129 rotamers at 492 positions.
core.pack.interaction_graph.interaction_graph_factory: Instantiating DensePDInteractionGraph
protocols.relax.FastRelax: CMD: repack  -879.395  0  0  0.022
protocols.relax.FastRelax: CMD: scale:fa_rep  -837.803  0  0  0.02805
core.optimization.Minimizer: [ WARNING ] LBFGS MAX CYCLES 2000 EXCEEDED, BUT FUNC NOT CONVERGED!
protocols.relax.FastRelax: CMD: min  -1296.99  0.150693  0.150693  0.02805
protocols.relax.FastRelax: CMD: coord_cst_weight  -1344.72  0.150693  0.150693  0.02805
protocols.relax.FastRelax: CMD: scale:fa_rep  -949.93  0.150693  0.150693  0.14575
core.pack.task: Packer task: initialize from command line() 
core.pack.pack_rotamers: built 7459 rotamers at 492 positions.
core.pack.interaction_graph.interaction_graph_factory: Instantiating DensePDInteractionGraph
protocols.relax.FastRelax: CMD: repack  -996.11  0.150693  0.150693  0.14575
protocols.relax.FastRelax: CMD: scale:fa_rep  -974.181  0.150693  0.150693  0.154
protocols.relax.FastRelax: CMD: min  -1156.68  0.205293  0.205293  0.154
protocols.relax.FastRelax: CMD: coord_cst_weight  -1246.65  0.205293  0.205293  0.154
protocols.relax.FastRelax: CMD: scale:fa_rep  -1054.17  0.205293  0.205293  0.30745
core.pack.task: Packer task: initialize from command line() 
core.pack.pack_rotamers: built 7230 rotamers at 492 positions.
core.pack.interaction_graph.interaction_graph_factory: Instantiating DensePDInteractionGraph
protocols.relax.FastRelax: CMD: repack  -1041.89  0.205293  0.205293  0.30745
protocols.relax.FastRelax: CMD: scale:fa_rep  -1026.95  0.205293  0.205293  0.31955
protocols.relax.FastRelax: CMD: min  -1249.61  3.2557  3.2557  0.31955
protocols.relax.FastRelax: CMD: coord_cst_weight  -1249.61  3.2557  3.2557  0.31955
protocols.relax.FastRelax: CMD: scale:fa_rep  -1042.31  3.2557  3.2557  0.55
core.pack.task: Packer task: initialize from command line() 
core.pack.pack_rotamers: built 7026 rotamers at 492 positions.
core.pack.interaction_graph.interaction_graph_factory: Instantiating DensePDInteractionGraph
protocols.relax.FastRelax: CMD: repack  -1049.67  3.2557  3.2557  0.55
protocols.relax.FastRelax: CMD: min  -1112.11  3.38752  3.38752  0.55
protocols.relax.FastRelax: MRP: 0  -1112.11  -1112.11  3.38752  3.38752  
protocols.relax.FastRelax: CMD: accept_to_best  -1112.11  3.38752  3.38752  0.55
protocols.relax.FastRelax: CMD: endrepeat  -1112.11  3.38752  3.38752  0.55
protocols.relax.FastRelax: CMD: coord_cst_weight  97679.3  3.38752  3.38752  0.55
protocols.relax.FastRelax: CMD: scale:fa_rep  97348.2  3.38752  3.38752  0.022
core.pack.task: Packer task: initialize from command line() 
core.pack.pack_rotamers: built 7820 rotamers at 492 positions.
core.pack.interaction_graph.interaction_graph_factory: Instantiating DensePDInteractionGraph
protocols.relax.FastRelax: CMD: repack  97336.7  3.38752  3.38752  0.022
protocols.relax.FastRelax: CMD: scale:fa_rep  97349.2  3.38752  3.38752  0.02805
core.optimization.Minimizer: [ WARNING ] LBFGS MAX CYCLES 2000 EXCEEDED, BUT FUNC NOT CONVERGED!
protocols.relax.FastRelax: CMD: min  -1236.89  0.178628  0.178628  0.02805
protocols.relax.FastRelax: CMD: coord_cst_weight  -1306.81  0.178628  0.178628  0.02805
protocols.relax.FastRelax: CMD: scale:fa_rep  -955.468  0.178628  0.178628  0.14575
core.pack.task: Packer task: initialize from command line() 
core.pack.pack_rotamers: built 7453 rotamers at 492 positions.
core.pack.interaction_graph.interaction_graph_factory: Instantiating DensePDInteractionGraph
protocols.relax.FastRelax: CMD: repack  -1027.25  0.178628  0.178628  0.14575
protocols.relax.FastRelax: CMD: scale:fa_rep  -1007.27  0.178628  0.178628  0.154
protocols.relax.FastRelax: CMD: min  -1184.67  0.218583  0.218583  0.154
protocols.relax.FastRelax: CMD: coord_cst_weight  -1288.71  0.218583  0.218583  0.154
protocols.relax.FastRelax: CMD: scale:fa_rep  -1104.93  0.218583  0.218583  0.30745
core.pack.task: Packer task: initialize from command line() 
core.pack.pack_rotamers: built 7159 rotamers at 492 positions.
core.pack.interaction_graph.interaction_graph_factory: Instantiating DensePDInteractionGraph
protocols.relax.FastRelax: CMD: repack  -1107.24  0.218583  0.218583  0.30745
protocols.relax.FastRelax: CMD: scale:fa_rep  -1093.11  0.218583  0.218583  0.31955
protocols.relax.FastRelax: CMD: min  -1270.38  3.06878  3.06878  0.31955
protocols.relax.FastRelax: CMD: coord_cst_weight  -1270.38  3.06878  3.06878  0.31955
protocols.relax.FastRelax: CMD: scale:fa_rep  -1063.63  3.06878  3.06878  0.55
core.pack.task: Packer task: initialize from command line() 
core.pack.pack_rotamers: built 6990 rotamers at 492 positions.
core.pack.interaction_graph.interaction_graph_factory: Instantiating DensePDInteractionGraph
protocols.relax.FastRelax: CMD: repack  -1071.39  3.06878  3.06878  0.55
protocols.relax.FastRelax: CMD: min  -1124.89  3.3092  3.3092  0.55
protocols.relax.FastRelax: MRP: 1  -1124.89  -1124.89  3.3092  3.3092  
protocols.relax.FastRelax: CMD: accept_to_best  -1124.89  3.3092  3.3092  0.55
protocols.relax.FastRelax: CMD: endrepeat  -1124.89  3.3092  3.3092  0.55
protocols.relax.FastRelax: CMD: coord_cst_weight  59233.9  3.3092  3.3092  0.55
protocols.relax.FastRelax: CMD: scale:fa_rep  58909.6  3.3092  3.3092  0.022
core.pack.task: Packer task: initialize from command line() 
core.pack.pack_rotamers: built 7666 rotamers at 492 positions.
core.pack.interaction_graph.interaction_graph_factory: Instantiating DensePDInteractionGraph
protocols.relax.FastRelax: CMD: repack  58897.1  3.3092  3.3092  0.022
protocols.relax.FastRelax: CMD: scale:fa_rep  58906.3  3.3092  3.3092  0.02805
core.optimization.Minimizer: [ WARNING ] LBFGS MAX CYCLES 2000 EXCEEDED, BUT FUNC NOT CONVERGED!
protocols.relax.FastRelax: CMD: min  -1263.85  0.180836  0.180836  0.02805
protocols.relax.FastRelax: CMD: coord_cst_weight  -1333.07  0.180836  0.180836  0.02805
protocols.relax.FastRelax: CMD: scale:fa_rep  -984.798  0.180836  0.180836  0.14575
core.pack.task: Packer task: initialize from command line() 
core.pack.pack_rotamers: built 7317 rotamers at 492 positions.
core.pack.interaction_graph.interaction_graph_factory: Instantiating DensePDInteractionGraph
protocols.relax.FastRelax: CMD: repack  -1053.18  0.180836  0.180836  0.14575
protocols.relax.FastRelax: CMD: scale:fa_rep  -1032.93  0.180836  0.180836  0.154
protocols.relax.FastRelax: CMD: min  -1194.29  0.226701  0.226701  0.154
protocols.relax.FastRelax: CMD: coord_cst_weight  -1301.8  0.226701  0.226701  0.154
protocols.relax.FastRelax: CMD: scale:fa_rep  -1123.4  0.226701  0.226701  0.30745
core.pack.task: Packer task: initialize from command line() 
core.pack.pack_rotamers: built 7087 rotamers at 492 positions.
core.pack.interaction_graph.interaction_graph_factory: Instantiating DensePDInteractionGraph
protocols.relax.FastRelax: CMD: repack  -1125.63  0.226701  0.226701  0.30745
protocols.relax.FastRelax: CMD: scale:fa_rep  -1111.87  0.226701  0.226701  0.31955
protocols.relax.FastRelax: CMD: min  -1291.92  2.52305  2.52305  0.31955
protocols.relax.FastRelax: CMD: coord_cst_weight  -1291.92  2.52305  2.52305  0.31955
protocols.relax.FastRelax: CMD: scale:fa_rep  -1086.22  2.52305  2.52305  0.55
core.pack.task: Packer task: initialize from command line() 
core.pack.pack_rotamers: built 6909 rotamers at 492 positions.
core.pack.interaction_graph.interaction_graph_factory: Instantiating DensePDInteractionGraph
protocols.relax.FastRelax: CMD: repack  -1087.19  2.52305  2.52305  0.55
protocols.relax.FastRelax: CMD: min  -1146.8  2.71574  2.71574  0.55
protocols.relax.FastRelax: MRP: 2  -1146.8  -1146.8  2.71574  2.71574  
protocols.relax.FastRelax: CMD: accept_to_best  -1146.8  2.71574  2.71574  0.55
protocols.relax.FastRelax: CMD: endrepeat  -1146.8  2.71574  2.71574  0.55
protocols.relax.FastRelax: CMD: coord_cst_weight  36502.7  2.71574  2.71574  0.55
protocols.relax.FastRelax: CMD: scale:fa_rep  36175.1  2.71574  2.71574  0.022
core.pack.task: Packer task: initialize from command line() 
core.pack.pack_rotamers: built 7607 rotamers at 492 positions.
core.pack.interaction_graph.interaction_graph_factory: Instantiating DensePDInteractionGraph
protocols.relax.FastRelax: CMD: repack  36155.8  2.71574  2.71574  0.022
protocols.relax.FastRelax: CMD: scale:fa_rep  36165.8  2.71574  2.71574  0.02805
core.optimization.Minimizer: [ WARNING ] LBFGS MAX CYCLES 2000 EXCEEDED, BUT FUNC NOT CONVERGED!
protocols.relax.FastRelax: CMD: min  -1277.39  0.182417  0.182417  0.02805
protocols.relax.FastRelax: CMD: coord_cst_weight  -1348.72  0.182417  0.182417  0.02805
protocols.relax.FastRelax: CMD: scale:fa_rep  -1028.72  0.182417  0.182417  0.14575
core.pack.task: Packer task: initialize from command line() 
core.pack.pack_rotamers: built 7329 rotamers at 492 positions.
core.pack.interaction_graph.interaction_graph_factory: Instantiating DensePDInteractionGraph
protocols.relax.FastRelax: CMD: repack  -1063.67  0.182417  0.182417  0.14575
protocols.relax.FastRelax: CMD: scale:fa_rep  -1044.31  0.182417  0.182417  0.154
protocols.relax.FastRelax: CMD: min  -1194.91  0.221469  0.221469  0.154
protocols.relax.FastRelax: CMD: coord_cst_weight  -1303.85  0.221469  0.221469  0.154
protocols.relax.FastRelax: CMD: scale:fa_rep  -1124.81  0.221469  0.221469  0.30745
core.pack.task: Packer task: initialize from command line() 
core.pack.pack_rotamers: built 7147 rotamers at 492 positions.
core.pack.interaction_graph.interaction_graph_factory: Instantiating DensePDInteractionGraph
protocols.relax.FastRelax: CMD: repack  -1125.81  0.221469  0.221469  0.30745
protocols.relax.FastRelax: CMD: scale:fa_rep  -1111.97  0.221469  0.221469  0.31955
protocols.relax.FastRelax: CMD: min  -1299.78  2.90109  2.90109  0.31955
protocols.relax.FastRelax: CMD: coord_cst_weight  -1299.78  2.90109  2.90109  0.31955
protocols.relax.FastRelax: CMD: scale:fa_rep  -1097.49  2.90109  2.90109  0.55
core.pack.task: Packer task: initialize from command line() 
core.pack.pack_rotamers: built 6915 rotamers at 492 positions.
core.pack.interaction_graph.interaction_graph_factory: Instantiating DensePDInteractionGraph
protocols.relax.FastRelax: CMD: repack  -1101.37  2.90109  2.90109  0.55
protocols.relax.FastRelax: CMD: min  -1149.61  2.98956  2.98956  0.55
protocols.relax.FastRelax: MRP: 3  -1149.61  -1149.61  2.98956  2.98956  
protocols.relax.FastRelax: CMD: accept_to_best  -1149.61  2.98956  2.98956  0.55
protocols.relax.FastRelax: CMD: endrepeat  -1149.61  2.98956  2.98956  0.55
protocols.relax.FastRelax: CMD: coord_cst_weight  40682.8  2.98956  2.98956  0.55
protocols.relax.FastRelax: CMD: scale:fa_rep  40360.8  2.98956  2.98956  0.022
core.pack.task: Packer task: initialize from command line() 
core.pack.pack_rotamers: built 7597 rotamers at 492 positions.
core.pack.interaction_graph.interaction_graph_factory: Instantiating DensePDInteractionGraph
protocols.relax.FastRelax: CMD: repack  40339.4  2.98956  2.98956  0.022
protocols.relax.FastRelax: CMD: scale:fa_rep  40345.4  2.98956  2.98956  0.02805
core.optimization.Minimizer: [ WARNING ] LBFGS MAX CYCLES 2000 EXCEEDED, BUT FUNC NOT CONVERGED!
protocols.relax.FastRelax: CMD: min  -1270.54  0.179151  0.179151  0.02805
protocols.relax.FastRelax: CMD: coord_cst_weight  -1340.34  0.179151  0.179151  0.02805
protocols.relax.FastRelax: CMD: scale:fa_rep  -1008.95  0.179151  0.179151  0.14575
core.pack.task: Packer task: initialize from command line() 
core.pack.pack_rotamers: built 7363 rotamers at 492 positions.
core.pack.interaction_graph.interaction_graph_factory: Instantiating DensePDInteractionGraph
protocols.relax.FastRelax: CMD: repack  -1054.8  0.179151  0.179151  0.14575
protocols.relax.FastRelax: CMD: scale:fa_rep  -1034.51  0.179151  0.179151  0.154
protocols.relax.FastRelax: CMD: min  -1189.61  0.223218  0.223218  0.154
protocols.relax.FastRelax: CMD: coord_cst_weight  -1298.88  0.223218  0.223218  0.154
protocols.relax.FastRelax: CMD: scale:fa_rep  -1119.65  0.223218  0.223218  0.30745
core.pack.task: Packer task: initialize from command line() 
core.pack.pack_rotamers: built 7143 rotamers at 492 positions.
core.pack.interaction_graph.interaction_graph_factory: Instantiating DensePDInteractionGraph
protocols.relax.FastRelax: CMD: repack  -1124.19  0.223218  0.223218  0.30745
protocols.relax.FastRelax: CMD: scale:fa_rep  -1110.23  0.223218  0.223218  0.31955
protocols.relax.FastRelax: CMD: min  -1292.87  2.89795  2.89795  0.31955
protocols.relax.FastRelax: CMD: coord_cst_weight  -1292.87  2.89795  2.89795  0.31955
protocols.relax.FastRelax: CMD: scale:fa_rep  -1083.95  2.89795  2.89795  0.55
core.pack.task: Packer task: initialize from command line() 
core.pack.pack_rotamers: built 6900 rotamers at 492 positions.
core.pack.interaction_graph.interaction_graph_factory: Instantiating DensePDInteractionGraph
protocols.relax.FastRelax: CMD: repack  -1099.5  2.89795  2.89795  0.55
protocols.relax.FastRelax: CMD: min  -1154.77  2.69993  2.69993  0.55
protocols.relax.FastRelax: MRP: 4  -1154.77  -1154.77  2.69993  2.69993  
protocols.relax.FastRelax: CMD: accept_to_best  -1154.77  2.69993  2.69993  0.55
protocols.relax.FastRelax: CMD: endrepeat  -1154.77  2.69993  2.69993  0.55
protocols.relax.FastRelax: CMD: coord_cst_weight  32321.6  2.69993  2.69993  0.55
protocols.relax.FastRelax: CMD: scale:fa_rep  31997.6  2.69993  2.69993  0.022
core.pack.task: Packer task: initialize from command line() 
core.pack.pack_rotamers: built 7576 rotamers at 492 positions.
core.pack.interaction_graph.interaction_graph_factory: Instantiating DensePDInteractionGraph
protocols.relax.FastRelax: CMD: repack  31988.7  2.69993  2.69993  0.022
protocols.relax.FastRelax: CMD: scale:fa_rep  31994.9  2.69993  2.69993  0.02805
core.optimization.Minimizer: [ WARNING ] LBFGS MAX CYCLES 2000 EXCEEDED, BUT FUNC NOT CONVERGED!
protocols.relax.FastRelax: CMD: min  -1279.37  0.172865  0.172865  0.02805
protocols.relax.FastRelax: CMD: coord_cst_weight  -1345.33  0.172865  0.172865  0.02805
protocols.relax.FastRelax: CMD: scale:fa_rep  -1013.44  0.172865  0.172865  0.14575
core.pack.task: Packer task: initialize from command line() 
core.pack.pack_rotamers: built 7331 rotamers at 492 positions.
core.pack.interaction_graph.interaction_graph_factory: Instantiating DensePDInteractionGraph
protocols.relax.FastRelax: CMD: repack  -1082.56  0.172865  0.172865  0.14575
protocols.relax.FastRelax: CMD: scale:fa_rep  -1063.02  0.172865  0.172865  0.154
protocols.relax.FastRelax: CMD: min  -1203.08  0.221309  0.221309  0.154
protocols.relax.FastRelax: CMD: coord_cst_weight  -1310.29  0.221309  0.221309  0.154
protocols.relax.FastRelax: CMD: scale:fa_rep  -1133.66  0.221309  0.221309  0.30745
core.pack.task: Packer task: initialize from command line() 
core.pack.pack_rotamers: built 7126 rotamers at 492 positions.
core.pack.interaction_graph.interaction_graph_factory: Instantiating DensePDInteractionGraph
protocols.relax.FastRelax: CMD: repack  -1135.52  0.221309  0.221309  0.30745
protocols.relax.FastRelax: CMD: scale:fa_rep  -1121.91  0.221309  0.221309  0.31955
protocols.relax.FastRelax: CMD: min  -1278.1  2.49984  2.49984  0.31955
protocols.relax.FastRelax: CMD: coord_cst_weight  -1278.1  2.49984  2.49984  0.31955
protocols.relax.FastRelax: CMD: scale:fa_rep  -1060.12  2.49984  2.49984  0.55
core.pack.task: Packer task: initialize from command line() 
core.pack.pack_rotamers: built 6888 rotamers at 492 positions.
core.pack.interaction_graph.interaction_graph_factory: Instantiating DensePDInteractionGraph
protocols.relax.FastRelax: CMD: repack  -1097.98  2.49984  2.49984  0.55
protocols.relax.FastRelax: CMD: min  -1157.24  2.63281  2.63281  0.55
protocols.relax.FastRelax: MRP: 5  -1157.24  -1157.24  2.63281  2.63281  
protocols.relax.FastRelax: CMD: accept_to_best  -1157.24  2.63281  2.63281  0.55
protocols.relax.FastRelax: CMD: endrepeat  -1157.24  2.63281  2.63281  0.55
protocols.relax.FastRelax: CMD: coord_cst_weight  33736.7  2.63281  2.63281  0.55
protocols.relax.FastRelax: CMD: scale:fa_rep  33413.1  2.63281  2.63281  0.022
core.pack.task: Packer task: initialize from command line() 
core.pack.pack_rotamers: built 7619 rotamers at 492 positions.
core.pack.interaction_graph.interaction_graph_factory: Instantiating DensePDInteractionGraph
protocols.relax.FastRelax: CMD: repack  33401.1  2.63281  2.63281  0.022
protocols.relax.FastRelax: CMD: scale:fa_rep  33406.9  2.63281  2.63281  0.02805
core.optimization.Minimizer: [ WARNING ] LBFGS MAX CYCLES 2000 EXCEEDED, BUT FUNC NOT CONVERGED!
protocols.relax.FastRelax: CMD: min  -1282.74  0.174338  0.174338  0.02805
protocols.relax.FastRelax: CMD: coord_cst_weight  -1349.99  0.174338  0.174338  0.02805
protocols.relax.FastRelax: CMD: scale:fa_rep  -1047.23  0.174338  0.174338  0.14575
core.pack.task: Packer task: initialize from command line() 
core.pack.pack_rotamers: built 7314 rotamers at 492 positions.
core.pack.interaction_graph.interaction_graph_factory: Instantiating DensePDInteractionGraph
protocols.relax.FastRelax: CMD: repack  -1073.6  0.174338  0.174338  0.14575
protocols.relax.FastRelax: CMD: scale:fa_rep  -1054  0.174338  0.174338  0.154
protocols.relax.FastRelax: CMD: min  -1199.54  0.222251  0.222251  0.154
protocols.relax.FastRelax: CMD: coord_cst_weight  -1308.23  0.222251  0.222251  0.154
protocols.relax.FastRelax: CMD: scale:fa_rep  -1131.89  0.222251  0.222251  0.30745
core.pack.task: Packer task: initialize from command line() 
core.pack.pack_rotamers: built 7128 rotamers at 492 positions.
core.pack.interaction_graph.interaction_graph_factory: Instantiating DensePDInteractionGraph
protocols.relax.FastRelax: CMD: repack  -1132.86  0.222251  0.222251  0.30745
protocols.relax.FastRelax: CMD: scale:fa_rep  -1119.21  0.222251  0.222251  0.31955
protocols.relax.FastRelax: CMD: min  -1299.82  2.69453  2.69453  0.31955
protocols.relax.FastRelax: CMD: coord_cst_weight  -1299.82  2.69453  2.69453  0.31955
protocols.relax.FastRelax: CMD: scale:fa_rep  -1097  2.69453  2.69453  0.55
core.pack.task: Packer task: initialize from command line() 
core.pack.pack_rotamers: built 6891 rotamers at 492 positions.
core.pack.interaction_graph.interaction_graph_factory: Instantiating DensePDInteractionGraph
protocols.relax.FastRelax: CMD: repack  -1099.38  2.69453  2.69453  0.55
protocols.relax.FastRelax: CMD: min  -1156.72  3.21587  3.21587  0.55
protocols.relax.FastRelax: MRP: 6  -1156.72  -1157.24  2.63281  2.63281  
protocols.relax.FastRelax: CMD: accept_to_best  -1156.72  3.21587  3.21587  0.55
protocols.relax.FastRelax: CMD: endrepeat  -1156.72  3.21587  3.21587  0.55
protocols.relax.FastRelax: CMD: coord_cst_weight  48400.3  3.21587  3.21587  0.55
protocols.relax.FastRelax: CMD: scale:fa_rep  48078.5  3.21587  3.21587  0.022
core.pack.task: Packer task: initialize from command line() 
core.pack.pack_rotamers: built 7586 rotamers at 492 positions.
core.pack.interaction_graph.interaction_graph_factory: Instantiating DensePDInteractionGraph
protocols.relax.FastRelax: CMD: repack  48061.8  3.21587  3.21587  0.022
protocols.relax.FastRelax: CMD: scale:fa_rep  48070.9  3.21587  3.21587  0.02805
core.optimization.Minimizer: [ WARNING ] LBFGS MAX CYCLES 2000 EXCEEDED, BUT FUNC NOT CONVERGED!
protocols.relax.FastRelax: CMD: min  -1260.75  0.184517  0.184517  0.02805
protocols.relax.FastRelax: CMD: coord_cst_weight  -1336.17  0.184517  0.184517  0.02805
protocols.relax.FastRelax: CMD: scale:fa_rep  -986.514  0.184517  0.184517  0.14575
core.pack.task: Packer task: initialize from command line() 
core.pack.pack_rotamers: built 7318 rotamers at 492 positions.
core.pack.interaction_graph.interaction_graph_factory: Instantiating DensePDInteractionGraph
protocols.relax.FastRelax: CMD: repack  -1060.35  0.184517  0.184517  0.14575
protocols.relax.FastRelax: CMD: scale:fa_rep  -1041  0.184517  0.184517  0.154
protocols.relax.FastRelax: CMD: min  -1199.71  0.225233  0.225233  0.154
protocols.relax.FastRelax: CMD: coord_cst_weight  -1311.1  0.225233  0.225233  0.154
protocols.relax.FastRelax: CMD: scale:fa_rep  -1136.92  0.225233  0.225233  0.30745
core.pack.task: Packer task: initialize from command line() 
core.pack.pack_rotamers: built 7112 rotamers at 492 positions.
core.pack.interaction_graph.interaction_graph_factory: Instantiating DensePDInteractionGraph
protocols.relax.FastRelax: CMD: repack  -1136.5  0.225233  0.225233  0.30745
protocols.relax.FastRelax: CMD: scale:fa_rep  -1122.95  0.225233  0.225233  0.31955
protocols.relax.FastRelax: CMD: min  -1299.71  3.31184  3.31184  0.31955
protocols.relax.FastRelax: CMD: coord_cst_weight  -1299.71  3.31184  3.31184  0.31955
protocols.relax.FastRelax: CMD: scale:fa_rep  -1096.48  3.31184  3.31184  0.55
core.pack.task: Packer task: initialize from command line() 
core.pack.pack_rotamers: built 6826 rotamers at 492 positions.
core.pack.interaction_graph.interaction_graph_factory: Instantiating DensePDInteractionGraph
protocols.relax.FastRelax: CMD: repack  -1092.76  3.31184  3.31184  0.55
protocols.relax.FastRelax: CMD: min  -1149.2  3.58359  3.58359  0.55
protocols.relax.FastRelax: MRP: 7  -1149.2  -1157.24  2.63281  2.63281  
protocols.relax.FastRelax: CMD: accept_to_best  -1149.2  3.58359  3.58359  0.55
protocols.relax.FastRelax: CMD: endrepeat  -1149.2  3.58359  3.58359  0.55
protocols.relax.FastRelax: CMD: coord_cst_weight  57354.8  3.58359  3.58359  0.55
protocols.relax.FastRelax: CMD: scale:fa_rep  57032.7  3.58359  3.58359  0.022
core.pack.task: Packer task: initialize from command line() 
core.pack.pack_rotamers: built 7565 rotamers at 492 positions.
core.pack.interaction_graph.interaction_graph_factory: Instantiating DensePDInteractionGraph
protocols.relax.FastRelax: CMD: repack  57011.9  3.58359  3.58359  0.022
protocols.relax.FastRelax: CMD: scale:fa_rep  57018.2  3.58359  3.58359  0.02805
core.optimization.Minimizer: [ WARNING ] LBFGS MAX CYCLES 2000 EXCEEDED, BUT FUNC NOT CONVERGED!
protocols.relax.FastRelax: CMD: min  -1284.17  0.177107  0.177107  0.02805
protocols.relax.FastRelax: CMD: coord_cst_weight  -1352.64  0.177107  0.177107  0.02805
protocols.relax.FastRelax: CMD: scale:fa_rep  -1044.5  0.177107  0.177107  0.14575
core.pack.task: Packer task: initialize from command line() 
core.pack.pack_rotamers: built 7333 rotamers at 492 positions.
core.pack.interaction_graph.interaction_graph_factory: Instantiating DensePDInteractionGraph
protocols.relax.FastRelax: CMD: repack  -1071.71  0.177107  0.177107  0.14575
protocols.relax.FastRelax: CMD: scale:fa_rep  -1051.89  0.177107  0.177107  0.154
protocols.relax.FastRelax: CMD: min  -1198.54  0.223542  0.223542  0.154
protocols.relax.FastRelax: CMD: coord_cst_weight  -1308.43  0.223542  0.223542  0.154
protocols.relax.FastRelax: CMD: scale:fa_rep  -1129.96  0.223542  0.223542  0.30745
core.pack.task: Packer task: initialize from command line() 
core.pack.pack_rotamers: built 7082 rotamers at 492 positions.
core.pack.interaction_graph.interaction_graph_factory: Instantiating DensePDInteractionGraph
protocols.relax.FastRelax: CMD: repack  -1131.51  0.223542  0.223542  0.30745
protocols.relax.FastRelax: CMD: scale:fa_rep  -1117.75  0.223542  0.223542  0.31955
protocols.relax.FastRelax: CMD: min  -1294.09  3.0062  3.0062  0.31955
protocols.relax.FastRelax: CMD: coord_cst_weight  -1294.09  3.0062  3.0062  0.31955
protocols.relax.FastRelax: CMD: scale:fa_rep  -1090.65  3.0062  3.0062  0.55
core.pack.task: Packer task: initialize from command line() 
core.pack.pack_rotamers: built 6855 rotamers at 492 positions.
core.pack.interaction_graph.interaction_graph_factory: Instantiating DensePDInteractionGraph
protocols.relax.FastRelax: CMD: repack  -1088.29  3.0062  3.0062  0.55
protocols.relax.FastRelax: CMD: min  -1149.57  3.29476  3.29476  0.55
protocols.relax.FastRelax: MRP: 8  -1149.57  -1157.24  2.63281  2.63281  
protocols.relax.FastRelax: CMD: accept_to_best  -1149.57  3.29476  3.29476  0.55
protocols.relax.FastRelax: CMD: endrepeat  -1149.57  3.29476  3.29476  0.55
protocols.relax.FastRelax: CMD: coord_cst_weight  46199.2  3.29476  3.29476  0.55
protocols.relax.FastRelax: CMD: scale:fa_rep  45876.7  3.29476  3.29476  0.022
core.pack.task: Packer task: initialize from command line() 
core.pack.pack_rotamers: built 7597 rotamers at 492 positions.
core.pack.interaction_graph.interaction_graph_factory: Instantiating DensePDInteractionGraph
protocols.relax.FastRelax: CMD: repack  45854.2  3.29476  3.29476  0.022
protocols.relax.FastRelax: CMD: scale:fa_rep  45860  3.29476  3.29476  0.02805
core.optimization.Minimizer: [ WARNING ] LBFGS MAX CYCLES 2000 EXCEEDED, BUT FUNC NOT CONVERGED!
protocols.relax.FastRelax: CMD: min  -1288.74  0.17729  0.17729  0.02805
protocols.relax.FastRelax: CMD: coord_cst_weight  -1356.64  0.17729  0.17729  0.02805
protocols.relax.FastRelax: CMD: scale:fa_rep  -1043.67  0.17729  0.17729  0.14575
core.pack.task: Packer task: initialize from command line() 
core.pack.pack_rotamers: built 7275 rotamers at 492 positions.
core.pack.interaction_graph.interaction_graph_factory: Instantiating DensePDInteractionGraph
protocols.relax.FastRelax: CMD: repack  -1069.24  0.17729  0.17729  0.14575
protocols.relax.FastRelax: CMD: scale:fa_rep  -1049.47  0.17729  0.17729  0.154
protocols.relax.FastRelax: CMD: min  -1195.11  0.223147  0.223147  0.154
protocols.relax.FastRelax: CMD: coord_cst_weight  -1304.01  0.223147  0.223147  0.154
protocols.relax.FastRelax: CMD: scale:fa_rep  -1125.08  0.223147  0.223147  0.30745
core.pack.task: Packer task: initialize from command line() 
core.pack.pack_rotamers: built 7112 rotamers at 492 positions.
core.pack.interaction_graph.interaction_graph_factory: Instantiating DensePDInteractionGraph
protocols.relax.FastRelax: CMD: repack  -1121.9  0.223147  0.223147  0.30745
protocols.relax.FastRelax: CMD: scale:fa_rep  -1108.08  0.223147  0.223147  0.31955
protocols.relax.FastRelax: CMD: min  -1298  3.54787  3.54787  0.31955
protocols.relax.FastRelax: CMD: coord_cst_weight  -1298  3.54787  3.54787  0.31955
protocols.relax.FastRelax: CMD: scale:fa_rep  -1096.26  3.54787  3.54787  0.55
core.pack.task: Packer task: initialize from command line() 
core.pack.pack_rotamers: built 6820 rotamers at 492 positions.
core.pack.interaction_graph.interaction_graph_factory: Instantiating DensePDInteractionGraph
protocols.relax.FastRelax: CMD: repack  -1099.74  3.54787  3.54787  0.55
protocols.relax.FastRelax: CMD: min  -1153.84  3.83916  3.83916  0.55
protocols.relax.FastRelax: MRP: 9  -1153.84  -1157.24  2.63281  2.63281  
protocols.relax.FastRelax: CMD: accept_to_best  -1153.84  3.83916  3.83916  0.55
protocols.relax.FastRelax: CMD: endrepeat  -1153.84  3.83916  3.83916  0.55
protocols.relax.FastRelax: CMD: coord_cst_weight  99038.3  3.83916  3.83916  0.55
protocols.relax.FastRelax: CMD: scale:fa_rep  98715.3  3.83916  3.83916  0.022
core.pack.task: Packer task: initialize from command line() 
core.pack.pack_rotamers: built 7542 rotamers at 492 positions.
core.pack.interaction_graph.interaction_graph_factory: Instantiating DensePDInteractionGraph
protocols.relax.FastRelax: CMD: repack  98694.6  3.83916  3.83916  0.022
protocols.relax.FastRelax: CMD: scale:fa_rep  98701  3.83916  3.83916  0.02805
core.optimization.Minimizer: [ WARNING ] LBFGS MAX CYCLES 2000 EXCEEDED, BUT FUNC NOT CONVERGED!
protocols.relax.FastRelax: CMD: min  -1264.46  0.18517  0.18517  0.02805
protocols.relax.FastRelax: CMD: coord_cst_weight  -1338.97  0.18517  0.18517  0.02805
protocols.relax.FastRelax: CMD: scale:fa_rep  -1028.56  0.18517  0.18517  0.14575
core.pack.task: Packer task: initialize from command line() 
core.pack.pack_rotamers: built 7308 rotamers at 492 positions.
core.pack.interaction_graph.interaction_graph_factory: Instantiating DensePDInteractionGraph
protocols.relax.FastRelax: CMD: repack  -1060.04  0.18517  0.18517  0.14575
protocols.relax.FastRelax: CMD: scale:fa_rep  -1040.39  0.18517  0.18517  0.154
protocols.relax.FastRelax: CMD: min  -1197.24  0.223993  0.223993  0.154
protocols.relax.FastRelax: CMD: coord_cst_weight  -1307.89  0.223993  0.223993  0.154
protocols.relax.FastRelax: CMD: scale:fa_rep  -1129.69  0.223993  0.223993  0.30745
core.pack.task: Packer task: initialize from command line() 
core.pack.pack_rotamers: built 7082 rotamers at 492 positions.
core.pack.interaction_graph.interaction_graph_factory: Instantiating DensePDInteractionGraph
protocols.relax.FastRelax: CMD: repack  -1131.52  0.223993  0.223993  0.30745
protocols.relax.FastRelax: CMD: scale:fa_rep  -1117.8  0.223993  0.223993  0.31955
protocols.relax.FastRelax: CMD: min  -1307.91  3.63149  3.63149  0.31955
protocols.relax.FastRelax: CMD: coord_cst_weight  -1307.91  3.63149  3.63149  0.31955
protocols.relax.FastRelax: CMD: scale:fa_rep  -1106.19  3.63149  3.63149  0.55
core.pack.task: Packer task: initialize from command line() 
core.pack.pack_rotamers: built 6875 rotamers at 492 positions.
core.pack.interaction_graph.interaction_graph_factory: Instantiating DensePDInteractionGraph
protocols.relax.FastRelax: CMD: repack  -1105.53  3.63149  3.63149  0.55
protocols.relax.FastRelax: CMD: min  -1153.07  3.9061  3.9061  0.55
protocols.relax.FastRelax: MRP: 10  -1153.07  -1157.24  2.63281  2.63281  
protocols.relax.FastRelax: CMD: accept_to_best  -1153.07  3.9061  3.9061  0.55
protocols.relax.FastRelax: CMD: endrepeat  -1153.07  3.9061  3.9061  0.55
protocols.relax.FastRelax: CMD: coord_cst_weight  70008.6  3.9061  3.9061  0.55
protocols.relax.FastRelax: CMD: scale:fa_rep  69682.4  3.9061  3.9061  0.022
core.pack.task: Packer task: initialize from command line() 
core.pack.pack_rotamers: built 7592 rotamers at 492 positions.
core.pack.interaction_graph.interaction_graph_factory: Instantiating DensePDInteractionGraph
protocols.relax.FastRelax: CMD: repack  69658  3.9061  3.9061  0.022
protocols.relax.FastRelax: CMD: scale:fa_rep  69663.9  3.9061  3.9061  0.02805
core.optimization.Minimizer: [ WARNING ] LBFGS MAX CYCLES 2000 EXCEEDED, BUT FUNC NOT CONVERGED!
protocols.relax.FastRelax: CMD: min  -1267.31  0.185251  0.185251  0.02805
protocols.relax.FastRelax: CMD: coord_cst_weight  -1343.08  0.185251  0.185251  0.02805
protocols.relax.FastRelax: CMD: scale:fa_rep  -1006.14  0.185251  0.185251  0.14575
core.pack.task: Packer task: initialize from command line() 
core.pack.pack_rotamers: built 7321 rotamers at 492 positions.
core.pack.interaction_graph.interaction_graph_factory: Instantiating DensePDInteractionGraph
protocols.relax.FastRelax: CMD: repack  -1058.66  0.185251  0.185251  0.14575
protocols.relax.FastRelax: CMD: scale:fa_rep  -1038.94  0.185251  0.185251  0.154
protocols.relax.FastRelax: CMD: min  -1197.96  0.223477  0.223477  0.154
protocols.relax.FastRelax: CMD: coord_cst_weight  -1308.16  0.223477  0.223477  0.154
protocols.relax.FastRelax: CMD: scale:fa_rep  -1134.36  0.223477  0.223477  0.30745
core.pack.task: Packer task: initialize from command line() 
core.pack.pack_rotamers: built 7102 rotamers at 492 positions.
core.pack.interaction_graph.interaction_graph_factory: Instantiating DensePDInteractionGraph
protocols.relax.FastRelax: CMD: repack  -1135.2  0.223477  0.223477  0.30745
protocols.relax.FastRelax: CMD: scale:fa_rep  -1121.62  0.223477  0.223477  0.31955
protocols.relax.FastRelax: CMD: min  -1303.56  3.28616  3.28616  0.31955
protocols.relax.FastRelax: CMD: coord_cst_weight  -1303.56  3.28616  3.28616  0.31955
protocols.relax.FastRelax: CMD: scale:fa_rep  -1100.09  3.28616  3.28616  0.55
core.pack.task: Packer task: initialize from command line() 
core.pack.pack_rotamers: built 6844 rotamers at 492 positions.
core.pack.interaction_graph.interaction_graph_factory: Instantiating DensePDInteractionGraph
protocols.relax.FastRelax: CMD: repack  -1108.16  3.28616  3.28616  0.55
protocols.relax.FastRelax: CMD: min  -1158.12  3.53039  3.53039  0.55
protocols.relax.FastRelax: MRP: 11  -1158.12  -1158.12  3.53039  3.53039  
protocols.relax.FastRelax: CMD: accept_to_best  -1158.12  3.53039  3.53039  0.55
protocols.relax.FastRelax: CMD: endrepeat  -1158.12  3.53039  3.53039  0.55
protocols.relax.FastRelax: CMD: coord_cst_weight  56715.1  3.53039  3.53039  0.55
protocols.relax.FastRelax: CMD: scale:fa_rep  56390  3.53039  3.53039  0.022
core.pack.task: Packer task: initialize from command line() 
core.pack.pack_rotamers: built 7580 rotamers at 492 positions.
core.pack.interaction_graph.interaction_graph_factory: Instantiating DensePDInteractionGraph
protocols.relax.FastRelax: CMD: repack  56371  3.53039  3.53039  0.022
protocols.relax.FastRelax: CMD: scale:fa_rep  56377.5  3.53039  3.53039  0.02805
core.optimization.Minimizer: [ WARNING ] LBFGS MAX CYCLES 2000 EXCEEDED, BUT FUNC NOT CONVERGED!
protocols.relax.FastRelax: CMD: min  -1271.14  0.178252  0.178252  0.02805
protocols.relax.FastRelax: CMD: coord_cst_weight  -1341.26  0.178252  0.178252  0.02805
protocols.relax.FastRelax: CMD: scale:fa_rep  -988.382  0.178252  0.178252  0.14575
core.pack.task: Packer task: initialize from command line() 
core.pack.pack_rotamers: built 7301 rotamers at 492 positions.
core.pack.interaction_graph.interaction_graph_factory: Instantiating DensePDInteractionGraph
protocols.relax.FastRelax: CMD: repack  -1068.93  0.178252  0.178252  0.14575
protocols.relax.FastRelax: CMD: scale:fa_rep  -1049.07  0.178252  0.178252  0.154
protocols.relax.FastRelax: CMD: min  -1196.51  0.224599  0.224599  0.154
protocols.relax.FastRelax: CMD: coord_cst_weight  -1307.51  0.224599  0.224599  0.154
protocols.relax.FastRelax: CMD: scale:fa_rep  -1129.63  0.224599  0.224599  0.30745
core.pack.task: Packer task: initialize from command line() 
core.pack.pack_rotamers: built 7114 rotamers at 492 positions.
core.pack.interaction_graph.interaction_graph_factory: Instantiating DensePDInteractionGraph
protocols.relax.FastRelax: CMD: repack  -1130.88  0.224599  0.224599  0.30745
protocols.relax.FastRelax: CMD: scale:fa_rep  -1117.1  0.224599  0.224599  0.31955
protocols.relax.FastRelax: CMD: min  -1302.26  3.05487  3.05487  0.31955
protocols.relax.FastRelax: CMD: coord_cst_weight  -1302.26  3.05487  3.05487  0.31955
protocols.relax.FastRelax: CMD: scale:fa_rep  -1099.77  3.05487  3.05487  0.55
core.pack.task: Packer task: initialize from command line() 
core.pack.pack_rotamers: built 6909 rotamers at 492 positions.
core.pack.interaction_graph.interaction_graph_factory: Instantiating DensePDInteractionGraph
protocols.relax.FastRelax: CMD: repack  -1101.68  3.05487  3.05487  0.55
protocols.relax.FastRelax: CMD: min  -1162.46  3.50871  3.50871  0.55
protocols.relax.FastRelax: MRP: 12  -1162.46  -1162.46  3.50871  3.50871  
protocols.relax.FastRelax: CMD: accept_to_best  -1162.46  3.50871  3.50871  0.55
protocols.relax.FastRelax: CMD: endrepeat  -1162.46  3.50871  3.50871  0.55
protocols.relax.FastRelax: CMD: coord_cst_weight  60065.9  3.50871  3.50871  0.55
protocols.relax.FastRelax: CMD: scale:fa_rep  59741.9  3.50871  3.50871  0.022
core.pack.task: Packer task: initialize from command line() 
core.pack.pack_rotamers: built 7584 rotamers at 492 positions.
core.pack.interaction_graph.interaction_graph_factory: Instantiating DensePDInteractionGraph
protocols.relax.FastRelax: CMD: repack  59720.9  3.50871  3.50871  0.022
protocols.relax.FastRelax: CMD: scale:fa_rep  59726.4  3.50871  3.50871  0.02805
core.optimization.Minimizer: [ WARNING ] LBFGS MAX CYCLES 2000 EXCEEDED, BUT FUNC NOT CONVERGED!
protocols.relax.FastRelax: CMD: min  -1290.63  0.178118  0.178118  0.02805
protocols.relax.FastRelax: CMD: coord_cst_weight  -1360.45  0.178118  0.178118  0.02805
protocols.relax.FastRelax: CMD: scale:fa_rep  -1054.15  0.178118  0.178118  0.14575
core.pack.task: Packer task: initialize from command line() 
core.pack.pack_rotamers: built 7263 rotamers at 492 positions.
core.pack.interaction_graph.interaction_graph_factory: Instantiating DensePDInteractionGraph
protocols.relax.FastRelax: CMD: repack  -1075.33  0.178118  0.178118  0.14575
protocols.relax.FastRelax: CMD: scale:fa_rep  -1055.7  0.178118  0.178118  0.154
protocols.relax.FastRelax: CMD: min  -1196.95  0.225316  0.225316  0.154
protocols.relax.FastRelax: CMD: coord_cst_weight  -1308.77  0.225316  0.225316  0.154
protocols.relax.FastRelax: CMD: scale:fa_rep  -1129.2  0.225316  0.225316  0.30745
core.pack.task: Packer task: initialize from command line() 
core.pack.pack_rotamers: built 7136 rotamers at 492 positions.
core.pack.interaction_graph.interaction_graph_factory: Instantiating DensePDInteractionGraph
protocols.relax.FastRelax: CMD: repack  -1128.76  0.225316  0.225316  0.30745
protocols.relax.FastRelax: CMD: scale:fa_rep  -1114.85  0.225316  0.225316  0.31955
protocols.relax.FastRelax: CMD: min  -1315.58  3.13794  3.13794  0.31955
protocols.relax.FastRelax: CMD: coord_cst_weight  -1315.58  3.13794  3.13794  0.31955
protocols.relax.FastRelax: CMD: scale:fa_rep  -1111.92  3.13794  3.13794  0.55
core.pack.task: Packer task: initialize from command line() 
core.pack.pack_rotamers: built 6864 rotamers at 492 positions.
core.pack.interaction_graph.interaction_graph_factory: Instantiating DensePDInteractionGraph
protocols.relax.FastRelax: CMD: repack  -1115.96  3.13794  3.13794  0.55
protocols.relax.FastRelax: CMD: min  -1169.64  3.48022  3.48022  0.55
protocols.relax.FastRelax: MRP: 13  -1169.64  -1169.64  3.48022  3.48022  
protocols.relax.FastRelax: CMD: accept_to_best  -1169.64  3.48022  3.48022  0.55
protocols.relax.FastRelax: CMD: endrepeat  -1169.64  3.48022  3.48022  0.55
protocols.relax.FastRelax: CMD: coord_cst_weight  56646.1  3.48022  3.48022  0.55
protocols.relax.FastRelax: CMD: scale:fa_rep  56320.8  3.48022  3.48022  0.022
core.pack.task: Packer task: initialize from command line() 
core.pack.pack_rotamers: built 7567 rotamers at 492 positions.
core.pack.interaction_graph.interaction_graph_factory: Instantiating DensePDInteractionGraph
protocols.relax.FastRelax: CMD: repack  56315.1  3.48022  3.48022  0.022
protocols.relax.FastRelax: CMD: scale:fa_rep  56322.9  3.48022  3.48022  0.02805
core.optimization.Minimizer: [ WARNING ] LBFGS MAX CYCLES 2000 EXCEEDED, BUT FUNC NOT CONVERGED!
protocols.relax.FastRelax: CMD: min  -1285.55  0.177838  0.177838  0.02805
protocols.relax.FastRelax: CMD: coord_cst_weight  -1355.49  0.177838  0.177838  0.02805
protocols.relax.FastRelax: CMD: scale:fa_rep  -1038.04  0.177838  0.177838  0.14575
core.pack.task: Packer task: initialize from command line() 
core.pack.pack_rotamers: built 7310 rotamers at 492 positions.
core.pack.interaction_graph.interaction_graph_factory: Instantiating DensePDInteractionGraph
protocols.relax.FastRelax: CMD: repack  -1070.25  0.177838  0.177838  0.14575
protocols.relax.FastRelax: CMD: scale:fa_rep  -1050.55  0.177838  0.177838  0.154
protocols.relax.FastRelax: CMD: min  -1201.85  0.226228  0.226228  0.154
protocols.relax.FastRelax: CMD: coord_cst_weight  -1313.68  0.226228  0.226228  0.154
protocols.relax.FastRelax: CMD: scale:fa_rep  -1134.83  0.226228  0.226228  0.30745
core.pack.task: Packer task: initialize from command line() 
core.pack.pack_rotamers: built 7102 rotamers at 492 positions.
core.pack.interaction_graph.interaction_graph_factory: Instantiating DensePDInteractionGraph
protocols.relax.FastRelax: CMD: repack  -1135.35  0.226228  0.226228  0.30745
protocols.relax.FastRelax: CMD: scale:fa_rep  -1121.43  0.226228  0.226228  0.31955
protocols.relax.FastRelax: CMD: min  -1311.7  3.18524  3.18524  0.31955
protocols.relax.FastRelax: CMD: coord_cst_weight  -1311.7  3.18524  3.18524  0.31955
protocols.relax.FastRelax: CMD: scale:fa_rep  -1108.1  3.18524  3.18524  0.55
core.pack.task: Packer task: initialize from command line() 
core.pack.pack_rotamers: built 6925 rotamers at 492 positions.
core.pack.interaction_graph.interaction_graph_factory: Instantiating DensePDInteractionGraph
protocols.relax.FastRelax: CMD: repack  -1112.52  3.18524  3.18524  0.55
protocols.relax.FastRelax: CMD: min  -1165.46  3.60239  3.60239  0.55
protocols.relax.FastRelax: MRP: 14  -1165.46  -1169.64  3.48022  3.48022  
protocols.relax.FastRelax: CMD: accept_to_best  -1165.46  3.60239  3.60239  0.55
protocols.relax.FastRelax: CMD: endrepeat  -1165.46  3.60239  3.60239  0.55
protocols::checkpoint: Deleting checkpoints of FastRelax
protocols.jd2.JobDistributor: target.BL00010001_1_0006 reported success in 13027 seconds
protocols.jd2.JobDistributor: no more batches to process... 
protocols.jd2.JobDistributor: 6 jobs considered, 6 jobs attempted in 85428 seconds
basic.citation_manager.CitationManager: 
The following Rosetta modules were used during this run of Rosetta, and should be cited:

FastRelax Mover's citation(s):
*Tyka MD, *Keedy DA, André I, Dimaio F, Song Y, Richardson DC, Richardson JS, and Baker D.  (2011).  Alternate states of proteins revealed by detailed energy landscape mapping.  J Mol Biol 405(2):607-18.  doi: 10.1016/j.jmb.2010.11.008.  (*Co-primary authors.)

Khatib F, Cooper S, Tyka MD, Xu K, Makedon I, Popovic Z, Baker D, and Players F.  (2011).  Algorithm discovery by protein folding game players.  Proc Natl Acad Sci USA 108(47):18949-53.  doi: 10.1073/pnas.1115898108.

Maguire JB, Haddox HK, Strickland D, Halabiya SF, Coventry B, Griffin JR, Pulavarti SVSRK, Cummins M, Thieker DF, Klavins E, Szyperski T, DiMaio F, Baker D, and Kuhlman B.  (2021).  Perturbing the energy landscape for improved packing during computational protein design.  Proteins 89(4):436-449.  doi: 10.1002/prot.26030.


