********  (C) Copyright Rosetta Commons Member Institutions.  ***************
* Use of Rosetta for commercial purposes may require purchase of a license. *
********  See LICENSE.md or email license@uw.edu for more details. **********
core.init: Checking for fconfig files in pwd and ./rosetta/flags 
core.init: Rosetta version: rosetta.binary.ubuntu.release-408 r408 2025.37+release.df75a9c48e df75a9c48e763e52a7aa3f5dfba077f4da88dbf5 https://www.rosettacommons.org 2025-09-10T02:14:08.564791
core.init: Rosetta extras: []
core.init: command: /home/gbiuser/Downloads/rosetta.binary.ubuntu.release-408/main/source/bin/relax.default.linuxgccrelease -s ../1-modeller/target.BL00010001.pdb -relax:thorough -relax:constrain_relax_to_start_coords -constraints:cst_file cst.cst -nstruct 6 -out:suffix _11 -out:file:silent relax_11.silent -out:file:silent_struct_type binary
basic.random.init_random_generator: 'RNG device' seed mode, using '/dev/urandom', seed=575906397 seed_offset=0 real_seed=575906397
basic.random.init_random_generator: RandomGenerator:init: Normal mode, seed=575906397 RG_type=mt19937
core.init: Resolved executable path: /home/gbiuser/Downloads/rosetta.binary.ubuntu.release-408/main/source/build/src/release/linux/6.8/64/x86/gcc/11/default/relax.default.linuxgccrelease
core.init: Looking for database based on location of executable: /home/gbiuser/Downloads/rosetta.binary.ubuntu.release-408/main/database/
core.scoring.ScoreFunctionFactory: SCOREFUNCTION: ref2015
core.scoring.etable: Starting energy table calculation
core.scoring.etable: smooth_etable: changing atr/rep split to bottom of energy well
core.scoring.etable: smooth_etable: spline smoothing lj etables (maxdis = 6)
core.scoring.etable: smooth_etable: spline smoothing solvation etables (max_dis = 6)
core.scoring.etable: Finished calculating energy tables.
basic.io.database: Database file opened: scoring/score_functions/hbonds/ref2015_params/HBPoly1D.csv
basic.io.database: Database file opened: scoring/score_functions/hbonds/ref2015_params/HBFadeIntervals.csv
basic.io.database: Database file opened: scoring/score_functions/hbonds/ref2015_params/HBEval.csv
basic.io.database: Database file opened: scoring/score_functions/hbonds/ref2015_params/DonStrength.csv
basic.io.database: Database file opened: scoring/score_functions/hbonds/ref2015_params/AccStrength.csv
core.chemical.GlobalResidueTypeSet: Finished initializing fa_standard residue type set.  Created 985 residue types
core.chemical.GlobalResidueTypeSet: Total time to initialize 1.2787 seconds.
basic.io.database: Database file opened: scoring/score_functions/rama/fd/all.ramaProb
basic.io.database: Database file opened: scoring/score_functions/rama/fd/prepro.ramaProb
basic.io.database: Database file opened: scoring/score_functions/omega/omega_ppdep.all.txt
basic.io.database: Database file opened: scoring/score_functions/omega/omega_ppdep.gly.txt
basic.io.database: Database file opened: scoring/score_functions/omega/omega_ppdep.pro.txt
basic.io.database: Database file opened: scoring/score_functions/omega/omega_ppdep.valile.txt
basic.io.database: Database file opened: scoring/score_functions/P_AA_pp/P_AA
basic.io.database: Database file opened: scoring/score_functions/P_AA_pp/P_AA_n
core.scoring.P_AA: shapovalov_lib::shap_p_aa_pp_smooth_level of 1( aka low_smooth ) got activated.
basic.io.database: Database file opened: scoring/score_functions/P_AA_pp/shapovalov/10deg/kappa131/a20.prop
protocols.relax.RelaxScriptManager: Reading relax scripts list from database.
protocols.relax.RelaxScriptManager: Looking for MonomerRelax2019.txt
protocols.relax.RelaxScriptManager: ================== Reading script file: /home/gbiuser/Downloads/rosetta.binary.ubuntu.release-408/main/database/sampling/relax_scripts/MonomerRelax2019.txt ==================
protocols.relax.RelaxScriptManager: repeat %%nrepeats%%
protocols.relax.RelaxScriptManager: coord_cst_weight 1.0
protocols.relax.RelaxScriptManager: scale:fa_rep 0.040
protocols.relax.RelaxScriptManager: repack
protocols.relax.RelaxScriptManager: scale:fa_rep 0.051
protocols.relax.RelaxScriptManager: min 0.01
protocols.relax.RelaxScriptManager: coord_cst_weight 0.5
protocols.relax.RelaxScriptManager: scale:fa_rep 0.265
protocols.relax.RelaxScriptManager: repack
protocols.relax.RelaxScriptManager: scale:fa_rep 0.280
protocols.relax.RelaxScriptManager: min 0.01
protocols.relax.RelaxScriptManager: coord_cst_weight 0.0
protocols.relax.RelaxScriptManager: scale:fa_rep 0.559
protocols.relax.RelaxScriptManager: repack
protocols.relax.RelaxScriptManager: scale:fa_rep 0.581
protocols.relax.RelaxScriptManager: min 0.01
protocols.relax.RelaxScriptManager: coord_cst_weight 0.0
protocols.relax.RelaxScriptManager: scale:fa_rep 1
protocols.relax.RelaxScriptManager: repack
protocols.relax.RelaxScriptManager: min 0.00001
protocols.relax.RelaxScriptManager: accept_to_best
protocols.relax.RelaxScriptManager: endrepeat
core.scoring.constraints.util: Constraint choice: cst.cst
protocols.jd2.PDBJobInputter: Instantiate PDBJobInputter
protocols.jd2.PDBJobInputter: PDBJobInputter::fill_jobs
protocols.jd2.PDBJobInputter: pushed ../1-modeller/target.BL00010001.pdb nstruct indices 1 - 6
protocols.evaluation.ChiWellRmsdEvaluatorCreator: Evaluation Creator active ... 
protocols.jd2.PDBJobInputter: PDBJobInputter::pose_from_job
protocols.jd2.PDBJobInputter: filling pose from PDB ../1-modeller/target.BL00010001.pdb
core.import_pose.import_pose: File '../1-modeller/target.BL00010001.pdb' automatically determined to be of type PDB from contents.
core.io.rcsb.ExperimentalTechnique: [ ERROR ] Unrecognized experimental technique string 'THEORETICAL MODEL, MODELLER 10.8 2026/08/10 16:18:02'
core.scoring.constraints.ConstraintsIO: read constraints from cst.cst
core.scoring.constraints.ConstraintsIO: Read in 14 constraints
basic.io.database: Database file opened: scoring/score_functions/elec_cp_reps.dat
core.scoring.elec.util: Read 40 countpair representative atoms
core.pack.dunbrack.RotamerLibrary: shapovalov_lib_fixes_enable option is true.
core.pack.dunbrack.RotamerLibrary: shapovalov_lib::shap_dun10_smooth_level of 1( aka lowest_smooth ) got activated.
core.pack.dunbrack.RotamerLibrary: Binary rotamer library selected: /home/gbiuser/Downloads/rosetta.binary.ubuntu.release-408/main/database/rotamer/shapovalov/StpDwn_0-0-0/Dunbrack10.lib.bin
core.pack.dunbrack.RotamerLibrary: Using Dunbrack library binary file '/home/gbiuser/Downloads/rosetta.binary.ubuntu.release-408/main/database/rotamer/shapovalov/StpDwn_0-0-0/Dunbrack10.lib.bin'.
core.pack.dunbrack.RotamerLibrary: Dunbrack 2010 library took 0.357782 seconds to load from binary
protocols.relax.FastRelax: CMD: repeat  4476.34  0  0  0.55
protocols.relax.FastRelax: CMD: coord_cst_weight  4476.34  0  0  0.55
protocols.relax.FastRelax: CMD: scale:fa_rep  806.987  0  0  0.022
core.pack.task: Packer task: initialize from command line() 
core.pack.pack_rotamers: built 8129 rotamers at 492 positions.
core.pack.interaction_graph.interaction_graph_factory: Instantiating DensePDInteractionGraph
protocols.relax.FastRelax: CMD: repack  -877.261  0  0  0.022
protocols.relax.FastRelax: CMD: scale:fa_rep  -837.157  0  0  0.02805
core.optimization.Minimizer: [ WARNING ] LBFGS MAX CYCLES 2000 EXCEEDED, BUT FUNC NOT CONVERGED!
protocols.relax.FastRelax: CMD: min  -1294.9  0.14773  0.14773  0.02805
protocols.relax.FastRelax: CMD: coord_cst_weight  -1341.49  0.14773  0.14773  0.02805
protocols.relax.FastRelax: CMD: scale:fa_rep  -959.638  0.14773  0.14773  0.14575
core.pack.task: Packer task: initialize from command line() 
core.pack.pack_rotamers: built 7478 rotamers at 492 positions.
core.pack.interaction_graph.interaction_graph_factory: Instantiating DensePDInteractionGraph
protocols.relax.FastRelax: CMD: repack  -1004.71  0.14773  0.14773  0.14575
protocols.relax.FastRelax: CMD: scale:fa_rep  -983.692  0.14773  0.14773  0.154
core.optimization.Minimizer: [ WARNING ] LBFGS MAX CYCLES 2000 EXCEEDED, BUT FUNC NOT CONVERGED!
protocols.relax.FastRelax: CMD: min  -1166.51  0.204271  0.204271  0.154
protocols.relax.FastRelax: CMD: coord_cst_weight  -1257.55  0.204271  0.204271  0.154
protocols.relax.FastRelax: CMD: scale:fa_rep  -1072.03  0.204271  0.204271  0.30745
core.pack.task: Packer task: initialize from command line() 
core.pack.pack_rotamers: built 7148 rotamers at 492 positions.
core.pack.interaction_graph.interaction_graph_factory: Instantiating DensePDInteractionGraph
protocols.relax.FastRelax: CMD: repack  -1073.94  0.204271  0.204271  0.30745
protocols.relax.FastRelax: CMD: scale:fa_rep  -1059.45  0.204271  0.204271  0.31955
protocols.relax.FastRelax: CMD: min  -1226.85  3.07333  3.07333  0.31955
protocols.relax.FastRelax: CMD: coord_cst_weight  -1226.85  3.07333  3.07333  0.31955
protocols.relax.FastRelax: CMD: scale:fa_rep  -1015.44  3.07333  3.07333  0.55
core.pack.task: Packer task: initialize from command line() 
core.pack.pack_rotamers: built 7083 rotamers at 492 positions.
core.pack.interaction_graph.interaction_graph_factory: Instantiating DensePDInteractionGraph
protocols.relax.FastRelax: CMD: repack  -1021.78  3.07333  3.07333  0.55
protocols.relax.FastRelax: CMD: min  -1093.79  3.23021  3.23021  0.55
protocols.relax.FastRelax: MRP: 0  -1093.79  -1093.79  3.23021  3.23021  
protocols.relax.FastRelax: CMD: accept_to_best  -1093.79  3.23021  3.23021  0.55
protocols.relax.FastRelax: CMD: endrepeat  -1093.79  3.23021  3.23021  0.55
protocols.relax.FastRelax: CMD: coord_cst_weight  83534.5  3.23021  3.23021  0.55
protocols.relax.FastRelax: CMD: scale:fa_rep  83198.3  3.23021  3.23021  0.022
core.pack.task: Packer task: initialize from command line() 
core.pack.pack_rotamers: built 7749 rotamers at 492 positions.
core.pack.interaction_graph.interaction_graph_factory: Instantiating DensePDInteractionGraph
protocols.relax.FastRelax: CMD: repack  83179.2  3.23021  3.23021  0.022
protocols.relax.FastRelax: CMD: scale:fa_rep  83190.3  3.23021  3.23021  0.02805
core.optimization.Minimizer: [ WARNING ] LBFGS MAX CYCLES 2000 EXCEEDED, BUT FUNC NOT CONVERGED!
protocols.relax.FastRelax: CMD: min  -1235.04  0.178376  0.178376  0.02805
protocols.relax.FastRelax: CMD: coord_cst_weight  -1304.61  0.178376  0.178376  0.02805
protocols.relax.FastRelax: CMD: scale:fa_rep  -903.706  0.178376  0.178376  0.14575
core.pack.task: Packer task: initialize from command line() 
core.pack.pack_rotamers: built 7363 rotamers at 492 positions.
core.pack.interaction_graph.interaction_graph_factory: Instantiating DensePDInteractionGraph
protocols.relax.FastRelax: CMD: repack  -1027.73  0.178376  0.178376  0.14575
protocols.relax.FastRelax: CMD: scale:fa_rep  -1007.94  0.178376  0.178376  0.154
protocols.relax.FastRelax: CMD: min  -1173.4  0.214168  0.214168  0.154
protocols.relax.FastRelax: CMD: coord_cst_weight  -1274.53  0.214168  0.214168  0.154
protocols.relax.FastRelax: CMD: scale:fa_rep  -1092.19  0.214168  0.214168  0.30745
core.pack.task: Packer task: initialize from command line() 
core.pack.pack_rotamers: built 7163 rotamers at 492 positions.
core.pack.interaction_graph.interaction_graph_factory: Instantiating DensePDInteractionGraph
protocols.relax.FastRelax: CMD: repack  -1094.63  0.214168  0.214168  0.30745
protocols.relax.FastRelax: CMD: scale:fa_rep  -1080.34  0.214168  0.214168  0.31955
protocols.relax.FastRelax: CMD: min  -1265.54  3.51727  3.51727  0.31955
protocols.relax.FastRelax: CMD: coord_cst_weight  -1265.54  3.51727  3.51727  0.31955
protocols.relax.FastRelax: CMD: scale:fa_rep  -1056.78  3.51727  3.51727  0.55
core.pack.task: Packer task: initialize from command line() 
core.pack.pack_rotamers: built 7004 rotamers at 492 positions.
core.pack.interaction_graph.interaction_graph_factory: Instantiating DensePDInteractionGraph
protocols.relax.FastRelax: CMD: repack  -1057.54  3.51727  3.51727  0.55
protocols.relax.FastRelax: CMD: min  -1119.83  3.60232  3.60232  0.55
protocols.relax.FastRelax: MRP: 1  -1119.83  -1119.83  3.60232  3.60232  
protocols.relax.FastRelax: CMD: accept_to_best  -1119.83  3.60232  3.60232  0.55
protocols.relax.FastRelax: CMD: endrepeat  -1119.83  3.60232  3.60232  0.55
protocols.relax.FastRelax: CMD: coord_cst_weight  126804  3.60232  3.60232  0.55
protocols.relax.FastRelax: CMD: scale:fa_rep  126469  3.60232  3.60232  0.022
core.pack.task: Packer task: initialize from command line() 
core.pack.pack_rotamers: built 7840 rotamers at 492 positions.
core.pack.interaction_graph.interaction_graph_factory: Instantiating DensePDInteractionGraph
protocols.relax.FastRelax: CMD: repack  126451  3.60232  3.60232  0.022
protocols.relax.FastRelax: CMD: scale:fa_rep  126462  3.60232  3.60232  0.02805
core.optimization.Minimizer: [ WARNING ] LBFGS MAX CYCLES 2000 EXCEEDED, BUT FUNC NOT CONVERGED!
protocols.relax.FastRelax: CMD: min  -1212.46  0.185168  0.185168  0.02805
protocols.relax.FastRelax: CMD: coord_cst_weight  -1288.83  0.185168  0.185168  0.02805
protocols.relax.FastRelax: CMD: scale:fa_rep  -902.608  0.185168  0.185168  0.14575
core.pack.task: Packer task: initialize from command line() 
core.pack.pack_rotamers: built 7356 rotamers at 492 positions.
core.pack.interaction_graph.interaction_graph_factory: Instantiating DensePDInteractionGraph
protocols.relax.FastRelax: CMD: repack  -983.866  0.185168  0.185168  0.14575
protocols.relax.FastRelax: CMD: scale:fa_rep  -962.18  0.185168  0.185168  0.154
protocols.relax.FastRelax: CMD: min  -1154.58  0.224217  0.224217  0.154
protocols.relax.FastRelax: CMD: coord_cst_weight  -1264.3  0.224217  0.224217  0.154
protocols.relax.FastRelax: CMD: scale:fa_rep  -1081.1  0.224217  0.224217  0.30745
core.pack.task: Packer task: initialize from command line() 
core.pack.pack_rotamers: built 7247 rotamers at 492 positions.
core.pack.interaction_graph.interaction_graph_factory: Instantiating DensePDInteractionGraph
protocols.relax.FastRelax: CMD: repack  -1077.78  0.224217  0.224217  0.30745
protocols.relax.FastRelax: CMD: scale:fa_rep  -1063.24  0.224217  0.224217  0.31955
protocols.relax.FastRelax: CMD: min  -1273.36  3.43123  3.43123  0.31955
protocols.relax.FastRelax: CMD: coord_cst_weight  -1273.36  3.43123  3.43123  0.31955
protocols.relax.FastRelax: CMD: scale:fa_rep  -1066.81  3.43123  3.43123  0.55
core.pack.task: Packer task: initialize from command line() 
core.pack.pack_rotamers: built 6978 rotamers at 492 positions.
core.pack.interaction_graph.interaction_graph_factory: Instantiating DensePDInteractionGraph
protocols.relax.FastRelax: CMD: repack  -1063.6  3.43123  3.43123  0.55
protocols.relax.FastRelax: CMD: min  -1118.85  3.63186  3.63186  0.55
protocols.relax.FastRelax: MRP: 2  -1118.85  -1119.83  3.60232  3.60232  
protocols.relax.FastRelax: CMD: accept_to_best  -1118.85  3.63186  3.63186  0.55
protocols.relax.FastRelax: CMD: endrepeat  -1118.85  3.63186  3.63186  0.55
protocols.relax.FastRelax: CMD: coord_cst_weight  70367.7  3.63186  3.63186  0.55
protocols.relax.FastRelax: CMD: scale:fa_rep  70041.5  3.63186  3.63186  0.022
core.pack.task: Packer task: initialize from command line() 
core.pack.pack_rotamers: built 7757 rotamers at 492 positions.
core.pack.interaction_graph.interaction_graph_factory: Instantiating DensePDInteractionGraph
protocols.relax.FastRelax: CMD: repack  70030.8  3.63186  3.63186  0.022
protocols.relax.FastRelax: CMD: scale:fa_rep  70043.1  3.63186  3.63186  0.02805
core.optimization.Minimizer: [ WARNING ] LBFGS MAX CYCLES 2000 EXCEEDED, BUT FUNC NOT CONVERGED!
protocols.relax.FastRelax: CMD: min  -1228.25  0.189678  0.189678  0.02805
protocols.relax.FastRelax: CMD: coord_cst_weight  -1305.59  0.189678  0.189678  0.02805
protocols.relax.FastRelax: CMD: scale:fa_rep  -953.133  0.189678  0.189678  0.14575
core.pack.task: Packer task: initialize from command line() 
core.pack.pack_rotamers: built 7342 rotamers at 492 positions.
core.pack.interaction_graph.interaction_graph_factory: Instantiating DensePDInteractionGraph
protocols.relax.FastRelax: CMD: repack  -1014.33  0.189678  0.189678  0.14575
protocols.relax.FastRelax: CMD: scale:fa_rep  -994.003  0.189678  0.189678  0.154
protocols.relax.FastRelax: CMD: min  -1158.98  0.228164  0.228164  0.154
protocols.relax.FastRelax: CMD: coord_cst_weight  -1271.81  0.228164  0.228164  0.154
protocols.relax.FastRelax: CMD: scale:fa_rep  -1088.64  0.228164  0.228164  0.30745
core.pack.task: Packer task: initialize from command line() 
core.pack.pack_rotamers: built 7163 rotamers at 492 positions.
core.pack.interaction_graph.interaction_graph_factory: Instantiating DensePDInteractionGraph
protocols.relax.FastRelax: CMD: repack  -1087.47  0.228164  0.228164  0.30745
protocols.relax.FastRelax: CMD: scale:fa_rep  -1072.99  0.228164  0.228164  0.31955
protocols.relax.FastRelax: CMD: min  -918.761  3.49748  3.49748  0.31955
protocols.relax.FastRelax: CMD: coord_cst_weight  -918.761  3.49748  3.49748  0.31955
protocols.relax.FastRelax: CMD: scale:fa_rep  -447.953  3.49748  3.49748  0.55
core.pack.task: Packer task: initialize from command line() 
core.pack.pack_rotamers: built 6890 rotamers at 492 positions.
core.pack.interaction_graph.interaction_graph_factory: Instantiating DensePDInteractionGraph
protocols.relax.FastRelax: CMD: repack  -1071.9  3.49748  3.49748  0.55
protocols.relax.FastRelax: CMD: min  -1124.73  3.6047  3.6047  0.55
protocols.relax.FastRelax: MRP: 3  -1124.73  -1124.73  3.6047  3.6047  
protocols.relax.FastRelax: CMD: accept_to_best  -1124.73  3.6047  3.6047  0.55
protocols.relax.FastRelax: CMD: endrepeat  -1124.73  3.6047  3.6047  0.55
protocols.relax.FastRelax: CMD: coord_cst_weight  69424.9  3.6047  3.6047  0.55
protocols.relax.FastRelax: CMD: scale:fa_rep  69094  3.6047  3.6047  0.022
core.pack.task: Packer task: initialize from command line() 
core.pack.pack_rotamers: built 7728 rotamers at 492 positions.
core.pack.interaction_graph.interaction_graph_factory: Instantiating DensePDInteractionGraph
protocols.relax.FastRelax: CMD: repack  69072.5  3.6047  3.6047  0.022
protocols.relax.FastRelax: CMD: scale:fa_rep  69078.5  3.6047  3.6047  0.02805
core.optimization.Minimizer: [ WARNING ] LBFGS MAX CYCLES 2000 EXCEEDED, BUT FUNC NOT CONVERGED!
protocols.relax.FastRelax: CMD: min  -1244.01  0.180095  0.180095  0.02805
protocols.relax.FastRelax: CMD: coord_cst_weight  -1316.07  0.180095  0.180095  0.02805
protocols.relax.FastRelax: CMD: scale:fa_rep  -1002  0.180095  0.180095  0.14575
core.pack.task: Packer task: initialize from command line() 
core.pack.pack_rotamers: built 7342 rotamers at 492 positions.
core.pack.interaction_graph.interaction_graph_factory: Instantiating DensePDInteractionGraph
protocols.relax.FastRelax: CMD: repack  -1032.97  0.180095  0.180095  0.14575
protocols.relax.FastRelax: CMD: scale:fa_rep  -1013.2  0.180095  0.180095  0.154
protocols.relax.FastRelax: CMD: min  -1171.35  0.228042  0.228042  0.154
protocols.relax.FastRelax: CMD: coord_cst_weight  -1285.02  0.228042  0.228042  0.154
protocols.relax.FastRelax: CMD: scale:fa_rep  -1104.84  0.228042  0.228042  0.30745
core.pack.task: Packer task: initialize from command line() 
core.pack.pack_rotamers: built 7157 rotamers at 492 positions.
core.pack.interaction_graph.interaction_graph_factory: Instantiating DensePDInteractionGraph
protocols.relax.FastRelax: CMD: repack  -1105.76  0.228042  0.228042  0.30745
protocols.relax.FastRelax: CMD: scale:fa_rep  -1091.64  0.228042  0.228042  0.31955
protocols.relax.FastRelax: CMD: min  -1283.94  2.95536  2.95536  0.31955
protocols.relax.FastRelax: CMD: coord_cst_weight  -1283.94  2.95536  2.95536  0.31955
protocols.relax.FastRelax: CMD: scale:fa_rep  -1080.49  2.95536  2.95536  0.55
core.pack.task: Packer task: initialize from command line() 
core.pack.pack_rotamers: built 7006 rotamers at 492 positions.
core.pack.interaction_graph.interaction_graph_factory: Instantiating DensePDInteractionGraph
protocols.relax.FastRelax: CMD: repack  -1083.28  2.95536  2.95536  0.55
protocols.relax.FastRelax: CMD: min  -1133.06  3.69993  3.69993  0.55
protocols.relax.FastRelax: MRP: 4  -1133.06  -1133.06  3.69993  3.69993  
protocols.relax.FastRelax: CMD: accept_to_best  -1133.06  3.69993  3.69993  0.55
protocols.relax.FastRelax: CMD: endrepeat  -1133.06  3.69993  3.69993  0.55
protocols.relax.FastRelax: CMD: coord_cst_weight  74173.4  3.69993  3.69993  0.55
protocols.relax.FastRelax: CMD: scale:fa_rep  73846.9  3.69993  3.69993  0.022
core.pack.task: Packer task: initialize from command line() 
core.pack.pack_rotamers: built 7795 rotamers at 492 positions.
core.pack.interaction_graph.interaction_graph_factory: Instantiating DensePDInteractionGraph
protocols.relax.FastRelax: CMD: repack  73824.9  3.69993  3.69993  0.022
protocols.relax.FastRelax: CMD: scale:fa_rep  73833.1  3.69993  3.69993  0.02805
core.optimization.Minimizer: [ WARNING ] LBFGS MAX CYCLES 2000 EXCEEDED, BUT FUNC NOT CONVERGED!
protocols.relax.FastRelax: CMD: min  -1235.14  0.19032  0.19032  0.02805
protocols.relax.FastRelax: CMD: coord_cst_weight  -1313.49  0.19032  0.19032  0.02805
protocols.relax.FastRelax: CMD: scale:fa_rep  -972.296  0.19032  0.19032  0.14575
core.pack.task: Packer task: initialize from command line() 
core.pack.pack_rotamers: built 7378 rotamers at 492 positions.
core.pack.interaction_graph.interaction_graph_factory: Instantiating DensePDInteractionGraph
protocols.relax.FastRelax: CMD: repack  -1030.04  0.19032  0.19032  0.14575
protocols.relax.FastRelax: CMD: scale:fa_rep  -1010.77  0.19032  0.19032  0.154
protocols.relax.FastRelax: CMD: min  -1172.75  0.228097  0.228097  0.154
protocols.relax.FastRelax: CMD: coord_cst_weight  -1286.63  0.228097  0.228097  0.154
protocols.relax.FastRelax: CMD: scale:fa_rep  -1107.34  0.228097  0.228097  0.30745
core.pack.task: Packer task: initialize from command line() 
core.pack.pack_rotamers: built 7157 rotamers at 492 positions.
core.pack.interaction_graph.interaction_graph_factory: Instantiating DensePDInteractionGraph
protocols.relax.FastRelax: CMD: repack  -1106.05  0.228097  0.228097  0.30745
protocols.relax.FastRelax: CMD: scale:fa_rep  -1092.04  0.228097  0.228097  0.31955
protocols.relax.FastRelax: CMD: min  -1264.35  3.55098  3.55098  0.31955
protocols.relax.FastRelax: CMD: coord_cst_weight  -1264.35  3.55098  3.55098  0.31955
protocols.relax.FastRelax: CMD: scale:fa_rep  -1034.56  3.55098  3.55098  0.55
core.pack.task: Packer task: initialize from command line() 
core.pack.pack_rotamers: built 6914 rotamers at 492 positions.
core.pack.interaction_graph.interaction_graph_factory: Instantiating DensePDInteractionGraph
protocols.relax.FastRelax: CMD: repack  -1069.12  3.55098  3.55098  0.55
protocols.relax.FastRelax: CMD: min  -1154.18  3.46925  3.46925  0.55
protocols.relax.FastRelax: MRP: 5  -1154.18  -1154.18  3.46925  3.46925  
protocols.relax.FastRelax: CMD: accept_to_best  -1154.18  3.46925  3.46925  0.55
protocols.relax.FastRelax: CMD: endrepeat  -1154.18  3.46925  3.46925  0.55
protocols.relax.FastRelax: CMD: coord_cst_weight  103934  3.46925  3.46925  0.55
protocols.relax.FastRelax: CMD: scale:fa_rep  103605  3.46925  3.46925  0.022
core.pack.task: Packer task: initialize from command line() 
core.pack.pack_rotamers: built 7708 rotamers at 492 positions.
core.pack.interaction_graph.interaction_graph_factory: Instantiating DensePDInteractionGraph
protocols.relax.FastRelax: CMD: repack  103596  3.46925  3.46925  0.022
protocols.relax.FastRelax: CMD: scale:fa_rep  103602  3.46925  3.46925  0.02805
core.optimization.Minimizer: [ WARNING ] LBFGS MAX CYCLES 2000 EXCEEDED, BUT FUNC NOT CONVERGED!
protocols.relax.FastRelax: CMD: min  -1228.83  0.188696  0.188696  0.02805
protocols.relax.FastRelax: CMD: coord_cst_weight  -1304.24  0.188696  0.188696  0.02805
protocols.relax.FastRelax: CMD: scale:fa_rep  -979.733  0.188696  0.188696  0.14575
core.pack.task: Packer task: initialize from command line() 
core.pack.pack_rotamers: built 7307 rotamers at 492 positions.
core.pack.interaction_graph.interaction_graph_factory: Instantiating DensePDInteractionGraph
protocols.relax.FastRelax: CMD: repack  -1027.04  0.188696  0.188696  0.14575
protocols.relax.FastRelax: CMD: scale:fa_rep  -1007.38  0.188696  0.188696  0.154
protocols.relax.FastRelax: CMD: min  -1171.75  0.231624  0.231624  0.154
protocols.relax.FastRelax: CMD: coord_cst_weight  -1288.09  0.231624  0.231624  0.154
protocols.relax.FastRelax: CMD: scale:fa_rep  -1113.01  0.231624  0.231624  0.30745
core.pack.task: Packer task: initialize from command line() 
core.pack.pack_rotamers: built 7229 rotamers at 492 positions.
core.pack.interaction_graph.interaction_graph_factory: Instantiating DensePDInteractionGraph
protocols.relax.FastRelax: CMD: repack  -1113.27  0.231624  0.231624  0.30745
protocols.relax.FastRelax: CMD: scale:fa_rep  -1099.51  0.231624  0.231624  0.31955
protocols.relax.FastRelax: CMD: min  -1302.1  2.91126  2.91126  0.31955
protocols.relax.FastRelax: CMD: coord_cst_weight  -1302.1  2.91126  2.91126  0.31955
protocols.relax.FastRelax: CMD: scale:fa_rep  -1094.97  2.91126  2.91126  0.55
core.pack.task: Packer task: initialize from command line() 
core.pack.pack_rotamers: built 6913 rotamers at 492 positions.
core.pack.interaction_graph.interaction_graph_factory: Instantiating DensePDInteractionGraph
protocols.relax.FastRelax: CMD: repack  -1105.47  2.91126  2.91126  0.55
protocols.relax.FastRelax: CMD: min  -1156.52  2.96664  2.96664  0.55
protocols.relax.FastRelax: MRP: 6  -1156.52  -1156.52  2.96664  2.96664  
protocols.relax.FastRelax: CMD: accept_to_best  -1156.52  2.96664  2.96664  0.55
protocols.relax.FastRelax: CMD: endrepeat  -1156.52  2.96664  2.96664  0.55
protocols.relax.FastRelax: CMD: coord_cst_weight  67810.1  2.96664  2.96664  0.55
protocols.relax.FastRelax: CMD: scale:fa_rep  67479.6  2.96664  2.96664  0.022
core.pack.task: Packer task: initialize from command line() 
core.pack.pack_rotamers: built 7703 rotamers at 492 positions.
core.pack.interaction_graph.interaction_graph_factory: Instantiating DensePDInteractionGraph
protocols.relax.FastRelax: CMD: repack  67475.4  2.96664  2.96664  0.022
protocols.relax.FastRelax: CMD: scale:fa_rep  67486.4  2.96664  2.96664  0.02805
core.optimization.Minimizer: [ WARNING ] LBFGS MAX CYCLES 2000 EXCEEDED, BUT FUNC NOT CONVERGED!
protocols.relax.FastRelax: CMD: min  -1241.09  0.188217  0.188217  0.02805
protocols.relax.FastRelax: CMD: coord_cst_weight  -1319.32  0.188217  0.188217  0.02805
protocols.relax.FastRelax: CMD: scale:fa_rep  -967.489  0.188217  0.188217  0.14575
core.pack.task: Packer task: initialize from command line() 
core.pack.pack_rotamers: built 7399 rotamers at 492 positions.
core.pack.interaction_graph.interaction_graph_factory: Instantiating DensePDInteractionGraph
protocols.relax.FastRelax: CMD: repack  -1034.46  0.188217  0.188217  0.14575
protocols.relax.FastRelax: CMD: scale:fa_rep  -1014.5  0.188217  0.188217  0.154
protocols.relax.FastRelax: CMD: min  -1176.65  0.230737  0.230737  0.154
protocols.relax.FastRelax: CMD: coord_cst_weight  -1291.78  0.230737  0.230737  0.154
protocols.relax.FastRelax: CMD: scale:fa_rep  -1112.95  0.230737  0.230737  0.30745
core.pack.task: Packer task: initialize from command line() 
core.pack.pack_rotamers: built 7219 rotamers at 492 positions.
core.pack.interaction_graph.interaction_graph_factory: Instantiating DensePDInteractionGraph
protocols.relax.FastRelax: CMD: repack  -1113.86  0.230737  0.230737  0.30745
protocols.relax.FastRelax: CMD: scale:fa_rep  -1099.85  0.230737  0.230737  0.31955
protocols.relax.FastRelax: CMD: min  -1287.43  2.37299  2.37299  0.31955
protocols.relax.FastRelax: CMD: coord_cst_weight  -1287.43  2.37299  2.37299  0.31955
protocols.relax.FastRelax: CMD: scale:fa_rep  -1077.27  2.37299  2.37299  0.55
core.pack.task: Packer task: initialize from command line() 
core.pack.pack_rotamers: built 6901 rotamers at 492 positions.
core.pack.interaction_graph.interaction_graph_factory: Instantiating DensePDInteractionGraph
protocols.relax.FastRelax: CMD: repack  -1080.78  2.37299  2.37299  0.55
protocols.relax.FastRelax: CMD: min  -1143.79  2.3582  2.3582  0.55
protocols.relax.FastRelax: MRP: 7  -1143.79  -1156.52  2.96664  2.96664  
protocols.relax.FastRelax: CMD: accept_to_best  -1143.79  2.3582  2.3582  0.55
protocols.relax.FastRelax: CMD: endrepeat  -1143.79  2.3582  2.3582  0.55
protocols.relax.FastRelax: CMD: coord_cst_weight  31664.8  2.3582  2.3582  0.55
protocols.relax.FastRelax: CMD: scale:fa_rep  31336.1  2.3582  2.3582  0.022
core.pack.task: Packer task: initialize from command line() 
core.pack.pack_rotamers: built 7708 rotamers at 492 positions.
core.pack.interaction_graph.interaction_graph_factory: Instantiating DensePDInteractionGraph
protocols.relax.FastRelax: CMD: repack  31323.9  2.3582  2.3582  0.022
protocols.relax.FastRelax: CMD: scale:fa_rep  31332.6  2.3582  2.3582  0.02805
core.optimization.Minimizer: [ WARNING ] LBFGS MAX CYCLES 2000 EXCEEDED, BUT FUNC NOT CONVERGED!
protocols.relax.FastRelax: CMD: min  -1256.53  0.179722  0.179722  0.02805
protocols.relax.FastRelax: CMD: coord_cst_weight  -1327.08  0.179722  0.179722  0.02805
protocols.relax.FastRelax: CMD: scale:fa_rep  -997.526  0.179722  0.179722  0.14575
core.pack.task: Packer task: initialize from command line() 
core.pack.pack_rotamers: built 7327 rotamers at 492 positions.
core.pack.interaction_graph.interaction_graph_factory: Instantiating DensePDInteractionGraph
protocols.relax.FastRelax: CMD: repack  -1039.19  0.179722  0.179722  0.14575
protocols.relax.FastRelax: CMD: scale:fa_rep  -1019.36  0.179722  0.179722  0.154
protocols.relax.FastRelax: CMD: min  -1172.27  0.228841  0.228841  0.154
protocols.relax.FastRelax: CMD: coord_cst_weight  -1285.8  0.228841  0.228841  0.154
protocols.relax.FastRelax: CMD: scale:fa_rep  -1105.14  0.228841  0.228841  0.30745
core.pack.task: Packer task: initialize from command line() 
core.pack.pack_rotamers: built 7206 rotamers at 492 positions.
core.pack.interaction_graph.interaction_graph_factory: Instantiating DensePDInteractionGraph
protocols.relax.FastRelax: CMD: repack  -1108.34  0.228841  0.228841  0.30745
protocols.relax.FastRelax: CMD: scale:fa_rep  -1094.24  0.228841  0.228841  0.31955
protocols.relax.FastRelax: CMD: min  -1297.73  2.49411  2.49411  0.31955
protocols.relax.FastRelax: CMD: coord_cst_weight  -1297.73  2.49411  2.49411  0.31955
protocols.relax.FastRelax: CMD: scale:fa_rep  -1093.5  2.49411  2.49411  0.55
core.pack.task: Packer task: initialize from command line() 
core.pack.pack_rotamers: built 6945 rotamers at 492 positions.
core.pack.interaction_graph.interaction_graph_factory: Instantiating DensePDInteractionGraph
protocols.relax.FastRelax: CMD: repack  -1097.19  2.49411  2.49411  0.55
protocols.relax.FastRelax: CMD: min  -1153.6  2.56922  2.56922  0.55
protocols.relax.FastRelax: MRP: 8  -1153.6  -1156.52  2.96664  2.96664  
protocols.relax.FastRelax: CMD: accept_to_best  -1153.6  2.56922  2.56922  0.55
protocols.relax.FastRelax: CMD: endrepeat  -1153.6  2.56922  2.56922  0.55
protocols.relax.FastRelax: CMD: coord_cst_weight  43650.2  2.56922  2.56922  0.55
protocols.relax.FastRelax: CMD: scale:fa_rep  43321.2  2.56922  2.56922  0.022
core.pack.task: Packer task: initialize from command line() 
core.pack.pack_rotamers: built 7720 rotamers at 492 positions.
core.pack.interaction_graph.interaction_graph_factory: Instantiating DensePDInteractionGraph
protocols.relax.FastRelax: CMD: repack  43304.3  2.56922  2.56922  0.022
protocols.relax.FastRelax: CMD: scale:fa_rep  43312.4  2.56922  2.56922  0.02805
core.optimization.Minimizer: [ WARNING ] LBFGS MAX CYCLES 2000 EXCEEDED, BUT FUNC NOT CONVERGED!
protocols.relax.FastRelax: CMD: min  -1249.94  0.17867  0.17867  0.02805
protocols.relax.FastRelax: CMD: coord_cst_weight  -1320.15  0.17867  0.17867  0.02805
protocols.relax.FastRelax: CMD: scale:fa_rep  -970.767  0.17867  0.17867  0.14575
core.pack.task: Packer task: initialize from command line() 
core.pack.pack_rotamers: built 7325 rotamers at 492 positions.
core.pack.interaction_graph.interaction_graph_factory: Instantiating DensePDInteractionGraph
protocols.relax.FastRelax: CMD: repack  -1052.86  0.17867  0.17867  0.14575
protocols.relax.FastRelax: CMD: scale:fa_rep  -1033.32  0.17867  0.17867  0.154
protocols.relax.FastRelax: CMD: min  -1185.97  0.226276  0.226276  0.154
protocols.relax.FastRelax: CMD: coord_cst_weight  -1297.19  0.226276  0.226276  0.154
protocols.relax.FastRelax: CMD: scale:fa_rep  -1117.31  0.226276  0.226276  0.30745
core.pack.task: Packer task: initialize from command line() 
core.pack.pack_rotamers: built 7111 rotamers at 492 positions.
core.pack.interaction_graph.interaction_graph_factory: Instantiating DensePDInteractionGraph
protocols.relax.FastRelax: CMD: repack  -1117.49  0.226276  0.226276  0.30745
protocols.relax.FastRelax: CMD: scale:fa_rep  -1103.34  0.226276  0.226276  0.31955
protocols.relax.FastRelax: CMD: min  -1279.01  2.38178  2.38178  0.31955
protocols.relax.FastRelax: CMD: coord_cst_weight  -1279.01  2.38178  2.38178  0.31955
protocols.relax.FastRelax: CMD: scale:fa_rep  -1071.28  2.38178  2.38178  0.55
core.pack.task: Packer task: initialize from command line() 
core.pack.pack_rotamers: built 6948 rotamers at 492 positions.
core.pack.interaction_graph.interaction_graph_factory: Instantiating DensePDInteractionGraph
protocols.relax.FastRelax: CMD: repack  -1076.85  2.38178  2.38178  0.55
protocols.relax.FastRelax: CMD: min  -1151.94  3.03772  3.03772  0.55
protocols.relax.FastRelax: MRP: 9  -1151.94  -1156.52  2.96664  2.96664  
protocols.relax.FastRelax: CMD: accept_to_best  -1151.94  3.03772  3.03772  0.55
protocols.relax.FastRelax: CMD: endrepeat  -1151.94  3.03772  3.03772  0.55
protocols.relax.FastRelax: CMD: coord_cst_weight  44397.9  3.03772  3.03772  0.55
protocols.relax.FastRelax: CMD: scale:fa_rep  44068.7  3.03772  3.03772  0.022
core.pack.task: Packer task: initialize from command line() 
core.pack.pack_rotamers: built 7688 rotamers at 492 positions.
core.pack.interaction_graph.interaction_graph_factory: Instantiating DensePDInteractionGraph
protocols.relax.FastRelax: CMD: repack  44049.1  3.03772  3.03772  0.022
protocols.relax.FastRelax: CMD: scale:fa_rep  44055.7  3.03772  3.03772  0.02805
core.optimization.Minimizer: [ WARNING ] LBFGS MAX CYCLES 2000 EXCEEDED, BUT FUNC NOT CONVERGED!
protocols.relax.FastRelax: CMD: min  -1247.03  0.182974  0.182974  0.02805
protocols.relax.FastRelax: CMD: coord_cst_weight  -1320.58  0.182974  0.182974  0.02805
protocols.relax.FastRelax: CMD: scale:fa_rep  -898.83  0.182974  0.182974  0.14575
core.pack.task: Packer task: initialize from command line() 
core.pack.pack_rotamers: built 7328 rotamers at 492 positions.
core.pack.interaction_graph.interaction_graph_factory: Instantiating DensePDInteractionGraph
protocols.relax.FastRelax: CMD: repack  -1056.9  0.182974  0.182974  0.14575
protocols.relax.FastRelax: CMD: scale:fa_rep  -1036.9  0.182974  0.182974  0.154
protocols.relax.FastRelax: CMD: min  -1185.83  0.226175  0.226175  0.154
protocols.relax.FastRelax: CMD: coord_cst_weight  -1298.01  0.226175  0.226175  0.154
protocols.relax.FastRelax: CMD: scale:fa_rep  -1116.53  0.226175  0.226175  0.30745
core.pack.task: Packer task: initialize from command line() 
core.pack.pack_rotamers: built 7100 rotamers at 492 positions.
core.pack.interaction_graph.interaction_graph_factory: Instantiating DensePDInteractionGraph
protocols.relax.FastRelax: CMD: repack  -1119.15  0.226175  0.226175  0.30745
protocols.relax.FastRelax: CMD: scale:fa_rep  -1104.94  0.226175  0.226175  0.31955
protocols.relax.FastRelax: CMD: min  -1291.61  2.82065  2.82065  0.31955
protocols.relax.FastRelax: CMD: coord_cst_weight  -1291.61  2.82065  2.82065  0.31955
protocols.relax.FastRelax: CMD: scale:fa_rep  -1085.53  2.82065  2.82065  0.55
core.pack.task: Packer task: initialize from command line() 
core.pack.pack_rotamers: built 6901 rotamers at 492 positions.
core.pack.interaction_graph.interaction_graph_factory: Instantiating DensePDInteractionGraph
protocols.relax.FastRelax: CMD: repack  -1091.81  2.82065  2.82065  0.55
protocols.relax.FastRelax: CMD: min  -1145.54  2.92341  2.92341  0.55
protocols.relax.FastRelax: MRP: 10  -1145.54  -1156.52  2.96664  2.96664  
protocols.relax.FastRelax: CMD: accept_to_best  -1145.54  2.92341  2.92341  0.55
protocols.relax.FastRelax: CMD: endrepeat  -1145.54  2.92341  2.92341  0.55
protocols.relax.FastRelax: CMD: coord_cst_weight  48189.2  2.92341  2.92341  0.55
protocols.relax.FastRelax: CMD: scale:fa_rep  47859.9  2.92341  2.92341  0.022
core.pack.task: Packer task: initialize from command line() 
core.pack.pack_rotamers: built 7676 rotamers at 492 positions.
core.pack.interaction_graph.interaction_graph_factory: Instantiating DensePDInteractionGraph
protocols.relax.FastRelax: CMD: repack  47842.8  2.92341  2.92341  0.022
protocols.relax.FastRelax: CMD: scale:fa_rep  47850.9  2.92341  2.92341  0.02805
core.optimization.Minimizer: [ WARNING ] LBFGS MAX CYCLES 2000 EXCEEDED, BUT FUNC NOT CONVERGED!
protocols.relax.FastRelax: CMD: min  -1273.77  0.180375  0.180375  0.02805
protocols.relax.FastRelax: CMD: coord_cst_weight  -1344.45  0.180375  0.180375  0.02805
protocols.relax.FastRelax: CMD: scale:fa_rep  -1003.03  0.180375  0.180375  0.14575
core.pack.task: Packer task: initialize from command line() 
core.pack.pack_rotamers: built 7314 rotamers at 492 positions.
core.pack.interaction_graph.interaction_graph_factory: Instantiating DensePDInteractionGraph
protocols.relax.FastRelax: CMD: repack  -1037.06  0.180375  0.180375  0.14575
protocols.relax.FastRelax: CMD: scale:fa_rep  -1016.34  0.180375  0.180375  0.154
protocols.relax.FastRelax: CMD: min  -1175.18  0.230833  0.230833  0.154
protocols.relax.FastRelax: CMD: coord_cst_weight  -1291.5  0.230833  0.230833  0.154
protocols.relax.FastRelax: CMD: scale:fa_rep  -1111.67  0.230833  0.230833  0.30745
core.pack.task: Packer task: initialize from command line() 
core.pack.pack_rotamers: built 7128 rotamers at 492 positions.
core.pack.interaction_graph.interaction_graph_factory: Instantiating DensePDInteractionGraph
protocols.relax.FastRelax: CMD: repack  -1111.9  0.230833  0.230833  0.30745
protocols.relax.FastRelax: CMD: scale:fa_rep  -1097.77  0.230833  0.230833  0.31955
protocols.relax.FastRelax: CMD: min  -1298.89  2.16562  2.16562  0.31955
protocols.relax.FastRelax: CMD: coord_cst_weight  -1298.89  2.16562  2.16562  0.31955
protocols.relax.FastRelax: CMD: scale:fa_rep  -1092.54  2.16562  2.16562  0.55
core.pack.task: Packer task: initialize from command line() 
core.pack.pack_rotamers: built 6900 rotamers at 492 positions.
core.pack.interaction_graph.interaction_graph_factory: Instantiating DensePDInteractionGraph
protocols.relax.FastRelax: CMD: repack  -1093.31  2.16562  2.16562  0.55
protocols.relax.FastRelax: CMD: min  -1149.39  2.37384  2.37384  0.55
protocols.relax.FastRelax: MRP: 11  -1149.39  -1156.52  2.96664  2.96664  
protocols.relax.FastRelax: CMD: accept_to_best  -1149.39  2.37384  2.37384  0.55
protocols.relax.FastRelax: CMD: endrepeat  -1149.39  2.37384  2.37384  0.55
protocols.relax.FastRelax: CMD: coord_cst_weight  28945.5  2.37384  2.37384  0.55
protocols.relax.FastRelax: CMD: scale:fa_rep  28613.9  2.37384  2.37384  0.022
core.pack.task: Packer task: initialize from command line() 
core.pack.pack_rotamers: built 7635 rotamers at 492 positions.
core.pack.interaction_graph.interaction_graph_factory: Instantiating DensePDInteractionGraph
protocols.relax.FastRelax: CMD: repack  28604  2.37384  2.37384  0.022
protocols.relax.FastRelax: CMD: scale:fa_rep  28614.7  2.37384  2.37384  0.02805
core.optimization.Minimizer: [ WARNING ] LBFGS MAX CYCLES 2000 EXCEEDED, BUT FUNC NOT CONVERGED!
protocols.relax.FastRelax: CMD: min  -1245.37  0.17932  0.17932  0.02805
protocols.relax.FastRelax: CMD: coord_cst_weight  -1316.35  0.17932  0.17932  0.02805
protocols.relax.FastRelax: CMD: scale:fa_rep  -855.212  0.17932  0.17932  0.14575
core.pack.task: Packer task: initialize from command line() 
core.pack.pack_rotamers: built 7317 rotamers at 492 positions.
core.pack.interaction_graph.interaction_graph_factory: Instantiating DensePDInteractionGraph
protocols.relax.FastRelax: CMD: repack  -1036.86  0.17932  0.17932  0.14575
protocols.relax.FastRelax: CMD: scale:fa_rep  -1015.86  0.17932  0.17932  0.154
protocols.relax.FastRelax: CMD: min  -1186.2  0.225207  0.225207  0.154
protocols.relax.FastRelax: CMD: coord_cst_weight  -1297.52  0.225207  0.225207  0.154
protocols.relax.FastRelax: CMD: scale:fa_rep  -1115.85  0.225207  0.225207  0.30745
core.pack.task: Packer task: initialize from command line() 
core.pack.pack_rotamers: built 7154 rotamers at 492 positions.
core.pack.interaction_graph.interaction_graph_factory: Instantiating DensePDInteractionGraph
protocols.relax.FastRelax: CMD: repack  -1110.88  0.225207  0.225207  0.30745
protocols.relax.FastRelax: CMD: scale:fa_rep  -1096.66  0.225207  0.225207  0.31955
protocols.relax.FastRelax: CMD: min  -1291.3  2.12003  2.12003  0.31955
protocols.relax.FastRelax: CMD: coord_cst_weight  -1291.3  2.12003  2.12003  0.31955
protocols.relax.FastRelax: CMD: scale:fa_rep  -1087.13  2.12003  2.12003  0.55
core.pack.task: Packer task: initialize from command line() 
core.pack.pack_rotamers: built 6910 rotamers at 492 positions.
core.pack.interaction_graph.interaction_graph_factory: Instantiating DensePDInteractionGraph
protocols.relax.FastRelax: CMD: repack  -1094.38  2.12003  2.12003  0.55
protocols.relax.FastRelax: CMD: min  -1150.8  2.23789  2.23789  0.55
protocols.relax.FastRelax: MRP: 12  -1150.8  -1156.52  2.96664  2.96664  
protocols.relax.FastRelax: CMD: accept_to_best  -1150.8  2.23789  2.23789  0.55
protocols.relax.FastRelax: CMD: endrepeat  -1150.8  2.23789  2.23789  0.55
protocols.relax.FastRelax: CMD: coord_cst_weight  30357.2  2.23789  2.23789  0.55
protocols.relax.FastRelax: CMD: scale:fa_rep  30029.1  2.23789  2.23789  0.022
core.pack.task: Packer task: initialize from command line() 
core.pack.pack_rotamers: built 7722 rotamers at 492 positions.
core.pack.interaction_graph.interaction_graph_factory: Instantiating DensePDInteractionGraph
protocols.relax.FastRelax: CMD: repack  30017.2  2.23789  2.23789  0.022
protocols.relax.FastRelax: CMD: scale:fa_rep  30024  2.23789  2.23789  0.02805
core.optimization.Minimizer: [ WARNING ] LBFGS MAX CYCLES 2000 EXCEEDED, BUT FUNC NOT CONVERGED!
protocols.relax.FastRelax: CMD: min  -1283.65  0.177322  0.177322  0.02805
protocols.relax.FastRelax: CMD: coord_cst_weight  -1352.59  0.177322  0.177322  0.02805
protocols.relax.FastRelax: CMD: scale:fa_rep  -1028.23  0.177322  0.177322  0.14575
core.pack.task: Packer task: initialize from command line() 
core.pack.pack_rotamers: built 7312 rotamers at 492 positions.
core.pack.interaction_graph.interaction_graph_factory: Instantiating DensePDInteractionGraph
protocols.relax.FastRelax: CMD: repack  -1056.38  0.177322  0.177322  0.14575
protocols.relax.FastRelax: CMD: scale:fa_rep  -1035.94  0.177322  0.177322  0.154
protocols.relax.FastRelax: CMD: min  -1190.05  0.226724  0.226724  0.154
protocols.relax.FastRelax: CMD: coord_cst_weight  -1302.87  0.226724  0.226724  0.154
protocols.relax.FastRelax: CMD: scale:fa_rep  -1121.76  0.226724  0.226724  0.30745
core.pack.task: Packer task: initialize from command line() 
core.pack.pack_rotamers: built 7166 rotamers at 492 positions.
core.pack.interaction_graph.interaction_graph_factory: Instantiating DensePDInteractionGraph
protocols.relax.FastRelax: CMD: repack  -1121.7  0.226724  0.226724  0.30745
protocols.relax.FastRelax: CMD: scale:fa_rep  -1107.48  0.226724  0.226724  0.31955
protocols.relax.FastRelax: CMD: min  -1295.95  2.04801  2.04801  0.31955
protocols.relax.FastRelax: CMD: coord_cst_weight  -1295.95  2.04801  2.04801  0.31955
protocols.relax.FastRelax: CMD: scale:fa_rep  -1089.61  2.04801  2.04801  0.55
core.pack.task: Packer task: initialize from command line() 
core.pack.pack_rotamers: built 6961 rotamers at 492 positions.
core.pack.interaction_graph.interaction_graph_factory: Instantiating DensePDInteractionGraph
protocols.relax.FastRelax: CMD: repack  -1095.42  2.04801  2.04801  0.55
protocols.relax.FastRelax: CMD: min  -1150.62  2.23412  2.23412  0.55
protocols.relax.FastRelax: MRP: 13  -1150.62  -1156.52  2.96664  2.96664  
protocols.relax.FastRelax: CMD: accept_to_best  -1150.62  2.23412  2.23412  0.55
protocols.relax.FastRelax: CMD: endrepeat  -1150.62  2.23412  2.23412  0.55
protocols.relax.FastRelax: CMD: coord_cst_weight  31763.7  2.23412  2.23412  0.55
protocols.relax.FastRelax: CMD: scale:fa_rep  31434.1  2.23412  2.23412  0.022
core.pack.task: Packer task: initialize from command line() 
core.pack.pack_rotamers: built 7711 rotamers at 492 positions.
core.pack.interaction_graph.interaction_graph_factory: Instantiating DensePDInteractionGraph
protocols.relax.FastRelax: CMD: repack  31417.4  2.23412  2.23412  0.022
protocols.relax.FastRelax: CMD: scale:fa_rep  31425.2  2.23412  2.23412  0.02805
core.optimization.Minimizer: [ WARNING ] LBFGS MAX CYCLES 2000 EXCEEDED, BUT FUNC NOT CONVERGED!
protocols.relax.FastRelax: CMD: min  -1274.38  0.180678  0.180678  0.02805
protocols.relax.FastRelax: CMD: coord_cst_weight  -1346.42  0.180678  0.180678  0.02805
protocols.relax.FastRelax: CMD: scale:fa_rep  -1009.82  0.180678  0.180678  0.14575
core.pack.task: Packer task: initialize from command line() 
core.pack.pack_rotamers: built 7346 rotamers at 492 positions.
core.pack.interaction_graph.interaction_graph_factory: Instantiating DensePDInteractionGraph
protocols.relax.FastRelax: CMD: repack  -1050.33  0.180678  0.180678  0.14575
protocols.relax.FastRelax: CMD: scale:fa_rep  -1029.95  0.180678  0.180678  0.154
protocols.relax.FastRelax: CMD: min  -1188.37  0.228754  0.228754  0.154
protocols.relax.FastRelax: CMD: coord_cst_weight  -1302.84  0.228754  0.228754  0.154
protocols.relax.FastRelax: CMD: scale:fa_rep  -1122.2  0.228754  0.228754  0.30745
core.pack.task: Packer task: initialize from command line() 
core.pack.pack_rotamers: built 7130 rotamers at 492 positions.
core.pack.interaction_graph.interaction_graph_factory: Instantiating DensePDInteractionGraph
protocols.relax.FastRelax: CMD: repack  -1123.22  0.228754  0.228754  0.30745
protocols.relax.FastRelax: CMD: scale:fa_rep  -1109.1  0.228754  0.228754  0.31955
protocols.relax.FastRelax: CMD: min  -1300.77  2.15387  2.15387  0.31955
protocols.relax.FastRelax: CMD: coord_cst_weight  -1300.77  2.15387  2.15387  0.31955
protocols.relax.FastRelax: CMD: scale:fa_rep  -1095.43  2.15387  2.15387  0.55
core.pack.task: Packer task: initialize from command line() 
core.pack.pack_rotamers: built 6990 rotamers at 492 positions.
core.pack.interaction_graph.interaction_graph_factory: Instantiating DensePDInteractionGraph
protocols.relax.FastRelax: CMD: repack  -1098.88  2.15387  2.15387  0.55
protocols.relax.FastRelax: CMD: min  -1156.27  2.78562  2.78562  0.55
protocols.relax.FastRelax: MRP: 14  -1156.27  -1156.52  2.96664  2.96664  
protocols.relax.FastRelax: CMD: accept_to_best  -1156.27  2.78562  2.78562  0.55
protocols.relax.FastRelax: CMD: endrepeat  -1156.27  2.78562  2.78562  0.55
protocols::checkpoint: Deleting checkpoints of FastRelax
protocols.jd2.JobDistributor: target.BL00010001_11_0001 reported success in 14414 seconds
protocols.jd2.PDBJobInputter: PDBJobInputter::pose_from_job
protocols.jd2.PDBJobInputter: filling pose from saved copy ../1-modeller/target.BL00010001.pdb
protocols.relax.FastRelax: CMD: repeat  4476.34  0  0  0.55
protocols.relax.FastRelax: CMD: coord_cst_weight  4476.34  0  0  0.55
protocols.relax.FastRelax: CMD: scale:fa_rep  806.987  0  0  0.022
core.pack.task: Packer task: initialize from command line() 
core.pack.pack_rotamers: built 8129 rotamers at 492 positions.
core.pack.interaction_graph.interaction_graph_factory: Instantiating DensePDInteractionGraph
protocols.relax.FastRelax: CMD: repack  -877.257  0  0  0.022
protocols.relax.FastRelax: CMD: scale:fa_rep  -837.044  0  0  0.02805
core.optimization.Minimizer: [ WARNING ] LBFGS MAX CYCLES 2000 EXCEEDED, BUT FUNC NOT CONVERGED!
protocols.relax.FastRelax: CMD: min  -1294.06  0.14954  0.14954  0.02805
protocols.relax.FastRelax: CMD: coord_cst_weight  -1341.14  0.14954  0.14954  0.02805
protocols.relax.FastRelax: CMD: scale:fa_rep  -943.742  0.14954  0.14954  0.14575
core.pack.task: Packer task: initialize from command line() 
core.pack.pack_rotamers: built 7382 rotamers at 492 positions.
core.pack.interaction_graph.interaction_graph_factory: Instantiating DensePDInteractionGraph
protocols.relax.FastRelax: CMD: repack  -979.617  0.14954  0.14954  0.14575
protocols.relax.FastRelax: CMD: scale:fa_rep  -956.818  0.14954  0.14954  0.154
protocols.relax.FastRelax: CMD: min  -1144.12  0.202852  0.202852  0.154
protocols.relax.FastRelax: CMD: coord_cst_weight  -1232  0.202852  0.202852  0.154
protocols.relax.FastRelax: CMD: scale:fa_rep  -1037.91  0.202852  0.202852  0.30745
core.pack.task: Packer task: initialize from command line() 
core.pack.pack_rotamers: built 7234 rotamers at 492 positions.
core.pack.interaction_graph.interaction_graph_factory: Instantiating DensePDInteractionGraph
protocols.relax.FastRelax: CMD: repack  -1038.36  0.202852  0.202852  0.30745
protocols.relax.FastRelax: CMD: scale:fa_rep  -1023.37  0.202852  0.202852  0.31955
protocols.relax.FastRelax: CMD: min  -1242.47  3.25156  3.25156  0.31955
protocols.relax.FastRelax: CMD: coord_cst_weight  -1242.47  3.25156  3.25156  0.31955
protocols.relax.FastRelax: CMD: scale:fa_rep  -1036.68  3.25156  3.25156  0.55
core.pack.task: Packer task: initialize from command line() 
core.pack.pack_rotamers: built 7073 rotamers at 492 positions.
core.pack.interaction_graph.interaction_graph_factory: Instantiating DensePDInteractionGraph
protocols.relax.FastRelax: CMD: repack  -1040.67  3.25156  3.25156  0.55
protocols.relax.FastRelax: CMD: min  -1096.84  3.2513  3.2513  0.55
protocols.relax.FastRelax: MRP: 0  -1096.84  -1096.84  3.2513  3.2513  
protocols.relax.FastRelax: CMD: accept_to_best  -1096.84  3.2513  3.2513  0.55
protocols.relax.FastRelax: CMD: endrepeat  -1096.84  3.2513  3.2513  0.55
protocols.relax.FastRelax: CMD: coord_cst_weight  132712  3.2513  3.2513  0.55
protocols.relax.FastRelax: CMD: scale:fa_rep  132379  3.2513  3.2513  0.022
core.pack.task: Packer task: initialize from command line() 
core.pack.pack_rotamers: built 7820 rotamers at 492 positions.
core.pack.interaction_graph.interaction_graph_factory: Instantiating DensePDInteractionGraph
protocols.relax.FastRelax: CMD: repack  132367  3.2513  3.2513  0.022
protocols.relax.FastRelax: CMD: scale:fa_rep  132376  3.2513  3.2513  0.02805
core.optimization.Minimizer: [ WARNING ] LBFGS MAX CYCLES 2000 EXCEEDED, BUT FUNC NOT CONVERGED!
protocols.relax.FastRelax: CMD: min  -1241.15  0.179814  0.179814  0.02805
protocols.relax.FastRelax: CMD: coord_cst_weight  -1310.11  0.179814  0.179814  0.02805
protocols.relax.FastRelax: CMD: scale:fa_rep  -950.962  0.179814  0.179814  0.14575
core.pack.task: Packer task: initialize from command line() 
core.pack.pack_rotamers: built 7291 rotamers at 492 positions.
core.pack.interaction_graph.interaction_graph_factory: Instantiating DensePDInteractionGraph
protocols.relax.FastRelax: CMD: repack  -1014.39  0.179814  0.179814  0.14575
protocols.relax.FastRelax: CMD: scale:fa_rep  -994.611  0.179814  0.179814  0.154
protocols.relax.FastRelax: CMD: min  -1167.14  0.216515  0.216515  0.154
protocols.relax.FastRelax: CMD: coord_cst_weight  -1270.62  0.216515  0.216515  0.154
protocols.relax.FastRelax: CMD: scale:fa_rep  -1090.34  0.216515  0.216515  0.30745
core.pack.task: Packer task: initialize from command line() 
core.pack.pack_rotamers: built 7126 rotamers at 492 positions.
core.pack.interaction_graph.interaction_graph_factory: Instantiating DensePDInteractionGraph
protocols.relax.FastRelax: CMD: repack  -1089.92  0.216515  0.216515  0.30745
protocols.relax.FastRelax: CMD: scale:fa_rep  -1076.01  0.216515  0.216515  0.31955
protocols.relax.FastRelax: CMD: min  -1277.13  2.50979  2.50979  0.31955
protocols.relax.FastRelax: CMD: coord_cst_weight  -1277.13  2.50979  2.50979  0.31955
protocols.relax.FastRelax: CMD: scale:fa_rep  -1072.73  2.50979  2.50979  0.55
core.pack.task: Packer task: initialize from command line() 
core.pack.pack_rotamers: built 6927 rotamers at 492 positions.
core.pack.interaction_graph.interaction_graph_factory: Instantiating DensePDInteractionGraph
protocols.relax.FastRelax: CMD: repack  -1073.44  2.50979  2.50979  0.55
protocols.relax.FastRelax: CMD: min  -1120.96  2.53478  2.53478  0.55
protocols.relax.FastRelax: MRP: 1  -1120.96  -1120.96  2.53478  2.53478  
protocols.relax.FastRelax: CMD: accept_to_best  -1120.96  2.53478  2.53478  0.55
protocols.relax.FastRelax: CMD: endrepeat  -1120.96  2.53478  2.53478  0.55
protocols.relax.FastRelax: CMD: coord_cst_weight  149484  2.53478  2.53478  0.55
protocols.relax.FastRelax: CMD: scale:fa_rep  149156  2.53478  2.53478  0.022
core.pack.task: Packer task: initialize from command line() 
core.pack.pack_rotamers: built 7717 rotamers at 492 positions.
core.pack.interaction_graph.interaction_graph_factory: Instantiating DensePDInteractionGraph
protocols.relax.FastRelax: CMD: repack  149143  2.53478  2.53478  0.022
protocols.relax.FastRelax: CMD: scale:fa_rep  149150  2.53478  2.53478  0.02805
core.optimization.Minimizer: [ WARNING ] LBFGS MAX CYCLES 2000 EXCEEDED, BUT FUNC NOT CONVERGED!
protocols.relax.FastRelax: CMD: min  -1247.13  0.180453  0.180453  0.02805
protocols.relax.FastRelax: CMD: coord_cst_weight  -1318.85  0.180453  0.180453  0.02805
protocols.relax.FastRelax: CMD: scale:fa_rep  -992.653  0.180453  0.180453  0.14575
core.pack.task: Packer task: initialize from command line() 
core.pack.pack_rotamers: built 7370 rotamers at 492 positions.
core.pack.interaction_graph.interaction_graph_factory: Instantiating DensePDInteractionGraph
protocols.relax.FastRelax: CMD: repack  -1031.88  0.180453  0.180453  0.14575
protocols.relax.FastRelax: CMD: scale:fa_rep  -1011.53  0.180453  0.180453  0.154
protocols.relax.FastRelax: CMD: min  -1179.57  0.220069  0.220069  0.154
protocols.relax.FastRelax: CMD: coord_cst_weight  -1286.13  0.220069  0.220069  0.154
protocols.relax.FastRelax: CMD: scale:fa_rep  -1102.56  0.220069  0.220069  0.30745
core.pack.task: Packer task: initialize from command line() 
core.pack.pack_rotamers: built 7119 rotamers at 492 positions.
core.pack.interaction_graph.interaction_graph_factory: Instantiating DensePDInteractionGraph
protocols.relax.FastRelax: CMD: repack  -1103.77  0.220069  0.220069  0.30745
protocols.relax.FastRelax: CMD: scale:fa_rep  -1089.39  0.220069  0.220069  0.31955
protocols.relax.FastRelax: CMD: min  -1290.75  2.98258  2.98258  0.31955
protocols.relax.FastRelax: CMD: coord_cst_weight  -1290.75  2.98258  2.98258  0.31955
protocols.relax.FastRelax: CMD: scale:fa_rep  -1084.24  2.98258  2.98258  0.55
core.pack.task: Packer task: initialize from command line() 
core.pack.pack_rotamers: built 6921 rotamers at 492 positions.
core.pack.interaction_graph.interaction_graph_factory: Instantiating DensePDInteractionGraph
protocols.relax.FastRelax: CMD: repack  -1085.97  2.98258  2.98258  0.55
protocols.relax.FastRelax: CMD: min  -1135.78  3.54857  3.54857  0.55
protocols.relax.FastRelax: MRP: 2  -1135.78  -1135.78  3.54857  3.54857  
protocols.relax.FastRelax: CMD: accept_to_best  -1135.78  3.54857  3.54857  0.55
protocols.relax.FastRelax: CMD: endrepeat  -1135.78  3.54857  3.54857  0.55
protocols.relax.FastRelax: CMD: coord_cst_weight  128603  3.54857  3.54857  0.55
protocols.relax.FastRelax: CMD: scale:fa_rep  128273  3.54857  3.54857  0.022
core.pack.task: Packer task: initialize from command line() 
core.pack.pack_rotamers: built 7699 rotamers at 492 positions.
core.pack.interaction_graph.interaction_graph_factory: Instantiating DensePDInteractionGraph
protocols.relax.FastRelax: CMD: repack  128258  3.54857  3.54857  0.022
protocols.relax.FastRelax: CMD: scale:fa_rep  128267  3.54857  3.54857  0.02805
core.optimization.Minimizer: [ WARNING ] LBFGS MAX CYCLES 2000 EXCEEDED, BUT FUNC NOT CONVERGED!
protocols.relax.FastRelax: CMD: min  -1250.83  0.189987  0.189987  0.02805
protocols.relax.FastRelax: CMD: coord_cst_weight  -1328.82  0.189987  0.189987  0.02805
protocols.relax.FastRelax: CMD: scale:fa_rep  -961.191  0.189987  0.189987  0.14575
core.pack.task: Packer task: initialize from command line() 
core.pack.pack_rotamers: built 7303 rotamers at 492 positions.
core.pack.interaction_graph.interaction_graph_factory: Instantiating DensePDInteractionGraph
protocols.relax.FastRelax: CMD: repack  -1028.7  0.189987  0.189987  0.14575
protocols.relax.FastRelax: CMD: scale:fa_rep  -1008.02  0.189987  0.189987  0.154
protocols.relax.FastRelax: CMD: min  -1180  0.226866  0.226866  0.154
protocols.relax.FastRelax: CMD: coord_cst_weight  -1292.12  0.226866  0.226866  0.154
protocols.relax.FastRelax: CMD: scale:fa_rep  -1111.6  0.226866  0.226866  0.30745
core.pack.task: Packer task: initialize from command line() 
core.pack.pack_rotamers: built 7149 rotamers at 492 positions.
core.pack.interaction_graph.interaction_graph_factory: Instantiating DensePDInteractionGraph
protocols.relax.FastRelax: CMD: repack  -1106.11  0.226866  0.226866  0.30745
protocols.relax.FastRelax: CMD: scale:fa_rep  -1091.98  0.226866  0.226866  0.31955
protocols.relax.FastRelax: CMD: min  -1290.19  2.76623  2.76623  0.31955
protocols.relax.FastRelax: CMD: coord_cst_weight  -1290.19  2.76623  2.76623  0.31955
protocols.relax.FastRelax: CMD: scale:fa_rep  -1086.44  2.76623  2.76623  0.55
core.pack.task: Packer task: initialize from command line() 
core.pack.pack_rotamers: built 6971 rotamers at 492 positions.
core.pack.interaction_graph.interaction_graph_factory: Instantiating DensePDInteractionGraph
protocols.relax.FastRelax: CMD: repack  -1086.68  2.76623  2.76623  0.55
protocols.relax.FastRelax: CMD: min  -1141.98  2.49724  2.49724  0.55
protocols.relax.FastRelax: MRP: 3  -1141.98  -1141.98  2.49724  2.49724  
protocols.relax.FastRelax: CMD: accept_to_best  -1141.98  2.49724  2.49724  0.55
protocols.relax.FastRelax: CMD: endrepeat  -1141.98  2.49724  2.49724  0.55
protocols.relax.FastRelax: CMD: coord_cst_weight  72836.3  2.49724  2.49724  0.55
protocols.relax.FastRelax: CMD: scale:fa_rep  72512.7  2.49724  2.49724  0.022
core.pack.task: Packer task: initialize from command line() 
core.pack.pack_rotamers: built 7685 rotamers at 492 positions.
core.pack.interaction_graph.interaction_graph_factory: Instantiating DensePDInteractionGraph
protocols.relax.FastRelax: CMD: repack  72495.6  2.49724  2.49724  0.022
protocols.relax.FastRelax: CMD: scale:fa_rep  72503.5  2.49724  2.49724  0.02805
core.optimization.Minimizer: [ WARNING ] LBFGS MAX CYCLES 2000 EXCEEDED, BUT FUNC NOT CONVERGED!
protocols.relax.FastRelax: CMD: min  -1257.23  0.185253  0.185253  0.02805
protocols.relax.FastRelax: CMD: coord_cst_weight  -1332.69  0.185253  0.185253  0.02805
protocols.relax.FastRelax: CMD: scale:fa_rep  -978.951  0.185253  0.185253  0.14575
core.pack.task: Packer task: initialize from command line() 
core.pack.pack_rotamers: built 7369 rotamers at 492 positions.
core.pack.interaction_graph.interaction_graph_factory: Instantiating DensePDInteractionGraph
protocols.relax.FastRelax: CMD: repack  -1033  0.185253  0.185253  0.14575
protocols.relax.FastRelax: CMD: scale:fa_rep  -1012.17  0.185253  0.185253  0.154
protocols.relax.FastRelax: CMD: min  -1181.81  0.224966  0.224966  0.154
protocols.relax.FastRelax: CMD: coord_cst_weight  -1292.73  0.224966  0.224966  0.154
protocols.relax.FastRelax: CMD: scale:fa_rep  -1110.86  0.224966  0.224966  0.30745
core.pack.task: Packer task: initialize from command line() 
core.pack.pack_rotamers: built 7153 rotamers at 492 positions.
core.pack.interaction_graph.interaction_graph_factory: Instantiating DensePDInteractionGraph
protocols.relax.FastRelax: CMD: repack  -1111.38  0.224966  0.224966  0.30745
protocols.relax.FastRelax: CMD: scale:fa_rep  -1097.15  0.224966  0.224966  0.31955
protocols.relax.FastRelax: CMD: min  -1298.63  2.61243  2.61243  0.31955
protocols.relax.FastRelax: CMD: coord_cst_weight  -1298.63  2.61243  2.61243  0.31955
protocols.relax.FastRelax: CMD: scale:fa_rep  -1095.86  2.61243  2.61243  0.55
core.pack.task: Packer task: initialize from command line() 
core.pack.pack_rotamers: built 6975 rotamers at 492 positions.
core.pack.interaction_graph.interaction_graph_factory: Instantiating DensePDInteractionGraph
protocols.relax.FastRelax: CMD: repack  -1097.81  2.61243  2.61243  0.55
protocols.relax.FastRelax: CMD: min  -1147.44  2.62254  2.62254  0.55
protocols.relax.FastRelax: MRP: 4  -1147.44  -1147.44  2.62254  2.62254  
protocols.relax.FastRelax: CMD: accept_to_best  -1147.44  2.62254  2.62254  0.55
protocols.relax.FastRelax: CMD: endrepeat  -1147.44  2.62254  2.62254  0.55
protocols.relax.FastRelax: CMD: coord_cst_weight  70165.7  2.62254  2.62254  0.55
protocols.relax.FastRelax: CMD: scale:fa_rep  69843.5  2.62254  2.62254  0.022
core.pack.task: Packer task: initialize from command line() 
core.pack.pack_rotamers: built 7683 rotamers at 492 positions.
core.pack.interaction_graph.interaction_graph_factory: Instantiating DensePDInteractionGraph
protocols.relax.FastRelax: CMD: repack  69825.3  2.62254  2.62254  0.022
protocols.relax.FastRelax: CMD: scale:fa_rep  69833.9  2.62254  2.62254  0.02805
core.optimization.Minimizer: [ WARNING ] LBFGS MAX CYCLES 2000 EXCEEDED, BUT FUNC NOT CONVERGED!
protocols.relax.FastRelax: CMD: min  -1254.8  0.18906  0.18906  0.02805
protocols.relax.FastRelax: CMD: coord_cst_weight  -1332.21  0.18906  0.18906  0.02805
protocols.relax.FastRelax: CMD: scale:fa_rep  -964.534  0.18906  0.18906  0.14575
core.pack.task: Packer task: initialize from command line() 
core.pack.pack_rotamers: built 7397 rotamers at 492 positions.
core.pack.interaction_graph.interaction_graph_factory: Instantiating DensePDInteractionGraph
protocols.relax.FastRelax: CMD: repack  -1023.12  0.18906  0.18906  0.14575
protocols.relax.FastRelax: CMD: scale:fa_rep  -1001.53  0.18906  0.18906  0.154
protocols.relax.FastRelax: CMD: min  -1179.96  0.228446  0.228446  0.154
protocols.relax.FastRelax: CMD: coord_cst_weight  -1293.56  0.228446  0.228446  0.154
protocols.relax.FastRelax: CMD: scale:fa_rep  -1108.08  0.228446  0.228446  0.30745
core.pack.task: Packer task: initialize from command line() 
core.pack.pack_rotamers: built 7161 rotamers at 492 positions.
core.pack.interaction_graph.interaction_graph_factory: Instantiating DensePDInteractionGraph
protocols.relax.FastRelax: CMD: repack  -1105.61  0.228446  0.228446  0.30745
protocols.relax.FastRelax: CMD: scale:fa_rep  -1091.04  0.228446  0.228446  0.31955
protocols.relax.FastRelax: CMD: min  -1301.7  3.03343  3.03343  0.31955
protocols.relax.FastRelax: CMD: coord_cst_weight  -1301.7  3.03343  3.03343  0.31955
protocols.relax.FastRelax: CMD: scale:fa_rep  -1099.52  3.03343  3.03343  0.55
core.pack.task: Packer task: initialize from command line() 
core.pack.pack_rotamers: built 7005 rotamers at 492 positions.
core.pack.interaction_graph.interaction_graph_factory: Instantiating DensePDInteractionGraph
protocols.relax.FastRelax: CMD: repack  -1099.7  3.03343  3.03343  0.55
protocols.relax.FastRelax: CMD: min  -1148.55  3.46342  3.46342  0.55
protocols.relax.FastRelax: MRP: 5  -1148.55  -1148.55  3.46342  3.46342  
protocols.relax.FastRelax: CMD: accept_to_best  -1148.55  3.46342  3.46342  0.55
protocols.relax.FastRelax: CMD: endrepeat  -1148.55  3.46342  3.46342  0.55
protocols.relax.FastRelax: CMD: coord_cst_weight  68790.8  3.46342  3.46342  0.55
protocols.relax.FastRelax: CMD: scale:fa_rep  68462.5  3.46342  3.46342  0.022
core.pack.task: Packer task: initialize from command line() 
core.pack.pack_rotamers: built 7704 rotamers at 492 positions.
core.pack.interaction_graph.interaction_graph_factory: Instantiating DensePDInteractionGraph
protocols.relax.FastRelax: CMD: repack  68444.4  3.46342  3.46342  0.022
protocols.relax.FastRelax: CMD: scale:fa_rep  68451.5  3.46342  3.46342  0.02805
core.optimization.Minimizer: [ WARNING ] LBFGS MAX CYCLES 2000 EXCEEDED, BUT FUNC NOT CONVERGED!
protocols.relax.FastRelax: CMD: min  -1258.99  0.189882  0.189882  0.02805
protocols.relax.FastRelax: CMD: coord_cst_weight  -1335.91  0.189882  0.189882  0.02805
protocols.relax.FastRelax: CMD: scale:fa_rep  -970.307  0.189882  0.189882  0.14575
core.pack.task: Packer task: initialize from command line() 
core.pack.pack_rotamers: built 7373 rotamers at 492 positions.
core.pack.interaction_graph.interaction_graph_factory: Instantiating DensePDInteractionGraph
protocols.relax.FastRelax: CMD: repack  -1029.61  0.189882  0.189882  0.14575
protocols.relax.FastRelax: CMD: scale:fa_rep  -1008.11  0.189882  0.189882  0.154
protocols.relax.FastRelax: CMD: min  -1179.33  0.228008  0.228008  0.154
protocols.relax.FastRelax: CMD: coord_cst_weight  -1292.2  0.228008  0.228008  0.154
protocols.relax.FastRelax: CMD: scale:fa_rep  -1104.19  0.228008  0.228008  0.30745
core.pack.task: Packer task: initialize from command line() 
core.pack.pack_rotamers: built 7181 rotamers at 492 positions.
core.pack.interaction_graph.interaction_graph_factory: Instantiating DensePDInteractionGraph
protocols.relax.FastRelax: CMD: repack  -1104.83  0.228008  0.228008  0.30745
protocols.relax.FastRelax: CMD: scale:fa_rep  -1090.26  0.228008  0.228008  0.31955
protocols.relax.FastRelax: CMD: min  -1301.37  2.66211  2.66211  0.31955
protocols.relax.FastRelax: CMD: coord_cst_weight  -1301.37  2.66211  2.66211  0.31955
protocols.relax.FastRelax: CMD: scale:fa_rep  -1101.09  2.66211  2.66211  0.55
core.pack.task: Packer task: initialize from command line() 
core.pack.pack_rotamers: built 6977 rotamers at 492 positions.
core.pack.interaction_graph.interaction_graph_factory: Instantiating DensePDInteractionGraph
protocols.relax.FastRelax: CMD: repack  -1095.28  2.66211  2.66211  0.55
protocols.relax.FastRelax: CMD: min  -1147.95  2.69707  2.69707  0.55
protocols.relax.FastRelax: MRP: 6  -1147.95  -1148.55  3.46342  3.46342  
protocols.relax.FastRelax: CMD: accept_to_best  -1147.95  2.69707  2.69707  0.55
protocols.relax.FastRelax: CMD: endrepeat  -1147.95  2.69707  2.69707  0.55
protocols.relax.FastRelax: CMD: coord_cst_weight  54795.1  2.69707  2.69707  0.55
protocols.relax.FastRelax: CMD: scale:fa_rep  54474  2.69707  2.69707  0.022
core.pack.task: Packer task: initialize from command line() 
core.pack.pack_rotamers: built 7711 rotamers at 492 positions.
core.pack.interaction_graph.interaction_graph_factory: Instantiating DensePDInteractionGraph
protocols.relax.FastRelax: CMD: repack  54457.1  2.69707  2.69707  0.022
protocols.relax.FastRelax: CMD: scale:fa_rep  54466.8  2.69707  2.69707  0.02805
core.optimization.Minimizer: [ WARNING ] LBFGS MAX CYCLES 2000 EXCEEDED, BUT FUNC NOT CONVERGED!
protocols.relax.FastRelax: CMD: min  -1235.88  0.193819  0.193819  0.02805
protocols.relax.FastRelax: CMD: coord_cst_weight  -1313.3  0.193819  0.193819  0.02805
protocols.relax.FastRelax: CMD: scale:fa_rep  -956.993  0.193819  0.193819  0.14575
core.pack.task: Packer task: initialize from command line() 
core.pack.pack_rotamers: built 7340 rotamers at 492 positions.
core.pack.interaction_graph.interaction_graph_factory: Instantiating DensePDInteractionGraph
protocols.relax.FastRelax: CMD: repack  -1039.55  0.193819  0.193819  0.14575
protocols.relax.FastRelax: CMD: scale:fa_rep  -1018.71  0.193819  0.193819  0.154
protocols.relax.FastRelax: CMD: min  -1179.31  0.231112  0.231112  0.154
protocols.relax.FastRelax: CMD: coord_cst_weight  -1293.36  0.231112  0.231112  0.154
protocols.relax.FastRelax: CMD: scale:fa_rep  -1106.68  0.231112  0.231112  0.30745
core.pack.task: Packer task: initialize from command line() 
core.pack.pack_rotamers: built 7180 rotamers at 492 positions.
core.pack.interaction_graph.interaction_graph_factory: Instantiating DensePDInteractionGraph
protocols.relax.FastRelax: CMD: repack  -1107.66  0.231112  0.231112  0.30745
protocols.relax.FastRelax: CMD: scale:fa_rep  -1093.03  0.231112  0.231112  0.31955
protocols.relax.FastRelax: CMD: min  -1302  3.00855  3.00855  0.31955
protocols.relax.FastRelax: CMD: coord_cst_weight  -1302  3.00855  3.00855  0.31955
protocols.relax.FastRelax: CMD: scale:fa_rep  -1099.59  3.00855  3.00855  0.55
core.pack.task: Packer task: initialize from command line() 
core.pack.pack_rotamers: built 7002 rotamers at 492 positions.
core.pack.interaction_graph.interaction_graph_factory: Instantiating DensePDInteractionGraph
protocols.relax.FastRelax: CMD: repack  -1104.3  3.00855  3.00855  0.55
protocols.relax.FastRelax: CMD: min  -1153.57  2.71985  2.71985  0.55
protocols.relax.FastRelax: MRP: 7  -1153.57  -1153.57  2.71985  2.71985  
protocols.relax.FastRelax: CMD: accept_to_best  -1153.57  2.71985  2.71985  0.55
protocols.relax.FastRelax: CMD: endrepeat  -1153.57  2.71985  2.71985  0.55
protocols.relax.FastRelax: CMD: coord_cst_weight  61396.1  2.71985  2.71985  0.55
protocols.relax.FastRelax: CMD: scale:fa_rep  61071.2  2.71985  2.71985  0.022
core.pack.task: Packer task: initialize from command line() 
core.pack.pack_rotamers: built 7737 rotamers at 492 positions.
core.pack.interaction_graph.interaction_graph_factory: Instantiating DensePDInteractionGraph
protocols.relax.FastRelax: CMD: repack  61046.7  2.71985  2.71985  0.022
protocols.relax.FastRelax: CMD: scale:fa_rep  61053.1  2.71985  2.71985  0.02805
core.optimization.Minimizer: [ WARNING ] LBFGS MAX CYCLES 2000 EXCEEDED, BUT FUNC NOT CONVERGED!
protocols.relax.FastRelax: CMD: min  -1273.37  0.18583  0.18583  0.02805
protocols.relax.FastRelax: CMD: coord_cst_weight  -1346.73  0.18583  0.18583  0.02805
protocols.relax.FastRelax: CMD: scale:fa_rep  -1005.53  0.18583  0.18583  0.14575
core.pack.task: Packer task: initialize from command line() 
core.pack.pack_rotamers: built 7374 rotamers at 492 positions.
core.pack.interaction_graph.interaction_graph_factory: Instantiating DensePDInteractionGraph
protocols.relax.FastRelax: CMD: repack  -1037.05  0.18583  0.18583  0.14575
protocols.relax.FastRelax: CMD: scale:fa_rep  -1015.62  0.18583  0.18583  0.154
protocols.relax.FastRelax: CMD: min  -1185.18  0.226602  0.226602  0.154
protocols.relax.FastRelax: CMD: coord_cst_weight  -1296.72  0.226602  0.226602  0.154
protocols.relax.FastRelax: CMD: scale:fa_rep  -1112.15  0.226602  0.226602  0.30745
core.pack.task: Packer task: initialize from command line() 
core.pack.pack_rotamers: built 7146 rotamers at 492 positions.
core.pack.interaction_graph.interaction_graph_factory: Instantiating DensePDInteractionGraph
protocols.relax.FastRelax: CMD: repack  -1113.19  0.226602  0.226602  0.30745
protocols.relax.FastRelax: CMD: scale:fa_rep  -1098.72  0.226602  0.226602  0.31955
protocols.relax.FastRelax: CMD: min  -1312.94  2.33885  2.33885  0.31955
protocols.relax.FastRelax: CMD: coord_cst_weight  -1312.94  2.33885  2.33885  0.31955
protocols.relax.FastRelax: CMD: scale:fa_rep  -1111.39  2.33885  2.33885  0.55
core.pack.task: Packer task: initialize from command line() 
core.pack.pack_rotamers: built 6964 rotamers at 492 positions.
core.pack.interaction_graph.interaction_graph_factory: Instantiating DensePDInteractionGraph
protocols.relax.FastRelax: CMD: repack  -1118.79  2.33885  2.33885  0.55
protocols.relax.FastRelax: CMD: min  -1160.04  2.24311  2.24311  0.55
protocols.relax.FastRelax: MRP: 8  -1160.04  -1160.04  2.24311  2.24311  
protocols.relax.FastRelax: CMD: accept_to_best  -1160.04  2.24311  2.24311  0.55
protocols.relax.FastRelax: CMD: endrepeat  -1160.04  2.24311  2.24311  0.55
protocols.relax.FastRelax: CMD: coord_cst_weight  40797.9  2.24311  2.24311  0.55
protocols.relax.FastRelax: CMD: scale:fa_rep  40469.8  2.24311  2.24311  0.022
core.pack.task: Packer task: initialize from command line() 
core.pack.pack_rotamers: built 7762 rotamers at 492 positions.
core.pack.interaction_graph.interaction_graph_factory: Instantiating DensePDInteractionGraph
protocols.relax.FastRelax: CMD: repack  40452  2.24311  2.24311  0.022
protocols.relax.FastRelax: CMD: scale:fa_rep  40460.4  2.24311  2.24311  0.02805
core.optimization.Minimizer: [ WARNING ] LBFGS MAX CYCLES 2000 EXCEEDED, BUT FUNC NOT CONVERGED!
protocols.relax.FastRelax: CMD: min  -1273.43  0.184088  0.184088  0.02805
protocols.relax.FastRelax: CMD: coord_cst_weight  -1348.32  0.184088  0.184088  0.02805
protocols.relax.FastRelax: CMD: scale:fa_rep  -979.929  0.184088  0.184088  0.14575
core.pack.task: Packer task: initialize from command line() 
core.pack.pack_rotamers: built 7327 rotamers at 492 positions.
core.pack.interaction_graph.interaction_graph_factory: Instantiating DensePDInteractionGraph
protocols.relax.FastRelax: CMD: repack  -1038.69  0.184088  0.184088  0.14575
protocols.relax.FastRelax: CMD: scale:fa_rep  -1016.76  0.184088  0.184088  0.154
protocols.relax.FastRelax: CMD: min  -1190.63  0.229032  0.229032  0.154
protocols.relax.FastRelax: CMD: coord_cst_weight  -1304.37  0.229032  0.229032  0.154
protocols.relax.FastRelax: CMD: scale:fa_rep  -1118.8  0.229032  0.229032  0.30745
core.pack.task: Packer task: initialize from command line() 
core.pack.pack_rotamers: built 7164 rotamers at 492 positions.
core.pack.interaction_graph.interaction_graph_factory: Instantiating DensePDInteractionGraph
protocols.relax.FastRelax: CMD: repack  -1119.41  0.229032  0.229032  0.30745
protocols.relax.FastRelax: CMD: scale:fa_rep  -1104.85  0.229032  0.229032  0.31955
protocols.relax.FastRelax: CMD: min  -1309.62  2.35609  2.35609  0.31955
protocols.relax.FastRelax: CMD: coord_cst_weight  -1309.62  2.35609  2.35609  0.31955
protocols.relax.FastRelax: CMD: scale:fa_rep  -1106.83  2.35609  2.35609  0.55
core.pack.task: Packer task: initialize from command line() 
core.pack.pack_rotamers: built 7018 rotamers at 492 positions.
core.pack.interaction_graph.interaction_graph_factory: Instantiating DensePDInteractionGraph
protocols.relax.FastRelax: CMD: repack  -1114.5  2.35609  2.35609  0.55
protocols.relax.FastRelax: CMD: min  -1168.75  2.87889  2.87889  0.55
protocols.relax.FastRelax: MRP: 9  -1168.75  -1168.75  2.87889  2.87889  
protocols.relax.FastRelax: CMD: accept_to_best  -1168.75  2.87889  2.87889  0.55
protocols.relax.FastRelax: CMD: endrepeat  -1168.75  2.87889  2.87889  0.55
protocols.relax.FastRelax: CMD: coord_cst_weight  40751.9  2.87889  2.87889  0.55
protocols.relax.FastRelax: CMD: scale:fa_rep  40427.3  2.87889  2.87889  0.022
core.pack.task: Packer task: initialize from command line() 
core.pack.pack_rotamers: built 7757 rotamers at 492 positions.
core.pack.interaction_graph.interaction_graph_factory: Instantiating DensePDInteractionGraph
protocols.relax.FastRelax: CMD: repack  40401.9  2.87889  2.87889  0.022
protocols.relax.FastRelax: CMD: scale:fa_rep  40408.4  2.87889  2.87889  0.02805
core.optimization.Minimizer: [ WARNING ] LBFGS MAX CYCLES 2000 EXCEEDED, BUT FUNC NOT CONVERGED!
protocols.relax.FastRelax: CMD: min  -1215.39  0.20407  0.20407  0.02805
protocols.relax.FastRelax: CMD: coord_cst_weight  -1299.7  0.20407  0.20407  0.02805
protocols.relax.FastRelax: CMD: scale:fa_rep  -922.829  0.20407  0.20407  0.14575
core.pack.task: Packer task: initialize from command line() 
core.pack.pack_rotamers: built 7350 rotamers at 492 positions.
core.pack.interaction_graph.interaction_graph_factory: Instantiating DensePDInteractionGraph
protocols.relax.FastRelax: CMD: repack  -995.129  0.20407  0.20407  0.14575
protocols.relax.FastRelax: CMD: scale:fa_rep  -972.551  0.20407  0.20407  0.154
protocols.relax.FastRelax: CMD: min  -1175.97  0.233603  0.233603  0.154
protocols.relax.FastRelax: CMD: coord_cst_weight  -1292.42  0.233603  0.233603  0.154
protocols.relax.FastRelax: CMD: scale:fa_rep  -1109.26  0.233603  0.233603  0.30745
core.pack.task: Packer task: initialize from command line() 
core.pack.pack_rotamers: built 7157 rotamers at 492 positions.
core.pack.interaction_graph.interaction_graph_factory: Instantiating DensePDInteractionGraph
protocols.relax.FastRelax: CMD: repack  -1109.22  0.233603  0.233603  0.30745
protocols.relax.FastRelax: CMD: scale:fa_rep  -1094.83  0.233603  0.233603  0.31955
protocols.relax.FastRelax: CMD: min  -1291.24  3.64669  3.64669  0.31955
protocols.relax.FastRelax: CMD: coord_cst_weight  -1291.24  3.64669  3.64669  0.31955
protocols.relax.FastRelax: CMD: scale:fa_rep  -1087.38  3.64669  3.64669  0.55
core.pack.task: Packer task: initialize from command line() 
core.pack.pack_rotamers: built 7002 rotamers at 492 positions.
core.pack.interaction_graph.interaction_graph_factory: Instantiating DensePDInteractionGraph
protocols.relax.FastRelax: CMD: repack  -1095.45  3.64669  3.64669  0.55
protocols.relax.FastRelax: CMD: min  -1147.48  3.74484  3.74484  0.55
protocols.relax.FastRelax: MRP: 10  -1147.48  -1168.75  2.87889  2.87889  
protocols.relax.FastRelax: CMD: accept_to_best  -1147.48  3.74484  3.74484  0.55
protocols.relax.FastRelax: CMD: endrepeat  -1147.48  3.74484  3.74484  0.55
protocols.relax.FastRelax: CMD: coord_cst_weight  57139.5  3.74484  3.74484  0.55
protocols.relax.FastRelax: CMD: scale:fa_rep  56811  3.74484  3.74484  0.022
core.pack.task: Packer task: initialize from command line() 
core.pack.pack_rotamers: built 7763 rotamers at 492 positions.
core.pack.interaction_graph.interaction_graph_factory: Instantiating DensePDInteractionGraph
protocols.relax.FastRelax: CMD: repack  56786.6  3.74484  3.74484  0.022
protocols.relax.FastRelax: CMD: scale:fa_rep  56792.9  3.74484  3.74484  0.02805
core.optimization.Minimizer: [ WARNING ] LBFGS MAX CYCLES 2000 EXCEEDED, BUT FUNC NOT CONVERGED!
protocols.relax.FastRelax: CMD: min  -1263.46  0.187059  0.187059  0.02805
protocols.relax.FastRelax: CMD: coord_cst_weight  -1340.05  0.187059  0.187059  0.02805
protocols.relax.FastRelax: CMD: scale:fa_rep  -978.377  0.187059  0.187059  0.14575
core.pack.task: Packer task: initialize from command line() 
core.pack.pack_rotamers: built 7385 rotamers at 492 positions.
core.pack.interaction_graph.interaction_graph_factory: Instantiating DensePDInteractionGraph
protocols.relax.FastRelax: CMD: repack  -1041.92  0.187059  0.187059  0.14575
protocols.relax.FastRelax: CMD: scale:fa_rep  -1020.95  0.187059  0.187059  0.154
protocols.relax.FastRelax: CMD: min  -1187.96  0.226445  0.226445  0.154
protocols.relax.FastRelax: CMD: coord_cst_weight  -1299.8  0.226445  0.226445  0.154
protocols.relax.FastRelax: CMD: scale:fa_rep  -1117.86  0.226445  0.226445  0.30745
core.pack.task: Packer task: initialize from command line() 
core.pack.pack_rotamers: built 7188 rotamers at 492 positions.
core.pack.interaction_graph.interaction_graph_factory: Instantiating DensePDInteractionGraph
protocols.relax.FastRelax: CMD: repack  -1118.85  0.226445  0.226445  0.30745
protocols.relax.FastRelax: CMD: scale:fa_rep  -1104.6  0.226445  0.226445  0.31955
protocols.relax.FastRelax: CMD: min  -1292.54  2.87506  2.87506  0.31955
protocols.relax.FastRelax: CMD: coord_cst_weight  -1292.54  2.87506  2.87506  0.31955
protocols.relax.FastRelax: CMD: scale:fa_rep  -1086.85  2.87506  2.87506  0.55
core.pack.task: Packer task: initialize from command line() 
core.pack.pack_rotamers: built 7045 rotamers at 492 positions.
core.pack.interaction_graph.interaction_graph_factory: Instantiating DensePDInteractionGraph
protocols.relax.FastRelax: CMD: repack  -1089.97  2.87506  2.87506  0.55
protocols.relax.FastRelax: CMD: min  -1148.6  3.0349  3.0349  0.55
protocols.relax.FastRelax: MRP: 11  -1148.6  -1168.75  2.87889  2.87889  
protocols.relax.FastRelax: CMD: accept_to_best  -1148.6  3.0349  3.0349  0.55
protocols.relax.FastRelax: CMD: endrepeat  -1148.6  3.0349  3.0349  0.55
protocols.relax.FastRelax: CMD: coord_cst_weight  44601.5  3.0349  3.0349  0.55
protocols.relax.FastRelax: CMD: scale:fa_rep  44276.2  3.0349  3.0349  0.022
core.pack.task: Packer task: initialize from command line() 
core.pack.pack_rotamers: built 7795 rotamers at 492 positions.
core.pack.interaction_graph.interaction_graph_factory: Instantiating DensePDInteractionGraph
protocols.relax.FastRelax: CMD: repack  44258.9  3.0349  3.0349  0.022
protocols.relax.FastRelax: CMD: scale:fa_rep  44266.9  3.0349  3.0349  0.02805
core.optimization.Minimizer: [ WARNING ] LBFGS MAX CYCLES 2000 EXCEEDED, BUT FUNC NOT CONVERGED!
protocols.relax.FastRelax: CMD: min  -1266.22  0.184658  0.184658  0.02805
protocols.relax.FastRelax: CMD: coord_cst_weight  -1339.93  0.184658  0.184658  0.02805
protocols.relax.FastRelax: CMD: scale:fa_rep  -966.839  0.184658  0.184658  0.14575
core.pack.task: Packer task: initialize from command line() 
core.pack.pack_rotamers: built 7439 rotamers at 492 positions.
core.pack.interaction_graph.interaction_graph_factory: Instantiating DensePDInteractionGraph
protocols.relax.FastRelax: CMD: repack  -1041.62  0.184658  0.184658  0.14575
protocols.relax.FastRelax: CMD: scale:fa_rep  -1020.56  0.184658  0.184658  0.154
protocols.relax.FastRelax: CMD: min  -1188.88  0.22865  0.22865  0.154
protocols.relax.FastRelax: CMD: coord_cst_weight  -1301.74  0.22865  0.22865  0.154
protocols.relax.FastRelax: CMD: scale:fa_rep  -1116.84  0.22865  0.22865  0.30745
core.pack.task: Packer task: initialize from command line() 
core.pack.pack_rotamers: built 7187 rotamers at 492 positions.
core.pack.interaction_graph.interaction_graph_factory: Instantiating DensePDInteractionGraph
protocols.relax.FastRelax: CMD: repack  -1117.79  0.22865  0.22865  0.30745
protocols.relax.FastRelax: CMD: scale:fa_rep  -1103.47  0.22865  0.22865  0.31955
protocols.relax.FastRelax: CMD: min  -1302.22  3.13139  3.13139  0.31955
protocols.relax.FastRelax: CMD: coord_cst_weight  -1302.22  3.13139  3.13139  0.31955
protocols.relax.FastRelax: CMD: scale:fa_rep  -1099.03  3.13139  3.13139  0.55
core.pack.task: Packer task: initialize from command line() 
core.pack.pack_rotamers: built 7064 rotamers at 492 positions.
core.pack.interaction_graph.interaction_graph_factory: Instantiating DensePDInteractionGraph
protocols.relax.FastRelax: CMD: repack  -1102.93  3.13139  3.13139  0.55
protocols.relax.FastRelax: CMD: min  -1154.07  2.92133  2.92133  0.55
protocols.relax.FastRelax: MRP: 12  -1154.07  -1168.75  2.87889  2.87889  
protocols.relax.FastRelax: CMD: accept_to_best  -1154.07  2.92133  2.92133  0.55
protocols.relax.FastRelax: CMD: endrepeat  -1154.07  2.92133  2.92133  0.55
protocols.relax.FastRelax: CMD: coord_cst_weight  46796.3  2.92133  2.92133  0.55
protocols.relax.FastRelax: CMD: scale:fa_rep  46472.1  2.92133  2.92133  0.022
core.pack.task: Packer task: initialize from command line() 
core.pack.pack_rotamers: built 7806 rotamers at 492 positions.
core.pack.interaction_graph.interaction_graph_factory: Instantiating DensePDInteractionGraph
protocols.relax.FastRelax: CMD: repack  46460.9  2.92133  2.92133  0.022
protocols.relax.FastRelax: CMD: scale:fa_rep  46469.8  2.92133  2.92133  0.02805
core.optimization.Minimizer: [ WARNING ] LBFGS MAX CYCLES 2000 EXCEEDED, BUT FUNC NOT CONVERGED!
protocols.relax.FastRelax: CMD: min  -1280.57  0.181437  0.181437  0.02805
protocols.relax.FastRelax: CMD: coord_cst_weight  -1352.13  0.181437  0.181437  0.02805
protocols.relax.FastRelax: CMD: scale:fa_rep  -1018.43  0.181437  0.181437  0.14575
core.pack.task: Packer task: initialize from command line() 
core.pack.pack_rotamers: built 7394 rotamers at 492 positions.
core.pack.interaction_graph.interaction_graph_factory: Instantiating DensePDInteractionGraph
protocols.relax.FastRelax: CMD: repack  -1058.94  0.181437  0.181437  0.14575
protocols.relax.FastRelax: CMD: scale:fa_rep  -1038.45  0.181437  0.181437  0.154
protocols.relax.FastRelax: CMD: min  -1197.67  0.228097  0.228097  0.154
protocols.relax.FastRelax: CMD: coord_cst_weight  -1310.61  0.228097  0.228097  0.154
protocols.relax.FastRelax: CMD: scale:fa_rep  -1125.54  0.228097  0.228097  0.30745
core.pack.task: Packer task: initialize from command line() 
core.pack.pack_rotamers: built 7170 rotamers at 492 positions.
core.pack.interaction_graph.interaction_graph_factory: Instantiating DensePDInteractionGraph
protocols.relax.FastRelax: CMD: repack  -1127.14  0.228097  0.228097  0.30745
protocols.relax.FastRelax: CMD: scale:fa_rep  -1112.88  0.228097  0.228097  0.31955
protocols.relax.FastRelax: CMD: min  -1305.93  3.38075  3.38075  0.31955
protocols.relax.FastRelax: CMD: coord_cst_weight  -1305.93  3.38075  3.38075  0.31955
protocols.relax.FastRelax: CMD: scale:fa_rep  -1102.36  3.38075  3.38075  0.55
core.pack.task: Packer task: initialize from command line() 
core.pack.pack_rotamers: built 7044 rotamers at 492 positions.
core.pack.interaction_graph.interaction_graph_factory: Instantiating DensePDInteractionGraph
protocols.relax.FastRelax: CMD: repack  -1104.62  3.38075  3.38075  0.55
protocols.relax.FastRelax: CMD: min  -1156.18  3.85913  3.85913  0.55
protocols.relax.FastRelax: MRP: 13  -1156.18  -1168.75  2.87889  2.87889  
protocols.relax.FastRelax: CMD: accept_to_best  -1156.18  3.85913  3.85913  0.55
protocols.relax.FastRelax: CMD: endrepeat  -1156.18  3.85913  3.85913  0.55
protocols.relax.FastRelax: CMD: coord_cst_weight  85222.8  3.85913  3.85913  0.55
protocols.relax.FastRelax: CMD: scale:fa_rep  84898.2  3.85913  3.85913  0.022
core.pack.task: Packer task: initialize from command line() 
core.pack.pack_rotamers: built 7764 rotamers at 492 positions.
core.pack.interaction_graph.interaction_graph_factory: Instantiating DensePDInteractionGraph
protocols.relax.FastRelax: CMD: repack  84907.2  3.85913  3.85913  0.022
protocols.relax.FastRelax: CMD: scale:fa_rep  84917.8  3.85913  3.85913  0.02805
core.optimization.Minimizer: [ WARNING ] LBFGS MAX CYCLES 2000 EXCEEDED, BUT FUNC NOT CONVERGED!
protocols.relax.FastRelax: CMD: min  -1243.85  0.190047  0.190047  0.02805
protocols.relax.FastRelax: CMD: coord_cst_weight  -1323.53  0.190047  0.190047  0.02805
protocols.relax.FastRelax: CMD: scale:fa_rep  -956.253  0.190047  0.190047  0.14575
core.pack.task: Packer task: initialize from command line() 
core.pack.pack_rotamers: built 7320 rotamers at 492 positions.
core.pack.interaction_graph.interaction_graph_factory: Instantiating DensePDInteractionGraph
protocols.relax.FastRelax: CMD: repack  -1037.29  0.190047  0.190047  0.14575
protocols.relax.FastRelax: CMD: scale:fa_rep  -1016.85  0.190047  0.190047  0.154
protocols.relax.FastRelax: CMD: min  -1184.16  0.229126  0.229126  0.154
protocols.relax.FastRelax: CMD: coord_cst_weight  -1300.12  0.229126  0.229126  0.154
protocols.relax.FastRelax: CMD: scale:fa_rep  -1115.59  0.229126  0.229126  0.30745
core.pack.task: Packer task: initialize from command line() 
core.pack.pack_rotamers: built 7165 rotamers at 492 positions.
core.pack.interaction_graph.interaction_graph_factory: Instantiating DensePDInteractionGraph
protocols.relax.FastRelax: CMD: repack  -1116.4  0.229126  0.229126  0.30745
protocols.relax.FastRelax: CMD: scale:fa_rep  -1102.05  0.229126  0.229126  0.31955
protocols.relax.FastRelax: CMD: min  -1302.49  3.0967  3.0967  0.31955
protocols.relax.FastRelax: CMD: coord_cst_weight  -1302.49  3.0967  3.0967  0.31955
protocols.relax.FastRelax: CMD: scale:fa_rep  -1101.43  3.0967  3.0967  0.55
core.pack.task: Packer task: initialize from command line() 
core.pack.pack_rotamers: built 7069 rotamers at 492 positions.
core.pack.interaction_graph.interaction_graph_factory: Instantiating DensePDInteractionGraph
protocols.relax.FastRelax: CMD: repack  -1109.89  3.0967  3.0967  0.55
protocols.relax.FastRelax: CMD: min  -1164.55  3.22327  3.22327  0.55
protocols.relax.FastRelax: MRP: 14  -1164.55  -1168.75  2.87889  2.87889  
protocols.relax.FastRelax: CMD: accept_to_best  -1164.55  3.22327  3.22327  0.55
protocols.relax.FastRelax: CMD: endrepeat  -1164.55  3.22327  3.22327  0.55
protocols::checkpoint: Deleting checkpoints of FastRelax
protocols.jd2.JobDistributor: target.BL00010001_11_0002 reported success in 14105 seconds
protocols.jd2.PDBJobInputter: PDBJobInputter::pose_from_job
protocols.jd2.PDBJobInputter: filling pose from PDB ../1-modeller/target.BL00010001.pdb
core.import_pose.import_pose: File '../1-modeller/target.BL00010001.pdb' automatically determined to be of type PDB from contents.
core.io.rcsb.ExperimentalTechnique: [ ERROR ] Unrecognized experimental technique string 'THEORETICAL MODEL, MODELLER 10.8 2026/08/10 16:18:02'
protocols.relax.FastRelax: CMD: repeat  4476.34  0  0  0.55
protocols.relax.FastRelax: CMD: coord_cst_weight  4476.34  0  0  0.55
protocols.relax.FastRelax: CMD: scale:fa_rep  806.987  0  0  0.022
core.pack.task: Packer task: initialize from command line() 
core.pack.pack_rotamers: built 8129 rotamers at 492 positions.
core.pack.interaction_graph.interaction_graph_factory: Instantiating DensePDInteractionGraph
protocols.relax.FastRelax: CMD: repack  -878.309  0  0  0.022
protocols.relax.FastRelax: CMD: scale:fa_rep  -837.822  0  0  0.02805
core.optimization.Minimizer: [ WARNING ] LBFGS MAX CYCLES 2000 EXCEEDED, BUT FUNC NOT CONVERGED!
protocols.relax.FastRelax: CMD: min  -1289.45  0.14741  0.14741  0.02805
protocols.relax.FastRelax: CMD: coord_cst_weight  -1335.69  0.14741  0.14741  0.02805
protocols.relax.FastRelax: CMD: scale:fa_rep  -953.767  0.14741  0.14741  0.14575
core.pack.task: Packer task: initialize from command line() 
core.pack.pack_rotamers: built 7380 rotamers at 492 positions.
core.pack.interaction_graph.interaction_graph_factory: Instantiating DensePDInteractionGraph
protocols.relax.FastRelax: CMD: repack  -989.594  0.14741  0.14741  0.14575
protocols.relax.FastRelax: CMD: scale:fa_rep  -967.785  0.14741  0.14741  0.154
protocols.relax.FastRelax: CMD: min  -1160.22  0.203854  0.203854  0.154
protocols.relax.FastRelax: CMD: coord_cst_weight  -1248.88  0.203854  0.203854  0.154
protocols.relax.FastRelax: CMD: scale:fa_rep  -1061.82  0.203854  0.203854  0.30745
core.pack.task: Packer task: initialize from command line() 
core.pack.pack_rotamers: built 7228 rotamers at 492 positions.
core.pack.interaction_graph.interaction_graph_factory: Instantiating DensePDInteractionGraph
protocols.relax.FastRelax: CMD: repack  -1060.12  0.203854  0.203854  0.30745
protocols.relax.FastRelax: CMD: scale:fa_rep  -1045.37  0.203854  0.203854  0.31955
protocols.relax.FastRelax: CMD: min  -1248.21  3.64656  3.64656  0.31955
protocols.relax.FastRelax: CMD: coord_cst_weight  -1248.21  3.64656  3.64656  0.31955
protocols.relax.FastRelax: CMD: scale:fa_rep  -1040.05  3.64656  3.64656  0.55
core.pack.task: Packer task: initialize from command line() 
core.pack.pack_rotamers: built 7081 rotamers at 492 positions.
core.pack.interaction_graph.interaction_graph_factory: Instantiating DensePDInteractionGraph
protocols.relax.FastRelax: CMD: repack  -1044.95  3.64656  3.64656  0.55
protocols.relax.FastRelax: CMD: min  -1108.66  3.817  3.817  0.55
protocols.relax.FastRelax: MRP: 0  -1108.66  -1108.66  3.817  3.817  
protocols.relax.FastRelax: CMD: accept_to_best  -1108.66  3.817  3.817  0.55
protocols.relax.FastRelax: CMD: endrepeat  -1108.66  3.817  3.817  0.55
protocols.relax.FastRelax: CMD: coord_cst_weight  129763  3.817  3.817  0.55
protocols.relax.FastRelax: CMD: scale:fa_rep  129430  3.817  3.817  0.022
core.pack.task: Packer task: initialize from command line() 
core.pack.pack_rotamers: built 7829 rotamers at 492 positions.
core.pack.interaction_graph.interaction_graph_factory: Instantiating DensePDInteractionGraph
protocols.relax.FastRelax: CMD: repack  129414  3.817  3.817  0.022
protocols.relax.FastRelax: CMD: scale:fa_rep  129426  3.817  3.817  0.02805
core.optimization.Minimizer: [ WARNING ] LBFGS MAX CYCLES 2000 EXCEEDED, BUT FUNC NOT CONVERGED!
protocols.relax.FastRelax: CMD: min  -1228.21  0.186766  0.186766  0.02805
protocols.relax.FastRelax: CMD: coord_cst_weight  -1301.99  0.186766  0.186766  0.02805
protocols.relax.FastRelax: CMD: scale:fa_rep  -936.738  0.186766  0.186766  0.14575
core.pack.task: Packer task: initialize from command line() 
core.pack.pack_rotamers: built 7445 rotamers at 492 positions.
core.pack.interaction_graph.interaction_graph_factory: Instantiating DensePDInteractionGraph
protocols.relax.FastRelax: CMD: repack  -990.573  0.186766  0.186766  0.14575
protocols.relax.FastRelax: CMD: scale:fa_rep  -970.161  0.186766  0.186766  0.154
protocols.relax.FastRelax: CMD: min  -1160.79  0.216446  0.216446  0.154
protocols.relax.FastRelax: CMD: coord_cst_weight  -1262.97  0.216446  0.216446  0.154
protocols.relax.FastRelax: CMD: scale:fa_rep  -1083.62  0.216446  0.216446  0.30745
core.pack.task: Packer task: initialize from command line() 
core.pack.pack_rotamers: built 7189 rotamers at 492 positions.
core.pack.interaction_graph.interaction_graph_factory: Instantiating DensePDInteractionGraph
protocols.relax.FastRelax: CMD: repack  -1080.56  0.216446  0.216446  0.30745
protocols.relax.FastRelax: CMD: scale:fa_rep  -1066.49  0.216446  0.216446  0.31955
protocols.relax.FastRelax: CMD: min  -1250.51  3.14287  3.14287  0.31955
protocols.relax.FastRelax: CMD: coord_cst_weight  -1250.51  3.14287  3.14287  0.31955
protocols.relax.FastRelax: CMD: scale:fa_rep  -1044.45  3.14287  3.14287  0.55
core.pack.task: Packer task: initialize from command line() 
core.pack.pack_rotamers: built 7029 rotamers at 492 positions.
core.pack.interaction_graph.interaction_graph_factory: Instantiating DensePDInteractionGraph
protocols.relax.FastRelax: CMD: repack  -1053.07  3.14287  3.14287  0.55
protocols.relax.FastRelax: CMD: min  -1105.63  3.17348  3.17348  0.55
protocols.relax.FastRelax: MRP: 1  -1105.63  -1108.66  3.817  3.817  
protocols.relax.FastRelax: CMD: accept_to_best  -1105.63  3.17348  3.17348  0.55
protocols.relax.FastRelax: CMD: endrepeat  -1105.63  3.17348  3.17348  0.55
protocols.relax.FastRelax: CMD: coord_cst_weight  94795.2  3.17348  3.17348  0.55
protocols.relax.FastRelax: CMD: scale:fa_rep  94465.4  3.17348  3.17348  0.022
core.pack.task: Packer task: initialize from command line() 
core.pack.pack_rotamers: built 7792 rotamers at 492 positions.
core.pack.interaction_graph.interaction_graph_factory: Instantiating DensePDInteractionGraph
protocols.relax.FastRelax: CMD: repack  94455.2  3.17348  3.17348  0.022
protocols.relax.FastRelax: CMD: scale:fa_rep  94468  3.17348  3.17348  0.02805
core.optimization.Minimizer: [ WARNING ] LBFGS MAX CYCLES 2000 EXCEEDED, BUT FUNC NOT CONVERGED!
protocols.relax.FastRelax: CMD: min  -1259.66  0.177896  0.177896  0.02805
protocols.relax.FastRelax: CMD: coord_cst_weight  -1328.23  0.177896  0.177896  0.02805
protocols.relax.FastRelax: CMD: scale:fa_rep  -984.982  0.177896  0.177896  0.14575
core.pack.task: Packer task: initialize from command line() 
core.pack.pack_rotamers: built 7435 rotamers at 492 positions.
core.pack.interaction_graph.interaction_graph_factory: Instantiating DensePDInteractionGraph
protocols.relax.FastRelax: CMD: repack  -1034.33  0.177896  0.177896  0.14575
protocols.relax.FastRelax: CMD: scale:fa_rep  -1014.42  0.177896  0.177896  0.154
protocols.relax.FastRelax: CMD: min  -1178.01  0.221441  0.221441  0.154
protocols.relax.FastRelax: CMD: coord_cst_weight  -1285.81  0.221441  0.221441  0.154
protocols.relax.FastRelax: CMD: scale:fa_rep  -1104.62  0.221441  0.221441  0.30745
core.pack.task: Packer task: initialize from command line() 
core.pack.pack_rotamers: built 7152 rotamers at 492 positions.
core.pack.interaction_graph.interaction_graph_factory: Instantiating DensePDInteractionGraph
protocols.relax.FastRelax: CMD: repack  -1104.1  0.221441  0.221441  0.30745
protocols.relax.FastRelax: CMD: scale:fa_rep  -1089.97  0.221441  0.221441  0.31955
protocols.relax.FastRelax: CMD: min  -1282.19  3.7791  3.7791  0.31955
protocols.relax.FastRelax: CMD: coord_cst_weight  -1282.19  3.7791  3.7791  0.31955
protocols.relax.FastRelax: CMD: scale:fa_rep  -1078  3.7791  3.7791  0.55
core.pack.task: Packer task: initialize from command line() 
core.pack.pack_rotamers: built 7003 rotamers at 492 positions.
core.pack.interaction_graph.interaction_graph_factory: Instantiating DensePDInteractionGraph
protocols.relax.FastRelax: CMD: repack  -1080.69  3.7791  3.7791  0.55
protocols.relax.FastRelax: CMD: min  -1134.65  3.74043  3.74043  0.55
protocols.relax.FastRelax: MRP: 2  -1134.65  -1134.65  3.74043  3.74043  
protocols.relax.FastRelax: CMD: accept_to_best  -1134.65  3.74043  3.74043  0.55
protocols.relax.FastRelax: CMD: endrepeat  -1134.65  3.74043  3.74043  0.55
protocols.relax.FastRelax: CMD: coord_cst_weight  92506.2  3.74043  3.74043  0.55
protocols.relax.FastRelax: CMD: scale:fa_rep  92183.1  3.74043  3.74043  0.022
core.pack.task: Packer task: initialize from command line() 
core.pack.pack_rotamers: built 7700 rotamers at 492 positions.
core.pack.interaction_graph.interaction_graph_factory: Instantiating DensePDInteractionGraph
protocols.relax.FastRelax: CMD: repack  92157.4  3.74043  3.74043  0.022
protocols.relax.FastRelax: CMD: scale:fa_rep  92163.8  3.74043  3.74043  0.02805
core.optimization.Minimizer: [ WARNING ] LBFGS MAX CYCLES 2000 EXCEEDED, BUT FUNC NOT CONVERGED!
protocols.relax.FastRelax: CMD: min  -1243.95  0.18407  0.18407  0.02805
protocols.relax.FastRelax: CMD: coord_cst_weight  -1318.95  0.18407  0.18407  0.02805
protocols.relax.FastRelax: CMD: scale:fa_rep  -978.601  0.18407  0.18407  0.14575
core.pack.task: Packer task: initialize from command line() 
core.pack.pack_rotamers: built 7362 rotamers at 492 positions.
core.pack.interaction_graph.interaction_graph_factory: Instantiating DensePDInteractionGraph
protocols.relax.FastRelax: CMD: repack  -1026.02  0.18407  0.18407  0.14575
protocols.relax.FastRelax: CMD: scale:fa_rep  -1005.44  0.18407  0.18407  0.154
protocols.relax.FastRelax: CMD: min  -1180.03  0.224014  0.224014  0.154
protocols.relax.FastRelax: CMD: coord_cst_weight  -1291.14  0.224014  0.224014  0.154
protocols.relax.FastRelax: CMD: scale:fa_rep  -1116.38  0.224014  0.224014  0.30745
core.pack.task: Packer task: initialize from command line() 
core.pack.pack_rotamers: built 7147 rotamers at 492 positions.
core.pack.interaction_graph.interaction_graph_factory: Instantiating DensePDInteractionGraph
protocols.relax.FastRelax: CMD: repack  -1114.56  0.224014  0.224014  0.30745
protocols.relax.FastRelax: CMD: scale:fa_rep  -1100.78  0.224014  0.224014  0.31955
protocols.relax.FastRelax: CMD: min  -1299.67  3.58134  3.58134  0.31955
protocols.relax.FastRelax: CMD: coord_cst_weight  -1299.67  3.58134  3.58134  0.31955
protocols.relax.FastRelax: CMD: scale:fa_rep  -1098.7  3.58134  3.58134  0.55
core.pack.task: Packer task: initialize from command line() 
core.pack.pack_rotamers: built 6939 rotamers at 492 positions.
core.pack.interaction_graph.interaction_graph_factory: Instantiating DensePDInteractionGraph
protocols.relax.FastRelax: CMD: repack  -1102.71  3.58134  3.58134  0.55
protocols.relax.FastRelax: CMD: min  -1155.23  3.79676  3.79676  0.55
protocols.relax.FastRelax: MRP: 3  -1155.23  -1155.23  3.79676  3.79676  
protocols.relax.FastRelax: CMD: accept_to_best  -1155.23  3.79676  3.79676  0.55
protocols.relax.FastRelax: CMD: endrepeat  -1155.23  3.79676  3.79676  0.55
protocols.relax.FastRelax: CMD: coord_cst_weight  99331.1  3.79676  3.79676  0.55
protocols.relax.FastRelax: CMD: scale:fa_rep  99009.2  3.79676  3.79676  0.022
core.pack.task: Packer task: initialize from command line() 
core.pack.pack_rotamers: built 7753 rotamers at 492 positions.
core.pack.interaction_graph.interaction_graph_factory: Instantiating DensePDInteractionGraph
protocols.relax.FastRelax: CMD: repack  98995.1  3.79676  3.79676  0.022
protocols.relax.FastRelax: CMD: scale:fa_rep  99001.4  3.79676  3.79676  0.02805
core.optimization.Minimizer: [ WARNING ] LBFGS MAX CYCLES 2000 EXCEEDED, BUT FUNC NOT CONVERGED!
protocols.relax.FastRelax: CMD: min  -1237.22  0.186429  0.186429  0.02805
protocols.relax.FastRelax: CMD: coord_cst_weight  -1312.68  0.186429  0.186429  0.02805
protocols.relax.FastRelax: CMD: scale:fa_rep  -982.685  0.186429  0.186429  0.14575
core.pack.task: Packer task: initialize from command line() 
core.pack.pack_rotamers: built 7327 rotamers at 492 positions.
core.pack.interaction_graph.interaction_graph_factory: Instantiating DensePDInteractionGraph
protocols.relax.FastRelax: CMD: repack  -1026.7  0.186429  0.186429  0.14575
protocols.relax.FastRelax: CMD: scale:fa_rep  -1006.22  0.186429  0.186429  0.154
protocols.relax.FastRelax: CMD: min  -1181.95  0.22722  0.22722  0.154
protocols.relax.FastRelax: CMD: coord_cst_weight  -1294.75  0.22722  0.22722  0.154
protocols.relax.FastRelax: CMD: scale:fa_rep  -1116.79  0.22722  0.22722  0.30745
core.pack.task: Packer task: initialize from command line() 
core.pack.pack_rotamers: built 7162 rotamers at 492 positions.
core.pack.interaction_graph.interaction_graph_factory: Instantiating DensePDInteractionGraph
protocols.relax.FastRelax: CMD: repack  -1117.04  0.22722  0.22722  0.30745
protocols.relax.FastRelax: CMD: scale:fa_rep  -1103.06  0.22722  0.22722  0.31955
protocols.relax.FastRelax: CMD: min  -952.643  3.93407  3.93407  0.31955
protocols.relax.FastRelax: CMD: coord_cst_weight  -952.643  3.93407  3.93407  0.31955
protocols.relax.FastRelax: CMD: scale:fa_rep  -497.368  3.93407  3.93407  0.55
core.pack.task: Packer task: initialize from command line() 
core.pack.pack_rotamers: built 6904 rotamers at 492 positions.
core.pack.interaction_graph.interaction_graph_factory: Instantiating DensePDInteractionGraph
protocols.relax.FastRelax: CMD: repack  -887.465  3.93407  3.93407  0.55
protocols.relax.FastRelax: CMD: min  -1158.02  3.57258  3.57258  0.55
protocols.relax.FastRelax: MRP: 4  -1158.02  -1158.02  3.57258  3.57258  
protocols.relax.FastRelax: CMD: accept_to_best  -1158.02  3.57258  3.57258  0.55
protocols.relax.FastRelax: CMD: endrepeat  -1158.02  3.57258  3.57258  0.55
protocols.relax.FastRelax: CMD: coord_cst_weight  102797  3.57258  3.57258  0.55
protocols.relax.FastRelax: CMD: scale:fa_rep  102473  3.57258  3.57258  0.022
core.pack.task: Packer task: initialize from command line() 
core.pack.pack_rotamers: built 7752 rotamers at 492 positions.
core.pack.interaction_graph.interaction_graph_factory: Instantiating DensePDInteractionGraph
protocols.relax.FastRelax: CMD: repack  102467  3.57258  3.57258  0.022
protocols.relax.FastRelax: CMD: scale:fa_rep  102476  3.57258  3.57258  0.02805
core.optimization.Minimizer: [ WARNING ] LBFGS MAX CYCLES 2000 EXCEEDED, BUT FUNC NOT CONVERGED!
protocols.relax.FastRelax: CMD: min  -1229.54  0.187144  0.187144  0.02805
protocols.relax.FastRelax: CMD: coord_cst_weight  -1306.51  0.187144  0.187144  0.02805
protocols.relax.FastRelax: CMD: scale:fa_rep  -904.253  0.187144  0.187144  0.14575
core.pack.task: Packer task: initialize from command line() 
core.pack.pack_rotamers: built 7357 rotamers at 492 positions.
core.pack.interaction_graph.interaction_graph_factory: Instantiating DensePDInteractionGraph
protocols.relax.FastRelax: CMD: repack  -1049.3  0.187144  0.187144  0.14575
protocols.relax.FastRelax: CMD: scale:fa_rep  -1029.84  0.187144  0.187144  0.154
protocols.relax.FastRelax: CMD: min  -1189.56  0.225692  0.225692  0.154
protocols.relax.FastRelax: CMD: coord_cst_weight  -1302.43  0.225692  0.225692  0.154
protocols.relax.FastRelax: CMD: scale:fa_rep  -1126.62  0.225692  0.225692  0.30745
core.pack.task: Packer task: initialize from command line() 
core.pack.pack_rotamers: built 7141 rotamers at 492 positions.
core.pack.interaction_graph.interaction_graph_factory: Instantiating DensePDInteractionGraph
protocols.relax.FastRelax: CMD: repack  -1126.87  0.225692  0.225692  0.30745
protocols.relax.FastRelax: CMD: scale:fa_rep  -1113.05  0.225692  0.225692  0.31955
protocols.relax.FastRelax: CMD: min  -1289.79  2.96532  2.96532  0.31955
protocols.relax.FastRelax: CMD: coord_cst_weight  -1289.79  2.96532  2.96532  0.31955
protocols.relax.FastRelax: CMD: scale:fa_rep  -1087.12  2.96532  2.96532  0.55
core.pack.task: Packer task: initialize from command line() 
core.pack.pack_rotamers: built 6926 rotamers at 492 positions.
core.pack.interaction_graph.interaction_graph_factory: Instantiating DensePDInteractionGraph
protocols.relax.FastRelax: CMD: repack  -1088.9  2.96532  2.96532  0.55
protocols.relax.FastRelax: CMD: min  -1144.63  3.76527  3.76527  0.55
protocols.relax.FastRelax: MRP: 5  -1144.63  -1158.02  3.57258  3.57258  
protocols.relax.FastRelax: CMD: accept_to_best  -1144.63  3.76527  3.76527  0.55
protocols.relax.FastRelax: CMD: endrepeat  -1144.63  3.76527  3.76527  0.55
protocols.relax.FastRelax: CMD: coord_cst_weight  95172.8  3.76527  3.76527  0.55
protocols.relax.FastRelax: CMD: scale:fa_rep  94847.9  3.76527  3.76527  0.022
core.pack.task: Packer task: initialize from command line() 
core.pack.pack_rotamers: built 7807 rotamers at 492 positions.
core.pack.interaction_graph.interaction_graph_factory: Instantiating DensePDInteractionGraph
protocols.relax.FastRelax: CMD: repack  94827.9  3.76527  3.76527  0.022
protocols.relax.FastRelax: CMD: scale:fa_rep  94837.1  3.76527  3.76527  0.02805
core.optimization.Minimizer: [ WARNING ] LBFGS MAX CYCLES 2000 EXCEEDED, BUT FUNC NOT CONVERGED!
protocols.relax.FastRelax: CMD: min  -1251.71  0.185096  0.185096  0.02805
protocols.relax.FastRelax: CMD: coord_cst_weight  -1326.05  0.185096  0.185096  0.02805
protocols.relax.FastRelax: CMD: scale:fa_rep  -961.786  0.185096  0.185096  0.14575
core.pack.task: Packer task: initialize from command line() 
core.pack.pack_rotamers: built 7344 rotamers at 492 positions.
core.pack.interaction_graph.interaction_graph_factory: Instantiating DensePDInteractionGraph
protocols.relax.FastRelax: CMD: repack  -1024.57  0.185096  0.185096  0.14575
protocols.relax.FastRelax: CMD: scale:fa_rep  -1003.58  0.185096  0.185096  0.154
protocols.relax.FastRelax: CMD: min  -1182.37  0.228278  0.228278  0.154
protocols.relax.FastRelax: CMD: coord_cst_weight  -1296.06  0.228278  0.228278  0.154
protocols.relax.FastRelax: CMD: scale:fa_rep  -1115.9  0.228278  0.228278  0.30745
core.pack.task: Packer task: initialize from command line() 
core.pack.pack_rotamers: built 7110 rotamers at 492 positions.
core.pack.interaction_graph.interaction_graph_factory: Instantiating DensePDInteractionGraph
protocols.relax.FastRelax: CMD: repack  -1118.32  0.228278  0.228278  0.30745
protocols.relax.FastRelax: CMD: scale:fa_rep  -1104.18  0.228278  0.228278  0.31955
protocols.relax.FastRelax: CMD: min  -1130.03  3.48739  3.48739  0.31955
protocols.relax.FastRelax: CMD: coord_cst_weight  -1130.03  3.48739  3.48739  0.31955
protocols.relax.FastRelax: CMD: scale:fa_rep  -801.454  3.48739  3.48739  0.55
core.pack.task: Packer task: initialize from command line() 
core.pack.pack_rotamers: built 7022 rotamers at 492 positions.
core.pack.interaction_graph.interaction_graph_factory: Instantiating DensePDInteractionGraph
protocols.relax.FastRelax: CMD: repack  -966.203  3.48739  3.48739  0.55
protocols.relax.FastRelax: CMD: min  -1160.75  3.17107  3.17107  0.55
protocols.relax.FastRelax: MRP: 6  -1160.75  -1160.75  3.17107  3.17107  
protocols.relax.FastRelax: CMD: accept_to_best  -1160.75  3.17107  3.17107  0.55
protocols.relax.FastRelax: CMD: endrepeat  -1160.75  3.17107  3.17107  0.55
protocols.relax.FastRelax: CMD: coord_cst_weight  82300.3  3.17107  3.17107  0.55
protocols.relax.FastRelax: CMD: scale:fa_rep  81978  3.17107  3.17107  0.022
core.pack.task: Packer task: initialize from command line() 
core.pack.pack_rotamers: built 7812 rotamers at 492 positions.
core.pack.interaction_graph.interaction_graph_factory: Instantiating DensePDInteractionGraph
protocols.relax.FastRelax: CMD: repack  81964.7  3.17107  3.17107  0.022
protocols.relax.FastRelax: CMD: scale:fa_rep  81973  3.17107  3.17107  0.02805
core.optimization.Minimizer: [ WARNING ] LBFGS MAX CYCLES 2000 EXCEEDED, BUT FUNC NOT CONVERGED!
protocols.relax.FastRelax: CMD: min  -1249.22  0.187494  0.187494  0.02805
protocols.relax.FastRelax: CMD: coord_cst_weight  -1325.42  0.187494  0.187494  0.02805
protocols.relax.FastRelax: CMD: scale:fa_rep  -936.04  0.187494  0.187494  0.14575
core.pack.task: Packer task: initialize from command line() 
core.pack.pack_rotamers: built 7355 rotamers at 492 positions.
core.pack.interaction_graph.interaction_graph_factory: Instantiating DensePDInteractionGraph
protocols.relax.FastRelax: CMD: repack  -1053.41  0.187494  0.187494  0.14575
protocols.relax.FastRelax: CMD: scale:fa_rep  -1033.5  0.187494  0.187494  0.154
protocols.relax.FastRelax: CMD: min  -1194.05  0.227024  0.227024  0.154
protocols.relax.FastRelax: CMD: coord_cst_weight  -1306.7  0.227024  0.227024  0.154
protocols.relax.FastRelax: CMD: scale:fa_rep  -1126.46  0.227024  0.227024  0.30745
core.pack.task: Packer task: initialize from command line() 
core.pack.pack_rotamers: built 7159 rotamers at 492 positions.
core.pack.interaction_graph.interaction_graph_factory: Instantiating DensePDInteractionGraph
protocols.relax.FastRelax: CMD: repack  -1119.78  0.227024  0.227024  0.30745
protocols.relax.FastRelax: CMD: scale:fa_rep  -1105.66  0.227024  0.227024  0.31955
protocols.relax.FastRelax: CMD: min  -1283.4  2.42217  2.42217  0.31955
protocols.relax.FastRelax: CMD: coord_cst_weight  -1283.4  2.42217  2.42217  0.31955
protocols.relax.FastRelax: CMD: scale:fa_rep  -1080.21  2.42217  2.42217  0.55
core.pack.task: Packer task: initialize from command line() 
core.pack.pack_rotamers: built 6917 rotamers at 492 positions.
core.pack.interaction_graph.interaction_graph_factory: Instantiating DensePDInteractionGraph
protocols.relax.FastRelax: CMD: repack  -1081.87  2.42217  2.42217  0.55
protocols.relax.FastRelax: CMD: min  -1142.64  3.05393  3.05393  0.55
protocols.relax.FastRelax: MRP: 7  -1142.64  -1160.75  3.17107  3.17107  
protocols.relax.FastRelax: CMD: accept_to_best  -1142.64  3.05393  3.05393  0.55
protocols.relax.FastRelax: CMD: endrepeat  -1142.64  3.05393  3.05393  0.55
protocols.relax.FastRelax: CMD: coord_cst_weight  56827.6  3.05393  3.05393  0.55
protocols.relax.FastRelax: CMD: scale:fa_rep  56499.5  3.05393  3.05393  0.022
core.pack.task: Packer task: initialize from command line() 
core.pack.pack_rotamers: built 7745 rotamers at 492 positions.
core.pack.interaction_graph.interaction_graph_factory: Instantiating DensePDInteractionGraph
protocols.relax.FastRelax: CMD: repack  56484.5  3.05393  3.05393  0.022
protocols.relax.FastRelax: CMD: scale:fa_rep  56494.4  3.05393  3.05393  0.02805
core.optimization.Minimizer: [ WARNING ] LBFGS MAX CYCLES 2000 EXCEEDED, BUT FUNC NOT CONVERGED!
protocols.relax.FastRelax: CMD: min  -1243.49  0.180816  0.180816  0.02805
protocols.relax.FastRelax: CMD: coord_cst_weight  -1314.71  0.180816  0.180816  0.02805
protocols.relax.FastRelax: CMD: scale:fa_rep  -867.764  0.180816  0.180816  0.14575
core.pack.task: Packer task: initialize from command line() 
core.pack.pack_rotamers: built 7351 rotamers at 492 positions.
core.pack.interaction_graph.interaction_graph_factory: Instantiating DensePDInteractionGraph
protocols.relax.FastRelax: CMD: repack  -1058.08  0.180816  0.180816  0.14575
protocols.relax.FastRelax: CMD: scale:fa_rep  -1038.48  0.180816  0.180816  0.154
protocols.relax.FastRelax: CMD: min  -1186.24  0.226295  0.226295  0.154
protocols.relax.FastRelax: CMD: coord_cst_weight  -1298  0.226295  0.226295  0.154
protocols.relax.FastRelax: CMD: scale:fa_rep  -1115.92  0.226295  0.226295  0.30745
core.pack.task: Packer task: initialize from command line() 
core.pack.pack_rotamers: built 7158 rotamers at 492 positions.
core.pack.interaction_graph.interaction_graph_factory: Instantiating DensePDInteractionGraph
protocols.relax.FastRelax: CMD: repack  -1111.79  0.226295  0.226295  0.30745
protocols.relax.FastRelax: CMD: scale:fa_rep  -1097.78  0.226295  0.226295  0.31955
protocols.relax.FastRelax: CMD: min  -1286.37  3.33703  3.33703  0.31955
protocols.relax.FastRelax: CMD: coord_cst_weight  -1286.37  3.33703  3.33703  0.31955
protocols.relax.FastRelax: CMD: scale:fa_rep  -1081.44  3.33703  3.33703  0.55
core.pack.task: Packer task: initialize from command line() 
core.pack.pack_rotamers: built 6947 rotamers at 492 positions.
core.pack.interaction_graph.interaction_graph_factory: Instantiating DensePDInteractionGraph
protocols.relax.FastRelax: CMD: repack  -1077.45  3.33703  3.33703  0.55
protocols.relax.FastRelax: CMD: min  -1135.89  3.40767  3.40767  0.55
protocols.relax.FastRelax: MRP: 8  -1135.89  -1160.75  3.17107  3.17107  
protocols.relax.FastRelax: CMD: accept_to_best  -1135.89  3.40767  3.40767  0.55
protocols.relax.FastRelax: CMD: endrepeat  -1135.89  3.40767  3.40767  0.55
protocols.relax.FastRelax: CMD: coord_cst_weight  69386.8  3.40767  3.40767  0.55
protocols.relax.FastRelax: CMD: scale:fa_rep  69062  3.40767  3.40767  0.022
core.pack.task: Packer task: initialize from command line() 
core.pack.pack_rotamers: built 7706 rotamers at 492 positions.
core.pack.interaction_graph.interaction_graph_factory: Instantiating DensePDInteractionGraph
protocols.relax.FastRelax: CMD: repack  69042.5  3.40767  3.40767  0.022
protocols.relax.FastRelax: CMD: scale:fa_rep  69048.9  3.40767  3.40767  0.02805
core.optimization.Minimizer: [ WARNING ] LBFGS MAX CYCLES 2000 EXCEEDED, BUT FUNC NOT CONVERGED!
protocols.relax.FastRelax: CMD: min  -1275.67  0.176937  0.176937  0.02805
protocols.relax.FastRelax: CMD: coord_cst_weight  -1345.24  0.176937  0.176937  0.02805
protocols.relax.FastRelax: CMD: scale:fa_rep  -1030.97  0.176937  0.176937  0.14575
core.pack.task: Packer task: initialize from command line() 
core.pack.pack_rotamers: built 7345 rotamers at 492 positions.
core.pack.interaction_graph.interaction_graph_factory: Instantiating DensePDInteractionGraph
protocols.relax.FastRelax: CMD: repack  -1064.65  0.176937  0.176937  0.14575
protocols.relax.FastRelax: CMD: scale:fa_rep  -1045.35  0.176937  0.176937  0.154
protocols.relax.FastRelax: CMD: min  -1192.02  0.225598  0.225598  0.154
protocols.relax.FastRelax: CMD: coord_cst_weight  -1303.66  0.225598  0.225598  0.154
protocols.relax.FastRelax: CMD: scale:fa_rep  -1127.57  0.225598  0.225598  0.30745
core.pack.task: Packer task: initialize from command line() 
core.pack.pack_rotamers: built 7134 rotamers at 492 positions.
core.pack.interaction_graph.interaction_graph_factory: Instantiating DensePDInteractionGraph
protocols.relax.FastRelax: CMD: repack  -1127.87  0.225598  0.225598  0.30745
protocols.relax.FastRelax: CMD: scale:fa_rep  -1114.03  0.225598  0.225598  0.31955
protocols.relax.FastRelax: CMD: min  -1284.4  2.83404  2.83404  0.31955
protocols.relax.FastRelax: CMD: coord_cst_weight  -1284.4  2.83404  2.83404  0.31955
protocols.relax.FastRelax: CMD: scale:fa_rep  -1079.06  2.83404  2.83404  0.55
core.pack.task: Packer task: initialize from command line() 
core.pack.pack_rotamers: built 6934 rotamers at 492 positions.
core.pack.interaction_graph.interaction_graph_factory: Instantiating DensePDInteractionGraph
protocols.relax.FastRelax: CMD: repack  -1081.06  2.83404  2.83404  0.55
protocols.relax.FastRelax: CMD: min  -1139.79  3.49593  3.49593  0.55
protocols.relax.FastRelax: MRP: 9  -1139.79  -1160.75  3.17107  3.17107  
protocols.relax.FastRelax: CMD: accept_to_best  -1139.79  3.49593  3.49593  0.55
protocols.relax.FastRelax: CMD: endrepeat  -1139.79  3.49593  3.49593  0.55
protocols.relax.FastRelax: CMD: coord_cst_weight  61991.9  3.49593  3.49593  0.55
protocols.relax.FastRelax: CMD: scale:fa_rep  61664.5  3.49593  3.49593  0.022
core.pack.task: Packer task: initialize from command line() 
core.pack.pack_rotamers: built 7692 rotamers at 492 positions.
core.pack.interaction_graph.interaction_graph_factory: Instantiating DensePDInteractionGraph
protocols.relax.FastRelax: CMD: repack  61646.2  3.49593  3.49593  0.022
protocols.relax.FastRelax: CMD: scale:fa_rep  61654.1  3.49593  3.49593  0.02805
core.optimization.Minimizer: [ WARNING ] LBFGS MAX CYCLES 2000 EXCEEDED, BUT FUNC NOT CONVERGED!
protocols.relax.FastRelax: CMD: min  -1274.32  0.183903  0.183903  0.02805
protocols.relax.FastRelax: CMD: coord_cst_weight  -1348.36  0.183903  0.183903  0.02805
protocols.relax.FastRelax: CMD: scale:fa_rep  -1033.71  0.183903  0.183903  0.14575
core.pack.task: Packer task: initialize from command line() 
core.pack.pack_rotamers: built 7361 rotamers at 492 positions.
core.pack.interaction_graph.interaction_graph_factory: Instantiating DensePDInteractionGraph
protocols.relax.FastRelax: CMD: repack  -1068.06  0.183903  0.183903  0.14575
protocols.relax.FastRelax: CMD: scale:fa_rep  -1049.02  0.183903  0.183903  0.154
protocols.relax.FastRelax: CMD: min  -1191.75  0.228081  0.228081  0.154
protocols.relax.FastRelax: CMD: coord_cst_weight  -1305.5  0.228081  0.228081  0.154
protocols.relax.FastRelax: CMD: scale:fa_rep  -1129.45  0.228081  0.228081  0.30745
core.pack.task: Packer task: initialize from command line() 
core.pack.pack_rotamers: built 7147 rotamers at 492 positions.
core.pack.interaction_graph.interaction_graph_factory: Instantiating DensePDInteractionGraph
protocols.relax.FastRelax: CMD: repack  -1129.77  0.228081  0.228081  0.30745
protocols.relax.FastRelax: CMD: scale:fa_rep  -1115.93  0.228081  0.228081  0.31955
protocols.relax.FastRelax: CMD: min  -1288.55  3.04461  3.04461  0.31955
protocols.relax.FastRelax: CMD: coord_cst_weight  -1288.55  3.04461  3.04461  0.31955
protocols.relax.FastRelax: CMD: scale:fa_rep  -1084.7  3.04461  3.04461  0.55
core.pack.task: Packer task: initialize from command line() 
core.pack.pack_rotamers: built 6931 rotamers at 492 positions.
core.pack.interaction_graph.interaction_graph_factory: Instantiating DensePDInteractionGraph
protocols.relax.FastRelax: CMD: repack  -1086.37  3.04461  3.04461  0.55
protocols.relax.FastRelax: CMD: min  -1144.95  3.51697  3.51697  0.55
protocols.relax.FastRelax: MRP: 10  -1144.95  -1160.75  3.17107  3.17107  
protocols.relax.FastRelax: CMD: accept_to_best  -1144.95  3.51697  3.51697  0.55
protocols.relax.FastRelax: CMD: endrepeat  -1144.95  3.51697  3.51697  0.55
protocols.relax.FastRelax: CMD: coord_cst_weight  67780.4  3.51697  3.51697  0.55
protocols.relax.FastRelax: CMD: scale:fa_rep  67455.7  3.51697  3.51697  0.022
core.pack.task: Packer task: initialize from command line() 
core.pack.pack_rotamers: built 7697 rotamers at 492 positions.
core.pack.interaction_graph.interaction_graph_factory: Instantiating DensePDInteractionGraph
protocols.relax.FastRelax: CMD: repack  67441.6  3.51697  3.51697  0.022
protocols.relax.FastRelax: CMD: scale:fa_rep  67447.1  3.51697  3.51697  0.02805
core.optimization.Minimizer: [ WARNING ] LBFGS MAX CYCLES 2000 EXCEEDED, BUT FUNC NOT CONVERGED!
protocols.relax.FastRelax: CMD: min  -1276.35  0.179564  0.179564  0.02805
protocols.relax.FastRelax: CMD: coord_cst_weight  -1346.88  0.179564  0.179564  0.02805
protocols.relax.FastRelax: CMD: scale:fa_rep  -1035.66  0.179564  0.179564  0.14575
core.pack.task: Packer task: initialize from command line() 
core.pack.pack_rotamers: built 7361 rotamers at 492 positions.
core.pack.interaction_graph.interaction_graph_factory: Instantiating DensePDInteractionGraph
protocols.relax.FastRelax: CMD: repack  -1062.35  0.179564  0.179564  0.14575
protocols.relax.FastRelax: CMD: scale:fa_rep  -1042.51  0.179564  0.179564  0.154
protocols.relax.FastRelax: CMD: min  -1191.49  0.228143  0.228143  0.154
protocols.relax.FastRelax: CMD: coord_cst_weight  -1304.84  0.228143  0.228143  0.154
protocols.relax.FastRelax: CMD: scale:fa_rep  -1128.83  0.228143  0.228143  0.30745
core.pack.task: Packer task: initialize from command line() 
core.pack.pack_rotamers: built 7149 rotamers at 492 positions.
core.pack.interaction_graph.interaction_graph_factory: Instantiating DensePDInteractionGraph
protocols.relax.FastRelax: CMD: repack  -1129.41  0.228143  0.228143  0.30745
protocols.relax.FastRelax: CMD: scale:fa_rep  -1115.58  0.228143  0.228143  0.31955
protocols.relax.FastRelax: CMD: min  -1272.51  3.41566  3.41566  0.31955
protocols.relax.FastRelax: CMD: coord_cst_weight  -1272.51  3.41566  3.41566  0.31955
protocols.relax.FastRelax: CMD: scale:fa_rep  -1054.94  3.41566  3.41566  0.55
core.pack.task: Packer task: initialize from command line() 
core.pack.pack_rotamers: built 6921 rotamers at 492 positions.
core.pack.interaction_graph.interaction_graph_factory: Instantiating DensePDInteractionGraph
protocols.relax.FastRelax: CMD: repack  -1092.37  3.41566  3.41566  0.55
protocols.relax.FastRelax: CMD: min  -1147.77  3.80764  3.80764  0.55
protocols.relax.FastRelax: MRP: 11  -1147.77  -1160.75  3.17107  3.17107  
protocols.relax.FastRelax: CMD: accept_to_best  -1147.77  3.80764  3.80764  0.55
protocols.relax.FastRelax: CMD: endrepeat  -1147.77  3.80764  3.80764  0.55
protocols.relax.FastRelax: CMD: coord_cst_weight  87591.3  3.80764  3.80764  0.55
protocols.relax.FastRelax: CMD: scale:fa_rep  87270.4  3.80764  3.80764  0.022
core.pack.task: Packer task: initialize from command line() 
core.pack.pack_rotamers: built 7710 rotamers at 492 positions.
core.pack.interaction_graph.interaction_graph_factory: Instantiating DensePDInteractionGraph
protocols.relax.FastRelax: CMD: repack  87243.3  3.80764  3.80764  0.022
protocols.relax.FastRelax: CMD: scale:fa_rep  87249.4  3.80764  3.80764  0.02805
core.optimization.Minimizer: [ WARNING ] LBFGS MAX CYCLES 2000 EXCEEDED, BUT FUNC NOT CONVERGED!
protocols.relax.FastRelax: CMD: min  -1253.57  0.188666  0.188666  0.02805
protocols.relax.FastRelax: CMD: coord_cst_weight  -1331.02  0.188666  0.188666  0.02805
protocols.relax.FastRelax: CMD: scale:fa_rep  -971.652  0.188666  0.188666  0.14575
core.pack.task: Packer task: initialize from command line() 
core.pack.pack_rotamers: built 7308 rotamers at 492 positions.
core.pack.interaction_graph.interaction_graph_factory: Instantiating DensePDInteractionGraph
protocols.relax.FastRelax: CMD: repack  -1049.4  0.188666  0.188666  0.14575
protocols.relax.FastRelax: CMD: scale:fa_rep  -1029.41  0.188666  0.188666  0.154
protocols.relax.FastRelax: CMD: min  -1191.41  0.228272  0.228272  0.154
protocols.relax.FastRelax: CMD: coord_cst_weight  -1305.27  0.228272  0.228272  0.154
protocols.relax.FastRelax: CMD: scale:fa_rep  -1129.49  0.228272  0.228272  0.30745
core.pack.task: Packer task: initialize from command line() 
core.pack.pack_rotamers: built 7158 rotamers at 492 positions.
core.pack.interaction_graph.interaction_graph_factory: Instantiating DensePDInteractionGraph
protocols.relax.FastRelax: CMD: repack  -1129.77  0.228272  0.228272  0.30745
protocols.relax.FastRelax: CMD: scale:fa_rep  -1115.94  0.228272  0.228272  0.31955
protocols.relax.FastRelax: CMD: min  -1272.86  3.73512  3.73512  0.31955
protocols.relax.FastRelax: CMD: coord_cst_weight  -1272.86  3.73512  3.73512  0.31955
protocols.relax.FastRelax: CMD: scale:fa_rep  -1056.54  3.73512  3.73512  0.55
core.pack.task: Packer task: initialize from command line() 
core.pack.pack_rotamers: built 6910 rotamers at 492 positions.
core.pack.interaction_graph.interaction_graph_factory: Instantiating DensePDInteractionGraph
protocols.relax.FastRelax: CMD: repack  -1094.11  3.73512  3.73512  0.55
protocols.relax.FastRelax: CMD: min  -1142.77  4.03491  4.03491  0.55
protocols.relax.FastRelax: MRP: 12  -1142.77  -1160.75  3.17107  3.17107  
protocols.relax.FastRelax: CMD: accept_to_best  -1142.77  4.03491  4.03491  0.55
protocols.relax.FastRelax: CMD: endrepeat  -1142.77  4.03491  4.03491  0.55
protocols.relax.FastRelax: CMD: coord_cst_weight  95678  4.03491  4.03491  0.55
protocols.relax.FastRelax: CMD: scale:fa_rep  95355.7  4.03491  4.03491  0.022
core.pack.task: Packer task: initialize from command line() 
core.pack.pack_rotamers: built 7744 rotamers at 492 positions.
core.pack.interaction_graph.interaction_graph_factory: Instantiating DensePDInteractionGraph
protocols.relax.FastRelax: CMD: repack  95331.4  4.03491  4.03491  0.022
protocols.relax.FastRelax: CMD: scale:fa_rep  95337.3  4.03491  4.03491  0.02805
core.optimization.Minimizer: [ WARNING ] LBFGS MAX CYCLES 2000 EXCEEDED, BUT FUNC NOT CONVERGED!
protocols.relax.FastRelax: CMD: min  -1263.12  0.184399  0.184399  0.02805
protocols.relax.FastRelax: CMD: coord_cst_weight  -1336.08  0.184399  0.184399  0.02805
protocols.relax.FastRelax: CMD: scale:fa_rep  -1003.61  0.184399  0.184399  0.14575
core.pack.task: Packer task: initialize from command line() 
core.pack.pack_rotamers: built 7329 rotamers at 492 positions.
core.pack.interaction_graph.interaction_graph_factory: Instantiating DensePDInteractionGraph
protocols.relax.FastRelax: CMD: repack  -1041.15  0.184399  0.184399  0.14575
protocols.relax.FastRelax: CMD: scale:fa_rep  -1020.41  0.184399  0.184399  0.154
protocols.relax.FastRelax: CMD: min  -1184.16  0.234091  0.234091  0.154
protocols.relax.FastRelax: CMD: coord_cst_weight  -1302.31  0.234091  0.234091  0.154
protocols.relax.FastRelax: CMD: scale:fa_rep  -1123.9  0.234091  0.234091  0.30745
core.pack.task: Packer task: initialize from command line() 
core.pack.pack_rotamers: built 7192 rotamers at 492 positions.
core.pack.interaction_graph.interaction_graph_factory: Instantiating DensePDInteractionGraph
protocols.relax.FastRelax: CMD: repack  -1124.24  0.234091  0.234091  0.30745
protocols.relax.FastRelax: CMD: scale:fa_rep  -1110.24  0.234091  0.234091  0.31955
protocols.relax.FastRelax: CMD: min  -1235.37  3.32588  3.32588  0.31955
protocols.relax.FastRelax: CMD: coord_cst_weight  -1235.37  3.32588  3.32588  0.31955
protocols.relax.FastRelax: CMD: scale:fa_rep  -977.265  3.32588  3.32588  0.55
core.pack.task: Packer task: initialize from command line() 
core.pack.pack_rotamers: built 6928 rotamers at 492 positions.
core.pack.interaction_graph.interaction_graph_factory: Instantiating DensePDInteractionGraph
protocols.relax.FastRelax: CMD: repack  -1114.06  3.32588  3.32588  0.55
protocols.relax.FastRelax: CMD: min  -1167.13  3.68013  3.68013  0.55
protocols.relax.FastRelax: MRP: 13  -1167.13  -1167.13  3.68013  3.68013  
protocols.relax.FastRelax: CMD: accept_to_best  -1167.13  3.68013  3.68013  0.55
protocols.relax.FastRelax: CMD: endrepeat  -1167.13  3.68013  3.68013  0.55
protocols.relax.FastRelax: CMD: coord_cst_weight  58658.2  3.68013  3.68013  0.55
protocols.relax.FastRelax: CMD: scale:fa_rep  58333.8  3.68013  3.68013  0.022
core.pack.task: Packer task: initialize from command line() 
core.pack.pack_rotamers: built 7722 rotamers at 492 positions.
core.pack.interaction_graph.interaction_graph_factory: Instantiating DensePDInteractionGraph
protocols.relax.FastRelax: CMD: repack  58312  3.68013  3.68013  0.022
protocols.relax.FastRelax: CMD: scale:fa_rep  58318  3.68013  3.68013  0.02805
core.optimization.Minimizer: [ WARNING ] LBFGS MAX CYCLES 2000 EXCEEDED, BUT FUNC NOT CONVERGED!
protocols.relax.FastRelax: CMD: min  -1251.88  0.182718  0.182718  0.02805
protocols.relax.FastRelax: CMD: coord_cst_weight  -1326  0.182718  0.182718  0.02805
protocols.relax.FastRelax: CMD: scale:fa_rep  -907.914  0.182718  0.182718  0.14575
core.pack.task: Packer task: initialize from command line() 
core.pack.pack_rotamers: built 7343 rotamers at 492 positions.
core.pack.interaction_graph.interaction_graph_factory: Instantiating DensePDInteractionGraph
protocols.relax.FastRelax: CMD: repack  -1058.68  0.182718  0.182718  0.14575
protocols.relax.FastRelax: CMD: scale:fa_rep  -1038.9  0.182718  0.182718  0.154
protocols.relax.FastRelax: CMD: min  -1194.7  0.229173  0.229173  0.154
protocols.relax.FastRelax: CMD: coord_cst_weight  -1310.48  0.229173  0.229173  0.154
protocols.relax.FastRelax: CMD: scale:fa_rep  -1134.36  0.229173  0.229173  0.30745
core.pack.task: Packer task: initialize from command line() 
core.pack.pack_rotamers: built 7157 rotamers at 492 positions.
core.pack.interaction_graph.interaction_graph_factory: Instantiating DensePDInteractionGraph
protocols.relax.FastRelax: CMD: repack  -1134.64  0.229173  0.229173  0.30745
protocols.relax.FastRelax: CMD: scale:fa_rep  -1120.8  0.229173  0.229173  0.31955
protocols.relax.FastRelax: CMD: min  -1315.1  3.48443  3.48443  0.31955
protocols.relax.FastRelax: CMD: coord_cst_weight  -1315.1  3.48443  3.48443  0.31955
protocols.relax.FastRelax: CMD: scale:fa_rep  -1109.86  3.48443  3.48443  0.55
core.pack.task: Packer task: initialize from command line() 
core.pack.pack_rotamers: built 6963 rotamers at 492 positions.
core.pack.interaction_graph.interaction_graph_factory: Instantiating DensePDInteractionGraph
protocols.relax.FastRelax: CMD: repack  -1111.58  3.48443  3.48443  0.55
protocols.relax.FastRelax: CMD: min  -1170.4  3.75182  3.75182  0.55
protocols.relax.FastRelax: MRP: 14  -1170.4  -1170.4  3.75182  3.75182  
protocols.relax.FastRelax: CMD: accept_to_best  -1170.4  3.75182  3.75182  0.55
protocols.relax.FastRelax: CMD: endrepeat  -1170.4  3.75182  3.75182  0.55
protocols::checkpoint: Deleting checkpoints of FastRelax
protocols.jd2.JobDistributor: target.BL00010001_11_0003 reported success in 13161 seconds
protocols.jd2.PDBJobInputter: PDBJobInputter::pose_from_job
protocols.jd2.PDBJobInputter: filling pose from PDB ../1-modeller/target.BL00010001.pdb
core.import_pose.import_pose: File '../1-modeller/target.BL00010001.pdb' automatically determined to be of type PDB from contents.
core.io.rcsb.ExperimentalTechnique: [ ERROR ] Unrecognized experimental technique string 'THEORETICAL MODEL, MODELLER 10.8 2026/08/10 16:18:02'
protocols.relax.FastRelax: CMD: repeat  4476.34  0  0  0.55
protocols.relax.FastRelax: CMD: coord_cst_weight  4476.34  0  0  0.55
protocols.relax.FastRelax: CMD: scale:fa_rep  806.987  0  0  0.022
core.pack.task: Packer task: initialize from command line() 
core.pack.pack_rotamers: built 8129 rotamers at 492 positions.
core.pack.interaction_graph.interaction_graph_factory: Instantiating DensePDInteractionGraph
protocols.relax.FastRelax: CMD: repack  -877.26  0  0  0.022
protocols.relax.FastRelax: CMD: scale:fa_rep  -837.489  0  0  0.02805
core.optimization.Minimizer: [ WARNING ] LBFGS MAX CYCLES 2000 EXCEEDED, BUT FUNC NOT CONVERGED!
protocols.relax.FastRelax: CMD: min  -1286.12  0.148408  0.148408  0.02805
protocols.relax.FastRelax: CMD: coord_cst_weight  -1332.78  0.148408  0.148408  0.02805
protocols.relax.FastRelax: CMD: scale:fa_rep  -938.882  0.148408  0.148408  0.14575
core.pack.task: Packer task: initialize from command line() 
core.pack.pack_rotamers: built 7459 rotamers at 492 positions.
core.pack.interaction_graph.interaction_graph_factory: Instantiating DensePDInteractionGraph
protocols.relax.FastRelax: CMD: repack  -979.67  0.148408  0.148408  0.14575
protocols.relax.FastRelax: CMD: scale:fa_rep  -956.955  0.148408  0.148408  0.154
protocols.relax.FastRelax: CMD: min  -1152.9  0.206303  0.206303  0.154
protocols.relax.FastRelax: CMD: coord_cst_weight  -1245.24  0.206303  0.206303  0.154
protocols.relax.FastRelax: CMD: scale:fa_rep  -1056.64  0.206303  0.206303  0.30745
core.pack.task: Packer task: initialize from command line() 
core.pack.pack_rotamers: built 7221 rotamers at 492 positions.
core.pack.interaction_graph.interaction_graph_factory: Instantiating DensePDInteractionGraph
protocols.relax.FastRelax: CMD: repack  -1058.47  0.206303  0.206303  0.30745
protocols.relax.FastRelax: CMD: scale:fa_rep  -1043.74  0.206303  0.206303  0.31955
protocols.relax.FastRelax: CMD: min  -1227.84  2.86998  2.86998  0.31955
protocols.relax.FastRelax: CMD: coord_cst_weight  -1227.84  2.86998  2.86998  0.31955
protocols.relax.FastRelax: CMD: scale:fa_rep  -1017.13  2.86998  2.86998  0.55
core.pack.task: Packer task: initialize from command line() 
core.pack.pack_rotamers: built 7035 rotamers at 492 positions.
core.pack.interaction_graph.interaction_graph_factory: Instantiating DensePDInteractionGraph
protocols.relax.FastRelax: CMD: repack  -1025.35  2.86998  2.86998  0.55
protocols.relax.FastRelax: CMD: min  -1101.29  2.8938  2.8938  0.55
protocols.relax.FastRelax: MRP: 0  -1101.29  -1101.29  2.8938  2.8938  
protocols.relax.FastRelax: CMD: accept_to_best  -1101.29  2.8938  2.8938  0.55
protocols.relax.FastRelax: CMD: endrepeat  -1101.29  2.8938  2.8938  0.55
protocols.relax.FastRelax: CMD: coord_cst_weight  122987  2.8938  2.8938  0.55
protocols.relax.FastRelax: CMD: scale:fa_rep  122654  2.8938  2.8938  0.022
core.pack.task: Packer task: initialize from command line() 
core.pack.pack_rotamers: built 7767 rotamers at 492 positions.
core.pack.interaction_graph.interaction_graph_factory: Instantiating DensePDInteractionGraph
protocols.relax.FastRelax: CMD: repack  122621  2.8938  2.8938  0.022
protocols.relax.FastRelax: CMD: scale:fa_rep  122634  2.8938  2.8938  0.02805
core.optimization.Minimizer: [ WARNING ] LBFGS MAX CYCLES 2000 EXCEEDED, BUT FUNC NOT CONVERGED!
protocols.relax.FastRelax: CMD: min  -1214.71  0.183414  0.183414  0.02805
protocols.relax.FastRelax: CMD: coord_cst_weight  -1286.73  0.183414  0.183414  0.02805
protocols.relax.FastRelax: CMD: scale:fa_rep  -866.356  0.183414  0.183414  0.14575
core.pack.task: Packer task: initialize from command line() 
core.pack.pack_rotamers: built 7345 rotamers at 492 positions.
core.pack.interaction_graph.interaction_graph_factory: Instantiating DensePDInteractionGraph
protocols.relax.FastRelax: CMD: repack  -1003.66  0.183414  0.183414  0.14575
protocols.relax.FastRelax: CMD: scale:fa_rep  -984.188  0.183414  0.183414  0.154
protocols.relax.FastRelax: CMD: min  -1171.27  0.217057  0.217057  0.154
protocols.relax.FastRelax: CMD: coord_cst_weight  -1274.65  0.217057  0.217057  0.154
protocols.relax.FastRelax: CMD: scale:fa_rep  -1096.9  0.217057  0.217057  0.30745
core.pack.task: Packer task: initialize from command line() 
core.pack.pack_rotamers: built 7158 rotamers at 492 positions.
core.pack.interaction_graph.interaction_graph_factory: Instantiating DensePDInteractionGraph
protocols.relax.FastRelax: CMD: repack  -1101.98  0.217057  0.217057  0.30745
protocols.relax.FastRelax: CMD: scale:fa_rep  -1088.16  0.217057  0.217057  0.31955
protocols.relax.FastRelax: CMD: min  -1274.33  3.01567  3.01567  0.31955
protocols.relax.FastRelax: CMD: coord_cst_weight  -1274.33  3.01567  3.01567  0.31955
protocols.relax.FastRelax: CMD: scale:fa_rep  -1067.9  3.01567  3.01567  0.55
core.pack.task: Packer task: initialize from command line() 
core.pack.pack_rotamers: built 7008 rotamers at 492 positions.
core.pack.interaction_graph.interaction_graph_factory: Instantiating DensePDInteractionGraph
protocols.relax.FastRelax: CMD: repack  -1072.97  3.01567  3.01567  0.55
protocols.relax.FastRelax: CMD: min  -1135.22  3.14842  3.14842  0.55
protocols.relax.FastRelax: MRP: 1  -1135.22  -1135.22  3.14842  3.14842  
protocols.relax.FastRelax: CMD: accept_to_best  -1135.22  3.14842  3.14842  0.55
protocols.relax.FastRelax: CMD: endrepeat  -1135.22  3.14842  3.14842  0.55
protocols.relax.FastRelax: CMD: coord_cst_weight  94860.5  3.14842  3.14842  0.55
protocols.relax.FastRelax: CMD: scale:fa_rep  94534.7  3.14842  3.14842  0.022
core.pack.task: Packer task: initialize from command line() 
core.pack.pack_rotamers: built 7723 rotamers at 492 positions.
core.pack.interaction_graph.interaction_graph_factory: Instantiating DensePDInteractionGraph
protocols.relax.FastRelax: CMD: repack  94516.9  3.14842  3.14842  0.022
protocols.relax.FastRelax: CMD: scale:fa_rep  94525.2  3.14842  3.14842  0.02805
core.optimization.Minimizer: [ WARNING ] LBFGS MAX CYCLES 2000 EXCEEDED, BUT FUNC NOT CONVERGED!
protocols.relax.FastRelax: CMD: min  -1269.63  0.175418  0.175418  0.02805
protocols.relax.FastRelax: CMD: coord_cst_weight  -1337.2  0.175418  0.175418  0.02805
protocols.relax.FastRelax: CMD: scale:fa_rep  -1024.72  0.175418  0.175418  0.14575
core.pack.task: Packer task: initialize from command line() 
core.pack.pack_rotamers: built 7348 rotamers at 492 positions.
core.pack.interaction_graph.interaction_graph_factory: Instantiating DensePDInteractionGraph
protocols.relax.FastRelax: CMD: repack  -1047.65  0.175418  0.175418  0.14575
protocols.relax.FastRelax: CMD: scale:fa_rep  -1027.91  0.175418  0.175418  0.154
protocols.relax.FastRelax: CMD: min  -1180.88  0.218356  0.218356  0.154
protocols.relax.FastRelax: CMD: coord_cst_weight  -1286.19  0.218356  0.218356  0.154
protocols.relax.FastRelax: CMD: scale:fa_rep  -1105.84  0.218356  0.218356  0.30745
core.pack.task: Packer task: initialize from command line() 
core.pack.pack_rotamers: built 7167 rotamers at 492 positions.
core.pack.interaction_graph.interaction_graph_factory: Instantiating DensePDInteractionGraph
protocols.relax.FastRelax: CMD: repack  -1106.71  0.218356  0.218356  0.30745
protocols.relax.FastRelax: CMD: scale:fa_rep  -1092.59  0.218356  0.218356  0.31955
protocols.relax.FastRelax: CMD: min  -1285.02  2.79139  2.79139  0.31955
protocols.relax.FastRelax: CMD: coord_cst_weight  -1285.02  2.79139  2.79139  0.31955
protocols.relax.FastRelax: CMD: scale:fa_rep  -1082.13  2.79139  2.79139  0.55
core.pack.task: Packer task: initialize from command line() 
core.pack.pack_rotamers: built 6956 rotamers at 492 positions.
core.pack.interaction_graph.interaction_graph_factory: Instantiating DensePDInteractionGraph
protocols.relax.FastRelax: CMD: repack  -1090.35  2.79139  2.79139  0.55
protocols.relax.FastRelax: CMD: min  -1149.49  2.88802  2.88802  0.55
protocols.relax.FastRelax: MRP: 2  -1149.49  -1149.49  2.88802  2.88802  
protocols.relax.FastRelax: CMD: accept_to_best  -1149.49  2.88802  2.88802  0.55
protocols.relax.FastRelax: CMD: endrepeat  -1149.49  2.88802  2.88802  0.55
protocols.relax.FastRelax: CMD: coord_cst_weight  91509.3  2.88802  2.88802  0.55
protocols.relax.FastRelax: CMD: scale:fa_rep  91185.6  2.88802  2.88802  0.022
core.pack.task: Packer task: initialize from command line() 
core.pack.pack_rotamers: built 7732 rotamers at 492 positions.
core.pack.interaction_graph.interaction_graph_factory: Instantiating DensePDInteractionGraph
protocols.relax.FastRelax: CMD: repack  91169.2  2.88802  2.88802  0.022
protocols.relax.FastRelax: CMD: scale:fa_rep  91180.4  2.88802  2.88802  0.02805
core.optimization.Minimizer: [ WARNING ] LBFGS MAX CYCLES 2000 EXCEEDED, BUT FUNC NOT CONVERGED!
protocols.relax.FastRelax: CMD: min  -1250.34  0.184929  0.184929  0.02805
protocols.relax.FastRelax: CMD: coord_cst_weight  -1326.26  0.184929  0.184929  0.02805
protocols.relax.FastRelax: CMD: scale:fa_rep  -973.86  0.184929  0.184929  0.14575
core.pack.task: Packer task: initialize from command line() 
core.pack.pack_rotamers: built 7362 rotamers at 492 positions.
core.pack.interaction_graph.interaction_graph_factory: Instantiating DensePDInteractionGraph
protocols.relax.FastRelax: CMD: repack  -1037.8  0.184929  0.184929  0.14575
protocols.relax.FastRelax: CMD: scale:fa_rep  -1017.66  0.184929  0.184929  0.154
protocols.relax.FastRelax: CMD: min  -1183.98  0.22329  0.22329  0.154
protocols.relax.FastRelax: CMD: coord_cst_weight  -1293.05  0.22329  0.22329  0.154
protocols.relax.FastRelax: CMD: scale:fa_rep  -1111.42  0.22329  0.22329  0.30745
core.pack.task: Packer task: initialize from command line() 
core.pack.pack_rotamers: built 7174 rotamers at 492 positions.
core.pack.interaction_graph.interaction_graph_factory: Instantiating DensePDInteractionGraph
protocols.relax.FastRelax: CMD: repack  -1112.66  0.22329  0.22329  0.30745
protocols.relax.FastRelax: CMD: scale:fa_rep  -1098.45  0.22329  0.22329  0.31955
protocols.relax.FastRelax: CMD: min  -1295.71  2.52871  2.52871  0.31955
protocols.relax.FastRelax: CMD: coord_cst_weight  -1295.71  2.52871  2.52871  0.31955
protocols.relax.FastRelax: CMD: scale:fa_rep  -1091.85  2.52871  2.52871  0.55
core.pack.task: Packer task: initialize from command line() 
core.pack.pack_rotamers: built 7052 rotamers at 492 positions.
core.pack.interaction_graph.interaction_graph_factory: Instantiating DensePDInteractionGraph
protocols.relax.FastRelax: CMD: repack  -1099.17  2.52871  2.52871  0.55
protocols.relax.FastRelax: CMD: min  -1154.41  2.93696  2.93696  0.55
protocols.relax.FastRelax: MRP: 3  -1154.41  -1154.41  2.93696  2.93696  
protocols.relax.FastRelax: CMD: accept_to_best  -1154.41  2.93696  2.93696  0.55
protocols.relax.FastRelax: CMD: endrepeat  -1154.41  2.93696  2.93696  0.55
protocols.relax.FastRelax: CMD: coord_cst_weight  92877.7  2.93696  2.93696  0.55
protocols.relax.FastRelax: CMD: scale:fa_rep  92548.8  2.93696  2.93696  0.022
core.pack.task: Packer task: initialize from command line() 
core.pack.pack_rotamers: built 7832 rotamers at 492 positions.
core.pack.interaction_graph.interaction_graph_factory: Instantiating DensePDInteractionGraph
protocols.relax.FastRelax: CMD: repack  92532.5  2.93696  2.93696  0.022
protocols.relax.FastRelax: CMD: scale:fa_rep  92541.3  2.93696  2.93696  0.02805
core.optimization.Minimizer: [ WARNING ] LBFGS MAX CYCLES 2000 EXCEEDED, BUT FUNC NOT CONVERGED!
protocols.relax.FastRelax: CMD: min  -1279.48  0.181424  0.181424  0.02805
protocols.relax.FastRelax: CMD: coord_cst_weight  -1350.78  0.181424  0.181424  0.02805
protocols.relax.FastRelax: CMD: scale:fa_rep  -1014.09  0.181424  0.181424  0.14575
core.pack.task: Packer task: initialize from command line() 
core.pack.pack_rotamers: built 7379 rotamers at 492 positions.
core.pack.interaction_graph.interaction_graph_factory: Instantiating DensePDInteractionGraph
protocols.relax.FastRelax: CMD: repack  -1047.85  0.181424  0.181424  0.14575
protocols.relax.FastRelax: CMD: scale:fa_rep  -1026.98  0.181424  0.181424  0.154
protocols.relax.FastRelax: CMD: min  -1185.9  0.229452  0.229452  0.154
protocols.relax.FastRelax: CMD: coord_cst_weight  -1299.33  0.229452  0.229452  0.154
protocols.relax.FastRelax: CMD: scale:fa_rep  -1114.93  0.229452  0.229452  0.30745
core.pack.task: Packer task: initialize from command line() 
core.pack.pack_rotamers: built 7159 rotamers at 492 positions.
core.pack.interaction_graph.interaction_graph_factory: Instantiating DensePDInteractionGraph
protocols.relax.FastRelax: CMD: repack  -1116.42  0.229452  0.229452  0.30745
protocols.relax.FastRelax: CMD: scale:fa_rep  -1102.01  0.229452  0.229452  0.31955
protocols.relax.FastRelax: CMD: min  -1299.28  2.82831  2.82831  0.31955
protocols.relax.FastRelax: CMD: coord_cst_weight  -1299.28  2.82831  2.82831  0.31955
protocols.relax.FastRelax: CMD: scale:fa_rep  -1094.19  2.82831  2.82831  0.55
core.pack.task: Packer task: initialize from command line() 
core.pack.pack_rotamers: built 7011 rotamers at 492 positions.
core.pack.interaction_graph.interaction_graph_factory: Instantiating DensePDInteractionGraph
protocols.relax.FastRelax: CMD: repack  -1104.46  2.82831  2.82831  0.55
protocols.relax.FastRelax: CMD: min  -1168.05  3.01296  3.01296  0.55
protocols.relax.FastRelax: MRP: 4  -1168.05  -1168.05  3.01296  3.01296  
protocols.relax.FastRelax: CMD: accept_to_best  -1168.05  3.01296  3.01296  0.55
protocols.relax.FastRelax: CMD: endrepeat  -1168.05  3.01296  3.01296  0.55
protocols.relax.FastRelax: CMD: coord_cst_weight  81220.6  3.01296  3.01296  0.55
protocols.relax.FastRelax: CMD: scale:fa_rep  80893.9  3.01296  3.01296  0.022
core.pack.task: Packer task: initialize from command line() 
core.pack.pack_rotamers: built 7852 rotamers at 492 positions.
core.pack.interaction_graph.interaction_graph_factory: Instantiating DensePDInteractionGraph
protocols.relax.FastRelax: CMD: repack  80886.8  3.01296  3.01296  0.022
protocols.relax.FastRelax: CMD: scale:fa_rep  80893.5  3.01296  3.01296  0.02805
core.optimization.Minimizer: [ WARNING ] LBFGS MAX CYCLES 2000 EXCEEDED, BUT FUNC NOT CONVERGED!
protocols.relax.FastRelax: CMD: min  -1232.31  0.192421  0.192421  0.02805
protocols.relax.FastRelax: CMD: coord_cst_weight  -1312.2  0.192421  0.192421  0.02805
protocols.relax.FastRelax: CMD: scale:fa_rep  -950.878  0.192421  0.192421  0.14575
core.pack.task: Packer task: initialize from command line() 
core.pack.pack_rotamers: built 7386 rotamers at 492 positions.
core.pack.interaction_graph.interaction_graph_factory: Instantiating DensePDInteractionGraph
protocols.relax.FastRelax: CMD: repack  -1005.37  0.192421  0.192421  0.14575
protocols.relax.FastRelax: CMD: scale:fa_rep  -983.839  0.192421  0.192421  0.154
protocols.relax.FastRelax: CMD: min  -1189.41  0.2248  0.2248  0.154
protocols.relax.FastRelax: CMD: coord_cst_weight  -1300.09  0.2248  0.2248  0.154
protocols.relax.FastRelax: CMD: scale:fa_rep  -1122.31  0.2248  0.2248  0.30745
core.pack.task: Packer task: initialize from command line() 
core.pack.pack_rotamers: built 7110 rotamers at 492 positions.
core.pack.interaction_graph.interaction_graph_factory: Instantiating DensePDInteractionGraph
protocols.relax.FastRelax: CMD: repack  -1122.89  0.2248  0.2248  0.30745
protocols.relax.FastRelax: CMD: scale:fa_rep  -1109.02  0.2248  0.2248  0.31955
protocols.relax.FastRelax: CMD: min  -1299.88  2.53707  2.53707  0.31955
protocols.relax.FastRelax: CMD: coord_cst_weight  -1299.88  2.53707  2.53707  0.31955
protocols.relax.FastRelax: CMD: scale:fa_rep  -1096.57  2.53707  2.53707  0.55
core.pack.task: Packer task: initialize from command line() 
core.pack.pack_rotamers: built 6987 rotamers at 492 positions.
core.pack.interaction_graph.interaction_graph_factory: Instantiating DensePDInteractionGraph
protocols.relax.FastRelax: CMD: repack  -1096.07  2.53707  2.53707  0.55
protocols.relax.FastRelax: CMD: min  -1154.55  3.04297  3.04297  0.55
protocols.relax.FastRelax: MRP: 5  -1154.55  -1168.05  3.01296  3.01296  
protocols.relax.FastRelax: CMD: accept_to_best  -1154.55  3.04297  3.04297  0.55
protocols.relax.FastRelax: CMD: endrepeat  -1154.55  3.04297  3.04297  0.55
protocols.relax.FastRelax: CMD: coord_cst_weight  67879.2  3.04297  3.04297  0.55
protocols.relax.FastRelax: CMD: scale:fa_rep  67555.1  3.04297  3.04297  0.022
core.pack.task: Packer task: initialize from command line() 
core.pack.pack_rotamers: built 7656 rotamers at 492 positions.
core.pack.interaction_graph.interaction_graph_factory: Instantiating DensePDInteractionGraph
protocols.relax.FastRelax: CMD: repack  67535.8  3.04297  3.04297  0.022
protocols.relax.FastRelax: CMD: scale:fa_rep  67542.8  3.04297  3.04297  0.02805
core.optimization.Minimizer: [ WARNING ] LBFGS MAX CYCLES 2000 EXCEEDED, BUT FUNC NOT CONVERGED!
protocols.relax.FastRelax: CMD: min  -1271.7  0.181959  0.181959  0.02805
protocols.relax.FastRelax: CMD: coord_cst_weight  -1342.13  0.181959  0.181959  0.02805
protocols.relax.FastRelax: CMD: scale:fa_rep  -1010.62  0.181959  0.181959  0.14575
core.pack.task: Packer task: initialize from command line() 
core.pack.pack_rotamers: built 7353 rotamers at 492 positions.
core.pack.interaction_graph.interaction_graph_factory: Instantiating DensePDInteractionGraph
protocols.relax.FastRelax: CMD: repack  -1045.59  0.181959  0.181959  0.14575
protocols.relax.FastRelax: CMD: scale:fa_rep  -1024.97  0.181959  0.181959  0.154
protocols.relax.FastRelax: CMD: min  -1193.03  0.225713  0.225713  0.154
protocols.relax.FastRelax: CMD: coord_cst_weight  -1304.87  0.225713  0.225713  0.154
protocols.relax.FastRelax: CMD: scale:fa_rep  -1122.41  0.225713  0.225713  0.30745
core.pack.task: Packer task: initialize from command line() 
core.pack.pack_rotamers: built 7092 rotamers at 492 positions.
core.pack.interaction_graph.interaction_graph_factory: Instantiating DensePDInteractionGraph
protocols.relax.FastRelax: CMD: repack  -1123.64  0.225713  0.225713  0.30745
protocols.relax.FastRelax: CMD: scale:fa_rep  -1109.38  0.225713  0.225713  0.31955
protocols.relax.FastRelax: CMD: min  -1129.39  3.60796  3.60796  0.31955
protocols.relax.FastRelax: CMD: coord_cst_weight  -1129.39  3.60796  3.60796  0.31955
protocols.relax.FastRelax: CMD: scale:fa_rep  -795.743  3.60796  3.60796  0.55
core.pack.task: Packer task: initialize from command line() 
core.pack.pack_rotamers: built 6914 rotamers at 492 positions.
core.pack.interaction_graph.interaction_graph_factory: Instantiating DensePDInteractionGraph
protocols.relax.FastRelax: CMD: repack  -825.329  3.60796  3.60796  0.55
protocols.relax.FastRelax: CMD: min  -1167.33  3.61379  3.61379  0.55
protocols.relax.FastRelax: MRP: 6  -1167.33  -1168.05  3.01296  3.01296  
protocols.relax.FastRelax: CMD: accept_to_best  -1167.33  3.61379  3.61379  0.55
protocols.relax.FastRelax: CMD: endrepeat  -1167.33  3.61379  3.61379  0.55
protocols.relax.FastRelax: CMD: coord_cst_weight  73107.3  3.61379  3.61379  0.55
protocols.relax.FastRelax: CMD: scale:fa_rep  72781.6  3.61379  3.61379  0.022
core.pack.task: Packer task: initialize from command line() 
core.pack.pack_rotamers: built 7679 rotamers at 492 positions.
core.pack.interaction_graph.interaction_graph_factory: Instantiating DensePDInteractionGraph
protocols.relax.FastRelax: CMD: repack  72768.6  3.61379  3.61379  0.022
protocols.relax.FastRelax: CMD: scale:fa_rep  72776.4  3.61379  3.61379  0.02805
core.optimization.Minimizer: [ WARNING ] LBFGS MAX CYCLES 2000 EXCEEDED, BUT FUNC NOT CONVERGED!
protocols.relax.FastRelax: CMD: min  -1272.99  0.18505  0.18505  0.02805
protocols.relax.FastRelax: CMD: coord_cst_weight  -1346.59  0.18505  0.18505  0.02805
protocols.relax.FastRelax: CMD: scale:fa_rep  -1007.25  0.18505  0.18505  0.14575
core.pack.task: Packer task: initialize from command line() 
core.pack.pack_rotamers: built 7331 rotamers at 492 positions.
core.pack.interaction_graph.interaction_graph_factory: Instantiating DensePDInteractionGraph
protocols.relax.FastRelax: CMD: repack  -1041.98  0.18505  0.18505  0.14575
protocols.relax.FastRelax: CMD: scale:fa_rep  -1021.01  0.18505  0.18505  0.154
protocols.relax.FastRelax: CMD: min  -1186.84  0.233795  0.233795  0.154
protocols.relax.FastRelax: CMD: coord_cst_weight  -1304.55  0.233795  0.233795  0.154
protocols.relax.FastRelax: CMD: scale:fa_rep  -1121.13  0.233795  0.233795  0.30745
core.pack.task: Packer task: initialize from command line() 
core.pack.pack_rotamers: built 7100 rotamers at 492 positions.
core.pack.interaction_graph.interaction_graph_factory: Instantiating DensePDInteractionGraph
protocols.relax.FastRelax: CMD: repack  -1122.06  0.233795  0.233795  0.30745
protocols.relax.FastRelax: CMD: scale:fa_rep  -1107.7  0.233795  0.233795  0.31955
protocols.relax.FastRelax: CMD: min  -1312.61  2.11319  2.11319  0.31955
protocols.relax.FastRelax: CMD: coord_cst_weight  -1312.61  2.11319  2.11319  0.31955
protocols.relax.FastRelax: CMD: scale:fa_rep  -1107.54  2.11319  2.11319  0.55
core.pack.task: Packer task: initialize from command line() 
core.pack.pack_rotamers: built 6909 rotamers at 492 positions.
core.pack.interaction_graph.interaction_graph_factory: Instantiating DensePDInteractionGraph
protocols.relax.FastRelax: CMD: repack  -1112.9  2.11319  2.11319  0.55
protocols.relax.FastRelax: CMD: min  -1170.49  2.92807  2.92807  0.55
protocols.relax.FastRelax: MRP: 7  -1170.49  -1170.49  2.92807  2.92807  
protocols.relax.FastRelax: CMD: accept_to_best  -1170.49  2.92807  2.92807  0.55
protocols.relax.FastRelax: CMD: endrepeat  -1170.49  2.92807  2.92807  0.55
protocols.relax.FastRelax: CMD: coord_cst_weight  41604.1  2.92807  2.92807  0.55
protocols.relax.FastRelax: CMD: scale:fa_rep  41278.7  2.92807  2.92807  0.022
core.pack.task: Packer task: initialize from command line() 
core.pack.pack_rotamers: built 7666 rotamers at 492 positions.
core.pack.interaction_graph.interaction_graph_factory: Instantiating DensePDInteractionGraph
protocols.relax.FastRelax: CMD: repack  41263.2  2.92807  2.92807  0.022
protocols.relax.FastRelax: CMD: scale:fa_rep  41271.8  2.92807  2.92807  0.02805
core.optimization.Minimizer: [ WARNING ] LBFGS MAX CYCLES 2000 EXCEEDED, BUT FUNC NOT CONVERGED!
protocols.relax.FastRelax: CMD: min  -1290.25  0.183354  0.183354  0.02805
protocols.relax.FastRelax: CMD: coord_cst_weight  -1362.13  0.183354  0.183354  0.02805
protocols.relax.FastRelax: CMD: scale:fa_rep  -1006.54  0.183354  0.183354  0.14575
core.pack.task: Packer task: initialize from command line() 
core.pack.pack_rotamers: built 7315 rotamers at 492 positions.
core.pack.interaction_graph.interaction_graph_factory: Instantiating DensePDInteractionGraph
protocols.relax.FastRelax: CMD: repack  -1038.41  0.183354  0.183354  0.14575
protocols.relax.FastRelax: CMD: scale:fa_rep  -1016.69  0.183354  0.183354  0.154
protocols.relax.FastRelax: CMD: min  -1186.11  0.236142  0.236142  0.154
protocols.relax.FastRelax: CMD: coord_cst_weight  -1305.53  0.236142  0.236142  0.154
protocols.relax.FastRelax: CMD: scale:fa_rep  -1121.34  0.236142  0.236142  0.30745
core.pack.task: Packer task: initialize from command line() 
core.pack.pack_rotamers: built 7148 rotamers at 492 positions.
core.pack.interaction_graph.interaction_graph_factory: Instantiating DensePDInteractionGraph
protocols.relax.FastRelax: CMD: repack  -1122.23  0.236142  0.236142  0.30745
protocols.relax.FastRelax: CMD: scale:fa_rep  -1107.8  0.236142  0.236142  0.31955
protocols.relax.FastRelax: CMD: min  -1323.17  2.72698  2.72698  0.31955
protocols.relax.FastRelax: CMD: coord_cst_weight  -1323.17  2.72698  2.72698  0.31955
protocols.relax.FastRelax: CMD: scale:fa_rep  -1119.25  2.72698  2.72698  0.55
core.pack.task: Packer task: initialize from command line() 
core.pack.pack_rotamers: built 6921 rotamers at 492 positions.
core.pack.interaction_graph.interaction_graph_factory: Instantiating DensePDInteractionGraph
protocols.relax.FastRelax: CMD: repack  -1122.86  2.72698  2.72698  0.55
protocols.relax.FastRelax: CMD: min  -1170.42  2.87615  2.87615  0.55
protocols.relax.FastRelax: MRP: 8  -1170.42  -1170.49  2.92807  2.92807  
protocols.relax.FastRelax: CMD: accept_to_best  -1170.42  2.87615  2.87615  0.55
protocols.relax.FastRelax: CMD: endrepeat  -1170.42  2.87615  2.87615  0.55
protocols.relax.FastRelax: CMD: coord_cst_weight  39606.1  2.87615  2.87615  0.55
protocols.relax.FastRelax: CMD: scale:fa_rep  39279.2  2.87615  2.87615  0.022
core.pack.task: Packer task: initialize from command line() 
core.pack.pack_rotamers: built 7684 rotamers at 492 positions.
core.pack.interaction_graph.interaction_graph_factory: Instantiating DensePDInteractionGraph
protocols.relax.FastRelax: CMD: repack  39269.2  2.87615  2.87615  0.022
protocols.relax.FastRelax: CMD: scale:fa_rep  39275.7  2.87615  2.87615  0.02805
core.optimization.Minimizer: [ WARNING ] LBFGS MAX CYCLES 2000 EXCEEDED, BUT FUNC NOT CONVERGED!
protocols.relax.FastRelax: CMD: min  -1274.39  0.185052  0.185052  0.02805
protocols.relax.FastRelax: CMD: coord_cst_weight  -1347.56  0.185052  0.185052  0.02805
protocols.relax.FastRelax: CMD: scale:fa_rep  -997.371  0.185052  0.185052  0.14575
core.pack.task: Packer task: initialize from command line() 
core.pack.pack_rotamers: built 7313 rotamers at 492 positions.
core.pack.interaction_graph.interaction_graph_factory: Instantiating DensePDInteractionGraph
protocols.relax.FastRelax: CMD: repack  -1031.42  0.185052  0.185052  0.14575
protocols.relax.FastRelax: CMD: scale:fa_rep  -1009.61  0.185052  0.185052  0.154
protocols.relax.FastRelax: CMD: min  -1184.65  0.237939  0.237939  0.154
protocols.relax.FastRelax: CMD: coord_cst_weight  -1305.93  0.237939  0.237939  0.154
protocols.relax.FastRelax: CMD: scale:fa_rep  -1122.16  0.237939  0.237939  0.30745
core.pack.task: Packer task: initialize from command line() 
core.pack.pack_rotamers: built 7125 rotamers at 492 positions.
core.pack.interaction_graph.interaction_graph_factory: Instantiating DensePDInteractionGraph
protocols.relax.FastRelax: CMD: repack  -1123.01  0.237939  0.237939  0.30745
protocols.relax.FastRelax: CMD: scale:fa_rep  -1108.65  0.237939  0.237939  0.31955
protocols.relax.FastRelax: CMD: min  -1323.37  2.81641  2.81641  0.31955
protocols.relax.FastRelax: CMD: coord_cst_weight  -1323.37  2.81641  2.81641  0.31955
protocols.relax.FastRelax: CMD: scale:fa_rep  -1120.03  2.81641  2.81641  0.55
core.pack.task: Packer task: initialize from command line() 
core.pack.pack_rotamers: built 6911 rotamers at 492 positions.
core.pack.interaction_graph.interaction_graph_factory: Instantiating DensePDInteractionGraph
protocols.relax.FastRelax: CMD: repack  -1123.82  2.81641  2.81641  0.55
protocols.relax.FastRelax: CMD: min  -1173.04  2.92912  2.92912  0.55
protocols.relax.FastRelax: MRP: 9  -1173.04  -1173.04  2.92912  2.92912  
protocols.relax.FastRelax: CMD: accept_to_best  -1173.04  2.92912  2.92912  0.55
protocols.relax.FastRelax: CMD: endrepeat  -1173.04  2.92912  2.92912  0.55
protocols.relax.FastRelax: CMD: coord_cst_weight  46800.5  2.92912  2.92912  0.55
protocols.relax.FastRelax: CMD: scale:fa_rep  46473.3  2.92912  2.92912  0.022
core.pack.task: Packer task: initialize from command line() 
core.pack.pack_rotamers: built 7688 rotamers at 492 positions.
core.pack.interaction_graph.interaction_graph_factory: Instantiating DensePDInteractionGraph
protocols.relax.FastRelax: CMD: repack  46456.9  2.92912  2.92912  0.022
protocols.relax.FastRelax: CMD: scale:fa_rep  46463.1  2.92912  2.92912  0.02805
core.optimization.Minimizer: [ WARNING ] LBFGS MAX CYCLES 2000 EXCEEDED, BUT FUNC NOT CONVERGED!
protocols.relax.FastRelax: CMD: min  -1282.45  0.186339  0.186339  0.02805
protocols.relax.FastRelax: CMD: coord_cst_weight  -1355.15  0.186339  0.186339  0.02805
protocols.relax.FastRelax: CMD: scale:fa_rep  -1000.18  0.186339  0.186339  0.14575
core.pack.task: Packer task: initialize from command line() 
core.pack.pack_rotamers: built 7323 rotamers at 492 positions.
core.pack.interaction_graph.interaction_graph_factory: Instantiating DensePDInteractionGraph
protocols.relax.FastRelax: CMD: repack  -1029.62  0.186339  0.186339  0.14575
protocols.relax.FastRelax: CMD: scale:fa_rep  -1007.49  0.186339  0.186339  0.154
protocols.relax.FastRelax: CMD: min  -1184.4  0.239583  0.239583  0.154
protocols.relax.FastRelax: CMD: coord_cst_weight  -1305.63  0.239583  0.239583  0.154
protocols.relax.FastRelax: CMD: scale:fa_rep  -1122.83  0.239583  0.239583  0.30745
core.pack.task: Packer task: initialize from command line() 
core.pack.pack_rotamers: built 7126 rotamers at 492 positions.
core.pack.interaction_graph.interaction_graph_factory: Instantiating DensePDInteractionGraph
protocols.relax.FastRelax: CMD: repack  -1123.67  0.239583  0.239583  0.30745
protocols.relax.FastRelax: CMD: scale:fa_rep  -1109.36  0.239583  0.239583  0.31955
protocols.relax.FastRelax: CMD: min  -1316.65  3.0415  3.0415  0.31955
protocols.relax.FastRelax: CMD: coord_cst_weight  -1316.65  3.0415  3.0415  0.31955
protocols.relax.FastRelax: CMD: scale:fa_rep  -1114.77  3.0415  3.0415  0.55
core.pack.task: Packer task: initialize from command line() 
core.pack.pack_rotamers: built 6882 rotamers at 492 positions.
core.pack.interaction_graph.interaction_graph_factory: Instantiating DensePDInteractionGraph
protocols.relax.FastRelax: CMD: repack  -1121.04  3.0415  3.0415  0.55
protocols.relax.FastRelax: CMD: min  -1169.92  3.37991  3.37991  0.55
protocols.relax.FastRelax: MRP: 10  -1169.92  -1173.04  2.92912  2.92912  
protocols.relax.FastRelax: CMD: accept_to_best  -1169.92  3.37991  3.37991  0.55
protocols.relax.FastRelax: CMD: endrepeat  -1169.92  3.37991  3.37991  0.55
protocols.relax.FastRelax: CMD: coord_cst_weight  55387.2  3.37991  3.37991  0.55
protocols.relax.FastRelax: CMD: scale:fa_rep  55062  3.37991  3.37991  0.022
core.pack.task: Packer task: initialize from command line() 
core.pack.pack_rotamers: built 7631 rotamers at 492 positions.
core.pack.interaction_graph.interaction_graph_factory: Instantiating DensePDInteractionGraph
protocols.relax.FastRelax: CMD: repack  55044.8  3.37991  3.37991  0.022
protocols.relax.FastRelax: CMD: scale:fa_rep  55050.5  3.37991  3.37991  0.02805
core.optimization.Minimizer: [ WARNING ] LBFGS MAX CYCLES 2000 EXCEEDED, BUT FUNC NOT CONVERGED!
protocols.relax.FastRelax: CMD: min  -1274.51  0.186578  0.186578  0.02805
protocols.relax.FastRelax: CMD: coord_cst_weight  -1346.87  0.186578  0.186578  0.02805
protocols.relax.FastRelax: CMD: scale:fa_rep  -997.491  0.186578  0.186578  0.14575
core.pack.task: Packer task: initialize from command line() 
core.pack.pack_rotamers: built 7314 rotamers at 492 positions.
core.pack.interaction_graph.interaction_graph_factory: Instantiating DensePDInteractionGraph
protocols.relax.FastRelax: CMD: repack  -1037.37  0.186578  0.186578  0.14575
protocols.relax.FastRelax: CMD: scale:fa_rep  -1015.57  0.186578  0.186578  0.154
protocols.relax.FastRelax: CMD: min  -1185.81  0.240073  0.240073  0.154
protocols.relax.FastRelax: CMD: coord_cst_weight  -1306.97  0.240073  0.240073  0.154
protocols.relax.FastRelax: CMD: scale:fa_rep  -1123.24  0.240073  0.240073  0.30745
core.pack.task: Packer task: initialize from command line() 
core.pack.pack_rotamers: built 7150 rotamers at 492 positions.
core.pack.interaction_graph.interaction_graph_factory: Instantiating DensePDInteractionGraph
protocols.relax.FastRelax: CMD: repack  -1123.36  0.240073  0.240073  0.30745
protocols.relax.FastRelax: CMD: scale:fa_rep  -1109  0.240073  0.240073  0.31955
protocols.relax.FastRelax: CMD: min  -1314.1  3.65792  3.65792  0.31955
protocols.relax.FastRelax: CMD: coord_cst_weight  -1314.1  3.65792  3.65792  0.31955
protocols.relax.FastRelax: CMD: scale:fa_rep  -1111.82  3.65792  3.65792  0.55
core.pack.task: Packer task: initialize from command line() 
core.pack.pack_rotamers: built 6937 rotamers at 492 positions.
core.pack.interaction_graph.interaction_graph_factory: Instantiating DensePDInteractionGraph
protocols.relax.FastRelax: CMD: repack  -1117.26  3.65792  3.65792  0.55
protocols.relax.FastRelax: CMD: min  -1171.46  3.72455  3.72455  0.55
protocols.relax.FastRelax: MRP: 11  -1171.46  -1173.04  2.92912  2.92912  
protocols.relax.FastRelax: CMD: accept_to_best  -1171.46  3.72455  3.72455  0.55
protocols.relax.FastRelax: CMD: endrepeat  -1171.46  3.72455  3.72455  0.55
protocols.relax.FastRelax: CMD: coord_cst_weight  75671.4  3.72455  3.72455  0.55
protocols.relax.FastRelax: CMD: scale:fa_rep  75346.6  3.72455  3.72455  0.022
core.pack.task: Packer task: initialize from command line() 
core.pack.pack_rotamers: built 7692 rotamers at 492 positions.
core.pack.interaction_graph.interaction_graph_factory: Instantiating DensePDInteractionGraph
protocols.relax.FastRelax: CMD: repack  75336.8  3.72455  3.72455  0.022
protocols.relax.FastRelax: CMD: scale:fa_rep  75343  3.72455  3.72455  0.02805
core.optimization.Minimizer: [ WARNING ] LBFGS MAX CYCLES 2000 EXCEEDED, BUT FUNC NOT CONVERGED!
protocols.relax.FastRelax: CMD: min  -1251.89  0.19327  0.19327  0.02805
protocols.relax.FastRelax: CMD: coord_cst_weight  -1330.08  0.19327  0.19327  0.02805
protocols.relax.FastRelax: CMD: scale:fa_rep  -967.135  0.19327  0.19327  0.14575
core.pack.task: Packer task: initialize from command line() 
core.pack.pack_rotamers: built 7330 rotamers at 492 positions.
core.pack.interaction_graph.interaction_graph_factory: Instantiating DensePDInteractionGraph
protocols.relax.FastRelax: CMD: repack  -1020.67  0.19327  0.19327  0.14575
protocols.relax.FastRelax: CMD: scale:fa_rep  -998.85  0.19327  0.19327  0.154
protocols.relax.FastRelax: CMD: min  -1192.59  0.229874  0.229874  0.154
protocols.relax.FastRelax: CMD: coord_cst_weight  -1305.95  0.229874  0.229874  0.154
protocols.relax.FastRelax: CMD: scale:fa_rep  -1125.22  0.229874  0.229874  0.30745
core.pack.task: Packer task: initialize from command line() 
core.pack.pack_rotamers: built 7113 rotamers at 492 positions.
core.pack.interaction_graph.interaction_graph_factory: Instantiating DensePDInteractionGraph
protocols.relax.FastRelax: CMD: repack  -1105.75  0.229874  0.229874  0.30745
protocols.relax.FastRelax: CMD: scale:fa_rep  -1091.04  0.229874  0.229874  0.31955
protocols.relax.FastRelax: CMD: min  -1299.94  3.08861  3.08861  0.31955
protocols.relax.FastRelax: CMD: coord_cst_weight  -1299.94  3.08861  3.08861  0.31955
protocols.relax.FastRelax: CMD: scale:fa_rep  -1095.96  3.08861  3.08861  0.55
core.pack.task: Packer task: initialize from command line() 
core.pack.pack_rotamers: built 6905 rotamers at 492 positions.
core.pack.interaction_graph.interaction_graph_factory: Instantiating DensePDInteractionGraph
protocols.relax.FastRelax: CMD: repack  -1104.96  3.08861  3.08861  0.55
protocols.relax.FastRelax: CMD: min  -1163.25  3.3568  3.3568  0.55
protocols.relax.FastRelax: MRP: 12  -1163.25  -1173.04  2.92912  2.92912  
protocols.relax.FastRelax: CMD: accept_to_best  -1163.25  3.3568  3.3568  0.55
protocols.relax.FastRelax: CMD: endrepeat  -1163.25  3.3568  3.3568  0.55
protocols.relax.FastRelax: CMD: coord_cst_weight  65428.1  3.3568  3.3568  0.55
protocols.relax.FastRelax: CMD: scale:fa_rep  65102  3.3568  3.3568  0.022
core.pack.task: Packer task: initialize from command line() 
core.pack.pack_rotamers: built 7670 rotamers at 492 positions.
core.pack.interaction_graph.interaction_graph_factory: Instantiating DensePDInteractionGraph
protocols.relax.FastRelax: CMD: repack  65102.9  3.3568  3.3568  0.022
protocols.relax.FastRelax: CMD: scale:fa_rep  65115.1  3.3568  3.3568  0.02805
core.optimization.Minimizer: [ WARNING ] LBFGS MAX CYCLES 2000 EXCEEDED, BUT FUNC NOT CONVERGED!
protocols.relax.FastRelax: CMD: min  -1253.26  0.194767  0.194767  0.02805
protocols.relax.FastRelax: CMD: coord_cst_weight  -1333.24  0.194767  0.194767  0.02805
protocols.relax.FastRelax: CMD: scale:fa_rep  -975.783  0.194767  0.194767  0.14575
core.pack.task: Packer task: initialize from command line() 
core.pack.pack_rotamers: built 7342 rotamers at 492 positions.
core.pack.interaction_graph.interaction_graph_factory: Instantiating DensePDInteractionGraph
protocols.relax.FastRelax: CMD: repack  -1056.17  0.194767  0.194767  0.14575
protocols.relax.FastRelax: CMD: scale:fa_rep  -1036.81  0.194767  0.194767  0.154
protocols.relax.FastRelax: CMD: min  -1194.91  0.229447  0.229447  0.154
protocols.relax.FastRelax: CMD: coord_cst_weight  -1308.52  0.229447  0.229447  0.154
protocols.relax.FastRelax: CMD: scale:fa_rep  -1125.63  0.229447  0.229447  0.30745
core.pack.task: Packer task: initialize from command line() 
core.pack.pack_rotamers: built 7093 rotamers at 492 positions.
core.pack.interaction_graph.interaction_graph_factory: Instantiating DensePDInteractionGraph
protocols.relax.FastRelax: CMD: repack  -1125.35  0.229447  0.229447  0.30745
protocols.relax.FastRelax: CMD: scale:fa_rep  -1111.09  0.229447  0.229447  0.31955
protocols.relax.FastRelax: CMD: min  -1313.99  4.02653  4.02653  0.31955
protocols.relax.FastRelax: CMD: coord_cst_weight  -1313.99  4.02653  4.02653  0.31955
protocols.relax.FastRelax: CMD: scale:fa_rep  -1107.84  4.02653  4.02653  0.55
core.pack.task: Packer task: initialize from command line() 
core.pack.pack_rotamers: built 6879 rotamers at 492 positions.
core.pack.interaction_graph.interaction_graph_factory: Instantiating DensePDInteractionGraph
protocols.relax.FastRelax: CMD: repack  -1114.22  4.02653  4.02653  0.55
protocols.relax.FastRelax: CMD: min  -1164  4.23653  4.23653  0.55
protocols.relax.FastRelax: MRP: 13  -1164  -1173.04  2.92912  2.92912  
protocols.relax.FastRelax: CMD: accept_to_best  -1164  4.23653  4.23653  0.55
protocols.relax.FastRelax: CMD: endrepeat  -1164  4.23653  4.23653  0.55
protocols.relax.FastRelax: CMD: coord_cst_weight  94455.3  4.23653  4.23653  0.55
protocols.relax.FastRelax: CMD: scale:fa_rep  94125  4.23653  4.23653  0.022
core.pack.task: Packer task: initialize from command line() 
core.pack.pack_rotamers: built 7677 rotamers at 492 positions.
core.pack.interaction_graph.interaction_graph_factory: Instantiating DensePDInteractionGraph
protocols.relax.FastRelax: CMD: repack  94110.6  4.23653  4.23653  0.022
protocols.relax.FastRelax: CMD: scale:fa_rep  94118.6  4.23653  4.23653  0.02805
core.optimization.Minimizer: [ WARNING ] LBFGS MAX CYCLES 2000 EXCEEDED, BUT FUNC NOT CONVERGED!
protocols.relax.FastRelax: CMD: min  -1139.65  0.198165  0.198165  0.02805
protocols.relax.FastRelax: CMD: coord_cst_weight  -1222.68  0.198165  0.198165  0.02805
protocols.relax.FastRelax: CMD: scale:fa_rep  -513.44  0.198165  0.198165  0.14575
core.pack.task: Packer task: initialize from command line() 
core.pack.pack_rotamers: built 7291 rotamers at 492 positions.
core.pack.interaction_graph.interaction_graph_factory: Instantiating DensePDInteractionGraph
protocols.relax.FastRelax: CMD: repack  -745.288  0.198165  0.198165  0.14575
protocols.relax.FastRelax: CMD: scale:fa_rep  -709.736  0.198165  0.198165  0.154
protocols.relax.FastRelax: CMD: min  -1164.99  0.245298  0.245298  0.154
protocols.relax.FastRelax: CMD: coord_cst_weight  -1295.77  0.245298  0.245298  0.154
protocols.relax.FastRelax: CMD: scale:fa_rep  -1113.68  0.245298  0.245298  0.30745
core.pack.task: Packer task: initialize from command line() 
core.pack.pack_rotamers: built 7104 rotamers at 492 positions.
core.pack.interaction_graph.interaction_graph_factory: Instantiating DensePDInteractionGraph
protocols.relax.FastRelax: CMD: repack  -1115.36  0.245298  0.245298  0.30745
protocols.relax.FastRelax: CMD: scale:fa_rep  -1101.19  0.245298  0.245298  0.31955
protocols.relax.FastRelax: CMD: min  -1309.69  3.29203  3.29203  0.31955
protocols.relax.FastRelax: CMD: coord_cst_weight  -1309.69  3.29203  3.29203  0.31955
protocols.relax.FastRelax: CMD: scale:fa_rep  -1104.57  3.29203  3.29203  0.55
core.pack.task: Packer task: initialize from command line() 
core.pack.pack_rotamers: built 6886 rotamers at 492 positions.
core.pack.interaction_graph.interaction_graph_factory: Instantiating DensePDInteractionGraph
protocols.relax.FastRelax: CMD: repack  -1103.01  3.29203  3.29203  0.55
protocols.relax.FastRelax: CMD: min  -1161.11  3.95929  3.95929  0.55
protocols.relax.FastRelax: MRP: 14  -1161.11  -1173.04  2.92912  2.92912  
protocols.relax.FastRelax: CMD: accept_to_best  -1161.11  3.95929  3.95929  0.55
protocols.relax.FastRelax: CMD: endrepeat  -1161.11  3.95929  3.95929  0.55
protocols::checkpoint: Deleting checkpoints of FastRelax
protocols.jd2.JobDistributor: target.BL00010001_11_0004 reported success in 14886 seconds
protocols.jd2.PDBJobInputter: PDBJobInputter::pose_from_job
protocols.jd2.PDBJobInputter: filling pose from PDB ../1-modeller/target.BL00010001.pdb
core.import_pose.import_pose: File '../1-modeller/target.BL00010001.pdb' automatically determined to be of type PDB from contents.
core.io.rcsb.ExperimentalTechnique: [ ERROR ] Unrecognized experimental technique string 'THEORETICAL MODEL, MODELLER 10.8 2026/08/10 16:18:02'
protocols.relax.FastRelax: CMD: repeat  4476.34  0  0  0.55
protocols.relax.FastRelax: CMD: coord_cst_weight  4476.34  0  0  0.55
protocols.relax.FastRelax: CMD: scale:fa_rep  806.987  0  0  0.022
core.pack.task: Packer task: initialize from command line() 
core.pack.pack_rotamers: built 8129 rotamers at 492 positions.
core.pack.interaction_graph.interaction_graph_factory: Instantiating DensePDInteractionGraph
protocols.relax.FastRelax: CMD: repack  -882.422  0  0  0.022
protocols.relax.FastRelax: CMD: scale:fa_rep  -844.667  0  0  0.02805
core.optimization.Minimizer: [ WARNING ] LBFGS MAX CYCLES 2000 EXCEEDED, BUT FUNC NOT CONVERGED!
protocols.relax.FastRelax: CMD: min  -1294.46  0.148326  0.148326  0.02805
protocols.relax.FastRelax: CMD: coord_cst_weight  -1340.99  0.148326  0.148326  0.02805
protocols.relax.FastRelax: CMD: scale:fa_rep  -965.418  0.148326  0.148326  0.14575
core.pack.task: Packer task: initialize from command line() 
core.pack.pack_rotamers: built 7384 rotamers at 492 positions.
core.pack.interaction_graph.interaction_graph_factory: Instantiating DensePDInteractionGraph
protocols.relax.FastRelax: CMD: repack  -1000.9  0.148326  0.148326  0.14575
protocols.relax.FastRelax: CMD: scale:fa_rep  -978.73  0.148326  0.148326  0.154
core.optimization.Minimizer: [ WARNING ] LBFGS MAX CYCLES 2000 EXCEEDED, BUT FUNC NOT CONVERGED!
protocols.relax.FastRelax: CMD: min  -1161.56  0.205176  0.205176  0.154
protocols.relax.FastRelax: CMD: coord_cst_weight  -1251.9  0.205176  0.205176  0.154
protocols.relax.FastRelax: CMD: scale:fa_rep  -1061.19  0.205176  0.205176  0.30745
core.pack.task: Packer task: initialize from command line() 
core.pack.pack_rotamers: built 7255 rotamers at 492 positions.
core.pack.interaction_graph.interaction_graph_factory: Instantiating DensePDInteractionGraph
protocols.relax.FastRelax: CMD: repack  -1062.11  0.205176  0.205176  0.30745
protocols.relax.FastRelax: CMD: scale:fa_rep  -1047.25  0.205176  0.205176  0.31955
protocols.relax.FastRelax: CMD: min  -1256.36  3.13861  3.13861  0.31955
protocols.relax.FastRelax: CMD: coord_cst_weight  -1256.36  3.13861  3.13861  0.31955
protocols.relax.FastRelax: CMD: scale:fa_rep  -1048.56  3.13861  3.13861  0.55
core.pack.task: Packer task: initialize from command line() 
core.pack.pack_rotamers: built 7094 rotamers at 492 positions.
core.pack.interaction_graph.interaction_graph_factory: Instantiating DensePDInteractionGraph
protocols.relax.FastRelax: CMD: repack  -1054.58  3.13861  3.13861  0.55
protocols.relax.FastRelax: CMD: min  -1107.91  3.11124  3.11124  0.55
protocols.relax.FastRelax: MRP: 0  -1107.91  -1107.91  3.11124  3.11124  
protocols.relax.FastRelax: CMD: accept_to_best  -1107.91  3.11124  3.11124  0.55
protocols.relax.FastRelax: CMD: endrepeat  -1107.91  3.11124  3.11124  0.55
protocols.relax.FastRelax: CMD: coord_cst_weight  119167  3.11124  3.11124  0.55
protocols.relax.FastRelax: CMD: scale:fa_rep  118833  3.11124  3.11124  0.022
core.pack.task: Packer task: initialize from command line() 
core.pack.pack_rotamers: built 7884 rotamers at 492 positions.
core.pack.interaction_graph.interaction_graph_factory: Instantiating DensePDInteractionGraph
protocols.relax.FastRelax: CMD: repack  118820  3.11124  3.11124  0.022
protocols.relax.FastRelax: CMD: scale:fa_rep  118832  3.11124  3.11124  0.02805
core.optimization.Minimizer: [ WARNING ] LBFGS MAX CYCLES 2000 EXCEEDED, BUT FUNC NOT CONVERGED!
protocols.relax.FastRelax: CMD: min  -1239.47  0.181613  0.181613  0.02805
protocols.relax.FastRelax: CMD: coord_cst_weight  -1310.59  0.181613  0.181613  0.02805
protocols.relax.FastRelax: CMD: scale:fa_rep  -964.083  0.181613  0.181613  0.14575
core.pack.task: Packer task: initialize from command line() 
core.pack.pack_rotamers: built 7324 rotamers at 492 positions.
core.pack.interaction_graph.interaction_graph_factory: Instantiating DensePDInteractionGraph
protocols.relax.FastRelax: CMD: repack  -1009.5  0.181613  0.181613  0.14575
protocols.relax.FastRelax: CMD: scale:fa_rep  -988.732  0.181613  0.181613  0.154
protocols.relax.FastRelax: CMD: min  -1168.06  0.21881  0.21881  0.154
protocols.relax.FastRelax: CMD: coord_cst_weight  -1272.3  0.21881  0.21881  0.154
protocols.relax.FastRelax: CMD: scale:fa_rep  -1085.58  0.21881  0.21881  0.30745
core.pack.task: Packer task: initialize from command line() 
core.pack.pack_rotamers: built 7103 rotamers at 492 positions.
core.pack.interaction_graph.interaction_graph_factory: Instantiating DensePDInteractionGraph
protocols.relax.FastRelax: CMD: repack  -1082.38  0.21881  0.21881  0.30745
protocols.relax.FastRelax: CMD: scale:fa_rep  -1067.97  0.21881  0.21881  0.31955
protocols.relax.FastRelax: CMD: min  -1277.43  3.57664  3.57664  0.31955
protocols.relax.FastRelax: CMD: coord_cst_weight  -1277.43  3.57664  3.57664  0.31955
protocols.relax.FastRelax: CMD: scale:fa_rep  -1068.37  3.57664  3.57664  0.55
core.pack.task: Packer task: initialize from command line() 
core.pack.pack_rotamers: built 6993 rotamers at 492 positions.
core.pack.interaction_graph.interaction_graph_factory: Instantiating DensePDInteractionGraph
protocols.relax.FastRelax: CMD: repack  -1072.13  3.57664  3.57664  0.55
protocols.relax.FastRelax: CMD: min  -1128.46  3.94643  3.94643  0.55
protocols.relax.FastRelax: MRP: 1  -1128.46  -1128.46  3.94643  3.94643  
protocols.relax.FastRelax: CMD: accept_to_best  -1128.46  3.94643  3.94643  0.55
protocols.relax.FastRelax: CMD: endrepeat  -1128.46  3.94643  3.94643  0.55
protocols.relax.FastRelax: CMD: coord_cst_weight  109477  3.94643  3.94643  0.55
protocols.relax.FastRelax: CMD: scale:fa_rep  109144  3.94643  3.94643  0.022
core.pack.task: Packer task: initialize from command line() 
core.pack.pack_rotamers: built 7755 rotamers at 492 positions.
core.pack.interaction_graph.interaction_graph_factory: Instantiating DensePDInteractionGraph
protocols.relax.FastRelax: CMD: repack  109134  3.94643  3.94643  0.022
protocols.relax.FastRelax: CMD: scale:fa_rep  109149  3.94643  3.94643  0.02805
core.optimization.Minimizer: [ WARNING ] LBFGS MAX CYCLES 2000 EXCEEDED, BUT FUNC NOT CONVERGED!
protocols.relax.FastRelax: CMD: min  -1244.51  0.193694  0.193694  0.02805
protocols.relax.FastRelax: CMD: coord_cst_weight  -1324.95  0.193694  0.193694  0.02805
protocols.relax.FastRelax: CMD: scale:fa_rep  -972.551  0.193694  0.193694  0.14575
core.pack.task: Packer task: initialize from command line() 
core.pack.pack_rotamers: built 7328 rotamers at 492 positions.
core.pack.interaction_graph.interaction_graph_factory: Instantiating DensePDInteractionGraph
protocols.relax.FastRelax: CMD: repack  -1031.84  0.193694  0.193694  0.14575
protocols.relax.FastRelax: CMD: scale:fa_rep  -1011.66  0.193694  0.193694  0.154
protocols.relax.FastRelax: CMD: min  -1177.65  0.223957  0.223957  0.154
protocols.relax.FastRelax: CMD: coord_cst_weight  -1287.82  0.223957  0.223957  0.154
protocols.relax.FastRelax: CMD: scale:fa_rep  -1101.8  0.223957  0.223957  0.30745
core.pack.task: Packer task: initialize from command line() 
core.pack.pack_rotamers: built 7156 rotamers at 492 positions.
core.pack.interaction_graph.interaction_graph_factory: Instantiating DensePDInteractionGraph
protocols.relax.FastRelax: CMD: repack  -1103.97  0.223957  0.223957  0.30745
protocols.relax.FastRelax: CMD: scale:fa_rep  -1089.48  0.223957  0.223957  0.31955
protocols.relax.FastRelax: CMD: min  -1289.36  3.17481  3.17481  0.31955
protocols.relax.FastRelax: CMD: coord_cst_weight  -1289.36  3.17481  3.17481  0.31955
protocols.relax.FastRelax: CMD: scale:fa_rep  -1077.93  3.17481  3.17481  0.55
core.pack.task: Packer task: initialize from command line() 
core.pack.pack_rotamers: built 7090 rotamers at 492 positions.
core.pack.interaction_graph.interaction_graph_factory: Instantiating DensePDInteractionGraph
protocols.relax.FastRelax: CMD: repack  -1081.5  3.17481  3.17481  0.55
protocols.relax.FastRelax: CMD: min  -1135.79  3.10124  3.10124  0.55
protocols.relax.FastRelax: MRP: 2  -1135.79  -1135.79  3.10124  3.10124  
protocols.relax.FastRelax: CMD: accept_to_best  -1135.79  3.10124  3.10124  0.55
protocols.relax.FastRelax: CMD: endrepeat  -1135.79  3.10124  3.10124  0.55
protocols.relax.FastRelax: CMD: coord_cst_weight  82262.7  3.10124  3.10124  0.55
protocols.relax.FastRelax: CMD: scale:fa_rep  81927.6  3.10124  3.10124  0.022
core.pack.task: Packer task: initialize from command line() 
core.pack.pack_rotamers: built 7805 rotamers at 492 positions.
core.pack.interaction_graph.interaction_graph_factory: Instantiating DensePDInteractionGraph
protocols.relax.FastRelax: CMD: repack  81908.4  3.10124  3.10124  0.022
protocols.relax.FastRelax: CMD: scale:fa_rep  81916.5  3.10124  3.10124  0.02805
core.optimization.Minimizer: [ WARNING ] LBFGS MAX CYCLES 2000 EXCEEDED, BUT FUNC NOT CONVERGED!
protocols.relax.FastRelax: CMD: min  -1264.15  0.181039  0.181039  0.02805
protocols.relax.FastRelax: CMD: coord_cst_weight  -1335.7  0.181039  0.181039  0.02805
protocols.relax.FastRelax: CMD: scale:fa_rep  -978.546  0.181039  0.181039  0.14575
core.pack.task: Packer task: initialize from command line() 
core.pack.pack_rotamers: built 7349 rotamers at 492 positions.
core.pack.interaction_graph.interaction_graph_factory: Instantiating DensePDInteractionGraph
protocols.relax.FastRelax: CMD: repack  -1040.06  0.181039  0.181039  0.14575
protocols.relax.FastRelax: CMD: scale:fa_rep  -1019.83  0.181039  0.181039  0.154
protocols.relax.FastRelax: CMD: min  -1183.34  0.225116  0.225116  0.154
protocols.relax.FastRelax: CMD: coord_cst_weight  -1293.85  0.225116  0.225116  0.154
protocols.relax.FastRelax: CMD: scale:fa_rep  -1115.78  0.225116  0.225116  0.30745
core.pack.task: Packer task: initialize from command line() 
core.pack.pack_rotamers: built 7164 rotamers at 492 positions.
core.pack.interaction_graph.interaction_graph_factory: Instantiating DensePDInteractionGraph
protocols.relax.FastRelax: CMD: repack  -1116.15  0.225116  0.225116  0.30745
protocols.relax.FastRelax: CMD: scale:fa_rep  -1102.16  0.225116  0.225116  0.31955
protocols.relax.FastRelax: CMD: min  -1307.98  3.07674  3.07674  0.31955
protocols.relax.FastRelax: CMD: coord_cst_weight  -1307.98  3.07674  3.07674  0.31955
protocols.relax.FastRelax: CMD: scale:fa_rep  -1098.18  3.07674  3.07674  0.55
core.pack.task: Packer task: initialize from command line() 
core.pack.pack_rotamers: built 7011 rotamers at 492 positions.
core.pack.interaction_graph.interaction_graph_factory: Instantiating DensePDInteractionGraph
protocols.relax.FastRelax: CMD: repack  -1099.93  3.07674  3.07674  0.55
protocols.relax.FastRelax: CMD: min  -1157.14  3.11642  3.11642  0.55
protocols.relax.FastRelax: MRP: 3  -1157.14  -1157.14  3.11642  3.11642  
protocols.relax.FastRelax: CMD: accept_to_best  -1157.14  3.11642  3.11642  0.55
protocols.relax.FastRelax: CMD: endrepeat  -1157.14  3.11642  3.11642  0.55
protocols.relax.FastRelax: CMD: coord_cst_weight  66001.6  3.11642  3.11642  0.55
protocols.relax.FastRelax: CMD: scale:fa_rep  65667.7  3.11642  3.11642  0.022
core.pack.task: Packer task: initialize from command line() 
core.pack.pack_rotamers: built 7729 rotamers at 492 positions.
core.pack.interaction_graph.interaction_graph_factory: Instantiating DensePDInteractionGraph
protocols.relax.FastRelax: CMD: repack  65641.1  3.11642  3.11642  0.022
protocols.relax.FastRelax: CMD: scale:fa_rep  65648.4  3.11642  3.11642  0.02805
core.optimization.Minimizer: [ WARNING ] LBFGS MAX CYCLES 2000 EXCEEDED, BUT FUNC NOT CONVERGED!
protocols.relax.FastRelax: CMD: min  -1267.04  0.185085  0.185085  0.02805
protocols.relax.FastRelax: CMD: coord_cst_weight  -1341.92  0.185085  0.185085  0.02805
protocols.relax.FastRelax: CMD: scale:fa_rep  -980.221  0.185085  0.185085  0.14575
core.pack.task: Packer task: initialize from command line() 
core.pack.pack_rotamers: built 7332 rotamers at 492 positions.
core.pack.interaction_graph.interaction_graph_factory: Instantiating DensePDInteractionGraph
protocols.relax.FastRelax: CMD: repack  -1053.22  0.185085  0.185085  0.14575
protocols.relax.FastRelax: CMD: scale:fa_rep  -1033.79  0.185085  0.185085  0.154
protocols.relax.FastRelax: CMD: min  -1195.31  0.226654  0.226654  0.154
protocols.relax.FastRelax: CMD: coord_cst_weight  -1307.34  0.226654  0.226654  0.154
protocols.relax.FastRelax: CMD: scale:fa_rep  -1131.68  0.226654  0.226654  0.30745
core.pack.task: Packer task: initialize from command line() 
core.pack.pack_rotamers: built 7121 rotamers at 492 positions.
core.pack.interaction_graph.interaction_graph_factory: Instantiating DensePDInteractionGraph
protocols.relax.FastRelax: CMD: repack  -1131.98  0.226654  0.226654  0.30745
protocols.relax.FastRelax: CMD: scale:fa_rep  -1118.22  0.226654  0.226654  0.31955
protocols.relax.FastRelax: CMD: min  -1304.53  3.12367  3.12367  0.31955
protocols.relax.FastRelax: CMD: coord_cst_weight  -1304.53  3.12367  3.12367  0.31955
protocols.relax.FastRelax: CMD: scale:fa_rep  -1096.61  3.12367  3.12367  0.55
core.pack.task: Packer task: initialize from command line() 
core.pack.pack_rotamers: built 6963 rotamers at 492 positions.
core.pack.interaction_graph.interaction_graph_factory: Instantiating DensePDInteractionGraph
protocols.relax.FastRelax: CMD: repack  -1101.18  3.12367  3.12367  0.55
protocols.relax.FastRelax: CMD: min  -1162.12  3.14959  3.14959  0.55
protocols.relax.FastRelax: MRP: 4  -1162.12  -1162.12  3.14959  3.14959  
protocols.relax.FastRelax: CMD: accept_to_best  -1162.12  3.14959  3.14959  0.55
protocols.relax.FastRelax: CMD: endrepeat  -1162.12  3.14959  3.14959  0.55
protocols.relax.FastRelax: CMD: coord_cst_weight  50123.7  3.14959  3.14959  0.55
protocols.relax.FastRelax: CMD: scale:fa_rep  49791.9  3.14959  3.14959  0.022
core.pack.task: Packer task: initialize from command line() 
core.pack.pack_rotamers: built 7704 rotamers at 492 positions.
core.pack.interaction_graph.interaction_graph_factory: Instantiating DensePDInteractionGraph
protocols.relax.FastRelax: CMD: repack  49778.3  3.14959  3.14959  0.022
protocols.relax.FastRelax: CMD: scale:fa_rep  49784.4  3.14959  3.14959  0.02805
core.optimization.Minimizer: [ WARNING ] LBFGS MAX CYCLES 2000 EXCEEDED, BUT FUNC NOT CONVERGED!
protocols.relax.FastRelax: CMD: min  -1274.95  0.178687  0.178687  0.02805
protocols.relax.FastRelax: CMD: coord_cst_weight  -1345.01  0.178687  0.178687  0.02805
protocols.relax.FastRelax: CMD: scale:fa_rep  -1038.44  0.178687  0.178687  0.14575
core.pack.task: Packer task: initialize from command line() 
core.pack.pack_rotamers: built 7330 rotamers at 492 positions.
core.pack.interaction_graph.interaction_graph_factory: Instantiating DensePDInteractionGraph
protocols.relax.FastRelax: CMD: repack  -1070.77  0.178687  0.178687  0.14575
protocols.relax.FastRelax: CMD: scale:fa_rep  -1051.52  0.178687  0.178687  0.154
protocols.relax.FastRelax: CMD: min  -1197.48  0.226861  0.226861  0.154
protocols.relax.FastRelax: CMD: coord_cst_weight  -1309.64  0.226861  0.226861  0.154
protocols.relax.FastRelax: CMD: scale:fa_rep  -1131.43  0.226861  0.226861  0.30745
core.pack.task: Packer task: initialize from command line() 
core.pack.pack_rotamers: built 7137 rotamers at 492 positions.
core.pack.interaction_graph.interaction_graph_factory: Instantiating DensePDInteractionGraph
protocols.relax.FastRelax: CMD: repack  -1131.73  0.226861  0.226861  0.30745
protocols.relax.FastRelax: CMD: scale:fa_rep  -1117.85  0.226861  0.226861  0.31955
protocols.relax.FastRelax: CMD: min  -1311.3  3.79171  3.79171  0.31955
protocols.relax.FastRelax: CMD: coord_cst_weight  -1311.3  3.79171  3.79171  0.31955
protocols.relax.FastRelax: CMD: scale:fa_rep  -1102.69  3.79171  3.79171  0.55
core.pack.task: Packer task: initialize from command line() 
core.pack.pack_rotamers: built 6965 rotamers at 492 positions.
core.pack.interaction_graph.interaction_graph_factory: Instantiating DensePDInteractionGraph
protocols.relax.FastRelax: CMD: repack  -1105.55  3.79171  3.79171  0.55
protocols.relax.FastRelax: CMD: min  -1159.79  3.52388  3.52388  0.55
protocols.relax.FastRelax: MRP: 5  -1159.79  -1162.12  3.14959  3.14959  
protocols.relax.FastRelax: CMD: accept_to_best  -1159.79  3.52388  3.52388  0.55
protocols.relax.FastRelax: CMD: endrepeat  -1159.79  3.52388  3.52388  0.55
protocols.relax.FastRelax: CMD: coord_cst_weight  125000  3.52388  3.52388  0.55
protocols.relax.FastRelax: CMD: scale:fa_rep  124669  3.52388  3.52388  0.022
core.pack.task: Packer task: initialize from command line() 
core.pack.pack_rotamers: built 7744 rotamers at 492 positions.
core.pack.interaction_graph.interaction_graph_factory: Instantiating DensePDInteractionGraph
protocols.relax.FastRelax: CMD: repack  124661  3.52388  3.52388  0.022
protocols.relax.FastRelax: CMD: scale:fa_rep  124670  3.52388  3.52388  0.02805
core.optimization.Minimizer: [ WARNING ] LBFGS MAX CYCLES 2000 EXCEEDED, BUT FUNC NOT CONVERGED!
protocols.relax.FastRelax: CMD: min  -1261.65  0.183065  0.183065  0.02805
protocols.relax.FastRelax: CMD: coord_cst_weight  -1335.81  0.183065  0.183065  0.02805
protocols.relax.FastRelax: CMD: scale:fa_rep  -1014.99  0.183065  0.183065  0.14575
core.pack.task: Packer task: initialize from command line() 
core.pack.pack_rotamers: built 7358 rotamers at 492 positions.
core.pack.interaction_graph.interaction_graph_factory: Instantiating DensePDInteractionGraph
protocols.relax.FastRelax: CMD: repack  -1051.79  0.183065  0.183065  0.14575
protocols.relax.FastRelax: CMD: scale:fa_rep  -1031.72  0.183065  0.183065  0.154
protocols.relax.FastRelax: CMD: min  -1188.73  0.229603  0.229603  0.154
protocols.relax.FastRelax: CMD: coord_cst_weight  -1303.37  0.229603  0.229603  0.154
protocols.relax.FastRelax: CMD: scale:fa_rep  -1119.3  0.229603  0.229603  0.30745
core.pack.task: Packer task: initialize from command line() 
core.pack.pack_rotamers: built 7158 rotamers at 492 positions.
core.pack.interaction_graph.interaction_graph_factory: Instantiating DensePDInteractionGraph
protocols.relax.FastRelax: CMD: repack  -1118.09  0.229603  0.229603  0.30745
protocols.relax.FastRelax: CMD: scale:fa_rep  -1103.84  0.229603  0.229603  0.31955
protocols.relax.FastRelax: CMD: min  -1308.07  3.65428  3.65428  0.31955
protocols.relax.FastRelax: CMD: coord_cst_weight  -1308.07  3.65428  3.65428  0.31955
protocols.relax.FastRelax: CMD: scale:fa_rep  -1099.77  3.65428  3.65428  0.55
core.pack.task: Packer task: initialize from command line() 
core.pack.pack_rotamers: built 6948 rotamers at 492 positions.
core.pack.interaction_graph.interaction_graph_factory: Instantiating DensePDInteractionGraph
protocols.relax.FastRelax: CMD: repack  -1101.88  3.65428  3.65428  0.55
protocols.relax.FastRelax: CMD: min  -1156.05  3.61886  3.61886  0.55
protocols.relax.FastRelax: MRP: 6  -1156.05  -1162.12  3.14959  3.14959  
protocols.relax.FastRelax: CMD: accept_to_best  -1156.05  3.61886  3.61886  0.55
protocols.relax.FastRelax: CMD: endrepeat  -1156.05  3.61886  3.61886  0.55
protocols.relax.FastRelax: CMD: coord_cst_weight  89132.2  3.61886  3.61886  0.55
protocols.relax.FastRelax: CMD: scale:fa_rep  88804.9  3.61886  3.61886  0.022
core.pack.task: Packer task: initialize from command line() 
core.pack.pack_rotamers: built 7731 rotamers at 492 positions.
core.pack.interaction_graph.interaction_graph_factory: Instantiating DensePDInteractionGraph
protocols.relax.FastRelax: CMD: repack  88785  3.61886  3.61886  0.022
protocols.relax.FastRelax: CMD: scale:fa_rep  88791.3  3.61886  3.61886  0.02805
core.optimization.Minimizer: [ WARNING ] LBFGS MAX CYCLES 2000 EXCEEDED, BUT FUNC NOT CONVERGED!
protocols.relax.FastRelax: CMD: min  -1269.24  0.184311  0.184311  0.02805
protocols.relax.FastRelax: CMD: coord_cst_weight  -1343.62  0.184311  0.184311  0.02805
protocols.relax.FastRelax: CMD: scale:fa_rep  -1026.59  0.184311  0.184311  0.14575
core.pack.task: Packer task: initialize from command line() 
core.pack.pack_rotamers: built 7362 rotamers at 492 positions.
core.pack.interaction_graph.interaction_graph_factory: Instantiating DensePDInteractionGraph
protocols.relax.FastRelax: CMD: repack  -1065.86  0.184311  0.184311  0.14575
protocols.relax.FastRelax: CMD: scale:fa_rep  -1046.2  0.184311  0.184311  0.154
protocols.relax.FastRelax: CMD: min  -1201.3  0.226532  0.226532  0.154
protocols.relax.FastRelax: CMD: coord_cst_weight  -1312.71  0.226532  0.226532  0.154
protocols.relax.FastRelax: CMD: scale:fa_rep  -1130.46  0.226532  0.226532  0.30745
core.pack.task: Packer task: initialize from command line() 
core.pack.pack_rotamers: built 7172 rotamers at 492 positions.
core.pack.interaction_graph.interaction_graph_factory: Instantiating DensePDInteractionGraph
protocols.relax.FastRelax: CMD: repack  -1130.74  0.226532  0.226532  0.30745
protocols.relax.FastRelax: CMD: scale:fa_rep  -1116.56  0.226532  0.226532  0.31955
protocols.relax.FastRelax: CMD: min  -1308.3  3.74332  3.74332  0.31955
protocols.relax.FastRelax: CMD: coord_cst_weight  -1308.3  3.74332  3.74332  0.31955
protocols.relax.FastRelax: CMD: scale:fa_rep  -1101.23  3.74332  3.74332  0.55
core.pack.task: Packer task: initialize from command line() 
core.pack.pack_rotamers: built 6966 rotamers at 492 positions.
core.pack.interaction_graph.interaction_graph_factory: Instantiating DensePDInteractionGraph
protocols.relax.FastRelax: CMD: repack  -1105.82  3.74332  3.74332  0.55
protocols.relax.FastRelax: CMD: min  -1163.66  4.10689  4.10689  0.55
protocols.relax.FastRelax: MRP: 7  -1163.66  -1163.66  4.10689  4.10689  
protocols.relax.FastRelax: CMD: accept_to_best  -1163.66  4.10689  4.10689  0.55
protocols.relax.FastRelax: CMD: endrepeat  -1163.66  4.10689  4.10689  0.55
protocols.relax.FastRelax: CMD: coord_cst_weight  77915.7  4.10689  4.10689  0.55
protocols.relax.FastRelax: CMD: scale:fa_rep  77588.3  4.10689  4.10689  0.022
core.pack.task: Packer task: initialize from command line() 
core.pack.pack_rotamers: built 7683 rotamers at 492 positions.
core.pack.interaction_graph.interaction_graph_factory: Instantiating DensePDInteractionGraph
protocols.relax.FastRelax: CMD: repack  77564.8  4.10689  4.10689  0.022
protocols.relax.FastRelax: CMD: scale:fa_rep  77573.8  4.10689  4.10689  0.02805
core.optimization.Minimizer: [ WARNING ] LBFGS MAX CYCLES 2000 EXCEEDED, BUT FUNC NOT CONVERGED!
protocols.relax.FastRelax: CMD: min  -1258.12  0.189187  0.189187  0.02805
protocols.relax.FastRelax: CMD: coord_cst_weight  -1336.95  0.189187  0.189187  0.02805
protocols.relax.FastRelax: CMD: scale:fa_rep  -980.328  0.189187  0.189187  0.14575
core.pack.task: Packer task: initialize from command line() 
core.pack.pack_rotamers: built 7314 rotamers at 492 positions.
core.pack.interaction_graph.interaction_graph_factory: Instantiating DensePDInteractionGraph
protocols.relax.FastRelax: CMD: repack  -1049.65  0.189187  0.189187  0.14575
protocols.relax.FastRelax: CMD: scale:fa_rep  -1029.85  0.189187  0.189187  0.154
protocols.relax.FastRelax: CMD: min  -1191.84  0.22458  0.22458  0.154
protocols.relax.FastRelax: CMD: coord_cst_weight  -1302.4  0.22458  0.22458  0.154
protocols.relax.FastRelax: CMD: scale:fa_rep  -1122.21  0.22458  0.22458  0.30745
core.pack.task: Packer task: initialize from command line() 
core.pack.pack_rotamers: built 7193 rotamers at 492 positions.
core.pack.interaction_graph.interaction_graph_factory: Instantiating DensePDInteractionGraph
protocols.relax.FastRelax: CMD: repack  -1123.6  0.22458  0.22458  0.30745
protocols.relax.FastRelax: CMD: scale:fa_rep  -1109.5  0.22458  0.22458  0.31955
protocols.relax.FastRelax: CMD: min  -1309.21  3.50105  3.50105  0.31955
protocols.relax.FastRelax: CMD: coord_cst_weight  -1309.21  3.50105  3.50105  0.31955
protocols.relax.FastRelax: CMD: scale:fa_rep  -1102.15  3.50105  3.50105  0.55
core.pack.task: Packer task: initialize from command line() 
core.pack.pack_rotamers: built 6957 rotamers at 492 positions.
core.pack.interaction_graph.interaction_graph_factory: Instantiating DensePDInteractionGraph
protocols.relax.FastRelax: CMD: repack  -1105.46  3.50105  3.50105  0.55
protocols.relax.FastRelax: CMD: min  -1160.29  3.90251  3.90251  0.55
protocols.relax.FastRelax: MRP: 8  -1160.29  -1163.66  4.10689  4.10689  
protocols.relax.FastRelax: CMD: accept_to_best  -1160.29  3.90251  3.90251  0.55
protocols.relax.FastRelax: CMD: endrepeat  -1160.29  3.90251  3.90251  0.55
protocols.relax.FastRelax: CMD: coord_cst_weight  75036.7  3.90251  3.90251  0.55
protocols.relax.FastRelax: CMD: scale:fa_rep  74709.7  3.90251  3.90251  0.022
core.pack.task: Packer task: initialize from command line() 
core.pack.pack_rotamers: built 7704 rotamers at 492 positions.
core.pack.interaction_graph.interaction_graph_factory: Instantiating DensePDInteractionGraph
protocols.relax.FastRelax: CMD: repack  74703.1  3.90251  3.90251  0.022
protocols.relax.FastRelax: CMD: scale:fa_rep  74711.7  3.90251  3.90251  0.02805
core.optimization.Minimizer: [ WARNING ] LBFGS MAX CYCLES 2000 EXCEEDED, BUT FUNC NOT CONVERGED!
protocols.relax.FastRelax: CMD: min  -1239.51  0.185346  0.185346  0.02805
protocols.relax.FastRelax: CMD: coord_cst_weight  -1317.31  0.185346  0.185346  0.02805
protocols.relax.FastRelax: CMD: scale:fa_rep  -976.294  0.185346  0.185346  0.14575
core.pack.task: Packer task: initialize from command line() 
core.pack.pack_rotamers: built 7351 rotamers at 492 positions.
core.pack.interaction_graph.interaction_graph_factory: Instantiating DensePDInteractionGraph
protocols.relax.FastRelax: CMD: repack  -1044.78  0.185346  0.185346  0.14575
protocols.relax.FastRelax: CMD: scale:fa_rep  -1025.81  0.185346  0.185346  0.154
protocols.relax.FastRelax: CMD: min  -1195.83  0.223559  0.223559  0.154
protocols.relax.FastRelax: CMD: coord_cst_weight  -1306.02  0.223559  0.223559  0.154
protocols.relax.FastRelax: CMD: scale:fa_rep  -1131.43  0.223559  0.223559  0.30745
core.pack.task: Packer task: initialize from command line() 
core.pack.pack_rotamers: built 7130 rotamers at 492 positions.
core.pack.interaction_graph.interaction_graph_factory: Instantiating DensePDInteractionGraph
protocols.relax.FastRelax: CMD: repack  -1131.78  0.223559  0.223559  0.30745
protocols.relax.FastRelax: CMD: scale:fa_rep  -1118.07  0.223559  0.223559  0.31955
protocols.relax.FastRelax: CMD: min  -1305.9  2.48645  2.48645  0.31955
protocols.relax.FastRelax: CMD: coord_cst_weight  -1305.9  2.48645  2.48645  0.31955
protocols.relax.FastRelax: CMD: scale:fa_rep  -1101.33  2.48645  2.48645  0.55
core.pack.task: Packer task: initialize from command line() 
core.pack.pack_rotamers: built 6944 rotamers at 492 positions.
core.pack.interaction_graph.interaction_graph_factory: Instantiating DensePDInteractionGraph
protocols.relax.FastRelax: CMD: repack  -1107.71  2.48645  2.48645  0.55
protocols.relax.FastRelax: CMD: min  -1164.79  2.86758  2.86758  0.55
protocols.relax.FastRelax: MRP: 9  -1164.79  -1164.79  2.86758  2.86758  
protocols.relax.FastRelax: CMD: accept_to_best  -1164.79  2.86758  2.86758  0.55
protocols.relax.FastRelax: CMD: endrepeat  -1164.79  2.86758  2.86758  0.55
protocols.relax.FastRelax: CMD: coord_cst_weight  36121  2.86758  2.86758  0.55
protocols.relax.FastRelax: CMD: scale:fa_rep  35792.9  2.86758  2.86758  0.022
core.pack.task: Packer task: initialize from command line() 
core.pack.pack_rotamers: built 7727 rotamers at 492 positions.
core.pack.interaction_graph.interaction_graph_factory: Instantiating DensePDInteractionGraph
protocols.relax.FastRelax: CMD: repack  35770.6  2.86758  2.86758  0.022
protocols.relax.FastRelax: CMD: scale:fa_rep  35777.9  2.86758  2.86758  0.02805
core.optimization.Minimizer: [ WARNING ] LBFGS MAX CYCLES 2000 EXCEEDED, BUT FUNC NOT CONVERGED!
protocols.relax.FastRelax: CMD: min  -1283.05  0.180188  0.180188  0.02805
protocols.relax.FastRelax: CMD: coord_cst_weight  -1354.43  0.180188  0.180188  0.02805
protocols.relax.FastRelax: CMD: scale:fa_rep  -1034.29  0.180188  0.180188  0.14575
core.pack.task: Packer task: initialize from command line() 
core.pack.pack_rotamers: built 7312 rotamers at 492 positions.
core.pack.interaction_graph.interaction_graph_factory: Instantiating DensePDInteractionGraph
protocols.relax.FastRelax: CMD: repack  -1063.3  0.180188  0.180188  0.14575
protocols.relax.FastRelax: CMD: scale:fa_rep  -1042.8  0.180188  0.180188  0.154
protocols.relax.FastRelax: CMD: min  -1193.71  0.22993  0.22993  0.154
protocols.relax.FastRelax: CMD: coord_cst_weight  -1307.35  0.22993  0.22993  0.154
protocols.relax.FastRelax: CMD: scale:fa_rep  -1120.91  0.22993  0.22993  0.30745
core.pack.task: Packer task: initialize from command line() 
core.pack.pack_rotamers: built 7083 rotamers at 492 positions.
core.pack.interaction_graph.interaction_graph_factory: Instantiating DensePDInteractionGraph
protocols.relax.FastRelax: CMD: repack  -1122.06  0.22993  0.22993  0.30745
protocols.relax.FastRelax: CMD: scale:fa_rep  -1107.63  0.22993  0.22993  0.31955
protocols.relax.FastRelax: CMD: min  -1320.76  3.13597  3.13597  0.31955
protocols.relax.FastRelax: CMD: coord_cst_weight  -1320.76  3.13597  3.13597  0.31955
protocols.relax.FastRelax: CMD: scale:fa_rep  -1113.8  3.13597  3.13597  0.55
core.pack.task: Packer task: initialize from command line() 
core.pack.pack_rotamers: built 6983 rotamers at 492 positions.
core.pack.interaction_graph.interaction_graph_factory: Instantiating DensePDInteractionGraph
protocols.relax.FastRelax: CMD: repack  -1120.31  3.13597  3.13597  0.55
protocols.relax.FastRelax: CMD: min  -1167.93  3.13534  3.13534  0.55
protocols.relax.FastRelax: MRP: 10  -1167.93  -1167.93  3.13534  3.13534  
protocols.relax.FastRelax: CMD: accept_to_best  -1167.93  3.13534  3.13534  0.55
protocols.relax.FastRelax: CMD: endrepeat  -1167.93  3.13534  3.13534  0.55
protocols.relax.FastRelax: CMD: coord_cst_weight  63328.4  3.13534  3.13534  0.55
protocols.relax.FastRelax: CMD: scale:fa_rep  62994  3.13534  3.13534  0.022
core.pack.task: Packer task: initialize from command line() 
core.pack.pack_rotamers: built 7700 rotamers at 492 positions.
core.pack.interaction_graph.interaction_graph_factory: Instantiating DensePDInteractionGraph
protocols.relax.FastRelax: CMD: repack  62982.6  3.13534  3.13534  0.022
protocols.relax.FastRelax: CMD: scale:fa_rep  62990  3.13534  3.13534  0.02805
core.optimization.Minimizer: [ WARNING ] LBFGS MAX CYCLES 2000 EXCEEDED, BUT FUNC NOT CONVERGED!
protocols.relax.FastRelax: CMD: min  -1267.43  0.186609  0.186609  0.02805
protocols.relax.FastRelax: CMD: coord_cst_weight  -1341.77  0.186609  0.186609  0.02805
protocols.relax.FastRelax: CMD: scale:fa_rep  -987.347  0.186609  0.186609  0.14575
core.pack.task: Packer task: initialize from command line() 
core.pack.pack_rotamers: built 7314 rotamers at 492 positions.
core.pack.interaction_graph.interaction_graph_factory: Instantiating DensePDInteractionGraph
protocols.relax.FastRelax: CMD: repack  -1020.07  0.186609  0.186609  0.14575
protocols.relax.FastRelax: CMD: scale:fa_rep  -997.258  0.186609  0.186609  0.154
protocols.relax.FastRelax: CMD: min  -1185.22  0.23978  0.23978  0.154
protocols.relax.FastRelax: CMD: coord_cst_weight  -1306.48  0.23978  0.23978  0.154
protocols.relax.FastRelax: CMD: scale:fa_rep  -1119.65  0.23978  0.23978  0.30745
core.pack.task: Packer task: initialize from command line() 
core.pack.pack_rotamers: built 7128 rotamers at 492 positions.
core.pack.interaction_graph.interaction_graph_factory: Instantiating DensePDInteractionGraph
protocols.relax.FastRelax: CMD: repack  -1120.71  0.23978  0.23978  0.30745
protocols.relax.FastRelax: CMD: scale:fa_rep  -1106.14  0.23978  0.23978  0.31955
protocols.relax.FastRelax: CMD: min  -1330.8  2.93548  2.93548  0.31955
protocols.relax.FastRelax: CMD: coord_cst_weight  -1330.8  2.93548  2.93548  0.31955
protocols.relax.FastRelax: CMD: scale:fa_rep  -1123.5  2.93548  2.93548  0.55
core.pack.task: Packer task: initialize from command line() 
core.pack.pack_rotamers: built 7024 rotamers at 492 positions.
core.pack.interaction_graph.interaction_graph_factory: Instantiating DensePDInteractionGraph
protocols.relax.FastRelax: CMD: repack  -1128.01  2.93548  2.93548  0.55
protocols.relax.FastRelax: CMD: min  -1175.57  3.10053  3.10053  0.55
protocols.relax.FastRelax: MRP: 11  -1175.57  -1175.57  3.10053  3.10053  
protocols.relax.FastRelax: CMD: accept_to_best  -1175.57  3.10053  3.10053  0.55
protocols.relax.FastRelax: CMD: endrepeat  -1175.57  3.10053  3.10053  0.55
protocols.relax.FastRelax: CMD: coord_cst_weight  59200.8  3.10053  3.10053  0.55
protocols.relax.FastRelax: CMD: scale:fa_rep  58866.2  3.10053  3.10053  0.022
core.pack.task: Packer task: initialize from command line() 
core.pack.pack_rotamers: built 7709 rotamers at 492 positions.
core.pack.interaction_graph.interaction_graph_factory: Instantiating DensePDInteractionGraph
protocols.relax.FastRelax: CMD: repack  58843  3.10053  3.10053  0.022
protocols.relax.FastRelax: CMD: scale:fa_rep  58849  3.10053  3.10053  0.02805
core.optimization.Minimizer: [ WARNING ] LBFGS MAX CYCLES 2000 EXCEEDED, BUT FUNC NOT CONVERGED!
protocols.relax.FastRelax: CMD: min  -1291.72  0.185091  0.185091  0.02805
protocols.relax.FastRelax: CMD: coord_cst_weight  -1364.72  0.185091  0.185091  0.02805
protocols.relax.FastRelax: CMD: scale:fa_rep  -1015.27  0.185091  0.185091  0.14575
core.pack.task: Packer task: initialize from command line() 
core.pack.pack_rotamers: built 7325 rotamers at 492 positions.
core.pack.interaction_graph.interaction_graph_factory: Instantiating DensePDInteractionGraph
protocols.relax.FastRelax: CMD: repack  -1036.07  0.185091  0.185091  0.14575
protocols.relax.FastRelax: CMD: scale:fa_rep  -1013.77  0.185091  0.185091  0.154
protocols.relax.FastRelax: CMD: min  -1192.28  0.235109  0.235109  0.154
protocols.relax.FastRelax: CMD: coord_cst_weight  -1310.28  0.235109  0.235109  0.154
protocols.relax.FastRelax: CMD: scale:fa_rep  -1124.11  0.235109  0.235109  0.30745
core.pack.task: Packer task: initialize from command line() 
core.pack.pack_rotamers: built 7130 rotamers at 492 positions.
core.pack.interaction_graph.interaction_graph_factory: Instantiating DensePDInteractionGraph
protocols.relax.FastRelax: CMD: repack  -1124.47  0.235109  0.235109  0.30745
protocols.relax.FastRelax: CMD: scale:fa_rep  -1109.86  0.235109  0.235109  0.31955
protocols.relax.FastRelax: CMD: min  -1325.44  2.82985  2.82985  0.31955
protocols.relax.FastRelax: CMD: coord_cst_weight  -1325.44  2.82985  2.82985  0.31955
protocols.relax.FastRelax: CMD: scale:fa_rep  -1117.13  2.82985  2.82985  0.55
core.pack.task: Packer task: initialize from command line() 
core.pack.pack_rotamers: built 6987 rotamers at 492 positions.
core.pack.interaction_graph.interaction_graph_factory: Instantiating DensePDInteractionGraph
protocols.relax.FastRelax: CMD: repack  -1122.74  2.82985  2.82985  0.55
protocols.relax.FastRelax: CMD: min  -1174.54  3.20286  3.20286  0.55
protocols.relax.FastRelax: MRP: 12  -1174.54  -1175.57  3.10053  3.10053  
protocols.relax.FastRelax: CMD: accept_to_best  -1174.54  3.20286  3.20286  0.55
protocols.relax.FastRelax: CMD: endrepeat  -1174.54  3.20286  3.20286  0.55
protocols.relax.FastRelax: CMD: coord_cst_weight  79480.7  3.20286  3.20286  0.55
protocols.relax.FastRelax: CMD: scale:fa_rep  79148.5  3.20286  3.20286  0.022
core.pack.task: Packer task: initialize from command line() 
core.pack.pack_rotamers: built 7705 rotamers at 492 positions.
core.pack.interaction_graph.interaction_graph_factory: Instantiating DensePDInteractionGraph
protocols.relax.FastRelax: CMD: repack  79130.9  3.20286  3.20286  0.022
protocols.relax.FastRelax: CMD: scale:fa_rep  79137.3  3.20286  3.20286  0.02805
core.optimization.Minimizer: [ WARNING ] LBFGS MAX CYCLES 2000 EXCEEDED, BUT FUNC NOT CONVERGED!
protocols.relax.FastRelax: CMD: min  -1276.12  0.183157  0.183157  0.02805
protocols.relax.FastRelax: CMD: coord_cst_weight  -1348.99  0.183157  0.183157  0.02805
protocols.relax.FastRelax: CMD: scale:fa_rep  -1009.82  0.183157  0.183157  0.14575
core.pack.task: Packer task: initialize from command line() 
core.pack.pack_rotamers: built 7323 rotamers at 492 positions.
core.pack.interaction_graph.interaction_graph_factory: Instantiating DensePDInteractionGraph
protocols.relax.FastRelax: CMD: repack  -1049.87  0.183157  0.183157  0.14575
protocols.relax.FastRelax: CMD: scale:fa_rep  -1029.07  0.183157  0.183157  0.154
protocols.relax.FastRelax: CMD: min  -1190.04  0.233771  0.233771  0.154
protocols.relax.FastRelax: CMD: coord_cst_weight  -1306.41  0.233771  0.233771  0.154
protocols.relax.FastRelax: CMD: scale:fa_rep  -1119.62  0.233771  0.233771  0.30745
core.pack.task: Packer task: initialize from command line() 
core.pack.pack_rotamers: built 7114 rotamers at 492 positions.
core.pack.interaction_graph.interaction_graph_factory: Instantiating DensePDInteractionGraph
protocols.relax.FastRelax: CMD: repack  -1121.26  0.233771  0.233771  0.30745
protocols.relax.FastRelax: CMD: scale:fa_rep  -1106.88  0.233771  0.233771  0.31955
protocols.relax.FastRelax: CMD: min  -1316.36  3.26088  3.26088  0.31955
protocols.relax.FastRelax: CMD: coord_cst_weight  -1316.36  3.26088  3.26088  0.31955
protocols.relax.FastRelax: CMD: scale:fa_rep  -1111.02  3.26088  3.26088  0.55
core.pack.task: Packer task: initialize from command line() 
core.pack.pack_rotamers: built 6929 rotamers at 492 positions.
core.pack.interaction_graph.interaction_graph_factory: Instantiating DensePDInteractionGraph
protocols.relax.FastRelax: CMD: repack  -1117.67  3.26088  3.26088  0.55
protocols.relax.FastRelax: CMD: min  -1166.61  3.4023  3.4023  0.55
protocols.relax.FastRelax: MRP: 13  -1166.61  -1175.57  3.10053  3.10053  
protocols.relax.FastRelax: CMD: accept_to_best  -1166.61  3.4023  3.4023  0.55
protocols.relax.FastRelax: CMD: endrepeat  -1166.61  3.4023  3.4023  0.55
protocols.relax.FastRelax: CMD: coord_cst_weight  69364.8  3.4023  3.4023  0.55
protocols.relax.FastRelax: CMD: scale:fa_rep  69034.8  3.4023  3.4023  0.022
core.pack.task: Packer task: initialize from command line() 
core.pack.pack_rotamers: built 7655 rotamers at 492 positions.
core.pack.interaction_graph.interaction_graph_factory: Instantiating DensePDInteractionGraph
protocols.relax.FastRelax: CMD: repack  69008.9  3.4023  3.4023  0.022
protocols.relax.FastRelax: CMD: scale:fa_rep  69017.4  3.4023  3.4023  0.02805
core.optimization.Minimizer: [ WARNING ] LBFGS MAX CYCLES 2000 EXCEEDED, BUT FUNC NOT CONVERGED!
protocols.relax.FastRelax: CMD: min  -1257.92  0.187229  0.187229  0.02805
protocols.relax.FastRelax: CMD: coord_cst_weight  -1333.65  0.187229  0.187229  0.02805
protocols.relax.FastRelax: CMD: scale:fa_rep  -932.768  0.187229  0.187229  0.14575
core.pack.task: Packer task: initialize from command line() 
core.pack.pack_rotamers: built 7289 rotamers at 492 positions.
core.pack.interaction_graph.interaction_graph_factory: Instantiating DensePDInteractionGraph
protocols.relax.FastRelax: CMD: repack  -1034.17  0.187229  0.187229  0.14575
protocols.relax.FastRelax: CMD: scale:fa_rep  -1012.74  0.187229  0.187229  0.154
protocols.relax.FastRelax: CMD: min  -1185.68  0.236828  0.236828  0.154
protocols.relax.FastRelax: CMD: coord_cst_weight  -1303.85  0.236828  0.236828  0.154
protocols.relax.FastRelax: CMD: scale:fa_rep  -1114.84  0.236828  0.236828  0.30745
core.pack.task: Packer task: initialize from command line() 
core.pack.pack_rotamers: built 7114 rotamers at 492 positions.
core.pack.interaction_graph.interaction_graph_factory: Instantiating DensePDInteractionGraph
protocols.relax.FastRelax: CMD: repack  -1115.62  0.236828  0.236828  0.30745
protocols.relax.FastRelax: CMD: scale:fa_rep  -1100.87  0.236828  0.236828  0.31955
protocols.relax.FastRelax: CMD: min  -1319.09  3.14497  3.14497  0.31955
protocols.relax.FastRelax: CMD: coord_cst_weight  -1319.09  3.14497  3.14497  0.31955
protocols.relax.FastRelax: CMD: scale:fa_rep  -1112.23  3.14497  3.14497  0.55
core.pack.task: Packer task: initialize from command line() 
core.pack.pack_rotamers: built 6969 rotamers at 492 positions.
core.pack.interaction_graph.interaction_graph_factory: Instantiating DensePDInteractionGraph
protocols.relax.FastRelax: CMD: repack  -1101.89  3.14497  3.14497  0.55
protocols.relax.FastRelax: CMD: min  -1155.13  3.51668  3.51668  0.55
protocols.relax.FastRelax: MRP: 14  -1155.13  -1175.57  3.10053  3.10053  
protocols.relax.FastRelax: CMD: accept_to_best  -1155.13  3.51668  3.51668  0.55
protocols.relax.FastRelax: CMD: endrepeat  -1155.13  3.51668  3.51668  0.55
protocols::checkpoint: Deleting checkpoints of FastRelax
protocols.jd2.JobDistributor: target.BL00010001_11_0005 reported success in 14547 seconds
protocols.jd2.PDBJobInputter: PDBJobInputter::pose_from_job
protocols.jd2.PDBJobInputter: filling pose from PDB ../1-modeller/target.BL00010001.pdb
core.import_pose.import_pose: File '../1-modeller/target.BL00010001.pdb' automatically determined to be of type PDB from contents.
core.io.rcsb.ExperimentalTechnique: [ ERROR ] Unrecognized experimental technique string 'THEORETICAL MODEL, MODELLER 10.8 2026/08/10 16:18:02'
protocols.relax.FastRelax: CMD: repeat  4476.34  0  0  0.55
protocols.relax.FastRelax: CMD: coord_cst_weight  4476.34  0  0  0.55
protocols.relax.FastRelax: CMD: scale:fa_rep  806.987  0  0  0.022
core.pack.task: Packer task: initialize from command line() 
core.pack.pack_rotamers: built 8129 rotamers at 492 positions.
core.pack.interaction_graph.interaction_graph_factory: Instantiating DensePDInteractionGraph
protocols.relax.FastRelax: CMD: repack  -878.937  0  0  0.022
protocols.relax.FastRelax: CMD: scale:fa_rep  -841.415  0  0  0.02805
core.optimization.Minimizer: [ WARNING ] LBFGS MAX CYCLES 2000 EXCEEDED, BUT FUNC NOT CONVERGED!
protocols.relax.FastRelax: CMD: min  -1290.83  0.150057  0.150057  0.02805
protocols.relax.FastRelax: CMD: coord_cst_weight  -1338.48  0.150057  0.150057  0.02805
protocols.relax.FastRelax: CMD: scale:fa_rep  -958.821  0.150057  0.150057  0.14575
core.pack.task: Packer task: initialize from command line() 
core.pack.pack_rotamers: built 7401 rotamers at 492 positions.
core.pack.interaction_graph.interaction_graph_factory: Instantiating DensePDInteractionGraph
protocols.relax.FastRelax: CMD: repack  -989.339  0.150057  0.150057  0.14575
protocols.relax.FastRelax: CMD: scale:fa_rep  -967.172  0.150057  0.150057  0.154
core.optimization.Minimizer: [ WARNING ] LBFGS MAX CYCLES 2000 EXCEEDED, BUT FUNC NOT CONVERGED!
protocols.relax.FastRelax: CMD: min  -1156.15  0.20546  0.20546  0.154
protocols.relax.FastRelax: CMD: coord_cst_weight  -1247.21  0.20546  0.20546  0.154
protocols.relax.FastRelax: CMD: scale:fa_rep  -1056.47  0.20546  0.20546  0.30745
core.pack.task: Packer task: initialize from command line() 
core.pack.pack_rotamers: built 7245 rotamers at 492 positions.
core.pack.interaction_graph.interaction_graph_factory: Instantiating DensePDInteractionGraph
protocols.relax.FastRelax: CMD: repack  -1058.83  0.20546  0.20546  0.30745
protocols.relax.FastRelax: CMD: scale:fa_rep  -1043.87  0.20546  0.20546  0.31955
protocols.relax.FastRelax: CMD: min  -1243.59  3.02654  3.02654  0.31955
protocols.relax.FastRelax: CMD: coord_cst_weight  -1243.59  3.02654  3.02654  0.31955
protocols.relax.FastRelax: CMD: scale:fa_rep  -1033.01  3.02654  3.02654  0.55
core.pack.task: Packer task: initialize from command line() 
core.pack.pack_rotamers: built 7070 rotamers at 492 positions.
core.pack.interaction_graph.interaction_graph_factory: Instantiating DensePDInteractionGraph
protocols.relax.FastRelax: CMD: repack  -1042.34  3.02654  3.02654  0.55
protocols.relax.FastRelax: CMD: min  -1118.1  3.11079  3.11079  0.55
protocols.relax.FastRelax: MRP: 0  -1118.1  -1118.1  3.11079  3.11079  
protocols.relax.FastRelax: CMD: accept_to_best  -1118.1  3.11079  3.11079  0.55
protocols.relax.FastRelax: CMD: endrepeat  -1118.1  3.11079  3.11079  0.55
protocols.relax.FastRelax: CMD: coord_cst_weight  101662  3.11079  3.11079  0.55
protocols.relax.FastRelax: CMD: scale:fa_rep  101327  3.11079  3.11079  0.022
core.pack.task: Packer task: initialize from command line() 
core.pack.pack_rotamers: built 7840 rotamers at 492 positions.
core.pack.interaction_graph.interaction_graph_factory: Instantiating DensePDInteractionGraph
protocols.relax.FastRelax: CMD: repack  101322  3.11079  3.11079  0.022
protocols.relax.FastRelax: CMD: scale:fa_rep  101333  3.11079  3.11079  0.02805
core.optimization.Minimizer: [ WARNING ] LBFGS MAX CYCLES 2000 EXCEEDED, BUT FUNC NOT CONVERGED!
protocols.relax.FastRelax: CMD: min  -1236.31  0.177773  0.177773  0.02805
protocols.relax.FastRelax: CMD: coord_cst_weight  -1306.07  0.177773  0.177773  0.02805
protocols.relax.FastRelax: CMD: scale:fa_rep  -959.299  0.177773  0.177773  0.14575
core.pack.task: Packer task: initialize from command line() 
core.pack.pack_rotamers: built 7373 rotamers at 492 positions.
core.pack.interaction_graph.interaction_graph_factory: Instantiating DensePDInteractionGraph
protocols.relax.FastRelax: CMD: repack  -1010.74  0.177773  0.177773  0.14575
protocols.relax.FastRelax: CMD: scale:fa_rep  -989.808  0.177773  0.177773  0.154
protocols.relax.FastRelax: CMD: min  -1170.62  0.221215  0.221215  0.154
protocols.relax.FastRelax: CMD: coord_cst_weight  -1277.1  0.221215  0.221215  0.154
protocols.relax.FastRelax: CMD: scale:fa_rep  -1091.17  0.221215  0.221215  0.30745
core.pack.task: Packer task: initialize from command line() 
core.pack.pack_rotamers: built 7182 rotamers at 492 positions.
core.pack.interaction_graph.interaction_graph_factory: Instantiating DensePDInteractionGraph
protocols.relax.FastRelax: CMD: repack  -1094.19  0.221215  0.221215  0.30745
protocols.relax.FastRelax: CMD: scale:fa_rep  -1079.87  0.221215  0.221215  0.31955
protocols.relax.FastRelax: CMD: min  -1270.22  2.65123  2.65123  0.31955
protocols.relax.FastRelax: CMD: coord_cst_weight  -1270.22  2.65123  2.65123  0.31955
protocols.relax.FastRelax: CMD: scale:fa_rep  -1062.65  2.65123  2.65123  0.55
core.pack.task: Packer task: initialize from command line() 
core.pack.pack_rotamers: built 6971 rotamers at 492 positions.
core.pack.interaction_graph.interaction_graph_factory: Instantiating DensePDInteractionGraph
protocols.relax.FastRelax: CMD: repack  -1067.69  2.65123  2.65123  0.55
protocols.relax.FastRelax: CMD: min  -1118.87  3.01663  3.01663  0.55
protocols.relax.FastRelax: MRP: 1  -1118.87  -1118.87  3.01663  3.01663  
protocols.relax.FastRelax: CMD: accept_to_best  -1118.87  3.01663  3.01663  0.55
protocols.relax.FastRelax: CMD: endrepeat  -1118.87  3.01663  3.01663  0.55
protocols.relax.FastRelax: CMD: coord_cst_weight  55086.3  3.01663  3.01663  0.55
protocols.relax.FastRelax: CMD: scale:fa_rep  54755.1  3.01663  3.01663  0.022
core.pack.task: Packer task: initialize from command line() 
core.pack.pack_rotamers: built 7712 rotamers at 492 positions.
core.pack.interaction_graph.interaction_graph_factory: Instantiating DensePDInteractionGraph
protocols.relax.FastRelax: CMD: repack  54730.7  3.01663  3.01663  0.022
protocols.relax.FastRelax: CMD: scale:fa_rep  54739  3.01663  3.01663  0.02805
core.optimization.Minimizer: [ WARNING ] LBFGS MAX CYCLES 2000 EXCEEDED, BUT FUNC NOT CONVERGED!
protocols.relax.FastRelax: CMD: min  -1261.84  0.182597  0.182597  0.02805
protocols.relax.FastRelax: CMD: coord_cst_weight  -1334.45  0.182597  0.182597  0.02805
protocols.relax.FastRelax: CMD: scale:fa_rep  -1005.42  0.182597  0.182597  0.14575
core.pack.task: Packer task: initialize from command line() 
core.pack.pack_rotamers: built 7320 rotamers at 492 positions.
core.pack.interaction_graph.interaction_graph_factory: Instantiating DensePDInteractionGraph
protocols.relax.FastRelax: CMD: repack  -1038.41  0.182597  0.182597  0.14575
protocols.relax.FastRelax: CMD: scale:fa_rep  -1017.9  0.182597  0.182597  0.154
protocols.relax.FastRelax: CMD: min  -1178.66  0.225683  0.225683  0.154
protocols.relax.FastRelax: CMD: coord_cst_weight  -1290.64  0.225683  0.225683  0.154
protocols.relax.FastRelax: CMD: scale:fa_rep  -1103.01  0.225683  0.225683  0.30745
core.pack.task: Packer task: initialize from command line() 
core.pack.pack_rotamers: built 7143 rotamers at 492 positions.
core.pack.interaction_graph.interaction_graph_factory: Instantiating DensePDInteractionGraph
protocols.relax.FastRelax: CMD: repack  -1103.11  0.225683  0.225683  0.30745
protocols.relax.FastRelax: CMD: scale:fa_rep  -1088.63  0.225683  0.225683  0.31955
protocols.relax.FastRelax: CMD: min  -1271.98  3.30645  3.30645  0.31955
protocols.relax.FastRelax: CMD: coord_cst_weight  -1271.98  3.30645  3.30645  0.31955
protocols.relax.FastRelax: CMD: scale:fa_rep  -1066.51  3.30645  3.30645  0.55
core.pack.task: Packer task: initialize from command line() 
core.pack.pack_rotamers: built 7047 rotamers at 492 positions.
core.pack.interaction_graph.interaction_graph_factory: Instantiating DensePDInteractionGraph
protocols.relax.FastRelax: CMD: repack  -982.758  3.30645  3.30645  0.55
protocols.relax.FastRelax: CMD: min  -1133.03  3.30913  3.30913  0.55
protocols.relax.FastRelax: MRP: 2  -1133.03  -1133.03  3.30913  3.30913  
protocols.relax.FastRelax: CMD: accept_to_best  -1133.03  3.30913  3.30913  0.55
protocols.relax.FastRelax: CMD: endrepeat  -1133.03  3.30913  3.30913  0.55
protocols.relax.FastRelax: CMD: coord_cst_weight  60009  3.30913  3.30913  0.55
protocols.relax.FastRelax: CMD: scale:fa_rep  59684.5  3.30913  3.30913  0.022
core.pack.task: Packer task: initialize from command line() 
core.pack.pack_rotamers: built 7739 rotamers at 492 positions.
core.pack.interaction_graph.interaction_graph_factory: Instantiating DensePDInteractionGraph
protocols.relax.FastRelax: CMD: repack  59669.8  3.30913  3.30913  0.022
protocols.relax.FastRelax: CMD: scale:fa_rep  59681.2  3.30913  3.30913  0.02805
core.optimization.Minimizer: [ WARNING ] LBFGS MAX CYCLES 2000 EXCEEDED, BUT FUNC NOT CONVERGED!
protocols.relax.FastRelax: CMD: min  -1266.64  0.180965  0.180965  0.02805
protocols.relax.FastRelax: CMD: coord_cst_weight  -1336.65  0.180965  0.180965  0.02805
protocols.relax.FastRelax: CMD: scale:fa_rep  -1013.73  0.180965  0.180965  0.14575
core.pack.task: Packer task: initialize from command line() 
core.pack.pack_rotamers: built 7323 rotamers at 492 positions.
core.pack.interaction_graph.interaction_graph_factory: Instantiating DensePDInteractionGraph
protocols.relax.FastRelax: CMD: repack  -1047.74  0.180965  0.180965  0.14575
protocols.relax.FastRelax: CMD: scale:fa_rep  -1027.95  0.180965  0.180965  0.154
protocols.relax.FastRelax: CMD: min  -1176.94  0.22628  0.22628  0.154
protocols.relax.FastRelax: CMD: coord_cst_weight  -1288.14  0.22628  0.22628  0.154
protocols.relax.FastRelax: CMD: scale:fa_rep  -1104.76  0.22628  0.22628  0.30745
core.pack.task: Packer task: initialize from command line() 
core.pack.pack_rotamers: built 7154 rotamers at 492 positions.
core.pack.interaction_graph.interaction_graph_factory: Instantiating DensePDInteractionGraph
protocols.relax.FastRelax: CMD: repack  -1105.7  0.22628  0.22628  0.30745
protocols.relax.FastRelax: CMD: scale:fa_rep  -1091.45  0.22628  0.22628  0.31955
protocols.relax.FastRelax: CMD: min  -1284.37  3.3649  3.3649  0.31955
protocols.relax.FastRelax: CMD: coord_cst_weight  -1284.37  3.3649  3.3649  0.31955
protocols.relax.FastRelax: CMD: scale:fa_rep  -1081.55  3.3649  3.3649  0.55
core.pack.task: Packer task: initialize from command line() 
core.pack.pack_rotamers: built 7078 rotamers at 492 positions.
core.pack.interaction_graph.interaction_graph_factory: Instantiating DensePDInteractionGraph
protocols.relax.FastRelax: CMD: repack  -1087.69  3.3649  3.3649  0.55
protocols.relax.FastRelax: CMD: min  -1145.21  3.86005  3.86005  0.55
protocols.relax.FastRelax: MRP: 3  -1145.21  -1145.21  3.86005  3.86005  
protocols.relax.FastRelax: CMD: accept_to_best  -1145.21  3.86005  3.86005  0.55
protocols.relax.FastRelax: CMD: endrepeat  -1145.21  3.86005  3.86005  0.55
protocols.relax.FastRelax: CMD: coord_cst_weight  81383.1  3.86005  3.86005  0.55
protocols.relax.FastRelax: CMD: scale:fa_rep  81057.5  3.86005  3.86005  0.022
core.pack.task: Packer task: initialize from command line() 
core.pack.pack_rotamers: built 7680 rotamers at 492 positions.
core.pack.interaction_graph.interaction_graph_factory: Instantiating DensePDInteractionGraph
protocols.relax.FastRelax: CMD: repack  81043.2  3.86005  3.86005  0.022
protocols.relax.FastRelax: CMD: scale:fa_rep  81052.3  3.86005  3.86005  0.02805
core.optimization.Minimizer: [ WARNING ] LBFGS MAX CYCLES 2000 EXCEEDED, BUT FUNC NOT CONVERGED!
protocols.relax.FastRelax: CMD: min  -1245.66  0.187199  0.187199  0.02805
protocols.relax.FastRelax: CMD: coord_cst_weight  -1320.42  0.187199  0.187199  0.02805
protocols.relax.FastRelax: CMD: scale:fa_rep  -992.76  0.187199  0.187199  0.14575
core.pack.task: Packer task: initialize from command line() 
core.pack.pack_rotamers: built 7335 rotamers at 492 positions.
core.pack.interaction_graph.interaction_graph_factory: Instantiating DensePDInteractionGraph
protocols.relax.FastRelax: CMD: repack  -1047.12  0.187199  0.187199  0.14575
protocols.relax.FastRelax: CMD: scale:fa_rep  -1027.35  0.187199  0.187199  0.154
protocols.relax.FastRelax: CMD: min  -1181.85  0.228014  0.228014  0.154
protocols.relax.FastRelax: CMD: coord_cst_weight  -1295.3  0.228014  0.228014  0.154
protocols.relax.FastRelax: CMD: scale:fa_rep  -1111.19  0.228014  0.228014  0.30745
core.pack.task: Packer task: initialize from command line() 
core.pack.pack_rotamers: built 7142 rotamers at 492 positions.
core.pack.interaction_graph.interaction_graph_factory: Instantiating DensePDInteractionGraph
protocols.relax.FastRelax: CMD: repack  -1112.3  0.228014  0.228014  0.30745
protocols.relax.FastRelax: CMD: scale:fa_rep  -1098.02  0.228014  0.228014  0.31955
protocols.relax.FastRelax: CMD: min  -1292.79  3.88803  3.88803  0.31955
protocols.relax.FastRelax: CMD: coord_cst_weight  -1292.79  3.88803  3.88803  0.31955
protocols.relax.FastRelax: CMD: scale:fa_rep  -1088.14  3.88803  3.88803  0.55
core.pack.task: Packer task: initialize from command line() 
core.pack.pack_rotamers: built 7060 rotamers at 492 positions.
core.pack.interaction_graph.interaction_graph_factory: Instantiating DensePDInteractionGraph
protocols.relax.FastRelax: CMD: repack  -1092.78  3.88803  3.88803  0.55
protocols.relax.FastRelax: CMD: min  -1144.76  4.3187  4.3187  0.55
protocols.relax.FastRelax: MRP: 4  -1144.76  -1145.21  3.86005  3.86005  
protocols.relax.FastRelax: CMD: accept_to_best  -1144.76  4.3187  4.3187  0.55
protocols.relax.FastRelax: CMD: endrepeat  -1144.76  4.3187  4.3187  0.55
protocols.relax.FastRelax: CMD: coord_cst_weight  105803  4.3187  4.3187  0.55
protocols.relax.FastRelax: CMD: scale:fa_rep  105474  4.3187  4.3187  0.022
core.pack.task: Packer task: initialize from command line() 
core.pack.pack_rotamers: built 7801 rotamers at 492 positions.
core.pack.interaction_graph.interaction_graph_factory: Instantiating DensePDInteractionGraph
protocols.relax.FastRelax: CMD: repack  105452  4.3187  4.3187  0.022
protocols.relax.FastRelax: CMD: scale:fa_rep  105459  4.3187  4.3187  0.02805
core.optimization.Minimizer: [ WARNING ] LBFGS MAX CYCLES 2000 EXCEEDED, BUT FUNC NOT CONVERGED!
protocols.relax.FastRelax: CMD: min  -1264.94  0.185435  0.185435  0.02805
protocols.relax.FastRelax: CMD: coord_cst_weight  -1339.73  0.185435  0.185435  0.02805
protocols.relax.FastRelax: CMD: scale:fa_rep  -1026.13  0.185435  0.185435  0.14575
core.pack.task: Packer task: initialize from command line() 
core.pack.pack_rotamers: built 7323 rotamers at 492 positions.
core.pack.interaction_graph.interaction_graph_factory: Instantiating DensePDInteractionGraph
protocols.relax.FastRelax: CMD: repack  -1060.94  0.185435  0.185435  0.14575
protocols.relax.FastRelax: CMD: scale:fa_rep  -1041.61  0.185435  0.185435  0.154
protocols.relax.FastRelax: CMD: min  -1183.98  0.229928  0.229928  0.154
protocols.relax.FastRelax: CMD: coord_cst_weight  -1299.44  0.229928  0.229928  0.154
protocols.relax.FastRelax: CMD: scale:fa_rep  -1115.85  0.229928  0.229928  0.30745
core.pack.task: Packer task: initialize from command line() 
core.pack.pack_rotamers: built 7171 rotamers at 492 positions.
core.pack.interaction_graph.interaction_graph_factory: Instantiating DensePDInteractionGraph
protocols.relax.FastRelax: CMD: repack  -1117.73  0.229928  0.229928  0.30745
protocols.relax.FastRelax: CMD: scale:fa_rep  -1103.52  0.229928  0.229928  0.31955
protocols.relax.FastRelax: CMD: min  -1268.09  3.93954  3.93954  0.31955
protocols.relax.FastRelax: CMD: coord_cst_weight  -1268.09  3.93954  3.93954  0.31955
protocols.relax.FastRelax: CMD: scale:fa_rep  -1046.87  3.93954  3.93954  0.55
core.pack.task: Packer task: initialize from command line() 
core.pack.pack_rotamers: built 6980 rotamers at 492 positions.
core.pack.interaction_graph.interaction_graph_factory: Instantiating DensePDInteractionGraph
protocols.relax.FastRelax: CMD: repack  -1086.33  3.93954  3.93954  0.55
protocols.relax.FastRelax: CMD: min  -1138.12  4.16311  4.16311  0.55
protocols.relax.FastRelax: MRP: 5  -1138.12  -1145.21  3.86005  3.86005  
protocols.relax.FastRelax: CMD: accept_to_best  -1138.12  4.16311  4.16311  0.55
protocols.relax.FastRelax: CMD: endrepeat  -1138.12  4.16311  4.16311  0.55
protocols.relax.FastRelax: CMD: coord_cst_weight  84504  4.16311  4.16311  0.55
protocols.relax.FastRelax: CMD: scale:fa_rep  84176.5  4.16311  4.16311  0.022
core.pack.task: Packer task: initialize from command line() 
core.pack.pack_rotamers: built 7849 rotamers at 492 positions.
core.pack.interaction_graph.interaction_graph_factory: Instantiating DensePDInteractionGraph
protocols.relax.FastRelax: CMD: repack  84155.7  4.16311  4.16311  0.022
protocols.relax.FastRelax: CMD: scale:fa_rep  84164.8  4.16311  4.16311  0.02805
core.optimization.Minimizer: [ WARNING ] LBFGS MAX CYCLES 2000 EXCEEDED, BUT FUNC NOT CONVERGED!
protocols.relax.FastRelax: CMD: min  -1268.97  0.188114  0.188114  0.02805
protocols.relax.FastRelax: CMD: coord_cst_weight  -1343.21  0.188114  0.188114  0.02805
protocols.relax.FastRelax: CMD: scale:fa_rep  -1001.86  0.188114  0.188114  0.14575
core.pack.task: Packer task: initialize from command line() 
core.pack.pack_rotamers: built 7378 rotamers at 492 positions.
core.pack.interaction_graph.interaction_graph_factory: Instantiating DensePDInteractionGraph
protocols.relax.FastRelax: CMD: repack  -1059.04  0.188114  0.188114  0.14575
protocols.relax.FastRelax: CMD: scale:fa_rep  -1039.53  0.188114  0.188114  0.154
protocols.relax.FastRelax: CMD: min  -1184.29  0.23544  0.23544  0.154
protocols.relax.FastRelax: CMD: coord_cst_weight  -1301.21  0.23544  0.23544  0.154
protocols.relax.FastRelax: CMD: scale:fa_rep  -1115.23  0.23544  0.23544  0.30745
core.pack.task: Packer task: initialize from command line() 
core.pack.pack_rotamers: built 7143 rotamers at 492 positions.
core.pack.interaction_graph.interaction_graph_factory: Instantiating DensePDInteractionGraph
protocols.relax.FastRelax: CMD: repack  -1094.67  0.23544  0.23544  0.30745
protocols.relax.FastRelax: CMD: scale:fa_rep  -1079.77  0.23544  0.23544  0.31955
protocols.relax.FastRelax: CMD: min  -1291.84  4.16944  4.16944  0.31955
protocols.relax.FastRelax: CMD: coord_cst_weight  -1291.84  4.16944  4.16944  0.31955
protocols.relax.FastRelax: CMD: scale:fa_rep  -1088.78  4.16944  4.16944  0.55
core.pack.task: Packer task: initialize from command line() 
core.pack.pack_rotamers: built 7026 rotamers at 492 positions.
core.pack.interaction_graph.interaction_graph_factory: Instantiating DensePDInteractionGraph
protocols.relax.FastRelax: CMD: repack  -1093.59  4.16944  4.16944  0.55
protocols.relax.FastRelax: CMD: min  -1147.55  4.62197  4.62197  0.55
protocols.relax.FastRelax: MRP: 6  -1147.55  -1147.55  4.62197  4.62197  
protocols.relax.FastRelax: CMD: accept_to_best  -1147.55  4.62197  4.62197  0.55
protocols.relax.FastRelax: CMD: endrepeat  -1147.55  4.62197  4.62197  0.55
protocols.relax.FastRelax: CMD: coord_cst_weight  103774  4.62197  4.62197  0.55
protocols.relax.FastRelax: CMD: scale:fa_rep  103448  4.62197  4.62197  0.022
core.pack.task: Packer task: initialize from command line() 
core.pack.pack_rotamers: built 7796 rotamers at 492 positions.
core.pack.interaction_graph.interaction_graph_factory: Instantiating DensePDInteractionGraph
protocols.relax.FastRelax: CMD: repack  103425  4.62197  4.62197  0.022
protocols.relax.FastRelax: CMD: scale:fa_rep  103433  4.62197  4.62197  0.02805
core.optimization.Minimizer: [ WARNING ] LBFGS MAX CYCLES 2000 EXCEEDED, BUT FUNC NOT CONVERGED!
protocols.relax.FastRelax: CMD: min  -1267.84  0.190266  0.190266  0.02805
protocols.relax.FastRelax: CMD: coord_cst_weight  -1344.1  0.190266  0.190266  0.02805
protocols.relax.FastRelax: CMD: scale:fa_rep  -1018.96  0.190266  0.190266  0.14575
core.pack.task: Packer task: initialize from command line() 
core.pack.pack_rotamers: built 7417 rotamers at 492 positions.
core.pack.interaction_graph.interaction_graph_factory: Instantiating DensePDInteractionGraph
protocols.relax.FastRelax: CMD: repack  -1051.42  0.190266  0.190266  0.14575
protocols.relax.FastRelax: CMD: scale:fa_rep  -1031.33  0.190266  0.190266  0.154
protocols.relax.FastRelax: CMD: min  -1179.67  0.234479  0.234479  0.154
protocols.relax.FastRelax: CMD: coord_cst_weight  -1297.06  0.234479  0.234479  0.154
protocols.relax.FastRelax: CMD: scale:fa_rep  -1112.01  0.234479  0.234479  0.30745
core.pack.task: Packer task: initialize from command line() 
core.pack.pack_rotamers: built 7170 rotamers at 492 positions.
core.pack.interaction_graph.interaction_graph_factory: Instantiating DensePDInteractionGraph
protocols.relax.FastRelax: CMD: repack  -1112.87  0.234479  0.234479  0.30745
protocols.relax.FastRelax: CMD: scale:fa_rep  -1098.62  0.234479  0.234479  0.31955
protocols.relax.FastRelax: CMD: min  -1301.9  3.75205  3.75205  0.31955
protocols.relax.FastRelax: CMD: coord_cst_weight  -1301.9  3.75205  3.75205  0.31955
protocols.relax.FastRelax: CMD: scale:fa_rep  -1099.48  3.75205  3.75205  0.55
core.pack.task: Packer task: initialize from command line() 
core.pack.pack_rotamers: built 7033 rotamers at 492 positions.
core.pack.interaction_graph.interaction_graph_factory: Instantiating DensePDInteractionGraph
protocols.relax.FastRelax: CMD: repack  -1103.85  3.75205  3.75205  0.55
protocols.relax.FastRelax: CMD: min  -1152.42  4.20314  4.20314  0.55
protocols.relax.FastRelax: MRP: 7  -1152.42  -1152.42  4.20314  4.20314  
protocols.relax.FastRelax: CMD: accept_to_best  -1152.42  4.20314  4.20314  0.55
protocols.relax.FastRelax: CMD: endrepeat  -1152.42  4.20314  4.20314  0.55
protocols.relax.FastRelax: CMD: coord_cst_weight  83466.3  4.20314  4.20314  0.55
protocols.relax.FastRelax: CMD: scale:fa_rep  83141.8  4.20314  4.20314  0.022
core.pack.task: Packer task: initialize from command line() 
core.pack.pack_rotamers: built 7747 rotamers at 492 positions.
core.pack.interaction_graph.interaction_graph_factory: Instantiating DensePDInteractionGraph
protocols.relax.FastRelax: CMD: repack  83126.5  4.20314  4.20314  0.022
protocols.relax.FastRelax: CMD: scale:fa_rep  83134.6  4.20314  4.20314  0.02805
core.optimization.Minimizer: [ WARNING ] LBFGS MAX CYCLES 2000 EXCEEDED, BUT FUNC NOT CONVERGED!
protocols.relax.FastRelax: CMD: min  -1255.54  0.19405  0.19405  0.02805
protocols.relax.FastRelax: CMD: coord_cst_weight  -1334.18  0.19405  0.19405  0.02805
protocols.relax.FastRelax: CMD: scale:fa_rep  -991.166  0.19405  0.19405  0.14575
core.pack.task: Packer task: initialize from command line() 
core.pack.pack_rotamers: built 7389 rotamers at 492 positions.
core.pack.interaction_graph.interaction_graph_factory: Instantiating DensePDInteractionGraph
protocols.relax.FastRelax: CMD: repack  -1038.56  0.19405  0.19405  0.14575
protocols.relax.FastRelax: CMD: scale:fa_rep  -1018.36  0.19405  0.19405  0.154
protocols.relax.FastRelax: CMD: min  -1179.13  0.234299  0.234299  0.154
protocols.relax.FastRelax: CMD: coord_cst_weight  -1296.55  0.234299  0.234299  0.154
protocols.relax.FastRelax: CMD: scale:fa_rep  -1110.32  0.234299  0.234299  0.30745
core.pack.task: Packer task: initialize from command line() 
core.pack.pack_rotamers: built 7150 rotamers at 492 positions.
core.pack.interaction_graph.interaction_graph_factory: Instantiating DensePDInteractionGraph
protocols.relax.FastRelax: CMD: repack  -1113.97  0.234299  0.234299  0.30745
protocols.relax.FastRelax: CMD: scale:fa_rep  -1099.74  0.234299  0.234299  0.31955
protocols.relax.FastRelax: CMD: min  -1301.54  3.86822  3.86822  0.31955
protocols.relax.FastRelax: CMD: coord_cst_weight  -1301.54  3.86822  3.86822  0.31955
protocols.relax.FastRelax: CMD: scale:fa_rep  -1099.09  3.86822  3.86822  0.55
core.pack.task: Packer task: initialize from command line() 
core.pack.pack_rotamers: built 7016 rotamers at 492 positions.
core.pack.interaction_graph.interaction_graph_factory: Instantiating DensePDInteractionGraph
protocols.relax.FastRelax: CMD: repack  -1102.45  3.86822  3.86822  0.55
protocols.relax.FastRelax: CMD: min  -1161.32  3.77221  3.77221  0.55
protocols.relax.FastRelax: MRP: 8  -1161.32  -1161.32  3.77221  3.77221  
protocols.relax.FastRelax: CMD: accept_to_best  -1161.32  3.77221  3.77221  0.55
protocols.relax.FastRelax: CMD: endrepeat  -1161.32  3.77221  3.77221  0.55
protocols.relax.FastRelax: CMD: coord_cst_weight  89199.3  3.77221  3.77221  0.55
protocols.relax.FastRelax: CMD: scale:fa_rep  88873.2  3.77221  3.77221  0.022
core.pack.task: Packer task: initialize from command line() 
core.pack.pack_rotamers: built 7747 rotamers at 492 positions.
core.pack.interaction_graph.interaction_graph_factory: Instantiating DensePDInteractionGraph
protocols.relax.FastRelax: CMD: repack  88857.3  3.77221  3.77221  0.022
protocols.relax.FastRelax: CMD: scale:fa_rep  88863.9  3.77221  3.77221  0.02805
core.optimization.Minimizer: [ WARNING ] LBFGS MAX CYCLES 2000 EXCEEDED, BUT FUNC NOT CONVERGED!
protocols.relax.FastRelax: CMD: min  -1254.07  0.18703  0.18703  0.02805
protocols.relax.FastRelax: CMD: coord_cst_weight  -1329.13  0.18703  0.18703  0.02805
protocols.relax.FastRelax: CMD: scale:fa_rep  -1019.54  0.18703  0.18703  0.14575
core.pack.task: Packer task: initialize from command line() 
core.pack.pack_rotamers: built 7362 rotamers at 492 positions.
core.pack.interaction_graph.interaction_graph_factory: Instantiating DensePDInteractionGraph
protocols.relax.FastRelax: CMD: repack  -1055.26  0.18703  0.18703  0.14575
protocols.relax.FastRelax: CMD: scale:fa_rep  -1036.07  0.18703  0.18703  0.154
protocols.relax.FastRelax: CMD: min  -1183.53  0.234003  0.234003  0.154
protocols.relax.FastRelax: CMD: coord_cst_weight  -1301.51  0.234003  0.234003  0.154
protocols.relax.FastRelax: CMD: scale:fa_rep  -1123.4  0.234003  0.234003  0.30745
core.pack.task: Packer task: initialize from command line() 
core.pack.pack_rotamers: built 7188 rotamers at 492 positions.
core.pack.interaction_graph.interaction_graph_factory: Instantiating DensePDInteractionGraph
protocols.relax.FastRelax: CMD: repack  -1124.81  0.234003  0.234003  0.30745
protocols.relax.FastRelax: CMD: scale:fa_rep  -1110.95  0.234003  0.234003  0.31955
protocols.relax.FastRelax: CMD: min  -1305.24  4.16326  4.16326  0.31955
protocols.relax.FastRelax: CMD: coord_cst_weight  -1305.24  4.16326  4.16326  0.31955
protocols.relax.FastRelax: CMD: scale:fa_rep  -1099.62  4.16326  4.16326  0.55
core.pack.task: Packer task: initialize from command line() 
core.pack.pack_rotamers: built 6998 rotamers at 492 positions.
core.pack.interaction_graph.interaction_graph_factory: Instantiating DensePDInteractionGraph
protocols.relax.FastRelax: CMD: repack  -1108.3  4.16326  4.16326  0.55
protocols.relax.FastRelax: CMD: min  -1158.83  4.23641  4.23641  0.55
protocols.relax.FastRelax: MRP: 9  -1158.83  -1161.32  3.77221  3.77221  
protocols.relax.FastRelax: CMD: accept_to_best  -1158.83  4.23641  4.23641  0.55
protocols.relax.FastRelax: CMD: endrepeat  -1158.83  4.23641  4.23641  0.55
protocols.relax.FastRelax: CMD: coord_cst_weight  84161.8  4.23641  4.23641  0.55
protocols.relax.FastRelax: CMD: scale:fa_rep  83831.5  4.23641  4.23641  0.022
core.pack.task: Packer task: initialize from command line() 
core.pack.pack_rotamers: built 7743 rotamers at 492 positions.
core.pack.interaction_graph.interaction_graph_factory: Instantiating DensePDInteractionGraph
protocols.relax.FastRelax: CMD: repack  83812.7  4.23641  4.23641  0.022
protocols.relax.FastRelax: CMD: scale:fa_rep  83818.4  4.23641  4.23641  0.02805
core.optimization.Minimizer: [ WARNING ] LBFGS MAX CYCLES 2000 EXCEEDED, BUT FUNC NOT CONVERGED!
protocols.relax.FastRelax: CMD: min  -1264.07  0.187022  0.187022  0.02805
protocols.relax.FastRelax: CMD: coord_cst_weight  -1340.74  0.187022  0.187022  0.02805
protocols.relax.FastRelax: CMD: scale:fa_rep  -1039.13  0.187022  0.187022  0.14575
core.pack.task: Packer task: initialize from command line() 
core.pack.pack_rotamers: built 7365 rotamers at 492 positions.
core.pack.interaction_graph.interaction_graph_factory: Instantiating DensePDInteractionGraph
protocols.relax.FastRelax: CMD: repack  -1064.94  0.187022  0.187022  0.14575
protocols.relax.FastRelax: CMD: scale:fa_rep  -1045.99  0.187022  0.187022  0.154
protocols.relax.FastRelax: CMD: min  -1186.09  0.232356  0.232356  0.154
protocols.relax.FastRelax: CMD: coord_cst_weight  -1302.96  0.232356  0.232356  0.154
protocols.relax.FastRelax: CMD: scale:fa_rep  -1126.02  0.232356  0.232356  0.30745
core.pack.task: Packer task: initialize from command line() 
core.pack.pack_rotamers: built 7196 rotamers at 492 positions.
core.pack.interaction_graph.interaction_graph_factory: Instantiating DensePDInteractionGraph
protocols.relax.FastRelax: CMD: repack  -1126.94  0.232356  0.232356  0.30745
protocols.relax.FastRelax: CMD: scale:fa_rep  -1113.12  0.232356  0.232356  0.31955
protocols.relax.FastRelax: CMD: min  -1300.07  3.82112  3.82112  0.31955
protocols.relax.FastRelax: CMD: coord_cst_weight  -1300.07  3.82112  3.82112  0.31955
protocols.relax.FastRelax: CMD: scale:fa_rep  -1094.97  3.82112  3.82112  0.55
core.pack.task: Packer task: initialize from command line() 
core.pack.pack_rotamers: built 7023 rotamers at 492 positions.
core.pack.interaction_graph.interaction_graph_factory: Instantiating DensePDInteractionGraph
protocols.relax.FastRelax: CMD: repack  -1100.53  3.82112  3.82112  0.55
protocols.relax.FastRelax: CMD: min  -1154.89  4.4028  4.4028  0.55
protocols.relax.FastRelax: MRP: 10  -1154.89  -1161.32  3.77221  3.77221  
protocols.relax.FastRelax: CMD: accept_to_best  -1154.89  4.4028  4.4028  0.55
protocols.relax.FastRelax: CMD: endrepeat  -1154.89  4.4028  4.4028  0.55
protocols.relax.FastRelax: CMD: coord_cst_weight  87135.3  4.4028  4.4028  0.55
protocols.relax.FastRelax: CMD: scale:fa_rep  86802.9  4.4028  4.4028  0.022
core.pack.task: Packer task: initialize from command line() 
core.pack.pack_rotamers: built 7704 rotamers at 492 positions.
core.pack.interaction_graph.interaction_graph_factory: Instantiating DensePDInteractionGraph
protocols.relax.FastRelax: CMD: repack  86782.4  4.4028  4.4028  0.022
protocols.relax.FastRelax: CMD: scale:fa_rep  86790  4.4028  4.4028  0.02805
core.optimization.Minimizer: [ WARNING ] LBFGS MAX CYCLES 2000 EXCEEDED, BUT FUNC NOT CONVERGED!
protocols.relax.FastRelax: CMD: min  -1263.13  0.184742  0.184742  0.02805
protocols.relax.FastRelax: CMD: coord_cst_weight  -1337.02  0.184742  0.184742  0.02805
protocols.relax.FastRelax: CMD: scale:fa_rep  -1027.7  0.184742  0.184742  0.14575
core.pack.task: Packer task: initialize from command line() 
core.pack.pack_rotamers: built 7365 rotamers at 492 positions.
core.pack.interaction_graph.interaction_graph_factory: Instantiating DensePDInteractionGraph
protocols.relax.FastRelax: CMD: repack  -1063.85  0.184742  0.184742  0.14575
protocols.relax.FastRelax: CMD: scale:fa_rep  -1044.65  0.184742  0.184742  0.154
protocols.relax.FastRelax: CMD: min  -1184.74  0.233007  0.233007  0.154
protocols.relax.FastRelax: CMD: coord_cst_weight  -1301.12  0.233007  0.233007  0.154
protocols.relax.FastRelax: CMD: scale:fa_rep  -1120.45  0.233007  0.233007  0.30745
core.pack.task: Packer task: initialize from command line() 
core.pack.pack_rotamers: built 7138 rotamers at 492 positions.
core.pack.interaction_graph.interaction_graph_factory: Instantiating DensePDInteractionGraph
protocols.relax.FastRelax: CMD: repack  -1121.93  0.233007  0.233007  0.30745
protocols.relax.FastRelax: CMD: scale:fa_rep  -1107.98  0.233007  0.233007  0.31955
protocols.relax.FastRelax: CMD: min  -1300.34  3.69437  3.69437  0.31955
protocols.relax.FastRelax: CMD: coord_cst_weight  -1300.34  3.69437  3.69437  0.31955
protocols.relax.FastRelax: CMD: scale:fa_rep  -1094.41  3.69437  3.69437  0.55
core.pack.task: Packer task: initialize from command line() 
core.pack.pack_rotamers: built 6997 rotamers at 492 positions.
core.pack.interaction_graph.interaction_graph_factory: Instantiating DensePDInteractionGraph
protocols.relax.FastRelax: CMD: repack  -1098.3  3.69437  3.69437  0.55
protocols.relax.FastRelax: CMD: min  -1153.49  4.4362  4.4362  0.55
protocols.relax.FastRelax: MRP: 11  -1153.49  -1161.32  3.77221  3.77221  
protocols.relax.FastRelax: CMD: accept_to_best  -1153.49  4.4362  4.4362  0.55
protocols.relax.FastRelax: CMD: endrepeat  -1153.49  4.4362  4.4362  0.55
protocols.relax.FastRelax: CMD: coord_cst_weight  88386.7  4.4362  4.4362  0.55
protocols.relax.FastRelax: CMD: scale:fa_rep  88056.7  4.4362  4.4362  0.022
core.pack.task: Packer task: initialize from command line() 
core.pack.pack_rotamers: built 7762 rotamers at 492 positions.
core.pack.interaction_graph.interaction_graph_factory: Instantiating DensePDInteractionGraph
protocols.relax.FastRelax: CMD: repack  88038.8  4.4362  4.4362  0.022
protocols.relax.FastRelax: CMD: scale:fa_rep  88046.6  4.4362  4.4362  0.02805
core.optimization.Minimizer: [ WARNING ] LBFGS MAX CYCLES 2000 EXCEEDED, BUT FUNC NOT CONVERGED!
protocols.relax.FastRelax: CMD: min  -1271.64  0.18489  0.18489  0.02805
protocols.relax.FastRelax: CMD: coord_cst_weight  -1345.78  0.18489  0.18489  0.02805
protocols.relax.FastRelax: CMD: scale:fa_rep  -1028.36  0.18489  0.18489  0.14575
core.pack.task: Packer task: initialize from command line() 
core.pack.pack_rotamers: built 7432 rotamers at 492 positions.
core.pack.interaction_graph.interaction_graph_factory: Instantiating DensePDInteractionGraph
protocols.relax.FastRelax: CMD: repack  -1065.43  0.18489  0.18489  0.14575
protocols.relax.FastRelax: CMD: scale:fa_rep  -1046.16  0.18489  0.18489  0.154
protocols.relax.FastRelax: CMD: min  -1190.54  0.232177  0.232177  0.154
protocols.relax.FastRelax: CMD: coord_cst_weight  -1307.58  0.232177  0.232177  0.154
protocols.relax.FastRelax: CMD: scale:fa_rep  -1128.86  0.232177  0.232177  0.30745
core.pack.task: Packer task: initialize from command line() 
core.pack.pack_rotamers: built 7131 rotamers at 492 positions.
core.pack.interaction_graph.interaction_graph_factory: Instantiating DensePDInteractionGraph
protocols.relax.FastRelax: CMD: repack  -1130.77  0.232177  0.232177  0.30745
protocols.relax.FastRelax: CMD: scale:fa_rep  -1116.84  0.232177  0.232177  0.31955
protocols.relax.FastRelax: CMD: min  -1302.93  3.54964  3.54964  0.31955
protocols.relax.FastRelax: CMD: coord_cst_weight  -1302.93  3.54964  3.54964  0.31955
protocols.relax.FastRelax: CMD: scale:fa_rep  -1098.32  3.54964  3.54964  0.55
core.pack.task: Packer task: initialize from command line() 
core.pack.pack_rotamers: built 6942 rotamers at 492 positions.
core.pack.interaction_graph.interaction_graph_factory: Instantiating DensePDInteractionGraph
protocols.relax.FastRelax: CMD: repack  -1100.57  3.54964  3.54964  0.55
protocols.relax.FastRelax: CMD: min  -1159.71  3.93392  3.93392  0.55
protocols.relax.FastRelax: MRP: 12  -1159.71  -1161.32  3.77221  3.77221  
protocols.relax.FastRelax: CMD: accept_to_best  -1159.71  3.93392  3.93392  0.55
protocols.relax.FastRelax: CMD: endrepeat  -1159.71  3.93392  3.93392  0.55
protocols.relax.FastRelax: CMD: coord_cst_weight  69229  3.93392  3.93392  0.55
protocols.relax.FastRelax: CMD: scale:fa_rep  68899.6  3.93392  3.93392  0.022
core.pack.task: Packer task: initialize from command line() 
core.pack.pack_rotamers: built 7683 rotamers at 492 positions.
core.pack.interaction_graph.interaction_graph_factory: Instantiating DensePDInteractionGraph
protocols.relax.FastRelax: CMD: repack  68882.1  3.93392  3.93392  0.022
protocols.relax.FastRelax: CMD: scale:fa_rep  68888.7  3.93392  3.93392  0.02805
core.optimization.Minimizer: [ WARNING ] LBFGS MAX CYCLES 2000 EXCEEDED, BUT FUNC NOT CONVERGED!
protocols.relax.FastRelax: CMD: min  -1188.01  0.190896  0.190896  0.02805
protocols.relax.FastRelax: CMD: coord_cst_weight  -1264.97  0.190896  0.190896  0.02805
protocols.relax.FastRelax: CMD: scale:fa_rep  -600.475  0.190896  0.190896  0.14575
core.pack.task: Packer task: initialize from command line() 
core.pack.pack_rotamers: built 7360 rotamers at 492 positions.
core.pack.interaction_graph.interaction_graph_factory: Instantiating DensePDInteractionGraph
protocols.relax.FastRelax: CMD: repack  -830.372  0.190896  0.190896  0.14575
protocols.relax.FastRelax: CMD: scale:fa_rep  -798.074  0.190896  0.190896  0.154
protocols.relax.FastRelax: CMD: min  -1183.71  0.235336  0.235336  0.154
protocols.relax.FastRelax: CMD: coord_cst_weight  -1304.02  0.235336  0.235336  0.154
protocols.relax.FastRelax: CMD: scale:fa_rep  -1126.9  0.235336  0.235336  0.30745
core.pack.task: Packer task: initialize from command line() 
core.pack.pack_rotamers: built 7150 rotamers at 492 positions.
core.pack.interaction_graph.interaction_graph_factory: Instantiating DensePDInteractionGraph
protocols.relax.FastRelax: CMD: repack  -1127.82  0.235336  0.235336  0.30745
protocols.relax.FastRelax: CMD: scale:fa_rep  -1113.99  0.235336  0.235336  0.31955
protocols.relax.FastRelax: CMD: min  -1298.51  2.80987  2.80987  0.31955
protocols.relax.FastRelax: CMD: coord_cst_weight  -1298.51  2.80987  2.80987  0.31955
protocols.relax.FastRelax: CMD: scale:fa_rep  -1094.7  2.80987  2.80987  0.55
core.pack.task: Packer task: initialize from command line() 
core.pack.pack_rotamers: built 6948 rotamers at 492 positions.
core.pack.interaction_graph.interaction_graph_factory: Instantiating DensePDInteractionGraph
protocols.relax.FastRelax: CMD: repack  -1097.78  2.80987  2.80987  0.55
protocols.relax.FastRelax: CMD: min  -1152.18  3.03158  3.03158  0.55
protocols.relax.FastRelax: MRP: 13  -1152.18  -1161.32  3.77221  3.77221  
protocols.relax.FastRelax: CMD: accept_to_best  -1152.18  3.03158  3.03158  0.55
protocols.relax.FastRelax: CMD: endrepeat  -1152.18  3.03158  3.03158  0.55
protocols.relax.FastRelax: CMD: coord_cst_weight  51768.5  3.03158  3.03158  0.55
protocols.relax.FastRelax: CMD: scale:fa_rep  51440.3  3.03158  3.03158  0.022
core.pack.task: Packer task: initialize from command line() 
core.pack.pack_rotamers: built 7714 rotamers at 492 positions.
core.pack.interaction_graph.interaction_graph_factory: Instantiating DensePDInteractionGraph
protocols.relax.FastRelax: CMD: repack  51439.1  3.03158  3.03158  0.022
protocols.relax.FastRelax: CMD: scale:fa_rep  51449.2  3.03158  3.03158  0.02805
core.optimization.Minimizer: [ WARNING ] LBFGS MAX CYCLES 2000 EXCEEDED, BUT FUNC NOT CONVERGED!
protocols.relax.FastRelax: CMD: min  -1256.62  0.186196  0.186196  0.02805
protocols.relax.FastRelax: CMD: coord_cst_weight  -1331.87  0.186196  0.186196  0.02805
protocols.relax.FastRelax: CMD: scale:fa_rep  -1005.56  0.186196  0.186196  0.14575
core.pack.task: Packer task: initialize from command line() 
core.pack.pack_rotamers: built 7403 rotamers at 492 positions.
core.pack.interaction_graph.interaction_graph_factory: Instantiating DensePDInteractionGraph
protocols.relax.FastRelax: CMD: repack  -1048.58  0.186196  0.186196  0.14575
protocols.relax.FastRelax: CMD: scale:fa_rep  -1028.92  0.186196  0.186196  0.154
protocols.relax.FastRelax: CMD: min  -1179.82  0.236673  0.236673  0.154
protocols.relax.FastRelax: CMD: coord_cst_weight  -1301.53  0.236673  0.236673  0.154
protocols.relax.FastRelax: CMD: scale:fa_rep  -1121.51  0.236673  0.236673  0.30745
core.pack.task: Packer task: initialize from command line() 
core.pack.pack_rotamers: built 7117 rotamers at 492 positions.
core.pack.interaction_graph.interaction_graph_factory: Instantiating DensePDInteractionGraph
protocols.relax.FastRelax: CMD: repack  -1123.43  0.236673  0.236673  0.30745
protocols.relax.FastRelax: CMD: scale:fa_rep  -1109.28  0.236673  0.236673  0.31955
protocols.relax.FastRelax: CMD: min  -1306.26  3.02727  3.02727  0.31955
protocols.relax.FastRelax: CMD: coord_cst_weight  -1306.26  3.02727  3.02727  0.31955
protocols.relax.FastRelax: CMD: scale:fa_rep  -1100.49  3.02727  3.02727  0.55
core.pack.task: Packer task: initialize from command line() 
core.pack.pack_rotamers: built 7063 rotamers at 492 positions.
core.pack.interaction_graph.interaction_graph_factory: Instantiating DensePDInteractionGraph
protocols.relax.FastRelax: CMD: repack  -1101.81  3.02727  3.02727  0.55
protocols.relax.FastRelax: CMD: min  -1154  3.33438  3.33438  0.55
protocols.relax.FastRelax: MRP: 14  -1154  -1161.32  3.77221  3.77221  
protocols.relax.FastRelax: CMD: accept_to_best  -1154  3.33438  3.33438  0.55
protocols.relax.FastRelax: CMD: endrepeat  -1154  3.33438  3.33438  0.55
protocols::checkpoint: Deleting checkpoints of FastRelax
protocols.jd2.JobDistributor: target.BL00010001_11_0006 reported success in 13978 seconds
protocols.jd2.JobDistributor: no more batches to process... 
protocols.jd2.JobDistributor: 6 jobs considered, 6 jobs attempted in 85092 seconds
basic.citation_manager.CitationManager: 
The following Rosetta modules were used during this run of Rosetta, and should be cited:

FastRelax Mover's citation(s):
*Tyka MD, *Keedy DA, André I, Dimaio F, Song Y, Richardson DC, Richardson JS, and Baker D.  (2011).  Alternate states of proteins revealed by detailed energy landscape mapping.  J Mol Biol 405(2):607-18.  doi: 10.1016/j.jmb.2010.11.008.  (*Co-primary authors.)

Khatib F, Cooper S, Tyka MD, Xu K, Makedon I, Popovic Z, Baker D, and Players F.  (2011).  Algorithm discovery by protein folding game players.  Proc Natl Acad Sci USA 108(47):18949-53.  doi: 10.1073/pnas.1115898108.

Maguire JB, Haddox HK, Strickland D, Halabiya SF, Coventry B, Griffin JR, Pulavarti SVSRK, Cummins M, Thieker DF, Klavins E, Szyperski T, DiMaio F, Baker D, and Kuhlman B.  (2021).  Perturbing the energy landscape for improved packing during computational protein design.  Proteins 89(4):436-449.  doi: 10.1002/prot.26030.


