********  (C) Copyright Rosetta Commons Member Institutions.  ***************
* Use of Rosetta for commercial purposes may require purchase of a license. *
********  See LICENSE.md or email license@uw.edu for more details. **********
core.init: Checking for fconfig files in pwd and ./rosetta/flags 
core.init: Rosetta version: rosetta.binary.ubuntu.release-408 r408 2025.37+release.df75a9c48e df75a9c48e763e52a7aa3f5dfba077f4da88dbf5 https://www.rosettacommons.org 2025-09-10T02:14:08.564791
core.init: Rosetta extras: []
core.init: command: /home/gbiuser/Downloads/rosetta.binary.ubuntu.release-408/main/source/bin/relax.default.linuxgccrelease -s ../1-modeller/target.BL00010001.pdb -relax:thorough -relax:constrain_relax_to_start_coords -constraints:cst_file cst.cst -nstruct 6 -out:suffix _3 -out:file:silent relax_3.silent -out:file:silent_struct_type binary
basic.random.init_random_generator: 'RNG device' seed mode, using '/dev/urandom', seed=1736626009 seed_offset=0 real_seed=1736626009
basic.random.init_random_generator: RandomGenerator:init: Normal mode, seed=1736626009 RG_type=mt19937
core.init: Resolved executable path: /home/gbiuser/Downloads/rosetta.binary.ubuntu.release-408/main/source/build/src/release/linux/6.8/64/x86/gcc/11/default/relax.default.linuxgccrelease
core.init: Looking for database based on location of executable: /home/gbiuser/Downloads/rosetta.binary.ubuntu.release-408/main/database/
core.scoring.ScoreFunctionFactory: SCOREFUNCTION: ref2015
core.scoring.etable: Starting energy table calculation
core.scoring.etable: smooth_etable: changing atr/rep split to bottom of energy well
core.scoring.etable: smooth_etable: spline smoothing lj etables (maxdis = 6)
core.scoring.etable: smooth_etable: spline smoothing solvation etables (max_dis = 6)
core.scoring.etable: Finished calculating energy tables.
basic.io.database: Database file opened: scoring/score_functions/hbonds/ref2015_params/HBPoly1D.csv
basic.io.database: Database file opened: scoring/score_functions/hbonds/ref2015_params/HBFadeIntervals.csv
basic.io.database: Database file opened: scoring/score_functions/hbonds/ref2015_params/HBEval.csv
basic.io.database: Database file opened: scoring/score_functions/hbonds/ref2015_params/DonStrength.csv
basic.io.database: Database file opened: scoring/score_functions/hbonds/ref2015_params/AccStrength.csv
core.chemical.GlobalResidueTypeSet: Finished initializing fa_standard residue type set.  Created 985 residue types
core.chemical.GlobalResidueTypeSet: Total time to initialize 1.27653 seconds.
basic.io.database: Database file opened: scoring/score_functions/rama/fd/all.ramaProb
basic.io.database: Database file opened: scoring/score_functions/rama/fd/prepro.ramaProb
basic.io.database: Database file opened: scoring/score_functions/omega/omega_ppdep.all.txt
basic.io.database: Database file opened: scoring/score_functions/omega/omega_ppdep.gly.txt
basic.io.database: Database file opened: scoring/score_functions/omega/omega_ppdep.pro.txt
basic.io.database: Database file opened: scoring/score_functions/omega/omega_ppdep.valile.txt
basic.io.database: Database file opened: scoring/score_functions/P_AA_pp/P_AA
basic.io.database: Database file opened: scoring/score_functions/P_AA_pp/P_AA_n
core.scoring.P_AA: shapovalov_lib::shap_p_aa_pp_smooth_level of 1( aka low_smooth ) got activated.
basic.io.database: Database file opened: scoring/score_functions/P_AA_pp/shapovalov/10deg/kappa131/a20.prop
protocols.relax.RelaxScriptManager: Reading relax scripts list from database.
protocols.relax.RelaxScriptManager: Looking for MonomerRelax2019.txt
protocols.relax.RelaxScriptManager: ================== Reading script file: /home/gbiuser/Downloads/rosetta.binary.ubuntu.release-408/main/database/sampling/relax_scripts/MonomerRelax2019.txt ==================
protocols.relax.RelaxScriptManager: repeat %%nrepeats%%
protocols.relax.RelaxScriptManager: coord_cst_weight 1.0
protocols.relax.RelaxScriptManager: scale:fa_rep 0.040
protocols.relax.RelaxScriptManager: repack
protocols.relax.RelaxScriptManager: scale:fa_rep 0.051
protocols.relax.RelaxScriptManager: min 0.01
protocols.relax.RelaxScriptManager: coord_cst_weight 0.5
protocols.relax.RelaxScriptManager: scale:fa_rep 0.265
protocols.relax.RelaxScriptManager: repack
protocols.relax.RelaxScriptManager: scale:fa_rep 0.280
protocols.relax.RelaxScriptManager: min 0.01
protocols.relax.RelaxScriptManager: coord_cst_weight 0.0
protocols.relax.RelaxScriptManager: scale:fa_rep 0.559
protocols.relax.RelaxScriptManager: repack
protocols.relax.RelaxScriptManager: scale:fa_rep 0.581
protocols.relax.RelaxScriptManager: min 0.01
protocols.relax.RelaxScriptManager: coord_cst_weight 0.0
protocols.relax.RelaxScriptManager: scale:fa_rep 1
protocols.relax.RelaxScriptManager: repack
protocols.relax.RelaxScriptManager: min 0.00001
protocols.relax.RelaxScriptManager: accept_to_best
protocols.relax.RelaxScriptManager: endrepeat
core.scoring.constraints.util: Constraint choice: cst.cst
protocols.jd2.PDBJobInputter: Instantiate PDBJobInputter
protocols.jd2.PDBJobInputter: PDBJobInputter::fill_jobs
protocols.jd2.PDBJobInputter: pushed ../1-modeller/target.BL00010001.pdb nstruct indices 1 - 6
protocols.evaluation.ChiWellRmsdEvaluatorCreator: Evaluation Creator active ... 
protocols.jd2.PDBJobInputter: PDBJobInputter::pose_from_job
protocols.jd2.PDBJobInputter: filling pose from PDB ../1-modeller/target.BL00010001.pdb
core.import_pose.import_pose: File '../1-modeller/target.BL00010001.pdb' automatically determined to be of type PDB from contents.
core.io.rcsb.ExperimentalTechnique: [ ERROR ] Unrecognized experimental technique string 'THEORETICAL MODEL, MODELLER 10.8 2026/08/10 16:18:02'
core.scoring.constraints.ConstraintsIO: read constraints from cst.cst
core.scoring.constraints.ConstraintsIO: Read in 14 constraints
basic.io.database: Database file opened: scoring/score_functions/elec_cp_reps.dat
core.scoring.elec.util: Read 40 countpair representative atoms
core.pack.dunbrack.RotamerLibrary: shapovalov_lib_fixes_enable option is true.
core.pack.dunbrack.RotamerLibrary: shapovalov_lib::shap_dun10_smooth_level of 1( aka lowest_smooth ) got activated.
core.pack.dunbrack.RotamerLibrary: Binary rotamer library selected: /home/gbiuser/Downloads/rosetta.binary.ubuntu.release-408/main/database/rotamer/shapovalov/StpDwn_0-0-0/Dunbrack10.lib.bin
core.pack.dunbrack.RotamerLibrary: Using Dunbrack library binary file '/home/gbiuser/Downloads/rosetta.binary.ubuntu.release-408/main/database/rotamer/shapovalov/StpDwn_0-0-0/Dunbrack10.lib.bin'.
core.pack.dunbrack.RotamerLibrary: Dunbrack 2010 library took 0.377129 seconds to load from binary
protocols.relax.FastRelax: CMD: repeat  4476.34  0  0  0.55
protocols.relax.FastRelax: CMD: coord_cst_weight  4476.34  0  0  0.55
protocols.relax.FastRelax: CMD: scale:fa_rep  806.987  0  0  0.022
core.pack.task: Packer task: initialize from command line() 
core.pack.pack_rotamers: built 8129 rotamers at 492 positions.
core.pack.interaction_graph.interaction_graph_factory: Instantiating DensePDInteractionGraph
protocols.relax.FastRelax: CMD: repack  -880.649  0  0  0.022
protocols.relax.FastRelax: CMD: scale:fa_rep  -842.573  0  0  0.02805
core.optimization.Minimizer: [ WARNING ] LBFGS MAX CYCLES 2000 EXCEEDED, BUT FUNC NOT CONVERGED!
protocols.relax.FastRelax: CMD: min  -1299.96  0.150315  0.150315  0.02805
protocols.relax.FastRelax: CMD: coord_cst_weight  -1347.05  0.150315  0.150315  0.02805
protocols.relax.FastRelax: CMD: scale:fa_rep  -977.428  0.150315  0.150315  0.14575
core.pack.task: Packer task: initialize from command line() 
core.pack.pack_rotamers: built 7371 rotamers at 492 positions.
core.pack.interaction_graph.interaction_graph_factory: Instantiating DensePDInteractionGraph
protocols.relax.FastRelax: CMD: repack  -1006.32  0.150315  0.150315  0.14575
protocols.relax.FastRelax: CMD: scale:fa_rep  -984.85  0.150315  0.150315  0.154
core.optimization.Minimizer: [ WARNING ] LBFGS MAX CYCLES 2000 EXCEEDED, BUT FUNC NOT CONVERGED!
protocols.relax.FastRelax: CMD: min  -1171.19  0.208065  0.208065  0.154
protocols.relax.FastRelax: CMD: coord_cst_weight  -1263.43  0.208065  0.208065  0.154
protocols.relax.FastRelax: CMD: scale:fa_rep  -1075.3  0.208065  0.208065  0.30745
core.pack.task: Packer task: initialize from command line() 
core.pack.pack_rotamers: built 7199 rotamers at 492 positions.
core.pack.interaction_graph.interaction_graph_factory: Instantiating DensePDInteractionGraph
protocols.relax.FastRelax: CMD: repack  -1072.36  0.208065  0.208065  0.30745
protocols.relax.FastRelax: CMD: scale:fa_rep  -1057.74  0.208065  0.208065  0.31955
protocols.relax.FastRelax: CMD: min  -1252.76  3.46175  3.46175  0.31955
protocols.relax.FastRelax: CMD: coord_cst_weight  -1252.76  3.46175  3.46175  0.31955
protocols.relax.FastRelax: CMD: scale:fa_rep  -1043.96  3.46175  3.46175  0.55
core.pack.task: Packer task: initialize from command line() 
core.pack.pack_rotamers: built 7112 rotamers at 492 positions.
core.pack.interaction_graph.interaction_graph_factory: Instantiating DensePDInteractionGraph
protocols.relax.FastRelax: CMD: repack  -1049.73  3.46175  3.46175  0.55
protocols.relax.FastRelax: CMD: min  -1108.72  3.63807  3.63807  0.55
protocols.relax.FastRelax: MRP: 0  -1108.72  -1108.72  3.63807  3.63807  
protocols.relax.FastRelax: CMD: accept_to_best  -1108.72  3.63807  3.63807  0.55
protocols.relax.FastRelax: CMD: endrepeat  -1108.72  3.63807  3.63807  0.55
protocols.relax.FastRelax: CMD: coord_cst_weight  94510.6  3.63807  3.63807  0.55
protocols.relax.FastRelax: CMD: scale:fa_rep  94176.3  3.63807  3.63807  0.022
core.pack.task: Packer task: initialize from command line() 
core.pack.pack_rotamers: built 7829 rotamers at 492 positions.
core.pack.interaction_graph.interaction_graph_factory: Instantiating DensePDInteractionGraph
protocols.relax.FastRelax: CMD: repack  94149.1  3.63807  3.63807  0.022
protocols.relax.FastRelax: CMD: scale:fa_rep  94157.7  3.63807  3.63807  0.02805
core.optimization.Minimizer: [ WARNING ] LBFGS MAX CYCLES 2000 EXCEEDED, BUT FUNC NOT CONVERGED!
protocols.relax.FastRelax: CMD: min  -1271.71  0.18042  0.18042  0.02805
protocols.relax.FastRelax: CMD: coord_cst_weight  -1340.97  0.18042  0.18042  0.02805
protocols.relax.FastRelax: CMD: scale:fa_rep  -1001.74  0.18042  0.18042  0.14575
core.pack.task: Packer task: initialize from command line() 
core.pack.pack_rotamers: built 7403 rotamers at 492 positions.
core.pack.interaction_graph.interaction_graph_factory: Instantiating DensePDInteractionGraph
protocols.relax.FastRelax: CMD: repack  -1019.11  0.18042  0.18042  0.14575
protocols.relax.FastRelax: CMD: scale:fa_rep  -998.361  0.18042  0.18042  0.154
protocols.relax.FastRelax: CMD: min  -1183.18  0.221462  0.221462  0.154
protocols.relax.FastRelax: CMD: coord_cst_weight  -1288.36  0.221462  0.221462  0.154
protocols.relax.FastRelax: CMD: scale:fa_rep  -1105.45  0.221462  0.221462  0.30745
core.pack.task: Packer task: initialize from command line() 
core.pack.pack_rotamers: built 7217 rotamers at 492 positions.
core.pack.interaction_graph.interaction_graph_factory: Instantiating DensePDInteractionGraph
protocols.relax.FastRelax: CMD: repack  -1107.16  0.221462  0.221462  0.30745
protocols.relax.FastRelax: CMD: scale:fa_rep  -1092.91  0.221462  0.221462  0.31955
protocols.relax.FastRelax: CMD: min  -1275.55  3.35312  3.35312  0.31955
protocols.relax.FastRelax: CMD: coord_cst_weight  -1275.55  3.35312  3.35312  0.31955
protocols.relax.FastRelax: CMD: scale:fa_rep  -1067.79  3.35312  3.35312  0.55
core.pack.task: Packer task: initialize from command line() 
core.pack.pack_rotamers: built 7079 rotamers at 492 positions.
core.pack.interaction_graph.interaction_graph_factory: Instantiating DensePDInteractionGraph
protocols.relax.FastRelax: CMD: repack  -1070.84  3.35312  3.35312  0.55
protocols.relax.FastRelax: CMD: min  -1126.33  3.4971  3.4971  0.55
protocols.relax.FastRelax: MRP: 1  -1126.33  -1126.33  3.4971  3.4971  
protocols.relax.FastRelax: CMD: accept_to_best  -1126.33  3.4971  3.4971  0.55
protocols.relax.FastRelax: CMD: endrepeat  -1126.33  3.4971  3.4971  0.55
protocols.relax.FastRelax: CMD: coord_cst_weight  68669  3.4971  3.4971  0.55
protocols.relax.FastRelax: CMD: scale:fa_rep  68341.2  3.4971  3.4971  0.022
core.pack.task: Packer task: initialize from command line() 
core.pack.pack_rotamers: built 7860 rotamers at 492 positions.
core.pack.interaction_graph.interaction_graph_factory: Instantiating DensePDInteractionGraph
protocols.relax.FastRelax: CMD: repack  68320.7  3.4971  3.4971  0.022
protocols.relax.FastRelax: CMD: scale:fa_rep  68328.1  3.4971  3.4971  0.02805
core.optimization.Minimizer: [ WARNING ] LBFGS MAX CYCLES 2000 EXCEEDED, BUT FUNC NOT CONVERGED!
protocols.relax.FastRelax: CMD: min  -1254.07  0.183968  0.183968  0.02805
protocols.relax.FastRelax: CMD: coord_cst_weight  -1326.17  0.183968  0.183968  0.02805
protocols.relax.FastRelax: CMD: scale:fa_rep  -975.037  0.183968  0.183968  0.14575
core.pack.task: Packer task: initialize from command line() 
core.pack.pack_rotamers: built 7392 rotamers at 492 positions.
core.pack.interaction_graph.interaction_graph_factory: Instantiating DensePDInteractionGraph
protocols.relax.FastRelax: CMD: repack  -1008.85  0.183968  0.183968  0.14575
protocols.relax.FastRelax: CMD: scale:fa_rep  -986.9  0.183968  0.183968  0.154
protocols.relax.FastRelax: CMD: min  -1174.02  0.229691  0.229691  0.154
protocols.relax.FastRelax: CMD: coord_cst_weight  -1286.5  0.229691  0.229691  0.154
protocols.relax.FastRelax: CMD: scale:fa_rep  -1104.58  0.229691  0.229691  0.30745
core.pack.task: Packer task: initialize from command line() 
core.pack.pack_rotamers: built 7170 rotamers at 492 positions.
core.pack.interaction_graph.interaction_graph_factory: Instantiating DensePDInteractionGraph
protocols.relax.FastRelax: CMD: repack  -1105.2  0.229691  0.229691  0.30745
protocols.relax.FastRelax: CMD: scale:fa_rep  -1091.04  0.229691  0.229691  0.31955
protocols.relax.FastRelax: CMD: min  -1292.02  3.25216  3.25216  0.31955
protocols.relax.FastRelax: CMD: coord_cst_weight  -1292.02  3.25216  3.25216  0.31955
protocols.relax.FastRelax: CMD: scale:fa_rep  -1088.16  3.25216  3.25216  0.55
core.pack.task: Packer task: initialize from command line() 
core.pack.pack_rotamers: built 7118 rotamers at 492 positions.
core.pack.interaction_graph.interaction_graph_factory: Instantiating DensePDInteractionGraph
protocols.relax.FastRelax: CMD: repack  -1087.99  3.25216  3.25216  0.55
protocols.relax.FastRelax: CMD: min  -1131.55  3.71002  3.71002  0.55
protocols.relax.FastRelax: MRP: 2  -1131.55  -1131.55  3.71002  3.71002  
protocols.relax.FastRelax: CMD: accept_to_best  -1131.55  3.71002  3.71002  0.55
protocols.relax.FastRelax: CMD: endrepeat  -1131.55  3.71002  3.71002  0.55
protocols.relax.FastRelax: CMD: coord_cst_weight  77749.5  3.71002  3.71002  0.55
protocols.relax.FastRelax: CMD: scale:fa_rep  77419.3  3.71002  3.71002  0.022
core.pack.task: Packer task: initialize from command line() 
core.pack.pack_rotamers: built 7820 rotamers at 492 positions.
core.pack.interaction_graph.interaction_graph_factory: Instantiating DensePDInteractionGraph
protocols.relax.FastRelax: CMD: repack  77401.5  3.71002  3.71002  0.022
protocols.relax.FastRelax: CMD: scale:fa_rep  77408.6  3.71002  3.71002  0.02805
core.optimization.Minimizer: [ WARNING ] LBFGS MAX CYCLES 2000 EXCEEDED, BUT FUNC NOT CONVERGED!
protocols.relax.FastRelax: CMD: min  -1244.56  0.190917  0.190917  0.02805
protocols.relax.FastRelax: CMD: coord_cst_weight  -1322.14  0.190917  0.190917  0.02805
protocols.relax.FastRelax: CMD: scale:fa_rep  -988.377  0.190917  0.190917  0.14575
core.pack.task: Packer task: initialize from command line() 
core.pack.pack_rotamers: built 7379 rotamers at 492 positions.
core.pack.interaction_graph.interaction_graph_factory: Instantiating DensePDInteractionGraph
protocols.relax.FastRelax: CMD: repack  -1027.37  0.190917  0.190917  0.14575
protocols.relax.FastRelax: CMD: scale:fa_rep  -1007.1  0.190917  0.190917  0.154
protocols.relax.FastRelax: CMD: min  -1173.87  0.231464  0.231464  0.154
protocols.relax.FastRelax: CMD: coord_cst_weight  -1288.98  0.231464  0.231464  0.154
protocols.relax.FastRelax: CMD: scale:fa_rep  -1108.66  0.231464  0.231464  0.30745
core.pack.task: Packer task: initialize from command line() 
core.pack.pack_rotamers: built 7193 rotamers at 492 positions.
core.pack.interaction_graph.interaction_graph_factory: Instantiating DensePDInteractionGraph
protocols.relax.FastRelax: CMD: repack  -1109.62  0.231464  0.231464  0.30745
protocols.relax.FastRelax: CMD: scale:fa_rep  -1095.53  0.231464  0.231464  0.31955
protocols.relax.FastRelax: CMD: min  -1294.15  3.00477  3.00477  0.31955
protocols.relax.FastRelax: CMD: coord_cst_weight  -1294.15  3.00477  3.00477  0.31955
protocols.relax.FastRelax: CMD: scale:fa_rep  -1089.93  3.00477  3.00477  0.55
core.pack.task: Packer task: initialize from command line() 
core.pack.pack_rotamers: built 7072 rotamers at 492 positions.
core.pack.interaction_graph.interaction_graph_factory: Instantiating DensePDInteractionGraph
protocols.relax.FastRelax: CMD: repack  -1092.23  3.00477  3.00477  0.55
protocols.relax.FastRelax: CMD: min  -1139.1  3.41968  3.41968  0.55
protocols.relax.FastRelax: MRP: 3  -1139.1  -1139.1  3.41968  3.41968  
protocols.relax.FastRelax: CMD: accept_to_best  -1139.1  3.41968  3.41968  0.55
protocols.relax.FastRelax: CMD: endrepeat  -1139.1  3.41968  3.41968  0.55
protocols.relax.FastRelax: CMD: coord_cst_weight  72251.9  3.41968  3.41968  0.55
protocols.relax.FastRelax: CMD: scale:fa_rep  71922.8  3.41968  3.41968  0.022
core.pack.task: Packer task: initialize from command line() 
core.pack.pack_rotamers: built 7765 rotamers at 492 positions.
core.pack.interaction_graph.interaction_graph_factory: Instantiating DensePDInteractionGraph
protocols.relax.FastRelax: CMD: repack  71903.2  3.41968  3.41968  0.022
protocols.relax.FastRelax: CMD: scale:fa_rep  71909.2  3.41968  3.41968  0.02805
core.optimization.Minimizer: [ WARNING ] LBFGS MAX CYCLES 2000 EXCEEDED, BUT FUNC NOT CONVERGED!
protocols.relax.FastRelax: CMD: min  -1257.88  0.180931  0.180931  0.02805
protocols.relax.FastRelax: CMD: coord_cst_weight  -1328.42  0.180931  0.180931  0.02805
protocols.relax.FastRelax: CMD: scale:fa_rep  -991.896  0.180931  0.180931  0.14575
core.pack.task: Packer task: initialize from command line() 
core.pack.pack_rotamers: built 7368 rotamers at 492 positions.
core.pack.interaction_graph.interaction_graph_factory: Instantiating DensePDInteractionGraph
protocols.relax.FastRelax: CMD: repack  -1022.4  0.180931  0.180931  0.14575
protocols.relax.FastRelax: CMD: scale:fa_rep  -1001.59  0.180931  0.180931  0.154
protocols.relax.FastRelax: CMD: min  -1172.97  0.227928  0.227928  0.154
protocols.relax.FastRelax: CMD: coord_cst_weight  -1283.32  0.227928  0.227928  0.154
protocols.relax.FastRelax: CMD: scale:fa_rep  -1104.81  0.227928  0.227928  0.30745
core.pack.task: Packer task: initialize from command line() 
core.pack.pack_rotamers: built 7185 rotamers at 492 positions.
core.pack.interaction_graph.interaction_graph_factory: Instantiating DensePDInteractionGraph
protocols.relax.FastRelax: CMD: repack  -1107.09  0.227928  0.227928  0.30745
protocols.relax.FastRelax: CMD: scale:fa_rep  -1093.21  0.227928  0.227928  0.31955
protocols.relax.FastRelax: CMD: min  -1291.17  3.28635  3.28635  0.31955
protocols.relax.FastRelax: CMD: coord_cst_weight  -1291.17  3.28635  3.28635  0.31955
protocols.relax.FastRelax: CMD: scale:fa_rep  -1087.56  3.28635  3.28635  0.55
core.pack.task: Packer task: initialize from command line() 
core.pack.pack_rotamers: built 7025 rotamers at 492 positions.
core.pack.interaction_graph.interaction_graph_factory: Instantiating DensePDInteractionGraph
protocols.relax.FastRelax: CMD: repack  -1091.23  3.28635  3.28635  0.55
protocols.relax.FastRelax: CMD: min  -1141.42  3.31213  3.31213  0.55
protocols.relax.FastRelax: MRP: 4  -1141.42  -1141.42  3.31213  3.31213  
protocols.relax.FastRelax: CMD: accept_to_best  -1141.42  3.31213  3.31213  0.55
protocols.relax.FastRelax: CMD: endrepeat  -1141.42  3.31213  3.31213  0.55
protocols.relax.FastRelax: CMD: coord_cst_weight  89929  3.31213  3.31213  0.55
protocols.relax.FastRelax: CMD: scale:fa_rep  89602.3  3.31213  3.31213  0.022
core.pack.task: Packer task: initialize from command line() 
core.pack.pack_rotamers: built 7785 rotamers at 492 positions.
core.pack.interaction_graph.interaction_graph_factory: Instantiating DensePDInteractionGraph
protocols.relax.FastRelax: CMD: repack  89588.2  3.31213  3.31213  0.022
protocols.relax.FastRelax: CMD: scale:fa_rep  89596.4  3.31213  3.31213  0.02805
core.optimization.Minimizer: [ WARNING ] LBFGS MAX CYCLES 2000 EXCEEDED, BUT FUNC NOT CONVERGED!
protocols.relax.FastRelax: CMD: min  -1230.85  0.188622  0.188622  0.02805
protocols.relax.FastRelax: CMD: coord_cst_weight  -1306.13  0.188622  0.188622  0.02805
protocols.relax.FastRelax: CMD: scale:fa_rep  -914.3  0.188622  0.188622  0.14575
core.pack.task: Packer task: initialize from command line() 
core.pack.pack_rotamers: built 7366 rotamers at 492 positions.
core.pack.interaction_graph.interaction_graph_factory: Instantiating DensePDInteractionGraph
protocols.relax.FastRelax: CMD: repack  -1008.3  0.188622  0.188622  0.14575
protocols.relax.FastRelax: CMD: scale:fa_rep  -986.884  0.188622  0.188622  0.154
protocols.relax.FastRelax: CMD: min  -1168.7  0.232604  0.232604  0.154
protocols.relax.FastRelax: CMD: coord_cst_weight  -1285.05  0.232604  0.232604  0.154
protocols.relax.FastRelax: CMD: scale:fa_rep  -1102.96  0.232604  0.232604  0.30745
core.pack.task: Packer task: initialize from command line() 
core.pack.pack_rotamers: built 7139 rotamers at 492 positions.
core.pack.interaction_graph.interaction_graph_factory: Instantiating DensePDInteractionGraph
protocols.relax.FastRelax: CMD: repack  -1104.43  0.232604  0.232604  0.30745
protocols.relax.FastRelax: CMD: scale:fa_rep  -1090.14  0.232604  0.232604  0.31955
protocols.relax.FastRelax: CMD: min  -1286.08  3.34349  3.34349  0.31955
protocols.relax.FastRelax: CMD: coord_cst_weight  -1286.08  3.34349  3.34349  0.31955
protocols.relax.FastRelax: CMD: scale:fa_rep  -1080.28  3.34349  3.34349  0.55
core.pack.task: Packer task: initialize from command line() 
core.pack.pack_rotamers: built 7060 rotamers at 492 positions.
core.pack.interaction_graph.interaction_graph_factory: Instantiating DensePDInteractionGraph
protocols.relax.FastRelax: CMD: repack  -1083.81  3.34349  3.34349  0.55
protocols.relax.FastRelax: CMD: min  -1141.5  3.75843  3.75843  0.55
protocols.relax.FastRelax: MRP: 5  -1141.5  -1141.5  3.75843  3.75843  
protocols.relax.FastRelax: CMD: accept_to_best  -1141.5  3.75843  3.75843  0.55
protocols.relax.FastRelax: CMD: endrepeat  -1141.5  3.75843  3.75843  0.55
protocols.relax.FastRelax: CMD: coord_cst_weight  75936.1  3.75843  3.75843  0.55
protocols.relax.FastRelax: CMD: scale:fa_rep  75611.4  3.75843  3.75843  0.022
core.pack.task: Packer task: initialize from command line() 
core.pack.pack_rotamers: built 7766 rotamers at 492 positions.
core.pack.interaction_graph.interaction_graph_factory: Instantiating DensePDInteractionGraph
protocols.relax.FastRelax: CMD: repack  75592.3  3.75843  3.75843  0.022
protocols.relax.FastRelax: CMD: scale:fa_rep  75599  3.75843  3.75843  0.02805
core.optimization.Minimizer: [ WARNING ] LBFGS MAX CYCLES 2000 EXCEEDED, BUT FUNC NOT CONVERGED!
protocols.relax.FastRelax: CMD: min  -1238.99  0.191723  0.191723  0.02805
protocols.relax.FastRelax: CMD: coord_cst_weight  -1316.94  0.191723  0.191723  0.02805
protocols.relax.FastRelax: CMD: scale:fa_rep  -976.18  0.191723  0.191723  0.14575
core.pack.task: Packer task: initialize from command line() 
core.pack.pack_rotamers: built 7360 rotamers at 492 positions.
core.pack.interaction_graph.interaction_graph_factory: Instantiating DensePDInteractionGraph
protocols.relax.FastRelax: CMD: repack  -1024.15  0.191723  0.191723  0.14575
protocols.relax.FastRelax: CMD: scale:fa_rep  -1003.44  0.191723  0.191723  0.154
protocols.relax.FastRelax: CMD: min  -1176.86  0.233584  0.233584  0.154
protocols.relax.FastRelax: CMD: coord_cst_weight  -1294.04  0.233584  0.233584  0.154
protocols.relax.FastRelax: CMD: scale:fa_rep  -1112.15  0.233584  0.233584  0.30745
core.pack.task: Packer task: initialize from command line() 
core.pack.pack_rotamers: built 7120 rotamers at 492 positions.
core.pack.interaction_graph.interaction_graph_factory: Instantiating DensePDInteractionGraph
protocols.relax.FastRelax: CMD: repack  -1113.19  0.233584  0.233584  0.30745
protocols.relax.FastRelax: CMD: scale:fa_rep  -1098.94  0.233584  0.233584  0.31955
protocols.relax.FastRelax: CMD: min  -1293.68  3.14995  3.14995  0.31955
protocols.relax.FastRelax: CMD: coord_cst_weight  -1293.68  3.14995  3.14995  0.31955
protocols.relax.FastRelax: CMD: scale:fa_rep  -1089.27  3.14995  3.14995  0.55
core.pack.task: Packer task: initialize from command line() 
core.pack.pack_rotamers: built 6999 rotamers at 492 positions.
core.pack.interaction_graph.interaction_graph_factory: Instantiating DensePDInteractionGraph
protocols.relax.FastRelax: CMD: repack  -1091.09  3.14995  3.14995  0.55
protocols.relax.FastRelax: CMD: min  -1146.29  3.90847  3.90847  0.55
protocols.relax.FastRelax: MRP: 6  -1146.29  -1146.29  3.90847  3.90847  
protocols.relax.FastRelax: CMD: accept_to_best  -1146.29  3.90847  3.90847  0.55
protocols.relax.FastRelax: CMD: endrepeat  -1146.29  3.90847  3.90847  0.55
protocols.relax.FastRelax: CMD: coord_cst_weight  77812.1  3.90847  3.90847  0.55
protocols.relax.FastRelax: CMD: scale:fa_rep  77485.3  3.90847  3.90847  0.022
core.pack.task: Packer task: initialize from command line() 
core.pack.pack_rotamers: built 7776 rotamers at 492 positions.
core.pack.interaction_graph.interaction_graph_factory: Instantiating DensePDInteractionGraph
protocols.relax.FastRelax: CMD: repack  77471.5  3.90847  3.90847  0.022
protocols.relax.FastRelax: CMD: scale:fa_rep  77481  3.90847  3.90847  0.02805
core.optimization.Minimizer: [ WARNING ] LBFGS MAX CYCLES 2000 EXCEEDED, BUT FUNC NOT CONVERGED!
protocols.relax.FastRelax: CMD: min  -1245.05  0.195266  0.195266  0.02805
protocols.relax.FastRelax: CMD: coord_cst_weight  -1326.74  0.195266  0.195266  0.02805
protocols.relax.FastRelax: CMD: scale:fa_rep  -974.088  0.195266  0.195266  0.14575
core.pack.task: Packer task: initialize from command line() 
core.pack.pack_rotamers: built 7328 rotamers at 492 positions.
core.pack.interaction_graph.interaction_graph_factory: Instantiating DensePDInteractionGraph
protocols.relax.FastRelax: CMD: repack  -1018.05  0.195266  0.195266  0.14575
protocols.relax.FastRelax: CMD: scale:fa_rep  -996.61  0.195266  0.195266  0.154
protocols.relax.FastRelax: CMD: min  -1178.97  0.229163  0.229163  0.154
protocols.relax.FastRelax: CMD: coord_cst_weight  -1293.47  0.229163  0.229163  0.154
protocols.relax.FastRelax: CMD: scale:fa_rep  -1108.84  0.229163  0.229163  0.30745
core.pack.task: Packer task: initialize from command line() 
core.pack.pack_rotamers: built 7157 rotamers at 492 positions.
core.pack.interaction_graph.interaction_graph_factory: Instantiating DensePDInteractionGraph
protocols.relax.FastRelax: CMD: repack  -1110.9  0.229163  0.229163  0.30745
protocols.relax.FastRelax: CMD: scale:fa_rep  -1096.64  0.229163  0.229163  0.31955
protocols.relax.FastRelax: CMD: min  -1194.5  3.49408  3.49408  0.31955
protocols.relax.FastRelax: CMD: coord_cst_weight  -1194.5  3.49408  3.49408  0.31955
protocols.relax.FastRelax: CMD: scale:fa_rep  -928.703  3.49408  3.49408  0.55
core.pack.task: Packer task: initialize from command line() 
core.pack.pack_rotamers: built 6979 rotamers at 492 positions.
core.pack.interaction_graph.interaction_graph_factory: Instantiating DensePDInteractionGraph
protocols.relax.FastRelax: CMD: repack  -1076.94  3.49408  3.49408  0.55
protocols.relax.FastRelax: CMD: min  -1145  3.73994  3.73994  0.55
protocols.relax.FastRelax: MRP: 7  -1145  -1146.29  3.90847  3.90847  
protocols.relax.FastRelax: CMD: accept_to_best  -1145  3.73994  3.73994  0.55
protocols.relax.FastRelax: CMD: endrepeat  -1145  3.73994  3.73994  0.55
protocols.relax.FastRelax: CMD: coord_cst_weight  65961.9  3.73994  3.73994  0.55
protocols.relax.FastRelax: CMD: scale:fa_rep  65636.1  3.73994  3.73994  0.022
core.pack.task: Packer task: initialize from command line() 
core.pack.pack_rotamers: built 7721 rotamers at 492 positions.
core.pack.interaction_graph.interaction_graph_factory: Instantiating DensePDInteractionGraph
protocols.relax.FastRelax: CMD: repack  65622.7  3.73994  3.73994  0.022
protocols.relax.FastRelax: CMD: scale:fa_rep  65631.8  3.73994  3.73994  0.02805
core.optimization.Minimizer: [ WARNING ] LBFGS MAX CYCLES 2000 EXCEEDED, BUT FUNC NOT CONVERGED!
protocols.relax.FastRelax: CMD: min  -1262.69  0.18351  0.18351  0.02805
protocols.relax.FastRelax: CMD: coord_cst_weight  -1335.98  0.18351  0.18351  0.02805
protocols.relax.FastRelax: CMD: scale:fa_rep  -1002.42  0.18351  0.18351  0.14575
core.pack.task: Packer task: initialize from command line() 
core.pack.pack_rotamers: built 7343 rotamers at 492 positions.
core.pack.interaction_graph.interaction_graph_factory: Instantiating DensePDInteractionGraph
protocols.relax.FastRelax: CMD: repack  -1042.76  0.18351  0.18351  0.14575
protocols.relax.FastRelax: CMD: scale:fa_rep  -1022.19  0.18351  0.18351  0.154
protocols.relax.FastRelax: CMD: min  -1180.48  0.229513  0.229513  0.154
protocols.relax.FastRelax: CMD: coord_cst_weight  -1294.91  0.229513  0.229513  0.154
protocols.relax.FastRelax: CMD: scale:fa_rep  -1110.74  0.229513  0.229513  0.30745
core.pack.task: Packer task: initialize from command line() 
core.pack.pack_rotamers: built 7133 rotamers at 492 positions.
core.pack.interaction_graph.interaction_graph_factory: Instantiating DensePDInteractionGraph
protocols.relax.FastRelax: CMD: repack  -1112.81  0.229513  0.229513  0.30745
protocols.relax.FastRelax: CMD: scale:fa_rep  -1098.7  0.229513  0.229513  0.31955
protocols.relax.FastRelax: CMD: min  -1293.68  3.26869  3.26869  0.31955
protocols.relax.FastRelax: CMD: coord_cst_weight  -1293.68  3.26869  3.26869  0.31955
protocols.relax.FastRelax: CMD: scale:fa_rep  -1087  3.26869  3.26869  0.55
core.pack.task: Packer task: initialize from command line() 
core.pack.pack_rotamers: built 7027 rotamers at 492 positions.
core.pack.interaction_graph.interaction_graph_factory: Instantiating DensePDInteractionGraph
protocols.relax.FastRelax: CMD: repack  -1087.54  3.26869  3.26869  0.55
protocols.relax.FastRelax: CMD: min  -1143.14  4.17072  4.17072  0.55
protocols.relax.FastRelax: MRP: 8  -1143.14  -1146.29  3.90847  3.90847  
protocols.relax.FastRelax: CMD: accept_to_best  -1143.14  4.17072  4.17072  0.55
protocols.relax.FastRelax: CMD: endrepeat  -1143.14  4.17072  4.17072  0.55
protocols.relax.FastRelax: CMD: coord_cst_weight  75133.9  4.17072  4.17072  0.55
protocols.relax.FastRelax: CMD: scale:fa_rep  74807.4  4.17072  4.17072  0.022
core.pack.task: Packer task: initialize from command line() 
core.pack.pack_rotamers: built 7760 rotamers at 492 positions.
core.pack.interaction_graph.interaction_graph_factory: Instantiating DensePDInteractionGraph
protocols.relax.FastRelax: CMD: repack  74796.6  4.17072  4.17072  0.022
protocols.relax.FastRelax: CMD: scale:fa_rep  74804.6  4.17072  4.17072  0.02805
core.optimization.Minimizer: [ WARNING ] LBFGS MAX CYCLES 2000 EXCEEDED, BUT FUNC NOT CONVERGED!
protocols.relax.FastRelax: CMD: min  -1258.56  0.182908  0.182908  0.02805
protocols.relax.FastRelax: CMD: coord_cst_weight  -1332.75  0.182908  0.182908  0.02805
protocols.relax.FastRelax: CMD: scale:fa_rep  -1000.83  0.182908  0.182908  0.14575
core.pack.task: Packer task: initialize from command line() 
core.pack.pack_rotamers: built 7349 rotamers at 492 positions.
core.pack.interaction_graph.interaction_graph_factory: Instantiating DensePDInteractionGraph
protocols.relax.FastRelax: CMD: repack  -1044.44  0.182908  0.182908  0.14575
protocols.relax.FastRelax: CMD: scale:fa_rep  -1024.59  0.182908  0.182908  0.154
protocols.relax.FastRelax: CMD: min  -1181.56  0.2285  0.2285  0.154
protocols.relax.FastRelax: CMD: coord_cst_weight  -1295.01  0.2285  0.2285  0.154
protocols.relax.FastRelax: CMD: scale:fa_rep  -1112.79  0.2285  0.2285  0.30745
core.pack.task: Packer task: initialize from command line() 
core.pack.pack_rotamers: built 7151 rotamers at 492 positions.
core.pack.interaction_graph.interaction_graph_factory: Instantiating DensePDInteractionGraph
protocols.relax.FastRelax: CMD: repack  -1113.22  0.2285  0.2285  0.30745
protocols.relax.FastRelax: CMD: scale:fa_rep  -1099.03  0.2285  0.2285  0.31955
protocols.relax.FastRelax: CMD: min  -1291.02  3.91265  3.91265  0.31955
protocols.relax.FastRelax: CMD: coord_cst_weight  -1291.02  3.91265  3.91265  0.31955
protocols.relax.FastRelax: CMD: scale:fa_rep  -1083.07  3.91265  3.91265  0.55
core.pack.task: Packer task: initialize from command line() 
core.pack.pack_rotamers: built 6974 rotamers at 492 positions.
core.pack.interaction_graph.interaction_graph_factory: Instantiating DensePDInteractionGraph
protocols.relax.FastRelax: CMD: repack  -1090.97  3.91265  3.91265  0.55
protocols.relax.FastRelax: CMD: min  -1149.47  4.28088  4.28088  0.55
protocols.relax.FastRelax: MRP: 9  -1149.47  -1149.47  4.28088  4.28088  
protocols.relax.FastRelax: CMD: accept_to_best  -1149.47  4.28088  4.28088  0.55
protocols.relax.FastRelax: CMD: endrepeat  -1149.47  4.28088  4.28088  0.55
protocols.relax.FastRelax: CMD: coord_cst_weight  77003.1  4.28088  4.28088  0.55
protocols.relax.FastRelax: CMD: scale:fa_rep  76671.9  4.28088  4.28088  0.022
core.pack.task: Packer task: initialize from command line() 
core.pack.pack_rotamers: built 7786 rotamers at 492 positions.
core.pack.interaction_graph.interaction_graph_factory: Instantiating DensePDInteractionGraph
protocols.relax.FastRelax: CMD: repack  76652.4  4.28088  4.28088  0.022
protocols.relax.FastRelax: CMD: scale:fa_rep  76660.9  4.28088  4.28088  0.02805
core.optimization.Minimizer: [ WARNING ] LBFGS MAX CYCLES 2000 EXCEEDED, BUT FUNC NOT CONVERGED!
protocols.relax.FastRelax: CMD: min  -1253.99  0.186246  0.186246  0.02805
protocols.relax.FastRelax: CMD: coord_cst_weight  -1330.58  0.186246  0.186246  0.02805
protocols.relax.FastRelax: CMD: scale:fa_rep  -973.41  0.186246  0.186246  0.14575
core.pack.task: Packer task: initialize from command line() 
core.pack.pack_rotamers: built 7364 rotamers at 492 positions.
core.pack.interaction_graph.interaction_graph_factory: Instantiating DensePDInteractionGraph
protocols.relax.FastRelax: CMD: repack  -1040.29  0.186246  0.186246  0.14575
protocols.relax.FastRelax: CMD: scale:fa_rep  -1020.07  0.186246  0.186246  0.154
protocols.relax.FastRelax: CMD: min  -1183.9  0.231333  0.231333  0.154
protocols.relax.FastRelax: CMD: coord_cst_weight  -1298.96  0.231333  0.231333  0.154
protocols.relax.FastRelax: CMD: scale:fa_rep  -1118.93  0.231333  0.231333  0.30745
core.pack.task: Packer task: initialize from command line() 
core.pack.pack_rotamers: built 7135 rotamers at 492 positions.
core.pack.interaction_graph.interaction_graph_factory: Instantiating DensePDInteractionGraph
protocols.relax.FastRelax: CMD: repack  -1118.85  0.231333  0.231333  0.30745
protocols.relax.FastRelax: CMD: scale:fa_rep  -1104.69  0.231333  0.231333  0.31955
protocols.relax.FastRelax: CMD: min  -1159.31  4.48032  4.48032  0.31955
protocols.relax.FastRelax: CMD: coord_cst_weight  -1159.31  4.48032  4.48032  0.31955
protocols.relax.FastRelax: CMD: scale:fa_rep  -844.033  4.48032  4.48032  0.55
core.pack.task: Packer task: initialize from command line() 
core.pack.pack_rotamers: built 7029 rotamers at 492 positions.
core.pack.interaction_graph.interaction_graph_factory: Instantiating DensePDInteractionGraph
protocols.relax.FastRelax: CMD: repack  -991.843  4.48032  4.48032  0.55
protocols.relax.FastRelax: CMD: min  -1162.87  4.3113  4.3113  0.55
protocols.relax.FastRelax: MRP: 10  -1162.87  -1162.87  4.3113  4.3113  
protocols.relax.FastRelax: CMD: accept_to_best  -1162.87  4.3113  4.3113  0.55
protocols.relax.FastRelax: CMD: endrepeat  -1162.87  4.3113  4.3113  0.55
protocols.relax.FastRelax: CMD: coord_cst_weight  80101.8  4.3113  4.3113  0.55
protocols.relax.FastRelax: CMD: scale:fa_rep  79771.4  4.3113  4.3113  0.022
core.pack.task: Packer task: initialize from command line() 
core.pack.pack_rotamers: built 7770 rotamers at 492 positions.
core.pack.interaction_graph.interaction_graph_factory: Instantiating DensePDInteractionGraph
protocols.relax.FastRelax: CMD: repack  79757.2  4.3113  4.3113  0.022
protocols.relax.FastRelax: CMD: scale:fa_rep  79764.8  4.3113  4.3113  0.02805
core.optimization.Minimizer: [ WARNING ] LBFGS MAX CYCLES 2000 EXCEEDED, BUT FUNC NOT CONVERGED!
protocols.relax.FastRelax: CMD: min  -1237.71  0.18731  0.18731  0.02805
protocols.relax.FastRelax: CMD: coord_cst_weight  -1314.51  0.18731  0.18731  0.02805
protocols.relax.FastRelax: CMD: scale:fa_rep  -917.381  0.18731  0.18731  0.14575
core.pack.task: Packer task: initialize from command line() 
core.pack.pack_rotamers: built 7382 rotamers at 492 positions.
core.pack.interaction_graph.interaction_graph_factory: Instantiating DensePDInteractionGraph
protocols.relax.FastRelax: CMD: repack  -1040.75  0.18731  0.18731  0.14575
protocols.relax.FastRelax: CMD: scale:fa_rep  -1020.37  0.18731  0.18731  0.154
protocols.relax.FastRelax: CMD: min  -1180.82  0.230928  0.230928  0.154
protocols.relax.FastRelax: CMD: coord_cst_weight  -1296.87  0.230928  0.230928  0.154
protocols.relax.FastRelax: CMD: scale:fa_rep  -1113.2  0.230928  0.230928  0.30745
core.pack.task: Packer task: initialize from command line() 
core.pack.pack_rotamers: built 7155 rotamers at 492 positions.
core.pack.interaction_graph.interaction_graph_factory: Instantiating DensePDInteractionGraph
protocols.relax.FastRelax: CMD: repack  -1113.53  0.230928  0.230928  0.30745
protocols.relax.FastRelax: CMD: scale:fa_rep  -1099.35  0.230928  0.230928  0.31955
protocols.relax.FastRelax: CMD: min  -1305.44  4.1817  4.1817  0.31955
protocols.relax.FastRelax: CMD: coord_cst_weight  -1305.44  4.1817  4.1817  0.31955
protocols.relax.FastRelax: CMD: scale:fa_rep  -1094.32  4.1817  4.1817  0.55
core.pack.task: Packer task: initialize from command line() 
core.pack.pack_rotamers: built 7074 rotamers at 492 positions.
core.pack.interaction_graph.interaction_graph_factory: Instantiating DensePDInteractionGraph
protocols.relax.FastRelax: CMD: repack  -1104.74  4.1817  4.1817  0.55
protocols.relax.FastRelax: CMD: min  -1161.67  3.95477  3.95477  0.55
protocols.relax.FastRelax: MRP: 11  -1161.67  -1162.87  4.3113  4.3113  
protocols.relax.FastRelax: CMD: accept_to_best  -1161.67  3.95477  3.95477  0.55
protocols.relax.FastRelax: CMD: endrepeat  -1161.67  3.95477  3.95477  0.55
protocols.relax.FastRelax: CMD: coord_cst_weight  78746.8  3.95477  3.95477  0.55
protocols.relax.FastRelax: CMD: scale:fa_rep  78418.9  3.95477  3.95477  0.022
core.pack.task: Packer task: initialize from command line() 
core.pack.pack_rotamers: built 7757 rotamers at 492 positions.
core.pack.interaction_graph.interaction_graph_factory: Instantiating DensePDInteractionGraph
protocols.relax.FastRelax: CMD: repack  78406.8  3.95477  3.95477  0.022
protocols.relax.FastRelax: CMD: scale:fa_rep  78415.6  3.95477  3.95477  0.02805
core.optimization.Minimizer: [ WARNING ] LBFGS MAX CYCLES 2000 EXCEEDED, BUT FUNC NOT CONVERGED!
protocols.relax.FastRelax: CMD: min  -1244.31  0.192751  0.192751  0.02805
protocols.relax.FastRelax: CMD: coord_cst_weight  -1325.49  0.192751  0.192751  0.02805
protocols.relax.FastRelax: CMD: scale:fa_rep  -1008.36  0.192751  0.192751  0.14575
core.pack.task: Packer task: initialize from command line() 
core.pack.pack_rotamers: built 7338 rotamers at 492 positions.
core.pack.interaction_graph.interaction_graph_factory: Instantiating DensePDInteractionGraph
protocols.relax.FastRelax: CMD: repack  -1057.49  0.192751  0.192751  0.14575
protocols.relax.FastRelax: CMD: scale:fa_rep  -1038.39  0.192751  0.192751  0.154
protocols.relax.FastRelax: CMD: min  -1189.83  0.231645  0.231645  0.154
protocols.relax.FastRelax: CMD: coord_cst_weight  -1305.3  0.231645  0.231645  0.154
protocols.relax.FastRelax: CMD: scale:fa_rep  -1123.41  0.231645  0.231645  0.30745
core.pack.task: Packer task: initialize from command line() 
core.pack.pack_rotamers: built 7173 rotamers at 492 positions.
core.pack.interaction_graph.interaction_graph_factory: Instantiating DensePDInteractionGraph
protocols.relax.FastRelax: CMD: repack  -1116.56  0.231645  0.231645  0.30745
protocols.relax.FastRelax: CMD: scale:fa_rep  -1102.34  0.231645  0.231645  0.31955
protocols.relax.FastRelax: CMD: min  -1080.91  3.95983  3.95983  0.31955
protocols.relax.FastRelax: CMD: coord_cst_weight  -1080.91  3.95983  3.95983  0.31955
protocols.relax.FastRelax: CMD: scale:fa_rep  -717.804  3.95983  3.95983  0.55
core.pack.task: Packer task: initialize from command line() 
core.pack.pack_rotamers: built 6974 rotamers at 492 positions.
core.pack.interaction_graph.interaction_graph_factory: Instantiating DensePDInteractionGraph
protocols.relax.FastRelax: CMD: repack  -794.58  3.95983  3.95983  0.55
protocols.relax.FastRelax: CMD: min  -1142.89  5.67527  5.67527  0.55
protocols.relax.FastRelax: MRP: 12  -1142.89  -1162.87  4.3113  4.3113  
protocols.relax.FastRelax: CMD: accept_to_best  -1142.89  5.67527  5.67527  0.55
protocols.relax.FastRelax: CMD: endrepeat  -1142.89  5.67527  5.67527  0.55
protocols.relax.FastRelax: CMD: coord_cst_weight  164679  5.67527  5.67527  0.55
protocols.relax.FastRelax: CMD: scale:fa_rep  164356  5.67527  5.67527  0.022
core.pack.task: Packer task: initialize from command line() 
core.pack.pack_rotamers: built 7662 rotamers at 492 positions.
core.pack.interaction_graph.interaction_graph_factory: Instantiating DensePDInteractionGraph
protocols.relax.FastRelax: CMD: repack  164335  5.67527  5.67527  0.022
protocols.relax.FastRelax: CMD: scale:fa_rep  164343  5.67527  5.67527  0.02805
core.optimization.Minimizer: [ WARNING ] LBFGS MAX CYCLES 2000 EXCEEDED, BUT FUNC NOT CONVERGED!
protocols.relax.FastRelax: CMD: min  -1238.9  0.191926  0.191926  0.02805
protocols.relax.FastRelax: CMD: coord_cst_weight  -1318.38  0.191926  0.191926  0.02805
protocols.relax.FastRelax: CMD: scale:fa_rep  -959.989  0.191926  0.191926  0.14575
core.pack.task: Packer task: initialize from command line() 
core.pack.pack_rotamers: built 7325 rotamers at 492 positions.
core.pack.interaction_graph.interaction_graph_factory: Instantiating DensePDInteractionGraph
protocols.relax.FastRelax: CMD: repack  -1041.85  0.191926  0.191926  0.14575
protocols.relax.FastRelax: CMD: scale:fa_rep  -1022.34  0.191926  0.191926  0.154
protocols.relax.FastRelax: CMD: min  -1178.59  0.231824  0.231824  0.154
protocols.relax.FastRelax: CMD: coord_cst_weight  -1294.49  0.231824  0.231824  0.154
protocols.relax.FastRelax: CMD: scale:fa_rep  -1112.46  0.231824  0.231824  0.30745
core.pack.task: Packer task: initialize from command line() 
core.pack.pack_rotamers: built 7164 rotamers at 492 positions.
core.pack.interaction_graph.interaction_graph_factory: Instantiating DensePDInteractionGraph
protocols.relax.FastRelax: CMD: repack  -1113.45  0.231824  0.231824  0.30745
protocols.relax.FastRelax: CMD: scale:fa_rep  -1099.23  0.231824  0.231824  0.31955
protocols.relax.FastRelax: CMD: min  -1307.43  4.30601  4.30601  0.31955
protocols.relax.FastRelax: CMD: coord_cst_weight  -1307.43  4.30601  4.30601  0.31955
protocols.relax.FastRelax: CMD: scale:fa_rep  -1103.13  4.30601  4.30601  0.55
core.pack.task: Packer task: initialize from command line() 
core.pack.pack_rotamers: built 7037 rotamers at 492 positions.
core.pack.interaction_graph.interaction_graph_factory: Instantiating DensePDInteractionGraph
protocols.relax.FastRelax: CMD: repack  -1106.27  4.30601  4.30601  0.55
protocols.relax.FastRelax: CMD: min  -1162.79  4.47375  4.47375  0.55
protocols.relax.FastRelax: MRP: 13  -1162.79  -1162.87  4.3113  4.3113  
protocols.relax.FastRelax: CMD: accept_to_best  -1162.79  4.47375  4.47375  0.55
protocols.relax.FastRelax: CMD: endrepeat  -1162.79  4.47375  4.47375  0.55
protocols.relax.FastRelax: CMD: coord_cst_weight  92513.5  4.47375  4.47375  0.55
protocols.relax.FastRelax: CMD: scale:fa_rep  92184.4  4.47375  4.47375  0.022
core.pack.task: Packer task: initialize from command line() 
core.pack.pack_rotamers: built 7739 rotamers at 492 positions.
core.pack.interaction_graph.interaction_graph_factory: Instantiating DensePDInteractionGraph
protocols.relax.FastRelax: CMD: repack  92161.3  4.47375  4.47375  0.022
protocols.relax.FastRelax: CMD: scale:fa_rep  92168.9  4.47375  4.47375  0.02805
core.optimization.Minimizer: [ WARNING ] LBFGS MAX CYCLES 2000 EXCEEDED, BUT FUNC NOT CONVERGED!
protocols.relax.FastRelax: CMD: min  -1216.02  0.189218  0.189218  0.02805
protocols.relax.FastRelax: CMD: coord_cst_weight  -1293.85  0.189218  0.189218  0.02805
protocols.relax.FastRelax: CMD: scale:fa_rep  -819.185  0.189218  0.189218  0.14575
core.pack.task: Packer task: initialize from command line() 
core.pack.pack_rotamers: built 7392 rotamers at 492 positions.
core.pack.interaction_graph.interaction_graph_factory: Instantiating DensePDInteractionGraph
protocols.relax.FastRelax: CMD: repack  -1013.3  0.189218  0.189218  0.14575
protocols.relax.FastRelax: CMD: scale:fa_rep  -992.788  0.189218  0.189218  0.154
protocols.relax.FastRelax: CMD: min  -1165.46  0.231876  0.231876  0.154
protocols.relax.FastRelax: CMD: coord_cst_weight  -1282.41  0.231876  0.231876  0.154
protocols.relax.FastRelax: CMD: scale:fa_rep  -1103.25  0.231876  0.231876  0.30745
core.pack.task: Packer task: initialize from command line() 
core.pack.pack_rotamers: built 7164 rotamers at 492 positions.
core.pack.interaction_graph.interaction_graph_factory: Instantiating DensePDInteractionGraph
protocols.relax.FastRelax: CMD: repack  -1104.23  0.231876  0.231876  0.30745
protocols.relax.FastRelax: CMD: scale:fa_rep  -1090.29  0.231876  0.231876  0.31955
protocols.relax.FastRelax: CMD: min  -1279.86  4.06448  4.06448  0.31955
protocols.relax.FastRelax: CMD: coord_cst_weight  -1279.86  4.06448  4.06448  0.31955
protocols.relax.FastRelax: CMD: scale:fa_rep  -1071.08  4.06448  4.06448  0.55
core.pack.task: Packer task: initialize from command line() 
core.pack.pack_rotamers: built 6959 rotamers at 492 positions.
core.pack.interaction_graph.interaction_graph_factory: Instantiating DensePDInteractionGraph
protocols.relax.FastRelax: CMD: repack  -1082.3  4.06448  4.06448  0.55
protocols.relax.FastRelax: CMD: min  -1138.4  3.90492  3.90492  0.55
protocols.relax.FastRelax: MRP: 14  -1138.4  -1162.87  4.3113  4.3113  
protocols.relax.FastRelax: CMD: accept_to_best  -1138.4  3.90492  3.90492  0.55
protocols.relax.FastRelax: CMD: endrepeat  -1138.4  3.90492  3.90492  0.55
protocols::checkpoint: Deleting checkpoints of FastRelax
protocols.jd2.JobDistributor: target.BL00010001_3_0001 reported success in 14795 seconds
protocols.jd2.PDBJobInputter: PDBJobInputter::pose_from_job
protocols.jd2.PDBJobInputter: filling pose from saved copy ../1-modeller/target.BL00010001.pdb
protocols.relax.FastRelax: CMD: repeat  4476.34  0  0  0.55
protocols.relax.FastRelax: CMD: coord_cst_weight  4476.34  0  0  0.55
protocols.relax.FastRelax: CMD: scale:fa_rep  806.987  0  0  0.022
core.pack.task: Packer task: initialize from command line() 
core.pack.pack_rotamers: built 8129 rotamers at 492 positions.
core.pack.interaction_graph.interaction_graph_factory: Instantiating DensePDInteractionGraph
protocols.relax.FastRelax: CMD: repack  -877.596  0  0  0.022
protocols.relax.FastRelax: CMD: scale:fa_rep  -839.517  0  0  0.02805
core.optimization.Minimizer: [ WARNING ] LBFGS MAX CYCLES 2000 EXCEEDED, BUT FUNC NOT CONVERGED!
protocols.relax.FastRelax: CMD: min  -1292.36  0.147095  0.147095  0.02805
protocols.relax.FastRelax: CMD: coord_cst_weight  -1338.86  0.147095  0.147095  0.02805
protocols.relax.FastRelax: CMD: scale:fa_rep  -956.191  0.147095  0.147095  0.14575
core.pack.task: Packer task: initialize from command line() 
core.pack.pack_rotamers: built 7401 rotamers at 492 positions.
core.pack.interaction_graph.interaction_graph_factory: Instantiating DensePDInteractionGraph
protocols.relax.FastRelax: CMD: repack  -995.824  0.147095  0.147095  0.14575
protocols.relax.FastRelax: CMD: scale:fa_rep  -974.24  0.147095  0.147095  0.154
core.optimization.Minimizer: [ WARNING ] LBFGS MAX CYCLES 2000 EXCEEDED, BUT FUNC NOT CONVERGED!
protocols.relax.FastRelax: CMD: min  -1157.79  0.205145  0.205145  0.154
protocols.relax.FastRelax: CMD: coord_cst_weight  -1248.82  0.205145  0.205145  0.154
protocols.relax.FastRelax: CMD: scale:fa_rep  -1058.36  0.205145  0.205145  0.30745
core.pack.task: Packer task: initialize from command line() 
core.pack.pack_rotamers: built 7217 rotamers at 492 positions.
core.pack.interaction_graph.interaction_graph_factory: Instantiating DensePDInteractionGraph
protocols.relax.FastRelax: CMD: repack  -1060.51  0.205145  0.205145  0.30745
protocols.relax.FastRelax: CMD: scale:fa_rep  -1045.69  0.205145  0.205145  0.31955
protocols.relax.FastRelax: CMD: min  -1242.05  3.44787  3.44787  0.31955
protocols.relax.FastRelax: CMD: coord_cst_weight  -1242.05  3.44787  3.44787  0.31955
protocols.relax.FastRelax: CMD: scale:fa_rep  -1030.13  3.44787  3.44787  0.55
core.pack.task: Packer task: initialize from command line() 
core.pack.pack_rotamers: built 7037 rotamers at 492 positions.
core.pack.interaction_graph.interaction_graph_factory: Instantiating DensePDInteractionGraph
protocols.relax.FastRelax: CMD: repack  -1038.23  3.44787  3.44787  0.55
protocols.relax.FastRelax: CMD: min  -1106.02  3.39315  3.39315  0.55
protocols.relax.FastRelax: MRP: 0  -1106.02  -1106.02  3.39315  3.39315  
protocols.relax.FastRelax: CMD: accept_to_best  -1106.02  3.39315  3.39315  0.55
protocols.relax.FastRelax: CMD: endrepeat  -1106.02  3.39315  3.39315  0.55
protocols.relax.FastRelax: CMD: coord_cst_weight  81397.9  3.39315  3.39315  0.55
protocols.relax.FastRelax: CMD: scale:fa_rep  81058.7  3.39315  3.39315  0.022
core.pack.task: Packer task: initialize from command line() 
core.pack.pack_rotamers: built 7818 rotamers at 492 positions.
core.pack.interaction_graph.interaction_graph_factory: Instantiating DensePDInteractionGraph
protocols.relax.FastRelax: CMD: repack  81042.9  3.39315  3.39315  0.022
protocols.relax.FastRelax: CMD: scale:fa_rep  81054.2  3.39315  3.39315  0.02805
core.optimization.Minimizer: [ WARNING ] LBFGS MAX CYCLES 2000 EXCEEDED, BUT FUNC NOT CONVERGED!
protocols.relax.FastRelax: CMD: min  -1269.61  0.172222  0.172222  0.02805
protocols.relax.FastRelax: CMD: coord_cst_weight  -1335  0.172222  0.172222  0.02805
protocols.relax.FastRelax: CMD: scale:fa_rep  -990.813  0.172222  0.172222  0.14575
core.pack.task: Packer task: initialize from command line() 
core.pack.pack_rotamers: built 7347 rotamers at 492 positions.
core.pack.interaction_graph.interaction_graph_factory: Instantiating DensePDInteractionGraph
protocols.relax.FastRelax: CMD: repack  -1035.34  0.172222  0.172222  0.14575
protocols.relax.FastRelax: CMD: scale:fa_rep  -1014.98  0.172222  0.172222  0.154
protocols.relax.FastRelax: CMD: min  -1174.64  0.215659  0.215659  0.154
protocols.relax.FastRelax: CMD: coord_cst_weight  -1278.63  0.215659  0.215659  0.154
protocols.relax.FastRelax: CMD: scale:fa_rep  -1091.56  0.215659  0.215659  0.30745
core.pack.task: Packer task: initialize from command line() 
core.pack.pack_rotamers: built 7083 rotamers at 492 positions.
core.pack.interaction_graph.interaction_graph_factory: Instantiating DensePDInteractionGraph
protocols.relax.FastRelax: CMD: repack  -1092.28  0.215659  0.215659  0.30745
protocols.relax.FastRelax: CMD: scale:fa_rep  -1077.55  0.215659  0.215659  0.31955
protocols.relax.FastRelax: CMD: min  -1272.17  3.65119  3.65119  0.31955
protocols.relax.FastRelax: CMD: coord_cst_weight  -1272.17  3.65119  3.65119  0.31955
protocols.relax.FastRelax: CMD: scale:fa_rep  -1063.17  3.65119  3.65119  0.55
core.pack.task: Packer task: initialize from command line() 
core.pack.pack_rotamers: built 6923 rotamers at 492 positions.
core.pack.interaction_graph.interaction_graph_factory: Instantiating DensePDInteractionGraph
protocols.relax.FastRelax: CMD: repack  -1066.89  3.65119  3.65119  0.55
protocols.relax.FastRelax: CMD: min  -1123.4  3.6858  3.6858  0.55
protocols.relax.FastRelax: MRP: 1  -1123.4  -1123.4  3.6858  3.6858  
protocols.relax.FastRelax: CMD: accept_to_best  -1123.4  3.6858  3.6858  0.55
protocols.relax.FastRelax: CMD: endrepeat  -1123.4  3.6858  3.6858  0.55
protocols.relax.FastRelax: CMD: coord_cst_weight  70187.8  3.6858  3.6858  0.55
protocols.relax.FastRelax: CMD: scale:fa_rep  69856.4  3.6858  3.6858  0.022
core.pack.task: Packer task: initialize from command line() 
core.pack.pack_rotamers: built 7720 rotamers at 492 positions.
core.pack.interaction_graph.interaction_graph_factory: Instantiating DensePDInteractionGraph
protocols.relax.FastRelax: CMD: repack  69836.5  3.6858  3.6858  0.022
protocols.relax.FastRelax: CMD: scale:fa_rep  69843.7  3.6858  3.6858  0.02805
core.optimization.Minimizer: [ WARNING ] LBFGS MAX CYCLES 2000 EXCEEDED, BUT FUNC NOT CONVERGED!
protocols.relax.FastRelax: CMD: min  -1265.13  0.173562  0.173562  0.02805
protocols.relax.FastRelax: CMD: coord_cst_weight  -1334.48  0.173562  0.173562  0.02805
protocols.relax.FastRelax: CMD: scale:fa_rep  -997.848  0.173562  0.173562  0.14575
core.pack.task: Packer task: initialize from command line() 
core.pack.pack_rotamers: built 7306 rotamers at 492 positions.
core.pack.interaction_graph.interaction_graph_factory: Instantiating DensePDInteractionGraph
protocols.relax.FastRelax: CMD: repack  -1046.12  0.173562  0.173562  0.14575
protocols.relax.FastRelax: CMD: scale:fa_rep  -1026.36  0.173562  0.173562  0.154
protocols.relax.FastRelax: CMD: min  -1180.68  0.215307  0.215307  0.154
protocols.relax.FastRelax: CMD: coord_cst_weight  -1286.32  0.215307  0.215307  0.154
protocols.relax.FastRelax: CMD: scale:fa_rep  -1101.13  0.215307  0.215307  0.30745
core.pack.task: Packer task: initialize from command line() 
core.pack.pack_rotamers: built 7110 rotamers at 492 positions.
core.pack.interaction_graph.interaction_graph_factory: Instantiating DensePDInteractionGraph
protocols.relax.FastRelax: CMD: repack  -1101.65  0.215307  0.215307  0.30745
protocols.relax.FastRelax: CMD: scale:fa_rep  -1087.25  0.215307  0.215307  0.31955
protocols.relax.FastRelax: CMD: min  -876.584  4.14542  4.14542  0.31955
protocols.relax.FastRelax: CMD: coord_cst_weight  -876.584  4.14542  4.14542  0.31955
protocols.relax.FastRelax: CMD: scale:fa_rep  -375.864  4.14542  4.14542  0.55
core.pack.task: Packer task: initialize from command line() 
core.pack.pack_rotamers: built 6938 rotamers at 492 positions.
core.pack.interaction_graph.interaction_graph_factory: Instantiating DensePDInteractionGraph
protocols.relax.FastRelax: CMD: repack  -419.575  4.14542  4.14542  0.55
protocols.relax.FastRelax: CMD: min  -1136.05  3.84964  3.84964  0.55
protocols.relax.FastRelax: MRP: 2  -1136.05  -1136.05  3.84964  3.84964  
protocols.relax.FastRelax: CMD: accept_to_best  -1136.05  3.84964  3.84964  0.55
protocols.relax.FastRelax: CMD: endrepeat  -1136.05  3.84964  3.84964  0.55
protocols.relax.FastRelax: CMD: coord_cst_weight  81145.6  3.84964  3.84964  0.55
protocols.relax.FastRelax: CMD: scale:fa_rep  80816.1  3.84964  3.84964  0.022
core.pack.task: Packer task: initialize from command line() 
core.pack.pack_rotamers: built 7765 rotamers at 492 positions.
core.pack.interaction_graph.interaction_graph_factory: Instantiating DensePDInteractionGraph
protocols.relax.FastRelax: CMD: repack  80789.3  3.84964  3.84964  0.022
protocols.relax.FastRelax: CMD: scale:fa_rep  80795.6  3.84964  3.84964  0.02805
core.optimization.Minimizer: [ WARNING ] LBFGS MAX CYCLES 2000 EXCEEDED, BUT FUNC NOT CONVERGED!
protocols.relax.FastRelax: CMD: min  -1253.72  0.179725  0.179725  0.02805
protocols.relax.FastRelax: CMD: coord_cst_weight  -1328.8  0.179725  0.179725  0.02805
protocols.relax.FastRelax: CMD: scale:fa_rep  -966.416  0.179725  0.179725  0.14575
core.pack.task: Packer task: initialize from command line() 
core.pack.pack_rotamers: built 7373 rotamers at 492 positions.
core.pack.interaction_graph.interaction_graph_factory: Instantiating DensePDInteractionGraph
protocols.relax.FastRelax: CMD: repack  -1043.66  0.179725  0.179725  0.14575
protocols.relax.FastRelax: CMD: scale:fa_rep  -1023.44  0.179725  0.179725  0.154
protocols.relax.FastRelax: CMD: min  -1182.74  0.216875  0.216875  0.154
protocols.relax.FastRelax: CMD: coord_cst_weight  -1289.82  0.216875  0.216875  0.154
protocols.relax.FastRelax: CMD: scale:fa_rep  -1106.2  0.216875  0.216875  0.30745
core.pack.task: Packer task: initialize from command line() 
core.pack.pack_rotamers: built 7147 rotamers at 492 positions.
core.pack.interaction_graph.interaction_graph_factory: Instantiating DensePDInteractionGraph
protocols.relax.FastRelax: CMD: repack  -1107.66  0.216875  0.216875  0.30745
protocols.relax.FastRelax: CMD: scale:fa_rep  -1093.32  0.216875  0.216875  0.31955
protocols.relax.FastRelax: CMD: min  -1154.02  3.79461  3.79461  0.31955
protocols.relax.FastRelax: CMD: coord_cst_weight  -1154.02  3.79461  3.79461  0.31955
protocols.relax.FastRelax: CMD: scale:fa_rep  -852.085  3.79461  3.79461  0.55
core.pack.task: Packer task: initialize from command line() 
core.pack.pack_rotamers: built 6976 rotamers at 492 positions.
core.pack.interaction_graph.interaction_graph_factory: Instantiating DensePDInteractionGraph
protocols.relax.FastRelax: CMD: repack  -920.773  3.79461  3.79461  0.55
protocols.relax.FastRelax: CMD: min  -1148.81  3.61861  3.61861  0.55
protocols.relax.FastRelax: MRP: 3  -1148.81  -1148.81  3.61861  3.61861  
protocols.relax.FastRelax: CMD: accept_to_best  -1148.81  3.61861  3.61861  0.55
protocols.relax.FastRelax: CMD: endrepeat  -1148.81  3.61861  3.61861  0.55
protocols.relax.FastRelax: CMD: coord_cst_weight  79867.5  3.61861  3.61861  0.55
protocols.relax.FastRelax: CMD: scale:fa_rep  79540.1  3.61861  3.61861  0.022
core.pack.task: Packer task: initialize from command line() 
core.pack.pack_rotamers: built 7776 rotamers at 492 positions.
core.pack.interaction_graph.interaction_graph_factory: Instantiating DensePDInteractionGraph
protocols.relax.FastRelax: CMD: repack  79543.1  3.61861  3.61861  0.022
protocols.relax.FastRelax: CMD: scale:fa_rep  79554.1  3.61861  3.61861  0.02805
core.optimization.Minimizer: [ WARNING ] LBFGS MAX CYCLES 2000 EXCEEDED, BUT FUNC NOT CONVERGED!
protocols.relax.FastRelax: CMD: min  -1225.75  0.188835  0.188835  0.02805
protocols.relax.FastRelax: CMD: coord_cst_weight  -1306.71  0.188835  0.188835  0.02805
protocols.relax.FastRelax: CMD: scale:fa_rep  -944.164  0.188835  0.188835  0.14575
core.pack.task: Packer task: initialize from command line() 
core.pack.pack_rotamers: built 7323 rotamers at 492 positions.
core.pack.interaction_graph.interaction_graph_factory: Instantiating DensePDInteractionGraph
protocols.relax.FastRelax: CMD: repack  -1005.05  0.188835  0.188835  0.14575
protocols.relax.FastRelax: CMD: scale:fa_rep  -983.944  0.188835  0.188835  0.154
protocols.relax.FastRelax: CMD: min  -1184.82  0.221457  0.221457  0.154
protocols.relax.FastRelax: CMD: coord_cst_weight  -1294.74  0.221457  0.221457  0.154
protocols.relax.FastRelax: CMD: scale:fa_rep  -1112.1  0.221457  0.221457  0.30745
core.pack.task: Packer task: initialize from command line() 
core.pack.pack_rotamers: built 7121 rotamers at 492 positions.
core.pack.interaction_graph.interaction_graph_factory: Instantiating DensePDInteractionGraph
protocols.relax.FastRelax: CMD: repack  -1112.75  0.221457  0.221457  0.30745
protocols.relax.FastRelax: CMD: scale:fa_rep  -1098.48  0.221457  0.221457  0.31955
protocols.relax.FastRelax: CMD: min  -786.045  4.03431  4.03431  0.31955
protocols.relax.FastRelax: CMD: coord_cst_weight  -786.045  4.03431  4.03431  0.31955
protocols.relax.FastRelax: CMD: scale:fa_rep  -222.081  4.03431  4.03431  0.55
core.pack.task: Packer task: initialize from command line() 
core.pack.pack_rotamers: built 6919 rotamers at 492 positions.
core.pack.interaction_graph.interaction_graph_factory: Instantiating DensePDInteractionGraph
protocols.relax.FastRelax: CMD: repack  -594.466  4.03431  4.03431  0.55
protocols.relax.FastRelax: CMD: min  -1129.71  4.09568  4.09568  0.55
protocols.relax.FastRelax: MRP: 4  -1129.71  -1148.81  3.61861  3.61861  
protocols.relax.FastRelax: CMD: accept_to_best  -1129.71  4.09568  4.09568  0.55
protocols.relax.FastRelax: CMD: endrepeat  -1129.71  4.09568  4.09568  0.55
protocols.relax.FastRelax: CMD: coord_cst_weight  88728.7  4.09568  4.09568  0.55
protocols.relax.FastRelax: CMD: scale:fa_rep  88405.8  4.09568  4.09568  0.022
core.pack.task: Packer task: initialize from command line() 
core.pack.pack_rotamers: built 7698 rotamers at 492 positions.
core.pack.interaction_graph.interaction_graph_factory: Instantiating DensePDInteractionGraph
protocols.relax.FastRelax: CMD: repack  88394.9  4.09568  4.09568  0.022
protocols.relax.FastRelax: CMD: scale:fa_rep  88403.9  4.09568  4.09568  0.02805
core.optimization.Minimizer: [ WARNING ] LBFGS MAX CYCLES 2000 EXCEEDED, BUT FUNC NOT CONVERGED!
protocols.relax.FastRelax: CMD: min  -1263.93  0.177245  0.177245  0.02805
protocols.relax.FastRelax: CMD: coord_cst_weight  -1336.22  0.177245  0.177245  0.02805
protocols.relax.FastRelax: CMD: scale:fa_rep  -1000.2  0.177245  0.177245  0.14575
core.pack.task: Packer task: initialize from command line() 
core.pack.pack_rotamers: built 7368 rotamers at 492 positions.
core.pack.interaction_graph.interaction_graph_factory: Instantiating DensePDInteractionGraph
protocols.relax.FastRelax: CMD: repack  -1044.57  0.177245  0.177245  0.14575
protocols.relax.FastRelax: CMD: scale:fa_rep  -1024.65  0.177245  0.177245  0.154
protocols.relax.FastRelax: CMD: min  -1178.47  0.224403  0.224403  0.154
protocols.relax.FastRelax: CMD: coord_cst_weight  -1291.22  0.224403  0.224403  0.154
protocols.relax.FastRelax: CMD: scale:fa_rep  -1107.64  0.224403  0.224403  0.30745
core.pack.task: Packer task: initialize from command line() 
core.pack.pack_rotamers: built 7141 rotamers at 492 positions.
core.pack.interaction_graph.interaction_graph_factory: Instantiating DensePDInteractionGraph
protocols.relax.FastRelax: CMD: repack  -1108.64  0.224403  0.224403  0.30745
protocols.relax.FastRelax: CMD: scale:fa_rep  -1094.34  0.224403  0.224403  0.31955
protocols.relax.FastRelax: CMD: min  -1295.38  3.34341  3.34341  0.31955
protocols.relax.FastRelax: CMD: coord_cst_weight  -1295.38  3.34341  3.34341  0.31955
protocols.relax.FastRelax: CMD: scale:fa_rep  -1093.07  3.34341  3.34341  0.55
core.pack.task: Packer task: initialize from command line() 
core.pack.pack_rotamers: built 7049 rotamers at 492 positions.
core.pack.interaction_graph.interaction_graph_factory: Instantiating DensePDInteractionGraph
protocols.relax.FastRelax: CMD: repack  -1098.09  3.34341  3.34341  0.55
protocols.relax.FastRelax: CMD: min  -1153.64  3.50017  3.50017  0.55
protocols.relax.FastRelax: MRP: 5  -1153.64  -1153.64  3.50017  3.50017  
protocols.relax.FastRelax: CMD: accept_to_best  -1153.64  3.50017  3.50017  0.55
protocols.relax.FastRelax: CMD: endrepeat  -1153.64  3.50017  3.50017  0.55
protocols.relax.FastRelax: CMD: coord_cst_weight  81819.3  3.50017  3.50017  0.55
protocols.relax.FastRelax: CMD: scale:fa_rep  81494.4  3.50017  3.50017  0.022
core.pack.task: Packer task: initialize from command line() 
core.pack.pack_rotamers: built 7739 rotamers at 492 positions.
core.pack.interaction_graph.interaction_graph_factory: Instantiating DensePDInteractionGraph
protocols.relax.FastRelax: CMD: repack  81474.6  3.50017  3.50017  0.022
protocols.relax.FastRelax: CMD: scale:fa_rep  81482  3.50017  3.50017  0.02805
core.optimization.Minimizer: [ WARNING ] LBFGS MAX CYCLES 2000 EXCEEDED, BUT FUNC NOT CONVERGED!
protocols.relax.FastRelax: CMD: min  -1240.29  0.18474  0.18474  0.02805
protocols.relax.FastRelax: CMD: coord_cst_weight  -1317.67  0.18474  0.18474  0.02805
protocols.relax.FastRelax: CMD: scale:fa_rep  -915.45  0.18474  0.18474  0.14575
core.pack.task: Packer task: initialize from command line() 
core.pack.pack_rotamers: built 7408 rotamers at 492 positions.
core.pack.interaction_graph.interaction_graph_factory: Instantiating DensePDInteractionGraph
protocols.relax.FastRelax: CMD: repack  -1045.54  0.18474  0.18474  0.14575
protocols.relax.FastRelax: CMD: scale:fa_rep  -1025.91  0.18474  0.18474  0.154
protocols.relax.FastRelax: CMD: min  -1182.47  0.225709  0.225709  0.154
protocols.relax.FastRelax: CMD: coord_cst_weight  -1295.99  0.225709  0.225709  0.154
protocols.relax.FastRelax: CMD: scale:fa_rep  -1115.65  0.225709  0.225709  0.30745
core.pack.task: Packer task: initialize from command line() 
core.pack.pack_rotamers: built 7141 rotamers at 492 positions.
core.pack.interaction_graph.interaction_graph_factory: Instantiating DensePDInteractionGraph
protocols.relax.FastRelax: CMD: repack  -1116.93  0.225709  0.225709  0.30745
protocols.relax.FastRelax: CMD: scale:fa_rep  -1102.86  0.225709  0.225709  0.31955
protocols.relax.FastRelax: CMD: min  -1296.09  3.72214  3.72214  0.31955
protocols.relax.FastRelax: CMD: coord_cst_weight  -1296.09  3.72214  3.72214  0.31955
protocols.relax.FastRelax: CMD: scale:fa_rep  -1092.11  3.72214  3.72214  0.55
core.pack.task: Packer task: initialize from command line() 
core.pack.pack_rotamers: built 6969 rotamers at 492 positions.
core.pack.interaction_graph.interaction_graph_factory: Instantiating DensePDInteractionGraph
protocols.relax.FastRelax: CMD: repack  -1094.56  3.72214  3.72214  0.55
protocols.relax.FastRelax: CMD: min  -1145.47  4.39299  4.39299  0.55
protocols.relax.FastRelax: MRP: 6  -1145.47  -1153.64  3.50017  3.50017  
protocols.relax.FastRelax: CMD: accept_to_best  -1145.47  4.39299  4.39299  0.55
protocols.relax.FastRelax: CMD: endrepeat  -1145.47  4.39299  4.39299  0.55
protocols.relax.FastRelax: CMD: coord_cst_weight  94692.8  4.39299  4.39299  0.55
protocols.relax.FastRelax: CMD: scale:fa_rep  94364.5  4.39299  4.39299  0.022
core.pack.task: Packer task: initialize from command line() 
core.pack.pack_rotamers: built 7768 rotamers at 492 positions.
core.pack.interaction_graph.interaction_graph_factory: Instantiating DensePDInteractionGraph
protocols.relax.FastRelax: CMD: repack  94352.9  4.39299  4.39299  0.022
protocols.relax.FastRelax: CMD: scale:fa_rep  94359.7  4.39299  4.39299  0.02805
core.optimization.Minimizer: [ WARNING ] LBFGS MAX CYCLES 2000 EXCEEDED, BUT FUNC NOT CONVERGED!
protocols.relax.FastRelax: CMD: min  -1262.9  0.180592  0.180592  0.02805
protocols.relax.FastRelax: CMD: coord_cst_weight  -1337.12  0.180592  0.180592  0.02805
protocols.relax.FastRelax: CMD: scale:fa_rep  -1010.55  0.180592  0.180592  0.14575
core.pack.task: Packer task: initialize from command line() 
core.pack.pack_rotamers: built 7355 rotamers at 492 positions.
core.pack.interaction_graph.interaction_graph_factory: Instantiating DensePDInteractionGraph
protocols.relax.FastRelax: CMD: repack  -1057.65  0.180592  0.180592  0.14575
protocols.relax.FastRelax: CMD: scale:fa_rep  -1038  0.180592  0.180592  0.154
protocols.relax.FastRelax: CMD: min  -1190.24  0.223343  0.223343  0.154
protocols.relax.FastRelax: CMD: coord_cst_weight  -1301.4  0.223343  0.223343  0.154
protocols.relax.FastRelax: CMD: scale:fa_rep  -1116.68  0.223343  0.223343  0.30745
core.pack.task: Packer task: initialize from command line() 
core.pack.pack_rotamers: built 7121 rotamers at 492 positions.
core.pack.interaction_graph.interaction_graph_factory: Instantiating DensePDInteractionGraph
protocols.relax.FastRelax: CMD: repack  -1116.96  0.223343  0.223343  0.30745
protocols.relax.FastRelax: CMD: scale:fa_rep  -1102.52  0.223343  0.223343  0.31955
protocols.relax.FastRelax: CMD: min  -770.445  3.73692  3.73692  0.31955
protocols.relax.FastRelax: CMD: coord_cst_weight  -770.445  3.73692  3.73692  0.31955
protocols.relax.FastRelax: CMD: scale:fa_rep  -182.061  3.73692  3.73692  0.55
core.pack.task: Packer task: initialize from command line() 
core.pack.pack_rotamers: built 7015 rotamers at 492 positions.
core.pack.interaction_graph.interaction_graph_factory: Instantiating DensePDInteractionGraph
protocols.relax.FastRelax: CMD: repack  -1108.34  3.73692  3.73692  0.55
protocols.relax.FastRelax: CMD: min  -1163.05  3.92593  3.92593  0.55
protocols.relax.FastRelax: MRP: 7  -1163.05  -1163.05  3.92593  3.92593  
protocols.relax.FastRelax: CMD: accept_to_best  -1163.05  3.92593  3.92593  0.55
protocols.relax.FastRelax: CMD: endrepeat  -1163.05  3.92593  3.92593  0.55
protocols.relax.FastRelax: CMD: coord_cst_weight  81459.5  3.92593  3.92593  0.55
protocols.relax.FastRelax: CMD: scale:fa_rep  81132.8  3.92593  3.92593  0.022
core.pack.task: Packer task: initialize from command line() 
core.pack.pack_rotamers: built 7815 rotamers at 492 positions.
core.pack.interaction_graph.interaction_graph_factory: Instantiating DensePDInteractionGraph
protocols.relax.FastRelax: CMD: repack  81118.8  3.92593  3.92593  0.022
protocols.relax.FastRelax: CMD: scale:fa_rep  81125.4  3.92593  3.92593  0.02805
core.optimization.Minimizer: [ WARNING ] LBFGS MAX CYCLES 2000 EXCEEDED, BUT FUNC NOT CONVERGED!
protocols.relax.FastRelax: CMD: min  -1239.69  0.190484  0.190484  0.02805
protocols.relax.FastRelax: CMD: coord_cst_weight  -1320.64  0.190484  0.190484  0.02805
protocols.relax.FastRelax: CMD: scale:fa_rep  -935.616  0.190484  0.190484  0.14575
core.pack.task: Packer task: initialize from command line() 
core.pack.pack_rotamers: built 7351 rotamers at 492 positions.
core.pack.interaction_graph.interaction_graph_factory: Instantiating DensePDInteractionGraph
protocols.relax.FastRelax: CMD: repack  -1032.99  0.190484  0.190484  0.14575
protocols.relax.FastRelax: CMD: scale:fa_rep  -1012.07  0.190484  0.190484  0.154
protocols.relax.FastRelax: CMD: min  -1186.59  0.226032  0.226032  0.154
protocols.relax.FastRelax: CMD: coord_cst_weight  -1299.52  0.226032  0.226032  0.154
protocols.relax.FastRelax: CMD: scale:fa_rep  -1112.59  0.226032  0.226032  0.30745
core.pack.task: Packer task: initialize from command line() 
core.pack.pack_rotamers: built 7120 rotamers at 492 positions.
core.pack.interaction_graph.interaction_graph_factory: Instantiating DensePDInteractionGraph
protocols.relax.FastRelax: CMD: repack  -1113.6  0.226032  0.226032  0.30745
protocols.relax.FastRelax: CMD: scale:fa_rep  -1099.09  0.226032  0.226032  0.31955
protocols.relax.FastRelax: CMD: min  -918.257  3.18599  3.18599  0.31955
protocols.relax.FastRelax: CMD: coord_cst_weight  -918.257  3.18599  3.18599  0.31955
protocols.relax.FastRelax: CMD: scale:fa_rep  -436.734  3.18599  3.18599  0.55
core.pack.task: Packer task: initialize from command line() 
core.pack.pack_rotamers: built 7047 rotamers at 492 positions.
core.pack.interaction_graph.interaction_graph_factory: Instantiating DensePDInteractionGraph
protocols.relax.FastRelax: CMD: repack  -1105.75  3.18599  3.18599  0.55
protocols.relax.FastRelax: CMD: min  -1156.48  3.57902  3.57902  0.55
protocols.relax.FastRelax: MRP: 8  -1156.48  -1163.05  3.92593  3.92593  
protocols.relax.FastRelax: CMD: accept_to_best  -1156.48  3.57902  3.57902  0.55
protocols.relax.FastRelax: CMD: endrepeat  -1156.48  3.57902  3.57902  0.55
protocols.relax.FastRelax: CMD: coord_cst_weight  63121.1  3.57902  3.57902  0.55
protocols.relax.FastRelax: CMD: scale:fa_rep  62794  3.57902  3.57902  0.022
core.pack.task: Packer task: initialize from command line() 
core.pack.pack_rotamers: built 7822 rotamers at 492 positions.
core.pack.interaction_graph.interaction_graph_factory: Instantiating DensePDInteractionGraph
protocols.relax.FastRelax: CMD: repack  62774  3.57902  3.57902  0.022
protocols.relax.FastRelax: CMD: scale:fa_rep  62780.8  3.57902  3.57902  0.02805
core.optimization.Minimizer: [ WARNING ] LBFGS MAX CYCLES 2000 EXCEEDED, BUT FUNC NOT CONVERGED!
protocols.relax.FastRelax: CMD: min  -1237.34  0.198543  0.198543  0.02805
protocols.relax.FastRelax: CMD: coord_cst_weight  -1321.63  0.198543  0.198543  0.02805
protocols.relax.FastRelax: CMD: scale:fa_rep  -968.393  0.198543  0.198543  0.14575
core.pack.task: Packer task: initialize from command line() 
core.pack.pack_rotamers: built 7375 rotamers at 492 positions.
core.pack.interaction_graph.interaction_graph_factory: Instantiating DensePDInteractionGraph
protocols.relax.FastRelax: CMD: repack  -1028.17  0.198543  0.198543  0.14575
protocols.relax.FastRelax: CMD: scale:fa_rep  -1006.96  0.198543  0.198543  0.154
protocols.relax.FastRelax: CMD: min  -1181.11  0.23344  0.23344  0.154
protocols.relax.FastRelax: CMD: coord_cst_weight  -1299.43  0.23344  0.23344  0.154
protocols.relax.FastRelax: CMD: scale:fa_rep  -1114.72  0.23344  0.23344  0.30745
core.pack.task: Packer task: initialize from command line() 
core.pack.pack_rotamers: built 7118 rotamers at 492 positions.
core.pack.interaction_graph.interaction_graph_factory: Instantiating DensePDInteractionGraph
protocols.relax.FastRelax: CMD: repack  -1116.96  0.23344  0.23344  0.30745
protocols.relax.FastRelax: CMD: scale:fa_rep  -1102.58  0.23344  0.23344  0.31955
protocols.relax.FastRelax: CMD: min  -1296.58  3.38077  3.38077  0.31955
protocols.relax.FastRelax: CMD: coord_cst_weight  -1296.58  3.38077  3.38077  0.31955
protocols.relax.FastRelax: CMD: scale:fa_rep  -1089.89  3.38077  3.38077  0.55
core.pack.task: Packer task: initialize from command line() 
core.pack.pack_rotamers: built 6996 rotamers at 492 positions.
core.pack.interaction_graph.interaction_graph_factory: Instantiating DensePDInteractionGraph
protocols.relax.FastRelax: CMD: repack  -1092.27  3.38077  3.38077  0.55
protocols.relax.FastRelax: CMD: min  -1149.16  3.72438  3.72438  0.55
protocols.relax.FastRelax: MRP: 9  -1149.16  -1163.05  3.92593  3.92593  
protocols.relax.FastRelax: CMD: accept_to_best  -1149.16  3.72438  3.72438  0.55
protocols.relax.FastRelax: CMD: endrepeat  -1149.16  3.72438  3.72438  0.55
protocols.relax.FastRelax: CMD: coord_cst_weight  72190.9  3.72438  3.72438  0.55
protocols.relax.FastRelax: CMD: scale:fa_rep  71860.6  3.72438  3.72438  0.022
core.pack.task: Packer task: initialize from command line() 
core.pack.pack_rotamers: built 7828 rotamers at 492 positions.
core.pack.interaction_graph.interaction_graph_factory: Instantiating DensePDInteractionGraph
protocols.relax.FastRelax: CMD: repack  71843.9  3.72438  3.72438  0.022
protocols.relax.FastRelax: CMD: scale:fa_rep  71851.5  3.72438  3.72438  0.02805
core.optimization.Minimizer: [ WARNING ] LBFGS MAX CYCLES 2000 EXCEEDED, BUT FUNC NOT CONVERGED!
protocols.relax.FastRelax: CMD: min  -1262.49  0.186806  0.186806  0.02805
protocols.relax.FastRelax: CMD: coord_cst_weight  -1339.37  0.186806  0.186806  0.02805
protocols.relax.FastRelax: CMD: scale:fa_rep  -1006.01  0.186806  0.186806  0.14575
core.pack.task: Packer task: initialize from command line() 
core.pack.pack_rotamers: built 7360 rotamers at 492 positions.
core.pack.interaction_graph.interaction_graph_factory: Instantiating DensePDInteractionGraph
protocols.relax.FastRelax: CMD: repack  -1043.81  0.186806  0.186806  0.14575
protocols.relax.FastRelax: CMD: scale:fa_rep  -1023.28  0.186806  0.186806  0.154
protocols.relax.FastRelax: CMD: min  -1187.95  0.22838  0.22838  0.154
protocols.relax.FastRelax: CMD: coord_cst_weight  -1302.92  0.22838  0.22838  0.154
protocols.relax.FastRelax: CMD: scale:fa_rep  -1120.36  0.22838  0.22838  0.30745
core.pack.task: Packer task: initialize from command line() 
core.pack.pack_rotamers: built 7083 rotamers at 492 positions.
core.pack.interaction_graph.interaction_graph_factory: Instantiating DensePDInteractionGraph
protocols.relax.FastRelax: CMD: repack  -1120.96  0.22838  0.22838  0.30745
protocols.relax.FastRelax: CMD: scale:fa_rep  -1106.7  0.22838  0.22838  0.31955
protocols.relax.FastRelax: CMD: min  -1295.94  3.34819  3.34819  0.31955
protocols.relax.FastRelax: CMD: coord_cst_weight  -1295.94  3.34819  3.34819  0.31955
protocols.relax.FastRelax: CMD: scale:fa_rep  -1088.68  3.34819  3.34819  0.55
core.pack.task: Packer task: initialize from command line() 
core.pack.pack_rotamers: built 6979 rotamers at 492 positions.
core.pack.interaction_graph.interaction_graph_factory: Instantiating DensePDInteractionGraph
protocols.relax.FastRelax: CMD: repack  -1091.19  3.34819  3.34819  0.55
protocols.relax.FastRelax: CMD: min  -1148.32  4.00319  4.00319  0.55
protocols.relax.FastRelax: MRP: 10  -1148.32  -1163.05  3.92593  3.92593  
protocols.relax.FastRelax: CMD: accept_to_best  -1148.32  4.00319  4.00319  0.55
protocols.relax.FastRelax: CMD: endrepeat  -1148.32  4.00319  4.00319  0.55
protocols.relax.FastRelax: CMD: coord_cst_weight  82108.6  4.00319  4.00319  0.55
protocols.relax.FastRelax: CMD: scale:fa_rep  81778.7  4.00319  4.00319  0.022
core.pack.task: Packer task: initialize from command line() 
core.pack.pack_rotamers: built 7810 rotamers at 492 positions.
core.pack.interaction_graph.interaction_graph_factory: Instantiating DensePDInteractionGraph
protocols.relax.FastRelax: CMD: repack  81765.1  4.00319  4.00319  0.022
protocols.relax.FastRelax: CMD: scale:fa_rep  81771.5  4.00319  4.00319  0.02805
core.optimization.Minimizer: [ WARNING ] LBFGS MAX CYCLES 2000 EXCEEDED, BUT FUNC NOT CONVERGED!
protocols.relax.FastRelax: CMD: min  -1249.26  0.188392  0.188392  0.02805
protocols.relax.FastRelax: CMD: coord_cst_weight  -1329.19  0.188392  0.188392  0.02805
protocols.relax.FastRelax: CMD: scale:fa_rep  -985.743  0.188392  0.188392  0.14575
core.pack.task: Packer task: initialize from command line() 
core.pack.pack_rotamers: built 7349 rotamers at 492 positions.
core.pack.interaction_graph.interaction_graph_factory: Instantiating DensePDInteractionGraph
protocols.relax.FastRelax: CMD: repack  -1040.01  0.188392  0.188392  0.14575
protocols.relax.FastRelax: CMD: scale:fa_rep  -1019.42  0.188392  0.188392  0.154
protocols.relax.FastRelax: CMD: min  -1183.23  0.231487  0.231487  0.154
protocols.relax.FastRelax: CMD: coord_cst_weight  -1299.94  0.231487  0.231487  0.154
protocols.relax.FastRelax: CMD: scale:fa_rep  -1117.08  0.231487  0.231487  0.30745
core.pack.task: Packer task: initialize from command line() 
core.pack.pack_rotamers: built 7124 rotamers at 492 positions.
core.pack.interaction_graph.interaction_graph_factory: Instantiating DensePDInteractionGraph
protocols.relax.FastRelax: CMD: repack  -1118.61  0.231487  0.231487  0.30745
protocols.relax.FastRelax: CMD: scale:fa_rep  -1104.31  0.231487  0.231487  0.31955
protocols.relax.FastRelax: CMD: min  -1295.25  3.43884  3.43884  0.31955
protocols.relax.FastRelax: CMD: coord_cst_weight  -1295.25  3.43884  3.43884  0.31955
protocols.relax.FastRelax: CMD: scale:fa_rep  -1089.95  3.43884  3.43884  0.55
core.pack.task: Packer task: initialize from command line() 
core.pack.pack_rotamers: built 7020 rotamers at 492 positions.
core.pack.interaction_graph.interaction_graph_factory: Instantiating DensePDInteractionGraph
protocols.relax.FastRelax: CMD: repack  -1093.8  3.43884  3.43884  0.55
protocols.relax.FastRelax: CMD: min  -828.666  4.13735  4.13735  0.55
protocols.relax.FastRelax: MRP: 11  -828.666  -1163.05  3.92593  3.92593  
protocols.relax.FastRelax: CMD: accept_to_best  -828.666  4.13735  4.13735  0.55
protocols.relax.FastRelax: CMD: endrepeat  -828.666  4.13735  4.13735  0.55
protocols.relax.FastRelax: CMD: coord_cst_weight  83765.2  4.13735  4.13735  0.55
protocols.relax.FastRelax: CMD: scale:fa_rep  83130.2  4.13735  4.13735  0.022
core.pack.task: Packer task: initialize from command line() 
core.pack.pack_rotamers: built 7792 rotamers at 492 positions.
core.pack.interaction_graph.interaction_graph_factory: Instantiating DensePDInteractionGraph
protocols.relax.FastRelax: CMD: repack  83106.6  4.13735  4.13735  0.022
protocols.relax.FastRelax: CMD: scale:fa_rep  83113.9  4.13735  4.13735  0.02805
core.optimization.Minimizer: [ WARNING ] LBFGS MAX CYCLES 2000 EXCEEDED, BUT FUNC NOT CONVERGED!
protocols.relax.FastRelax: CMD: min  -1269.26  0.181183  0.181183  0.02805
protocols.relax.FastRelax: CMD: coord_cst_weight  -1342.27  0.181183  0.181183  0.02805
protocols.relax.FastRelax: CMD: scale:fa_rep  -1023.65  0.181183  0.181183  0.14575
core.pack.task: Packer task: initialize from command line() 
core.pack.pack_rotamers: built 7299 rotamers at 492 positions.
core.pack.interaction_graph.interaction_graph_factory: Instantiating DensePDInteractionGraph
protocols.relax.FastRelax: CMD: repack  -1055.76  0.181183  0.181183  0.14575
protocols.relax.FastRelax: CMD: scale:fa_rep  -1035.41  0.181183  0.181183  0.154
protocols.relax.FastRelax: CMD: min  -1183.89  0.22946  0.22946  0.154
protocols.relax.FastRelax: CMD: coord_cst_weight  -1298.87  0.22946  0.22946  0.154
protocols.relax.FastRelax: CMD: scale:fa_rep  -1111.79  0.22946  0.22946  0.30745
core.pack.task: Packer task: initialize from command line() 
core.pack.pack_rotamers: built 7116 rotamers at 492 positions.
core.pack.interaction_graph.interaction_graph_factory: Instantiating DensePDInteractionGraph
protocols.relax.FastRelax: CMD: repack  -1113.07  0.22946  0.22946  0.30745
protocols.relax.FastRelax: CMD: scale:fa_rep  -1098.65  0.22946  0.22946  0.31955
protocols.relax.FastRelax: CMD: min  -1300.2  2.95857  2.95857  0.31955
protocols.relax.FastRelax: CMD: coord_cst_weight  -1300.2  2.95857  2.95857  0.31955
protocols.relax.FastRelax: CMD: scale:fa_rep  -1097.09  2.95857  2.95857  0.55
core.pack.task: Packer task: initialize from command line() 
core.pack.pack_rotamers: built 6999 rotamers at 492 positions.
core.pack.interaction_graph.interaction_graph_factory: Instantiating DensePDInteractionGraph
protocols.relax.FastRelax: CMD: repack  -1106  2.95857  2.95857  0.55
protocols.relax.FastRelax: CMD: min  -1155.67  3.24524  3.24524  0.55
protocols.relax.FastRelax: MRP: 12  -1155.67  -1163.05  3.92593  3.92593  
protocols.relax.FastRelax: CMD: accept_to_best  -1155.67  3.24524  3.24524  0.55
protocols.relax.FastRelax: CMD: endrepeat  -1155.67  3.24524  3.24524  0.55
protocols.relax.FastRelax: CMD: coord_cst_weight  51510.1  3.24524  3.24524  0.55
protocols.relax.FastRelax: CMD: scale:fa_rep  51181.7  3.24524  3.24524  0.022
core.pack.task: Packer task: initialize from command line() 
core.pack.pack_rotamers: built 7733 rotamers at 492 positions.
core.pack.interaction_graph.interaction_graph_factory: Instantiating DensePDInteractionGraph
protocols.relax.FastRelax: CMD: repack  51176.1  3.24524  3.24524  0.022
protocols.relax.FastRelax: CMD: scale:fa_rep  51187.2  3.24524  3.24524  0.02805
core.optimization.Minimizer: [ WARNING ] LBFGS MAX CYCLES 2000 EXCEEDED, BUT FUNC NOT CONVERGED!
protocols.relax.FastRelax: CMD: min  -1271.05  0.185515  0.185515  0.02805
protocols.relax.FastRelax: CMD: coord_cst_weight  -1345.01  0.185515  0.185515  0.02805
protocols.relax.FastRelax: CMD: scale:fa_rep  -982.006  0.185515  0.185515  0.14575
core.pack.task: Packer task: initialize from command line() 
core.pack.pack_rotamers: built 7347 rotamers at 492 positions.
core.pack.interaction_graph.interaction_graph_factory: Instantiating DensePDInteractionGraph
protocols.relax.FastRelax: CMD: repack  -1006.96  0.185515  0.185515  0.14575
protocols.relax.FastRelax: CMD: scale:fa_rep  -983.852  0.185515  0.185515  0.154
protocols.relax.FastRelax: CMD: min  -1177.36  0.23665  0.23665  0.154
protocols.relax.FastRelax: CMD: coord_cst_weight  -1297.09  0.23665  0.23665  0.154
protocols.relax.FastRelax: CMD: scale:fa_rep  -1109.04  0.23665  0.23665  0.30745
core.pack.task: Packer task: initialize from command line() 
core.pack.pack_rotamers: built 7124 rotamers at 492 positions.
core.pack.interaction_graph.interaction_graph_factory: Instantiating DensePDInteractionGraph
protocols.relax.FastRelax: CMD: repack  -1107.88  0.23665  0.23665  0.30745
protocols.relax.FastRelax: CMD: scale:fa_rep  -1093.19  0.23665  0.23665  0.31955
protocols.relax.FastRelax: CMD: min  -1297.65  3.02997  3.02997  0.31955
protocols.relax.FastRelax: CMD: coord_cst_weight  -1297.65  3.02997  3.02997  0.31955
protocols.relax.FastRelax: CMD: scale:fa_rep  -1092.91  3.02997  3.02997  0.55
core.pack.task: Packer task: initialize from command line() 
core.pack.pack_rotamers: built 6996 rotamers at 492 positions.
core.pack.interaction_graph.interaction_graph_factory: Instantiating DensePDInteractionGraph
protocols.relax.FastRelax: CMD: repack  -1096.74  3.02997  3.02997  0.55
protocols.relax.FastRelax: CMD: min  -562.502  3.8596  3.8596  0.55
protocols.relax.FastRelax: MRP: 13  -562.502  -1163.05  3.92593  3.92593  
protocols.relax.FastRelax: CMD: accept_to_best  -562.502  3.8596  3.8596  0.55
protocols.relax.FastRelax: CMD: endrepeat  -562.502  3.8596  3.8596  0.55
protocols.relax.FastRelax: CMD: coord_cst_weight  85021.6  3.8596  3.8596  0.55
protocols.relax.FastRelax: CMD: scale:fa_rep  84126  3.8596  3.8596  0.022
core.pack.task: Packer task: initialize from command line() 
core.pack.pack_rotamers: built 7816 rotamers at 492 positions.
core.pack.interaction_graph.interaction_graph_factory: Instantiating DensePDInteractionGraph
protocols.relax.FastRelax: CMD: repack  84112.8  3.8596  3.8596  0.022
protocols.relax.FastRelax: CMD: scale:fa_rep  84127.1  3.8596  3.8596  0.02805
core.optimization.Minimizer: [ WARNING ] LBFGS MAX CYCLES 2000 EXCEEDED, BUT FUNC NOT CONVERGED!
protocols.relax.FastRelax: CMD: min  -1250.57  0.187511  0.187511  0.02805
protocols.relax.FastRelax: CMD: coord_cst_weight  -1326.41  0.187511  0.187511  0.02805
protocols.relax.FastRelax: CMD: scale:fa_rep  -938.123  0.187511  0.187511  0.14575
core.pack.task: Packer task: initialize from command line() 
core.pack.pack_rotamers: built 7401 rotamers at 492 positions.
core.pack.interaction_graph.interaction_graph_factory: Instantiating DensePDInteractionGraph
protocols.relax.FastRelax: CMD: repack  -1038.73  0.187511  0.187511  0.14575
protocols.relax.FastRelax: CMD: scale:fa_rep  -1017.73  0.187511  0.187511  0.154
protocols.relax.FastRelax: CMD: min  -1186.51  0.229563  0.229563  0.154
protocols.relax.FastRelax: CMD: coord_cst_weight  -1300.48  0.229563  0.229563  0.154
protocols.relax.FastRelax: CMD: scale:fa_rep  -1113.29  0.229563  0.229563  0.30745
core.pack.task: Packer task: initialize from command line() 
core.pack.pack_rotamers: built 7135 rotamers at 492 positions.
core.pack.interaction_graph.interaction_graph_factory: Instantiating DensePDInteractionGraph
protocols.relax.FastRelax: CMD: repack  -1113.81  0.229563  0.229563  0.30745
protocols.relax.FastRelax: CMD: scale:fa_rep  -1099.15  0.229563  0.229563  0.31955
protocols.relax.FastRelax: CMD: min  -1300.72  3.64735  3.64735  0.31955
protocols.relax.FastRelax: CMD: coord_cst_weight  -1300.72  3.64735  3.64735  0.31955
protocols.relax.FastRelax: CMD: scale:fa_rep  -1095.97  3.64735  3.64735  0.55
core.pack.task: Packer task: initialize from command line() 
core.pack.pack_rotamers: built 7070 rotamers at 492 positions.
core.pack.interaction_graph.interaction_graph_factory: Instantiating DensePDInteractionGraph
protocols.relax.FastRelax: CMD: repack  -1103.28  3.64735  3.64735  0.55
protocols.relax.FastRelax: CMD: min  -1155.63  3.66797  3.66797  0.55
protocols.relax.FastRelax: MRP: 14  -1155.63  -1163.05  3.92593  3.92593  
protocols.relax.FastRelax: CMD: accept_to_best  -1155.63  3.66797  3.66797  0.55
protocols.relax.FastRelax: CMD: endrepeat  -1155.63  3.66797  3.66797  0.55
protocols::checkpoint: Deleting checkpoints of FastRelax
protocols.jd2.JobDistributor: target.BL00010001_3_0002 reported success in 15236 seconds
protocols.jd2.PDBJobInputter: PDBJobInputter::pose_from_job
protocols.jd2.PDBJobInputter: filling pose from PDB ../1-modeller/target.BL00010001.pdb
core.import_pose.import_pose: File '../1-modeller/target.BL00010001.pdb' automatically determined to be of type PDB from contents.
core.io.rcsb.ExperimentalTechnique: [ ERROR ] Unrecognized experimental technique string 'THEORETICAL MODEL, MODELLER 10.8 2026/08/10 16:18:02'
protocols.relax.FastRelax: CMD: repeat  4476.34  0  0  0.55
protocols.relax.FastRelax: CMD: coord_cst_weight  4476.34  0  0  0.55
protocols.relax.FastRelax: CMD: scale:fa_rep  806.987  0  0  0.022
core.pack.task: Packer task: initialize from command line() 
core.pack.pack_rotamers: built 8129 rotamers at 492 positions.
core.pack.interaction_graph.interaction_graph_factory: Instantiating DensePDInteractionGraph
protocols.relax.FastRelax: CMD: repack  -882.656  0  0  0.022
protocols.relax.FastRelax: CMD: scale:fa_rep  -844.683  0  0  0.02805
core.optimization.Minimizer: [ WARNING ] LBFGS MAX CYCLES 2000 EXCEEDED, BUT FUNC NOT CONVERGED!
protocols.relax.FastRelax: CMD: min  -1293.47  0.150773  0.150773  0.02805
protocols.relax.FastRelax: CMD: coord_cst_weight  -1341.24  0.150773  0.150773  0.02805
protocols.relax.FastRelax: CMD: scale:fa_rep  -959.345  0.150773  0.150773  0.14575
core.pack.task: Packer task: initialize from command line() 
core.pack.pack_rotamers: built 7477 rotamers at 492 positions.
core.pack.interaction_graph.interaction_graph_factory: Instantiating DensePDInteractionGraph
protocols.relax.FastRelax: CMD: repack  -1004.14  0.150773  0.150773  0.14575
protocols.relax.FastRelax: CMD: scale:fa_rep  -982.649  0.150773  0.150773  0.154
core.optimization.Minimizer: [ WARNING ] LBFGS MAX CYCLES 2000 EXCEEDED, BUT FUNC NOT CONVERGED!
protocols.relax.FastRelax: CMD: min  -1174.53  0.208062  0.208062  0.154
protocols.relax.FastRelax: CMD: coord_cst_weight  -1267.18  0.208062  0.208062  0.154
protocols.relax.FastRelax: CMD: scale:fa_rep  -1077.16  0.208062  0.208062  0.30745
core.pack.task: Packer task: initialize from command line() 
core.pack.pack_rotamers: built 7220 rotamers at 492 positions.
core.pack.interaction_graph.interaction_graph_factory: Instantiating DensePDInteractionGraph
protocols.relax.FastRelax: CMD: repack  -1078.41  0.208062  0.208062  0.30745
protocols.relax.FastRelax: CMD: scale:fa_rep  -1063.55  0.208062  0.208062  0.31955
protocols.relax.FastRelax: CMD: min  -1249.15  3.58698  3.58698  0.31955
protocols.relax.FastRelax: CMD: coord_cst_weight  -1249.15  3.58698  3.58698  0.31955
protocols.relax.FastRelax: CMD: scale:fa_rep  -1037.38  3.58698  3.58698  0.55
core.pack.task: Packer task: initialize from command line() 
core.pack.pack_rotamers: built 7102 rotamers at 492 positions.
core.pack.interaction_graph.interaction_graph_factory: Instantiating DensePDInteractionGraph
protocols.relax.FastRelax: CMD: repack  -1043.67  3.58698  3.58698  0.55
protocols.relax.FastRelax: CMD: min  -1116.85  3.22685  3.22685  0.55
protocols.relax.FastRelax: MRP: 0  -1116.85  -1116.85  3.22685  3.22685  
protocols.relax.FastRelax: CMD: accept_to_best  -1116.85  3.22685  3.22685  0.55
protocols.relax.FastRelax: CMD: endrepeat  -1116.85  3.22685  3.22685  0.55
protocols.relax.FastRelax: CMD: coord_cst_weight  121679  3.22685  3.22685  0.55
protocols.relax.FastRelax: CMD: scale:fa_rep  121350  3.22685  3.22685  0.022
core.pack.task: Packer task: initialize from command line() 
core.pack.pack_rotamers: built 7824 rotamers at 492 positions.
core.pack.interaction_graph.interaction_graph_factory: Instantiating DensePDInteractionGraph
protocols.relax.FastRelax: CMD: repack  121328  3.22685  3.22685  0.022
protocols.relax.FastRelax: CMD: scale:fa_rep  121338  3.22685  3.22685  0.02805
core.optimization.Minimizer: [ WARNING ] LBFGS MAX CYCLES 2000 EXCEEDED, BUT FUNC NOT CONVERGED!
protocols.relax.FastRelax: CMD: min  -1219.51  0.181067  0.181067  0.02805
protocols.relax.FastRelax: CMD: coord_cst_weight  -1289.78  0.181067  0.181067  0.02805
protocols.relax.FastRelax: CMD: scale:fa_rep  -849.069  0.181067  0.181067  0.14575
core.pack.task: Packer task: initialize from command line() 
core.pack.pack_rotamers: built 7403 rotamers at 492 positions.
core.pack.interaction_graph.interaction_graph_factory: Instantiating DensePDInteractionGraph
protocols.relax.FastRelax: CMD: repack  -1023.1  0.181067  0.181067  0.14575
protocols.relax.FastRelax: CMD: scale:fa_rep  -1003.5  0.181067  0.181067  0.154
protocols.relax.FastRelax: CMD: min  -1179.05  0.216328  0.216328  0.154
protocols.relax.FastRelax: CMD: coord_cst_weight  -1282.4  0.216328  0.216328  0.154
protocols.relax.FastRelax: CMD: scale:fa_rep  -1105.6  0.216328  0.216328  0.30745
core.pack.task: Packer task: initialize from command line() 
core.pack.pack_rotamers: built 7165 rotamers at 492 positions.
core.pack.interaction_graph.interaction_graph_factory: Instantiating DensePDInteractionGraph
protocols.relax.FastRelax: CMD: repack  -1103.41  0.216328  0.216328  0.30745
protocols.relax.FastRelax: CMD: scale:fa_rep  -1089.6  0.216328  0.216328  0.31955
protocols.relax.FastRelax: CMD: min  -1271.68  2.65918  2.65918  0.31955
protocols.relax.FastRelax: CMD: coord_cst_weight  -1271.68  2.65918  2.65918  0.31955
protocols.relax.FastRelax: CMD: scale:fa_rep  -1067.63  2.65918  2.65918  0.55
core.pack.task: Packer task: initialize from command line() 
core.pack.pack_rotamers: built 7082 rotamers at 492 positions.
core.pack.interaction_graph.interaction_graph_factory: Instantiating DensePDInteractionGraph
protocols.relax.FastRelax: CMD: repack  -1072.73  2.65918  2.65918  0.55
protocols.relax.FastRelax: CMD: min  -1136.72  2.93197  2.93197  0.55
protocols.relax.FastRelax: MRP: 1  -1136.72  -1136.72  2.93197  2.93197  
protocols.relax.FastRelax: CMD: accept_to_best  -1136.72  2.93197  2.93197  0.55
protocols.relax.FastRelax: CMD: endrepeat  -1136.72  2.93197  2.93197  0.55
protocols.relax.FastRelax: CMD: coord_cst_weight  87007  2.93197  2.93197  0.55
protocols.relax.FastRelax: CMD: scale:fa_rep  86683.9  2.93197  2.93197  0.022
core.pack.task: Packer task: initialize from command line() 
core.pack.pack_rotamers: built 7781 rotamers at 492 positions.
core.pack.interaction_graph.interaction_graph_factory: Instantiating DensePDInteractionGraph
protocols.relax.FastRelax: CMD: repack  86656.4  2.93197  2.93197  0.022
protocols.relax.FastRelax: CMD: scale:fa_rep  86664.5  2.93197  2.93197  0.02805
core.optimization.Minimizer: [ WARNING ] LBFGS MAX CYCLES 2000 EXCEEDED, BUT FUNC NOT CONVERGED!
protocols.relax.FastRelax: CMD: min  -1227.15  0.186922  0.186922  0.02805
protocols.relax.FastRelax: CMD: coord_cst_weight  -1302.52  0.186922  0.186922  0.02805
protocols.relax.FastRelax: CMD: scale:fa_rep  -917.298  0.186922  0.186922  0.14575
core.pack.task: Packer task: initialize from command line() 
core.pack.pack_rotamers: built 7412 rotamers at 492 positions.
core.pack.interaction_graph.interaction_graph_factory: Instantiating DensePDInteractionGraph
protocols.relax.FastRelax: CMD: repack  -1022.71  0.186922  0.186922  0.14575
protocols.relax.FastRelax: CMD: scale:fa_rep  -1002.37  0.186922  0.186922  0.154
protocols.relax.FastRelax: CMD: min  -1180.47  0.220965  0.220965  0.154
protocols.relax.FastRelax: CMD: coord_cst_weight  -1287.38  0.220965  0.220965  0.154
protocols.relax.FastRelax: CMD: scale:fa_rep  -1108.43  0.220965  0.220965  0.30745
core.pack.task: Packer task: initialize from command line() 
core.pack.pack_rotamers: built 7184 rotamers at 492 positions.
core.pack.interaction_graph.interaction_graph_factory: Instantiating DensePDInteractionGraph
protocols.relax.FastRelax: CMD: repack  -1108.7  0.220965  0.220965  0.30745
protocols.relax.FastRelax: CMD: scale:fa_rep  -1094.64  0.220965  0.220965  0.31955
protocols.relax.FastRelax: CMD: min  -1284.37  2.80398  2.80398  0.31955
protocols.relax.FastRelax: CMD: coord_cst_weight  -1284.37  2.80398  2.80398  0.31955
protocols.relax.FastRelax: CMD: scale:fa_rep  -1079.56  2.80398  2.80398  0.55
core.pack.task: Packer task: initialize from command line() 
core.pack.pack_rotamers: built 7010 rotamers at 492 positions.
core.pack.interaction_graph.interaction_graph_factory: Instantiating DensePDInteractionGraph
protocols.relax.FastRelax: CMD: repack  -1089.3  2.80398  2.80398  0.55
protocols.relax.FastRelax: CMD: min  -1145.57  3.11851  3.11851  0.55
protocols.relax.FastRelax: MRP: 2  -1145.57  -1145.57  3.11851  3.11851  
protocols.relax.FastRelax: CMD: accept_to_best  -1145.57  3.11851  3.11851  0.55
protocols.relax.FastRelax: CMD: endrepeat  -1145.57  3.11851  3.11851  0.55
protocols.relax.FastRelax: CMD: coord_cst_weight  50149.3  3.11851  3.11851  0.55
protocols.relax.FastRelax: CMD: scale:fa_rep  49820.1  3.11851  3.11851  0.022
core.pack.task: Packer task: initialize from command line() 
core.pack.pack_rotamers: built 7716 rotamers at 492 positions.
core.pack.interaction_graph.interaction_graph_factory: Instantiating DensePDInteractionGraph
protocols.relax.FastRelax: CMD: repack  49807.7  3.11851  3.11851  0.022
protocols.relax.FastRelax: CMD: scale:fa_rep  49815  3.11851  3.11851  0.02805
core.optimization.Minimizer: [ WARNING ] LBFGS MAX CYCLES 2000 EXCEEDED, BUT FUNC NOT CONVERGED!
protocols.relax.FastRelax: CMD: min  -1279.72  0.175708  0.175708  0.02805
protocols.relax.FastRelax: CMD: coord_cst_weight  -1347.08  0.175708  0.175708  0.02805
protocols.relax.FastRelax: CMD: scale:fa_rep  -1015.6  0.175708  0.175708  0.14575
core.pack.task: Packer task: initialize from command line() 
core.pack.pack_rotamers: built 7352 rotamers at 492 positions.
core.pack.interaction_graph.interaction_graph_factory: Instantiating DensePDInteractionGraph
protocols.relax.FastRelax: CMD: repack  -1042.03  0.175708  0.175708  0.14575
protocols.relax.FastRelax: CMD: scale:fa_rep  -1021.14  0.175708  0.175708  0.154
protocols.relax.FastRelax: CMD: min  -1182.11  0.224454  0.224454  0.154
protocols.relax.FastRelax: CMD: coord_cst_weight  -1292.6  0.224454  0.224454  0.154
protocols.relax.FastRelax: CMD: scale:fa_rep  -1107.9  0.224454  0.224454  0.30745
core.pack.task: Packer task: initialize from command line() 
core.pack.pack_rotamers: built 7125 rotamers at 492 positions.
core.pack.interaction_graph.interaction_graph_factory: Instantiating DensePDInteractionGraph
protocols.relax.FastRelax: CMD: repack  -1108.1  0.224454  0.224454  0.30745
protocols.relax.FastRelax: CMD: scale:fa_rep  -1093.75  0.224454  0.224454  0.31955
protocols.relax.FastRelax: CMD: min  -1296.55  3.74118  3.74118  0.31955
protocols.relax.FastRelax: CMD: coord_cst_weight  -1296.55  3.74118  3.74118  0.31955
protocols.relax.FastRelax: CMD: scale:fa_rep  -1090.35  3.74118  3.74118  0.55
core.pack.task: Packer task: initialize from command line() 
core.pack.pack_rotamers: built 7013 rotamers at 492 positions.
core.pack.interaction_graph.interaction_graph_factory: Instantiating DensePDInteractionGraph
protocols.relax.FastRelax: CMD: repack  -1097.76  3.74118  3.74118  0.55
protocols.relax.FastRelax: CMD: min  -1156.35  3.85455  3.85455  0.55
protocols.relax.FastRelax: MRP: 3  -1156.35  -1156.35  3.85455  3.85455  
protocols.relax.FastRelax: CMD: accept_to_best  -1156.35  3.85455  3.85455  0.55
protocols.relax.FastRelax: CMD: endrepeat  -1156.35  3.85455  3.85455  0.55
protocols.relax.FastRelax: CMD: coord_cst_weight  76760.5  3.85455  3.85455  0.55
protocols.relax.FastRelax: CMD: scale:fa_rep  76432.6  3.85455  3.85455  0.022
core.pack.task: Packer task: initialize from command line() 
core.pack.pack_rotamers: built 7730 rotamers at 492 positions.
core.pack.interaction_graph.interaction_graph_factory: Instantiating DensePDInteractionGraph
protocols.relax.FastRelax: CMD: repack  76423.7  3.85455  3.85455  0.022
protocols.relax.FastRelax: CMD: scale:fa_rep  76431.8  3.85455  3.85455  0.02805
core.optimization.Minimizer: [ WARNING ] LBFGS MAX CYCLES 2000 EXCEEDED, BUT FUNC NOT CONVERGED!
protocols.relax.FastRelax: CMD: min  -1252.81  0.183567  0.183567  0.02805
protocols.relax.FastRelax: CMD: coord_cst_weight  -1324.62  0.183567  0.183567  0.02805
protocols.relax.FastRelax: CMD: scale:fa_rep  -958.625  0.183567  0.183567  0.14575
core.pack.task: Packer task: initialize from command line() 
core.pack.pack_rotamers: built 7269 rotamers at 492 positions.
core.pack.interaction_graph.interaction_graph_factory: Instantiating DensePDInteractionGraph
protocols.relax.FastRelax: CMD: repack  -1018.76  0.183567  0.183567  0.14575
protocols.relax.FastRelax: CMD: scale:fa_rep  -997.546  0.183567  0.183567  0.154
protocols.relax.FastRelax: CMD: min  -1186.99  0.226001  0.226001  0.154
protocols.relax.FastRelax: CMD: coord_cst_weight  -1297.62  0.226001  0.226001  0.154
protocols.relax.FastRelax: CMD: scale:fa_rep  -1119.42  0.226001  0.226001  0.30745
core.pack.task: Packer task: initialize from command line() 
core.pack.pack_rotamers: built 7137 rotamers at 492 positions.
core.pack.interaction_graph.interaction_graph_factory: Instantiating DensePDInteractionGraph
protocols.relax.FastRelax: CMD: repack  -1120.81  0.226001  0.226001  0.30745
protocols.relax.FastRelax: CMD: scale:fa_rep  -1107.03  0.226001  0.226001  0.31955
protocols.relax.FastRelax: CMD: min  1687.02  4.25006  4.25006  0.31955
protocols.relax.FastRelax: CMD: coord_cst_weight  1687.02  4.25006  4.25006  0.31955
protocols.relax.FastRelax: CMD: scale:fa_rep  4055.31  4.25006  4.25006  0.55
core.pack.task: Packer task: initialize from command line() 
core.pack.pack_rotamers: built 6982 rotamers at 492 positions.
core.pack.interaction_graph.interaction_graph_factory: Instantiating DensePDInteractionGraph
protocols.relax.FastRelax: CMD: repack  2627.41  4.25006  4.25006  0.55
protocols.relax.FastRelax: CMD: min  -1151.87  3.91264  3.91264  0.55
protocols.relax.FastRelax: MRP: 4  -1151.87  -1156.35  3.85455  3.85455  
protocols.relax.FastRelax: CMD: accept_to_best  -1151.87  3.91264  3.91264  0.55
protocols.relax.FastRelax: CMD: endrepeat  -1151.87  3.91264  3.91264  0.55
protocols.relax.FastRelax: CMD: coord_cst_weight  80333  3.91264  3.91264  0.55
protocols.relax.FastRelax: CMD: scale:fa_rep  80006.2  3.91264  3.91264  0.022
core.pack.task: Packer task: initialize from command line() 
core.pack.pack_rotamers: built 7755 rotamers at 492 positions.
core.pack.interaction_graph.interaction_graph_factory: Instantiating DensePDInteractionGraph
protocols.relax.FastRelax: CMD: repack  79982.6  3.91264  3.91264  0.022
protocols.relax.FastRelax: CMD: scale:fa_rep  79990.7  3.91264  3.91264  0.02805
core.optimization.Minimizer: [ WARNING ] LBFGS MAX CYCLES 2000 EXCEEDED, BUT FUNC NOT CONVERGED!
protocols.relax.FastRelax: CMD: min  -1239.49  0.198674  0.198674  0.02805
protocols.relax.FastRelax: CMD: coord_cst_weight  -1321.44  0.198674  0.198674  0.02805
protocols.relax.FastRelax: CMD: scale:fa_rep  -984.903  0.198674  0.198674  0.14575
core.pack.task: Packer task: initialize from command line() 
core.pack.pack_rotamers: built 7397 rotamers at 492 positions.
core.pack.interaction_graph.interaction_graph_factory: Instantiating DensePDInteractionGraph
protocols.relax.FastRelax: CMD: repack  -1043.82  0.198674  0.198674  0.14575
protocols.relax.FastRelax: CMD: scale:fa_rep  -1024.52  0.198674  0.198674  0.154
protocols.relax.FastRelax: CMD: min  -1184.91  0.229206  0.229206  0.154
protocols.relax.FastRelax: CMD: coord_cst_weight  -1298.25  0.229206  0.229206  0.154
protocols.relax.FastRelax: CMD: scale:fa_rep  -1124.83  0.229206  0.229206  0.30745
core.pack.task: Packer task: initialize from command line() 
core.pack.pack_rotamers: built 7126 rotamers at 492 positions.
core.pack.interaction_graph.interaction_graph_factory: Instantiating DensePDInteractionGraph
protocols.relax.FastRelax: CMD: repack  -1125.17  0.229206  0.229206  0.30745
protocols.relax.FastRelax: CMD: scale:fa_rep  -1111.56  0.229206  0.229206  0.31955
protocols.relax.FastRelax: CMD: min  -1305.3  2.96124  2.96124  0.31955
protocols.relax.FastRelax: CMD: coord_cst_weight  -1305.3  2.96124  2.96124  0.31955
protocols.relax.FastRelax: CMD: scale:fa_rep  -1101.11  2.96124  2.96124  0.55
core.pack.task: Packer task: initialize from command line() 
core.pack.pack_rotamers: built 7026 rotamers at 492 positions.
core.pack.interaction_graph.interaction_graph_factory: Instantiating DensePDInteractionGraph
protocols.relax.FastRelax: CMD: repack  -1103.3  2.96124  2.96124  0.55
protocols.relax.FastRelax: CMD: min  -1159.51  3.30495  3.30495  0.55
protocols.relax.FastRelax: MRP: 5  -1159.51  -1159.51  3.30495  3.30495  
protocols.relax.FastRelax: CMD: accept_to_best  -1159.51  3.30495  3.30495  0.55
protocols.relax.FastRelax: CMD: endrepeat  -1159.51  3.30495  3.30495  0.55
protocols.relax.FastRelax: CMD: coord_cst_weight  78289.5  3.30495  3.30495  0.55
protocols.relax.FastRelax: CMD: scale:fa_rep  77963.8  3.30495  3.30495  0.022
core.pack.task: Packer task: initialize from command line() 
core.pack.pack_rotamers: built 7616 rotamers at 492 positions.
core.pack.interaction_graph.interaction_graph_factory: Instantiating DensePDInteractionGraph
protocols.relax.FastRelax: CMD: repack  77950.9  3.30495  3.30495  0.022
protocols.relax.FastRelax: CMD: scale:fa_rep  77956.7  3.30495  3.30495  0.02805
core.optimization.Minimizer: [ WARNING ] LBFGS MAX CYCLES 2000 EXCEEDED, BUT FUNC NOT CONVERGED!
protocols.relax.FastRelax: CMD: min  -1276.81  0.184162  0.184162  0.02805
protocols.relax.FastRelax: CMD: coord_cst_weight  -1348.3  0.184162  0.184162  0.02805
protocols.relax.FastRelax: CMD: scale:fa_rep  -1020.03  0.184162  0.184162  0.14575
core.pack.task: Packer task: initialize from command line() 
core.pack.pack_rotamers: built 7339 rotamers at 492 positions.
core.pack.interaction_graph.interaction_graph_factory: Instantiating DensePDInteractionGraph
protocols.relax.FastRelax: CMD: repack  -1050.02  0.184162  0.184162  0.14575
protocols.relax.FastRelax: CMD: scale:fa_rep  -1029.9  0.184162  0.184162  0.154
protocols.relax.FastRelax: CMD: min  -1185.85  0.225498  0.225498  0.154
protocols.relax.FastRelax: CMD: coord_cst_weight  -1297.36  0.225498  0.225498  0.154
protocols.relax.FastRelax: CMD: scale:fa_rep  -1119.84  0.225498  0.225498  0.30745
core.pack.task: Packer task: initialize from command line() 
core.pack.pack_rotamers: built 7109 rotamers at 492 positions.
core.pack.interaction_graph.interaction_graph_factory: Instantiating DensePDInteractionGraph
protocols.relax.FastRelax: CMD: repack  -1123.03  0.225498  0.225498  0.30745
protocols.relax.FastRelax: CMD: scale:fa_rep  -1109.14  0.225498  0.225498  0.31955
protocols.relax.FastRelax: CMD: min  -813.493  3.9596  3.9596  0.31955
protocols.relax.FastRelax: CMD: coord_cst_weight  -813.493  3.9596  3.9596  0.31955
protocols.relax.FastRelax: CMD: scale:fa_rep  -241.257  3.9596  3.9596  0.55
core.pack.task: Packer task: initialize from command line() 
core.pack.pack_rotamers: built 6965 rotamers at 492 positions.
core.pack.interaction_graph.interaction_graph_factory: Instantiating DensePDInteractionGraph
protocols.relax.FastRelax: CMD: repack  -1111.62  3.9596  3.9596  0.55
protocols.relax.FastRelax: CMD: min  -1160.11  4.04895  4.04895  0.55
protocols.relax.FastRelax: MRP: 6  -1160.11  -1160.11  4.04895  4.04895  
protocols.relax.FastRelax: CMD: accept_to_best  -1160.11  4.04895  4.04895  0.55
protocols.relax.FastRelax: CMD: endrepeat  -1160.11  4.04895  4.04895  0.55
protocols.relax.FastRelax: CMD: coord_cst_weight  100313  4.04895  4.04895  0.55
protocols.relax.FastRelax: CMD: scale:fa_rep  99981.3  4.04895  4.04895  0.022
core.pack.task: Packer task: initialize from command line() 
core.pack.pack_rotamers: built 7704 rotamers at 492 positions.
core.pack.interaction_graph.interaction_graph_factory: Instantiating DensePDInteractionGraph
protocols.relax.FastRelax: CMD: repack  99968.1  4.04895  4.04895  0.022
protocols.relax.FastRelax: CMD: scale:fa_rep  99974.9  4.04895  4.04895  0.02805
core.optimization.Minimizer: [ WARNING ] LBFGS MAX CYCLES 2000 EXCEEDED, BUT FUNC NOT CONVERGED!
protocols.relax.FastRelax: CMD: min  -1267.54  0.181532  0.181532  0.02805
protocols.relax.FastRelax: CMD: coord_cst_weight  -1339.58  0.181532  0.181532  0.02805
protocols.relax.FastRelax: CMD: scale:fa_rep  -1022.2  0.181532  0.181532  0.14575
core.pack.task: Packer task: initialize from command line() 
core.pack.pack_rotamers: built 7399 rotamers at 492 positions.
core.pack.interaction_graph.interaction_graph_factory: Instantiating DensePDInteractionGraph
protocols.relax.FastRelax: CMD: repack  -1055.98  0.181532  0.181532  0.14575
protocols.relax.FastRelax: CMD: scale:fa_rep  -1036.64  0.181532  0.181532  0.154
protocols.relax.FastRelax: CMD: min  -1190.31  0.225639  0.225639  0.154
protocols.relax.FastRelax: CMD: coord_cst_weight  -1302.63  0.225639  0.225639  0.154
protocols.relax.FastRelax: CMD: scale:fa_rep  -1126.3  0.225639  0.225639  0.30745
core.pack.task: Packer task: initialize from command line() 
core.pack.pack_rotamers: built 7128 rotamers at 492 positions.
core.pack.interaction_graph.interaction_graph_factory: Instantiating DensePDInteractionGraph
protocols.relax.FastRelax: CMD: repack  -1127.31  0.225639  0.225639  0.30745
protocols.relax.FastRelax: CMD: scale:fa_rep  -1113.53  0.225639  0.225639  0.31955
protocols.relax.FastRelax: CMD: min  -1304.35  3.09428  3.09428  0.31955
protocols.relax.FastRelax: CMD: coord_cst_weight  -1304.35  3.09428  3.09428  0.31955
protocols.relax.FastRelax: CMD: scale:fa_rep  -1099.43  3.09428  3.09428  0.55
core.pack.task: Packer task: initialize from command line() 
core.pack.pack_rotamers: built 6944 rotamers at 492 positions.
core.pack.interaction_graph.interaction_graph_factory: Instantiating DensePDInteractionGraph
protocols.relax.FastRelax: CMD: repack  -1102.34  3.09428  3.09428  0.55
protocols.relax.FastRelax: CMD: min  -1157.35  3.46043  3.46043  0.55
protocols.relax.FastRelax: MRP: 7  -1157.35  -1160.11  4.04895  4.04895  
protocols.relax.FastRelax: CMD: accept_to_best  -1157.35  3.46043  3.46043  0.55
protocols.relax.FastRelax: CMD: endrepeat  -1157.35  3.46043  3.46043  0.55
protocols.relax.FastRelax: CMD: coord_cst_weight  69718.2  3.46043  3.46043  0.55
protocols.relax.FastRelax: CMD: scale:fa_rep  69389.2  3.46043  3.46043  0.022
core.pack.task: Packer task: initialize from command line() 
core.pack.pack_rotamers: built 7685 rotamers at 492 positions.
core.pack.interaction_graph.interaction_graph_factory: Instantiating DensePDInteractionGraph
protocols.relax.FastRelax: CMD: repack  69397.6  3.46043  3.46043  0.022
protocols.relax.FastRelax: CMD: scale:fa_rep  69407.9  3.46043  3.46043  0.02805
core.optimization.Minimizer: [ WARNING ] LBFGS MAX CYCLES 2000 EXCEEDED, BUT FUNC NOT CONVERGED!
protocols.relax.FastRelax: CMD: min  -1272.78  0.181273  0.181273  0.02805
protocols.relax.FastRelax: CMD: coord_cst_weight  -1343.11  0.181273  0.181273  0.02805
protocols.relax.FastRelax: CMD: scale:fa_rep  -1011.3  0.181273  0.181273  0.14575
core.pack.task: Packer task: initialize from command line() 
core.pack.pack_rotamers: built 7353 rotamers at 492 positions.
core.pack.interaction_graph.interaction_graph_factory: Instantiating DensePDInteractionGraph
protocols.relax.FastRelax: CMD: repack  -1054.46  0.181273  0.181273  0.14575
protocols.relax.FastRelax: CMD: scale:fa_rep  -1034.64  0.181273  0.181273  0.154
protocols.relax.FastRelax: CMD: min  -1190.18  0.223258  0.223258  0.154
protocols.relax.FastRelax: CMD: coord_cst_weight  -1299.8  0.223258  0.223258  0.154
protocols.relax.FastRelax: CMD: scale:fa_rep  -1122.87  0.223258  0.223258  0.30745
core.pack.task: Packer task: initialize from command line() 
core.pack.pack_rotamers: built 7113 rotamers at 492 positions.
core.pack.interaction_graph.interaction_graph_factory: Instantiating DensePDInteractionGraph
protocols.relax.FastRelax: CMD: repack  -1122.65  0.223258  0.223258  0.30745
protocols.relax.FastRelax: CMD: scale:fa_rep  -1108.75  0.223258  0.223258  0.31955
protocols.relax.FastRelax: CMD: min  -405.653  4.0886  4.0886  0.31955
protocols.relax.FastRelax: CMD: coord_cst_weight  -405.653  4.0886  4.0886  0.31955
protocols.relax.FastRelax: CMD: scale:fa_rep  452.557  4.0886  4.0886  0.55
core.pack.task: Packer task: initialize from command line() 
core.pack.pack_rotamers: built 7041 rotamers at 492 positions.
core.pack.interaction_graph.interaction_graph_factory: Instantiating DensePDInteractionGraph
protocols.relax.FastRelax: CMD: repack  -833.14  4.0886  4.0886  0.55
protocols.relax.FastRelax: CMD: min  -1146.22  3.76183  3.76183  0.55
protocols.relax.FastRelax: MRP: 8  -1146.22  -1160.11  4.04895  4.04895  
protocols.relax.FastRelax: CMD: accept_to_best  -1146.22  3.76183  3.76183  0.55
protocols.relax.FastRelax: CMD: endrepeat  -1146.22  3.76183  3.76183  0.55
protocols.relax.FastRelax: CMD: coord_cst_weight  85656.3  3.76183  3.76183  0.55
protocols.relax.FastRelax: CMD: scale:fa_rep  85320.9  3.76183  3.76183  0.022
core.pack.task: Packer task: initialize from command line() 
core.pack.pack_rotamers: built 7741 rotamers at 492 positions.
core.pack.interaction_graph.interaction_graph_factory: Instantiating DensePDInteractionGraph
protocols.relax.FastRelax: CMD: repack  85306.1  3.76183  3.76183  0.022
protocols.relax.FastRelax: CMD: scale:fa_rep  85312.2  3.76183  3.76183  0.02805
core.optimization.Minimizer: [ WARNING ] LBFGS MAX CYCLES 2000 EXCEEDED, BUT FUNC NOT CONVERGED!
protocols.relax.FastRelax: CMD: min  -1278.46  0.180646  0.180646  0.02805
protocols.relax.FastRelax: CMD: coord_cst_weight  -1348.95  0.180646  0.180646  0.02805
protocols.relax.FastRelax: CMD: scale:fa_rep  -1028.17  0.180646  0.180646  0.14575
core.pack.task: Packer task: initialize from command line() 
core.pack.pack_rotamers: built 7386 rotamers at 492 positions.
core.pack.interaction_graph.interaction_graph_factory: Instantiating DensePDInteractionGraph
protocols.relax.FastRelax: CMD: repack  -1055.92  0.180646  0.180646  0.14575
protocols.relax.FastRelax: CMD: scale:fa_rep  -1036.04  0.180646  0.180646  0.154
protocols.relax.FastRelax: CMD: min  -1185.94  0.223213  0.223213  0.154
protocols.relax.FastRelax: CMD: coord_cst_weight  -1295.3  0.223213  0.223213  0.154
protocols.relax.FastRelax: CMD: scale:fa_rep  -1117.83  0.223213  0.223213  0.30745
core.pack.task: Packer task: initialize from command line() 
core.pack.pack_rotamers: built 7114 rotamers at 492 positions.
core.pack.interaction_graph.interaction_graph_factory: Instantiating DensePDInteractionGraph
protocols.relax.FastRelax: CMD: repack  -1118.66  0.223213  0.223213  0.30745
protocols.relax.FastRelax: CMD: scale:fa_rep  -1104.75  0.223213  0.223213  0.31955
protocols.relax.FastRelax: CMD: min  -1163.96  3.76268  3.76268  0.31955
protocols.relax.FastRelax: CMD: coord_cst_weight  -1163.96  3.76268  3.76268  0.31955
protocols.relax.FastRelax: CMD: scale:fa_rep  -862.455  3.76268  3.76268  0.55
core.pack.task: Packer task: initialize from command line() 
core.pack.pack_rotamers: built 7029 rotamers at 492 positions.
core.pack.interaction_graph.interaction_graph_factory: Instantiating DensePDInteractionGraph
protocols.relax.FastRelax: CMD: repack  -1096.87  3.76268  3.76268  0.55
protocols.relax.FastRelax: CMD: min  -1151.74  3.66712  3.66712  0.55
protocols.relax.FastRelax: MRP: 9  -1151.74  -1160.11  4.04895  4.04895  
protocols.relax.FastRelax: CMD: accept_to_best  -1151.74  3.66712  3.66712  0.55
protocols.relax.FastRelax: CMD: endrepeat  -1151.74  3.66712  3.66712  0.55
protocols.relax.FastRelax: CMD: coord_cst_weight  75578  3.66712  3.66712  0.55
protocols.relax.FastRelax: CMD: scale:fa_rep  75248.7  3.66712  3.66712  0.022
core.pack.task: Packer task: initialize from command line() 
core.pack.pack_rotamers: built 7746 rotamers at 492 positions.
core.pack.interaction_graph.interaction_graph_factory: Instantiating DensePDInteractionGraph
protocols.relax.FastRelax: CMD: repack  75232.4  3.66712  3.66712  0.022
protocols.relax.FastRelax: CMD: scale:fa_rep  75238.1  3.66712  3.66712  0.02805
core.optimization.Minimizer: [ WARNING ] LBFGS MAX CYCLES 2000 EXCEEDED, BUT FUNC NOT CONVERGED!
protocols.relax.FastRelax: CMD: min  -1267.55  0.181851  0.181851  0.02805
protocols.relax.FastRelax: CMD: coord_cst_weight  -1339.33  0.181851  0.181851  0.02805
protocols.relax.FastRelax: CMD: scale:fa_rep  -1023.88  0.181851  0.181851  0.14575
core.pack.task: Packer task: initialize from command line() 
core.pack.pack_rotamers: built 7337 rotamers at 492 positions.
core.pack.interaction_graph.interaction_graph_factory: Instantiating DensePDInteractionGraph
protocols.relax.FastRelax: CMD: repack  -1053.28  0.181851  0.181851  0.14575
protocols.relax.FastRelax: CMD: scale:fa_rep  -1033.25  0.181851  0.181851  0.154
protocols.relax.FastRelax: CMD: min  -1185.07  0.222961  0.222961  0.154
protocols.relax.FastRelax: CMD: coord_cst_weight  -1295.19  0.222961  0.222961  0.154
protocols.relax.FastRelax: CMD: scale:fa_rep  -1117.54  0.222961  0.222961  0.30745
core.pack.task: Packer task: initialize from command line() 
core.pack.pack_rotamers: built 7146 rotamers at 492 positions.
core.pack.interaction_graph.interaction_graph_factory: Instantiating DensePDInteractionGraph
protocols.relax.FastRelax: CMD: repack  -1117.85  0.222961  0.222961  0.30745
protocols.relax.FastRelax: CMD: scale:fa_rep  -1103.9  0.222961  0.222961  0.31955
protocols.relax.FastRelax: CMD: min  -1254.69  3.99805  3.99805  0.31955
protocols.relax.FastRelax: CMD: coord_cst_weight  -1254.69  3.99805  3.99805  0.31955
protocols.relax.FastRelax: CMD: scale:fa_rep  -1013.05  3.99805  3.99805  0.55
core.pack.task: Packer task: initialize from command line() 
core.pack.pack_rotamers: built 7052 rotamers at 492 positions.
core.pack.interaction_graph.interaction_graph_factory: Instantiating DensePDInteractionGraph
protocols.relax.FastRelax: CMD: repack  -1102.55  3.99805  3.99805  0.55
protocols.relax.FastRelax: CMD: min  -1154.79  3.97406  3.97406  0.55
protocols.relax.FastRelax: MRP: 10  -1154.79  -1160.11  4.04895  4.04895  
protocols.relax.FastRelax: CMD: accept_to_best  -1154.79  3.97406  3.97406  0.55
protocols.relax.FastRelax: CMD: endrepeat  -1154.79  3.97406  3.97406  0.55
protocols.relax.FastRelax: CMD: coord_cst_weight  110802  3.97406  3.97406  0.55
protocols.relax.FastRelax: CMD: scale:fa_rep  110475  3.97406  3.97406  0.022
core.pack.task: Packer task: initialize from command line() 
core.pack.pack_rotamers: built 7770 rotamers at 492 positions.
core.pack.interaction_graph.interaction_graph_factory: Instantiating DensePDInteractionGraph
protocols.relax.FastRelax: CMD: repack  110469  3.97406  3.97406  0.022
protocols.relax.FastRelax: CMD: scale:fa_rep  110475  3.97406  3.97406  0.02805
core.optimization.Minimizer: [ WARNING ] LBFGS MAX CYCLES 2000 EXCEEDED, BUT FUNC NOT CONVERGED!
protocols.relax.FastRelax: CMD: min  -1253.21  0.18241  0.18241  0.02805
protocols.relax.FastRelax: CMD: coord_cst_weight  -1325.57  0.18241  0.18241  0.02805
protocols.relax.FastRelax: CMD: scale:fa_rep  -1000.64  0.18241  0.18241  0.14575
core.pack.task: Packer task: initialize from command line() 
core.pack.pack_rotamers: built 7311 rotamers at 492 positions.
core.pack.interaction_graph.interaction_graph_factory: Instantiating DensePDInteractionGraph
protocols.relax.FastRelax: CMD: repack  -1045.91  0.18241  0.18241  0.14575
protocols.relax.FastRelax: CMD: scale:fa_rep  -1025.99  0.18241  0.18241  0.154
protocols.relax.FastRelax: CMD: min  -1187.97  0.227505  0.227505  0.154
protocols.relax.FastRelax: CMD: coord_cst_weight  -1300.9  0.227505  0.227505  0.154
protocols.relax.FastRelax: CMD: scale:fa_rep  -1121.99  0.227505  0.227505  0.30745
core.pack.task: Packer task: initialize from command line() 
core.pack.pack_rotamers: built 7114 rotamers at 492 positions.
core.pack.interaction_graph.interaction_graph_factory: Instantiating DensePDInteractionGraph
protocols.relax.FastRelax: CMD: repack  -1123.07  0.227505  0.227505  0.30745
protocols.relax.FastRelax: CMD: scale:fa_rep  -1109.05  0.227505  0.227505  0.31955
protocols.relax.FastRelax: CMD: min  -1276.87  4.16503  4.16503  0.31955
protocols.relax.FastRelax: CMD: coord_cst_weight  -1276.87  4.16503  4.16503  0.31955
protocols.relax.FastRelax: CMD: scale:fa_rep  -1042.47  4.16503  4.16503  0.55
core.pack.task: Packer task: initialize from command line() 
core.pack.pack_rotamers: built 7023 rotamers at 492 positions.
core.pack.interaction_graph.interaction_graph_factory: Instantiating DensePDInteractionGraph
protocols.relax.FastRelax: CMD: repack  -1113.43  4.16503  4.16503  0.55
protocols.relax.FastRelax: CMD: min  -1158.76  4.0258  4.0258  0.55
protocols.relax.FastRelax: MRP: 11  -1158.76  -1160.11  4.04895  4.04895  
protocols.relax.FastRelax: CMD: accept_to_best  -1158.76  4.0258  4.0258  0.55
protocols.relax.FastRelax: CMD: endrepeat  -1158.76  4.0258  4.0258  0.55
protocols.relax.FastRelax: CMD: coord_cst_weight  134022  4.0258  4.0258  0.55
protocols.relax.FastRelax: CMD: scale:fa_rep  133692  4.0258  4.0258  0.022
core.pack.task: Packer task: initialize from command line() 
core.pack.pack_rotamers: built 7740 rotamers at 492 positions.
core.pack.interaction_graph.interaction_graph_factory: Instantiating DensePDInteractionGraph
protocols.relax.FastRelax: CMD: repack  133676  4.0258  4.0258  0.022
protocols.relax.FastRelax: CMD: scale:fa_rep  133685  4.0258  4.0258  0.02805
core.optimization.Minimizer: [ WARNING ] LBFGS MAX CYCLES 2000 EXCEEDED, BUT FUNC NOT CONVERGED!
protocols.relax.FastRelax: CMD: min  -1274.45  0.189561  0.189561  0.02805
protocols.relax.FastRelax: CMD: coord_cst_weight  -1352.15  0.189561  0.189561  0.02805
protocols.relax.FastRelax: CMD: scale:fa_rep  -1023.55  0.189561  0.189561  0.14575
core.pack.task: Packer task: initialize from command line() 
core.pack.pack_rotamers: built 7364 rotamers at 492 positions.
core.pack.interaction_graph.interaction_graph_factory: Instantiating DensePDInteractionGraph
protocols.relax.FastRelax: CMD: repack  -1053.73  0.189561  0.189561  0.14575
protocols.relax.FastRelax: CMD: scale:fa_rep  -1033.08  0.189561  0.189561  0.154
protocols.relax.FastRelax: CMD: min  -1192.57  0.229468  0.229468  0.154
protocols.relax.FastRelax: CMD: coord_cst_weight  -1308.16  0.229468  0.229468  0.154
protocols.relax.FastRelax: CMD: scale:fa_rep  -1125.25  0.229468  0.229468  0.30745
core.pack.task: Packer task: initialize from command line() 
core.pack.pack_rotamers: built 7115 rotamers at 492 positions.
core.pack.interaction_graph.interaction_graph_factory: Instantiating DensePDInteractionGraph
protocols.relax.FastRelax: CMD: repack  -1125.43  0.229468  0.229468  0.30745
protocols.relax.FastRelax: CMD: scale:fa_rep  -1111.05  0.229468  0.229468  0.31955
protocols.relax.FastRelax: CMD: min  -1313.91  3.44776  3.44776  0.31955
protocols.relax.FastRelax: CMD: coord_cst_weight  -1313.91  3.44776  3.44776  0.31955
protocols.relax.FastRelax: CMD: scale:fa_rep  -1109.5  3.44776  3.44776  0.55
core.pack.task: Packer task: initialize from command line() 
core.pack.pack_rotamers: built 7061 rotamers at 492 positions.
core.pack.interaction_graph.interaction_graph_factory: Instantiating DensePDInteractionGraph
protocols.relax.FastRelax: CMD: repack  -1110.09  3.44776  3.44776  0.55
protocols.relax.FastRelax: CMD: min  -1165.31  3.46745  3.46745  0.55
protocols.relax.FastRelax: MRP: 12  -1165.31  -1165.31  3.46745  3.46745  
protocols.relax.FastRelax: CMD: accept_to_best  -1165.31  3.46745  3.46745  0.55
protocols.relax.FastRelax: CMD: endrepeat  -1165.31  3.46745  3.46745  0.55
protocols.relax.FastRelax: CMD: coord_cst_weight  66309.6  3.46745  3.46745  0.55
protocols.relax.FastRelax: CMD: scale:fa_rep  65982.7  3.46745  3.46745  0.022
core.pack.task: Packer task: initialize from command line() 
core.pack.pack_rotamers: built 7686 rotamers at 492 positions.
core.pack.interaction_graph.interaction_graph_factory: Instantiating DensePDInteractionGraph
protocols.relax.FastRelax: CMD: repack  65971.1  3.46745  3.46745  0.022
protocols.relax.FastRelax: CMD: scale:fa_rep  65980  3.46745  3.46745  0.02805
core.optimization.Minimizer: [ WARNING ] LBFGS MAX CYCLES 2000 EXCEEDED, BUT FUNC NOT CONVERGED!
protocols.relax.FastRelax: CMD: min  -1280.5  0.184004  0.184004  0.02805
protocols.relax.FastRelax: CMD: coord_cst_weight  -1354.25  0.184004  0.184004  0.02805
protocols.relax.FastRelax: CMD: scale:fa_rep  -1011.26  0.184004  0.184004  0.14575
core.pack.task: Packer task: initialize from command line() 
core.pack.pack_rotamers: built 7321 rotamers at 492 positions.
core.pack.interaction_graph.interaction_graph_factory: Instantiating DensePDInteractionGraph
protocols.relax.FastRelax: CMD: repack  -1048.66  0.184004  0.184004  0.14575
protocols.relax.FastRelax: CMD: scale:fa_rep  -1027.83  0.184004  0.184004  0.154
protocols.relax.FastRelax: CMD: min  -1189.86  0.228853  0.228853  0.154
protocols.relax.FastRelax: CMD: coord_cst_weight  -1305.64  0.228853  0.228853  0.154
protocols.relax.FastRelax: CMD: scale:fa_rep  -1121.86  0.228853  0.228853  0.30745
core.pack.task: Packer task: initialize from command line() 
core.pack.pack_rotamers: built 7134 rotamers at 492 positions.
core.pack.interaction_graph.interaction_graph_factory: Instantiating DensePDInteractionGraph
protocols.relax.FastRelax: CMD: repack  -1121.46  0.228853  0.228853  0.30745
protocols.relax.FastRelax: CMD: scale:fa_rep  -1106.96  0.228853  0.228853  0.31955
protocols.relax.FastRelax: CMD: min  -1305.83  3.20943  3.20943  0.31955
protocols.relax.FastRelax: CMD: coord_cst_weight  -1305.83  3.20943  3.20943  0.31955
protocols.relax.FastRelax: CMD: scale:fa_rep  -1100.67  3.20943  3.20943  0.55
core.pack.task: Packer task: initialize from command line() 
core.pack.pack_rotamers: built 7000 rotamers at 492 positions.
core.pack.interaction_graph.interaction_graph_factory: Instantiating DensePDInteractionGraph
protocols.relax.FastRelax: CMD: repack  -1102.94  3.20943  3.20943  0.55
protocols.relax.FastRelax: CMD: min  -1159.29  3.20752  3.20752  0.55
protocols.relax.FastRelax: MRP: 13  -1159.29  -1165.31  3.46745  3.46745  
protocols.relax.FastRelax: CMD: accept_to_best  -1159.29  3.20752  3.20752  0.55
protocols.relax.FastRelax: CMD: endrepeat  -1159.29  3.20752  3.20752  0.55
protocols.relax.FastRelax: CMD: coord_cst_weight  57466.1  3.20752  3.20752  0.55
protocols.relax.FastRelax: CMD: scale:fa_rep  57140  3.20752  3.20752  0.022
core.pack.task: Packer task: initialize from command line() 
core.pack.pack_rotamers: built 7766 rotamers at 492 positions.
core.pack.interaction_graph.interaction_graph_factory: Instantiating DensePDInteractionGraph
protocols.relax.FastRelax: CMD: repack  57131.9  3.20752  3.20752  0.022
protocols.relax.FastRelax: CMD: scale:fa_rep  57140  3.20752  3.20752  0.02805
core.optimization.Minimizer: [ WARNING ] LBFGS MAX CYCLES 2000 EXCEEDED, BUT FUNC NOT CONVERGED!
protocols.relax.FastRelax: CMD: min  -1271.75  0.185409  0.185409  0.02805
protocols.relax.FastRelax: CMD: coord_cst_weight  -1346.43  0.185409  0.185409  0.02805
protocols.relax.FastRelax: CMD: scale:fa_rep  -974.743  0.185409  0.185409  0.14575
core.pack.task: Packer task: initialize from command line() 
core.pack.pack_rotamers: built 7337 rotamers at 492 positions.
core.pack.interaction_graph.interaction_graph_factory: Instantiating DensePDInteractionGraph
protocols.relax.FastRelax: CMD: repack  -1042.05  0.185409  0.185409  0.14575
protocols.relax.FastRelax: CMD: scale:fa_rep  -1021.12  0.185409  0.185409  0.154
protocols.relax.FastRelax: CMD: min  -1185.7  0.22649  0.22649  0.154
protocols.relax.FastRelax: CMD: coord_cst_weight  -1299.3  0.22649  0.22649  0.154
protocols.relax.FastRelax: CMD: scale:fa_rep  -1114.26  0.22649  0.22649  0.30745
core.pack.task: Packer task: initialize from command line() 
core.pack.pack_rotamers: built 7153 rotamers at 492 positions.
core.pack.interaction_graph.interaction_graph_factory: Instantiating DensePDInteractionGraph
protocols.relax.FastRelax: CMD: repack  -1115.37  0.22649  0.22649  0.30745
protocols.relax.FastRelax: CMD: scale:fa_rep  -1100.94  0.22649  0.22649  0.31955
protocols.relax.FastRelax: CMD: min  -1308.19  3.2021  3.2021  0.31955
protocols.relax.FastRelax: CMD: coord_cst_weight  -1308.19  3.2021  3.2021  0.31955
protocols.relax.FastRelax: CMD: scale:fa_rep  -1105.03  3.2021  3.2021  0.55
core.pack.task: Packer task: initialize from command line() 
core.pack.pack_rotamers: built 6960 rotamers at 492 positions.
core.pack.interaction_graph.interaction_graph_factory: Instantiating DensePDInteractionGraph
protocols.relax.FastRelax: CMD: repack  -1109.48  3.2021  3.2021  0.55
protocols.relax.FastRelax: CMD: min  -1167.39  3.42544  3.42544  0.55
protocols.relax.FastRelax: MRP: 14  -1167.39  -1167.39  3.42544  3.42544  
protocols.relax.FastRelax: CMD: accept_to_best  -1167.39  3.42544  3.42544  0.55
protocols.relax.FastRelax: CMD: endrepeat  -1167.39  3.42544  3.42544  0.55
protocols::checkpoint: Deleting checkpoints of FastRelax
protocols.jd2.JobDistributor: target.BL00010001_3_0003 reported success in 14333 seconds
protocols.jd2.PDBJobInputter: PDBJobInputter::pose_from_job
protocols.jd2.PDBJobInputter: filling pose from PDB ../1-modeller/target.BL00010001.pdb
core.import_pose.import_pose: File '../1-modeller/target.BL00010001.pdb' automatically determined to be of type PDB from contents.
core.io.rcsb.ExperimentalTechnique: [ ERROR ] Unrecognized experimental technique string 'THEORETICAL MODEL, MODELLER 10.8 2026/08/10 16:18:02'
protocols.relax.FastRelax: CMD: repeat  4476.34  0  0  0.55
protocols.relax.FastRelax: CMD: coord_cst_weight  4476.34  0  0  0.55
protocols.relax.FastRelax: CMD: scale:fa_rep  806.987  0  0  0.022
core.pack.task: Packer task: initialize from command line() 
core.pack.pack_rotamers: built 8129 rotamers at 492 positions.
core.pack.interaction_graph.interaction_graph_factory: Instantiating DensePDInteractionGraph
protocols.relax.FastRelax: CMD: repack  -875.773  0  0  0.022
protocols.relax.FastRelax: CMD: scale:fa_rep  -839.084  0  0  0.02805
core.optimization.Minimizer: [ WARNING ] LBFGS MAX CYCLES 2000 EXCEEDED, BUT FUNC NOT CONVERGED!
protocols.relax.FastRelax: CMD: min  -1286.97  0.148435  0.148435  0.02805
protocols.relax.FastRelax: CMD: coord_cst_weight  -1333.56  0.148435  0.148435  0.02805
protocols.relax.FastRelax: CMD: scale:fa_rep  -965.995  0.148435  0.148435  0.14575
core.pack.task: Packer task: initialize from command line() 
core.pack.pack_rotamers: built 7459 rotamers at 492 positions.
core.pack.interaction_graph.interaction_graph_factory: Instantiating DensePDInteractionGraph
protocols.relax.FastRelax: CMD: repack  -1011.49  0.148435  0.148435  0.14575
protocols.relax.FastRelax: CMD: scale:fa_rep  -990.373  0.148435  0.148435  0.154
core.optimization.Minimizer: [ WARNING ] LBFGS MAX CYCLES 2000 EXCEEDED, BUT FUNC NOT CONVERGED!
protocols.relax.FastRelax: CMD: min  -1176.53  0.204598  0.204598  0.154
protocols.relax.FastRelax: CMD: coord_cst_weight  -1267.8  0.204598  0.204598  0.154
protocols.relax.FastRelax: CMD: scale:fa_rep  -1081.44  0.204598  0.204598  0.30745
core.pack.task: Packer task: initialize from command line() 
core.pack.pack_rotamers: built 7175 rotamers at 492 positions.
core.pack.interaction_graph.interaction_graph_factory: Instantiating DensePDInteractionGraph
protocols.relax.FastRelax: CMD: repack  -1082.81  0.204598  0.204598  0.30745
protocols.relax.FastRelax: CMD: scale:fa_rep  -1068.2  0.204598  0.204598  0.31955
protocols.relax.FastRelax: CMD: min  -1253.63  3.49561  3.49561  0.31955
protocols.relax.FastRelax: CMD: coord_cst_weight  -1253.63  3.49561  3.49561  0.31955
protocols.relax.FastRelax: CMD: scale:fa_rep  -1042.98  3.49561  3.49561  0.55
core.pack.task: Packer task: initialize from command line() 
core.pack.pack_rotamers: built 7058 rotamers at 492 positions.
core.pack.interaction_graph.interaction_graph_factory: Instantiating DensePDInteractionGraph
protocols.relax.FastRelax: CMD: repack  -1039.25  3.49561  3.49561  0.55
protocols.relax.FastRelax: CMD: min  -1103.42  3.68483  3.68483  0.55
protocols.relax.FastRelax: MRP: 0  -1103.42  -1103.42  3.68483  3.68483  
protocols.relax.FastRelax: CMD: accept_to_best  -1103.42  3.68483  3.68483  0.55
protocols.relax.FastRelax: CMD: endrepeat  -1103.42  3.68483  3.68483  0.55
protocols.relax.FastRelax: CMD: coord_cst_weight  90141.8  3.68483  3.68483  0.55
protocols.relax.FastRelax: CMD: scale:fa_rep  89807.7  3.68483  3.68483  0.022
core.pack.task: Packer task: initialize from command line() 
core.pack.pack_rotamers: built 7830 rotamers at 492 positions.
core.pack.interaction_graph.interaction_graph_factory: Instantiating DensePDInteractionGraph
protocols.relax.FastRelax: CMD: repack  89775.1  3.68483  3.68483  0.022
protocols.relax.FastRelax: CMD: scale:fa_rep  89784.3  3.68483  3.68483  0.02805
core.optimization.Minimizer: [ WARNING ] LBFGS MAX CYCLES 2000 EXCEEDED, BUT FUNC NOT CONVERGED!
protocols.relax.FastRelax: CMD: min  -1254.26  0.184014  0.184014  0.02805
protocols.relax.FastRelax: CMD: coord_cst_weight  -1325.63  0.184014  0.184014  0.02805
protocols.relax.FastRelax: CMD: scale:fa_rep  -985.434  0.184014  0.184014  0.14575
core.pack.task: Packer task: initialize from command line() 
core.pack.pack_rotamers: built 7398 rotamers at 492 positions.
core.pack.interaction_graph.interaction_graph_factory: Instantiating DensePDInteractionGraph
protocols.relax.FastRelax: CMD: repack  -1035.84  0.184014  0.184014  0.14575
protocols.relax.FastRelax: CMD: scale:fa_rep  -1015.4  0.184014  0.184014  0.154
protocols.relax.FastRelax: CMD: min  -1189.26  0.215976  0.215976  0.154
protocols.relax.FastRelax: CMD: coord_cst_weight  -1291.63  0.215976  0.215976  0.154
protocols.relax.FastRelax: CMD: scale:fa_rep  -1109.42  0.215976  0.215976  0.30745
core.pack.task: Packer task: initialize from command line() 
core.pack.pack_rotamers: built 7211 rotamers at 492 positions.
core.pack.interaction_graph.interaction_graph_factory: Instantiating DensePDInteractionGraph
protocols.relax.FastRelax: CMD: repack  -1110.22  0.215976  0.215976  0.30745
protocols.relax.FastRelax: CMD: scale:fa_rep  -1095.99  0.215976  0.215976  0.31955
protocols.relax.FastRelax: CMD: min  -1276.55  2.98442  2.98442  0.31955
protocols.relax.FastRelax: CMD: coord_cst_weight  -1276.55  2.98442  2.98442  0.31955
protocols.relax.FastRelax: CMD: scale:fa_rep  -1066.48  2.98442  2.98442  0.55
core.pack.task: Packer task: initialize from command line() 
core.pack.pack_rotamers: built 7018 rotamers at 492 positions.
core.pack.interaction_graph.interaction_graph_factory: Instantiating DensePDInteractionGraph
protocols.relax.FastRelax: CMD: repack  -1069.94  2.98442  2.98442  0.55
protocols.relax.FastRelax: CMD: min  -1121.22  2.95051  2.95051  0.55
protocols.relax.FastRelax: MRP: 1  -1121.22  -1121.22  2.95051  2.95051  
protocols.relax.FastRelax: CMD: accept_to_best  -1121.22  2.95051  2.95051  0.55
protocols.relax.FastRelax: CMD: endrepeat  -1121.22  2.95051  2.95051  0.55
protocols.relax.FastRelax: CMD: coord_cst_weight  60490.2  2.95051  2.95051  0.55
protocols.relax.FastRelax: CMD: scale:fa_rep  60155.5  2.95051  2.95051  0.022
core.pack.task: Packer task: initialize from command line() 
core.pack.pack_rotamers: built 7838 rotamers at 492 positions.
core.pack.interaction_graph.interaction_graph_factory: Instantiating DensePDInteractionGraph
protocols.relax.FastRelax: CMD: repack  60152.4  2.95051  2.95051  0.022
protocols.relax.FastRelax: CMD: scale:fa_rep  60161.8  2.95051  2.95051  0.02805
core.optimization.Minimizer: [ WARNING ] LBFGS MAX CYCLES 2000 EXCEEDED, BUT FUNC NOT CONVERGED!
protocols.relax.FastRelax: CMD: min  -1276.68  0.176549  0.176549  0.02805
protocols.relax.FastRelax: CMD: coord_cst_weight  -1343.57  0.176549  0.176549  0.02805
protocols.relax.FastRelax: CMD: scale:fa_rep  -995.571  0.176549  0.176549  0.14575
core.pack.task: Packer task: initialize from command line() 
core.pack.pack_rotamers: built 7421 rotamers at 492 positions.
core.pack.interaction_graph.interaction_graph_factory: Instantiating DensePDInteractionGraph
protocols.relax.FastRelax: CMD: repack  -1039.17  0.176549  0.176549  0.14575
protocols.relax.FastRelax: CMD: scale:fa_rep  -1019.12  0.176549  0.176549  0.154
protocols.relax.FastRelax: CMD: min  -1185.82  0.219091  0.219091  0.154
protocols.relax.FastRelax: CMD: coord_cst_weight  -1290.66  0.219091  0.219091  0.154
protocols.relax.FastRelax: CMD: scale:fa_rep  -1111.7  0.219091  0.219091  0.30745
core.pack.task: Packer task: initialize from command line() 
core.pack.pack_rotamers: built 7168 rotamers at 492 positions.
core.pack.interaction_graph.interaction_graph_factory: Instantiating DensePDInteractionGraph
protocols.relax.FastRelax: CMD: repack  -1112.09  0.219091  0.219091  0.30745
protocols.relax.FastRelax: CMD: scale:fa_rep  -1098.05  0.219091  0.219091  0.31955
protocols.relax.FastRelax: CMD: min  -1275.48  2.44697  2.44697  0.31955
protocols.relax.FastRelax: CMD: coord_cst_weight  -1275.48  2.44697  2.44697  0.31955
protocols.relax.FastRelax: CMD: scale:fa_rep  -1065.26  2.44697  2.44697  0.55
core.pack.task: Packer task: initialize from command line() 
core.pack.pack_rotamers: built 7096 rotamers at 492 positions.
core.pack.interaction_graph.interaction_graph_factory: Instantiating DensePDInteractionGraph
protocols.relax.FastRelax: CMD: repack  -1067.77  2.44697  2.44697  0.55
protocols.relax.FastRelax: CMD: min  -1073.36  2.96946  2.96946  0.55
protocols.relax.FastRelax: MRP: 2  -1073.36  -1121.22  2.95051  2.95051  
protocols.relax.FastRelax: CMD: accept_to_best  -1073.36  2.96946  2.96946  0.55
protocols.relax.FastRelax: CMD: endrepeat  -1073.36  2.96946  2.96946  0.55
protocols.relax.FastRelax: CMD: coord_cst_weight  69310.2  2.96946  2.96946  0.55
protocols.relax.FastRelax: CMD: scale:fa_rep  68927.4  2.96946  2.96946  0.022
core.pack.task: Packer task: initialize from command line() 
core.pack.pack_rotamers: built 7796 rotamers at 492 positions.
core.pack.interaction_graph.interaction_graph_factory: Instantiating DensePDInteractionGraph
protocols.relax.FastRelax: CMD: repack  68936  2.96946  2.96946  0.022
protocols.relax.FastRelax: CMD: scale:fa_rep  68951.1  2.96946  2.96946  0.02805
core.optimization.Minimizer: [ WARNING ] LBFGS MAX CYCLES 2000 EXCEEDED, BUT FUNC NOT CONVERGED!
protocols.relax.FastRelax: CMD: min  -1272.14  0.182876  0.182876  0.02805
protocols.relax.FastRelax: CMD: coord_cst_weight  -1343.24  0.182876  0.182876  0.02805
protocols.relax.FastRelax: CMD: scale:fa_rep  -995.191  0.182876  0.182876  0.14575
core.pack.task: Packer task: initialize from command line() 
core.pack.pack_rotamers: built 7366 rotamers at 492 positions.
core.pack.interaction_graph.interaction_graph_factory: Instantiating DensePDInteractionGraph
protocols.relax.FastRelax: CMD: repack  -1044.19  0.182876  0.182876  0.14575
protocols.relax.FastRelax: CMD: scale:fa_rep  -1024.07  0.182876  0.182876  0.154
protocols.relax.FastRelax: CMD: min  -1188.42  0.225858  0.225858  0.154
protocols.relax.FastRelax: CMD: coord_cst_weight  -1298.38  0.225858  0.225858  0.154
protocols.relax.FastRelax: CMD: scale:fa_rep  -1115.65  0.225858  0.225858  0.30745
core.pack.task: Packer task: initialize from command line() 
core.pack.pack_rotamers: built 7161 rotamers at 492 positions.
core.pack.interaction_graph.interaction_graph_factory: Instantiating DensePDInteractionGraph
protocols.relax.FastRelax: CMD: repack  -1116.78  0.225858  0.225858  0.30745
protocols.relax.FastRelax: CMD: scale:fa_rep  -1102.6  0.225858  0.225858  0.31955
protocols.relax.FastRelax: CMD: min  -1289.78  3.19259  3.19259  0.31955
protocols.relax.FastRelax: CMD: coord_cst_weight  -1289.78  3.19259  3.19259  0.31955
protocols.relax.FastRelax: CMD: scale:fa_rep  -1081.27  3.19259  3.19259  0.55
core.pack.task: Packer task: initialize from command line() 
core.pack.pack_rotamers: built 7009 rotamers at 492 positions.
core.pack.interaction_graph.interaction_graph_factory: Instantiating DensePDInteractionGraph
protocols.relax.FastRelax: CMD: repack  -1076.1  3.19259  3.19259  0.55
protocols.relax.FastRelax: CMD: min  -1131.66  3.07781  3.07781  0.55
protocols.relax.FastRelax: MRP: 3  -1131.66  -1131.66  3.07781  3.07781  
protocols.relax.FastRelax: CMD: accept_to_best  -1131.66  3.07781  3.07781  0.55
protocols.relax.FastRelax: CMD: endrepeat  -1131.66  3.07781  3.07781  0.55
protocols.relax.FastRelax: CMD: coord_cst_weight  47894.8  3.07781  3.07781  0.55
protocols.relax.FastRelax: CMD: scale:fa_rep  47561.7  3.07781  3.07781  0.022
core.pack.task: Packer task: initialize from command line() 
core.pack.pack_rotamers: built 7805 rotamers at 492 positions.
core.pack.interaction_graph.interaction_graph_factory: Instantiating DensePDInteractionGraph
protocols.relax.FastRelax: CMD: repack  47539  3.07781  3.07781  0.022
protocols.relax.FastRelax: CMD: scale:fa_rep  47547.9  3.07781  3.07781  0.02805
core.optimization.Minimizer: [ WARNING ] LBFGS MAX CYCLES 2000 EXCEEDED, BUT FUNC NOT CONVERGED!
protocols.relax.FastRelax: CMD: min  -1273.74  0.185843  0.185843  0.02805
protocols.relax.FastRelax: CMD: coord_cst_weight  -1348.02  0.185843  0.185843  0.02805
protocols.relax.FastRelax: CMD: scale:fa_rep  -990.011  0.185843  0.185843  0.14575
core.pack.task: Packer task: initialize from command line() 
core.pack.pack_rotamers: built 7409 rotamers at 492 positions.
core.pack.interaction_graph.interaction_graph_factory: Instantiating DensePDInteractionGraph
protocols.relax.FastRelax: CMD: repack  -1062.15  0.185843  0.185843  0.14575
protocols.relax.FastRelax: CMD: scale:fa_rep  -1042.37  0.185843  0.185843  0.154
protocols.relax.FastRelax: CMD: min  -1199.16  0.228265  0.228265  0.154
protocols.relax.FastRelax: CMD: coord_cst_weight  -1311.39  0.228265  0.228265  0.154
protocols.relax.FastRelax: CMD: scale:fa_rep  -1129.39  0.228265  0.228265  0.30745
core.pack.task: Packer task: initialize from command line() 
core.pack.pack_rotamers: built 7173 rotamers at 492 positions.
core.pack.interaction_graph.interaction_graph_factory: Instantiating DensePDInteractionGraph
protocols.relax.FastRelax: CMD: repack  -1123.25  0.228265  0.228265  0.30745
protocols.relax.FastRelax: CMD: scale:fa_rep  -1108.97  0.228265  0.228265  0.31955
protocols.relax.FastRelax: CMD: min  -1294.68  3.14194  3.14194  0.31955
protocols.relax.FastRelax: CMD: coord_cst_weight  -1294.68  3.14194  3.14194  0.31955
protocols.relax.FastRelax: CMD: scale:fa_rep  -1083.2  3.14194  3.14194  0.55
core.pack.task: Packer task: initialize from command line() 
core.pack.pack_rotamers: built 7095 rotamers at 492 positions.
core.pack.interaction_graph.interaction_graph_factory: Instantiating DensePDInteractionGraph
protocols.relax.FastRelax: CMD: repack  -1083.66  3.14194  3.14194  0.55
protocols.relax.FastRelax: CMD: min  -1142.36  3.23873  3.23873  0.55
protocols.relax.FastRelax: MRP: 4  -1142.36  -1142.36  3.23873  3.23873  
protocols.relax.FastRelax: CMD: accept_to_best  -1142.36  3.23873  3.23873  0.55
protocols.relax.FastRelax: CMD: endrepeat  -1142.36  3.23873  3.23873  0.55
protocols.relax.FastRelax: CMD: coord_cst_weight  52464.5  3.23873  3.23873  0.55
protocols.relax.FastRelax: CMD: scale:fa_rep  52128.2  3.23873  3.23873  0.022
core.pack.task: Packer task: initialize from command line() 
core.pack.pack_rotamers: built 7843 rotamers at 492 positions.
core.pack.interaction_graph.interaction_graph_factory: Instantiating DensePDInteractionGraph
protocols.relax.FastRelax: CMD: repack  52109.4  3.23873  3.23873  0.022
protocols.relax.FastRelax: CMD: scale:fa_rep  52116.9  3.23873  3.23873  0.02805
core.optimization.Minimizer: [ WARNING ] LBFGS MAX CYCLES 2000 EXCEEDED, BUT FUNC NOT CONVERGED!
protocols.relax.FastRelax: CMD: min  -1285.54  0.183786  0.183786  0.02805
protocols.relax.FastRelax: CMD: coord_cst_weight  -1357.98  0.183786  0.183786  0.02805
protocols.relax.FastRelax: CMD: scale:fa_rep  -1030.69  0.183786  0.183786  0.14575
core.pack.task: Packer task: initialize from command line() 
core.pack.pack_rotamers: built 7368 rotamers at 492 positions.
core.pack.interaction_graph.interaction_graph_factory: Instantiating DensePDInteractionGraph
protocols.relax.FastRelax: CMD: repack  -1066.52  0.183786  0.183786  0.14575
protocols.relax.FastRelax: CMD: scale:fa_rep  -1046.46  0.183786  0.183786  0.154
protocols.relax.FastRelax: CMD: min  -1201.77  0.228886  0.228886  0.154
protocols.relax.FastRelax: CMD: coord_cst_weight  -1314.46  0.228886  0.228886  0.154
protocols.relax.FastRelax: CMD: scale:fa_rep  -1133.42  0.228886  0.228886  0.30745
core.pack.task: Packer task: initialize from command line() 
core.pack.pack_rotamers: built 7147 rotamers at 492 positions.
core.pack.interaction_graph.interaction_graph_factory: Instantiating DensePDInteractionGraph
protocols.relax.FastRelax: CMD: repack  -1128.01  0.228886  0.228886  0.30745
protocols.relax.FastRelax: CMD: scale:fa_rep  -1113.89  0.228886  0.228886  0.31955
protocols.relax.FastRelax: CMD: min  -1301.46  3.23061  3.23061  0.31955
protocols.relax.FastRelax: CMD: coord_cst_weight  -1301.46  3.23061  3.23061  0.31955
protocols.relax.FastRelax: CMD: scale:fa_rep  -1090.81  3.23061  3.23061  0.55
core.pack.task: Packer task: initialize from command line() 
core.pack.pack_rotamers: built 6956 rotamers at 492 positions.
core.pack.interaction_graph.interaction_graph_factory: Instantiating DensePDInteractionGraph
protocols.relax.FastRelax: CMD: repack  -1091.91  3.23061  3.23061  0.55
protocols.relax.FastRelax: CMD: min  -1141.98  3.08461  3.08461  0.55
protocols.relax.FastRelax: MRP: 5  -1141.98  -1142.36  3.23873  3.23873  
protocols.relax.FastRelax: CMD: accept_to_best  -1141.98  3.08461  3.08461  0.55
protocols.relax.FastRelax: CMD: endrepeat  -1141.98  3.08461  3.08461  0.55
protocols.relax.FastRelax: CMD: coord_cst_weight  55712.4  3.08461  3.08461  0.55
protocols.relax.FastRelax: CMD: scale:fa_rep  55377.2  3.08461  3.08461  0.022
core.pack.task: Packer task: initialize from command line() 
core.pack.pack_rotamers: built 7821 rotamers at 492 positions.
core.pack.interaction_graph.interaction_graph_factory: Instantiating DensePDInteractionGraph
protocols.relax.FastRelax: CMD: repack  55355.7  3.08461  3.08461  0.022
protocols.relax.FastRelax: CMD: scale:fa_rep  55362.3  3.08461  3.08461  0.02805
core.optimization.Minimizer: [ WARNING ] LBFGS MAX CYCLES 2000 EXCEEDED, BUT FUNC NOT CONVERGED!
protocols.relax.FastRelax: CMD: min  -1275.24  0.187192  0.187192  0.02805
protocols.relax.FastRelax: CMD: coord_cst_weight  -1349.44  0.187192  0.187192  0.02805
protocols.relax.FastRelax: CMD: scale:fa_rep  -1020.2  0.187192  0.187192  0.14575
core.pack.task: Packer task: initialize from command line() 
core.pack.pack_rotamers: built 7372 rotamers at 492 positions.
core.pack.interaction_graph.interaction_graph_factory: Instantiating DensePDInteractionGraph
protocols.relax.FastRelax: CMD: repack  -1067.51  0.187192  0.187192  0.14575
protocols.relax.FastRelax: CMD: scale:fa_rep  -1047.98  0.187192  0.187192  0.154
protocols.relax.FastRelax: CMD: min  -1202  0.228164  0.228164  0.154
protocols.relax.FastRelax: CMD: coord_cst_weight  -1314.53  0.228164  0.228164  0.154
protocols.relax.FastRelax: CMD: scale:fa_rep  -1132.65  0.228164  0.228164  0.30745
core.pack.task: Packer task: initialize from command line() 
core.pack.pack_rotamers: built 7152 rotamers at 492 positions.
core.pack.interaction_graph.interaction_graph_factory: Instantiating DensePDInteractionGraph
protocols.relax.FastRelax: CMD: repack  -1133.64  0.228164  0.228164  0.30745
protocols.relax.FastRelax: CMD: scale:fa_rep  -1119.4  0.228164  0.228164  0.31955
protocols.relax.FastRelax: CMD: min  -1300.36  3.14892  3.14892  0.31955
protocols.relax.FastRelax: CMD: coord_cst_weight  -1300.36  3.14892  3.14892  0.31955
protocols.relax.FastRelax: CMD: scale:fa_rep  -1090.94  3.14892  3.14892  0.55
core.pack.task: Packer task: initialize from command line() 
core.pack.pack_rotamers: built 7015 rotamers at 492 positions.
core.pack.interaction_graph.interaction_graph_factory: Instantiating DensePDInteractionGraph
protocols.relax.FastRelax: CMD: repack  -1092.77  3.14892  3.14892  0.55
protocols.relax.FastRelax: CMD: min  -1144.36  3.1352  3.1352  0.55
protocols.relax.FastRelax: MRP: 6  -1144.36  -1144.36  3.1352  3.1352  
protocols.relax.FastRelax: CMD: accept_to_best  -1144.36  3.1352  3.1352  0.55
protocols.relax.FastRelax: CMD: endrepeat  -1144.36  3.1352  3.1352  0.55
protocols.relax.FastRelax: CMD: coord_cst_weight  48780  3.1352  3.1352  0.55
protocols.relax.FastRelax: CMD: scale:fa_rep  48447.4  3.1352  3.1352  0.022
core.pack.task: Packer task: initialize from command line() 
core.pack.pack_rotamers: built 7805 rotamers at 492 positions.
core.pack.interaction_graph.interaction_graph_factory: Instantiating DensePDInteractionGraph
protocols.relax.FastRelax: CMD: repack  48430.8  3.1352  3.1352  0.022
protocols.relax.FastRelax: CMD: scale:fa_rep  48437.1  3.1352  3.1352  0.02805
core.optimization.Minimizer: [ WARNING ] LBFGS MAX CYCLES 2000 EXCEEDED, BUT FUNC NOT CONVERGED!
protocols.relax.FastRelax: CMD: min  -1282.67  0.182709  0.182709  0.02805
protocols.relax.FastRelax: CMD: coord_cst_weight  -1354.07  0.182709  0.182709  0.02805
protocols.relax.FastRelax: CMD: scale:fa_rep  -1024.1  0.182709  0.182709  0.14575
core.pack.task: Packer task: initialize from command line() 
core.pack.pack_rotamers: built 7377 rotamers at 492 positions.
core.pack.interaction_graph.interaction_graph_factory: Instantiating DensePDInteractionGraph
protocols.relax.FastRelax: CMD: repack  -1068  0.182709  0.182709  0.14575
protocols.relax.FastRelax: CMD: scale:fa_rep  -1047.82  0.182709  0.182709  0.154
protocols.relax.FastRelax: CMD: min  -1198.17  0.228042  0.228042  0.154
protocols.relax.FastRelax: CMD: coord_cst_weight  -1310.62  0.228042  0.228042  0.154
protocols.relax.FastRelax: CMD: scale:fa_rep  -1128.81  0.228042  0.228042  0.30745
core.pack.task: Packer task: initialize from command line() 
core.pack.pack_rotamers: built 7218 rotamers at 492 positions.
core.pack.interaction_graph.interaction_graph_factory: Instantiating DensePDInteractionGraph
protocols.relax.FastRelax: CMD: repack  -1129.14  0.228042  0.228042  0.30745
protocols.relax.FastRelax: CMD: scale:fa_rep  -1114.86  0.228042  0.228042  0.31955
protocols.relax.FastRelax: CMD: min  -1294.5  2.73532  2.73532  0.31955
protocols.relax.FastRelax: CMD: coord_cst_weight  -1294.5  2.73532  2.73532  0.31955
protocols.relax.FastRelax: CMD: scale:fa_rep  -1083.31  2.73532  2.73532  0.55
core.pack.task: Packer task: initialize from command line() 
core.pack.pack_rotamers: built 7056 rotamers at 492 positions.
core.pack.interaction_graph.interaction_graph_factory: Instantiating DensePDInteractionGraph
protocols.relax.FastRelax: CMD: repack  -1076.37  2.73532  2.73532  0.55
protocols.relax.FastRelax: CMD: min  -1135.42  3.35259  3.35259  0.55
protocols.relax.FastRelax: MRP: 7  -1135.42  -1144.36  3.1352  3.1352  
protocols.relax.FastRelax: CMD: accept_to_best  -1135.42  3.35259  3.35259  0.55
protocols.relax.FastRelax: CMD: endrepeat  -1135.42  3.35259  3.35259  0.55
protocols.relax.FastRelax: CMD: coord_cst_weight  52397.4  3.35259  3.35259  0.55
protocols.relax.FastRelax: CMD: scale:fa_rep  52064.8  3.35259  3.35259  0.022
core.pack.task: Packer task: initialize from command line() 
core.pack.pack_rotamers: built 7866 rotamers at 492 positions.
core.pack.interaction_graph.interaction_graph_factory: Instantiating DensePDInteractionGraph
protocols.relax.FastRelax: CMD: repack  52044  3.35259  3.35259  0.022
protocols.relax.FastRelax: CMD: scale:fa_rep  52054.8  3.35259  3.35259  0.02805
core.optimization.Minimizer: [ WARNING ] LBFGS MAX CYCLES 2000 EXCEEDED, BUT FUNC NOT CONVERGED!
protocols.relax.FastRelax: CMD: min  -1251.29  0.195598  0.195598  0.02805
protocols.relax.FastRelax: CMD: coord_cst_weight  -1331.96  0.195598  0.195598  0.02805
protocols.relax.FastRelax: CMD: scale:fa_rep  -981.941  0.195598  0.195598  0.14575
core.pack.task: Packer task: initialize from command line() 
core.pack.pack_rotamers: built 7457 rotamers at 492 positions.
core.pack.interaction_graph.interaction_graph_factory: Instantiating DensePDInteractionGraph
protocols.relax.FastRelax: CMD: repack  -1041.64  0.195598  0.195598  0.14575
protocols.relax.FastRelax: CMD: scale:fa_rep  -1021.61  0.195598  0.195598  0.154
protocols.relax.FastRelax: CMD: min  -1195.56  0.230775  0.230775  0.154
protocols.relax.FastRelax: CMD: coord_cst_weight  -1309.54  0.230775  0.230775  0.154
protocols.relax.FastRelax: CMD: scale:fa_rep  -1127.35  0.230775  0.230775  0.30745
core.pack.task: Packer task: initialize from command line() 
core.pack.pack_rotamers: built 7165 rotamers at 492 positions.
core.pack.interaction_graph.interaction_graph_factory: Instantiating DensePDInteractionGraph
protocols.relax.FastRelax: CMD: repack  -1128.07  0.230775  0.230775  0.30745
protocols.relax.FastRelax: CMD: scale:fa_rep  -1113.89  0.230775  0.230775  0.31955
protocols.relax.FastRelax: CMD: min  -1307.32  4.09886  4.09886  0.31955
protocols.relax.FastRelax: CMD: coord_cst_weight  -1307.32  4.09886  4.09886  0.31955
protocols.relax.FastRelax: CMD: scale:fa_rep  -1099.53  4.09886  4.09886  0.55
core.pack.task: Packer task: initialize from command line() 
core.pack.pack_rotamers: built 6976 rotamers at 492 positions.
core.pack.interaction_graph.interaction_graph_factory: Instantiating DensePDInteractionGraph
protocols.relax.FastRelax: CMD: repack  -1103.1  4.09886  4.09886  0.55
protocols.relax.FastRelax: CMD: min  -1153.04  4.22397  4.22397  0.55
protocols.relax.FastRelax: MRP: 8  -1153.04  -1153.04  4.22397  4.22397  
protocols.relax.FastRelax: CMD: accept_to_best  -1153.04  4.22397  4.22397  0.55
protocols.relax.FastRelax: CMD: endrepeat  -1153.04  4.22397  4.22397  0.55
protocols.relax.FastRelax: CMD: coord_cst_weight  80004.8  4.22397  4.22397  0.55
protocols.relax.FastRelax: CMD: scale:fa_rep  79671  4.22397  4.22397  0.022
core.pack.task: Packer task: initialize from command line() 
core.pack.pack_rotamers: built 7781 rotamers at 492 positions.
core.pack.interaction_graph.interaction_graph_factory: Instantiating DensePDInteractionGraph
protocols.relax.FastRelax: CMD: repack  79644.3  4.22397  4.22397  0.022
protocols.relax.FastRelax: CMD: scale:fa_rep  79652.9  4.22397  4.22397  0.02805
core.optimization.Minimizer: [ WARNING ] LBFGS MAX CYCLES 2000 EXCEEDED, BUT FUNC NOT CONVERGED!
protocols.relax.FastRelax: CMD: min  -1277.18  0.185631  0.185631  0.02805
protocols.relax.FastRelax: CMD: coord_cst_weight  -1350.02  0.185631  0.185631  0.02805
protocols.relax.FastRelax: CMD: scale:fa_rep  -1018.24  0.185631  0.185631  0.14575
core.pack.task: Packer task: initialize from command line() 
core.pack.pack_rotamers: built 7437 rotamers at 492 positions.
core.pack.interaction_graph.interaction_graph_factory: Instantiating DensePDInteractionGraph
protocols.relax.FastRelax: CMD: repack  -1059.6  0.185631  0.185631  0.14575
protocols.relax.FastRelax: CMD: scale:fa_rep  -1039.67  0.185631  0.185631  0.154
protocols.relax.FastRelax: CMD: min  -1189.28  0.228874  0.228874  0.154
protocols.relax.FastRelax: CMD: coord_cst_weight  -1302.64  0.228874  0.228874  0.154
protocols.relax.FastRelax: CMD: scale:fa_rep  -1120.99  0.228874  0.228874  0.30745
core.pack.task: Packer task: initialize from command line() 
core.pack.pack_rotamers: built 7212 rotamers at 492 positions.
core.pack.interaction_graph.interaction_graph_factory: Instantiating DensePDInteractionGraph
protocols.relax.FastRelax: CMD: repack  -1121.4  0.228874  0.228874  0.30745
protocols.relax.FastRelax: CMD: scale:fa_rep  -1107.13  0.228874  0.228874  0.31955
protocols.relax.FastRelax: CMD: min  -1305.39  4.13613  4.13613  0.31955
protocols.relax.FastRelax: CMD: coord_cst_weight  -1305.39  4.13613  4.13613  0.31955
protocols.relax.FastRelax: CMD: scale:fa_rep  -1098.26  4.13613  4.13613  0.55
core.pack.task: Packer task: initialize from command line() 
core.pack.pack_rotamers: built 7066 rotamers at 492 positions.
core.pack.interaction_graph.interaction_graph_factory: Instantiating DensePDInteractionGraph
protocols.relax.FastRelax: CMD: repack  -1099.41  4.13613  4.13613  0.55
protocols.relax.FastRelax: CMD: min  -1153.83  4.14734  4.14734  0.55
protocols.relax.FastRelax: MRP: 9  -1153.83  -1153.83  4.14734  4.14734  
protocols.relax.FastRelax: CMD: accept_to_best  -1153.83  4.14734  4.14734  0.55
protocols.relax.FastRelax: CMD: endrepeat  -1153.83  4.14734  4.14734  0.55
protocols.relax.FastRelax: CMD: coord_cst_weight  73186  4.14734  4.14734  0.55
protocols.relax.FastRelax: CMD: scale:fa_rep  72856.6  4.14734  4.14734  0.022
core.pack.task: Packer task: initialize from command line() 
core.pack.pack_rotamers: built 7755 rotamers at 492 positions.
core.pack.interaction_graph.interaction_graph_factory: Instantiating DensePDInteractionGraph
protocols.relax.FastRelax: CMD: repack  72837.4  4.14734  4.14734  0.022
protocols.relax.FastRelax: CMD: scale:fa_rep  72845.1  4.14734  4.14734  0.02805
core.optimization.Minimizer: [ WARNING ] LBFGS MAX CYCLES 2000 EXCEEDED, BUT FUNC NOT CONVERGED!
protocols.relax.FastRelax: CMD: min  -1262.56  0.182651  0.182651  0.02805
protocols.relax.FastRelax: CMD: coord_cst_weight  -1335.82  0.182651  0.182651  0.02805
protocols.relax.FastRelax: CMD: scale:fa_rep  -998.852  0.182651  0.182651  0.14575
core.pack.task: Packer task: initialize from command line() 
core.pack.pack_rotamers: built 7383 rotamers at 492 positions.
core.pack.interaction_graph.interaction_graph_factory: Instantiating DensePDInteractionGraph
protocols.relax.FastRelax: CMD: repack  -1044.19  0.182651  0.182651  0.14575
protocols.relax.FastRelax: CMD: scale:fa_rep  -1023.49  0.182651  0.182651  0.154
protocols.relax.FastRelax: CMD: min  -1195.43  0.229345  0.229345  0.154
protocols.relax.FastRelax: CMD: coord_cst_weight  -1309.86  0.229345  0.229345  0.154
protocols.relax.FastRelax: CMD: scale:fa_rep  -1126.78  0.229345  0.229345  0.30745
core.pack.task: Packer task: initialize from command line() 
core.pack.pack_rotamers: built 7150 rotamers at 492 positions.
core.pack.interaction_graph.interaction_graph_factory: Instantiating DensePDInteractionGraph
protocols.relax.FastRelax: CMD: repack  -1127.53  0.229345  0.229345  0.30745
protocols.relax.FastRelax: CMD: scale:fa_rep  -1113.28  0.229345  0.229345  0.31955
protocols.relax.FastRelax: CMD: min  -1305.3  3.38678  3.38678  0.31955
protocols.relax.FastRelax: CMD: coord_cst_weight  -1305.3  3.38678  3.38678  0.31955
protocols.relax.FastRelax: CMD: scale:fa_rep  -1097.24  3.38678  3.38678  0.55
core.pack.task: Packer task: initialize from command line() 
core.pack.pack_rotamers: built 7040 rotamers at 492 positions.
core.pack.interaction_graph.interaction_graph_factory: Instantiating DensePDInteractionGraph
protocols.relax.FastRelax: CMD: repack  -1100.93  3.38678  3.38678  0.55
protocols.relax.FastRelax: CMD: min  -1149.71  3.90954  3.90954  0.55
protocols.relax.FastRelax: MRP: 10  -1149.71  -1153.83  4.14734  4.14734  
protocols.relax.FastRelax: CMD: accept_to_best  -1149.71  3.90954  3.90954  0.55
protocols.relax.FastRelax: CMD: endrepeat  -1149.71  3.90954  3.90954  0.55
protocols.relax.FastRelax: CMD: coord_cst_weight  67506.5  3.90954  3.90954  0.55
protocols.relax.FastRelax: CMD: scale:fa_rep  67173.8  3.90954  3.90954  0.022
core.pack.task: Packer task: initialize from command line() 
core.pack.pack_rotamers: built 7788 rotamers at 492 positions.
core.pack.interaction_graph.interaction_graph_factory: Instantiating DensePDInteractionGraph
protocols.relax.FastRelax: CMD: repack  67159.4  3.90954  3.90954  0.022
protocols.relax.FastRelax: CMD: scale:fa_rep  67166.9  3.90954  3.90954  0.02805
core.optimization.Minimizer: [ WARNING ] LBFGS MAX CYCLES 2000 EXCEEDED, BUT FUNC NOT CONVERGED!
protocols.relax.FastRelax: CMD: min  -1279.07  0.186241  0.186241  0.02805
protocols.relax.FastRelax: CMD: coord_cst_weight  -1353.99  0.186241  0.186241  0.02805
protocols.relax.FastRelax: CMD: scale:fa_rep  -1018.8  0.186241  0.186241  0.14575
core.pack.task: Packer task: initialize from command line() 
core.pack.pack_rotamers: built 7447 rotamers at 492 positions.
core.pack.interaction_graph.interaction_graph_factory: Instantiating DensePDInteractionGraph
protocols.relax.FastRelax: CMD: repack  -1051.63  0.186241  0.186241  0.14575
protocols.relax.FastRelax: CMD: scale:fa_rep  -1030.47  0.186241  0.186241  0.154
protocols.relax.FastRelax: CMD: min  -1191.65  0.232205  0.232205  0.154
protocols.relax.FastRelax: CMD: coord_cst_weight  -1307.92  0.232205  0.232205  0.154
protocols.relax.FastRelax: CMD: scale:fa_rep  -1123.33  0.232205  0.232205  0.30745
core.pack.task: Packer task: initialize from command line() 
core.pack.pack_rotamers: built 7196 rotamers at 492 positions.
core.pack.interaction_graph.interaction_graph_factory: Instantiating DensePDInteractionGraph
protocols.relax.FastRelax: CMD: repack  -1126.49  0.232205  0.232205  0.30745
protocols.relax.FastRelax: CMD: scale:fa_rep  -1112.06  0.232205  0.232205  0.31955
protocols.relax.FastRelax: CMD: min  -1311.55  4.05698  4.05698  0.31955
protocols.relax.FastRelax: CMD: coord_cst_weight  -1311.55  4.05698  4.05698  0.31955
protocols.relax.FastRelax: CMD: scale:fa_rep  -1103.23  4.05698  4.05698  0.55
core.pack.task: Packer task: initialize from command line() 
core.pack.pack_rotamers: built 7058 rotamers at 492 positions.
core.pack.interaction_graph.interaction_graph_factory: Instantiating DensePDInteractionGraph
protocols.relax.FastRelax: CMD: repack  -1105.88  4.05698  4.05698  0.55
protocols.relax.FastRelax: CMD: min  -1152.13  4.39457  4.39457  0.55
protocols.relax.FastRelax: MRP: 11  -1152.13  -1153.83  4.14734  4.14734  
protocols.relax.FastRelax: CMD: accept_to_best  -1152.13  4.39457  4.39457  0.55
protocols.relax.FastRelax: CMD: endrepeat  -1152.13  4.39457  4.39457  0.55
protocols.relax.FastRelax: CMD: coord_cst_weight  82656.4  4.39457  4.39457  0.55
protocols.relax.FastRelax: CMD: scale:fa_rep  82323  4.39457  4.39457  0.022
core.pack.task: Packer task: initialize from command line() 
core.pack.pack_rotamers: built 7809 rotamers at 492 positions.
core.pack.interaction_graph.interaction_graph_factory: Instantiating DensePDInteractionGraph
protocols.relax.FastRelax: CMD: repack  82305  4.39457  4.39457  0.022
protocols.relax.FastRelax: CMD: scale:fa_rep  82311.5  4.39457  4.39457  0.02805
core.optimization.Minimizer: [ WARNING ] LBFGS MAX CYCLES 2000 EXCEEDED, BUT FUNC NOT CONVERGED!
protocols.relax.FastRelax: CMD: min  -1275.22  0.185953  0.185953  0.02805
protocols.relax.FastRelax: CMD: coord_cst_weight  -1350.26  0.185953  0.185953  0.02805
protocols.relax.FastRelax: CMD: scale:fa_rep  -1025.73  0.185953  0.185953  0.14575
core.pack.task: Packer task: initialize from command line() 
core.pack.pack_rotamers: built 7430 rotamers at 492 positions.
core.pack.interaction_graph.interaction_graph_factory: Instantiating DensePDInteractionGraph
protocols.relax.FastRelax: CMD: repack  -1064.34  0.185953  0.185953  0.14575
protocols.relax.FastRelax: CMD: scale:fa_rep  -1044.4  0.185953  0.185953  0.154
protocols.relax.FastRelax: CMD: min  -1200.72  0.230339  0.230339  0.154
protocols.relax.FastRelax: CMD: coord_cst_weight  -1315.35  0.230339  0.230339  0.154
protocols.relax.FastRelax: CMD: scale:fa_rep  -1132.35  0.230339  0.230339  0.30745
core.pack.task: Packer task: initialize from command line() 
core.pack.pack_rotamers: built 7157 rotamers at 492 positions.
core.pack.interaction_graph.interaction_graph_factory: Instantiating DensePDInteractionGraph
protocols.relax.FastRelax: CMD: repack  -1133.27  0.230339  0.230339  0.30745
protocols.relax.FastRelax: CMD: scale:fa_rep  -1118.95  0.230339  0.230339  0.31955
protocols.relax.FastRelax: CMD: min  -1307.05  3.43062  3.43062  0.31955
protocols.relax.FastRelax: CMD: coord_cst_weight  -1307.05  3.43062  3.43062  0.31955
protocols.relax.FastRelax: CMD: scale:fa_rep  -1099.36  3.43062  3.43062  0.55
core.pack.task: Packer task: initialize from command line() 
core.pack.pack_rotamers: built 6993 rotamers at 492 positions.
core.pack.interaction_graph.interaction_graph_factory: Instantiating DensePDInteractionGraph
protocols.relax.FastRelax: CMD: repack  -1099.69  3.43062  3.43062  0.55
protocols.relax.FastRelax: CMD: min  -1151.85  4.17743  4.17743  0.55
protocols.relax.FastRelax: MRP: 12  -1151.85  -1153.83  4.14734  4.14734  
protocols.relax.FastRelax: CMD: accept_to_best  -1151.85  4.17743  4.17743  0.55
protocols.relax.FastRelax: CMD: endrepeat  -1151.85  4.17743  4.17743  0.55
protocols.relax.FastRelax: CMD: coord_cst_weight  83447.9  4.17743  4.17743  0.55
protocols.relax.FastRelax: CMD: scale:fa_rep  83115.3  4.17743  4.17743  0.022
core.pack.task: Packer task: initialize from command line() 
core.pack.pack_rotamers: built 7690 rotamers at 492 positions.
core.pack.interaction_graph.interaction_graph_factory: Instantiating DensePDInteractionGraph
protocols.relax.FastRelax: CMD: repack  83091  4.17743  4.17743  0.022
protocols.relax.FastRelax: CMD: scale:fa_rep  83097.8  4.17743  4.17743  0.02805
core.optimization.Minimizer: [ WARNING ] LBFGS MAX CYCLES 2000 EXCEEDED, BUT FUNC NOT CONVERGED!
protocols.relax.FastRelax: CMD: min  -1280.57  0.187998  0.187998  0.02805
protocols.relax.FastRelax: CMD: coord_cst_weight  -1357.1  0.187998  0.187998  0.02805
protocols.relax.FastRelax: CMD: scale:fa_rep  -1034.1  0.187998  0.187998  0.14575
core.pack.task: Packer task: initialize from command line() 
core.pack.pack_rotamers: built 7427 rotamers at 492 positions.
core.pack.interaction_graph.interaction_graph_factory: Instantiating DensePDInteractionGraph
protocols.relax.FastRelax: CMD: repack  -1065.11  0.187998  0.187998  0.14575
protocols.relax.FastRelax: CMD: scale:fa_rep  -1044.89  0.187998  0.187998  0.154
protocols.relax.FastRelax: CMD: min  -1198.27  0.230046  0.230046  0.154
protocols.relax.FastRelax: CMD: coord_cst_weight  -1312.62  0.230046  0.230046  0.154
protocols.relax.FastRelax: CMD: scale:fa_rep  -1129.63  0.230046  0.230046  0.30745
core.pack.task: Packer task: initialize from command line() 
core.pack.pack_rotamers: built 7220 rotamers at 492 positions.
core.pack.interaction_graph.interaction_graph_factory: Instantiating DensePDInteractionGraph
protocols.relax.FastRelax: CMD: repack  -1130.77  0.230046  0.230046  0.30745
protocols.relax.FastRelax: CMD: scale:fa_rep  -1116.49  0.230046  0.230046  0.31955
protocols.relax.FastRelax: CMD: min  -1308.27  3.44107  3.44107  0.31955
protocols.relax.FastRelax: CMD: coord_cst_weight  -1308.27  3.44107  3.44107  0.31955
protocols.relax.FastRelax: CMD: scale:fa_rep  -1099  3.44107  3.44107  0.55
core.pack.task: Packer task: initialize from command line() 
core.pack.pack_rotamers: built 7007 rotamers at 492 positions.
core.pack.interaction_graph.interaction_graph_factory: Instantiating DensePDInteractionGraph
protocols.relax.FastRelax: CMD: repack  -1100.19  3.44107  3.44107  0.55
protocols.relax.FastRelax: CMD: min  -1148.75  4.0505  4.0505  0.55
protocols.relax.FastRelax: MRP: 13  -1148.75  -1153.83  4.14734  4.14734  
protocols.relax.FastRelax: CMD: accept_to_best  -1148.75  4.0505  4.0505  0.55
protocols.relax.FastRelax: CMD: endrepeat  -1148.75  4.0505  4.0505  0.55
protocols.relax.FastRelax: CMD: coord_cst_weight  76557.6  4.0505  4.0505  0.55
protocols.relax.FastRelax: CMD: scale:fa_rep  76222.6  4.0505  4.0505  0.022
core.pack.task: Packer task: initialize from command line() 
core.pack.pack_rotamers: built 7775 rotamers at 492 positions.
core.pack.interaction_graph.interaction_graph_factory: Instantiating DensePDInteractionGraph
protocols.relax.FastRelax: CMD: repack  76211.7  4.0505  4.0505  0.022
protocols.relax.FastRelax: CMD: scale:fa_rep  76219  4.0505  4.0505  0.02805
core.optimization.Minimizer: [ WARNING ] LBFGS MAX CYCLES 2000 EXCEEDED, BUT FUNC NOT CONVERGED!
protocols.relax.FastRelax: CMD: min  -1288.62  0.185709  0.185709  0.02805
protocols.relax.FastRelax: CMD: coord_cst_weight  -1362.55  0.185709  0.185709  0.02805
protocols.relax.FastRelax: CMD: scale:fa_rep  -1044.61  0.185709  0.185709  0.14575
core.pack.task: Packer task: initialize from command line() 
core.pack.pack_rotamers: built 7434 rotamers at 492 positions.
core.pack.interaction_graph.interaction_graph_factory: Instantiating DensePDInteractionGraph
protocols.relax.FastRelax: CMD: repack  -1069.22  0.185709  0.185709  0.14575
protocols.relax.FastRelax: CMD: scale:fa_rep  -1048.79  0.185709  0.185709  0.154
protocols.relax.FastRelax: CMD: min  -1199.05  0.232398  0.232398  0.154
protocols.relax.FastRelax: CMD: coord_cst_weight  -1314.92  0.232398  0.232398  0.154
protocols.relax.FastRelax: CMD: scale:fa_rep  -1131.21  0.232398  0.232398  0.30745
core.pack.task: Packer task: initialize from command line() 
core.pack.pack_rotamers: built 7207 rotamers at 492 positions.
core.pack.interaction_graph.interaction_graph_factory: Instantiating DensePDInteractionGraph
protocols.relax.FastRelax: CMD: repack  -1131.58  0.232398  0.232398  0.30745
protocols.relax.FastRelax: CMD: scale:fa_rep  -1117.16  0.232398  0.232398  0.31955
protocols.relax.FastRelax: CMD: min  -1307.28  3.39417  3.39417  0.31955
protocols.relax.FastRelax: CMD: coord_cst_weight  -1307.28  3.39417  3.39417  0.31955
protocols.relax.FastRelax: CMD: scale:fa_rep  -1096.81  3.39417  3.39417  0.55
core.pack.task: Packer task: initialize from command line() 
core.pack.pack_rotamers: built 7046 rotamers at 492 positions.
core.pack.interaction_graph.interaction_graph_factory: Instantiating DensePDInteractionGraph
protocols.relax.FastRelax: CMD: repack  -1097.68  3.39417  3.39417  0.55
protocols.relax.FastRelax: CMD: min  -1147.45  4.14891  4.14891  0.55
protocols.relax.FastRelax: MRP: 14  -1147.45  -1153.83  4.14734  4.14734  
protocols.relax.FastRelax: CMD: accept_to_best  -1147.45  4.14891  4.14891  0.55
protocols.relax.FastRelax: CMD: endrepeat  -1147.45  4.14891  4.14891  0.55
protocols::checkpoint: Deleting checkpoints of FastRelax
protocols.jd2.JobDistributor: target.BL00010001_3_0004 reported success in 14184 seconds
protocols.jd2.PDBJobInputter: PDBJobInputter::pose_from_job
protocols.jd2.PDBJobInputter: filling pose from PDB ../1-modeller/target.BL00010001.pdb
core.import_pose.import_pose: File '../1-modeller/target.BL00010001.pdb' automatically determined to be of type PDB from contents.
core.io.rcsb.ExperimentalTechnique: [ ERROR ] Unrecognized experimental technique string 'THEORETICAL MODEL, MODELLER 10.8 2026/08/10 16:18:02'
protocols.relax.FastRelax: CMD: repeat  4476.34  0  0  0.55
protocols.relax.FastRelax: CMD: coord_cst_weight  4476.34  0  0  0.55
protocols.relax.FastRelax: CMD: scale:fa_rep  806.987  0  0  0.022
core.pack.task: Packer task: initialize from command line() 
core.pack.pack_rotamers: built 8129 rotamers at 492 positions.
core.pack.interaction_graph.interaction_graph_factory: Instantiating DensePDInteractionGraph
protocols.relax.FastRelax: CMD: repack  -877.794  0  0  0.022
protocols.relax.FastRelax: CMD: scale:fa_rep  -838.724  0  0  0.02805
core.optimization.Minimizer: [ WARNING ] LBFGS MAX CYCLES 2000 EXCEEDED, BUT FUNC NOT CONVERGED!
protocols.relax.FastRelax: CMD: min  -1292.73  0.149477  0.149477  0.02805
protocols.relax.FastRelax: CMD: coord_cst_weight  -1340  0.149477  0.149477  0.02805
protocols.relax.FastRelax: CMD: scale:fa_rep  -945.073  0.149477  0.149477  0.14575
core.pack.task: Packer task: initialize from command line() 
core.pack.pack_rotamers: built 7460 rotamers at 492 positions.
core.pack.interaction_graph.interaction_graph_factory: Instantiating DensePDInteractionGraph
protocols.relax.FastRelax: CMD: repack  -986.365  0.149477  0.149477  0.14575
protocols.relax.FastRelax: CMD: scale:fa_rep  -964.261  0.149477  0.149477  0.154
core.optimization.Minimizer: [ WARNING ] LBFGS MAX CYCLES 2000 EXCEEDED, BUT FUNC NOT CONVERGED!
protocols.relax.FastRelax: CMD: min  -1154.76  0.204782  0.204782  0.154
protocols.relax.FastRelax: CMD: coord_cst_weight  -1245.03  0.204782  0.204782  0.154
protocols.relax.FastRelax: CMD: scale:fa_rep  -1055.01  0.204782  0.204782  0.30745
core.pack.task: Packer task: initialize from command line() 
core.pack.pack_rotamers: built 7167 rotamers at 492 positions.
core.pack.interaction_graph.interaction_graph_factory: Instantiating DensePDInteractionGraph
protocols.relax.FastRelax: CMD: repack  -1053.81  0.204782  0.204782  0.30745
protocols.relax.FastRelax: CMD: scale:fa_rep  -1038.94  0.204782  0.204782  0.31955
protocols.relax.FastRelax: CMD: min  -1229.27  3.53017  3.53017  0.31955
protocols.relax.FastRelax: CMD: coord_cst_weight  -1229.27  3.53017  3.53017  0.31955
protocols.relax.FastRelax: CMD: scale:fa_rep  -1021.78  3.53017  3.53017  0.55
core.pack.task: Packer task: initialize from command line() 
core.pack.pack_rotamers: built 7048 rotamers at 492 positions.
core.pack.interaction_graph.interaction_graph_factory: Instantiating DensePDInteractionGraph
protocols.relax.FastRelax: CMD: repack  -1027.4  3.53017  3.53017  0.55
protocols.relax.FastRelax: CMD: min  -1091.74  3.26513  3.26513  0.55
protocols.relax.FastRelax: MRP: 0  -1091.74  -1091.74  3.26513  3.26513  
protocols.relax.FastRelax: CMD: accept_to_best  -1091.74  3.26513  3.26513  0.55
protocols.relax.FastRelax: CMD: endrepeat  -1091.74  3.26513  3.26513  0.55
protocols.relax.FastRelax: CMD: coord_cst_weight  168555  3.26513  3.26513  0.55
protocols.relax.FastRelax: CMD: scale:fa_rep  168225  3.26513  3.26513  0.022
core.pack.task: Packer task: initialize from command line() 
core.pack.pack_rotamers: built 7857 rotamers at 492 positions.
core.pack.interaction_graph.interaction_graph_factory: Instantiating DensePDInteractionGraph
protocols.relax.FastRelax: CMD: repack  168197  3.26513  3.26513  0.022
protocols.relax.FastRelax: CMD: scale:fa_rep  168209  3.26513  3.26513  0.02805
core.optimization.Minimizer: [ WARNING ] LBFGS MAX CYCLES 2000 EXCEEDED, BUT FUNC NOT CONVERGED!
protocols.relax.FastRelax: CMD: min  -1249.62  0.181551  0.181551  0.02805
protocols.relax.FastRelax: CMD: coord_cst_weight  -1320.26  0.181551  0.181551  0.02805
protocols.relax.FastRelax: CMD: scale:fa_rep  -952.973  0.181551  0.181551  0.14575
core.pack.task: Packer task: initialize from command line() 
core.pack.pack_rotamers: built 7299 rotamers at 492 positions.
core.pack.interaction_graph.interaction_graph_factory: Instantiating DensePDInteractionGraph
protocols.relax.FastRelax: CMD: repack  -1013.39  0.181551  0.181551  0.14575
protocols.relax.FastRelax: CMD: scale:fa_rep  -992.996  0.181551  0.181551  0.154
protocols.relax.FastRelax: CMD: min  -1175.62  0.216913  0.216913  0.154
protocols.relax.FastRelax: CMD: coord_cst_weight  -1279.29  0.216913  0.216913  0.154
protocols.relax.FastRelax: CMD: scale:fa_rep  -1095.84  0.216913  0.216913  0.30745
core.pack.task: Packer task: initialize from command line() 
core.pack.pack_rotamers: built 7153 rotamers at 492 positions.
core.pack.interaction_graph.interaction_graph_factory: Instantiating DensePDInteractionGraph
protocols.relax.FastRelax: CMD: repack  -1097.13  0.216913  0.216913  0.30745
protocols.relax.FastRelax: CMD: scale:fa_rep  -1083.01  0.216913  0.216913  0.31955
protocols.relax.FastRelax: CMD: min  -1272.98  3.09771  3.09771  0.31955
protocols.relax.FastRelax: CMD: coord_cst_weight  -1272.98  3.09771  3.09771  0.31955
protocols.relax.FastRelax: CMD: scale:fa_rep  -1068.98  3.09771  3.09771  0.55
core.pack.task: Packer task: initialize from command line() 
core.pack.pack_rotamers: built 6963 rotamers at 492 positions.
core.pack.interaction_graph.interaction_graph_factory: Instantiating DensePDInteractionGraph
protocols.relax.FastRelax: CMD: repack  -1072.48  3.09771  3.09771  0.55
protocols.relax.FastRelax: CMD: min  -1132.19  3.54146  3.54146  0.55
protocols.relax.FastRelax: MRP: 1  -1132.19  -1132.19  3.54146  3.54146  
protocols.relax.FastRelax: CMD: accept_to_best  -1132.19  3.54146  3.54146  0.55
protocols.relax.FastRelax: CMD: endrepeat  -1132.19  3.54146  3.54146  0.55
protocols.relax.FastRelax: CMD: coord_cst_weight  89422.7  3.54146  3.54146  0.55
protocols.relax.FastRelax: CMD: scale:fa_rep  89097.7  3.54146  3.54146  0.022
core.pack.task: Packer task: initialize from command line() 
core.pack.pack_rotamers: built 7850 rotamers at 492 positions.
core.pack.interaction_graph.interaction_graph_factory: Instantiating DensePDInteractionGraph
protocols.relax.FastRelax: CMD: repack  89080.3  3.54146  3.54146  0.022
protocols.relax.FastRelax: CMD: scale:fa_rep  89092.4  3.54146  3.54146  0.02805
core.optimization.Minimizer: [ WARNING ] LBFGS MAX CYCLES 2000 EXCEEDED, BUT FUNC NOT CONVERGED!
protocols.relax.FastRelax: CMD: min  -1273.72  0.177321  0.177321  0.02805
protocols.relax.FastRelax: CMD: coord_cst_weight  -1341.95  0.177321  0.177321  0.02805
protocols.relax.FastRelax: CMD: scale:fa_rep  -1005.06  0.177321  0.177321  0.14575
core.pack.task: Packer task: initialize from command line() 
core.pack.pack_rotamers: built 7357 rotamers at 492 positions.
core.pack.interaction_graph.interaction_graph_factory: Instantiating DensePDInteractionGraph
protocols.relax.FastRelax: CMD: repack  -1039.21  0.177321  0.177321  0.14575
protocols.relax.FastRelax: CMD: scale:fa_rep  -1018.58  0.177321  0.177321  0.154
protocols.relax.FastRelax: CMD: min  -1181.77  0.222056  0.222056  0.154
protocols.relax.FastRelax: CMD: coord_cst_weight  -1290.02  0.222056  0.222056  0.154
protocols.relax.FastRelax: CMD: scale:fa_rep  -1106.01  0.222056  0.222056  0.30745
core.pack.task: Packer task: initialize from command line() 
core.pack.pack_rotamers: built 7170 rotamers at 492 positions.
core.pack.interaction_graph.interaction_graph_factory: Instantiating DensePDInteractionGraph
protocols.relax.FastRelax: CMD: repack  -1107.67  0.222056  0.222056  0.30745
protocols.relax.FastRelax: CMD: scale:fa_rep  -1093.52  0.222056  0.222056  0.31955
protocols.relax.FastRelax: CMD: min  -1280.56  3.21905  3.21905  0.31955
protocols.relax.FastRelax: CMD: coord_cst_weight  -1280.56  3.21905  3.21905  0.31955
protocols.relax.FastRelax: CMD: scale:fa_rep  -1074.15  3.21905  3.21905  0.55
core.pack.task: Packer task: initialize from command line() 
core.pack.pack_rotamers: built 7013 rotamers at 492 positions.
core.pack.interaction_graph.interaction_graph_factory: Instantiating DensePDInteractionGraph
protocols.relax.FastRelax: CMD: repack  -1075.94  3.21905  3.21905  0.55
protocols.relax.FastRelax: CMD: min  -1135.31  3.12574  3.12574  0.55
protocols.relax.FastRelax: MRP: 2  -1135.31  -1135.31  3.12574  3.12574  
protocols.relax.FastRelax: CMD: accept_to_best  -1135.31  3.12574  3.12574  0.55
protocols.relax.FastRelax: CMD: endrepeat  -1135.31  3.12574  3.12574  0.55
protocols.relax.FastRelax: CMD: coord_cst_weight  61901.9  3.12574  3.12574  0.55
protocols.relax.FastRelax: CMD: scale:fa_rep  61580.1  3.12574  3.12574  0.022
core.pack.task: Packer task: initialize from command line() 
core.pack.pack_rotamers: built 7726 rotamers at 492 positions.
core.pack.interaction_graph.interaction_graph_factory: Instantiating DensePDInteractionGraph
protocols.relax.FastRelax: CMD: repack  61564.7  3.12574  3.12574  0.022
protocols.relax.FastRelax: CMD: scale:fa_rep  61571.7  3.12574  3.12574  0.02805
core.optimization.Minimizer: [ WARNING ] LBFGS MAX CYCLES 2000 EXCEEDED, BUT FUNC NOT CONVERGED!
protocols.relax.FastRelax: CMD: min  -1277.04  0.179589  0.179589  0.02805
protocols.relax.FastRelax: CMD: coord_cst_weight  -1348.19  0.179589  0.179589  0.02805
protocols.relax.FastRelax: CMD: scale:fa_rep  -1017.93  0.179589  0.179589  0.14575
core.pack.task: Packer task: initialize from command line() 
core.pack.pack_rotamers: built 7384 rotamers at 492 positions.
core.pack.interaction_graph.interaction_graph_factory: Instantiating DensePDInteractionGraph
protocols.relax.FastRelax: CMD: repack  -1053.91  0.179589  0.179589  0.14575
protocols.relax.FastRelax: CMD: scale:fa_rep  -1034.08  0.179589  0.179589  0.154
protocols.relax.FastRelax: CMD: min  -1182.79  0.224187  0.224187  0.154
protocols.relax.FastRelax: CMD: coord_cst_weight  -1293.65  0.224187  0.224187  0.154
protocols.relax.FastRelax: CMD: scale:fa_rep  -1112.42  0.224187  0.224187  0.30745
core.pack.task: Packer task: initialize from command line() 
core.pack.pack_rotamers: built 7140 rotamers at 492 positions.
core.pack.interaction_graph.interaction_graph_factory: Instantiating DensePDInteractionGraph
protocols.relax.FastRelax: CMD: repack  -1109.64  0.224187  0.224187  0.30745
protocols.relax.FastRelax: CMD: scale:fa_rep  -1095.6  0.224187  0.224187  0.31955
protocols.relax.FastRelax: CMD: min  -1295.53  2.93927  2.93927  0.31955
protocols.relax.FastRelax: CMD: coord_cst_weight  -1295.53  2.93927  2.93927  0.31955
protocols.relax.FastRelax: CMD: scale:fa_rep  -1095.29  2.93927  2.93927  0.55
core.pack.task: Packer task: initialize from command line() 
core.pack.pack_rotamers: built 6997 rotamers at 492 positions.
core.pack.interaction_graph.interaction_graph_factory: Instantiating DensePDInteractionGraph
protocols.relax.FastRelax: CMD: repack  -1096.7  2.93927  2.93927  0.55
protocols.relax.FastRelax: CMD: min  -1146.31  3.1651  3.1651  0.55
protocols.relax.FastRelax: MRP: 3  -1146.31  -1146.31  3.1651  3.1651  
protocols.relax.FastRelax: CMD: accept_to_best  -1146.31  3.1651  3.1651  0.55
protocols.relax.FastRelax: CMD: endrepeat  -1146.31  3.1651  3.1651  0.55
protocols.relax.FastRelax: CMD: coord_cst_weight  74644.3  3.1651  3.1651  0.55
protocols.relax.FastRelax: CMD: scale:fa_rep  74323.8  3.1651  3.1651  0.022
core.pack.task: Packer task: initialize from command line() 
core.pack.pack_rotamers: built 7724 rotamers at 492 positions.
core.pack.interaction_graph.interaction_graph_factory: Instantiating DensePDInteractionGraph
protocols.relax.FastRelax: CMD: repack  74320.1  3.1651  3.1651  0.022
protocols.relax.FastRelax: CMD: scale:fa_rep  74327.1  3.1651  3.1651  0.02805
core.optimization.Minimizer: [ WARNING ] LBFGS MAX CYCLES 2000 EXCEEDED, BUT FUNC NOT CONVERGED!
protocols.relax.FastRelax: CMD: min  -1269.16  0.176723  0.176723  0.02805
protocols.relax.FastRelax: CMD: coord_cst_weight  -1338.64  0.176723  0.176723  0.02805
protocols.relax.FastRelax: CMD: scale:fa_rep  -1009.35  0.176723  0.176723  0.14575
core.pack.task: Packer task: initialize from command line() 
core.pack.pack_rotamers: built 7372 rotamers at 492 positions.
core.pack.interaction_graph.interaction_graph_factory: Instantiating DensePDInteractionGraph
protocols.relax.FastRelax: CMD: repack  -1044.52  0.176723  0.176723  0.14575
protocols.relax.FastRelax: CMD: scale:fa_rep  -1024.55  0.176723  0.176723  0.154
protocols.relax.FastRelax: CMD: min  -1179.58  0.221555  0.221555  0.154
protocols.relax.FastRelax: CMD: coord_cst_weight  -1288.42  0.221555  0.221555  0.154
protocols.relax.FastRelax: CMD: scale:fa_rep  -1104.91  0.221555  0.221555  0.30745
core.pack.task: Packer task: initialize from command line() 
core.pack.pack_rotamers: built 7133 rotamers at 492 positions.
core.pack.interaction_graph.interaction_graph_factory: Instantiating DensePDInteractionGraph
protocols.relax.FastRelax: CMD: repack  -1108.18  0.221555  0.221555  0.30745
protocols.relax.FastRelax: CMD: scale:fa_rep  -1094.07  0.221555  0.221555  0.31955
protocols.relax.FastRelax: CMD: min  -1280.84  3.23005  3.23005  0.31955
protocols.relax.FastRelax: CMD: coord_cst_weight  -1280.84  3.23005  3.23005  0.31955
protocols.relax.FastRelax: CMD: scale:fa_rep  -1077.23  3.23005  3.23005  0.55
core.pack.task: Packer task: initialize from command line() 
core.pack.pack_rotamers: built 7003 rotamers at 492 positions.
core.pack.interaction_graph.interaction_graph_factory: Instantiating DensePDInteractionGraph
protocols.relax.FastRelax: CMD: repack  -1080.07  3.23005  3.23005  0.55
protocols.relax.FastRelax: CMD: min  -1144.25  3.23456  3.23456  0.55
protocols.relax.FastRelax: MRP: 4  -1144.25  -1146.31  3.1651  3.1651  
protocols.relax.FastRelax: CMD: accept_to_best  -1144.25  3.23456  3.23456  0.55
protocols.relax.FastRelax: CMD: endrepeat  -1144.25  3.23456  3.23456  0.55
protocols.relax.FastRelax: CMD: coord_cst_weight  69284.5  3.23456  3.23456  0.55
protocols.relax.FastRelax: CMD: scale:fa_rep  68962.4  3.23456  3.23456  0.022
core.pack.task: Packer task: initialize from command line() 
core.pack.pack_rotamers: built 7755 rotamers at 492 positions.
core.pack.interaction_graph.interaction_graph_factory: Instantiating DensePDInteractionGraph
protocols.relax.FastRelax: CMD: repack  68940.2  3.23456  3.23456  0.022
protocols.relax.FastRelax: CMD: scale:fa_rep  68946  3.23456  3.23456  0.02805
core.optimization.Minimizer: [ WARNING ] LBFGS MAX CYCLES 2000 EXCEEDED, BUT FUNC NOT CONVERGED!
protocols.relax.FastRelax: CMD: min  -1272.28  0.178888  0.178888  0.02805
protocols.relax.FastRelax: CMD: coord_cst_weight  -1343.15  0.178888  0.178888  0.02805
protocols.relax.FastRelax: CMD: scale:fa_rep  -1030.82  0.178888  0.178888  0.14575
core.pack.task: Packer task: initialize from command line() 
core.pack.pack_rotamers: built 7410 rotamers at 492 positions.
core.pack.interaction_graph.interaction_graph_factory: Instantiating DensePDInteractionGraph
protocols.relax.FastRelax: CMD: repack  -1056.83  0.178888  0.178888  0.14575
protocols.relax.FastRelax: CMD: scale:fa_rep  -1036.88  0.178888  0.178888  0.154
protocols.relax.FastRelax: CMD: min  -1184.11  0.226304  0.226304  0.154
protocols.relax.FastRelax: CMD: coord_cst_weight  -1296.49  0.226304  0.226304  0.154
protocols.relax.FastRelax: CMD: scale:fa_rep  -1114.98  0.226304  0.226304  0.30745
core.pack.task: Packer task: initialize from command line() 
core.pack.pack_rotamers: built 7142 rotamers at 492 positions.
core.pack.interaction_graph.interaction_graph_factory: Instantiating DensePDInteractionGraph
protocols.relax.FastRelax: CMD: repack  -1117.49  0.226304  0.226304  0.30745
protocols.relax.FastRelax: CMD: scale:fa_rep  -1103.51  0.226304  0.226304  0.31955
protocols.relax.FastRelax: CMD: min  -1289.23  3.63079  3.63079  0.31955
protocols.relax.FastRelax: CMD: coord_cst_weight  -1289.23  3.63079  3.63079  0.31955
protocols.relax.FastRelax: CMD: scale:fa_rep  -1086.92  3.63079  3.63079  0.55
core.pack.task: Packer task: initialize from command line() 
core.pack.pack_rotamers: built 6965 rotamers at 492 positions.
core.pack.interaction_graph.interaction_graph_factory: Instantiating DensePDInteractionGraph
protocols.relax.FastRelax: CMD: repack  -1088.46  3.63079  3.63079  0.55
protocols.relax.FastRelax: CMD: min  -1147.46  3.57853  3.57853  0.55
protocols.relax.FastRelax: MRP: 5  -1147.46  -1147.46  3.57853  3.57853  
protocols.relax.FastRelax: CMD: accept_to_best  -1147.46  3.57853  3.57853  0.55
protocols.relax.FastRelax: CMD: endrepeat  -1147.46  3.57853  3.57853  0.55
protocols.relax.FastRelax: CMD: coord_cst_weight  76109.4  3.57853  3.57853  0.55
protocols.relax.FastRelax: CMD: scale:fa_rep  75789.4  3.57853  3.57853  0.022
core.pack.task: Packer task: initialize from command line() 
core.pack.pack_rotamers: built 7719 rotamers at 492 positions.
core.pack.interaction_graph.interaction_graph_factory: Instantiating DensePDInteractionGraph
protocols.relax.FastRelax: CMD: repack  75763.4  3.57853  3.57853  0.022
protocols.relax.FastRelax: CMD: scale:fa_rep  75770.8  3.57853  3.57853  0.02805
core.optimization.Minimizer: [ WARNING ] LBFGS MAX CYCLES 2000 EXCEEDED, BUT FUNC NOT CONVERGED!
protocols.relax.FastRelax: CMD: min  -1269.22  0.181333  0.181333  0.02805
protocols.relax.FastRelax: CMD: coord_cst_weight  -1342.1  0.181333  0.181333  0.02805
protocols.relax.FastRelax: CMD: scale:fa_rep  -1023.86  0.181333  0.181333  0.14575
core.pack.task: Packer task: initialize from command line() 
core.pack.pack_rotamers: built 7386 rotamers at 492 positions.
core.pack.interaction_graph.interaction_graph_factory: Instantiating DensePDInteractionGraph
protocols.relax.FastRelax: CMD: repack  -1059.04  0.181333  0.181333  0.14575
protocols.relax.FastRelax: CMD: scale:fa_rep  -1039.63  0.181333  0.181333  0.154
protocols.relax.FastRelax: CMD: min  -1183.46  0.225119  0.225119  0.154
protocols.relax.FastRelax: CMD: coord_cst_weight  -1295.87  0.225119  0.225119  0.154
protocols.relax.FastRelax: CMD: scale:fa_rep  -1114.24  0.225119  0.225119  0.30745
core.pack.task: Packer task: initialize from command line() 
core.pack.pack_rotamers: built 7169 rotamers at 492 positions.
core.pack.interaction_graph.interaction_graph_factory: Instantiating DensePDInteractionGraph
protocols.relax.FastRelax: CMD: repack  -1116.54  0.225119  0.225119  0.30745
protocols.relax.FastRelax: CMD: scale:fa_rep  -1102.6  0.225119  0.225119  0.31955
protocols.relax.FastRelax: CMD: min  -1296.68  3.80469  3.80469  0.31955
protocols.relax.FastRelax: CMD: coord_cst_weight  -1296.68  3.80469  3.80469  0.31955
protocols.relax.FastRelax: CMD: scale:fa_rep  -1094.81  3.80469  3.80469  0.55
core.pack.task: Packer task: initialize from command line() 
core.pack.pack_rotamers: built 6946 rotamers at 492 positions.
core.pack.interaction_graph.interaction_graph_factory: Instantiating DensePDInteractionGraph
protocols.relax.FastRelax: CMD: repack  -1099.86  3.80469  3.80469  0.55
protocols.relax.FastRelax: CMD: min  -1154.35  3.59775  3.59775  0.55
protocols.relax.FastRelax: MRP: 6  -1154.35  -1154.35  3.59775  3.59775  
protocols.relax.FastRelax: CMD: accept_to_best  -1154.35  3.59775  3.59775  0.55
protocols.relax.FastRelax: CMD: endrepeat  -1154.35  3.59775  3.59775  0.55
protocols.relax.FastRelax: CMD: coord_cst_weight  74345.6  3.59775  3.59775  0.55
protocols.relax.FastRelax: CMD: scale:fa_rep  74023.5  3.59775  3.59775  0.022
core.pack.task: Packer task: initialize from command line() 
core.pack.pack_rotamers: built 7719 rotamers at 492 positions.
core.pack.interaction_graph.interaction_graph_factory: Instantiating DensePDInteractionGraph
protocols.relax.FastRelax: CMD: repack  74008.4  3.59775  3.59775  0.022
protocols.relax.FastRelax: CMD: scale:fa_rep  74015.7  3.59775  3.59775  0.02805
core.optimization.Minimizer: [ WARNING ] LBFGS MAX CYCLES 2000 EXCEEDED, BUT FUNC NOT CONVERGED!
protocols.relax.FastRelax: CMD: min  -1275.28  0.18038  0.18038  0.02805
protocols.relax.FastRelax: CMD: coord_cst_weight  -1347.39  0.18038  0.18038  0.02805
protocols.relax.FastRelax: CMD: scale:fa_rep  -1025.02  0.18038  0.18038  0.14575
core.pack.task: Packer task: initialize from command line() 
core.pack.pack_rotamers: built 7346 rotamers at 492 positions.
core.pack.interaction_graph.interaction_graph_factory: Instantiating DensePDInteractionGraph
protocols.relax.FastRelax: CMD: repack  -1062.11  0.18038  0.18038  0.14575
protocols.relax.FastRelax: CMD: scale:fa_rep  -1042.56  0.18038  0.18038  0.154
protocols.relax.FastRelax: CMD: min  -1194.84  0.226773  0.226773  0.154
protocols.relax.FastRelax: CMD: coord_cst_weight  -1307.63  0.226773  0.226773  0.154
protocols.relax.FastRelax: CMD: scale:fa_rep  -1128.32  0.226773  0.226773  0.30745
core.pack.task: Packer task: initialize from command line() 
core.pack.pack_rotamers: built 7118 rotamers at 492 positions.
core.pack.interaction_graph.interaction_graph_factory: Instantiating DensePDInteractionGraph
protocols.relax.FastRelax: CMD: repack  -1129.76  0.226773  0.226773  0.30745
protocols.relax.FastRelax: CMD: scale:fa_rep  -1115.88  0.226773  0.226773  0.31955
protocols.relax.FastRelax: CMD: min  -1299.76  3.54287  3.54287  0.31955
protocols.relax.FastRelax: CMD: coord_cst_weight  -1299.76  3.54287  3.54287  0.31955
protocols.relax.FastRelax: CMD: scale:fa_rep  -1090.61  3.54287  3.54287  0.55
core.pack.task: Packer task: initialize from command line() 
core.pack.pack_rotamers: built 7010 rotamers at 492 positions.
core.pack.interaction_graph.interaction_graph_factory: Instantiating DensePDInteractionGraph
protocols.relax.FastRelax: CMD: repack  -1104.04  3.54287  3.54287  0.55
protocols.relax.FastRelax: CMD: min  -1155.03  3.61562  3.61562  0.55
protocols.relax.FastRelax: MRP: 7  -1155.03  -1155.03  3.61562  3.61562  
protocols.relax.FastRelax: CMD: accept_to_best  -1155.03  3.61562  3.61562  0.55
protocols.relax.FastRelax: CMD: endrepeat  -1155.03  3.61562  3.61562  0.55
protocols.relax.FastRelax: CMD: coord_cst_weight  67434.6  3.61562  3.61562  0.55
protocols.relax.FastRelax: CMD: scale:fa_rep  67109.9  3.61562  3.61562  0.022
core.pack.task: Packer task: initialize from command line() 
core.pack.pack_rotamers: built 7762 rotamers at 492 positions.
core.pack.interaction_graph.interaction_graph_factory: Instantiating DensePDInteractionGraph
protocols.relax.FastRelax: CMD: repack  67098  3.61562  3.61562  0.022
protocols.relax.FastRelax: CMD: scale:fa_rep  67107.1  3.61562  3.61562  0.02805
core.optimization.Minimizer: [ WARNING ] LBFGS MAX CYCLES 2000 EXCEEDED, BUT FUNC NOT CONVERGED!
protocols.relax.FastRelax: CMD: min  -1280.2  0.182465  0.182465  0.02805
protocols.relax.FastRelax: CMD: coord_cst_weight  -1353.53  0.182465  0.182465  0.02805
protocols.relax.FastRelax: CMD: scale:fa_rep  -1025.49  0.182465  0.182465  0.14575
core.pack.task: Packer task: initialize from command line() 
core.pack.pack_rotamers: built 7391 rotamers at 492 positions.
core.pack.interaction_graph.interaction_graph_factory: Instantiating DensePDInteractionGraph
protocols.relax.FastRelax: CMD: repack  -1061.37  0.182465  0.182465  0.14575
protocols.relax.FastRelax: CMD: scale:fa_rep  -1041.43  0.182465  0.182465  0.154
protocols.relax.FastRelax: CMD: min  -1196.2  0.227297  0.227297  0.154
protocols.relax.FastRelax: CMD: coord_cst_weight  -1309.66  0.227297  0.227297  0.154
protocols.relax.FastRelax: CMD: scale:fa_rep  -1130.47  0.227297  0.227297  0.30745
core.pack.task: Packer task: initialize from command line() 
core.pack.pack_rotamers: built 7164 rotamers at 492 positions.
core.pack.interaction_graph.interaction_graph_factory: Instantiating DensePDInteractionGraph
protocols.relax.FastRelax: CMD: repack  -1131.67  0.227297  0.227297  0.30745
protocols.relax.FastRelax: CMD: scale:fa_rep  -1117.6  0.227297  0.227297  0.31955
protocols.relax.FastRelax: CMD: min  -1286.8  3.27328  3.27328  0.31955
protocols.relax.FastRelax: CMD: coord_cst_weight  -1286.8  3.27328  3.27328  0.31955
protocols.relax.FastRelax: CMD: scale:fa_rep  -1071.97  3.27328  3.27328  0.55
core.pack.task: Packer task: initialize from command line() 
core.pack.pack_rotamers: built 7058 rotamers at 492 positions.
core.pack.interaction_graph.interaction_graph_factory: Instantiating DensePDInteractionGraph
protocols.relax.FastRelax: CMD: repack  -1103.5  3.27328  3.27328  0.55
protocols.relax.FastRelax: CMD: min  -1163.98  3.27795  3.27795  0.55
protocols.relax.FastRelax: MRP: 8  -1163.98  -1163.98  3.27795  3.27795  
protocols.relax.FastRelax: CMD: accept_to_best  -1163.98  3.27795  3.27795  0.55
protocols.relax.FastRelax: CMD: endrepeat  -1163.98  3.27795  3.27795  0.55
protocols.relax.FastRelax: CMD: coord_cst_weight  52628.4  3.27795  3.27795  0.55
protocols.relax.FastRelax: CMD: scale:fa_rep  52304.2  3.27795  3.27795  0.022
core.pack.task: Packer task: initialize from command line() 
core.pack.pack_rotamers: built 7820 rotamers at 492 positions.
core.pack.interaction_graph.interaction_graph_factory: Instantiating DensePDInteractionGraph
protocols.relax.FastRelax: CMD: repack  52279.2  3.27795  3.27795  0.022
protocols.relax.FastRelax: CMD: scale:fa_rep  52286.3  3.27795  3.27795  0.02805
core.optimization.Minimizer: [ WARNING ] LBFGS MAX CYCLES 2000 EXCEEDED, BUT FUNC NOT CONVERGED!
protocols.relax.FastRelax: CMD: min  -1289.27  0.17699  0.17699  0.02805
protocols.relax.FastRelax: CMD: coord_cst_weight  -1359.26  0.17699  0.17699  0.02805
protocols.relax.FastRelax: CMD: scale:fa_rep  -1031.06  0.17699  0.17699  0.14575
core.pack.task: Packer task: initialize from command line() 
core.pack.pack_rotamers: built 7339 rotamers at 492 positions.
core.pack.interaction_graph.interaction_graph_factory: Instantiating DensePDInteractionGraph
protocols.relax.FastRelax: CMD: repack  -1057.47  0.17699  0.17699  0.14575
protocols.relax.FastRelax: CMD: scale:fa_rep  -1036.6  0.17699  0.17699  0.154
protocols.relax.FastRelax: CMD: min  -1196.55  0.22917  0.22917  0.154
protocols.relax.FastRelax: CMD: coord_cst_weight  -1311.41  0.22917  0.22917  0.154
protocols.relax.FastRelax: CMD: scale:fa_rep  -1126.06  0.22917  0.22917  0.30745
core.pack.task: Packer task: initialize from command line() 
core.pack.pack_rotamers: built 7159 rotamers at 492 positions.
core.pack.interaction_graph.interaction_graph_factory: Instantiating DensePDInteractionGraph
protocols.relax.FastRelax: CMD: repack  -1127.2  0.22917  0.22917  0.30745
protocols.relax.FastRelax: CMD: scale:fa_rep  -1112.9  0.22917  0.22917  0.31955
protocols.relax.FastRelax: CMD: min  -1265.13  3.69768  3.69768  0.31955
protocols.relax.FastRelax: CMD: coord_cst_weight  -1265.13  3.69768  3.69768  0.31955
protocols.relax.FastRelax: CMD: scale:fa_rep  -1028.25  3.69768  3.69768  0.55
core.pack.task: Packer task: initialize from command line() 
core.pack.pack_rotamers: built 7005 rotamers at 492 positions.
core.pack.interaction_graph.interaction_graph_factory: Instantiating DensePDInteractionGraph
protocols.relax.FastRelax: CMD: repack  -1106.98  3.69768  3.69768  0.55
protocols.relax.FastRelax: CMD: min  -1157.64  4.10256  4.10256  0.55
protocols.relax.FastRelax: MRP: 9  -1157.64  -1163.98  3.27795  3.27795  
protocols.relax.FastRelax: CMD: accept_to_best  -1157.64  4.10256  4.10256  0.55
protocols.relax.FastRelax: CMD: endrepeat  -1157.64  4.10256  4.10256  0.55
protocols.relax.FastRelax: CMD: coord_cst_weight  92502.1  4.10256  4.10256  0.55
protocols.relax.FastRelax: CMD: scale:fa_rep  92177.1  4.10256  4.10256  0.022
core.pack.task: Packer task: initialize from command line() 
core.pack.pack_rotamers: built 7767 rotamers at 492 positions.
core.pack.interaction_graph.interaction_graph_factory: Instantiating DensePDInteractionGraph
protocols.relax.FastRelax: CMD: repack  92166.4  4.10256  4.10256  0.022
protocols.relax.FastRelax: CMD: scale:fa_rep  92175.3  4.10256  4.10256  0.02805
core.optimization.Minimizer: [ WARNING ] LBFGS MAX CYCLES 2000 EXCEEDED, BUT FUNC NOT CONVERGED!
protocols.relax.FastRelax: CMD: min  -1256.35  0.186403  0.186403  0.02805
protocols.relax.FastRelax: CMD: coord_cst_weight  -1333.75  0.186403  0.186403  0.02805
protocols.relax.FastRelax: CMD: scale:fa_rep  -990.925  0.186403  0.186403  0.14575
core.pack.task: Packer task: initialize from command line() 
core.pack.pack_rotamers: built 7366 rotamers at 492 positions.
core.pack.interaction_graph.interaction_graph_factory: Instantiating DensePDInteractionGraph
protocols.relax.FastRelax: CMD: repack  -1044.8  0.186403  0.186403  0.14575
protocols.relax.FastRelax: CMD: scale:fa_rep  -1023.88  0.186403  0.186403  0.154
protocols.relax.FastRelax: CMD: min  -1193.55  0.229268  0.229268  0.154
protocols.relax.FastRelax: CMD: coord_cst_weight  -1309.29  0.229268  0.229268  0.154
protocols.relax.FastRelax: CMD: scale:fa_rep  -1123.65  0.229268  0.229268  0.30745
core.pack.task: Packer task: initialize from command line() 
core.pack.pack_rotamers: built 7136 rotamers at 492 positions.
core.pack.interaction_graph.interaction_graph_factory: Instantiating DensePDInteractionGraph
protocols.relax.FastRelax: CMD: repack  -1124.42  0.229268  0.229268  0.30745
protocols.relax.FastRelax: CMD: scale:fa_rep  -1109.9  0.229268  0.229268  0.31955
protocols.relax.FastRelax: CMD: min  -1315.18  3.5471  3.5471  0.31955
protocols.relax.FastRelax: CMD: coord_cst_weight  -1315.18  3.5471  3.5471  0.31955
protocols.relax.FastRelax: CMD: scale:fa_rep  -1114.2  3.5471  3.5471  0.55
core.pack.task: Packer task: initialize from command line() 
core.pack.pack_rotamers: built 7034 rotamers at 492 positions.
core.pack.interaction_graph.interaction_graph_factory: Instantiating DensePDInteractionGraph
protocols.relax.FastRelax: CMD: repack  -1117  3.5471  3.5471  0.55
protocols.relax.FastRelax: CMD: min  -1168.98  3.76566  3.76566  0.55
protocols.relax.FastRelax: MRP: 10  -1168.98  -1168.98  3.76566  3.76566  
protocols.relax.FastRelax: CMD: accept_to_best  -1168.98  3.76566  3.76566  0.55
protocols.relax.FastRelax: CMD: endrepeat  -1168.98  3.76566  3.76566  0.55
protocols.relax.FastRelax: CMD: coord_cst_weight  68857.8  3.76566  3.76566  0.55
protocols.relax.FastRelax: CMD: scale:fa_rep  68532.7  3.76566  3.76566  0.022
core.pack.task: Packer task: initialize from command line() 
core.pack.pack_rotamers: built 7741 rotamers at 492 positions.
core.pack.interaction_graph.interaction_graph_factory: Instantiating DensePDInteractionGraph
protocols.relax.FastRelax: CMD: repack  68511.5  3.76566  3.76566  0.022
protocols.relax.FastRelax: CMD: scale:fa_rep  68518.3  3.76566  3.76566  0.02805
core.optimization.Minimizer: [ WARNING ] LBFGS MAX CYCLES 2000 EXCEEDED, BUT FUNC NOT CONVERGED!
protocols.relax.FastRelax: CMD: min  -1270.25  0.186347  0.186347  0.02805
protocols.relax.FastRelax: CMD: coord_cst_weight  -1347.57  0.186347  0.186347  0.02805
protocols.relax.FastRelax: CMD: scale:fa_rep  -973.248  0.186347  0.186347  0.14575
core.pack.task: Packer task: initialize from command line() 
core.pack.pack_rotamers: built 7417 rotamers at 492 positions.
core.pack.interaction_graph.interaction_graph_factory: Instantiating DensePDInteractionGraph
protocols.relax.FastRelax: CMD: repack  -1048.28  0.186347  0.186347  0.14575
protocols.relax.FastRelax: CMD: scale:fa_rep  -1027.54  0.186347  0.186347  0.154
protocols.relax.FastRelax: CMD: min  -1193.45  0.228213  0.228213  0.154
protocols.relax.FastRelax: CMD: coord_cst_weight  -1308.15  0.228213  0.228213  0.154
protocols.relax.FastRelax: CMD: scale:fa_rep  -1124.27  0.228213  0.228213  0.30745
core.pack.task: Packer task: initialize from command line() 
core.pack.pack_rotamers: built 7172 rotamers at 492 positions.
core.pack.interaction_graph.interaction_graph_factory: Instantiating DensePDInteractionGraph
protocols.relax.FastRelax: CMD: repack  -1124.99  0.228213  0.228213  0.30745
protocols.relax.FastRelax: CMD: scale:fa_rep  -1110.6  0.228213  0.228213  0.31955
protocols.relax.FastRelax: CMD: min  -1310.98  3.396  3.396  0.31955
protocols.relax.FastRelax: CMD: coord_cst_weight  -1310.98  3.396  3.396  0.31955
protocols.relax.FastRelax: CMD: scale:fa_rep  -1109.6  3.396  3.396  0.55
core.pack.task: Packer task: initialize from command line() 
core.pack.pack_rotamers: built 7047 rotamers at 492 positions.
core.pack.interaction_graph.interaction_graph_factory: Instantiating DensePDInteractionGraph
protocols.relax.FastRelax: CMD: repack  -1111.03  3.396  3.396  0.55
protocols.relax.FastRelax: CMD: min  -1158.54  3.71704  3.71704  0.55
protocols.relax.FastRelax: MRP: 11  -1158.54  -1168.98  3.76566  3.76566  
protocols.relax.FastRelax: CMD: accept_to_best  -1158.54  3.71704  3.71704  0.55
protocols.relax.FastRelax: CMD: endrepeat  -1158.54  3.71704  3.71704  0.55
protocols.relax.FastRelax: CMD: coord_cst_weight  60537.5  3.71704  3.71704  0.55
protocols.relax.FastRelax: CMD: scale:fa_rep  60215.1  3.71704  3.71704  0.022
core.pack.task: Packer task: initialize from command line() 
core.pack.pack_rotamers: built 7777 rotamers at 492 positions.
core.pack.interaction_graph.interaction_graph_factory: Instantiating DensePDInteractionGraph
protocols.relax.FastRelax: CMD: repack  60208.4  3.71704  3.71704  0.022
protocols.relax.FastRelax: CMD: scale:fa_rep  60216.3  3.71704  3.71704  0.02805
core.optimization.Minimizer: [ WARNING ] LBFGS MAX CYCLES 2000 EXCEEDED, BUT FUNC NOT CONVERGED!
protocols.relax.FastRelax: CMD: min  -1266.84  0.185414  0.185414  0.02805
protocols.relax.FastRelax: CMD: coord_cst_weight  -1343.41  0.185414  0.185414  0.02805
protocols.relax.FastRelax: CMD: scale:fa_rep  -968.142  0.185414  0.185414  0.14575
core.pack.task: Packer task: initialize from command line() 
core.pack.pack_rotamers: built 7391 rotamers at 492 positions.
core.pack.interaction_graph.interaction_graph_factory: Instantiating DensePDInteractionGraph
protocols.relax.FastRelax: CMD: repack  -1044.34  0.185414  0.185414  0.14575
protocols.relax.FastRelax: CMD: scale:fa_rep  -1023.18  0.185414  0.185414  0.154
protocols.relax.FastRelax: CMD: min  -1190.27  0.230064  0.230064  0.154
protocols.relax.FastRelax: CMD: coord_cst_weight  -1306.26  0.230064  0.230064  0.154
protocols.relax.FastRelax: CMD: scale:fa_rep  -1119.67  0.230064  0.230064  0.30745
core.pack.task: Packer task: initialize from command line() 
core.pack.pack_rotamers: built 7193 rotamers at 492 positions.
core.pack.interaction_graph.interaction_graph_factory: Instantiating DensePDInteractionGraph
protocols.relax.FastRelax: CMD: repack  -1119.81  0.230064  0.230064  0.30745
protocols.relax.FastRelax: CMD: scale:fa_rep  -1105.19  0.230064  0.230064  0.31955
protocols.relax.FastRelax: CMD: min  -1304.87  2.96059  2.96059  0.31955
protocols.relax.FastRelax: CMD: coord_cst_weight  -1304.87  2.96059  2.96059  0.31955
protocols.relax.FastRelax: CMD: scale:fa_rep  -1104.01  2.96059  2.96059  0.55
core.pack.task: Packer task: initialize from command line() 
core.pack.pack_rotamers: built 7042 rotamers at 492 positions.
core.pack.interaction_graph.interaction_graph_factory: Instantiating DensePDInteractionGraph
protocols.relax.FastRelax: CMD: repack  -1105.09  2.96059  2.96059  0.55
protocols.relax.FastRelax: CMD: min  -1151.72  3.27957  3.27957  0.55
protocols.relax.FastRelax: MRP: 12  -1151.72  -1168.98  3.76566  3.76566  
protocols.relax.FastRelax: CMD: accept_to_best  -1151.72  3.27957  3.27957  0.55
protocols.relax.FastRelax: CMD: endrepeat  -1151.72  3.27957  3.27957  0.55
protocols.relax.FastRelax: CMD: coord_cst_weight  56380.2  3.27957  3.27957  0.55
protocols.relax.FastRelax: CMD: scale:fa_rep  56057.3  3.27957  3.27957  0.022
core.pack.task: Packer task: initialize from command line() 
core.pack.pack_rotamers: built 7785 rotamers at 492 positions.
core.pack.interaction_graph.interaction_graph_factory: Instantiating DensePDInteractionGraph
protocols.relax.FastRelax: CMD: repack  56038.9  3.27957  3.27957  0.022
protocols.relax.FastRelax: CMD: scale:fa_rep  56045.3  3.27957  3.27957  0.02805
core.optimization.Minimizer: [ WARNING ] LBFGS MAX CYCLES 2000 EXCEEDED, BUT FUNC NOT CONVERGED!
protocols.relax.FastRelax: CMD: min  -1264.87  0.187993  0.187993  0.02805
protocols.relax.FastRelax: CMD: coord_cst_weight  -1343.26  0.187993  0.187993  0.02805
protocols.relax.FastRelax: CMD: scale:fa_rep  -984.583  0.187993  0.187993  0.14575
core.pack.task: Packer task: initialize from command line() 
core.pack.pack_rotamers: built 7327 rotamers at 492 positions.
core.pack.interaction_graph.interaction_graph_factory: Instantiating DensePDInteractionGraph
protocols.relax.FastRelax: CMD: repack  -1031.69  0.187993  0.187993  0.14575
protocols.relax.FastRelax: CMD: scale:fa_rep  -1010.83  0.187993  0.187993  0.154
protocols.relax.FastRelax: CMD: min  -1182.82  0.229986  0.229986  0.154
protocols.relax.FastRelax: CMD: coord_cst_weight  -1299.42  0.229986  0.229986  0.154
protocols.relax.FastRelax: CMD: scale:fa_rep  -1118.97  0.229986  0.229986  0.30745
core.pack.task: Packer task: initialize from command line() 
core.pack.pack_rotamers: built 7168 rotamers at 492 positions.
core.pack.interaction_graph.interaction_graph_factory: Instantiating DensePDInteractionGraph
protocols.relax.FastRelax: CMD: repack  -1120.06  0.229986  0.229986  0.30745
protocols.relax.FastRelax: CMD: scale:fa_rep  -1106  0.229986  0.229986  0.31955
protocols.relax.FastRelax: CMD: min  -1284.2  3.1328  3.1328  0.31955
protocols.relax.FastRelax: CMD: coord_cst_weight  -1284.2  3.1328  3.1328  0.31955
protocols.relax.FastRelax: CMD: scale:fa_rep  -1080.19  3.1328  3.1328  0.55
core.pack.task: Packer task: initialize from command line() 
core.pack.pack_rotamers: built 7018 rotamers at 492 positions.
core.pack.interaction_graph.interaction_graph_factory: Instantiating DensePDInteractionGraph
protocols.relax.FastRelax: CMD: repack  -1083.01  3.1328  3.1328  0.55
protocols.relax.FastRelax: CMD: min  -1068.35  4.43126  4.43126  0.55
protocols.relax.FastRelax: MRP: 13  -1068.35  -1168.98  3.76566  3.76566  
protocols.relax.FastRelax: CMD: accept_to_best  -1068.35  4.43126  4.43126  0.55
protocols.relax.FastRelax: CMD: endrepeat  -1068.35  4.43126  4.43126  0.55
protocols.relax.FastRelax: CMD: coord_cst_weight  90037.7  4.43126  4.43126  0.55
protocols.relax.FastRelax: CMD: scale:fa_rep  89646  4.43126  4.43126  0.022
core.pack.task: Packer task: initialize from command line() 
core.pack.pack_rotamers: built 7765 rotamers at 492 positions.
core.pack.interaction_graph.interaction_graph_factory: Instantiating DensePDInteractionGraph
protocols.relax.FastRelax: CMD: repack  89632.7  4.43126  4.43126  0.022
protocols.relax.FastRelax: CMD: scale:fa_rep  89639.2  4.43126  4.43126  0.02805
core.optimization.Minimizer: [ WARNING ] LBFGS MAX CYCLES 2000 EXCEEDED, BUT FUNC NOT CONVERGED!
protocols.relax.FastRelax: CMD: min  -1258.86  0.182916  0.182916  0.02805
protocols.relax.FastRelax: CMD: coord_cst_weight  -1333.26  0.182916  0.182916  0.02805
protocols.relax.FastRelax: CMD: scale:fa_rep  -1002.87  0.182916  0.182916  0.14575
core.pack.task: Packer task: initialize from command line() 
core.pack.pack_rotamers: built 7331 rotamers at 492 positions.
core.pack.interaction_graph.interaction_graph_factory: Instantiating DensePDInteractionGraph
protocols.relax.FastRelax: CMD: repack  -1043.66  0.182916  0.182916  0.14575
protocols.relax.FastRelax: CMD: scale:fa_rep  -1023.48  0.182916  0.182916  0.154
protocols.relax.FastRelax: CMD: min  -1175.41  0.229572  0.229572  0.154
protocols.relax.FastRelax: CMD: coord_cst_weight  -1291.24  0.229572  0.229572  0.154
protocols.relax.FastRelax: CMD: scale:fa_rep  -1108.07  0.229572  0.229572  0.30745
core.pack.task: Packer task: initialize from command line() 
core.pack.pack_rotamers: built 7142 rotamers at 492 positions.
core.pack.interaction_graph.interaction_graph_factory: Instantiating DensePDInteractionGraph
protocols.relax.FastRelax: CMD: repack  -1110.6  0.229572  0.229572  0.30745
protocols.relax.FastRelax: CMD: scale:fa_rep  -1096.27  0.229572  0.229572  0.31955
protocols.relax.FastRelax: CMD: min  -1293.93  3.62863  3.62863  0.31955
protocols.relax.FastRelax: CMD: coord_cst_weight  -1293.93  3.62863  3.62863  0.31955
protocols.relax.FastRelax: CMD: scale:fa_rep  -1091.92  3.62863  3.62863  0.55
core.pack.task: Packer task: initialize from command line() 
core.pack.pack_rotamers: built 6933 rotamers at 492 positions.
core.pack.interaction_graph.interaction_graph_factory: Instantiating DensePDInteractionGraph
protocols.relax.FastRelax: CMD: repack  -1095.5  3.62863  3.62863  0.55
protocols.relax.FastRelax: CMD: min  -1158.36  3.82174  3.82174  0.55
protocols.relax.FastRelax: MRP: 14  -1158.36  -1168.98  3.76566  3.76566  
protocols.relax.FastRelax: CMD: accept_to_best  -1158.36  3.82174  3.82174  0.55
protocols.relax.FastRelax: CMD: endrepeat  -1158.36  3.82174  3.82174  0.55
protocols::checkpoint: Deleting checkpoints of FastRelax
protocols.jd2.JobDistributor: target.BL00010001_3_0005 reported success in 13990 seconds
protocols.jd2.PDBJobInputter: PDBJobInputter::pose_from_job
protocols.jd2.PDBJobInputter: filling pose from PDB ../1-modeller/target.BL00010001.pdb
core.import_pose.import_pose: File '../1-modeller/target.BL00010001.pdb' automatically determined to be of type PDB from contents.
core.io.rcsb.ExperimentalTechnique: [ ERROR ] Unrecognized experimental technique string 'THEORETICAL MODEL, MODELLER 10.8 2026/08/10 16:18:02'
protocols.relax.FastRelax: CMD: repeat  4476.34  0  0  0.55
protocols.relax.FastRelax: CMD: coord_cst_weight  4476.34  0  0  0.55
protocols.relax.FastRelax: CMD: scale:fa_rep  806.987  0  0  0.022
core.pack.task: Packer task: initialize from command line() 
core.pack.pack_rotamers: built 8129 rotamers at 492 positions.
core.pack.interaction_graph.interaction_graph_factory: Instantiating DensePDInteractionGraph
protocols.relax.FastRelax: CMD: repack  -880.932  0  0  0.022
protocols.relax.FastRelax: CMD: scale:fa_rep  -842.128  0  0  0.02805
core.optimization.Minimizer: [ WARNING ] LBFGS MAX CYCLES 2000 EXCEEDED, BUT FUNC NOT CONVERGED!
protocols.relax.FastRelax: CMD: min  -1298.48  0.148263  0.148263  0.02805
protocols.relax.FastRelax: CMD: coord_cst_weight  -1345.08  0.148263  0.148263  0.02805
protocols.relax.FastRelax: CMD: scale:fa_rep  -964.411  0.148263  0.148263  0.14575
core.pack.task: Packer task: initialize from command line() 
core.pack.pack_rotamers: built 7414 rotamers at 492 positions.
core.pack.interaction_graph.interaction_graph_factory: Instantiating DensePDInteractionGraph
protocols.relax.FastRelax: CMD: repack  -1003.58  0.148263  0.148263  0.14575
protocols.relax.FastRelax: CMD: scale:fa_rep  -981.725  0.148263  0.148263  0.154
protocols.relax.FastRelax: CMD: min  -1164.53  0.201417  0.201417  0.154
protocols.relax.FastRelax: CMD: coord_cst_weight  -1252.1  0.201417  0.201417  0.154
protocols.relax.FastRelax: CMD: scale:fa_rep  -1059.44  0.201417  0.201417  0.30745
core.pack.task: Packer task: initialize from command line() 
core.pack.pack_rotamers: built 7262 rotamers at 492 positions.
core.pack.interaction_graph.interaction_graph_factory: Instantiating DensePDInteractionGraph
protocols.relax.FastRelax: CMD: repack  -1060.65  0.201417  0.201417  0.30745
protocols.relax.FastRelax: CMD: scale:fa_rep  -1045.67  0.201417  0.201417  0.31955
protocols.relax.FastRelax: CMD: min  -1230.25  3.01094  3.01094  0.31955
protocols.relax.FastRelax: CMD: coord_cst_weight  -1230.25  3.01094  3.01094  0.31955
protocols.relax.FastRelax: CMD: scale:fa_rep  -1022.3  3.01094  3.01094  0.55
core.pack.task: Packer task: initialize from command line() 
core.pack.pack_rotamers: built 7073 rotamers at 492 positions.
core.pack.interaction_graph.interaction_graph_factory: Instantiating DensePDInteractionGraph
protocols.relax.FastRelax: CMD: repack  -1028.68  3.01094  3.01094  0.55
protocols.relax.FastRelax: CMD: min  -1090.64  2.97664  2.97664  0.55
protocols.relax.FastRelax: MRP: 0  -1090.64  -1090.64  2.97664  2.97664  
protocols.relax.FastRelax: CMD: accept_to_best  -1090.64  2.97664  2.97664  0.55
protocols.relax.FastRelax: CMD: endrepeat  -1090.64  2.97664  2.97664  0.55
protocols.relax.FastRelax: CMD: coord_cst_weight  103851  2.97664  2.97664  0.55
protocols.relax.FastRelax: CMD: scale:fa_rep  103519  2.97664  2.97664  0.022
core.pack.task: Packer task: initialize from command line() 
core.pack.pack_rotamers: built 7833 rotamers at 492 positions.
core.pack.interaction_graph.interaction_graph_factory: Instantiating DensePDInteractionGraph
protocols.relax.FastRelax: CMD: repack  103506  2.97664  2.97664  0.022
protocols.relax.FastRelax: CMD: scale:fa_rep  103520  2.97664  2.97664  0.02805
core.optimization.Minimizer: [ WARNING ] LBFGS MAX CYCLES 2000 EXCEEDED, BUT FUNC NOT CONVERGED!
protocols.relax.FastRelax: CMD: min  -1246.43  0.184136  0.184136  0.02805
protocols.relax.FastRelax: CMD: coord_cst_weight  -1319.66  0.184136  0.184136  0.02805
protocols.relax.FastRelax: CMD: scale:fa_rep  -961.651  0.184136  0.184136  0.14575
core.pack.task: Packer task: initialize from command line() 
core.pack.pack_rotamers: built 7364 rotamers at 492 positions.
core.pack.interaction_graph.interaction_graph_factory: Instantiating DensePDInteractionGraph
protocols.relax.FastRelax: CMD: repack  -1012.32  0.184136  0.184136  0.14575
protocols.relax.FastRelax: CMD: scale:fa_rep  -991.898  0.184136  0.184136  0.154
protocols.relax.FastRelax: CMD: min  -1180.56  0.216549  0.216549  0.154
protocols.relax.FastRelax: CMD: coord_cst_weight  -1283.57  0.216549  0.216549  0.154
protocols.relax.FastRelax: CMD: scale:fa_rep  -1098.54  0.216549  0.216549  0.30745
core.pack.task: Packer task: initialize from command line() 
core.pack.pack_rotamers: built 7143 rotamers at 492 positions.
core.pack.interaction_graph.interaction_graph_factory: Instantiating DensePDInteractionGraph
protocols.relax.FastRelax: CMD: repack  -1100.21  0.216549  0.216549  0.30745
protocols.relax.FastRelax: CMD: scale:fa_rep  -1085.87  0.216549  0.216549  0.31955
protocols.relax.FastRelax: CMD: min  -1264.02  2.79021  2.79021  0.31955
protocols.relax.FastRelax: CMD: coord_cst_weight  -1264.02  2.79021  2.79021  0.31955
protocols.relax.FastRelax: CMD: scale:fa_rep  -1056.72  2.79021  2.79021  0.55
core.pack.task: Packer task: initialize from command line() 
core.pack.pack_rotamers: built 7040 rotamers at 492 positions.
core.pack.interaction_graph.interaction_graph_factory: Instantiating DensePDInteractionGraph
protocols.relax.FastRelax: CMD: repack  -1057.5  2.79021  2.79021  0.55
protocols.relax.FastRelax: CMD: min  -1117.92  3.19306  3.19306  0.55
protocols.relax.FastRelax: MRP: 1  -1117.92  -1117.92  3.19306  3.19306  
protocols.relax.FastRelax: CMD: accept_to_best  -1117.92  3.19306  3.19306  0.55
protocols.relax.FastRelax: CMD: endrepeat  -1117.92  3.19306  3.19306  0.55
protocols.relax.FastRelax: CMD: coord_cst_weight  71468.3  3.19306  3.19306  0.55
protocols.relax.FastRelax: CMD: scale:fa_rep  71139.3  3.19306  3.19306  0.022
core.pack.task: Packer task: initialize from command line() 
core.pack.pack_rotamers: built 7838 rotamers at 492 positions.
core.pack.interaction_graph.interaction_graph_factory: Instantiating DensePDInteractionGraph
protocols.relax.FastRelax: CMD: repack  71120.3  3.19306  3.19306  0.022
protocols.relax.FastRelax: CMD: scale:fa_rep  71128.3  3.19306  3.19306  0.02805
core.optimization.Minimizer: [ WARNING ] LBFGS MAX CYCLES 2000 EXCEEDED, BUT FUNC NOT CONVERGED!
protocols.relax.FastRelax: CMD: min  -1271.72  0.180637  0.180637  0.02805
protocols.relax.FastRelax: CMD: coord_cst_weight  -1341.89  0.180637  0.180637  0.02805
protocols.relax.FastRelax: CMD: scale:fa_rep  -1011.32  0.180637  0.180637  0.14575
core.pack.task: Packer task: initialize from command line() 
core.pack.pack_rotamers: built 7435 rotamers at 492 positions.
core.pack.interaction_graph.interaction_graph_factory: Instantiating DensePDInteractionGraph
protocols.relax.FastRelax: CMD: repack  -1048.98  0.180637  0.180637  0.14575
protocols.relax.FastRelax: CMD: scale:fa_rep  -1028.71  0.180637  0.180637  0.154
protocols.relax.FastRelax: CMD: min  -1190.56  0.220155  0.220155  0.154
protocols.relax.FastRelax: CMD: coord_cst_weight  -1297.91  0.220155  0.220155  0.154
protocols.relax.FastRelax: CMD: scale:fa_rep  -1114.04  0.220155  0.220155  0.30745
core.pack.task: Packer task: initialize from command line() 
core.pack.pack_rotamers: built 7178 rotamers at 492 positions.
core.pack.interaction_graph.interaction_graph_factory: Instantiating DensePDInteractionGraph
protocols.relax.FastRelax: CMD: repack  -1115.48  0.220155  0.220155  0.30745
protocols.relax.FastRelax: CMD: scale:fa_rep  -1101.07  0.220155  0.220155  0.31955
protocols.relax.FastRelax: CMD: min  -1285.33  3.36172  3.36172  0.31955
protocols.relax.FastRelax: CMD: coord_cst_weight  -1285.33  3.36172  3.36172  0.31955
protocols.relax.FastRelax: CMD: scale:fa_rep  -1078.56  3.36172  3.36172  0.55
core.pack.task: Packer task: initialize from command line() 
core.pack.pack_rotamers: built 7077 rotamers at 492 positions.
core.pack.interaction_graph.interaction_graph_factory: Instantiating DensePDInteractionGraph
protocols.relax.FastRelax: CMD: repack  -1078.98  3.36172  3.36172  0.55
protocols.relax.FastRelax: CMD: min  -1141.95  3.06067  3.06067  0.55
protocols.relax.FastRelax: MRP: 2  -1141.95  -1141.95  3.06067  3.06067  
protocols.relax.FastRelax: CMD: accept_to_best  -1141.95  3.06067  3.06067  0.55
protocols.relax.FastRelax: CMD: endrepeat  -1141.95  3.06067  3.06067  0.55
protocols.relax.FastRelax: CMD: coord_cst_weight  67166.6  3.06067  3.06067  0.55
protocols.relax.FastRelax: CMD: scale:fa_rep  66837.8  3.06067  3.06067  0.022
core.pack.task: Packer task: initialize from command line() 
core.pack.pack_rotamers: built 7811 rotamers at 492 positions.
core.pack.interaction_graph.interaction_graph_factory: Instantiating DensePDInteractionGraph
protocols.relax.FastRelax: CMD: repack  66826.3  3.06067  3.06067  0.022
protocols.relax.FastRelax: CMD: scale:fa_rep  66835.9  3.06067  3.06067  0.02805
core.optimization.Minimizer: [ WARNING ] LBFGS MAX CYCLES 2000 EXCEEDED, BUT FUNC NOT CONVERGED!
protocols.relax.FastRelax: CMD: min  -1262.64  0.183703  0.183703  0.02805
protocols.relax.FastRelax: CMD: coord_cst_weight  -1335.32  0.183703  0.183703  0.02805
protocols.relax.FastRelax: CMD: scale:fa_rep  -931.955  0.183703  0.183703  0.14575
core.pack.task: Packer task: initialize from command line() 
core.pack.pack_rotamers: built 7399 rotamers at 492 positions.
core.pack.interaction_graph.interaction_graph_factory: Instantiating DensePDInteractionGraph
protocols.relax.FastRelax: CMD: repack  -1039.53  0.183703  0.183703  0.14575
protocols.relax.FastRelax: CMD: scale:fa_rep  -1018.98  0.183703  0.183703  0.154
protocols.relax.FastRelax: CMD: min  -1188.3  0.220489  0.220489  0.154
protocols.relax.FastRelax: CMD: coord_cst_weight  -1295.89  0.220489  0.220489  0.154
protocols.relax.FastRelax: CMD: scale:fa_rep  -1114.03  0.220489  0.220489  0.30745
core.pack.task: Packer task: initialize from command line() 
core.pack.pack_rotamers: built 7184 rotamers at 492 positions.
core.pack.interaction_graph.interaction_graph_factory: Instantiating DensePDInteractionGraph
protocols.relax.FastRelax: CMD: repack  -1113.25  0.220489  0.220489  0.30745
protocols.relax.FastRelax: CMD: scale:fa_rep  -1099.02  0.220489  0.220489  0.31955
protocols.relax.FastRelax: CMD: min  -1229.26  3.56636  3.56636  0.31955
protocols.relax.FastRelax: CMD: coord_cst_weight  -1229.26  3.56636  3.56636  0.31955
protocols.relax.FastRelax: CMD: scale:fa_rep  -972.878  3.56636  3.56636  0.55
core.pack.task: Packer task: initialize from command line() 
core.pack.pack_rotamers: built 7066 rotamers at 492 positions.
core.pack.interaction_graph.interaction_graph_factory: Instantiating DensePDInteractionGraph
protocols.relax.FastRelax: CMD: repack  -1085.47  3.56636  3.56636  0.55
protocols.relax.FastRelax: CMD: min  -1161.3  3.27594  3.27594  0.55
protocols.relax.FastRelax: MRP: 3  -1161.3  -1161.3  3.27594  3.27594  
protocols.relax.FastRelax: CMD: accept_to_best  -1161.3  3.27594  3.27594  0.55
protocols.relax.FastRelax: CMD: endrepeat  -1161.3  3.27594  3.27594  0.55
protocols.relax.FastRelax: CMD: coord_cst_weight  77636.7  3.27594  3.27594  0.55
protocols.relax.FastRelax: CMD: scale:fa_rep  77309.9  3.27594  3.27594  0.022
core.pack.task: Packer task: initialize from command line() 
core.pack.pack_rotamers: built 7788 rotamers at 492 positions.
core.pack.interaction_graph.interaction_graph_factory: Instantiating DensePDInteractionGraph
protocols.relax.FastRelax: CMD: repack  77292.7  3.27594  3.27594  0.022
protocols.relax.FastRelax: CMD: scale:fa_rep  77301.6  3.27594  3.27594  0.02805
core.optimization.Minimizer: [ WARNING ] LBFGS MAX CYCLES 2000 EXCEEDED, BUT FUNC NOT CONVERGED!
protocols.relax.FastRelax: CMD: min  -1246.9  0.180211  0.180211  0.02805
protocols.relax.FastRelax: CMD: coord_cst_weight  -1317.61  0.180211  0.180211  0.02805
protocols.relax.FastRelax: CMD: scale:fa_rep  -882.715  0.180211  0.180211  0.14575
core.pack.task: Packer task: initialize from command line() 
core.pack.pack_rotamers: built 7387 rotamers at 492 positions.
core.pack.interaction_graph.interaction_graph_factory: Instantiating DensePDInteractionGraph
protocols.relax.FastRelax: CMD: repack  -1038.61  0.180211  0.180211  0.14575
protocols.relax.FastRelax: CMD: scale:fa_rep  -1018.39  0.180211  0.180211  0.154
protocols.relax.FastRelax: CMD: min  -1187.51  0.223525  0.223525  0.154
protocols.relax.FastRelax: CMD: coord_cst_weight  -1297.55  0.223525  0.223525  0.154
protocols.relax.FastRelax: CMD: scale:fa_rep  -1120.16  0.223525  0.223525  0.30745
core.pack.task: Packer task: initialize from command line() 
core.pack.pack_rotamers: built 7135 rotamers at 492 positions.
core.pack.interaction_graph.interaction_graph_factory: Instantiating DensePDInteractionGraph
protocols.relax.FastRelax: CMD: repack  -1114.23  0.223525  0.223525  0.30745
protocols.relax.FastRelax: CMD: scale:fa_rep  -1100.4  0.223525  0.223525  0.31955
protocols.relax.FastRelax: CMD: min  -666.05  3.81926  3.81926  0.31955
protocols.relax.FastRelax: CMD: coord_cst_weight  -666.05  3.81926  3.81926  0.31955
protocols.relax.FastRelax: CMD: scale:fa_rep  -10.0929  3.81926  3.81926  0.55
core.pack.task: Packer task: initialize from command line() 
core.pack.pack_rotamers: built 6992 rotamers at 492 positions.
core.pack.interaction_graph.interaction_graph_factory: Instantiating DensePDInteractionGraph
protocols.relax.FastRelax: CMD: repack  -823.908  3.81926  3.81926  0.55
protocols.relax.FastRelax: CMD: min  -1144.75  3.43897  3.43897  0.55
protocols.relax.FastRelax: MRP: 4  -1144.75  -1161.3  3.27594  3.27594  
protocols.relax.FastRelax: CMD: accept_to_best  -1144.75  3.43897  3.43897  0.55
protocols.relax.FastRelax: CMD: endrepeat  -1144.75  3.43897  3.43897  0.55
protocols.relax.FastRelax: CMD: coord_cst_weight  124091  3.43897  3.43897  0.55
protocols.relax.FastRelax: CMD: scale:fa_rep  123766  3.43897  3.43897  0.022
core.pack.task: Packer task: initialize from command line() 
core.pack.pack_rotamers: built 7726 rotamers at 492 positions.
core.pack.interaction_graph.interaction_graph_factory: Instantiating DensePDInteractionGraph
protocols.relax.FastRelax: CMD: repack  123750  3.43897  3.43897  0.022
protocols.relax.FastRelax: CMD: scale:fa_rep  123761  3.43897  3.43897  0.02805
core.optimization.Minimizer: [ WARNING ] LBFGS MAX CYCLES 2000 EXCEEDED, BUT FUNC NOT CONVERGED!
protocols.relax.FastRelax: CMD: min  -1238.26  0.191805  0.191805  0.02805
protocols.relax.FastRelax: CMD: coord_cst_weight  -1318.87  0.191805  0.191805  0.02805
protocols.relax.FastRelax: CMD: scale:fa_rep  -961.637  0.191805  0.191805  0.14575
core.pack.task: Packer task: initialize from command line() 
core.pack.pack_rotamers: built 7328 rotamers at 492 positions.
core.pack.interaction_graph.interaction_graph_factory: Instantiating DensePDInteractionGraph
protocols.relax.FastRelax: CMD: repack  -1035.95  0.191805  0.191805  0.14575
protocols.relax.FastRelax: CMD: scale:fa_rep  -1016.04  0.191805  0.191805  0.154
protocols.relax.FastRelax: CMD: min  -1185.74  0.22508  0.22508  0.154
protocols.relax.FastRelax: CMD: coord_cst_weight  -1297.07  0.22508  0.22508  0.154
protocols.relax.FastRelax: CMD: scale:fa_rep  -1117.64  0.22508  0.22508  0.30745
core.pack.task: Packer task: initialize from command line() 
core.pack.pack_rotamers: built 7142 rotamers at 492 positions.
core.pack.interaction_graph.interaction_graph_factory: Instantiating DensePDInteractionGraph
protocols.relax.FastRelax: CMD: repack  -1113.76  0.22508  0.22508  0.30745
protocols.relax.FastRelax: CMD: scale:fa_rep  -1099.84  0.22508  0.22508  0.31955
protocols.relax.FastRelax: CMD: min  471.425  4.2405  4.2405  0.31955
protocols.relax.FastRelax: CMD: coord_cst_weight  471.425  4.2405  4.2405  0.31955
protocols.relax.FastRelax: CMD: scale:fa_rep  1948.3  4.2405  4.2405  0.55
core.pack.task: Packer task: initialize from command line() 
core.pack.pack_rotamers: built 6988 rotamers at 492 positions.
core.pack.interaction_graph.interaction_graph_factory: Instantiating DensePDInteractionGraph
protocols.relax.FastRelax: CMD: repack  999.568  4.2405  4.2405  0.55
protocols.relax.FastRelax: CMD: min  -1143.14  3.62231  3.62231  0.55
protocols.relax.FastRelax: MRP: 5  -1143.14  -1161.3  3.27594  3.27594  
protocols.relax.FastRelax: CMD: accept_to_best  -1143.14  3.62231  3.62231  0.55
protocols.relax.FastRelax: CMD: endrepeat  -1143.14  3.62231  3.62231  0.55
protocols.relax.FastRelax: CMD: coord_cst_weight  106006  3.62231  3.62231  0.55
protocols.relax.FastRelax: CMD: scale:fa_rep  105678  3.62231  3.62231  0.022
core.pack.task: Packer task: initialize from command line() 
core.pack.pack_rotamers: built 7715 rotamers at 492 positions.
core.pack.interaction_graph.interaction_graph_factory: Instantiating DensePDInteractionGraph
protocols.relax.FastRelax: CMD: repack  105646  3.62231  3.62231  0.022
protocols.relax.FastRelax: CMD: scale:fa_rep  105653  3.62231  3.62231  0.02805
core.optimization.Minimizer: [ WARNING ] LBFGS MAX CYCLES 2000 EXCEEDED, BUT FUNC NOT CONVERGED!
protocols.relax.FastRelax: CMD: min  -1255.59  0.184777  0.184777  0.02805
protocols.relax.FastRelax: CMD: coord_cst_weight  -1329.7  0.184777  0.184777  0.02805
protocols.relax.FastRelax: CMD: scale:fa_rep  -940.738  0.184777  0.184777  0.14575
core.pack.task: Packer task: initialize from command line() 
core.pack.pack_rotamers: built 7383 rotamers at 492 positions.
core.pack.interaction_graph.interaction_graph_factory: Instantiating DensePDInteractionGraph
protocols.relax.FastRelax: CMD: repack  -1049.34  0.184777  0.184777  0.14575
protocols.relax.FastRelax: CMD: scale:fa_rep  -1029.47  0.184777  0.184777  0.154
protocols.relax.FastRelax: CMD: min  -1189.04  0.224473  0.224473  0.154
protocols.relax.FastRelax: CMD: coord_cst_weight  -1299.73  0.224473  0.224473  0.154
protocols.relax.FastRelax: CMD: scale:fa_rep  -1122.98  0.224473  0.224473  0.30745
core.pack.task: Packer task: initialize from command line() 
core.pack.pack_rotamers: built 7119 rotamers at 492 positions.
core.pack.interaction_graph.interaction_graph_factory: Instantiating DensePDInteractionGraph
protocols.relax.FastRelax: CMD: repack  -1123.87  0.224473  0.224473  0.30745
protocols.relax.FastRelax: CMD: scale:fa_rep  -1110.05  0.224473  0.224473  0.31955
protocols.relax.FastRelax: CMD: min  -1252.54  3.49658  3.49658  0.31955
protocols.relax.FastRelax: CMD: coord_cst_weight  -1252.54  3.49658  3.49658  0.31955
protocols.relax.FastRelax: CMD: scale:fa_rep  -1015.08  3.49658  3.49658  0.55
core.pack.task: Packer task: initialize from command line() 
core.pack.pack_rotamers: built 7015 rotamers at 492 positions.
core.pack.interaction_graph.interaction_graph_factory: Instantiating DensePDInteractionGraph
protocols.relax.FastRelax: CMD: repack  -1093.51  3.49658  3.49658  0.55
protocols.relax.FastRelax: CMD: min  -1152.71  3.69866  3.69866  0.55
protocols.relax.FastRelax: MRP: 6  -1152.71  -1161.3  3.27594  3.27594  
protocols.relax.FastRelax: CMD: accept_to_best  -1152.71  3.69866  3.69866  0.55
protocols.relax.FastRelax: CMD: endrepeat  -1152.71  3.69866  3.69866  0.55
protocols.relax.FastRelax: CMD: coord_cst_weight  127501  3.69866  3.69866  0.55
protocols.relax.FastRelax: CMD: scale:fa_rep  127176  3.69866  3.69866  0.022
core.pack.task: Packer task: initialize from command line() 
core.pack.pack_rotamers: built 7735 rotamers at 492 positions.
core.pack.interaction_graph.interaction_graph_factory: Instantiating DensePDInteractionGraph
protocols.relax.FastRelax: CMD: repack  127156  3.69866  3.69866  0.022
protocols.relax.FastRelax: CMD: scale:fa_rep  127162  3.69866  3.69866  0.02805
core.optimization.Minimizer: [ WARNING ] LBFGS MAX CYCLES 2000 EXCEEDED, BUT FUNC NOT CONVERGED!
protocols.relax.FastRelax: CMD: min  -1278.01  0.176245  0.176245  0.02805
protocols.relax.FastRelax: CMD: coord_cst_weight  -1346.27  0.176245  0.176245  0.02805
protocols.relax.FastRelax: CMD: scale:fa_rep  -1005.62  0.176245  0.176245  0.14575
core.pack.task: Packer task: initialize from command line() 
core.pack.pack_rotamers: built 7370 rotamers at 492 positions.
core.pack.interaction_graph.interaction_graph_factory: Instantiating DensePDInteractionGraph
protocols.relax.FastRelax: CMD: repack  -1062.23  0.176245  0.176245  0.14575
protocols.relax.FastRelax: CMD: scale:fa_rep  -1042.53  0.176245  0.176245  0.154
protocols.relax.FastRelax: CMD: min  -1191.91  0.225188  0.225188  0.154
protocols.relax.FastRelax: CMD: coord_cst_weight  -1302.88  0.225188  0.225188  0.154
protocols.relax.FastRelax: CMD: scale:fa_rep  -1121.99  0.225188  0.225188  0.30745
core.pack.task: Packer task: initialize from command line() 
core.pack.pack_rotamers: built 7124 rotamers at 492 positions.
core.pack.interaction_graph.interaction_graph_factory: Instantiating DensePDInteractionGraph
protocols.relax.FastRelax: CMD: repack  -1122.19  0.225188  0.225188  0.30745
protocols.relax.FastRelax: CMD: scale:fa_rep  -1108.04  0.225188  0.225188  0.31955
protocols.relax.FastRelax: CMD: min  -1302.63  3.34663  3.34663  0.31955
protocols.relax.FastRelax: CMD: coord_cst_weight  -1302.63  3.34663  3.34663  0.31955
protocols.relax.FastRelax: CMD: scale:fa_rep  -1100.54  3.34663  3.34663  0.55
core.pack.task: Packer task: initialize from command line() 
core.pack.pack_rotamers: built 7003 rotamers at 492 positions.
core.pack.interaction_graph.interaction_graph_factory: Instantiating DensePDInteractionGraph
protocols.relax.FastRelax: CMD: repack  -1094.39  3.34663  3.34663  0.55
protocols.relax.FastRelax: CMD: min  -1153.04  3.16918  3.16918  0.55
protocols.relax.FastRelax: MRP: 7  -1153.04  -1161.3  3.27594  3.27594  
protocols.relax.FastRelax: CMD: accept_to_best  -1153.04  3.16918  3.16918  0.55
protocols.relax.FastRelax: CMD: endrepeat  -1153.04  3.16918  3.16918  0.55
protocols.relax.FastRelax: CMD: coord_cst_weight  114234  3.16918  3.16918  0.55
protocols.relax.FastRelax: CMD: scale:fa_rep  113911  3.16918  3.16918  0.022
core.pack.task: Packer task: initialize from command line() 
core.pack.pack_rotamers: built 7760 rotamers at 492 positions.
core.pack.interaction_graph.interaction_graph_factory: Instantiating DensePDInteractionGraph
protocols.relax.FastRelax: CMD: repack  113892  3.16918  3.16918  0.022
protocols.relax.FastRelax: CMD: scale:fa_rep  113900  3.16918  3.16918  0.02805
core.optimization.Minimizer: [ WARNING ] LBFGS MAX CYCLES 2000 EXCEEDED, BUT FUNC NOT CONVERGED!
protocols.relax.FastRelax: CMD: min  -1238.24  0.184952  0.184952  0.02805
protocols.relax.FastRelax: CMD: coord_cst_weight  -1312.75  0.184952  0.184952  0.02805
protocols.relax.FastRelax: CMD: scale:fa_rep  -884.059  0.184952  0.184952  0.14575
core.pack.task: Packer task: initialize from command line() 
core.pack.pack_rotamers: built 7397 rotamers at 492 positions.
core.pack.interaction_graph.interaction_graph_factory: Instantiating DensePDInteractionGraph
protocols.relax.FastRelax: CMD: repack  -1049.71  0.184952  0.184952  0.14575
protocols.relax.FastRelax: CMD: scale:fa_rep  -1029.68  0.184952  0.184952  0.154
protocols.relax.FastRelax: CMD: min  -1192.05  0.225476  0.225476  0.154
protocols.relax.FastRelax: CMD: coord_cst_weight  -1303.81  0.225476  0.225476  0.154
protocols.relax.FastRelax: CMD: scale:fa_rep  -1122.35  0.225476  0.225476  0.30745
core.pack.task: Packer task: initialize from command line() 
core.pack.pack_rotamers: built 7146 rotamers at 492 positions.
core.pack.interaction_graph.interaction_graph_factory: Instantiating DensePDInteractionGraph
protocols.relax.FastRelax: CMD: repack  -1123.94  0.225476  0.225476  0.30745
protocols.relax.FastRelax: CMD: scale:fa_rep  -1109.77  0.225476  0.225476  0.31955
protocols.relax.FastRelax: CMD: min  -1300.44  3.28439  3.28439  0.31955
protocols.relax.FastRelax: CMD: coord_cst_weight  -1300.44  3.28439  3.28439  0.31955
protocols.relax.FastRelax: CMD: scale:fa_rep  -1097.02  3.28439  3.28439  0.55
core.pack.task: Packer task: initialize from command line() 
core.pack.pack_rotamers: built 6985 rotamers at 492 positions.
core.pack.interaction_graph.interaction_graph_factory: Instantiating DensePDInteractionGraph
protocols.relax.FastRelax: CMD: repack  -1098.31  3.28439  3.28439  0.55
protocols.relax.FastRelax: CMD: min  -1154.96  3.17546  3.17546  0.55
protocols.relax.FastRelax: MRP: 8  -1154.96  -1161.3  3.27594  3.27594  
protocols.relax.FastRelax: CMD: accept_to_best  -1154.96  3.17546  3.17546  0.55
protocols.relax.FastRelax: CMD: endrepeat  -1154.96  3.17546  3.17546  0.55
protocols.relax.FastRelax: CMD: coord_cst_weight  111017  3.17546  3.17546  0.55
protocols.relax.FastRelax: CMD: scale:fa_rep  110694  3.17546  3.17546  0.022
core.pack.task: Packer task: initialize from command line() 
core.pack.pack_rotamers: built 7752 rotamers at 492 positions.
core.pack.interaction_graph.interaction_graph_factory: Instantiating DensePDInteractionGraph
protocols.relax.FastRelax: CMD: repack  110675  3.17546  3.17546  0.022
protocols.relax.FastRelax: CMD: scale:fa_rep  110683  3.17546  3.17546  0.02805
core.optimization.Minimizer: [ WARNING ] LBFGS MAX CYCLES 2000 EXCEEDED, BUT FUNC NOT CONVERGED!
protocols.relax.FastRelax: CMD: min  -1239.04  0.185246  0.185246  0.02805
protocols.relax.FastRelax: CMD: coord_cst_weight  -1314.48  0.185246  0.185246  0.02805
protocols.relax.FastRelax: CMD: scale:fa_rep  -885.385  0.185246  0.185246  0.14575
core.pack.task: Packer task: initialize from command line() 
core.pack.pack_rotamers: built 7358 rotamers at 492 positions.
core.pack.interaction_graph.interaction_graph_factory: Instantiating DensePDInteractionGraph
protocols.relax.FastRelax: CMD: repack  -1046.29  0.185246  0.185246  0.14575
protocols.relax.FastRelax: CMD: scale:fa_rep  -1025.82  0.185246  0.185246  0.154
protocols.relax.FastRelax: CMD: min  -1192.03  0.22549  0.22549  0.154
protocols.relax.FastRelax: CMD: coord_cst_weight  -1303.17  0.22549  0.22549  0.154
protocols.relax.FastRelax: CMD: scale:fa_rep  -1118.27  0.22549  0.22549  0.30745
core.pack.task: Packer task: initialize from command line() 
core.pack.pack_rotamers: built 7157 rotamers at 492 positions.
core.pack.interaction_graph.interaction_graph_factory: Instantiating DensePDInteractionGraph
protocols.relax.FastRelax: CMD: repack  -1119.17  0.22549  0.22549  0.30745
protocols.relax.FastRelax: CMD: scale:fa_rep  -1104.75  0.22549  0.22549  0.31955
protocols.relax.FastRelax: CMD: min  -1261.09  3.56972  3.56972  0.31955
protocols.relax.FastRelax: CMD: coord_cst_weight  -1261.09  3.56972  3.56972  0.31955
protocols.relax.FastRelax: CMD: scale:fa_rep  -1027.02  3.56972  3.56972  0.55
core.pack.task: Packer task: initialize from command line() 
core.pack.pack_rotamers: built 7042 rotamers at 492 positions.
core.pack.interaction_graph.interaction_graph_factory: Instantiating DensePDInteractionGraph
protocols.relax.FastRelax: CMD: repack  -1103.23  3.56972  3.56972  0.55
protocols.relax.FastRelax: CMD: min  -1159.39  3.77568  3.77568  0.55
protocols.relax.FastRelax: MRP: 9  -1159.39  -1161.3  3.27594  3.27594  
protocols.relax.FastRelax: CMD: accept_to_best  -1159.39  3.77568  3.77568  0.55
protocols.relax.FastRelax: CMD: endrepeat  -1159.39  3.77568  3.77568  0.55
protocols.relax.FastRelax: CMD: coord_cst_weight  125683  3.77568  3.77568  0.55
protocols.relax.FastRelax: CMD: scale:fa_rep  125358  3.77568  3.77568  0.022
core.pack.task: Packer task: initialize from command line() 
core.pack.pack_rotamers: built 7804 rotamers at 492 positions.
core.pack.interaction_graph.interaction_graph_factory: Instantiating DensePDInteractionGraph
protocols.relax.FastRelax: CMD: repack  125337  3.77568  3.77568  0.022
protocols.relax.FastRelax: CMD: scale:fa_rep  125345  3.77568  3.77568  0.02805
core.optimization.Minimizer: [ WARNING ] LBFGS MAX CYCLES 2000 EXCEEDED, BUT FUNC NOT CONVERGED!
protocols.relax.FastRelax: CMD: min  -1255.94  0.190117  0.190117  0.02805
protocols.relax.FastRelax: CMD: coord_cst_weight  -1334.11  0.190117  0.190117  0.02805
protocols.relax.FastRelax: CMD: scale:fa_rep  -967.558  0.190117  0.190117  0.14575
core.pack.task: Packer task: initialize from command line() 
core.pack.pack_rotamers: built 7368 rotamers at 492 positions.
core.pack.interaction_graph.interaction_graph_factory: Instantiating DensePDInteractionGraph
protocols.relax.FastRelax: CMD: repack  -1031.92  0.190117  0.190117  0.14575
protocols.relax.FastRelax: CMD: scale:fa_rep  -1010.7  0.190117  0.190117  0.154
protocols.relax.FastRelax: CMD: min  -1189.39  0.229637  0.229637  0.154
protocols.relax.FastRelax: CMD: coord_cst_weight  -1303.59  0.229637  0.229637  0.154
protocols.relax.FastRelax: CMD: scale:fa_rep  -1119.19  0.229637  0.229637  0.30745
core.pack.task: Packer task: initialize from command line() 
core.pack.pack_rotamers: built 7169 rotamers at 492 positions.
core.pack.interaction_graph.interaction_graph_factory: Instantiating DensePDInteractionGraph
protocols.relax.FastRelax: CMD: repack  -1116.5  0.229637  0.229637  0.30745
protocols.relax.FastRelax: CMD: scale:fa_rep  -1102.1  0.229637  0.229637  0.31955
protocols.relax.FastRelax: CMD: min  -1302.98  2.44631  2.44631  0.31955
protocols.relax.FastRelax: CMD: coord_cst_weight  -1302.98  2.44631  2.44631  0.31955
protocols.relax.FastRelax: CMD: scale:fa_rep  -1099.77  2.44631  2.44631  0.55
core.pack.task: Packer task: initialize from command line() 
core.pack.pack_rotamers: built 7000 rotamers at 492 positions.
core.pack.interaction_graph.interaction_graph_factory: Instantiating DensePDInteractionGraph
protocols.relax.FastRelax: CMD: repack  -1101.45  2.44631  2.44631  0.55
protocols.relax.FastRelax: CMD: min  -1159.74  2.93822  2.93822  0.55
protocols.relax.FastRelax: MRP: 10  -1159.74  -1161.3  3.27594  3.27594  
protocols.relax.FastRelax: CMD: accept_to_best  -1159.74  2.93822  2.93822  0.55
protocols.relax.FastRelax: CMD: endrepeat  -1159.74  2.93822  2.93822  0.55
protocols.relax.FastRelax: CMD: coord_cst_weight  79270  2.93822  2.93822  0.55
protocols.relax.FastRelax: CMD: scale:fa_rep  78946.1  2.93822  2.93822  0.022
core.pack.task: Packer task: initialize from command line() 
core.pack.pack_rotamers: built 7779 rotamers at 492 positions.
core.pack.interaction_graph.interaction_graph_factory: Instantiating DensePDInteractionGraph
protocols.relax.FastRelax: CMD: repack  78943.1  2.93822  2.93822  0.022
protocols.relax.FastRelax: CMD: scale:fa_rep  78953.9  2.93822  2.93822  0.02805
core.optimization.Minimizer: [ WARNING ] LBFGS MAX CYCLES 2000 EXCEEDED, BUT FUNC NOT CONVERGED!
protocols.relax.FastRelax: CMD: min  -1260.43  0.184823  0.184823  0.02805
protocols.relax.FastRelax: CMD: coord_cst_weight  -1334.61  0.184823  0.184823  0.02805
protocols.relax.FastRelax: CMD: scale:fa_rep  -943.401  0.184823  0.184823  0.14575
core.pack.task: Packer task: initialize from command line() 
core.pack.pack_rotamers: built 7396 rotamers at 492 positions.
core.pack.interaction_graph.interaction_graph_factory: Instantiating DensePDInteractionGraph
protocols.relax.FastRelax: CMD: repack  -1023.05  0.184823  0.184823  0.14575
protocols.relax.FastRelax: CMD: scale:fa_rep  -1001.54  0.184823  0.184823  0.154
protocols.relax.FastRelax: CMD: min  -1186.08  0.228796  0.228796  0.154
protocols.relax.FastRelax: CMD: coord_cst_weight  -1300.23  0.228796  0.228796  0.154
protocols.relax.FastRelax: CMD: scale:fa_rep  -1118.91  0.228796  0.228796  0.30745
core.pack.task: Packer task: initialize from command line() 
core.pack.pack_rotamers: built 7170 rotamers at 492 positions.
core.pack.interaction_graph.interaction_graph_factory: Instantiating DensePDInteractionGraph
protocols.relax.FastRelax: CMD: repack  -1114.04  0.228796  0.228796  0.30745
protocols.relax.FastRelax: CMD: scale:fa_rep  -1099.91  0.228796  0.228796  0.31955
protocols.relax.FastRelax: CMD: min  -1299.86  2.494  2.494  0.31955
protocols.relax.FastRelax: CMD: coord_cst_weight  -1299.86  2.494  2.494  0.31955
protocols.relax.FastRelax: CMD: scale:fa_rep  -1099.57  2.494  2.494  0.55
core.pack.task: Packer task: initialize from command line() 
core.pack.pack_rotamers: built 6953 rotamers at 492 positions.
core.pack.interaction_graph.interaction_graph_factory: Instantiating DensePDInteractionGraph
protocols.relax.FastRelax: CMD: repack  -1102.31  2.494  2.494  0.55
protocols.relax.FastRelax: CMD: min  -1153.63  2.80665  2.80665  0.55
protocols.relax.FastRelax: MRP: 11  -1153.63  -1161.3  3.27594  3.27594  
protocols.relax.FastRelax: CMD: accept_to_best  -1153.63  2.80665  2.80665  0.55
protocols.relax.FastRelax: CMD: endrepeat  -1153.63  2.80665  2.80665  0.55
protocols.relax.FastRelax: CMD: coord_cst_weight  85605.9  2.80665  2.80665  0.55
protocols.relax.FastRelax: CMD: scale:fa_rep  85285.5  2.80665  2.80665  0.022
core.pack.task: Packer task: initialize from command line() 
core.pack.pack_rotamers: built 7778 rotamers at 492 positions.
core.pack.interaction_graph.interaction_graph_factory: Instantiating DensePDInteractionGraph
protocols.relax.FastRelax: CMD: repack  85264.7  2.80665  2.80665  0.022
protocols.relax.FastRelax: CMD: scale:fa_rep  85271.7  2.80665  2.80665  0.02805
core.optimization.Minimizer: [ WARNING ] LBFGS MAX CYCLES 2000 EXCEEDED, BUT FUNC NOT CONVERGED!
protocols.relax.FastRelax: CMD: min  -1263.58  0.183044  0.183044  0.02805
protocols.relax.FastRelax: CMD: coord_cst_weight  -1335.73  0.183044  0.183044  0.02805
protocols.relax.FastRelax: CMD: scale:fa_rep  -980.473  0.183044  0.183044  0.14575
core.pack.task: Packer task: initialize from command line() 
core.pack.pack_rotamers: built 7357 rotamers at 492 positions.
core.pack.interaction_graph.interaction_graph_factory: Instantiating DensePDInteractionGraph
protocols.relax.FastRelax: CMD: repack  -1034.97  0.183044  0.183044  0.14575
protocols.relax.FastRelax: CMD: scale:fa_rep  -1014.04  0.183044  0.183044  0.154
protocols.relax.FastRelax: CMD: min  -1184.72  0.228082  0.228082  0.154
protocols.relax.FastRelax: CMD: coord_cst_weight  -1298.03  0.228082  0.228082  0.154
protocols.relax.FastRelax: CMD: scale:fa_rep  -1115.45  0.228082  0.228082  0.30745
core.pack.task: Packer task: initialize from command line() 
core.pack.pack_rotamers: built 7175 rotamers at 492 positions.
core.pack.interaction_graph.interaction_graph_factory: Instantiating DensePDInteractionGraph
protocols.relax.FastRelax: CMD: repack  -1115.8  0.228082  0.228082  0.30745
protocols.relax.FastRelax: CMD: scale:fa_rep  -1101.65  0.228082  0.228082  0.31955
protocols.relax.FastRelax: CMD: min  -1229.67  3.90525  3.90525  0.31955
protocols.relax.FastRelax: CMD: coord_cst_weight  -1229.67  3.90525  3.90525  0.31955
protocols.relax.FastRelax: CMD: scale:fa_rep  -975.627  3.90525  3.90525  0.55
core.pack.task: Packer task: initialize from command line() 
core.pack.pack_rotamers: built 7002 rotamers at 492 positions.
core.pack.interaction_graph.interaction_graph_factory: Instantiating DensePDInteractionGraph
protocols.relax.FastRelax: CMD: repack  -1103.4  3.90525  3.90525  0.55
protocols.relax.FastRelax: CMD: min  -1164.64  4.10261  4.10261  0.55
protocols.relax.FastRelax: MRP: 12  -1164.64  -1164.64  4.10261  4.10261  
protocols.relax.FastRelax: CMD: accept_to_best  -1164.64  4.10261  4.10261  0.55
protocols.relax.FastRelax: CMD: endrepeat  -1164.64  4.10261  4.10261  0.55
protocols.relax.FastRelax: CMD: coord_cst_weight  91734.3  4.10261  4.10261  0.55
protocols.relax.FastRelax: CMD: scale:fa_rep  91410.5  4.10261  4.10261  0.022
core.pack.task: Packer task: initialize from command line() 
core.pack.pack_rotamers: built 7775 rotamers at 492 positions.
core.pack.interaction_graph.interaction_graph_factory: Instantiating DensePDInteractionGraph
protocols.relax.FastRelax: CMD: repack  91400  4.10261  4.10261  0.022
protocols.relax.FastRelax: CMD: scale:fa_rep  91409  4.10261  4.10261  0.02805
core.optimization.Minimizer: [ WARNING ] LBFGS MAX CYCLES 2000 EXCEEDED, BUT FUNC NOT CONVERGED!
protocols.relax.FastRelax: CMD: min  -1226.16  0.186399  0.186399  0.02805
protocols.relax.FastRelax: CMD: coord_cst_weight  -1301  0.186399  0.186399  0.02805
protocols.relax.FastRelax: CMD: scale:fa_rep  -851.478  0.186399  0.186399  0.14575
core.pack.task: Packer task: initialize from command line() 
core.pack.pack_rotamers: built 7337 rotamers at 492 positions.
core.pack.interaction_graph.interaction_graph_factory: Instantiating DensePDInteractionGraph
protocols.relax.FastRelax: CMD: repack  -1049.15  0.186399  0.186399  0.14575
protocols.relax.FastRelax: CMD: scale:fa_rep  -1029.83  0.186399  0.186399  0.154
protocols.relax.FastRelax: CMD: min  -1193  0.227352  0.227352  0.154
protocols.relax.FastRelax: CMD: coord_cst_weight  -1306.57  0.227352  0.227352  0.154
protocols.relax.FastRelax: CMD: scale:fa_rep  -1132.11  0.227352  0.227352  0.30745
core.pack.task: Packer task: initialize from command line() 
core.pack.pack_rotamers: built 7099 rotamers at 492 positions.
core.pack.interaction_graph.interaction_graph_factory: Instantiating DensePDInteractionGraph
protocols.relax.FastRelax: CMD: repack  -1133.06  0.227352  0.227352  0.30745
protocols.relax.FastRelax: CMD: scale:fa_rep  -1119.42  0.227352  0.227352  0.31955
protocols.relax.FastRelax: CMD: min  -1299.46  3.44416  3.44416  0.31955
protocols.relax.FastRelax: CMD: coord_cst_weight  -1299.46  3.44416  3.44416  0.31955
protocols.relax.FastRelax: CMD: scale:fa_rep  -1091.68  3.44416  3.44416  0.55
core.pack.task: Packer task: initialize from command line() 
core.pack.pack_rotamers: built 6967 rotamers at 492 positions.
core.pack.interaction_graph.interaction_graph_factory: Instantiating DensePDInteractionGraph
protocols.relax.FastRelax: CMD: repack  -1095.25  3.44416  3.44416  0.55
protocols.relax.FastRelax: CMD: min  -1149.02  3.6414  3.6414  0.55
protocols.relax.FastRelax: MRP: 13  -1149.02  -1164.64  4.10261  4.10261  
protocols.relax.FastRelax: CMD: accept_to_best  -1149.02  3.6414  3.6414  0.55
protocols.relax.FastRelax: CMD: endrepeat  -1149.02  3.6414  3.6414  0.55
protocols.relax.FastRelax: CMD: coord_cst_weight  117375  3.6414  3.6414  0.55
protocols.relax.FastRelax: CMD: scale:fa_rep  117047  3.6414  3.6414  0.022
core.pack.task: Packer task: initialize from command line() 
core.pack.pack_rotamers: built 7805 rotamers at 492 positions.
core.pack.interaction_graph.interaction_graph_factory: Instantiating DensePDInteractionGraph
protocols.relax.FastRelax: CMD: repack  117031  3.6414  3.6414  0.022
protocols.relax.FastRelax: CMD: scale:fa_rep  117038  3.6414  3.6414  0.02805
core.optimization.Minimizer: [ WARNING ] LBFGS MAX CYCLES 2000 EXCEEDED, BUT FUNC NOT CONVERGED!
protocols.relax.FastRelax: CMD: min  -1240.9  0.18873  0.18873  0.02805
protocols.relax.FastRelax: CMD: coord_cst_weight  -1321.55  0.18873  0.18873  0.02805
protocols.relax.FastRelax: CMD: scale:fa_rep  -984.634  0.18873  0.18873  0.14575
core.pack.task: Packer task: initialize from command line() 
core.pack.pack_rotamers: built 7334 rotamers at 492 positions.
core.pack.interaction_graph.interaction_graph_factory: Instantiating DensePDInteractionGraph
protocols.relax.FastRelax: CMD: repack  -1052.84  0.18873  0.18873  0.14575
protocols.relax.FastRelax: CMD: scale:fa_rep  -1033.83  0.18873  0.18873  0.154
protocols.relax.FastRelax: CMD: min  -1194.07  0.227864  0.227864  0.154
protocols.relax.FastRelax: CMD: coord_cst_weight  -1307.96  0.227864  0.227864  0.154
protocols.relax.FastRelax: CMD: scale:fa_rep  -1133.2  0.227864  0.227864  0.30745
core.pack.task: Packer task: initialize from command line() 
core.pack.pack_rotamers: built 7100 rotamers at 492 positions.
core.pack.interaction_graph.interaction_graph_factory: Instantiating DensePDInteractionGraph
protocols.relax.FastRelax: CMD: repack  -1133.73  0.227864  0.227864  0.30745
protocols.relax.FastRelax: CMD: scale:fa_rep  -1120.12  0.227864  0.227864  0.31955
protocols.relax.FastRelax: CMD: min  -1290.2  2.68714  2.68714  0.31955
protocols.relax.FastRelax: CMD: coord_cst_weight  -1290.2  2.68714  2.68714  0.31955
protocols.relax.FastRelax: CMD: scale:fa_rep  -1084.59  2.68714  2.68714  0.55
core.pack.task: Packer task: initialize from command line() 
core.pack.pack_rotamers: built 6984 rotamers at 492 positions.
core.pack.interaction_graph.interaction_graph_factory: Instantiating DensePDInteractionGraph
protocols.relax.FastRelax: CMD: repack  -1089.7  2.68714  2.68714  0.55
protocols.relax.FastRelax: CMD: min  -1148.32  3.24579  3.24579  0.55
protocols.relax.FastRelax: MRP: 14  -1148.32  -1164.64  4.10261  4.10261  
protocols.relax.FastRelax: CMD: accept_to_best  -1148.32  3.24579  3.24579  0.55
protocols.relax.FastRelax: CMD: endrepeat  -1148.32  3.24579  3.24579  0.55
protocols::checkpoint: Deleting checkpoints of FastRelax
protocols.jd2.JobDistributor: target.BL00010001_3_0006 reported success in 13662 seconds
protocols.jd2.JobDistributor: no more batches to process... 
protocols.jd2.JobDistributor: 6 jobs considered, 6 jobs attempted in 86200 seconds
basic.citation_manager.CitationManager: 
The following Rosetta modules were used during this run of Rosetta, and should be cited:

FastRelax Mover's citation(s):
*Tyka MD, *Keedy DA, André I, Dimaio F, Song Y, Richardson DC, Richardson JS, and Baker D.  (2011).  Alternate states of proteins revealed by detailed energy landscape mapping.  J Mol Biol 405(2):607-18.  doi: 10.1016/j.jmb.2010.11.008.  (*Co-primary authors.)

Khatib F, Cooper S, Tyka MD, Xu K, Makedon I, Popovic Z, Baker D, and Players F.  (2011).  Algorithm discovery by protein folding game players.  Proc Natl Acad Sci USA 108(47):18949-53.  doi: 10.1073/pnas.1115898108.

Maguire JB, Haddox HK, Strickland D, Halabiya SF, Coventry B, Griffin JR, Pulavarti SVSRK, Cummins M, Thieker DF, Klavins E, Szyperski T, DiMaio F, Baker D, and Kuhlman B.  (2021).  Perturbing the energy landscape for improved packing during computational protein design.  Proteins 89(4):436-449.  doi: 10.1002/prot.26030.


