********  (C) Copyright Rosetta Commons Member Institutions.  ***************
* Use of Rosetta for commercial purposes may require purchase of a license. *
********  See LICENSE.md or email license@uw.edu for more details. **********
core.init: Checking for fconfig files in pwd and ./rosetta/flags 
core.init: Rosetta version: rosetta.binary.ubuntu.release-408 r408 2025.37+release.df75a9c48e df75a9c48e763e52a7aa3f5dfba077f4da88dbf5 https://www.rosettacommons.org 2025-09-10T02:14:08.564791
core.init: Rosetta extras: []
core.init: command: /home/gbiuser/Downloads/rosetta.binary.ubuntu.release-408/main/source/bin/relax.default.linuxgccrelease -s ../1-modeller/target.BL00010001.pdb -relax:thorough -relax:constrain_relax_to_start_coords -constraints:cst_file cst.cst -nstruct 6 -out:suffix _7 -out:file:silent relax_7.silent -out:file:silent_struct_type binary
basic.random.init_random_generator: 'RNG device' seed mode, using '/dev/urandom', seed=1804270586 seed_offset=0 real_seed=1804270586
basic.random.init_random_generator: RandomGenerator:init: Normal mode, seed=1804270586 RG_type=mt19937
core.init: Resolved executable path: /home/gbiuser/Downloads/rosetta.binary.ubuntu.release-408/main/source/build/src/release/linux/6.8/64/x86/gcc/11/default/relax.default.linuxgccrelease
core.init: Looking for database based on location of executable: /home/gbiuser/Downloads/rosetta.binary.ubuntu.release-408/main/database/
core.scoring.ScoreFunctionFactory: SCOREFUNCTION: ref2015
core.scoring.etable: Starting energy table calculation
core.scoring.etable: smooth_etable: changing atr/rep split to bottom of energy well
core.scoring.etable: smooth_etable: spline smoothing lj etables (maxdis = 6)
core.scoring.etable: smooth_etable: spline smoothing solvation etables (max_dis = 6)
core.scoring.etable: Finished calculating energy tables.
basic.io.database: Database file opened: scoring/score_functions/hbonds/ref2015_params/HBPoly1D.csv
basic.io.database: Database file opened: scoring/score_functions/hbonds/ref2015_params/HBFadeIntervals.csv
basic.io.database: Database file opened: scoring/score_functions/hbonds/ref2015_params/HBEval.csv
basic.io.database: Database file opened: scoring/score_functions/hbonds/ref2015_params/DonStrength.csv
basic.io.database: Database file opened: scoring/score_functions/hbonds/ref2015_params/AccStrength.csv
core.chemical.GlobalResidueTypeSet: Finished initializing fa_standard residue type set.  Created 985 residue types
core.chemical.GlobalResidueTypeSet: Total time to initialize 1.27559 seconds.
basic.io.database: Database file opened: scoring/score_functions/rama/fd/all.ramaProb
basic.io.database: Database file opened: scoring/score_functions/rama/fd/prepro.ramaProb
basic.io.database: Database file opened: scoring/score_functions/omega/omega_ppdep.all.txt
basic.io.database: Database file opened: scoring/score_functions/omega/omega_ppdep.gly.txt
basic.io.database: Database file opened: scoring/score_functions/omega/omega_ppdep.pro.txt
basic.io.database: Database file opened: scoring/score_functions/omega/omega_ppdep.valile.txt
basic.io.database: Database file opened: scoring/score_functions/P_AA_pp/P_AA
basic.io.database: Database file opened: scoring/score_functions/P_AA_pp/P_AA_n
core.scoring.P_AA: shapovalov_lib::shap_p_aa_pp_smooth_level of 1( aka low_smooth ) got activated.
basic.io.database: Database file opened: scoring/score_functions/P_AA_pp/shapovalov/10deg/kappa131/a20.prop
protocols.relax.RelaxScriptManager: Reading relax scripts list from database.
protocols.relax.RelaxScriptManager: Looking for MonomerRelax2019.txt
protocols.relax.RelaxScriptManager: ================== Reading script file: /home/gbiuser/Downloads/rosetta.binary.ubuntu.release-408/main/database/sampling/relax_scripts/MonomerRelax2019.txt ==================
protocols.relax.RelaxScriptManager: repeat %%nrepeats%%
protocols.relax.RelaxScriptManager: coord_cst_weight 1.0
protocols.relax.RelaxScriptManager: scale:fa_rep 0.040
protocols.relax.RelaxScriptManager: repack
protocols.relax.RelaxScriptManager: scale:fa_rep 0.051
protocols.relax.RelaxScriptManager: min 0.01
protocols.relax.RelaxScriptManager: coord_cst_weight 0.5
protocols.relax.RelaxScriptManager: scale:fa_rep 0.265
protocols.relax.RelaxScriptManager: repack
protocols.relax.RelaxScriptManager: scale:fa_rep 0.280
protocols.relax.RelaxScriptManager: min 0.01
protocols.relax.RelaxScriptManager: coord_cst_weight 0.0
protocols.relax.RelaxScriptManager: scale:fa_rep 0.559
protocols.relax.RelaxScriptManager: repack
protocols.relax.RelaxScriptManager: scale:fa_rep 0.581
protocols.relax.RelaxScriptManager: min 0.01
protocols.relax.RelaxScriptManager: coord_cst_weight 0.0
protocols.relax.RelaxScriptManager: scale:fa_rep 1
protocols.relax.RelaxScriptManager: repack
protocols.relax.RelaxScriptManager: min 0.00001
protocols.relax.RelaxScriptManager: accept_to_best
protocols.relax.RelaxScriptManager: endrepeat
core.scoring.constraints.util: Constraint choice: cst.cst
protocols.jd2.PDBJobInputter: Instantiate PDBJobInputter
protocols.jd2.PDBJobInputter: PDBJobInputter::fill_jobs
protocols.jd2.PDBJobInputter: pushed ../1-modeller/target.BL00010001.pdb nstruct indices 1 - 6
protocols.evaluation.ChiWellRmsdEvaluatorCreator: Evaluation Creator active ... 
protocols.jd2.PDBJobInputter: PDBJobInputter::pose_from_job
protocols.jd2.PDBJobInputter: filling pose from PDB ../1-modeller/target.BL00010001.pdb
core.import_pose.import_pose: File '../1-modeller/target.BL00010001.pdb' automatically determined to be of type PDB from contents.
core.io.rcsb.ExperimentalTechnique: [ ERROR ] Unrecognized experimental technique string 'THEORETICAL MODEL, MODELLER 10.8 2026/08/10 16:18:02'
core.scoring.constraints.ConstraintsIO: read constraints from cst.cst
core.scoring.constraints.ConstraintsIO: Read in 14 constraints
basic.io.database: Database file opened: scoring/score_functions/elec_cp_reps.dat
core.scoring.elec.util: Read 40 countpair representative atoms
core.pack.dunbrack.RotamerLibrary: shapovalov_lib_fixes_enable option is true.
core.pack.dunbrack.RotamerLibrary: shapovalov_lib::shap_dun10_smooth_level of 1( aka lowest_smooth ) got activated.
core.pack.dunbrack.RotamerLibrary: Binary rotamer library selected: /home/gbiuser/Downloads/rosetta.binary.ubuntu.release-408/main/database/rotamer/shapovalov/StpDwn_0-0-0/Dunbrack10.lib.bin
core.pack.dunbrack.RotamerLibrary: Using Dunbrack library binary file '/home/gbiuser/Downloads/rosetta.binary.ubuntu.release-408/main/database/rotamer/shapovalov/StpDwn_0-0-0/Dunbrack10.lib.bin'.
core.pack.dunbrack.RotamerLibrary: Dunbrack 2010 library took 0.36789 seconds to load from binary
protocols.relax.FastRelax: CMD: repeat  4476.34  0  0  0.55
protocols.relax.FastRelax: CMD: coord_cst_weight  4476.34  0  0  0.55
protocols.relax.FastRelax: CMD: scale:fa_rep  806.987  0  0  0.022
core.pack.task: Packer task: initialize from command line() 
core.pack.pack_rotamers: built 8129 rotamers at 492 positions.
core.pack.interaction_graph.interaction_graph_factory: Instantiating DensePDInteractionGraph
protocols.relax.FastRelax: CMD: repack  -879.965  0  0  0.022
protocols.relax.FastRelax: CMD: scale:fa_rep  -841.227  0  0  0.02805
core.optimization.Minimizer: [ WARNING ] LBFGS MAX CYCLES 2000 EXCEEDED, BUT FUNC NOT CONVERGED!
protocols.relax.FastRelax: CMD: min  -1292.2  0.14838  0.14838  0.02805
protocols.relax.FastRelax: CMD: coord_cst_weight  -1339.13  0.14838  0.14838  0.02805
protocols.relax.FastRelax: CMD: scale:fa_rep  -943.852  0.14838  0.14838  0.14575
core.pack.task: Packer task: initialize from command line() 
core.pack.pack_rotamers: built 7448 rotamers at 492 positions.
core.pack.interaction_graph.interaction_graph_factory: Instantiating DensePDInteractionGraph
protocols.relax.FastRelax: CMD: repack  -989.577  0.14838  0.14838  0.14575
protocols.relax.FastRelax: CMD: scale:fa_rep  -967.343  0.14838  0.14838  0.154
protocols.relax.FastRelax: CMD: min  -1157.82  0.205037  0.205037  0.154
protocols.relax.FastRelax: CMD: coord_cst_weight  -1248.86  0.205037  0.205037  0.154
protocols.relax.FastRelax: CMD: scale:fa_rep  -1056.98  0.205037  0.205037  0.30745
core.pack.task: Packer task: initialize from command line() 
core.pack.pack_rotamers: built 7209 rotamers at 492 positions.
core.pack.interaction_graph.interaction_graph_factory: Instantiating DensePDInteractionGraph
protocols.relax.FastRelax: CMD: repack  -1059.04  0.205037  0.205037  0.30745
protocols.relax.FastRelax: CMD: scale:fa_rep  -1044.06  0.205037  0.205037  0.31955
protocols.relax.FastRelax: CMD: min  -1223.74  2.91838  2.91838  0.31955
protocols.relax.FastRelax: CMD: coord_cst_weight  -1223.74  2.91838  2.91838  0.31955
protocols.relax.FastRelax: CMD: scale:fa_rep  -1011.77  2.91838  2.91838  0.55
core.pack.task: Packer task: initialize from command line() 
core.pack.pack_rotamers: built 7057 rotamers at 492 positions.
core.pack.interaction_graph.interaction_graph_factory: Instantiating DensePDInteractionGraph
protocols.relax.FastRelax: CMD: repack  -1020.62  2.91838  2.91838  0.55
protocols.relax.FastRelax: CMD: min  -1089.68  2.94925  2.94925  0.55
protocols.relax.FastRelax: MRP: 0  -1089.68  -1089.68  2.94925  2.94925  
protocols.relax.FastRelax: CMD: accept_to_best  -1089.68  2.94925  2.94925  0.55
protocols.relax.FastRelax: CMD: endrepeat  -1089.68  2.94925  2.94925  0.55
protocols.relax.FastRelax: CMD: coord_cst_weight  112816  2.94925  2.94925  0.55
protocols.relax.FastRelax: CMD: scale:fa_rep  112480  2.94925  2.94925  0.022
core.pack.task: Packer task: initialize from command line() 
core.pack.pack_rotamers: built 7826 rotamers at 492 positions.
core.pack.interaction_graph.interaction_graph_factory: Instantiating DensePDInteractionGraph
protocols.relax.FastRelax: CMD: repack  112438  2.94925  2.94925  0.022
protocols.relax.FastRelax: CMD: scale:fa_rep  112447  2.94925  2.94925  0.02805
core.optimization.Minimizer: [ WARNING ] LBFGS MAX CYCLES 2000 EXCEEDED, BUT FUNC NOT CONVERGED!
protocols.relax.FastRelax: CMD: min  -1255.11  0.177882  0.177882  0.02805
protocols.relax.FastRelax: CMD: coord_cst_weight  -1324.43  0.177882  0.177882  0.02805
protocols.relax.FastRelax: CMD: scale:fa_rep  -935.836  0.177882  0.177882  0.14575
core.pack.task: Packer task: initialize from command line() 
core.pack.pack_rotamers: built 7351 rotamers at 492 positions.
core.pack.interaction_graph.interaction_graph_factory: Instantiating DensePDInteractionGraph
protocols.relax.FastRelax: CMD: repack  -1016.15  0.177882  0.177882  0.14575
protocols.relax.FastRelax: CMD: scale:fa_rep  -994.893  0.177882  0.177882  0.154
protocols.relax.FastRelax: CMD: min  -1177.09  0.215715  0.215715  0.154
protocols.relax.FastRelax: CMD: coord_cst_weight  -1279.82  0.215715  0.215715  0.154
protocols.relax.FastRelax: CMD: scale:fa_rep  -1092  0.215715  0.215715  0.30745
core.pack.task: Packer task: initialize from command line() 
core.pack.pack_rotamers: built 7161 rotamers at 492 positions.
core.pack.interaction_graph.interaction_graph_factory: Instantiating DensePDInteractionGraph
protocols.relax.FastRelax: CMD: repack  -1092.85  0.215715  0.215715  0.30745
protocols.relax.FastRelax: CMD: scale:fa_rep  -1078.23  0.215715  0.215715  0.31955
protocols.relax.FastRelax: CMD: min  -1268.15  3.521  3.521  0.31955
protocols.relax.FastRelax: CMD: coord_cst_weight  -1268.15  3.521  3.521  0.31955
protocols.relax.FastRelax: CMD: scale:fa_rep  -1057.26  3.521  3.521  0.55
core.pack.task: Packer task: initialize from command line() 
core.pack.pack_rotamers: built 7013 rotamers at 492 positions.
core.pack.interaction_graph.interaction_graph_factory: Instantiating DensePDInteractionGraph
protocols.relax.FastRelax: CMD: repack  -1060.11  3.521  3.521  0.55
protocols.relax.FastRelax: CMD: min  -1117.08  3.4394  3.4394  0.55
protocols.relax.FastRelax: MRP: 1  -1117.08  -1117.08  3.4394  3.4394  
protocols.relax.FastRelax: CMD: accept_to_best  -1117.08  3.4394  3.4394  0.55
protocols.relax.FastRelax: CMD: endrepeat  -1117.08  3.4394  3.4394  0.55
protocols.relax.FastRelax: CMD: coord_cst_weight  61945.7  3.4394  3.4394  0.55
protocols.relax.FastRelax: CMD: scale:fa_rep  61609.2  3.4394  3.4394  0.022
core.pack.task: Packer task: initialize from command line() 
core.pack.pack_rotamers: built 7859 rotamers at 492 positions.
core.pack.interaction_graph.interaction_graph_factory: Instantiating DensePDInteractionGraph
protocols.relax.FastRelax: CMD: repack  61588.1  3.4394  3.4394  0.022
protocols.relax.FastRelax: CMD: scale:fa_rep  61596.5  3.4394  3.4394  0.02805
core.optimization.Minimizer: [ WARNING ] LBFGS MAX CYCLES 2000 EXCEEDED, BUT FUNC NOT CONVERGED!
protocols.relax.FastRelax: CMD: min  -1278.32  0.176034  0.176034  0.02805
protocols.relax.FastRelax: CMD: coord_cst_weight  -1346.32  0.176034  0.176034  0.02805
protocols.relax.FastRelax: CMD: scale:fa_rep  -1008.95  0.176034  0.176034  0.14575
core.pack.task: Packer task: initialize from command line() 
core.pack.pack_rotamers: built 7382 rotamers at 492 positions.
core.pack.interaction_graph.interaction_graph_factory: Instantiating DensePDInteractionGraph
protocols.relax.FastRelax: CMD: repack  -1040.17  0.176034  0.176034  0.14575
protocols.relax.FastRelax: CMD: scale:fa_rep  -1019.36  0.176034  0.176034  0.154
protocols.relax.FastRelax: CMD: min  -1189.09  0.220247  0.220247  0.154
protocols.relax.FastRelax: CMD: coord_cst_weight  -1296.12  0.220247  0.220247  0.154
protocols.relax.FastRelax: CMD: scale:fa_rep  -1111.24  0.220247  0.220247  0.30745
core.pack.task: Packer task: initialize from command line() 
core.pack.pack_rotamers: built 7157 rotamers at 492 positions.
core.pack.interaction_graph.interaction_graph_factory: Instantiating DensePDInteractionGraph
protocols.relax.FastRelax: CMD: repack  -1112.32  0.220247  0.220247  0.30745
protocols.relax.FastRelax: CMD: scale:fa_rep  -1097.9  0.220247  0.220247  0.31955
protocols.relax.FastRelax: CMD: min  -1283.3  3.54966  3.54966  0.31955
protocols.relax.FastRelax: CMD: coord_cst_weight  -1283.3  3.54966  3.54966  0.31955
protocols.relax.FastRelax: CMD: scale:fa_rep  -1074.65  3.54966  3.54966  0.55
core.pack.task: Packer task: initialize from command line() 
core.pack.pack_rotamers: built 7008 rotamers at 492 positions.
core.pack.interaction_graph.interaction_graph_factory: Instantiating DensePDInteractionGraph
protocols.relax.FastRelax: CMD: repack  -1076.64  3.54966  3.54966  0.55
protocols.relax.FastRelax: CMD: min  -1127.78  3.75772  3.75772  0.55
protocols.relax.FastRelax: MRP: 2  -1127.78  -1127.78  3.75772  3.75772  
protocols.relax.FastRelax: CMD: accept_to_best  -1127.78  3.75772  3.75772  0.55
protocols.relax.FastRelax: CMD: endrepeat  -1127.78  3.75772  3.75772  0.55
protocols.relax.FastRelax: CMD: coord_cst_weight  63916.3  3.75772  3.75772  0.55
protocols.relax.FastRelax: CMD: scale:fa_rep  63582.5  3.75772  3.75772  0.022
core.pack.task: Packer task: initialize from command line() 
core.pack.pack_rotamers: built 7805 rotamers at 492 positions.
core.pack.interaction_graph.interaction_graph_factory: Instantiating DensePDInteractionGraph
protocols.relax.FastRelax: CMD: repack  63564  3.75772  3.75772  0.022
protocols.relax.FastRelax: CMD: scale:fa_rep  63570.6  3.75772  3.75772  0.02805
core.optimization.Minimizer: [ WARNING ] LBFGS MAX CYCLES 2000 EXCEEDED, BUT FUNC NOT CONVERGED!
protocols.relax.FastRelax: CMD: min  -1284.1  0.174764  0.174764  0.02805
protocols.relax.FastRelax: CMD: coord_cst_weight  -1351.84  0.174764  0.174764  0.02805
protocols.relax.FastRelax: CMD: scale:fa_rep  -1033.46  0.174764  0.174764  0.14575
core.pack.task: Packer task: initialize from command line() 
core.pack.pack_rotamers: built 7326 rotamers at 492 positions.
core.pack.interaction_graph.interaction_graph_factory: Instantiating DensePDInteractionGraph
protocols.relax.FastRelax: CMD: repack  -1060.58  0.174764  0.174764  0.14575
protocols.relax.FastRelax: CMD: scale:fa_rep  -1040.41  0.174764  0.174764  0.154
protocols.relax.FastRelax: CMD: min  -1191.28  0.222276  0.222276  0.154
protocols.relax.FastRelax: CMD: coord_cst_weight  -1299.2  0.222276  0.222276  0.154
protocols.relax.FastRelax: CMD: scale:fa_rep  -1114.2  0.222276  0.222276  0.30745
core.pack.task: Packer task: initialize from command line() 
core.pack.pack_rotamers: built 7164 rotamers at 492 positions.
core.pack.interaction_graph.interaction_graph_factory: Instantiating DensePDInteractionGraph
protocols.relax.FastRelax: CMD: repack  -1115.62  0.222276  0.222276  0.30745
protocols.relax.FastRelax: CMD: scale:fa_rep  -1101.17  0.222276  0.222276  0.31955
protocols.relax.FastRelax: CMD: min  -1286.14  2.92535  2.92535  0.31955
protocols.relax.FastRelax: CMD: coord_cst_weight  -1286.14  2.92535  2.92535  0.31955
protocols.relax.FastRelax: CMD: scale:fa_rep  -1076.88  2.92535  2.92535  0.55
core.pack.task: Packer task: initialize from command line() 
core.pack.pack_rotamers: built 7019 rotamers at 492 positions.
core.pack.interaction_graph.interaction_graph_factory: Instantiating DensePDInteractionGraph
protocols.relax.FastRelax: CMD: repack  -1072.45  2.92535  2.92535  0.55
protocols.relax.FastRelax: CMD: min  -1136.81  3.15403  3.15403  0.55
protocols.relax.FastRelax: MRP: 3  -1136.81  -1136.81  3.15403  3.15403  
protocols.relax.FastRelax: CMD: accept_to_best  -1136.81  3.15403  3.15403  0.55
protocols.relax.FastRelax: CMD: endrepeat  -1136.81  3.15403  3.15403  0.55
protocols.relax.FastRelax: CMD: coord_cst_weight  52731.7  3.15403  3.15403  0.55
protocols.relax.FastRelax: CMD: scale:fa_rep  52402.6  3.15403  3.15403  0.022
core.pack.task: Packer task: initialize from command line() 
core.pack.pack_rotamers: built 7820 rotamers at 492 positions.
core.pack.interaction_graph.interaction_graph_factory: Instantiating DensePDInteractionGraph
protocols.relax.FastRelax: CMD: repack  52383.1  3.15403  3.15403  0.022
protocols.relax.FastRelax: CMD: scale:fa_rep  52389.8  3.15403  3.15403  0.02805
core.optimization.Minimizer: [ WARNING ] LBFGS MAX CYCLES 2000 EXCEEDED, BUT FUNC NOT CONVERGED!
protocols.relax.FastRelax: CMD: min  -1261.5  0.183038  0.183038  0.02805
protocols.relax.FastRelax: CMD: coord_cst_weight  -1334.91  0.183038  0.183038  0.02805
protocols.relax.FastRelax: CMD: scale:fa_rep  -970.493  0.183038  0.183038  0.14575
core.pack.task: Packer task: initialize from command line() 
core.pack.pack_rotamers: built 7359 rotamers at 492 positions.
core.pack.interaction_graph.interaction_graph_factory: Instantiating DensePDInteractionGraph
protocols.relax.FastRelax: CMD: repack  -1050.8  0.183038  0.183038  0.14575
protocols.relax.FastRelax: CMD: scale:fa_rep  -1030.52  0.183038  0.183038  0.154
protocols.relax.FastRelax: CMD: min  -1194.44  0.223776  0.223776  0.154
protocols.relax.FastRelax: CMD: coord_cst_weight  -1303.82  0.223776  0.223776  0.154
protocols.relax.FastRelax: CMD: scale:fa_rep  -1119.56  0.223776  0.223776  0.30745
core.pack.task: Packer task: initialize from command line() 
core.pack.pack_rotamers: built 7130 rotamers at 492 positions.
core.pack.interaction_graph.interaction_graph_factory: Instantiating DensePDInteractionGraph
protocols.relax.FastRelax: CMD: repack  -1120.85  0.223776  0.223776  0.30745
protocols.relax.FastRelax: CMD: scale:fa_rep  -1106.44  0.223776  0.223776  0.31955
protocols.relax.FastRelax: CMD: min  -1302.82  3.71533  3.71533  0.31955
protocols.relax.FastRelax: CMD: coord_cst_weight  -1302.82  3.71533  3.71533  0.31955
protocols.relax.FastRelax: CMD: scale:fa_rep  -1095.24  3.71533  3.71533  0.55
core.pack.task: Packer task: initialize from command line() 
core.pack.pack_rotamers: built 6998 rotamers at 492 positions.
core.pack.interaction_graph.interaction_graph_factory: Instantiating DensePDInteractionGraph
protocols.relax.FastRelax: CMD: repack  -1098.11  3.71533  3.71533  0.55
protocols.relax.FastRelax: CMD: min  -1149.99  3.88014  3.88014  0.55
protocols.relax.FastRelax: MRP: 4  -1149.99  -1149.99  3.88014  3.88014  
protocols.relax.FastRelax: CMD: accept_to_best  -1149.99  3.88014  3.88014  0.55
protocols.relax.FastRelax: CMD: endrepeat  -1149.99  3.88014  3.88014  0.55
protocols.relax.FastRelax: CMD: coord_cst_weight  73259.4  3.88014  3.88014  0.55
protocols.relax.FastRelax: CMD: scale:fa_rep  72926.4  3.88014  3.88014  0.022
core.pack.task: Packer task: initialize from command line() 
core.pack.pack_rotamers: built 7708 rotamers at 492 positions.
core.pack.interaction_graph.interaction_graph_factory: Instantiating DensePDInteractionGraph
protocols.relax.FastRelax: CMD: repack  72906.2  3.88014  3.88014  0.022
protocols.relax.FastRelax: CMD: scale:fa_rep  72912.4  3.88014  3.88014  0.02805
core.optimization.Minimizer: [ WARNING ] LBFGS MAX CYCLES 2000 EXCEEDED, BUT FUNC NOT CONVERGED!
protocols.relax.FastRelax: CMD: min  -1271.4  0.185028  0.185028  0.02805
protocols.relax.FastRelax: CMD: coord_cst_weight  -1346.28  0.185028  0.185028  0.02805
protocols.relax.FastRelax: CMD: scale:fa_rep  -977.632  0.185028  0.185028  0.14575
core.pack.task: Packer task: initialize from command line() 
core.pack.pack_rotamers: built 7333 rotamers at 492 positions.
core.pack.interaction_graph.interaction_graph_factory: Instantiating DensePDInteractionGraph
protocols.relax.FastRelax: CMD: repack  -1059.04  0.185028  0.185028  0.14575
protocols.relax.FastRelax: CMD: scale:fa_rep  -1038.95  0.185028  0.185028  0.154
protocols.relax.FastRelax: CMD: min  -1199.28  0.224843  0.224843  0.154
protocols.relax.FastRelax: CMD: coord_cst_weight  -1310.03  0.224843  0.224843  0.154
protocols.relax.FastRelax: CMD: scale:fa_rep  -1127.73  0.224843  0.224843  0.30745
core.pack.task: Packer task: initialize from command line() 
core.pack.pack_rotamers: built 7130 rotamers at 492 positions.
core.pack.interaction_graph.interaction_graph_factory: Instantiating DensePDInteractionGraph
protocols.relax.FastRelax: CMD: repack  -1128.3  0.224843  0.224843  0.30745
protocols.relax.FastRelax: CMD: scale:fa_rep  -1114.14  0.224843  0.224843  0.31955
protocols.relax.FastRelax: CMD: min  -1305.26  3.77747  3.77747  0.31955
protocols.relax.FastRelax: CMD: coord_cst_weight  -1305.26  3.77747  3.77747  0.31955
protocols.relax.FastRelax: CMD: scale:fa_rep  -1099.42  3.77747  3.77747  0.55
core.pack.task: Packer task: initialize from command line() 
core.pack.pack_rotamers: built 6968 rotamers at 492 positions.
core.pack.interaction_graph.interaction_graph_factory: Instantiating DensePDInteractionGraph
protocols.relax.FastRelax: CMD: repack  -1102.42  3.77747  3.77747  0.55
protocols.relax.FastRelax: CMD: min  -1154.81  3.965  3.965  0.55
protocols.relax.FastRelax: MRP: 5  -1154.81  -1154.81  3.965  3.965  
protocols.relax.FastRelax: CMD: accept_to_best  -1154.81  3.965  3.965  0.55
protocols.relax.FastRelax: CMD: endrepeat  -1154.81  3.965  3.965  0.55
protocols.relax.FastRelax: CMD: coord_cst_weight  69687.1  3.965  3.965  0.55
protocols.relax.FastRelax: CMD: scale:fa_rep  69358.9  3.965  3.965  0.022
core.pack.task: Packer task: initialize from command line() 
core.pack.pack_rotamers: built 7709 rotamers at 492 positions.
core.pack.interaction_graph.interaction_graph_factory: Instantiating DensePDInteractionGraph
protocols.relax.FastRelax: CMD: repack  69339.4  3.965  3.965  0.022
protocols.relax.FastRelax: CMD: scale:fa_rep  69345.3  3.965  3.965  0.02805
core.optimization.Minimizer: [ WARNING ] LBFGS MAX CYCLES 2000 EXCEEDED, BUT FUNC NOT CONVERGED!
protocols.relax.FastRelax: CMD: min  -1273.62  0.180693  0.180693  0.02805
protocols.relax.FastRelax: CMD: coord_cst_weight  -1344.63  0.180693  0.180693  0.02805
protocols.relax.FastRelax: CMD: scale:fa_rep  -995.019  0.180693  0.180693  0.14575
core.pack.task: Packer task: initialize from command line() 
core.pack.pack_rotamers: built 7357 rotamers at 492 positions.
core.pack.interaction_graph.interaction_graph_factory: Instantiating DensePDInteractionGraph
protocols.relax.FastRelax: CMD: repack  -1064.91  0.180693  0.180693  0.14575
protocols.relax.FastRelax: CMD: scale:fa_rep  -1044.98  0.180693  0.180693  0.154
protocols.relax.FastRelax: CMD: min  -1198.83  0.223259  0.223259  0.154
protocols.relax.FastRelax: CMD: coord_cst_weight  -1308.09  0.223259  0.223259  0.154
protocols.relax.FastRelax: CMD: scale:fa_rep  -1127.09  0.223259  0.223259  0.30745
core.pack.task: Packer task: initialize from command line() 
core.pack.pack_rotamers: built 7134 rotamers at 492 positions.
core.pack.interaction_graph.interaction_graph_factory: Instantiating DensePDInteractionGraph
protocols.relax.FastRelax: CMD: repack  -1128.24  0.223259  0.223259  0.30745
protocols.relax.FastRelax: CMD: scale:fa_rep  -1114.08  0.223259  0.223259  0.31955
protocols.relax.FastRelax: CMD: min  -1298.25  3.37359  3.37359  0.31955
protocols.relax.FastRelax: CMD: coord_cst_weight  -1298.25  3.37359  3.37359  0.31955
protocols.relax.FastRelax: CMD: scale:fa_rep  -1093.59  3.37359  3.37359  0.55
core.pack.task: Packer task: initialize from command line() 
core.pack.pack_rotamers: built 6929 rotamers at 492 positions.
core.pack.interaction_graph.interaction_graph_factory: Instantiating DensePDInteractionGraph
protocols.relax.FastRelax: CMD: repack  -1099.59  3.37359  3.37359  0.55
protocols.relax.FastRelax: CMD: min  -1163.6  3.90835  3.90835  0.55
protocols.relax.FastRelax: MRP: 6  -1163.6  -1163.6  3.90835  3.90835  
protocols.relax.FastRelax: CMD: accept_to_best  -1163.6  3.90835  3.90835  0.55
protocols.relax.FastRelax: CMD: endrepeat  -1163.6  3.90835  3.90835  0.55
protocols.relax.FastRelax: CMD: coord_cst_weight  79805.1  3.90835  3.90835  0.55
protocols.relax.FastRelax: CMD: scale:fa_rep  79477.1  3.90835  3.90835  0.022
core.pack.task: Packer task: initialize from command line() 
core.pack.pack_rotamers: built 7708 rotamers at 492 positions.
core.pack.interaction_graph.interaction_graph_factory: Instantiating DensePDInteractionGraph
protocols.relax.FastRelax: CMD: repack  79475.3  3.90835  3.90835  0.022
protocols.relax.FastRelax: CMD: scale:fa_rep  79481.1  3.90835  3.90835  0.02805
core.optimization.Minimizer: [ WARNING ] LBFGS MAX CYCLES 2000 EXCEEDED, BUT FUNC NOT CONVERGED!
protocols.relax.FastRelax: CMD: min  -1262.61  0.181211  0.181211  0.02805
protocols.relax.FastRelax: CMD: coord_cst_weight  -1332.81  0.181211  0.181211  0.02805
protocols.relax.FastRelax: CMD: scale:fa_rep  -1002.47  0.181211  0.181211  0.14575
core.pack.task: Packer task: initialize from command line() 
core.pack.pack_rotamers: built 7325 rotamers at 492 positions.
core.pack.interaction_graph.interaction_graph_factory: Instantiating DensePDInteractionGraph
protocols.relax.FastRelax: CMD: repack  -1046.99  0.181211  0.181211  0.14575
protocols.relax.FastRelax: CMD: scale:fa_rep  -1026.2  0.181211  0.181211  0.154
protocols.relax.FastRelax: CMD: min  -1190.29  0.231326  0.231326  0.154
protocols.relax.FastRelax: CMD: coord_cst_weight  -1305.11  0.231326  0.231326  0.154
protocols.relax.FastRelax: CMD: scale:fa_rep  -1123.09  0.231326  0.231326  0.30745
core.pack.task: Packer task: initialize from command line() 
core.pack.pack_rotamers: built 7167 rotamers at 492 positions.
core.pack.interaction_graph.interaction_graph_factory: Instantiating DensePDInteractionGraph
protocols.relax.FastRelax: CMD: repack  -1123.79  0.231326  0.231326  0.30745
protocols.relax.FastRelax: CMD: scale:fa_rep  -1109.61  0.231326  0.231326  0.31955
protocols.relax.FastRelax: CMD: min  -1303.65  3.15113  3.15113  0.31955
protocols.relax.FastRelax: CMD: coord_cst_weight  -1303.65  3.15113  3.15113  0.31955
protocols.relax.FastRelax: CMD: scale:fa_rep  -1098.84  3.15113  3.15113  0.55
core.pack.task: Packer task: initialize from command line() 
core.pack.pack_rotamers: built 6959 rotamers at 492 positions.
core.pack.interaction_graph.interaction_graph_factory: Instantiating DensePDInteractionGraph
protocols.relax.FastRelax: CMD: repack  -1106.5  3.15113  3.15113  0.55
protocols.relax.FastRelax: CMD: min  -1165.85  3.75107  3.75107  0.55
protocols.relax.FastRelax: MRP: 7  -1165.85  -1165.85  3.75107  3.75107  
protocols.relax.FastRelax: CMD: accept_to_best  -1165.85  3.75107  3.75107  0.55
protocols.relax.FastRelax: CMD: endrepeat  -1165.85  3.75107  3.75107  0.55
protocols.relax.FastRelax: CMD: coord_cst_weight  67627.3  3.75107  3.75107  0.55
protocols.relax.FastRelax: CMD: scale:fa_rep  67299.6  3.75107  3.75107  0.022
core.pack.task: Packer task: initialize from command line() 
core.pack.pack_rotamers: built 7677 rotamers at 492 positions.
core.pack.interaction_graph.interaction_graph_factory: Instantiating DensePDInteractionGraph
protocols.relax.FastRelax: CMD: repack  67281.1  3.75107  3.75107  0.022
protocols.relax.FastRelax: CMD: scale:fa_rep  67287.1  3.75107  3.75107  0.02805
core.optimization.Minimizer: [ WARNING ] LBFGS MAX CYCLES 2000 EXCEEDED, BUT FUNC NOT CONVERGED!
protocols.relax.FastRelax: CMD: min  -1258.7  0.179594  0.179594  0.02805
protocols.relax.FastRelax: CMD: coord_cst_weight  -1329.05  0.179594  0.179594  0.02805
protocols.relax.FastRelax: CMD: scale:fa_rep  -914.441  0.179594  0.179594  0.14575
core.pack.task: Packer task: initialize from command line() 
core.pack.pack_rotamers: built 7324 rotamers at 492 positions.
core.pack.interaction_graph.interaction_graph_factory: Instantiating DensePDInteractionGraph
protocols.relax.FastRelax: CMD: repack  -1075.96  0.179594  0.179594  0.14575
protocols.relax.FastRelax: CMD: scale:fa_rep  -1056.82  0.179594  0.179594  0.154
protocols.relax.FastRelax: CMD: min  -1197.78  0.225545  0.225545  0.154
protocols.relax.FastRelax: CMD: coord_cst_weight  -1307.77  0.225545  0.225545  0.154
protocols.relax.FastRelax: CMD: scale:fa_rep  -1130.02  0.225545  0.225545  0.30745
core.pack.task: Packer task: initialize from command line() 
core.pack.pack_rotamers: built 7148 rotamers at 492 positions.
core.pack.interaction_graph.interaction_graph_factory: Instantiating DensePDInteractionGraph
protocols.relax.FastRelax: CMD: repack  -1129.7  0.225545  0.225545  0.30745
protocols.relax.FastRelax: CMD: scale:fa_rep  -1115.74  0.225545  0.225545  0.31955
protocols.relax.FastRelax: CMD: min  -1324.38  3.50861  3.50861  0.31955
protocols.relax.FastRelax: CMD: coord_cst_weight  -1324.38  3.50861  3.50861  0.31955
protocols.relax.FastRelax: CMD: scale:fa_rep  -1122.11  3.50861  3.50861  0.55
core.pack.task: Packer task: initialize from command line() 
core.pack.pack_rotamers: built 6891 rotamers at 492 positions.
core.pack.interaction_graph.interaction_graph_factory: Instantiating DensePDInteractionGraph
protocols.relax.FastRelax: CMD: repack  -1126.17  3.50861  3.50861  0.55
protocols.relax.FastRelax: CMD: min  -1166.53  3.6273  3.6273  0.55
protocols.relax.FastRelax: MRP: 8  -1166.53  -1166.53  3.6273  3.6273  
protocols.relax.FastRelax: CMD: accept_to_best  -1166.53  3.6273  3.6273  0.55
protocols.relax.FastRelax: CMD: endrepeat  -1166.53  3.6273  3.6273  0.55
protocols.relax.FastRelax: CMD: coord_cst_weight  63662.9  3.6273  3.6273  0.55
protocols.relax.FastRelax: CMD: scale:fa_rep  63330.9  3.6273  3.6273  0.022
core.pack.task: Packer task: initialize from command line() 
core.pack.pack_rotamers: built 7648 rotamers at 492 positions.
core.pack.interaction_graph.interaction_graph_factory: Instantiating DensePDInteractionGraph
protocols.relax.FastRelax: CMD: repack  63323.2  3.6273  3.6273  0.022
protocols.relax.FastRelax: CMD: scale:fa_rep  63335.2  3.6273  3.6273  0.02805
core.optimization.Minimizer: [ WARNING ] LBFGS MAX CYCLES 2000 EXCEEDED, BUT FUNC NOT CONVERGED!
protocols.relax.FastRelax: CMD: min  -1261.77  0.186706  0.186706  0.02805
protocols.relax.FastRelax: CMD: coord_cst_weight  -1336.14  0.186706  0.186706  0.02805
protocols.relax.FastRelax: CMD: scale:fa_rep  -944.958  0.186706  0.186706  0.14575
core.pack.task: Packer task: initialize from command line() 
core.pack.pack_rotamers: built 7334 rotamers at 492 positions.
core.pack.interaction_graph.interaction_graph_factory: Instantiating DensePDInteractionGraph
protocols.relax.FastRelax: CMD: repack  -1054.04  0.186706  0.186706  0.14575
protocols.relax.FastRelax: CMD: scale:fa_rep  -1033.44  0.186706  0.186706  0.154
protocols.relax.FastRelax: CMD: min  -1197  0.227794  0.227794  0.154
protocols.relax.FastRelax: CMD: coord_cst_weight  -1309.51  0.227794  0.227794  0.154
protocols.relax.FastRelax: CMD: scale:fa_rep  -1124.36  0.227794  0.227794  0.30745
core.pack.task: Packer task: initialize from command line() 
core.pack.pack_rotamers: built 7165 rotamers at 492 positions.
core.pack.interaction_graph.interaction_graph_factory: Instantiating DensePDInteractionGraph
protocols.relax.FastRelax: CMD: repack  -1124.93  0.227794  0.227794  0.30745
protocols.relax.FastRelax: CMD: scale:fa_rep  -1110.55  0.227794  0.227794  0.31955
protocols.relax.FastRelax: CMD: min  -1309.84  3.64886  3.64886  0.31955
protocols.relax.FastRelax: CMD: coord_cst_weight  -1309.84  3.64886  3.64886  0.31955
protocols.relax.FastRelax: CMD: scale:fa_rep  -1104.52  3.64886  3.64886  0.55
core.pack.task: Packer task: initialize from command line() 
core.pack.pack_rotamers: built 6951 rotamers at 492 positions.
core.pack.interaction_graph.interaction_graph_factory: Instantiating DensePDInteractionGraph
protocols.relax.FastRelax: CMD: repack  -1105.43  3.64886  3.64886  0.55
protocols.relax.FastRelax: CMD: min  -1166.62  3.96082  3.96082  0.55
protocols.relax.FastRelax: MRP: 9  -1166.62  -1166.62  3.96082  3.96082  
protocols.relax.FastRelax: CMD: accept_to_best  -1166.62  3.96082  3.96082  0.55
protocols.relax.FastRelax: CMD: endrepeat  -1166.62  3.96082  3.96082  0.55
protocols.relax.FastRelax: CMD: coord_cst_weight  87717.8  3.96082  3.96082  0.55
protocols.relax.FastRelax: CMD: scale:fa_rep  87389.1  3.96082  3.96082  0.022
core.pack.task: Packer task: initialize from command line() 
core.pack.pack_rotamers: built 7627 rotamers at 492 positions.
core.pack.interaction_graph.interaction_graph_factory: Instantiating DensePDInteractionGraph
protocols.relax.FastRelax: CMD: repack  87377.7  3.96082  3.96082  0.022
protocols.relax.FastRelax: CMD: scale:fa_rep  87385.9  3.96082  3.96082  0.02805
core.optimization.Minimizer: [ WARNING ] LBFGS MAX CYCLES 2000 EXCEEDED, BUT FUNC NOT CONVERGED!
protocols.relax.FastRelax: CMD: min  -1267.07  0.184691  0.184691  0.02805
protocols.relax.FastRelax: CMD: coord_cst_weight  -1340.86  0.184691  0.184691  0.02805
protocols.relax.FastRelax: CMD: scale:fa_rep  -1009.34  0.184691  0.184691  0.14575
core.pack.task: Packer task: initialize from command line() 
core.pack.pack_rotamers: built 7323 rotamers at 492 positions.
core.pack.interaction_graph.interaction_graph_factory: Instantiating DensePDInteractionGraph
protocols.relax.FastRelax: CMD: repack  -1053.83  0.184691  0.184691  0.14575
protocols.relax.FastRelax: CMD: scale:fa_rep  -1034.26  0.184691  0.184691  0.154
protocols.relax.FastRelax: CMD: min  -1202.16  0.226589  0.226589  0.154
protocols.relax.FastRelax: CMD: coord_cst_weight  -1314.38  0.226589  0.226589  0.154
protocols.relax.FastRelax: CMD: scale:fa_rep  -1136.08  0.226589  0.226589  0.30745
core.pack.task: Packer task: initialize from command line() 
core.pack.pack_rotamers: built 7117 rotamers at 492 positions.
core.pack.interaction_graph.interaction_graph_factory: Instantiating DensePDInteractionGraph
protocols.relax.FastRelax: CMD: repack  -1136.32  0.226589  0.226589  0.30745
protocols.relax.FastRelax: CMD: scale:fa_rep  -1122.32  0.226589  0.226589  0.31955
protocols.relax.FastRelax: CMD: min  -1323.97  3.48313  3.48313  0.31955
protocols.relax.FastRelax: CMD: coord_cst_weight  -1323.97  3.48313  3.48313  0.31955
protocols.relax.FastRelax: CMD: scale:fa_rep  -1119.98  3.48313  3.48313  0.55
core.pack.task: Packer task: initialize from command line() 
core.pack.pack_rotamers: built 6939 rotamers at 492 positions.
core.pack.interaction_graph.interaction_graph_factory: Instantiating DensePDInteractionGraph
protocols.relax.FastRelax: CMD: repack  -1121.96  3.48313  3.48313  0.55
protocols.relax.FastRelax: CMD: min  -1171.08  3.76139  3.76139  0.55
protocols.relax.FastRelax: MRP: 10  -1171.08  -1171.08  3.76139  3.76139  
protocols.relax.FastRelax: CMD: accept_to_best  -1171.08  3.76139  3.76139  0.55
protocols.relax.FastRelax: CMD: endrepeat  -1171.08  3.76139  3.76139  0.55
protocols.relax.FastRelax: CMD: coord_cst_weight  76889.5  3.76139  3.76139  0.55
protocols.relax.FastRelax: CMD: scale:fa_rep  76563  3.76139  3.76139  0.022
core.pack.task: Packer task: initialize from command line() 
core.pack.pack_rotamers: built 7652 rotamers at 492 positions.
core.pack.interaction_graph.interaction_graph_factory: Instantiating DensePDInteractionGraph
protocols.relax.FastRelax: CMD: repack  76553.4  3.76139  3.76139  0.022
protocols.relax.FastRelax: CMD: scale:fa_rep  76563.3  3.76139  3.76139  0.02805
core.optimization.Minimizer: [ WARNING ] LBFGS MAX CYCLES 2000 EXCEEDED, BUT FUNC NOT CONVERGED!
protocols.relax.FastRelax: CMD: min  -1260.81  0.187049  0.187049  0.02805
protocols.relax.FastRelax: CMD: coord_cst_weight  -1337.08  0.187049  0.187049  0.02805
protocols.relax.FastRelax: CMD: scale:fa_rep  -1002.69  0.187049  0.187049  0.14575
core.pack.task: Packer task: initialize from command line() 
core.pack.pack_rotamers: built 7326 rotamers at 492 positions.
core.pack.interaction_graph.interaction_graph_factory: Instantiating DensePDInteractionGraph
protocols.relax.FastRelax: CMD: repack  -1044.92  0.187049  0.187049  0.14575
protocols.relax.FastRelax: CMD: scale:fa_rep  -1024.37  0.187049  0.187049  0.154
protocols.relax.FastRelax: CMD: min  -1200.96  0.226507  0.226507  0.154
protocols.relax.FastRelax: CMD: coord_cst_weight  -1312.74  0.226507  0.226507  0.154
protocols.relax.FastRelax: CMD: scale:fa_rep  -1131.45  0.226507  0.226507  0.30745
core.pack.task: Packer task: initialize from command line() 
core.pack.pack_rotamers: built 7106 rotamers at 492 positions.
core.pack.interaction_graph.interaction_graph_factory: Instantiating DensePDInteractionGraph
protocols.relax.FastRelax: CMD: repack  -1132.59  0.226507  0.226507  0.30745
protocols.relax.FastRelax: CMD: scale:fa_rep  -1118.52  0.226507  0.226507  0.31955
protocols.relax.FastRelax: CMD: min  -1310.69  3.27068  3.27068  0.31955
protocols.relax.FastRelax: CMD: coord_cst_weight  -1310.69  3.27068  3.27068  0.31955
protocols.relax.FastRelax: CMD: scale:fa_rep  -1108.64  3.27068  3.27068  0.55
core.pack.task: Packer task: initialize from command line() 
core.pack.pack_rotamers: built 6925 rotamers at 492 positions.
core.pack.interaction_graph.interaction_graph_factory: Instantiating DensePDInteractionGraph
protocols.relax.FastRelax: CMD: repack  -1108.09  3.27068  3.27068  0.55
protocols.relax.FastRelax: CMD: min  -1161.54  3.64656  3.64656  0.55
protocols.relax.FastRelax: MRP: 11  -1161.54  -1171.08  3.76139  3.76139  
protocols.relax.FastRelax: CMD: accept_to_best  -1161.54  3.64656  3.64656  0.55
protocols.relax.FastRelax: CMD: endrepeat  -1161.54  3.64656  3.64656  0.55
protocols.relax.FastRelax: CMD: coord_cst_weight  83768.8  3.64656  3.64656  0.55
protocols.relax.FastRelax: CMD: scale:fa_rep  83443.5  3.64656  3.64656  0.022
core.pack.task: Packer task: initialize from command line() 
core.pack.pack_rotamers: built 7624 rotamers at 492 positions.
core.pack.interaction_graph.interaction_graph_factory: Instantiating DensePDInteractionGraph
protocols.relax.FastRelax: CMD: repack  83430.7  3.64656  3.64656  0.022
protocols.relax.FastRelax: CMD: scale:fa_rep  83441  3.64656  3.64656  0.02805
core.optimization.Minimizer: [ WARNING ] LBFGS MAX CYCLES 2000 EXCEEDED, BUT FUNC NOT CONVERGED!
protocols.relax.FastRelax: CMD: min  -1283.06  0.182206  0.182206  0.02805
protocols.relax.FastRelax: CMD: coord_cst_weight  -1355.08  0.182206  0.182206  0.02805
protocols.relax.FastRelax: CMD: scale:fa_rep  -1024.9  0.182206  0.182206  0.14575
core.pack.task: Packer task: initialize from command line() 
core.pack.pack_rotamers: built 7385 rotamers at 492 positions.
core.pack.interaction_graph.interaction_graph_factory: Instantiating DensePDInteractionGraph
protocols.relax.FastRelax: CMD: repack  -1059.49  0.182206  0.182206  0.14575
protocols.relax.FastRelax: CMD: scale:fa_rep  -1039.39  0.182206  0.182206  0.154
protocols.relax.FastRelax: CMD: min  -1198.37  0.224827  0.224827  0.154
protocols.relax.FastRelax: CMD: coord_cst_weight  -1309.01  0.224827  0.224827  0.154
protocols.relax.FastRelax: CMD: scale:fa_rep  -1124.89  0.224827  0.224827  0.30745
core.pack.task: Packer task: initialize from command line() 
core.pack.pack_rotamers: built 7109 rotamers at 492 positions.
core.pack.interaction_graph.interaction_graph_factory: Instantiating DensePDInteractionGraph
protocols.relax.FastRelax: CMD: repack  -1126.04  0.224827  0.224827  0.30745
protocols.relax.FastRelax: CMD: scale:fa_rep  -1111.85  0.224827  0.224827  0.31955
protocols.relax.FastRelax: CMD: min  -1301.13  3.26108  3.26108  0.31955
protocols.relax.FastRelax: CMD: coord_cst_weight  -1301.13  3.26108  3.26108  0.31955
protocols.relax.FastRelax: CMD: scale:fa_rep  -1099.04  3.26108  3.26108  0.55
core.pack.task: Packer task: initialize from command line() 
core.pack.pack_rotamers: built 6958 rotamers at 492 positions.
core.pack.interaction_graph.interaction_graph_factory: Instantiating DensePDInteractionGraph
protocols.relax.FastRelax: CMD: repack  -1101.43  3.26108  3.26108  0.55
protocols.relax.FastRelax: CMD: min  -1153.35  3.70698  3.70698  0.55
protocols.relax.FastRelax: MRP: 12  -1153.35  -1171.08  3.76139  3.76139  
protocols.relax.FastRelax: CMD: accept_to_best  -1153.35  3.70698  3.70698  0.55
protocols.relax.FastRelax: CMD: endrepeat  -1153.35  3.70698  3.70698  0.55
protocols.relax.FastRelax: CMD: coord_cst_weight  87340.7  3.70698  3.70698  0.55
protocols.relax.FastRelax: CMD: scale:fa_rep  87014.6  3.70698  3.70698  0.022
core.pack.task: Packer task: initialize from command line() 
core.pack.pack_rotamers: built 7639 rotamers at 492 positions.
core.pack.interaction_graph.interaction_graph_factory: Instantiating DensePDInteractionGraph
protocols.relax.FastRelax: CMD: repack  87005.1  3.70698  3.70698  0.022
protocols.relax.FastRelax: CMD: scale:fa_rep  87014.7  3.70698  3.70698  0.02805
core.optimization.Minimizer: [ WARNING ] LBFGS MAX CYCLES 2000 EXCEEDED, BUT FUNC NOT CONVERGED!
protocols.relax.FastRelax: CMD: min  -1267.93  0.185283  0.185283  0.02805
protocols.relax.FastRelax: CMD: coord_cst_weight  -1342.77  0.185283  0.185283  0.02805
protocols.relax.FastRelax: CMD: scale:fa_rep  -1012.34  0.185283  0.185283  0.14575
core.pack.task: Packer task: initialize from command line() 
core.pack.pack_rotamers: built 7292 rotamers at 492 positions.
core.pack.interaction_graph.interaction_graph_factory: Instantiating DensePDInteractionGraph
protocols.relax.FastRelax: CMD: repack  -1056.01  0.185283  0.185283  0.14575
protocols.relax.FastRelax: CMD: scale:fa_rep  -1035.88  0.185283  0.185283  0.154
protocols.relax.FastRelax: CMD: min  -1198.48  0.226389  0.226389  0.154
protocols.relax.FastRelax: CMD: coord_cst_weight  -1310.08  0.226389  0.226389  0.154
protocols.relax.FastRelax: CMD: scale:fa_rep  -1126.42  0.226389  0.226389  0.30745
core.pack.task: Packer task: initialize from command line() 
core.pack.pack_rotamers: built 7116 rotamers at 492 positions.
core.pack.interaction_graph.interaction_graph_factory: Instantiating DensePDInteractionGraph
protocols.relax.FastRelax: CMD: repack  -1127.95  0.226389  0.226389  0.30745
protocols.relax.FastRelax: CMD: scale:fa_rep  -1113.79  0.226389  0.226389  0.31955
protocols.relax.FastRelax: CMD: min  -1305.92  3.6731  3.6731  0.31955
protocols.relax.FastRelax: CMD: coord_cst_weight  -1305.92  3.6731  3.6731  0.31955
protocols.relax.FastRelax: CMD: scale:fa_rep  -1104.52  3.6731  3.6731  0.55
core.pack.task: Packer task: initialize from command line() 
core.pack.pack_rotamers: built 6973 rotamers at 492 positions.
core.pack.interaction_graph.interaction_graph_factory: Instantiating DensePDInteractionGraph
protocols.relax.FastRelax: CMD: repack  -1106.6  3.6731  3.6731  0.55
protocols.relax.FastRelax: CMD: min  -1158.3  3.45595  3.45595  0.55
protocols.relax.FastRelax: MRP: 13  -1158.3  -1171.08  3.76139  3.76139  
protocols.relax.FastRelax: CMD: accept_to_best  -1158.3  3.45595  3.45595  0.55
protocols.relax.FastRelax: CMD: endrepeat  -1158.3  3.45595  3.45595  0.55
protocols.relax.FastRelax: CMD: coord_cst_weight  71400  3.45595  3.45595  0.55
protocols.relax.FastRelax: CMD: scale:fa_rep  71074.4  3.45595  3.45595  0.022
core.pack.task: Packer task: initialize from command line() 
core.pack.pack_rotamers: built 7728 rotamers at 492 positions.
core.pack.interaction_graph.interaction_graph_factory: Instantiating DensePDInteractionGraph
protocols.relax.FastRelax: CMD: repack  71056.4  3.45595  3.45595  0.022
protocols.relax.FastRelax: CMD: scale:fa_rep  71065.4  3.45595  3.45595  0.02805
core.optimization.Minimizer: [ WARNING ] LBFGS MAX CYCLES 2000 EXCEEDED, BUT FUNC NOT CONVERGED!
protocols.relax.FastRelax: CMD: min  -1287.81  0.184194  0.184194  0.02805
protocols.relax.FastRelax: CMD: coord_cst_weight  -1362.89  0.184194  0.184194  0.02805
protocols.relax.FastRelax: CMD: scale:fa_rep  -1016.95  0.184194  0.184194  0.14575
core.pack.task: Packer task: initialize from command line() 
core.pack.pack_rotamers: built 7314 rotamers at 492 positions.
core.pack.interaction_graph.interaction_graph_factory: Instantiating DensePDInteractionGraph
protocols.relax.FastRelax: CMD: repack  -1034.52  0.184194  0.184194  0.14575
protocols.relax.FastRelax: CMD: scale:fa_rep  -1013.02  0.184194  0.184194  0.154
protocols.relax.FastRelax: CMD: min  -1192.41  0.227385  0.227385  0.154
protocols.relax.FastRelax: CMD: coord_cst_weight  -1304.89  0.227385  0.227385  0.154
protocols.relax.FastRelax: CMD: scale:fa_rep  -1121.25  0.227385  0.227385  0.30745
core.pack.task: Packer task: initialize from command line() 
core.pack.pack_rotamers: built 7127 rotamers at 492 positions.
core.pack.interaction_graph.interaction_graph_factory: Instantiating DensePDInteractionGraph
protocols.relax.FastRelax: CMD: repack  -1122.2  0.227385  0.227385  0.30745
protocols.relax.FastRelax: CMD: scale:fa_rep  -1107.8  0.227385  0.227385  0.31955
protocols.relax.FastRelax: CMD: min  -1304.73  3.39599  3.39599  0.31955
protocols.relax.FastRelax: CMD: coord_cst_weight  -1304.73  3.39599  3.39599  0.31955
protocols.relax.FastRelax: CMD: scale:fa_rep  -1101.2  3.39599  3.39599  0.55
core.pack.task: Packer task: initialize from command line() 
core.pack.pack_rotamers: built 6907 rotamers at 492 positions.
core.pack.interaction_graph.interaction_graph_factory: Instantiating DensePDInteractionGraph
protocols.relax.FastRelax: CMD: repack  -1104.62  3.39599  3.39599  0.55
protocols.relax.FastRelax: CMD: min  -1158.96  3.5233  3.5233  0.55
protocols.relax.FastRelax: MRP: 14  -1158.96  -1171.08  3.76139  3.76139  
protocols.relax.FastRelax: CMD: accept_to_best  -1158.96  3.5233  3.5233  0.55
protocols.relax.FastRelax: CMD: endrepeat  -1158.96  3.5233  3.5233  0.55
protocols::checkpoint: Deleting checkpoints of FastRelax
protocols.jd2.JobDistributor: target.BL00010001_7_0001 reported success in 13871 seconds
protocols.jd2.PDBJobInputter: PDBJobInputter::pose_from_job
protocols.jd2.PDBJobInputter: filling pose from saved copy ../1-modeller/target.BL00010001.pdb
protocols.relax.FastRelax: CMD: repeat  4476.34  0  0  0.55
protocols.relax.FastRelax: CMD: coord_cst_weight  4476.34  0  0  0.55
protocols.relax.FastRelax: CMD: scale:fa_rep  806.987  0  0  0.022
core.pack.task: Packer task: initialize from command line() 
core.pack.pack_rotamers: built 8129 rotamers at 492 positions.
core.pack.interaction_graph.interaction_graph_factory: Instantiating DensePDInteractionGraph
protocols.relax.FastRelax: CMD: repack  -868.195  0  0  0.022
protocols.relax.FastRelax: CMD: scale:fa_rep  -824.541  0  0  0.02805
core.optimization.Minimizer: [ WARNING ] LBFGS MAX CYCLES 2000 EXCEEDED, BUT FUNC NOT CONVERGED!
protocols.relax.FastRelax: CMD: min  -1291.45  0.147337  0.147337  0.02805
protocols.relax.FastRelax: CMD: coord_cst_weight  -1337.96  0.147337  0.147337  0.02805
protocols.relax.FastRelax: CMD: scale:fa_rep  -942.237  0.147337  0.147337  0.14575
core.pack.task: Packer task: initialize from command line() 
core.pack.pack_rotamers: built 7416 rotamers at 492 positions.
core.pack.interaction_graph.interaction_graph_factory: Instantiating DensePDInteractionGraph
protocols.relax.FastRelax: CMD: repack  -975.753  0.147337  0.147337  0.14575
protocols.relax.FastRelax: CMD: scale:fa_rep  -952.709  0.147337  0.147337  0.154
core.optimization.Minimizer: [ WARNING ] LBFGS MAX CYCLES 2000 EXCEEDED, BUT FUNC NOT CONVERGED!
protocols.relax.FastRelax: CMD: min  -1154.21  0.206007  0.206007  0.154
protocols.relax.FastRelax: CMD: coord_cst_weight  -1246.68  0.206007  0.206007  0.154
protocols.relax.FastRelax: CMD: scale:fa_rep  -1051.7  0.206007  0.206007  0.30745
core.pack.task: Packer task: initialize from command line() 
core.pack.pack_rotamers: built 7214 rotamers at 492 positions.
core.pack.interaction_graph.interaction_graph_factory: Instantiating DensePDInteractionGraph
protocols.relax.FastRelax: CMD: repack  -1052.29  0.206007  0.206007  0.30745
protocols.relax.FastRelax: CMD: scale:fa_rep  -1037.22  0.206007  0.206007  0.31955
protocols.relax.FastRelax: CMD: min  -1241.88  3.21416  3.21416  0.31955
protocols.relax.FastRelax: CMD: coord_cst_weight  -1241.88  3.21416  3.21416  0.31955
protocols.relax.FastRelax: CMD: scale:fa_rep  -1033.77  3.21416  3.21416  0.55
core.pack.task: Packer task: initialize from command line() 
core.pack.pack_rotamers: built 7014 rotamers at 492 positions.
core.pack.interaction_graph.interaction_graph_factory: Instantiating DensePDInteractionGraph
protocols.relax.FastRelax: CMD: repack  -1038.18  3.21416  3.21416  0.55
protocols.relax.FastRelax: CMD: min  -1111.22  3.54282  3.54282  0.55
protocols.relax.FastRelax: MRP: 0  -1111.22  -1111.22  3.54282  3.54282  
protocols.relax.FastRelax: CMD: accept_to_best  -1111.22  3.54282  3.54282  0.55
protocols.relax.FastRelax: CMD: endrepeat  -1111.22  3.54282  3.54282  0.55
protocols.relax.FastRelax: CMD: coord_cst_weight  78212.6  3.54282  3.54282  0.55
protocols.relax.FastRelax: CMD: scale:fa_rep  77881.9  3.54282  3.54282  0.022
core.pack.task: Packer task: initialize from command line() 
core.pack.pack_rotamers: built 7821 rotamers at 492 positions.
core.pack.interaction_graph.interaction_graph_factory: Instantiating DensePDInteractionGraph
protocols.relax.FastRelax: CMD: repack  77845.1  3.54282  3.54282  0.022
protocols.relax.FastRelax: CMD: scale:fa_rep  77854.7  3.54282  3.54282  0.02805
core.optimization.Minimizer: [ WARNING ] LBFGS MAX CYCLES 2000 EXCEEDED, BUT FUNC NOT CONVERGED!
protocols.relax.FastRelax: CMD: min  -1231.32  0.182406  0.182406  0.02805
protocols.relax.FastRelax: CMD: coord_cst_weight  -1304.12  0.182406  0.182406  0.02805
protocols.relax.FastRelax: CMD: scale:fa_rep  -929.03  0.182406  0.182406  0.14575
core.pack.task: Packer task: initialize from command line() 
core.pack.pack_rotamers: built 7361 rotamers at 492 positions.
core.pack.interaction_graph.interaction_graph_factory: Instantiating DensePDInteractionGraph
protocols.relax.FastRelax: CMD: repack  -998.651  0.182406  0.182406  0.14575
protocols.relax.FastRelax: CMD: scale:fa_rep  -976.655  0.182406  0.182406  0.154
protocols.relax.FastRelax: CMD: min  -1164.2  0.224799  0.224799  0.154
protocols.relax.FastRelax: CMD: coord_cst_weight  -1274.24  0.224799  0.224799  0.154
protocols.relax.FastRelax: CMD: scale:fa_rep  -1085.02  0.224799  0.224799  0.30745
core.pack.task: Packer task: initialize from command line() 
core.pack.pack_rotamers: built 7137 rotamers at 492 positions.
core.pack.interaction_graph.interaction_graph_factory: Instantiating DensePDInteractionGraph
protocols.relax.FastRelax: CMD: repack  -1086.38  0.224799  0.224799  0.30745
protocols.relax.FastRelax: CMD: scale:fa_rep  -1071.63  0.224799  0.224799  0.31955
protocols.relax.FastRelax: CMD: min  -1285.71  2.81346  2.81346  0.31955
protocols.relax.FastRelax: CMD: coord_cst_weight  -1285.71  2.81346  2.81346  0.31955
protocols.relax.FastRelax: CMD: scale:fa_rep  -1078.8  2.81346  2.81346  0.55
core.pack.task: Packer task: initialize from command line() 
core.pack.pack_rotamers: built 6965 rotamers at 492 positions.
core.pack.interaction_graph.interaction_graph_factory: Instantiating DensePDInteractionGraph
protocols.relax.FastRelax: CMD: repack  -1081.68  2.81346  2.81346  0.55
protocols.relax.FastRelax: CMD: min  -1137.47  3.28491  3.28491  0.55
protocols.relax.FastRelax: MRP: 1  -1137.47  -1137.47  3.28491  3.28491  
protocols.relax.FastRelax: CMD: accept_to_best  -1137.47  3.28491  3.28491  0.55
protocols.relax.FastRelax: CMD: endrepeat  -1137.47  3.28491  3.28491  0.55
protocols.relax.FastRelax: CMD: coord_cst_weight  64442.7  3.28491  3.28491  0.55
protocols.relax.FastRelax: CMD: scale:fa_rep  64112.2  3.28491  3.28491  0.022
core.pack.task: Packer task: initialize from command line() 
core.pack.pack_rotamers: built 7751 rotamers at 492 positions.
core.pack.interaction_graph.interaction_graph_factory: Instantiating DensePDInteractionGraph
protocols.relax.FastRelax: CMD: repack  64095.4  3.28491  3.28491  0.022
protocols.relax.FastRelax: CMD: scale:fa_rep  64103.7  3.28491  3.28491  0.02805
core.optimization.Minimizer: [ WARNING ] LBFGS MAX CYCLES 2000 EXCEEDED, BUT FUNC NOT CONVERGED!
protocols.relax.FastRelax: CMD: min  -1244.27  0.183035  0.183035  0.02805
protocols.relax.FastRelax: CMD: coord_cst_weight  -1317.63  0.183035  0.183035  0.02805
protocols.relax.FastRelax: CMD: scale:fa_rep  -959.626  0.183035  0.183035  0.14575
core.pack.task: Packer task: initialize from command line() 
core.pack.pack_rotamers: built 7370 rotamers at 492 positions.
core.pack.interaction_graph.interaction_graph_factory: Instantiating DensePDInteractionGraph
protocols.relax.FastRelax: CMD: repack  -1002.37  0.183035  0.183035  0.14575
protocols.relax.FastRelax: CMD: scale:fa_rep  -980.86  0.183035  0.183035  0.154
protocols.relax.FastRelax: CMD: min  -1172.25  0.227414  0.227414  0.154
protocols.relax.FastRelax: CMD: coord_cst_weight  -1284.99  0.227414  0.227414  0.154
protocols.relax.FastRelax: CMD: scale:fa_rep  -1101.57  0.227414  0.227414  0.30745
core.pack.task: Packer task: initialize from command line() 
core.pack.pack_rotamers: built 7105 rotamers at 492 positions.
core.pack.interaction_graph.interaction_graph_factory: Instantiating DensePDInteractionGraph
protocols.relax.FastRelax: CMD: repack  -1100.7  0.227414  0.227414  0.30745
protocols.relax.FastRelax: CMD: scale:fa_rep  -1086.48  0.227414  0.227414  0.31955
protocols.relax.FastRelax: CMD: min  -1281.17  3.41948  3.41948  0.31955
protocols.relax.FastRelax: CMD: coord_cst_weight  -1281.17  3.41948  3.41948  0.31955
protocols.relax.FastRelax: CMD: scale:fa_rep  -1073.54  3.41948  3.41948  0.55
core.pack.task: Packer task: initialize from command line() 
core.pack.pack_rotamers: built 6916 rotamers at 492 positions.
core.pack.interaction_graph.interaction_graph_factory: Instantiating DensePDInteractionGraph
protocols.relax.FastRelax: CMD: repack  -1077.59  3.41948  3.41948  0.55
protocols.relax.FastRelax: CMD: min  -1130.16  3.79447  3.79447  0.55
protocols.relax.FastRelax: MRP: 2  -1130.16  -1137.47  3.28491  3.28491  
protocols.relax.FastRelax: CMD: accept_to_best  -1130.16  3.79447  3.79447  0.55
protocols.relax.FastRelax: CMD: endrepeat  -1130.16  3.79447  3.79447  0.55
protocols.relax.FastRelax: CMD: coord_cst_weight  95483.4  3.79447  3.79447  0.55
protocols.relax.FastRelax: CMD: scale:fa_rep  95150.1  3.79447  3.79447  0.022
core.pack.task: Packer task: initialize from command line() 
core.pack.pack_rotamers: built 7660 rotamers at 492 positions.
core.pack.interaction_graph.interaction_graph_factory: Instantiating DensePDInteractionGraph
protocols.relax.FastRelax: CMD: repack  95134.5  3.79447  3.79447  0.022
protocols.relax.FastRelax: CMD: scale:fa_rep  95142  3.79447  3.79447  0.02805
core.optimization.Minimizer: [ WARNING ] LBFGS MAX CYCLES 2000 EXCEEDED, BUT FUNC NOT CONVERGED!
protocols.relax.FastRelax: CMD: min  -1252.42  0.182669  0.182669  0.02805
protocols.relax.FastRelax: CMD: coord_cst_weight  -1325.81  0.182669  0.182669  0.02805
protocols.relax.FastRelax: CMD: scale:fa_rep  -997.53  0.182669  0.182669  0.14575
core.pack.task: Packer task: initialize from command line() 
core.pack.pack_rotamers: built 7334 rotamers at 492 positions.
core.pack.interaction_graph.interaction_graph_factory: Instantiating DensePDInteractionGraph
protocols.relax.FastRelax: CMD: repack  -1040.22  0.182669  0.182669  0.14575
protocols.relax.FastRelax: CMD: scale:fa_rep  -1019.98  0.182669  0.182669  0.154
protocols.relax.FastRelax: CMD: min  -1176.13  0.227982  0.227982  0.154
protocols.relax.FastRelax: CMD: coord_cst_weight  -1290.09  0.227982  0.227982  0.154
protocols.relax.FastRelax: CMD: scale:fa_rep  -1107.34  0.227982  0.227982  0.30745
core.pack.task: Packer task: initialize from command line() 
core.pack.pack_rotamers: built 7141 rotamers at 492 positions.
core.pack.interaction_graph.interaction_graph_factory: Instantiating DensePDInteractionGraph
protocols.relax.FastRelax: CMD: repack  -1108.12  0.227982  0.227982  0.30745
protocols.relax.FastRelax: CMD: scale:fa_rep  -1094  0.227982  0.227982  0.31955
protocols.relax.FastRelax: CMD: min  -1287.45  3.80783  3.80783  0.31955
protocols.relax.FastRelax: CMD: coord_cst_weight  -1287.45  3.80783  3.80783  0.31955
protocols.relax.FastRelax: CMD: scale:fa_rep  -1080.72  3.80783  3.80783  0.55
core.pack.task: Packer task: initialize from command line() 
core.pack.pack_rotamers: built 6931 rotamers at 492 positions.
core.pack.interaction_graph.interaction_graph_factory: Instantiating DensePDInteractionGraph
protocols.relax.FastRelax: CMD: repack  -1084.58  3.80783  3.80783  0.55
protocols.relax.FastRelax: CMD: min  -1133.8  3.92362  3.92362  0.55
protocols.relax.FastRelax: MRP: 3  -1133.8  -1137.47  3.28491  3.28491  
protocols.relax.FastRelax: CMD: accept_to_best  -1133.8  3.92362  3.92362  0.55
protocols.relax.FastRelax: CMD: endrepeat  -1133.8  3.92362  3.92362  0.55
protocols.relax.FastRelax: CMD: coord_cst_weight  103857  3.92362  3.92362  0.55
protocols.relax.FastRelax: CMD: scale:fa_rep  103526  3.92362  3.92362  0.022
core.pack.task: Packer task: initialize from command line() 
core.pack.pack_rotamers: built 7702 rotamers at 492 positions.
core.pack.interaction_graph.interaction_graph_factory: Instantiating DensePDInteractionGraph
protocols.relax.FastRelax: CMD: repack  103528  3.92362  3.92362  0.022
protocols.relax.FastRelax: CMD: scale:fa_rep  103540  3.92362  3.92362  0.02805
core.optimization.Minimizer: [ WARNING ] LBFGS MAX CYCLES 2000 EXCEEDED, BUT FUNC NOT CONVERGED!
protocols.relax.FastRelax: CMD: min  -1263.6  0.186939  0.186939  0.02805
protocols.relax.FastRelax: CMD: coord_cst_weight  -1339.59  0.186939  0.186939  0.02805
protocols.relax.FastRelax: CMD: scale:fa_rep  -999.523  0.186939  0.186939  0.14575
core.pack.task: Packer task: initialize from command line() 
core.pack.pack_rotamers: built 7344 rotamers at 492 positions.
core.pack.interaction_graph.interaction_graph_factory: Instantiating DensePDInteractionGraph
protocols.relax.FastRelax: CMD: repack  -1039.06  0.186939  0.186939  0.14575
protocols.relax.FastRelax: CMD: scale:fa_rep  -1018.27  0.186939  0.186939  0.154
protocols.relax.FastRelax: CMD: min  -1178.79  0.228901  0.228901  0.154
protocols.relax.FastRelax: CMD: coord_cst_weight  -1293.7  0.228901  0.228901  0.154
protocols.relax.FastRelax: CMD: scale:fa_rep  -1108.2  0.228901  0.228901  0.30745
core.pack.task: Packer task: initialize from command line() 
core.pack.pack_rotamers: built 7156 rotamers at 492 positions.
core.pack.interaction_graph.interaction_graph_factory: Instantiating DensePDInteractionGraph
protocols.relax.FastRelax: CMD: repack  -1107.94  0.228901  0.228901  0.30745
protocols.relax.FastRelax: CMD: scale:fa_rep  -1093.43  0.228901  0.228901  0.31955
protocols.relax.FastRelax: CMD: min  -1292.4  3.30774  3.30774  0.31955
protocols.relax.FastRelax: CMD: coord_cst_weight  -1292.4  3.30774  3.30774  0.31955
protocols.relax.FastRelax: CMD: scale:fa_rep  -1085.32  3.30774  3.30774  0.55
core.pack.task: Packer task: initialize from command line() 
core.pack.pack_rotamers: built 6931 rotamers at 492 positions.
core.pack.interaction_graph.interaction_graph_factory: Instantiating DensePDInteractionGraph
protocols.relax.FastRelax: CMD: repack  -1087.12  3.30774  3.30774  0.55
protocols.relax.FastRelax: CMD: min  -1145.16  3.58919  3.58919  0.55
protocols.relax.FastRelax: MRP: 4  -1145.16  -1145.16  3.58919  3.58919  
protocols.relax.FastRelax: CMD: accept_to_best  -1145.16  3.58919  3.58919  0.55
protocols.relax.FastRelax: CMD: endrepeat  -1145.16  3.58919  3.58919  0.55
protocols.relax.FastRelax: CMD: coord_cst_weight  90962.1  3.58919  3.58919  0.55
protocols.relax.FastRelax: CMD: scale:fa_rep  90632.4  3.58919  3.58919  0.022
core.pack.task: Packer task: initialize from command line() 
core.pack.pack_rotamers: built 7734 rotamers at 492 positions.
core.pack.interaction_graph.interaction_graph_factory: Instantiating DensePDInteractionGraph
protocols.relax.FastRelax: CMD: repack  90615.4  3.58919  3.58919  0.022
protocols.relax.FastRelax: CMD: scale:fa_rep  90624.5  3.58919  3.58919  0.02805
core.optimization.Minimizer: [ WARNING ] LBFGS MAX CYCLES 2000 EXCEEDED, BUT FUNC NOT CONVERGED!
protocols.relax.FastRelax: CMD: min  -1245.04  0.192666  0.192666  0.02805
protocols.relax.FastRelax: CMD: coord_cst_weight  -1328.23  0.192666  0.192666  0.02805
protocols.relax.FastRelax: CMD: scale:fa_rep  -965.93  0.192666  0.192666  0.14575
core.pack.task: Packer task: initialize from command line() 
core.pack.pack_rotamers: built 7348 rotamers at 492 positions.
core.pack.interaction_graph.interaction_graph_factory: Instantiating DensePDInteractionGraph
protocols.relax.FastRelax: CMD: repack  -1032.98  0.192666  0.192666  0.14575
protocols.relax.FastRelax: CMD: scale:fa_rep  -1012.34  0.192666  0.192666  0.154
protocols.relax.FastRelax: CMD: min  -1183.77  0.23301  0.23301  0.154
protocols.relax.FastRelax: CMD: coord_cst_weight  -1302.31  0.23301  0.23301  0.154
protocols.relax.FastRelax: CMD: scale:fa_rep  -1117.8  0.23301  0.23301  0.30745
core.pack.task: Packer task: initialize from command line() 
core.pack.pack_rotamers: built 7145 rotamers at 492 positions.
core.pack.interaction_graph.interaction_graph_factory: Instantiating DensePDInteractionGraph
protocols.relax.FastRelax: CMD: repack  -1118.55  0.23301  0.23301  0.30745
protocols.relax.FastRelax: CMD: scale:fa_rep  -1104.1  0.23301  0.23301  0.31955
protocols.relax.FastRelax: CMD: min  -1299.45  3.21243  3.21243  0.31955
protocols.relax.FastRelax: CMD: coord_cst_weight  -1299.45  3.21243  3.21243  0.31955
protocols.relax.FastRelax: CMD: scale:fa_rep  -1093.69  3.21243  3.21243  0.55
core.pack.task: Packer task: initialize from command line() 
core.pack.pack_rotamers: built 6906 rotamers at 492 positions.
core.pack.interaction_graph.interaction_graph_factory: Instantiating DensePDInteractionGraph
protocols.relax.FastRelax: CMD: repack  -1095.87  3.21243  3.21243  0.55
protocols.relax.FastRelax: CMD: min  -1146.47  3.6175  3.6175  0.55
protocols.relax.FastRelax: MRP: 5  -1146.47  -1146.47  3.6175  3.6175  
protocols.relax.FastRelax: CMD: accept_to_best  -1146.47  3.6175  3.6175  0.55
protocols.relax.FastRelax: CMD: endrepeat  -1146.47  3.6175  3.6175  0.55
protocols.relax.FastRelax: CMD: coord_cst_weight  94969.7  3.6175  3.6175  0.55
protocols.relax.FastRelax: CMD: scale:fa_rep  94639.4  3.6175  3.6175  0.022
core.pack.task: Packer task: initialize from command line() 
core.pack.pack_rotamers: built 7737 rotamers at 492 positions.
core.pack.interaction_graph.interaction_graph_factory: Instantiating DensePDInteractionGraph
protocols.relax.FastRelax: CMD: repack  94624.5  3.6175  3.6175  0.022
protocols.relax.FastRelax: CMD: scale:fa_rep  94633.7  3.6175  3.6175  0.02805
core.optimization.Minimizer: [ WARNING ] LBFGS MAX CYCLES 2000 EXCEEDED, BUT FUNC NOT CONVERGED!
protocols.relax.FastRelax: CMD: min  -1235.04  0.193768  0.193768  0.02805
protocols.relax.FastRelax: CMD: coord_cst_weight  -1318.09  0.193768  0.193768  0.02805
protocols.relax.FastRelax: CMD: scale:fa_rep  -946.303  0.193768  0.193768  0.14575
core.pack.task: Packer task: initialize from command line() 
core.pack.pack_rotamers: built 7383 rotamers at 492 positions.
core.pack.interaction_graph.interaction_graph_factory: Instantiating DensePDInteractionGraph
protocols.relax.FastRelax: CMD: repack  -1021.91  0.193768  0.193768  0.14575
protocols.relax.FastRelax: CMD: scale:fa_rep  -1001.2  0.193768  0.193768  0.154
protocols.relax.FastRelax: CMD: min  -1186.97  0.230577  0.230577  0.154
protocols.relax.FastRelax: CMD: coord_cst_weight  -1304.5  0.230577  0.230577  0.154
protocols.relax.FastRelax: CMD: scale:fa_rep  -1123.07  0.230577  0.230577  0.30745
core.pack.task: Packer task: initialize from command line() 
core.pack.pack_rotamers: built 7158 rotamers at 492 positions.
core.pack.interaction_graph.interaction_graph_factory: Instantiating DensePDInteractionGraph
protocols.relax.FastRelax: CMD: repack  -1123.72  0.230577  0.230577  0.30745
protocols.relax.FastRelax: CMD: scale:fa_rep  -1109.7  0.230577  0.230577  0.31955
protocols.relax.FastRelax: CMD: min  -956.625  3.88288  3.88288  0.31955
protocols.relax.FastRelax: CMD: coord_cst_weight  -956.625  3.88288  3.88288  0.31955
protocols.relax.FastRelax: CMD: scale:fa_rep  -502.182  3.88288  3.88288  0.55
core.pack.task: Packer task: initialize from command line() 
core.pack.pack_rotamers: built 6853 rotamers at 492 positions.
core.pack.interaction_graph.interaction_graph_factory: Instantiating DensePDInteractionGraph
protocols.relax.FastRelax: CMD: repack  -858.921  3.88288  3.88288  0.55
protocols.relax.FastRelax: CMD: min  -1146.97  3.73258  3.73258  0.55
protocols.relax.FastRelax: MRP: 6  -1146.97  -1146.97  3.73258  3.73258  
protocols.relax.FastRelax: CMD: accept_to_best  -1146.97  3.73258  3.73258  0.55
protocols.relax.FastRelax: CMD: endrepeat  -1146.97  3.73258  3.73258  0.55
protocols.relax.FastRelax: CMD: coord_cst_weight  84995.1  3.73258  3.73258  0.55
protocols.relax.FastRelax: CMD: scale:fa_rep  84667.7  3.73258  3.73258  0.022
core.pack.task: Packer task: initialize from command line() 
core.pack.pack_rotamers: built 7705 rotamers at 492 positions.
core.pack.interaction_graph.interaction_graph_factory: Instantiating DensePDInteractionGraph
protocols.relax.FastRelax: CMD: repack  84650.3  3.73258  3.73258  0.022
protocols.relax.FastRelax: CMD: scale:fa_rep  84659.9  3.73258  3.73258  0.02805
core.optimization.Minimizer: [ WARNING ] LBFGS MAX CYCLES 2000 EXCEEDED, BUT FUNC NOT CONVERGED!
protocols.relax.FastRelax: CMD: min  -1253.16  0.191859  0.191859  0.02805
protocols.relax.FastRelax: CMD: coord_cst_weight  -1333.21  0.191859  0.191859  0.02805
protocols.relax.FastRelax: CMD: scale:fa_rep  -1003.89  0.191859  0.191859  0.14575
core.pack.task: Packer task: initialize from command line() 
core.pack.pack_rotamers: built 7424 rotamers at 492 positions.
core.pack.interaction_graph.interaction_graph_factory: Instantiating DensePDInteractionGraph
protocols.relax.FastRelax: CMD: repack  -1048.15  0.191859  0.191859  0.14575
protocols.relax.FastRelax: CMD: scale:fa_rep  -1028.41  0.191859  0.191859  0.154
protocols.relax.FastRelax: CMD: min  -1187.03  0.230143  0.230143  0.154
protocols.relax.FastRelax: CMD: coord_cst_weight  -1304.46  0.230143  0.230143  0.154
protocols.relax.FastRelax: CMD: scale:fa_rep  -1122.84  0.230143  0.230143  0.30745
core.pack.task: Packer task: initialize from command line() 
core.pack.pack_rotamers: built 7184 rotamers at 492 positions.
core.pack.interaction_graph.interaction_graph_factory: Instantiating DensePDInteractionGraph
protocols.relax.FastRelax: CMD: repack  -1123.66  0.230143  0.230143  0.30745
protocols.relax.FastRelax: CMD: scale:fa_rep  -1109.43  0.230143  0.230143  0.31955
protocols.relax.FastRelax: CMD: min  -921.306  3.11735  3.11735  0.31955
protocols.relax.FastRelax: CMD: coord_cst_weight  -921.306  3.11735  3.11735  0.31955
protocols.relax.FastRelax: CMD: scale:fa_rep  -444.566  3.11735  3.11735  0.55
core.pack.task: Packer task: initialize from command line() 
core.pack.pack_rotamers: built 6932 rotamers at 492 positions.
core.pack.interaction_graph.interaction_graph_factory: Instantiating DensePDInteractionGraph
protocols.relax.FastRelax: CMD: repack  -1094.74  3.11735  3.11735  0.55
protocols.relax.FastRelax: CMD: min  -1156.89  3.66047  3.66047  0.55
protocols.relax.FastRelax: MRP: 7  -1156.89  -1156.89  3.66047  3.66047  
protocols.relax.FastRelax: CMD: accept_to_best  -1156.89  3.66047  3.66047  0.55
protocols.relax.FastRelax: CMD: endrepeat  -1156.89  3.66047  3.66047  0.55
protocols.relax.FastRelax: CMD: coord_cst_weight  63192.5  3.66047  3.66047  0.55
protocols.relax.FastRelax: CMD: scale:fa_rep  62864.1  3.66047  3.66047  0.022
core.pack.task: Packer task: initialize from command line() 
core.pack.pack_rotamers: built 7650 rotamers at 492 positions.
core.pack.interaction_graph.interaction_graph_factory: Instantiating DensePDInteractionGraph
protocols.relax.FastRelax: CMD: repack  62846.5  3.66047  3.66047  0.022
protocols.relax.FastRelax: CMD: scale:fa_rep  62854.1  3.66047  3.66047  0.02805
core.optimization.Minimizer: [ WARNING ] LBFGS MAX CYCLES 2000 EXCEEDED, BUT FUNC NOT CONVERGED!
protocols.relax.FastRelax: CMD: min  -1255.4  0.186312  0.186312  0.02805
protocols.relax.FastRelax: CMD: coord_cst_weight  -1332.27  0.186312  0.186312  0.02805
protocols.relax.FastRelax: CMD: scale:fa_rep  -961.562  0.186312  0.186312  0.14575
core.pack.task: Packer task: initialize from command line() 
core.pack.pack_rotamers: built 7359 rotamers at 492 positions.
core.pack.interaction_graph.interaction_graph_factory: Instantiating DensePDInteractionGraph
protocols.relax.FastRelax: CMD: repack  -1036.81  0.186312  0.186312  0.14575
protocols.relax.FastRelax: CMD: scale:fa_rep  -1016.29  0.186312  0.186312  0.154
protocols.relax.FastRelax: CMD: min  -1185.22  0.232705  0.232705  0.154
protocols.relax.FastRelax: CMD: coord_cst_weight  -1303.92  0.232705  0.232705  0.154
protocols.relax.FastRelax: CMD: scale:fa_rep  -1121.47  0.232705  0.232705  0.30745
core.pack.task: Packer task: initialize from command line() 
core.pack.pack_rotamers: built 7174 rotamers at 492 positions.
core.pack.interaction_graph.interaction_graph_factory: Instantiating DensePDInteractionGraph
protocols.relax.FastRelax: CMD: repack  -1122.3  0.232705  0.232705  0.30745
protocols.relax.FastRelax: CMD: scale:fa_rep  -1107.99  0.232705  0.232705  0.31955
protocols.relax.FastRelax: CMD: min  -1309.82  3.27003  3.27003  0.31955
protocols.relax.FastRelax: CMD: coord_cst_weight  -1309.82  3.27003  3.27003  0.31955
protocols.relax.FastRelax: CMD: scale:fa_rep  -1106.28  3.27003  3.27003  0.55
core.pack.task: Packer task: initialize from command line() 
core.pack.pack_rotamers: built 6943 rotamers at 492 positions.
core.pack.interaction_graph.interaction_graph_factory: Instantiating DensePDInteractionGraph
protocols.relax.FastRelax: CMD: repack  -1111.26  3.27003  3.27003  0.55
protocols.relax.FastRelax: CMD: min  -1163.2  3.64928  3.64928  0.55
protocols.relax.FastRelax: MRP: 8  -1163.2  -1163.2  3.64928  3.64928  
protocols.relax.FastRelax: CMD: accept_to_best  -1163.2  3.64928  3.64928  0.55
protocols.relax.FastRelax: CMD: endrepeat  -1163.2  3.64928  3.64928  0.55
protocols.relax.FastRelax: CMD: coord_cst_weight  65998.8  3.64928  3.64928  0.55
protocols.relax.FastRelax: CMD: scale:fa_rep  65670.8  3.64928  3.64928  0.022
core.pack.task: Packer task: initialize from command line() 
core.pack.pack_rotamers: built 7699 rotamers at 492 positions.
core.pack.interaction_graph.interaction_graph_factory: Instantiating DensePDInteractionGraph
protocols.relax.FastRelax: CMD: repack  65665.8  3.64928  3.64928  0.022
protocols.relax.FastRelax: CMD: scale:fa_rep  65673.3  3.64928  3.64928  0.02805
core.optimization.Minimizer: [ WARNING ] LBFGS MAX CYCLES 2000 EXCEEDED, BUT FUNC NOT CONVERGED!
protocols.relax.FastRelax: CMD: min  -1253.81  0.185523  0.185523  0.02805
protocols.relax.FastRelax: CMD: coord_cst_weight  -1330.09  0.185523  0.185523  0.02805
protocols.relax.FastRelax: CMD: scale:fa_rep  -974.922  0.185523  0.185523  0.14575
core.pack.task: Packer task: initialize from command line() 
core.pack.pack_rotamers: built 7379 rotamers at 492 positions.
core.pack.interaction_graph.interaction_graph_factory: Instantiating DensePDInteractionGraph
protocols.relax.FastRelax: CMD: repack  -1044.11  0.185523  0.185523  0.14575
protocols.relax.FastRelax: CMD: scale:fa_rep  -1023.94  0.185523  0.185523  0.154
protocols.relax.FastRelax: CMD: min  -1183.28  0.230206  0.230206  0.154
protocols.relax.FastRelax: CMD: coord_cst_weight  -1300.65  0.230206  0.230206  0.154
protocols.relax.FastRelax: CMD: scale:fa_rep  -1120.17  0.230206  0.230206  0.30745
core.pack.task: Packer task: initialize from command line() 
core.pack.pack_rotamers: built 7171 rotamers at 492 positions.
core.pack.interaction_graph.interaction_graph_factory: Instantiating DensePDInteractionGraph
protocols.relax.FastRelax: CMD: repack  -1120.37  0.230206  0.230206  0.30745
protocols.relax.FastRelax: CMD: scale:fa_rep  -1106.17  0.230206  0.230206  0.31955
protocols.relax.FastRelax: CMD: min  -1296.7  3.05246  3.05246  0.31955
protocols.relax.FastRelax: CMD: coord_cst_weight  -1296.7  3.05246  3.05246  0.31955
protocols.relax.FastRelax: CMD: scale:fa_rep  -1086.75  3.05246  3.05246  0.55
core.pack.task: Packer task: initialize from command line() 
core.pack.pack_rotamers: built 6979 rotamers at 492 positions.
core.pack.interaction_graph.interaction_graph_factory: Instantiating DensePDInteractionGraph
protocols.relax.FastRelax: CMD: repack  -1101.77  3.05246  3.05246  0.55
protocols.relax.FastRelax: CMD: min  -1160.95  3.46807  3.46807  0.55
protocols.relax.FastRelax: MRP: 9  -1160.95  -1163.2  3.64928  3.64928  
protocols.relax.FastRelax: CMD: accept_to_best  -1160.95  3.46807  3.46807  0.55
protocols.relax.FastRelax: CMD: endrepeat  -1160.95  3.46807  3.46807  0.55
protocols.relax.FastRelax: CMD: coord_cst_weight  56612.1  3.46807  3.46807  0.55
protocols.relax.FastRelax: CMD: scale:fa_rep  56279.5  3.46807  3.46807  0.022
core.pack.task: Packer task: initialize from command line() 
core.pack.pack_rotamers: built 7689 rotamers at 492 positions.
core.pack.interaction_graph.interaction_graph_factory: Instantiating DensePDInteractionGraph
protocols.relax.FastRelax: CMD: repack  56260.6  3.46807  3.46807  0.022
protocols.relax.FastRelax: CMD: scale:fa_rep  56268.3  3.46807  3.46807  0.02805
core.optimization.Minimizer: [ WARNING ] LBFGS MAX CYCLES 2000 EXCEEDED, BUT FUNC NOT CONVERGED!
protocols.relax.FastRelax: CMD: min  -1269.71  0.186046  0.186046  0.02805
protocols.relax.FastRelax: CMD: coord_cst_weight  -1345.99  0.186046  0.186046  0.02805
protocols.relax.FastRelax: CMD: scale:fa_rep  -997.571  0.186046  0.186046  0.14575
core.pack.task: Packer task: initialize from command line() 
core.pack.pack_rotamers: built 7357 rotamers at 492 positions.
core.pack.interaction_graph.interaction_graph_factory: Instantiating DensePDInteractionGraph
protocols.relax.FastRelax: CMD: repack  -1034.3  0.186046  0.186046  0.14575
protocols.relax.FastRelax: CMD: scale:fa_rep  -1013.25  0.186046  0.186046  0.154
protocols.relax.FastRelax: CMD: min  -1182.5  0.235126  0.235126  0.154
protocols.relax.FastRelax: CMD: coord_cst_weight  -1303.68  0.235126  0.235126  0.154
protocols.relax.FastRelax: CMD: scale:fa_rep  -1122.48  0.235126  0.235126  0.30745
core.pack.task: Packer task: initialize from command line() 
core.pack.pack_rotamers: built 7151 rotamers at 492 positions.
core.pack.interaction_graph.interaction_graph_factory: Instantiating DensePDInteractionGraph
protocols.relax.FastRelax: CMD: repack  -1123.35  0.235126  0.235126  0.30745
protocols.relax.FastRelax: CMD: scale:fa_rep  -1109.17  0.235126  0.235126  0.31955
protocols.relax.FastRelax: CMD: min  -1309.83  3.61892  3.61892  0.31955
protocols.relax.FastRelax: CMD: coord_cst_weight  -1309.83  3.61892  3.61892  0.31955
protocols.relax.FastRelax: CMD: scale:fa_rep  -1104.51  3.61892  3.61892  0.55
core.pack.task: Packer task: initialize from command line() 
core.pack.pack_rotamers: built 6979 rotamers at 492 positions.
core.pack.interaction_graph.interaction_graph_factory: Instantiating DensePDInteractionGraph
protocols.relax.FastRelax: CMD: repack  -1108.97  3.61892  3.61892  0.55
protocols.relax.FastRelax: CMD: min  -1164.41  3.96028  3.96028  0.55
protocols.relax.FastRelax: MRP: 10  -1164.41  -1164.41  3.96028  3.96028  
protocols.relax.FastRelax: CMD: accept_to_best  -1164.41  3.96028  3.96028  0.55
protocols.relax.FastRelax: CMD: endrepeat  -1164.41  3.96028  3.96028  0.55
protocols.relax.FastRelax: CMD: coord_cst_weight  74152.8  3.96028  3.96028  0.55
protocols.relax.FastRelax: CMD: scale:fa_rep  73821.9  3.96028  3.96028  0.022
core.pack.task: Packer task: initialize from command line() 
core.pack.pack_rotamers: built 7676 rotamers at 492 positions.
core.pack.interaction_graph.interaction_graph_factory: Instantiating DensePDInteractionGraph
protocols.relax.FastRelax: CMD: repack  73807.7  3.96028  3.96028  0.022
protocols.relax.FastRelax: CMD: scale:fa_rep  73815.1  3.96028  3.96028  0.02805
core.optimization.Minimizer: [ WARNING ] LBFGS MAX CYCLES 2000 EXCEEDED, BUT FUNC NOT CONVERGED!
protocols.relax.FastRelax: CMD: min  -1258.8  0.184572  0.184572  0.02805
protocols.relax.FastRelax: CMD: coord_cst_weight  -1334.19  0.184572  0.184572  0.02805
protocols.relax.FastRelax: CMD: scale:fa_rep  -990.069  0.184572  0.184572  0.14575
core.pack.task: Packer task: initialize from command line() 
core.pack.pack_rotamers: built 7291 rotamers at 492 positions.
core.pack.interaction_graph.interaction_graph_factory: Instantiating DensePDInteractionGraph
protocols.relax.FastRelax: CMD: repack  -1036.52  0.184572  0.184572  0.14575
protocols.relax.FastRelax: CMD: scale:fa_rep  -1015.92  0.184572  0.184572  0.154
protocols.relax.FastRelax: CMD: min  -1182.63  0.237788  0.237788  0.154
protocols.relax.FastRelax: CMD: coord_cst_weight  -1305.32  0.237788  0.237788  0.154
protocols.relax.FastRelax: CMD: scale:fa_rep  -1123.62  0.237788  0.237788  0.30745
core.pack.task: Packer task: initialize from command line() 
core.pack.pack_rotamers: built 7123 rotamers at 492 positions.
core.pack.interaction_graph.interaction_graph_factory: Instantiating DensePDInteractionGraph
protocols.relax.FastRelax: CMD: repack  -1123.97  0.237788  0.237788  0.30745
protocols.relax.FastRelax: CMD: scale:fa_rep  -1109.77  0.237788  0.237788  0.31955
protocols.relax.FastRelax: CMD: min  -1104.85  3.44417  3.44417  0.31955
protocols.relax.FastRelax: CMD: coord_cst_weight  -1104.85  3.44417  3.44417  0.31955
protocols.relax.FastRelax: CMD: scale:fa_rep  -750.528  3.44417  3.44417  0.55
core.pack.task: Packer task: initialize from command line() 
core.pack.pack_rotamers: built 6931 rotamers at 492 positions.
core.pack.interaction_graph.interaction_graph_factory: Instantiating DensePDInteractionGraph
protocols.relax.FastRelax: CMD: repack  -1110.74  3.44417  3.44417  0.55
protocols.relax.FastRelax: CMD: min  -1161  4.01829  4.01829  0.55
protocols.relax.FastRelax: MRP: 11  -1161  -1164.41  3.96028  3.96028  
protocols.relax.FastRelax: CMD: accept_to_best  -1161  4.01829  4.01829  0.55
protocols.relax.FastRelax: CMD: endrepeat  -1161  4.01829  4.01829  0.55
protocols.relax.FastRelax: CMD: coord_cst_weight  76112.5  4.01829  4.01829  0.55
protocols.relax.FastRelax: CMD: scale:fa_rep  75777.1  4.01829  4.01829  0.022
core.pack.task: Packer task: initialize from command line() 
core.pack.pack_rotamers: built 7729 rotamers at 492 positions.
core.pack.interaction_graph.interaction_graph_factory: Instantiating DensePDInteractionGraph
protocols.relax.FastRelax: CMD: repack  75763.7  4.01829  4.01829  0.022
protocols.relax.FastRelax: CMD: scale:fa_rep  75770  4.01829  4.01829  0.02805
core.optimization.Minimizer: [ WARNING ] LBFGS MAX CYCLES 2000 EXCEEDED, BUT FUNC NOT CONVERGED!
protocols.relax.FastRelax: CMD: min  -1247.65  0.186492  0.186492  0.02805
protocols.relax.FastRelax: CMD: coord_cst_weight  -1326.02  0.186492  0.186492  0.02805
protocols.relax.FastRelax: CMD: scale:fa_rep  -945.914  0.186492  0.186492  0.14575
core.pack.task: Packer task: initialize from command line() 
core.pack.pack_rotamers: built 7392 rotamers at 492 positions.
core.pack.interaction_graph.interaction_graph_factory: Instantiating DensePDInteractionGraph
protocols.relax.FastRelax: CMD: repack  -1050.3  0.186492  0.186492  0.14575
protocols.relax.FastRelax: CMD: scale:fa_rep  -1030.03  0.186492  0.186492  0.154
protocols.relax.FastRelax: CMD: min  -1189.67  0.231149  0.231149  0.154
protocols.relax.FastRelax: CMD: coord_cst_weight  -1307.86  0.231149  0.231149  0.154
protocols.relax.FastRelax: CMD: scale:fa_rep  -1126.66  0.231149  0.231149  0.30745
core.pack.task: Packer task: initialize from command line() 
core.pack.pack_rotamers: built 7168 rotamers at 492 positions.
core.pack.interaction_graph.interaction_graph_factory: Instantiating DensePDInteractionGraph
protocols.relax.FastRelax: CMD: repack  -1127.37  0.231149  0.231149  0.30745
protocols.relax.FastRelax: CMD: scale:fa_rep  -1113.16  0.231149  0.231149  0.31955
protocols.relax.FastRelax: CMD: min  -1307.39  3.79739  3.79739  0.31955
protocols.relax.FastRelax: CMD: coord_cst_weight  -1307.39  3.79739  3.79739  0.31955
protocols.relax.FastRelax: CMD: scale:fa_rep  -1102.36  3.79739  3.79739  0.55
core.pack.task: Packer task: initialize from command line() 
core.pack.pack_rotamers: built 7003 rotamers at 492 positions.
core.pack.interaction_graph.interaction_graph_factory: Instantiating DensePDInteractionGraph
protocols.relax.FastRelax: CMD: repack  -1111.02  3.79739  3.79739  0.55
protocols.relax.FastRelax: CMD: min  -1164.23  3.80651  3.80651  0.55
protocols.relax.FastRelax: MRP: 12  -1164.23  -1164.41  3.96028  3.96028  
protocols.relax.FastRelax: CMD: accept_to_best  -1164.23  3.80651  3.80651  0.55
protocols.relax.FastRelax: CMD: endrepeat  -1164.23  3.80651  3.80651  0.55
protocols.relax.FastRelax: CMD: coord_cst_weight  71423.2  3.80651  3.80651  0.55
protocols.relax.FastRelax: CMD: scale:fa_rep  71091  3.80651  3.80651  0.022
core.pack.task: Packer task: initialize from command line() 
core.pack.pack_rotamers: built 7698 rotamers at 492 positions.
core.pack.interaction_graph.interaction_graph_factory: Instantiating DensePDInteractionGraph
protocols.relax.FastRelax: CMD: repack  71077.1  3.80651  3.80651  0.022
protocols.relax.FastRelax: CMD: scale:fa_rep  71083.2  3.80651  3.80651  0.02805
core.optimization.Minimizer: [ WARNING ] LBFGS MAX CYCLES 2000 EXCEEDED, BUT FUNC NOT CONVERGED!
protocols.relax.FastRelax: CMD: min  -1271.12  0.184674  0.184674  0.02805
protocols.relax.FastRelax: CMD: coord_cst_weight  -1347.25  0.184674  0.184674  0.02805
protocols.relax.FastRelax: CMD: scale:fa_rep  -1003.44  0.184674  0.184674  0.14575
core.pack.task: Packer task: initialize from command line() 
core.pack.pack_rotamers: built 7334 rotamers at 492 positions.
core.pack.interaction_graph.interaction_graph_factory: Instantiating DensePDInteractionGraph
protocols.relax.FastRelax: CMD: repack  -1045.06  0.184674  0.184674  0.14575
protocols.relax.FastRelax: CMD: scale:fa_rep  -1024.07  0.184674  0.184674  0.154
protocols.relax.FastRelax: CMD: min  -1190.86  0.237249  0.237249  0.154
protocols.relax.FastRelax: CMD: coord_cst_weight  -1313.62  0.237249  0.237249  0.154
protocols.relax.FastRelax: CMD: scale:fa_rep  -1132.11  0.237249  0.237249  0.30745
core.pack.task: Packer task: initialize from command line() 
core.pack.pack_rotamers: built 7173 rotamers at 492 positions.
core.pack.interaction_graph.interaction_graph_factory: Instantiating DensePDInteractionGraph
protocols.relax.FastRelax: CMD: repack  -1132.9  0.237249  0.237249  0.30745
protocols.relax.FastRelax: CMD: scale:fa_rep  -1118.68  0.237249  0.237249  0.31955
protocols.relax.FastRelax: CMD: min  -1321.8  3.23332  3.23332  0.31955
protocols.relax.FastRelax: CMD: coord_cst_weight  -1321.8  3.23332  3.23332  0.31955
protocols.relax.FastRelax: CMD: scale:fa_rep  -1111.58  3.23332  3.23332  0.55
core.pack.task: Packer task: initialize from command line() 
core.pack.pack_rotamers: built 6915 rotamers at 492 positions.
core.pack.interaction_graph.interaction_graph_factory: Instantiating DensePDInteractionGraph
protocols.relax.FastRelax: CMD: repack  -1113.48  3.23332  3.23332  0.55
protocols.relax.FastRelax: CMD: min  -1161.99  3.38181  3.38181  0.55
protocols.relax.FastRelax: MRP: 13  -1161.99  -1164.41  3.96028  3.96028  
protocols.relax.FastRelax: CMD: accept_to_best  -1161.99  3.38181  3.38181  0.55
protocols.relax.FastRelax: CMD: endrepeat  -1161.99  3.38181  3.38181  0.55
protocols.relax.FastRelax: CMD: coord_cst_weight  49470.2  3.38181  3.38181  0.55
protocols.relax.FastRelax: CMD: scale:fa_rep  49133.9  3.38181  3.38181  0.022
core.pack.task: Packer task: initialize from command line() 
core.pack.pack_rotamers: built 7681 rotamers at 492 positions.
core.pack.interaction_graph.interaction_graph_factory: Instantiating DensePDInteractionGraph
protocols.relax.FastRelax: CMD: repack  49120  3.38181  3.38181  0.022
protocols.relax.FastRelax: CMD: scale:fa_rep  49126.6  3.38181  3.38181  0.02805
core.optimization.Minimizer: [ WARNING ] LBFGS MAX CYCLES 2000 EXCEEDED, BUT FUNC NOT CONVERGED!
protocols.relax.FastRelax: CMD: min  -1287.77  0.179641  0.179641  0.02805
protocols.relax.FastRelax: CMD: coord_cst_weight  -1360.34  0.179641  0.179641  0.02805
protocols.relax.FastRelax: CMD: scale:fa_rep  -1032.37  0.179641  0.179641  0.14575
core.pack.task: Packer task: initialize from command line() 
core.pack.pack_rotamers: built 7321 rotamers at 492 positions.
core.pack.interaction_graph.interaction_graph_factory: Instantiating DensePDInteractionGraph
protocols.relax.FastRelax: CMD: repack  -1057.86  0.179641  0.179641  0.14575
protocols.relax.FastRelax: CMD: scale:fa_rep  -1037.27  0.179641  0.179641  0.154
protocols.relax.FastRelax: CMD: min  -1196.42  0.233322  0.233322  0.154
protocols.relax.FastRelax: CMD: coord_cst_weight  -1315.65  0.233322  0.233322  0.154
protocols.relax.FastRelax: CMD: scale:fa_rep  -1133.02  0.233322  0.233322  0.30745
core.pack.task: Packer task: initialize from command line() 
core.pack.pack_rotamers: built 7165 rotamers at 492 positions.
core.pack.interaction_graph.interaction_graph_factory: Instantiating DensePDInteractionGraph
protocols.relax.FastRelax: CMD: repack  -1133.76  0.233322  0.233322  0.30745
protocols.relax.FastRelax: CMD: scale:fa_rep  -1119.45  0.233322  0.233322  0.31955
protocols.relax.FastRelax: CMD: min  -1291.18  3.59868  3.59868  0.31955
protocols.relax.FastRelax: CMD: coord_cst_weight  -1291.18  3.59868  3.59868  0.31955
protocols.relax.FastRelax: CMD: scale:fa_rep  -1068.43  3.59868  3.59868  0.55
core.pack.task: Packer task: initialize from command line() 
core.pack.pack_rotamers: built 6916 rotamers at 492 positions.
core.pack.interaction_graph.interaction_graph_factory: Instantiating DensePDInteractionGraph
protocols.relax.FastRelax: CMD: repack  -1116.05  3.59868  3.59868  0.55
protocols.relax.FastRelax: CMD: min  -1169.12  4.04843  4.04843  0.55
protocols.relax.FastRelax: MRP: 14  -1169.12  -1169.12  4.04843  4.04843  
protocols.relax.FastRelax: CMD: accept_to_best  -1169.12  4.04843  4.04843  0.55
protocols.relax.FastRelax: CMD: endrepeat  -1169.12  4.04843  4.04843  0.55
protocols::checkpoint: Deleting checkpoints of FastRelax
protocols.jd2.JobDistributor: target.BL00010001_7_0002 reported success in 13446 seconds
protocols.jd2.PDBJobInputter: PDBJobInputter::pose_from_job
protocols.jd2.PDBJobInputter: filling pose from PDB ../1-modeller/target.BL00010001.pdb
core.import_pose.import_pose: File '../1-modeller/target.BL00010001.pdb' automatically determined to be of type PDB from contents.
core.io.rcsb.ExperimentalTechnique: [ ERROR ] Unrecognized experimental technique string 'THEORETICAL MODEL, MODELLER 10.8 2026/08/10 16:18:02'
protocols.relax.FastRelax: CMD: repeat  4476.34  0  0  0.55
protocols.relax.FastRelax: CMD: coord_cst_weight  4476.34  0  0  0.55
protocols.relax.FastRelax: CMD: scale:fa_rep  806.987  0  0  0.022
core.pack.task: Packer task: initialize from command line() 
core.pack.pack_rotamers: built 8129 rotamers at 492 positions.
core.pack.interaction_graph.interaction_graph_factory: Instantiating DensePDInteractionGraph
protocols.relax.FastRelax: CMD: repack  -876.466  0  0  0.022
protocols.relax.FastRelax: CMD: scale:fa_rep  -838.069  0  0  0.02805
core.optimization.Minimizer: [ WARNING ] LBFGS MAX CYCLES 2000 EXCEEDED, BUT FUNC NOT CONVERGED!
protocols.relax.FastRelax: CMD: min  -1285.01  0.147489  0.147489  0.02805
protocols.relax.FastRelax: CMD: coord_cst_weight  -1331.28  0.147489  0.147489  0.02805
protocols.relax.FastRelax: CMD: scale:fa_rep  -950.144  0.147489  0.147489  0.14575
core.pack.task: Packer task: initialize from command line() 
core.pack.pack_rotamers: built 7399 rotamers at 492 positions.
core.pack.interaction_graph.interaction_graph_factory: Instantiating DensePDInteractionGraph
protocols.relax.FastRelax: CMD: repack  -988.104  0.147489  0.147489  0.14575
protocols.relax.FastRelax: CMD: scale:fa_rep  -966.753  0.147489  0.147489  0.154
core.optimization.Minimizer: [ WARNING ] LBFGS MAX CYCLES 2000 EXCEEDED, BUT FUNC NOT CONVERGED!
protocols.relax.FastRelax: CMD: min  -1160.11  0.205536  0.205536  0.154
protocols.relax.FastRelax: CMD: coord_cst_weight  -1250.82  0.205536  0.205536  0.154
protocols.relax.FastRelax: CMD: scale:fa_rep  -1064.36  0.205536  0.205536  0.30745
core.pack.task: Packer task: initialize from command line() 
core.pack.pack_rotamers: built 7146 rotamers at 492 positions.
core.pack.interaction_graph.interaction_graph_factory: Instantiating DensePDInteractionGraph
protocols.relax.FastRelax: CMD: repack  -1066.57  0.205536  0.205536  0.30745
protocols.relax.FastRelax: CMD: scale:fa_rep  -1052.05  0.205536  0.205536  0.31955
protocols.relax.FastRelax: CMD: min  -1228.46  2.78765  2.78765  0.31955
protocols.relax.FastRelax: CMD: coord_cst_weight  -1228.46  2.78765  2.78765  0.31955
protocols.relax.FastRelax: CMD: scale:fa_rep  -1018.33  2.78765  2.78765  0.55
core.pack.task: Packer task: initialize from command line() 
core.pack.pack_rotamers: built 7025 rotamers at 492 positions.
core.pack.interaction_graph.interaction_graph_factory: Instantiating DensePDInteractionGraph
protocols.relax.FastRelax: CMD: repack  -1021.56  2.78765  2.78765  0.55
protocols.relax.FastRelax: CMD: min  -1092.16  3.10454  3.10454  0.55
protocols.relax.FastRelax: MRP: 0  -1092.16  -1092.16  3.10454  3.10454  
protocols.relax.FastRelax: CMD: accept_to_best  -1092.16  3.10454  3.10454  0.55
protocols.relax.FastRelax: CMD: endrepeat  -1092.16  3.10454  3.10454  0.55
protocols.relax.FastRelax: CMD: coord_cst_weight  67307.6  3.10454  3.10454  0.55
protocols.relax.FastRelax: CMD: scale:fa_rep  66973.8  3.10454  3.10454  0.022
core.pack.task: Packer task: initialize from command line() 
core.pack.pack_rotamers: built 7810 rotamers at 492 positions.
core.pack.interaction_graph.interaction_graph_factory: Instantiating DensePDInteractionGraph
protocols.relax.FastRelax: CMD: repack  66966.2  3.10454  3.10454  0.022
protocols.relax.FastRelax: CMD: scale:fa_rep  66978.1  3.10454  3.10454  0.02805
core.optimization.Minimizer: [ WARNING ] LBFGS MAX CYCLES 2000 EXCEEDED, BUT FUNC NOT CONVERGED!
protocols.relax.FastRelax: CMD: min  -1255.76  0.181724  0.181724  0.02805
protocols.relax.FastRelax: CMD: coord_cst_weight  -1327.17  0.181724  0.181724  0.02805
protocols.relax.FastRelax: CMD: scale:fa_rep  -991.292  0.181724  0.181724  0.14575
core.pack.task: Packer task: initialize from command line() 
core.pack.pack_rotamers: built 7351 rotamers at 492 positions.
core.pack.interaction_graph.interaction_graph_factory: Instantiating DensePDInteractionGraph
protocols.relax.FastRelax: CMD: repack  -1028.24  0.181724  0.181724  0.14575
protocols.relax.FastRelax: CMD: scale:fa_rep  -1008.03  0.181724  0.181724  0.154
protocols.relax.FastRelax: CMD: min  -1177.43  0.217709  0.217709  0.154
protocols.relax.FastRelax: CMD: coord_cst_weight  -1281.22  0.217709  0.217709  0.154
protocols.relax.FastRelax: CMD: scale:fa_rep  -1098.58  0.217709  0.217709  0.30745
core.pack.task: Packer task: initialize from command line() 
core.pack.pack_rotamers: built 7101 rotamers at 492 positions.
core.pack.interaction_graph.interaction_graph_factory: Instantiating DensePDInteractionGraph
protocols.relax.FastRelax: CMD: repack  -1100.46  0.217709  0.217709  0.30745
protocols.relax.FastRelax: CMD: scale:fa_rep  -1086.38  0.217709  0.217709  0.31955
protocols.relax.FastRelax: CMD: min  -1260.03  2.64827  2.64827  0.31955
protocols.relax.FastRelax: CMD: coord_cst_weight  -1260.03  2.64827  2.64827  0.31955
protocols.relax.FastRelax: CMD: scale:fa_rep  -1051.98  2.64827  2.64827  0.55
core.pack.task: Packer task: initialize from command line() 
core.pack.pack_rotamers: built 6967 rotamers at 492 positions.
core.pack.interaction_graph.interaction_graph_factory: Instantiating DensePDInteractionGraph
protocols.relax.FastRelax: CMD: repack  -1052.45  2.64827  2.64827  0.55
protocols.relax.FastRelax: CMD: min  -1111.93  2.82255  2.82255  0.55
protocols.relax.FastRelax: MRP: 1  -1111.93  -1111.93  2.82255  2.82255  
protocols.relax.FastRelax: CMD: accept_to_best  -1111.93  2.82255  2.82255  0.55
protocols.relax.FastRelax: CMD: endrepeat  -1111.93  2.82255  2.82255  0.55
protocols.relax.FastRelax: CMD: coord_cst_weight  54333.8  2.82255  2.82255  0.55
protocols.relax.FastRelax: CMD: scale:fa_rep  54003.6  2.82255  2.82255  0.022
core.pack.task: Packer task: initialize from command line() 
core.pack.pack_rotamers: built 7686 rotamers at 492 positions.
core.pack.interaction_graph.interaction_graph_factory: Instantiating DensePDInteractionGraph
protocols.relax.FastRelax: CMD: repack  53992.9  2.82255  2.82255  0.022
protocols.relax.FastRelax: CMD: scale:fa_rep  54003.7  2.82255  2.82255  0.02805
core.optimization.Minimizer: [ WARNING ] LBFGS MAX CYCLES 2000 EXCEEDED, BUT FUNC NOT CONVERGED!
protocols.relax.FastRelax: CMD: min  -1258.43  0.182746  0.182746  0.02805
protocols.relax.FastRelax: CMD: coord_cst_weight  -1330.93  0.182746  0.182746  0.02805
protocols.relax.FastRelax: CMD: scale:fa_rep  -986.668  0.182746  0.182746  0.14575
core.pack.task: Packer task: initialize from command line() 
core.pack.pack_rotamers: built 7395 rotamers at 492 positions.
core.pack.interaction_graph.interaction_graph_factory: Instantiating DensePDInteractionGraph
protocols.relax.FastRelax: CMD: repack  -1044.18  0.182746  0.182746  0.14575
protocols.relax.FastRelax: CMD: scale:fa_rep  -1024.07  0.182746  0.182746  0.154
protocols.relax.FastRelax: CMD: min  -1180.13  0.224751  0.224751  0.154
protocols.relax.FastRelax: CMD: coord_cst_weight  -1290.06  0.224751  0.224751  0.154
protocols.relax.FastRelax: CMD: scale:fa_rep  -1102.47  0.224751  0.224751  0.30745
core.pack.task: Packer task: initialize from command line() 
core.pack.pack_rotamers: built 7167 rotamers at 492 positions.
core.pack.interaction_graph.interaction_graph_factory: Instantiating DensePDInteractionGraph
protocols.relax.FastRelax: CMD: repack  -1103.27  0.224751  0.224751  0.30745
protocols.relax.FastRelax: CMD: scale:fa_rep  -1088.62  0.224751  0.224751  0.31955
protocols.relax.FastRelax: CMD: min  -1285.41  2.98304  2.98304  0.31955
protocols.relax.FastRelax: CMD: coord_cst_weight  -1285.41  2.98304  2.98304  0.31955
protocols.relax.FastRelax: CMD: scale:fa_rep  -1079.45  2.98304  2.98304  0.55
core.pack.task: Packer task: initialize from command line() 
core.pack.pack_rotamers: built 7008 rotamers at 492 positions.
core.pack.interaction_graph.interaction_graph_factory: Instantiating DensePDInteractionGraph
protocols.relax.FastRelax: CMD: repack  -1083.75  2.98304  2.98304  0.55
protocols.relax.FastRelax: CMD: min  -1136.46  3.08756  3.08756  0.55
protocols.relax.FastRelax: MRP: 2  -1136.46  -1136.46  3.08756  3.08756  
protocols.relax.FastRelax: CMD: accept_to_best  -1136.46  3.08756  3.08756  0.55
protocols.relax.FastRelax: CMD: endrepeat  -1136.46  3.08756  3.08756  0.55
protocols.relax.FastRelax: CMD: coord_cst_weight  94550.8  3.08756  3.08756  0.55
protocols.relax.FastRelax: CMD: scale:fa_rep  94222.9  3.08756  3.08756  0.022
core.pack.task: Packer task: initialize from command line() 
core.pack.pack_rotamers: built 7694 rotamers at 492 positions.
core.pack.interaction_graph.interaction_graph_factory: Instantiating DensePDInteractionGraph
protocols.relax.FastRelax: CMD: repack  94201.4  3.08756  3.08756  0.022
protocols.relax.FastRelax: CMD: scale:fa_rep  94210.1  3.08756  3.08756  0.02805
core.optimization.Minimizer: [ WARNING ] LBFGS MAX CYCLES 2000 EXCEEDED, BUT FUNC NOT CONVERGED!
protocols.relax.FastRelax: CMD: min  -1236.88  0.192353  0.192353  0.02805
protocols.relax.FastRelax: CMD: coord_cst_weight  -1317.13  0.192353  0.192353  0.02805
protocols.relax.FastRelax: CMD: scale:fa_rep  -942.379  0.192353  0.192353  0.14575
core.pack.task: Packer task: initialize from command line() 
core.pack.pack_rotamers: built 7323 rotamers at 492 positions.
core.pack.interaction_graph.interaction_graph_factory: Instantiating DensePDInteractionGraph
protocols.relax.FastRelax: CMD: repack  -1026.34  0.192353  0.192353  0.14575
protocols.relax.FastRelax: CMD: scale:fa_rep  -1006.31  0.192353  0.192353  0.154
protocols.relax.FastRelax: CMD: min  -1177.57  0.226964  0.226964  0.154
protocols.relax.FastRelax: CMD: coord_cst_weight  -1289.82  0.226964  0.226964  0.154
protocols.relax.FastRelax: CMD: scale:fa_rep  -1106.16  0.226964  0.226964  0.30745
core.pack.task: Packer task: initialize from command line() 
core.pack.pack_rotamers: built 7144 rotamers at 492 positions.
core.pack.interaction_graph.interaction_graph_factory: Instantiating DensePDInteractionGraph
protocols.relax.FastRelax: CMD: repack  -1105.77  0.226964  0.226964  0.30745
protocols.relax.FastRelax: CMD: scale:fa_rep  -1091.35  0.226964  0.226964  0.31955
protocols.relax.FastRelax: CMD: min  -1291.88  2.96758  2.96758  0.31955
protocols.relax.FastRelax: CMD: coord_cst_weight  -1291.88  2.96758  2.96758  0.31955
protocols.relax.FastRelax: CMD: scale:fa_rep  -1086.12  2.96758  2.96758  0.55
core.pack.task: Packer task: initialize from command line() 
core.pack.pack_rotamers: built 6963 rotamers at 492 positions.
core.pack.interaction_graph.interaction_graph_factory: Instantiating DensePDInteractionGraph
protocols.relax.FastRelax: CMD: repack  -1090.37  2.96758  2.96758  0.55
protocols.relax.FastRelax: CMD: min  -1138.88  3.17951  3.17951  0.55
protocols.relax.FastRelax: MRP: 3  -1138.88  -1138.88  3.17951  3.17951  
protocols.relax.FastRelax: CMD: accept_to_best  -1138.88  3.17951  3.17951  0.55
protocols.relax.FastRelax: CMD: endrepeat  -1138.88  3.17951  3.17951  0.55
protocols.relax.FastRelax: CMD: coord_cst_weight  61809.3  3.17951  3.17951  0.55
protocols.relax.FastRelax: CMD: scale:fa_rep  61482.2  3.17951  3.17951  0.022
core.pack.task: Packer task: initialize from command line() 
core.pack.pack_rotamers: built 7723 rotamers at 492 positions.
core.pack.interaction_graph.interaction_graph_factory: Instantiating DensePDInteractionGraph
protocols.relax.FastRelax: CMD: repack  61477.3  3.17951  3.17951  0.022
protocols.relax.FastRelax: CMD: scale:fa_rep  61485.7  3.17951  3.17951  0.02805
core.optimization.Minimizer: [ WARNING ] LBFGS MAX CYCLES 2000 EXCEEDED, BUT FUNC NOT CONVERGED!
protocols.relax.FastRelax: CMD: min  -1252.09  0.183452  0.183452  0.02805
protocols.relax.FastRelax: CMD: coord_cst_weight  -1326.57  0.183452  0.183452  0.02805
protocols.relax.FastRelax: CMD: scale:fa_rep  -983.697  0.183452  0.183452  0.14575
core.pack.task: Packer task: initialize from command line() 
core.pack.pack_rotamers: built 7333 rotamers at 492 positions.
core.pack.interaction_graph.interaction_graph_factory: Instantiating DensePDInteractionGraph
protocols.relax.FastRelax: CMD: repack  -1035.92  0.183452  0.183452  0.14575
protocols.relax.FastRelax: CMD: scale:fa_rep  -1015.47  0.183452  0.183452  0.154
protocols.relax.FastRelax: CMD: min  -1182.75  0.226712  0.226712  0.154
protocols.relax.FastRelax: CMD: coord_cst_weight  -1295.2  0.226712  0.226712  0.154
protocols.relax.FastRelax: CMD: scale:fa_rep  -1110.7  0.226712  0.226712  0.30745
core.pack.task: Packer task: initialize from command line() 
core.pack.pack_rotamers: built 7129 rotamers at 492 positions.
core.pack.interaction_graph.interaction_graph_factory: Instantiating DensePDInteractionGraph
protocols.relax.FastRelax: CMD: repack  -1111.11  0.226712  0.226712  0.30745
protocols.relax.FastRelax: CMD: scale:fa_rep  -1096.68  0.226712  0.226712  0.31955
protocols.relax.FastRelax: CMD: min  -1294.34  2.81918  2.81918  0.31955
protocols.relax.FastRelax: CMD: coord_cst_weight  -1294.34  2.81918  2.81918  0.31955
protocols.relax.FastRelax: CMD: scale:fa_rep  -1088.55  2.81918  2.81918  0.55
core.pack.task: Packer task: initialize from command line() 
core.pack.pack_rotamers: built 6972 rotamers at 492 positions.
core.pack.interaction_graph.interaction_graph_factory: Instantiating DensePDInteractionGraph
protocols.relax.FastRelax: CMD: repack  -1091.59  2.81918  2.81918  0.55
protocols.relax.FastRelax: CMD: min  -1147.08  3.03299  3.03299  0.55
protocols.relax.FastRelax: MRP: 4  -1147.08  -1147.08  3.03299  3.03299  
protocols.relax.FastRelax: CMD: accept_to_best  -1147.08  3.03299  3.03299  0.55
protocols.relax.FastRelax: CMD: endrepeat  -1147.08  3.03299  3.03299  0.55
protocols.relax.FastRelax: CMD: coord_cst_weight  75051.4  3.03299  3.03299  0.55
protocols.relax.FastRelax: CMD: scale:fa_rep  74721.4  3.03299  3.03299  0.022
core.pack.task: Packer task: initialize from command line() 
core.pack.pack_rotamers: built 7670 rotamers at 492 positions.
core.pack.interaction_graph.interaction_graph_factory: Instantiating DensePDInteractionGraph
protocols.relax.FastRelax: CMD: repack  74700.7  3.03299  3.03299  0.022
protocols.relax.FastRelax: CMD: scale:fa_rep  74709.5  3.03299  3.03299  0.02805
core.optimization.Minimizer: [ WARNING ] LBFGS MAX CYCLES 2000 EXCEEDED, BUT FUNC NOT CONVERGED!
protocols.relax.FastRelax: CMD: min  -1239.43  0.18353  0.18353  0.02805
protocols.relax.FastRelax: CMD: coord_cst_weight  -1314.17  0.18353  0.18353  0.02805
protocols.relax.FastRelax: CMD: scale:fa_rep  -917.953  0.18353  0.18353  0.14575
core.pack.task: Packer task: initialize from command line() 
core.pack.pack_rotamers: built 7367 rotamers at 492 positions.
core.pack.interaction_graph.interaction_graph_factory: Instantiating DensePDInteractionGraph
protocols.relax.FastRelax: CMD: repack  -1037.08  0.18353  0.18353  0.14575
protocols.relax.FastRelax: CMD: scale:fa_rep  -1017.11  0.18353  0.18353  0.154
protocols.relax.FastRelax: CMD: min  -1176.8  0.224627  0.224627  0.154
protocols.relax.FastRelax: CMD: coord_cst_weight  -1289.33  0.224627  0.224627  0.154
protocols.relax.FastRelax: CMD: scale:fa_rep  -1110.07  0.224627  0.224627  0.30745
core.pack.task: Packer task: initialize from command line() 
core.pack.pack_rotamers: built 7129 rotamers at 492 positions.
core.pack.interaction_graph.interaction_graph_factory: Instantiating DensePDInteractionGraph
protocols.relax.FastRelax: CMD: repack  -1110.37  0.224627  0.224627  0.30745
protocols.relax.FastRelax: CMD: scale:fa_rep  -1096.28  0.224627  0.224627  0.31955
protocols.relax.FastRelax: CMD: min  -1295.09  2.91278  2.91278  0.31955
protocols.relax.FastRelax: CMD: coord_cst_weight  -1295.09  2.91278  2.91278  0.31955
protocols.relax.FastRelax: CMD: scale:fa_rep  -1092.62  2.91278  2.91278  0.55
core.pack.task: Packer task: initialize from command line() 
core.pack.pack_rotamers: built 6925 rotamers at 492 positions.
core.pack.interaction_graph.interaction_graph_factory: Instantiating DensePDInteractionGraph
protocols.relax.FastRelax: CMD: repack  -1098.65  2.91278  2.91278  0.55
protocols.relax.FastRelax: CMD: min  -1148.51  2.82517  2.82517  0.55
protocols.relax.FastRelax: MRP: 5  -1148.51  -1148.51  2.82517  2.82517  
protocols.relax.FastRelax: CMD: accept_to_best  -1148.51  2.82517  2.82517  0.55
protocols.relax.FastRelax: CMD: endrepeat  -1148.51  2.82517  2.82517  0.55
protocols.relax.FastRelax: CMD: coord_cst_weight  53496.9  2.82517  2.82517  0.55
protocols.relax.FastRelax: CMD: scale:fa_rep  53168.6  2.82517  2.82517  0.022
core.pack.task: Packer task: initialize from command line() 
core.pack.pack_rotamers: built 7701 rotamers at 492 positions.
core.pack.interaction_graph.interaction_graph_factory: Instantiating DensePDInteractionGraph
protocols.relax.FastRelax: CMD: repack  53143.3  2.82517  2.82517  0.022
protocols.relax.FastRelax: CMD: scale:fa_rep  53150.2  2.82517  2.82517  0.02805
core.optimization.Minimizer: [ WARNING ] LBFGS MAX CYCLES 2000 EXCEEDED, BUT FUNC NOT CONVERGED!
protocols.relax.FastRelax: CMD: min  -1245.61  0.183664  0.183664  0.02805
protocols.relax.FastRelax: CMD: coord_cst_weight  -1322.91  0.183664  0.183664  0.02805
protocols.relax.FastRelax: CMD: scale:fa_rep  -973.655  0.183664  0.183664  0.14575
core.pack.task: Packer task: initialize from command line() 
core.pack.pack_rotamers: built 7318 rotamers at 492 positions.
core.pack.interaction_graph.interaction_graph_factory: Instantiating DensePDInteractionGraph
protocols.relax.FastRelax: CMD: repack  -1021.47  0.183664  0.183664  0.14575
protocols.relax.FastRelax: CMD: scale:fa_rep  -1000.2  0.183664  0.183664  0.154
protocols.relax.FastRelax: CMD: min  -1179.93  0.227499  0.227499  0.154
protocols.relax.FastRelax: CMD: coord_cst_weight  -1295.31  0.227499  0.227499  0.154
protocols.relax.FastRelax: CMD: scale:fa_rep  -1116.52  0.227499  0.227499  0.30745
core.pack.task: Packer task: initialize from command line() 
core.pack.pack_rotamers: built 7120 rotamers at 492 positions.
core.pack.interaction_graph.interaction_graph_factory: Instantiating DensePDInteractionGraph
protocols.relax.FastRelax: CMD: repack  -1116.9  0.227499  0.227499  0.30745
protocols.relax.FastRelax: CMD: scale:fa_rep  -1102.94  0.227499  0.227499  0.31955
protocols.relax.FastRelax: CMD: min  -1297.65  3.43978  3.43978  0.31955
protocols.relax.FastRelax: CMD: coord_cst_weight  -1297.65  3.43978  3.43978  0.31955
protocols.relax.FastRelax: CMD: scale:fa_rep  -1094.35  3.43978  3.43978  0.55
core.pack.task: Packer task: initialize from command line() 
core.pack.pack_rotamers: built 6976 rotamers at 492 positions.
core.pack.interaction_graph.interaction_graph_factory: Instantiating DensePDInteractionGraph
protocols.relax.FastRelax: CMD: repack  -1097.09  3.43978  3.43978  0.55
protocols.relax.FastRelax: CMD: min  -1147.4  3.67412  3.67412  0.55
protocols.relax.FastRelax: MRP: 6  -1147.4  -1148.51  2.82517  2.82517  
protocols.relax.FastRelax: CMD: accept_to_best  -1147.4  3.67412  3.67412  0.55
protocols.relax.FastRelax: CMD: endrepeat  -1147.4  3.67412  3.67412  0.55
protocols.relax.FastRelax: CMD: coord_cst_weight  68531.6  3.67412  3.67412  0.55
protocols.relax.FastRelax: CMD: scale:fa_rep  68202.6  3.67412  3.67412  0.022
core.pack.task: Packer task: initialize from command line() 
core.pack.pack_rotamers: built 7676 rotamers at 492 positions.
core.pack.interaction_graph.interaction_graph_factory: Instantiating DensePDInteractionGraph
protocols.relax.FastRelax: CMD: repack  68183.6  3.67412  3.67412  0.022
protocols.relax.FastRelax: CMD: scale:fa_rep  68189.4  3.67412  3.67412  0.02805
core.optimization.Minimizer: [ WARNING ] LBFGS MAX CYCLES 2000 EXCEEDED, BUT FUNC NOT CONVERGED!
protocols.relax.FastRelax: CMD: min  -1269.35  0.182394  0.182394  0.02805
protocols.relax.FastRelax: CMD: coord_cst_weight  -1344.16  0.182394  0.182394  0.02805
protocols.relax.FastRelax: CMD: scale:fa_rep  -1026.75  0.182394  0.182394  0.14575
core.pack.task: Packer task: initialize from command line() 
core.pack.pack_rotamers: built 7299 rotamers at 492 positions.
core.pack.interaction_graph.interaction_graph_factory: Instantiating DensePDInteractionGraph
protocols.relax.FastRelax: CMD: repack  -1052.36  0.182394  0.182394  0.14575
protocols.relax.FastRelax: CMD: scale:fa_rep  -1032.14  0.182394  0.182394  0.154
protocols.relax.FastRelax: CMD: min  -1185.67  0.228519  0.228519  0.154
protocols.relax.FastRelax: CMD: coord_cst_weight  -1301.69  0.228519  0.228519  0.154
protocols.relax.FastRelax: CMD: scale:fa_rep  -1123.2  0.228519  0.228519  0.30745
core.pack.task: Packer task: initialize from command line() 
core.pack.pack_rotamers: built 7122 rotamers at 492 positions.
core.pack.interaction_graph.interaction_graph_factory: Instantiating DensePDInteractionGraph
protocols.relax.FastRelax: CMD: repack  -1124.58  0.228519  0.228519  0.30745
protocols.relax.FastRelax: CMD: scale:fa_rep  -1110.64  0.228519  0.228519  0.31955
protocols.relax.FastRelax: CMD: min  -1308.82  3.40771  3.40771  0.31955
protocols.relax.FastRelax: CMD: coord_cst_weight  -1308.82  3.40771  3.40771  0.31955
protocols.relax.FastRelax: CMD: scale:fa_rep  -1103.37  3.40771  3.40771  0.55
core.pack.task: Packer task: initialize from command line() 
core.pack.pack_rotamers: built 6970 rotamers at 492 positions.
core.pack.interaction_graph.interaction_graph_factory: Instantiating DensePDInteractionGraph
protocols.relax.FastRelax: CMD: repack  -1106.55  3.40771  3.40771  0.55
protocols.relax.FastRelax: CMD: min  -1152.88  3.7364  3.7364  0.55
protocols.relax.FastRelax: MRP: 7  -1152.88  -1152.88  3.7364  3.7364  
protocols.relax.FastRelax: CMD: accept_to_best  -1152.88  3.7364  3.7364  0.55
protocols.relax.FastRelax: CMD: endrepeat  -1152.88  3.7364  3.7364  0.55
protocols.relax.FastRelax: CMD: coord_cst_weight  65359.9  3.7364  3.7364  0.55
protocols.relax.FastRelax: CMD: scale:fa_rep  65029.6  3.7364  3.7364  0.022
core.pack.task: Packer task: initialize from command line() 
core.pack.pack_rotamers: built 7700 rotamers at 492 positions.
core.pack.interaction_graph.interaction_graph_factory: Instantiating DensePDInteractionGraph
protocols.relax.FastRelax: CMD: repack  65017.1  3.7364  3.7364  0.022
protocols.relax.FastRelax: CMD: scale:fa_rep  65023.9  3.7364  3.7364  0.02805
core.optimization.Minimizer: [ WARNING ] LBFGS MAX CYCLES 2000 EXCEEDED, BUT FUNC NOT CONVERGED!
protocols.relax.FastRelax: CMD: min  -1260.22  0.18138  0.18138  0.02805
protocols.relax.FastRelax: CMD: coord_cst_weight  -1334.21  0.18138  0.18138  0.02805
protocols.relax.FastRelax: CMD: scale:fa_rep  -999.461  0.18138  0.18138  0.14575
core.pack.task: Packer task: initialize from command line() 
core.pack.pack_rotamers: built 7330 rotamers at 492 positions.
core.pack.interaction_graph.interaction_graph_factory: Instantiating DensePDInteractionGraph
protocols.relax.FastRelax: CMD: repack  -1038.64  0.18138  0.18138  0.14575
protocols.relax.FastRelax: CMD: scale:fa_rep  -1017.74  0.18138  0.18138  0.154
protocols.relax.FastRelax: CMD: min  -1186.69  0.230141  0.230141  0.154
protocols.relax.FastRelax: CMD: coord_cst_weight  -1303.55  0.230141  0.230141  0.154
protocols.relax.FastRelax: CMD: scale:fa_rep  -1119.57  0.230141  0.230141  0.30745
core.pack.task: Packer task: initialize from command line() 
core.pack.pack_rotamers: built 7132 rotamers at 492 positions.
core.pack.interaction_graph.interaction_graph_factory: Instantiating DensePDInteractionGraph
protocols.relax.FastRelax: CMD: repack  -1121.14  0.230141  0.230141  0.30745
protocols.relax.FastRelax: CMD: scale:fa_rep  -1106.91  0.230141  0.230141  0.31955
protocols.relax.FastRelax: CMD: min  -1315.28  2.89493  2.89493  0.31955
protocols.relax.FastRelax: CMD: coord_cst_weight  -1315.28  2.89493  2.89493  0.31955
protocols.relax.FastRelax: CMD: scale:fa_rep  -1110.45  2.89493  2.89493  0.55
core.pack.task: Packer task: initialize from command line() 
core.pack.pack_rotamers: built 7008 rotamers at 492 positions.
core.pack.interaction_graph.interaction_graph_factory: Instantiating DensePDInteractionGraph
protocols.relax.FastRelax: CMD: repack  -1112.1  2.89493  2.89493  0.55
protocols.relax.FastRelax: CMD: min  -1158.73  2.99095  2.99095  0.55
protocols.relax.FastRelax: MRP: 8  -1158.73  -1158.73  2.99095  2.99095  
protocols.relax.FastRelax: CMD: accept_to_best  -1158.73  2.99095  2.99095  0.55
protocols.relax.FastRelax: CMD: endrepeat  -1158.73  2.99095  2.99095  0.55
protocols.relax.FastRelax: CMD: coord_cst_weight  52656.5  2.99095  2.99095  0.55
protocols.relax.FastRelax: CMD: scale:fa_rep  52325.7  2.99095  2.99095  0.022
core.pack.task: Packer task: initialize from command line() 
core.pack.pack_rotamers: built 7691 rotamers at 492 positions.
core.pack.interaction_graph.interaction_graph_factory: Instantiating DensePDInteractionGraph
protocols.relax.FastRelax: CMD: repack  52303.2  2.99095  2.99095  0.022
protocols.relax.FastRelax: CMD: scale:fa_rep  52309.4  2.99095  2.99095  0.02805
core.optimization.Minimizer: [ WARNING ] LBFGS MAX CYCLES 2000 EXCEEDED, BUT FUNC NOT CONVERGED!
protocols.relax.FastRelax: CMD: min  -1256.85  0.187725  0.187725  0.02805
protocols.relax.FastRelax: CMD: coord_cst_weight  -1336.84  0.187725  0.187725  0.02805
protocols.relax.FastRelax: CMD: scale:fa_rep  -994.12  0.187725  0.187725  0.14575
core.pack.task: Packer task: initialize from command line() 
core.pack.pack_rotamers: built 7336 rotamers at 492 positions.
core.pack.interaction_graph.interaction_graph_factory: Instantiating DensePDInteractionGraph
protocols.relax.FastRelax: CMD: repack  -1044.63  0.187725  0.187725  0.14575
protocols.relax.FastRelax: CMD: scale:fa_rep  -1023.86  0.187725  0.187725  0.154
protocols.relax.FastRelax: CMD: min  -1190.43  0.231462  0.231462  0.154
protocols.relax.FastRelax: CMD: coord_cst_weight  -1308.22  0.231462  0.231462  0.154
protocols.relax.FastRelax: CMD: scale:fa_rep  -1127.87  0.231462  0.231462  0.30745
core.pack.task: Packer task: initialize from command line() 
core.pack.pack_rotamers: built 7128 rotamers at 492 positions.
core.pack.interaction_graph.interaction_graph_factory: Instantiating DensePDInteractionGraph
protocols.relax.FastRelax: CMD: repack  -1128.3  0.231462  0.231462  0.30745
protocols.relax.FastRelax: CMD: scale:fa_rep  -1114.16  0.231462  0.231462  0.31955
protocols.relax.FastRelax: CMD: min  -1304.47  3.65889  3.65889  0.31955
protocols.relax.FastRelax: CMD: coord_cst_weight  -1304.47  3.65889  3.65889  0.31955
protocols.relax.FastRelax: CMD: scale:fa_rep  -1098.26  3.65889  3.65889  0.55
core.pack.task: Packer task: initialize from command line() 
core.pack.pack_rotamers: built 7068 rotamers at 492 positions.
core.pack.interaction_graph.interaction_graph_factory: Instantiating DensePDInteractionGraph
protocols.relax.FastRelax: CMD: repack  -1100.7  3.65889  3.65889  0.55
protocols.relax.FastRelax: CMD: min  -1151.62  3.9425  3.9425  0.55
protocols.relax.FastRelax: MRP: 9  -1151.62  -1158.73  2.99095  2.99095  
protocols.relax.FastRelax: CMD: accept_to_best  -1151.62  3.9425  3.9425  0.55
protocols.relax.FastRelax: CMD: endrepeat  -1151.62  3.9425  3.9425  0.55
protocols.relax.FastRelax: CMD: coord_cst_weight  73959.6  3.9425  3.9425  0.55
protocols.relax.FastRelax: CMD: scale:fa_rep  73628.2  3.9425  3.9425  0.022
core.pack.task: Packer task: initialize from command line() 
core.pack.pack_rotamers: built 7763 rotamers at 492 positions.
core.pack.interaction_graph.interaction_graph_factory: Instantiating DensePDInteractionGraph
protocols.relax.FastRelax: CMD: repack  73637  3.9425  3.9425  0.022
protocols.relax.FastRelax: CMD: scale:fa_rep  73648.2  3.9425  3.9425  0.02805
core.optimization.Minimizer: [ WARNING ] LBFGS MAX CYCLES 2000 EXCEEDED, BUT FUNC NOT CONVERGED!
protocols.relax.FastRelax: CMD: min  -1260.67  0.183166  0.183166  0.02805
protocols.relax.FastRelax: CMD: coord_cst_weight  -1336.99  0.183166  0.183166  0.02805
protocols.relax.FastRelax: CMD: scale:fa_rep  -996.42  0.183166  0.183166  0.14575
core.pack.task: Packer task: initialize from command line() 
core.pack.pack_rotamers: built 7298 rotamers at 492 positions.
core.pack.interaction_graph.interaction_graph_factory: Instantiating DensePDInteractionGraph
protocols.relax.FastRelax: CMD: repack  -1053.72  0.183166  0.183166  0.14575
protocols.relax.FastRelax: CMD: scale:fa_rep  -1033.84  0.183166  0.183166  0.154
protocols.relax.FastRelax: CMD: min  -1193.52  0.233075  0.233075  0.154
protocols.relax.FastRelax: CMD: coord_cst_weight  -1315.05  0.233075  0.233075  0.154
protocols.relax.FastRelax: CMD: scale:fa_rep  -1133.8  0.233075  0.233075  0.30745
core.pack.task: Packer task: initialize from command line() 
core.pack.pack_rotamers: built 7107 rotamers at 492 positions.
core.pack.interaction_graph.interaction_graph_factory: Instantiating DensePDInteractionGraph
protocols.relax.FastRelax: CMD: repack  -1134.16  0.233075  0.233075  0.30745
protocols.relax.FastRelax: CMD: scale:fa_rep  -1119.95  0.233075  0.233075  0.31955
protocols.relax.FastRelax: CMD: min  -1304.14  3.40545  3.40545  0.31955
protocols.relax.FastRelax: CMD: coord_cst_weight  -1304.14  3.40545  3.40545  0.31955
protocols.relax.FastRelax: CMD: scale:fa_rep  -1098.17  3.40545  3.40545  0.55
core.pack.task: Packer task: initialize from command line() 
core.pack.pack_rotamers: built 7088 rotamers at 492 positions.
core.pack.interaction_graph.interaction_graph_factory: Instantiating DensePDInteractionGraph
protocols.relax.FastRelax: CMD: repack  -1100.09  3.40545  3.40545  0.55
protocols.relax.FastRelax: CMD: min  -1155.78  4.14097  4.14097  0.55
protocols.relax.FastRelax: MRP: 10  -1155.78  -1158.73  2.99095  2.99095  
protocols.relax.FastRelax: CMD: accept_to_best  -1155.78  4.14097  4.14097  0.55
protocols.relax.FastRelax: CMD: endrepeat  -1155.78  4.14097  4.14097  0.55
protocols.relax.FastRelax: CMD: coord_cst_weight  72961.5  4.14097  4.14097  0.55
protocols.relax.FastRelax: CMD: scale:fa_rep  72631.1  4.14097  4.14097  0.022
core.pack.task: Packer task: initialize from command line() 
core.pack.pack_rotamers: built 7725 rotamers at 492 positions.
core.pack.interaction_graph.interaction_graph_factory: Instantiating DensePDInteractionGraph
protocols.relax.FastRelax: CMD: repack  72634.3  4.14097  4.14097  0.022
protocols.relax.FastRelax: CMD: scale:fa_rep  72643.5  4.14097  4.14097  0.02805
core.optimization.Minimizer: [ WARNING ] LBFGS MAX CYCLES 2000 EXCEEDED, BUT FUNC NOT CONVERGED!
protocols.relax.FastRelax: CMD: min  -1246.54  0.191771  0.191771  0.02805
protocols.relax.FastRelax: CMD: coord_cst_weight  -1330.81  0.191771  0.191771  0.02805
protocols.relax.FastRelax: CMD: scale:fa_rep  -955.656  0.191771  0.191771  0.14575
core.pack.task: Packer task: initialize from command line() 
core.pack.pack_rotamers: built 7341 rotamers at 492 positions.
core.pack.interaction_graph.interaction_graph_factory: Instantiating DensePDInteractionGraph
protocols.relax.FastRelax: CMD: repack  -1039.18  0.191771  0.191771  0.14575
protocols.relax.FastRelax: CMD: scale:fa_rep  -1018.41  0.191771  0.191771  0.154
protocols.relax.FastRelax: CMD: min  -1190.61  0.230232  0.230232  0.154
protocols.relax.FastRelax: CMD: coord_cst_weight  -1311.68  0.230232  0.230232  0.154
protocols.relax.FastRelax: CMD: scale:fa_rep  -1126.01  0.230232  0.230232  0.30745
core.pack.task: Packer task: initialize from command line() 
core.pack.pack_rotamers: built 7118 rotamers at 492 positions.
core.pack.interaction_graph.interaction_graph_factory: Instantiating DensePDInteractionGraph
protocols.relax.FastRelax: CMD: repack  -1127.07  0.230232  0.230232  0.30745
protocols.relax.FastRelax: CMD: scale:fa_rep  -1112.64  0.230232  0.230232  0.31955
protocols.relax.FastRelax: CMD: min  -1307.39  4.15339  4.15339  0.31955
protocols.relax.FastRelax: CMD: coord_cst_weight  -1307.39  4.15339  4.15339  0.31955
protocols.relax.FastRelax: CMD: scale:fa_rep  -1101.02  4.15339  4.15339  0.55
core.pack.task: Packer task: initialize from command line() 
core.pack.pack_rotamers: built 7091 rotamers at 492 positions.
core.pack.interaction_graph.interaction_graph_factory: Instantiating DensePDInteractionGraph
protocols.relax.FastRelax: CMD: repack  -1104.48  4.15339  4.15339  0.55
protocols.relax.FastRelax: CMD: min  -1155.54  4.43126  4.43126  0.55
protocols.relax.FastRelax: MRP: 11  -1155.54  -1158.73  2.99095  2.99095  
protocols.relax.FastRelax: CMD: accept_to_best  -1155.54  4.43126  4.43126  0.55
protocols.relax.FastRelax: CMD: endrepeat  -1155.54  4.43126  4.43126  0.55
protocols.relax.FastRelax: CMD: coord_cst_weight  108781  4.43126  4.43126  0.55
protocols.relax.FastRelax: CMD: scale:fa_rep  108448  4.43126  4.43126  0.022
core.pack.task: Packer task: initialize from command line() 
core.pack.pack_rotamers: built 7764 rotamers at 492 positions.
core.pack.interaction_graph.interaction_graph_factory: Instantiating DensePDInteractionGraph
protocols.relax.FastRelax: CMD: repack  108430  4.43126  4.43126  0.022
protocols.relax.FastRelax: CMD: scale:fa_rep  108436  4.43126  4.43126  0.02805
core.optimization.Minimizer: [ WARNING ] LBFGS MAX CYCLES 2000 EXCEEDED, BUT FUNC NOT CONVERGED!
protocols.relax.FastRelax: CMD: min  -1269.52  0.185195  0.185195  0.02805
protocols.relax.FastRelax: CMD: coord_cst_weight  -1347.94  0.185195  0.185195  0.02805
protocols.relax.FastRelax: CMD: scale:fa_rep  -1028.47  0.185195  0.185195  0.14575
core.pack.task: Packer task: initialize from command line() 
core.pack.pack_rotamers: built 7331 rotamers at 492 positions.
core.pack.interaction_graph.interaction_graph_factory: Instantiating DensePDInteractionGraph
protocols.relax.FastRelax: CMD: repack  -1061.69  0.185195  0.185195  0.14575
protocols.relax.FastRelax: CMD: scale:fa_rep  -1041.98  0.185195  0.185195  0.154
protocols.relax.FastRelax: CMD: min  -1192.88  0.230002  0.230002  0.154
protocols.relax.FastRelax: CMD: coord_cst_weight  -1313.36  0.230002  0.230002  0.154
protocols.relax.FastRelax: CMD: scale:fa_rep  -1133.15  0.230002  0.230002  0.30745
core.pack.task: Packer task: initialize from command line() 
core.pack.pack_rotamers: built 7106 rotamers at 492 positions.
core.pack.interaction_graph.interaction_graph_factory: Instantiating DensePDInteractionGraph
protocols.relax.FastRelax: CMD: repack  -1133.35  0.230002  0.230002  0.30745
protocols.relax.FastRelax: CMD: scale:fa_rep  -1119.18  0.230002  0.230002  0.31955
protocols.relax.FastRelax: CMD: min  -1314.12  3.69667  3.69667  0.31955
protocols.relax.FastRelax: CMD: coord_cst_weight  -1314.12  3.69667  3.69667  0.31955
protocols.relax.FastRelax: CMD: scale:fa_rep  -1108.32  3.69667  3.69667  0.55
core.pack.task: Packer task: initialize from command line() 
core.pack.pack_rotamers: built 7112 rotamers at 492 positions.
core.pack.interaction_graph.interaction_graph_factory: Instantiating DensePDInteractionGraph
protocols.relax.FastRelax: CMD: repack  -1108.02  3.69667  3.69667  0.55
protocols.relax.FastRelax: CMD: min  -1155.51  4.00077  4.00077  0.55
protocols.relax.FastRelax: MRP: 12  -1155.51  -1158.73  2.99095  2.99095  
protocols.relax.FastRelax: CMD: accept_to_best  -1155.51  4.00077  4.00077  0.55
protocols.relax.FastRelax: CMD: endrepeat  -1155.51  4.00077  4.00077  0.55
protocols.relax.FastRelax: CMD: coord_cst_weight  77552.2  4.00077  4.00077  0.55
protocols.relax.FastRelax: CMD: scale:fa_rep  77220.6  4.00077  4.00077  0.022
core.pack.task: Packer task: initialize from command line() 
core.pack.pack_rotamers: built 7710 rotamers at 492 positions.
core.pack.interaction_graph.interaction_graph_factory: Instantiating DensePDInteractionGraph
protocols.relax.FastRelax: CMD: repack  77211.4  4.00077  4.00077  0.022
protocols.relax.FastRelax: CMD: scale:fa_rep  77217.7  4.00077  4.00077  0.02805
core.optimization.Minimizer: [ WARNING ] LBFGS MAX CYCLES 2000 EXCEEDED, BUT FUNC NOT CONVERGED!
protocols.relax.FastRelax: CMD: min  -1271.88  0.181631  0.181631  0.02805
protocols.relax.FastRelax: CMD: coord_cst_weight  -1348.35  0.181631  0.181631  0.02805
protocols.relax.FastRelax: CMD: scale:fa_rep  -1022.11  0.181631  0.181631  0.14575
core.pack.task: Packer task: initialize from command line() 
core.pack.pack_rotamers: built 7357 rotamers at 492 positions.
core.pack.interaction_graph.interaction_graph_factory: Instantiating DensePDInteractionGraph
protocols.relax.FastRelax: CMD: repack  -1054.16  0.181631  0.181631  0.14575
protocols.relax.FastRelax: CMD: scale:fa_rep  -1033.84  0.181631  0.181631  0.154
protocols.relax.FastRelax: CMD: min  -1186.16  0.229903  0.229903  0.154
protocols.relax.FastRelax: CMD: coord_cst_weight  -1306.53  0.229903  0.229903  0.154
protocols.relax.FastRelax: CMD: scale:fa_rep  -1125.91  0.229903  0.229903  0.30745
core.pack.task: Packer task: initialize from command line() 
core.pack.pack_rotamers: built 7134 rotamers at 492 positions.
core.pack.interaction_graph.interaction_graph_factory: Instantiating DensePDInteractionGraph
protocols.relax.FastRelax: CMD: repack  -1126.09  0.229903  0.229903  0.30745
protocols.relax.FastRelax: CMD: scale:fa_rep  -1111.98  0.229903  0.229903  0.31955
protocols.relax.FastRelax: CMD: min  -1310.96  3.82924  3.82924  0.31955
protocols.relax.FastRelax: CMD: coord_cst_weight  -1310.96  3.82924  3.82924  0.31955
protocols.relax.FastRelax: CMD: scale:fa_rep  -1105.99  3.82924  3.82924  0.55
core.pack.task: Packer task: initialize from command line() 
core.pack.pack_rotamers: built 7091 rotamers at 492 positions.
core.pack.interaction_graph.interaction_graph_factory: Instantiating DensePDInteractionGraph
protocols.relax.FastRelax: CMD: repack  -1107.26  3.82924  3.82924  0.55
protocols.relax.FastRelax: CMD: min  -1155.16  4.18468  4.18468  0.55
protocols.relax.FastRelax: MRP: 13  -1155.16  -1158.73  2.99095  2.99095  
protocols.relax.FastRelax: CMD: accept_to_best  -1155.16  4.18468  4.18468  0.55
protocols.relax.FastRelax: CMD: endrepeat  -1155.16  4.18468  4.18468  0.55
protocols.relax.FastRelax: CMD: coord_cst_weight  71704.2  4.18468  4.18468  0.55
protocols.relax.FastRelax: CMD: scale:fa_rep  71374.4  4.18468  4.18468  0.022
core.pack.task: Packer task: initialize from command line() 
core.pack.pack_rotamers: built 7698 rotamers at 492 positions.
core.pack.interaction_graph.interaction_graph_factory: Instantiating DensePDInteractionGraph
protocols.relax.FastRelax: CMD: repack  71360.6  4.18468  4.18468  0.022
protocols.relax.FastRelax: CMD: scale:fa_rep  71366.9  4.18468  4.18468  0.02805
core.optimization.Minimizer: [ WARNING ] LBFGS MAX CYCLES 2000 EXCEEDED, BUT FUNC NOT CONVERGED!
protocols.relax.FastRelax: CMD: min  -1274.35  0.183362  0.183362  0.02805
protocols.relax.FastRelax: CMD: coord_cst_weight  -1350.36  0.183362  0.183362  0.02805
protocols.relax.FastRelax: CMD: scale:fa_rep  -1028.82  0.183362  0.183362  0.14575
core.pack.task: Packer task: initialize from command line() 
core.pack.pack_rotamers: built 7350 rotamers at 492 positions.
core.pack.interaction_graph.interaction_graph_factory: Instantiating DensePDInteractionGraph
protocols.relax.FastRelax: CMD: repack  -1060.01  0.183362  0.183362  0.14575
protocols.relax.FastRelax: CMD: scale:fa_rep  -1039.66  0.183362  0.183362  0.154
protocols.relax.FastRelax: CMD: min  -1190.97  0.229296  0.229296  0.154
protocols.relax.FastRelax: CMD: coord_cst_weight  -1310.39  0.229296  0.229296  0.154
protocols.relax.FastRelax: CMD: scale:fa_rep  -1124.86  0.229296  0.229296  0.30745
core.pack.task: Packer task: initialize from command line() 
core.pack.pack_rotamers: built 7127 rotamers at 492 positions.
core.pack.interaction_graph.interaction_graph_factory: Instantiating DensePDInteractionGraph
protocols.relax.FastRelax: CMD: repack  -1125.96  0.229296  0.229296  0.30745
protocols.relax.FastRelax: CMD: scale:fa_rep  -1111.61  0.229296  0.229296  0.31955
protocols.relax.FastRelax: CMD: min  -1312.62  4.85147  4.85147  0.31955
protocols.relax.FastRelax: CMD: coord_cst_weight  -1312.62  4.85147  4.85147  0.31955
protocols.relax.FastRelax: CMD: scale:fa_rep  -1107.56  4.85147  4.85147  0.55
core.pack.task: Packer task: initialize from command line() 
core.pack.pack_rotamers: built 6982 rotamers at 492 positions.
core.pack.interaction_graph.interaction_graph_factory: Instantiating DensePDInteractionGraph
protocols.relax.FastRelax: CMD: repack  -1109.45  4.85147  4.85147  0.55
protocols.relax.FastRelax: CMD: min  -1156.69  4.92107  4.92107  0.55
protocols.relax.FastRelax: MRP: 14  -1156.69  -1158.73  2.99095  2.99095  
protocols.relax.FastRelax: CMD: accept_to_best  -1156.69  4.92107  4.92107  0.55
protocols.relax.FastRelax: CMD: endrepeat  -1156.69  4.92107  4.92107  0.55
protocols::checkpoint: Deleting checkpoints of FastRelax
protocols.jd2.JobDistributor: target.BL00010001_7_0003 reported success in 13977 seconds
protocols.jd2.PDBJobInputter: PDBJobInputter::pose_from_job
protocols.jd2.PDBJobInputter: filling pose from PDB ../1-modeller/target.BL00010001.pdb
core.import_pose.import_pose: File '../1-modeller/target.BL00010001.pdb' automatically determined to be of type PDB from contents.
core.io.rcsb.ExperimentalTechnique: [ ERROR ] Unrecognized experimental technique string 'THEORETICAL MODEL, MODELLER 10.8 2026/08/10 16:18:02'
protocols.relax.FastRelax: CMD: repeat  4476.34  0  0  0.55
protocols.relax.FastRelax: CMD: coord_cst_weight  4476.34  0  0  0.55
protocols.relax.FastRelax: CMD: scale:fa_rep  806.987  0  0  0.022
core.pack.task: Packer task: initialize from command line() 
core.pack.pack_rotamers: built 8129 rotamers at 492 positions.
core.pack.interaction_graph.interaction_graph_factory: Instantiating DensePDInteractionGraph
protocols.relax.FastRelax: CMD: repack  -877.799  0  0  0.022
protocols.relax.FastRelax: CMD: scale:fa_rep  -840.57  0  0  0.02805
core.optimization.Minimizer: [ WARNING ] LBFGS MAX CYCLES 2000 EXCEEDED, BUT FUNC NOT CONVERGED!
protocols.relax.FastRelax: CMD: min  -1284.58  0.148678  0.148678  0.02805
protocols.relax.FastRelax: CMD: coord_cst_weight  -1331.32  0.148678  0.148678  0.02805
protocols.relax.FastRelax: CMD: scale:fa_rep  -954.426  0.148678  0.148678  0.14575
core.pack.task: Packer task: initialize from command line() 
core.pack.pack_rotamers: built 7416 rotamers at 492 positions.
core.pack.interaction_graph.interaction_graph_factory: Instantiating DensePDInteractionGraph
protocols.relax.FastRelax: CMD: repack  -990.267  0.148678  0.148678  0.14575
protocols.relax.FastRelax: CMD: scale:fa_rep  -968.414  0.148678  0.148678  0.154
protocols.relax.FastRelax: CMD: min  -1157.87  0.204114  0.204114  0.154
protocols.relax.FastRelax: CMD: coord_cst_weight  -1247.03  0.204114  0.204114  0.154
protocols.relax.FastRelax: CMD: scale:fa_rep  -1057.6  0.204114  0.204114  0.30745
core.pack.task: Packer task: initialize from command line() 
core.pack.pack_rotamers: built 7225 rotamers at 492 positions.
core.pack.interaction_graph.interaction_graph_factory: Instantiating DensePDInteractionGraph
protocols.relax.FastRelax: CMD: repack  -1051.87  0.204114  0.204114  0.30745
protocols.relax.FastRelax: CMD: scale:fa_rep  -1037.15  0.204114  0.204114  0.31955
protocols.relax.FastRelax: CMD: min  -1242.29  3.21855  3.21855  0.31955
protocols.relax.FastRelax: CMD: coord_cst_weight  -1242.29  3.21855  3.21855  0.31955
protocols.relax.FastRelax: CMD: scale:fa_rep  -1033.01  3.21855  3.21855  0.55
core.pack.task: Packer task: initialize from command line() 
core.pack.pack_rotamers: built 7095 rotamers at 492 positions.
core.pack.interaction_graph.interaction_graph_factory: Instantiating DensePDInteractionGraph
protocols.relax.FastRelax: CMD: repack  -1037.87  3.21855  3.21855  0.55
protocols.relax.FastRelax: CMD: min  -1105.25  3.49374  3.49374  0.55
protocols.relax.FastRelax: MRP: 0  -1105.25  -1105.25  3.49374  3.49374  
protocols.relax.FastRelax: CMD: accept_to_best  -1105.25  3.49374  3.49374  0.55
protocols.relax.FastRelax: CMD: endrepeat  -1105.25  3.49374  3.49374  0.55
protocols.relax.FastRelax: CMD: coord_cst_weight  80531.3  3.49374  3.49374  0.55
protocols.relax.FastRelax: CMD: scale:fa_rep  80198.4  3.49374  3.49374  0.022
core.pack.task: Packer task: initialize from command line() 
core.pack.pack_rotamers: built 7879 rotamers at 492 positions.
core.pack.interaction_graph.interaction_graph_factory: Instantiating DensePDInteractionGraph
protocols.relax.FastRelax: CMD: repack  80173.7  3.49374  3.49374  0.022
protocols.relax.FastRelax: CMD: scale:fa_rep  80183.8  3.49374  3.49374  0.02805
core.optimization.Minimizer: [ WARNING ] LBFGS MAX CYCLES 2000 EXCEEDED, BUT FUNC NOT CONVERGED!
protocols.relax.FastRelax: CMD: min  -1256.98  0.180173  0.180173  0.02805
protocols.relax.FastRelax: CMD: coord_cst_weight  -1325.73  0.180173  0.180173  0.02805
protocols.relax.FastRelax: CMD: scale:fa_rep  -987.694  0.180173  0.180173  0.14575
core.pack.task: Packer task: initialize from command line() 
core.pack.pack_rotamers: built 7343 rotamers at 492 positions.
core.pack.interaction_graph.interaction_graph_factory: Instantiating DensePDInteractionGraph
protocols.relax.FastRelax: CMD: repack  -1025.75  0.180173  0.180173  0.14575
protocols.relax.FastRelax: CMD: scale:fa_rep  -1005.64  0.180173  0.180173  0.154
protocols.relax.FastRelax: CMD: min  -1176.82  0.215234  0.215234  0.154
protocols.relax.FastRelax: CMD: coord_cst_weight  -1277.93  0.215234  0.215234  0.154
protocols.relax.FastRelax: CMD: scale:fa_rep  -1096.71  0.215234  0.215234  0.30745
core.pack.task: Packer task: initialize from command line() 
core.pack.pack_rotamers: built 7230 rotamers at 492 positions.
core.pack.interaction_graph.interaction_graph_factory: Instantiating DensePDInteractionGraph
protocols.relax.FastRelax: CMD: repack  -1096.31  0.215234  0.215234  0.30745
protocols.relax.FastRelax: CMD: scale:fa_rep  -1082.2  0.215234  0.215234  0.31955
protocols.relax.FastRelax: CMD: min  -1028.82  3.62913  3.62913  0.31955
protocols.relax.FastRelax: CMD: coord_cst_weight  -1028.82  3.62913  3.62913  0.31955
protocols.relax.FastRelax: CMD: scale:fa_rep  -640.516  3.62913  3.62913  0.55
core.pack.task: Packer task: initialize from command line() 
core.pack.pack_rotamers: built 7020 rotamers at 492 positions.
core.pack.interaction_graph.interaction_graph_factory: Instantiating DensePDInteractionGraph
protocols.relax.FastRelax: CMD: repack  -1041.09  3.62913  3.62913  0.55
protocols.relax.FastRelax: CMD: min  -1133.13  3.48048  3.48048  0.55
protocols.relax.FastRelax: MRP: 1  -1133.13  -1133.13  3.48048  3.48048  
protocols.relax.FastRelax: CMD: accept_to_best  -1133.13  3.48048  3.48048  0.55
protocols.relax.FastRelax: CMD: endrepeat  -1133.13  3.48048  3.48048  0.55
protocols.relax.FastRelax: CMD: coord_cst_weight  72328.1  3.48048  3.48048  0.55
protocols.relax.FastRelax: CMD: scale:fa_rep  71993.5  3.48048  3.48048  0.022
core.pack.task: Packer task: initialize from command line() 
core.pack.pack_rotamers: built 7825 rotamers at 492 positions.
core.pack.interaction_graph.interaction_graph_factory: Instantiating DensePDInteractionGraph
protocols.relax.FastRelax: CMD: repack  71972.1  3.48048  3.48048  0.022
protocols.relax.FastRelax: CMD: scale:fa_rep  71980.6  3.48048  3.48048  0.02805
core.optimization.Minimizer: [ WARNING ] LBFGS MAX CYCLES 2000 EXCEEDED, BUT FUNC NOT CONVERGED!
protocols.relax.FastRelax: CMD: min  -1255.95  0.179414  0.179414  0.02805
protocols.relax.FastRelax: CMD: coord_cst_weight  -1326.18  0.179414  0.179414  0.02805
protocols.relax.FastRelax: CMD: scale:fa_rep  -1003.72  0.179414  0.179414  0.14575
core.pack.task: Packer task: initialize from command line() 
core.pack.pack_rotamers: built 7384 rotamers at 492 positions.
core.pack.interaction_graph.interaction_graph_factory: Instantiating DensePDInteractionGraph
protocols.relax.FastRelax: CMD: repack  -1050.39  0.179414  0.179414  0.14575
protocols.relax.FastRelax: CMD: scale:fa_rep  -1030.05  0.179414  0.179414  0.154
protocols.relax.FastRelax: CMD: min  -1195.79  0.220622  0.220622  0.154
protocols.relax.FastRelax: CMD: coord_cst_weight  -1303.1  0.220622  0.220622  0.154
protocols.relax.FastRelax: CMD: scale:fa_rep  -1119.38  0.220622  0.220622  0.30745
core.pack.task: Packer task: initialize from command line() 
core.pack.pack_rotamers: built 7205 rotamers at 492 positions.
core.pack.interaction_graph.interaction_graph_factory: Instantiating DensePDInteractionGraph
protocols.relax.FastRelax: CMD: repack  -1120.57  0.220622  0.220622  0.30745
protocols.relax.FastRelax: CMD: scale:fa_rep  -1106.39  0.220622  0.220622  0.31955
protocols.relax.FastRelax: CMD: min  -1290.45  2.97817  2.97817  0.31955
protocols.relax.FastRelax: CMD: coord_cst_weight  -1290.45  2.97817  2.97817  0.31955
protocols.relax.FastRelax: CMD: scale:fa_rep  -1082.34  2.97817  2.97817  0.55
core.pack.task: Packer task: initialize from command line() 
core.pack.pack_rotamers: built 7074 rotamers at 492 positions.
core.pack.interaction_graph.interaction_graph_factory: Instantiating DensePDInteractionGraph
protocols.relax.FastRelax: CMD: repack  -1084.07  2.97817  2.97817  0.55
protocols.relax.FastRelax: CMD: min  -1134.1  3.08478  3.08478  0.55
protocols.relax.FastRelax: MRP: 2  -1134.1  -1134.1  3.08478  3.08478  
protocols.relax.FastRelax: CMD: accept_to_best  -1134.1  3.08478  3.08478  0.55
protocols.relax.FastRelax: CMD: endrepeat  -1134.1  3.08478  3.08478  0.55
protocols.relax.FastRelax: CMD: coord_cst_weight  50826.4  3.08478  3.08478  0.55
protocols.relax.FastRelax: CMD: scale:fa_rep  50490.6  3.08478  3.08478  0.022
core.pack.task: Packer task: initialize from command line() 
core.pack.pack_rotamers: built 7768 rotamers at 492 positions.
core.pack.interaction_graph.interaction_graph_factory: Instantiating DensePDInteractionGraph
protocols.relax.FastRelax: CMD: repack  50478.4  3.08478  3.08478  0.022
protocols.relax.FastRelax: CMD: scale:fa_rep  50484.6  3.08478  3.08478  0.02805
core.optimization.Minimizer: [ WARNING ] LBFGS MAX CYCLES 2000 EXCEEDED, BUT FUNC NOT CONVERGED!
protocols.relax.FastRelax: CMD: min  -1262.44  0.18277  0.18277  0.02805
protocols.relax.FastRelax: CMD: coord_cst_weight  -1335.32  0.18277  0.18277  0.02805
protocols.relax.FastRelax: CMD: scale:fa_rep  -1009.73  0.18277  0.18277  0.14575
core.pack.task: Packer task: initialize from command line() 
core.pack.pack_rotamers: built 7332 rotamers at 492 positions.
core.pack.interaction_graph.interaction_graph_factory: Instantiating DensePDInteractionGraph
protocols.relax.FastRelax: CMD: repack  -1045.48  0.18277  0.18277  0.14575
protocols.relax.FastRelax: CMD: scale:fa_rep  -1025.37  0.18277  0.18277  0.154
protocols.relax.FastRelax: CMD: min  -1190.8  0.220065  0.220065  0.154
protocols.relax.FastRelax: CMD: coord_cst_weight  -1298.1  0.220065  0.220065  0.154
protocols.relax.FastRelax: CMD: scale:fa_rep  -1119.69  0.220065  0.220065  0.30745
core.pack.task: Packer task: initialize from command line() 
core.pack.pack_rotamers: built 7170 rotamers at 492 positions.
core.pack.interaction_graph.interaction_graph_factory: Instantiating DensePDInteractionGraph
protocols.relax.FastRelax: CMD: repack  -1120.29  0.220065  0.220065  0.30745
protocols.relax.FastRelax: CMD: scale:fa_rep  -1106.34  0.220065  0.220065  0.31955
protocols.relax.FastRelax: CMD: min  -1258.57  4.37501  4.37501  0.31955
protocols.relax.FastRelax: CMD: coord_cst_weight  -1258.57  4.37501  4.37501  0.31955
protocols.relax.FastRelax: CMD: scale:fa_rep  -1025.57  4.37501  4.37501  0.55
core.pack.task: Packer task: initialize from command line() 
core.pack.pack_rotamers: built 6970 rotamers at 492 positions.
core.pack.interaction_graph.interaction_graph_factory: Instantiating DensePDInteractionGraph
protocols.relax.FastRelax: CMD: repack  -1031.01  4.37501  4.37501  0.55
protocols.relax.FastRelax: CMD: min  -1137.44  4.09464  4.09464  0.55
protocols.relax.FastRelax: MRP: 3  -1137.44  -1137.44  4.09464  4.09464  
protocols.relax.FastRelax: CMD: accept_to_best  -1137.44  4.09464  4.09464  0.55
protocols.relax.FastRelax: CMD: endrepeat  -1137.44  4.09464  4.09464  0.55
protocols.relax.FastRelax: CMD: coord_cst_weight  73839.9  4.09464  4.09464  0.55
protocols.relax.FastRelax: CMD: scale:fa_rep  73505.9  4.09464  4.09464  0.022
core.pack.task: Packer task: initialize from command line() 
core.pack.pack_rotamers: built 7747 rotamers at 492 positions.
core.pack.interaction_graph.interaction_graph_factory: Instantiating DensePDInteractionGraph
protocols.relax.FastRelax: CMD: repack  73485.2  4.09464  4.09464  0.022
protocols.relax.FastRelax: CMD: scale:fa_rep  73492.3  4.09464  4.09464  0.02805
core.optimization.Minimizer: [ WARNING ] LBFGS MAX CYCLES 2000 EXCEEDED, BUT FUNC NOT CONVERGED!
protocols.relax.FastRelax: CMD: min  -1275.15  0.186421  0.186421  0.02805
protocols.relax.FastRelax: CMD: coord_cst_weight  -1350.87  0.186421  0.186421  0.02805
protocols.relax.FastRelax: CMD: scale:fa_rep  -1022.15  0.186421  0.186421  0.14575
core.pack.task: Packer task: initialize from command line() 
core.pack.pack_rotamers: built 7358 rotamers at 492 positions.
core.pack.interaction_graph.interaction_graph_factory: Instantiating DensePDInteractionGraph
protocols.relax.FastRelax: CMD: repack  -1060.28  0.186421  0.186421  0.14575
protocols.relax.FastRelax: CMD: scale:fa_rep  -1040.47  0.186421  0.186421  0.154
protocols.relax.FastRelax: CMD: min  -1201.65  0.222388  0.222388  0.154
protocols.relax.FastRelax: CMD: coord_cst_weight  -1310.18  0.222388  0.222388  0.154
protocols.relax.FastRelax: CMD: scale:fa_rep  -1129.53  0.222388  0.222388  0.30745
core.pack.task: Packer task: initialize from command line() 
core.pack.pack_rotamers: built 7130 rotamers at 492 positions.
core.pack.interaction_graph.interaction_graph_factory: Instantiating DensePDInteractionGraph
protocols.relax.FastRelax: CMD: repack  -1130.09  0.222388  0.222388  0.30745
protocols.relax.FastRelax: CMD: scale:fa_rep  -1116.05  0.222388  0.222388  0.31955
protocols.relax.FastRelax: CMD: min  -1286.22  3.23048  3.23048  0.31955
protocols.relax.FastRelax: CMD: coord_cst_weight  -1286.22  3.23048  3.23048  0.31955
protocols.relax.FastRelax: CMD: scale:fa_rep  -1079.02  3.23048  3.23048  0.55
core.pack.task: Packer task: initialize from command line() 
core.pack.pack_rotamers: built 6958 rotamers at 492 positions.
core.pack.interaction_graph.interaction_graph_factory: Instantiating DensePDInteractionGraph
protocols.relax.FastRelax: CMD: repack  -1080.47  3.23048  3.23048  0.55
protocols.relax.FastRelax: CMD: min  -1143.23  3.52865  3.52865  0.55
protocols.relax.FastRelax: MRP: 4  -1143.23  -1143.23  3.52865  3.52865  
protocols.relax.FastRelax: CMD: accept_to_best  -1143.23  3.52865  3.52865  0.55
protocols.relax.FastRelax: CMD: endrepeat  -1143.23  3.52865  3.52865  0.55
protocols.relax.FastRelax: CMD: coord_cst_weight  59497  3.52865  3.52865  0.55
protocols.relax.FastRelax: CMD: scale:fa_rep  59165.1  3.52865  3.52865  0.022
core.pack.task: Packer task: initialize from command line() 
core.pack.pack_rotamers: built 7735 rotamers at 492 positions.
core.pack.interaction_graph.interaction_graph_factory: Instantiating DensePDInteractionGraph
protocols.relax.FastRelax: CMD: repack  59147.6  3.52865  3.52865  0.022
protocols.relax.FastRelax: CMD: scale:fa_rep  59154.6  3.52865  3.52865  0.02805
core.optimization.Minimizer: [ WARNING ] LBFGS MAX CYCLES 2000 EXCEEDED, BUT FUNC NOT CONVERGED!
protocols.relax.FastRelax: CMD: min  -1280.01  0.183198  0.183198  0.02805
protocols.relax.FastRelax: CMD: coord_cst_weight  -1354.18  0.183198  0.183198  0.02805
protocols.relax.FastRelax: CMD: scale:fa_rep  -1040.03  0.183198  0.183198  0.14575
core.pack.task: Packer task: initialize from command line() 
core.pack.pack_rotamers: built 7308 rotamers at 492 positions.
core.pack.interaction_graph.interaction_graph_factory: Instantiating DensePDInteractionGraph
protocols.relax.FastRelax: CMD: repack  -1070.58  0.183198  0.183198  0.14575
protocols.relax.FastRelax: CMD: scale:fa_rep  -1050.6  0.183198  0.183198  0.154
protocols.relax.FastRelax: CMD: min  -1199.03  0.224082  0.224082  0.154
protocols.relax.FastRelax: CMD: coord_cst_weight  -1309.01  0.224082  0.224082  0.154
protocols.relax.FastRelax: CMD: scale:fa_rep  -1127.87  0.224082  0.224082  0.30745
core.pack.task: Packer task: initialize from command line() 
core.pack.pack_rotamers: built 7128 rotamers at 492 positions.
core.pack.interaction_graph.interaction_graph_factory: Instantiating DensePDInteractionGraph
protocols.relax.FastRelax: CMD: repack  -1128.54  0.224082  0.224082  0.30745
protocols.relax.FastRelax: CMD: scale:fa_rep  -1114.51  0.224082  0.224082  0.31955
protocols.relax.FastRelax: CMD: min  -1297.23  3.25492  3.25492  0.31955
protocols.relax.FastRelax: CMD: coord_cst_weight  -1297.23  3.25492  3.25492  0.31955
protocols.relax.FastRelax: CMD: scale:fa_rep  -1090.35  3.25492  3.25492  0.55
core.pack.task: Packer task: initialize from command line() 
core.pack.pack_rotamers: built 7005 rotamers at 492 positions.
core.pack.interaction_graph.interaction_graph_factory: Instantiating DensePDInteractionGraph
protocols.relax.FastRelax: CMD: repack  -1091.97  3.25492  3.25492  0.55
protocols.relax.FastRelax: CMD: min  -1156.69  3.49761  3.49761  0.55
protocols.relax.FastRelax: MRP: 5  -1156.69  -1156.69  3.49761  3.49761  
protocols.relax.FastRelax: CMD: accept_to_best  -1156.69  3.49761  3.49761  0.55
protocols.relax.FastRelax: CMD: endrepeat  -1156.69  3.49761  3.49761  0.55
protocols.relax.FastRelax: CMD: coord_cst_weight  57724.9  3.49761  3.49761  0.55
protocols.relax.FastRelax: CMD: scale:fa_rep  57395.2  3.49761  3.49761  0.022
core.pack.task: Packer task: initialize from command line() 
core.pack.pack_rotamers: built 7673 rotamers at 492 positions.
core.pack.interaction_graph.interaction_graph_factory: Instantiating DensePDInteractionGraph
protocols.relax.FastRelax: CMD: repack  57389.1  3.49761  3.49761  0.022
protocols.relax.FastRelax: CMD: scale:fa_rep  57397.1  3.49761  3.49761  0.02805
core.optimization.Minimizer: [ WARNING ] LBFGS MAX CYCLES 2000 EXCEEDED, BUT FUNC NOT CONVERGED!
protocols.relax.FastRelax: CMD: min  -1262.75  0.183078  0.183078  0.02805
protocols.relax.FastRelax: CMD: coord_cst_weight  -1337.16  0.183078  0.183078  0.02805
protocols.relax.FastRelax: CMD: scale:fa_rep  -990.439  0.183078  0.183078  0.14575
core.pack.task: Packer task: initialize from command line() 
core.pack.pack_rotamers: built 7382 rotamers at 492 positions.
core.pack.interaction_graph.interaction_graph_factory: Instantiating DensePDInteractionGraph
protocols.relax.FastRelax: CMD: repack  -1047.76  0.183078  0.183078  0.14575
protocols.relax.FastRelax: CMD: scale:fa_rep  -1027.06  0.183078  0.183078  0.154
protocols.relax.FastRelax: CMD: min  -1190.77  0.229808  0.229808  0.154
protocols.relax.FastRelax: CMD: coord_cst_weight  -1304.57  0.229808  0.229808  0.154
protocols.relax.FastRelax: CMD: scale:fa_rep  -1121.41  0.229808  0.229808  0.30745
core.pack.task: Packer task: initialize from command line() 
core.pack.pack_rotamers: built 7088 rotamers at 492 positions.
core.pack.interaction_graph.interaction_graph_factory: Instantiating DensePDInteractionGraph
protocols.relax.FastRelax: CMD: repack  -1121.43  0.229808  0.229808  0.30745
protocols.relax.FastRelax: CMD: scale:fa_rep  -1107.03  0.229808  0.229808  0.31955
protocols.relax.FastRelax: CMD: min  -1273.28  3.3323  3.3323  0.31955
protocols.relax.FastRelax: CMD: coord_cst_weight  -1273.28  3.3323  3.3323  0.31955
protocols.relax.FastRelax: CMD: scale:fa_rep  -1052.15  3.3323  3.3323  0.55
core.pack.task: Packer task: initialize from command line() 
core.pack.pack_rotamers: built 7010 rotamers at 492 positions.
core.pack.interaction_graph.interaction_graph_factory: Instantiating DensePDInteractionGraph
protocols.relax.FastRelax: CMD: repack  -1062.15  3.3323  3.3323  0.55
protocols.relax.FastRelax: CMD: min  -1159.74  3.27993  3.27993  0.55
protocols.relax.FastRelax: MRP: 6  -1159.74  -1159.74  3.27993  3.27993  
protocols.relax.FastRelax: CMD: accept_to_best  -1159.74  3.27993  3.27993  0.55
protocols.relax.FastRelax: CMD: endrepeat  -1159.74  3.27993  3.27993  0.55
protocols.relax.FastRelax: CMD: coord_cst_weight  52345.9  3.27993  3.27993  0.55
protocols.relax.FastRelax: CMD: scale:fa_rep  52018.7  3.27993  3.27993  0.022
core.pack.task: Packer task: initialize from command line() 
core.pack.pack_rotamers: built 7702 rotamers at 492 positions.
core.pack.interaction_graph.interaction_graph_factory: Instantiating DensePDInteractionGraph
protocols.relax.FastRelax: CMD: repack  52004.9  3.27993  3.27993  0.022
protocols.relax.FastRelax: CMD: scale:fa_rep  52013.3  3.27993  3.27993  0.02805
core.optimization.Minimizer: [ WARNING ] LBFGS MAX CYCLES 2000 EXCEEDED, BUT FUNC NOT CONVERGED!
protocols.relax.FastRelax: CMD: min  -1278.12  0.186678  0.186678  0.02805
protocols.relax.FastRelax: CMD: coord_cst_weight  -1354.64  0.186678  0.186678  0.02805
protocols.relax.FastRelax: CMD: scale:fa_rep  -1020.75  0.186678  0.186678  0.14575
core.pack.task: Packer task: initialize from command line() 
core.pack.pack_rotamers: built 7363 rotamers at 492 positions.
core.pack.interaction_graph.interaction_graph_factory: Instantiating DensePDInteractionGraph
protocols.relax.FastRelax: CMD: repack  -1054.27  0.186678  0.186678  0.14575
protocols.relax.FastRelax: CMD: scale:fa_rep  -1033.26  0.186678  0.186678  0.154
protocols.relax.FastRelax: CMD: min  -1192.35  0.230787  0.230787  0.154
protocols.relax.FastRelax: CMD: coord_cst_weight  -1309.17  0.230787  0.230787  0.154
protocols.relax.FastRelax: CMD: scale:fa_rep  -1124.09  0.230787  0.230787  0.30745
core.pack.task: Packer task: initialize from command line() 
core.pack.pack_rotamers: built 7075 rotamers at 492 positions.
core.pack.interaction_graph.interaction_graph_factory: Instantiating DensePDInteractionGraph
protocols.relax.FastRelax: CMD: repack  -1124.56  0.230787  0.230787  0.30745
protocols.relax.FastRelax: CMD: scale:fa_rep  -1110.06  0.230787  0.230787  0.31955
protocols.relax.FastRelax: CMD: min  -1308.83  3.03274  3.03274  0.31955
protocols.relax.FastRelax: CMD: coord_cst_weight  -1308.83  3.03274  3.03274  0.31955
protocols.relax.FastRelax: CMD: scale:fa_rep  -1104.89  3.03274  3.03274  0.55
core.pack.task: Packer task: initialize from command line() 
core.pack.pack_rotamers: built 6983 rotamers at 492 positions.
core.pack.interaction_graph.interaction_graph_factory: Instantiating DensePDInteractionGraph
protocols.relax.FastRelax: CMD: repack  -1108.15  3.03274  3.03274  0.55
protocols.relax.FastRelax: CMD: min  -1160.78  3.16659  3.16659  0.55
protocols.relax.FastRelax: MRP: 7  -1160.78  -1160.78  3.16659  3.16659  
protocols.relax.FastRelax: CMD: accept_to_best  -1160.78  3.16659  3.16659  0.55
protocols.relax.FastRelax: CMD: endrepeat  -1160.78  3.16659  3.16659  0.55
protocols.relax.FastRelax: CMD: coord_cst_weight  48847.2  3.16659  3.16659  0.55
protocols.relax.FastRelax: CMD: scale:fa_rep  48518.2  3.16659  3.16659  0.022
core.pack.task: Packer task: initialize from command line() 
core.pack.pack_rotamers: built 7712 rotamers at 492 positions.
core.pack.interaction_graph.interaction_graph_factory: Instantiating DensePDInteractionGraph
protocols.relax.FastRelax: CMD: repack  48499.6  3.16659  3.16659  0.022
protocols.relax.FastRelax: CMD: scale:fa_rep  48507.1  3.16659  3.16659  0.02805
core.optimization.Minimizer: [ WARNING ] LBFGS MAX CYCLES 2000 EXCEEDED, BUT FUNC NOT CONVERGED!
protocols.relax.FastRelax: CMD: min  -1298.81  0.182371  0.182371  0.02805
protocols.relax.FastRelax: CMD: coord_cst_weight  -1371.97  0.182371  0.182371  0.02805
protocols.relax.FastRelax: CMD: scale:fa_rep  -1025.24  0.182371  0.182371  0.14575
core.pack.task: Packer task: initialize from command line() 
core.pack.pack_rotamers: built 7332 rotamers at 492 positions.
core.pack.interaction_graph.interaction_graph_factory: Instantiating DensePDInteractionGraph
protocols.relax.FastRelax: CMD: repack  -1052.48  0.182371  0.182371  0.14575
protocols.relax.FastRelax: CMD: scale:fa_rep  -1030.96  0.182371  0.182371  0.154
protocols.relax.FastRelax: CMD: min  -1191.93  0.231037  0.231037  0.154
protocols.relax.FastRelax: CMD: coord_cst_weight  -1308.75  0.231037  0.231037  0.154
protocols.relax.FastRelax: CMD: scale:fa_rep  -1124.11  0.231037  0.231037  0.30745
core.pack.task: Packer task: initialize from command line() 
core.pack.pack_rotamers: built 7100 rotamers at 492 positions.
core.pack.interaction_graph.interaction_graph_factory: Instantiating DensePDInteractionGraph
protocols.relax.FastRelax: CMD: repack  -1123.97  0.231037  0.231037  0.30745
protocols.relax.FastRelax: CMD: scale:fa_rep  -1109.47  0.231037  0.231037  0.31955
protocols.relax.FastRelax: CMD: min  -1312.65  3.11333  3.11333  0.31955
protocols.relax.FastRelax: CMD: coord_cst_weight  -1312.65  3.11333  3.11333  0.31955
protocols.relax.FastRelax: CMD: scale:fa_rep  -1108.05  3.11333  3.11333  0.55
core.pack.task: Packer task: initialize from command line() 
core.pack.pack_rotamers: built 6889 rotamers at 492 positions.
core.pack.interaction_graph.interaction_graph_factory: Instantiating DensePDInteractionGraph
protocols.relax.FastRelax: CMD: repack  -1110.33  3.11333  3.11333  0.55
protocols.relax.FastRelax: CMD: min  -1159.55  3.93304  3.93304  0.55
protocols.relax.FastRelax: MRP: 8  -1159.55  -1160.78  3.16659  3.16659  
protocols.relax.FastRelax: CMD: accept_to_best  -1159.55  3.93304  3.93304  0.55
protocols.relax.FastRelax: CMD: endrepeat  -1159.55  3.93304  3.93304  0.55
protocols.relax.FastRelax: CMD: coord_cst_weight  69343.4  3.93304  3.93304  0.55
protocols.relax.FastRelax: CMD: scale:fa_rep  69012.5  3.93304  3.93304  0.022
core.pack.task: Packer task: initialize from command line() 
core.pack.pack_rotamers: built 7706 rotamers at 492 positions.
core.pack.interaction_graph.interaction_graph_factory: Instantiating DensePDInteractionGraph
protocols.relax.FastRelax: CMD: repack  68992.6  3.93304  3.93304  0.022
protocols.relax.FastRelax: CMD: scale:fa_rep  68999.3  3.93304  3.93304  0.02805
core.optimization.Minimizer: [ WARNING ] LBFGS MAX CYCLES 2000 EXCEEDED, BUT FUNC NOT CONVERGED!
protocols.relax.FastRelax: CMD: min  -1287.33  0.185239  0.185239  0.02805
protocols.relax.FastRelax: CMD: coord_cst_weight  -1363.18  0.185239  0.185239  0.02805
protocols.relax.FastRelax: CMD: scale:fa_rep  -1016.51  0.185239  0.185239  0.14575
core.pack.task: Packer task: initialize from command line() 
core.pack.pack_rotamers: built 7304 rotamers at 492 positions.
core.pack.interaction_graph.interaction_graph_factory: Instantiating DensePDInteractionGraph
protocols.relax.FastRelax: CMD: repack  -1045.54  0.185239  0.185239  0.14575
protocols.relax.FastRelax: CMD: scale:fa_rep  -1023.99  0.185239  0.185239  0.154
protocols.relax.FastRelax: CMD: min  -1193.11  0.232664  0.232664  0.154
protocols.relax.FastRelax: CMD: coord_cst_weight  -1311.29  0.232664  0.232664  0.154
protocols.relax.FastRelax: CMD: scale:fa_rep  -1124.84  0.232664  0.232664  0.30745
core.pack.task: Packer task: initialize from command line() 
core.pack.pack_rotamers: built 7080 rotamers at 492 positions.
core.pack.interaction_graph.interaction_graph_factory: Instantiating DensePDInteractionGraph
protocols.relax.FastRelax: CMD: repack  -1124.25  0.232664  0.232664  0.30745
protocols.relax.FastRelax: CMD: scale:fa_rep  -1109.67  0.232664  0.232664  0.31955
protocols.relax.FastRelax: CMD: min  -1306.81  2.83344  2.83344  0.31955
protocols.relax.FastRelax: CMD: coord_cst_weight  -1306.81  2.83344  2.83344  0.31955
protocols.relax.FastRelax: CMD: scale:fa_rep  -1103.17  2.83344  2.83344  0.55
core.pack.task: Packer task: initialize from command line() 
core.pack.pack_rotamers: built 6931 rotamers at 492 positions.
core.pack.interaction_graph.interaction_graph_factory: Instantiating DensePDInteractionGraph
protocols.relax.FastRelax: CMD: repack  -1105.99  2.83344  2.83344  0.55
protocols.relax.FastRelax: CMD: min  -1159.53  3.043  3.043  0.55
protocols.relax.FastRelax: MRP: 9  -1159.53  -1160.78  3.16659  3.16659  
protocols.relax.FastRelax: CMD: accept_to_best  -1159.53  3.043  3.043  0.55
protocols.relax.FastRelax: CMD: endrepeat  -1159.53  3.043  3.043  0.55
protocols.relax.FastRelax: CMD: coord_cst_weight  47150.8  3.043  3.043  0.55
protocols.relax.FastRelax: CMD: scale:fa_rep  46819.8  3.043  3.043  0.022
core.pack.task: Packer task: initialize from command line() 
core.pack.pack_rotamers: built 7722 rotamers at 492 positions.
core.pack.interaction_graph.interaction_graph_factory: Instantiating DensePDInteractionGraph
protocols.relax.FastRelax: CMD: repack  46808.3  3.043  3.043  0.022
protocols.relax.FastRelax: CMD: scale:fa_rep  46818.5  3.043  3.043  0.02805
core.optimization.Minimizer: [ WARNING ] LBFGS MAX CYCLES 2000 EXCEEDED, BUT FUNC NOT CONVERGED!
protocols.relax.FastRelax: CMD: min  -1270.99  0.192954  0.192954  0.02805
protocols.relax.FastRelax: CMD: coord_cst_weight  -1352.12  0.192954  0.192954  0.02805
protocols.relax.FastRelax: CMD: scale:fa_rep  -974.601  0.192954  0.192954  0.14575
core.pack.task: Packer task: initialize from command line() 
core.pack.pack_rotamers: built 7304 rotamers at 492 positions.
core.pack.interaction_graph.interaction_graph_factory: Instantiating DensePDInteractionGraph
protocols.relax.FastRelax: CMD: repack  -1041.54  0.192954  0.192954  0.14575
protocols.relax.FastRelax: CMD: scale:fa_rep  -1020.1  0.192954  0.192954  0.154
protocols.relax.FastRelax: CMD: min  -1197.11  0.233383  0.233383  0.154
protocols.relax.FastRelax: CMD: coord_cst_weight  -1315.98  0.233383  0.233383  0.154
protocols.relax.FastRelax: CMD: scale:fa_rep  -1133.03  0.233383  0.233383  0.30745
core.pack.task: Packer task: initialize from command line() 
core.pack.pack_rotamers: built 7085 rotamers at 492 positions.
core.pack.interaction_graph.interaction_graph_factory: Instantiating DensePDInteractionGraph
protocols.relax.FastRelax: CMD: repack  -1131.96  0.233383  0.233383  0.30745
protocols.relax.FastRelax: CMD: scale:fa_rep  -1117.58  0.233383  0.233383  0.31955
protocols.relax.FastRelax: CMD: min  -1310.55  3.35068  3.35068  0.31955
protocols.relax.FastRelax: CMD: coord_cst_weight  -1310.55  3.35068  3.35068  0.31955
protocols.relax.FastRelax: CMD: scale:fa_rep  -1105.51  3.35068  3.35068  0.55
core.pack.task: Packer task: initialize from command line() 
core.pack.pack_rotamers: built 6967 rotamers at 492 positions.
core.pack.interaction_graph.interaction_graph_factory: Instantiating DensePDInteractionGraph
protocols.relax.FastRelax: CMD: repack  -1107.91  3.35068  3.35068  0.55
protocols.relax.FastRelax: CMD: min  -1168.06  3.81999  3.81999  0.55
protocols.relax.FastRelax: MRP: 10  -1168.06  -1168.06  3.81999  3.81999  
protocols.relax.FastRelax: CMD: accept_to_best  -1168.06  3.81999  3.81999  0.55
protocols.relax.FastRelax: CMD: endrepeat  -1168.06  3.81999  3.81999  0.55
protocols.relax.FastRelax: CMD: coord_cst_weight  69048.8  3.81999  3.81999  0.55
protocols.relax.FastRelax: CMD: scale:fa_rep  68721.1  3.81999  3.81999  0.022
core.pack.task: Packer task: initialize from command line() 
core.pack.pack_rotamers: built 7674 rotamers at 492 positions.
core.pack.interaction_graph.interaction_graph_factory: Instantiating DensePDInteractionGraph
protocols.relax.FastRelax: CMD: repack  68701.3  3.81999  3.81999  0.022
protocols.relax.FastRelax: CMD: scale:fa_rep  68708.8  3.81999  3.81999  0.02805
core.optimization.Minimizer: [ WARNING ] LBFGS MAX CYCLES 2000 EXCEEDED, BUT FUNC NOT CONVERGED!
protocols.relax.FastRelax: CMD: min  -1276.27  0.193282  0.193282  0.02805
protocols.relax.FastRelax: CMD: coord_cst_weight  -1356.47  0.193282  0.193282  0.02805
protocols.relax.FastRelax: CMD: scale:fa_rep  -989.022  0.193282  0.193282  0.14575
core.pack.task: Packer task: initialize from command line() 
core.pack.pack_rotamers: built 7323 rotamers at 492 positions.
core.pack.interaction_graph.interaction_graph_factory: Instantiating DensePDInteractionGraph
protocols.relax.FastRelax: CMD: repack  -1054.79  0.193282  0.193282  0.14575
protocols.relax.FastRelax: CMD: scale:fa_rep  -1033.86  0.193282  0.193282  0.154
protocols.relax.FastRelax: CMD: min  -1196.64  0.234823  0.234823  0.154
protocols.relax.FastRelax: CMD: coord_cst_weight  -1316.24  0.234823  0.234823  0.154
protocols.relax.FastRelax: CMD: scale:fa_rep  -1133.07  0.234823  0.234823  0.30745
core.pack.task: Packer task: initialize from command line() 
core.pack.pack_rotamers: built 7080 rotamers at 492 positions.
core.pack.interaction_graph.interaction_graph_factory: Instantiating DensePDInteractionGraph
protocols.relax.FastRelax: CMD: repack  -1132.96  0.234823  0.234823  0.30745
protocols.relax.FastRelax: CMD: scale:fa_rep  -1118.6  0.234823  0.234823  0.31955
protocols.relax.FastRelax: CMD: min  -1299.12  2.50966  2.50966  0.31955
protocols.relax.FastRelax: CMD: coord_cst_weight  -1299.12  2.50966  2.50966  0.31955
protocols.relax.FastRelax: CMD: scale:fa_rep  -1091.45  2.50966  2.50966  0.55
core.pack.task: Packer task: initialize from command line() 
core.pack.pack_rotamers: built 6945 rotamers at 492 positions.
core.pack.interaction_graph.interaction_graph_factory: Instantiating DensePDInteractionGraph
protocols.relax.FastRelax: CMD: repack  -1088.75  2.50966  2.50966  0.55
protocols.relax.FastRelax: CMD: min  -1147.11  3.1361  3.1361  0.55
protocols.relax.FastRelax: MRP: 11  -1147.11  -1168.06  3.81999  3.81999  
protocols.relax.FastRelax: CMD: accept_to_best  -1147.11  3.1361  3.1361  0.55
protocols.relax.FastRelax: CMD: endrepeat  -1147.11  3.1361  3.1361  0.55
protocols.relax.FastRelax: CMD: coord_cst_weight  48209.8  3.1361  3.1361  0.55
protocols.relax.FastRelax: CMD: scale:fa_rep  47877  3.1361  3.1361  0.022
core.pack.task: Packer task: initialize from command line() 
core.pack.pack_rotamers: built 7687 rotamers at 492 positions.
core.pack.interaction_graph.interaction_graph_factory: Instantiating DensePDInteractionGraph
protocols.relax.FastRelax: CMD: repack  47855.9  3.1361  3.1361  0.022
protocols.relax.FastRelax: CMD: scale:fa_rep  47862.6  3.1361  3.1361  0.02805
core.optimization.Minimizer: [ WARNING ] LBFGS MAX CYCLES 2000 EXCEEDED, BUT FUNC NOT CONVERGED!
protocols.relax.FastRelax: CMD: min  -1275.26  0.189443  0.189443  0.02805
protocols.relax.FastRelax: CMD: coord_cst_weight  -1352.76  0.189443  0.189443  0.02805
protocols.relax.FastRelax: CMD: scale:fa_rep  -979.853  0.189443  0.189443  0.14575
core.pack.task: Packer task: initialize from command line() 
core.pack.pack_rotamers: built 7344 rotamers at 492 positions.
core.pack.interaction_graph.interaction_graph_factory: Instantiating DensePDInteractionGraph
protocols.relax.FastRelax: CMD: repack  -1050.26  0.189443  0.189443  0.14575
protocols.relax.FastRelax: CMD: scale:fa_rep  -1028.99  0.189443  0.189443  0.154
protocols.relax.FastRelax: CMD: min  -1196.74  0.230581  0.230581  0.154
protocols.relax.FastRelax: CMD: coord_cst_weight  -1312.56  0.230581  0.230581  0.154
protocols.relax.FastRelax: CMD: scale:fa_rep  -1125.01  0.230581  0.230581  0.30745
core.pack.task: Packer task: initialize from command line() 
core.pack.pack_rotamers: built 7098 rotamers at 492 positions.
core.pack.interaction_graph.interaction_graph_factory: Instantiating DensePDInteractionGraph
protocols.relax.FastRelax: CMD: repack  -1122.87  0.230581  0.230581  0.30745
protocols.relax.FastRelax: CMD: scale:fa_rep  -1108.18  0.230581  0.230581  0.31955
protocols.relax.FastRelax: CMD: min  -1306.71  3.74568  3.74568  0.31955
protocols.relax.FastRelax: CMD: coord_cst_weight  -1306.71  3.74568  3.74568  0.31955
protocols.relax.FastRelax: CMD: scale:fa_rep  -1101.86  3.74568  3.74568  0.55
core.pack.task: Packer task: initialize from command line() 
core.pack.pack_rotamers: built 6930 rotamers at 492 positions.
core.pack.interaction_graph.interaction_graph_factory: Instantiating DensePDInteractionGraph
protocols.relax.FastRelax: CMD: repack  -1105.31  3.74568  3.74568  0.55
protocols.relax.FastRelax: CMD: min  -1158.15  3.70193  3.70193  0.55
protocols.relax.FastRelax: MRP: 12  -1158.15  -1168.06  3.81999  3.81999  
protocols.relax.FastRelax: CMD: accept_to_best  -1158.15  3.70193  3.70193  0.55
protocols.relax.FastRelax: CMD: endrepeat  -1158.15  3.70193  3.70193  0.55
protocols.relax.FastRelax: CMD: coord_cst_weight  60554  3.70193  3.70193  0.55
protocols.relax.FastRelax: CMD: scale:fa_rep  60225.6  3.70193  3.70193  0.022
core.pack.task: Packer task: initialize from command line() 
core.pack.pack_rotamers: built 7683 rotamers at 492 positions.
core.pack.interaction_graph.interaction_graph_factory: Instantiating DensePDInteractionGraph
protocols.relax.FastRelax: CMD: repack  60204.8  3.70193  3.70193  0.022
protocols.relax.FastRelax: CMD: scale:fa_rep  60210.7  3.70193  3.70193  0.02805
core.optimization.Minimizer: [ WARNING ] LBFGS MAX CYCLES 2000 EXCEEDED, BUT FUNC NOT CONVERGED!
protocols.relax.FastRelax: CMD: min  -1296.01  0.185188  0.185188  0.02805
protocols.relax.FastRelax: CMD: coord_cst_weight  -1369.9  0.185188  0.185188  0.02805
protocols.relax.FastRelax: CMD: scale:fa_rep  -1025.19  0.185188  0.185188  0.14575
core.pack.task: Packer task: initialize from command line() 
core.pack.pack_rotamers: built 7373 rotamers at 492 positions.
core.pack.interaction_graph.interaction_graph_factory: Instantiating DensePDInteractionGraph
protocols.relax.FastRelax: CMD: repack  -1058.57  0.185188  0.185188  0.14575
protocols.relax.FastRelax: CMD: scale:fa_rep  -1037.44  0.185188  0.185188  0.154
protocols.relax.FastRelax: CMD: min  -1197.52  0.233164  0.233164  0.154
protocols.relax.FastRelax: CMD: coord_cst_weight  -1315.1  0.233164  0.233164  0.154
protocols.relax.FastRelax: CMD: scale:fa_rep  -1128.06  0.233164  0.233164  0.30745
core.pack.task: Packer task: initialize from command line() 
core.pack.pack_rotamers: built 7097 rotamers at 492 positions.
core.pack.interaction_graph.interaction_graph_factory: Instantiating DensePDInteractionGraph
protocols.relax.FastRelax: CMD: repack  -1128.41  0.233164  0.233164  0.30745
protocols.relax.FastRelax: CMD: scale:fa_rep  -1113.74  0.233164  0.233164  0.31955
protocols.relax.FastRelax: CMD: min  -1309.06  2.56204  2.56204  0.31955
protocols.relax.FastRelax: CMD: coord_cst_weight  -1309.06  2.56204  2.56204  0.31955
protocols.relax.FastRelax: CMD: scale:fa_rep  -1103.05  2.56204  2.56204  0.55
core.pack.task: Packer task: initialize from command line() 
core.pack.pack_rotamers: built 6904 rotamers at 492 positions.
core.pack.interaction_graph.interaction_graph_factory: Instantiating DensePDInteractionGraph
protocols.relax.FastRelax: CMD: repack  -1101.39  2.56204  2.56204  0.55
protocols.relax.FastRelax: CMD: min  -1154.04  3.24309  3.24309  0.55
protocols.relax.FastRelax: MRP: 13  -1154.04  -1168.06  3.81999  3.81999  
protocols.relax.FastRelax: CMD: accept_to_best  -1154.04  3.24309  3.24309  0.55
protocols.relax.FastRelax: CMD: endrepeat  -1154.04  3.24309  3.24309  0.55
protocols.relax.FastRelax: CMD: coord_cst_weight  56564.5  3.24309  3.24309  0.55
protocols.relax.FastRelax: CMD: scale:fa_rep  56230  3.24309  3.24309  0.022
core.pack.task: Packer task: initialize from command line() 
core.pack.pack_rotamers: built 7725 rotamers at 492 positions.
core.pack.interaction_graph.interaction_graph_factory: Instantiating DensePDInteractionGraph
protocols.relax.FastRelax: CMD: repack  56216.5  3.24309  3.24309  0.022
protocols.relax.FastRelax: CMD: scale:fa_rep  56222.4  3.24309  3.24309  0.02805
core.optimization.Minimizer: [ WARNING ] LBFGS MAX CYCLES 2000 EXCEEDED, BUT FUNC NOT CONVERGED!
protocols.relax.FastRelax: CMD: min  -1293.35  0.186842  0.186842  0.02805
protocols.relax.FastRelax: CMD: coord_cst_weight  -1368.04  0.186842  0.186842  0.02805
protocols.relax.FastRelax: CMD: scale:fa_rep  -1029.1  0.186842  0.186842  0.14575
core.pack.task: Packer task: initialize from command line() 
core.pack.pack_rotamers: built 7339 rotamers at 492 positions.
core.pack.interaction_graph.interaction_graph_factory: Instantiating DensePDInteractionGraph
protocols.relax.FastRelax: CMD: repack  -1060.8  0.186842  0.186842  0.14575
protocols.relax.FastRelax: CMD: scale:fa_rep  -1039.55  0.186842  0.186842  0.154
protocols.relax.FastRelax: CMD: min  -1192.81  0.23244  0.23244  0.154
protocols.relax.FastRelax: CMD: coord_cst_weight  -1309.58  0.23244  0.23244  0.154
protocols.relax.FastRelax: CMD: scale:fa_rep  -1121.13  0.23244  0.23244  0.30745
core.pack.task: Packer task: initialize from command line() 
core.pack.pack_rotamers: built 7125 rotamers at 492 positions.
core.pack.interaction_graph.interaction_graph_factory: Instantiating DensePDInteractionGraph
protocols.relax.FastRelax: CMD: repack  -1121.7  0.23244  0.23244  0.30745
protocols.relax.FastRelax: CMD: scale:fa_rep  -1107.08  0.23244  0.23244  0.31955
protocols.relax.FastRelax: CMD: min  -1307.04  2.97714  2.97714  0.31955
protocols.relax.FastRelax: CMD: coord_cst_weight  -1307.04  2.97714  2.97714  0.31955
protocols.relax.FastRelax: CMD: scale:fa_rep  -1100.25  2.97714  2.97714  0.55
core.pack.task: Packer task: initialize from command line() 
core.pack.pack_rotamers: built 6892 rotamers at 492 positions.
core.pack.interaction_graph.interaction_graph_factory: Instantiating DensePDInteractionGraph
protocols.relax.FastRelax: CMD: repack  -1101.51  2.97714  2.97714  0.55
protocols.relax.FastRelax: CMD: min  -1152.79  3.24947  3.24947  0.55
protocols.relax.FastRelax: MRP: 14  -1152.79  -1168.06  3.81999  3.81999  
protocols.relax.FastRelax: CMD: accept_to_best  -1152.79  3.24947  3.24947  0.55
protocols.relax.FastRelax: CMD: endrepeat  -1152.79  3.24947  3.24947  0.55
protocols::checkpoint: Deleting checkpoints of FastRelax
protocols.jd2.JobDistributor: target.BL00010001_7_0004 reported success in 14058 seconds
protocols.jd2.PDBJobInputter: PDBJobInputter::pose_from_job
protocols.jd2.PDBJobInputter: filling pose from PDB ../1-modeller/target.BL00010001.pdb
core.import_pose.import_pose: File '../1-modeller/target.BL00010001.pdb' automatically determined to be of type PDB from contents.
core.io.rcsb.ExperimentalTechnique: [ ERROR ] Unrecognized experimental technique string 'THEORETICAL MODEL, MODELLER 10.8 2026/08/10 16:18:02'
protocols.relax.FastRelax: CMD: repeat  4476.34  0  0  0.55
protocols.relax.FastRelax: CMD: coord_cst_weight  4476.34  0  0  0.55
protocols.relax.FastRelax: CMD: scale:fa_rep  806.987  0  0  0.022
core.pack.task: Packer task: initialize from command line() 
core.pack.pack_rotamers: built 8129 rotamers at 492 positions.
core.pack.interaction_graph.interaction_graph_factory: Instantiating DensePDInteractionGraph
protocols.relax.FastRelax: CMD: repack  -880.576  0  0  0.022
protocols.relax.FastRelax: CMD: scale:fa_rep  -841.817  0  0  0.02805
core.optimization.Minimizer: [ WARNING ] LBFGS MAX CYCLES 2000 EXCEEDED, BUT FUNC NOT CONVERGED!
protocols.relax.FastRelax: CMD: min  -1291.59  0.149895  0.149895  0.02805
protocols.relax.FastRelax: CMD: coord_cst_weight  -1338.89  0.149895  0.149895  0.02805
protocols.relax.FastRelax: CMD: scale:fa_rep  -953.236  0.149895  0.149895  0.14575
core.pack.task: Packer task: initialize from command line() 
core.pack.pack_rotamers: built 7398 rotamers at 492 positions.
core.pack.interaction_graph.interaction_graph_factory: Instantiating DensePDInteractionGraph
protocols.relax.FastRelax: CMD: repack  -991.388  0.149895  0.149895  0.14575
protocols.relax.FastRelax: CMD: scale:fa_rep  -969.406  0.149895  0.149895  0.154
protocols.relax.FastRelax: CMD: min  -1163.78  0.205559  0.205559  0.154
protocols.relax.FastRelax: CMD: coord_cst_weight  -1254.21  0.205559  0.205559  0.154
protocols.relax.FastRelax: CMD: scale:fa_rep  -1065.55  0.205559  0.205559  0.30745
core.pack.task: Packer task: initialize from command line() 
core.pack.pack_rotamers: built 7214 rotamers at 492 positions.
core.pack.interaction_graph.interaction_graph_factory: Instantiating DensePDInteractionGraph
protocols.relax.FastRelax: CMD: repack  -1064.43  0.205559  0.205559  0.30745
protocols.relax.FastRelax: CMD: scale:fa_rep  -1049.62  0.205559  0.205559  0.31955
protocols.relax.FastRelax: CMD: min  -1231.2  3.4611  3.4611  0.31955
protocols.relax.FastRelax: CMD: coord_cst_weight  -1231.2  3.4611  3.4611  0.31955
protocols.relax.FastRelax: CMD: scale:fa_rep  -1023.2  3.4611  3.4611  0.55
core.pack.task: Packer task: initialize from command line() 
core.pack.pack_rotamers: built 7076 rotamers at 492 positions.
core.pack.interaction_graph.interaction_graph_factory: Instantiating DensePDInteractionGraph
protocols.relax.FastRelax: CMD: repack  -1030.11  3.4611  3.4611  0.55
protocols.relax.FastRelax: CMD: min  -1097.7  3.5917  3.5917  0.55
protocols.relax.FastRelax: MRP: 0  -1097.7  -1097.7  3.5917  3.5917  
protocols.relax.FastRelax: CMD: accept_to_best  -1097.7  3.5917  3.5917  0.55
protocols.relax.FastRelax: CMD: endrepeat  -1097.7  3.5917  3.5917  0.55
protocols.relax.FastRelax: CMD: coord_cst_weight  129620  3.5917  3.5917  0.55
protocols.relax.FastRelax: CMD: scale:fa_rep  129289  3.5917  3.5917  0.022
core.pack.task: Packer task: initialize from command line() 
core.pack.pack_rotamers: built 7844 rotamers at 492 positions.
core.pack.interaction_graph.interaction_graph_factory: Instantiating DensePDInteractionGraph
protocols.relax.FastRelax: CMD: repack  129263  3.5917  3.5917  0.022
protocols.relax.FastRelax: CMD: scale:fa_rep  129272  3.5917  3.5917  0.02805
core.optimization.Minimizer: [ WARNING ] LBFGS MAX CYCLES 2000 EXCEEDED, BUT FUNC NOT CONVERGED!
protocols.relax.FastRelax: CMD: min  -1257.4  0.174507  0.174507  0.02805
protocols.relax.FastRelax: CMD: coord_cst_weight  -1323.26  0.174507  0.174507  0.02805
protocols.relax.FastRelax: CMD: scale:fa_rep  -989.981  0.174507  0.174507  0.14575
core.pack.task: Packer task: initialize from command line() 
core.pack.pack_rotamers: built 7400 rotamers at 492 positions.
core.pack.interaction_graph.interaction_graph_factory: Instantiating DensePDInteractionGraph
protocols.relax.FastRelax: CMD: repack  -1035.64  0.174507  0.174507  0.14575
protocols.relax.FastRelax: CMD: scale:fa_rep  -1015.92  0.174507  0.174507  0.154
protocols.relax.FastRelax: CMD: min  -1181.79  0.216265  0.216265  0.154
protocols.relax.FastRelax: CMD: coord_cst_weight  -1283.6  0.216265  0.216265  0.154
protocols.relax.FastRelax: CMD: scale:fa_rep  -1102.07  0.216265  0.216265  0.30745
core.pack.task: Packer task: initialize from command line() 
core.pack.pack_rotamers: built 7157 rotamers at 492 positions.
core.pack.interaction_graph.interaction_graph_factory: Instantiating DensePDInteractionGraph
protocols.relax.FastRelax: CMD: repack  -1105.3  0.216265  0.216265  0.30745
protocols.relax.FastRelax: CMD: scale:fa_rep  -1091.41  0.216265  0.216265  0.31955
protocols.relax.FastRelax: CMD: min  -1284.56  3.7743  3.7743  0.31955
protocols.relax.FastRelax: CMD: coord_cst_weight  -1284.56  3.7743  3.7743  0.31955
protocols.relax.FastRelax: CMD: scale:fa_rep  -1075.92  3.7743  3.7743  0.55
core.pack.task: Packer task: initialize from command line() 
core.pack.pack_rotamers: built 7006 rotamers at 492 positions.
core.pack.interaction_graph.interaction_graph_factory: Instantiating DensePDInteractionGraph
protocols.relax.FastRelax: CMD: repack  -1079.5  3.7743  3.7743  0.55
protocols.relax.FastRelax: CMD: min  -1132.51  3.69028  3.69028  0.55
protocols.relax.FastRelax: MRP: 1  -1132.51  -1132.51  3.69028  3.69028  
protocols.relax.FastRelax: CMD: accept_to_best  -1132.51  3.69028  3.69028  0.55
protocols.relax.FastRelax: CMD: endrepeat  -1132.51  3.69028  3.69028  0.55
protocols.relax.FastRelax: CMD: coord_cst_weight  147359  3.69028  3.69028  0.55
protocols.relax.FastRelax: CMD: scale:fa_rep  147028  3.69028  3.69028  0.022
core.pack.task: Packer task: initialize from command line() 
core.pack.pack_rotamers: built 7725 rotamers at 492 positions.
core.pack.interaction_graph.interaction_graph_factory: Instantiating DensePDInteractionGraph
protocols.relax.FastRelax: CMD: repack  147019  3.69028  3.69028  0.022
protocols.relax.FastRelax: CMD: scale:fa_rep  147031  3.69028  3.69028  0.02805
core.optimization.Minimizer: [ WARNING ] LBFGS MAX CYCLES 2000 EXCEEDED, BUT FUNC NOT CONVERGED!
protocols.relax.FastRelax: CMD: min  -1267.55  0.178303  0.178303  0.02805
protocols.relax.FastRelax: CMD: coord_cst_weight  -1337.71  0.178303  0.178303  0.02805
protocols.relax.FastRelax: CMD: scale:fa_rep  -1000.46  0.178303  0.178303  0.14575
core.pack.task: Packer task: initialize from command line() 
core.pack.pack_rotamers: built 7409 rotamers at 492 positions.
core.pack.interaction_graph.interaction_graph_factory: Instantiating DensePDInteractionGraph
protocols.relax.FastRelax: CMD: repack  -1052.26  0.178303  0.178303  0.14575
protocols.relax.FastRelax: CMD: scale:fa_rep  -1032.73  0.178303  0.178303  0.154
protocols.relax.FastRelax: CMD: min  -1184.98  0.220501  0.220501  0.154
protocols.relax.FastRelax: CMD: coord_cst_weight  -1291.91  0.220501  0.220501  0.154
protocols.relax.FastRelax: CMD: scale:fa_rep  -1109.97  0.220501  0.220501  0.30745
core.pack.task: Packer task: initialize from command line() 
core.pack.pack_rotamers: built 7203 rotamers at 492 positions.
core.pack.interaction_graph.interaction_graph_factory: Instantiating DensePDInteractionGraph
protocols.relax.FastRelax: CMD: repack  -1110.28  0.220501  0.220501  0.30745
protocols.relax.FastRelax: CMD: scale:fa_rep  -1096.17  0.220501  0.220501  0.31955
protocols.relax.FastRelax: CMD: min  -1291.51  3.34951  3.34951  0.31955
protocols.relax.FastRelax: CMD: coord_cst_weight  -1291.51  3.34951  3.34951  0.31955
protocols.relax.FastRelax: CMD: scale:fa_rep  -1085.53  3.34951  3.34951  0.55
core.pack.task: Packer task: initialize from command line() 
core.pack.pack_rotamers: built 6948 rotamers at 492 positions.
core.pack.interaction_graph.interaction_graph_factory: Instantiating DensePDInteractionGraph
protocols.relax.FastRelax: CMD: repack  -1087.73  3.34951  3.34951  0.55
protocols.relax.FastRelax: CMD: min  -1144.41  2.90615  2.90615  0.55
protocols.relax.FastRelax: MRP: 2  -1144.41  -1144.41  2.90615  2.90615  
protocols.relax.FastRelax: CMD: accept_to_best  -1144.41  2.90615  2.90615  0.55
protocols.relax.FastRelax: CMD: endrepeat  -1144.41  2.90615  2.90615  0.55
protocols.relax.FastRelax: CMD: coord_cst_weight  114548  2.90615  2.90615  0.55
protocols.relax.FastRelax: CMD: scale:fa_rep  114223  2.90615  2.90615  0.022
core.pack.task: Packer task: initialize from command line() 
core.pack.pack_rotamers: built 7728 rotamers at 492 positions.
core.pack.interaction_graph.interaction_graph_factory: Instantiating DensePDInteractionGraph
protocols.relax.FastRelax: CMD: repack  114203  2.90615  2.90615  0.022
protocols.relax.FastRelax: CMD: scale:fa_rep  114209  2.90615  2.90615  0.02805
core.optimization.Minimizer: [ WARNING ] LBFGS MAX CYCLES 2000 EXCEEDED, BUT FUNC NOT CONVERGED!
protocols.relax.FastRelax: CMD: min  -1262.86  0.176601  0.176601  0.02805
protocols.relax.FastRelax: CMD: coord_cst_weight  -1332.03  0.176601  0.176601  0.02805
protocols.relax.FastRelax: CMD: scale:fa_rep  -1008.39  0.176601  0.176601  0.14575
core.pack.task: Packer task: initialize from command line() 
core.pack.pack_rotamers: built 7398 rotamers at 492 positions.
core.pack.interaction_graph.interaction_graph_factory: Instantiating DensePDInteractionGraph
protocols.relax.FastRelax: CMD: repack  -1047.12  0.176601  0.176601  0.14575
protocols.relax.FastRelax: CMD: scale:fa_rep  -1027.05  0.176601  0.176601  0.154
protocols.relax.FastRelax: CMD: min  -1188.73  0.221463  0.221463  0.154
protocols.relax.FastRelax: CMD: coord_cst_weight  -1295.97  0.221463  0.221463  0.154
protocols.relax.FastRelax: CMD: scale:fa_rep  -1115.44  0.221463  0.221463  0.30745
core.pack.task: Packer task: initialize from command line() 
core.pack.pack_rotamers: built 7191 rotamers at 492 positions.
core.pack.interaction_graph.interaction_graph_factory: Instantiating DensePDInteractionGraph
protocols.relax.FastRelax: CMD: repack  -1116.66  0.221463  0.221463  0.30745
protocols.relax.FastRelax: CMD: scale:fa_rep  -1102.64  0.221463  0.221463  0.31955
protocols.relax.FastRelax: CMD: min  -1301.27  3.90009  3.90009  0.31955
protocols.relax.FastRelax: CMD: coord_cst_weight  -1301.27  3.90009  3.90009  0.31955
protocols.relax.FastRelax: CMD: scale:fa_rep  -1095.6  3.90009  3.90009  0.55
core.pack.task: Packer task: initialize from command line() 
core.pack.pack_rotamers: built 7007 rotamers at 492 positions.
core.pack.interaction_graph.interaction_graph_factory: Instantiating DensePDInteractionGraph
protocols.relax.FastRelax: CMD: repack  -1099.47  3.90009  3.90009  0.55
protocols.relax.FastRelax: CMD: min  -1151.89  3.97949  3.97949  0.55
protocols.relax.FastRelax: MRP: 3  -1151.89  -1151.89  3.97949  3.97949  
protocols.relax.FastRelax: CMD: accept_to_best  -1151.89  3.97949  3.97949  0.55
protocols.relax.FastRelax: CMD: endrepeat  -1151.89  3.97949  3.97949  0.55
protocols.relax.FastRelax: CMD: coord_cst_weight  158537  3.97949  3.97949  0.55
protocols.relax.FastRelax: CMD: scale:fa_rep  158211  3.97949  3.97949  0.022
core.pack.task: Packer task: initialize from command line() 
core.pack.pack_rotamers: built 7747 rotamers at 492 positions.
core.pack.interaction_graph.interaction_graph_factory: Instantiating DensePDInteractionGraph
protocols.relax.FastRelax: CMD: repack  158201  3.97949  3.97949  0.022
protocols.relax.FastRelax: CMD: scale:fa_rep  158208  3.97949  3.97949  0.02805
core.optimization.Minimizer: [ WARNING ] LBFGS MAX CYCLES 2000 EXCEEDED, BUT FUNC NOT CONVERGED!
protocols.relax.FastRelax: CMD: min  -1262.96  0.181077  0.181077  0.02805
protocols.relax.FastRelax: CMD: coord_cst_weight  -1335.44  0.181077  0.181077  0.02805
protocols.relax.FastRelax: CMD: scale:fa_rep  -1014.35  0.181077  0.181077  0.14575
core.pack.task: Packer task: initialize from command line() 
core.pack.pack_rotamers: built 7397 rotamers at 492 positions.
core.pack.interaction_graph.interaction_graph_factory: Instantiating DensePDInteractionGraph
protocols.relax.FastRelax: CMD: repack  -1051.62  0.181077  0.181077  0.14575
protocols.relax.FastRelax: CMD: scale:fa_rep  -1031.66  0.181077  0.181077  0.154
protocols.relax.FastRelax: CMD: min  -1190.47  0.223276  0.223276  0.154
protocols.relax.FastRelax: CMD: coord_cst_weight  -1300.08  0.223276  0.223276  0.154
protocols.relax.FastRelax: CMD: scale:fa_rep  -1120.33  0.223276  0.223276  0.30745
core.pack.task: Packer task: initialize from command line() 
core.pack.pack_rotamers: built 7170 rotamers at 492 positions.
core.pack.interaction_graph.interaction_graph_factory: Instantiating DensePDInteractionGraph
protocols.relax.FastRelax: CMD: repack  -1118.94  0.223276  0.223276  0.30745
protocols.relax.FastRelax: CMD: scale:fa_rep  -1104.98  0.223276  0.223276  0.31955
protocols.relax.FastRelax: CMD: min  -1311.13  3.00854  3.00854  0.31955
protocols.relax.FastRelax: CMD: coord_cst_weight  -1311.13  3.00854  3.00854  0.31955
protocols.relax.FastRelax: CMD: scale:fa_rep  -1107.92  3.00854  3.00854  0.55
core.pack.task: Packer task: initialize from command line() 
core.pack.pack_rotamers: built 6972 rotamers at 492 positions.
core.pack.interaction_graph.interaction_graph_factory: Instantiating DensePDInteractionGraph
protocols.relax.FastRelax: CMD: repack  -1114.18  3.00854  3.00854  0.55
protocols.relax.FastRelax: CMD: min  -1160.03  3.47527  3.47527  0.55
protocols.relax.FastRelax: MRP: 4  -1160.03  -1160.03  3.47527  3.47527  
protocols.relax.FastRelax: CMD: accept_to_best  -1160.03  3.47527  3.47527  0.55
protocols.relax.FastRelax: CMD: endrepeat  -1160.03  3.47527  3.47527  0.55
protocols.relax.FastRelax: CMD: coord_cst_weight  108746  3.47527  3.47527  0.55
protocols.relax.FastRelax: CMD: scale:fa_rep  108418  3.47527  3.47527  0.022
core.pack.task: Packer task: initialize from command line() 
core.pack.pack_rotamers: built 7678 rotamers at 492 positions.
core.pack.interaction_graph.interaction_graph_factory: Instantiating DensePDInteractionGraph
protocols.relax.FastRelax: CMD: repack  108400  3.47527  3.47527  0.022
protocols.relax.FastRelax: CMD: scale:fa_rep  108406  3.47527  3.47527  0.02805
core.optimization.Minimizer: [ WARNING ] LBFGS MAX CYCLES 2000 EXCEEDED, BUT FUNC NOT CONVERGED!
protocols.relax.FastRelax: CMD: min  -1268.97  0.185063  0.185063  0.02805
protocols.relax.FastRelax: CMD: coord_cst_weight  -1343.45  0.185063  0.185063  0.02805
protocols.relax.FastRelax: CMD: scale:fa_rep  -1041.06  0.185063  0.185063  0.14575
core.pack.task: Packer task: initialize from command line() 
core.pack.pack_rotamers: built 7423 rotamers at 492 positions.
core.pack.interaction_graph.interaction_graph_factory: Instantiating DensePDInteractionGraph
protocols.relax.FastRelax: CMD: repack  -1064.38  0.185063  0.185063  0.14575
protocols.relax.FastRelax: CMD: scale:fa_rep  -1045.3  0.185063  0.185063  0.154
protocols.relax.FastRelax: CMD: min  -1186.33  0.22351  0.22351  0.154
protocols.relax.FastRelax: CMD: coord_cst_weight  -1296.46  0.22351  0.22351  0.154
protocols.relax.FastRelax: CMD: scale:fa_rep  -1116.34  0.22351  0.22351  0.30745
core.pack.task: Packer task: initialize from command line() 
core.pack.pack_rotamers: built 7201 rotamers at 492 positions.
core.pack.interaction_graph.interaction_graph_factory: Instantiating DensePDInteractionGraph
protocols.relax.FastRelax: CMD: repack  -1118.39  0.22351  0.22351  0.30745
protocols.relax.FastRelax: CMD: scale:fa_rep  -1104.44  0.22351  0.22351  0.31955
protocols.relax.FastRelax: CMD: min  -1306.8  2.90635  2.90635  0.31955
protocols.relax.FastRelax: CMD: coord_cst_weight  -1306.8  2.90635  2.90635  0.31955
protocols.relax.FastRelax: CMD: scale:fa_rep  -1101.78  2.90635  2.90635  0.55
core.pack.task: Packer task: initialize from command line() 
core.pack.pack_rotamers: built 6929 rotamers at 492 positions.
core.pack.interaction_graph.interaction_graph_factory: Instantiating DensePDInteractionGraph
protocols.relax.FastRelax: CMD: repack  -1104.14  2.90635  2.90635  0.55
protocols.relax.FastRelax: CMD: min  -1156.95  3.40798  3.40798  0.55
protocols.relax.FastRelax: MRP: 5  -1156.95  -1160.03  3.47527  3.47527  
protocols.relax.FastRelax: CMD: accept_to_best  -1156.95  3.40798  3.40798  0.55
protocols.relax.FastRelax: CMD: endrepeat  -1156.95  3.40798  3.40798  0.55
protocols.relax.FastRelax: CMD: coord_cst_weight  102844  3.40798  3.40798  0.55
protocols.relax.FastRelax: CMD: scale:fa_rep  102516  3.40798  3.40798  0.022
core.pack.task: Packer task: initialize from command line() 
core.pack.pack_rotamers: built 7635 rotamers at 492 positions.
core.pack.interaction_graph.interaction_graph_factory: Instantiating DensePDInteractionGraph
protocols.relax.FastRelax: CMD: repack  102509  3.40798  3.40798  0.022
protocols.relax.FastRelax: CMD: scale:fa_rep  102518  3.40798  3.40798  0.02805
core.optimization.Minimizer: [ WARNING ] LBFGS MAX CYCLES 2000 EXCEEDED, BUT FUNC NOT CONVERGED!
protocols.relax.FastRelax: CMD: min  -1248.07  0.191685  0.191685  0.02805
protocols.relax.FastRelax: CMD: coord_cst_weight  -1325.84  0.191685  0.191685  0.02805
protocols.relax.FastRelax: CMD: scale:fa_rep  -969.503  0.191685  0.191685  0.14575
core.pack.task: Packer task: initialize from command line() 
core.pack.pack_rotamers: built 7385 rotamers at 492 positions.
core.pack.interaction_graph.interaction_graph_factory: Instantiating DensePDInteractionGraph
protocols.relax.FastRelax: CMD: repack  -1010.14  0.191685  0.191685  0.14575
protocols.relax.FastRelax: CMD: scale:fa_rep  -988.113  0.191685  0.191685  0.154
protocols.relax.FastRelax: CMD: min  -1169.69  0.241862  0.241862  0.154
protocols.relax.FastRelax: CMD: coord_cst_weight  -1294.64  0.241862  0.241862  0.154
protocols.relax.FastRelax: CMD: scale:fa_rep  -1108.09  0.241862  0.241862  0.30745
core.pack.task: Packer task: initialize from command line() 
core.pack.pack_rotamers: built 7152 rotamers at 492 positions.
core.pack.interaction_graph.interaction_graph_factory: Instantiating DensePDInteractionGraph
protocols.relax.FastRelax: CMD: repack  -1106.85  0.241862  0.241862  0.30745
protocols.relax.FastRelax: CMD: scale:fa_rep  -1092.34  0.241862  0.241862  0.31955
protocols.relax.FastRelax: CMD: min  -1303.27  2.38383  2.38383  0.31955
protocols.relax.FastRelax: CMD: coord_cst_weight  -1303.27  2.38383  2.38383  0.31955
protocols.relax.FastRelax: CMD: scale:fa_rep  -1098.75  2.38383  2.38383  0.55
core.pack.task: Packer task: initialize from command line() 
core.pack.pack_rotamers: built 6897 rotamers at 492 positions.
core.pack.interaction_graph.interaction_graph_factory: Instantiating DensePDInteractionGraph
protocols.relax.FastRelax: CMD: repack  -1103.01  2.38383  2.38383  0.55
protocols.relax.FastRelax: CMD: min  -1155.49  2.32118  2.32118  0.55
protocols.relax.FastRelax: MRP: 6  -1155.49  -1160.03  3.47527  3.47527  
protocols.relax.FastRelax: CMD: accept_to_best  -1155.49  2.32118  2.32118  0.55
protocols.relax.FastRelax: CMD: endrepeat  -1155.49  2.32118  2.32118  0.55
protocols.relax.FastRelax: CMD: coord_cst_weight  51393.8  2.32118  2.32118  0.55
protocols.relax.FastRelax: CMD: scale:fa_rep  51063.5  2.32118  2.32118  0.022
core.pack.task: Packer task: initialize from command line() 
core.pack.pack_rotamers: built 7624 rotamers at 492 positions.
core.pack.interaction_graph.interaction_graph_factory: Instantiating DensePDInteractionGraph
protocols.relax.FastRelax: CMD: repack  51052.2  2.32118  2.32118  0.022
protocols.relax.FastRelax: CMD: scale:fa_rep  51058.8  2.32118  2.32118  0.02805
core.optimization.Minimizer: [ WARNING ] LBFGS MAX CYCLES 2000 EXCEEDED, BUT FUNC NOT CONVERGED!
protocols.relax.FastRelax: CMD: min  -1264.7  0.187375  0.187375  0.02805
protocols.relax.FastRelax: CMD: coord_cst_weight  -1341.17  0.187375  0.187375  0.02805
protocols.relax.FastRelax: CMD: scale:fa_rep  -1010.79  0.187375  0.187375  0.14575
core.pack.task: Packer task: initialize from command line() 
core.pack.pack_rotamers: built 7331 rotamers at 492 positions.
core.pack.interaction_graph.interaction_graph_factory: Instantiating DensePDInteractionGraph
protocols.relax.FastRelax: CMD: repack  -1033.73  0.187375  0.187375  0.14575
protocols.relax.FastRelax: CMD: scale:fa_rep  -1012.87  0.187375  0.187375  0.154
protocols.relax.FastRelax: CMD: min  -1174.16  0.231808  0.231808  0.154
protocols.relax.FastRelax: CMD: coord_cst_weight  -1291.09  0.231808  0.231808  0.154
protocols.relax.FastRelax: CMD: scale:fa_rep  -1107.79  0.231808  0.231808  0.30745
core.pack.task: Packer task: initialize from command line() 
core.pack.pack_rotamers: built 7136 rotamers at 492 positions.
core.pack.interaction_graph.interaction_graph_factory: Instantiating DensePDInteractionGraph
protocols.relax.FastRelax: CMD: repack  -1109.38  0.231808  0.231808  0.30745
protocols.relax.FastRelax: CMD: scale:fa_rep  -1095.17  0.231808  0.231808  0.31955
protocols.relax.FastRelax: CMD: min  -1311.56  2.84112  2.84112  0.31955
protocols.relax.FastRelax: CMD: coord_cst_weight  -1311.56  2.84112  2.84112  0.31955
protocols.relax.FastRelax: CMD: scale:fa_rep  -1108.89  2.84112  2.84112  0.55
core.pack.task: Packer task: initialize from command line() 
core.pack.pack_rotamers: built 6927 rotamers at 492 positions.
core.pack.interaction_graph.interaction_graph_factory: Instantiating DensePDInteractionGraph
protocols.relax.FastRelax: CMD: repack  -1111.03  2.84112  2.84112  0.55
protocols.relax.FastRelax: CMD: min  -1156.37  3.33829  3.33829  0.55
protocols.relax.FastRelax: MRP: 7  -1156.37  -1160.03  3.47527  3.47527  
protocols.relax.FastRelax: CMD: accept_to_best  -1156.37  3.33829  3.33829  0.55
protocols.relax.FastRelax: CMD: endrepeat  -1156.37  3.33829  3.33829  0.55
protocols.relax.FastRelax: CMD: coord_cst_weight  50797  3.33829  3.33829  0.55
protocols.relax.FastRelax: CMD: scale:fa_rep  50470.7  3.33829  3.33829  0.022
core.pack.task: Packer task: initialize from command line() 
core.pack.pack_rotamers: built 7615 rotamers at 492 positions.
core.pack.interaction_graph.interaction_graph_factory: Instantiating DensePDInteractionGraph
protocols.relax.FastRelax: CMD: repack  50448.1  3.33829  3.33829  0.022
protocols.relax.FastRelax: CMD: scale:fa_rep  50454.2  3.33829  3.33829  0.02805
core.optimization.Minimizer: [ WARNING ] LBFGS MAX CYCLES 2000 EXCEEDED, BUT FUNC NOT CONVERGED!
protocols.relax.FastRelax: CMD: min  -1252.97  0.195179  0.195179  0.02805
protocols.relax.FastRelax: CMD: coord_cst_weight  -1333.75  0.195179  0.195179  0.02805
protocols.relax.FastRelax: CMD: scale:fa_rep  -994.228  0.195179  0.195179  0.14575
core.pack.task: Packer task: initialize from command line() 
core.pack.pack_rotamers: built 7362 rotamers at 492 positions.
core.pack.interaction_graph.interaction_graph_factory: Instantiating DensePDInteractionGraph
protocols.relax.FastRelax: CMD: repack  -1022.73  0.195179  0.195179  0.14575
protocols.relax.FastRelax: CMD: scale:fa_rep  -1001.02  0.195179  0.195179  0.154
protocols.relax.FastRelax: CMD: min  -1168.97  0.244152  0.244152  0.154
protocols.relax.FastRelax: CMD: coord_cst_weight  -1295.04  0.244152  0.244152  0.154
protocols.relax.FastRelax: CMD: scale:fa_rep  -1106.76  0.244152  0.244152  0.30745
core.pack.task: Packer task: initialize from command line() 
core.pack.pack_rotamers: built 7096 rotamers at 492 positions.
core.pack.interaction_graph.interaction_graph_factory: Instantiating DensePDInteractionGraph
protocols.relax.FastRelax: CMD: repack  -1109.36  0.244152  0.244152  0.30745
protocols.relax.FastRelax: CMD: scale:fa_rep  -1094.81  0.244152  0.244152  0.31955
protocols.relax.FastRelax: CMD: min  -1301.91  3.07659  3.07659  0.31955
protocols.relax.FastRelax: CMD: coord_cst_weight  -1301.91  3.07659  3.07659  0.31955
protocols.relax.FastRelax: CMD: scale:fa_rep  -1099  3.07659  3.07659  0.55
core.pack.task: Packer task: initialize from command line() 
core.pack.pack_rotamers: built 6976 rotamers at 492 positions.
core.pack.interaction_graph.interaction_graph_factory: Instantiating DensePDInteractionGraph
protocols.relax.FastRelax: CMD: repack  -1102.52  3.07659  3.07659  0.55
protocols.relax.FastRelax: CMD: min  -1151.48  3.36848  3.36848  0.55
protocols.relax.FastRelax: MRP: 8  -1151.48  -1160.03  3.47527  3.47527  
protocols.relax.FastRelax: CMD: accept_to_best  -1151.48  3.36848  3.36848  0.55
protocols.relax.FastRelax: CMD: endrepeat  -1151.48  3.36848  3.36848  0.55
protocols.relax.FastRelax: CMD: coord_cst_weight  48042.7  3.36848  3.36848  0.55
protocols.relax.FastRelax: CMD: scale:fa_rep  47714.9  3.36848  3.36848  0.022
core.pack.task: Packer task: initialize from command line() 
core.pack.pack_rotamers: built 7676 rotamers at 492 positions.
core.pack.interaction_graph.interaction_graph_factory: Instantiating DensePDInteractionGraph
protocols.relax.FastRelax: CMD: repack  47703.3  3.36848  3.36848  0.022
protocols.relax.FastRelax: CMD: scale:fa_rep  47709.8  3.36848  3.36848  0.02805
core.optimization.Minimizer: [ WARNING ] LBFGS MAX CYCLES 2000 EXCEEDED, BUT FUNC NOT CONVERGED!
protocols.relax.FastRelax: CMD: min  -1256.35  0.194703  0.194703  0.02805
protocols.relax.FastRelax: CMD: coord_cst_weight  -1336.88  0.194703  0.194703  0.02805
protocols.relax.FastRelax: CMD: scale:fa_rep  -991.405  0.194703  0.194703  0.14575
core.pack.task: Packer task: initialize from command line() 
core.pack.pack_rotamers: built 7339 rotamers at 492 positions.
core.pack.interaction_graph.interaction_graph_factory: Instantiating DensePDInteractionGraph
protocols.relax.FastRelax: CMD: repack  -1023.67  0.194703  0.194703  0.14575
protocols.relax.FastRelax: CMD: scale:fa_rep  -1002.05  0.194703  0.194703  0.154
protocols.relax.FastRelax: CMD: min  -1169.12  0.243704  0.243704  0.154
protocols.relax.FastRelax: CMD: coord_cst_weight  -1295.3  0.243704  0.243704  0.154
protocols.relax.FastRelax: CMD: scale:fa_rep  -1108.98  0.243704  0.243704  0.30745
core.pack.task: Packer task: initialize from command line() 
core.pack.pack_rotamers: built 7106 rotamers at 492 positions.
core.pack.interaction_graph.interaction_graph_factory: Instantiating DensePDInteractionGraph
protocols.relax.FastRelax: CMD: repack  -1110.77  0.243704  0.243704  0.30745
protocols.relax.FastRelax: CMD: scale:fa_rep  -1096.35  0.243704  0.243704  0.31955
protocols.relax.FastRelax: CMD: min  -1302.32  3.19195  3.19195  0.31955
protocols.relax.FastRelax: CMD: coord_cst_weight  -1302.32  3.19195  3.19195  0.31955
protocols.relax.FastRelax: CMD: scale:fa_rep  -1099.58  3.19195  3.19195  0.55
core.pack.task: Packer task: initialize from command line() 
core.pack.pack_rotamers: built 6936 rotamers at 492 positions.
core.pack.interaction_graph.interaction_graph_factory: Instantiating DensePDInteractionGraph
protocols.relax.FastRelax: CMD: repack  -1102.88  3.19195  3.19195  0.55
protocols.relax.FastRelax: CMD: min  -1156.77  3.53188  3.53188  0.55
protocols.relax.FastRelax: MRP: 9  -1156.77  -1160.03  3.47527  3.47527  
protocols.relax.FastRelax: CMD: accept_to_best  -1156.77  3.53188  3.53188  0.55
protocols.relax.FastRelax: CMD: endrepeat  -1156.77  3.53188  3.53188  0.55
protocols.relax.FastRelax: CMD: coord_cst_weight  55038.1  3.53188  3.53188  0.55
protocols.relax.FastRelax: CMD: scale:fa_rep  54711.7  3.53188  3.53188  0.022
core.pack.task: Packer task: initialize from command line() 
core.pack.pack_rotamers: built 7668 rotamers at 492 positions.
core.pack.interaction_graph.interaction_graph_factory: Instantiating DensePDInteractionGraph
protocols.relax.FastRelax: CMD: repack  54690.3  3.53188  3.53188  0.022
protocols.relax.FastRelax: CMD: scale:fa_rep  54696.2  3.53188  3.53188  0.02805
core.optimization.Minimizer: [ WARNING ] LBFGS MAX CYCLES 2000 EXCEEDED, BUT FUNC NOT CONVERGED!
protocols.relax.FastRelax: CMD: min  -1248.75  0.193928  0.193928  0.02805
protocols.relax.FastRelax: CMD: coord_cst_weight  -1330.87  0.193928  0.193928  0.02805
protocols.relax.FastRelax: CMD: scale:fa_rep  -1001.21  0.193928  0.193928  0.14575
core.pack.task: Packer task: initialize from command line() 
core.pack.pack_rotamers: built 7302 rotamers at 492 positions.
core.pack.interaction_graph.interaction_graph_factory: Instantiating DensePDInteractionGraph
protocols.relax.FastRelax: CMD: repack  -1029.31  0.193928  0.193928  0.14575
protocols.relax.FastRelax: CMD: scale:fa_rep  -1008.15  0.193928  0.193928  0.154
protocols.relax.FastRelax: CMD: min  -1180.66  0.233064  0.233064  0.154
protocols.relax.FastRelax: CMD: coord_cst_weight  -1298.62  0.233064  0.233064  0.154
protocols.relax.FastRelax: CMD: scale:fa_rep  -1116.85  0.233064  0.233064  0.30745
core.pack.task: Packer task: initialize from command line() 
core.pack.pack_rotamers: built 7107 rotamers at 492 positions.
core.pack.interaction_graph.interaction_graph_factory: Instantiating DensePDInteractionGraph
protocols.relax.FastRelax: CMD: repack  -1113.54  0.233064  0.233064  0.30745
protocols.relax.FastRelax: CMD: scale:fa_rep  -1099.51  0.233064  0.233064  0.31955
protocols.relax.FastRelax: CMD: min  -1296.83  2.94503  2.94503  0.31955
protocols.relax.FastRelax: CMD: coord_cst_weight  -1296.83  2.94503  2.94503  0.31955
protocols.relax.FastRelax: CMD: scale:fa_rep  -1089.54  2.94503  2.94503  0.55
core.pack.task: Packer task: initialize from command line() 
core.pack.pack_rotamers: built 6910 rotamers at 492 positions.
core.pack.interaction_graph.interaction_graph_factory: Instantiating DensePDInteractionGraph
protocols.relax.FastRelax: CMD: repack  -1101.71  2.94503  2.94503  0.55
protocols.relax.FastRelax: CMD: min  -1155.94  3.1466  3.1466  0.55
protocols.relax.FastRelax: MRP: 10  -1155.94  -1160.03  3.47527  3.47527  
protocols.relax.FastRelax: CMD: accept_to_best  -1155.94  3.1466  3.1466  0.55
protocols.relax.FastRelax: CMD: endrepeat  -1155.94  3.1466  3.1466  0.55
protocols.relax.FastRelax: CMD: coord_cst_weight  52588.4  3.1466  3.1466  0.55
protocols.relax.FastRelax: CMD: scale:fa_rep  52257.6  3.1466  3.1466  0.022
core.pack.task: Packer task: initialize from command line() 
core.pack.pack_rotamers: built 7668 rotamers at 492 positions.
core.pack.interaction_graph.interaction_graph_factory: Instantiating DensePDInteractionGraph
protocols.relax.FastRelax: CMD: repack  52238.2  3.1466  3.1466  0.022
protocols.relax.FastRelax: CMD: scale:fa_rep  52244.2  3.1466  3.1466  0.02805
core.optimization.Minimizer: [ WARNING ] LBFGS MAX CYCLES 2000 EXCEEDED, BUT FUNC NOT CONVERGED!
protocols.relax.FastRelax: CMD: min  -1254.88  0.193357  0.193357  0.02805
protocols.relax.FastRelax: CMD: coord_cst_weight  -1334.9  0.193357  0.193357  0.02805
protocols.relax.FastRelax: CMD: scale:fa_rep  -989.25  0.193357  0.193357  0.14575
core.pack.task: Packer task: initialize from command line() 
core.pack.pack_rotamers: built 7357 rotamers at 492 positions.
core.pack.interaction_graph.interaction_graph_factory: Instantiating DensePDInteractionGraph
protocols.relax.FastRelax: CMD: repack  -1020.06  0.193357  0.193357  0.14575
protocols.relax.FastRelax: CMD: scale:fa_rep  -998.154  0.193357  0.193357  0.154
protocols.relax.FastRelax: CMD: min  -1167.76  0.246663  0.246663  0.154
protocols.relax.FastRelax: CMD: coord_cst_weight  -1295.88  0.246663  0.246663  0.154
protocols.relax.FastRelax: CMD: scale:fa_rep  -1108.46  0.246663  0.246663  0.30745
core.pack.task: Packer task: initialize from command line() 
core.pack.pack_rotamers: built 7104 rotamers at 492 positions.
core.pack.interaction_graph.interaction_graph_factory: Instantiating DensePDInteractionGraph
protocols.relax.FastRelax: CMD: repack  -1109.04  0.246663  0.246663  0.30745
protocols.relax.FastRelax: CMD: scale:fa_rep  -1094.59  0.246663  0.246663  0.31955
protocols.relax.FastRelax: CMD: min  -1178.04  3.20719  3.20719  0.31955
protocols.relax.FastRelax: CMD: coord_cst_weight  -1178.04  3.20719  3.20719  0.31955
protocols.relax.FastRelax: CMD: scale:fa_rep  -882.389  3.20719  3.20719  0.55
core.pack.task: Packer task: initialize from command line() 
core.pack.pack_rotamers: built 6911 rotamers at 492 positions.
core.pack.interaction_graph.interaction_graph_factory: Instantiating DensePDInteractionGraph
protocols.relax.FastRelax: CMD: repack  -1102.79  3.20719  3.20719  0.55
protocols.relax.FastRelax: CMD: min  -1161.47  3.266  3.266  0.55
protocols.relax.FastRelax: MRP: 11  -1161.47  -1161.47  3.266  3.266  
protocols.relax.FastRelax: CMD: accept_to_best  -1161.47  3.266  3.266  0.55
protocols.relax.FastRelax: CMD: endrepeat  -1161.47  3.266  3.266  0.55
protocols.relax.FastRelax: CMD: coord_cst_weight  45695  3.266  3.266  0.55
protocols.relax.FastRelax: CMD: scale:fa_rep  45363.9  3.266  3.266  0.022
core.pack.task: Packer task: initialize from command line() 
core.pack.pack_rotamers: built 7652 rotamers at 492 positions.
core.pack.interaction_graph.interaction_graph_factory: Instantiating DensePDInteractionGraph
protocols.relax.FastRelax: CMD: repack  45353.8  3.266  3.266  0.022
protocols.relax.FastRelax: CMD: scale:fa_rep  45359.7  3.266  3.266  0.02805
core.optimization.Minimizer: [ WARNING ] LBFGS MAX CYCLES 2000 EXCEEDED, BUT FUNC NOT CONVERGED!
protocols.relax.FastRelax: CMD: min  -1251.15  0.193107  0.193107  0.02805
protocols.relax.FastRelax: CMD: coord_cst_weight  -1330.47  0.193107  0.193107  0.02805
protocols.relax.FastRelax: CMD: scale:fa_rep  -1005.92  0.193107  0.193107  0.14575
core.pack.task: Packer task: initialize from command line() 
core.pack.pack_rotamers: built 7316 rotamers at 492 positions.
core.pack.interaction_graph.interaction_graph_factory: Instantiating DensePDInteractionGraph
protocols.relax.FastRelax: CMD: repack  -1038.86  0.193107  0.193107  0.14575
protocols.relax.FastRelax: CMD: scale:fa_rep  -1018.17  0.193107  0.193107  0.154
protocols.relax.FastRelax: CMD: min  -1181.28  0.235583  0.235583  0.154
protocols.relax.FastRelax: CMD: coord_cst_weight  -1301.21  0.235583  0.235583  0.154
protocols.relax.FastRelax: CMD: scale:fa_rep  -1119.41  0.235583  0.235583  0.30745
core.pack.task: Packer task: initialize from command line() 
core.pack.pack_rotamers: built 7095 rotamers at 492 positions.
core.pack.interaction_graph.interaction_graph_factory: Instantiating DensePDInteractionGraph
protocols.relax.FastRelax: CMD: repack  -1117.82  0.235583  0.235583  0.30745
protocols.relax.FastRelax: CMD: scale:fa_rep  -1103.79  0.235583  0.235583  0.31955
protocols.relax.FastRelax: CMD: min  -1305.54  3.03264  3.03264  0.31955
protocols.relax.FastRelax: CMD: coord_cst_weight  -1305.54  3.03264  3.03264  0.31955
protocols.relax.FastRelax: CMD: scale:fa_rep  -1101.56  3.03264  3.03264  0.55
core.pack.task: Packer task: initialize from command line() 
core.pack.pack_rotamers: built 6873 rotamers at 492 positions.
core.pack.interaction_graph.interaction_graph_factory: Instantiating DensePDInteractionGraph
protocols.relax.FastRelax: CMD: repack  -1110.27  3.03264  3.03264  0.55
protocols.relax.FastRelax: CMD: min  -1161.31  3.16038  3.16038  0.55
protocols.relax.FastRelax: MRP: 12  -1161.31  -1161.47  3.266  3.266  
protocols.relax.FastRelax: CMD: accept_to_best  -1161.31  3.16038  3.16038  0.55
protocols.relax.FastRelax: CMD: endrepeat  -1161.31  3.16038  3.16038  0.55
protocols.relax.FastRelax: CMD: coord_cst_weight  47417.6  3.16038  3.16038  0.55
protocols.relax.FastRelax: CMD: scale:fa_rep  47088.5  3.16038  3.16038  0.022
core.pack.task: Packer task: initialize from command line() 
core.pack.pack_rotamers: built 7630 rotamers at 492 positions.
core.pack.interaction_graph.interaction_graph_factory: Instantiating DensePDInteractionGraph
protocols.relax.FastRelax: CMD: repack  47075  3.16038  3.16038  0.022
protocols.relax.FastRelax: CMD: scale:fa_rep  47080.9  3.16038  3.16038  0.02805
core.optimization.Minimizer: [ WARNING ] LBFGS MAX CYCLES 2000 EXCEEDED, BUT FUNC NOT CONVERGED!
protocols.relax.FastRelax: CMD: min  -1242.72  0.195129  0.195129  0.02805
protocols.relax.FastRelax: CMD: coord_cst_weight  -1323.54  0.195129  0.195129  0.02805
protocols.relax.FastRelax: CMD: scale:fa_rep  -981.276  0.195129  0.195129  0.14575
core.pack.task: Packer task: initialize from command line() 
core.pack.pack_rotamers: built 7336 rotamers at 492 positions.
core.pack.interaction_graph.interaction_graph_factory: Instantiating DensePDInteractionGraph
protocols.relax.FastRelax: CMD: repack  -1019.24  0.195129  0.195129  0.14575
protocols.relax.FastRelax: CMD: scale:fa_rep  -997.503  0.195129  0.195129  0.154
protocols.relax.FastRelax: CMD: min  -1173.01  0.246417  0.246417  0.154
protocols.relax.FastRelax: CMD: coord_cst_weight  -1300.58  0.246417  0.246417  0.154
protocols.relax.FastRelax: CMD: scale:fa_rep  -1114.1  0.246417  0.246417  0.30745
core.pack.task: Packer task: initialize from command line() 
core.pack.pack_rotamers: built 7095 rotamers at 492 positions.
core.pack.interaction_graph.interaction_graph_factory: Instantiating DensePDInteractionGraph
protocols.relax.FastRelax: CMD: repack  -1116.05  0.246417  0.246417  0.30745
protocols.relax.FastRelax: CMD: scale:fa_rep  -1101.67  0.246417  0.246417  0.31955
protocols.relax.FastRelax: CMD: min  -1307.64  3.44523  3.44523  0.31955
protocols.relax.FastRelax: CMD: coord_cst_weight  -1307.64  3.44523  3.44523  0.31955
protocols.relax.FastRelax: CMD: scale:fa_rep  -1103.69  3.44523  3.44523  0.55
core.pack.task: Packer task: initialize from command line() 
core.pack.pack_rotamers: built 6915 rotamers at 492 positions.
core.pack.interaction_graph.interaction_graph_factory: Instantiating DensePDInteractionGraph
protocols.relax.FastRelax: CMD: repack  -1109.25  3.44523  3.44523  0.55
protocols.relax.FastRelax: CMD: min  -1157.43  3.63596  3.63596  0.55
protocols.relax.FastRelax: MRP: 13  -1157.43  -1161.47  3.266  3.266  
protocols.relax.FastRelax: CMD: accept_to_best  -1157.43  3.63596  3.63596  0.55
protocols.relax.FastRelax: CMD: endrepeat  -1157.43  3.63596  3.63596  0.55
protocols.relax.FastRelax: CMD: coord_cst_weight  57714.3  3.63596  3.63596  0.55
protocols.relax.FastRelax: CMD: scale:fa_rep  57386.1  3.63596  3.63596  0.022
core.pack.task: Packer task: initialize from command line() 
core.pack.pack_rotamers: built 7663 rotamers at 492 positions.
core.pack.interaction_graph.interaction_graph_factory: Instantiating DensePDInteractionGraph
protocols.relax.FastRelax: CMD: repack  57374.1  3.63596  3.63596  0.022
protocols.relax.FastRelax: CMD: scale:fa_rep  57381.6  3.63596  3.63596  0.02805
core.optimization.Minimizer: [ WARNING ] LBFGS MAX CYCLES 2000 EXCEEDED, BUT FUNC NOT CONVERGED!
protocols.relax.FastRelax: CMD: min  -1234.41  0.202472  0.202472  0.02805
protocols.relax.FastRelax: CMD: coord_cst_weight  -1322.47  0.202472  0.202472  0.02805
protocols.relax.FastRelax: CMD: scale:fa_rep  -990.213  0.202472  0.202472  0.14575
core.pack.task: Packer task: initialize from command line() 
core.pack.pack_rotamers: built 7312 rotamers at 492 positions.
core.pack.interaction_graph.interaction_graph_factory: Instantiating DensePDInteractionGraph
protocols.relax.FastRelax: CMD: repack  -1026.26  0.202472  0.202472  0.14575
protocols.relax.FastRelax: CMD: scale:fa_rep  -1005.4  0.202472  0.202472  0.154
protocols.relax.FastRelax: CMD: min  -1174.63  0.246028  0.246028  0.154
protocols.relax.FastRelax: CMD: coord_cst_weight  -1302.85  0.246028  0.246028  0.154
protocols.relax.FastRelax: CMD: scale:fa_rep  -1116.72  0.246028  0.246028  0.30745
core.pack.task: Packer task: initialize from command line() 
core.pack.pack_rotamers: built 7101 rotamers at 492 positions.
core.pack.interaction_graph.interaction_graph_factory: Instantiating DensePDInteractionGraph
protocols.relax.FastRelax: CMD: repack  -1118.78  0.246028  0.246028  0.30745
protocols.relax.FastRelax: CMD: scale:fa_rep  -1104.37  0.246028  0.246028  0.31955
protocols.relax.FastRelax: CMD: min  -1303.99  3.41519  3.41519  0.31955
protocols.relax.FastRelax: CMD: coord_cst_weight  -1303.99  3.41519  3.41519  0.31955
protocols.relax.FastRelax: CMD: scale:fa_rep  -1098.37  3.41519  3.41519  0.55
core.pack.task: Packer task: initialize from command line() 
core.pack.pack_rotamers: built 6881 rotamers at 492 positions.
core.pack.interaction_graph.interaction_graph_factory: Instantiating DensePDInteractionGraph
protocols.relax.FastRelax: CMD: repack  -1101.16  3.41519  3.41519  0.55
protocols.relax.FastRelax: CMD: min  -1157.29  3.90962  3.90962  0.55
protocols.relax.FastRelax: MRP: 14  -1157.29  -1161.47  3.266  3.266  
protocols.relax.FastRelax: CMD: accept_to_best  -1157.29  3.90962  3.90962  0.55
protocols.relax.FastRelax: CMD: endrepeat  -1157.29  3.90962  3.90962  0.55
protocols::checkpoint: Deleting checkpoints of FastRelax
protocols.jd2.JobDistributor: target.BL00010001_7_0005 reported success in 14275 seconds
protocols.jd2.PDBJobInputter: PDBJobInputter::pose_from_job
protocols.jd2.PDBJobInputter: filling pose from PDB ../1-modeller/target.BL00010001.pdb
core.import_pose.import_pose: File '../1-modeller/target.BL00010001.pdb' automatically determined to be of type PDB from contents.
core.io.rcsb.ExperimentalTechnique: [ ERROR ] Unrecognized experimental technique string 'THEORETICAL MODEL, MODELLER 10.8 2026/08/10 16:18:02'
protocols.relax.FastRelax: CMD: repeat  4476.34  0  0  0.55
protocols.relax.FastRelax: CMD: coord_cst_weight  4476.34  0  0  0.55
protocols.relax.FastRelax: CMD: scale:fa_rep  806.987  0  0  0.022
core.pack.task: Packer task: initialize from command line() 
core.pack.pack_rotamers: built 8129 rotamers at 492 positions.
core.pack.interaction_graph.interaction_graph_factory: Instantiating DensePDInteractionGraph
protocols.relax.FastRelax: CMD: repack  -879.344  0  0  0.022
protocols.relax.FastRelax: CMD: scale:fa_rep  -840.876  0  0  0.02805
core.optimization.Minimizer: [ WARNING ] LBFGS MAX CYCLES 2000 EXCEEDED, BUT FUNC NOT CONVERGED!
protocols.relax.FastRelax: CMD: min  -1292.04  0.148872  0.148872  0.02805
protocols.relax.FastRelax: CMD: coord_cst_weight  -1339.02  0.148872  0.148872  0.02805
protocols.relax.FastRelax: CMD: scale:fa_rep  -949.194  0.148872  0.148872  0.14575
core.pack.task: Packer task: initialize from command line() 
core.pack.pack_rotamers: built 7469 rotamers at 492 positions.
core.pack.interaction_graph.interaction_graph_factory: Instantiating DensePDInteractionGraph
protocols.relax.FastRelax: CMD: repack  -990.794  0.148872  0.148872  0.14575
protocols.relax.FastRelax: CMD: scale:fa_rep  -969.34  0.148872  0.148872  0.154
core.optimization.Minimizer: [ WARNING ] LBFGS MAX CYCLES 2000 EXCEEDED, BUT FUNC NOT CONVERGED!
protocols.relax.FastRelax: CMD: min  -1157.48  0.204158  0.204158  0.154
protocols.relax.FastRelax: CMD: coord_cst_weight  -1247.24  0.204158  0.204158  0.154
protocols.relax.FastRelax: CMD: scale:fa_rep  -1058.87  0.204158  0.204158  0.30745
core.pack.task: Packer task: initialize from command line() 
core.pack.pack_rotamers: built 7169 rotamers at 492 positions.
core.pack.interaction_graph.interaction_graph_factory: Instantiating DensePDInteractionGraph
protocols.relax.FastRelax: CMD: repack  -1059.99  0.204158  0.204158  0.30745
protocols.relax.FastRelax: CMD: scale:fa_rep  -1045.39  0.204158  0.204158  0.31955
protocols.relax.FastRelax: CMD: min  -1220.73  2.9224  2.9224  0.31955
protocols.relax.FastRelax: CMD: coord_cst_weight  -1220.73  2.9224  2.9224  0.31955
protocols.relax.FastRelax: CMD: scale:fa_rep  -1008.37  2.9224  2.9224  0.55
core.pack.task: Packer task: initialize from command line() 
core.pack.pack_rotamers: built 7056 rotamers at 492 positions.
core.pack.interaction_graph.interaction_graph_factory: Instantiating DensePDInteractionGraph
protocols.relax.FastRelax: CMD: repack  -1013.99  2.9224  2.9224  0.55
protocols.relax.FastRelax: CMD: min  -1086.22  3.11468  3.11468  0.55
protocols.relax.FastRelax: MRP: 0  -1086.22  -1086.22  3.11468  3.11468  
protocols.relax.FastRelax: CMD: accept_to_best  -1086.22  3.11468  3.11468  0.55
protocols.relax.FastRelax: CMD: endrepeat  -1086.22  3.11468  3.11468  0.55
protocols.relax.FastRelax: CMD: coord_cst_weight  101343  3.11468  3.11468  0.55
protocols.relax.FastRelax: CMD: scale:fa_rep  101009  3.11468  3.11468  0.022
core.pack.task: Packer task: initialize from command line() 
core.pack.pack_rotamers: built 7871 rotamers at 492 positions.
core.pack.interaction_graph.interaction_graph_factory: Instantiating DensePDInteractionGraph
protocols.relax.FastRelax: CMD: repack  100980  3.11468  3.11468  0.022
protocols.relax.FastRelax: CMD: scale:fa_rep  100990  3.11468  3.11468  0.02805
core.optimization.Minimizer: [ WARNING ] LBFGS MAX CYCLES 2000 EXCEEDED, BUT FUNC NOT CONVERGED!
protocols.relax.FastRelax: CMD: min  -1251.13  0.176106  0.176106  0.02805
protocols.relax.FastRelax: CMD: coord_cst_weight  -1317.02  0.176106  0.176106  0.02805
protocols.relax.FastRelax: CMD: scale:fa_rep  -968.38  0.176106  0.176106  0.14575
core.pack.task: Packer task: initialize from command line() 
core.pack.pack_rotamers: built 7340 rotamers at 492 positions.
core.pack.interaction_graph.interaction_graph_factory: Instantiating DensePDInteractionGraph
protocols.relax.FastRelax: CMD: repack  -1013.51  0.176106  0.176106  0.14575
protocols.relax.FastRelax: CMD: scale:fa_rep  -992.64  0.176106  0.176106  0.154
protocols.relax.FastRelax: CMD: min  -1173.71  0.216354  0.216354  0.154
protocols.relax.FastRelax: CMD: coord_cst_weight  -1276.18  0.216354  0.216354  0.154
protocols.relax.FastRelax: CMD: scale:fa_rep  -1091.25  0.216354  0.216354  0.30745
core.pack.task: Packer task: initialize from command line() 
core.pack.pack_rotamers: built 7148 rotamers at 492 positions.
core.pack.interaction_graph.interaction_graph_factory: Instantiating DensePDInteractionGraph
protocols.relax.FastRelax: CMD: repack  -1085.76  0.216354  0.216354  0.30745
protocols.relax.FastRelax: CMD: scale:fa_rep  -1071.41  0.216354  0.216354  0.31955
protocols.relax.FastRelax: CMD: min  -1264.42  3.25209  3.25209  0.31955
protocols.relax.FastRelax: CMD: coord_cst_weight  -1264.42  3.25209  3.25209  0.31955
protocols.relax.FastRelax: CMD: scale:fa_rep  -1054.07  3.25209  3.25209  0.55
core.pack.task: Packer task: initialize from command line() 
core.pack.pack_rotamers: built 7051 rotamers at 492 positions.
core.pack.interaction_graph.interaction_graph_factory: Instantiating DensePDInteractionGraph
protocols.relax.FastRelax: CMD: repack  -1053.51  3.25209  3.25209  0.55
protocols.relax.FastRelax: CMD: min  -1125.58  3.39821  3.39821  0.55
protocols.relax.FastRelax: MRP: 1  -1125.58  -1125.58  3.39821  3.39821  
protocols.relax.FastRelax: CMD: accept_to_best  -1125.58  3.39821  3.39821  0.55
protocols.relax.FastRelax: CMD: endrepeat  -1125.58  3.39821  3.39821  0.55
protocols.relax.FastRelax: CMD: coord_cst_weight  118282  3.39821  3.39821  0.55
protocols.relax.FastRelax: CMD: scale:fa_rep  117952  3.39821  3.39821  0.022
core.pack.task: Packer task: initialize from command line() 
core.pack.pack_rotamers: built 7709 rotamers at 492 positions.
core.pack.interaction_graph.interaction_graph_factory: Instantiating DensePDInteractionGraph
protocols.relax.FastRelax: CMD: repack  117924  3.39821  3.39821  0.022
protocols.relax.FastRelax: CMD: scale:fa_rep  117933  3.39821  3.39821  0.02805
core.optimization.Minimizer: [ WARNING ] LBFGS MAX CYCLES 2000 EXCEEDED, BUT FUNC NOT CONVERGED!
protocols.relax.FastRelax: CMD: min  -1266.7  0.179578  0.179578  0.02805
protocols.relax.FastRelax: CMD: coord_cst_weight  -1337.34  0.179578  0.179578  0.02805
protocols.relax.FastRelax: CMD: scale:fa_rep  -1008.24  0.179578  0.179578  0.14575
core.pack.task: Packer task: initialize from command line() 
core.pack.pack_rotamers: built 7418 rotamers at 492 positions.
core.pack.interaction_graph.interaction_graph_factory: Instantiating DensePDInteractionGraph
protocols.relax.FastRelax: CMD: repack  -1043.89  0.179578  0.179578  0.14575
protocols.relax.FastRelax: CMD: scale:fa_rep  -1023.97  0.179578  0.179578  0.154
protocols.relax.FastRelax: CMD: min  -1184  0.220652  0.220652  0.154
protocols.relax.FastRelax: CMD: coord_cst_weight  -1290.88  0.220652  0.220652  0.154
protocols.relax.FastRelax: CMD: scale:fa_rep  -1109.28  0.220652  0.220652  0.30745
core.pack.task: Packer task: initialize from command line() 
core.pack.pack_rotamers: built 7201 rotamers at 492 positions.
core.pack.interaction_graph.interaction_graph_factory: Instantiating DensePDInteractionGraph
protocols.relax.FastRelax: CMD: repack  -1110.35  0.220652  0.220652  0.30745
protocols.relax.FastRelax: CMD: scale:fa_rep  -1096.18  0.220652  0.220652  0.31955
protocols.relax.FastRelax: CMD: min  -1298.25  2.91253  2.91253  0.31955
protocols.relax.FastRelax: CMD: coord_cst_weight  -1298.25  2.91253  2.91253  0.31955
protocols.relax.FastRelax: CMD: scale:fa_rep  -1093.22  2.91253  2.91253  0.55
core.pack.task: Packer task: initialize from command line() 
core.pack.pack_rotamers: built 6989 rotamers at 492 positions.
core.pack.interaction_graph.interaction_graph_factory: Instantiating DensePDInteractionGraph
protocols.relax.FastRelax: CMD: repack  -1101.43  2.91253  2.91253  0.55
protocols.relax.FastRelax: CMD: min  -1153.63  2.93704  2.93704  0.55
protocols.relax.FastRelax: MRP: 2  -1153.63  -1153.63  2.93704  2.93704  
protocols.relax.FastRelax: CMD: accept_to_best  -1153.63  2.93704  2.93704  0.55
protocols.relax.FastRelax: CMD: endrepeat  -1153.63  2.93704  2.93704  0.55
protocols.relax.FastRelax: CMD: coord_cst_weight  73144.1  2.93704  2.93704  0.55
protocols.relax.FastRelax: CMD: scale:fa_rep  72816.4  2.93704  2.93704  0.022
core.pack.task: Packer task: initialize from command line() 
core.pack.pack_rotamers: built 7759 rotamers at 492 positions.
core.pack.interaction_graph.interaction_graph_factory: Instantiating DensePDInteractionGraph
protocols.relax.FastRelax: CMD: repack  72806  2.93704  2.93704  0.022
protocols.relax.FastRelax: CMD: scale:fa_rep  72813  2.93704  2.93704  0.02805
core.optimization.Minimizer: [ WARNING ] LBFGS MAX CYCLES 2000 EXCEEDED, BUT FUNC NOT CONVERGED!
protocols.relax.FastRelax: CMD: min  -1266.4  0.179332  0.179332  0.02805
protocols.relax.FastRelax: CMD: coord_cst_weight  -1337.09  0.179332  0.179332  0.02805
protocols.relax.FastRelax: CMD: scale:fa_rep  -995.71  0.179332  0.179332  0.14575
core.pack.task: Packer task: initialize from command line() 
core.pack.pack_rotamers: built 7330 rotamers at 492 positions.
core.pack.interaction_graph.interaction_graph_factory: Instantiating DensePDInteractionGraph
protocols.relax.FastRelax: CMD: repack  -1034.8  0.179332  0.179332  0.14575
protocols.relax.FastRelax: CMD: scale:fa_rep  -1013.95  0.179332  0.179332  0.154
protocols.relax.FastRelax: CMD: min  -1187.08  0.224549  0.224549  0.154
protocols.relax.FastRelax: CMD: coord_cst_weight  -1297.14  0.224549  0.224549  0.154
protocols.relax.FastRelax: CMD: scale:fa_rep  -1115.43  0.224549  0.224549  0.30745
core.pack.task: Packer task: initialize from command line() 
core.pack.pack_rotamers: built 7177 rotamers at 492 positions.
core.pack.interaction_graph.interaction_graph_factory: Instantiating DensePDInteractionGraph
protocols.relax.FastRelax: CMD: repack  -1115.16  0.224549  0.224549  0.30745
protocols.relax.FastRelax: CMD: scale:fa_rep  -1100.97  0.224549  0.224549  0.31955
protocols.relax.FastRelax: CMD: min  -1199.42  3.10339  3.10339  0.31955
protocols.relax.FastRelax: CMD: coord_cst_weight  -1199.42  3.10339  3.10339  0.31955
protocols.relax.FastRelax: CMD: scale:fa_rep  -920.016  3.10339  3.10339  0.55
core.pack.task: Packer task: initialize from command line() 
core.pack.pack_rotamers: built 6989 rotamers at 492 positions.
core.pack.interaction_graph.interaction_graph_factory: Instantiating DensePDInteractionGraph
protocols.relax.FastRelax: CMD: repack  -1103.43  3.10339  3.10339  0.55
protocols.relax.FastRelax: CMD: min  -1163.73  3.34945  3.34945  0.55
protocols.relax.FastRelax: MRP: 3  -1163.73  -1163.73  3.34945  3.34945  
protocols.relax.FastRelax: CMD: accept_to_best  -1163.73  3.34945  3.34945  0.55
protocols.relax.FastRelax: CMD: endrepeat  -1163.73  3.34945  3.34945  0.55
protocols.relax.FastRelax: CMD: coord_cst_weight  90255.3  3.34945  3.34945  0.55
protocols.relax.FastRelax: CMD: scale:fa_rep  89927.5  3.34945  3.34945  0.022
core.pack.task: Packer task: initialize from command line() 
core.pack.pack_rotamers: built 7693 rotamers at 492 positions.
core.pack.interaction_graph.interaction_graph_factory: Instantiating DensePDInteractionGraph
protocols.relax.FastRelax: CMD: repack  89915.5  3.34945  3.34945  0.022
protocols.relax.FastRelax: CMD: scale:fa_rep  89924.9  3.34945  3.34945  0.02805
core.optimization.Minimizer: [ WARNING ] LBFGS MAX CYCLES 2000 EXCEEDED, BUT FUNC NOT CONVERGED!
protocols.relax.FastRelax: CMD: min  -1259.31  0.184781  0.184781  0.02805
protocols.relax.FastRelax: CMD: coord_cst_weight  -1331.99  0.184781  0.184781  0.02805
protocols.relax.FastRelax: CMD: scale:fa_rep  -992.758  0.184781  0.184781  0.14575
core.pack.task: Packer task: initialize from command line() 
core.pack.pack_rotamers: built 7357 rotamers at 492 positions.
core.pack.interaction_graph.interaction_graph_factory: Instantiating DensePDInteractionGraph
protocols.relax.FastRelax: CMD: repack  -1038.91  0.184781  0.184781  0.14575
protocols.relax.FastRelax: CMD: scale:fa_rep  -1018.42  0.184781  0.184781  0.154
protocols.relax.FastRelax: CMD: min  -1182.41  0.228721  0.228721  0.154
protocols.relax.FastRelax: CMD: coord_cst_weight  -1295.29  0.228721  0.228721  0.154
protocols.relax.FastRelax: CMD: scale:fa_rep  -1112.25  0.228721  0.228721  0.30745
core.pack.task: Packer task: initialize from command line() 
core.pack.pack_rotamers: built 7134 rotamers at 492 positions.
core.pack.interaction_graph.interaction_graph_factory: Instantiating DensePDInteractionGraph
protocols.relax.FastRelax: CMD: repack  -1112.72  0.228721  0.228721  0.30745
protocols.relax.FastRelax: CMD: scale:fa_rep  -1098.42  0.228721  0.228721  0.31955
protocols.relax.FastRelax: CMD: min  -1295.54  2.8149  2.8149  0.31955
protocols.relax.FastRelax: CMD: coord_cst_weight  -1295.54  2.8149  2.8149  0.31955
protocols.relax.FastRelax: CMD: scale:fa_rep  -1089.07  2.8149  2.8149  0.55
core.pack.task: Packer task: initialize from command line() 
core.pack.pack_rotamers: built 7027 rotamers at 492 positions.
core.pack.interaction_graph.interaction_graph_factory: Instantiating DensePDInteractionGraph
protocols.relax.FastRelax: CMD: repack  -1094.81  2.8149  2.8149  0.55
protocols.relax.FastRelax: CMD: min  -1155.94  3.19158  3.19158  0.55
protocols.relax.FastRelax: MRP: 4  -1155.94  -1163.73  3.34945  3.34945  
protocols.relax.FastRelax: CMD: accept_to_best  -1155.94  3.19158  3.19158  0.55
protocols.relax.FastRelax: CMD: endrepeat  -1155.94  3.19158  3.19158  0.55
protocols.relax.FastRelax: CMD: coord_cst_weight  76847.7  3.19158  3.19158  0.55
protocols.relax.FastRelax: CMD: scale:fa_rep  76517.8  3.19158  3.19158  0.022
core.pack.task: Packer task: initialize from command line() 
core.pack.pack_rotamers: built 7751 rotamers at 492 positions.
core.pack.interaction_graph.interaction_graph_factory: Instantiating DensePDInteractionGraph
protocols.relax.FastRelax: CMD: repack  76508.1  3.19158  3.19158  0.022
protocols.relax.FastRelax: CMD: scale:fa_rep  76517.6  3.19158  3.19158  0.02805
core.optimization.Minimizer: [ WARNING ] LBFGS MAX CYCLES 2000 EXCEEDED, BUT FUNC NOT CONVERGED!
protocols.relax.FastRelax: CMD: min  -1253.69  0.186329  0.186329  0.02805
protocols.relax.FastRelax: CMD: coord_cst_weight  -1327.85  0.186329  0.186329  0.02805
protocols.relax.FastRelax: CMD: scale:fa_rep  -945.238  0.186329  0.186329  0.14575
core.pack.task: Packer task: initialize from command line() 
core.pack.pack_rotamers: built 7364 rotamers at 492 positions.
core.pack.interaction_graph.interaction_graph_factory: Instantiating DensePDInteractionGraph
protocols.relax.FastRelax: CMD: repack  -1012  0.186329  0.186329  0.14575
protocols.relax.FastRelax: CMD: scale:fa_rep  -990.494  0.186329  0.186329  0.154
protocols.relax.FastRelax: CMD: min  -1179.64  0.228838  0.228838  0.154
protocols.relax.FastRelax: CMD: coord_cst_weight  -1292.14  0.228838  0.228838  0.154
protocols.relax.FastRelax: CMD: scale:fa_rep  -1112.46  0.228838  0.228838  0.30745
core.pack.task: Packer task: initialize from command line() 
core.pack.pack_rotamers: built 7145 rotamers at 492 positions.
core.pack.interaction_graph.interaction_graph_factory: Instantiating DensePDInteractionGraph
protocols.relax.FastRelax: CMD: repack  -1112.48  0.228838  0.228838  0.30745
protocols.relax.FastRelax: CMD: scale:fa_rep  -1098.4  0.228838  0.228838  0.31955
protocols.relax.FastRelax: CMD: min  -1270.73  3.1345  3.1345  0.31955
protocols.relax.FastRelax: CMD: coord_cst_weight  -1270.73  3.1345  3.1345  0.31955
protocols.relax.FastRelax: CMD: scale:fa_rep  -1041.79  3.1345  3.1345  0.55
core.pack.task: Packer task: initialize from command line() 
core.pack.pack_rotamers: built 6962 rotamers at 492 positions.
core.pack.interaction_graph.interaction_graph_factory: Instantiating DensePDInteractionGraph
protocols.relax.FastRelax: CMD: repack  -1105.88  3.1345  3.1345  0.55
protocols.relax.FastRelax: CMD: min  -1162.92  3.31188  3.31188  0.55
protocols.relax.FastRelax: MRP: 5  -1162.92  -1163.73  3.34945  3.34945  
protocols.relax.FastRelax: CMD: accept_to_best  -1162.92  3.31188  3.31188  0.55
protocols.relax.FastRelax: CMD: endrepeat  -1162.92  3.31188  3.31188  0.55
protocols.relax.FastRelax: CMD: coord_cst_weight  114321  3.31188  3.31188  0.55
protocols.relax.FastRelax: CMD: scale:fa_rep  113996  3.31188  3.31188  0.022
core.pack.task: Packer task: initialize from command line() 
core.pack.pack_rotamers: built 7717 rotamers at 492 positions.
core.pack.interaction_graph.interaction_graph_factory: Instantiating DensePDInteractionGraph
protocols.relax.FastRelax: CMD: repack  113987  3.31188  3.31188  0.022
protocols.relax.FastRelax: CMD: scale:fa_rep  113997  3.31188  3.31188  0.02805
core.optimization.Minimizer: [ WARNING ] LBFGS MAX CYCLES 2000 EXCEEDED, BUT FUNC NOT CONVERGED!
protocols.relax.FastRelax: CMD: min  -1248.54  0.189846  0.189846  0.02805
protocols.relax.FastRelax: CMD: coord_cst_weight  -1324.03  0.189846  0.189846  0.02805
protocols.relax.FastRelax: CMD: scale:fa_rep  -952.279  0.189846  0.189846  0.14575
core.pack.task: Packer task: initialize from command line() 
core.pack.pack_rotamers: built 7373 rotamers at 492 positions.
core.pack.interaction_graph.interaction_graph_factory: Instantiating DensePDInteractionGraph
protocols.relax.FastRelax: CMD: repack  -1001.31  0.189846  0.189846  0.14575
protocols.relax.FastRelax: CMD: scale:fa_rep  -978.576  0.189846  0.189846  0.154
protocols.relax.FastRelax: CMD: min  -1167.15  0.233568  0.233568  0.154
protocols.relax.FastRelax: CMD: coord_cst_weight  -1283.8  0.233568  0.233568  0.154
protocols.relax.FastRelax: CMD: scale:fa_rep  -1099.39  0.233568  0.233568  0.30745
core.pack.task: Packer task: initialize from command line() 
core.pack.pack_rotamers: built 7175 rotamers at 492 positions.
core.pack.interaction_graph.interaction_graph_factory: Instantiating DensePDInteractionGraph
protocols.relax.FastRelax: CMD: repack  -1099.73  0.233568  0.233568  0.30745
protocols.relax.FastRelax: CMD: scale:fa_rep  -1085.26  0.233568  0.233568  0.31955
protocols.relax.FastRelax: CMD: min  -1300.67  3.08931  3.08931  0.31955
protocols.relax.FastRelax: CMD: coord_cst_weight  -1300.67  3.08931  3.08931  0.31955
protocols.relax.FastRelax: CMD: scale:fa_rep  -1094.35  3.08931  3.08931  0.55
core.pack.task: Packer task: initialize from command line() 
core.pack.pack_rotamers: built 7012 rotamers at 492 positions.
core.pack.interaction_graph.interaction_graph_factory: Instantiating DensePDInteractionGraph
protocols.relax.FastRelax: CMD: repack  -1098  3.08931  3.08931  0.55
protocols.relax.FastRelax: CMD: min  -1158.63  3.77475  3.77475  0.55
protocols.relax.FastRelax: MRP: 6  -1158.63  -1163.73  3.34945  3.34945  
protocols.relax.FastRelax: CMD: accept_to_best  -1158.63  3.77475  3.77475  0.55
protocols.relax.FastRelax: CMD: endrepeat  -1158.63  3.77475  3.77475  0.55
protocols.relax.FastRelax: CMD: coord_cst_weight  82364.7  3.77475  3.77475  0.55
protocols.relax.FastRelax: CMD: scale:fa_rep  82036.3  3.77475  3.77475  0.022
core.pack.task: Packer task: initialize from command line() 
core.pack.pack_rotamers: built 7722 rotamers at 492 positions.
core.pack.interaction_graph.interaction_graph_factory: Instantiating DensePDInteractionGraph
protocols.relax.FastRelax: CMD: repack  82011  3.77475  3.77475  0.022
protocols.relax.FastRelax: CMD: scale:fa_rep  82018.6  3.77475  3.77475  0.02805
core.optimization.Minimizer: [ WARNING ] LBFGS MAX CYCLES 2000 EXCEEDED, BUT FUNC NOT CONVERGED!
protocols.relax.FastRelax: CMD: min  -1244.39  0.185108  0.185108  0.02805
protocols.relax.FastRelax: CMD: coord_cst_weight  -1318.09  0.185108  0.185108  0.02805
protocols.relax.FastRelax: CMD: scale:fa_rep  -882.349  0.185108  0.185108  0.14575
core.pack.task: Packer task: initialize from command line() 
core.pack.pack_rotamers: built 7373 rotamers at 492 positions.
core.pack.interaction_graph.interaction_graph_factory: Instantiating DensePDInteractionGraph
protocols.relax.FastRelax: CMD: repack  -1036.25  0.185108  0.185108  0.14575
protocols.relax.FastRelax: CMD: scale:fa_rep  -1016.29  0.185108  0.185108  0.154
protocols.relax.FastRelax: CMD: min  -1181.26  0.228207  0.228207  0.154
protocols.relax.FastRelax: CMD: coord_cst_weight  -1293.88  0.228207  0.228207  0.154
protocols.relax.FastRelax: CMD: scale:fa_rep  -1120.06  0.228207  0.228207  0.30745
core.pack.task: Packer task: initialize from command line() 
core.pack.pack_rotamers: built 7184 rotamers at 492 positions.
core.pack.interaction_graph.interaction_graph_factory: Instantiating DensePDInteractionGraph
protocols.relax.FastRelax: CMD: repack  -1120.78  0.228207  0.228207  0.30745
protocols.relax.FastRelax: CMD: scale:fa_rep  -1107.17  0.228207  0.228207  0.31955
protocols.relax.FastRelax: CMD: min  -1301.9  4.17198  4.17198  0.31955
protocols.relax.FastRelax: CMD: coord_cst_weight  -1301.9  4.17198  4.17198  0.31955
protocols.relax.FastRelax: CMD: scale:fa_rep  -1095.73  4.17198  4.17198  0.55
core.pack.task: Packer task: initialize from command line() 
core.pack.pack_rotamers: built 6990 rotamers at 492 positions.
core.pack.interaction_graph.interaction_graph_factory: Instantiating DensePDInteractionGraph
protocols.relax.FastRelax: CMD: repack  -1101.76  4.17198  4.17198  0.55
protocols.relax.FastRelax: CMD: min  -1154.88  4.10299  4.10299  0.55
protocols.relax.FastRelax: MRP: 7  -1154.88  -1163.73  3.34945  3.34945  
protocols.relax.FastRelax: CMD: accept_to_best  -1154.88  4.10299  4.10299  0.55
protocols.relax.FastRelax: CMD: endrepeat  -1154.88  4.10299  4.10299  0.55
protocols.relax.FastRelax: CMD: coord_cst_weight  109497  4.10299  4.10299  0.55
protocols.relax.FastRelax: CMD: scale:fa_rep  109171  4.10299  4.10299  0.022
core.pack.task: Packer task: initialize from command line() 
core.pack.pack_rotamers: built 7764 rotamers at 492 positions.
core.pack.interaction_graph.interaction_graph_factory: Instantiating DensePDInteractionGraph
protocols.relax.FastRelax: CMD: repack  109152  4.10299  4.10299  0.022
protocols.relax.FastRelax: CMD: scale:fa_rep  109161  4.10299  4.10299  0.02805
core.optimization.Minimizer: [ WARNING ] LBFGS MAX CYCLES 2000 EXCEEDED, BUT FUNC NOT CONVERGED!
protocols.relax.FastRelax: CMD: min  -1247.25  0.189436  0.189436  0.02805
protocols.relax.FastRelax: CMD: coord_cst_weight  -1325  0.189436  0.189436  0.02805
protocols.relax.FastRelax: CMD: scale:fa_rep  -986.156  0.189436  0.189436  0.14575
core.pack.task: Packer task: initialize from command line() 
core.pack.pack_rotamers: built 7348 rotamers at 492 positions.
core.pack.interaction_graph.interaction_graph_factory: Instantiating DensePDInteractionGraph
protocols.relax.FastRelax: CMD: repack  -1048.1  0.189436  0.189436  0.14575
protocols.relax.FastRelax: CMD: scale:fa_rep  -1029.38  0.189436  0.189436  0.154
protocols.relax.FastRelax: CMD: min  -1185.43  0.230249  0.230249  0.154
protocols.relax.FastRelax: CMD: coord_cst_weight  -1299.62  0.230249  0.230249  0.154
protocols.relax.FastRelax: CMD: scale:fa_rep  -1128  0.230249  0.230249  0.30745
core.pack.task: Packer task: initialize from command line() 
core.pack.pack_rotamers: built 7134 rotamers at 492 positions.
core.pack.interaction_graph.interaction_graph_factory: Instantiating DensePDInteractionGraph
protocols.relax.FastRelax: CMD: repack  -1128.44  0.230249  0.230249  0.30745
protocols.relax.FastRelax: CMD: scale:fa_rep  -1114.95  0.230249  0.230249  0.31955
protocols.relax.FastRelax: CMD: min  -1298.1  3.63977  3.63977  0.31955
protocols.relax.FastRelax: CMD: coord_cst_weight  -1298.1  3.63977  3.63977  0.31955
protocols.relax.FastRelax: CMD: scale:fa_rep  -1091.84  3.63977  3.63977  0.55
core.pack.task: Packer task: initialize from command line() 
core.pack.pack_rotamers: built 7002 rotamers at 492 positions.
core.pack.interaction_graph.interaction_graph_factory: Instantiating DensePDInteractionGraph
protocols.relax.FastRelax: CMD: repack  -1096.41  3.63977  3.63977  0.55
protocols.relax.FastRelax: CMD: min  -1150.88  3.90468  3.90468  0.55
protocols.relax.FastRelax: MRP: 8  -1150.88  -1163.73  3.34945  3.34945  
protocols.relax.FastRelax: CMD: accept_to_best  -1150.88  3.90468  3.90468  0.55
protocols.relax.FastRelax: CMD: endrepeat  -1150.88  3.90468  3.90468  0.55
protocols.relax.FastRelax: CMD: coord_cst_weight  97014.9  3.90468  3.90468  0.55
protocols.relax.FastRelax: CMD: scale:fa_rep  96690.1  3.90468  3.90468  0.022
core.pack.task: Packer task: initialize from command line() 
core.pack.pack_rotamers: built 7798 rotamers at 492 positions.
core.pack.interaction_graph.interaction_graph_factory: Instantiating DensePDInteractionGraph
protocols.relax.FastRelax: CMD: repack  96679  3.90468  3.90468  0.022
protocols.relax.FastRelax: CMD: scale:fa_rep  96687.2  3.90468  3.90468  0.02805
core.optimization.Minimizer: [ WARNING ] LBFGS MAX CYCLES 2000 EXCEEDED, BUT FUNC NOT CONVERGED!
protocols.relax.FastRelax: CMD: min  -1236.09  0.191035  0.191035  0.02805
protocols.relax.FastRelax: CMD: coord_cst_weight  -1315.26  0.191035  0.191035  0.02805
protocols.relax.FastRelax: CMD: scale:fa_rep  -982  0.191035  0.191035  0.14575
core.pack.task: Packer task: initialize from command line() 
core.pack.pack_rotamers: built 7367 rotamers at 492 positions.
core.pack.interaction_graph.interaction_graph_factory: Instantiating DensePDInteractionGraph
protocols.relax.FastRelax: CMD: repack  -1045.42  0.191035  0.191035  0.14575
protocols.relax.FastRelax: CMD: scale:fa_rep  -1026.46  0.191035  0.191035  0.154
protocols.relax.FastRelax: CMD: min  -1182.29  0.232309  0.232309  0.154
protocols.relax.FastRelax: CMD: coord_cst_weight  -1298.16  0.232309  0.232309  0.154
protocols.relax.FastRelax: CMD: scale:fa_rep  -1127.88  0.232309  0.232309  0.30745
core.pack.task: Packer task: initialize from command line() 
core.pack.pack_rotamers: built 7123 rotamers at 492 positions.
core.pack.interaction_graph.interaction_graph_factory: Instantiating DensePDInteractionGraph
protocols.relax.FastRelax: CMD: repack  -1128.33  0.232309  0.232309  0.30745
protocols.relax.FastRelax: CMD: scale:fa_rep  -1114.99  0.232309  0.232309  0.31955
protocols.relax.FastRelax: CMD: min  -1294.83  3.45911  3.45911  0.31955
protocols.relax.FastRelax: CMD: coord_cst_weight  -1294.83  3.45911  3.45911  0.31955
protocols.relax.FastRelax: CMD: scale:fa_rep  -1090.12  3.45911  3.45911  0.55
core.pack.task: Packer task: initialize from command line() 
core.pack.pack_rotamers: built 7042 rotamers at 492 positions.
core.pack.interaction_graph.interaction_graph_factory: Instantiating DensePDInteractionGraph
protocols.relax.FastRelax: CMD: repack  -1093.57  3.45911  3.45911  0.55
protocols.relax.FastRelax: CMD: min  -1149.38  3.82492  3.82492  0.55
protocols.relax.FastRelax: MRP: 9  -1149.38  -1163.73  3.34945  3.34945  
protocols.relax.FastRelax: CMD: accept_to_best  -1149.38  3.82492  3.82492  0.55
protocols.relax.FastRelax: CMD: endrepeat  -1149.38  3.82492  3.82492  0.55
protocols.relax.FastRelax: CMD: coord_cst_weight  95160.2  3.82492  3.82492  0.55
protocols.relax.FastRelax: CMD: scale:fa_rep  94835.2  3.82492  3.82492  0.022
core.pack.task: Packer task: initialize from command line() 
core.pack.pack_rotamers: built 7826 rotamers at 492 positions.
core.pack.interaction_graph.interaction_graph_factory: Instantiating DensePDInteractionGraph
protocols.relax.FastRelax: CMD: repack  94826.4  3.82492  3.82492  0.022
protocols.relax.FastRelax: CMD: scale:fa_rep  94833  3.82492  3.82492  0.02805
core.optimization.Minimizer: [ WARNING ] LBFGS MAX CYCLES 2000 EXCEEDED, BUT FUNC NOT CONVERGED!
protocols.relax.FastRelax: CMD: min  -1234.79  0.190894  0.190894  0.02805
protocols.relax.FastRelax: CMD: coord_cst_weight  -1312.69  0.190894  0.190894  0.02805
protocols.relax.FastRelax: CMD: scale:fa_rep  -971.757  0.190894  0.190894  0.14575
core.pack.task: Packer task: initialize from command line() 
core.pack.pack_rotamers: built 7406 rotamers at 492 positions.
core.pack.interaction_graph.interaction_graph_factory: Instantiating DensePDInteractionGraph
protocols.relax.FastRelax: CMD: repack  -1048.11  0.190894  0.190894  0.14575
protocols.relax.FastRelax: CMD: scale:fa_rep  -1028.95  0.190894  0.190894  0.154
protocols.relax.FastRelax: CMD: min  -1186.73  0.230011  0.230011  0.154
protocols.relax.FastRelax: CMD: coord_cst_weight  -1301.31  0.230011  0.230011  0.154
protocols.relax.FastRelax: CMD: scale:fa_rep  -1123.18  0.230011  0.230011  0.30745
core.pack.task: Packer task: initialize from command line() 
core.pack.pack_rotamers: built 7146 rotamers at 492 positions.
core.pack.interaction_graph.interaction_graph_factory: Instantiating DensePDInteractionGraph
protocols.relax.FastRelax: CMD: repack  -1124.1  0.230011  0.230011  0.30745
protocols.relax.FastRelax: CMD: scale:fa_rep  -1110.39  0.230011  0.230011  0.31955
protocols.relax.FastRelax: CMD: min  -1296.37  4.08049  4.08049  0.31955
protocols.relax.FastRelax: CMD: coord_cst_weight  -1296.37  4.08049  4.08049  0.31955
protocols.relax.FastRelax: CMD: scale:fa_rep  -1093.06  4.08049  4.08049  0.55
core.pack.task: Packer task: initialize from command line() 
core.pack.pack_rotamers: built 6944 rotamers at 492 positions.
core.pack.interaction_graph.interaction_graph_factory: Instantiating DensePDInteractionGraph
protocols.relax.FastRelax: CMD: repack  -1095.86  4.08049  4.08049  0.55
protocols.relax.FastRelax: CMD: min  -1146.3  4.44316  4.44316  0.55
protocols.relax.FastRelax: MRP: 10  -1146.3  -1163.73  3.34945  3.34945  
protocols.relax.FastRelax: CMD: accept_to_best  -1146.3  4.44316  4.44316  0.55
protocols.relax.FastRelax: CMD: endrepeat  -1146.3  4.44316  4.44316  0.55
protocols.relax.FastRelax: CMD: coord_cst_weight  126677  4.44316  4.44316  0.55
protocols.relax.FastRelax: CMD: scale:fa_rep  126352  4.44316  4.44316  0.022
core.pack.task: Packer task: initialize from command line() 
core.pack.pack_rotamers: built 7740 rotamers at 492 positions.
core.pack.interaction_graph.interaction_graph_factory: Instantiating DensePDInteractionGraph
protocols.relax.FastRelax: CMD: repack  126345  4.44316  4.44316  0.022
protocols.relax.FastRelax: CMD: scale:fa_rep  126352  4.44316  4.44316  0.02805
core.optimization.Minimizer: [ WARNING ] LBFGS MAX CYCLES 2000 EXCEEDED, BUT FUNC NOT CONVERGED!
protocols.relax.FastRelax: CMD: min  -1240.97  0.1873  0.1873  0.02805
protocols.relax.FastRelax: CMD: coord_cst_weight  -1317.82  0.1873  0.1873  0.02805
protocols.relax.FastRelax: CMD: scale:fa_rep  -979.91  0.1873  0.1873  0.14575
core.pack.task: Packer task: initialize from command line() 
core.pack.pack_rotamers: built 7396 rotamers at 492 positions.
core.pack.interaction_graph.interaction_graph_factory: Instantiating DensePDInteractionGraph
protocols.relax.FastRelax: CMD: repack  -1043.55  0.1873  0.1873  0.14575
protocols.relax.FastRelax: CMD: scale:fa_rep  -1024.12  0.1873  0.1873  0.154
protocols.relax.FastRelax: CMD: min  -1179.42  0.231956  0.231956  0.154
protocols.relax.FastRelax: CMD: coord_cst_weight  -1295.56  0.231956  0.231956  0.154
protocols.relax.FastRelax: CMD: scale:fa_rep  -1119.51  0.231956  0.231956  0.30745
core.pack.task: Packer task: initialize from command line() 
core.pack.pack_rotamers: built 7142 rotamers at 492 positions.
core.pack.interaction_graph.interaction_graph_factory: Instantiating DensePDInteractionGraph
protocols.relax.FastRelax: CMD: repack  -1122.31  0.231956  0.231956  0.30745
protocols.relax.FastRelax: CMD: scale:fa_rep  -1108.55  0.231956  0.231956  0.31955
protocols.relax.FastRelax: CMD: min  -1294.7  2.86722  2.86722  0.31955
protocols.relax.FastRelax: CMD: coord_cst_weight  -1294.7  2.86722  2.86722  0.31955
protocols.relax.FastRelax: CMD: scale:fa_rep  -1090.61  2.86722  2.86722  0.55
core.pack.task: Packer task: initialize from command line() 
core.pack.pack_rotamers: built 6991 rotamers at 492 positions.
core.pack.interaction_graph.interaction_graph_factory: Instantiating DensePDInteractionGraph
protocols.relax.FastRelax: CMD: repack  -1095.37  2.86722  2.86722  0.55
protocols.relax.FastRelax: CMD: min  -1156.03  3.44762  3.44762  0.55
protocols.relax.FastRelax: MRP: 11  -1156.03  -1163.73  3.34945  3.34945  
protocols.relax.FastRelax: CMD: accept_to_best  -1156.03  3.44762  3.44762  0.55
protocols.relax.FastRelax: CMD: endrepeat  -1156.03  3.44762  3.44762  0.55
protocols.relax.FastRelax: CMD: coord_cst_weight  114924  3.44762  3.44762  0.55
protocols.relax.FastRelax: CMD: scale:fa_rep  114602  3.44762  3.44762  0.022
core.pack.task: Packer task: initialize from command line() 
core.pack.pack_rotamers: built 7781 rotamers at 492 positions.
core.pack.interaction_graph.interaction_graph_factory: Instantiating DensePDInteractionGraph
protocols.relax.FastRelax: CMD: repack  114584  3.44762  3.44762  0.022
protocols.relax.FastRelax: CMD: scale:fa_rep  114591  3.44762  3.44762  0.02805
core.optimization.Minimizer: [ WARNING ] LBFGS MAX CYCLES 2000 EXCEEDED, BUT FUNC NOT CONVERGED!
protocols.relax.FastRelax: CMD: min  -1257.33  0.182515  0.182515  0.02805
protocols.relax.FastRelax: CMD: coord_cst_weight  -1328.44  0.182515  0.182515  0.02805
protocols.relax.FastRelax: CMD: scale:fa_rep  -994.346  0.182515  0.182515  0.14575
core.pack.task: Packer task: initialize from command line() 
core.pack.pack_rotamers: built 7347 rotamers at 492 positions.
core.pack.interaction_graph.interaction_graph_factory: Instantiating DensePDInteractionGraph
protocols.relax.FastRelax: CMD: repack  -1028.99  0.182515  0.182515  0.14575
protocols.relax.FastRelax: CMD: scale:fa_rep  -1008.24  0.182515  0.182515  0.154
protocols.relax.FastRelax: CMD: min  -1174.19  0.23528  0.23528  0.154
protocols.relax.FastRelax: CMD: coord_cst_weight  -1293.56  0.23528  0.23528  0.154
protocols.relax.FastRelax: CMD: scale:fa_rep  -1116.82  0.23528  0.23528  0.30745
core.pack.task: Packer task: initialize from command line() 
core.pack.pack_rotamers: built 7173 rotamers at 492 positions.
core.pack.interaction_graph.interaction_graph_factory: Instantiating DensePDInteractionGraph
protocols.relax.FastRelax: CMD: repack  -1117.19  0.23528  0.23528  0.30745
protocols.relax.FastRelax: CMD: scale:fa_rep  -1103.33  0.23528  0.23528  0.31955
protocols.relax.FastRelax: CMD: min  -1306.73  3.24073  3.24073  0.31955
protocols.relax.FastRelax: CMD: coord_cst_weight  -1306.73  3.24073  3.24073  0.31955
protocols.relax.FastRelax: CMD: scale:fa_rep  -1103.79  3.24073  3.24073  0.55
core.pack.task: Packer task: initialize from command line() 
core.pack.pack_rotamers: built 7002 rotamers at 492 positions.
core.pack.interaction_graph.interaction_graph_factory: Instantiating DensePDInteractionGraph
protocols.relax.FastRelax: CMD: repack  -1109.05  3.24073  3.24073  0.55
protocols.relax.FastRelax: CMD: min  -1162.54  3.70266  3.70266  0.55
protocols.relax.FastRelax: MRP: 12  -1162.54  -1163.73  3.34945  3.34945  
protocols.relax.FastRelax: CMD: accept_to_best  -1162.54  3.70266  3.70266  0.55
protocols.relax.FastRelax: CMD: endrepeat  -1162.54  3.70266  3.70266  0.55
protocols.relax.FastRelax: CMD: coord_cst_weight  102924  3.70266  3.70266  0.55
protocols.relax.FastRelax: CMD: scale:fa_rep  102598  3.70266  3.70266  0.022
core.pack.task: Packer task: initialize from command line() 
core.pack.pack_rotamers: built 7803 rotamers at 492 positions.
core.pack.interaction_graph.interaction_graph_factory: Instantiating DensePDInteractionGraph
protocols.relax.FastRelax: CMD: repack  102579  3.70266  3.70266  0.022
protocols.relax.FastRelax: CMD: scale:fa_rep  102585  3.70266  3.70266  0.02805
core.optimization.Minimizer: [ WARNING ] LBFGS MAX CYCLES 2000 EXCEEDED, BUT FUNC NOT CONVERGED!
protocols.relax.FastRelax: CMD: min  -1258.74  0.18327  0.18327  0.02805
protocols.relax.FastRelax: CMD: coord_cst_weight  -1331.77  0.18327  0.18327  0.02805
protocols.relax.FastRelax: CMD: scale:fa_rep  -998.188  0.18327  0.18327  0.14575
core.pack.task: Packer task: initialize from command line() 
core.pack.pack_rotamers: built 7388 rotamers at 492 positions.
core.pack.interaction_graph.interaction_graph_factory: Instantiating DensePDInteractionGraph
protocols.relax.FastRelax: CMD: repack  -1030.85  0.18327  0.18327  0.14575
protocols.relax.FastRelax: CMD: scale:fa_rep  -1010.36  0.18327  0.18327  0.154
protocols.relax.FastRelax: CMD: min  -1176.09  0.230819  0.230819  0.154
protocols.relax.FastRelax: CMD: coord_cst_weight  -1292.63  0.230819  0.230819  0.154
protocols.relax.FastRelax: CMD: scale:fa_rep  -1117.26  0.230819  0.230819  0.30745
core.pack.task: Packer task: initialize from command line() 
core.pack.pack_rotamers: built 7186 rotamers at 492 positions.
core.pack.interaction_graph.interaction_graph_factory: Instantiating DensePDInteractionGraph
protocols.relax.FastRelax: CMD: repack  -1118.44  0.230819  0.230819  0.30745
protocols.relax.FastRelax: CMD: scale:fa_rep  -1104.75  0.230819  0.230819  0.31955
protocols.relax.FastRelax: CMD: min  -1300.54  3.16346  3.16346  0.31955
protocols.relax.FastRelax: CMD: coord_cst_weight  -1300.54  3.16346  3.16346  0.31955
protocols.relax.FastRelax: CMD: scale:fa_rep  -1095.44  3.16346  3.16346  0.55
core.pack.task: Packer task: initialize from command line() 
core.pack.pack_rotamers: built 7000 rotamers at 492 positions.
core.pack.interaction_graph.interaction_graph_factory: Instantiating DensePDInteractionGraph
protocols.relax.FastRelax: CMD: repack  -1101.49  3.16346  3.16346  0.55
protocols.relax.FastRelax: CMD: min  -1161.22  3.61455  3.61455  0.55
protocols.relax.FastRelax: MRP: 13  -1161.22  -1163.73  3.34945  3.34945  
protocols.relax.FastRelax: CMD: accept_to_best  -1161.22  3.61455  3.61455  0.55
protocols.relax.FastRelax: CMD: endrepeat  -1161.22  3.61455  3.61455  0.55
protocols.relax.FastRelax: CMD: coord_cst_weight  75750.6  3.61455  3.61455  0.55
protocols.relax.FastRelax: CMD: scale:fa_rep  75424.4  3.61455  3.61455  0.022
core.pack.task: Packer task: initialize from command line() 
core.pack.pack_rotamers: built 7845 rotamers at 492 positions.
core.pack.interaction_graph.interaction_graph_factory: Instantiating DensePDInteractionGraph
protocols.relax.FastRelax: CMD: repack  75398.3  3.61455  3.61455  0.022
protocols.relax.FastRelax: CMD: scale:fa_rep  75404.6  3.61455  3.61455  0.02805
core.optimization.Minimizer: [ WARNING ] LBFGS MAX CYCLES 2000 EXCEEDED, BUT FUNC NOT CONVERGED!
protocols.relax.FastRelax: CMD: min  -1250.9  0.186724  0.186724  0.02805
protocols.relax.FastRelax: CMD: coord_cst_weight  -1328.55  0.186724  0.186724  0.02805
protocols.relax.FastRelax: CMD: scale:fa_rep  -982.569  0.186724  0.186724  0.14575
core.pack.task: Packer task: initialize from command line() 
core.pack.pack_rotamers: built 7375 rotamers at 492 positions.
core.pack.interaction_graph.interaction_graph_factory: Instantiating DensePDInteractionGraph
protocols.relax.FastRelax: CMD: repack  -1048.09  0.186724  0.186724  0.14575
protocols.relax.FastRelax: CMD: scale:fa_rep  -1028.66  0.186724  0.186724  0.154
protocols.relax.FastRelax: CMD: min  -1185.05  0.230733  0.230733  0.154
protocols.relax.FastRelax: CMD: coord_cst_weight  -1301.57  0.230733  0.230733  0.154
protocols.relax.FastRelax: CMD: scale:fa_rep  -1129.09  0.230733  0.230733  0.30745
core.pack.task: Packer task: initialize from command line() 
core.pack.pack_rotamers: built 7149 rotamers at 492 positions.
core.pack.interaction_graph.interaction_graph_factory: Instantiating DensePDInteractionGraph
protocols.relax.FastRelax: CMD: repack  -1129.69  0.230733  0.230733  0.30745
protocols.relax.FastRelax: CMD: scale:fa_rep  -1116.23  0.230733  0.230733  0.31955
protocols.relax.FastRelax: CMD: min  -1291.42  2.9132  2.9132  0.31955
protocols.relax.FastRelax: CMD: coord_cst_weight  -1291.42  2.9132  2.9132  0.31955
protocols.relax.FastRelax: CMD: scale:fa_rep  -1086.6  2.9132  2.9132  0.55
core.pack.task: Packer task: initialize from command line() 
core.pack.pack_rotamers: built 6975 rotamers at 492 positions.
core.pack.interaction_graph.interaction_graph_factory: Instantiating DensePDInteractionGraph
protocols.relax.FastRelax: CMD: repack  -1089.46  2.9132  2.9132  0.55
protocols.relax.FastRelax: CMD: min  -1146.22  3.25896  3.25896  0.55
protocols.relax.FastRelax: MRP: 14  -1146.22  -1163.73  3.34945  3.34945  
protocols.relax.FastRelax: CMD: accept_to_best  -1146.22  3.25896  3.25896  0.55
protocols.relax.FastRelax: CMD: endrepeat  -1146.22  3.25896  3.25896  0.55
protocols::checkpoint: Deleting checkpoints of FastRelax
protocols.jd2.JobDistributor: target.BL00010001_7_0006 reported success in 13908 seconds
protocols.jd2.JobDistributor: no more batches to process... 
protocols.jd2.JobDistributor: 6 jobs considered, 6 jobs attempted in 83537 seconds
basic.citation_manager.CitationManager: 
The following Rosetta modules were used during this run of Rosetta, and should be cited:

FastRelax Mover's citation(s):
*Tyka MD, *Keedy DA, André I, Dimaio F, Song Y, Richardson DC, Richardson JS, and Baker D.  (2011).  Alternate states of proteins revealed by detailed energy landscape mapping.  J Mol Biol 405(2):607-18.  doi: 10.1016/j.jmb.2010.11.008.  (*Co-primary authors.)

Khatib F, Cooper S, Tyka MD, Xu K, Makedon I, Popovic Z, Baker D, and Players F.  (2011).  Algorithm discovery by protein folding game players.  Proc Natl Acad Sci USA 108(47):18949-53.  doi: 10.1073/pnas.1115898108.

Maguire JB, Haddox HK, Strickland D, Halabiya SF, Coventry B, Griffin JR, Pulavarti SVSRK, Cummins M, Thieker DF, Klavins E, Szyperski T, DiMaio F, Baker D, and Kuhlman B.  (2021).  Perturbing the energy landscape for improved packing during computational protein design.  Proteins 89(4):436-449.  doi: 10.1002/prot.26030.


