********  (C) Copyright Rosetta Commons Member Institutions.  ***************
* Use of Rosetta for commercial purposes may require purchase of a license. *
********  See LICENSE.md or email license@uw.edu for more details. **********
core.init: Checking for fconfig files in pwd and ./rosetta/flags 
core.init: Rosetta version: rosetta.binary.ubuntu.release-408 r408 2025.37+release.df75a9c48e df75a9c48e763e52a7aa3f5dfba077f4da88dbf5 https://www.rosettacommons.org 2025-09-10T02:14:08.564791
core.init: Rosetta extras: []
core.init: command: /home/gbiuser/Downloads/rosetta.binary.ubuntu.release-408/main/source/bin/relax.default.linuxgccrelease -s ../1-modeller/target.BL00010001.pdb -relax:thorough -relax:constrain_relax_to_start_coords -constraints:cst_file cst.cst -nstruct 6 -out:suffix _8 -out:file:silent relax_8.silent -out:file:silent_struct_type binary
basic.random.init_random_generator: 'RNG device' seed mode, using '/dev/urandom', seed=-629195660 seed_offset=0 real_seed=-629195660
basic.random.init_random_generator: RandomGenerator:init: Normal mode, seed=-629195660 RG_type=mt19937
core.init: Resolved executable path: /home/gbiuser/Downloads/rosetta.binary.ubuntu.release-408/main/source/build/src/release/linux/6.8/64/x86/gcc/11/default/relax.default.linuxgccrelease
core.init: Looking for database based on location of executable: /home/gbiuser/Downloads/rosetta.binary.ubuntu.release-408/main/database/
core.scoring.ScoreFunctionFactory: SCOREFUNCTION: ref2015
core.scoring.etable: Starting energy table calculation
core.scoring.etable: smooth_etable: changing atr/rep split to bottom of energy well
core.scoring.etable: smooth_etable: spline smoothing lj etables (maxdis = 6)
core.scoring.etable: smooth_etable: spline smoothing solvation etables (max_dis = 6)
core.scoring.etable: Finished calculating energy tables.
basic.io.database: Database file opened: scoring/score_functions/hbonds/ref2015_params/HBPoly1D.csv
basic.io.database: Database file opened: scoring/score_functions/hbonds/ref2015_params/HBFadeIntervals.csv
basic.io.database: Database file opened: scoring/score_functions/hbonds/ref2015_params/HBEval.csv
basic.io.database: Database file opened: scoring/score_functions/hbonds/ref2015_params/DonStrength.csv
basic.io.database: Database file opened: scoring/score_functions/hbonds/ref2015_params/AccStrength.csv
core.chemical.GlobalResidueTypeSet: Finished initializing fa_standard residue type set.  Created 985 residue types
core.chemical.GlobalResidueTypeSet: Total time to initialize 1.28254 seconds.
basic.io.database: Database file opened: scoring/score_functions/rama/fd/all.ramaProb
basic.io.database: Database file opened: scoring/score_functions/rama/fd/prepro.ramaProb
basic.io.database: Database file opened: scoring/score_functions/omega/omega_ppdep.all.txt
basic.io.database: Database file opened: scoring/score_functions/omega/omega_ppdep.gly.txt
basic.io.database: Database file opened: scoring/score_functions/omega/omega_ppdep.pro.txt
basic.io.database: Database file opened: scoring/score_functions/omega/omega_ppdep.valile.txt
basic.io.database: Database file opened: scoring/score_functions/P_AA_pp/P_AA
basic.io.database: Database file opened: scoring/score_functions/P_AA_pp/P_AA_n
core.scoring.P_AA: shapovalov_lib::shap_p_aa_pp_smooth_level of 1( aka low_smooth ) got activated.
basic.io.database: Database file opened: scoring/score_functions/P_AA_pp/shapovalov/10deg/kappa131/a20.prop
protocols.relax.RelaxScriptManager: Reading relax scripts list from database.
protocols.relax.RelaxScriptManager: Looking for MonomerRelax2019.txt
protocols.relax.RelaxScriptManager: ================== Reading script file: /home/gbiuser/Downloads/rosetta.binary.ubuntu.release-408/main/database/sampling/relax_scripts/MonomerRelax2019.txt ==================
protocols.relax.RelaxScriptManager: repeat %%nrepeats%%
protocols.relax.RelaxScriptManager: coord_cst_weight 1.0
protocols.relax.RelaxScriptManager: scale:fa_rep 0.040
protocols.relax.RelaxScriptManager: repack
protocols.relax.RelaxScriptManager: scale:fa_rep 0.051
protocols.relax.RelaxScriptManager: min 0.01
protocols.relax.RelaxScriptManager: coord_cst_weight 0.5
protocols.relax.RelaxScriptManager: scale:fa_rep 0.265
protocols.relax.RelaxScriptManager: repack
protocols.relax.RelaxScriptManager: scale:fa_rep 0.280
protocols.relax.RelaxScriptManager: min 0.01
protocols.relax.RelaxScriptManager: coord_cst_weight 0.0
protocols.relax.RelaxScriptManager: scale:fa_rep 0.559
protocols.relax.RelaxScriptManager: repack
protocols.relax.RelaxScriptManager: scale:fa_rep 0.581
protocols.relax.RelaxScriptManager: min 0.01
protocols.relax.RelaxScriptManager: coord_cst_weight 0.0
protocols.relax.RelaxScriptManager: scale:fa_rep 1
protocols.relax.RelaxScriptManager: repack
protocols.relax.RelaxScriptManager: min 0.00001
protocols.relax.RelaxScriptManager: accept_to_best
protocols.relax.RelaxScriptManager: endrepeat
core.scoring.constraints.util: Constraint choice: cst.cst
protocols.jd2.PDBJobInputter: Instantiate PDBJobInputter
protocols.jd2.PDBJobInputter: PDBJobInputter::fill_jobs
protocols.jd2.PDBJobInputter: pushed ../1-modeller/target.BL00010001.pdb nstruct indices 1 - 6
protocols.evaluation.ChiWellRmsdEvaluatorCreator: Evaluation Creator active ... 
protocols.jd2.PDBJobInputter: PDBJobInputter::pose_from_job
protocols.jd2.PDBJobInputter: filling pose from PDB ../1-modeller/target.BL00010001.pdb
core.import_pose.import_pose: File '../1-modeller/target.BL00010001.pdb' automatically determined to be of type PDB from contents.
core.io.rcsb.ExperimentalTechnique: [ ERROR ] Unrecognized experimental technique string 'THEORETICAL MODEL, MODELLER 10.8 2026/08/10 16:18:02'
core.scoring.constraints.ConstraintsIO: read constraints from cst.cst
core.scoring.constraints.ConstraintsIO: Read in 14 constraints
basic.io.database: Database file opened: scoring/score_functions/elec_cp_reps.dat
core.scoring.elec.util: Read 40 countpair representative atoms
core.pack.dunbrack.RotamerLibrary: shapovalov_lib_fixes_enable option is true.
core.pack.dunbrack.RotamerLibrary: shapovalov_lib::shap_dun10_smooth_level of 1( aka lowest_smooth ) got activated.
core.pack.dunbrack.RotamerLibrary: Binary rotamer library selected: /home/gbiuser/Downloads/rosetta.binary.ubuntu.release-408/main/database/rotamer/shapovalov/StpDwn_0-0-0/Dunbrack10.lib.bin
core.pack.dunbrack.RotamerLibrary: Using Dunbrack library binary file '/home/gbiuser/Downloads/rosetta.binary.ubuntu.release-408/main/database/rotamer/shapovalov/StpDwn_0-0-0/Dunbrack10.lib.bin'.
core.pack.dunbrack.RotamerLibrary: Dunbrack 2010 library took 0.363915 seconds to load from binary
protocols.relax.FastRelax: CMD: repeat  4476.34  0  0  0.55
protocols.relax.FastRelax: CMD: coord_cst_weight  4476.34  0  0  0.55
protocols.relax.FastRelax: CMD: scale:fa_rep  806.987  0  0  0.022
core.pack.task: Packer task: initialize from command line() 
core.pack.pack_rotamers: built 8129 rotamers at 492 positions.
core.pack.interaction_graph.interaction_graph_factory: Instantiating DensePDInteractionGraph
protocols.relax.FastRelax: CMD: repack  -875.988  0  0  0.022
protocols.relax.FastRelax: CMD: scale:fa_rep  -837.73  0  0  0.02805
core.optimization.Minimizer: [ WARNING ] LBFGS MAX CYCLES 2000 EXCEEDED, BUT FUNC NOT CONVERGED!
protocols.relax.FastRelax: CMD: min  -1290.5  0.148442  0.148442  0.02805
protocols.relax.FastRelax: CMD: coord_cst_weight  -1337.17  0.148442  0.148442  0.02805
protocols.relax.FastRelax: CMD: scale:fa_rep  -950.714  0.148442  0.148442  0.14575
core.pack.task: Packer task: initialize from command line() 
core.pack.pack_rotamers: built 7442 rotamers at 492 positions.
core.pack.interaction_graph.interaction_graph_factory: Instantiating DensePDInteractionGraph
protocols.relax.FastRelax: CMD: repack  -993.93  0.148442  0.148442  0.14575
protocols.relax.FastRelax: CMD: scale:fa_rep  -972.224  0.148442  0.148442  0.154
core.optimization.Minimizer: [ WARNING ] LBFGS MAX CYCLES 2000 EXCEEDED, BUT FUNC NOT CONVERGED!
protocols.relax.FastRelax: CMD: min  -1162.81  0.20492  0.20492  0.154
protocols.relax.FastRelax: CMD: coord_cst_weight  -1253.06  0.20492  0.20492  0.154
protocols.relax.FastRelax: CMD: scale:fa_rep  -1064.79  0.20492  0.20492  0.30745
core.pack.task: Packer task: initialize from command line() 
core.pack.pack_rotamers: built 7202 rotamers at 492 positions.
core.pack.interaction_graph.interaction_graph_factory: Instantiating DensePDInteractionGraph
protocols.relax.FastRelax: CMD: repack  -1066.06  0.20492  0.20492  0.30745
protocols.relax.FastRelax: CMD: scale:fa_rep  -1051.31  0.20492  0.20492  0.31955
protocols.relax.FastRelax: CMD: min  -1251.16  3.07057  3.07057  0.31955
protocols.relax.FastRelax: CMD: coord_cst_weight  -1251.16  3.07057  3.07057  0.31955
protocols.relax.FastRelax: CMD: scale:fa_rep  -1042  3.07057  3.07057  0.55
core.pack.task: Packer task: initialize from command line() 
core.pack.pack_rotamers: built 7075 rotamers at 492 positions.
core.pack.interaction_graph.interaction_graph_factory: Instantiating DensePDInteractionGraph
protocols.relax.FastRelax: CMD: repack  -1051.18  3.07057  3.07057  0.55
protocols.relax.FastRelax: CMD: min  -1115.35  3.15034  3.15034  0.55
protocols.relax.FastRelax: MRP: 0  -1115.35  -1115.35  3.15034  3.15034  
protocols.relax.FastRelax: CMD: accept_to_best  -1115.35  3.15034  3.15034  0.55
protocols.relax.FastRelax: CMD: endrepeat  -1115.35  3.15034  3.15034  0.55
protocols.relax.FastRelax: CMD: coord_cst_weight  99882.4  3.15034  3.15034  0.55
protocols.relax.FastRelax: CMD: scale:fa_rep  99548.5  3.15034  3.15034  0.022
core.pack.task: Packer task: initialize from command line() 
core.pack.pack_rotamers: built 7878 rotamers at 492 positions.
core.pack.interaction_graph.interaction_graph_factory: Instantiating DensePDInteractionGraph
protocols.relax.FastRelax: CMD: repack  99536.4  3.15034  3.15034  0.022
protocols.relax.FastRelax: CMD: scale:fa_rep  99546.8  3.15034  3.15034  0.02805
core.optimization.Minimizer: [ WARNING ] LBFGS MAX CYCLES 2000 EXCEEDED, BUT FUNC NOT CONVERGED!
protocols.relax.FastRelax: CMD: min  -1252.77  0.178719  0.178719  0.02805
protocols.relax.FastRelax: CMD: coord_cst_weight  -1320.51  0.178719  0.178719  0.02805
protocols.relax.FastRelax: CMD: scale:fa_rep  -972.636  0.178719  0.178719  0.14575
core.pack.task: Packer task: initialize from command line() 
core.pack.pack_rotamers: built 7413 rotamers at 492 positions.
core.pack.interaction_graph.interaction_graph_factory: Instantiating DensePDInteractionGraph
protocols.relax.FastRelax: CMD: repack  -1026.85  0.178719  0.178719  0.14575
protocols.relax.FastRelax: CMD: scale:fa_rep  -1006.27  0.178719  0.178719  0.154
protocols.relax.FastRelax: CMD: min  -1184.56  0.21907  0.21907  0.154
protocols.relax.FastRelax: CMD: coord_cst_weight  -1288.37  0.21907  0.21907  0.154
protocols.relax.FastRelax: CMD: scale:fa_rep  -1103.81  0.21907  0.21907  0.30745
core.pack.task: Packer task: initialize from command line() 
core.pack.pack_rotamers: built 7157 rotamers at 492 positions.
core.pack.interaction_graph.interaction_graph_factory: Instantiating DensePDInteractionGraph
protocols.relax.FastRelax: CMD: repack  -1103.55  0.21907  0.21907  0.30745
protocols.relax.FastRelax: CMD: scale:fa_rep  -1089.31  0.21907  0.21907  0.31955
protocols.relax.FastRelax: CMD: min  -1281.38  3.07761  3.07761  0.31955
protocols.relax.FastRelax: CMD: coord_cst_weight  -1281.38  3.07761  3.07761  0.31955
protocols.relax.FastRelax: CMD: scale:fa_rep  -1072.33  3.07761  3.07761  0.55
core.pack.task: Packer task: initialize from command line() 
core.pack.pack_rotamers: built 6978 rotamers at 492 positions.
core.pack.interaction_graph.interaction_graph_factory: Instantiating DensePDInteractionGraph
protocols.relax.FastRelax: CMD: repack  -1078.8  3.07761  3.07761  0.55
protocols.relax.FastRelax: CMD: min  -1135.21  3.05593  3.05593  0.55
protocols.relax.FastRelax: MRP: 1  -1135.21  -1135.21  3.05593  3.05593  
protocols.relax.FastRelax: CMD: accept_to_best  -1135.21  3.05593  3.05593  0.55
protocols.relax.FastRelax: CMD: endrepeat  -1135.21  3.05593  3.05593  0.55
protocols.relax.FastRelax: CMD: coord_cst_weight  51825.4  3.05593  3.05593  0.55
protocols.relax.FastRelax: CMD: scale:fa_rep  51493.9  3.05593  3.05593  0.022
core.pack.task: Packer task: initialize from command line() 
core.pack.pack_rotamers: built 7744 rotamers at 492 positions.
core.pack.interaction_graph.interaction_graph_factory: Instantiating DensePDInteractionGraph
protocols.relax.FastRelax: CMD: repack  51471.1  3.05593  3.05593  0.022
protocols.relax.FastRelax: CMD: scale:fa_rep  51479.6  3.05593  3.05593  0.02805
core.optimization.Minimizer: [ WARNING ] LBFGS MAX CYCLES 2000 EXCEEDED, BUT FUNC NOT CONVERGED!
protocols.relax.FastRelax: CMD: min  -1286.9  0.178072  0.178072  0.02805
protocols.relax.FastRelax: CMD: coord_cst_weight  -1355.41  0.178072  0.178072  0.02805
protocols.relax.FastRelax: CMD: scale:fa_rep  -1038.7  0.178072  0.178072  0.14575
core.pack.task: Packer task: initialize from command line() 
core.pack.pack_rotamers: built 7334 rotamers at 492 positions.
core.pack.interaction_graph.interaction_graph_factory: Instantiating DensePDInteractionGraph
protocols.relax.FastRelax: CMD: repack  -1050.22  0.178072  0.178072  0.14575
protocols.relax.FastRelax: CMD: scale:fa_rep  -1030.1  0.178072  0.178072  0.154
protocols.relax.FastRelax: CMD: min  -1186.14  0.22239  0.22239  0.154
protocols.relax.FastRelax: CMD: coord_cst_weight  -1294.06  0.22239  0.22239  0.154
protocols.relax.FastRelax: CMD: scale:fa_rep  -1112.76  0.22239  0.22239  0.30745
core.pack.task: Packer task: initialize from command line() 
core.pack.pack_rotamers: built 7217 rotamers at 492 positions.
core.pack.interaction_graph.interaction_graph_factory: Instantiating DensePDInteractionGraph
protocols.relax.FastRelax: CMD: repack  -1115.18  0.22239  0.22239  0.30745
protocols.relax.FastRelax: CMD: scale:fa_rep  -1101.24  0.22239  0.22239  0.31955
protocols.relax.FastRelax: CMD: min  -1309.77  2.90875  2.90875  0.31955
protocols.relax.FastRelax: CMD: coord_cst_weight  -1309.77  2.90875  2.90875  0.31955
protocols.relax.FastRelax: CMD: scale:fa_rep  -1105.72  2.90875  2.90875  0.55
core.pack.task: Packer task: initialize from command line() 
core.pack.pack_rotamers: built 7044 rotamers at 492 positions.
core.pack.interaction_graph.interaction_graph_factory: Instantiating DensePDInteractionGraph
protocols.relax.FastRelax: CMD: repack  -1108.29  2.90875  2.90875  0.55
protocols.relax.FastRelax: CMD: min  -1155.39  3.32246  3.32246  0.55
protocols.relax.FastRelax: MRP: 2  -1155.39  -1155.39  3.32246  3.32246  
protocols.relax.FastRelax: CMD: accept_to_best  -1155.39  3.32246  3.32246  0.55
protocols.relax.FastRelax: CMD: endrepeat  -1155.39  3.32246  3.32246  0.55
protocols.relax.FastRelax: CMD: coord_cst_weight  76590.9  3.32246  3.32246  0.55
protocols.relax.FastRelax: CMD: scale:fa_rep  76259.5  3.32246  3.32246  0.022
core.pack.task: Packer task: initialize from command line() 
core.pack.pack_rotamers: built 7751 rotamers at 492 positions.
core.pack.interaction_graph.interaction_graph_factory: Instantiating DensePDInteractionGraph
protocols.relax.FastRelax: CMD: repack  76253.8  3.32246  3.32246  0.022
protocols.relax.FastRelax: CMD: scale:fa_rep  76262  3.32246  3.32246  0.02805
core.optimization.Minimizer: [ WARNING ] LBFGS MAX CYCLES 2000 EXCEEDED, BUT FUNC NOT CONVERGED!
protocols.relax.FastRelax: CMD: min  -1244.41  0.187896  0.187896  0.02805
protocols.relax.FastRelax: CMD: coord_cst_weight  -1320.15  0.187896  0.187896  0.02805
protocols.relax.FastRelax: CMD: scale:fa_rep  -1010.91  0.187896  0.187896  0.14575
core.pack.task: Packer task: initialize from command line() 
core.pack.pack_rotamers: built 7438 rotamers at 492 positions.
core.pack.interaction_graph.interaction_graph_factory: Instantiating DensePDInteractionGraph
protocols.relax.FastRelax: CMD: repack  -1041.05  0.187896  0.187896  0.14575
protocols.relax.FastRelax: CMD: scale:fa_rep  -1021.69  0.187896  0.187896  0.154
protocols.relax.FastRelax: CMD: min  -1175.3  0.226449  0.226449  0.154
protocols.relax.FastRelax: CMD: coord_cst_weight  -1287.75  0.226449  0.226449  0.154
protocols.relax.FastRelax: CMD: scale:fa_rep  -1106.18  0.226449  0.226449  0.30745
core.pack.task: Packer task: initialize from command line() 
core.pack.pack_rotamers: built 7234 rotamers at 492 positions.
core.pack.interaction_graph.interaction_graph_factory: Instantiating DensePDInteractionGraph
protocols.relax.FastRelax: CMD: repack  -1106.96  0.226449  0.226449  0.30745
protocols.relax.FastRelax: CMD: scale:fa_rep  -1092.77  0.226449  0.226449  0.31955
protocols.relax.FastRelax: CMD: min  -1292.81  3.33825  3.33825  0.31955
protocols.relax.FastRelax: CMD: coord_cst_weight  -1292.81  3.33825  3.33825  0.31955
protocols.relax.FastRelax: CMD: scale:fa_rep  -1086.84  3.33825  3.33825  0.55
core.pack.task: Packer task: initialize from command line() 
core.pack.pack_rotamers: built 7059 rotamers at 492 positions.
core.pack.interaction_graph.interaction_graph_factory: Instantiating DensePDInteractionGraph
protocols.relax.FastRelax: CMD: repack  -1089.64  3.33825  3.33825  0.55
protocols.relax.FastRelax: CMD: min  -1140.29  3.54555  3.54555  0.55
protocols.relax.FastRelax: MRP: 3  -1140.29  -1155.39  3.32246  3.32246  
protocols.relax.FastRelax: CMD: accept_to_best  -1140.29  3.54555  3.54555  0.55
protocols.relax.FastRelax: CMD: endrepeat  -1140.29  3.54555  3.54555  0.55
protocols.relax.FastRelax: CMD: coord_cst_weight  90769.4  3.54555  3.54555  0.55
protocols.relax.FastRelax: CMD: scale:fa_rep  90440.6  3.54555  3.54555  0.022
core.pack.task: Packer task: initialize from command line() 
core.pack.pack_rotamers: built 7891 rotamers at 492 positions.
core.pack.interaction_graph.interaction_graph_factory: Instantiating DensePDInteractionGraph
protocols.relax.FastRelax: CMD: repack  90418.2  3.54555  3.54555  0.022
protocols.relax.FastRelax: CMD: scale:fa_rep  90426.2  3.54555  3.54555  0.02805
core.optimization.Minimizer: [ WARNING ] LBFGS MAX CYCLES 2000 EXCEEDED, BUT FUNC NOT CONVERGED!
protocols.relax.FastRelax: CMD: min  -1259.9  0.183892  0.183892  0.02805
protocols.relax.FastRelax: CMD: coord_cst_weight  -1333.81  0.183892  0.183892  0.02805
protocols.relax.FastRelax: CMD: scale:fa_rep  -1017.74  0.183892  0.183892  0.14575
core.pack.task: Packer task: initialize from command line() 
core.pack.pack_rotamers: built 7394 rotamers at 492 positions.
core.pack.interaction_graph.interaction_graph_factory: Instantiating DensePDInteractionGraph
protocols.relax.FastRelax: CMD: repack  -1045.82  0.183892  0.183892  0.14575
protocols.relax.FastRelax: CMD: scale:fa_rep  -1026.72  0.183892  0.183892  0.154
protocols.relax.FastRelax: CMD: min  -1177.42  0.227699  0.227699  0.154
protocols.relax.FastRelax: CMD: coord_cst_weight  -1291.89  0.227699  0.227699  0.154
protocols.relax.FastRelax: CMD: scale:fa_rep  -1111.28  0.227699  0.227699  0.30745
core.pack.task: Packer task: initialize from command line() 
core.pack.pack_rotamers: built 7193 rotamers at 492 positions.
core.pack.interaction_graph.interaction_graph_factory: Instantiating DensePDInteractionGraph
protocols.relax.FastRelax: CMD: repack  -1112.13  0.227699  0.227699  0.30745
protocols.relax.FastRelax: CMD: scale:fa_rep  -1097.95  0.227699  0.227699  0.31955
protocols.relax.FastRelax: CMD: min  -1297.93  3.48258  3.48258  0.31955
protocols.relax.FastRelax: CMD: coord_cst_weight  -1297.93  3.48258  3.48258  0.31955
protocols.relax.FastRelax: CMD: scale:fa_rep  -1093.69  3.48258  3.48258  0.55
core.pack.task: Packer task: initialize from command line() 
core.pack.pack_rotamers: built 6988 rotamers at 492 positions.
core.pack.interaction_graph.interaction_graph_factory: Instantiating DensePDInteractionGraph
protocols.relax.FastRelax: CMD: repack  -1096.79  3.48258  3.48258  0.55
protocols.relax.FastRelax: CMD: min  -1152.27  3.65066  3.65066  0.55
protocols.relax.FastRelax: MRP: 4  -1152.27  -1155.39  3.32246  3.32246  
protocols.relax.FastRelax: CMD: accept_to_best  -1152.27  3.65066  3.65066  0.55
protocols.relax.FastRelax: CMD: endrepeat  -1152.27  3.65066  3.65066  0.55
protocols.relax.FastRelax: CMD: coord_cst_weight  101637  3.65066  3.65066  0.55
protocols.relax.FastRelax: CMD: scale:fa_rep  101309  3.65066  3.65066  0.022
core.pack.task: Packer task: initialize from command line() 
core.pack.pack_rotamers: built 7837 rotamers at 492 positions.
core.pack.interaction_graph.interaction_graph_factory: Instantiating DensePDInteractionGraph
protocols.relax.FastRelax: CMD: repack  101287  3.65066  3.65066  0.022
protocols.relax.FastRelax: CMD: scale:fa_rep  101294  3.65066  3.65066  0.02805
core.optimization.Minimizer: [ WARNING ] LBFGS MAX CYCLES 2000 EXCEEDED, BUT FUNC NOT CONVERGED!
protocols.relax.FastRelax: CMD: min  -1248.97  0.190897  0.190897  0.02805
protocols.relax.FastRelax: CMD: coord_cst_weight  -1327.34  0.190897  0.190897  0.02805
protocols.relax.FastRelax: CMD: scale:fa_rep  -988.788  0.190897  0.190897  0.14575
core.pack.task: Packer task: initialize from command line() 
core.pack.pack_rotamers: built 7421 rotamers at 492 positions.
core.pack.interaction_graph.interaction_graph_factory: Instantiating DensePDInteractionGraph
protocols.relax.FastRelax: CMD: repack  -1018.78  0.190897  0.190897  0.14575
protocols.relax.FastRelax: CMD: scale:fa_rep  -997.687  0.190897  0.190897  0.154
protocols.relax.FastRelax: CMD: min  -1171.02  0.235125  0.235125  0.154
protocols.relax.FastRelax: CMD: coord_cst_weight  -1292.5  0.235125  0.235125  0.154
protocols.relax.FastRelax: CMD: scale:fa_rep  -1112.75  0.235125  0.235125  0.30745
core.pack.task: Packer task: initialize from command line() 
core.pack.pack_rotamers: built 7258 rotamers at 492 positions.
core.pack.interaction_graph.interaction_graph_factory: Instantiating DensePDInteractionGraph
protocols.relax.FastRelax: CMD: repack  -1113.67  0.235125  0.235125  0.30745
protocols.relax.FastRelax: CMD: scale:fa_rep  -1099.66  0.235125  0.235125  0.31955
protocols.relax.FastRelax: CMD: min  -1283.3  3.08459  3.08459  0.31955
protocols.relax.FastRelax: CMD: coord_cst_weight  -1283.3  3.08459  3.08459  0.31955
protocols.relax.FastRelax: CMD: scale:fa_rep  -1056.26  3.08459  3.08459  0.55
core.pack.task: Packer task: initialize from command line() 
core.pack.pack_rotamers: built 7010 rotamers at 492 positions.
core.pack.interaction_graph.interaction_graph_factory: Instantiating DensePDInteractionGraph
protocols.relax.FastRelax: CMD: repack  -1118.56  3.08459  3.08459  0.55
protocols.relax.FastRelax: CMD: min  -1170.24  3.31735  3.31735  0.55
protocols.relax.FastRelax: MRP: 5  -1170.24  -1170.24  3.31735  3.31735  
protocols.relax.FastRelax: CMD: accept_to_best  -1170.24  3.31735  3.31735  0.55
protocols.relax.FastRelax: CMD: endrepeat  -1170.24  3.31735  3.31735  0.55
protocols.relax.FastRelax: CMD: coord_cst_weight  71600.1  3.31735  3.31735  0.55
protocols.relax.FastRelax: CMD: scale:fa_rep  71273.7  3.31735  3.31735  0.022
core.pack.task: Packer task: initialize from command line() 
core.pack.pack_rotamers: built 7782 rotamers at 492 positions.
core.pack.interaction_graph.interaction_graph_factory: Instantiating DensePDInteractionGraph
protocols.relax.FastRelax: CMD: repack  71251.3  3.31735  3.31735  0.022
protocols.relax.FastRelax: CMD: scale:fa_rep  71258  3.31735  3.31735  0.02805
core.optimization.Minimizer: [ WARNING ] LBFGS MAX CYCLES 2000 EXCEEDED, BUT FUNC NOT CONVERGED!
protocols.relax.FastRelax: CMD: min  -1227.99  0.184518  0.184518  0.02805
protocols.relax.FastRelax: CMD: coord_cst_weight  -1304.12  0.184518  0.184518  0.02805
protocols.relax.FastRelax: CMD: scale:fa_rep  -872.632  0.184518  0.184518  0.14575
core.pack.task: Packer task: initialize from command line() 
core.pack.pack_rotamers: built 7391 rotamers at 492 positions.
core.pack.interaction_graph.interaction_graph_factory: Instantiating DensePDInteractionGraph
protocols.relax.FastRelax: CMD: repack  -1053.87  0.184518  0.184518  0.14575
protocols.relax.FastRelax: CMD: scale:fa_rep  -1034.8  0.184518  0.184518  0.154
protocols.relax.FastRelax: CMD: min  -1180.51  0.228403  0.228403  0.154
protocols.relax.FastRelax: CMD: coord_cst_weight  -1297.38  0.228403  0.228403  0.154
protocols.relax.FastRelax: CMD: scale:fa_rep  -1117.98  0.228403  0.228403  0.30745
core.pack.task: Packer task: initialize from command line() 
core.pack.pack_rotamers: built 7193 rotamers at 492 positions.
core.pack.interaction_graph.interaction_graph_factory: Instantiating DensePDInteractionGraph
protocols.relax.FastRelax: CMD: repack  -1118.94  0.228403  0.228403  0.30745
protocols.relax.FastRelax: CMD: scale:fa_rep  -1104.94  0.228403  0.228403  0.31955
protocols.relax.FastRelax: CMD: min  -1308.73  3.54751  3.54751  0.31955
protocols.relax.FastRelax: CMD: coord_cst_weight  -1308.73  3.54751  3.54751  0.31955
protocols.relax.FastRelax: CMD: scale:fa_rep  -1104.35  3.54751  3.54751  0.55
core.pack.task: Packer task: initialize from command line() 
core.pack.pack_rotamers: built 7007 rotamers at 492 positions.
core.pack.interaction_graph.interaction_graph_factory: Instantiating DensePDInteractionGraph
protocols.relax.FastRelax: CMD: repack  -1108.48  3.54751  3.54751  0.55
protocols.relax.FastRelax: CMD: min  -1161.38  3.536  3.536  0.55
protocols.relax.FastRelax: MRP: 6  -1161.38  -1170.24  3.31735  3.31735  
protocols.relax.FastRelax: CMD: accept_to_best  -1161.38  3.536  3.536  0.55
protocols.relax.FastRelax: CMD: endrepeat  -1161.38  3.536  3.536  0.55
protocols.relax.FastRelax: CMD: coord_cst_weight  79706.1  3.536  3.536  0.55
protocols.relax.FastRelax: CMD: scale:fa_rep  79379.4  3.536  3.536  0.022
core.pack.task: Packer task: initialize from command line() 
core.pack.pack_rotamers: built 7771 rotamers at 492 positions.
core.pack.interaction_graph.interaction_graph_factory: Instantiating DensePDInteractionGraph
protocols.relax.FastRelax: CMD: repack  79348.3  3.536  3.536  0.022
protocols.relax.FastRelax: CMD: scale:fa_rep  79354.5  3.536  3.536  0.02805
core.optimization.Minimizer: [ WARNING ] LBFGS MAX CYCLES 2000 EXCEEDED, BUT FUNC NOT CONVERGED!
protocols.relax.FastRelax: CMD: min  -1215.52  0.195883  0.195883  0.02805
protocols.relax.FastRelax: CMD: coord_cst_weight  -1298.66  0.195883  0.195883  0.02805
protocols.relax.FastRelax: CMD: scale:fa_rep  -881.854  0.195883  0.195883  0.14575
core.pack.task: Packer task: initialize from command line() 
core.pack.pack_rotamers: built 7301 rotamers at 492 positions.
core.pack.interaction_graph.interaction_graph_factory: Instantiating DensePDInteractionGraph
protocols.relax.FastRelax: CMD: repack  -1059.09  0.195883  0.195883  0.14575
protocols.relax.FastRelax: CMD: scale:fa_rep  -1040.52  0.195883  0.195883  0.154
protocols.relax.FastRelax: CMD: min  -1182.8  0.232911  0.232911  0.154
protocols.relax.FastRelax: CMD: coord_cst_weight  -1302.62  0.232911  0.232911  0.154
protocols.relax.FastRelax: CMD: scale:fa_rep  -1127.03  0.232911  0.232911  0.30745
core.pack.task: Packer task: initialize from command line() 
core.pack.pack_rotamers: built 7124 rotamers at 492 positions.
core.pack.interaction_graph.interaction_graph_factory: Instantiating DensePDInteractionGraph
protocols.relax.FastRelax: CMD: repack  -1125.53  0.232911  0.232911  0.30745
protocols.relax.FastRelax: CMD: scale:fa_rep  -1111.82  0.232911  0.232911  0.31955
protocols.relax.FastRelax: CMD: min  -1302.21  3.85857  3.85857  0.31955
protocols.relax.FastRelax: CMD: coord_cst_weight  -1302.21  3.85857  3.85857  0.31955
protocols.relax.FastRelax: CMD: scale:fa_rep  -1097.99  3.85857  3.85857  0.55
core.pack.task: Packer task: initialize from command line() 
core.pack.pack_rotamers: built 6947 rotamers at 492 positions.
core.pack.interaction_graph.interaction_graph_factory: Instantiating DensePDInteractionGraph
protocols.relax.FastRelax: CMD: repack  -1100.38  3.85857  3.85857  0.55
protocols.relax.FastRelax: CMD: min  -1152.95  4.32883  4.32883  0.55
protocols.relax.FastRelax: MRP: 7  -1152.95  -1170.24  3.31735  3.31735  
protocols.relax.FastRelax: CMD: accept_to_best  -1152.95  4.32883  4.32883  0.55
protocols.relax.FastRelax: CMD: endrepeat  -1152.95  4.32883  4.32883  0.55
protocols.relax.FastRelax: CMD: coord_cst_weight  100293  4.32883  4.32883  0.55
protocols.relax.FastRelax: CMD: scale:fa_rep  99964.6  4.32883  4.32883  0.022
core.pack.task: Packer task: initialize from command line() 
core.pack.pack_rotamers: built 7824 rotamers at 492 positions.
core.pack.interaction_graph.interaction_graph_factory: Instantiating DensePDInteractionGraph
protocols.relax.FastRelax: CMD: repack  99956.7  4.32883  4.32883  0.022
protocols.relax.FastRelax: CMD: scale:fa_rep  99967.5  4.32883  4.32883  0.02805
core.optimization.Minimizer: [ WARNING ] LBFGS MAX CYCLES 2000 EXCEEDED, BUT FUNC NOT CONVERGED!
protocols.relax.FastRelax: CMD: min  -1225.49  0.193474  0.193474  0.02805
protocols.relax.FastRelax: CMD: coord_cst_weight  -1309.27  0.193474  0.193474  0.02805
protocols.relax.FastRelax: CMD: scale:fa_rep  -969.572  0.193474  0.193474  0.14575
core.pack.task: Packer task: initialize from command line() 
core.pack.pack_rotamers: built 7361 rotamers at 492 positions.
core.pack.interaction_graph.interaction_graph_factory: Instantiating DensePDInteractionGraph
protocols.relax.FastRelax: CMD: repack  -1044.55  0.193474  0.193474  0.14575
protocols.relax.FastRelax: CMD: scale:fa_rep  -1025.95  0.193474  0.193474  0.154
protocols.relax.FastRelax: CMD: min  -1179.01  0.231063  0.231063  0.154
protocols.relax.FastRelax: CMD: coord_cst_weight  -1297.15  0.231063  0.231063  0.154
protocols.relax.FastRelax: CMD: scale:fa_rep  -1120.84  0.231063  0.231063  0.30745
core.pack.task: Packer task: initialize from command line() 
core.pack.pack_rotamers: built 7179 rotamers at 492 positions.
core.pack.interaction_graph.interaction_graph_factory: Instantiating DensePDInteractionGraph
protocols.relax.FastRelax: CMD: repack  -1122.54  0.231063  0.231063  0.30745
protocols.relax.FastRelax: CMD: scale:fa_rep  -1108.75  0.231063  0.231063  0.31955
protocols.relax.FastRelax: CMD: min  -1302.21  3.19104  3.19104  0.31955
protocols.relax.FastRelax: CMD: coord_cst_weight  -1302.21  3.19104  3.19104  0.31955
protocols.relax.FastRelax: CMD: scale:fa_rep  -1100.04  3.19104  3.19104  0.55
core.pack.task: Packer task: initialize from command line() 
core.pack.pack_rotamers: built 7026 rotamers at 492 positions.
core.pack.interaction_graph.interaction_graph_factory: Instantiating DensePDInteractionGraph
protocols.relax.FastRelax: CMD: repack  -1102.85  3.19104  3.19104  0.55
protocols.relax.FastRelax: CMD: min  -1161.36  3.55732  3.55732  0.55
protocols.relax.FastRelax: MRP: 8  -1161.36  -1170.24  3.31735  3.31735  
protocols.relax.FastRelax: CMD: accept_to_best  -1161.36  3.55732  3.55732  0.55
protocols.relax.FastRelax: CMD: endrepeat  -1161.36  3.55732  3.55732  0.55
protocols.relax.FastRelax: CMD: coord_cst_weight  70533.9  3.55732  3.55732  0.55
protocols.relax.FastRelax: CMD: scale:fa_rep  70212.9  3.55732  3.55732  0.022
core.pack.task: Packer task: initialize from command line() 
core.pack.pack_rotamers: built 7788 rotamers at 492 positions.
core.pack.interaction_graph.interaction_graph_factory: Instantiating DensePDInteractionGraph
protocols.relax.FastRelax: CMD: repack  70192.5  3.55732  3.55732  0.022
protocols.relax.FastRelax: CMD: scale:fa_rep  70201.4  3.55732  3.55732  0.02805
core.optimization.Minimizer: [ WARNING ] LBFGS MAX CYCLES 2000 EXCEEDED, BUT FUNC NOT CONVERGED!
protocols.relax.FastRelax: CMD: min  -1232  0.190053  0.190053  0.02805
protocols.relax.FastRelax: CMD: coord_cst_weight  -1309.96  0.190053  0.190053  0.02805
protocols.relax.FastRelax: CMD: scale:fa_rep  -935.636  0.190053  0.190053  0.14575
core.pack.task: Packer task: initialize from command line() 
core.pack.pack_rotamers: built 7357 rotamers at 492 positions.
core.pack.interaction_graph.interaction_graph_factory: Instantiating DensePDInteractionGraph
protocols.relax.FastRelax: CMD: repack  -1049.16  0.190053  0.190053  0.14575
protocols.relax.FastRelax: CMD: scale:fa_rep  -1030.15  0.190053  0.190053  0.154
protocols.relax.FastRelax: CMD: min  -1180.92  0.232227  0.232227  0.154
protocols.relax.FastRelax: CMD: coord_cst_weight  -1299.68  0.232227  0.232227  0.154
protocols.relax.FastRelax: CMD: scale:fa_rep  -1125.07  0.232227  0.232227  0.30745
core.pack.task: Packer task: initialize from command line() 
core.pack.pack_rotamers: built 7149 rotamers at 492 positions.
core.pack.interaction_graph.interaction_graph_factory: Instantiating DensePDInteractionGraph
protocols.relax.FastRelax: CMD: repack  -1126.16  0.232227  0.232227  0.30745
protocols.relax.FastRelax: CMD: scale:fa_rep  -1112.48  0.232227  0.232227  0.31955
protocols.relax.FastRelax: CMD: min  -1304.73  3.16299  3.16299  0.31955
protocols.relax.FastRelax: CMD: coord_cst_weight  -1304.73  3.16299  3.16299  0.31955
protocols.relax.FastRelax: CMD: scale:fa_rep  -1103.15  3.16299  3.16299  0.55
core.pack.task: Packer task: initialize from command line() 
core.pack.pack_rotamers: built 6960 rotamers at 492 positions.
core.pack.interaction_graph.interaction_graph_factory: Instantiating DensePDInteractionGraph
protocols.relax.FastRelax: CMD: repack  -1101.81  3.16299  3.16299  0.55
protocols.relax.FastRelax: CMD: min  -1159.25  3.48182  3.48182  0.55
protocols.relax.FastRelax: MRP: 9  -1159.25  -1170.24  3.31735  3.31735  
protocols.relax.FastRelax: CMD: accept_to_best  -1159.25  3.48182  3.48182  0.55
protocols.relax.FastRelax: CMD: endrepeat  -1159.25  3.48182  3.48182  0.55
protocols.relax.FastRelax: CMD: coord_cst_weight  64491.1  3.48182  3.48182  0.55
protocols.relax.FastRelax: CMD: scale:fa_rep  64168.1  3.48182  3.48182  0.022
core.pack.task: Packer task: initialize from command line() 
core.pack.pack_rotamers: built 7735 rotamers at 492 positions.
core.pack.interaction_graph.interaction_graph_factory: Instantiating DensePDInteractionGraph
protocols.relax.FastRelax: CMD: repack  64153  3.48182  3.48182  0.022
protocols.relax.FastRelax: CMD: scale:fa_rep  64162.1  3.48182  3.48182  0.02805
core.optimization.Minimizer: [ WARNING ] LBFGS MAX CYCLES 2000 EXCEEDED, BUT FUNC NOT CONVERGED!
protocols.relax.FastRelax: CMD: min  -1217.24  0.19735  0.19735  0.02805
protocols.relax.FastRelax: CMD: coord_cst_weight  -1302.7  0.19735  0.19735  0.02805
protocols.relax.FastRelax: CMD: scale:fa_rep  -948.473  0.19735  0.19735  0.14575
core.pack.task: Packer task: initialize from command line() 
core.pack.pack_rotamers: built 7369 rotamers at 492 positions.
core.pack.interaction_graph.interaction_graph_factory: Instantiating DensePDInteractionGraph
protocols.relax.FastRelax: CMD: repack  -1007.17  0.19735  0.19735  0.14575
protocols.relax.FastRelax: CMD: scale:fa_rep  -986.224  0.19735  0.19735  0.154
protocols.relax.FastRelax: CMD: min  -1173.84  0.23158  0.23158  0.154
protocols.relax.FastRelax: CMD: coord_cst_weight  -1292.93  0.23158  0.23158  0.154
protocols.relax.FastRelax: CMD: scale:fa_rep  -1117.92  0.23158  0.23158  0.30745
core.pack.task: Packer task: initialize from command line() 
core.pack.pack_rotamers: built 7177 rotamers at 492 positions.
core.pack.interaction_graph.interaction_graph_factory: Instantiating DensePDInteractionGraph
protocols.relax.FastRelax: CMD: repack  -1118.19  0.23158  0.23158  0.30745
protocols.relax.FastRelax: CMD: scale:fa_rep  -1104.42  0.23158  0.23158  0.31955
protocols.relax.FastRelax: CMD: min  -1285.26  3.52875  3.52875  0.31955
protocols.relax.FastRelax: CMD: coord_cst_weight  -1285.26  3.52875  3.52875  0.31955
protocols.relax.FastRelax: CMD: scale:fa_rep  -1076.6  3.52875  3.52875  0.55
core.pack.task: Packer task: initialize from command line() 
core.pack.pack_rotamers: built 6964 rotamers at 492 positions.
core.pack.interaction_graph.interaction_graph_factory: Instantiating DensePDInteractionGraph
protocols.relax.FastRelax: CMD: repack  -1080.51  3.52875  3.52875  0.55
protocols.relax.FastRelax: CMD: min  -1149.35  3.63273  3.63273  0.55
protocols.relax.FastRelax: MRP: 10  -1149.35  -1170.24  3.31735  3.31735  
protocols.relax.FastRelax: CMD: accept_to_best  -1149.35  3.63273  3.63273  0.55
protocols.relax.FastRelax: CMD: endrepeat  -1149.35  3.63273  3.63273  0.55
protocols.relax.FastRelax: CMD: coord_cst_weight  72901.3  3.63273  3.63273  0.55
protocols.relax.FastRelax: CMD: scale:fa_rep  72574.4  3.63273  3.63273  0.022
core.pack.task: Packer task: initialize from command line() 
core.pack.pack_rotamers: built 7719 rotamers at 492 positions.
core.pack.interaction_graph.interaction_graph_factory: Instantiating DensePDInteractionGraph
protocols.relax.FastRelax: CMD: repack  72547.6  3.63273  3.63273  0.022
protocols.relax.FastRelax: CMD: scale:fa_rep  72556.2  3.63273  3.63273  0.02805
core.optimization.Minimizer: [ WARNING ] LBFGS MAX CYCLES 2000 EXCEEDED, BUT FUNC NOT CONVERGED!
protocols.relax.FastRelax: CMD: min  -1225.36  0.198663  0.198663  0.02805
protocols.relax.FastRelax: CMD: coord_cst_weight  -1309.8  0.198663  0.198663  0.02805
protocols.relax.FastRelax: CMD: scale:fa_rep  -956.11  0.198663  0.198663  0.14575
core.pack.task: Packer task: initialize from command line() 
core.pack.pack_rotamers: built 7332 rotamers at 492 positions.
core.pack.interaction_graph.interaction_graph_factory: Instantiating DensePDInteractionGraph
protocols.relax.FastRelax: CMD: repack  -1017.2  0.198663  0.198663  0.14575
protocols.relax.FastRelax: CMD: scale:fa_rep  -996.455  0.198663  0.198663  0.154
protocols.relax.FastRelax: CMD: min  -1167.38  0.236634  0.236634  0.154
protocols.relax.FastRelax: CMD: coord_cst_weight  -1290.06  0.236634  0.236634  0.154
protocols.relax.FastRelax: CMD: scale:fa_rep  -1110.31  0.236634  0.236634  0.30745
core.pack.task: Packer task: initialize from command line() 
core.pack.pack_rotamers: built 7202 rotamers at 492 positions.
core.pack.interaction_graph.interaction_graph_factory: Instantiating DensePDInteractionGraph
protocols.relax.FastRelax: CMD: repack  -1108.22  0.236634  0.236634  0.30745
protocols.relax.FastRelax: CMD: scale:fa_rep  -1094.1  0.236634  0.236634  0.31955
protocols.relax.FastRelax: CMD: min  -1300.55  3.56364  3.56364  0.31955
protocols.relax.FastRelax: CMD: coord_cst_weight  -1300.55  3.56364  3.56364  0.31955
protocols.relax.FastRelax: CMD: scale:fa_rep  -1098.14  3.56364  3.56364  0.55
core.pack.task: Packer task: initialize from command line() 
core.pack.pack_rotamers: built 6981 rotamers at 492 positions.
core.pack.interaction_graph.interaction_graph_factory: Instantiating DensePDInteractionGraph
protocols.relax.FastRelax: CMD: repack  -1104.21  3.56364  3.56364  0.55
protocols.relax.FastRelax: CMD: min  -1165.95  3.83364  3.83364  0.55
protocols.relax.FastRelax: MRP: 11  -1165.95  -1170.24  3.31735  3.31735  
protocols.relax.FastRelax: CMD: accept_to_best  -1165.95  3.83364  3.83364  0.55
protocols.relax.FastRelax: CMD: endrepeat  -1165.95  3.83364  3.83364  0.55
protocols.relax.FastRelax: CMD: coord_cst_weight  80563.2  3.83364  3.83364  0.55
protocols.relax.FastRelax: CMD: scale:fa_rep  80238.5  3.83364  3.83364  0.022
core.pack.task: Packer task: initialize from command line() 
core.pack.pack_rotamers: built 7674 rotamers at 492 positions.
core.pack.interaction_graph.interaction_graph_factory: Instantiating DensePDInteractionGraph
protocols.relax.FastRelax: CMD: repack  80208.7  3.83364  3.83364  0.022
protocols.relax.FastRelax: CMD: scale:fa_rep  80215.8  3.83364  3.83364  0.02805
core.optimization.Minimizer: [ WARNING ] LBFGS MAX CYCLES 2000 EXCEEDED, BUT FUNC NOT CONVERGED!
protocols.relax.FastRelax: CMD: min  -1244.29  0.188737  0.188737  0.02805
protocols.relax.FastRelax: CMD: coord_cst_weight  -1322.21  0.188737  0.188737  0.02805
protocols.relax.FastRelax: CMD: scale:fa_rep  -988.853  0.188737  0.188737  0.14575
core.pack.task: Packer task: initialize from command line() 
core.pack.pack_rotamers: built 7369 rotamers at 492 positions.
core.pack.interaction_graph.interaction_graph_factory: Instantiating DensePDInteractionGraph
protocols.relax.FastRelax: CMD: repack  -1031.65  0.188737  0.188737  0.14575
protocols.relax.FastRelax: CMD: scale:fa_rep  -1012.32  0.188737  0.188737  0.154
protocols.relax.FastRelax: CMD: min  -1180.22  0.231753  0.231753  0.154
protocols.relax.FastRelax: CMD: coord_cst_weight  -1298.36  0.231753  0.231753  0.154
protocols.relax.FastRelax: CMD: scale:fa_rep  -1121.95  0.231753  0.231753  0.30745
core.pack.task: Packer task: initialize from command line() 
core.pack.pack_rotamers: built 7152 rotamers at 492 positions.
core.pack.interaction_graph.interaction_graph_factory: Instantiating DensePDInteractionGraph
protocols.relax.FastRelax: CMD: repack  -1122.95  0.231753  0.231753  0.30745
protocols.relax.FastRelax: CMD: scale:fa_rep  -1109.26  0.231753  0.231753  0.31955
protocols.relax.FastRelax: CMD: min  -1303.36  3.47637  3.47637  0.31955
protocols.relax.FastRelax: CMD: coord_cst_weight  -1303.36  3.47637  3.47637  0.31955
protocols.relax.FastRelax: CMD: scale:fa_rep  -1098.32  3.47637  3.47637  0.55
core.pack.task: Packer task: initialize from command line() 
core.pack.pack_rotamers: built 6939 rotamers at 492 positions.
core.pack.interaction_graph.interaction_graph_factory: Instantiating DensePDInteractionGraph
protocols.relax.FastRelax: CMD: repack  -1102.64  3.47637  3.47637  0.55
protocols.relax.FastRelax: CMD: min  -1161.89  3.65949  3.65949  0.55
protocols.relax.FastRelax: MRP: 12  -1161.89  -1170.24  3.31735  3.31735  
protocols.relax.FastRelax: CMD: accept_to_best  -1161.89  3.65949  3.65949  0.55
protocols.relax.FastRelax: CMD: endrepeat  -1161.89  3.65949  3.65949  0.55
protocols.relax.FastRelax: CMD: coord_cst_weight  81065.4  3.65949  3.65949  0.55
protocols.relax.FastRelax: CMD: scale:fa_rep  80735.6  3.65949  3.65949  0.022
core.pack.task: Packer task: initialize from command line() 
core.pack.pack_rotamers: built 7686 rotamers at 492 positions.
core.pack.interaction_graph.interaction_graph_factory: Instantiating DensePDInteractionGraph
protocols.relax.FastRelax: CMD: repack  80726.7  3.65949  3.65949  0.022
protocols.relax.FastRelax: CMD: scale:fa_rep  80735.9  3.65949  3.65949  0.02805
core.optimization.Minimizer: [ WARNING ] LBFGS MAX CYCLES 2000 EXCEEDED, BUT FUNC NOT CONVERGED!
protocols.relax.FastRelax: CMD: min  -1225.92  0.189333  0.189333  0.02805
protocols.relax.FastRelax: CMD: coord_cst_weight  -1305.11  0.189333  0.189333  0.02805
protocols.relax.FastRelax: CMD: scale:fa_rep  -954.73  0.189333  0.189333  0.14575
core.pack.task: Packer task: initialize from command line() 
core.pack.pack_rotamers: built 7354 rotamers at 492 positions.
core.pack.interaction_graph.interaction_graph_factory: Instantiating DensePDInteractionGraph
protocols.relax.FastRelax: CMD: repack  -1029.77  0.189333  0.189333  0.14575
protocols.relax.FastRelax: CMD: scale:fa_rep  -1009.95  0.189333  0.189333  0.154
protocols.relax.FastRelax: CMD: min  -1176.52  0.232707  0.232707  0.154
protocols.relax.FastRelax: CMD: coord_cst_weight  -1295.99  0.232707  0.232707  0.154
protocols.relax.FastRelax: CMD: scale:fa_rep  -1120.03  0.232707  0.232707  0.30745
core.pack.task: Packer task: initialize from command line() 
core.pack.pack_rotamers: built 7226 rotamers at 492 positions.
core.pack.interaction_graph.interaction_graph_factory: Instantiating DensePDInteractionGraph
protocols.relax.FastRelax: CMD: repack  -1120.14  0.232707  0.232707  0.30745
protocols.relax.FastRelax: CMD: scale:fa_rep  -1106.5  0.232707  0.232707  0.31955
protocols.relax.FastRelax: CMD: min  -883.777  4.05515  4.05515  0.31955
protocols.relax.FastRelax: CMD: coord_cst_weight  -883.777  4.05515  4.05515  0.31955
protocols.relax.FastRelax: CMD: scale:fa_rep  -373.86  4.05515  4.05515  0.55
core.pack.task: Packer task: initialize from command line() 
core.pack.pack_rotamers: built 7052 rotamers at 492 positions.
core.pack.interaction_graph.interaction_graph_factory: Instantiating DensePDInteractionGraph
protocols.relax.FastRelax: CMD: repack  -1037.45  4.05515  4.05515  0.55
protocols.relax.FastRelax: CMD: min  -1154.13  4.21758  4.21758  0.55
protocols.relax.FastRelax: MRP: 13  -1154.13  -1170.24  3.31735  3.31735  
protocols.relax.FastRelax: CMD: accept_to_best  -1154.13  4.21758  4.21758  0.55
protocols.relax.FastRelax: CMD: endrepeat  -1154.13  4.21758  4.21758  0.55
protocols.relax.FastRelax: CMD: coord_cst_weight  90376.9  4.21758  4.21758  0.55
protocols.relax.FastRelax: CMD: scale:fa_rep  90049  4.21758  4.21758  0.022
core.pack.task: Packer task: initialize from command line() 
core.pack.pack_rotamers: built 7670 rotamers at 492 positions.
core.pack.interaction_graph.interaction_graph_factory: Instantiating DensePDInteractionGraph
protocols.relax.FastRelax: CMD: repack  90029  4.21758  4.21758  0.022
protocols.relax.FastRelax: CMD: scale:fa_rep  90036.1  4.21758  4.21758  0.02805
core.optimization.Minimizer: [ WARNING ] LBFGS MAX CYCLES 2000 EXCEEDED, BUT FUNC NOT CONVERGED!
protocols.relax.FastRelax: CMD: min  -1229.96  0.195261  0.195261  0.02805
protocols.relax.FastRelax: CMD: coord_cst_weight  -1314.31  0.195261  0.195261  0.02805
protocols.relax.FastRelax: CMD: scale:fa_rep  -1000.61  0.195261  0.195261  0.14575
core.pack.task: Packer task: initialize from command line() 
core.pack.pack_rotamers: built 7371 rotamers at 492 positions.
core.pack.interaction_graph.interaction_graph_factory: Instantiating DensePDInteractionGraph
protocols.relax.FastRelax: CMD: repack  -1043.36  0.195261  0.195261  0.14575
protocols.relax.FastRelax: CMD: scale:fa_rep  -1024.03  0.195261  0.195261  0.154
protocols.relax.FastRelax: CMD: min  -1180.25  0.233618  0.233618  0.154
protocols.relax.FastRelax: CMD: coord_cst_weight  -1301.34  0.233618  0.233618  0.154
protocols.relax.FastRelax: CMD: scale:fa_rep  -1122.53  0.233618  0.233618  0.30745
core.pack.task: Packer task: initialize from command line() 
core.pack.pack_rotamers: built 7198 rotamers at 492 positions.
core.pack.interaction_graph.interaction_graph_factory: Instantiating DensePDInteractionGraph
protocols.relax.FastRelax: CMD: repack  -1123.63  0.233618  0.233618  0.30745
protocols.relax.FastRelax: CMD: scale:fa_rep  -1109.77  0.233618  0.233618  0.31955
protocols.relax.FastRelax: CMD: min  -938.223  4.0608  4.0608  0.31955
protocols.relax.FastRelax: CMD: coord_cst_weight  -938.223  4.0608  4.0608  0.31955
protocols.relax.FastRelax: CMD: scale:fa_rep  -468.082  4.0608  4.0608  0.55
core.pack.task: Packer task: initialize from command line() 
core.pack.pack_rotamers: built 6965 rotamers at 492 positions.
core.pack.interaction_graph.interaction_graph_factory: Instantiating DensePDInteractionGraph
protocols.relax.FastRelax: CMD: repack  -1080.83  4.0608  4.0608  0.55
protocols.relax.FastRelax: CMD: min  -1169.19  3.84601  3.84601  0.55
protocols.relax.FastRelax: MRP: 14  -1169.19  -1170.24  3.31735  3.31735  
protocols.relax.FastRelax: CMD: accept_to_best  -1169.19  3.84601  3.84601  0.55
protocols.relax.FastRelax: CMD: endrepeat  -1169.19  3.84601  3.84601  0.55
protocols::checkpoint: Deleting checkpoints of FastRelax
protocols.jd2.JobDistributor: target.BL00010001_8_0001 reported success in 14343 seconds
protocols.jd2.PDBJobInputter: PDBJobInputter::pose_from_job
protocols.jd2.PDBJobInputter: filling pose from saved copy ../1-modeller/target.BL00010001.pdb
protocols.relax.FastRelax: CMD: repeat  4476.34  0  0  0.55
protocols.relax.FastRelax: CMD: coord_cst_weight  4476.34  0  0  0.55
protocols.relax.FastRelax: CMD: scale:fa_rep  806.987  0  0  0.022
core.pack.task: Packer task: initialize from command line() 
core.pack.pack_rotamers: built 8129 rotamers at 492 positions.
core.pack.interaction_graph.interaction_graph_factory: Instantiating DensePDInteractionGraph
protocols.relax.FastRelax: CMD: repack  -878.741  0  0  0.022
protocols.relax.FastRelax: CMD: scale:fa_rep  -842.336  0  0  0.02805
core.optimization.Minimizer: [ WARNING ] LBFGS MAX CYCLES 2000 EXCEEDED, BUT FUNC NOT CONVERGED!
protocols.relax.FastRelax: CMD: min  -1294.96  0.149573  0.149573  0.02805
protocols.relax.FastRelax: CMD: coord_cst_weight  -1341.9  0.149573  0.149573  0.02805
protocols.relax.FastRelax: CMD: scale:fa_rep  -978.796  0.149573  0.149573  0.14575
core.pack.task: Packer task: initialize from command line() 
core.pack.pack_rotamers: built 7418 rotamers at 492 positions.
core.pack.interaction_graph.interaction_graph_factory: Instantiating DensePDInteractionGraph
protocols.relax.FastRelax: CMD: repack  -1012.99  0.149573  0.149573  0.14575
protocols.relax.FastRelax: CMD: scale:fa_rep  -991.906  0.149573  0.149573  0.154
protocols.relax.FastRelax: CMD: min  -1171.83  0.204482  0.204482  0.154
protocols.relax.FastRelax: CMD: coord_cst_weight  -1261.88  0.204482  0.204482  0.154
protocols.relax.FastRelax: CMD: scale:fa_rep  -1073.71  0.204482  0.204482  0.30745
core.pack.task: Packer task: initialize from command line() 
core.pack.pack_rotamers: built 7191 rotamers at 492 positions.
core.pack.interaction_graph.interaction_graph_factory: Instantiating DensePDInteractionGraph
protocols.relax.FastRelax: CMD: repack  -1076.12  0.204482  0.204482  0.30745
protocols.relax.FastRelax: CMD: scale:fa_rep  -1061.36  0.204482  0.204482  0.31955
protocols.relax.FastRelax: CMD: min  -1244.23  3.05589  3.05589  0.31955
protocols.relax.FastRelax: CMD: coord_cst_weight  -1244.23  3.05589  3.05589  0.31955
protocols.relax.FastRelax: CMD: scale:fa_rep  -1035.17  3.05589  3.05589  0.55
core.pack.task: Packer task: initialize from command line() 
core.pack.pack_rotamers: built 7109 rotamers at 492 positions.
core.pack.interaction_graph.interaction_graph_factory: Instantiating DensePDInteractionGraph
protocols.relax.FastRelax: CMD: repack  -1038.31  3.05589  3.05589  0.55
protocols.relax.FastRelax: CMD: min  -1095.11  3.16085  3.16085  0.55
protocols.relax.FastRelax: MRP: 0  -1095.11  -1095.11  3.16085  3.16085  
protocols.relax.FastRelax: CMD: accept_to_best  -1095.11  3.16085  3.16085  0.55
protocols.relax.FastRelax: CMD: endrepeat  -1095.11  3.16085  3.16085  0.55
protocols.relax.FastRelax: CMD: coord_cst_weight  71358.9  3.16085  3.16085  0.55
protocols.relax.FastRelax: CMD: scale:fa_rep  71025.8  3.16085  3.16085  0.022
core.pack.task: Packer task: initialize from command line() 
core.pack.pack_rotamers: built 7858 rotamers at 492 positions.
core.pack.interaction_graph.interaction_graph_factory: Instantiating DensePDInteractionGraph
protocols.relax.FastRelax: CMD: repack  71019  3.16085  3.16085  0.022
protocols.relax.FastRelax: CMD: scale:fa_rep  71032  3.16085  3.16085  0.02805
core.optimization.Minimizer: [ WARNING ] LBFGS MAX CYCLES 2000 EXCEEDED, BUT FUNC NOT CONVERGED!
protocols.relax.FastRelax: CMD: min  -1246.12  0.181574  0.181574  0.02805
protocols.relax.FastRelax: CMD: coord_cst_weight  -1317.92  0.181574  0.181574  0.02805
protocols.relax.FastRelax: CMD: scale:fa_rep  -954.193  0.181574  0.181574  0.14575
core.pack.task: Packer task: initialize from command line() 
core.pack.pack_rotamers: built 7352 rotamers at 492 positions.
core.pack.interaction_graph.interaction_graph_factory: Instantiating DensePDInteractionGraph
protocols.relax.FastRelax: CMD: repack  -1026.77  0.181574  0.181574  0.14575
protocols.relax.FastRelax: CMD: scale:fa_rep  -1006.14  0.181574  0.181574  0.154
protocols.relax.FastRelax: CMD: min  -1182.03  0.216092  0.216092  0.154
protocols.relax.FastRelax: CMD: coord_cst_weight  -1284.5  0.216092  0.216092  0.154
protocols.relax.FastRelax: CMD: scale:fa_rep  -1095.9  0.216092  0.216092  0.30745
core.pack.task: Packer task: initialize from command line() 
core.pack.pack_rotamers: built 7173 rotamers at 492 positions.
core.pack.interaction_graph.interaction_graph_factory: Instantiating DensePDInteractionGraph
protocols.relax.FastRelax: CMD: repack  -1090.09  0.216092  0.216092  0.30745
protocols.relax.FastRelax: CMD: scale:fa_rep  -1075.47  0.216092  0.216092  0.31955
protocols.relax.FastRelax: CMD: min  -1257.5  2.96592  2.96592  0.31955
protocols.relax.FastRelax: CMD: coord_cst_weight  -1257.5  2.96592  2.96592  0.31955
protocols.relax.FastRelax: CMD: scale:fa_rep  -1046.68  2.96592  2.96592  0.55
core.pack.task: Packer task: initialize from command line() 
core.pack.pack_rotamers: built 7080 rotamers at 492 positions.
core.pack.interaction_graph.interaction_graph_factory: Instantiating DensePDInteractionGraph
protocols.relax.FastRelax: CMD: repack  -1052.46  2.96592  2.96592  0.55
protocols.relax.FastRelax: CMD: min  -1117.25  3.55313  3.55313  0.55
protocols.relax.FastRelax: MRP: 1  -1117.25  -1117.25  3.55313  3.55313  
protocols.relax.FastRelax: CMD: accept_to_best  -1117.25  3.55313  3.55313  0.55
protocols.relax.FastRelax: CMD: endrepeat  -1117.25  3.55313  3.55313  0.55
protocols.relax.FastRelax: CMD: coord_cst_weight  59835.6  3.55313  3.55313  0.55
protocols.relax.FastRelax: CMD: scale:fa_rep  59504  3.55313  3.55313  0.022
core.pack.task: Packer task: initialize from command line() 
core.pack.pack_rotamers: built 7824 rotamers at 492 positions.
core.pack.interaction_graph.interaction_graph_factory: Instantiating DensePDInteractionGraph
protocols.relax.FastRelax: CMD: repack  59493.2  3.55313  3.55313  0.022
protocols.relax.FastRelax: CMD: scale:fa_rep  59501  3.55313  3.55313  0.02805
core.optimization.Minimizer: [ WARNING ] LBFGS MAX CYCLES 2000 EXCEEDED, BUT FUNC NOT CONVERGED!
protocols.relax.FastRelax: CMD: min  -1281.89  0.173952  0.173952  0.02805
protocols.relax.FastRelax: CMD: coord_cst_weight  -1347.77  0.173952  0.173952  0.02805
protocols.relax.FastRelax: CMD: scale:fa_rep  -1023.45  0.173952  0.173952  0.14575
core.pack.task: Packer task: initialize from command line() 
core.pack.pack_rotamers: built 7394 rotamers at 492 positions.
core.pack.interaction_graph.interaction_graph_factory: Instantiating DensePDInteractionGraph
protocols.relax.FastRelax: CMD: repack  -1053.17  0.173952  0.173952  0.14575
protocols.relax.FastRelax: CMD: scale:fa_rep  -1033.19  0.173952  0.173952  0.154
protocols.relax.FastRelax: CMD: min  -1185.11  0.21983  0.21983  0.154
protocols.relax.FastRelax: CMD: coord_cst_weight  -1290.5  0.21983  0.21983  0.154
protocols.relax.FastRelax: CMD: scale:fa_rep  -1108.88  0.21983  0.21983  0.30745
core.pack.task: Packer task: initialize from command line() 
core.pack.pack_rotamers: built 7182 rotamers at 492 positions.
core.pack.interaction_graph.interaction_graph_factory: Instantiating DensePDInteractionGraph
protocols.relax.FastRelax: CMD: repack  -1101.76  0.21983  0.21983  0.30745
protocols.relax.FastRelax: CMD: scale:fa_rep  -1087.55  0.21983  0.21983  0.31955
protocols.relax.FastRelax: CMD: min  -1272.65  3.53272  3.53272  0.31955
protocols.relax.FastRelax: CMD: coord_cst_weight  -1272.65  3.53272  3.53272  0.31955
protocols.relax.FastRelax: CMD: scale:fa_rep  -1063.39  3.53272  3.53272  0.55
core.pack.task: Packer task: initialize from command line() 
core.pack.pack_rotamers: built 7019 rotamers at 492 positions.
core.pack.interaction_graph.interaction_graph_factory: Instantiating DensePDInteractionGraph
protocols.relax.FastRelax: CMD: repack  -1068.91  3.53272  3.53272  0.55
protocols.relax.FastRelax: CMD: min  -1125.01  3.65815  3.65815  0.55
protocols.relax.FastRelax: MRP: 2  -1125.01  -1125.01  3.65815  3.65815  
protocols.relax.FastRelax: CMD: accept_to_best  -1125.01  3.65815  3.65815  0.55
protocols.relax.FastRelax: CMD: endrepeat  -1125.01  3.65815  3.65815  0.55
protocols.relax.FastRelax: CMD: coord_cst_weight  63341  3.65815  3.65815  0.55
protocols.relax.FastRelax: CMD: scale:fa_rep  63006.5  3.65815  3.65815  0.022
core.pack.task: Packer task: initialize from command line() 
core.pack.pack_rotamers: built 7794 rotamers at 492 positions.
core.pack.interaction_graph.interaction_graph_factory: Instantiating DensePDInteractionGraph
protocols.relax.FastRelax: CMD: repack  62988.8  3.65815  3.65815  0.022
protocols.relax.FastRelax: CMD: scale:fa_rep  62998.6  3.65815  3.65815  0.02805
core.optimization.Minimizer: [ WARNING ] LBFGS MAX CYCLES 2000 EXCEEDED, BUT FUNC NOT CONVERGED!
protocols.relax.FastRelax: CMD: min  -1293.92  0.175431  0.175431  0.02805
protocols.relax.FastRelax: CMD: coord_cst_weight  -1360.86  0.175431  0.175431  0.02805
protocols.relax.FastRelax: CMD: scale:fa_rep  -1037.7  0.175431  0.175431  0.14575
core.pack.task: Packer task: initialize from command line() 
core.pack.pack_rotamers: built 7405 rotamers at 492 positions.
core.pack.interaction_graph.interaction_graph_factory: Instantiating DensePDInteractionGraph
protocols.relax.FastRelax: CMD: repack  -1057.33  0.175431  0.175431  0.14575
protocols.relax.FastRelax: CMD: scale:fa_rep  -1036.66  0.175431  0.175431  0.154
protocols.relax.FastRelax: CMD: min  -1191.38  0.220733  0.220733  0.154
protocols.relax.FastRelax: CMD: coord_cst_weight  -1297.89  0.220733  0.220733  0.154
protocols.relax.FastRelax: CMD: scale:fa_rep  -1112.44  0.220733  0.220733  0.30745
core.pack.task: Packer task: initialize from command line() 
core.pack.pack_rotamers: built 7142 rotamers at 492 positions.
core.pack.interaction_graph.interaction_graph_factory: Instantiating DensePDInteractionGraph
protocols.relax.FastRelax: CMD: repack  -1113.43  0.220733  0.220733  0.30745
protocols.relax.FastRelax: CMD: scale:fa_rep  -1098.96  0.220733  0.220733  0.31955
protocols.relax.FastRelax: CMD: min  -1282.88  3.32691  3.32691  0.31955
protocols.relax.FastRelax: CMD: coord_cst_weight  -1282.88  3.32691  3.32691  0.31955
protocols.relax.FastRelax: CMD: scale:fa_rep  -1070.24  3.32691  3.32691  0.55
core.pack.task: Packer task: initialize from command line() 
core.pack.pack_rotamers: built 7069 rotamers at 492 positions.
core.pack.interaction_graph.interaction_graph_factory: Instantiating DensePDInteractionGraph
protocols.relax.FastRelax: CMD: repack  -1073.14  3.32691  3.32691  0.55
protocols.relax.FastRelax: CMD: min  -1129.13  3.59784  3.59784  0.55
protocols.relax.FastRelax: MRP: 3  -1129.13  -1129.13  3.59784  3.59784  
protocols.relax.FastRelax: CMD: accept_to_best  -1129.13  3.59784  3.59784  0.55
protocols.relax.FastRelax: CMD: endrepeat  -1129.13  3.59784  3.59784  0.55
protocols.relax.FastRelax: CMD: coord_cst_weight  57465.4  3.59784  3.59784  0.55
protocols.relax.FastRelax: CMD: scale:fa_rep  57132.7  3.59784  3.59784  0.022
core.pack.task: Packer task: initialize from command line() 
core.pack.pack_rotamers: built 7792 rotamers at 492 positions.
core.pack.interaction_graph.interaction_graph_factory: Instantiating DensePDInteractionGraph
protocols.relax.FastRelax: CMD: repack  57109.8  3.59784  3.59784  0.022
protocols.relax.FastRelax: CMD: scale:fa_rep  57115.8  3.59784  3.59784  0.02805
core.optimization.Minimizer: [ WARNING ] LBFGS MAX CYCLES 2000 EXCEEDED, BUT FUNC NOT CONVERGED!
protocols.relax.FastRelax: CMD: min  -1290.06  0.174039  0.174039  0.02805
protocols.relax.FastRelax: CMD: coord_cst_weight  -1357.18  0.174039  0.174039  0.02805
protocols.relax.FastRelax: CMD: scale:fa_rep  -1032.57  0.174039  0.174039  0.14575
core.pack.task: Packer task: initialize from command line() 
core.pack.pack_rotamers: built 7372 rotamers at 492 positions.
core.pack.interaction_graph.interaction_graph_factory: Instantiating DensePDInteractionGraph
protocols.relax.FastRelax: CMD: repack  -1050.59  0.174039  0.174039  0.14575
protocols.relax.FastRelax: CMD: scale:fa_rep  -1030.08  0.174039  0.174039  0.154
protocols.relax.FastRelax: CMD: min  -1185.45  0.22184  0.22184  0.154
protocols.relax.FastRelax: CMD: coord_cst_weight  -1293.12  0.22184  0.22184  0.154
protocols.relax.FastRelax: CMD: scale:fa_rep  -1110.18  0.22184  0.22184  0.30745
core.pack.task: Packer task: initialize from command line() 
core.pack.pack_rotamers: built 7146 rotamers at 492 positions.
core.pack.interaction_graph.interaction_graph_factory: Instantiating DensePDInteractionGraph
protocols.relax.FastRelax: CMD: repack  -1110.66  0.22184  0.22184  0.30745
protocols.relax.FastRelax: CMD: scale:fa_rep  -1096.29  0.22184  0.22184  0.31955
protocols.relax.FastRelax: CMD: min  -843.71  3.47536  3.47536  0.31955
protocols.relax.FastRelax: CMD: coord_cst_weight  -843.71  3.47536  3.47536  0.31955
protocols.relax.FastRelax: CMD: scale:fa_rep  -314.231  3.47536  3.47536  0.55
core.pack.task: Packer task: initialize from command line() 
core.pack.pack_rotamers: built 6992 rotamers at 492 positions.
core.pack.interaction_graph.interaction_graph_factory: Instantiating DensePDInteractionGraph
protocols.relax.FastRelax: CMD: repack  -605.718  3.47536  3.47536  0.55
protocols.relax.FastRelax: CMD: min  -1134.29  3.29181  3.29181  0.55
protocols.relax.FastRelax: MRP: 4  -1134.29  -1134.29  3.29181  3.29181  
protocols.relax.FastRelax: CMD: accept_to_best  -1134.29  3.29181  3.29181  0.55
protocols.relax.FastRelax: CMD: endrepeat  -1134.29  3.29181  3.29181  0.55
protocols.relax.FastRelax: CMD: coord_cst_weight  49159.8  3.29181  3.29181  0.55
protocols.relax.FastRelax: CMD: scale:fa_rep  48827.7  3.29181  3.29181  0.022
core.pack.task: Packer task: initialize from command line() 
core.pack.pack_rotamers: built 7815 rotamers at 492 positions.
core.pack.interaction_graph.interaction_graph_factory: Instantiating DensePDInteractionGraph
protocols.relax.FastRelax: CMD: repack  48804.5  3.29181  3.29181  0.022
protocols.relax.FastRelax: CMD: scale:fa_rep  48810.7  3.29181  3.29181  0.02805
core.optimization.Minimizer: [ WARNING ] LBFGS MAX CYCLES 2000 EXCEEDED, BUT FUNC NOT CONVERGED!
protocols.relax.FastRelax: CMD: min  -1269.75  0.179507  0.179507  0.02805
protocols.relax.FastRelax: CMD: coord_cst_weight  -1340.58  0.179507  0.179507  0.02805
protocols.relax.FastRelax: CMD: scale:fa_rep  -988.232  0.179507  0.179507  0.14575
core.pack.task: Packer task: initialize from command line() 
core.pack.pack_rotamers: built 7363 rotamers at 492 positions.
core.pack.interaction_graph.interaction_graph_factory: Instantiating DensePDInteractionGraph
protocols.relax.FastRelax: CMD: repack  -1032.79  0.179507  0.179507  0.14575
protocols.relax.FastRelax: CMD: scale:fa_rep  -1011.79  0.179507  0.179507  0.154
protocols.relax.FastRelax: CMD: min  -1186.19  0.22551  0.22551  0.154
protocols.relax.FastRelax: CMD: coord_cst_weight  -1295.84  0.22551  0.22551  0.154
protocols.relax.FastRelax: CMD: scale:fa_rep  -1110.77  0.22551  0.22551  0.30745
core.pack.task: Packer task: initialize from command line() 
core.pack.pack_rotamers: built 7233 rotamers at 492 positions.
core.pack.interaction_graph.interaction_graph_factory: Instantiating DensePDInteractionGraph
protocols.relax.FastRelax: CMD: repack  -1111.79  0.22551  0.22551  0.30745
protocols.relax.FastRelax: CMD: scale:fa_rep  -1097.28  0.22551  0.22551  0.31955
protocols.relax.FastRelax: CMD: min  -910.515  3.67323  3.67323  0.31955
protocols.relax.FastRelax: CMD: coord_cst_weight  -910.515  3.67323  3.67323  0.31955
protocols.relax.FastRelax: CMD: scale:fa_rep  -424.768  3.67323  3.67323  0.55
core.pack.task: Packer task: initialize from command line() 
core.pack.pack_rotamers: built 7049 rotamers at 492 positions.
core.pack.interaction_graph.interaction_graph_factory: Instantiating DensePDInteractionGraph
protocols.relax.FastRelax: CMD: repack  -457.219  3.67323  3.67323  0.55
protocols.relax.FastRelax: CMD: min  -1151.84  3.3918  3.3918  0.55
protocols.relax.FastRelax: MRP: 5  -1151.84  -1151.84  3.3918  3.3918  
protocols.relax.FastRelax: CMD: accept_to_best  -1151.84  3.3918  3.3918  0.55
protocols.relax.FastRelax: CMD: endrepeat  -1151.84  3.3918  3.3918  0.55
protocols.relax.FastRelax: CMD: coord_cst_weight  52786.5  3.3918  3.3918  0.55
protocols.relax.FastRelax: CMD: scale:fa_rep  52457.6  3.3918  3.3918  0.022
core.pack.task: Packer task: initialize from command line() 
core.pack.pack_rotamers: built 7806 rotamers at 492 positions.
core.pack.interaction_graph.interaction_graph_factory: Instantiating DensePDInteractionGraph
protocols.relax.FastRelax: CMD: repack  52447.5  3.3918  3.3918  0.022
protocols.relax.FastRelax: CMD: scale:fa_rep  52455.4  3.3918  3.3918  0.02805
core.optimization.Minimizer: [ WARNING ] LBFGS MAX CYCLES 2000 EXCEEDED, BUT FUNC NOT CONVERGED!
protocols.relax.FastRelax: CMD: min  -1261.21  0.183423  0.183423  0.02805
protocols.relax.FastRelax: CMD: coord_cst_weight  -1333.95  0.183423  0.183423  0.02805
protocols.relax.FastRelax: CMD: scale:fa_rep  -978.765  0.183423  0.183423  0.14575
core.pack.task: Packer task: initialize from command line() 
core.pack.pack_rotamers: built 7427 rotamers at 492 positions.
core.pack.interaction_graph.interaction_graph_factory: Instantiating DensePDInteractionGraph
protocols.relax.FastRelax: CMD: repack  -1018.93  0.183423  0.183423  0.14575
protocols.relax.FastRelax: CMD: scale:fa_rep  -997.464  0.183423  0.183423  0.154
protocols.relax.FastRelax: CMD: min  -1177.92  0.228767  0.228767  0.154
protocols.relax.FastRelax: CMD: coord_cst_weight  -1291.43  0.228767  0.228767  0.154
protocols.relax.FastRelax: CMD: scale:fa_rep  -1106.19  0.228767  0.228767  0.30745
core.pack.task: Packer task: initialize from command line() 
core.pack.pack_rotamers: built 7190 rotamers at 492 positions.
core.pack.interaction_graph.interaction_graph_factory: Instantiating DensePDInteractionGraph
protocols.relax.FastRelax: CMD: repack  -1108.2  0.228767  0.228767  0.30745
protocols.relax.FastRelax: CMD: scale:fa_rep  -1093.78  0.228767  0.228767  0.31955
core.optimization.LineMinimizer: Inaccurate G in step= 5.96046e-08 Deriv= -8.51823 Finite Diff= -0.209797
protocols.relax.FastRelax: CMD: min  -1057.12  3.68942  3.68942  0.31955
protocols.relax.FastRelax: CMD: coord_cst_weight  -1057.12  3.68942  3.68942  0.31955
protocols.relax.FastRelax: CMD: scale:fa_rep  -679.658  3.68942  3.68942  0.55
core.pack.task: Packer task: initialize from command line() 
core.pack.pack_rotamers: built 6934 rotamers at 492 positions.
core.pack.interaction_graph.interaction_graph_factory: Instantiating DensePDInteractionGraph
protocols.relax.FastRelax: CMD: repack  -1005.07  3.68942  3.68942  0.55
protocols.relax.FastRelax: CMD: min  -1150.51  3.95789  3.95789  0.55
protocols.relax.FastRelax: MRP: 6  -1150.51  -1151.84  3.3918  3.3918  
protocols.relax.FastRelax: CMD: accept_to_best  -1150.51  3.95789  3.95789  0.55
protocols.relax.FastRelax: CMD: endrepeat  -1150.51  3.95789  3.95789  0.55
protocols.relax.FastRelax: CMD: coord_cst_weight  98338.6  3.95789  3.95789  0.55
protocols.relax.FastRelax: CMD: scale:fa_rep  98008.8  3.95789  3.95789  0.022
core.pack.task: Packer task: initialize from command line() 
core.pack.pack_rotamers: built 7723 rotamers at 492 positions.
core.pack.interaction_graph.interaction_graph_factory: Instantiating DensePDInteractionGraph
protocols.relax.FastRelax: CMD: repack  97985.9  3.95789  3.95789  0.022
protocols.relax.FastRelax: CMD: scale:fa_rep  97992  3.95789  3.95789  0.02805
core.optimization.Minimizer: [ WARNING ] LBFGS MAX CYCLES 2000 EXCEEDED, BUT FUNC NOT CONVERGED!
protocols.relax.FastRelax: CMD: min  -1236.29  0.193031  0.193031  0.02805
protocols.relax.FastRelax: CMD: coord_cst_weight  -1317.92  0.193031  0.193031  0.02805
protocols.relax.FastRelax: CMD: scale:fa_rep  -934.174  0.193031  0.193031  0.14575
core.pack.task: Packer task: initialize from command line() 
core.pack.pack_rotamers: built 7378 rotamers at 492 positions.
core.pack.interaction_graph.interaction_graph_factory: Instantiating DensePDInteractionGraph
protocols.relax.FastRelax: CMD: repack  -1030.97  0.193031  0.193031  0.14575
protocols.relax.FastRelax: CMD: scale:fa_rep  -1010.51  0.193031  0.193031  0.154
protocols.relax.FastRelax: CMD: min  -1181.26  0.227029  0.227029  0.154
protocols.relax.FastRelax: CMD: coord_cst_weight  -1296.19  0.227029  0.227029  0.154
protocols.relax.FastRelax: CMD: scale:fa_rep  -1118.34  0.227029  0.227029  0.30745
core.pack.task: Packer task: initialize from command line() 
core.pack.pack_rotamers: built 7155 rotamers at 492 positions.
core.pack.interaction_graph.interaction_graph_factory: Instantiating DensePDInteractionGraph
protocols.relax.FastRelax: CMD: repack  -1118.83  0.227029  0.227029  0.30745
protocols.relax.FastRelax: CMD: scale:fa_rep  -1104.85  0.227029  0.227029  0.31955
protocols.relax.FastRelax: CMD: min  -1268.77  2.68139  2.68139  0.31955
protocols.relax.FastRelax: CMD: coord_cst_weight  -1268.77  2.68139  2.68139  0.31955
protocols.relax.FastRelax: CMD: scale:fa_rep  -1052.19  2.68139  2.68139  0.55
core.pack.task: Packer task: initialize from command line() 
core.pack.pack_rotamers: built 6966 rotamers at 492 positions.
core.pack.interaction_graph.interaction_graph_factory: Instantiating DensePDInteractionGraph
protocols.relax.FastRelax: CMD: repack  -1080.59  2.68139  2.68139  0.55
protocols.relax.FastRelax: CMD: min  -1138.92  2.97918  2.97918  0.55
protocols.relax.FastRelax: MRP: 7  -1138.92  -1151.84  3.3918  3.3918  
protocols.relax.FastRelax: CMD: accept_to_best  -1138.92  2.97918  2.97918  0.55
protocols.relax.FastRelax: CMD: endrepeat  -1138.92  2.97918  2.97918  0.55
protocols.relax.FastRelax: CMD: coord_cst_weight  41252  2.97918  2.97918  0.55
protocols.relax.FastRelax: CMD: scale:fa_rep  40920.9  2.97918  2.97918  0.022
core.pack.task: Packer task: initialize from command line() 
core.pack.pack_rotamers: built 7696 rotamers at 492 positions.
core.pack.interaction_graph.interaction_graph_factory: Instantiating DensePDInteractionGraph
protocols.relax.FastRelax: CMD: repack  40901.9  2.97918  2.97918  0.022
protocols.relax.FastRelax: CMD: scale:fa_rep  40908.2  2.97918  2.97918  0.02805
core.optimization.Minimizer: [ WARNING ] LBFGS MAX CYCLES 2000 EXCEEDED, BUT FUNC NOT CONVERGED!
protocols.relax.FastRelax: CMD: min  -1265.15  0.180003  0.180003  0.02805
protocols.relax.FastRelax: CMD: coord_cst_weight  -1338.14  0.180003  0.180003  0.02805
protocols.relax.FastRelax: CMD: scale:fa_rep  -988.708  0.180003  0.180003  0.14575
core.pack.task: Packer task: initialize from command line() 
core.pack.pack_rotamers: built 7321 rotamers at 492 positions.
core.pack.interaction_graph.interaction_graph_factory: Instantiating DensePDInteractionGraph
protocols.relax.FastRelax: CMD: repack  -1034.46  0.180003  0.180003  0.14575
protocols.relax.FastRelax: CMD: scale:fa_rep  -1013.15  0.180003  0.180003  0.154
protocols.relax.FastRelax: CMD: min  -1183.67  0.226741  0.226741  0.154
protocols.relax.FastRelax: CMD: coord_cst_weight  -1297.91  0.226741  0.226741  0.154
protocols.relax.FastRelax: CMD: scale:fa_rep  -1115.12  0.226741  0.226741  0.30745
core.pack.task: Packer task: initialize from command line() 
core.pack.pack_rotamers: built 7144 rotamers at 492 positions.
core.pack.interaction_graph.interaction_graph_factory: Instantiating DensePDInteractionGraph
protocols.relax.FastRelax: CMD: repack  -1115.89  0.226741  0.226741  0.30745
protocols.relax.FastRelax: CMD: scale:fa_rep  -1101.54  0.226741  0.226741  0.31955
protocols.relax.FastRelax: CMD: min  332.298  3.62661  3.62661  0.31955
protocols.relax.FastRelax: CMD: coord_cst_weight  332.298  3.62661  3.62661  0.31955
protocols.relax.FastRelax: CMD: scale:fa_rep  1713  3.62661  3.62661  0.55
core.pack.task: Packer task: initialize from command line() 
core.pack.pack_rotamers: built 6865 rotamers at 492 positions.
core.pack.interaction_graph.interaction_graph_factory: Instantiating DensePDInteractionGraph
protocols.relax.FastRelax: CMD: repack  163.676  3.62661  3.62661  0.55
protocols.relax.FastRelax: CMD: min  -1133.62  3.40143  3.40143  0.55
protocols.relax.FastRelax: MRP: 8  -1133.62  -1151.84  3.3918  3.3918  
protocols.relax.FastRelax: CMD: accept_to_best  -1133.62  3.40143  3.40143  0.55
protocols.relax.FastRelax: CMD: endrepeat  -1133.62  3.40143  3.40143  0.55
protocols.relax.FastRelax: CMD: coord_cst_weight  67881  3.40143  3.40143  0.55
protocols.relax.FastRelax: CMD: scale:fa_rep  67548.8  3.40143  3.40143  0.022
core.pack.task: Packer task: initialize from command line() 
core.pack.pack_rotamers: built 7672 rotamers at 492 positions.
core.pack.interaction_graph.interaction_graph_factory: Instantiating DensePDInteractionGraph
protocols.relax.FastRelax: CMD: repack  67539.3  3.40143  3.40143  0.022
protocols.relax.FastRelax: CMD: scale:fa_rep  67550.3  3.40143  3.40143  0.02805
core.optimization.Minimizer: [ WARNING ] LBFGS MAX CYCLES 2000 EXCEEDED, BUT FUNC NOT CONVERGED!
protocols.relax.FastRelax: CMD: min  -1276.76  0.185794  0.185794  0.02805
protocols.relax.FastRelax: CMD: coord_cst_weight  -1352.71  0.185794  0.185794  0.02805
protocols.relax.FastRelax: CMD: scale:fa_rep  -1024.04  0.185794  0.185794  0.14575
core.pack.task: Packer task: initialize from command line() 
core.pack.pack_rotamers: built 7361 rotamers at 492 positions.
core.pack.interaction_graph.interaction_graph_factory: Instantiating DensePDInteractionGraph
protocols.relax.FastRelax: CMD: repack  -1051.31  0.185794  0.185794  0.14575
protocols.relax.FastRelax: CMD: scale:fa_rep  -1030.79  0.185794  0.185794  0.154
protocols.relax.FastRelax: CMD: min  -1188.77  0.226921  0.226921  0.154
protocols.relax.FastRelax: CMD: coord_cst_weight  -1303.62  0.226921  0.226921  0.154
protocols.relax.FastRelax: CMD: scale:fa_rep  -1119.32  0.226921  0.226921  0.30745
core.pack.task: Packer task: initialize from command line() 
core.pack.pack_rotamers: built 7164 rotamers at 492 positions.
core.pack.interaction_graph.interaction_graph_factory: Instantiating DensePDInteractionGraph
protocols.relax.FastRelax: CMD: repack  -1120.42  0.226921  0.226921  0.30745
protocols.relax.FastRelax: CMD: scale:fa_rep  -1105.94  0.226921  0.226921  0.31955
protocols.relax.FastRelax: CMD: min  -1299.12  3.48619  3.48619  0.31955
protocols.relax.FastRelax: CMD: coord_cst_weight  -1299.12  3.48619  3.48619  0.31955
protocols.relax.FastRelax: CMD: scale:fa_rep  -1091.5  3.48619  3.48619  0.55
core.pack.task: Packer task: initialize from command line() 
core.pack.pack_rotamers: built 6969 rotamers at 492 positions.
core.pack.interaction_graph.interaction_graph_factory: Instantiating DensePDInteractionGraph
protocols.relax.FastRelax: CMD: repack  -1095.22  3.48619  3.48619  0.55
protocols.relax.FastRelax: CMD: min  -1145.93  3.63061  3.63061  0.55
protocols.relax.FastRelax: MRP: 9  -1145.93  -1151.84  3.3918  3.3918  
protocols.relax.FastRelax: CMD: accept_to_best  -1145.93  3.63061  3.63061  0.55
protocols.relax.FastRelax: CMD: endrepeat  -1145.93  3.63061  3.63061  0.55
protocols.relax.FastRelax: CMD: coord_cst_weight  78409.7  3.63061  3.63061  0.55
protocols.relax.FastRelax: CMD: scale:fa_rep  78076.7  3.63061  3.63061  0.022
core.pack.task: Packer task: initialize from command line() 
core.pack.pack_rotamers: built 7757 rotamers at 492 positions.
core.pack.interaction_graph.interaction_graph_factory: Instantiating DensePDInteractionGraph
protocols.relax.FastRelax: CMD: repack  78061.6  3.63061  3.63061  0.022
protocols.relax.FastRelax: CMD: scale:fa_rep  78069.1  3.63061  3.63061  0.02805
core.optimization.Minimizer: [ WARNING ] LBFGS MAX CYCLES 2000 EXCEEDED, BUT FUNC NOT CONVERGED!
protocols.relax.FastRelax: CMD: min  -1272.12  0.190086  0.190086  0.02805
protocols.relax.FastRelax: CMD: coord_cst_weight  -1350.79  0.190086  0.190086  0.02805
protocols.relax.FastRelax: CMD: scale:fa_rep  -1018.46  0.190086  0.190086  0.14575
core.pack.task: Packer task: initialize from command line() 
core.pack.pack_rotamers: built 7395 rotamers at 492 positions.
core.pack.interaction_graph.interaction_graph_factory: Instantiating DensePDInteractionGraph
protocols.relax.FastRelax: CMD: repack  -1050.87  0.190086  0.190086  0.14575
protocols.relax.FastRelax: CMD: scale:fa_rep  -1030.14  0.190086  0.190086  0.154
protocols.relax.FastRelax: CMD: min  -1191.06  0.228856  0.228856  0.154
protocols.relax.FastRelax: CMD: coord_cst_weight  -1307.12  0.228856  0.228856  0.154
protocols.relax.FastRelax: CMD: scale:fa_rep  -1120.93  0.228856  0.228856  0.30745
core.pack.task: Packer task: initialize from command line() 
core.pack.pack_rotamers: built 7202 rotamers at 492 positions.
core.pack.interaction_graph.interaction_graph_factory: Instantiating DensePDInteractionGraph
protocols.relax.FastRelax: CMD: repack  -1121.7  0.228856  0.228856  0.30745
protocols.relax.FastRelax: CMD: scale:fa_rep  -1107.15  0.228856  0.228856  0.31955
protocols.relax.FastRelax: CMD: min  -1281.17  2.2703  2.2703  0.31955
protocols.relax.FastRelax: CMD: coord_cst_weight  -1281.17  2.2703  2.2703  0.31955
protocols.relax.FastRelax: CMD: scale:fa_rep  -1072.82  2.2703  2.2703  0.55
core.pack.task: Packer task: initialize from command line() 
core.pack.pack_rotamers: built 6898 rotamers at 492 positions.
core.pack.interaction_graph.interaction_graph_factory: Instantiating DensePDInteractionGraph
protocols.relax.FastRelax: CMD: repack  -1077.3  2.2703  2.2703  0.55
protocols.relax.FastRelax: CMD: min  -1134.25  2.78458  2.78458  0.55
protocols.relax.FastRelax: MRP: 10  -1134.25  -1151.84  3.3918  3.3918  
protocols.relax.FastRelax: CMD: accept_to_best  -1134.25  2.78458  2.78458  0.55
protocols.relax.FastRelax: CMD: endrepeat  -1134.25  2.78458  2.78458  0.55
protocols.relax.FastRelax: CMD: coord_cst_weight  34724.9  2.78458  2.78458  0.55
protocols.relax.FastRelax: CMD: scale:fa_rep  34392.8  2.78458  2.78458  0.022
core.pack.task: Packer task: initialize from command line() 
core.pack.pack_rotamers: built 7774 rotamers at 492 positions.
core.pack.interaction_graph.interaction_graph_factory: Instantiating DensePDInteractionGraph
protocols.relax.FastRelax: CMD: repack  34372.2  2.78458  2.78458  0.022
protocols.relax.FastRelax: CMD: scale:fa_rep  34379.4  2.78458  2.78458  0.02805
core.optimization.Minimizer: [ WARNING ] LBFGS MAX CYCLES 2000 EXCEEDED, BUT FUNC NOT CONVERGED!
protocols.relax.FastRelax: CMD: min  -1265.07  0.189186  0.189186  0.02805
protocols.relax.FastRelax: CMD: coord_cst_weight  -1341.92  0.189186  0.189186  0.02805
protocols.relax.FastRelax: CMD: scale:fa_rep  -975.214  0.189186  0.189186  0.14575
core.pack.task: Packer task: initialize from command line() 
core.pack.pack_rotamers: built 7353 rotamers at 492 positions.
core.pack.interaction_graph.interaction_graph_factory: Instantiating DensePDInteractionGraph
protocols.relax.FastRelax: CMD: repack  -1056.01  0.189186  0.189186  0.14575
protocols.relax.FastRelax: CMD: scale:fa_rep  -1035.37  0.189186  0.189186  0.154
protocols.relax.FastRelax: CMD: min  -1186.99  0.231794  0.231794  0.154
protocols.relax.FastRelax: CMD: coord_cst_weight  -1304.6  0.231794  0.231794  0.154
protocols.relax.FastRelax: CMD: scale:fa_rep  -1117.3  0.231794  0.231794  0.30745
core.pack.task: Packer task: initialize from command line() 
core.pack.pack_rotamers: built 7156 rotamers at 492 positions.
core.pack.interaction_graph.interaction_graph_factory: Instantiating DensePDInteractionGraph
protocols.relax.FastRelax: CMD: repack  -1117.99  0.231794  0.231794  0.30745
protocols.relax.FastRelax: CMD: scale:fa_rep  -1103.32  0.231794  0.231794  0.31955
protocols.relax.FastRelax: CMD: min  -991.543  4.30506  4.30506  0.31955
protocols.relax.FastRelax: CMD: coord_cst_weight  -991.543  4.30506  4.30506  0.31955
protocols.relax.FastRelax: CMD: scale:fa_rep  -555.358  4.30506  4.30506  0.55
core.pack.task: Packer task: initialize from command line() 
core.pack.pack_rotamers: built 6912 rotamers at 492 positions.
core.pack.interaction_graph.interaction_graph_factory: Instantiating DensePDInteractionGraph
protocols.relax.FastRelax: CMD: repack  -803.191  4.30506  4.30506  0.55
protocols.relax.FastRelax: CMD: min  -1145.73  4.60294  4.60294  0.55
protocols.relax.FastRelax: MRP: 11  -1145.73  -1151.84  3.3918  3.3918  
protocols.relax.FastRelax: CMD: accept_to_best  -1145.73  4.60294  4.60294  0.55
protocols.relax.FastRelax: CMD: endrepeat  -1145.73  4.60294  4.60294  0.55
protocols.relax.FastRelax: CMD: coord_cst_weight  84650.4  4.60294  4.60294  0.55
protocols.relax.FastRelax: CMD: scale:fa_rep  84319.9  4.60294  4.60294  0.022
core.pack.task: Packer task: initialize from command line() 
core.pack.pack_rotamers: built 7753 rotamers at 492 positions.
core.pack.interaction_graph.interaction_graph_factory: Instantiating DensePDInteractionGraph
protocols.relax.FastRelax: CMD: repack  84298.7  4.60294  4.60294  0.022
protocols.relax.FastRelax: CMD: scale:fa_rep  84305.6  4.60294  4.60294  0.02805
core.optimization.Minimizer: [ WARNING ] LBFGS MAX CYCLES 2000 EXCEEDED, BUT FUNC NOT CONVERGED!
protocols.relax.FastRelax: CMD: min  -1277.28  0.193381  0.193381  0.02805
protocols.relax.FastRelax: CMD: coord_cst_weight  -1356.31  0.193381  0.193381  0.02805
protocols.relax.FastRelax: CMD: scale:fa_rep  -1029.99  0.193381  0.193381  0.14575
core.pack.task: Packer task: initialize from command line() 
core.pack.pack_rotamers: built 7379 rotamers at 492 positions.
core.pack.interaction_graph.interaction_graph_factory: Instantiating DensePDInteractionGraph
protocols.relax.FastRelax: CMD: repack  -1056.28  0.193381  0.193381  0.14575
protocols.relax.FastRelax: CMD: scale:fa_rep  -1036.05  0.193381  0.193381  0.154
protocols.relax.FastRelax: CMD: min  -1188.56  0.230841  0.230841  0.154
protocols.relax.FastRelax: CMD: coord_cst_weight  -1305.96  0.230841  0.230841  0.154
protocols.relax.FastRelax: CMD: scale:fa_rep  -1120.11  0.230841  0.230841  0.30745
core.pack.task: Packer task: initialize from command line() 
core.pack.pack_rotamers: built 7178 rotamers at 492 positions.
core.pack.interaction_graph.interaction_graph_factory: Instantiating DensePDInteractionGraph
protocols.relax.FastRelax: CMD: repack  -1120.29  0.230841  0.230841  0.30745
protocols.relax.FastRelax: CMD: scale:fa_rep  -1105.71  0.230841  0.230841  0.31955
protocols.relax.FastRelax: CMD: min  -1280.02  4.19377  4.19377  0.31955
protocols.relax.FastRelax: CMD: coord_cst_weight  -1280.02  4.19377  4.19377  0.31955
protocols.relax.FastRelax: CMD: scale:fa_rep  -1065.51  4.19377  4.19377  0.55
core.pack.task: Packer task: initialize from command line() 
core.pack.pack_rotamers: built 6893 rotamers at 492 positions.
core.pack.interaction_graph.interaction_graph_factory: Instantiating DensePDInteractionGraph
protocols.relax.FastRelax: CMD: repack  -1089.25  4.19377  4.19377  0.55
protocols.relax.FastRelax: CMD: min  -1144.44  4.86177  4.86177  0.55
protocols.relax.FastRelax: MRP: 12  -1144.44  -1151.84  3.3918  3.3918  
protocols.relax.FastRelax: CMD: accept_to_best  -1144.44  4.86177  4.86177  0.55
protocols.relax.FastRelax: CMD: endrepeat  -1144.44  4.86177  4.86177  0.55
protocols.relax.FastRelax: CMD: coord_cst_weight  108338  4.86177  4.86177  0.55
protocols.relax.FastRelax: CMD: scale:fa_rep  108008  4.86177  4.86177  0.022
core.pack.task: Packer task: initialize from command line() 
core.pack.pack_rotamers: built 7720 rotamers at 492 positions.
core.pack.interaction_graph.interaction_graph_factory: Instantiating DensePDInteractionGraph
protocols.relax.FastRelax: CMD: repack  108003  4.86177  4.86177  0.022
protocols.relax.FastRelax: CMD: scale:fa_rep  108014  4.86177  4.86177  0.02805
core.optimization.Minimizer: [ WARNING ] LBFGS MAX CYCLES 2000 EXCEEDED, BUT FUNC NOT CONVERGED!
protocols.relax.FastRelax: CMD: min  -1258.4  0.193128  0.193128  0.02805
protocols.relax.FastRelax: CMD: coord_cst_weight  -1339.73  0.193128  0.193128  0.02805
protocols.relax.FastRelax: CMD: scale:fa_rep  -967.731  0.193128  0.193128  0.14575
core.pack.task: Packer task: initialize from command line() 
core.pack.pack_rotamers: built 7332 rotamers at 492 positions.
core.pack.interaction_graph.interaction_graph_factory: Instantiating DensePDInteractionGraph
protocols.relax.FastRelax: CMD: repack  -1004.85  0.193128  0.193128  0.14575
protocols.relax.FastRelax: CMD: scale:fa_rep  -982.502  0.193128  0.193128  0.154
protocols.relax.FastRelax: CMD: min  -1168.96  0.245819  0.245819  0.154
protocols.relax.FastRelax: CMD: coord_cst_weight  -1297.77  0.245819  0.245819  0.154
protocols.relax.FastRelax: CMD: scale:fa_rep  -1105.48  0.245819  0.245819  0.30745
core.pack.task: Packer task: initialize from command line() 
core.pack.pack_rotamers: built 7157 rotamers at 492 positions.
core.pack.interaction_graph.interaction_graph_factory: Instantiating DensePDInteractionGraph
protocols.relax.FastRelax: CMD: repack  -1106.51  0.245819  0.245819  0.30745
protocols.relax.FastRelax: CMD: scale:fa_rep  -1091.46  0.245819  0.245819  0.31955
protocols.relax.FastRelax: CMD: min  -1276.51  4.24347  4.24347  0.31955
protocols.relax.FastRelax: CMD: coord_cst_weight  -1276.51  4.24347  4.24347  0.31955
protocols.relax.FastRelax: CMD: scale:fa_rep  -1051.37  4.24347  4.24347  0.55
core.pack.task: Packer task: initialize from command line() 
core.pack.pack_rotamers: built 6928 rotamers at 492 positions.
core.pack.interaction_graph.interaction_graph_factory: Instantiating DensePDInteractionGraph
protocols.relax.FastRelax: CMD: repack  -1098.33  4.24347  4.24347  0.55
protocols.relax.FastRelax: CMD: min  -1146.28  4.93095  4.93095  0.55
protocols.relax.FastRelax: MRP: 13  -1146.28  -1151.84  3.3918  3.3918  
protocols.relax.FastRelax: CMD: accept_to_best  -1146.28  4.93095  4.93095  0.55
protocols.relax.FastRelax: CMD: endrepeat  -1146.28  4.93095  4.93095  0.55
protocols.relax.FastRelax: CMD: coord_cst_weight  103776  4.93095  4.93095  0.55
protocols.relax.FastRelax: CMD: scale:fa_rep  103447  4.93095  4.93095  0.022
core.pack.task: Packer task: initialize from command line() 
core.pack.pack_rotamers: built 7744 rotamers at 492 positions.
core.pack.interaction_graph.interaction_graph_factory: Instantiating DensePDInteractionGraph
protocols.relax.FastRelax: CMD: repack  103432  4.93095  4.93095  0.022
protocols.relax.FastRelax: CMD: scale:fa_rep  103441  4.93095  4.93095  0.02805
core.optimization.Minimizer: [ WARNING ] LBFGS MAX CYCLES 2000 EXCEEDED, BUT FUNC NOT CONVERGED!
protocols.relax.FastRelax: CMD: min  -1249.28  0.199382  0.199382  0.02805
protocols.relax.FastRelax: CMD: coord_cst_weight  -1335.92  0.199382  0.199382  0.02805
protocols.relax.FastRelax: CMD: scale:fa_rep  -980.168  0.199382  0.199382  0.14575
core.pack.task: Packer task: initialize from command line() 
core.pack.pack_rotamers: built 7333 rotamers at 492 positions.
core.pack.interaction_graph.interaction_graph_factory: Instantiating DensePDInteractionGraph
protocols.relax.FastRelax: CMD: repack  -1007.53  0.199382  0.199382  0.14575
protocols.relax.FastRelax: CMD: scale:fa_rep  -985.844  0.199382  0.199382  0.154
protocols.relax.FastRelax: CMD: min  -1169.65  0.237768  0.237768  0.154
protocols.relax.FastRelax: CMD: coord_cst_weight  -1294.31  0.237768  0.237768  0.154
protocols.relax.FastRelax: CMD: scale:fa_rep  -1104.12  0.237768  0.237768  0.30745
core.pack.task: Packer task: initialize from command line() 
core.pack.pack_rotamers: built 7130 rotamers at 492 positions.
core.pack.interaction_graph.interaction_graph_factory: Instantiating DensePDInteractionGraph
protocols.relax.FastRelax: CMD: repack  -1105.16  0.237768  0.237768  0.30745
protocols.relax.FastRelax: CMD: scale:fa_rep  -1090.34  0.237768  0.237768  0.31955
protocols.relax.FastRelax: CMD: min  -1297.73  3.59838  3.59838  0.31955
protocols.relax.FastRelax: CMD: coord_cst_weight  -1297.73  3.59838  3.59838  0.31955
protocols.relax.FastRelax: CMD: scale:fa_rep  -1092.59  3.59838  3.59838  0.55
core.pack.task: Packer task: initialize from command line() 
core.pack.pack_rotamers: built 6919 rotamers at 492 positions.
core.pack.interaction_graph.interaction_graph_factory: Instantiating DensePDInteractionGraph
protocols.relax.FastRelax: CMD: repack  -1094.98  3.59838  3.59838  0.55
protocols.relax.FastRelax: CMD: min  -1143.48  4.08521  4.08521  0.55
protocols.relax.FastRelax: MRP: 14  -1143.48  -1151.84  3.3918  3.3918  
protocols.relax.FastRelax: CMD: accept_to_best  -1143.48  4.08521  4.08521  0.55
protocols.relax.FastRelax: CMD: endrepeat  -1143.48  4.08521  4.08521  0.55
protocols::checkpoint: Deleting checkpoints of FastRelax
protocols.jd2.JobDistributor: target.BL00010001_8_0002 reported success in 14675 seconds
protocols.jd2.PDBJobInputter: PDBJobInputter::pose_from_job
protocols.jd2.PDBJobInputter: filling pose from PDB ../1-modeller/target.BL00010001.pdb
core.import_pose.import_pose: File '../1-modeller/target.BL00010001.pdb' automatically determined to be of type PDB from contents.
core.io.rcsb.ExperimentalTechnique: [ ERROR ] Unrecognized experimental technique string 'THEORETICAL MODEL, MODELLER 10.8 2026/08/10 16:18:02'
protocols.relax.FastRelax: CMD: repeat  4476.34  0  0  0.55
protocols.relax.FastRelax: CMD: coord_cst_weight  4476.34  0  0  0.55
protocols.relax.FastRelax: CMD: scale:fa_rep  806.987  0  0  0.022
core.pack.task: Packer task: initialize from command line() 
core.pack.pack_rotamers: built 8129 rotamers at 492 positions.
core.pack.interaction_graph.interaction_graph_factory: Instantiating DensePDInteractionGraph
protocols.relax.FastRelax: CMD: repack  -879.729  0  0  0.022
protocols.relax.FastRelax: CMD: scale:fa_rep  -840.237  0  0  0.02805
core.optimization.Minimizer: [ WARNING ] LBFGS MAX CYCLES 2000 EXCEEDED, BUT FUNC NOT CONVERGED!
protocols.relax.FastRelax: CMD: min  -1291.77  0.149486  0.149486  0.02805
protocols.relax.FastRelax: CMD: coord_cst_weight  -1338.79  0.149486  0.149486  0.02805
protocols.relax.FastRelax: CMD: scale:fa_rep  -944.896  0.149486  0.149486  0.14575
core.pack.task: Packer task: initialize from command line() 
core.pack.pack_rotamers: built 7453 rotamers at 492 positions.
core.pack.interaction_graph.interaction_graph_factory: Instantiating DensePDInteractionGraph
protocols.relax.FastRelax: CMD: repack  -986.046  0.149486  0.149486  0.14575
protocols.relax.FastRelax: CMD: scale:fa_rep  -964.711  0.149486  0.149486  0.154
protocols.relax.FastRelax: CMD: min  -1164.82  0.204188  0.204188  0.154
protocols.relax.FastRelax: CMD: coord_cst_weight  -1254.27  0.204188  0.204188  0.154
protocols.relax.FastRelax: CMD: scale:fa_rep  -1070.03  0.204188  0.204188  0.30745
core.pack.task: Packer task: initialize from command line() 
core.pack.pack_rotamers: built 7206 rotamers at 492 positions.
core.pack.interaction_graph.interaction_graph_factory: Instantiating DensePDInteractionGraph
protocols.relax.FastRelax: CMD: repack  -1070.82  0.204188  0.204188  0.30745
protocols.relax.FastRelax: CMD: scale:fa_rep  -1056.31  0.204188  0.204188  0.31955
protocols.relax.FastRelax: CMD: min  -1247.18  3.16384  3.16384  0.31955
protocols.relax.FastRelax: CMD: coord_cst_weight  -1247.18  3.16384  3.16384  0.31955
protocols.relax.FastRelax: CMD: scale:fa_rep  -1040.29  3.16384  3.16384  0.55
core.pack.task: Packer task: initialize from command line() 
core.pack.pack_rotamers: built 7111 rotamers at 492 positions.
core.pack.interaction_graph.interaction_graph_factory: Instantiating DensePDInteractionGraph
protocols.relax.FastRelax: CMD: repack  -1045.83  3.16384  3.16384  0.55
protocols.relax.FastRelax: CMD: min  -1101.62  3.16661  3.16661  0.55
protocols.relax.FastRelax: MRP: 0  -1101.62  -1101.62  3.16661  3.16661  
protocols.relax.FastRelax: CMD: accept_to_best  -1101.62  3.16661  3.16661  0.55
protocols.relax.FastRelax: CMD: endrepeat  -1101.62  3.16661  3.16661  0.55
protocols.relax.FastRelax: CMD: coord_cst_weight  78347.5  3.16661  3.16661  0.55
protocols.relax.FastRelax: CMD: scale:fa_rep  78018.2  3.16661  3.16661  0.022
core.pack.task: Packer task: initialize from command line() 
core.pack.pack_rotamers: built 7870 rotamers at 492 positions.
core.pack.interaction_graph.interaction_graph_factory: Instantiating DensePDInteractionGraph
protocols.relax.FastRelax: CMD: repack  77985.5  3.16661  3.16661  0.022
protocols.relax.FastRelax: CMD: scale:fa_rep  77996.4  3.16661  3.16661  0.02805
core.optimization.Minimizer: [ WARNING ] LBFGS MAX CYCLES 2000 EXCEEDED, BUT FUNC NOT CONVERGED!
protocols.relax.FastRelax: CMD: min  -1250.91  0.182037  0.182037  0.02805
protocols.relax.FastRelax: CMD: coord_cst_weight  -1320.88  0.182037  0.182037  0.02805
protocols.relax.FastRelax: CMD: scale:fa_rep  -993.82  0.182037  0.182037  0.14575
core.pack.task: Packer task: initialize from command line() 
core.pack.pack_rotamers: built 7382 rotamers at 492 positions.
core.pack.interaction_graph.interaction_graph_factory: Instantiating DensePDInteractionGraph
protocols.relax.FastRelax: CMD: repack  -1035.45  0.182037  0.182037  0.14575
protocols.relax.FastRelax: CMD: scale:fa_rep  -1015.9  0.182037  0.182037  0.154
protocols.relax.FastRelax: CMD: min  -1173.87  0.218032  0.218032  0.154
protocols.relax.FastRelax: CMD: coord_cst_weight  -1277.34  0.218032  0.218032  0.154
protocols.relax.FastRelax: CMD: scale:fa_rep  -1094.04  0.218032  0.218032  0.30745
core.pack.task: Packer task: initialize from command line() 
core.pack.pack_rotamers: built 7165 rotamers at 492 positions.
core.pack.interaction_graph.interaction_graph_factory: Instantiating DensePDInteractionGraph
protocols.relax.FastRelax: CMD: repack  -1099.11  0.218032  0.218032  0.30745
protocols.relax.FastRelax: CMD: scale:fa_rep  -1085.04  0.218032  0.218032  0.31955
protocols.relax.FastRelax: CMD: min  -1260.75  2.48878  2.48878  0.31955
protocols.relax.FastRelax: CMD: coord_cst_weight  -1260.75  2.48878  2.48878  0.31955
protocols.relax.FastRelax: CMD: scale:fa_rep  -1051.85  2.48878  2.48878  0.55
core.pack.task: Packer task: initialize from command line() 
core.pack.pack_rotamers: built 7103 rotamers at 492 positions.
core.pack.interaction_graph.interaction_graph_factory: Instantiating DensePDInteractionGraph
protocols.relax.FastRelax: CMD: repack  -1048.4  2.48878  2.48878  0.55
protocols.relax.FastRelax: CMD: min  -1114.92  2.7914  2.7914  0.55
protocols.relax.FastRelax: MRP: 1  -1114.92  -1114.92  2.7914  2.7914  
protocols.relax.FastRelax: CMD: accept_to_best  -1114.92  2.7914  2.7914  0.55
protocols.relax.FastRelax: CMD: endrepeat  -1114.92  2.7914  2.7914  0.55
protocols.relax.FastRelax: CMD: coord_cst_weight  73805.9  2.7914  2.7914  0.55
protocols.relax.FastRelax: CMD: scale:fa_rep  73475.8  2.7914  2.7914  0.022
core.pack.task: Packer task: initialize from command line() 
core.pack.pack_rotamers: built 7749 rotamers at 492 positions.
core.pack.interaction_graph.interaction_graph_factory: Instantiating DensePDInteractionGraph
protocols.relax.FastRelax: CMD: repack  73467.5  2.7914  2.7914  0.022
protocols.relax.FastRelax: CMD: scale:fa_rep  73475  2.7914  2.7914  0.02805
core.optimization.Minimizer: [ WARNING ] LBFGS MAX CYCLES 2000 EXCEEDED, BUT FUNC NOT CONVERGED!
protocols.relax.FastRelax: CMD: min  -1272.08  0.178013  0.178013  0.02805
protocols.relax.FastRelax: CMD: coord_cst_weight  -1341.5  0.178013  0.178013  0.02805
protocols.relax.FastRelax: CMD: scale:fa_rep  -1012.18  0.178013  0.178013  0.14575
core.pack.task: Packer task: initialize from command line() 
core.pack.pack_rotamers: built 7361 rotamers at 492 positions.
core.pack.interaction_graph.interaction_graph_factory: Instantiating DensePDInteractionGraph
protocols.relax.FastRelax: CMD: repack  -1056.27  0.178013  0.178013  0.14575
protocols.relax.FastRelax: CMD: scale:fa_rep  -1036.37  0.178013  0.178013  0.154
protocols.relax.FastRelax: CMD: min  -1190.1  0.220523  0.220523  0.154
protocols.relax.FastRelax: CMD: coord_cst_weight  -1296.91  0.220523  0.220523  0.154
protocols.relax.FastRelax: CMD: scale:fa_rep  -1116.35  0.220523  0.220523  0.30745
core.pack.task: Packer task: initialize from command line() 
core.pack.pack_rotamers: built 7179 rotamers at 492 positions.
core.pack.interaction_graph.interaction_graph_factory: Instantiating DensePDInteractionGraph
protocols.relax.FastRelax: CMD: repack  -1118.61  0.220523  0.220523  0.30745
protocols.relax.FastRelax: CMD: scale:fa_rep  -1104.71  0.220523  0.220523  0.31955
protocols.relax.FastRelax: CMD: min  -1295.57  3.73105  3.73105  0.31955
protocols.relax.FastRelax: CMD: coord_cst_weight  -1295.57  3.73105  3.73105  0.31955
protocols.relax.FastRelax: CMD: scale:fa_rep  -1087.77  3.73105  3.73105  0.55
core.pack.task: Packer task: initialize from command line() 
core.pack.pack_rotamers: built 6913 rotamers at 492 positions.
core.pack.interaction_graph.interaction_graph_factory: Instantiating DensePDInteractionGraph
protocols.relax.FastRelax: CMD: repack  -1089.76  3.73105  3.73105  0.55
protocols.relax.FastRelax: CMD: min  -1139.23  3.94739  3.94739  0.55
protocols.relax.FastRelax: MRP: 2  -1139.23  -1139.23  3.94739  3.94739  
protocols.relax.FastRelax: CMD: accept_to_best  -1139.23  3.94739  3.94739  0.55
protocols.relax.FastRelax: CMD: endrepeat  -1139.23  3.94739  3.94739  0.55
protocols.relax.FastRelax: CMD: coord_cst_weight  68013.9  3.94739  3.94739  0.55
protocols.relax.FastRelax: CMD: scale:fa_rep  67685  3.94739  3.94739  0.022
core.pack.task: Packer task: initialize from command line() 
core.pack.pack_rotamers: built 7739 rotamers at 492 positions.
core.pack.interaction_graph.interaction_graph_factory: Instantiating DensePDInteractionGraph
protocols.relax.FastRelax: CMD: repack  67669.4  3.94739  3.94739  0.022
protocols.relax.FastRelax: CMD: scale:fa_rep  67675.8  3.94739  3.94739  0.02805
core.optimization.Minimizer: [ WARNING ] LBFGS MAX CYCLES 2000 EXCEEDED, BUT FUNC NOT CONVERGED!
protocols.relax.FastRelax: CMD: min  -1270.06  0.182965  0.182965  0.02805
protocols.relax.FastRelax: CMD: coord_cst_weight  -1342.7  0.182965  0.182965  0.02805
protocols.relax.FastRelax: CMD: scale:fa_rep  -1017.97  0.182965  0.182965  0.14575
core.pack.task: Packer task: initialize from command line() 
core.pack.pack_rotamers: built 7394 rotamers at 492 positions.
core.pack.interaction_graph.interaction_graph_factory: Instantiating DensePDInteractionGraph
protocols.relax.FastRelax: CMD: repack  -1060.66  0.182965  0.182965  0.14575
protocols.relax.FastRelax: CMD: scale:fa_rep  -1041.22  0.182965  0.182965  0.154
protocols.relax.FastRelax: CMD: min  -1192.14  0.224038  0.224038  0.154
protocols.relax.FastRelax: CMD: coord_cst_weight  -1301.87  0.224038  0.224038  0.154
protocols.relax.FastRelax: CMD: scale:fa_rep  -1123.08  0.224038  0.224038  0.30745
core.pack.task: Packer task: initialize from command line() 
core.pack.pack_rotamers: built 7127 rotamers at 492 positions.
core.pack.interaction_graph.interaction_graph_factory: Instantiating DensePDInteractionGraph
protocols.relax.FastRelax: CMD: repack  -1125.42  0.224038  0.224038  0.30745
protocols.relax.FastRelax: CMD: scale:fa_rep  -1111.53  0.224038  0.224038  0.31955
protocols.relax.FastRelax: CMD: min  -1293.42  3.59128  3.59128  0.31955
protocols.relax.FastRelax: CMD: coord_cst_weight  -1293.42  3.59128  3.59128  0.31955
protocols.relax.FastRelax: CMD: scale:fa_rep  -1084.8  3.59128  3.59128  0.55
core.pack.task: Packer task: initialize from command line() 
core.pack.pack_rotamers: built 6913 rotamers at 492 positions.
core.pack.interaction_graph.interaction_graph_factory: Instantiating DensePDInteractionGraph
protocols.relax.FastRelax: CMD: repack  -1091.14  3.59128  3.59128  0.55
protocols.relax.FastRelax: CMD: min  -1145.64  3.50217  3.50217  0.55
protocols.relax.FastRelax: MRP: 3  -1145.64  -1145.64  3.50217  3.50217  
protocols.relax.FastRelax: CMD: accept_to_best  -1145.64  3.50217  3.50217  0.55
protocols.relax.FastRelax: CMD: endrepeat  -1145.64  3.50217  3.50217  0.55
protocols.relax.FastRelax: CMD: coord_cst_weight  57185.4  3.50217  3.50217  0.55
protocols.relax.FastRelax: CMD: scale:fa_rep  56857.6  3.50217  3.50217  0.022
core.pack.task: Packer task: initialize from command line() 
core.pack.pack_rotamers: built 7687 rotamers at 492 positions.
core.pack.interaction_graph.interaction_graph_factory: Instantiating DensePDInteractionGraph
protocols.relax.FastRelax: CMD: repack  56861  3.50217  3.50217  0.022
protocols.relax.FastRelax: CMD: scale:fa_rep  56871  3.50217  3.50217  0.02805
core.optimization.Minimizer: [ WARNING ] LBFGS MAX CYCLES 2000 EXCEEDED, BUT FUNC NOT CONVERGED!
protocols.relax.FastRelax: CMD: min  -1262.18  0.18238  0.18238  0.02805
protocols.relax.FastRelax: CMD: coord_cst_weight  -1333.98  0.18238  0.18238  0.02805
protocols.relax.FastRelax: CMD: scale:fa_rep  -997.491  0.18238  0.18238  0.14575
core.pack.task: Packer task: initialize from command line() 
core.pack.pack_rotamers: built 7331 rotamers at 492 positions.
core.pack.interaction_graph.interaction_graph_factory: Instantiating DensePDInteractionGraph
protocols.relax.FastRelax: CMD: repack  -1052.09  0.18238  0.18238  0.14575
protocols.relax.FastRelax: CMD: scale:fa_rep  -1031.98  0.18238  0.18238  0.154
protocols.relax.FastRelax: CMD: min  -1193.2  0.224175  0.224175  0.154
protocols.relax.FastRelax: CMD: coord_cst_weight  -1303.04  0.224175  0.224175  0.154
protocols.relax.FastRelax: CMD: scale:fa_rep  -1119.81  0.224175  0.224175  0.30745
core.pack.task: Packer task: initialize from command line() 
core.pack.pack_rotamers: built 7111 rotamers at 492 positions.
core.pack.interaction_graph.interaction_graph_factory: Instantiating DensePDInteractionGraph
protocols.relax.FastRelax: CMD: repack  -1123.03  0.224175  0.224175  0.30745
protocols.relax.FastRelax: CMD: scale:fa_rep  -1109.02  0.224175  0.224175  0.31955
protocols.relax.FastRelax: CMD: min  -1294.6  3.8221  3.8221  0.31955
protocols.relax.FastRelax: CMD: coord_cst_weight  -1294.6  3.8221  3.8221  0.31955
protocols.relax.FastRelax: CMD: scale:fa_rep  -1086.6  3.8221  3.8221  0.55
core.pack.task: Packer task: initialize from command line() 
core.pack.pack_rotamers: built 6949 rotamers at 492 positions.
core.pack.interaction_graph.interaction_graph_factory: Instantiating DensePDInteractionGraph
protocols.relax.FastRelax: CMD: repack  -1087.48  3.8221  3.8221  0.55
protocols.relax.FastRelax: CMD: min  -1143.41  4.11355  4.11355  0.55
protocols.relax.FastRelax: MRP: 4  -1143.41  -1145.64  3.50217  3.50217  
protocols.relax.FastRelax: CMD: accept_to_best  -1143.41  4.11355  4.11355  0.55
protocols.relax.FastRelax: CMD: endrepeat  -1143.41  4.11355  4.11355  0.55
protocols.relax.FastRelax: CMD: coord_cst_weight  75064.3  4.11355  4.11355  0.55
protocols.relax.FastRelax: CMD: scale:fa_rep  74733.9  4.11355  4.11355  0.022
core.pack.task: Packer task: initialize from command line() 
core.pack.pack_rotamers: built 7715 rotamers at 492 positions.
core.pack.interaction_graph.interaction_graph_factory: Instantiating DensePDInteractionGraph
protocols.relax.FastRelax: CMD: repack  74722.8  4.11355  4.11355  0.022
protocols.relax.FastRelax: CMD: scale:fa_rep  74729.4  4.11355  4.11355  0.02805
core.optimization.Minimizer: [ WARNING ] LBFGS MAX CYCLES 2000 EXCEEDED, BUT FUNC NOT CONVERGED!
protocols.relax.FastRelax: CMD: min  -1278.1  0.181809  0.181809  0.02805
protocols.relax.FastRelax: CMD: coord_cst_weight  -1349.62  0.181809  0.181809  0.02805
protocols.relax.FastRelax: CMD: scale:fa_rep  -1025.67  0.181809  0.181809  0.14575
core.pack.task: Packer task: initialize from command line() 
core.pack.pack_rotamers: built 7294 rotamers at 492 positions.
core.pack.interaction_graph.interaction_graph_factory: Instantiating DensePDInteractionGraph
protocols.relax.FastRelax: CMD: repack  -1060.75  0.181809  0.181809  0.14575
protocols.relax.FastRelax: CMD: scale:fa_rep  -1040.7  0.181809  0.181809  0.154
protocols.relax.FastRelax: CMD: min  -1193.97  0.22549  0.22549  0.154
protocols.relax.FastRelax: CMD: coord_cst_weight  -1304.46  0.22549  0.22549  0.154
protocols.relax.FastRelax: CMD: scale:fa_rep  -1124.39  0.22549  0.22549  0.30745
core.pack.task: Packer task: initialize from command line() 
core.pack.pack_rotamers: built 7112 rotamers at 492 positions.
core.pack.interaction_graph.interaction_graph_factory: Instantiating DensePDInteractionGraph
protocols.relax.FastRelax: CMD: repack  -1125.5  0.22549  0.22549  0.30745
protocols.relax.FastRelax: CMD: scale:fa_rep  -1111.59  0.22549  0.22549  0.31955
protocols.relax.FastRelax: CMD: min  -1302.65  3.70807  3.70807  0.31955
protocols.relax.FastRelax: CMD: coord_cst_weight  -1302.65  3.70807  3.70807  0.31955
protocols.relax.FastRelax: CMD: scale:fa_rep  -1098.41  3.70807  3.70807  0.55
core.pack.task: Packer task: initialize from command line() 
core.pack.pack_rotamers: built 6906 rotamers at 492 positions.
core.pack.interaction_graph.interaction_graph_factory: Instantiating DensePDInteractionGraph
protocols.relax.FastRelax: CMD: repack  -1100.86  3.70807  3.70807  0.55
protocols.relax.FastRelax: CMD: min  -1154.45  3.92759  3.92759  0.55
protocols.relax.FastRelax: MRP: 5  -1154.45  -1154.45  3.92759  3.92759  
protocols.relax.FastRelax: CMD: accept_to_best  -1154.45  3.92759  3.92759  0.55
protocols.relax.FastRelax: CMD: endrepeat  -1154.45  3.92759  3.92759  0.55
protocols.relax.FastRelax: CMD: coord_cst_weight  66634.7  3.92759  3.92759  0.55
protocols.relax.FastRelax: CMD: scale:fa_rep  66307.5  3.92759  3.92759  0.022
core.pack.task: Packer task: initialize from command line() 
core.pack.pack_rotamers: built 7673 rotamers at 492 positions.
core.pack.interaction_graph.interaction_graph_factory: Instantiating DensePDInteractionGraph
protocols.relax.FastRelax: CMD: repack  66292.7  3.92759  3.92759  0.022
protocols.relax.FastRelax: CMD: scale:fa_rep  66300.2  3.92759  3.92759  0.02805
core.optimization.Minimizer: [ WARNING ] LBFGS MAX CYCLES 2000 EXCEEDED, BUT FUNC NOT CONVERGED!
protocols.relax.FastRelax: CMD: min  -1270.19  0.18235  0.18235  0.02805
protocols.relax.FastRelax: CMD: coord_cst_weight  -1340.88  0.18235  0.18235  0.02805
protocols.relax.FastRelax: CMD: scale:fa_rep  -1016.55  0.18235  0.18235  0.14575
core.pack.task: Packer task: initialize from command line() 
core.pack.pack_rotamers: built 7320 rotamers at 492 positions.
core.pack.interaction_graph.interaction_graph_factory: Instantiating DensePDInteractionGraph
protocols.relax.FastRelax: CMD: repack  -1061.19  0.18235  0.18235  0.14575
protocols.relax.FastRelax: CMD: scale:fa_rep  -1041.26  0.18235  0.18235  0.154
protocols.relax.FastRelax: CMD: min  -1195.87  0.224841  0.224841  0.154
protocols.relax.FastRelax: CMD: coord_cst_weight  -1305.71  0.224841  0.224841  0.154
protocols.relax.FastRelax: CMD: scale:fa_rep  -1125.51  0.224841  0.224841  0.30745
core.pack.task: Packer task: initialize from command line() 
core.pack.pack_rotamers: built 7102 rotamers at 492 positions.
core.pack.interaction_graph.interaction_graph_factory: Instantiating DensePDInteractionGraph
protocols.relax.FastRelax: CMD: repack  -1127.59  0.224841  0.224841  0.30745
protocols.relax.FastRelax: CMD: scale:fa_rep  -1113.65  0.224841  0.224841  0.31955
protocols.relax.FastRelax: CMD: min  -1296.1  3.20763  3.20763  0.31955
protocols.relax.FastRelax: CMD: coord_cst_weight  -1296.1  3.20763  3.20763  0.31955
protocols.relax.FastRelax: CMD: scale:fa_rep  -1091.75  3.20763  3.20763  0.55
core.pack.task: Packer task: initialize from command line() 
core.pack.pack_rotamers: built 6874 rotamers at 492 positions.
core.pack.interaction_graph.interaction_graph_factory: Instantiating DensePDInteractionGraph
protocols.relax.FastRelax: CMD: repack  -1091.15  3.20763  3.20763  0.55
protocols.relax.FastRelax: CMD: min  -1128.66  3.27141  3.27141  0.55
protocols.relax.FastRelax: MRP: 6  -1128.66  -1154.45  3.92759  3.92759  
protocols.relax.FastRelax: CMD: accept_to_best  -1128.66  3.27141  3.27141  0.55
protocols.relax.FastRelax: CMD: endrepeat  -1128.66  3.27141  3.27141  0.55
protocols.relax.FastRelax: CMD: coord_cst_weight  48125.1  3.27141  3.27141  0.55
protocols.relax.FastRelax: CMD: scale:fa_rep  47783.1  3.27141  3.27141  0.022
core.pack.task: Packer task: initialize from command line() 
core.pack.pack_rotamers: built 7669 rotamers at 492 positions.
core.pack.interaction_graph.interaction_graph_factory: Instantiating DensePDInteractionGraph
protocols.relax.FastRelax: CMD: repack  47774.4  3.27141  3.27141  0.022
protocols.relax.FastRelax: CMD: scale:fa_rep  47782.6  3.27141  3.27141  0.02805
core.optimization.Minimizer: [ WARNING ] LBFGS MAX CYCLES 2000 EXCEEDED, BUT FUNC NOT CONVERGED!
protocols.relax.FastRelax: CMD: min  -1275.03  0.182636  0.182636  0.02805
protocols.relax.FastRelax: CMD: coord_cst_weight  -1345.3  0.182636  0.182636  0.02805
protocols.relax.FastRelax: CMD: scale:fa_rep  -1007.11  0.182636  0.182636  0.14575
core.pack.task: Packer task: initialize from command line() 
core.pack.pack_rotamers: built 7350 rotamers at 492 positions.
core.pack.interaction_graph.interaction_graph_factory: Instantiating DensePDInteractionGraph
protocols.relax.FastRelax: CMD: repack  -1060.77  0.182636  0.182636  0.14575
protocols.relax.FastRelax: CMD: scale:fa_rep  -1040.71  0.182636  0.182636  0.154
protocols.relax.FastRelax: CMD: min  -1195.06  0.226625  0.226625  0.154
protocols.relax.FastRelax: CMD: coord_cst_weight  -1305.92  0.226625  0.226625  0.154
protocols.relax.FastRelax: CMD: scale:fa_rep  -1125.79  0.226625  0.226625  0.30745
core.pack.task: Packer task: initialize from command line() 
core.pack.pack_rotamers: built 7144 rotamers at 492 positions.
core.pack.interaction_graph.interaction_graph_factory: Instantiating DensePDInteractionGraph
protocols.relax.FastRelax: CMD: repack  -1126.5  0.226625  0.226625  0.30745
protocols.relax.FastRelax: CMD: scale:fa_rep  -1112.5  0.226625  0.226625  0.31955
protocols.relax.FastRelax: CMD: min  -1303.87  3.30649  3.30649  0.31955
protocols.relax.FastRelax: CMD: coord_cst_weight  -1303.87  3.30649  3.30649  0.31955
protocols.relax.FastRelax: CMD: scale:fa_rep  -1099.65  3.30649  3.30649  0.55
core.pack.task: Packer task: initialize from command line() 
core.pack.pack_rotamers: built 6971 rotamers at 492 positions.
core.pack.interaction_graph.interaction_graph_factory: Instantiating DensePDInteractionGraph
protocols.relax.FastRelax: CMD: repack  -1102.01  3.30649  3.30649  0.55
protocols.relax.FastRelax: CMD: min  -1151.13  3.27114  3.27114  0.55
protocols.relax.FastRelax: MRP: 7  -1151.13  -1154.45  3.92759  3.92759  
protocols.relax.FastRelax: CMD: accept_to_best  -1151.13  3.27114  3.27114  0.55
protocols.relax.FastRelax: CMD: endrepeat  -1151.13  3.27114  3.27114  0.55
protocols.relax.FastRelax: CMD: coord_cst_weight  59601.7  3.27114  3.27114  0.55
protocols.relax.FastRelax: CMD: scale:fa_rep  59273.1  3.27114  3.27114  0.022
core.pack.task: Packer task: initialize from command line() 
core.pack.pack_rotamers: built 7765 rotamers at 492 positions.
core.pack.interaction_graph.interaction_graph_factory: Instantiating DensePDInteractionGraph
protocols.relax.FastRelax: CMD: repack  59265  3.27114  3.27114  0.022
protocols.relax.FastRelax: CMD: scale:fa_rep  59274.7  3.27114  3.27114  0.02805
core.optimization.Minimizer: [ WARNING ] LBFGS MAX CYCLES 2000 EXCEEDED, BUT FUNC NOT CONVERGED!
protocols.relax.FastRelax: CMD: min  -1280.61  0.181195  0.181195  0.02805
protocols.relax.FastRelax: CMD: coord_cst_weight  -1350.67  0.181195  0.181195  0.02805
protocols.relax.FastRelax: CMD: scale:fa_rep  -1020.7  0.181195  0.181195  0.14575
core.pack.task: Packer task: initialize from command line() 
core.pack.pack_rotamers: built 7415 rotamers at 492 positions.
core.pack.interaction_graph.interaction_graph_factory: Instantiating DensePDInteractionGraph
protocols.relax.FastRelax: CMD: repack  -1056.66  0.181195  0.181195  0.14575
protocols.relax.FastRelax: CMD: scale:fa_rep  -1036.57  0.181195  0.181195  0.154
protocols.relax.FastRelax: CMD: min  -1196.11  0.226216  0.226216  0.154
protocols.relax.FastRelax: CMD: coord_cst_weight  -1306.46  0.226216  0.226216  0.154
protocols.relax.FastRelax: CMD: scale:fa_rep  -1127.91  0.226216  0.226216  0.30745
core.pack.task: Packer task: initialize from command line() 
core.pack.pack_rotamers: built 7150 rotamers at 492 positions.
core.pack.interaction_graph.interaction_graph_factory: Instantiating DensePDInteractionGraph
protocols.relax.FastRelax: CMD: repack  -1129.54  0.226216  0.226216  0.30745
protocols.relax.FastRelax: CMD: scale:fa_rep  -1115.76  0.226216  0.226216  0.31955
protocols.relax.FastRelax: CMD: min  -1307.56  3.913  3.913  0.31955
protocols.relax.FastRelax: CMD: coord_cst_weight  -1307.56  3.913  3.913  0.31955
protocols.relax.FastRelax: CMD: scale:fa_rep  -1103.46  3.913  3.913  0.55
core.pack.task: Packer task: initialize from command line() 
core.pack.pack_rotamers: built 6886 rotamers at 492 positions.
core.pack.interaction_graph.interaction_graph_factory: Instantiating DensePDInteractionGraph
protocols.relax.FastRelax: CMD: repack  -1104.34  3.913  3.913  0.55
protocols.relax.FastRelax: CMD: min  -1161.43  4.0248  4.0248  0.55
protocols.relax.FastRelax: MRP: 8  -1161.43  -1161.43  4.0248  4.0248  
protocols.relax.FastRelax: CMD: accept_to_best  -1161.43  4.0248  4.0248  0.55
protocols.relax.FastRelax: CMD: endrepeat  -1161.43  4.0248  4.0248  0.55
protocols.relax.FastRelax: CMD: coord_cst_weight  73152.4  4.0248  4.0248  0.55
protocols.relax.FastRelax: CMD: scale:fa_rep  72826  4.0248  4.0248  0.022
core.pack.task: Packer task: initialize from command line() 
core.pack.pack_rotamers: built 7710 rotamers at 492 positions.
core.pack.interaction_graph.interaction_graph_factory: Instantiating DensePDInteractionGraph
protocols.relax.FastRelax: CMD: repack  72809.7  4.0248  4.0248  0.022
protocols.relax.FastRelax: CMD: scale:fa_rep  72816.8  4.0248  4.0248  0.02805
core.optimization.Minimizer: [ WARNING ] LBFGS MAX CYCLES 2000 EXCEEDED, BUT FUNC NOT CONVERGED!
protocols.relax.FastRelax: CMD: min  -1267.97  0.185556  0.185556  0.02805
protocols.relax.FastRelax: CMD: coord_cst_weight  -1341.82  0.185556  0.185556  0.02805
protocols.relax.FastRelax: CMD: scale:fa_rep  -1018.2  0.185556  0.185556  0.14575
core.pack.task: Packer task: initialize from command line() 
core.pack.pack_rotamers: built 7344 rotamers at 492 positions.
core.pack.interaction_graph.interaction_graph_factory: Instantiating DensePDInteractionGraph
protocols.relax.FastRelax: CMD: repack  -1055.13  0.185556  0.185556  0.14575
protocols.relax.FastRelax: CMD: scale:fa_rep  -1035.12  0.185556  0.185556  0.154
protocols.relax.FastRelax: CMD: min  -1196.57  0.226356  0.226356  0.154
protocols.relax.FastRelax: CMD: coord_cst_weight  -1307.11  0.226356  0.226356  0.154
protocols.relax.FastRelax: CMD: scale:fa_rep  -1128.17  0.226356  0.226356  0.30745
core.pack.task: Packer task: initialize from command line() 
core.pack.pack_rotamers: built 7102 rotamers at 492 positions.
core.pack.interaction_graph.interaction_graph_factory: Instantiating DensePDInteractionGraph
protocols.relax.FastRelax: CMD: repack  -1131.78  0.226356  0.226356  0.30745
protocols.relax.FastRelax: CMD: scale:fa_rep  -1117.92  0.226356  0.226356  0.31955
protocols.relax.FastRelax: CMD: min  -1306.72  3.56143  3.56143  0.31955
protocols.relax.FastRelax: CMD: coord_cst_weight  -1306.72  3.56143  3.56143  0.31955
protocols.relax.FastRelax: CMD: scale:fa_rep  -1101.71  3.56143  3.56143  0.55
core.pack.task: Packer task: initialize from command line() 
core.pack.pack_rotamers: built 6888 rotamers at 492 positions.
core.pack.interaction_graph.interaction_graph_factory: Instantiating DensePDInteractionGraph
protocols.relax.FastRelax: CMD: repack  -1104.3  3.56143  3.56143  0.55
protocols.relax.FastRelax: CMD: min  -1157.34  4.08185  4.08185  0.55
protocols.relax.FastRelax: MRP: 9  -1157.34  -1161.43  4.0248  4.0248  
protocols.relax.FastRelax: CMD: accept_to_best  -1157.34  4.08185  4.08185  0.55
protocols.relax.FastRelax: CMD: endrepeat  -1157.34  4.08185  4.08185  0.55
protocols.relax.FastRelax: CMD: coord_cst_weight  77663.7  4.08185  4.08185  0.55
protocols.relax.FastRelax: CMD: scale:fa_rep  77338.4  4.08185  4.08185  0.022
core.pack.task: Packer task: initialize from command line() 
core.pack.pack_rotamers: built 7674 rotamers at 492 positions.
core.pack.interaction_graph.interaction_graph_factory: Instantiating DensePDInteractionGraph
protocols.relax.FastRelax: CMD: repack  77323.7  4.08185  4.08185  0.022
protocols.relax.FastRelax: CMD: scale:fa_rep  77331.2  4.08185  4.08185  0.02805
core.optimization.Minimizer: [ WARNING ] LBFGS MAX CYCLES 2000 EXCEEDED, BUT FUNC NOT CONVERGED!
protocols.relax.FastRelax: CMD: min  -1277.67  0.179281  0.179281  0.02805
protocols.relax.FastRelax: CMD: coord_cst_weight  -1347.92  0.179281  0.179281  0.02805
protocols.relax.FastRelax: CMD: scale:fa_rep  -1018.93  0.179281  0.179281  0.14575
core.pack.task: Packer task: initialize from command line() 
core.pack.pack_rotamers: built 7368 rotamers at 492 positions.
core.pack.interaction_graph.interaction_graph_factory: Instantiating DensePDInteractionGraph
protocols.relax.FastRelax: CMD: repack  -1054.95  0.179281  0.179281  0.14575
protocols.relax.FastRelax: CMD: scale:fa_rep  -1034.66  0.179281  0.179281  0.154
protocols.relax.FastRelax: CMD: min  -1195.86  0.225718  0.225718  0.154
protocols.relax.FastRelax: CMD: coord_cst_weight  -1306.24  0.225718  0.225718  0.154
protocols.relax.FastRelax: CMD: scale:fa_rep  -1125.94  0.225718  0.225718  0.30745
core.pack.task: Packer task: initialize from command line() 
core.pack.pack_rotamers: built 7126 rotamers at 492 positions.
core.pack.interaction_graph.interaction_graph_factory: Instantiating DensePDInteractionGraph
protocols.relax.FastRelax: CMD: repack  -1127.86  0.225718  0.225718  0.30745
protocols.relax.FastRelax: CMD: scale:fa_rep  -1113.9  0.225718  0.225718  0.31955
protocols.relax.FastRelax: CMD: min  -1299.83  3.20051  3.20051  0.31955
protocols.relax.FastRelax: CMD: coord_cst_weight  -1299.83  3.20051  3.20051  0.31955
protocols.relax.FastRelax: CMD: scale:fa_rep  -1092.86  3.20051  3.20051  0.55
core.pack.task: Packer task: initialize from command line() 
core.pack.pack_rotamers: built 6926 rotamers at 492 positions.
core.pack.interaction_graph.interaction_graph_factory: Instantiating DensePDInteractionGraph
protocols.relax.FastRelax: CMD: repack  -1096.58  3.20051  3.20051  0.55
protocols.relax.FastRelax: CMD: min  -1155.7  3.91803  3.91803  0.55
protocols.relax.FastRelax: MRP: 10  -1155.7  -1161.43  4.0248  4.0248  
protocols.relax.FastRelax: CMD: accept_to_best  -1155.7  3.91803  3.91803  0.55
protocols.relax.FastRelax: CMD: endrepeat  -1155.7  3.91803  3.91803  0.55
protocols.relax.FastRelax: CMD: coord_cst_weight  67852.6  3.91803  3.91803  0.55
protocols.relax.FastRelax: CMD: scale:fa_rep  67526.9  3.91803  3.91803  0.022
core.pack.task: Packer task: initialize from command line() 
core.pack.pack_rotamers: built 7689 rotamers at 492 positions.
core.pack.interaction_graph.interaction_graph_factory: Instantiating DensePDInteractionGraph
protocols.relax.FastRelax: CMD: repack  67509.9  3.91803  3.91803  0.022
protocols.relax.FastRelax: CMD: scale:fa_rep  67517.4  3.91803  3.91803  0.02805
core.optimization.Minimizer: [ WARNING ] LBFGS MAX CYCLES 2000 EXCEEDED, BUT FUNC NOT CONVERGED!
protocols.relax.FastRelax: CMD: min  -1286.96  0.17971  0.17971  0.02805
protocols.relax.FastRelax: CMD: coord_cst_weight  -1355.67  0.17971  0.17971  0.02805
protocols.relax.FastRelax: CMD: scale:fa_rep  -1022.68  0.17971  0.17971  0.14575
core.pack.task: Packer task: initialize from command line() 
core.pack.pack_rotamers: built 7325 rotamers at 492 positions.
core.pack.interaction_graph.interaction_graph_factory: Instantiating DensePDInteractionGraph
protocols.relax.FastRelax: CMD: repack  -1057.45  0.17971  0.17971  0.14575
protocols.relax.FastRelax: CMD: scale:fa_rep  -1036.59  0.17971  0.17971  0.154
protocols.relax.FastRelax: CMD: min  -1196.43  0.226841  0.226841  0.154
protocols.relax.FastRelax: CMD: coord_cst_weight  -1307.61  0.226841  0.226841  0.154
protocols.relax.FastRelax: CMD: scale:fa_rep  -1127.59  0.226841  0.226841  0.30745
core.pack.task: Packer task: initialize from command line() 
core.pack.pack_rotamers: built 7153 rotamers at 492 positions.
core.pack.interaction_graph.interaction_graph_factory: Instantiating DensePDInteractionGraph
protocols.relax.FastRelax: CMD: repack  -1129.08  0.226841  0.226841  0.30745
protocols.relax.FastRelax: CMD: scale:fa_rep  -1115.13  0.226841  0.226841  0.31955
protocols.relax.FastRelax: CMD: min  -1310.36  3.74847  3.74847  0.31955
protocols.relax.FastRelax: CMD: coord_cst_weight  -1310.36  3.74847  3.74847  0.31955
protocols.relax.FastRelax: CMD: scale:fa_rep  -1107.94  3.74847  3.74847  0.55
core.pack.task: Packer task: initialize from command line() 
core.pack.pack_rotamers: built 6894 rotamers at 492 positions.
core.pack.interaction_graph.interaction_graph_factory: Instantiating DensePDInteractionGraph
protocols.relax.FastRelax: CMD: repack  -1109.86  3.74847  3.74847  0.55
protocols.relax.FastRelax: CMD: min  -1157.59  4.16682  4.16682  0.55
protocols.relax.FastRelax: MRP: 11  -1157.59  -1161.43  4.0248  4.0248  
protocols.relax.FastRelax: CMD: accept_to_best  -1157.59  4.16682  4.16682  0.55
protocols.relax.FastRelax: CMD: endrepeat  -1157.59  4.16682  4.16682  0.55
protocols.relax.FastRelax: CMD: coord_cst_weight  82688  4.16682  4.16682  0.55
protocols.relax.FastRelax: CMD: scale:fa_rep  82364.4  4.16682  4.16682  0.022
core.pack.task: Packer task: initialize from command line() 
core.pack.pack_rotamers: built 7661 rotamers at 492 positions.
core.pack.interaction_graph.interaction_graph_factory: Instantiating DensePDInteractionGraph
protocols.relax.FastRelax: CMD: repack  82339.7  4.16682  4.16682  0.022
protocols.relax.FastRelax: CMD: scale:fa_rep  82346  4.16682  4.16682  0.02805
core.optimization.Minimizer: [ WARNING ] LBFGS MAX CYCLES 2000 EXCEEDED, BUT FUNC NOT CONVERGED!
protocols.relax.FastRelax: CMD: min  -1285.74  0.180608  0.180608  0.02805
protocols.relax.FastRelax: CMD: coord_cst_weight  -1355.64  0.180608  0.180608  0.02805
protocols.relax.FastRelax: CMD: scale:fa_rep  -1031.39  0.180608  0.180608  0.14575
core.pack.task: Packer task: initialize from command line() 
core.pack.pack_rotamers: built 7359 rotamers at 492 positions.
core.pack.interaction_graph.interaction_graph_factory: Instantiating DensePDInteractionGraph
protocols.relax.FastRelax: CMD: repack  -1058.87  0.180608  0.180608  0.14575
protocols.relax.FastRelax: CMD: scale:fa_rep  -1038.15  0.180608  0.180608  0.154
protocols.relax.FastRelax: CMD: min  -1198.17  0.226811  0.226811  0.154
protocols.relax.FastRelax: CMD: coord_cst_weight  -1309.07  0.226811  0.226811  0.154
protocols.relax.FastRelax: CMD: scale:fa_rep  -1128.31  0.226811  0.226811  0.30745
core.pack.task: Packer task: initialize from command line() 
core.pack.pack_rotamers: built 7138 rotamers at 492 positions.
core.pack.interaction_graph.interaction_graph_factory: Instantiating DensePDInteractionGraph
protocols.relax.FastRelax: CMD: repack  -1125.97  0.226811  0.226811  0.30745
protocols.relax.FastRelax: CMD: scale:fa_rep  -1112.06  0.226811  0.226811  0.31955
protocols.relax.FastRelax: CMD: min  -1306.59  3.60985  3.60985  0.31955
protocols.relax.FastRelax: CMD: coord_cst_weight  -1306.59  3.60985  3.60985  0.31955
protocols.relax.FastRelax: CMD: scale:fa_rep  -1104.2  3.60985  3.60985  0.55
core.pack.task: Packer task: initialize from command line() 
core.pack.pack_rotamers: built 6897 rotamers at 492 positions.
core.pack.interaction_graph.interaction_graph_factory: Instantiating DensePDInteractionGraph
protocols.relax.FastRelax: CMD: repack  -1109.41  3.60985  3.60985  0.55
protocols.relax.FastRelax: CMD: min  -1158.92  3.68737  3.68737  0.55
protocols.relax.FastRelax: MRP: 12  -1158.92  -1161.43  4.0248  4.0248  
protocols.relax.FastRelax: CMD: accept_to_best  -1158.92  3.68737  3.68737  0.55
protocols.relax.FastRelax: CMD: endrepeat  -1158.92  3.68737  3.68737  0.55
protocols.relax.FastRelax: CMD: coord_cst_weight  64213.5  3.68737  3.68737  0.55
protocols.relax.FastRelax: CMD: scale:fa_rep  63891  3.68737  3.68737  0.022
core.pack.task: Packer task: initialize from command line() 
core.pack.pack_rotamers: built 7701 rotamers at 492 positions.
core.pack.interaction_graph.interaction_graph_factory: Instantiating DensePDInteractionGraph
protocols.relax.FastRelax: CMD: repack  63872.2  3.68737  3.68737  0.022
protocols.relax.FastRelax: CMD: scale:fa_rep  63878.4  3.68737  3.68737  0.02805
core.optimization.Minimizer: [ WARNING ] LBFGS MAX CYCLES 2000 EXCEEDED, BUT FUNC NOT CONVERGED!
protocols.relax.FastRelax: CMD: min  -1275.19  0.186804  0.186804  0.02805
protocols.relax.FastRelax: CMD: coord_cst_weight  -1348.95  0.186804  0.186804  0.02805
protocols.relax.FastRelax: CMD: scale:fa_rep  -1031.08  0.186804  0.186804  0.14575
core.pack.task: Packer task: initialize from command line() 
core.pack.pack_rotamers: built 7293 rotamers at 492 positions.
core.pack.interaction_graph.interaction_graph_factory: Instantiating DensePDInteractionGraph
protocols.relax.FastRelax: CMD: repack  -1058.04  0.186804  0.186804  0.14575
protocols.relax.FastRelax: CMD: scale:fa_rep  -1037.87  0.186804  0.186804  0.154
protocols.relax.FastRelax: CMD: min  -1195.96  0.227989  0.227989  0.154
protocols.relax.FastRelax: CMD: coord_cst_weight  -1308.18  0.227989  0.227989  0.154
protocols.relax.FastRelax: CMD: scale:fa_rep  -1128.67  0.227989  0.227989  0.30745
core.pack.task: Packer task: initialize from command line() 
core.pack.pack_rotamers: built 7135 rotamers at 492 positions.
core.pack.interaction_graph.interaction_graph_factory: Instantiating DensePDInteractionGraph
protocols.relax.FastRelax: CMD: repack  -1129.89  0.227989  0.227989  0.30745
protocols.relax.FastRelax: CMD: scale:fa_rep  -1115.98  0.227989  0.227989  0.31955
protocols.relax.FastRelax: CMD: min  -1302.44  3.18401  3.18401  0.31955
protocols.relax.FastRelax: CMD: coord_cst_weight  -1302.44  3.18401  3.18401  0.31955
protocols.relax.FastRelax: CMD: scale:fa_rep  -1098.39  3.18401  3.18401  0.55
core.pack.task: Packer task: initialize from command line() 
core.pack.pack_rotamers: built 6918 rotamers at 492 positions.
core.pack.interaction_graph.interaction_graph_factory: Instantiating DensePDInteractionGraph
protocols.relax.FastRelax: CMD: repack  -1098.4  3.18401  3.18401  0.55
protocols.relax.FastRelax: CMD: min  -1153.26  3.7578  3.7578  0.55
protocols.relax.FastRelax: MRP: 13  -1153.26  -1161.43  4.0248  4.0248  
protocols.relax.FastRelax: CMD: accept_to_best  -1153.26  3.7578  3.7578  0.55
protocols.relax.FastRelax: CMD: endrepeat  -1153.26  3.7578  3.7578  0.55
protocols.relax.FastRelax: CMD: coord_cst_weight  66561.2  3.7578  3.7578  0.55
protocols.relax.FastRelax: CMD: scale:fa_rep  66235  3.7578  3.7578  0.022
core.pack.task: Packer task: initialize from command line() 
core.pack.pack_rotamers: built 7715 rotamers at 492 positions.
core.pack.interaction_graph.interaction_graph_factory: Instantiating DensePDInteractionGraph
protocols.relax.FastRelax: CMD: repack  66233.7  3.7578  3.7578  0.022
protocols.relax.FastRelax: CMD: scale:fa_rep  66246.3  3.7578  3.7578  0.02805
core.optimization.Minimizer: [ WARNING ] LBFGS MAX CYCLES 2000 EXCEEDED, BUT FUNC NOT CONVERGED!
protocols.relax.FastRelax: CMD: min  -1262.52  0.187075  0.187075  0.02805
protocols.relax.FastRelax: CMD: coord_cst_weight  -1335.14  0.187075  0.187075  0.02805
protocols.relax.FastRelax: CMD: scale:fa_rep  -991.509  0.187075  0.187075  0.14575
core.pack.task: Packer task: initialize from command line() 
core.pack.pack_rotamers: built 7324 rotamers at 492 positions.
core.pack.interaction_graph.interaction_graph_factory: Instantiating DensePDInteractionGraph
protocols.relax.FastRelax: CMD: repack  -1042.89  0.187075  0.187075  0.14575
protocols.relax.FastRelax: CMD: scale:fa_rep  -1022.88  0.187075  0.187075  0.154
protocols.relax.FastRelax: CMD: min  -1190.15  0.226257  0.226257  0.154
protocols.relax.FastRelax: CMD: coord_cst_weight  -1300.92  0.226257  0.226257  0.154
protocols.relax.FastRelax: CMD: scale:fa_rep  -1122.61  0.226257  0.226257  0.30745
core.pack.task: Packer task: initialize from command line() 
core.pack.pack_rotamers: built 7092 rotamers at 492 positions.
core.pack.interaction_graph.interaction_graph_factory: Instantiating DensePDInteractionGraph
protocols.relax.FastRelax: CMD: repack  -1124.79  0.226257  0.226257  0.30745
protocols.relax.FastRelax: CMD: scale:fa_rep  -1111  0.226257  0.226257  0.31955
protocols.relax.FastRelax: CMD: min  -1292.09  3.18033  3.18033  0.31955
protocols.relax.FastRelax: CMD: coord_cst_weight  -1292.09  3.18033  3.18033  0.31955
protocols.relax.FastRelax: CMD: scale:fa_rep  -1088.38  3.18033  3.18033  0.55
core.pack.task: Packer task: initialize from command line() 
core.pack.pack_rotamers: built 6917 rotamers at 492 positions.
core.pack.interaction_graph.interaction_graph_factory: Instantiating DensePDInteractionGraph
protocols.relax.FastRelax: CMD: repack  -1089.65  3.18033  3.18033  0.55
protocols.relax.FastRelax: CMD: min  -1159.29  4.01936  4.01936  0.55
protocols.relax.FastRelax: MRP: 14  -1159.29  -1161.43  4.0248  4.0248  
protocols.relax.FastRelax: CMD: accept_to_best  -1159.29  4.01936  4.01936  0.55
protocols.relax.FastRelax: CMD: endrepeat  -1159.29  4.01936  4.01936  0.55
protocols::checkpoint: Deleting checkpoints of FastRelax
protocols.jd2.JobDistributor: target.BL00010001_8_0003 reported success in 14047 seconds
protocols.jd2.PDBJobInputter: PDBJobInputter::pose_from_job
protocols.jd2.PDBJobInputter: filling pose from PDB ../1-modeller/target.BL00010001.pdb
core.import_pose.import_pose: File '../1-modeller/target.BL00010001.pdb' automatically determined to be of type PDB from contents.
core.io.rcsb.ExperimentalTechnique: [ ERROR ] Unrecognized experimental technique string 'THEORETICAL MODEL, MODELLER 10.8 2026/08/10 16:18:02'
protocols.relax.FastRelax: CMD: repeat  4476.34  0  0  0.55
protocols.relax.FastRelax: CMD: coord_cst_weight  4476.34  0  0  0.55
protocols.relax.FastRelax: CMD: scale:fa_rep  806.987  0  0  0.022
core.pack.task: Packer task: initialize from command line() 
core.pack.pack_rotamers: built 8129 rotamers at 492 positions.
core.pack.interaction_graph.interaction_graph_factory: Instantiating DensePDInteractionGraph
protocols.relax.FastRelax: CMD: repack  -876.527  0  0  0.022
protocols.relax.FastRelax: CMD: scale:fa_rep  -838.813  0  0  0.02805
core.optimization.Minimizer: [ WARNING ] LBFGS MAX CYCLES 2000 EXCEEDED, BUT FUNC NOT CONVERGED!
protocols.relax.FastRelax: CMD: min  -1291.99  0.150404  0.150404  0.02805
protocols.relax.FastRelax: CMD: coord_cst_weight  -1339.42  0.150404  0.150404  0.02805
protocols.relax.FastRelax: CMD: scale:fa_rep  -967.103  0.150404  0.150404  0.14575
core.pack.task: Packer task: initialize from command line() 
core.pack.pack_rotamers: built 7429 rotamers at 492 positions.
core.pack.interaction_graph.interaction_graph_factory: Instantiating DensePDInteractionGraph
protocols.relax.FastRelax: CMD: repack  -1011.52  0.150404  0.150404  0.14575
protocols.relax.FastRelax: CMD: scale:fa_rep  -990.015  0.150404  0.150404  0.154
protocols.relax.FastRelax: CMD: min  -1170.49  0.204437  0.204437  0.154
protocols.relax.FastRelax: CMD: coord_cst_weight  -1260.81  0.204437  0.204437  0.154
protocols.relax.FastRelax: CMD: scale:fa_rep  -1070.3  0.204437  0.204437  0.30745
core.pack.task: Packer task: initialize from command line() 
core.pack.pack_rotamers: built 7183 rotamers at 492 positions.
core.pack.interaction_graph.interaction_graph_factory: Instantiating DensePDInteractionGraph
protocols.relax.FastRelax: CMD: repack  -1062.67  0.204437  0.204437  0.30745
protocols.relax.FastRelax: CMD: scale:fa_rep  -1047.89  0.204437  0.204437  0.31955
protocols.relax.FastRelax: CMD: min  -1235.86  2.93469  2.93469  0.31955
protocols.relax.FastRelax: CMD: coord_cst_weight  -1235.86  2.93469  2.93469  0.31955
protocols.relax.FastRelax: CMD: scale:fa_rep  -1027.39  2.93469  2.93469  0.55
core.pack.task: Packer task: initialize from command line() 
core.pack.pack_rotamers: built 7042 rotamers at 492 positions.
core.pack.interaction_graph.interaction_graph_factory: Instantiating DensePDInteractionGraph
protocols.relax.FastRelax: CMD: repack  -1032.89  2.93469  2.93469  0.55
protocols.relax.FastRelax: CMD: min  -1093.23  3.14223  3.14223  0.55
protocols.relax.FastRelax: MRP: 0  -1093.23  -1093.23  3.14223  3.14223  
protocols.relax.FastRelax: CMD: accept_to_best  -1093.23  3.14223  3.14223  0.55
protocols.relax.FastRelax: CMD: endrepeat  -1093.23  3.14223  3.14223  0.55
protocols.relax.FastRelax: CMD: coord_cst_weight  78023.6  3.14223  3.14223  0.55
protocols.relax.FastRelax: CMD: scale:fa_rep  77692.9  3.14223  3.14223  0.022
core.pack.task: Packer task: initialize from command line() 
core.pack.pack_rotamers: built 7843 rotamers at 492 positions.
core.pack.interaction_graph.interaction_graph_factory: Instantiating DensePDInteractionGraph
protocols.relax.FastRelax: CMD: repack  77681.5  3.14223  3.14223  0.022
protocols.relax.FastRelax: CMD: scale:fa_rep  77694.4  3.14223  3.14223  0.02805
core.optimization.Minimizer: [ WARNING ] LBFGS MAX CYCLES 2000 EXCEEDED, BUT FUNC NOT CONVERGED!
protocols.relax.FastRelax: CMD: min  -1259.21  0.174854  0.174854  0.02805
protocols.relax.FastRelax: CMD: coord_cst_weight  -1325.46  0.174854  0.174854  0.02805
protocols.relax.FastRelax: CMD: scale:fa_rep  -988.527  0.174854  0.174854  0.14575
core.pack.task: Packer task: initialize from command line() 
core.pack.pack_rotamers: built 7373 rotamers at 492 positions.
core.pack.interaction_graph.interaction_graph_factory: Instantiating DensePDInteractionGraph
protocols.relax.FastRelax: CMD: repack  -1034.45  0.174854  0.174854  0.14575
protocols.relax.FastRelax: CMD: scale:fa_rep  -1014.08  0.174854  0.174854  0.154
protocols.relax.FastRelax: CMD: min  -1179.59  0.214819  0.214819  0.154
protocols.relax.FastRelax: CMD: coord_cst_weight  -1281.03  0.214819  0.214819  0.154
protocols.relax.FastRelax: CMD: scale:fa_rep  -1097.41  0.214819  0.214819  0.30745
core.pack.task: Packer task: initialize from command line() 
core.pack.pack_rotamers: built 7189 rotamers at 492 positions.
core.pack.interaction_graph.interaction_graph_factory: Instantiating DensePDInteractionGraph
protocols.relax.FastRelax: CMD: repack  -1098.6  0.214819  0.214819  0.30745
protocols.relax.FastRelax: CMD: scale:fa_rep  -1084.19  0.214819  0.214819  0.31955
protocols.relax.FastRelax: CMD: min  -1282.42  3.20863  3.20863  0.31955
protocols.relax.FastRelax: CMD: coord_cst_weight  -1282.42  3.20863  3.20863  0.31955
protocols.relax.FastRelax: CMD: scale:fa_rep  -1074.52  3.20863  3.20863  0.55
core.pack.task: Packer task: initialize from command line() 
core.pack.pack_rotamers: built 7063 rotamers at 492 positions.
core.pack.interaction_graph.interaction_graph_factory: Instantiating DensePDInteractionGraph
protocols.relax.FastRelax: CMD: repack  -1075  3.20863  3.20863  0.55
protocols.relax.FastRelax: CMD: min  -1127.13  3.56189  3.56189  0.55
protocols.relax.FastRelax: MRP: 1  -1127.13  -1127.13  3.56189  3.56189  
protocols.relax.FastRelax: CMD: accept_to_best  -1127.13  3.56189  3.56189  0.55
protocols.relax.FastRelax: CMD: endrepeat  -1127.13  3.56189  3.56189  0.55
protocols.relax.FastRelax: CMD: coord_cst_weight  73765.5  3.56189  3.56189  0.55
protocols.relax.FastRelax: CMD: scale:fa_rep  73431.6  3.56189  3.56189  0.022
core.pack.task: Packer task: initialize from command line() 
core.pack.pack_rotamers: built 7791 rotamers at 492 positions.
core.pack.interaction_graph.interaction_graph_factory: Instantiating DensePDInteractionGraph
protocols.relax.FastRelax: CMD: repack  73409.8  3.56189  3.56189  0.022
protocols.relax.FastRelax: CMD: scale:fa_rep  73418.2  3.56189  3.56189  0.02805
core.optimization.Minimizer: [ WARNING ] LBFGS MAX CYCLES 2000 EXCEEDED, BUT FUNC NOT CONVERGED!
protocols.relax.FastRelax: CMD: min  -1259.32  0.178171  0.178171  0.02805
protocols.relax.FastRelax: CMD: coord_cst_weight  -1329.09  0.178171  0.178171  0.02805
protocols.relax.FastRelax: CMD: scale:fa_rep  -997.871  0.178171  0.178171  0.14575
core.pack.task: Packer task: initialize from command line() 
core.pack.pack_rotamers: built 7428 rotamers at 492 positions.
core.pack.interaction_graph.interaction_graph_factory: Instantiating DensePDInteractionGraph
protocols.relax.FastRelax: CMD: repack  -1048.09  0.178171  0.178171  0.14575
protocols.relax.FastRelax: CMD: scale:fa_rep  -1028.26  0.178171  0.178171  0.154
protocols.relax.FastRelax: CMD: min  -1184.98  0.218616  0.218616  0.154
protocols.relax.FastRelax: CMD: coord_cst_weight  -1289.93  0.218616  0.218616  0.154
protocols.relax.FastRelax: CMD: scale:fa_rep  -1108.52  0.218616  0.218616  0.30745
core.pack.task: Packer task: initialize from command line() 
core.pack.pack_rotamers: built 7189 rotamers at 492 positions.
core.pack.interaction_graph.interaction_graph_factory: Instantiating DensePDInteractionGraph
protocols.relax.FastRelax: CMD: repack  -1109.12  0.218616  0.218616  0.30745
protocols.relax.FastRelax: CMD: scale:fa_rep  -1094.92  0.218616  0.218616  0.31955
protocols.relax.FastRelax: CMD: min  -1287.28  3.20787  3.20787  0.31955
protocols.relax.FastRelax: CMD: coord_cst_weight  -1287.28  3.20787  3.20787  0.31955
protocols.relax.FastRelax: CMD: scale:fa_rep  -1080.33  3.20787  3.20787  0.55
core.pack.task: Packer task: initialize from command line() 
core.pack.pack_rotamers: built 6997 rotamers at 492 positions.
core.pack.interaction_graph.interaction_graph_factory: Instantiating DensePDInteractionGraph
protocols.relax.FastRelax: CMD: repack  -1080.56  3.20787  3.20787  0.55
protocols.relax.FastRelax: CMD: min  -1131.2  3.28391  3.28391  0.55
protocols.relax.FastRelax: MRP: 2  -1131.2  -1131.2  3.28391  3.28391  
protocols.relax.FastRelax: CMD: accept_to_best  -1131.2  3.28391  3.28391  0.55
protocols.relax.FastRelax: CMD: endrepeat  -1131.2  3.28391  3.28391  0.55
protocols.relax.FastRelax: CMD: coord_cst_weight  66698.6  3.28391  3.28391  0.55
protocols.relax.FastRelax: CMD: scale:fa_rep  66369.2  3.28391  3.28391  0.022
core.pack.task: Packer task: initialize from command line() 
core.pack.pack_rotamers: built 7849 rotamers at 492 positions.
core.pack.interaction_graph.interaction_graph_factory: Instantiating DensePDInteractionGraph
protocols.relax.FastRelax: CMD: repack  66349.4  3.28391  3.28391  0.022
protocols.relax.FastRelax: CMD: scale:fa_rep  66358.8  3.28391  3.28391  0.02805
core.optimization.Minimizer: [ WARNING ] LBFGS MAX CYCLES 2000 EXCEEDED, BUT FUNC NOT CONVERGED!
protocols.relax.FastRelax: CMD: min  -1258.08  0.179228  0.179228  0.02805
protocols.relax.FastRelax: CMD: coord_cst_weight  -1326.23  0.179228  0.179228  0.02805
protocols.relax.FastRelax: CMD: scale:fa_rep  -980.193  0.179228  0.179228  0.14575
core.pack.task: Packer task: initialize from command line() 
core.pack.pack_rotamers: built 7417 rotamers at 492 positions.
core.pack.interaction_graph.interaction_graph_factory: Instantiating DensePDInteractionGraph
protocols.relax.FastRelax: CMD: repack  -1018.49  0.179228  0.179228  0.14575
protocols.relax.FastRelax: CMD: scale:fa_rep  -998.133  0.179228  0.179228  0.154
protocols.relax.FastRelax: CMD: min  -1164.78  0.222761  0.222761  0.154
protocols.relax.FastRelax: CMD: coord_cst_weight  -1272.27  0.222761  0.222761  0.154
protocols.relax.FastRelax: CMD: scale:fa_rep  -1088.87  0.222761  0.222761  0.30745
core.pack.task: Packer task: initialize from command line() 
core.pack.pack_rotamers: built 7193 rotamers at 492 positions.
core.pack.interaction_graph.interaction_graph_factory: Instantiating DensePDInteractionGraph
protocols.relax.FastRelax: CMD: repack  -1089.77  0.222761  0.222761  0.30745
protocols.relax.FastRelax: CMD: scale:fa_rep  -1075.28  0.222761  0.222761  0.31955
protocols.relax.FastRelax: CMD: min  -1267.79  3.12604  3.12604  0.31955
protocols.relax.FastRelax: CMD: coord_cst_weight  -1267.79  3.12604  3.12604  0.31955
protocols.relax.FastRelax: CMD: scale:fa_rep  -1062.41  3.12604  3.12604  0.55
core.pack.task: Packer task: initialize from command line() 
core.pack.pack_rotamers: built 6994 rotamers at 492 positions.
core.pack.interaction_graph.interaction_graph_factory: Instantiating DensePDInteractionGraph
protocols.relax.FastRelax: CMD: repack  -1067.05  3.12604  3.12604  0.55
protocols.relax.FastRelax: CMD: min  -1127.32  3.45386  3.45386  0.55
protocols.relax.FastRelax: MRP: 3  -1127.32  -1131.2  3.28391  3.28391  
protocols.relax.FastRelax: CMD: accept_to_best  -1127.32  3.45386  3.45386  0.55
protocols.relax.FastRelax: CMD: endrepeat  -1127.32  3.45386  3.45386  0.55
protocols.relax.FastRelax: CMD: coord_cst_weight  75197.4  3.45386  3.45386  0.55
protocols.relax.FastRelax: CMD: scale:fa_rep  74871  3.45386  3.45386  0.022
core.pack.task: Packer task: initialize from command line() 
core.pack.pack_rotamers: built 7801 rotamers at 492 positions.
core.pack.interaction_graph.interaction_graph_factory: Instantiating DensePDInteractionGraph
protocols.relax.FastRelax: CMD: repack  74853  3.45386  3.45386  0.022
protocols.relax.FastRelax: CMD: scale:fa_rep  74861.3  3.45386  3.45386  0.02805
core.optimization.Minimizer: [ WARNING ] LBFGS MAX CYCLES 2000 EXCEEDED, BUT FUNC NOT CONVERGED!
protocols.relax.FastRelax: CMD: min  -1247  0.183932  0.183932  0.02805
protocols.relax.FastRelax: CMD: coord_cst_weight  -1322.65  0.183932  0.183932  0.02805
protocols.relax.FastRelax: CMD: scale:fa_rep  -972.729  0.183932  0.183932  0.14575
core.pack.task: Packer task: initialize from command line() 
core.pack.pack_rotamers: built 7347 rotamers at 492 positions.
core.pack.interaction_graph.interaction_graph_factory: Instantiating DensePDInteractionGraph
protocols.relax.FastRelax: CMD: repack  -1025.59  0.183932  0.183932  0.14575
protocols.relax.FastRelax: CMD: scale:fa_rep  -1005.45  0.183932  0.183932  0.154
protocols.relax.FastRelax: CMD: min  -1172.71  0.220966  0.220966  0.154
protocols.relax.FastRelax: CMD: coord_cst_weight  -1281.77  0.220966  0.220966  0.154
protocols.relax.FastRelax: CMD: scale:fa_rep  -1100.81  0.220966  0.220966  0.30745
core.pack.task: Packer task: initialize from command line() 
core.pack.pack_rotamers: built 7206 rotamers at 492 positions.
core.pack.interaction_graph.interaction_graph_factory: Instantiating DensePDInteractionGraph
protocols.relax.FastRelax: CMD: repack  -1102.21  0.220966  0.220966  0.30745
protocols.relax.FastRelax: CMD: scale:fa_rep  -1088.03  0.220966  0.220966  0.31955
protocols.relax.FastRelax: CMD: min  -1272.21  3.89708  3.89708  0.31955
protocols.relax.FastRelax: CMD: coord_cst_weight  -1272.21  3.89708  3.89708  0.31955
protocols.relax.FastRelax: CMD: scale:fa_rep  -1070.11  3.89708  3.89708  0.55
core.pack.task: Packer task: initialize from command line() 
core.pack.pack_rotamers: built 7061 rotamers at 492 positions.
core.pack.interaction_graph.interaction_graph_factory: Instantiating DensePDInteractionGraph
protocols.relax.FastRelax: CMD: repack  -1074.66  3.89708  3.89708  0.55
protocols.relax.FastRelax: CMD: min  -1125.5  3.8546  3.8546  0.55
protocols.relax.FastRelax: MRP: 4  -1125.5  -1131.2  3.28391  3.28391  
protocols.relax.FastRelax: CMD: accept_to_best  -1125.5  3.8546  3.8546  0.55
protocols.relax.FastRelax: CMD: endrepeat  -1125.5  3.8546  3.8546  0.55
protocols.relax.FastRelax: CMD: coord_cst_weight  79779.3  3.8546  3.8546  0.55
protocols.relax.FastRelax: CMD: scale:fa_rep  79455.2  3.8546  3.8546  0.022
core.pack.task: Packer task: initialize from command line() 
core.pack.pack_rotamers: built 7795 rotamers at 492 positions.
core.pack.interaction_graph.interaction_graph_factory: Instantiating DensePDInteractionGraph
protocols.relax.FastRelax: CMD: repack  79459.5  3.8546  3.8546  0.022
protocols.relax.FastRelax: CMD: scale:fa_rep  79470  3.8546  3.8546  0.02805
core.optimization.Minimizer: [ WARNING ] LBFGS MAX CYCLES 2000 EXCEEDED, BUT FUNC NOT CONVERGED!
protocols.relax.FastRelax: CMD: min  -1262.6  0.17893  0.17893  0.02805
protocols.relax.FastRelax: CMD: coord_cst_weight  -1334.77  0.17893  0.17893  0.02805
protocols.relax.FastRelax: CMD: scale:fa_rep  -1002.85  0.17893  0.17893  0.14575
core.pack.task: Packer task: initialize from command line() 
core.pack.pack_rotamers: built 7369 rotamers at 492 positions.
core.pack.interaction_graph.interaction_graph_factory: Instantiating DensePDInteractionGraph
protocols.relax.FastRelax: CMD: repack  -1052.41  0.17893  0.17893  0.14575
protocols.relax.FastRelax: CMD: scale:fa_rep  -1032.84  0.17893  0.17893  0.154
protocols.relax.FastRelax: CMD: min  -1181.57  0.224903  0.224903  0.154
protocols.relax.FastRelax: CMD: coord_cst_weight  -1291.82  0.224903  0.224903  0.154
protocols.relax.FastRelax: CMD: scale:fa_rep  -1108.71  0.224903  0.224903  0.30745
core.pack.task: Packer task: initialize from command line() 
core.pack.pack_rotamers: built 7189 rotamers at 492 positions.
core.pack.interaction_graph.interaction_graph_factory: Instantiating DensePDInteractionGraph
protocols.relax.FastRelax: CMD: repack  -1104.43  0.224903  0.224903  0.30745
protocols.relax.FastRelax: CMD: scale:fa_rep  -1090.22  0.224903  0.224903  0.31955
protocols.relax.FastRelax: CMD: min  -1284.86  3.7573  3.7573  0.31955
protocols.relax.FastRelax: CMD: coord_cst_weight  -1284.86  3.7573  3.7573  0.31955
protocols.relax.FastRelax: CMD: scale:fa_rep  -1082.5  3.7573  3.7573  0.55
core.pack.task: Packer task: initialize from command line() 
core.pack.pack_rotamers: built 6949 rotamers at 492 positions.
core.pack.interaction_graph.interaction_graph_factory: Instantiating DensePDInteractionGraph
protocols.relax.FastRelax: CMD: repack  -1084.82  3.7573  3.7573  0.55
protocols.relax.FastRelax: CMD: min  -1138.53  4.94011  4.94011  0.55
protocols.relax.FastRelax: MRP: 5  -1138.53  -1138.53  4.94011  4.94011  
protocols.relax.FastRelax: CMD: accept_to_best  -1138.53  4.94011  4.94011  0.55
protocols.relax.FastRelax: CMD: endrepeat  -1138.53  4.94011  4.94011  0.55
protocols.relax.FastRelax: CMD: coord_cst_weight  108058  4.94011  4.94011  0.55
protocols.relax.FastRelax: CMD: scale:fa_rep  107732  4.94011  4.94011  0.022
core.pack.task: Packer task: initialize from command line() 
core.pack.pack_rotamers: built 7806 rotamers at 492 positions.
core.pack.interaction_graph.interaction_graph_factory: Instantiating DensePDInteractionGraph
protocols.relax.FastRelax: CMD: repack  107708  4.94011  4.94011  0.022
protocols.relax.FastRelax: CMD: scale:fa_rep  107718  4.94011  4.94011  0.02805
core.optimization.Minimizer: [ WARNING ] LBFGS MAX CYCLES 2000 EXCEEDED, BUT FUNC NOT CONVERGED!
protocols.relax.FastRelax: CMD: min  -1264.17  0.186404  0.186404  0.02805
protocols.relax.FastRelax: CMD: coord_cst_weight  -1338.8  0.186404  0.186404  0.02805
protocols.relax.FastRelax: CMD: scale:fa_rep  -990.297  0.186404  0.186404  0.14575
core.pack.task: Packer task: initialize from command line() 
core.pack.pack_rotamers: built 7355 rotamers at 492 positions.
core.pack.interaction_graph.interaction_graph_factory: Instantiating DensePDInteractionGraph
protocols.relax.FastRelax: CMD: repack  -1025.68  0.186404  0.186404  0.14575
protocols.relax.FastRelax: CMD: scale:fa_rep  -1004.12  0.186404  0.186404  0.154
protocols.relax.FastRelax: CMD: min  -1183.86  0.232658  0.232658  0.154
protocols.relax.FastRelax: CMD: coord_cst_weight  -1300.71  0.232658  0.232658  0.154
protocols.relax.FastRelax: CMD: scale:fa_rep  -1119.08  0.232658  0.232658  0.30745
core.pack.task: Packer task: initialize from command line() 
core.pack.pack_rotamers: built 7164 rotamers at 492 positions.
core.pack.interaction_graph.interaction_graph_factory: Instantiating DensePDInteractionGraph
protocols.relax.FastRelax: CMD: repack  -1119.97  0.232658  0.232658  0.30745
protocols.relax.FastRelax: CMD: scale:fa_rep  -1105.77  0.232658  0.232658  0.31955
protocols.relax.FastRelax: CMD: min  -1297.88  3.32608  3.32608  0.31955
protocols.relax.FastRelax: CMD: coord_cst_weight  -1297.88  3.32608  3.32608  0.31955
protocols.relax.FastRelax: CMD: scale:fa_rep  -1094.72  3.32608  3.32608  0.55
core.pack.task: Packer task: initialize from command line() 
core.pack.pack_rotamers: built 7011 rotamers at 492 positions.
core.pack.interaction_graph.interaction_graph_factory: Instantiating DensePDInteractionGraph
protocols.relax.FastRelax: CMD: repack  -1099.17  3.32608  3.32608  0.55
protocols.relax.FastRelax: CMD: min  -1154.77  3.76976  3.76976  0.55
protocols.relax.FastRelax: MRP: 6  -1154.77  -1154.77  3.76976  3.76976  
protocols.relax.FastRelax: CMD: accept_to_best  -1154.77  3.76976  3.76976  0.55
protocols.relax.FastRelax: CMD: endrepeat  -1154.77  3.76976  3.76976  0.55
protocols.relax.FastRelax: CMD: coord_cst_weight  63847.7  3.76976  3.76976  0.55
protocols.relax.FastRelax: CMD: scale:fa_rep  63524.2  3.76976  3.76976  0.022
core.pack.task: Packer task: initialize from command line() 
core.pack.pack_rotamers: built 7734 rotamers at 492 positions.
core.pack.interaction_graph.interaction_graph_factory: Instantiating DensePDInteractionGraph
protocols.relax.FastRelax: CMD: repack  63514.7  3.76976  3.76976  0.022
protocols.relax.FastRelax: CMD: scale:fa_rep  63523  3.76976  3.76976  0.02805
core.optimization.Minimizer: [ WARNING ] LBFGS MAX CYCLES 2000 EXCEEDED, BUT FUNC NOT CONVERGED!
protocols.relax.FastRelax: CMD: min  -1262.03  0.181699  0.181699  0.02805
protocols.relax.FastRelax: CMD: coord_cst_weight  -1334.29  0.181699  0.181699  0.02805
protocols.relax.FastRelax: CMD: scale:fa_rep  -977.27  0.181699  0.181699  0.14575
core.pack.task: Packer task: initialize from command line() 
core.pack.pack_rotamers: built 7367 rotamers at 492 positions.
core.pack.interaction_graph.interaction_graph_factory: Instantiating DensePDInteractionGraph
protocols.relax.FastRelax: CMD: repack  -1035.02  0.181699  0.181699  0.14575
protocols.relax.FastRelax: CMD: scale:fa_rep  -1013.83  0.181699  0.181699  0.154
protocols.relax.FastRelax: CMD: min  -1185.57  0.22839  0.22839  0.154
protocols.relax.FastRelax: CMD: coord_cst_weight  -1298.95  0.22839  0.22839  0.154
protocols.relax.FastRelax: CMD: scale:fa_rep  -1115.43  0.22839  0.22839  0.30745
core.pack.task: Packer task: initialize from command line() 
core.pack.pack_rotamers: built 7165 rotamers at 492 positions.
core.pack.interaction_graph.interaction_graph_factory: Instantiating DensePDInteractionGraph
protocols.relax.FastRelax: CMD: repack  -1115.51  0.22839  0.22839  0.30745
protocols.relax.FastRelax: CMD: scale:fa_rep  -1101.13  0.22839  0.22839  0.31955
protocols.relax.FastRelax: CMD: min  -1297.03  3.90315  3.90315  0.31955
protocols.relax.FastRelax: CMD: coord_cst_weight  -1297.03  3.90315  3.90315  0.31955
protocols.relax.FastRelax: CMD: scale:fa_rep  -1093.42  3.90315  3.90315  0.55
core.pack.task: Packer task: initialize from command line() 
core.pack.pack_rotamers: built 6987 rotamers at 492 positions.
core.pack.interaction_graph.interaction_graph_factory: Instantiating DensePDInteractionGraph
protocols.relax.FastRelax: CMD: repack  -1102.58  3.90315  3.90315  0.55
protocols.relax.FastRelax: CMD: min  -1151.32  4.34658  4.34658  0.55
protocols.relax.FastRelax: MRP: 7  -1151.32  -1154.77  3.76976  3.76976  
protocols.relax.FastRelax: CMD: accept_to_best  -1151.32  4.34658  4.34658  0.55
protocols.relax.FastRelax: CMD: endrepeat  -1151.32  4.34658  4.34658  0.55
protocols.relax.FastRelax: CMD: coord_cst_weight  99446.3  4.34658  4.34658  0.55
protocols.relax.FastRelax: CMD: scale:fa_rep  99121.2  4.34658  4.34658  0.022
core.pack.task: Packer task: initialize from command line() 
core.pack.pack_rotamers: built 7803 rotamers at 492 positions.
core.pack.interaction_graph.interaction_graph_factory: Instantiating DensePDInteractionGraph
protocols.relax.FastRelax: CMD: repack  99112.4  4.34658  4.34658  0.022
protocols.relax.FastRelax: CMD: scale:fa_rep  99122.8  4.34658  4.34658  0.02805
core.optimization.Minimizer: [ WARNING ] LBFGS MAX CYCLES 2000 EXCEEDED, BUT FUNC NOT CONVERGED!
protocols.relax.FastRelax: CMD: min  -1241.57  0.19214  0.19214  0.02805
protocols.relax.FastRelax: CMD: coord_cst_weight  -1324.32  0.19214  0.19214  0.02805
protocols.relax.FastRelax: CMD: scale:fa_rep  -949.719  0.19214  0.19214  0.14575
core.pack.task: Packer task: initialize from command line() 
core.pack.pack_rotamers: built 7312 rotamers at 492 positions.
core.pack.interaction_graph.interaction_graph_factory: Instantiating DensePDInteractionGraph
protocols.relax.FastRelax: CMD: repack  -1027.1  0.19214  0.19214  0.14575
protocols.relax.FastRelax: CMD: scale:fa_rep  -1006.22  0.19214  0.19214  0.154
protocols.relax.FastRelax: CMD: min  -1185.78  0.228676  0.228676  0.154
protocols.relax.FastRelax: CMD: coord_cst_weight  -1300.78  0.228676  0.228676  0.154
protocols.relax.FastRelax: CMD: scale:fa_rep  -1116.23  0.228676  0.228676  0.30745
core.pack.task: Packer task: initialize from command line() 
core.pack.pack_rotamers: built 7186 rotamers at 492 positions.
core.pack.interaction_graph.interaction_graph_factory: Instantiating DensePDInteractionGraph
protocols.relax.FastRelax: CMD: repack  -1117.2  0.228676  0.228676  0.30745
protocols.relax.FastRelax: CMD: scale:fa_rep  -1102.82  0.228676  0.228676  0.31955
protocols.relax.FastRelax: CMD: min  -1288.92  3.72817  3.72817  0.31955
protocols.relax.FastRelax: CMD: coord_cst_weight  -1288.92  3.72817  3.72817  0.31955
protocols.relax.FastRelax: CMD: scale:fa_rep  -1086.14  3.72817  3.72817  0.55
core.pack.task: Packer task: initialize from command line() 
core.pack.pack_rotamers: built 7028 rotamers at 492 positions.
core.pack.interaction_graph.interaction_graph_factory: Instantiating DensePDInteractionGraph
protocols.relax.FastRelax: CMD: repack  -1079.34  3.72817  3.72817  0.55
protocols.relax.FastRelax: CMD: min  -1149.89  4.19136  4.19136  0.55
protocols.relax.FastRelax: MRP: 8  -1149.89  -1154.77  3.76976  3.76976  
protocols.relax.FastRelax: CMD: accept_to_best  -1149.89  4.19136  4.19136  0.55
protocols.relax.FastRelax: CMD: endrepeat  -1149.89  4.19136  4.19136  0.55
protocols.relax.FastRelax: CMD: coord_cst_weight  74959  4.19136  4.19136  0.55
protocols.relax.FastRelax: CMD: scale:fa_rep  74631.4  4.19136  4.19136  0.022
core.pack.task: Packer task: initialize from command line() 
core.pack.pack_rotamers: built 7791 rotamers at 492 positions.
core.pack.interaction_graph.interaction_graph_factory: Instantiating DensePDInteractionGraph
protocols.relax.FastRelax: CMD: repack  74608  4.19136  4.19136  0.022
protocols.relax.FastRelax: CMD: scale:fa_rep  74615  4.19136  4.19136  0.02805
core.optimization.Minimizer: [ WARNING ] LBFGS MAX CYCLES 2000 EXCEEDED, BUT FUNC NOT CONVERGED!
protocols.relax.FastRelax: CMD: min  -1267.16  0.190763  0.190763  0.02805
protocols.relax.FastRelax: CMD: coord_cst_weight  -1344.69  0.190763  0.190763  0.02805
protocols.relax.FastRelax: CMD: scale:fa_rep  -972.718  0.190763  0.190763  0.14575
core.pack.task: Packer task: initialize from command line() 
core.pack.pack_rotamers: built 7380 rotamers at 492 positions.
core.pack.interaction_graph.interaction_graph_factory: Instantiating DensePDInteractionGraph
protocols.relax.FastRelax: CMD: repack  -1042.62  0.190763  0.190763  0.14575
protocols.relax.FastRelax: CMD: scale:fa_rep  -1021.63  0.190763  0.190763  0.154
protocols.relax.FastRelax: CMD: min  -1190.31  0.229318  0.229318  0.154
protocols.relax.FastRelax: CMD: coord_cst_weight  -1304.38  0.229318  0.229318  0.154
protocols.relax.FastRelax: CMD: scale:fa_rep  -1119.23  0.229318  0.229318  0.30745
core.pack.task: Packer task: initialize from command line() 
core.pack.pack_rotamers: built 7179 rotamers at 492 positions.
core.pack.interaction_graph.interaction_graph_factory: Instantiating DensePDInteractionGraph
protocols.relax.FastRelax: CMD: repack  -1119.23  0.229318  0.229318  0.30745
protocols.relax.FastRelax: CMD: scale:fa_rep  -1104.8  0.229318  0.229318  0.31955
protocols.relax.FastRelax: CMD: min  -1291.54  3.22614  3.22614  0.31955
protocols.relax.FastRelax: CMD: coord_cst_weight  -1291.54  3.22614  3.22614  0.31955
protocols.relax.FastRelax: CMD: scale:fa_rep  -1089.2  3.22614  3.22614  0.55
core.pack.task: Packer task: initialize from command line() 
core.pack.pack_rotamers: built 6971 rotamers at 492 positions.
core.pack.interaction_graph.interaction_graph_factory: Instantiating DensePDInteractionGraph
protocols.relax.FastRelax: CMD: repack  -1097.81  3.22614  3.22614  0.55
protocols.relax.FastRelax: CMD: min  -1156.98  4.10776  4.10776  0.55
protocols.relax.FastRelax: MRP: 9  -1156.98  -1156.98  4.10776  4.10776  
protocols.relax.FastRelax: CMD: accept_to_best  -1156.98  4.10776  4.10776  0.55
protocols.relax.FastRelax: CMD: endrepeat  -1156.98  4.10776  4.10776  0.55
protocols.relax.FastRelax: CMD: coord_cst_weight  78005  4.10776  4.10776  0.55
protocols.relax.FastRelax: CMD: scale:fa_rep  77680  4.10776  4.10776  0.022
core.pack.task: Packer task: initialize from command line() 
core.pack.pack_rotamers: built 7748 rotamers at 492 positions.
core.pack.interaction_graph.interaction_graph_factory: Instantiating DensePDInteractionGraph
protocols.relax.FastRelax: CMD: repack  77655.5  4.10776  4.10776  0.022
protocols.relax.FastRelax: CMD: scale:fa_rep  77662  4.10776  4.10776  0.02805
core.optimization.Minimizer: [ WARNING ] LBFGS MAX CYCLES 2000 EXCEEDED, BUT FUNC NOT CONVERGED!
protocols.relax.FastRelax: CMD: min  -1272.31  0.186156  0.186156  0.02805
protocols.relax.FastRelax: CMD: coord_cst_weight  -1348.76  0.186156  0.186156  0.02805
protocols.relax.FastRelax: CMD: scale:fa_rep  -972.249  0.186156  0.186156  0.14575
core.pack.task: Packer task: initialize from command line() 
core.pack.pack_rotamers: built 7386 rotamers at 492 positions.
core.pack.interaction_graph.interaction_graph_factory: Instantiating DensePDInteractionGraph
protocols.relax.FastRelax: CMD: repack  -1042.31  0.186156  0.186156  0.14575
protocols.relax.FastRelax: CMD: scale:fa_rep  -1021.1  0.186156  0.186156  0.154
protocols.relax.FastRelax: CMD: min  -1188.3  0.228991  0.228991  0.154
protocols.relax.FastRelax: CMD: coord_cst_weight  -1302.58  0.228991  0.228991  0.154
protocols.relax.FastRelax: CMD: scale:fa_rep  -1118.62  0.228991  0.228991  0.30745
core.pack.task: Packer task: initialize from command line() 
core.pack.pack_rotamers: built 7152 rotamers at 492 positions.
core.pack.interaction_graph.interaction_graph_factory: Instantiating DensePDInteractionGraph
protocols.relax.FastRelax: CMD: repack  -1120.37  0.228991  0.228991  0.30745
protocols.relax.FastRelax: CMD: scale:fa_rep  -1106.17  0.228991  0.228991  0.31955
protocols.relax.FastRelax: CMD: min  -1299.51  4.07242  4.07242  0.31955
protocols.relax.FastRelax: CMD: coord_cst_weight  -1299.51  4.07242  4.07242  0.31955
protocols.relax.FastRelax: CMD: scale:fa_rep  -1095.98  4.07242  4.07242  0.55
core.pack.task: Packer task: initialize from command line() 
core.pack.pack_rotamers: built 6971 rotamers at 492 positions.
core.pack.interaction_graph.interaction_graph_factory: Instantiating DensePDInteractionGraph
protocols.relax.FastRelax: CMD: repack  -1097.77  4.07242  4.07242  0.55
protocols.relax.FastRelax: CMD: min  -1152.06  4.70029  4.70029  0.55
protocols.relax.FastRelax: MRP: 10  -1152.06  -1156.98  4.10776  4.10776  
protocols.relax.FastRelax: CMD: accept_to_best  -1152.06  4.70029  4.70029  0.55
protocols.relax.FastRelax: CMD: endrepeat  -1152.06  4.70029  4.70029  0.55
protocols.relax.FastRelax: CMD: coord_cst_weight  98516.7  4.70029  4.70029  0.55
protocols.relax.FastRelax: CMD: scale:fa_rep  98190.1  4.70029  4.70029  0.022
core.pack.task: Packer task: initialize from command line() 
core.pack.pack_rotamers: built 7782 rotamers at 492 positions.
core.pack.interaction_graph.interaction_graph_factory: Instantiating DensePDInteractionGraph
protocols.relax.FastRelax: CMD: repack  98184.1  4.70029  4.70029  0.022
protocols.relax.FastRelax: CMD: scale:fa_rep  98194.1  4.70029  4.70029  0.02805
core.optimization.Minimizer: [ WARNING ] LBFGS MAX CYCLES 2000 EXCEEDED, BUT FUNC NOT CONVERGED!
protocols.relax.FastRelax: CMD: min  -1248.79  0.19088  0.19088  0.02805
protocols.relax.FastRelax: CMD: coord_cst_weight  -1329.6  0.19088  0.19088  0.02805
protocols.relax.FastRelax: CMD: scale:fa_rep  -962.129  0.19088  0.19088  0.14575
core.pack.task: Packer task: initialize from command line() 
core.pack.pack_rotamers: built 7368 rotamers at 492 positions.
core.pack.interaction_graph.interaction_graph_factory: Instantiating DensePDInteractionGraph
protocols.relax.FastRelax: CMD: repack  -1041.31  0.19088  0.19088  0.14575
protocols.relax.FastRelax: CMD: scale:fa_rep  -1020.69  0.19088  0.19088  0.154
protocols.relax.FastRelax: CMD: min  -1193.47  0.23133  0.23133  0.154
protocols.relax.FastRelax: CMD: coord_cst_weight  -1309.3  0.23133  0.23133  0.154
protocols.relax.FastRelax: CMD: scale:fa_rep  -1128.59  0.23133  0.23133  0.30745
core.pack.task: Packer task: initialize from command line() 
core.pack.pack_rotamers: built 7159 rotamers at 492 positions.
core.pack.interaction_graph.interaction_graph_factory: Instantiating DensePDInteractionGraph
protocols.relax.FastRelax: CMD: repack  -1130.08  0.23133  0.23133  0.30745
protocols.relax.FastRelax: CMD: scale:fa_rep  -1115.92  0.23133  0.23133  0.31955
protocols.relax.FastRelax: CMD: min  -1304.02  3.70601  3.70601  0.31955
protocols.relax.FastRelax: CMD: coord_cst_weight  -1304.02  3.70601  3.70601  0.31955
protocols.relax.FastRelax: CMD: scale:fa_rep  -1095.93  3.70601  3.70601  0.55
core.pack.task: Packer task: initialize from command line() 
core.pack.pack_rotamers: built 7003 rotamers at 492 positions.
core.pack.interaction_graph.interaction_graph_factory: Instantiating DensePDInteractionGraph
protocols.relax.FastRelax: CMD: repack  -1098.7  3.70601  3.70601  0.55
protocols.relax.FastRelax: CMD: min  -1155.1  4.81307  4.81307  0.55
protocols.relax.FastRelax: MRP: 11  -1155.1  -1156.98  4.10776  4.10776  
protocols.relax.FastRelax: CMD: accept_to_best  -1155.1  4.81307  4.81307  0.55
protocols.relax.FastRelax: CMD: endrepeat  -1155.1  4.81307  4.81307  0.55
protocols.relax.FastRelax: CMD: coord_cst_weight  97051.8  4.81307  4.81307  0.55
protocols.relax.FastRelax: CMD: scale:fa_rep  96720.1  4.81307  4.81307  0.022
core.pack.task: Packer task: initialize from command line() 
core.pack.pack_rotamers: built 7771 rotamers at 492 positions.
core.pack.interaction_graph.interaction_graph_factory: Instantiating DensePDInteractionGraph
protocols.relax.FastRelax: CMD: repack  96698.6  4.81307  4.81307  0.022
protocols.relax.FastRelax: CMD: scale:fa_rep  96705.7  4.81307  4.81307  0.02805
core.optimization.Minimizer: [ WARNING ] LBFGS MAX CYCLES 2000 EXCEEDED, BUT FUNC NOT CONVERGED!
protocols.relax.FastRelax: CMD: min  -1256.88  0.188724  0.188724  0.02805
protocols.relax.FastRelax: CMD: coord_cst_weight  -1337.18  0.188724  0.188724  0.02805
protocols.relax.FastRelax: CMD: scale:fa_rep  -990.516  0.188724  0.188724  0.14575
core.pack.task: Packer task: initialize from command line() 
core.pack.pack_rotamers: built 7335 rotamers at 492 positions.
core.pack.interaction_graph.interaction_graph_factory: Instantiating DensePDInteractionGraph
protocols.relax.FastRelax: CMD: repack  -1052.1  0.188724  0.188724  0.14575
protocols.relax.FastRelax: CMD: scale:fa_rep  -1032.02  0.188724  0.188724  0.154
protocols.relax.FastRelax: CMD: min  -1198.52  0.230595  0.230595  0.154
protocols.relax.FastRelax: CMD: coord_cst_weight  -1314.7  0.230595  0.230595  0.154
protocols.relax.FastRelax: CMD: scale:fa_rep  -1135.64  0.230595  0.230595  0.30745
core.pack.task: Packer task: initialize from command line() 
core.pack.pack_rotamers: built 7163 rotamers at 492 positions.
core.pack.interaction_graph.interaction_graph_factory: Instantiating DensePDInteractionGraph
protocols.relax.FastRelax: CMD: repack  -1136.12  0.230595  0.230595  0.30745
protocols.relax.FastRelax: CMD: scale:fa_rep  -1122.16  0.230595  0.230595  0.31955
protocols.relax.FastRelax: CMD: min  -1190.44  4.17306  4.17306  0.31955
protocols.relax.FastRelax: CMD: coord_cst_weight  -1190.44  4.17306  4.17306  0.31955
protocols.relax.FastRelax: CMD: scale:fa_rep  -893.685  4.17306  4.17306  0.55
core.pack.task: Packer task: initialize from command line() 
core.pack.pack_rotamers: built 7000 rotamers at 492 positions.
core.pack.interaction_graph.interaction_graph_factory: Instantiating DensePDInteractionGraph
protocols.relax.FastRelax: CMD: repack  -1067.73  4.17306  4.17306  0.55
protocols.relax.FastRelax: CMD: min  -1160.3  4.28243  4.28243  0.55
protocols.relax.FastRelax: MRP: 12  -1160.3  -1160.3  4.28243  4.28243  
protocols.relax.FastRelax: CMD: accept_to_best  -1160.3  4.28243  4.28243  0.55
protocols.relax.FastRelax: CMD: endrepeat  -1160.3  4.28243  4.28243  0.55
protocols.relax.FastRelax: CMD: coord_cst_weight  77805.6  4.28243  4.28243  0.55
protocols.relax.FastRelax: CMD: scale:fa_rep  77476.2  4.28243  4.28243  0.022
core.pack.task: Packer task: initialize from command line() 
core.pack.pack_rotamers: built 7725 rotamers at 492 positions.
core.pack.interaction_graph.interaction_graph_factory: Instantiating DensePDInteractionGraph
protocols.relax.FastRelax: CMD: repack  77460.8  4.28243  4.28243  0.022
protocols.relax.FastRelax: CMD: scale:fa_rep  77468.9  4.28243  4.28243  0.02805
core.optimization.Minimizer: [ WARNING ] LBFGS MAX CYCLES 2000 EXCEEDED, BUT FUNC NOT CONVERGED!
protocols.relax.FastRelax: CMD: min  -1268.79  0.187531  0.187531  0.02805
protocols.relax.FastRelax: CMD: coord_cst_weight  -1346.7  0.187531  0.187531  0.02805
protocols.relax.FastRelax: CMD: scale:fa_rep  -1029.11  0.187531  0.187531  0.14575
core.pack.task: Packer task: initialize from command line() 
core.pack.pack_rotamers: built 7344 rotamers at 492 positions.
core.pack.interaction_graph.interaction_graph_factory: Instantiating DensePDInteractionGraph
protocols.relax.FastRelax: CMD: repack  -1060.45  0.187531  0.187531  0.14575
protocols.relax.FastRelax: CMD: scale:fa_rep  -1040.69  0.187531  0.187531  0.154
protocols.relax.FastRelax: CMD: min  -1197.21  0.228185  0.228185  0.154
protocols.relax.FastRelax: CMD: coord_cst_weight  -1311.16  0.228185  0.228185  0.154
protocols.relax.FastRelax: CMD: scale:fa_rep  -1130.31  0.228185  0.228185  0.30745
core.pack.task: Packer task: initialize from command line() 
core.pack.pack_rotamers: built 7181 rotamers at 492 positions.
core.pack.interaction_graph.interaction_graph_factory: Instantiating DensePDInteractionGraph
protocols.relax.FastRelax: CMD: repack  -1128.23  0.228185  0.228185  0.30745
protocols.relax.FastRelax: CMD: scale:fa_rep  -1113.95  0.228185  0.228185  0.31955
protocols.relax.FastRelax: CMD: min  -1305.83  3.53157  3.53157  0.31955
protocols.relax.FastRelax: CMD: coord_cst_weight  -1305.83  3.53157  3.53157  0.31955
protocols.relax.FastRelax: CMD: scale:fa_rep  -1100.62  3.53157  3.53157  0.55
core.pack.task: Packer task: initialize from command line() 
core.pack.pack_rotamers: built 6997 rotamers at 492 positions.
core.pack.interaction_graph.interaction_graph_factory: Instantiating DensePDInteractionGraph
protocols.relax.FastRelax: CMD: repack  -1104.05  3.53157  3.53157  0.55
protocols.relax.FastRelax: CMD: min  -1155.87  4.59132  4.59132  0.55
protocols.relax.FastRelax: MRP: 13  -1155.87  -1160.3  4.28243  4.28243  
protocols.relax.FastRelax: CMD: accept_to_best  -1155.87  4.59132  4.59132  0.55
protocols.relax.FastRelax: CMD: endrepeat  -1155.87  4.59132  4.59132  0.55
protocols.relax.FastRelax: CMD: coord_cst_weight  92882.6  4.59132  4.59132  0.55
protocols.relax.FastRelax: CMD: scale:fa_rep  92553.8  4.59132  4.59132  0.022
core.pack.task: Packer task: initialize from command line() 
core.pack.pack_rotamers: built 7774 rotamers at 492 positions.
core.pack.interaction_graph.interaction_graph_factory: Instantiating DensePDInteractionGraph
protocols.relax.FastRelax: CMD: repack  92542.4  4.59132  4.59132  0.022
protocols.relax.FastRelax: CMD: scale:fa_rep  92550.6  4.59132  4.59132  0.02805
core.optimization.Minimizer: [ WARNING ] LBFGS MAX CYCLES 2000 EXCEEDED, BUT FUNC NOT CONVERGED!
protocols.relax.FastRelax: CMD: min  -1263.84  0.185608  0.185608  0.02805
protocols.relax.FastRelax: CMD: coord_cst_weight  -1338.96  0.185608  0.185608  0.02805
protocols.relax.FastRelax: CMD: scale:fa_rep  -991.872  0.185608  0.185608  0.14575
core.pack.task: Packer task: initialize from command line() 
core.pack.pack_rotamers: built 7381 rotamers at 492 positions.
core.pack.interaction_graph.interaction_graph_factory: Instantiating DensePDInteractionGraph
protocols.relax.FastRelax: CMD: repack  -1028.23  0.185608  0.185608  0.14575
protocols.relax.FastRelax: CMD: scale:fa_rep  -1006.33  0.185608  0.185608  0.154
protocols.relax.FastRelax: CMD: min  -1186.68  0.235803  0.235803  0.154
protocols.relax.FastRelax: CMD: coord_cst_weight  -1305.65  0.235803  0.235803  0.154
protocols.relax.FastRelax: CMD: scale:fa_rep  -1121.64  0.235803  0.235803  0.30745
core.pack.task: Packer task: initialize from command line() 
core.pack.pack_rotamers: built 7146 rotamers at 492 positions.
core.pack.interaction_graph.interaction_graph_factory: Instantiating DensePDInteractionGraph
protocols.relax.FastRelax: CMD: repack  -1121.89  0.235803  0.235803  0.30745
protocols.relax.FastRelax: CMD: scale:fa_rep  -1107.43  0.235803  0.235803  0.31955
protocols.relax.FastRelax: CMD: min  -1310.5  4.15132  4.15132  0.31955
protocols.relax.FastRelax: CMD: coord_cst_weight  -1310.5  4.15132  4.15132  0.31955
protocols.relax.FastRelax: CMD: scale:fa_rep  -1106.15  4.15132  4.15132  0.55
core.pack.task: Packer task: initialize from command line() 
core.pack.pack_rotamers: built 7025 rotamers at 492 positions.
core.pack.interaction_graph.interaction_graph_factory: Instantiating DensePDInteractionGraph
protocols.relax.FastRelax: CMD: repack  -1108.66  4.15132  4.15132  0.55
protocols.relax.FastRelax: CMD: min  -1156.48  4.8483  4.8483  0.55
protocols.relax.FastRelax: MRP: 14  -1156.48  -1160.3  4.28243  4.28243  
protocols.relax.FastRelax: CMD: accept_to_best  -1156.48  4.8483  4.8483  0.55
protocols.relax.FastRelax: CMD: endrepeat  -1156.48  4.8483  4.8483  0.55
protocols::checkpoint: Deleting checkpoints of FastRelax
protocols.jd2.JobDistributor: target.BL00010001_8_0004 reported success in 13943 seconds
protocols.jd2.PDBJobInputter: PDBJobInputter::pose_from_job
protocols.jd2.PDBJobInputter: filling pose from PDB ../1-modeller/target.BL00010001.pdb
core.import_pose.import_pose: File '../1-modeller/target.BL00010001.pdb' automatically determined to be of type PDB from contents.
core.io.rcsb.ExperimentalTechnique: [ ERROR ] Unrecognized experimental technique string 'THEORETICAL MODEL, MODELLER 10.8 2026/08/10 16:18:02'
protocols.relax.FastRelax: CMD: repeat  4476.34  0  0  0.55
protocols.relax.FastRelax: CMD: coord_cst_weight  4476.34  0  0  0.55
protocols.relax.FastRelax: CMD: scale:fa_rep  806.987  0  0  0.022
core.pack.task: Packer task: initialize from command line() 
core.pack.pack_rotamers: built 8129 rotamers at 492 positions.
core.pack.interaction_graph.interaction_graph_factory: Instantiating DensePDInteractionGraph
protocols.relax.FastRelax: CMD: repack  -878.142  0  0  0.022
protocols.relax.FastRelax: CMD: scale:fa_rep  -838.185  0  0  0.02805
core.optimization.Minimizer: [ WARNING ] LBFGS MAX CYCLES 2000 EXCEEDED, BUT FUNC NOT CONVERGED!
protocols.relax.FastRelax: CMD: min  -1295.03  0.148688  0.148688  0.02805
protocols.relax.FastRelax: CMD: coord_cst_weight  -1341.59  0.148688  0.148688  0.02805
protocols.relax.FastRelax: CMD: scale:fa_rep  -953.012  0.148688  0.148688  0.14575
core.pack.task: Packer task: initialize from command line() 
core.pack.pack_rotamers: built 7403 rotamers at 492 positions.
core.pack.interaction_graph.interaction_graph_factory: Instantiating DensePDInteractionGraph
protocols.relax.FastRelax: CMD: repack  -997.945  0.148688  0.148688  0.14575
protocols.relax.FastRelax: CMD: scale:fa_rep  -976.538  0.148688  0.148688  0.154
protocols.relax.FastRelax: CMD: min  -1161.27  0.205127  0.205127  0.154
protocols.relax.FastRelax: CMD: coord_cst_weight  -1251.33  0.205127  0.205127  0.154
protocols.relax.FastRelax: CMD: scale:fa_rep  -1066.12  0.205127  0.205127  0.30745
core.pack.task: Packer task: initialize from command line() 
core.pack.pack_rotamers: built 7157 rotamers at 492 positions.
core.pack.interaction_graph.interaction_graph_factory: Instantiating DensePDInteractionGraph
protocols.relax.FastRelax: CMD: repack  -1066.79  0.205127  0.205127  0.30745
protocols.relax.FastRelax: CMD: scale:fa_rep  -1052.32  0.205127  0.205127  0.31955
protocols.relax.FastRelax: CMD: min  -1237.07  2.96711  2.96711  0.31955
protocols.relax.FastRelax: CMD: coord_cst_weight  -1237.07  2.96711  2.96711  0.31955
protocols.relax.FastRelax: CMD: scale:fa_rep  -1027.96  2.96711  2.96711  0.55
core.pack.task: Packer task: initialize from command line() 
core.pack.pack_rotamers: built 7028 rotamers at 492 positions.
core.pack.interaction_graph.interaction_graph_factory: Instantiating DensePDInteractionGraph
protocols.relax.FastRelax: CMD: repack  -1036.19  2.96711  2.96711  0.55
protocols.relax.FastRelax: CMD: min  -1112.8  3.76815  3.76815  0.55
protocols.relax.FastRelax: MRP: 0  -1112.8  -1112.8  3.76815  3.76815  
protocols.relax.FastRelax: CMD: accept_to_best  -1112.8  3.76815  3.76815  0.55
protocols.relax.FastRelax: CMD: endrepeat  -1112.8  3.76815  3.76815  0.55
protocols.relax.FastRelax: CMD: coord_cst_weight  113568  3.76815  3.76815  0.55
protocols.relax.FastRelax: CMD: scale:fa_rep  113236  3.76815  3.76815  0.022
core.pack.task: Packer task: initialize from command line() 
core.pack.pack_rotamers: built 7860 rotamers at 492 positions.
core.pack.interaction_graph.interaction_graph_factory: Instantiating DensePDInteractionGraph
protocols.relax.FastRelax: CMD: repack  113215  3.76815  3.76815  0.022
protocols.relax.FastRelax: CMD: scale:fa_rep  113227  3.76815  3.76815  0.02805
core.optimization.Minimizer: [ WARNING ] LBFGS MAX CYCLES 2000 EXCEEDED, BUT FUNC NOT CONVERGED!
protocols.relax.FastRelax: CMD: min  -1261.63  0.176951  0.176951  0.02805
protocols.relax.FastRelax: CMD: coord_cst_weight  -1328.95  0.176951  0.176951  0.02805
protocols.relax.FastRelax: CMD: scale:fa_rep  -960.831  0.176951  0.176951  0.14575
core.pack.task: Packer task: initialize from command line() 
core.pack.pack_rotamers: built 7380 rotamers at 492 positions.
core.pack.interaction_graph.interaction_graph_factory: Instantiating DensePDInteractionGraph
protocols.relax.FastRelax: CMD: repack  -1018.5  0.176951  0.176951  0.14575
protocols.relax.FastRelax: CMD: scale:fa_rep  -997.175  0.176951  0.176951  0.154
protocols.relax.FastRelax: CMD: min  -1175.7  0.216796  0.216796  0.154
protocols.relax.FastRelax: CMD: coord_cst_weight  -1276.75  0.216796  0.216796  0.154
protocols.relax.FastRelax: CMD: scale:fa_rep  -1091.23  0.216796  0.216796  0.30745
core.pack.task: Packer task: initialize from command line() 
core.pack.pack_rotamers: built 7160 rotamers at 492 positions.
core.pack.interaction_graph.interaction_graph_factory: Instantiating DensePDInteractionGraph
protocols.relax.FastRelax: CMD: repack  -1092.19  0.216796  0.216796  0.30745
protocols.relax.FastRelax: CMD: scale:fa_rep  -1077.88  0.216796  0.216796  0.31955
protocols.relax.FastRelax: CMD: min  -1280.51  3.29329  3.29329  0.31955
protocols.relax.FastRelax: CMD: coord_cst_weight  -1280.51  3.29329  3.29329  0.31955
protocols.relax.FastRelax: CMD: scale:fa_rep  -1074.95  3.29329  3.29329  0.55
core.pack.task: Packer task: initialize from command line() 
core.pack.pack_rotamers: built 7026 rotamers at 492 positions.
core.pack.interaction_graph.interaction_graph_factory: Instantiating DensePDInteractionGraph
protocols.relax.FastRelax: CMD: repack  -1077.55  3.29329  3.29329  0.55
protocols.relax.FastRelax: CMD: min  -1127.1  3.26007  3.26007  0.55
protocols.relax.FastRelax: MRP: 1  -1127.1  -1127.1  3.26007  3.26007  
protocols.relax.FastRelax: CMD: accept_to_best  -1127.1  3.26007  3.26007  0.55
protocols.relax.FastRelax: CMD: endrepeat  -1127.1  3.26007  3.26007  0.55
protocols.relax.FastRelax: CMD: coord_cst_weight  64839.7  3.26007  3.26007  0.55
protocols.relax.FastRelax: CMD: scale:fa_rep  64509.8  3.26007  3.26007  0.022
core.pack.task: Packer task: initialize from command line() 
core.pack.pack_rotamers: built 7838 rotamers at 492 positions.
core.pack.interaction_graph.interaction_graph_factory: Instantiating DensePDInteractionGraph
protocols.relax.FastRelax: CMD: repack  64493.9  3.26007  3.26007  0.022
protocols.relax.FastRelax: CMD: scale:fa_rep  64505.5  3.26007  3.26007  0.02805
core.optimization.Minimizer: [ WARNING ] LBFGS MAX CYCLES 2000 EXCEEDED, BUT FUNC NOT CONVERGED!
protocols.relax.FastRelax: CMD: min  -1281.19  0.175776  0.175776  0.02805
protocols.relax.FastRelax: CMD: coord_cst_weight  -1348.09  0.175776  0.175776  0.02805
protocols.relax.FastRelax: CMD: scale:fa_rep  -1004.28  0.175776  0.175776  0.14575
core.pack.task: Packer task: initialize from command line() 
core.pack.pack_rotamers: built 7396 rotamers at 492 positions.
core.pack.interaction_graph.interaction_graph_factory: Instantiating DensePDInteractionGraph
protocols.relax.FastRelax: CMD: repack  -1054.2  0.175776  0.175776  0.14575
protocols.relax.FastRelax: CMD: scale:fa_rep  -1033.91  0.175776  0.175776  0.154
protocols.relax.FastRelax: CMD: min  -1193.84  0.220149  0.220149  0.154
protocols.relax.FastRelax: CMD: coord_cst_weight  -1297.52  0.220149  0.220149  0.154
protocols.relax.FastRelax: CMD: scale:fa_rep  -1112.48  0.220149  0.220149  0.30745
core.pack.task: Packer task: initialize from command line() 
core.pack.pack_rotamers: built 7192 rotamers at 492 positions.
core.pack.interaction_graph.interaction_graph_factory: Instantiating DensePDInteractionGraph
protocols.relax.FastRelax: CMD: repack  -1112.24  0.220149  0.220149  0.30745
protocols.relax.FastRelax: CMD: scale:fa_rep  -1097.69  0.220149  0.220149  0.31955
protocols.relax.FastRelax: CMD: min  -1288.47  3.0647  3.0647  0.31955
protocols.relax.FastRelax: CMD: coord_cst_weight  -1288.47  3.0647  3.0647  0.31955
protocols.relax.FastRelax: CMD: scale:fa_rep  -1081.92  3.0647  3.0647  0.55
core.pack.task: Packer task: initialize from command line() 
core.pack.pack_rotamers: built 7012 rotamers at 492 positions.
core.pack.interaction_graph.interaction_graph_factory: Instantiating DensePDInteractionGraph
protocols.relax.FastRelax: CMD: repack  -1085.19  3.0647  3.0647  0.55
protocols.relax.FastRelax: CMD: min  -1139.4  3.4213  3.4213  0.55
protocols.relax.FastRelax: MRP: 2  -1139.4  -1139.4  3.4213  3.4213  
protocols.relax.FastRelax: CMD: accept_to_best  -1139.4  3.4213  3.4213  0.55
protocols.relax.FastRelax: CMD: endrepeat  -1139.4  3.4213  3.4213  0.55
protocols.relax.FastRelax: CMD: coord_cst_weight  93383.2  3.4213  3.4213  0.55
protocols.relax.FastRelax: CMD: scale:fa_rep  93055.3  3.4213  3.4213  0.022
core.pack.task: Packer task: initialize from command line() 
core.pack.pack_rotamers: built 7782 rotamers at 492 positions.
core.pack.interaction_graph.interaction_graph_factory: Instantiating DensePDInteractionGraph
protocols.relax.FastRelax: CMD: repack  93046.6  3.4213  3.4213  0.022
protocols.relax.FastRelax: CMD: scale:fa_rep  93054.6  3.4213  3.4213  0.02805
core.optimization.Minimizer: [ WARNING ] LBFGS MAX CYCLES 2000 EXCEEDED, BUT FUNC NOT CONVERGED!
protocols.relax.FastRelax: CMD: min  -1261.2  0.183019  0.183019  0.02805
protocols.relax.FastRelax: CMD: coord_cst_weight  -1335.13  0.183019  0.183019  0.02805
protocols.relax.FastRelax: CMD: scale:fa_rep  -971.545  0.183019  0.183019  0.14575
core.pack.task: Packer task: initialize from command line() 
core.pack.pack_rotamers: built 7363 rotamers at 492 positions.
core.pack.interaction_graph.interaction_graph_factory: Instantiating DensePDInteractionGraph
protocols.relax.FastRelax: CMD: repack  -1038.37  0.183019  0.183019  0.14575
protocols.relax.FastRelax: CMD: scale:fa_rep  -1017.68  0.183019  0.183019  0.154
protocols.relax.FastRelax: CMD: min  -1188.04  0.221508  0.221508  0.154
protocols.relax.FastRelax: CMD: coord_cst_weight  -1295.62  0.221508  0.221508  0.154
protocols.relax.FastRelax: CMD: scale:fa_rep  -1110.68  0.221508  0.221508  0.30745
core.pack.task: Packer task: initialize from command line() 
core.pack.pack_rotamers: built 7144 rotamers at 492 positions.
core.pack.interaction_graph.interaction_graph_factory: Instantiating DensePDInteractionGraph
protocols.relax.FastRelax: CMD: repack  -1110.9  0.221508  0.221508  0.30745
protocols.relax.FastRelax: CMD: scale:fa_rep  -1096.39  0.221508  0.221508  0.31955
protocols.relax.FastRelax: CMD: min  -1290.75  3.38076  3.38076  0.31955
protocols.relax.FastRelax: CMD: coord_cst_weight  -1290.75  3.38076  3.38076  0.31955
protocols.relax.FastRelax: CMD: scale:fa_rep  -1087.35  3.38076  3.38076  0.55
core.pack.task: Packer task: initialize from command line() 
core.pack.pack_rotamers: built 6935 rotamers at 492 positions.
core.pack.interaction_graph.interaction_graph_factory: Instantiating DensePDInteractionGraph
protocols.relax.FastRelax: CMD: repack  -1089.57  3.38076  3.38076  0.55
protocols.relax.FastRelax: CMD: min  -1139.63  3.24735  3.24735  0.55
protocols.relax.FastRelax: MRP: 3  -1139.63  -1139.63  3.24735  3.24735  
protocols.relax.FastRelax: CMD: accept_to_best  -1139.63  3.24735  3.24735  0.55
protocols.relax.FastRelax: CMD: endrepeat  -1139.63  3.24735  3.24735  0.55
protocols.relax.FastRelax: CMD: coord_cst_weight  64830  3.24735  3.24735  0.55
protocols.relax.FastRelax: CMD: scale:fa_rep  64503.7  3.24735  3.24735  0.022
core.pack.task: Packer task: initialize from command line() 
core.pack.pack_rotamers: built 7797 rotamers at 492 positions.
core.pack.interaction_graph.interaction_graph_factory: Instantiating DensePDInteractionGraph
protocols.relax.FastRelax: CMD: repack  64485.4  3.24735  3.24735  0.022
protocols.relax.FastRelax: CMD: scale:fa_rep  64492.7  3.24735  3.24735  0.02805
core.optimization.Minimizer: [ WARNING ] LBFGS MAX CYCLES 2000 EXCEEDED, BUT FUNC NOT CONVERGED!
protocols.relax.FastRelax: CMD: min  -1266.11  0.185144  0.185144  0.02805
protocols.relax.FastRelax: CMD: coord_cst_weight  -1342.04  0.185144  0.185144  0.02805
protocols.relax.FastRelax: CMD: scale:fa_rep  -992.479  0.185144  0.185144  0.14575
core.pack.task: Packer task: initialize from command line() 
core.pack.pack_rotamers: built 7321 rotamers at 492 positions.
core.pack.interaction_graph.interaction_graph_factory: Instantiating DensePDInteractionGraph
protocols.relax.FastRelax: CMD: repack  -1046.61  0.185144  0.185144  0.14575
protocols.relax.FastRelax: CMD: scale:fa_rep  -1026.18  0.185144  0.185144  0.154
protocols.relax.FastRelax: CMD: min  -1185.76  0.224583  0.224583  0.154
protocols.relax.FastRelax: CMD: coord_cst_weight  -1296.6  0.224583  0.224583  0.154
protocols.relax.FastRelax: CMD: scale:fa_rep  -1112.08  0.224583  0.224583  0.30745
core.pack.task: Packer task: initialize from command line() 
core.pack.pack_rotamers: built 7220 rotamers at 492 positions.
core.pack.interaction_graph.interaction_graph_factory: Instantiating DensePDInteractionGraph
protocols.relax.FastRelax: CMD: repack  -1112.34  0.224583  0.224583  0.30745
protocols.relax.FastRelax: CMD: scale:fa_rep  -1097.87  0.224583  0.224583  0.31955
protocols.relax.FastRelax: CMD: min  -1297.02  3.39268  3.39268  0.31955
protocols.relax.FastRelax: CMD: coord_cst_weight  -1297.02  3.39268  3.39268  0.31955
protocols.relax.FastRelax: CMD: scale:fa_rep  -1091.28  3.39268  3.39268  0.55
core.pack.task: Packer task: initialize from command line() 
core.pack.pack_rotamers: built 7053 rotamers at 492 positions.
core.pack.interaction_graph.interaction_graph_factory: Instantiating DensePDInteractionGraph
protocols.relax.FastRelax: CMD: repack  -1092.57  3.39268  3.39268  0.55
protocols.relax.FastRelax: CMD: min  -1142.04  3.18746  3.18746  0.55
protocols.relax.FastRelax: MRP: 4  -1142.04  -1142.04  3.18746  3.18746  
protocols.relax.FastRelax: CMD: accept_to_best  -1142.04  3.18746  3.18746  0.55
protocols.relax.FastRelax: CMD: endrepeat  -1142.04  3.18746  3.18746  0.55
protocols.relax.FastRelax: CMD: coord_cst_weight  90742.4  3.18746  3.18746  0.55
protocols.relax.FastRelax: CMD: scale:fa_rep  90416.2  3.18746  3.18746  0.022
core.pack.task: Packer task: initialize from command line() 
core.pack.pack_rotamers: built 7839 rotamers at 492 positions.
core.pack.interaction_graph.interaction_graph_factory: Instantiating DensePDInteractionGraph
protocols.relax.FastRelax: CMD: repack  90394.8  3.18746  3.18746  0.022
protocols.relax.FastRelax: CMD: scale:fa_rep  90404.2  3.18746  3.18746  0.02805
core.optimization.Minimizer: [ WARNING ] LBFGS MAX CYCLES 2000 EXCEEDED, BUT FUNC NOT CONVERGED!
protocols.relax.FastRelax: CMD: min  -1258.84  0.189165  0.189165  0.02805
protocols.relax.FastRelax: CMD: coord_cst_weight  -1336.97  0.189165  0.189165  0.02805
protocols.relax.FastRelax: CMD: scale:fa_rep  -970.934  0.189165  0.189165  0.14575
core.pack.task: Packer task: initialize from command line() 
core.pack.pack_rotamers: built 7365 rotamers at 492 positions.
core.pack.interaction_graph.interaction_graph_factory: Instantiating DensePDInteractionGraph
protocols.relax.FastRelax: CMD: repack  -1032.33  0.189165  0.189165  0.14575
protocols.relax.FastRelax: CMD: scale:fa_rep  -1011.02  0.189165  0.189165  0.154
protocols.relax.FastRelax: CMD: min  -1184.28  0.227155  0.227155  0.154
protocols.relax.FastRelax: CMD: coord_cst_weight  -1297.36  0.227155  0.227155  0.154
protocols.relax.FastRelax: CMD: scale:fa_rep  -1110.49  0.227155  0.227155  0.30745
core.pack.task: Packer task: initialize from command line() 
core.pack.pack_rotamers: built 7191 rotamers at 492 positions.
core.pack.interaction_graph.interaction_graph_factory: Instantiating DensePDInteractionGraph
protocols.relax.FastRelax: CMD: repack  -1110.82  0.227155  0.227155  0.30745
protocols.relax.FastRelax: CMD: scale:fa_rep  -1096.15  0.227155  0.227155  0.31955
protocols.relax.FastRelax: CMD: min  -1308.22  3.40232  3.40232  0.31955
protocols.relax.FastRelax: CMD: coord_cst_weight  -1308.22  3.40232  3.40232  0.31955
protocols.relax.FastRelax: CMD: scale:fa_rep  -1105.45  3.40232  3.40232  0.55
core.pack.task: Packer task: initialize from command line() 
core.pack.pack_rotamers: built 7046 rotamers at 492 positions.
core.pack.interaction_graph.interaction_graph_factory: Instantiating DensePDInteractionGraph
protocols.relax.FastRelax: CMD: repack  -1106.18  3.40232  3.40232  0.55
protocols.relax.FastRelax: CMD: min  -1164.81  3.39598  3.39598  0.55
protocols.relax.FastRelax: MRP: 5  -1164.81  -1164.81  3.39598  3.39598  
protocols.relax.FastRelax: CMD: accept_to_best  -1164.81  3.39598  3.39598  0.55
protocols.relax.FastRelax: CMD: endrepeat  -1164.81  3.39598  3.39598  0.55
protocols.relax.FastRelax: CMD: coord_cst_weight  64640.4  3.39598  3.39598  0.55
protocols.relax.FastRelax: CMD: scale:fa_rep  64314.4  3.39598  3.39598  0.022
core.pack.task: Packer task: initialize from command line() 
core.pack.pack_rotamers: built 7761 rotamers at 492 positions.
core.pack.interaction_graph.interaction_graph_factory: Instantiating DensePDInteractionGraph
protocols.relax.FastRelax: CMD: repack  64291.7  3.39598  3.39598  0.022
protocols.relax.FastRelax: CMD: scale:fa_rep  64297.6  3.39598  3.39598  0.02805
core.optimization.Minimizer: [ WARNING ] LBFGS MAX CYCLES 2000 EXCEEDED, BUT FUNC NOT CONVERGED!
protocols.relax.FastRelax: CMD: min  -1190.98  0.202166  0.202166  0.02805
protocols.relax.FastRelax: CMD: coord_cst_weight  -1277.44  0.202166  0.202166  0.02805
protocols.relax.FastRelax: CMD: scale:fa_rep  -866.374  0.202166  0.202166  0.14575
core.pack.task: Packer task: initialize from command line() 
core.pack.pack_rotamers: built 7373 rotamers at 492 positions.
core.pack.interaction_graph.interaction_graph_factory: Instantiating DensePDInteractionGraph
protocols.relax.FastRelax: CMD: repack  -985.909  0.202166  0.202166  0.14575
protocols.relax.FastRelax: CMD: scale:fa_rep  -963.505  0.202166  0.202166  0.154
protocols.relax.FastRelax: CMD: min  -1185.08  0.234011  0.234011  0.154
protocols.relax.FastRelax: CMD: coord_cst_weight  -1301.61  0.234011  0.234011  0.154
protocols.relax.FastRelax: CMD: scale:fa_rep  -1120.32  0.234011  0.234011  0.30745
core.pack.task: Packer task: initialize from command line() 
core.pack.pack_rotamers: built 7161 rotamers at 492 positions.
core.pack.interaction_graph.interaction_graph_factory: Instantiating DensePDInteractionGraph
protocols.relax.FastRelax: CMD: repack  -1120  0.234011  0.234011  0.30745
protocols.relax.FastRelax: CMD: scale:fa_rep  -1105.78  0.234011  0.234011  0.31955
protocols.relax.FastRelax: CMD: min  -1305.16  3.07883  3.07883  0.31955
protocols.relax.FastRelax: CMD: coord_cst_weight  -1305.16  3.07883  3.07883  0.31955
protocols.relax.FastRelax: CMD: scale:fa_rep  -1099.73  3.07883  3.07883  0.55
core.pack.task: Packer task: initialize from command line() 
core.pack.pack_rotamers: built 6975 rotamers at 492 positions.
core.pack.interaction_graph.interaction_graph_factory: Instantiating DensePDInteractionGraph
protocols.relax.FastRelax: CMD: repack  -1100.77  3.07883  3.07883  0.55
protocols.relax.FastRelax: CMD: min  -1150.92  3.41032  3.41032  0.55
protocols.relax.FastRelax: MRP: 6  -1150.92  -1164.81  3.39598  3.39598  
protocols.relax.FastRelax: CMD: accept_to_best  -1150.92  3.41032  3.41032  0.55
protocols.relax.FastRelax: CMD: endrepeat  -1150.92  3.41032  3.41032  0.55
protocols.relax.FastRelax: CMD: coord_cst_weight  68602.1  3.41032  3.41032  0.55
protocols.relax.FastRelax: CMD: scale:fa_rep  68272.7  3.41032  3.41032  0.022
core.pack.task: Packer task: initialize from command line() 
core.pack.pack_rotamers: built 7727 rotamers at 492 positions.
core.pack.interaction_graph.interaction_graph_factory: Instantiating DensePDInteractionGraph
protocols.relax.FastRelax: CMD: repack  68252.4  3.41032  3.41032  0.022
protocols.relax.FastRelax: CMD: scale:fa_rep  68258.2  3.41032  3.41032  0.02805
core.optimization.Minimizer: [ WARNING ] LBFGS MAX CYCLES 2000 EXCEEDED, BUT FUNC NOT CONVERGED!
protocols.relax.FastRelax: CMD: min  -1272.45  0.187527  0.187527  0.02805
protocols.relax.FastRelax: CMD: coord_cst_weight  -1347.36  0.187527  0.187527  0.02805
protocols.relax.FastRelax: CMD: scale:fa_rep  -1018.18  0.187527  0.187527  0.14575
core.pack.task: Packer task: initialize from command line() 
core.pack.pack_rotamers: built 7347 rotamers at 492 positions.
core.pack.interaction_graph.interaction_graph_factory: Instantiating DensePDInteractionGraph
protocols.relax.FastRelax: CMD: repack  -1041.28  0.187527  0.187527  0.14575
protocols.relax.FastRelax: CMD: scale:fa_rep  -1020.2  0.187527  0.187527  0.154
protocols.relax.FastRelax: CMD: min  -1190.01  0.231039  0.231039  0.154
protocols.relax.FastRelax: CMD: coord_cst_weight  -1305.01  0.231039  0.231039  0.154
protocols.relax.FastRelax: CMD: scale:fa_rep  -1123.52  0.231039  0.231039  0.30745
core.pack.task: Packer task: initialize from command line() 
core.pack.pack_rotamers: built 7139 rotamers at 492 positions.
core.pack.interaction_graph.interaction_graph_factory: Instantiating DensePDInteractionGraph
protocols.relax.FastRelax: CMD: repack  -1123.47  0.231039  0.231039  0.30745
protocols.relax.FastRelax: CMD: scale:fa_rep  -1109.24  0.231039  0.231039  0.31955
protocols.relax.FastRelax: CMD: min  -1309.01  2.64541  2.64541  0.31955
protocols.relax.FastRelax: CMD: coord_cst_weight  -1309.01  2.64541  2.64541  0.31955
protocols.relax.FastRelax: CMD: scale:fa_rep  -1105.45  2.64541  2.64541  0.55
core.pack.task: Packer task: initialize from command line() 
core.pack.pack_rotamers: built 6970 rotamers at 492 positions.
core.pack.interaction_graph.interaction_graph_factory: Instantiating DensePDInteractionGraph
protocols.relax.FastRelax: CMD: repack  -1109.62  2.64541  2.64541  0.55
protocols.relax.FastRelax: CMD: min  -1164.35  2.62317  2.62317  0.55
protocols.relax.FastRelax: MRP: 7  -1164.35  -1164.81  3.39598  3.39598  
protocols.relax.FastRelax: CMD: accept_to_best  -1164.35  2.62317  2.62317  0.55
protocols.relax.FastRelax: CMD: endrepeat  -1164.35  2.62317  2.62317  0.55
protocols.relax.FastRelax: CMD: coord_cst_weight  54739.9  2.62317  2.62317  0.55
protocols.relax.FastRelax: CMD: scale:fa_rep  54414.2  2.62317  2.62317  0.022
core.pack.task: Packer task: initialize from command line() 
core.pack.pack_rotamers: built 7755 rotamers at 492 positions.
core.pack.interaction_graph.interaction_graph_factory: Instantiating DensePDInteractionGraph
protocols.relax.FastRelax: CMD: repack  54401.8  2.62317  2.62317  0.022
protocols.relax.FastRelax: CMD: scale:fa_rep  54411.2  2.62317  2.62317  0.02805
core.optimization.Minimizer: [ WARNING ] LBFGS MAX CYCLES 2000 EXCEEDED, BUT FUNC NOT CONVERGED!
protocols.relax.FastRelax: CMD: min  -1243.16  0.195871  0.195871  0.02805
protocols.relax.FastRelax: CMD: coord_cst_weight  -1322.53  0.195871  0.195871  0.02805
protocols.relax.FastRelax: CMD: scale:fa_rep  -961.46  0.195871  0.195871  0.14575
core.pack.task: Packer task: initialize from command line() 
core.pack.pack_rotamers: built 7368 rotamers at 492 positions.
core.pack.interaction_graph.interaction_graph_factory: Instantiating DensePDInteractionGraph
protocols.relax.FastRelax: CMD: repack  -1007.49  0.195871  0.195871  0.14575
protocols.relax.FastRelax: CMD: scale:fa_rep  -985.791  0.195871  0.195871  0.154
protocols.relax.FastRelax: CMD: min  -1183.82  0.229323  0.229323  0.154
protocols.relax.FastRelax: CMD: coord_cst_weight  -1297.63  0.229323  0.229323  0.154
protocols.relax.FastRelax: CMD: scale:fa_rep  -1118.79  0.229323  0.229323  0.30745
core.pack.task: Packer task: initialize from command line() 
core.pack.pack_rotamers: built 7128 rotamers at 492 positions.
core.pack.interaction_graph.interaction_graph_factory: Instantiating DensePDInteractionGraph
protocols.relax.FastRelax: CMD: repack  -1120.18  0.229323  0.229323  0.30745
protocols.relax.FastRelax: CMD: scale:fa_rep  -1106.25  0.229323  0.229323  0.31955
protocols.relax.FastRelax: CMD: min  -1291.32  2.95818  2.95818  0.31955
protocols.relax.FastRelax: CMD: coord_cst_weight  -1291.32  2.95818  2.95818  0.31955
protocols.relax.FastRelax: CMD: scale:fa_rep  -1087.18  2.95818  2.95818  0.55
core.pack.task: Packer task: initialize from command line() 
core.pack.pack_rotamers: built 6921 rotamers at 492 positions.
core.pack.interaction_graph.interaction_graph_factory: Instantiating DensePDInteractionGraph
protocols.relax.FastRelax: CMD: repack  -1083.23  2.95818  2.95818  0.55
protocols.relax.FastRelax: CMD: min  -1146.44  3.50931  3.50931  0.55
protocols.relax.FastRelax: MRP: 8  -1146.44  -1164.81  3.39598  3.39598  
protocols.relax.FastRelax: CMD: accept_to_best  -1146.44  3.50931  3.50931  0.55
protocols.relax.FastRelax: CMD: endrepeat  -1146.44  3.50931  3.50931  0.55
protocols.relax.FastRelax: CMD: coord_cst_weight  74961.2  3.50931  3.50931  0.55
protocols.relax.FastRelax: CMD: scale:fa_rep  74634.6  3.50931  3.50931  0.022
core.pack.task: Packer task: initialize from command line() 
core.pack.pack_rotamers: built 7704 rotamers at 492 positions.
core.pack.interaction_graph.interaction_graph_factory: Instantiating DensePDInteractionGraph
protocols.relax.FastRelax: CMD: repack  74606  3.50931  3.50931  0.022
protocols.relax.FastRelax: CMD: scale:fa_rep  74616.5  3.50931  3.50931  0.02805
core.optimization.Minimizer: [ WARNING ] LBFGS MAX CYCLES 2000 EXCEEDED, BUT FUNC NOT CONVERGED!
protocols.relax.FastRelax: CMD: min  -1254.63  0.190085  0.190085  0.02805
protocols.relax.FastRelax: CMD: coord_cst_weight  -1333.78  0.190085  0.190085  0.02805
protocols.relax.FastRelax: CMD: scale:fa_rep  -977.785  0.190085  0.190085  0.14575
core.pack.task: Packer task: initialize from command line() 
core.pack.pack_rotamers: built 7363 rotamers at 492 positions.
core.pack.interaction_graph.interaction_graph_factory: Instantiating DensePDInteractionGraph
protocols.relax.FastRelax: CMD: repack  -1039.9  0.190085  0.190085  0.14575
protocols.relax.FastRelax: CMD: scale:fa_rep  -1019.68  0.190085  0.190085  0.154
protocols.relax.FastRelax: CMD: min  -1188.37  0.229819  0.229819  0.154
protocols.relax.FastRelax: CMD: coord_cst_weight  -1303.17  0.229819  0.229819  0.154
protocols.relax.FastRelax: CMD: scale:fa_rep  -1127.53  0.229819  0.229819  0.30745
core.pack.task: Packer task: initialize from command line() 
core.pack.pack_rotamers: built 7165 rotamers at 492 positions.
core.pack.interaction_graph.interaction_graph_factory: Instantiating DensePDInteractionGraph
protocols.relax.FastRelax: CMD: repack  -1128.42  0.229819  0.229819  0.30745
protocols.relax.FastRelax: CMD: scale:fa_rep  -1114.7  0.229819  0.229819  0.31955
protocols.relax.FastRelax: CMD: min  -1296.85  2.66975  2.66975  0.31955
protocols.relax.FastRelax: CMD: coord_cst_weight  -1296.85  2.66975  2.66975  0.31955
protocols.relax.FastRelax: CMD: scale:fa_rep  -1092.12  2.66975  2.66975  0.55
core.pack.task: Packer task: initialize from command line() 
core.pack.pack_rotamers: built 6929 rotamers at 492 positions.
core.pack.interaction_graph.interaction_graph_factory: Instantiating DensePDInteractionGraph
protocols.relax.FastRelax: CMD: repack  -1094.07  2.66975  2.66975  0.55
protocols.relax.FastRelax: CMD: min  -1162.63  2.78558  2.78558  0.55
protocols.relax.FastRelax: MRP: 9  -1162.63  -1164.81  3.39598  3.39598  
protocols.relax.FastRelax: CMD: accept_to_best  -1162.63  2.78558  2.78558  0.55
protocols.relax.FastRelax: CMD: endrepeat  -1162.63  2.78558  2.78558  0.55
protocols.relax.FastRelax: CMD: coord_cst_weight  43731.1  2.78558  2.78558  0.55
protocols.relax.FastRelax: CMD: scale:fa_rep  43407.7  2.78558  2.78558  0.022
core.pack.task: Packer task: initialize from command line() 
core.pack.pack_rotamers: built 7742 rotamers at 492 positions.
core.pack.interaction_graph.interaction_graph_factory: Instantiating DensePDInteractionGraph
protocols.relax.FastRelax: CMD: repack  43383.7  2.78558  2.78558  0.022
protocols.relax.FastRelax: CMD: scale:fa_rep  43390.2  2.78558  2.78558  0.02805
core.optimization.Minimizer: [ WARNING ] LBFGS MAX CYCLES 2000 EXCEEDED, BUT FUNC NOT CONVERGED!
protocols.relax.FastRelax: CMD: min  -1269.74  0.183358  0.183358  0.02805
protocols.relax.FastRelax: CMD: coord_cst_weight  -1342.54  0.183358  0.183358  0.02805
protocols.relax.FastRelax: CMD: scale:fa_rep  -1028.59  0.183358  0.183358  0.14575
core.pack.task: Packer task: initialize from command line() 
core.pack.pack_rotamers: built 7377 rotamers at 492 positions.
core.pack.interaction_graph.interaction_graph_factory: Instantiating DensePDInteractionGraph
protocols.relax.FastRelax: CMD: repack  -1054.55  0.183358  0.183358  0.14575
protocols.relax.FastRelax: CMD: scale:fa_rep  -1034.64  0.183358  0.183358  0.154
protocols.relax.FastRelax: CMD: min  -1188.15  0.23073  0.23073  0.154
protocols.relax.FastRelax: CMD: coord_cst_weight  -1303.05  0.23073  0.23073  0.154
protocols.relax.FastRelax: CMD: scale:fa_rep  -1124.23  0.23073  0.23073  0.30745
core.pack.task: Packer task: initialize from command line() 
core.pack.pack_rotamers: built 7159 rotamers at 492 positions.
core.pack.interaction_graph.interaction_graph_factory: Instantiating DensePDInteractionGraph
protocols.relax.FastRelax: CMD: repack  -1125.61  0.23073  0.23073  0.30745
protocols.relax.FastRelax: CMD: scale:fa_rep  -1111.75  0.23073  0.23073  0.31955
protocols.relax.FastRelax: CMD: min  -1310.49  3.39167  3.39167  0.31955
protocols.relax.FastRelax: CMD: coord_cst_weight  -1310.49  3.39167  3.39167  0.31955
protocols.relax.FastRelax: CMD: scale:fa_rep  -1106.8  3.39167  3.39167  0.55
core.pack.task: Packer task: initialize from command line() 
core.pack.pack_rotamers: built 6978 rotamers at 492 positions.
core.pack.interaction_graph.interaction_graph_factory: Instantiating DensePDInteractionGraph
protocols.relax.FastRelax: CMD: repack  -1110.9  3.39167  3.39167  0.55
protocols.relax.FastRelax: CMD: min  -1172.96  3.12973  3.12973  0.55
protocols.relax.FastRelax: MRP: 10  -1172.96  -1172.96  3.12973  3.12973  
protocols.relax.FastRelax: CMD: accept_to_best  -1172.96  3.12973  3.12973  0.55
protocols.relax.FastRelax: CMD: endrepeat  -1172.96  3.12973  3.12973  0.55
protocols.relax.FastRelax: CMD: coord_cst_weight  75357.8  3.12973  3.12973  0.55
protocols.relax.FastRelax: CMD: scale:fa_rep  75033.4  3.12973  3.12973  0.022
core.pack.task: Packer task: initialize from command line() 
core.pack.pack_rotamers: built 7794 rotamers at 492 positions.
core.pack.interaction_graph.interaction_graph_factory: Instantiating DensePDInteractionGraph
protocols.relax.FastRelax: CMD: repack  75015  3.12973  3.12973  0.022
protocols.relax.FastRelax: CMD: scale:fa_rep  75022.2  3.12973  3.12973  0.02805
core.optimization.Minimizer: [ WARNING ] LBFGS MAX CYCLES 2000 EXCEEDED, BUT FUNC NOT CONVERGED!
protocols.relax.FastRelax: CMD: min  -1247.67  0.189549  0.189549  0.02805
protocols.relax.FastRelax: CMD: coord_cst_weight  -1324.19  0.189549  0.189549  0.02805
protocols.relax.FastRelax: CMD: scale:fa_rep  -993.97  0.189549  0.189549  0.14575
core.pack.task: Packer task: initialize from command line() 
core.pack.pack_rotamers: built 7340 rotamers at 492 positions.
core.pack.interaction_graph.interaction_graph_factory: Instantiating DensePDInteractionGraph
protocols.relax.FastRelax: CMD: repack  -1033.16  0.189549  0.189549  0.14575
protocols.relax.FastRelax: CMD: scale:fa_rep  -1013.09  0.189549  0.189549  0.154
protocols.relax.FastRelax: CMD: min  -1176.13  0.23805  0.23805  0.154
protocols.relax.FastRelax: CMD: coord_cst_weight  -1296.35  0.23805  0.23805  0.154
protocols.relax.FastRelax: CMD: scale:fa_rep  -1120.49  0.23805  0.23805  0.30745
core.pack.task: Packer task: initialize from command line() 
core.pack.pack_rotamers: built 7180 rotamers at 492 positions.
core.pack.interaction_graph.interaction_graph_factory: Instantiating DensePDInteractionGraph
protocols.relax.FastRelax: CMD: repack  -1120.82  0.23805  0.23805  0.30745
protocols.relax.FastRelax: CMD: scale:fa_rep  -1107  0.23805  0.23805  0.31955
protocols.relax.FastRelax: CMD: min  -1301.84  2.51415  2.51415  0.31955
protocols.relax.FastRelax: CMD: coord_cst_weight  -1301.84  2.51415  2.51415  0.31955
protocols.relax.FastRelax: CMD: scale:fa_rep  -1099.74  2.51415  2.51415  0.55
core.pack.task: Packer task: initialize from command line() 
core.pack.pack_rotamers: built 6918 rotamers at 492 positions.
core.pack.interaction_graph.interaction_graph_factory: Instantiating DensePDInteractionGraph
protocols.relax.FastRelax: CMD: repack  -1106.52  2.51415  2.51415  0.55
protocols.relax.FastRelax: CMD: min  -1167.23  2.85968  2.85968  0.55
protocols.relax.FastRelax: MRP: 11  -1167.23  -1172.96  3.12973  3.12973  
protocols.relax.FastRelax: CMD: accept_to_best  -1167.23  2.85968  2.85968  0.55
protocols.relax.FastRelax: CMD: endrepeat  -1167.23  2.85968  2.85968  0.55
protocols.relax.FastRelax: CMD: coord_cst_weight  52329.8  2.85968  2.85968  0.55
protocols.relax.FastRelax: CMD: scale:fa_rep  52004.4  2.85968  2.85968  0.022
core.pack.task: Packer task: initialize from command line() 
core.pack.pack_rotamers: built 7692 rotamers at 492 positions.
core.pack.interaction_graph.interaction_graph_factory: Instantiating DensePDInteractionGraph
protocols.relax.FastRelax: CMD: repack  51979.3  2.85968  2.85968  0.022
protocols.relax.FastRelax: CMD: scale:fa_rep  51986.3  2.85968  2.85968  0.02805
core.optimization.Minimizer: [ WARNING ] LBFGS MAX CYCLES 2000 EXCEEDED, BUT FUNC NOT CONVERGED!
protocols.relax.FastRelax: CMD: min  -1267.76  0.18558  0.18558  0.02805
protocols.relax.FastRelax: CMD: coord_cst_weight  -1339.75  0.18558  0.18558  0.02805
protocols.relax.FastRelax: CMD: scale:fa_rep  -995.748  0.18558  0.18558  0.14575
core.pack.task: Packer task: initialize from command line() 
core.pack.pack_rotamers: built 7348 rotamers at 492 positions.
core.pack.interaction_graph.interaction_graph_factory: Instantiating DensePDInteractionGraph
protocols.relax.FastRelax: CMD: repack  -1028.16  0.18558  0.18558  0.14575
protocols.relax.FastRelax: CMD: scale:fa_rep  -1007.06  0.18558  0.18558  0.154
protocols.relax.FastRelax: CMD: min  -1178.2  0.234642  0.234642  0.154
protocols.relax.FastRelax: CMD: coord_cst_weight  -1295.42  0.234642  0.234642  0.154
protocols.relax.FastRelax: CMD: scale:fa_rep  -1117.73  0.234642  0.234642  0.30745
core.pack.task: Packer task: initialize from command line() 
core.pack.pack_rotamers: built 7205 rotamers at 492 positions.
core.pack.interaction_graph.interaction_graph_factory: Instantiating DensePDInteractionGraph
protocols.relax.FastRelax: CMD: repack  -1118.11  0.234642  0.234642  0.30745
protocols.relax.FastRelax: CMD: scale:fa_rep  -1104.14  0.234642  0.234642  0.31955
protocols.relax.FastRelax: CMD: min  -1228.22  3.18715  3.18715  0.31955
protocols.relax.FastRelax: CMD: coord_cst_weight  -1228.22  3.18715  3.18715  0.31955
protocols.relax.FastRelax: CMD: scale:fa_rep  -961.994  3.18715  3.18715  0.55
core.pack.task: Packer task: initialize from command line() 
core.pack.pack_rotamers: built 6978 rotamers at 492 positions.
core.pack.interaction_graph.interaction_graph_factory: Instantiating DensePDInteractionGraph
protocols.relax.FastRelax: CMD: repack  -1118.21  3.18715  3.18715  0.55
protocols.relax.FastRelax: CMD: min  -1174.28  3.07232  3.07232  0.55
protocols.relax.FastRelax: MRP: 12  -1174.28  -1174.28  3.07232  3.07232  
protocols.relax.FastRelax: CMD: accept_to_best  -1174.28  3.07232  3.07232  0.55
protocols.relax.FastRelax: CMD: endrepeat  -1174.28  3.07232  3.07232  0.55
protocols.relax.FastRelax: CMD: coord_cst_weight  67438.3  3.07232  3.07232  0.55
protocols.relax.FastRelax: CMD: scale:fa_rep  67115.1  3.07232  3.07232  0.022
core.pack.task: Packer task: initialize from command line() 
core.pack.pack_rotamers: built 7758 rotamers at 492 positions.
core.pack.interaction_graph.interaction_graph_factory: Instantiating DensePDInteractionGraph
protocols.relax.FastRelax: CMD: repack  67098.7  3.07232  3.07232  0.022
protocols.relax.FastRelax: CMD: scale:fa_rep  67107.7  3.07232  3.07232  0.02805
core.optimization.Minimizer: [ WARNING ] LBFGS MAX CYCLES 2000 EXCEEDED, BUT FUNC NOT CONVERGED!
protocols.relax.FastRelax: CMD: min  -1247.17  0.188924  0.188924  0.02805
protocols.relax.FastRelax: CMD: coord_cst_weight  -1322.53  0.188924  0.188924  0.02805
protocols.relax.FastRelax: CMD: scale:fa_rep  -974.066  0.188924  0.188924  0.14575
core.pack.task: Packer task: initialize from command line() 
core.pack.pack_rotamers: built 7345 rotamers at 492 positions.
core.pack.interaction_graph.interaction_graph_factory: Instantiating DensePDInteractionGraph
protocols.relax.FastRelax: CMD: repack  -1029.98  0.188924  0.188924  0.14575
protocols.relax.FastRelax: CMD: scale:fa_rep  -1009.39  0.188924  0.188924  0.154
protocols.relax.FastRelax: CMD: min  -1179.46  0.233769  0.233769  0.154
protocols.relax.FastRelax: CMD: coord_cst_weight  -1296.14  0.233769  0.233769  0.154
protocols.relax.FastRelax: CMD: scale:fa_rep  -1118.52  0.233769  0.233769  0.30745
core.pack.task: Packer task: initialize from command line() 
core.pack.pack_rotamers: built 7211 rotamers at 492 positions.
core.pack.interaction_graph.interaction_graph_factory: Instantiating DensePDInteractionGraph
protocols.relax.FastRelax: CMD: repack  -1118.65  0.233769  0.233769  0.30745
protocols.relax.FastRelax: CMD: scale:fa_rep  -1104.69  0.233769  0.233769  0.31955
protocols.relax.FastRelax: CMD: min  -1310.47  2.20764  2.20764  0.31955
protocols.relax.FastRelax: CMD: coord_cst_weight  -1310.47  2.20764  2.20764  0.31955
protocols.relax.FastRelax: CMD: scale:fa_rep  -1106.92  2.20764  2.20764  0.55
core.pack.task: Packer task: initialize from command line() 
core.pack.pack_rotamers: built 7016 rotamers at 492 positions.
core.pack.interaction_graph.interaction_graph_factory: Instantiating DensePDInteractionGraph
protocols.relax.FastRelax: CMD: repack  -1105.48  2.20764  2.20764  0.55
protocols.relax.FastRelax: CMD: min  -1158.06  2.21615  2.21615  0.55
protocols.relax.FastRelax: MRP: 13  -1158.06  -1174.28  3.07232  3.07232  
protocols.relax.FastRelax: CMD: accept_to_best  -1158.06  2.21615  2.21615  0.55
protocols.relax.FastRelax: CMD: endrepeat  -1158.06  2.21615  2.21615  0.55
protocols.relax.FastRelax: CMD: coord_cst_weight  52594.9  2.21615  2.21615  0.55
protocols.relax.FastRelax: CMD: scale:fa_rep  52269.3  2.21615  2.21615  0.022
core.pack.task: Packer task: initialize from command line() 
core.pack.pack_rotamers: built 7775 rotamers at 492 positions.
core.pack.interaction_graph.interaction_graph_factory: Instantiating DensePDInteractionGraph
protocols.relax.FastRelax: CMD: repack  52255.7  2.21615  2.21615  0.022
protocols.relax.FastRelax: CMD: scale:fa_rep  52262.2  2.21615  2.21615  0.02805
core.optimization.Minimizer: [ WARNING ] LBFGS MAX CYCLES 2000 EXCEEDED, BUT FUNC NOT CONVERGED!
protocols.relax.FastRelax: CMD: min  -1258.38  0.18324  0.18324  0.02805
protocols.relax.FastRelax: CMD: coord_cst_weight  -1329.42  0.18324  0.18324  0.02805
protocols.relax.FastRelax: CMD: scale:fa_rep  -990.295  0.18324  0.18324  0.14575
core.pack.task: Packer task: initialize from command line() 
core.pack.pack_rotamers: built 7334 rotamers at 492 positions.
core.pack.interaction_graph.interaction_graph_factory: Instantiating DensePDInteractionGraph
protocols.relax.FastRelax: CMD: repack  -1024.49  0.18324  0.18324  0.14575
protocols.relax.FastRelax: CMD: scale:fa_rep  -1003.34  0.18324  0.18324  0.154
protocols.relax.FastRelax: CMD: min  -1178.77  0.23332  0.23332  0.154
protocols.relax.FastRelax: CMD: coord_cst_weight  -1294.77  0.23332  0.23332  0.154
protocols.relax.FastRelax: CMD: scale:fa_rep  -1118.65  0.23332  0.23332  0.30745
core.pack.task: Packer task: initialize from command line() 
core.pack.pack_rotamers: built 7183 rotamers at 492 positions.
core.pack.interaction_graph.interaction_graph_factory: Instantiating DensePDInteractionGraph
protocols.relax.FastRelax: CMD: repack  -1118.79  0.23332  0.23332  0.30745
protocols.relax.FastRelax: CMD: scale:fa_rep  -1104.93  0.23332  0.23332  0.31955
protocols.relax.FastRelax: CMD: min  -1295.03  1.87278  1.87278  0.31955
protocols.relax.FastRelax: CMD: coord_cst_weight  -1295.03  1.87278  1.87278  0.31955
protocols.relax.FastRelax: CMD: scale:fa_rep  -1092.73  1.87278  1.87278  0.55
core.pack.task: Packer task: initialize from command line() 
core.pack.pack_rotamers: built 6914 rotamers at 492 positions.
core.pack.interaction_graph.interaction_graph_factory: Instantiating DensePDInteractionGraph
protocols.relax.FastRelax: CMD: repack  -1097.33  1.87278  1.87278  0.55
protocols.relax.FastRelax: CMD: min  -1155.72  1.98536  1.98536  0.55
protocols.relax.FastRelax: MRP: 14  -1155.72  -1174.28  3.07232  3.07232  
protocols.relax.FastRelax: CMD: accept_to_best  -1155.72  1.98536  1.98536  0.55
protocols.relax.FastRelax: CMD: endrepeat  -1155.72  1.98536  1.98536  0.55
protocols::checkpoint: Deleting checkpoints of FastRelax
protocols.jd2.JobDistributor: target.BL00010001_8_0005 reported success in 14307 seconds
protocols.jd2.PDBJobInputter: PDBJobInputter::pose_from_job
protocols.jd2.PDBJobInputter: filling pose from PDB ../1-modeller/target.BL00010001.pdb
core.import_pose.import_pose: File '../1-modeller/target.BL00010001.pdb' automatically determined to be of type PDB from contents.
core.io.rcsb.ExperimentalTechnique: [ ERROR ] Unrecognized experimental technique string 'THEORETICAL MODEL, MODELLER 10.8 2026/08/10 16:18:02'
protocols.relax.FastRelax: CMD: repeat  4476.34  0  0  0.55
protocols.relax.FastRelax: CMD: coord_cst_weight  4476.34  0  0  0.55
protocols.relax.FastRelax: CMD: scale:fa_rep  806.987  0  0  0.022
core.pack.task: Packer task: initialize from command line() 
core.pack.pack_rotamers: built 8129 rotamers at 492 positions.
core.pack.interaction_graph.interaction_graph_factory: Instantiating DensePDInteractionGraph
protocols.relax.FastRelax: CMD: repack  -873.06  0  0  0.022
protocols.relax.FastRelax: CMD: scale:fa_rep  -835.427  0  0  0.02805
core.optimization.Minimizer: [ WARNING ] LBFGS MAX CYCLES 2000 EXCEEDED, BUT FUNC NOT CONVERGED!
protocols.relax.FastRelax: CMD: min  -1287.28  0.148852  0.148852  0.02805
protocols.relax.FastRelax: CMD: coord_cst_weight  -1334.24  0.148852  0.148852  0.02805
protocols.relax.FastRelax: CMD: scale:fa_rep  -952.051  0.148852  0.148852  0.14575
core.pack.task: Packer task: initialize from command line() 
core.pack.pack_rotamers: built 7454 rotamers at 492 positions.
core.pack.interaction_graph.interaction_graph_factory: Instantiating DensePDInteractionGraph
protocols.relax.FastRelax: CMD: repack  -996.877  0.148852  0.148852  0.14575
protocols.relax.FastRelax: CMD: scale:fa_rep  -975.624  0.148852  0.148852  0.154
protocols.relax.FastRelax: CMD: min  -1161.63  0.202371  0.202371  0.154
protocols.relax.FastRelax: CMD: coord_cst_weight  -1249.46  0.202371  0.202371  0.154
protocols.relax.FastRelax: CMD: scale:fa_rep  -1061.61  0.202371  0.202371  0.30745
core.pack.task: Packer task: initialize from command line() 
core.pack.pack_rotamers: built 7254 rotamers at 492 positions.
core.pack.interaction_graph.interaction_graph_factory: Instantiating DensePDInteractionGraph
protocols.relax.FastRelax: CMD: repack  -1058.26  0.202371  0.202371  0.30745
protocols.relax.FastRelax: CMD: scale:fa_rep  -1043.53  0.202371  0.202371  0.31955
protocols.relax.FastRelax: CMD: min  -1247.59  2.99029  2.99029  0.31955
protocols.relax.FastRelax: CMD: coord_cst_weight  -1247.59  2.99029  2.99029  0.31955
protocols.relax.FastRelax: CMD: scale:fa_rep  -1038.15  2.99029  2.99029  0.55
core.pack.task: Packer task: initialize from command line() 
core.pack.pack_rotamers: built 7071 rotamers at 492 positions.
core.pack.interaction_graph.interaction_graph_factory: Instantiating DensePDInteractionGraph
protocols.relax.FastRelax: CMD: repack  -1045.96  2.99029  2.99029  0.55
protocols.relax.FastRelax: CMD: min  -1115.26  3.37371  3.37371  0.55
protocols.relax.FastRelax: MRP: 0  -1115.26  -1115.26  3.37371  3.37371  
protocols.relax.FastRelax: CMD: accept_to_best  -1115.26  3.37371  3.37371  0.55
protocols.relax.FastRelax: CMD: endrepeat  -1115.26  3.37371  3.37371  0.55
protocols.relax.FastRelax: CMD: coord_cst_weight  115031  3.37371  3.37371  0.55
protocols.relax.FastRelax: CMD: scale:fa_rep  114695  3.37371  3.37371  0.022
core.pack.task: Packer task: initialize from command line() 
core.pack.pack_rotamers: built 7845 rotamers at 492 positions.
core.pack.interaction_graph.interaction_graph_factory: Instantiating DensePDInteractionGraph
protocols.relax.FastRelax: CMD: repack  114662  3.37371  3.37371  0.022
protocols.relax.FastRelax: CMD: scale:fa_rep  114672  3.37371  3.37371  0.02805
core.optimization.Minimizer: [ WARNING ] LBFGS MAX CYCLES 2000 EXCEEDED, BUT FUNC NOT CONVERGED!
protocols.relax.FastRelax: CMD: min  -1262.93  0.174452  0.174452  0.02805
protocols.relax.FastRelax: CMD: coord_cst_weight  -1329.7  0.174452  0.174452  0.02805
protocols.relax.FastRelax: CMD: scale:fa_rep  -994.333  0.174452  0.174452  0.14575
core.pack.task: Packer task: initialize from command line() 
core.pack.pack_rotamers: built 7383 rotamers at 492 positions.
core.pack.interaction_graph.interaction_graph_factory: Instantiating DensePDInteractionGraph
protocols.relax.FastRelax: CMD: repack  -1037.36  0.174452  0.174452  0.14575
protocols.relax.FastRelax: CMD: scale:fa_rep  -1017.43  0.174452  0.174452  0.154
protocols.relax.FastRelax: CMD: min  -1178.61  0.21817  0.21817  0.154
protocols.relax.FastRelax: CMD: coord_cst_weight  -1282.22  0.21817  0.21817  0.154
protocols.relax.FastRelax: CMD: scale:fa_rep  -1099.74  0.21817  0.21817  0.30745
core.pack.task: Packer task: initialize from command line() 
core.pack.pack_rotamers: built 7161 rotamers at 492 positions.
core.pack.interaction_graph.interaction_graph_factory: Instantiating DensePDInteractionGraph
protocols.relax.FastRelax: CMD: repack  -1103.01  0.21817  0.21817  0.30745
protocols.relax.FastRelax: CMD: scale:fa_rep  -1088.78  0.21817  0.21817  0.31955
protocols.relax.FastRelax: CMD: min  -1289.01  3.05184  3.05184  0.31955
protocols.relax.FastRelax: CMD: coord_cst_weight  -1289.01  3.05184  3.05184  0.31955
protocols.relax.FastRelax: CMD: scale:fa_rep  -1084.26  3.05184  3.05184  0.55
core.pack.task: Packer task: initialize from command line() 
core.pack.pack_rotamers: built 7014 rotamers at 492 positions.
core.pack.interaction_graph.interaction_graph_factory: Instantiating DensePDInteractionGraph
protocols.relax.FastRelax: CMD: repack  -1085.75  3.05184  3.05184  0.55
protocols.relax.FastRelax: CMD: min  -1137.56  3.69397  3.69397  0.55
protocols.relax.FastRelax: MRP: 1  -1137.56  -1137.56  3.69397  3.69397  
protocols.relax.FastRelax: CMD: accept_to_best  -1137.56  3.69397  3.69397  0.55
protocols.relax.FastRelax: CMD: endrepeat  -1137.56  3.69397  3.69397  0.55
protocols.relax.FastRelax: CMD: coord_cst_weight  87860.2  3.69397  3.69397  0.55
protocols.relax.FastRelax: CMD: scale:fa_rep  87532.9  3.69397  3.69397  0.022
core.pack.task: Packer task: initialize from command line() 
core.pack.pack_rotamers: built 7683 rotamers at 492 positions.
core.pack.interaction_graph.interaction_graph_factory: Instantiating DensePDInteractionGraph
protocols.relax.FastRelax: CMD: repack  87513.2  3.69397  3.69397  0.022
protocols.relax.FastRelax: CMD: scale:fa_rep  87521.5  3.69397  3.69397  0.02805
core.optimization.Minimizer: [ WARNING ] LBFGS MAX CYCLES 2000 EXCEEDED, BUT FUNC NOT CONVERGED!
protocols.relax.FastRelax: CMD: min  -1270.02  0.179332  0.179332  0.02805
protocols.relax.FastRelax: CMD: coord_cst_weight  -1340.28  0.179332  0.179332  0.02805
protocols.relax.FastRelax: CMD: scale:fa_rep  -983.377  0.179332  0.179332  0.14575
core.pack.task: Packer task: initialize from command line() 
core.pack.pack_rotamers: built 7432 rotamers at 492 positions.
core.pack.interaction_graph.interaction_graph_factory: Instantiating DensePDInteractionGraph
protocols.relax.FastRelax: CMD: repack  -1056.08  0.179332  0.179332  0.14575
protocols.relax.FastRelax: CMD: scale:fa_rep  -1036.27  0.179332  0.179332  0.154
protocols.relax.FastRelax: CMD: min  -1188.99  0.22145  0.22145  0.154
protocols.relax.FastRelax: CMD: coord_cst_weight  -1295.64  0.22145  0.22145  0.154
protocols.relax.FastRelax: CMD: scale:fa_rep  -1116.3  0.22145  0.22145  0.30745
core.pack.task: Packer task: initialize from command line() 
core.pack.pack_rotamers: built 7159 rotamers at 492 positions.
core.pack.interaction_graph.interaction_graph_factory: Instantiating DensePDInteractionGraph
protocols.relax.FastRelax: CMD: repack  -1097.96  0.22145  0.22145  0.30745
protocols.relax.FastRelax: CMD: scale:fa_rep  -1083.25  0.22145  0.22145  0.31955
protocols.relax.FastRelax: CMD: min  -1295.19  4.40198  4.40198  0.31955
protocols.relax.FastRelax: CMD: coord_cst_weight  -1295.19  4.40198  4.40198  0.31955
protocols.relax.FastRelax: CMD: scale:fa_rep  -1089.9  4.40198  4.40198  0.55
core.pack.task: Packer task: initialize from command line() 
core.pack.pack_rotamers: built 7005 rotamers at 492 positions.
core.pack.interaction_graph.interaction_graph_factory: Instantiating DensePDInteractionGraph
protocols.relax.FastRelax: CMD: repack  -1092.32  4.40198  4.40198  0.55
protocols.relax.FastRelax: CMD: min  -1143.67  4.10947  4.10947  0.55
protocols.relax.FastRelax: MRP: 2  -1143.67  -1143.67  4.10947  4.10947  
protocols.relax.FastRelax: CMD: accept_to_best  -1143.67  4.10947  4.10947  0.55
protocols.relax.FastRelax: CMD: endrepeat  -1143.67  4.10947  4.10947  0.55
protocols.relax.FastRelax: CMD: coord_cst_weight  81299.2  4.10947  4.10947  0.55
protocols.relax.FastRelax: CMD: scale:fa_rep  80968.3  4.10947  4.10947  0.022
core.pack.task: Packer task: initialize from command line() 
core.pack.pack_rotamers: built 7642 rotamers at 492 positions.
core.pack.interaction_graph.interaction_graph_factory: Instantiating DensePDInteractionGraph
protocols.relax.FastRelax: CMD: repack  80950.7  4.10947  4.10947  0.022
protocols.relax.FastRelax: CMD: scale:fa_rep  80959.5  4.10947  4.10947  0.02805
core.optimization.Minimizer: [ WARNING ] LBFGS MAX CYCLES 2000 EXCEEDED, BUT FUNC NOT CONVERGED!
protocols.relax.FastRelax: CMD: min  -1246.1  0.184932  0.184932  0.02805
protocols.relax.FastRelax: CMD: coord_cst_weight  -1321.1  0.184932  0.184932  0.02805
protocols.relax.FastRelax: CMD: scale:fa_rep  -949.383  0.184932  0.184932  0.14575
core.pack.task: Packer task: initialize from command line() 
core.pack.pack_rotamers: built 7376 rotamers at 492 positions.
core.pack.interaction_graph.interaction_graph_factory: Instantiating DensePDInteractionGraph
protocols.relax.FastRelax: CMD: repack  -1032.31  0.184932  0.184932  0.14575
protocols.relax.FastRelax: CMD: scale:fa_rep  -1012.53  0.184932  0.184932  0.154
protocols.relax.FastRelax: CMD: min  -1186.71  0.224227  0.224227  0.154
protocols.relax.FastRelax: CMD: coord_cst_weight  -1296.17  0.224227  0.224227  0.154
protocols.relax.FastRelax: CMD: scale:fa_rep  -1121.83  0.224227  0.224227  0.30745
core.pack.task: Packer task: initialize from command line() 
core.pack.pack_rotamers: built 7159 rotamers at 492 positions.
core.pack.interaction_graph.interaction_graph_factory: Instantiating DensePDInteractionGraph
protocols.relax.FastRelax: CMD: repack  -1122.1  0.224227  0.224227  0.30745
protocols.relax.FastRelax: CMD: scale:fa_rep  -1108.4  0.224227  0.224227  0.31955
protocols.relax.FastRelax: CMD: min  -1284.82  3.72348  3.72348  0.31955
protocols.relax.FastRelax: CMD: coord_cst_weight  -1284.82  3.72348  3.72348  0.31955
protocols.relax.FastRelax: CMD: scale:fa_rep  -1069.49  3.72348  3.72348  0.55
core.pack.task: Packer task: initialize from command line() 
core.pack.pack_rotamers: built 6984 rotamers at 492 positions.
core.pack.interaction_graph.interaction_graph_factory: Instantiating DensePDInteractionGraph
protocols.relax.FastRelax: CMD: repack  -1093.45  3.72348  3.72348  0.55
protocols.relax.FastRelax: CMD: min  -1137  3.9869  3.9869  0.55
protocols.relax.FastRelax: MRP: 3  -1137  -1143.67  4.10947  4.10947  
protocols.relax.FastRelax: CMD: accept_to_best  -1137  3.9869  3.9869  0.55
protocols.relax.FastRelax: CMD: endrepeat  -1137  3.9869  3.9869  0.55
protocols.relax.FastRelax: CMD: coord_cst_weight  72691.4  3.9869  3.9869  0.55
protocols.relax.FastRelax: CMD: scale:fa_rep  72359.2  3.9869  3.9869  0.022
core.pack.task: Packer task: initialize from command line() 
core.pack.pack_rotamers: built 7660 rotamers at 492 positions.
core.pack.interaction_graph.interaction_graph_factory: Instantiating DensePDInteractionGraph
protocols.relax.FastRelax: CMD: repack  72338.2  3.9869  3.9869  0.022
protocols.relax.FastRelax: CMD: scale:fa_rep  72345  3.9869  3.9869  0.02805
core.optimization.Minimizer: [ WARNING ] LBFGS MAX CYCLES 2000 EXCEEDED, BUT FUNC NOT CONVERGED!
protocols.relax.FastRelax: CMD: min  -1269.75  0.184054  0.184054  0.02805
protocols.relax.FastRelax: CMD: coord_cst_weight  -1342.73  0.184054  0.184054  0.02805
protocols.relax.FastRelax: CMD: scale:fa_rep  -1004.24  0.184054  0.184054  0.14575
core.pack.task: Packer task: initialize from command line() 
core.pack.pack_rotamers: built 7319 rotamers at 492 positions.
core.pack.interaction_graph.interaction_graph_factory: Instantiating DensePDInteractionGraph
protocols.relax.FastRelax: CMD: repack  -1060.6  0.184054  0.184054  0.14575
protocols.relax.FastRelax: CMD: scale:fa_rep  -1040.81  0.184054  0.184054  0.154
protocols.relax.FastRelax: CMD: min  -1188.15  0.225632  0.225632  0.154
protocols.relax.FastRelax: CMD: coord_cst_weight  -1297.94  0.225632  0.225632  0.154
protocols.relax.FastRelax: CMD: scale:fa_rep  -1119.55  0.225632  0.225632  0.30745
core.pack.task: Packer task: initialize from command line() 
core.pack.pack_rotamers: built 7142 rotamers at 492 positions.
core.pack.interaction_graph.interaction_graph_factory: Instantiating DensePDInteractionGraph
protocols.relax.FastRelax: CMD: repack  -1117.39  0.225632  0.225632  0.30745
protocols.relax.FastRelax: CMD: scale:fa_rep  -1103.42  0.225632  0.225632  0.31955
protocols.relax.FastRelax: CMD: min  -1069.61  3.75656  3.75656  0.31955
protocols.relax.FastRelax: CMD: coord_cst_weight  -1069.61  3.75656  3.75656  0.31955
protocols.relax.FastRelax: CMD: scale:fa_rep  -698.378  3.75656  3.75656  0.55
core.pack.task: Packer task: initialize from command line() 
core.pack.pack_rotamers: built 6971 rotamers at 492 positions.
core.pack.interaction_graph.interaction_graph_factory: Instantiating DensePDInteractionGraph
protocols.relax.FastRelax: CMD: repack  -764.573  3.75656  3.75656  0.55
protocols.relax.FastRelax: CMD: min  -1146.96  3.51256  3.51256  0.55
protocols.relax.FastRelax: MRP: 4  -1146.96  -1146.96  3.51256  3.51256  
protocols.relax.FastRelax: CMD: accept_to_best  -1146.96  3.51256  3.51256  0.55
protocols.relax.FastRelax: CMD: endrepeat  -1146.96  3.51256  3.51256  0.55
protocols.relax.FastRelax: CMD: coord_cst_weight  60631.1  3.51256  3.51256  0.55
protocols.relax.FastRelax: CMD: scale:fa_rep  60300.7  3.51256  3.51256  0.022
core.pack.task: Packer task: initialize from command line() 
core.pack.pack_rotamers: built 7673 rotamers at 492 positions.
core.pack.interaction_graph.interaction_graph_factory: Instantiating DensePDInteractionGraph
protocols.relax.FastRelax: CMD: repack  60288.1  3.51256  3.51256  0.022
protocols.relax.FastRelax: CMD: scale:fa_rep  60296.6  3.51256  3.51256  0.02805
core.optimization.Minimizer: [ WARNING ] LBFGS MAX CYCLES 2000 EXCEEDED, BUT FUNC NOT CONVERGED!
protocols.relax.FastRelax: CMD: min  -1269.38  0.182222  0.182222  0.02805
protocols.relax.FastRelax: CMD: coord_cst_weight  -1341.58  0.182222  0.182222  0.02805
protocols.relax.FastRelax: CMD: scale:fa_rep  -986.734  0.182222  0.182222  0.14575
core.pack.task: Packer task: initialize from command line() 
core.pack.pack_rotamers: built 7345 rotamers at 492 positions.
core.pack.interaction_graph.interaction_graph_factory: Instantiating DensePDInteractionGraph
protocols.relax.FastRelax: CMD: repack  -1046  0.182222  0.182222  0.14575
protocols.relax.FastRelax: CMD: scale:fa_rep  -1025.21  0.182222  0.182222  0.154
protocols.relax.FastRelax: CMD: min  -1188.34  0.225518  0.225518  0.154
protocols.relax.FastRelax: CMD: coord_cst_weight  -1298.53  0.225518  0.225518  0.154
protocols.relax.FastRelax: CMD: scale:fa_rep  -1116.7  0.225518  0.225518  0.30745
core.pack.task: Packer task: initialize from command line() 
core.pack.pack_rotamers: built 7154 rotamers at 492 positions.
core.pack.interaction_graph.interaction_graph_factory: Instantiating DensePDInteractionGraph
protocols.relax.FastRelax: CMD: repack  -1117.14  0.225518  0.225518  0.30745
protocols.relax.FastRelax: CMD: scale:fa_rep  -1102.87  0.225518  0.225518  0.31955
protocols.relax.FastRelax: CMD: min  -1290.1  3.62817  3.62817  0.31955
protocols.relax.FastRelax: CMD: coord_cst_weight  -1290.1  3.62817  3.62817  0.31955
protocols.relax.FastRelax: CMD: scale:fa_rep  -1080.13  3.62817  3.62817  0.55
core.pack.task: Packer task: initialize from command line() 
core.pack.pack_rotamers: built 6961 rotamers at 492 positions.
core.pack.interaction_graph.interaction_graph_factory: Instantiating DensePDInteractionGraph
protocols.relax.FastRelax: CMD: repack  -1083.76  3.62817  3.62817  0.55
protocols.relax.FastRelax: CMD: min  -1144.22  3.79905  3.79905  0.55
protocols.relax.FastRelax: MRP: 5  -1144.22  -1146.96  3.51256  3.51256  
protocols.relax.FastRelax: CMD: accept_to_best  -1144.22  3.79905  3.79905  0.55
protocols.relax.FastRelax: CMD: endrepeat  -1144.22  3.79905  3.79905  0.55
protocols.relax.FastRelax: CMD: coord_cst_weight  91100  3.79905  3.79905  0.55
protocols.relax.FastRelax: CMD: scale:fa_rep  90772.5  3.79905  3.79905  0.022
core.pack.task: Packer task: initialize from command line() 
core.pack.pack_rotamers: built 7690 rotamers at 492 positions.
core.pack.interaction_graph.interaction_graph_factory: Instantiating DensePDInteractionGraph
protocols.relax.FastRelax: CMD: repack  90777  3.79905  3.79905  0.022
protocols.relax.FastRelax: CMD: scale:fa_rep  90787.2  3.79905  3.79905  0.02805
core.optimization.Minimizer: [ WARNING ] LBFGS MAX CYCLES 2000 EXCEEDED, BUT FUNC NOT CONVERGED!
protocols.relax.FastRelax: CMD: min  -1243.11  0.189494  0.189494  0.02805
protocols.relax.FastRelax: CMD: coord_cst_weight  -1321.02  0.189494  0.189494  0.02805
protocols.relax.FastRelax: CMD: scale:fa_rep  -924.415  0.189494  0.189494  0.14575
core.pack.task: Packer task: initialize from command line() 
core.pack.pack_rotamers: built 7356 rotamers at 492 positions.
core.pack.interaction_graph.interaction_graph_factory: Instantiating DensePDInteractionGraph
protocols.relax.FastRelax: CMD: repack  -1046.35  0.189494  0.189494  0.14575
protocols.relax.FastRelax: CMD: scale:fa_rep  -1026.71  0.189494  0.189494  0.154
protocols.relax.FastRelax: CMD: min  -1182.05  0.229752  0.229752  0.154
protocols.relax.FastRelax: CMD: coord_cst_weight  -1295.53  0.229752  0.229752  0.154
protocols.relax.FastRelax: CMD: scale:fa_rep  -1115.86  0.229752  0.229752  0.30745
core.pack.task: Packer task: initialize from command line() 
core.pack.pack_rotamers: built 7130 rotamers at 492 positions.
core.pack.interaction_graph.interaction_graph_factory: Instantiating DensePDInteractionGraph
protocols.relax.FastRelax: CMD: repack  -1112.21  0.229752  0.229752  0.30745
protocols.relax.FastRelax: CMD: scale:fa_rep  -1098.23  0.229752  0.229752  0.31955
protocols.relax.FastRelax: CMD: min  -1296.38  2.95094  2.95094  0.31955
protocols.relax.FastRelax: CMD: coord_cst_weight  -1296.38  2.95094  2.95094  0.31955
protocols.relax.FastRelax: CMD: scale:fa_rep  -1092.53  2.95094  2.95094  0.55
core.pack.task: Packer task: initialize from command line() 
core.pack.pack_rotamers: built 7003 rotamers at 492 positions.
core.pack.interaction_graph.interaction_graph_factory: Instantiating DensePDInteractionGraph
protocols.relax.FastRelax: CMD: repack  -1099.42  2.95094  2.95094  0.55
protocols.relax.FastRelax: CMD: min  -1150.17  3.05491  3.05491  0.55
protocols.relax.FastRelax: MRP: 6  -1150.17  -1150.17  3.05491  3.05491  
protocols.relax.FastRelax: CMD: accept_to_best  -1150.17  3.05491  3.05491  0.55
protocols.relax.FastRelax: CMD: endrepeat  -1150.17  3.05491  3.05491  0.55
protocols.relax.FastRelax: CMD: coord_cst_weight  57309.7  3.05491  3.05491  0.55
protocols.relax.FastRelax: CMD: scale:fa_rep  56981.4  3.05491  3.05491  0.022
core.pack.task: Packer task: initialize from command line() 
core.pack.pack_rotamers: built 7656 rotamers at 492 positions.
core.pack.interaction_graph.interaction_graph_factory: Instantiating DensePDInteractionGraph
protocols.relax.FastRelax: CMD: repack  56970.9  3.05491  3.05491  0.022
protocols.relax.FastRelax: CMD: scale:fa_rep  56980.6  3.05491  3.05491  0.02805
core.optimization.Minimizer: [ WARNING ] LBFGS MAX CYCLES 2000 EXCEEDED, BUT FUNC NOT CONVERGED!
protocols.relax.FastRelax: CMD: min  -1255.68  0.183869  0.183869  0.02805
protocols.relax.FastRelax: CMD: coord_cst_weight  -1328.17  0.183869  0.183869  0.02805
protocols.relax.FastRelax: CMD: scale:fa_rep  -952.612  0.183869  0.183869  0.14575
core.pack.task: Packer task: initialize from command line() 
core.pack.pack_rotamers: built 7341 rotamers at 492 positions.
core.pack.interaction_graph.interaction_graph_factory: Instantiating DensePDInteractionGraph
protocols.relax.FastRelax: CMD: repack  -1019.94  0.183869  0.183869  0.14575
protocols.relax.FastRelax: CMD: scale:fa_rep  -998.628  0.183869  0.183869  0.154
protocols.relax.FastRelax: CMD: min  -1176.7  0.228489  0.228489  0.154
protocols.relax.FastRelax: CMD: coord_cst_weight  -1290.52  0.228489  0.228489  0.154
protocols.relax.FastRelax: CMD: scale:fa_rep  -1104.41  0.228489  0.228489  0.30745
core.pack.task: Packer task: initialize from command line() 
core.pack.pack_rotamers: built 7112 rotamers at 492 positions.
core.pack.interaction_graph.interaction_graph_factory: Instantiating DensePDInteractionGraph
protocols.relax.FastRelax: CMD: repack  -1105.46  0.228489  0.228489  0.30745
protocols.relax.FastRelax: CMD: scale:fa_rep  -1090.93  0.228489  0.228489  0.31955
protocols.relax.FastRelax: CMD: min  -1310.55  3.25721  3.25721  0.31955
protocols.relax.FastRelax: CMD: coord_cst_weight  -1310.55  3.25721  3.25721  0.31955
protocols.relax.FastRelax: CMD: scale:fa_rep  -1108  3.25721  3.25721  0.55
core.pack.task: Packer task: initialize from command line() 
core.pack.pack_rotamers: built 6904 rotamers at 492 positions.
core.pack.interaction_graph.interaction_graph_factory: Instantiating DensePDInteractionGraph
protocols.relax.FastRelax: CMD: repack  -1117.34  3.25721  3.25721  0.55
protocols.relax.FastRelax: CMD: min  -1168.41  3.67093  3.67093  0.55
protocols.relax.FastRelax: MRP: 7  -1168.41  -1168.41  3.67093  3.67093  
protocols.relax.FastRelax: CMD: accept_to_best  -1168.41  3.67093  3.67093  0.55
protocols.relax.FastRelax: CMD: endrepeat  -1168.41  3.67093  3.67093  0.55
protocols.relax.FastRelax: CMD: coord_cst_weight  87172.6  3.67093  3.67093  0.55
protocols.relax.FastRelax: CMD: scale:fa_rep  86848.6  3.67093  3.67093  0.022
core.pack.task: Packer task: initialize from command line() 
core.pack.pack_rotamers: built 7709 rotamers at 492 positions.
core.pack.interaction_graph.interaction_graph_factory: Instantiating DensePDInteractionGraph
protocols.relax.FastRelax: CMD: repack  86835.5  3.67093  3.67093  0.022
protocols.relax.FastRelax: CMD: scale:fa_rep  86841.4  3.67093  3.67093  0.02805
core.optimization.Minimizer: [ WARNING ] LBFGS MAX CYCLES 2000 EXCEEDED, BUT FUNC NOT CONVERGED!
protocols.relax.FastRelax: CMD: min  -1252.62  0.185663  0.185663  0.02805
protocols.relax.FastRelax: CMD: coord_cst_weight  -1327.33  0.185663  0.185663  0.02805
protocols.relax.FastRelax: CMD: scale:fa_rep  -993.848  0.185663  0.185663  0.14575
core.pack.task: Packer task: initialize from command line() 
core.pack.pack_rotamers: built 7321 rotamers at 492 positions.
core.pack.interaction_graph.interaction_graph_factory: Instantiating DensePDInteractionGraph
protocols.relax.FastRelax: CMD: repack  -1028.31  0.185663  0.185663  0.14575
protocols.relax.FastRelax: CMD: scale:fa_rep  -1007.33  0.185663  0.185663  0.154
protocols.relax.FastRelax: CMD: min  -1177.55  0.233876  0.233876  0.154
protocols.relax.FastRelax: CMD: coord_cst_weight  -1295.8  0.233876  0.233876  0.154
protocols.relax.FastRelax: CMD: scale:fa_rep  -1116.23  0.233876  0.233876  0.30745
core.pack.task: Packer task: initialize from command line() 
core.pack.pack_rotamers: built 7150 rotamers at 492 positions.
core.pack.interaction_graph.interaction_graph_factory: Instantiating DensePDInteractionGraph
protocols.relax.FastRelax: CMD: repack  -1116.22  0.233876  0.233876  0.30745
protocols.relax.FastRelax: CMD: scale:fa_rep  -1102.23  0.233876  0.233876  0.31955
protocols.relax.FastRelax: CMD: min  -1311.28  2.99453  2.99453  0.31955
protocols.relax.FastRelax: CMD: coord_cst_weight  -1311.28  2.99453  2.99453  0.31955
protocols.relax.FastRelax: CMD: scale:fa_rep  -1106.53  2.99453  2.99453  0.55
core.pack.task: Packer task: initialize from command line() 
core.pack.pack_rotamers: built 6930 rotamers at 492 positions.
core.pack.interaction_graph.interaction_graph_factory: Instantiating DensePDInteractionGraph
protocols.relax.FastRelax: CMD: repack  -1110.37  2.99453  2.99453  0.55
protocols.relax.FastRelax: CMD: min  -1165.45  3.38972  3.38972  0.55
protocols.relax.FastRelax: MRP: 8  -1165.45  -1168.41  3.67093  3.67093  
protocols.relax.FastRelax: CMD: accept_to_best  -1165.45  3.38972  3.38972  0.55
protocols.relax.FastRelax: CMD: endrepeat  -1165.45  3.38972  3.38972  0.55
protocols.relax.FastRelax: CMD: coord_cst_weight  60739.6  3.38972  3.38972  0.55
protocols.relax.FastRelax: CMD: scale:fa_rep  60413.2  3.38972  3.38972  0.022
core.pack.task: Packer task: initialize from command line() 
core.pack.pack_rotamers: built 7672 rotamers at 492 positions.
core.pack.interaction_graph.interaction_graph_factory: Instantiating DensePDInteractionGraph
protocols.relax.FastRelax: CMD: repack  60403.8  3.38972  3.38972  0.022
protocols.relax.FastRelax: CMD: scale:fa_rep  60410.9  3.38972  3.38972  0.02805
core.optimization.Minimizer: [ WARNING ] LBFGS MAX CYCLES 2000 EXCEEDED, BUT FUNC NOT CONVERGED!
protocols.relax.FastRelax: CMD: min  -1247.85  0.183523  0.183523  0.02805
protocols.relax.FastRelax: CMD: coord_cst_weight  -1320.13  0.183523  0.183523  0.02805
protocols.relax.FastRelax: CMD: scale:fa_rep  -930.326  0.183523  0.183523  0.14575
core.pack.task: Packer task: initialize from command line() 
core.pack.pack_rotamers: built 7334 rotamers at 492 positions.
core.pack.interaction_graph.interaction_graph_factory: Instantiating DensePDInteractionGraph
protocols.relax.FastRelax: CMD: repack  -1052.24  0.183523  0.183523  0.14575
protocols.relax.FastRelax: CMD: scale:fa_rep  -1032.55  0.183523  0.183523  0.154
protocols.relax.FastRelax: CMD: min  -1179.16  0.230747  0.230747  0.154
protocols.relax.FastRelax: CMD: coord_cst_weight  -1294.74  0.230747  0.230747  0.154
protocols.relax.FastRelax: CMD: scale:fa_rep  -1116.22  0.230747  0.230747  0.30745
core.pack.task: Packer task: initialize from command line() 
core.pack.pack_rotamers: built 7115 rotamers at 492 positions.
core.pack.interaction_graph.interaction_graph_factory: Instantiating DensePDInteractionGraph
protocols.relax.FastRelax: CMD: repack  -1114.35  0.230747  0.230747  0.30745
protocols.relax.FastRelax: CMD: scale:fa_rep  -1100.31  0.230747  0.230747  0.31955
protocols.relax.FastRelax: CMD: min  -1313.88  2.62214  2.62214  0.31955
protocols.relax.FastRelax: CMD: coord_cst_weight  -1313.88  2.62214  2.62214  0.31955
protocols.relax.FastRelax: CMD: scale:fa_rep  -1108.19  2.62214  2.62214  0.55
core.pack.task: Packer task: initialize from command line() 
core.pack.pack_rotamers: built 6862 rotamers at 492 positions.
core.pack.interaction_graph.interaction_graph_factory: Instantiating DensePDInteractionGraph
protocols.relax.FastRelax: CMD: repack  -1111.21  2.62214  2.62214  0.55
protocols.relax.FastRelax: CMD: min  -1164.78  3.02611  3.02611  0.55
protocols.relax.FastRelax: MRP: 9  -1164.78  -1168.41  3.67093  3.67093  
protocols.relax.FastRelax: CMD: accept_to_best  -1164.78  3.02611  3.02611  0.55
protocols.relax.FastRelax: CMD: endrepeat  -1164.78  3.02611  3.02611  0.55
protocols.relax.FastRelax: CMD: coord_cst_weight  54042  3.02611  3.02611  0.55
protocols.relax.FastRelax: CMD: scale:fa_rep  53715.9  3.02611  3.02611  0.022
core.pack.task: Packer task: initialize from command line() 
core.pack.pack_rotamers: built 7726 rotamers at 492 positions.
core.pack.interaction_graph.interaction_graph_factory: Instantiating DensePDInteractionGraph
protocols.relax.FastRelax: CMD: repack  53712.7  3.02611  3.02611  0.022
protocols.relax.FastRelax: CMD: scale:fa_rep  53720.6  3.02611  3.02611  0.02805
core.optimization.Minimizer: [ WARNING ] LBFGS MAX CYCLES 2000 EXCEEDED, BUT FUNC NOT CONVERGED!
protocols.relax.FastRelax: CMD: min  -1242.69  0.182729  0.182729  0.02805
protocols.relax.FastRelax: CMD: coord_cst_weight  -1314.84  0.182729  0.182729  0.02805
protocols.relax.FastRelax: CMD: scale:fa_rep  -901.338  0.182729  0.182729  0.14575
core.pack.task: Packer task: initialize from command line() 
core.pack.pack_rotamers: built 7366 rotamers at 492 positions.
core.pack.interaction_graph.interaction_graph_factory: Instantiating DensePDInteractionGraph
protocols.relax.FastRelax: CMD: repack  -1048.74  0.182729  0.182729  0.14575
protocols.relax.FastRelax: CMD: scale:fa_rep  -1028.52  0.182729  0.182729  0.154
protocols.relax.FastRelax: CMD: min  -1184.51  0.229095  0.229095  0.154
protocols.relax.FastRelax: CMD: coord_cst_weight  -1298.22  0.229095  0.229095  0.154
protocols.relax.FastRelax: CMD: scale:fa_rep  -1120.56  0.229095  0.229095  0.30745
core.pack.task: Packer task: initialize from command line() 
core.pack.pack_rotamers: built 7142 rotamers at 492 positions.
core.pack.interaction_graph.interaction_graph_factory: Instantiating DensePDInteractionGraph
protocols.relax.FastRelax: CMD: repack  -1120.77  0.229095  0.229095  0.30745
protocols.relax.FastRelax: CMD: scale:fa_rep  -1106.8  0.229095  0.229095  0.31955
protocols.relax.FastRelax: CMD: min  -1051.97  3.93846  3.93846  0.31955
protocols.relax.FastRelax: CMD: coord_cst_weight  -1051.97  3.93846  3.93846  0.31955
protocols.relax.FastRelax: CMD: scale:fa_rep  -663.166  3.93846  3.93846  0.55
core.pack.task: Packer task: initialize from command line() 
core.pack.pack_rotamers: built 6957 rotamers at 492 positions.
core.pack.interaction_graph.interaction_graph_factory: Instantiating DensePDInteractionGraph
protocols.relax.FastRelax: CMD: repack  -1099.49  3.93846  3.93846  0.55
protocols.relax.FastRelax: CMD: min  -1163.04  4.05609  4.05609  0.55
protocols.relax.FastRelax: MRP: 10  -1163.04  -1168.41  3.67093  3.67093  
protocols.relax.FastRelax: CMD: accept_to_best  -1163.04  4.05609  4.05609  0.55
protocols.relax.FastRelax: CMD: endrepeat  -1163.04  4.05609  4.05609  0.55
protocols.relax.FastRelax: CMD: coord_cst_weight  91735.9  4.05609  4.05609  0.55
protocols.relax.FastRelax: CMD: scale:fa_rep  91410.7  4.05609  4.05609  0.022
core.pack.task: Packer task: initialize from command line() 
core.pack.pack_rotamers: built 7727 rotamers at 492 positions.
core.pack.interaction_graph.interaction_graph_factory: Instantiating DensePDInteractionGraph
protocols.relax.FastRelax: CMD: repack  91391.6  4.05609  4.05609  0.022
protocols.relax.FastRelax: CMD: scale:fa_rep  91398.1  4.05609  4.05609  0.02805
core.optimization.Minimizer: [ WARNING ] LBFGS MAX CYCLES 2000 EXCEEDED, BUT FUNC NOT CONVERGED!
protocols.relax.FastRelax: CMD: min  -1263.31  0.185062  0.185062  0.02805
protocols.relax.FastRelax: CMD: coord_cst_weight  -1337.47  0.185062  0.185062  0.02805
protocols.relax.FastRelax: CMD: scale:fa_rep  -1024.56  0.185062  0.185062  0.14575
core.pack.task: Packer task: initialize from command line() 
core.pack.pack_rotamers: built 7357 rotamers at 492 positions.
core.pack.interaction_graph.interaction_graph_factory: Instantiating DensePDInteractionGraph
protocols.relax.FastRelax: CMD: repack  -1050.69  0.185062  0.185062  0.14575
protocols.relax.FastRelax: CMD: scale:fa_rep  -1030.62  0.185062  0.185062  0.154
protocols.relax.FastRelax: CMD: min  -1186.59  0.230898  0.230898  0.154
protocols.relax.FastRelax: CMD: coord_cst_weight  -1301.51  0.230898  0.230898  0.154
protocols.relax.FastRelax: CMD: scale:fa_rep  -1122.49  0.230898  0.230898  0.30745
core.pack.task: Packer task: initialize from command line() 
core.pack.pack_rotamers: built 7123 rotamers at 492 positions.
core.pack.interaction_graph.interaction_graph_factory: Instantiating DensePDInteractionGraph
protocols.relax.FastRelax: CMD: repack  -1121.75  0.230898  0.230898  0.30745
protocols.relax.FastRelax: CMD: scale:fa_rep  -1107.64  0.230898  0.230898  0.31955
protocols.relax.FastRelax: CMD: min  -1175.77  3.64703  3.64703  0.31955
protocols.relax.FastRelax: CMD: coord_cst_weight  -1175.77  3.64703  3.64703  0.31955
protocols.relax.FastRelax: CMD: scale:fa_rep  -876.887  3.64703  3.64703  0.55
core.pack.task: Packer task: initialize from command line() 
core.pack.pack_rotamers: built 6939 rotamers at 492 positions.
core.pack.interaction_graph.interaction_graph_factory: Instantiating DensePDInteractionGraph
protocols.relax.FastRelax: CMD: repack  -1051.42  3.64703  3.64703  0.55
protocols.relax.FastRelax: CMD: min  -1162.89  3.69221  3.69221  0.55
protocols.relax.FastRelax: MRP: 11  -1162.89  -1168.41  3.67093  3.67093  
protocols.relax.FastRelax: CMD: accept_to_best  -1162.89  3.69221  3.69221  0.55
protocols.relax.FastRelax: CMD: endrepeat  -1162.89  3.69221  3.69221  0.55
protocols.relax.FastRelax: CMD: coord_cst_weight  81607.4  3.69221  3.69221  0.55
protocols.relax.FastRelax: CMD: scale:fa_rep  81283.5  3.69221  3.69221  0.022
core.pack.task: Packer task: initialize from command line() 
core.pack.pack_rotamers: built 7773 rotamers at 492 positions.
core.pack.interaction_graph.interaction_graph_factory: Instantiating DensePDInteractionGraph
protocols.relax.FastRelax: CMD: repack  81264.2  3.69221  3.69221  0.022
protocols.relax.FastRelax: CMD: scale:fa_rep  81272  3.69221  3.69221  0.02805
core.optimization.Minimizer: [ WARNING ] LBFGS MAX CYCLES 2000 EXCEEDED, BUT FUNC NOT CONVERGED!
protocols.relax.FastRelax: CMD: min  -1239.09  0.190277  0.190277  0.02805
protocols.relax.FastRelax: CMD: coord_cst_weight  -1316.65  0.190277  0.190277  0.02805
protocols.relax.FastRelax: CMD: scale:fa_rep  -946.638  0.190277  0.190277  0.14575
core.pack.task: Packer task: initialize from command line() 
core.pack.pack_rotamers: built 7310 rotamers at 492 positions.
core.pack.interaction_graph.interaction_graph_factory: Instantiating DensePDInteractionGraph
protocols.relax.FastRelax: CMD: repack  -1044.16  0.190277  0.190277  0.14575
protocols.relax.FastRelax: CMD: scale:fa_rep  -1024.78  0.190277  0.190277  0.154
protocols.relax.FastRelax: CMD: min  -1188.46  0.23434  0.23434  0.154
protocols.relax.FastRelax: CMD: coord_cst_weight  -1305.52  0.23434  0.23434  0.154
protocols.relax.FastRelax: CMD: scale:fa_rep  -1130.7  0.23434  0.23434  0.30745
core.pack.task: Packer task: initialize from command line() 
core.pack.pack_rotamers: built 7106 rotamers at 492 positions.
core.pack.interaction_graph.interaction_graph_factory: Instantiating DensePDInteractionGraph
protocols.relax.FastRelax: CMD: repack  -1130.77  0.23434  0.23434  0.30745
protocols.relax.FastRelax: CMD: scale:fa_rep  -1117.03  0.23434  0.23434  0.31955
protocols.relax.FastRelax: CMD: min  -1317.14  3.08809  3.08809  0.31955
protocols.relax.FastRelax: CMD: coord_cst_weight  -1317.14  3.08809  3.08809  0.31955
protocols.relax.FastRelax: CMD: scale:fa_rep  -1113.68  3.08809  3.08809  0.55
core.pack.task: Packer task: initialize from command line() 
core.pack.pack_rotamers: built 6966 rotamers at 492 positions.
core.pack.interaction_graph.interaction_graph_factory: Instantiating DensePDInteractionGraph
protocols.relax.FastRelax: CMD: repack  -1116.81  3.08809  3.08809  0.55
protocols.relax.FastRelax: CMD: min  -1164.82  3.4574  3.4574  0.55
protocols.relax.FastRelax: MRP: 12  -1164.82  -1168.41  3.67093  3.67093  
protocols.relax.FastRelax: CMD: accept_to_best  -1164.82  3.4574  3.4574  0.55
protocols.relax.FastRelax: CMD: endrepeat  -1164.82  3.4574  3.4574  0.55
protocols.relax.FastRelax: CMD: coord_cst_weight  76864.7  3.4574  3.4574  0.55
protocols.relax.FastRelax: CMD: scale:fa_rep  76537.1  3.4574  3.4574  0.022
core.pack.task: Packer task: initialize from command line() 
core.pack.pack_rotamers: built 7702 rotamers at 492 positions.
core.pack.interaction_graph.interaction_graph_factory: Instantiating DensePDInteractionGraph
protocols.relax.FastRelax: CMD: repack  76524.8  3.4574  3.4574  0.022
protocols.relax.FastRelax: CMD: scale:fa_rep  76530.7  3.4574  3.4574  0.02805
core.optimization.Minimizer: [ WARNING ] LBFGS MAX CYCLES 2000 EXCEEDED, BUT FUNC NOT CONVERGED!
protocols.relax.FastRelax: CMD: min  -1273.07  0.183255  0.183255  0.02805
protocols.relax.FastRelax: CMD: coord_cst_weight  -1345.19  0.183255  0.183255  0.02805
protocols.relax.FastRelax: CMD: scale:fa_rep  -1034.58  0.183255  0.183255  0.14575
core.pack.task: Packer task: initialize from command line() 
core.pack.pack_rotamers: built 7338 rotamers at 492 positions.
core.pack.interaction_graph.interaction_graph_factory: Instantiating DensePDInteractionGraph
protocols.relax.FastRelax: CMD: repack  -1060.47  0.183255  0.183255  0.14575
protocols.relax.FastRelax: CMD: scale:fa_rep  -1040.61  0.183255  0.183255  0.154
protocols.relax.FastRelax: CMD: min  -1191.49  0.233245  0.233245  0.154
protocols.relax.FastRelax: CMD: coord_cst_weight  -1307.95  0.233245  0.233245  0.154
protocols.relax.FastRelax: CMD: scale:fa_rep  -1127.65  0.233245  0.233245  0.30745
core.pack.task: Packer task: initialize from command line() 
core.pack.pack_rotamers: built 7162 rotamers at 492 positions.
core.pack.interaction_graph.interaction_graph_factory: Instantiating DensePDInteractionGraph
protocols.relax.FastRelax: CMD: repack  -1127.39  0.233245  0.233245  0.30745
protocols.relax.FastRelax: CMD: scale:fa_rep  -1113.2  0.233245  0.233245  0.31955
protocols.relax.FastRelax: CMD: min  -1292.91  3.39599  3.39599  0.31955
protocols.relax.FastRelax: CMD: coord_cst_weight  -1292.91  3.39599  3.39599  0.31955
protocols.relax.FastRelax: CMD: scale:fa_rep  -1076.81  3.39599  3.39599  0.55
core.pack.task: Packer task: initialize from command line() 
core.pack.pack_rotamers: built 7046 rotamers at 492 positions.
core.pack.interaction_graph.interaction_graph_factory: Instantiating DensePDInteractionGraph
protocols.relax.FastRelax: CMD: repack  -1107  3.39599  3.39599  0.55
protocols.relax.FastRelax: CMD: min  -1166.43  3.84612  3.84612  0.55
protocols.relax.FastRelax: MRP: 13  -1166.43  -1168.41  3.67093  3.67093  
protocols.relax.FastRelax: CMD: accept_to_best  -1166.43  3.84612  3.84612  0.55
protocols.relax.FastRelax: CMD: endrepeat  -1166.43  3.84612  3.84612  0.55
protocols.relax.FastRelax: CMD: coord_cst_weight  81334.8  3.84612  3.84612  0.55
protocols.relax.FastRelax: CMD: scale:fa_rep  81009.5  3.84612  3.84612  0.022
core.pack.task: Packer task: initialize from command line() 
core.pack.pack_rotamers: built 7746 rotamers at 492 positions.
core.pack.interaction_graph.interaction_graph_factory: Instantiating DensePDInteractionGraph
protocols.relax.FastRelax: CMD: repack  80988.6  3.84612  3.84612  0.022
protocols.relax.FastRelax: CMD: scale:fa_rep  80997.4  3.84612  3.84612  0.02805
core.optimization.Minimizer: [ WARNING ] LBFGS MAX CYCLES 2000 EXCEEDED, BUT FUNC NOT CONVERGED!
protocols.relax.FastRelax: CMD: min  -1248.62  0.186278  0.186278  0.02805
protocols.relax.FastRelax: CMD: coord_cst_weight  -1323.47  0.186278  0.186278  0.02805
protocols.relax.FastRelax: CMD: scale:fa_rep  -896.043  0.186278  0.186278  0.14575
core.pack.task: Packer task: initialize from command line() 
core.pack.pack_rotamers: built 7392 rotamers at 492 positions.
core.pack.interaction_graph.interaction_graph_factory: Instantiating DensePDInteractionGraph
protocols.relax.FastRelax: CMD: repack  -1049.89  0.186278  0.186278  0.14575
protocols.relax.FastRelax: CMD: scale:fa_rep  -1029.72  0.186278  0.186278  0.154
protocols.relax.FastRelax: CMD: min  -1189.96  0.233376  0.233376  0.154
protocols.relax.FastRelax: CMD: coord_cst_weight  -1306.77  0.233376  0.233376  0.154
protocols.relax.FastRelax: CMD: scale:fa_rep  -1124.84  0.233376  0.233376  0.30745
core.pack.task: Packer task: initialize from command line() 
core.pack.pack_rotamers: built 7195 rotamers at 492 positions.
core.pack.interaction_graph.interaction_graph_factory: Instantiating DensePDInteractionGraph
protocols.relax.FastRelax: CMD: repack  -1123.59  0.233376  0.233376  0.30745
protocols.relax.FastRelax: CMD: scale:fa_rep  -1109.41  0.233376  0.233376  0.31955
protocols.relax.FastRelax: CMD: min  -1311.82  3.00127  3.00127  0.31955
protocols.relax.FastRelax: CMD: coord_cst_weight  -1311.82  3.00127  3.00127  0.31955
protocols.relax.FastRelax: CMD: scale:fa_rep  -1108.32  3.00127  3.00127  0.55
core.pack.task: Packer task: initialize from command line() 
core.pack.pack_rotamers: built 7055 rotamers at 492 positions.
core.pack.interaction_graph.interaction_graph_factory: Instantiating DensePDInteractionGraph
protocols.relax.FastRelax: CMD: repack  -1111.29  3.00127  3.00127  0.55
protocols.relax.FastRelax: CMD: min  -1158.42  3.39651  3.39651  0.55
protocols.relax.FastRelax: MRP: 14  -1158.42  -1168.41  3.67093  3.67093  
protocols.relax.FastRelax: CMD: accept_to_best  -1158.42  3.39651  3.39651  0.55
protocols.relax.FastRelax: CMD: endrepeat  -1158.42  3.39651  3.39651  0.55
protocols::checkpoint: Deleting checkpoints of FastRelax
protocols.jd2.JobDistributor: target.BL00010001_8_0006 reported success in 13335 seconds
protocols.jd2.JobDistributor: no more batches to process... 
protocols.jd2.JobDistributor: 6 jobs considered, 6 jobs attempted in 84650 seconds
basic.citation_manager.CitationManager: 
The following Rosetta modules were used during this run of Rosetta, and should be cited:

FastRelax Mover's citation(s):
*Tyka MD, *Keedy DA, André I, Dimaio F, Song Y, Richardson DC, Richardson JS, and Baker D.  (2011).  Alternate states of proteins revealed by detailed energy landscape mapping.  J Mol Biol 405(2):607-18.  doi: 10.1016/j.jmb.2010.11.008.  (*Co-primary authors.)

Khatib F, Cooper S, Tyka MD, Xu K, Makedon I, Popovic Z, Baker D, and Players F.  (2011).  Algorithm discovery by protein folding game players.  Proc Natl Acad Sci USA 108(47):18949-53.  doi: 10.1073/pnas.1115898108.

Maguire JB, Haddox HK, Strickland D, Halabiya SF, Coventry B, Griffin JR, Pulavarti SVSRK, Cummins M, Thieker DF, Klavins E, Szyperski T, DiMaio F, Baker D, and Kuhlman B.  (2021).  Perturbing the energy landscape for improved packing during computational protein design.  Proteins 89(4):436-449.  doi: 10.1002/prot.26030.


