********  (C) Copyright Rosetta Commons Member Institutions.  ***************
* Use of Rosetta for commercial purposes may require purchase of a license. *
********  See LICENSE.md or email license@uw.edu for more details. **********
core.init: Checking for fconfig files in pwd and ./rosetta/flags 
core.init: Rosetta version: rosetta.binary.ubuntu.release-408 r408 2025.37+release.df75a9c48e df75a9c48e763e52a7aa3f5dfba077f4da88dbf5 https://www.rosettacommons.org 2025-09-10T02:14:08.564791
core.init: Rosetta extras: []
core.init: command: /home/gbiuser/Downloads/rosetta.binary.ubuntu.release-408/main/source/bin/relax.default.linuxgccrelease -s ../1-modeller/target.BL00010001.pdb -relax:thorough -relax:constrain_relax_to_start_coords -constraints:cst_file cst.cst -nstruct 6 -out:suffix _10 -out:file:silent relax_10.silent -out:file:silent_struct_type binary
basic.random.init_random_generator: 'RNG device' seed mode, using '/dev/urandom', seed=656297789 seed_offset=0 real_seed=656297789
basic.random.init_random_generator: RandomGenerator:init: Normal mode, seed=656297789 RG_type=mt19937
core.init: Resolved executable path: /home/gbiuser/Downloads/rosetta.binary.ubuntu.release-408/main/source/build/src/release/linux/6.8/64/x86/gcc/11/default/relax.default.linuxgccrelease
core.init: Looking for database based on location of executable: /home/gbiuser/Downloads/rosetta.binary.ubuntu.release-408/main/database/
core.scoring.ScoreFunctionFactory: SCOREFUNCTION: ref2015
core.scoring.etable: Starting energy table calculation
core.scoring.etable: smooth_etable: changing atr/rep split to bottom of energy well
core.scoring.etable: smooth_etable: spline smoothing lj etables (maxdis = 6)
core.scoring.etable: smooth_etable: spline smoothing solvation etables (max_dis = 6)
core.scoring.etable: Finished calculating energy tables.
basic.io.database: Database file opened: scoring/score_functions/hbonds/ref2015_params/HBPoly1D.csv
basic.io.database: Database file opened: scoring/score_functions/hbonds/ref2015_params/HBFadeIntervals.csv
basic.io.database: Database file opened: scoring/score_functions/hbonds/ref2015_params/HBEval.csv
basic.io.database: Database file opened: scoring/score_functions/hbonds/ref2015_params/DonStrength.csv
basic.io.database: Database file opened: scoring/score_functions/hbonds/ref2015_params/AccStrength.csv
core.chemical.GlobalResidueTypeSet: Finished initializing fa_standard residue type set.  Created 985 residue types
core.chemical.GlobalResidueTypeSet: Total time to initialize 1.2708 seconds.
basic.io.database: Database file opened: scoring/score_functions/rama/fd/all.ramaProb
basic.io.database: Database file opened: scoring/score_functions/rama/fd/prepro.ramaProb
basic.io.database: Database file opened: scoring/score_functions/omega/omega_ppdep.all.txt
basic.io.database: Database file opened: scoring/score_functions/omega/omega_ppdep.gly.txt
basic.io.database: Database file opened: scoring/score_functions/omega/omega_ppdep.pro.txt
basic.io.database: Database file opened: scoring/score_functions/omega/omega_ppdep.valile.txt
basic.io.database: Database file opened: scoring/score_functions/P_AA_pp/P_AA
basic.io.database: Database file opened: scoring/score_functions/P_AA_pp/P_AA_n
core.scoring.P_AA: shapovalov_lib::shap_p_aa_pp_smooth_level of 1( aka low_smooth ) got activated.
basic.io.database: Database file opened: scoring/score_functions/P_AA_pp/shapovalov/10deg/kappa131/a20.prop
protocols.relax.RelaxScriptManager: Reading relax scripts list from database.
protocols.relax.RelaxScriptManager: Looking for MonomerRelax2019.txt
protocols.relax.RelaxScriptManager: ================== Reading script file: /home/gbiuser/Downloads/rosetta.binary.ubuntu.release-408/main/database/sampling/relax_scripts/MonomerRelax2019.txt ==================
protocols.relax.RelaxScriptManager: repeat %%nrepeats%%
protocols.relax.RelaxScriptManager: coord_cst_weight 1.0
protocols.relax.RelaxScriptManager: scale:fa_rep 0.040
protocols.relax.RelaxScriptManager: repack
protocols.relax.RelaxScriptManager: scale:fa_rep 0.051
protocols.relax.RelaxScriptManager: min 0.01
protocols.relax.RelaxScriptManager: coord_cst_weight 0.5
protocols.relax.RelaxScriptManager: scale:fa_rep 0.265
protocols.relax.RelaxScriptManager: repack
protocols.relax.RelaxScriptManager: scale:fa_rep 0.280
protocols.relax.RelaxScriptManager: min 0.01
protocols.relax.RelaxScriptManager: coord_cst_weight 0.0
protocols.relax.RelaxScriptManager: scale:fa_rep 0.559
protocols.relax.RelaxScriptManager: repack
protocols.relax.RelaxScriptManager: scale:fa_rep 0.581
protocols.relax.RelaxScriptManager: min 0.01
protocols.relax.RelaxScriptManager: coord_cst_weight 0.0
protocols.relax.RelaxScriptManager: scale:fa_rep 1
protocols.relax.RelaxScriptManager: repack
protocols.relax.RelaxScriptManager: min 0.00001
protocols.relax.RelaxScriptManager: accept_to_best
protocols.relax.RelaxScriptManager: endrepeat
core.scoring.constraints.util: Constraint choice: cst.cst
protocols.jd2.PDBJobInputter: Instantiate PDBJobInputter
protocols.jd2.PDBJobInputter: PDBJobInputter::fill_jobs
protocols.jd2.PDBJobInputter: pushed ../1-modeller/target.BL00010001.pdb nstruct indices 1 - 6
protocols.evaluation.ChiWellRmsdEvaluatorCreator: Evaluation Creator active ... 
protocols.jd2.PDBJobInputter: PDBJobInputter::pose_from_job
protocols.jd2.PDBJobInputter: filling pose from PDB ../1-modeller/target.BL00010001.pdb
core.import_pose.import_pose: File '../1-modeller/target.BL00010001.pdb' automatically determined to be of type PDB from contents.
core.io.rcsb.ExperimentalTechnique: [ ERROR ] Unrecognized experimental technique string 'THEORETICAL MODEL, MODELLER 10.8 2026/08/10 16:18:02'
core.scoring.constraints.ConstraintsIO: read constraints from cst.cst
core.scoring.constraints.ConstraintsIO: Read in 14 constraints
basic.io.database: Database file opened: scoring/score_functions/elec_cp_reps.dat
core.scoring.elec.util: Read 40 countpair representative atoms
core.pack.dunbrack.RotamerLibrary: shapovalov_lib_fixes_enable option is true.
core.pack.dunbrack.RotamerLibrary: shapovalov_lib::shap_dun10_smooth_level of 1( aka lowest_smooth ) got activated.
core.pack.dunbrack.RotamerLibrary: Binary rotamer library selected: /home/gbiuser/Downloads/rosetta.binary.ubuntu.release-408/main/database/rotamer/shapovalov/StpDwn_0-0-0/Dunbrack10.lib.bin
core.pack.dunbrack.RotamerLibrary: Using Dunbrack library binary file '/home/gbiuser/Downloads/rosetta.binary.ubuntu.release-408/main/database/rotamer/shapovalov/StpDwn_0-0-0/Dunbrack10.lib.bin'.
core.pack.dunbrack.RotamerLibrary: Dunbrack 2010 library took 0.371145 seconds to load from binary
protocols.relax.FastRelax: CMD: repeat  4476.34  0  0  0.55
protocols.relax.FastRelax: CMD: coord_cst_weight  4476.34  0  0  0.55
protocols.relax.FastRelax: CMD: scale:fa_rep  806.987  0  0  0.022
core.pack.task: Packer task: initialize from command line() 
core.pack.pack_rotamers: built 8129 rotamers at 492 positions.
core.pack.interaction_graph.interaction_graph_factory: Instantiating DensePDInteractionGraph
protocols.relax.FastRelax: CMD: repack  -880.014  0  0  0.022
protocols.relax.FastRelax: CMD: scale:fa_rep  -840.693  0  0  0.02805
core.optimization.Minimizer: [ WARNING ] LBFGS MAX CYCLES 2000 EXCEEDED, BUT FUNC NOT CONVERGED!
protocols.relax.FastRelax: CMD: min  -1294.37  0.14918  0.14918  0.02805
protocols.relax.FastRelax: CMD: coord_cst_weight  -1341.44  0.14918  0.14918  0.02805
protocols.relax.FastRelax: CMD: scale:fa_rep  -962.057  0.14918  0.14918  0.14575
core.pack.task: Packer task: initialize from command line() 
core.pack.pack_rotamers: built 7360 rotamers at 492 positions.
core.pack.interaction_graph.interaction_graph_factory: Instantiating DensePDInteractionGraph
protocols.relax.FastRelax: CMD: repack  -997.441  0.14918  0.14918  0.14575
protocols.relax.FastRelax: CMD: scale:fa_rep  -975.151  0.14918  0.14918  0.154
protocols.relax.FastRelax: CMD: min  -1152.03  0.202225  0.202225  0.154
protocols.relax.FastRelax: CMD: coord_cst_weight  -1238.75  0.202225  0.202225  0.154
protocols.relax.FastRelax: CMD: scale:fa_rep  -1043.37  0.202225  0.202225  0.30745
core.pack.task: Packer task: initialize from command line() 
core.pack.pack_rotamers: built 7216 rotamers at 492 positions.
core.pack.interaction_graph.interaction_graph_factory: Instantiating DensePDInteractionGraph
protocols.relax.FastRelax: CMD: repack  -1040.7  0.202225  0.202225  0.30745
protocols.relax.FastRelax: CMD: scale:fa_rep  -1025.48  0.202225  0.202225  0.31955
protocols.relax.FastRelax: CMD: min  -1243.3  3.25104  3.25104  0.31955
protocols.relax.FastRelax: CMD: coord_cst_weight  -1243.3  3.25104  3.25104  0.31955
protocols.relax.FastRelax: CMD: scale:fa_rep  -1035.41  3.25104  3.25104  0.55
core.pack.task: Packer task: initialize from command line() 
core.pack.pack_rotamers: built 7062 rotamers at 492 positions.
core.pack.interaction_graph.interaction_graph_factory: Instantiating DensePDInteractionGraph
protocols.relax.FastRelax: CMD: repack  -1043.61  3.25104  3.25104  0.55
protocols.relax.FastRelax: CMD: min  -1111.98  3.56753  3.56753  0.55
protocols.relax.FastRelax: MRP: 0  -1111.98  -1111.98  3.56753  3.56753  
protocols.relax.FastRelax: CMD: accept_to_best  -1111.98  3.56753  3.56753  0.55
protocols.relax.FastRelax: CMD: endrepeat  -1111.98  3.56753  3.56753  0.55
protocols.relax.FastRelax: CMD: coord_cst_weight  108354  3.56753  3.56753  0.55
protocols.relax.FastRelax: CMD: scale:fa_rep  108019  3.56753  3.56753  0.022
core.pack.task: Packer task: initialize from command line() 
core.pack.pack_rotamers: built 7827 rotamers at 492 positions.
core.pack.interaction_graph.interaction_graph_factory: Instantiating DensePDInteractionGraph
protocols.relax.FastRelax: CMD: repack  108003  3.56753  3.56753  0.022
protocols.relax.FastRelax: CMD: scale:fa_rep  108012  3.56753  3.56753  0.02805
core.optimization.Minimizer: [ WARNING ] LBFGS MAX CYCLES 2000 EXCEEDED, BUT FUNC NOT CONVERGED!
protocols.relax.FastRelax: CMD: min  -1263.09  0.177302  0.177302  0.02805
protocols.relax.FastRelax: CMD: coord_cst_weight  -1329.55  0.177302  0.177302  0.02805
protocols.relax.FastRelax: CMD: scale:fa_rep  -983.857  0.177302  0.177302  0.14575
core.pack.task: Packer task: initialize from command line() 
core.pack.pack_rotamers: built 7376 rotamers at 492 positions.
core.pack.interaction_graph.interaction_graph_factory: Instantiating DensePDInteractionGraph
protocols.relax.FastRelax: CMD: repack  -1031.21  0.177302  0.177302  0.14575
protocols.relax.FastRelax: CMD: scale:fa_rep  -1010.95  0.177302  0.177302  0.154
protocols.relax.FastRelax: CMD: min  -1175.88  0.213601  0.213601  0.154
protocols.relax.FastRelax: CMD: coord_cst_weight  -1275.83  0.213601  0.213601  0.154
protocols.relax.FastRelax: CMD: scale:fa_rep  -1093.59  0.213601  0.213601  0.30745
core.pack.task: Packer task: initialize from command line() 
core.pack.pack_rotamers: built 7222 rotamers at 492 positions.
core.pack.interaction_graph.interaction_graph_factory: Instantiating DensePDInteractionGraph
protocols.relax.FastRelax: CMD: repack  -1095.76  0.213601  0.213601  0.30745
protocols.relax.FastRelax: CMD: scale:fa_rep  -1081.77  0.213601  0.213601  0.31955
protocols.relax.FastRelax: CMD: min  -1274.62  2.88434  2.88434  0.31955
protocols.relax.FastRelax: CMD: coord_cst_weight  -1274.62  2.88434  2.88434  0.31955
protocols.relax.FastRelax: CMD: scale:fa_rep  -1067.97  2.88434  2.88434  0.55
core.pack.task: Packer task: initialize from command line() 
core.pack.pack_rotamers: built 6916 rotamers at 492 positions.
core.pack.interaction_graph.interaction_graph_factory: Instantiating DensePDInteractionGraph
protocols.relax.FastRelax: CMD: repack  -1072.07  2.88434  2.88434  0.55
protocols.relax.FastRelax: CMD: min  -1121.13  2.80532  2.80532  0.55
protocols.relax.FastRelax: MRP: 1  -1121.13  -1121.13  2.80532  2.80532  
protocols.relax.FastRelax: CMD: accept_to_best  -1121.13  2.80532  2.80532  0.55
protocols.relax.FastRelax: CMD: endrepeat  -1121.13  2.80532  2.80532  0.55
protocols.relax.FastRelax: CMD: coord_cst_weight  119444  2.80532  2.80532  0.55
protocols.relax.FastRelax: CMD: scale:fa_rep  119114  2.80532  2.80532  0.022
core.pack.task: Packer task: initialize from command line() 
core.pack.pack_rotamers: built 7738 rotamers at 492 positions.
core.pack.interaction_graph.interaction_graph_factory: Instantiating DensePDInteractionGraph
protocols.relax.FastRelax: CMD: repack  119120  2.80532  2.80532  0.022
protocols.relax.FastRelax: CMD: scale:fa_rep  119137  2.80532  2.80532  0.02805
core.optimization.Minimizer: [ WARNING ] LBFGS MAX CYCLES 2000 EXCEEDED, BUT FUNC NOT CONVERGED!
protocols.relax.FastRelax: CMD: min  -1229.81  0.181508  0.181508  0.02805
protocols.relax.FastRelax: CMD: coord_cst_weight  -1300.81  0.181508  0.181508  0.02805
protocols.relax.FastRelax: CMD: scale:fa_rep  -889.945  0.181508  0.181508  0.14575
core.pack.task: Packer task: initialize from command line() 
core.pack.pack_rotamers: built 7372 rotamers at 492 positions.
core.pack.interaction_graph.interaction_graph_factory: Instantiating DensePDInteractionGraph
protocols.relax.FastRelax: CMD: repack  -1007.55  0.181508  0.181508  0.14575
protocols.relax.FastRelax: CMD: scale:fa_rep  -986.03  0.181508  0.181508  0.154
protocols.relax.FastRelax: CMD: min  -1172.73  0.22297  0.22297  0.154
protocols.relax.FastRelax: CMD: coord_cst_weight  -1280.85  0.22297  0.22297  0.154
protocols.relax.FastRelax: CMD: scale:fa_rep  -1092.52  0.22297  0.22297  0.30745
core.pack.task: Packer task: initialize from command line() 
core.pack.pack_rotamers: built 7225 rotamers at 492 positions.
core.pack.interaction_graph.interaction_graph_factory: Instantiating DensePDInteractionGraph
protocols.relax.FastRelax: CMD: repack  -1092.83  0.22297  0.22297  0.30745
protocols.relax.FastRelax: CMD: scale:fa_rep  -1078.18  0.22297  0.22297  0.31955
protocols.relax.FastRelax: CMD: min  -1291.86  3.19702  3.19702  0.31955
protocols.relax.FastRelax: CMD: coord_cst_weight  -1291.86  3.19702  3.19702  0.31955
protocols.relax.FastRelax: CMD: scale:fa_rep  -1086.95  3.19702  3.19702  0.55
core.pack.task: Packer task: initialize from command line() 
core.pack.pack_rotamers: built 7015 rotamers at 492 positions.
core.pack.interaction_graph.interaction_graph_factory: Instantiating DensePDInteractionGraph
protocols.relax.FastRelax: CMD: repack  -1093.62  3.19702  3.19702  0.55
protocols.relax.FastRelax: CMD: min  -1147.97  3.24492  3.24492  0.55
protocols.relax.FastRelax: MRP: 2  -1147.97  -1147.97  3.24492  3.24492  
protocols.relax.FastRelax: CMD: accept_to_best  -1147.97  3.24492  3.24492  0.55
protocols.relax.FastRelax: CMD: endrepeat  -1147.97  3.24492  3.24492  0.55
protocols.relax.FastRelax: CMD: coord_cst_weight  100861  3.24492  3.24492  0.55
protocols.relax.FastRelax: CMD: scale:fa_rep  100533  3.24492  3.24492  0.022
core.pack.task: Packer task: initialize from command line() 
core.pack.pack_rotamers: built 7808 rotamers at 492 positions.
core.pack.interaction_graph.interaction_graph_factory: Instantiating DensePDInteractionGraph
protocols.relax.FastRelax: CMD: repack  100512  3.24492  3.24492  0.022
protocols.relax.FastRelax: CMD: scale:fa_rep  100519  3.24492  3.24492  0.02805
core.optimization.Minimizer: [ WARNING ] LBFGS MAX CYCLES 2000 EXCEEDED, BUT FUNC NOT CONVERGED!
protocols.relax.FastRelax: CMD: min  -1263.63  0.182798  0.182798  0.02805
protocols.relax.FastRelax: CMD: coord_cst_weight  -1335.46  0.182798  0.182798  0.02805
protocols.relax.FastRelax: CMD: scale:fa_rep  -1003.14  0.182798  0.182798  0.14575
core.pack.task: Packer task: initialize from command line() 
core.pack.pack_rotamers: built 7356 rotamers at 492 positions.
core.pack.interaction_graph.interaction_graph_factory: Instantiating DensePDInteractionGraph
protocols.relax.FastRelax: CMD: repack  -1023.31  0.182798  0.182798  0.14575
protocols.relax.FastRelax: CMD: scale:fa_rep  -1001.76  0.182798  0.182798  0.154
protocols.relax.FastRelax: CMD: min  -1168.85  0.22572  0.22572  0.154
protocols.relax.FastRelax: CMD: coord_cst_weight  -1279.49  0.22572  0.22572  0.154
protocols.relax.FastRelax: CMD: scale:fa_rep  -1090.08  0.22572  0.22572  0.30745
core.pack.task: Packer task: initialize from command line() 
core.pack.pack_rotamers: built 7225 rotamers at 492 positions.
core.pack.interaction_graph.interaction_graph_factory: Instantiating DensePDInteractionGraph
protocols.relax.FastRelax: CMD: repack  -1068.7  0.22572  0.22572  0.30745
protocols.relax.FastRelax: CMD: scale:fa_rep  -1053.42  0.22572  0.22572  0.31955
protocols.relax.FastRelax: CMD: min  -1267.72  3.13549  3.13549  0.31955
protocols.relax.FastRelax: CMD: coord_cst_weight  -1267.72  3.13549  3.13549  0.31955
protocols.relax.FastRelax: CMD: scale:fa_rep  -1049.77  3.13549  3.13549  0.55
core.pack.task: Packer task: initialize from command line() 
core.pack.pack_rotamers: built 7025 rotamers at 492 positions.
core.pack.interaction_graph.interaction_graph_factory: Instantiating DensePDInteractionGraph
protocols.relax.FastRelax: CMD: repack  -1097.5  3.13549  3.13549  0.55
protocols.relax.FastRelax: CMD: min  -1151.42  3.12213  3.12213  0.55
protocols.relax.FastRelax: MRP: 3  -1151.42  -1151.42  3.12213  3.12213  
protocols.relax.FastRelax: CMD: accept_to_best  -1151.42  3.12213  3.12213  0.55
protocols.relax.FastRelax: CMD: endrepeat  -1151.42  3.12213  3.12213  0.55
protocols.relax.FastRelax: CMD: coord_cst_weight  64957.7  3.12213  3.12213  0.55
protocols.relax.FastRelax: CMD: scale:fa_rep  64630.4  3.12213  3.12213  0.022
core.pack.task: Packer task: initialize from command line() 
core.pack.pack_rotamers: built 7837 rotamers at 492 positions.
core.pack.interaction_graph.interaction_graph_factory: Instantiating DensePDInteractionGraph
protocols.relax.FastRelax: CMD: repack  64631  3.12213  3.12213  0.022
protocols.relax.FastRelax: CMD: scale:fa_rep  64640.5  3.12213  3.12213  0.02805
core.optimization.Minimizer: [ WARNING ] LBFGS MAX CYCLES 2000 EXCEEDED, BUT FUNC NOT CONVERGED!
protocols.relax.FastRelax: CMD: min  -1253.32  0.181122  0.181122  0.02805
protocols.relax.FastRelax: CMD: coord_cst_weight  -1324.97  0.181122  0.181122  0.02805
protocols.relax.FastRelax: CMD: scale:fa_rep  -974.171  0.181122  0.181122  0.14575
core.pack.task: Packer task: initialize from command line() 
core.pack.pack_rotamers: built 7292 rotamers at 492 positions.
core.pack.interaction_graph.interaction_graph_factory: Instantiating DensePDInteractionGraph
protocols.relax.FastRelax: CMD: repack  -1017.86  0.181122  0.181122  0.14575
protocols.relax.FastRelax: CMD: scale:fa_rep  -996.689  0.181122  0.181122  0.154
protocols.relax.FastRelax: CMD: min  -1169.93  0.22788  0.22788  0.154
protocols.relax.FastRelax: CMD: coord_cst_weight  -1282.69  0.22788  0.22788  0.154
protocols.relax.FastRelax: CMD: scale:fa_rep  -1095.99  0.22788  0.22788  0.30745
core.pack.task: Packer task: initialize from command line() 
core.pack.pack_rotamers: built 7150 rotamers at 492 positions.
core.pack.interaction_graph.interaction_graph_factory: Instantiating DensePDInteractionGraph
protocols.relax.FastRelax: CMD: repack  -1098.53  0.22788  0.22788  0.30745
protocols.relax.FastRelax: CMD: scale:fa_rep  -1084  0.22788  0.22788  0.31955
protocols.relax.FastRelax: CMD: min  -1293.91  2.77548  2.77548  0.31955
protocols.relax.FastRelax: CMD: coord_cst_weight  -1293.91  2.77548  2.77548  0.31955
protocols.relax.FastRelax: CMD: scale:fa_rep  -1090.49  2.77548  2.77548  0.55
core.pack.task: Packer task: initialize from command line() 
core.pack.pack_rotamers: built 6954 rotamers at 492 positions.
core.pack.interaction_graph.interaction_graph_factory: Instantiating DensePDInteractionGraph
protocols.relax.FastRelax: CMD: repack  -1093.32  2.77548  2.77548  0.55
protocols.relax.FastRelax: CMD: min  -1152.13  3.11155  3.11155  0.55
protocols.relax.FastRelax: MRP: 4  -1152.13  -1152.13  3.11155  3.11155  
protocols.relax.FastRelax: CMD: accept_to_best  -1152.13  3.11155  3.11155  0.55
protocols.relax.FastRelax: CMD: endrepeat  -1152.13  3.11155  3.11155  0.55
protocols.relax.FastRelax: CMD: coord_cst_weight  47012.8  3.11155  3.11155  0.55
protocols.relax.FastRelax: CMD: scale:fa_rep  46686.4  3.11155  3.11155  0.022
core.pack.task: Packer task: initialize from command line() 
core.pack.pack_rotamers: built 7763 rotamers at 492 positions.
core.pack.interaction_graph.interaction_graph_factory: Instantiating DensePDInteractionGraph
protocols.relax.FastRelax: CMD: repack  46666.9  3.11155  3.11155  0.022
protocols.relax.FastRelax: CMD: scale:fa_rep  46675.5  3.11155  3.11155  0.02805
core.optimization.Minimizer: [ WARNING ] LBFGS MAX CYCLES 2000 EXCEEDED, BUT FUNC NOT CONVERGED!
protocols.relax.FastRelax: CMD: min  -1260.98  0.187313  0.187313  0.02805
protocols.relax.FastRelax: CMD: coord_cst_weight  -1335.15  0.187313  0.187313  0.02805
protocols.relax.FastRelax: CMD: scale:fa_rep  -984.167  0.187313  0.187313  0.14575
core.pack.task: Packer task: initialize from command line() 
core.pack.pack_rotamers: built 7363 rotamers at 492 positions.
core.pack.interaction_graph.interaction_graph_factory: Instantiating DensePDInteractionGraph
protocols.relax.FastRelax: CMD: repack  -1024.8  0.187313  0.187313  0.14575
protocols.relax.FastRelax: CMD: scale:fa_rep  -1003.46  0.187313  0.187313  0.154
protocols.relax.FastRelax: CMD: min  -1174.61  0.231686  0.231686  0.154
protocols.relax.FastRelax: CMD: coord_cst_weight  -1290.23  0.231686  0.231686  0.154
protocols.relax.FastRelax: CMD: scale:fa_rep  -1106.79  0.231686  0.231686  0.30745
core.pack.task: Packer task: initialize from command line() 
core.pack.pack_rotamers: built 7163 rotamers at 492 positions.
core.pack.interaction_graph.interaction_graph_factory: Instantiating DensePDInteractionGraph
protocols.relax.FastRelax: CMD: repack  -1108.24  0.231686  0.231686  0.30745
protocols.relax.FastRelax: CMD: scale:fa_rep  -1093.87  0.231686  0.231686  0.31955
protocols.relax.FastRelax: CMD: min  -1310.89  3.28296  3.28296  0.31955
protocols.relax.FastRelax: CMD: coord_cst_weight  -1310.89  3.28296  3.28296  0.31955
protocols.relax.FastRelax: CMD: scale:fa_rep  -1108.73  3.28296  3.28296  0.55
core.pack.task: Packer task: initialize from command line() 
core.pack.pack_rotamers: built 6983 rotamers at 492 positions.
core.pack.interaction_graph.interaction_graph_factory: Instantiating DensePDInteractionGraph
protocols.relax.FastRelax: CMD: repack  -1110.14  3.28296  3.28296  0.55
protocols.relax.FastRelax: CMD: min  -1158.58  3.57957  3.57957  0.55
protocols.relax.FastRelax: MRP: 5  -1158.58  -1158.58  3.57957  3.57957  
protocols.relax.FastRelax: CMD: accept_to_best  -1158.58  3.57957  3.57957  0.55
protocols.relax.FastRelax: CMD: endrepeat  -1158.58  3.57957  3.57957  0.55
protocols.relax.FastRelax: CMD: coord_cst_weight  64971.2  3.57957  3.57957  0.55
protocols.relax.FastRelax: CMD: scale:fa_rep  64646.1  3.57957  3.57957  0.022
core.pack.task: Packer task: initialize from command line() 
core.pack.pack_rotamers: built 7741 rotamers at 492 positions.
core.pack.interaction_graph.interaction_graph_factory: Instantiating DensePDInteractionGraph
protocols.relax.FastRelax: CMD: repack  64631.6  3.57957  3.57957  0.022
protocols.relax.FastRelax: CMD: scale:fa_rep  64638.8  3.57957  3.57957  0.02805
core.optimization.Minimizer: [ WARNING ] LBFGS MAX CYCLES 2000 EXCEEDED, BUT FUNC NOT CONVERGED!
protocols.relax.FastRelax: CMD: min  -1244.98  0.189018  0.189018  0.02805
protocols.relax.FastRelax: CMD: coord_cst_weight  -1323.49  0.189018  0.189018  0.02805
protocols.relax.FastRelax: CMD: scale:fa_rep  -964.271  0.189018  0.189018  0.14575
core.pack.task: Packer task: initialize from command line() 
core.pack.pack_rotamers: built 7345 rotamers at 492 positions.
core.pack.interaction_graph.interaction_graph_factory: Instantiating DensePDInteractionGraph
protocols.relax.FastRelax: CMD: repack  -1029.67  0.189018  0.189018  0.14575
protocols.relax.FastRelax: CMD: scale:fa_rep  -1008.99  0.189018  0.189018  0.154
protocols.relax.FastRelax: CMD: min  -1181.04  0.231808  0.231808  0.154
protocols.relax.FastRelax: CMD: coord_cst_weight  -1297.15  0.231808  0.231808  0.154
protocols.relax.FastRelax: CMD: scale:fa_rep  -1117.35  0.231808  0.231808  0.30745
core.pack.task: Packer task: initialize from command line() 
core.pack.pack_rotamers: built 7148 rotamers at 492 positions.
core.pack.interaction_graph.interaction_graph_factory: Instantiating DensePDInteractionGraph
protocols.relax.FastRelax: CMD: repack  -1117.76  0.231808  0.231808  0.30745
protocols.relax.FastRelax: CMD: scale:fa_rep  -1103.65  0.231808  0.231808  0.31955
protocols.relax.FastRelax: CMD: min  -1306.92  2.76272  2.76272  0.31955
protocols.relax.FastRelax: CMD: coord_cst_weight  -1306.92  2.76272  2.76272  0.31955
protocols.relax.FastRelax: CMD: scale:fa_rep  -1102.37  2.76272  2.76272  0.55
core.pack.task: Packer task: initialize from command line() 
core.pack.pack_rotamers: built 7001 rotamers at 492 positions.
core.pack.interaction_graph.interaction_graph_factory: Instantiating DensePDInteractionGraph
protocols.relax.FastRelax: CMD: repack  -1104.08  2.76272  2.76272  0.55
protocols.relax.FastRelax: CMD: min  -1156.2  3.2353  3.2353  0.55
protocols.relax.FastRelax: MRP: 6  -1156.2  -1158.58  3.57957  3.57957  
protocols.relax.FastRelax: CMD: accept_to_best  -1156.2  3.2353  3.2353  0.55
protocols.relax.FastRelax: CMD: endrepeat  -1156.2  3.2353  3.2353  0.55
protocols.relax.FastRelax: CMD: coord_cst_weight  51271.2  3.2353  3.2353  0.55
protocols.relax.FastRelax: CMD: scale:fa_rep  50942.6  3.2353  3.2353  0.022
core.pack.task: Packer task: initialize from command line() 
core.pack.pack_rotamers: built 7693 rotamers at 492 positions.
core.pack.interaction_graph.interaction_graph_factory: Instantiating DensePDInteractionGraph
protocols.relax.FastRelax: CMD: repack  50924.3  3.2353  3.2353  0.022
protocols.relax.FastRelax: CMD: scale:fa_rep  50931.2  3.2353  3.2353  0.02805
core.optimization.Minimizer: [ WARNING ] LBFGS MAX CYCLES 2000 EXCEEDED, BUT FUNC NOT CONVERGED!
protocols.relax.FastRelax: CMD: min  -1273.87  0.180606  0.180606  0.02805
protocols.relax.FastRelax: CMD: coord_cst_weight  -1344  0.180606  0.180606  0.02805
protocols.relax.FastRelax: CMD: scale:fa_rep  -1009.22  0.180606  0.180606  0.14575
core.pack.task: Packer task: initialize from command line() 
core.pack.pack_rotamers: built 7350 rotamers at 492 positions.
core.pack.interaction_graph.interaction_graph_factory: Instantiating DensePDInteractionGraph
protocols.relax.FastRelax: CMD: repack  -1039.6  0.180606  0.180606  0.14575
protocols.relax.FastRelax: CMD: scale:fa_rep  -1018.68  0.180606  0.180606  0.154
protocols.relax.FastRelax: CMD: min  -1180.25  0.231582  0.231582  0.154
protocols.relax.FastRelax: CMD: coord_cst_weight  -1296.06  0.231582  0.231582  0.154
protocols.relax.FastRelax: CMD: scale:fa_rep  -1116.16  0.231582  0.231582  0.30745
core.pack.task: Packer task: initialize from command line() 
core.pack.pack_rotamers: built 7151 rotamers at 492 positions.
core.pack.interaction_graph.interaction_graph_factory: Instantiating DensePDInteractionGraph
protocols.relax.FastRelax: CMD: repack  -1116.7  0.231582  0.231582  0.30745
protocols.relax.FastRelax: CMD: scale:fa_rep  -1102.53  0.231582  0.231582  0.31955
protocols.relax.FastRelax: CMD: min  -1313.9  3.36246  3.36246  0.31955
protocols.relax.FastRelax: CMD: coord_cst_weight  -1313.9  3.36246  3.36246  0.31955
protocols.relax.FastRelax: CMD: scale:fa_rep  -1109.78  3.36246  3.36246  0.55
core.pack.task: Packer task: initialize from command line() 
core.pack.pack_rotamers: built 6918 rotamers at 492 positions.
core.pack.interaction_graph.interaction_graph_factory: Instantiating DensePDInteractionGraph
protocols.relax.FastRelax: CMD: repack  -1114.43  3.36246  3.36246  0.55
protocols.relax.FastRelax: CMD: min  -1162.82  3.53327  3.53327  0.55
protocols.relax.FastRelax: MRP: 7  -1162.82  -1162.82  3.53327  3.53327  
protocols.relax.FastRelax: CMD: accept_to_best  -1162.82  3.53327  3.53327  0.55
protocols.relax.FastRelax: CMD: endrepeat  -1162.82  3.53327  3.53327  0.55
protocols.relax.FastRelax: CMD: coord_cst_weight  60864.5  3.53327  3.53327  0.55
protocols.relax.FastRelax: CMD: scale:fa_rep  60538.1  3.53327  3.53327  0.022
core.pack.task: Packer task: initialize from command line() 
core.pack.pack_rotamers: built 7623 rotamers at 492 positions.
core.pack.interaction_graph.interaction_graph_factory: Instantiating DensePDInteractionGraph
protocols.relax.FastRelax: CMD: repack  60515.4  3.53327  3.53327  0.022
protocols.relax.FastRelax: CMD: scale:fa_rep  60522.7  3.53327  3.53327  0.02805
core.optimization.Minimizer: [ WARNING ] LBFGS MAX CYCLES 2000 EXCEEDED, BUT FUNC NOT CONVERGED!
protocols.relax.FastRelax: CMD: min  -1269.9  0.182876  0.182876  0.02805
protocols.relax.FastRelax: CMD: coord_cst_weight  -1342.05  0.182876  0.182876  0.02805
protocols.relax.FastRelax: CMD: scale:fa_rep  -1003.17  0.182876  0.182876  0.14575
core.pack.task: Packer task: initialize from command line() 
core.pack.pack_rotamers: built 7285 rotamers at 492 positions.
core.pack.interaction_graph.interaction_graph_factory: Instantiating DensePDInteractionGraph
protocols.relax.FastRelax: CMD: repack  -1040.6  0.182876  0.182876  0.14575
protocols.relax.FastRelax: CMD: scale:fa_rep  -1020.11  0.182876  0.182876  0.154
protocols.relax.FastRelax: CMD: min  -1179.71  0.230768  0.230768  0.154
protocols.relax.FastRelax: CMD: coord_cst_weight  -1295.42  0.230768  0.230768  0.154
protocols.relax.FastRelax: CMD: scale:fa_rep  -1115.98  0.230768  0.230768  0.30745
core.pack.task: Packer task: initialize from command line() 
core.pack.pack_rotamers: built 7174 rotamers at 492 positions.
core.pack.interaction_graph.interaction_graph_factory: Instantiating DensePDInteractionGraph
protocols.relax.FastRelax: CMD: repack  -1116.33  0.230768  0.230768  0.30745
protocols.relax.FastRelax: CMD: scale:fa_rep  -1102.25  0.230768  0.230768  0.31955
protocols.relax.FastRelax: CMD: min  -1314.11  3.71859  3.71859  0.31955
protocols.relax.FastRelax: CMD: coord_cst_weight  -1314.11  3.71859  3.71859  0.31955
protocols.relax.FastRelax: CMD: scale:fa_rep  -1111.09  3.71859  3.71859  0.55
core.pack.task: Packer task: initialize from command line() 
core.pack.pack_rotamers: built 6884 rotamers at 492 positions.
core.pack.interaction_graph.interaction_graph_factory: Instantiating DensePDInteractionGraph
protocols.relax.FastRelax: CMD: repack  -1112.61  3.71859  3.71859  0.55
protocols.relax.FastRelax: CMD: min  -1160.48  3.971  3.971  0.55
protocols.relax.FastRelax: MRP: 8  -1160.48  -1162.82  3.53327  3.53327  
protocols.relax.FastRelax: CMD: accept_to_best  -1160.48  3.971  3.971  0.55
protocols.relax.FastRelax: CMD: endrepeat  -1160.48  3.971  3.971  0.55
protocols.relax.FastRelax: CMD: coord_cst_weight  70205.3  3.971  3.971  0.55
protocols.relax.FastRelax: CMD: scale:fa_rep  69880.5  3.971  3.971  0.022
core.pack.task: Packer task: initialize from command line() 
core.pack.pack_rotamers: built 7627 rotamers at 492 positions.
core.pack.interaction_graph.interaction_graph_factory: Instantiating DensePDInteractionGraph
protocols.relax.FastRelax: CMD: repack  69852.2  3.971  3.971  0.022
protocols.relax.FastRelax: CMD: scale:fa_rep  69859  3.971  3.971  0.02805
core.optimization.Minimizer: [ WARNING ] LBFGS MAX CYCLES 2000 EXCEEDED, BUT FUNC NOT CONVERGED!
protocols.relax.FastRelax: CMD: min  -1269.21  0.181813  0.181813  0.02805
protocols.relax.FastRelax: CMD: coord_cst_weight  -1341.39  0.181813  0.181813  0.02805
protocols.relax.FastRelax: CMD: scale:fa_rep  -1006.83  0.181813  0.181813  0.14575
core.pack.task: Packer task: initialize from command line() 
core.pack.pack_rotamers: built 7342 rotamers at 492 positions.
core.pack.interaction_graph.interaction_graph_factory: Instantiating DensePDInteractionGraph
protocols.relax.FastRelax: CMD: repack  -1039.79  0.181813  0.181813  0.14575
protocols.relax.FastRelax: CMD: scale:fa_rep  -1018.95  0.181813  0.181813  0.154
protocols.relax.FastRelax: CMD: min  -1182.14  0.229331  0.229331  0.154
protocols.relax.FastRelax: CMD: coord_cst_weight  -1296.97  0.229331  0.229331  0.154
protocols.relax.FastRelax: CMD: scale:fa_rep  -1116.55  0.229331  0.229331  0.30745
core.pack.task: Packer task: initialize from command line() 
core.pack.pack_rotamers: built 7144 rotamers at 492 positions.
core.pack.interaction_graph.interaction_graph_factory: Instantiating DensePDInteractionGraph
protocols.relax.FastRelax: CMD: repack  -1122.61  0.229331  0.229331  0.30745
protocols.relax.FastRelax: CMD: scale:fa_rep  -1108.52  0.229331  0.229331  0.31955
protocols.relax.FastRelax: CMD: min  -1311.19  2.84731  2.84731  0.31955
protocols.relax.FastRelax: CMD: coord_cst_weight  -1311.19  2.84731  2.84731  0.31955
protocols.relax.FastRelax: CMD: scale:fa_rep  -1109.08  2.84731  2.84731  0.55
core.pack.task: Packer task: initialize from command line() 
core.pack.pack_rotamers: built 6919 rotamers at 492 positions.
core.pack.interaction_graph.interaction_graph_factory: Instantiating DensePDInteractionGraph
protocols.relax.FastRelax: CMD: repack  -1113  2.84731  2.84731  0.55
protocols.relax.FastRelax: CMD: min  -1163.26  3.12511  3.12511  0.55
protocols.relax.FastRelax: MRP: 9  -1163.26  -1163.26  3.12511  3.12511  
protocols.relax.FastRelax: CMD: accept_to_best  -1163.26  3.12511  3.12511  0.55
protocols.relax.FastRelax: CMD: endrepeat  -1163.26  3.12511  3.12511  0.55
protocols.relax.FastRelax: CMD: coord_cst_weight  45227.7  3.12511  3.12511  0.55
protocols.relax.FastRelax: CMD: scale:fa_rep  44904.8  3.12511  3.12511  0.022
core.pack.task: Packer task: initialize from command line() 
core.pack.pack_rotamers: built 7610 rotamers at 492 positions.
core.pack.interaction_graph.interaction_graph_factory: Instantiating DensePDInteractionGraph
protocols.relax.FastRelax: CMD: repack  44877.7  3.12511  3.12511  0.022
protocols.relax.FastRelax: CMD: scale:fa_rep  44884.9  3.12511  3.12511  0.02805
core.optimization.Minimizer: [ WARNING ] LBFGS MAX CYCLES 2000 EXCEEDED, BUT FUNC NOT CONVERGED!
protocols.relax.FastRelax: CMD: min  -1247.96  0.187741  0.187741  0.02805
protocols.relax.FastRelax: CMD: coord_cst_weight  -1325.84  0.187741  0.187741  0.02805
protocols.relax.FastRelax: CMD: scale:fa_rep  -930.988  0.187741  0.187741  0.14575
core.pack.task: Packer task: initialize from command line() 
core.pack.pack_rotamers: built 7350 rotamers at 492 positions.
core.pack.interaction_graph.interaction_graph_factory: Instantiating DensePDInteractionGraph
protocols.relax.FastRelax: CMD: repack  -1026.18  0.187741  0.187741  0.14575
protocols.relax.FastRelax: CMD: scale:fa_rep  -1004.47  0.187741  0.187741  0.154
protocols.relax.FastRelax: CMD: min  -1187.05  0.228078  0.228078  0.154
protocols.relax.FastRelax: CMD: coord_cst_weight  -1300.91  0.228078  0.228078  0.154
protocols.relax.FastRelax: CMD: scale:fa_rep  -1118.2  0.228078  0.228078  0.30745
core.pack.task: Packer task: initialize from command line() 
core.pack.pack_rotamers: built 7146 rotamers at 492 positions.
core.pack.interaction_graph.interaction_graph_factory: Instantiating DensePDInteractionGraph
protocols.relax.FastRelax: CMD: repack  -1120.09  0.228078  0.228078  0.30745
protocols.relax.FastRelax: CMD: scale:fa_rep  -1105.81  0.228078  0.228078  0.31955
protocols.relax.FastRelax: CMD: min  -1301.14  3.07713  3.07713  0.31955
protocols.relax.FastRelax: CMD: coord_cst_weight  -1301.14  3.07713  3.07713  0.31955
protocols.relax.FastRelax: CMD: scale:fa_rep  -1096.61  3.07713  3.07713  0.55
core.pack.task: Packer task: initialize from command line() 
core.pack.pack_rotamers: built 6961 rotamers at 492 positions.
core.pack.interaction_graph.interaction_graph_factory: Instantiating DensePDInteractionGraph
protocols.relax.FastRelax: CMD: repack  -1098.75  3.07713  3.07713  0.55
protocols.relax.FastRelax: CMD: min  -1153.49  3.78418  3.78418  0.55
protocols.relax.FastRelax: MRP: 10  -1153.49  -1163.26  3.12511  3.12511  
protocols.relax.FastRelax: CMD: accept_to_best  -1153.49  3.78418  3.78418  0.55
protocols.relax.FastRelax: CMD: endrepeat  -1153.49  3.78418  3.78418  0.55
protocols.relax.FastRelax: CMD: coord_cst_weight  70386.5  3.78418  3.78418  0.55
protocols.relax.FastRelax: CMD: scale:fa_rep  70063  3.78418  3.78418  0.022
core.pack.task: Packer task: initialize from command line() 
core.pack.pack_rotamers: built 7689 rotamers at 492 positions.
core.pack.interaction_graph.interaction_graph_factory: Instantiating DensePDInteractionGraph
protocols.relax.FastRelax: CMD: repack  70044.2  3.78418  3.78418  0.022
protocols.relax.FastRelax: CMD: scale:fa_rep  70050.5  3.78418  3.78418  0.02805
core.optimization.Minimizer: [ WARNING ] LBFGS MAX CYCLES 2000 EXCEEDED, BUT FUNC NOT CONVERGED!
protocols.relax.FastRelax: CMD: min  -1267.44  0.183147  0.183147  0.02805
protocols.relax.FastRelax: CMD: coord_cst_weight  -1341.28  0.183147  0.183147  0.02805
protocols.relax.FastRelax: CMD: scale:fa_rep  -1011.89  0.183147  0.183147  0.14575
core.pack.task: Packer task: initialize from command line() 
core.pack.pack_rotamers: built 7285 rotamers at 492 positions.
core.pack.interaction_graph.interaction_graph_factory: Instantiating DensePDInteractionGraph
protocols.relax.FastRelax: CMD: repack  -1043.97  0.183147  0.183147  0.14575
protocols.relax.FastRelax: CMD: scale:fa_rep  -1023.05  0.183147  0.183147  0.154
protocols.relax.FastRelax: CMD: min  -1189.8  0.22706  0.22706  0.154
protocols.relax.FastRelax: CMD: coord_cst_weight  -1303.27  0.22706  0.22706  0.154
protocols.relax.FastRelax: CMD: scale:fa_rep  -1119.87  0.22706  0.22706  0.30745
core.pack.task: Packer task: initialize from command line() 
core.pack.pack_rotamers: built 7135 rotamers at 492 positions.
core.pack.interaction_graph.interaction_graph_factory: Instantiating DensePDInteractionGraph
protocols.relax.FastRelax: CMD: repack  -1120.16  0.22706  0.22706  0.30745
protocols.relax.FastRelax: CMD: scale:fa_rep  -1105.91  0.22706  0.22706  0.31955
protocols.relax.FastRelax: CMD: min  -1289.9  3.0046  3.0046  0.31955
protocols.relax.FastRelax: CMD: coord_cst_weight  -1289.9  3.0046  3.0046  0.31955
protocols.relax.FastRelax: CMD: scale:fa_rep  -1083.82  3.0046  3.0046  0.55
core.pack.task: Packer task: initialize from command line() 
core.pack.pack_rotamers: built 6961 rotamers at 492 positions.
core.pack.interaction_graph.interaction_graph_factory: Instantiating DensePDInteractionGraph
protocols.relax.FastRelax: CMD: repack  -1086.56  3.0046  3.0046  0.55
protocols.relax.FastRelax: CMD: min  -1142.44  3.30908  3.30908  0.55
protocols.relax.FastRelax: MRP: 11  -1142.44  -1163.26  3.12511  3.12511  
protocols.relax.FastRelax: CMD: accept_to_best  -1142.44  3.30908  3.30908  0.55
protocols.relax.FastRelax: CMD: endrepeat  -1142.44  3.30908  3.30908  0.55
protocols.relax.FastRelax: CMD: coord_cst_weight  64150.6  3.30908  3.30908  0.55
protocols.relax.FastRelax: CMD: scale:fa_rep  63824.5  3.30908  3.30908  0.022
core.pack.task: Packer task: initialize from command line() 
core.pack.pack_rotamers: built 7776 rotamers at 492 positions.
core.pack.interaction_graph.interaction_graph_factory: Instantiating DensePDInteractionGraph
protocols.relax.FastRelax: CMD: repack  63805.8  3.30908  3.30908  0.022
protocols.relax.FastRelax: CMD: scale:fa_rep  63812  3.30908  3.30908  0.02805
core.optimization.Minimizer: [ WARNING ] LBFGS MAX CYCLES 2000 EXCEEDED, BUT FUNC NOT CONVERGED!
protocols.relax.FastRelax: CMD: min  -1282.28  0.18019  0.18019  0.02805
protocols.relax.FastRelax: CMD: coord_cst_weight  -1354.65  0.18019  0.18019  0.02805
protocols.relax.FastRelax: CMD: scale:fa_rep  -1026.78  0.18019  0.18019  0.14575
core.pack.task: Packer task: initialize from command line() 
core.pack.pack_rotamers: built 7302 rotamers at 492 positions.
core.pack.interaction_graph.interaction_graph_factory: Instantiating DensePDInteractionGraph
protocols.relax.FastRelax: CMD: repack  -1049.03  0.18019  0.18019  0.14575
protocols.relax.FastRelax: CMD: scale:fa_rep  -1028.02  0.18019  0.18019  0.154
protocols.relax.FastRelax: CMD: min  -1189.97  0.229137  0.229137  0.154
protocols.relax.FastRelax: CMD: coord_cst_weight  -1304.85  0.229137  0.229137  0.154
protocols.relax.FastRelax: CMD: scale:fa_rep  -1123.44  0.229137  0.229137  0.30745
core.pack.task: Packer task: initialize from command line() 
core.pack.pack_rotamers: built 7117 rotamers at 492 positions.
core.pack.interaction_graph.interaction_graph_factory: Instantiating DensePDInteractionGraph
protocols.relax.FastRelax: CMD: repack  -1125.34  0.229137  0.229137  0.30745
protocols.relax.FastRelax: CMD: scale:fa_rep  -1111.25  0.229137  0.229137  0.31955
protocols.relax.FastRelax: CMD: min  -1297.61  3.3942  3.3942  0.31955
protocols.relax.FastRelax: CMD: coord_cst_weight  -1297.61  3.3942  3.3942  0.31955
protocols.relax.FastRelax: CMD: scale:fa_rep  -1092.4  3.3942  3.3942  0.55
core.pack.task: Packer task: initialize from command line() 
core.pack.pack_rotamers: built 6992 rotamers at 492 positions.
core.pack.interaction_graph.interaction_graph_factory: Instantiating DensePDInteractionGraph
protocols.relax.FastRelax: CMD: repack  -1094.76  3.3942  3.3942  0.55
protocols.relax.FastRelax: CMD: min  -1144.4  3.77473  3.77473  0.55
protocols.relax.FastRelax: MRP: 12  -1144.4  -1163.26  3.12511  3.12511  
protocols.relax.FastRelax: CMD: accept_to_best  -1144.4  3.77473  3.77473  0.55
protocols.relax.FastRelax: CMD: endrepeat  -1144.4  3.77473  3.77473  0.55
protocols.relax.FastRelax: CMD: coord_cst_weight  75896.8  3.77473  3.77473  0.55
protocols.relax.FastRelax: CMD: scale:fa_rep  75570.4  3.77473  3.77473  0.022
core.pack.task: Packer task: initialize from command line() 
core.pack.pack_rotamers: built 7783 rotamers at 492 positions.
core.pack.interaction_graph.interaction_graph_factory: Instantiating DensePDInteractionGraph
protocols.relax.FastRelax: CMD: repack  75558.4  3.77473  3.77473  0.022
protocols.relax.FastRelax: CMD: scale:fa_rep  75567.4  3.77473  3.77473  0.02805
core.optimization.Minimizer: [ WARNING ] LBFGS MAX CYCLES 2000 EXCEEDED, BUT FUNC NOT CONVERGED!
protocols.relax.FastRelax: CMD: min  -1264.65  0.182147  0.182147  0.02805
protocols.relax.FastRelax: CMD: coord_cst_weight  -1339.48  0.182147  0.182147  0.02805
protocols.relax.FastRelax: CMD: scale:fa_rep  -1004.47  0.182147  0.182147  0.14575
core.pack.task: Packer task: initialize from command line() 
core.pack.pack_rotamers: built 7268 rotamers at 492 positions.
core.pack.interaction_graph.interaction_graph_factory: Instantiating DensePDInteractionGraph
protocols.relax.FastRelax: CMD: repack  -1044.44  0.182147  0.182147  0.14575
protocols.relax.FastRelax: CMD: scale:fa_rep  -1023.92  0.182147  0.182147  0.154
protocols.relax.FastRelax: CMD: min  -1192.37  0.228762  0.228762  0.154
protocols.relax.FastRelax: CMD: coord_cst_weight  -1306.17  0.228762  0.228762  0.154
protocols.relax.FastRelax: CMD: scale:fa_rep  -1124.19  0.228762  0.228762  0.30745
core.pack.task: Packer task: initialize from command line() 
core.pack.pack_rotamers: built 7118 rotamers at 492 positions.
core.pack.interaction_graph.interaction_graph_factory: Instantiating DensePDInteractionGraph
protocols.relax.FastRelax: CMD: repack  -1125.27  0.228762  0.228762  0.30745
protocols.relax.FastRelax: CMD: scale:fa_rep  -1111.18  0.228762  0.228762  0.31955
protocols.relax.FastRelax: CMD: min  -1298.51  3.48743  3.48743  0.31955
protocols.relax.FastRelax: CMD: coord_cst_weight  -1298.51  3.48743  3.48743  0.31955
protocols.relax.FastRelax: CMD: scale:fa_rep  -1092.73  3.48743  3.48743  0.55
core.pack.task: Packer task: initialize from command line() 
core.pack.pack_rotamers: built 6974 rotamers at 492 positions.
core.pack.interaction_graph.interaction_graph_factory: Instantiating DensePDInteractionGraph
protocols.relax.FastRelax: CMD: repack  -1095.18  3.48743  3.48743  0.55
protocols.relax.FastRelax: CMD: min  -1146.2  3.90947  3.90947  0.55
protocols.relax.FastRelax: MRP: 13  -1146.2  -1163.26  3.12511  3.12511  
protocols.relax.FastRelax: CMD: accept_to_best  -1146.2  3.90947  3.90947  0.55
protocols.relax.FastRelax: CMD: endrepeat  -1146.2  3.90947  3.90947  0.55
protocols.relax.FastRelax: CMD: coord_cst_weight  94662.7  3.90947  3.90947  0.55
protocols.relax.FastRelax: CMD: scale:fa_rep  94335.4  3.90947  3.90947  0.022
core.pack.task: Packer task: initialize from command line() 
core.pack.pack_rotamers: built 7745 rotamers at 492 positions.
core.pack.interaction_graph.interaction_graph_factory: Instantiating DensePDInteractionGraph
protocols.relax.FastRelax: CMD: repack  94331.4  3.90947  3.90947  0.022
protocols.relax.FastRelax: CMD: scale:fa_rep  94341.1  3.90947  3.90947  0.02805
core.optimization.Minimizer: [ WARNING ] LBFGS MAX CYCLES 2000 EXCEEDED, BUT FUNC NOT CONVERGED!
protocols.relax.FastRelax: CMD: min  -1278.2  0.181215  0.181215  0.02805
protocols.relax.FastRelax: CMD: coord_cst_weight  -1350.51  0.181215  0.181215  0.02805
protocols.relax.FastRelax: CMD: scale:fa_rep  -1017.88  0.181215  0.181215  0.14575
core.pack.task: Packer task: initialize from command line() 
core.pack.pack_rotamers: built 7318 rotamers at 492 positions.
core.pack.interaction_graph.interaction_graph_factory: Instantiating DensePDInteractionGraph
protocols.relax.FastRelax: CMD: repack  -1050.45  0.181215  0.181215  0.14575
protocols.relax.FastRelax: CMD: scale:fa_rep  -1029.46  0.181215  0.181215  0.154
protocols.relax.FastRelax: CMD: min  -1194.49  0.228842  0.228842  0.154
protocols.relax.FastRelax: CMD: coord_cst_weight  -1308.54  0.228842  0.228842  0.154
protocols.relax.FastRelax: CMD: scale:fa_rep  -1124.99  0.228842  0.228842  0.30745
core.pack.task: Packer task: initialize from command line() 
core.pack.pack_rotamers: built 7111 rotamers at 492 positions.
core.pack.interaction_graph.interaction_graph_factory: Instantiating DensePDInteractionGraph
protocols.relax.FastRelax: CMD: repack  -1125.48  0.228842  0.228842  0.30745
protocols.relax.FastRelax: CMD: scale:fa_rep  -1111.23  0.228842  0.228842  0.31955
protocols.relax.FastRelax: CMD: min  -1296.92  3.94136  3.94136  0.31955
protocols.relax.FastRelax: CMD: coord_cst_weight  -1296.92  3.94136  3.94136  0.31955
protocols.relax.FastRelax: CMD: scale:fa_rep  -1091.31  3.94136  3.94136  0.55
core.pack.task: Packer task: initialize from command line() 
core.pack.pack_rotamers: built 7024 rotamers at 492 positions.
core.pack.interaction_graph.interaction_graph_factory: Instantiating DensePDInteractionGraph
protocols.relax.FastRelax: CMD: repack  -1095.91  3.94136  3.94136  0.55
protocols.relax.FastRelax: CMD: min  -1142.85  4.03942  4.03942  0.55
protocols.relax.FastRelax: MRP: 14  -1142.85  -1163.26  3.12511  3.12511  
protocols.relax.FastRelax: CMD: accept_to_best  -1142.85  4.03942  4.03942  0.55
protocols.relax.FastRelax: CMD: endrepeat  -1142.85  4.03942  4.03942  0.55
protocols::checkpoint: Deleting checkpoints of FastRelax
protocols.jd2.JobDistributor: target.BL00010001_10_0001 reported success in 14466 seconds
protocols.jd2.PDBJobInputter: PDBJobInputter::pose_from_job
protocols.jd2.PDBJobInputter: filling pose from saved copy ../1-modeller/target.BL00010001.pdb
protocols.relax.FastRelax: CMD: repeat  4476.34  0  0  0.55
protocols.relax.FastRelax: CMD: coord_cst_weight  4476.34  0  0  0.55
protocols.relax.FastRelax: CMD: scale:fa_rep  806.987  0  0  0.022
core.pack.task: Packer task: initialize from command line() 
core.pack.pack_rotamers: built 8129 rotamers at 492 positions.
core.pack.interaction_graph.interaction_graph_factory: Instantiating DensePDInteractionGraph
protocols.relax.FastRelax: CMD: repack  -877.47  0  0  0.022
protocols.relax.FastRelax: CMD: scale:fa_rep  -839.258  0  0  0.02805
core.optimization.Minimizer: [ WARNING ] LBFGS MAX CYCLES 2000 EXCEEDED, BUT FUNC NOT CONVERGED!
protocols.relax.FastRelax: CMD: min  -1297.86  0.147516  0.147516  0.02805
protocols.relax.FastRelax: CMD: coord_cst_weight  -1344.21  0.147516  0.147516  0.02805
protocols.relax.FastRelax: CMD: scale:fa_rep  -955.723  0.147516  0.147516  0.14575
core.pack.task: Packer task: initialize from command line() 
core.pack.pack_rotamers: built 7414 rotamers at 492 positions.
core.pack.interaction_graph.interaction_graph_factory: Instantiating DensePDInteractionGraph
protocols.relax.FastRelax: CMD: repack  -999.018  0.147516  0.147516  0.14575
protocols.relax.FastRelax: CMD: scale:fa_rep  -977.094  0.147516  0.147516  0.154
protocols.relax.FastRelax: CMD: min  -1159.68  0.200178  0.200178  0.154
protocols.relax.FastRelax: CMD: coord_cst_weight  -1246.47  0.200178  0.200178  0.154
protocols.relax.FastRelax: CMD: scale:fa_rep  -1055.65  0.200178  0.200178  0.30745
core.pack.task: Packer task: initialize from command line() 
core.pack.pack_rotamers: built 7274 rotamers at 492 positions.
core.pack.interaction_graph.interaction_graph_factory: Instantiating DensePDInteractionGraph
protocols.relax.FastRelax: CMD: repack  -1057.28  0.200178  0.200178  0.30745
protocols.relax.FastRelax: CMD: scale:fa_rep  -1042.32  0.200178  0.200178  0.31955
protocols.relax.FastRelax: CMD: min  -1245.75  3.21843  3.21843  0.31955
protocols.relax.FastRelax: CMD: coord_cst_weight  -1245.75  3.21843  3.21843  0.31955
protocols.relax.FastRelax: CMD: scale:fa_rep  -1036.72  3.21843  3.21843  0.55
core.pack.task: Packer task: initialize from command line() 
core.pack.pack_rotamers: built 7116 rotamers at 492 positions.
core.pack.interaction_graph.interaction_graph_factory: Instantiating DensePDInteractionGraph
protocols.relax.FastRelax: CMD: repack  -1046.17  3.21843  3.21843  0.55
protocols.relax.FastRelax: CMD: min  -1100.33  3.30615  3.30615  0.55
protocols.relax.FastRelax: MRP: 0  -1100.33  -1100.33  3.30615  3.30615  
protocols.relax.FastRelax: CMD: accept_to_best  -1100.33  3.30615  3.30615  0.55
protocols.relax.FastRelax: CMD: endrepeat  -1100.33  3.30615  3.30615  0.55
protocols.relax.FastRelax: CMD: coord_cst_weight  121024  3.30615  3.30615  0.55
protocols.relax.FastRelax: CMD: scale:fa_rep  120688  3.30615  3.30615  0.022
core.pack.task: Packer task: initialize from command line() 
core.pack.pack_rotamers: built 7817 rotamers at 492 positions.
core.pack.interaction_graph.interaction_graph_factory: Instantiating DensePDInteractionGraph
protocols.relax.FastRelax: CMD: repack  120666  3.30615  3.30615  0.022
protocols.relax.FastRelax: CMD: scale:fa_rep  120681  3.30615  3.30615  0.02805
core.optimization.Minimizer: [ WARNING ] LBFGS MAX CYCLES 2000 EXCEEDED, BUT FUNC NOT CONVERGED!
protocols.relax.FastRelax: CMD: min  -1254.01  0.177521  0.177521  0.02805
protocols.relax.FastRelax: CMD: coord_cst_weight  -1322.88  0.177521  0.177521  0.02805
protocols.relax.FastRelax: CMD: scale:fa_rep  -954.149  0.177521  0.177521  0.14575
core.pack.task: Packer task: initialize from command line() 
core.pack.pack_rotamers: built 7358 rotamers at 492 positions.
core.pack.interaction_graph.interaction_graph_factory: Instantiating DensePDInteractionGraph
protocols.relax.FastRelax: CMD: repack  -1023.05  0.177521  0.177521  0.14575
protocols.relax.FastRelax: CMD: scale:fa_rep  -1002.6  0.177521  0.177521  0.154
protocols.relax.FastRelax: CMD: min  -1181.33  0.218092  0.218092  0.154
protocols.relax.FastRelax: CMD: coord_cst_weight  -1286.93  0.218092  0.218092  0.154
protocols.relax.FastRelax: CMD: scale:fa_rep  -1102.46  0.218092  0.218092  0.30745
core.pack.task: Packer task: initialize from command line() 
core.pack.pack_rotamers: built 7156 rotamers at 492 positions.
core.pack.interaction_graph.interaction_graph_factory: Instantiating DensePDInteractionGraph
protocols.relax.FastRelax: CMD: repack  -1101.76  0.218092  0.218092  0.30745
protocols.relax.FastRelax: CMD: scale:fa_rep  -1087.38  0.218092  0.218092  0.31955
protocols.relax.FastRelax: CMD: min  -1282.72  4.21911  4.21911  0.31955
protocols.relax.FastRelax: CMD: coord_cst_weight  -1282.72  4.21911  4.21911  0.31955
protocols.relax.FastRelax: CMD: scale:fa_rep  -1074.8  4.21911  4.21911  0.55
core.pack.task: Packer task: initialize from command line() 
core.pack.pack_rotamers: built 7048 rotamers at 492 positions.
core.pack.interaction_graph.interaction_graph_factory: Instantiating DensePDInteractionGraph
protocols.relax.FastRelax: CMD: repack  -1077.56  4.21911  4.21911  0.55
protocols.relax.FastRelax: CMD: min  -1135.56  4.37174  4.37174  0.55
protocols.relax.FastRelax: MRP: 1  -1135.56  -1135.56  4.37174  4.37174  
protocols.relax.FastRelax: CMD: accept_to_best  -1135.56  4.37174  4.37174  0.55
protocols.relax.FastRelax: CMD: endrepeat  -1135.56  4.37174  4.37174  0.55
protocols.relax.FastRelax: CMD: coord_cst_weight  154571  4.37174  4.37174  0.55
protocols.relax.FastRelax: CMD: scale:fa_rep  154239  4.37174  4.37174  0.022
core.pack.task: Packer task: initialize from command line() 
core.pack.pack_rotamers: built 7788 rotamers at 492 positions.
core.pack.interaction_graph.interaction_graph_factory: Instantiating DensePDInteractionGraph
protocols.relax.FastRelax: CMD: repack  154221  4.37174  4.37174  0.022
protocols.relax.FastRelax: CMD: scale:fa_rep  154229  4.37174  4.37174  0.02805
core.optimization.Minimizer: [ WARNING ] LBFGS MAX CYCLES 2000 EXCEEDED, BUT FUNC NOT CONVERGED!
protocols.relax.FastRelax: CMD: min  -1265.85  0.183126  0.183126  0.02805
protocols.relax.FastRelax: CMD: coord_cst_weight  -1340.94  0.183126  0.183126  0.02805
protocols.relax.FastRelax: CMD: scale:fa_rep  -1016.16  0.183126  0.183126  0.14575
core.pack.task: Packer task: initialize from command line() 
core.pack.pack_rotamers: built 7380 rotamers at 492 positions.
core.pack.interaction_graph.interaction_graph_factory: Instantiating DensePDInteractionGraph
protocols.relax.FastRelax: CMD: repack  -1050.99  0.183126  0.183126  0.14575
protocols.relax.FastRelax: CMD: scale:fa_rep  -1031.76  0.183126  0.183126  0.154
protocols.relax.FastRelax: CMD: min  -1183.19  0.224449  0.224449  0.154
protocols.relax.FastRelax: CMD: coord_cst_weight  -1294.17  0.224449  0.224449  0.154
protocols.relax.FastRelax: CMD: scale:fa_rep  -1113.29  0.224449  0.224449  0.30745
core.pack.task: Packer task: initialize from command line() 
core.pack.pack_rotamers: built 7180 rotamers at 492 positions.
core.pack.interaction_graph.interaction_graph_factory: Instantiating DensePDInteractionGraph
protocols.relax.FastRelax: CMD: repack  -1112.77  0.224449  0.224449  0.30745
protocols.relax.FastRelax: CMD: scale:fa_rep  -1098.61  0.224449  0.224449  0.31955
protocols.relax.FastRelax: CMD: min  -1272.95  4.28978  4.28978  0.31955
protocols.relax.FastRelax: CMD: coord_cst_weight  -1272.95  4.28978  4.28978  0.31955
protocols.relax.FastRelax: CMD: scale:fa_rep  -1047.18  4.28978  4.28978  0.55
core.pack.task: Packer task: initialize from command line() 
core.pack.pack_rotamers: built 7018 rotamers at 492 positions.
core.pack.interaction_graph.interaction_graph_factory: Instantiating DensePDInteractionGraph
protocols.relax.FastRelax: CMD: repack  -1080.96  4.28978  4.28978  0.55
protocols.relax.FastRelax: CMD: min  -1148.17  4.26486  4.26486  0.55
protocols.relax.FastRelax: MRP: 2  -1148.17  -1148.17  4.26486  4.26486  
protocols.relax.FastRelax: CMD: accept_to_best  -1148.17  4.26486  4.26486  0.55
protocols.relax.FastRelax: CMD: endrepeat  -1148.17  4.26486  4.26486  0.55
protocols.relax.FastRelax: CMD: coord_cst_weight  85040.3  4.26486  4.26486  0.55
protocols.relax.FastRelax: CMD: scale:fa_rep  84710.7  4.26486  4.26486  0.022
core.pack.task: Packer task: initialize from command line() 
core.pack.pack_rotamers: built 7734 rotamers at 492 positions.
core.pack.interaction_graph.interaction_graph_factory: Instantiating DensePDInteractionGraph
protocols.relax.FastRelax: CMD: repack  84700.7  4.26486  4.26486  0.022
protocols.relax.FastRelax: CMD: scale:fa_rep  84707.7  4.26486  4.26486  0.02805
core.optimization.Minimizer: [ WARNING ] LBFGS MAX CYCLES 2000 EXCEEDED, BUT FUNC NOT CONVERGED!
protocols.relax.FastRelax: CMD: min  -1271.9  0.180044  0.180044  0.02805
protocols.relax.FastRelax: CMD: coord_cst_weight  -1343.76  0.180044  0.180044  0.02805
protocols.relax.FastRelax: CMD: scale:fa_rep  -1031.15  0.180044  0.180044  0.14575
core.pack.task: Packer task: initialize from command line() 
core.pack.pack_rotamers: built 7377 rotamers at 492 positions.
core.pack.interaction_graph.interaction_graph_factory: Instantiating DensePDInteractionGraph
protocols.relax.FastRelax: CMD: repack  -1059.88  0.180044  0.180044  0.14575
protocols.relax.FastRelax: CMD: scale:fa_rep  -1040.73  0.180044  0.180044  0.154
protocols.relax.FastRelax: CMD: min  -1190.8  0.223991  0.223991  0.154
protocols.relax.FastRelax: CMD: coord_cst_weight  -1302.03  0.223991  0.223991  0.154
protocols.relax.FastRelax: CMD: scale:fa_rep  -1122.55  0.223991  0.223991  0.30745
core.pack.task: Packer task: initialize from command line() 
core.pack.pack_rotamers: built 7144 rotamers at 492 positions.
core.pack.interaction_graph.interaction_graph_factory: Instantiating DensePDInteractionGraph
protocols.relax.FastRelax: CMD: repack  -1123.34  0.223991  0.223991  0.30745
protocols.relax.FastRelax: CMD: scale:fa_rep  -1109.31  0.223991  0.223991  0.31955
protocols.relax.FastRelax: CMD: min  -23.4377  4.24446  4.24446  0.31955
protocols.relax.FastRelax: CMD: coord_cst_weight  -23.4377  4.24446  4.24446  0.31955
protocols.relax.FastRelax: CMD: scale:fa_rep  1109.84  4.24446  4.24446  0.55
core.pack.task: Packer task: initialize from command line() 
core.pack.pack_rotamers: built 6928 rotamers at 492 positions.
core.pack.interaction_graph.interaction_graph_factory: Instantiating DensePDInteractionGraph
protocols.relax.FastRelax: CMD: repack  737.331  4.24446  4.24446  0.55
protocols.relax.FastRelax: CMD: min  -1148.49  4.11933  4.11933  0.55
protocols.relax.FastRelax: MRP: 3  -1148.49  -1148.49  4.11933  4.11933  
protocols.relax.FastRelax: CMD: accept_to_best  -1148.49  4.11933  4.11933  0.55
protocols.relax.FastRelax: CMD: endrepeat  -1148.49  4.11933  4.11933  0.55
protocols.relax.FastRelax: CMD: coord_cst_weight  80603  4.11933  4.11933  0.55
protocols.relax.FastRelax: CMD: scale:fa_rep  80275.6  4.11933  4.11933  0.022
core.pack.task: Packer task: initialize from command line() 
core.pack.pack_rotamers: built 7736 rotamers at 492 positions.
core.pack.interaction_graph.interaction_graph_factory: Instantiating DensePDInteractionGraph
protocols.relax.FastRelax: CMD: repack  80260.2  4.11933  4.11933  0.022
protocols.relax.FastRelax: CMD: scale:fa_rep  80269.7  4.11933  4.11933  0.02805
core.optimization.Minimizer: [ WARNING ] LBFGS MAX CYCLES 2000 EXCEEDED, BUT FUNC NOT CONVERGED!
protocols.relax.FastRelax: CMD: min  -1276.59  0.183966  0.183966  0.02805
protocols.relax.FastRelax: CMD: coord_cst_weight  -1351.1  0.183966  0.183966  0.02805
protocols.relax.FastRelax: CMD: scale:fa_rep  -1009.23  0.183966  0.183966  0.14575
core.pack.task: Packer task: initialize from command line() 
core.pack.pack_rotamers: built 7424 rotamers at 492 positions.
core.pack.interaction_graph.interaction_graph_factory: Instantiating DensePDInteractionGraph
protocols.relax.FastRelax: CMD: repack  -1051.52  0.183966  0.183966  0.14575
protocols.relax.FastRelax: CMD: scale:fa_rep  -1031.31  0.183966  0.183966  0.154
protocols.relax.FastRelax: CMD: min  -1190.79  0.225552  0.225552  0.154
protocols.relax.FastRelax: CMD: coord_cst_weight  -1303  0.225552  0.225552  0.154
protocols.relax.FastRelax: CMD: scale:fa_rep  -1119.42  0.225552  0.225552  0.30745
core.pack.task: Packer task: initialize from command line() 
core.pack.pack_rotamers: built 7123 rotamers at 492 positions.
core.pack.interaction_graph.interaction_graph_factory: Instantiating DensePDInteractionGraph
protocols.relax.FastRelax: CMD: repack  -1119.48  0.225552  0.225552  0.30745
protocols.relax.FastRelax: CMD: scale:fa_rep  -1105.11  0.225552  0.225552  0.31955
protocols.relax.FastRelax: CMD: min  -1022.37  4.12413  4.12413  0.31955
protocols.relax.FastRelax: CMD: coord_cst_weight  -1022.37  4.12413  4.12413  0.31955
protocols.relax.FastRelax: CMD: scale:fa_rep  -614.934  4.12413  4.12413  0.55
core.pack.task: Packer task: initialize from command line() 
core.pack.pack_rotamers: built 6980 rotamers at 492 positions.
core.pack.interaction_graph.interaction_graph_factory: Instantiating DensePDInteractionGraph
protocols.relax.FastRelax: CMD: repack  -972.673  4.12413  4.12413  0.55
protocols.relax.FastRelax: CMD: min  -1149.65  3.94525  3.94525  0.55
protocols.relax.FastRelax: MRP: 4  -1149.65  -1149.65  3.94525  3.94525  
protocols.relax.FastRelax: CMD: accept_to_best  -1149.65  3.94525  3.94525  0.55
protocols.relax.FastRelax: CMD: endrepeat  -1149.65  3.94525  3.94525  0.55
protocols.relax.FastRelax: CMD: coord_cst_weight  72230.5  3.94525  3.94525  0.55
protocols.relax.FastRelax: CMD: scale:fa_rep  71901.6  3.94525  3.94525  0.022
core.pack.task: Packer task: initialize from command line() 
core.pack.pack_rotamers: built 7717 rotamers at 492 positions.
core.pack.interaction_graph.interaction_graph_factory: Instantiating DensePDInteractionGraph
protocols.relax.FastRelax: CMD: repack  71886.1  3.94525  3.94525  0.022
protocols.relax.FastRelax: CMD: scale:fa_rep  71895.2  3.94525  3.94525  0.02805
core.optimization.Minimizer: [ WARNING ] LBFGS MAX CYCLES 2000 EXCEEDED, BUT FUNC NOT CONVERGED!
protocols.relax.FastRelax: CMD: min  -1279.74  0.182362  0.182362  0.02805
protocols.relax.FastRelax: CMD: coord_cst_weight  -1352.59  0.182362  0.182362  0.02805
protocols.relax.FastRelax: CMD: scale:fa_rep  -1023.46  0.182362  0.182362  0.14575
core.pack.task: Packer task: initialize from command line() 
core.pack.pack_rotamers: built 7374 rotamers at 492 positions.
core.pack.interaction_graph.interaction_graph_factory: Instantiating DensePDInteractionGraph
protocols.relax.FastRelax: CMD: repack  -1053.71  0.182362  0.182362  0.14575
protocols.relax.FastRelax: CMD: scale:fa_rep  -1034.42  0.182362  0.182362  0.154
protocols.relax.FastRelax: CMD: min  -1190.46  0.231843  0.231843  0.154
protocols.relax.FastRelax: CMD: coord_cst_weight  -1308.37  0.231843  0.231843  0.154
protocols.relax.FastRelax: CMD: scale:fa_rep  -1129.65  0.231843  0.231843  0.30745
core.pack.task: Packer task: initialize from command line() 
core.pack.pack_rotamers: built 7115 rotamers at 492 positions.
core.pack.interaction_graph.interaction_graph_factory: Instantiating DensePDInteractionGraph
protocols.relax.FastRelax: CMD: repack  -1130.83  0.231843  0.231843  0.30745
protocols.relax.FastRelax: CMD: scale:fa_rep  -1116.93  0.231843  0.231843  0.31955
protocols.relax.FastRelax: CMD: min  -1313.81  3.58511  3.58511  0.31955
protocols.relax.FastRelax: CMD: coord_cst_weight  -1313.81  3.58511  3.58511  0.31955
protocols.relax.FastRelax: CMD: scale:fa_rep  -1107.06  3.58511  3.58511  0.55
core.pack.task: Packer task: initialize from command line() 
core.pack.pack_rotamers: built 7021 rotamers at 492 positions.
core.pack.interaction_graph.interaction_graph_factory: Instantiating DensePDInteractionGraph
protocols.relax.FastRelax: CMD: repack  -1109.53  3.58511  3.58511  0.55
protocols.relax.FastRelax: CMD: min  -1162.25  3.52745  3.52745  0.55
protocols.relax.FastRelax: MRP: 5  -1162.25  -1162.25  3.52745  3.52745  
protocols.relax.FastRelax: CMD: accept_to_best  -1162.25  3.52745  3.52745  0.55
protocols.relax.FastRelax: CMD: endrepeat  -1162.25  3.52745  3.52745  0.55
protocols.relax.FastRelax: CMD: coord_cst_weight  64595.8  3.52745  3.52745  0.55
protocols.relax.FastRelax: CMD: scale:fa_rep  64264.6  3.52745  3.52745  0.022
core.pack.task: Packer task: initialize from command line() 
core.pack.pack_rotamers: built 7702 rotamers at 492 positions.
core.pack.interaction_graph.interaction_graph_factory: Instantiating DensePDInteractionGraph
protocols.relax.FastRelax: CMD: repack  64246.5  3.52745  3.52745  0.022
protocols.relax.FastRelax: CMD: scale:fa_rep  64253  3.52745  3.52745  0.02805
core.optimization.Minimizer: [ WARNING ] LBFGS MAX CYCLES 2000 EXCEEDED, BUT FUNC NOT CONVERGED!
protocols.relax.FastRelax: CMD: min  -1273.44  0.178308  0.178308  0.02805
protocols.relax.FastRelax: CMD: coord_cst_weight  -1343.84  0.178308  0.178308  0.02805
protocols.relax.FastRelax: CMD: scale:fa_rep  -1022.07  0.178308  0.178308  0.14575
core.pack.task: Packer task: initialize from command line() 
core.pack.pack_rotamers: built 7379 rotamers at 492 positions.
core.pack.interaction_graph.interaction_graph_factory: Instantiating DensePDInteractionGraph
protocols.relax.FastRelax: CMD: repack  -1057.33  0.178308  0.178308  0.14575
protocols.relax.FastRelax: CMD: scale:fa_rep  -1037.64  0.178308  0.178308  0.154
protocols.relax.FastRelax: CMD: min  -1188.91  0.230426  0.230426  0.154
protocols.relax.FastRelax: CMD: coord_cst_weight  -1305.83  0.230426  0.230426  0.154
protocols.relax.FastRelax: CMD: scale:fa_rep  -1127.25  0.230426  0.230426  0.30745
core.pack.task: Packer task: initialize from command line() 
core.pack.pack_rotamers: built 7113 rotamers at 492 positions.
core.pack.interaction_graph.interaction_graph_factory: Instantiating DensePDInteractionGraph
protocols.relax.FastRelax: CMD: repack  -1127.54  0.230426  0.230426  0.30745
protocols.relax.FastRelax: CMD: scale:fa_rep  -1113.61  0.230426  0.230426  0.31955
protocols.relax.FastRelax: CMD: min  -1314.69  3.49513  3.49513  0.31955
protocols.relax.FastRelax: CMD: coord_cst_weight  -1314.69  3.49513  3.49513  0.31955
protocols.relax.FastRelax: CMD: scale:fa_rep  -1107.68  3.49513  3.49513  0.55
core.pack.task: Packer task: initialize from command line() 
core.pack.pack_rotamers: built 7028 rotamers at 492 positions.
core.pack.interaction_graph.interaction_graph_factory: Instantiating DensePDInteractionGraph
protocols.relax.FastRelax: CMD: repack  -1110.8  3.49513  3.49513  0.55
protocols.relax.FastRelax: CMD: min  -1165.38  3.55632  3.55632  0.55
protocols.relax.FastRelax: MRP: 6  -1165.38  -1165.38  3.55632  3.55632  
protocols.relax.FastRelax: CMD: accept_to_best  -1165.38  3.55632  3.55632  0.55
protocols.relax.FastRelax: CMD: endrepeat  -1165.38  3.55632  3.55632  0.55
protocols.relax.FastRelax: CMD: coord_cst_weight  64859.8  3.55632  3.55632  0.55
protocols.relax.FastRelax: CMD: scale:fa_rep  64530.1  3.55632  3.55632  0.022
core.pack.task: Packer task: initialize from command line() 
core.pack.pack_rotamers: built 7712 rotamers at 492 positions.
core.pack.interaction_graph.interaction_graph_factory: Instantiating DensePDInteractionGraph
protocols.relax.FastRelax: CMD: repack  64518.8  3.55632  3.55632  0.022
protocols.relax.FastRelax: CMD: scale:fa_rep  64524.5  3.55632  3.55632  0.02805
core.optimization.Minimizer: [ WARNING ] LBFGS MAX CYCLES 2000 EXCEEDED, BUT FUNC NOT CONVERGED!
protocols.relax.FastRelax: CMD: min  -1268.33  0.178919  0.178919  0.02805
protocols.relax.FastRelax: CMD: coord_cst_weight  -1339.83  0.178919  0.178919  0.02805
protocols.relax.FastRelax: CMD: scale:fa_rep  -1026.59  0.178919  0.178919  0.14575
core.pack.task: Packer task: initialize from command line() 
core.pack.pack_rotamers: built 7354 rotamers at 492 positions.
core.pack.interaction_graph.interaction_graph_factory: Instantiating DensePDInteractionGraph
protocols.relax.FastRelax: CMD: repack  -1063.17  0.178919  0.178919  0.14575
protocols.relax.FastRelax: CMD: scale:fa_rep  -1044.12  0.178919  0.178919  0.154
protocols.relax.FastRelax: CMD: min  -1186.54  0.228535  0.228535  0.154
protocols.relax.FastRelax: CMD: coord_cst_weight  -1303.16  0.228535  0.228535  0.154
protocols.relax.FastRelax: CMD: scale:fa_rep  -1124.29  0.228535  0.228535  0.30745
core.pack.task: Packer task: initialize from command line() 
core.pack.pack_rotamers: built 7091 rotamers at 492 positions.
core.pack.interaction_graph.interaction_graph_factory: Instantiating DensePDInteractionGraph
protocols.relax.FastRelax: CMD: repack  -1125.08  0.228535  0.228535  0.30745
protocols.relax.FastRelax: CMD: scale:fa_rep  -1111.05  0.228535  0.228535  0.31955
protocols.relax.FastRelax: CMD: min  -1314.05  3.91464  3.91464  0.31955
protocols.relax.FastRelax: CMD: coord_cst_weight  -1314.05  3.91464  3.91464  0.31955
protocols.relax.FastRelax: CMD: scale:fa_rep  -1109.92  3.91464  3.91464  0.55
core.pack.task: Packer task: initialize from command line() 
core.pack.pack_rotamers: built 7001 rotamers at 492 positions.
core.pack.interaction_graph.interaction_graph_factory: Instantiating DensePDInteractionGraph
protocols.relax.FastRelax: CMD: repack  -1113.7  3.91464  3.91464  0.55
protocols.relax.FastRelax: CMD: min  -1162.23  4.11024  4.11024  0.55
protocols.relax.FastRelax: MRP: 7  -1162.23  -1165.38  3.55632  3.55632  
protocols.relax.FastRelax: CMD: accept_to_best  -1162.23  4.11024  4.11024  0.55
protocols.relax.FastRelax: CMD: endrepeat  -1162.23  4.11024  4.11024  0.55
protocols.relax.FastRelax: CMD: coord_cst_weight  95797.8  4.11024  4.11024  0.55
protocols.relax.FastRelax: CMD: scale:fa_rep  95468.3  4.11024  4.11024  0.022
core.pack.task: Packer task: initialize from command line() 
core.pack.pack_rotamers: built 7696 rotamers at 492 positions.
core.pack.interaction_graph.interaction_graph_factory: Instantiating DensePDInteractionGraph
protocols.relax.FastRelax: CMD: repack  95453.4  4.11024  4.11024  0.022
protocols.relax.FastRelax: CMD: scale:fa_rep  95459.2  4.11024  4.11024  0.02805
core.optimization.Minimizer: [ WARNING ] LBFGS MAX CYCLES 2000 EXCEEDED, BUT FUNC NOT CONVERGED!
protocols.relax.FastRelax: CMD: min  -1260.42  0.184623  0.184623  0.02805
protocols.relax.FastRelax: CMD: coord_cst_weight  -1335.54  0.184623  0.184623  0.02805
protocols.relax.FastRelax: CMD: scale:fa_rep  -1020.31  0.184623  0.184623  0.14575
core.pack.task: Packer task: initialize from command line() 
core.pack.pack_rotamers: built 7341 rotamers at 492 positions.
core.pack.interaction_graph.interaction_graph_factory: Instantiating DensePDInteractionGraph
protocols.relax.FastRelax: CMD: repack  -1051.48  0.184623  0.184623  0.14575
protocols.relax.FastRelax: CMD: scale:fa_rep  -1031.85  0.184623  0.184623  0.154
protocols.relax.FastRelax: CMD: min  -1184.28  0.228381  0.228381  0.154
protocols.relax.FastRelax: CMD: coord_cst_weight  -1300.95  0.228381  0.228381  0.154
protocols.relax.FastRelax: CMD: scale:fa_rep  -1119.79  0.228381  0.228381  0.30745
core.pack.task: Packer task: initialize from command line() 
core.pack.pack_rotamers: built 7127 rotamers at 492 positions.
core.pack.interaction_graph.interaction_graph_factory: Instantiating DensePDInteractionGraph
protocols.relax.FastRelax: CMD: repack  -1120.78  0.228381  0.228381  0.30745
protocols.relax.FastRelax: CMD: scale:fa_rep  -1106.62  0.228381  0.228381  0.31955
protocols.relax.FastRelax: CMD: min  -1307.38  4.6553  4.6553  0.31955
protocols.relax.FastRelax: CMD: coord_cst_weight  -1307.38  4.6553  4.6553  0.31955
protocols.relax.FastRelax: CMD: scale:fa_rep  -1103.51  4.6553  4.6553  0.55
core.pack.task: Packer task: initialize from command line() 
core.pack.pack_rotamers: built 6981 rotamers at 492 positions.
core.pack.interaction_graph.interaction_graph_factory: Instantiating DensePDInteractionGraph
protocols.relax.FastRelax: CMD: repack  -1109.16  4.6553  4.6553  0.55
protocols.relax.FastRelax: CMD: min  -1159.88  4.4173  4.4173  0.55
protocols.relax.FastRelax: MRP: 8  -1159.88  -1165.38  3.55632  3.55632  
protocols.relax.FastRelax: CMD: accept_to_best  -1159.88  4.4173  4.4173  0.55
protocols.relax.FastRelax: CMD: endrepeat  -1159.88  4.4173  4.4173  0.55
protocols.relax.FastRelax: CMD: coord_cst_weight  107195  4.4173  4.4173  0.55
protocols.relax.FastRelax: CMD: scale:fa_rep  106869  4.4173  4.4173  0.022
core.pack.task: Packer task: initialize from command line() 
core.pack.pack_rotamers: built 7759 rotamers at 492 positions.
core.pack.interaction_graph.interaction_graph_factory: Instantiating DensePDInteractionGraph
protocols.relax.FastRelax: CMD: repack  106857  4.4173  4.4173  0.022
protocols.relax.FastRelax: CMD: scale:fa_rep  106866  4.4173  4.4173  0.02805
core.optimization.Minimizer: [ WARNING ] LBFGS MAX CYCLES 2000 EXCEEDED, BUT FUNC NOT CONVERGED!
protocols.relax.FastRelax: CMD: min  -1260.26  0.182823  0.182823  0.02805
protocols.relax.FastRelax: CMD: coord_cst_weight  -1335.44  0.182823  0.182823  0.02805
protocols.relax.FastRelax: CMD: scale:fa_rep  -1019.99  0.182823  0.182823  0.14575
core.pack.task: Packer task: initialize from command line() 
core.pack.pack_rotamers: built 7290 rotamers at 492 positions.
core.pack.interaction_graph.interaction_graph_factory: Instantiating DensePDInteractionGraph
protocols.relax.FastRelax: CMD: repack  -1064.85  0.182823  0.182823  0.14575
protocols.relax.FastRelax: CMD: scale:fa_rep  -1045.97  0.182823  0.182823  0.154
protocols.relax.FastRelax: CMD: min  -1194.94  0.229365  0.229365  0.154
protocols.relax.FastRelax: CMD: coord_cst_weight  -1312.02  0.229365  0.229365  0.154
protocols.relax.FastRelax: CMD: scale:fa_rep  -1131.89  0.229365  0.229365  0.30745
core.pack.task: Packer task: initialize from command line() 
core.pack.pack_rotamers: built 7069 rotamers at 492 positions.
core.pack.interaction_graph.interaction_graph_factory: Instantiating DensePDInteractionGraph
protocols.relax.FastRelax: CMD: repack  -1132.64  0.229365  0.229365  0.30745
protocols.relax.FastRelax: CMD: scale:fa_rep  -1118.55  0.229365  0.229365  0.31955
protocols.relax.FastRelax: CMD: min  -1171.7  4.88749  4.88749  0.31955
protocols.relax.FastRelax: CMD: coord_cst_weight  -1171.7  4.88749  4.88749  0.31955
protocols.relax.FastRelax: CMD: scale:fa_rep  -860.224  4.88749  4.88749  0.55
core.pack.task: Packer task: initialize from command line() 
core.pack.pack_rotamers: built 6978 rotamers at 492 positions.
core.pack.interaction_graph.interaction_graph_factory: Instantiating DensePDInteractionGraph
protocols.relax.FastRelax: CMD: repack  -1096.48  4.88749  4.88749  0.55
protocols.relax.FastRelax: CMD: min  -1154.83  4.66427  4.66427  0.55
protocols.relax.FastRelax: MRP: 9  -1154.83  -1165.38  3.55632  3.55632  
protocols.relax.FastRelax: CMD: accept_to_best  -1154.83  4.66427  4.66427  0.55
protocols.relax.FastRelax: CMD: endrepeat  -1154.83  4.66427  4.66427  0.55
protocols.relax.FastRelax: CMD: coord_cst_weight  101478  4.66427  4.66427  0.55
protocols.relax.FastRelax: CMD: scale:fa_rep  101142  4.66427  4.66427  0.022
core.pack.task: Packer task: initialize from command line() 
core.pack.pack_rotamers: built 7732 rotamers at 492 positions.
core.pack.interaction_graph.interaction_graph_factory: Instantiating DensePDInteractionGraph
protocols.relax.FastRelax: CMD: repack  101133  4.66427  4.66427  0.022
protocols.relax.FastRelax: CMD: scale:fa_rep  101141  4.66427  4.66427  0.02805
core.optimization.Minimizer: [ WARNING ] LBFGS MAX CYCLES 2000 EXCEEDED, BUT FUNC NOT CONVERGED!
protocols.relax.FastRelax: CMD: min  -1258.75  0.180905  0.180905  0.02805
protocols.relax.FastRelax: CMD: coord_cst_weight  -1332.46  0.180905  0.180905  0.02805
protocols.relax.FastRelax: CMD: scale:fa_rep  -1013.81  0.180905  0.180905  0.14575
core.pack.task: Packer task: initialize from command line() 
core.pack.pack_rotamers: built 7293 rotamers at 492 positions.
core.pack.interaction_graph.interaction_graph_factory: Instantiating DensePDInteractionGraph
protocols.relax.FastRelax: CMD: repack  -1053.52  0.180905  0.180905  0.14575
protocols.relax.FastRelax: CMD: scale:fa_rep  -1033.68  0.180905  0.180905  0.154
protocols.relax.FastRelax: CMD: min  -1186.97  0.228741  0.228741  0.154
protocols.relax.FastRelax: CMD: coord_cst_weight  -1304.27  0.228741  0.228741  0.154
protocols.relax.FastRelax: CMD: scale:fa_rep  -1125.07  0.228741  0.228741  0.30745
core.pack.task: Packer task: initialize from command line() 
core.pack.pack_rotamers: built 7106 rotamers at 492 positions.
core.pack.interaction_graph.interaction_graph_factory: Instantiating DensePDInteractionGraph
protocols.relax.FastRelax: CMD: repack  -1125.45  0.228741  0.228741  0.30745
protocols.relax.FastRelax: CMD: scale:fa_rep  -1111.42  0.228741  0.228741  0.31955
protocols.relax.FastRelax: CMD: min  -1323.91  4.15519  4.15519  0.31955
protocols.relax.FastRelax: CMD: coord_cst_weight  -1323.91  4.15519  4.15519  0.31955
protocols.relax.FastRelax: CMD: scale:fa_rep  -1120.46  4.15519  4.15519  0.55
core.pack.task: Packer task: initialize from command line() 
core.pack.pack_rotamers: built 6961 rotamers at 492 positions.
core.pack.interaction_graph.interaction_graph_factory: Instantiating DensePDInteractionGraph
protocols.relax.FastRelax: CMD: repack  -1128.26  4.15519  4.15519  0.55
protocols.relax.FastRelax: CMD: min  -1184.37  4.08629  4.08629  0.55
protocols.relax.FastRelax: MRP: 10  -1184.37  -1184.37  4.08629  4.08629  
protocols.relax.FastRelax: CMD: accept_to_best  -1184.37  4.08629  4.08629  0.55
protocols.relax.FastRelax: CMD: endrepeat  -1184.37  4.08629  4.08629  0.55
protocols.relax.FastRelax: CMD: coord_cst_weight  83919.1  4.08629  4.08629  0.55
protocols.relax.FastRelax: CMD: scale:fa_rep  83593.2  4.08629  4.08629  0.022
core.pack.task: Packer task: initialize from command line() 
core.pack.pack_rotamers: built 7799 rotamers at 492 positions.
core.pack.interaction_graph.interaction_graph_factory: Instantiating DensePDInteractionGraph
protocols.relax.FastRelax: CMD: repack  83575.2  4.08629  4.08629  0.022
protocols.relax.FastRelax: CMD: scale:fa_rep  83581.5  4.08629  4.08629  0.02805
core.optimization.Minimizer: [ WARNING ] LBFGS MAX CYCLES 2000 EXCEEDED, BUT FUNC NOT CONVERGED!
protocols.relax.FastRelax: CMD: min  -1245.92  0.187899  0.187899  0.02805
protocols.relax.FastRelax: CMD: coord_cst_weight  -1327.14  0.187899  0.187899  0.02805
protocols.relax.FastRelax: CMD: scale:fa_rep  -985.153  0.187899  0.187899  0.14575
core.pack.task: Packer task: initialize from command line() 
core.pack.pack_rotamers: built 7291 rotamers at 492 positions.
core.pack.interaction_graph.interaction_graph_factory: Instantiating DensePDInteractionGraph
protocols.relax.FastRelax: CMD: repack  -1044.39  0.187899  0.187899  0.14575
protocols.relax.FastRelax: CMD: scale:fa_rep  -1024.47  0.187899  0.187899  0.154
protocols.relax.FastRelax: CMD: min  -1179.82  0.226181  0.226181  0.154
protocols.relax.FastRelax: CMD: coord_cst_weight  -1296.61  0.226181  0.226181  0.154
protocols.relax.FastRelax: CMD: scale:fa_rep  -1116.04  0.226181  0.226181  0.30745
core.pack.task: Packer task: initialize from command line() 
core.pack.pack_rotamers: built 7104 rotamers at 492 positions.
core.pack.interaction_graph.interaction_graph_factory: Instantiating DensePDInteractionGraph
protocols.relax.FastRelax: CMD: repack  -1116.55  0.226181  0.226181  0.30745
protocols.relax.FastRelax: CMD: scale:fa_rep  -1102.39  0.226181  0.226181  0.31955
protocols.relax.FastRelax: CMD: min  -1317.23  3.77682  3.77682  0.31955
protocols.relax.FastRelax: CMD: coord_cst_weight  -1317.23  3.77682  3.77682  0.31955
protocols.relax.FastRelax: CMD: scale:fa_rep  -1115.04  3.77682  3.77682  0.55
core.pack.task: Packer task: initialize from command line() 
core.pack.pack_rotamers: built 6988 rotamers at 492 positions.
core.pack.interaction_graph.interaction_graph_factory: Instantiating DensePDInteractionGraph
protocols.relax.FastRelax: CMD: repack  -1121.46  3.77682  3.77682  0.55
protocols.relax.FastRelax: CMD: min  -1185.56  4.09394  4.09394  0.55
protocols.relax.FastRelax: MRP: 11  -1185.56  -1185.56  4.09394  4.09394  
protocols.relax.FastRelax: CMD: accept_to_best  -1185.56  4.09394  4.09394  0.55
protocols.relax.FastRelax: CMD: endrepeat  -1185.56  4.09394  4.09394  0.55
protocols.relax.FastRelax: CMD: coord_cst_weight  97945.1  4.09394  4.09394  0.55
protocols.relax.FastRelax: CMD: scale:fa_rep  97619.5  4.09394  4.09394  0.022
core.pack.task: Packer task: initialize from command line() 
core.pack.pack_rotamers: built 7745 rotamers at 492 positions.
core.pack.interaction_graph.interaction_graph_factory: Instantiating DensePDInteractionGraph
protocols.relax.FastRelax: CMD: repack  97612.3  4.09394  4.09394  0.022
protocols.relax.FastRelax: CMD: scale:fa_rep  97620.1  4.09394  4.09394  0.02805
core.optimization.Minimizer: [ WARNING ] LBFGS MAX CYCLES 2000 EXCEEDED, BUT FUNC NOT CONVERGED!
protocols.relax.FastRelax: CMD: min  -1229.56  0.191459  0.191459  0.02805
protocols.relax.FastRelax: CMD: coord_cst_weight  -1313.73  0.191459  0.191459  0.02805
protocols.relax.FastRelax: CMD: scale:fa_rep  -929.476  0.191459  0.191459  0.14575
core.pack.task: Packer task: initialize from command line() 
core.pack.pack_rotamers: built 7306 rotamers at 492 positions.
core.pack.interaction_graph.interaction_graph_factory: Instantiating DensePDInteractionGraph
protocols.relax.FastRelax: CMD: repack  -1034.66  0.191459  0.191459  0.14575
protocols.relax.FastRelax: CMD: scale:fa_rep  -1014.32  0.191459  0.191459  0.154
protocols.relax.FastRelax: CMD: min  -1182.78  0.227463  0.227463  0.154
protocols.relax.FastRelax: CMD: coord_cst_weight  -1300.46  0.227463  0.227463  0.154
protocols.relax.FastRelax: CMD: scale:fa_rep  -1118.42  0.227463  0.227463  0.30745
core.pack.task: Packer task: initialize from command line() 
core.pack.pack_rotamers: built 7102 rotamers at 492 positions.
core.pack.interaction_graph.interaction_graph_factory: Instantiating DensePDInteractionGraph
protocols.relax.FastRelax: CMD: repack  -1118.93  0.227463  0.227463  0.30745
protocols.relax.FastRelax: CMD: scale:fa_rep  -1104.71  0.227463  0.227463  0.31955
protocols.relax.FastRelax: CMD: min  -1321.93  3.95499  3.95499  0.31955
protocols.relax.FastRelax: CMD: coord_cst_weight  -1321.93  3.95499  3.95499  0.31955
protocols.relax.FastRelax: CMD: scale:fa_rep  -1119.23  3.95499  3.95499  0.55
core.pack.task: Packer task: initialize from command line() 
core.pack.pack_rotamers: built 6953 rotamers at 492 positions.
core.pack.interaction_graph.interaction_graph_factory: Instantiating DensePDInteractionGraph
protocols.relax.FastRelax: CMD: repack  -1127.77  3.95499  3.95499  0.55
protocols.relax.FastRelax: CMD: min  -1181.32  3.87911  3.87911  0.55
protocols.relax.FastRelax: MRP: 12  -1181.32  -1185.56  4.09394  4.09394  
protocols.relax.FastRelax: CMD: accept_to_best  -1181.32  3.87911  3.87911  0.55
protocols.relax.FastRelax: CMD: endrepeat  -1181.32  3.87911  3.87911  0.55
protocols.relax.FastRelax: CMD: coord_cst_weight  99659  3.87911  3.87911  0.55
protocols.relax.FastRelax: CMD: scale:fa_rep  99332.4  3.87911  3.87911  0.022
core.pack.task: Packer task: initialize from command line() 
core.pack.pack_rotamers: built 7762 rotamers at 492 positions.
core.pack.interaction_graph.interaction_graph_factory: Instantiating DensePDInteractionGraph
protocols.relax.FastRelax: CMD: repack  99315.5  3.87911  3.87911  0.022
protocols.relax.FastRelax: CMD: scale:fa_rep  99322.9  3.87911  3.87911  0.02805
core.optimization.Minimizer: [ WARNING ] LBFGS MAX CYCLES 2000 EXCEEDED, BUT FUNC NOT CONVERGED!
protocols.relax.FastRelax: CMD: min  -1251.18  0.180578  0.180578  0.02805
protocols.relax.FastRelax: CMD: coord_cst_weight  -1325.45  0.180578  0.180578  0.02805
protocols.relax.FastRelax: CMD: scale:fa_rep  -989.39  0.180578  0.180578  0.14575
core.pack.task: Packer task: initialize from command line() 
core.pack.pack_rotamers: built 7333 rotamers at 492 positions.
core.pack.interaction_graph.interaction_graph_factory: Instantiating DensePDInteractionGraph
protocols.relax.FastRelax: CMD: repack  -1047.17  0.180578  0.180578  0.14575
protocols.relax.FastRelax: CMD: scale:fa_rep  -1027.12  0.180578  0.180578  0.154
protocols.relax.FastRelax: CMD: min  -1186.07  0.22768  0.22768  0.154
protocols.relax.FastRelax: CMD: coord_cst_weight  -1302.36  0.22768  0.22768  0.154
protocols.relax.FastRelax: CMD: scale:fa_rep  -1120.57  0.22768  0.22768  0.30745
core.pack.task: Packer task: initialize from command line() 
core.pack.pack_rotamers: built 7105 rotamers at 492 positions.
core.pack.interaction_graph.interaction_graph_factory: Instantiating DensePDInteractionGraph
protocols.relax.FastRelax: CMD: repack  -1120.55  0.22768  0.22768  0.30745
protocols.relax.FastRelax: CMD: scale:fa_rep  -1106.32  0.22768  0.22768  0.31955
protocols.relax.FastRelax: CMD: min  -1325.94  3.85804  3.85804  0.31955
protocols.relax.FastRelax: CMD: coord_cst_weight  -1325.94  3.85804  3.85804  0.31955
protocols.relax.FastRelax: CMD: scale:fa_rep  -1125.12  3.85804  3.85804  0.55
core.pack.task: Packer task: initialize from command line() 
core.pack.pack_rotamers: built 7008 rotamers at 492 positions.
core.pack.interaction_graph.interaction_graph_factory: Instantiating DensePDInteractionGraph
protocols.relax.FastRelax: CMD: repack  -1113.61  3.85804  3.85804  0.55
protocols.relax.FastRelax: CMD: min  -1164.26  4.12719  4.12719  0.55
protocols.relax.FastRelax: MRP: 13  -1164.26  -1185.56  4.09394  4.09394  
protocols.relax.FastRelax: CMD: accept_to_best  -1164.26  4.12719  4.12719  0.55
protocols.relax.FastRelax: CMD: endrepeat  -1164.26  4.12719  4.12719  0.55
protocols.relax.FastRelax: CMD: coord_cst_weight  88605.6  4.12719  4.12719  0.55
protocols.relax.FastRelax: CMD: scale:fa_rep  88282.4  4.12719  4.12719  0.022
core.pack.task: Packer task: initialize from command line() 
core.pack.pack_rotamers: built 7755 rotamers at 492 positions.
core.pack.interaction_graph.interaction_graph_factory: Instantiating DensePDInteractionGraph
protocols.relax.FastRelax: CMD: repack  88252.9  4.12719  4.12719  0.022
protocols.relax.FastRelax: CMD: scale:fa_rep  88259  4.12719  4.12719  0.02805
core.optimization.Minimizer: [ WARNING ] LBFGS MAX CYCLES 2000 EXCEEDED, BUT FUNC NOT CONVERGED!
protocols.relax.FastRelax: CMD: min  -1239.09  0.190289  0.190289  0.02805
protocols.relax.FastRelax: CMD: coord_cst_weight  -1319.2  0.190289  0.190289  0.02805
protocols.relax.FastRelax: CMD: scale:fa_rep  -973.227  0.190289  0.190289  0.14575
core.pack.task: Packer task: initialize from command line() 
core.pack.pack_rotamers: built 7331 rotamers at 492 positions.
core.pack.interaction_graph.interaction_graph_factory: Instantiating DensePDInteractionGraph
protocols.relax.FastRelax: CMD: repack  -1030.3  0.190289  0.190289  0.14575
protocols.relax.FastRelax: CMD: scale:fa_rep  -1009.92  0.190289  0.190289  0.154
protocols.relax.FastRelax: CMD: min  -1189.48  0.229021  0.229021  0.154
protocols.relax.FastRelax: CMD: coord_cst_weight  -1306.34  0.229021  0.229021  0.154
protocols.relax.FastRelax: CMD: scale:fa_rep  -1129.3  0.229021  0.229021  0.30745
core.pack.task: Packer task: initialize from command line() 
core.pack.pack_rotamers: built 7123 rotamers at 492 positions.
core.pack.interaction_graph.interaction_graph_factory: Instantiating DensePDInteractionGraph
protocols.relax.FastRelax: CMD: repack  -1130.25  0.229021  0.229021  0.30745
protocols.relax.FastRelax: CMD: scale:fa_rep  -1116.39  0.229021  0.229021  0.31955
protocols.relax.FastRelax: CMD: min  -1318.86  4.12851  4.12851  0.31955
protocols.relax.FastRelax: CMD: coord_cst_weight  -1318.86  4.12851  4.12851  0.31955
protocols.relax.FastRelax: CMD: scale:fa_rep  -1117.98  4.12851  4.12851  0.55
core.pack.task: Packer task: initialize from command line() 
core.pack.pack_rotamers: built 7007 rotamers at 492 positions.
core.pack.interaction_graph.interaction_graph_factory: Instantiating DensePDInteractionGraph
protocols.relax.FastRelax: CMD: repack  -1120.43  4.12851  4.12851  0.55
protocols.relax.FastRelax: CMD: min  -1169.02  4.45251  4.45251  0.55
protocols.relax.FastRelax: MRP: 14  -1169.02  -1185.56  4.09394  4.09394  
protocols.relax.FastRelax: CMD: accept_to_best  -1169.02  4.45251  4.45251  0.55
protocols.relax.FastRelax: CMD: endrepeat  -1169.02  4.45251  4.45251  0.55
protocols::checkpoint: Deleting checkpoints of FastRelax
protocols.jd2.JobDistributor: target.BL00010001_10_0002 reported success in 14337 seconds
protocols.jd2.PDBJobInputter: PDBJobInputter::pose_from_job
protocols.jd2.PDBJobInputter: filling pose from PDB ../1-modeller/target.BL00010001.pdb
core.import_pose.import_pose: File '../1-modeller/target.BL00010001.pdb' automatically determined to be of type PDB from contents.
core.io.rcsb.ExperimentalTechnique: [ ERROR ] Unrecognized experimental technique string 'THEORETICAL MODEL, MODELLER 10.8 2026/08/10 16:18:02'
protocols.relax.FastRelax: CMD: repeat  4476.34  0  0  0.55
protocols.relax.FastRelax: CMD: coord_cst_weight  4476.34  0  0  0.55
protocols.relax.FastRelax: CMD: scale:fa_rep  806.987  0  0  0.022
core.pack.task: Packer task: initialize from command line() 
core.pack.pack_rotamers: built 8129 rotamers at 492 positions.
core.pack.interaction_graph.interaction_graph_factory: Instantiating DensePDInteractionGraph
protocols.relax.FastRelax: CMD: repack  -882.341  0  0  0.022
protocols.relax.FastRelax: CMD: scale:fa_rep  -844.93  0  0  0.02805
core.optimization.Minimizer: [ WARNING ] LBFGS MAX CYCLES 2000 EXCEEDED, BUT FUNC NOT CONVERGED!
protocols.relax.FastRelax: CMD: min  -1293.84  0.150472  0.150472  0.02805
protocols.relax.FastRelax: CMD: coord_cst_weight  -1341.37  0.150472  0.150472  0.02805
protocols.relax.FastRelax: CMD: scale:fa_rep  -965.382  0.150472  0.150472  0.14575
core.pack.task: Packer task: initialize from command line() 
core.pack.pack_rotamers: built 7410 rotamers at 492 positions.
core.pack.interaction_graph.interaction_graph_factory: Instantiating DensePDInteractionGraph
protocols.relax.FastRelax: CMD: repack  -996.727  0.150472  0.150472  0.14575
protocols.relax.FastRelax: CMD: scale:fa_rep  -975.008  0.150472  0.150472  0.154
protocols.relax.FastRelax: CMD: min  -1159.05  0.20588  0.20588  0.154
protocols.relax.FastRelax: CMD: coord_cst_weight  -1249.13  0.20588  0.20588  0.154
protocols.relax.FastRelax: CMD: scale:fa_rep  -1058.47  0.20588  0.20588  0.30745
core.pack.task: Packer task: initialize from command line() 
core.pack.pack_rotamers: built 7233 rotamers at 492 positions.
core.pack.interaction_graph.interaction_graph_factory: Instantiating DensePDInteractionGraph
protocols.relax.FastRelax: CMD: repack  -1053.7  0.20588  0.20588  0.30745
protocols.relax.FastRelax: CMD: scale:fa_rep  -1038.76  0.20588  0.20588  0.31955
protocols.relax.FastRelax: CMD: min  -1222.2  2.88446  2.88446  0.31955
protocols.relax.FastRelax: CMD: coord_cst_weight  -1222.2  2.88446  2.88446  0.31955
protocols.relax.FastRelax: CMD: scale:fa_rep  -1010.44  2.88446  2.88446  0.55
core.pack.task: Packer task: initialize from command line() 
core.pack.pack_rotamers: built 7034 rotamers at 492 positions.
core.pack.interaction_graph.interaction_graph_factory: Instantiating DensePDInteractionGraph
protocols.relax.FastRelax: CMD: repack  -1019.15  2.88446  2.88446  0.55
protocols.relax.FastRelax: CMD: min  -1089.35  2.99833  2.99833  0.55
protocols.relax.FastRelax: MRP: 0  -1089.35  -1089.35  2.99833  2.99833  
protocols.relax.FastRelax: CMD: accept_to_best  -1089.35  2.99833  2.99833  0.55
protocols.relax.FastRelax: CMD: endrepeat  -1089.35  2.99833  2.99833  0.55
protocols.relax.FastRelax: CMD: coord_cst_weight  71296.1  2.99833  2.99833  0.55
protocols.relax.FastRelax: CMD: scale:fa_rep  70964.9  2.99833  2.99833  0.022
core.pack.task: Packer task: initialize from command line() 
core.pack.pack_rotamers: built 7803 rotamers at 492 positions.
core.pack.interaction_graph.interaction_graph_factory: Instantiating DensePDInteractionGraph
protocols.relax.FastRelax: CMD: repack  70930.2  2.99833  2.99833  0.022
protocols.relax.FastRelax: CMD: scale:fa_rep  70939.2  2.99833  2.99833  0.02805
core.optimization.Minimizer: [ WARNING ] LBFGS MAX CYCLES 2000 EXCEEDED, BUT FUNC NOT CONVERGED!
protocols.relax.FastRelax: CMD: min  -1264.92  0.175343  0.175343  0.02805
protocols.relax.FastRelax: CMD: coord_cst_weight  -1330.01  0.175343  0.175343  0.02805
protocols.relax.FastRelax: CMD: scale:fa_rep  -999.987  0.175343  0.175343  0.14575
core.pack.task: Packer task: initialize from command line() 
core.pack.pack_rotamers: built 7366 rotamers at 492 positions.
core.pack.interaction_graph.interaction_graph_factory: Instantiating DensePDInteractionGraph
protocols.relax.FastRelax: CMD: repack  -1032.81  0.175343  0.175343  0.14575
protocols.relax.FastRelax: CMD: scale:fa_rep  -1012.77  0.175343  0.175343  0.154
protocols.relax.FastRelax: CMD: min  -1176.77  0.218119  0.218119  0.154
protocols.relax.FastRelax: CMD: coord_cst_weight  -1280.5  0.218119  0.218119  0.154
protocols.relax.FastRelax: CMD: scale:fa_rep  -1094.8  0.218119  0.218119  0.30745
core.pack.task: Packer task: initialize from command line() 
core.pack.pack_rotamers: built 7164 rotamers at 492 positions.
core.pack.interaction_graph.interaction_graph_factory: Instantiating DensePDInteractionGraph
protocols.relax.FastRelax: CMD: repack  -1094.23  0.218119  0.218119  0.30745
protocols.relax.FastRelax: CMD: scale:fa_rep  -1079.95  0.218119  0.218119  0.31955
protocols.relax.FastRelax: CMD: min  -1256.79  3.48788  3.48788  0.31955
protocols.relax.FastRelax: CMD: coord_cst_weight  -1256.79  3.48788  3.48788  0.31955
protocols.relax.FastRelax: CMD: scale:fa_rep  -1047.94  3.48788  3.48788  0.55
core.pack.task: Packer task: initialize from command line() 
core.pack.pack_rotamers: built 7012 rotamers at 492 positions.
core.pack.interaction_graph.interaction_graph_factory: Instantiating DensePDInteractionGraph
protocols.relax.FastRelax: CMD: repack  -1050.82  3.48788  3.48788  0.55
protocols.relax.FastRelax: CMD: min  -1111.86  3.60176  3.60176  0.55
protocols.relax.FastRelax: MRP: 1  -1111.86  -1111.86  3.60176  3.60176  
protocols.relax.FastRelax: CMD: accept_to_best  -1111.86  3.60176  3.60176  0.55
protocols.relax.FastRelax: CMD: endrepeat  -1111.86  3.60176  3.60176  0.55
protocols.relax.FastRelax: CMD: coord_cst_weight  66396.2  3.60176  3.60176  0.55
protocols.relax.FastRelax: CMD: scale:fa_rep  66066.8  3.60176  3.60176  0.022
core.pack.task: Packer task: initialize from command line() 
core.pack.pack_rotamers: built 7745 rotamers at 492 positions.
core.pack.interaction_graph.interaction_graph_factory: Instantiating DensePDInteractionGraph
protocols.relax.FastRelax: CMD: repack  66056.8  3.60176  3.60176  0.022
protocols.relax.FastRelax: CMD: scale:fa_rep  66065.1  3.60176  3.60176  0.02805
core.optimization.Minimizer: [ WARNING ] LBFGS MAX CYCLES 2000 EXCEEDED, BUT FUNC NOT CONVERGED!
protocols.relax.FastRelax: CMD: min  -1264.58  0.180904  0.180904  0.02805
protocols.relax.FastRelax: CMD: coord_cst_weight  -1335.35  0.180904  0.180904  0.02805
protocols.relax.FastRelax: CMD: scale:fa_rep  -1006.8  0.180904  0.180904  0.14575
core.pack.task: Packer task: initialize from command line() 
core.pack.pack_rotamers: built 7390 rotamers at 492 positions.
core.pack.interaction_graph.interaction_graph_factory: Instantiating DensePDInteractionGraph
protocols.relax.FastRelax: CMD: repack  -1050.03  0.180904  0.180904  0.14575
protocols.relax.FastRelax: CMD: scale:fa_rep  -1030.33  0.180904  0.180904  0.154
protocols.relax.FastRelax: CMD: min  -1182.57  0.219724  0.219724  0.154
protocols.relax.FastRelax: CMD: coord_cst_weight  -1288.55  0.219724  0.219724  0.154
protocols.relax.FastRelax: CMD: scale:fa_rep  -1105.03  0.219724  0.219724  0.30745
core.pack.task: Packer task: initialize from command line() 
core.pack.pack_rotamers: built 7184 rotamers at 492 positions.
core.pack.interaction_graph.interaction_graph_factory: Instantiating DensePDInteractionGraph
protocols.relax.FastRelax: CMD: repack  -1101.01  0.219724  0.219724  0.30745
protocols.relax.FastRelax: CMD: scale:fa_rep  -1086.72  0.219724  0.219724  0.31955
protocols.relax.FastRelax: CMD: min  -1003.52  3.82114  3.82114  0.31955
protocols.relax.FastRelax: CMD: coord_cst_weight  -1003.52  3.82114  3.82114  0.31955
protocols.relax.FastRelax: CMD: scale:fa_rep  -597.082  3.82114  3.82114  0.55
core.pack.task: Packer task: initialize from command line() 
core.pack.pack_rotamers: built 6968 rotamers at 492 positions.
core.pack.interaction_graph.interaction_graph_factory: Instantiating DensePDInteractionGraph
protocols.relax.FastRelax: CMD: repack  -1065.63  3.82114  3.82114  0.55
protocols.relax.FastRelax: CMD: min  -1127.33  3.75289  3.75289  0.55
protocols.relax.FastRelax: MRP: 2  -1127.33  -1127.33  3.75289  3.75289  
protocols.relax.FastRelax: CMD: accept_to_best  -1127.33  3.75289  3.75289  0.55
protocols.relax.FastRelax: CMD: endrepeat  -1127.33  3.75289  3.75289  0.55
protocols.relax.FastRelax: CMD: coord_cst_weight  60550  3.75289  3.75289  0.55
protocols.relax.FastRelax: CMD: scale:fa_rep  60215.7  3.75289  3.75289  0.022
core.pack.task: Packer task: initialize from command line() 
core.pack.pack_rotamers: built 7781 rotamers at 492 positions.
core.pack.interaction_graph.interaction_graph_factory: Instantiating DensePDInteractionGraph
protocols.relax.FastRelax: CMD: repack  60204.5  3.75289  3.75289  0.022
protocols.relax.FastRelax: CMD: scale:fa_rep  60210.6  3.75289  3.75289  0.02805
core.optimization.Minimizer: [ WARNING ] LBFGS MAX CYCLES 2000 EXCEEDED, BUT FUNC NOT CONVERGED!
protocols.relax.FastRelax: CMD: min  -1284.63  0.176921  0.176921  0.02805
protocols.relax.FastRelax: CMD: coord_cst_weight  -1353.92  0.176921  0.176921  0.02805
protocols.relax.FastRelax: CMD: scale:fa_rep  -1034.83  0.176921  0.176921  0.14575
core.pack.task: Packer task: initialize from command line() 
core.pack.pack_rotamers: built 7374 rotamers at 492 positions.
core.pack.interaction_graph.interaction_graph_factory: Instantiating DensePDInteractionGraph
protocols.relax.FastRelax: CMD: repack  -1057.97  0.176921  0.176921  0.14575
protocols.relax.FastRelax: CMD: scale:fa_rep  -1038  0.176921  0.176921  0.154
protocols.relax.FastRelax: CMD: min  -1195.21  0.22235  0.22235  0.154
protocols.relax.FastRelax: CMD: coord_cst_weight  -1303.84  0.22235  0.22235  0.154
protocols.relax.FastRelax: CMD: scale:fa_rep  -1120.5  0.22235  0.22235  0.30745
core.pack.task: Packer task: initialize from command line() 
core.pack.pack_rotamers: built 7153 rotamers at 492 positions.
core.pack.interaction_graph.interaction_graph_factory: Instantiating DensePDInteractionGraph
protocols.relax.FastRelax: CMD: repack  -1122.77  0.22235  0.22235  0.30745
protocols.relax.FastRelax: CMD: scale:fa_rep  -1108.59  0.22235  0.22235  0.31955
protocols.relax.FastRelax: CMD: min  -1072.7  3.73949  3.73949  0.31955
protocols.relax.FastRelax: CMD: coord_cst_weight  -1072.7  3.73949  3.73949  0.31955
protocols.relax.FastRelax: CMD: scale:fa_rep  -703.325  3.73949  3.73949  0.55
core.pack.task: Packer task: initialize from command line() 
core.pack.pack_rotamers: built 6990 rotamers at 492 positions.
core.pack.interaction_graph.interaction_graph_factory: Instantiating DensePDInteractionGraph
protocols.relax.FastRelax: CMD: repack  -888.004  3.73949  3.73949  0.55
protocols.relax.FastRelax: CMD: min  -1137.7  3.47965  3.47965  0.55
protocols.relax.FastRelax: MRP: 3  -1137.7  -1137.7  3.47965  3.47965  
protocols.relax.FastRelax: CMD: accept_to_best  -1137.7  3.47965  3.47965  0.55
protocols.relax.FastRelax: CMD: endrepeat  -1137.7  3.47965  3.47965  0.55
protocols.relax.FastRelax: CMD: coord_cst_weight  61884.2  3.47965  3.47965  0.55
protocols.relax.FastRelax: CMD: scale:fa_rep  61552.2  3.47965  3.47965  0.022
core.pack.task: Packer task: initialize from command line() 
core.pack.pack_rotamers: built 7750 rotamers at 492 positions.
core.pack.interaction_graph.interaction_graph_factory: Instantiating DensePDInteractionGraph
protocols.relax.FastRelax: CMD: repack  61546.1  3.47965  3.47965  0.022
protocols.relax.FastRelax: CMD: scale:fa_rep  61554.6  3.47965  3.47965  0.02805
core.optimization.Minimizer: [ WARNING ] LBFGS MAX CYCLES 2000 EXCEEDED, BUT FUNC NOT CONVERGED!
protocols.relax.FastRelax: CMD: min  -1278.21  0.179363  0.179363  0.02805
protocols.relax.FastRelax: CMD: coord_cst_weight  -1347.92  0.179363  0.179363  0.02805
protocols.relax.FastRelax: CMD: scale:fa_rep  -1011.84  0.179363  0.179363  0.14575
core.pack.task: Packer task: initialize from command line() 
core.pack.pack_rotamers: built 7340 rotamers at 492 positions.
core.pack.interaction_graph.interaction_graph_factory: Instantiating DensePDInteractionGraph
protocols.relax.FastRelax: CMD: repack  -1046.55  0.179363  0.179363  0.14575
protocols.relax.FastRelax: CMD: scale:fa_rep  -1025.46  0.179363  0.179363  0.154
protocols.relax.FastRelax: CMD: min  -1190.72  0.224827  0.224827  0.154
protocols.relax.FastRelax: CMD: coord_cst_weight  -1301.31  0.224827  0.224827  0.154
protocols.relax.FastRelax: CMD: scale:fa_rep  -1115.74  0.224827  0.224827  0.30745
core.pack.task: Packer task: initialize from command line() 
core.pack.pack_rotamers: built 7126 rotamers at 492 positions.
core.pack.interaction_graph.interaction_graph_factory: Instantiating DensePDInteractionGraph
protocols.relax.FastRelax: CMD: repack  -1112.55  0.224827  0.224827  0.30745
protocols.relax.FastRelax: CMD: scale:fa_rep  -1098.16  0.224827  0.224827  0.31955
protocols.relax.FastRelax: CMD: min  -1283.11  3.29356  3.29356  0.31955
protocols.relax.FastRelax: CMD: coord_cst_weight  -1283.11  3.29356  3.29356  0.31955
protocols.relax.FastRelax: CMD: scale:fa_rep  -1072.98  3.29356  3.29356  0.55
core.pack.task: Packer task: initialize from command line() 
core.pack.pack_rotamers: built 6974 rotamers at 492 positions.
core.pack.interaction_graph.interaction_graph_factory: Instantiating DensePDInteractionGraph
protocols.relax.FastRelax: CMD: repack  -1078.89  3.29356  3.29356  0.55
protocols.relax.FastRelax: CMD: min  -1142.34  3.68137  3.68137  0.55
protocols.relax.FastRelax: MRP: 4  -1142.34  -1142.34  3.68137  3.68137  
protocols.relax.FastRelax: CMD: accept_to_best  -1142.34  3.68137  3.68137  0.55
protocols.relax.FastRelax: CMD: endrepeat  -1142.34  3.68137  3.68137  0.55
protocols.relax.FastRelax: CMD: coord_cst_weight  72289.6  3.68137  3.68137  0.55
protocols.relax.FastRelax: CMD: scale:fa_rep  71960.7  3.68137  3.68137  0.022
core.pack.task: Packer task: initialize from command line() 
core.pack.pack_rotamers: built 7722 rotamers at 492 positions.
core.pack.interaction_graph.interaction_graph_factory: Instantiating DensePDInteractionGraph
protocols.relax.FastRelax: CMD: repack  71938  3.68137  3.68137  0.022
protocols.relax.FastRelax: CMD: scale:fa_rep  71949.2  3.68137  3.68137  0.02805
core.optimization.Minimizer: [ WARNING ] LBFGS MAX CYCLES 2000 EXCEEDED, BUT FUNC NOT CONVERGED!
protocols.relax.FastRelax: CMD: min  -1265.83  0.189355  0.189355  0.02805
protocols.relax.FastRelax: CMD: coord_cst_weight  -1342.33  0.189355  0.189355  0.02805
protocols.relax.FastRelax: CMD: scale:fa_rep  -969.608  0.189355  0.189355  0.14575
core.pack.task: Packer task: initialize from command line() 
core.pack.pack_rotamers: built 7328 rotamers at 492 positions.
core.pack.interaction_graph.interaction_graph_factory: Instantiating DensePDInteractionGraph
protocols.relax.FastRelax: CMD: repack  -1043.45  0.189355  0.189355  0.14575
protocols.relax.FastRelax: CMD: scale:fa_rep  -1022.75  0.189355  0.189355  0.154
protocols.relax.FastRelax: CMD: min  -1187.32  0.226048  0.226048  0.154
protocols.relax.FastRelax: CMD: coord_cst_weight  -1298.39  0.226048  0.226048  0.154
protocols.relax.FastRelax: CMD: scale:fa_rep  -1114.99  0.226048  0.226048  0.30745
core.pack.task: Packer task: initialize from command line() 
core.pack.pack_rotamers: built 7137 rotamers at 492 positions.
core.pack.interaction_graph.interaction_graph_factory: Instantiating DensePDInteractionGraph
protocols.relax.FastRelax: CMD: repack  -1115.73  0.226048  0.226048  0.30745
protocols.relax.FastRelax: CMD: scale:fa_rep  -1101.36  0.226048  0.226048  0.31955
protocols.relax.FastRelax: CMD: min  -1293.14  4.1952  4.1952  0.31955
protocols.relax.FastRelax: CMD: coord_cst_weight  -1293.14  4.1952  4.1952  0.31955
protocols.relax.FastRelax: CMD: scale:fa_rep  -1085.1  4.1952  4.1952  0.55
core.pack.task: Packer task: initialize from command line() 
core.pack.pack_rotamers: built 7009 rotamers at 492 positions.
core.pack.interaction_graph.interaction_graph_factory: Instantiating DensePDInteractionGraph
protocols.relax.FastRelax: CMD: repack  -1088.01  4.1952  4.1952  0.55
protocols.relax.FastRelax: CMD: min  -1145.24  4.27715  4.27715  0.55
protocols.relax.FastRelax: MRP: 5  -1145.24  -1145.24  4.27715  4.27715  
protocols.relax.FastRelax: CMD: accept_to_best  -1145.24  4.27715  4.27715  0.55
protocols.relax.FastRelax: CMD: endrepeat  -1145.24  4.27715  4.27715  0.55
protocols.relax.FastRelax: CMD: coord_cst_weight  87370.8  4.27715  4.27715  0.55
protocols.relax.FastRelax: CMD: scale:fa_rep  87038.6  4.27715  4.27715  0.022
core.pack.task: Packer task: initialize from command line() 
core.pack.pack_rotamers: built 7734 rotamers at 492 positions.
core.pack.interaction_graph.interaction_graph_factory: Instantiating DensePDInteractionGraph
protocols.relax.FastRelax: CMD: repack  87022.7  4.27715  4.27715  0.022
protocols.relax.FastRelax: CMD: scale:fa_rep  87029.7  4.27715  4.27715  0.02805
core.optimization.Minimizer: [ WARNING ] LBFGS MAX CYCLES 2000 EXCEEDED, BUT FUNC NOT CONVERGED!
protocols.relax.FastRelax: CMD: min  -1270.47  0.186794  0.186794  0.02805
protocols.relax.FastRelax: CMD: coord_cst_weight  -1344.91  0.186794  0.186794  0.02805
protocols.relax.FastRelax: CMD: scale:fa_rep  -1011.94  0.186794  0.186794  0.14575
core.pack.task: Packer task: initialize from command line() 
core.pack.pack_rotamers: built 7357 rotamers at 492 positions.
core.pack.interaction_graph.interaction_graph_factory: Instantiating DensePDInteractionGraph
protocols.relax.FastRelax: CMD: repack  -1045.77  0.186794  0.186794  0.14575
protocols.relax.FastRelax: CMD: scale:fa_rep  -1025.02  0.186794  0.186794  0.154
protocols.relax.FastRelax: CMD: min  -1183.47  0.228665  0.228665  0.154
protocols.relax.FastRelax: CMD: coord_cst_weight  -1296.61  0.228665  0.228665  0.154
protocols.relax.FastRelax: CMD: scale:fa_rep  -1114.62  0.228665  0.228665  0.30745
core.pack.task: Packer task: initialize from command line() 
core.pack.pack_rotamers: built 7119 rotamers at 492 positions.
core.pack.interaction_graph.interaction_graph_factory: Instantiating DensePDInteractionGraph
protocols.relax.FastRelax: CMD: repack  -1115.93  0.228665  0.228665  0.30745
protocols.relax.FastRelax: CMD: scale:fa_rep  -1101.81  0.228665  0.228665  0.31955
protocols.relax.FastRelax: CMD: min  -570.206  3.73806  3.73806  0.31955
protocols.relax.FastRelax: CMD: coord_cst_weight  -570.206  3.73806  3.73806  0.31955
protocols.relax.FastRelax: CMD: scale:fa_rep  163.003  3.73806  3.73806  0.55
core.pack.task: Packer task: initialize from command line() 
core.pack.pack_rotamers: built 6915 rotamers at 492 positions.
core.pack.interaction_graph.interaction_graph_factory: Instantiating DensePDInteractionGraph
protocols.relax.FastRelax: CMD: repack  -1043.26  3.73806  3.73806  0.55
protocols.relax.FastRelax: CMD: min  -1146.93  3.9077  3.9077  0.55
protocols.relax.FastRelax: MRP: 6  -1146.93  -1146.93  3.9077  3.9077  
protocols.relax.FastRelax: CMD: accept_to_best  -1146.93  3.9077  3.9077  0.55
protocols.relax.FastRelax: CMD: endrepeat  -1146.93  3.9077  3.9077  0.55
protocols.relax.FastRelax: CMD: coord_cst_weight  65151.2  3.9077  3.9077  0.55
protocols.relax.FastRelax: CMD: scale:fa_rep  64818.8  3.9077  3.9077  0.022
core.pack.task: Packer task: initialize from command line() 
core.pack.pack_rotamers: built 7687 rotamers at 492 positions.
core.pack.interaction_graph.interaction_graph_factory: Instantiating DensePDInteractionGraph
protocols.relax.FastRelax: CMD: repack  64795.4  3.9077  3.9077  0.022
protocols.relax.FastRelax: CMD: scale:fa_rep  64801.9  3.9077  3.9077  0.02805
core.optimization.Minimizer: [ WARNING ] LBFGS MAX CYCLES 2000 EXCEEDED, BUT FUNC NOT CONVERGED!
protocols.relax.FastRelax: CMD: min  -1279.1  0.180641  0.180641  0.02805
protocols.relax.FastRelax: CMD: coord_cst_weight  -1349.37  0.180641  0.180641  0.02805
protocols.relax.FastRelax: CMD: scale:fa_rep  -1011.76  0.180641  0.180641  0.14575
core.pack.task: Packer task: initialize from command line() 
core.pack.pack_rotamers: built 7300 rotamers at 492 positions.
core.pack.interaction_graph.interaction_graph_factory: Instantiating DensePDInteractionGraph
protocols.relax.FastRelax: CMD: repack  -1050.35  0.180641  0.180641  0.14575
protocols.relax.FastRelax: CMD: scale:fa_rep  -1029.38  0.180641  0.180641  0.154
protocols.relax.FastRelax: CMD: min  -1184.53  0.226792  0.226792  0.154
protocols.relax.FastRelax: CMD: coord_cst_weight  -1296.43  0.226792  0.226792  0.154
protocols.relax.FastRelax: CMD: scale:fa_rep  -1110.86  0.226792  0.226792  0.30745
core.pack.task: Packer task: initialize from command line() 
core.pack.pack_rotamers: built 7140 rotamers at 492 positions.
core.pack.interaction_graph.interaction_graph_factory: Instantiating DensePDInteractionGraph
protocols.relax.FastRelax: CMD: repack  -1112.06  0.226792  0.226792  0.30745
protocols.relax.FastRelax: CMD: scale:fa_rep  -1097.65  0.226792  0.226792  0.31955
protocols.relax.FastRelax: CMD: min  -759.767  4.25114  4.25114  0.31955
protocols.relax.FastRelax: CMD: coord_cst_weight  -759.767  4.25114  4.25114  0.31955
protocols.relax.FastRelax: CMD: scale:fa_rep  -163.507  4.25114  4.25114  0.55
core.pack.task: Packer task: initialize from command line() 
core.pack.pack_rotamers: built 6905 rotamers at 492 positions.
core.pack.interaction_graph.interaction_graph_factory: Instantiating DensePDInteractionGraph
protocols.relax.FastRelax: CMD: repack  -448.602  4.25114  4.25114  0.55
protocols.relax.FastRelax: CMD: min  -1155.87  4.17174  4.17174  0.55
protocols.relax.FastRelax: MRP: 7  -1155.87  -1155.87  4.17174  4.17174  
protocols.relax.FastRelax: CMD: accept_to_best  -1155.87  4.17174  4.17174  0.55
protocols.relax.FastRelax: CMD: endrepeat  -1155.87  4.17174  4.17174  0.55
protocols.relax.FastRelax: CMD: coord_cst_weight  79884.8  4.17174  4.17174  0.55
protocols.relax.FastRelax: CMD: scale:fa_rep  79559.7  4.17174  4.17174  0.022
core.pack.task: Packer task: initialize from command line() 
core.pack.pack_rotamers: built 7717 rotamers at 492 positions.
core.pack.interaction_graph.interaction_graph_factory: Instantiating DensePDInteractionGraph
protocols.relax.FastRelax: CMD: repack  79536.4  4.17174  4.17174  0.022
protocols.relax.FastRelax: CMD: scale:fa_rep  79543.1  4.17174  4.17174  0.02805
core.optimization.Minimizer: [ WARNING ] LBFGS MAX CYCLES 2000 EXCEEDED, BUT FUNC NOT CONVERGED!
protocols.relax.FastRelax: CMD: min  -1261.53  0.189472  0.189472  0.02805
protocols.relax.FastRelax: CMD: coord_cst_weight  -1339.15  0.189472  0.189472  0.02805
protocols.relax.FastRelax: CMD: scale:fa_rep  -1010.58  0.189472  0.189472  0.14575
core.pack.task: Packer task: initialize from command line() 
core.pack.pack_rotamers: built 7387 rotamers at 492 positions.
core.pack.interaction_graph.interaction_graph_factory: Instantiating DensePDInteractionGraph
protocols.relax.FastRelax: CMD: repack  -1042.69  0.189472  0.189472  0.14575
protocols.relax.FastRelax: CMD: scale:fa_rep  -1021.55  0.189472  0.189472  0.154
protocols.relax.FastRelax: CMD: min  -1184.35  0.228408  0.228408  0.154
protocols.relax.FastRelax: CMD: coord_cst_weight  -1298.74  0.228408  0.228408  0.154
protocols.relax.FastRelax: CMD: scale:fa_rep  -1111.35  0.228408  0.228408  0.30745
core.pack.task: Packer task: initialize from command line() 
core.pack.pack_rotamers: built 7130 rotamers at 492 positions.
core.pack.interaction_graph.interaction_graph_factory: Instantiating DensePDInteractionGraph
protocols.relax.FastRelax: CMD: repack  -1112.89  0.228408  0.228408  0.30745
protocols.relax.FastRelax: CMD: scale:fa_rep  -1098.37  0.228408  0.228408  0.31955
protocols.relax.FastRelax: CMD: min  -1218.84  4.10818  4.10818  0.31955
protocols.relax.FastRelax: CMD: coord_cst_weight  -1218.84  4.10818  4.10818  0.31955
protocols.relax.FastRelax: CMD: scale:fa_rep  -948.462  4.10818  4.10818  0.55
core.pack.task: Packer task: initialize from command line() 
core.pack.pack_rotamers: built 6928 rotamers at 492 positions.
core.pack.interaction_graph.interaction_graph_factory: Instantiating DensePDInteractionGraph
protocols.relax.FastRelax: CMD: repack  -956.64  4.10818  4.10818  0.55
protocols.relax.FastRelax: CMD: min  -1145.83  4.50683  4.50683  0.55
protocols.relax.FastRelax: MRP: 8  -1145.83  -1155.87  4.17174  4.17174  
protocols.relax.FastRelax: CMD: accept_to_best  -1145.83  4.50683  4.50683  0.55
protocols.relax.FastRelax: CMD: endrepeat  -1145.83  4.50683  4.50683  0.55
protocols.relax.FastRelax: CMD: coord_cst_weight  94681.3  4.50683  4.50683  0.55
protocols.relax.FastRelax: CMD: scale:fa_rep  94345.9  4.50683  4.50683  0.022
core.pack.task: Packer task: initialize from command line() 
core.pack.pack_rotamers: built 7707 rotamers at 492 positions.
core.pack.interaction_graph.interaction_graph_factory: Instantiating DensePDInteractionGraph
protocols.relax.FastRelax: CMD: repack  94322.9  4.50683  4.50683  0.022
protocols.relax.FastRelax: CMD: scale:fa_rep  94331.2  4.50683  4.50683  0.02805
core.optimization.Minimizer: [ WARNING ] LBFGS MAX CYCLES 2000 EXCEEDED, BUT FUNC NOT CONVERGED!
protocols.relax.FastRelax: CMD: min  -1273.4  0.184416  0.184416  0.02805
protocols.relax.FastRelax: CMD: coord_cst_weight  -1347.59  0.184416  0.184416  0.02805
protocols.relax.FastRelax: CMD: scale:fa_rep  -992.709  0.184416  0.184416  0.14575
core.pack.task: Packer task: initialize from command line() 
core.pack.pack_rotamers: built 7359 rotamers at 492 positions.
core.pack.interaction_graph.interaction_graph_factory: Instantiating DensePDInteractionGraph
protocols.relax.FastRelax: CMD: repack  -1034.12  0.184416  0.184416  0.14575
protocols.relax.FastRelax: CMD: scale:fa_rep  -1012.35  0.184416  0.184416  0.154
protocols.relax.FastRelax: CMD: min  -1184.68  0.228421  0.228421  0.154
protocols.relax.FastRelax: CMD: coord_cst_weight  -1298.8  0.228421  0.228421  0.154
protocols.relax.FastRelax: CMD: scale:fa_rep  -1111.4  0.228421  0.228421  0.30745
core.pack.task: Packer task: initialize from command line() 
core.pack.pack_rotamers: built 7139 rotamers at 492 positions.
core.pack.interaction_graph.interaction_graph_factory: Instantiating DensePDInteractionGraph
protocols.relax.FastRelax: CMD: repack  -1112.3  0.228421  0.228421  0.30745
protocols.relax.FastRelax: CMD: scale:fa_rep  -1097.74  0.228421  0.228421  0.31955
protocols.relax.FastRelax: CMD: min  -1145.44  3.70277  3.70277  0.31955
protocols.relax.FastRelax: CMD: coord_cst_weight  -1145.44  3.70277  3.70277  0.31955
protocols.relax.FastRelax: CMD: scale:fa_rep  -833.582  3.70277  3.70277  0.55
core.pack.task: Packer task: initialize from command line() 
core.pack.pack_rotamers: built 6915 rotamers at 492 positions.
core.pack.interaction_graph.interaction_graph_factory: Instantiating DensePDInteractionGraph
protocols.relax.FastRelax: CMD: repack  -1086.98  3.70277  3.70277  0.55
protocols.relax.FastRelax: CMD: min  -1140.62  4.2309  4.2309  0.55
protocols.relax.FastRelax: MRP: 9  -1140.62  -1155.87  4.17174  4.17174  
protocols.relax.FastRelax: CMD: accept_to_best  -1140.62  4.2309  4.2309  0.55
protocols.relax.FastRelax: CMD: endrepeat  -1140.62  4.2309  4.2309  0.55
protocols.relax.FastRelax: CMD: coord_cst_weight  77336  4.2309  4.2309  0.55
protocols.relax.FastRelax: CMD: scale:fa_rep  77001.8  4.2309  4.2309  0.022
core.pack.task: Packer task: initialize from command line() 
core.pack.pack_rotamers: built 7634 rotamers at 492 positions.
core.pack.interaction_graph.interaction_graph_factory: Instantiating DensePDInteractionGraph
protocols.relax.FastRelax: CMD: repack  76977.8  4.2309  4.2309  0.022
protocols.relax.FastRelax: CMD: scale:fa_rep  76986.1  4.2309  4.2309  0.02805
core.optimization.Minimizer: [ WARNING ] LBFGS MAX CYCLES 2000 EXCEEDED, BUT FUNC NOT CONVERGED!
protocols.relax.FastRelax: CMD: min  -1281.49  0.186382  0.186382  0.02805
protocols.relax.FastRelax: CMD: coord_cst_weight  -1357.16  0.186382  0.186382  0.02805
protocols.relax.FastRelax: CMD: scale:fa_rep  -994.384  0.186382  0.186382  0.14575
core.pack.task: Packer task: initialize from command line() 
core.pack.pack_rotamers: built 7362 rotamers at 492 positions.
core.pack.interaction_graph.interaction_graph_factory: Instantiating DensePDInteractionGraph
protocols.relax.FastRelax: CMD: repack  -1038.35  0.186382  0.186382  0.14575
protocols.relax.FastRelax: CMD: scale:fa_rep  -1016.16  0.186382  0.186382  0.154
protocols.relax.FastRelax: CMD: min  -1186.72  0.231049  0.231049  0.154
protocols.relax.FastRelax: CMD: coord_cst_weight  -1304.23  0.231049  0.231049  0.154
protocols.relax.FastRelax: CMD: scale:fa_rep  -1113.95  0.231049  0.231049  0.30745
core.pack.task: Packer task: initialize from command line() 
core.pack.pack_rotamers: built 7172 rotamers at 492 positions.
core.pack.interaction_graph.interaction_graph_factory: Instantiating DensePDInteractionGraph
protocols.relax.FastRelax: CMD: repack  -1115.23  0.231049  0.231049  0.30745
protocols.relax.FastRelax: CMD: scale:fa_rep  -1100.48  0.231049  0.231049  0.31955
protocols.relax.FastRelax: CMD: min  -1302.5  4.03367  4.03367  0.31955
protocols.relax.FastRelax: CMD: coord_cst_weight  -1302.5  4.03367  4.03367  0.31955
protocols.relax.FastRelax: CMD: scale:fa_rep  -1094.74  4.03367  4.03367  0.55
core.pack.task: Packer task: initialize from command line() 
core.pack.pack_rotamers: built 6944 rotamers at 492 positions.
core.pack.interaction_graph.interaction_graph_factory: Instantiating DensePDInteractionGraph
protocols.relax.FastRelax: CMD: repack  -1100.22  4.03367  4.03367  0.55
protocols.relax.FastRelax: CMD: min  -1153.5  4.34928  4.34928  0.55
protocols.relax.FastRelax: MRP: 10  -1153.5  -1155.87  4.17174  4.17174  
protocols.relax.FastRelax: CMD: accept_to_best  -1153.5  4.34928  4.34928  0.55
protocols.relax.FastRelax: CMD: endrepeat  -1153.5  4.34928  4.34928  0.55
protocols.relax.FastRelax: CMD: coord_cst_weight  83929.3  4.34928  4.34928  0.55
protocols.relax.FastRelax: CMD: scale:fa_rep  83599.6  4.34928  4.34928  0.022
core.pack.task: Packer task: initialize from command line() 
core.pack.pack_rotamers: built 7644 rotamers at 492 positions.
core.pack.interaction_graph.interaction_graph_factory: Instantiating DensePDInteractionGraph
protocols.relax.FastRelax: CMD: repack  83578.2  4.34928  4.34928  0.022
protocols.relax.FastRelax: CMD: scale:fa_rep  83584.1  4.34928  4.34928  0.02805
core.optimization.Minimizer: [ WARNING ] LBFGS MAX CYCLES 2000 EXCEEDED, BUT FUNC NOT CONVERGED!
protocols.relax.FastRelax: CMD: min  -1277.91  0.187718  0.187718  0.02805
protocols.relax.FastRelax: CMD: coord_cst_weight  -1355.56  0.187718  0.187718  0.02805
protocols.relax.FastRelax: CMD: scale:fa_rep  -1018.4  0.187718  0.187718  0.14575
core.pack.task: Packer task: initialize from command line() 
core.pack.pack_rotamers: built 7360 rotamers at 492 positions.
core.pack.interaction_graph.interaction_graph_factory: Instantiating DensePDInteractionGraph
protocols.relax.FastRelax: CMD: repack  -1044.97  0.187718  0.187718  0.14575
protocols.relax.FastRelax: CMD: scale:fa_rep  -1023.26  0.187718  0.187718  0.154
protocols.relax.FastRelax: CMD: min  -1188.6  0.234011  0.234011  0.154
protocols.relax.FastRelax: CMD: coord_cst_weight  -1308.68  0.234011  0.234011  0.154
protocols.relax.FastRelax: CMD: scale:fa_rep  -1118.56  0.234011  0.234011  0.30745
core.pack.task: Packer task: initialize from command line() 
core.pack.pack_rotamers: built 7182 rotamers at 492 positions.
core.pack.interaction_graph.interaction_graph_factory: Instantiating DensePDInteractionGraph
protocols.relax.FastRelax: CMD: repack  -1117.77  0.234011  0.234011  0.30745
protocols.relax.FastRelax: CMD: scale:fa_rep  -1103.11  0.234011  0.234011  0.31955
protocols.relax.FastRelax: CMD: min  -1303.93  3.87069  3.87069  0.31955
protocols.relax.FastRelax: CMD: coord_cst_weight  -1303.93  3.87069  3.87069  0.31955
protocols.relax.FastRelax: CMD: scale:fa_rep  -1096.29  3.87069  3.87069  0.55
core.pack.task: Packer task: initialize from command line() 
core.pack.pack_rotamers: built 6924 rotamers at 492 positions.
core.pack.interaction_graph.interaction_graph_factory: Instantiating DensePDInteractionGraph
protocols.relax.FastRelax: CMD: repack  -1097.28  3.87069  3.87069  0.55
protocols.relax.FastRelax: CMD: min  -1148.26  4.06469  4.06469  0.55
protocols.relax.FastRelax: MRP: 11  -1148.26  -1155.87  4.17174  4.17174  
protocols.relax.FastRelax: CMD: accept_to_best  -1148.26  4.06469  4.06469  0.55
protocols.relax.FastRelax: CMD: endrepeat  -1148.26  4.06469  4.06469  0.55
protocols.relax.FastRelax: CMD: coord_cst_weight  74094.1  4.06469  4.06469  0.55
protocols.relax.FastRelax: CMD: scale:fa_rep  73761  4.06469  4.06469  0.022
core.pack.task: Packer task: initialize from command line() 
core.pack.pack_rotamers: built 7639 rotamers at 492 positions.
core.pack.interaction_graph.interaction_graph_factory: Instantiating DensePDInteractionGraph
protocols.relax.FastRelax: CMD: repack  73745.2  4.06469  4.06469  0.022
protocols.relax.FastRelax: CMD: scale:fa_rep  73754.3  4.06469  4.06469  0.02805
core.optimization.Minimizer: [ WARNING ] LBFGS MAX CYCLES 2000 EXCEEDED, BUT FUNC NOT CONVERGED!
protocols.relax.FastRelax: CMD: min  -1280.7  0.185733  0.185733  0.02805
protocols.relax.FastRelax: CMD: coord_cst_weight  -1356.51  0.185733  0.185733  0.02805
protocols.relax.FastRelax: CMD: scale:fa_rep  -1010.39  0.185733  0.185733  0.14575
core.pack.task: Packer task: initialize from command line() 
core.pack.pack_rotamers: built 7377 rotamers at 492 positions.
core.pack.interaction_graph.interaction_graph_factory: Instantiating DensePDInteractionGraph
protocols.relax.FastRelax: CMD: repack  -1043.23  0.185733  0.185733  0.14575
protocols.relax.FastRelax: CMD: scale:fa_rep  -1021.6  0.185733  0.185733  0.154
protocols.relax.FastRelax: CMD: min  -1189.96  0.234355  0.234355  0.154
protocols.relax.FastRelax: CMD: coord_cst_weight  -1309.75  0.234355  0.234355  0.154
protocols.relax.FastRelax: CMD: scale:fa_rep  -1120.64  0.234355  0.234355  0.30745
core.pack.task: Packer task: initialize from command line() 
core.pack.pack_rotamers: built 7159 rotamers at 492 positions.
core.pack.interaction_graph.interaction_graph_factory: Instantiating DensePDInteractionGraph
protocols.relax.FastRelax: CMD: repack  -1121.33  0.234355  0.234355  0.30745
protocols.relax.FastRelax: CMD: scale:fa_rep  -1106.52  0.234355  0.234355  0.31955
protocols.relax.FastRelax: CMD: min  -1294.77  2.87458  2.87458  0.31955
protocols.relax.FastRelax: CMD: coord_cst_weight  -1294.77  2.87458  2.87458  0.31955
protocols.relax.FastRelax: CMD: scale:fa_rep  -1088.36  2.87458  2.87458  0.55
core.pack.task: Packer task: initialize from command line() 
core.pack.pack_rotamers: built 6933 rotamers at 492 positions.
core.pack.interaction_graph.interaction_graph_factory: Instantiating DensePDInteractionGraph
protocols.relax.FastRelax: CMD: repack  -1091.7  2.87458  2.87458  0.55
protocols.relax.FastRelax: CMD: min  -1144.22  3.29182  3.29182  0.55
protocols.relax.FastRelax: MRP: 12  -1144.22  -1155.87  4.17174  4.17174  
protocols.relax.FastRelax: CMD: accept_to_best  -1144.22  3.29182  3.29182  0.55
protocols.relax.FastRelax: CMD: endrepeat  -1144.22  3.29182  3.29182  0.55
protocols.relax.FastRelax: CMD: coord_cst_weight  50451.6  3.29182  3.29182  0.55
protocols.relax.FastRelax: CMD: scale:fa_rep  50122.1  3.29182  3.29182  0.022
core.pack.task: Packer task: initialize from command line() 
core.pack.pack_rotamers: built 7653 rotamers at 492 positions.
core.pack.interaction_graph.interaction_graph_factory: Instantiating DensePDInteractionGraph
protocols.relax.FastRelax: CMD: repack  50094.2  3.29182  3.29182  0.022
protocols.relax.FastRelax: CMD: scale:fa_rep  50100.3  3.29182  3.29182  0.02805
core.optimization.Minimizer: [ WARNING ] LBFGS MAX CYCLES 2000 EXCEEDED, BUT FUNC NOT CONVERGED!
protocols.relax.FastRelax: CMD: min  -1277.11  0.189599  0.189599  0.02805
protocols.relax.FastRelax: CMD: coord_cst_weight  -1354.63  0.189599  0.189599  0.02805
protocols.relax.FastRelax: CMD: scale:fa_rep  -975.97  0.189599  0.189599  0.14575
core.pack.task: Packer task: initialize from command line() 
core.pack.pack_rotamers: built 7369 rotamers at 492 positions.
core.pack.interaction_graph.interaction_graph_factory: Instantiating DensePDInteractionGraph
protocols.relax.FastRelax: CMD: repack  -1027.05  0.189599  0.189599  0.14575
protocols.relax.FastRelax: CMD: scale:fa_rep  -1004.51  0.189599  0.189599  0.154
protocols.relax.FastRelax: CMD: min  -1185.54  0.235836  0.235836  0.154
protocols.relax.FastRelax: CMD: coord_cst_weight  -1305.38  0.235836  0.235836  0.154
protocols.relax.FastRelax: CMD: scale:fa_rep  -1115.7  0.235836  0.235836  0.30745
core.pack.task: Packer task: initialize from command line() 
core.pack.pack_rotamers: built 7172 rotamers at 492 positions.
core.pack.interaction_graph.interaction_graph_factory: Instantiating DensePDInteractionGraph
protocols.relax.FastRelax: CMD: repack  -1116.39  0.235836  0.235836  0.30745
protocols.relax.FastRelax: CMD: scale:fa_rep  -1101.59  0.235836  0.235836  0.31955
protocols.relax.FastRelax: CMD: min  -1300.49  3.07659  3.07659  0.31955
protocols.relax.FastRelax: CMD: coord_cst_weight  -1300.49  3.07659  3.07659  0.31955
protocols.relax.FastRelax: CMD: scale:fa_rep  -1095.33  3.07659  3.07659  0.55
core.pack.task: Packer task: initialize from command line() 
core.pack.pack_rotamers: built 6960 rotamers at 492 positions.
core.pack.interaction_graph.interaction_graph_factory: Instantiating DensePDInteractionGraph
protocols.relax.FastRelax: CMD: repack  -1097  3.07659  3.07659  0.55
protocols.relax.FastRelax: CMD: min  -1156.18  3.73227  3.73227  0.55
protocols.relax.FastRelax: MRP: 13  -1156.18  -1156.18  3.73227  3.73227  
protocols.relax.FastRelax: CMD: accept_to_best  -1156.18  3.73227  3.73227  0.55
protocols.relax.FastRelax: CMD: endrepeat  -1156.18  3.73227  3.73227  0.55
protocols.relax.FastRelax: CMD: coord_cst_weight  70804  3.73227  3.73227  0.55
protocols.relax.FastRelax: CMD: scale:fa_rep  70477.8  3.73227  3.73227  0.022
core.pack.task: Packer task: initialize from command line() 
core.pack.pack_rotamers: built 7685 rotamers at 492 positions.
core.pack.interaction_graph.interaction_graph_factory: Instantiating DensePDInteractionGraph
protocols.relax.FastRelax: CMD: repack  70463.9  3.73227  3.73227  0.022
protocols.relax.FastRelax: CMD: scale:fa_rep  70470.4  3.73227  3.73227  0.02805
core.optimization.Minimizer: [ WARNING ] LBFGS MAX CYCLES 2000 EXCEEDED, BUT FUNC NOT CONVERGED!
protocols.relax.FastRelax: CMD: min  -1263.34  0.190554  0.190554  0.02805
protocols.relax.FastRelax: CMD: coord_cst_weight  -1341.14  0.190554  0.190554  0.02805
protocols.relax.FastRelax: CMD: scale:fa_rep  -976.528  0.190554  0.190554  0.14575
core.pack.task: Packer task: initialize from command line() 
core.pack.pack_rotamers: built 7394 rotamers at 492 positions.
core.pack.interaction_graph.interaction_graph_factory: Instantiating DensePDInteractionGraph
protocols.relax.FastRelax: CMD: repack  -1014.73  0.190554  0.190554  0.14575
protocols.relax.FastRelax: CMD: scale:fa_rep  -991.693  0.190554  0.190554  0.154
protocols.relax.FastRelax: CMD: min  -1184.84  0.237257  0.237257  0.154
protocols.relax.FastRelax: CMD: coord_cst_weight  -1306.17  0.237257  0.237257  0.154
protocols.relax.FastRelax: CMD: scale:fa_rep  -1115.12  0.237257  0.237257  0.30745
core.pack.task: Packer task: initialize from command line() 
core.pack.pack_rotamers: built 7160 rotamers at 492 positions.
core.pack.interaction_graph.interaction_graph_factory: Instantiating DensePDInteractionGraph
protocols.relax.FastRelax: CMD: repack  -1112.83  0.237257  0.237257  0.30745
protocols.relax.FastRelax: CMD: scale:fa_rep  -1097.83  0.237257  0.237257  0.31955
protocols.relax.FastRelax: CMD: min  -1291.68  2.93343  2.93343  0.31955
protocols.relax.FastRelax: CMD: coord_cst_weight  -1291.68  2.93343  2.93343  0.31955
protocols.relax.FastRelax: CMD: scale:fa_rep  -1078.38  2.93343  2.93343  0.55
core.pack.task: Packer task: initialize from command line() 
core.pack.pack_rotamers: built 6913 rotamers at 492 positions.
core.pack.interaction_graph.interaction_graph_factory: Instantiating DensePDInteractionGraph
protocols.relax.FastRelax: CMD: repack  -1103.02  2.93343  2.93343  0.55
protocols.relax.FastRelax: CMD: min  -1160.57  3.42353  3.42353  0.55
protocols.relax.FastRelax: MRP: 14  -1160.57  -1160.57  3.42353  3.42353  
protocols.relax.FastRelax: CMD: accept_to_best  -1160.57  3.42353  3.42353  0.55
protocols.relax.FastRelax: CMD: endrepeat  -1160.57  3.42353  3.42353  0.55
protocols::checkpoint: Deleting checkpoints of FastRelax
protocols.jd2.JobDistributor: target.BL00010001_10_0003 reported success in 14177 seconds
protocols.jd2.PDBJobInputter: PDBJobInputter::pose_from_job
protocols.jd2.PDBJobInputter: filling pose from PDB ../1-modeller/target.BL00010001.pdb
core.import_pose.import_pose: File '../1-modeller/target.BL00010001.pdb' automatically determined to be of type PDB from contents.
core.io.rcsb.ExperimentalTechnique: [ ERROR ] Unrecognized experimental technique string 'THEORETICAL MODEL, MODELLER 10.8 2026/08/10 16:18:02'
protocols.relax.FastRelax: CMD: repeat  4476.34  0  0  0.55
protocols.relax.FastRelax: CMD: coord_cst_weight  4476.34  0  0  0.55
protocols.relax.FastRelax: CMD: scale:fa_rep  806.987  0  0  0.022
core.pack.task: Packer task: initialize from command line() 
core.pack.pack_rotamers: built 8129 rotamers at 492 positions.
core.pack.interaction_graph.interaction_graph_factory: Instantiating DensePDInteractionGraph
protocols.relax.FastRelax: CMD: repack  -875.853  0  0  0.022
protocols.relax.FastRelax: CMD: scale:fa_rep  -836.428  0  0  0.02805
core.optimization.Minimizer: [ WARNING ] LBFGS MAX CYCLES 2000 EXCEEDED, BUT FUNC NOT CONVERGED!
protocols.relax.FastRelax: CMD: min  -1289.4  0.148241  0.148241  0.02805
protocols.relax.FastRelax: CMD: coord_cst_weight  -1335.98  0.148241  0.148241  0.02805
protocols.relax.FastRelax: CMD: scale:fa_rep  -945.158  0.148241  0.148241  0.14575
core.pack.task: Packer task: initialize from command line() 
core.pack.pack_rotamers: built 7415 rotamers at 492 positions.
core.pack.interaction_graph.interaction_graph_factory: Instantiating DensePDInteractionGraph
protocols.relax.FastRelax: CMD: repack  -992.733  0.148241  0.148241  0.14575
protocols.relax.FastRelax: CMD: scale:fa_rep  -970.684  0.148241  0.148241  0.154
protocols.relax.FastRelax: CMD: min  -1158.19  0.203787  0.203787  0.154
protocols.relax.FastRelax: CMD: coord_cst_weight  -1247.41  0.203787  0.203787  0.154
protocols.relax.FastRelax: CMD: scale:fa_rep  -1056.18  0.203787  0.203787  0.30745
core.pack.task: Packer task: initialize from command line() 
core.pack.pack_rotamers: built 7197 rotamers at 492 positions.
core.pack.interaction_graph.interaction_graph_factory: Instantiating DensePDInteractionGraph
protocols.relax.FastRelax: CMD: repack  -1055.76  0.203787  0.203787  0.30745
protocols.relax.FastRelax: CMD: scale:fa_rep  -1040.89  0.203787  0.203787  0.31955
protocols.relax.FastRelax: CMD: min  -1226.79  2.30166  2.30166  0.31955
protocols.relax.FastRelax: CMD: coord_cst_weight  -1226.79  2.30166  2.30166  0.31955
protocols.relax.FastRelax: CMD: scale:fa_rep  -1017.66  2.30166  2.30166  0.55
core.pack.task: Packer task: initialize from command line() 
core.pack.pack_rotamers: built 7118 rotamers at 492 positions.
core.pack.interaction_graph.interaction_graph_factory: Instantiating DensePDInteractionGraph
protocols.relax.FastRelax: CMD: repack  -1019.99  2.30166  2.30166  0.55
protocols.relax.FastRelax: CMD: min  -1090.46  2.8789  2.8789  0.55
protocols.relax.FastRelax: MRP: 0  -1090.46  -1090.46  2.8789  2.8789  
protocols.relax.FastRelax: CMD: accept_to_best  -1090.46  2.8789  2.8789  0.55
protocols.relax.FastRelax: CMD: endrepeat  -1090.46  2.8789  2.8789  0.55
protocols.relax.FastRelax: CMD: coord_cst_weight  84541.7  2.8789  2.8789  0.55
protocols.relax.FastRelax: CMD: scale:fa_rep  84208.7  2.8789  2.8789  0.022
core.pack.task: Packer task: initialize from command line() 
core.pack.pack_rotamers: built 7822 rotamers at 492 positions.
core.pack.interaction_graph.interaction_graph_factory: Instantiating DensePDInteractionGraph
protocols.relax.FastRelax: CMD: repack  84203.3  2.8789  2.8789  0.022
protocols.relax.FastRelax: CMD: scale:fa_rep  84214.7  2.8789  2.8789  0.02805
core.optimization.Minimizer: [ WARNING ] LBFGS MAX CYCLES 2000 EXCEEDED, BUT FUNC NOT CONVERGED!
protocols.relax.FastRelax: CMD: min  -1265.19  0.174484  0.174484  0.02805
protocols.relax.FastRelax: CMD: coord_cst_weight  -1330.79  0.174484  0.174484  0.02805
protocols.relax.FastRelax: CMD: scale:fa_rep  -977.836  0.174484  0.174484  0.14575
core.pack.task: Packer task: initialize from command line() 
core.pack.pack_rotamers: built 7344 rotamers at 492 positions.
core.pack.interaction_graph.interaction_graph_factory: Instantiating DensePDInteractionGraph
protocols.relax.FastRelax: CMD: repack  -1029.67  0.174484  0.174484  0.14575
protocols.relax.FastRelax: CMD: scale:fa_rep  -1009.37  0.174484  0.174484  0.154
protocols.relax.FastRelax: CMD: min  -1183.27  0.217722  0.217722  0.154
protocols.relax.FastRelax: CMD: coord_cst_weight  -1286.25  0.217722  0.217722  0.154
protocols.relax.FastRelax: CMD: scale:fa_rep  -1105.11  0.217722  0.217722  0.30745
core.pack.task: Packer task: initialize from command line() 
core.pack.pack_rotamers: built 7180 rotamers at 492 positions.
core.pack.interaction_graph.interaction_graph_factory: Instantiating DensePDInteractionGraph
protocols.relax.FastRelax: CMD: repack  -1106.22  0.217722  0.217722  0.30745
protocols.relax.FastRelax: CMD: scale:fa_rep  -1091.96  0.217722  0.217722  0.31955
protocols.relax.FastRelax: CMD: min  -1272.3  3.30496  3.30496  0.31955
protocols.relax.FastRelax: CMD: coord_cst_weight  -1272.3  3.30496  3.30496  0.31955
protocols.relax.FastRelax: CMD: scale:fa_rep  -1064.42  3.30496  3.30496  0.55
core.pack.task: Packer task: initialize from command line() 
core.pack.pack_rotamers: built 7009 rotamers at 492 positions.
core.pack.interaction_graph.interaction_graph_factory: Instantiating DensePDInteractionGraph
protocols.relax.FastRelax: CMD: repack  -1064.85  3.30496  3.30496  0.55
protocols.relax.FastRelax: CMD: min  -1124.84  3.23693  3.23693  0.55
protocols.relax.FastRelax: MRP: 1  -1124.84  -1124.84  3.23693  3.23693  
protocols.relax.FastRelax: CMD: accept_to_best  -1124.84  3.23693  3.23693  0.55
protocols.relax.FastRelax: CMD: endrepeat  -1124.84  3.23693  3.23693  0.55
protocols.relax.FastRelax: CMD: coord_cst_weight  142747  3.23693  3.23693  0.55
protocols.relax.FastRelax: CMD: scale:fa_rep  142419  3.23693  3.23693  0.022
core.pack.task: Packer task: initialize from command line() 
core.pack.pack_rotamers: built 7827 rotamers at 492 positions.
core.pack.interaction_graph.interaction_graph_factory: Instantiating DensePDInteractionGraph
protocols.relax.FastRelax: CMD: repack  142404  3.23693  3.23693  0.022
protocols.relax.FastRelax: CMD: scale:fa_rep  142413  3.23693  3.23693  0.02805
core.optimization.Minimizer: [ WARNING ] LBFGS MAX CYCLES 2000 EXCEEDED, BUT FUNC NOT CONVERGED!
protocols.relax.FastRelax: CMD: min  -1269.72  0.18434  0.18434  0.02805
protocols.relax.FastRelax: CMD: coord_cst_weight  -1342.27  0.18434  0.18434  0.02805
protocols.relax.FastRelax: CMD: scale:fa_rep  -1015.97  0.18434  0.18434  0.14575
core.pack.task: Packer task: initialize from command line() 
core.pack.pack_rotamers: built 7382 rotamers at 492 positions.
core.pack.interaction_graph.interaction_graph_factory: Instantiating DensePDInteractionGraph
protocols.relax.FastRelax: CMD: repack  -1049.23  0.18434  0.18434  0.14575
protocols.relax.FastRelax: CMD: scale:fa_rep  -1029.97  0.18434  0.18434  0.154
protocols.relax.FastRelax: CMD: min  -1190.23  0.224148  0.224148  0.154
protocols.relax.FastRelax: CMD: coord_cst_weight  -1299.04  0.224148  0.224148  0.154
protocols.relax.FastRelax: CMD: scale:fa_rep  -1119  0.224148  0.224148  0.30745
core.pack.task: Packer task: initialize from command line() 
core.pack.pack_rotamers: built 7118 rotamers at 492 positions.
core.pack.interaction_graph.interaction_graph_factory: Instantiating DensePDInteractionGraph
protocols.relax.FastRelax: CMD: repack  -1118.93  0.224148  0.224148  0.30745
protocols.relax.FastRelax: CMD: scale:fa_rep  -1104.96  0.224148  0.224148  0.31955
protocols.relax.FastRelax: CMD: min  -1293.24  3.25661  3.25661  0.31955
protocols.relax.FastRelax: CMD: coord_cst_weight  -1293.24  3.25661  3.25661  0.31955
protocols.relax.FastRelax: CMD: scale:fa_rep  -1084.07  3.25661  3.25661  0.55
core.pack.task: Packer task: initialize from command line() 
core.pack.pack_rotamers: built 7049 rotamers at 492 positions.
core.pack.interaction_graph.interaction_graph_factory: Instantiating DensePDInteractionGraph
protocols.relax.FastRelax: CMD: repack  -1086.69  3.25661  3.25661  0.55
protocols.relax.FastRelax: CMD: min  -1142.59  3.41585  3.41585  0.55
protocols.relax.FastRelax: MRP: 2  -1142.59  -1142.59  3.41585  3.41585  
protocols.relax.FastRelax: CMD: accept_to_best  -1142.59  3.41585  3.41585  0.55
protocols.relax.FastRelax: CMD: endrepeat  -1142.59  3.41585  3.41585  0.55
protocols.relax.FastRelax: CMD: coord_cst_weight  109180  3.41585  3.41585  0.55
protocols.relax.FastRelax: CMD: scale:fa_rep  108848  3.41585  3.41585  0.022
core.pack.task: Packer task: initialize from command line() 
core.pack.pack_rotamers: built 7856 rotamers at 492 positions.
core.pack.interaction_graph.interaction_graph_factory: Instantiating DensePDInteractionGraph
protocols.relax.FastRelax: CMD: repack  108836  3.41585  3.41585  0.022
protocols.relax.FastRelax: CMD: scale:fa_rep  108844  3.41585  3.41585  0.02805
core.optimization.Minimizer: [ WARNING ] LBFGS MAX CYCLES 2000 EXCEEDED, BUT FUNC NOT CONVERGED!
protocols.relax.FastRelax: CMD: min  -1245.68  0.191818  0.191818  0.02805
protocols.relax.FastRelax: CMD: coord_cst_weight  -1325.89  0.191818  0.191818  0.02805
protocols.relax.FastRelax: CMD: scale:fa_rep  -983.362  0.191818  0.191818  0.14575
core.pack.task: Packer task: initialize from command line() 
core.pack.pack_rotamers: built 7412 rotamers at 492 positions.
core.pack.interaction_graph.interaction_graph_factory: Instantiating DensePDInteractionGraph
protocols.relax.FastRelax: CMD: repack  -1049.96  0.191818  0.191818  0.14575
protocols.relax.FastRelax: CMD: scale:fa_rep  -1030.52  0.191818  0.191818  0.154
protocols.relax.FastRelax: CMD: min  -1195.7  0.224248  0.224248  0.154
protocols.relax.FastRelax: CMD: coord_cst_weight  -1305.18  0.224248  0.224248  0.154
protocols.relax.FastRelax: CMD: scale:fa_rep  -1126.99  0.224248  0.224248  0.30745
core.pack.task: Packer task: initialize from command line() 
core.pack.pack_rotamers: built 7154 rotamers at 492 positions.
core.pack.interaction_graph.interaction_graph_factory: Instantiating DensePDInteractionGraph
protocols.relax.FastRelax: CMD: repack  -1128.16  0.224248  0.224248  0.30745
protocols.relax.FastRelax: CMD: scale:fa_rep  -1114.24  0.224248  0.224248  0.31955
protocols.relax.FastRelax: CMD: min  -1293.6  2.29196  2.29196  0.31955
protocols.relax.FastRelax: CMD: coord_cst_weight  -1293.6  2.29196  2.29196  0.31955
protocols.relax.FastRelax: CMD: scale:fa_rep  -1084.99  2.29196  2.29196  0.55
core.pack.task: Packer task: initialize from command line() 
core.pack.pack_rotamers: built 7009 rotamers at 492 positions.
core.pack.interaction_graph.interaction_graph_factory: Instantiating DensePDInteractionGraph
protocols.relax.FastRelax: CMD: repack  -1086.98  2.29196  2.29196  0.55
protocols.relax.FastRelax: CMD: min  -1137.4  2.42088  2.42088  0.55
protocols.relax.FastRelax: MRP: 3  -1137.4  -1142.59  3.41585  3.41585  
protocols.relax.FastRelax: CMD: accept_to_best  -1137.4  2.42088  2.42088  0.55
protocols.relax.FastRelax: CMD: endrepeat  -1137.4  2.42088  2.42088  0.55
protocols.relax.FastRelax: CMD: coord_cst_weight  63783.3  2.42088  2.42088  0.55
protocols.relax.FastRelax: CMD: scale:fa_rep  63450.7  2.42088  2.42088  0.022
core.pack.task: Packer task: initialize from command line() 
core.pack.pack_rotamers: built 7831 rotamers at 492 positions.
core.pack.interaction_graph.interaction_graph_factory: Instantiating DensePDInteractionGraph
protocols.relax.FastRelax: CMD: repack  63439.5  2.42088  2.42088  0.022
protocols.relax.FastRelax: CMD: scale:fa_rep  63446.5  2.42088  2.42088  0.02805
core.optimization.Minimizer: [ WARNING ] LBFGS MAX CYCLES 2000 EXCEEDED, BUT FUNC NOT CONVERGED!
protocols.relax.FastRelax: CMD: min  -1259.57  0.183817  0.183817  0.02805
protocols.relax.FastRelax: CMD: coord_cst_weight  -1332.32  0.183817  0.183817  0.02805
protocols.relax.FastRelax: CMD: scale:fa_rep  -1018.96  0.183817  0.183817  0.14575
core.pack.task: Packer task: initialize from command line() 
core.pack.pack_rotamers: built 7374 rotamers at 492 positions.
core.pack.interaction_graph.interaction_graph_factory: Instantiating DensePDInteractionGraph
protocols.relax.FastRelax: CMD: repack  -1064.2  0.183817  0.183817  0.14575
protocols.relax.FastRelax: CMD: scale:fa_rep  -1045.22  0.183817  0.183817  0.154
protocols.relax.FastRelax: CMD: min  -1188.8  0.227137  0.227137  0.154
protocols.relax.FastRelax: CMD: coord_cst_weight  -1299.87  0.227137  0.227137  0.154
protocols.relax.FastRelax: CMD: scale:fa_rep  -1120.6  0.227137  0.227137  0.30745
core.pack.task: Packer task: initialize from command line() 
core.pack.pack_rotamers: built 7147 rotamers at 492 positions.
core.pack.interaction_graph.interaction_graph_factory: Instantiating DensePDInteractionGraph
protocols.relax.FastRelax: CMD: repack  -1120.9  0.227137  0.227137  0.30745
protocols.relax.FastRelax: CMD: scale:fa_rep  -1106.86  0.227137  0.227137  0.31955
protocols.relax.FastRelax: CMD: min  -1291.97  2.99514  2.99514  0.31955
protocols.relax.FastRelax: CMD: coord_cst_weight  -1291.97  2.99514  2.99514  0.31955
protocols.relax.FastRelax: CMD: scale:fa_rep  -1083.87  2.99514  2.99514  0.55
core.pack.task: Packer task: initialize from command line() 
core.pack.pack_rotamers: built 7031 rotamers at 492 positions.
core.pack.interaction_graph.interaction_graph_factory: Instantiating DensePDInteractionGraph
protocols.relax.FastRelax: CMD: repack  -1084.46  2.99514  2.99514  0.55
protocols.relax.FastRelax: CMD: min  -1137.62  3.21248  3.21248  0.55
protocols.relax.FastRelax: MRP: 4  -1137.62  -1142.59  3.41585  3.41585  
protocols.relax.FastRelax: CMD: accept_to_best  -1137.62  3.21248  3.21248  0.55
protocols.relax.FastRelax: CMD: endrepeat  -1137.62  3.21248  3.21248  0.55
protocols.relax.FastRelax: CMD: coord_cst_weight  92409.6  3.21248  3.21248  0.55
protocols.relax.FastRelax: CMD: scale:fa_rep  92078.6  3.21248  3.21248  0.022
core.pack.task: Packer task: initialize from command line() 
core.pack.pack_rotamers: built 7820 rotamers at 492 positions.
core.pack.interaction_graph.interaction_graph_factory: Instantiating DensePDInteractionGraph
protocols.relax.FastRelax: CMD: repack  92066.1  3.21248  3.21248  0.022
protocols.relax.FastRelax: CMD: scale:fa_rep  92072.6  3.21248  3.21248  0.02805
core.optimization.Minimizer: [ WARNING ] LBFGS MAX CYCLES 2000 EXCEEDED, BUT FUNC NOT CONVERGED!
protocols.relax.FastRelax: CMD: min  -1258.1  0.187836  0.187836  0.02805
protocols.relax.FastRelax: CMD: coord_cst_weight  -1332.16  0.187836  0.187836  0.02805
protocols.relax.FastRelax: CMD: scale:fa_rep  -1013.73  0.187836  0.187836  0.14575
core.pack.task: Packer task: initialize from command line() 
core.pack.pack_rotamers: built 7365 rotamers at 492 positions.
core.pack.interaction_graph.interaction_graph_factory: Instantiating DensePDInteractionGraph
protocols.relax.FastRelax: CMD: repack  -1053.28  0.187836  0.187836  0.14575
protocols.relax.FastRelax: CMD: scale:fa_rep  -1033.89  0.187836  0.187836  0.154
protocols.relax.FastRelax: CMD: min  -1188.04  0.229888  0.229888  0.154
protocols.relax.FastRelax: CMD: coord_cst_weight  -1302.23  0.229888  0.229888  0.154
protocols.relax.FastRelax: CMD: scale:fa_rep  -1122.96  0.229888  0.229888  0.30745
core.pack.task: Packer task: initialize from command line() 
core.pack.pack_rotamers: built 7146 rotamers at 492 positions.
core.pack.interaction_graph.interaction_graph_factory: Instantiating DensePDInteractionGraph
protocols.relax.FastRelax: CMD: repack  -1123.98  0.229888  0.229888  0.30745
protocols.relax.FastRelax: CMD: scale:fa_rep  -1109.96  0.229888  0.229888  0.31955
protocols.relax.FastRelax: CMD: min  -1293.25  3.12751  3.12751  0.31955
protocols.relax.FastRelax: CMD: coord_cst_weight  -1293.25  3.12751  3.12751  0.31955
protocols.relax.FastRelax: CMD: scale:fa_rep  -1085.68  3.12751  3.12751  0.55
core.pack.task: Packer task: initialize from command line() 
core.pack.pack_rotamers: built 7028 rotamers at 492 positions.
core.pack.interaction_graph.interaction_graph_factory: Instantiating DensePDInteractionGraph
protocols.relax.FastRelax: CMD: repack  -1088.37  3.12751  3.12751  0.55
protocols.relax.FastRelax: CMD: min  -1135.36  3.1806  3.1806  0.55
protocols.relax.FastRelax: MRP: 5  -1135.36  -1142.59  3.41585  3.41585  
protocols.relax.FastRelax: CMD: accept_to_best  -1135.36  3.1806  3.1806  0.55
protocols.relax.FastRelax: CMD: endrepeat  -1135.36  3.1806  3.1806  0.55
protocols.relax.FastRelax: CMD: coord_cst_weight  95540.8  3.1806  3.1806  0.55
protocols.relax.FastRelax: CMD: scale:fa_rep  95210.2  3.1806  3.1806  0.022
core.pack.task: Packer task: initialize from command line() 
core.pack.pack_rotamers: built 7800 rotamers at 492 positions.
core.pack.interaction_graph.interaction_graph_factory: Instantiating DensePDInteractionGraph
protocols.relax.FastRelax: CMD: repack  95187.7  3.1806  3.1806  0.022
protocols.relax.FastRelax: CMD: scale:fa_rep  95195.3  3.1806  3.1806  0.02805
core.optimization.Minimizer: [ WARNING ] LBFGS MAX CYCLES 2000 EXCEEDED, BUT FUNC NOT CONVERGED!
protocols.relax.FastRelax: CMD: min  -1274.74  0.185213  0.185213  0.02805
protocols.relax.FastRelax: CMD: coord_cst_weight  -1349.14  0.185213  0.185213  0.02805
protocols.relax.FastRelax: CMD: scale:fa_rep  -1009.51  0.185213  0.185213  0.14575
core.pack.task: Packer task: initialize from command line() 
core.pack.pack_rotamers: built 7377 rotamers at 492 positions.
core.pack.interaction_graph.interaction_graph_factory: Instantiating DensePDInteractionGraph
protocols.relax.FastRelax: CMD: repack  -1051.16  0.185213  0.185213  0.14575
protocols.relax.FastRelax: CMD: scale:fa_rep  -1030.45  0.185213  0.185213  0.154
protocols.relax.FastRelax: CMD: min  -1198.43  0.231814  0.231814  0.154
protocols.relax.FastRelax: CMD: coord_cst_weight  -1315.06  0.231814  0.231814  0.154
protocols.relax.FastRelax: CMD: scale:fa_rep  -1131.38  0.231814  0.231814  0.30745
core.pack.task: Packer task: initialize from command line() 
core.pack.pack_rotamers: built 7173 rotamers at 492 positions.
core.pack.interaction_graph.interaction_graph_factory: Instantiating DensePDInteractionGraph
protocols.relax.FastRelax: CMD: repack  -1132.11  0.231814  0.231814  0.30745
protocols.relax.FastRelax: CMD: scale:fa_rep  -1117.71  0.231814  0.231814  0.31955
protocols.relax.FastRelax: CMD: min  -1310.59  2.83079  2.83079  0.31955
protocols.relax.FastRelax: CMD: coord_cst_weight  -1310.59  2.83079  2.83079  0.31955
protocols.relax.FastRelax: CMD: scale:fa_rep  -1104.16  2.83079  2.83079  0.55
core.pack.task: Packer task: initialize from command line() 
core.pack.pack_rotamers: built 7035 rotamers at 492 positions.
core.pack.interaction_graph.interaction_graph_factory: Instantiating DensePDInteractionGraph
protocols.relax.FastRelax: CMD: repack  -1104.35  2.83079  2.83079  0.55
protocols.relax.FastRelax: CMD: min  -1157.07  3.22955  3.22955  0.55
protocols.relax.FastRelax: MRP: 6  -1157.07  -1157.07  3.22955  3.22955  
protocols.relax.FastRelax: CMD: accept_to_best  -1157.07  3.22955  3.22955  0.55
protocols.relax.FastRelax: CMD: endrepeat  -1157.07  3.22955  3.22955  0.55
protocols.relax.FastRelax: CMD: coord_cst_weight  110568  3.22955  3.22955  0.55
protocols.relax.FastRelax: CMD: scale:fa_rep  110238  3.22955  3.22955  0.022
core.pack.task: Packer task: initialize from command line() 
core.pack.pack_rotamers: built 7766 rotamers at 492 positions.
core.pack.interaction_graph.interaction_graph_factory: Instantiating DensePDInteractionGraph
protocols.relax.FastRelax: CMD: repack  110218  3.22955  3.22955  0.022
protocols.relax.FastRelax: CMD: scale:fa_rep  110224  3.22955  3.22955  0.02805
core.optimization.Minimizer: [ WARNING ] LBFGS MAX CYCLES 2000 EXCEEDED, BUT FUNC NOT CONVERGED!
protocols.relax.FastRelax: CMD: min  -1264.48  0.192735  0.192735  0.02805
protocols.relax.FastRelax: CMD: coord_cst_weight  -1344.62  0.192735  0.192735  0.02805
protocols.relax.FastRelax: CMD: scale:fa_rep  -1009.44  0.192735  0.192735  0.14575
core.pack.task: Packer task: initialize from command line() 
core.pack.pack_rotamers: built 7403 rotamers at 492 positions.
core.pack.interaction_graph.interaction_graph_factory: Instantiating DensePDInteractionGraph
protocols.relax.FastRelax: CMD: repack  -1035.97  0.192735  0.192735  0.14575
protocols.relax.FastRelax: CMD: scale:fa_rep  -1014.83  0.192735  0.192735  0.154
protocols.relax.FastRelax: CMD: min  -1189.8  0.2413  0.2413  0.154
protocols.relax.FastRelax: CMD: coord_cst_weight  -1313.8  0.2413  0.2413  0.154
protocols.relax.FastRelax: CMD: scale:fa_rep  -1130.39  0.2413  0.2413  0.30745
core.pack.task: Packer task: initialize from command line() 
core.pack.pack_rotamers: built 7169 rotamers at 492 positions.
core.pack.interaction_graph.interaction_graph_factory: Instantiating DensePDInteractionGraph
protocols.relax.FastRelax: CMD: repack  -1131.09  0.2413  0.2413  0.30745
protocols.relax.FastRelax: CMD: scale:fa_rep  -1116.7  0.2413  0.2413  0.31955
protocols.relax.FastRelax: CMD: min  -1206.87  2.97924  2.97924  0.31955
protocols.relax.FastRelax: CMD: coord_cst_weight  -1206.87  2.97924  2.97924  0.31955
protocols.relax.FastRelax: CMD: scale:fa_rep  -916.066  2.97924  2.97924  0.55
core.pack.task: Packer task: initialize from command line() 
core.pack.pack_rotamers: built 7042 rotamers at 492 positions.
core.pack.interaction_graph.interaction_graph_factory: Instantiating DensePDInteractionGraph
protocols.relax.FastRelax: CMD: repack  -1117.18  2.97924  2.97924  0.55
protocols.relax.FastRelax: CMD: min  -1166.57  3.15731  3.15731  0.55
protocols.relax.FastRelax: MRP: 7  -1166.57  -1166.57  3.15731  3.15731  
protocols.relax.FastRelax: CMD: accept_to_best  -1166.57  3.15731  3.15731  0.55
protocols.relax.FastRelax: CMD: endrepeat  -1166.57  3.15731  3.15731  0.55
protocols.relax.FastRelax: CMD: coord_cst_weight  83215.7  3.15731  3.15731  0.55
protocols.relax.FastRelax: CMD: scale:fa_rep  82883.6  3.15731  3.15731  0.022
core.pack.task: Packer task: initialize from command line() 
core.pack.pack_rotamers: built 7741 rotamers at 492 positions.
core.pack.interaction_graph.interaction_graph_factory: Instantiating DensePDInteractionGraph
protocols.relax.FastRelax: CMD: repack  82866  3.15731  3.15731  0.022
protocols.relax.FastRelax: CMD: scale:fa_rep  82872.9  3.15731  3.15731  0.02805
core.optimization.Minimizer: [ WARNING ] LBFGS MAX CYCLES 2000 EXCEEDED, BUT FUNC NOT CONVERGED!
protocols.relax.FastRelax: CMD: min  -1264.62  0.190218  0.190218  0.02805
protocols.relax.FastRelax: CMD: coord_cst_weight  -1343.65  0.190218  0.190218  0.02805
protocols.relax.FastRelax: CMD: scale:fa_rep  -982.5  0.190218  0.190218  0.14575
core.pack.task: Packer task: initialize from command line() 
core.pack.pack_rotamers: built 7395 rotamers at 492 positions.
core.pack.interaction_graph.interaction_graph_factory: Instantiating DensePDInteractionGraph
protocols.relax.FastRelax: CMD: repack  -1035.5  0.190218  0.190218  0.14575
protocols.relax.FastRelax: CMD: scale:fa_rep  -1013.99  0.190218  0.190218  0.154
protocols.relax.FastRelax: CMD: min  -1194.29  0.235536  0.235536  0.154
protocols.relax.FastRelax: CMD: coord_cst_weight  -1314.65  0.235536  0.235536  0.154
protocols.relax.FastRelax: CMD: scale:fa_rep  -1131.38  0.235536  0.235536  0.30745
core.pack.task: Packer task: initialize from command line() 
core.pack.pack_rotamers: built 7200 rotamers at 492 positions.
core.pack.interaction_graph.interaction_graph_factory: Instantiating DensePDInteractionGraph
protocols.relax.FastRelax: CMD: repack  -1133.58  0.235536  0.235536  0.30745
protocols.relax.FastRelax: CMD: scale:fa_rep  -1119.33  0.235536  0.235536  0.31955
protocols.relax.FastRelax: CMD: min  -1320.07  2.24323  2.24323  0.31955
protocols.relax.FastRelax: CMD: coord_cst_weight  -1320.07  2.24323  2.24323  0.31955
protocols.relax.FastRelax: CMD: scale:fa_rep  -1114.85  2.24323  2.24323  0.55
core.pack.task: Packer task: initialize from command line() 
core.pack.pack_rotamers: built 7000 rotamers at 492 positions.
core.pack.interaction_graph.interaction_graph_factory: Instantiating DensePDInteractionGraph
protocols.relax.FastRelax: CMD: repack  -1118.19  2.24323  2.24323  0.55
protocols.relax.FastRelax: CMD: min  -1168.09  2.60695  2.60695  0.55
protocols.relax.FastRelax: MRP: 8  -1168.09  -1168.09  2.60695  2.60695  
protocols.relax.FastRelax: CMD: accept_to_best  -1168.09  2.60695  2.60695  0.55
protocols.relax.FastRelax: CMD: endrepeat  -1168.09  2.60695  2.60695  0.55
protocols.relax.FastRelax: CMD: coord_cst_weight  74458.2  2.60695  2.60695  0.55
protocols.relax.FastRelax: CMD: scale:fa_rep  74129.7  2.60695  2.60695  0.022
core.pack.task: Packer task: initialize from command line() 
core.pack.pack_rotamers: built 7762 rotamers at 492 positions.
core.pack.interaction_graph.interaction_graph_factory: Instantiating DensePDInteractionGraph
protocols.relax.FastRelax: CMD: repack  74115.2  2.60695  2.60695  0.022
protocols.relax.FastRelax: CMD: scale:fa_rep  74121.8  2.60695  2.60695  0.02805
core.optimization.Minimizer: [ WARNING ] LBFGS MAX CYCLES 2000 EXCEEDED, BUT FUNC NOT CONVERGED!
protocols.relax.FastRelax: CMD: min  -1271.9  0.189266  0.189266  0.02805
protocols.relax.FastRelax: CMD: coord_cst_weight  -1350.24  0.189266  0.189266  0.02805
protocols.relax.FastRelax: CMD: scale:fa_rep  -986.513  0.189266  0.189266  0.14575
core.pack.task: Packer task: initialize from command line() 
core.pack.pack_rotamers: built 7374 rotamers at 492 positions.
core.pack.interaction_graph.interaction_graph_factory: Instantiating DensePDInteractionGraph
protocols.relax.FastRelax: CMD: repack  -1037.05  0.189266  0.189266  0.14575
protocols.relax.FastRelax: CMD: scale:fa_rep  -1015.34  0.189266  0.189266  0.154
protocols.relax.FastRelax: CMD: min  -1195.41  0.238451  0.238451  0.154
protocols.relax.FastRelax: CMD: coord_cst_weight  -1317.93  0.238451  0.238451  0.154
protocols.relax.FastRelax: CMD: scale:fa_rep  -1134.17  0.238451  0.238451  0.30745
core.pack.task: Packer task: initialize from command line() 
core.pack.pack_rotamers: built 7187 rotamers at 492 positions.
core.pack.interaction_graph.interaction_graph_factory: Instantiating DensePDInteractionGraph
protocols.relax.FastRelax: CMD: repack  -1135.61  0.238451  0.238451  0.30745
protocols.relax.FastRelax: CMD: scale:fa_rep  -1121.29  0.238451  0.238451  0.31955
protocols.relax.FastRelax: CMD: min  -1325.22  2.40071  2.40071  0.31955
protocols.relax.FastRelax: CMD: coord_cst_weight  -1325.22  2.40071  2.40071  0.31955
protocols.relax.FastRelax: CMD: scale:fa_rep  -1120.42  2.40071  2.40071  0.55
core.pack.task: Packer task: initialize from command line() 
core.pack.pack_rotamers: built 6989 rotamers at 492 positions.
core.pack.interaction_graph.interaction_graph_factory: Instantiating DensePDInteractionGraph
protocols.relax.FastRelax: CMD: repack  -1120.85  2.40071  2.40071  0.55
protocols.relax.FastRelax: CMD: min  -1168.75  2.69149  2.69149  0.55
protocols.relax.FastRelax: MRP: 9  -1168.75  -1168.75  2.69149  2.69149  
protocols.relax.FastRelax: CMD: accept_to_best  -1168.75  2.69149  2.69149  0.55
protocols.relax.FastRelax: CMD: endrepeat  -1168.75  2.69149  2.69149  0.55
protocols.relax.FastRelax: CMD: coord_cst_weight  81238  2.69149  2.69149  0.55
protocols.relax.FastRelax: CMD: scale:fa_rep  80908.5  2.69149  2.69149  0.022
core.pack.task: Packer task: initialize from command line() 
core.pack.pack_rotamers: built 7708 rotamers at 492 positions.
core.pack.interaction_graph.interaction_graph_factory: Instantiating DensePDInteractionGraph
protocols.relax.FastRelax: CMD: repack  80903.5  2.69149  2.69149  0.022
protocols.relax.FastRelax: CMD: scale:fa_rep  80913.3  2.69149  2.69149  0.02805
core.optimization.Minimizer: [ WARNING ] LBFGS MAX CYCLES 2000 EXCEEDED, BUT FUNC NOT CONVERGED!
protocols.relax.FastRelax: CMD: min  -1266.61  0.189909  0.189909  0.02805
protocols.relax.FastRelax: CMD: coord_cst_weight  -1344.29  0.189909  0.189909  0.02805
protocols.relax.FastRelax: CMD: scale:fa_rep  -966.645  0.189909  0.189909  0.14575
core.pack.task: Packer task: initialize from command line() 
core.pack.pack_rotamers: built 7343 rotamers at 492 positions.
core.pack.interaction_graph.interaction_graph_factory: Instantiating DensePDInteractionGraph
protocols.relax.FastRelax: CMD: repack  -1037.8  0.189909  0.189909  0.14575
protocols.relax.FastRelax: CMD: scale:fa_rep  -1016.01  0.189909  0.189909  0.154
protocols.relax.FastRelax: CMD: min  -1195.64  0.238485  0.238485  0.154
protocols.relax.FastRelax: CMD: coord_cst_weight  -1318.18  0.238485  0.238485  0.154
protocols.relax.FastRelax: CMD: scale:fa_rep  -1132.24  0.238485  0.238485  0.30745
core.pack.task: Packer task: initialize from command line() 
core.pack.pack_rotamers: built 7158 rotamers at 492 positions.
core.pack.interaction_graph.interaction_graph_factory: Instantiating DensePDInteractionGraph
protocols.relax.FastRelax: CMD: repack  -1134.3  0.238485  0.238485  0.30745
protocols.relax.FastRelax: CMD: scale:fa_rep  -1119.87  0.238485  0.238485  0.31955
protocols.relax.FastRelax: CMD: min  -1323.17  2.21144  2.21144  0.31955
protocols.relax.FastRelax: CMD: coord_cst_weight  -1323.17  2.21144  2.21144  0.31955
protocols.relax.FastRelax: CMD: scale:fa_rep  -1118.79  2.21144  2.21144  0.55
core.pack.task: Packer task: initialize from command line() 
core.pack.pack_rotamers: built 7028 rotamers at 492 positions.
core.pack.interaction_graph.interaction_graph_factory: Instantiating DensePDInteractionGraph
protocols.relax.FastRelax: CMD: repack  -1120.63  2.21144  2.21144  0.55
protocols.relax.FastRelax: CMD: min  -1168.13  2.5693  2.5693  0.55
protocols.relax.FastRelax: MRP: 10  -1168.13  -1168.75  2.69149  2.69149  
protocols.relax.FastRelax: CMD: accept_to_best  -1168.13  2.5693  2.5693  0.55
protocols.relax.FastRelax: CMD: endrepeat  -1168.13  2.5693  2.5693  0.55
protocols.relax.FastRelax: CMD: coord_cst_weight  71318.3  2.5693  2.5693  0.55
protocols.relax.FastRelax: CMD: scale:fa_rep  70988.1  2.5693  2.5693  0.022
core.pack.task: Packer task: initialize from command line() 
core.pack.pack_rotamers: built 7759 rotamers at 492 positions.
core.pack.interaction_graph.interaction_graph_factory: Instantiating DensePDInteractionGraph
protocols.relax.FastRelax: CMD: repack  70968.6  2.5693  2.5693  0.022
protocols.relax.FastRelax: CMD: scale:fa_rep  70975.3  2.5693  2.5693  0.02805
core.optimization.Minimizer: [ WARNING ] LBFGS MAX CYCLES 2000 EXCEEDED, BUT FUNC NOT CONVERGED!
protocols.relax.FastRelax: CMD: min  -1275.23  0.190076  0.190076  0.02805
protocols.relax.FastRelax: CMD: coord_cst_weight  -1351.97  0.190076  0.190076  0.02805
protocols.relax.FastRelax: CMD: scale:fa_rep  -993.577  0.190076  0.190076  0.14575
core.pack.task: Packer task: initialize from command line() 
core.pack.pack_rotamers: built 7339 rotamers at 492 positions.
core.pack.interaction_graph.interaction_graph_factory: Instantiating DensePDInteractionGraph
protocols.relax.FastRelax: CMD: repack  -1037.87  0.190076  0.190076  0.14575
protocols.relax.FastRelax: CMD: scale:fa_rep  -1015.98  0.190076  0.190076  0.154
protocols.relax.FastRelax: CMD: min  -1199.38  0.239041  0.239041  0.154
protocols.relax.FastRelax: CMD: coord_cst_weight  -1320.95  0.239041  0.239041  0.154
protocols.relax.FastRelax: CMD: scale:fa_rep  -1137.07  0.239041  0.239041  0.30745
core.pack.task: Packer task: initialize from command line() 
core.pack.pack_rotamers: built 7130 rotamers at 492 positions.
core.pack.interaction_graph.interaction_graph_factory: Instantiating DensePDInteractionGraph
protocols.relax.FastRelax: CMD: repack  -1138.72  0.239041  0.239041  0.30745
protocols.relax.FastRelax: CMD: scale:fa_rep  -1124.4  0.239041  0.239041  0.31955
protocols.relax.FastRelax: CMD: min  -1316.74  2.74213  2.74213  0.31955
protocols.relax.FastRelax: CMD: coord_cst_weight  -1316.74  2.74213  2.74213  0.31955
protocols.relax.FastRelax: CMD: scale:fa_rep  -1111.24  2.74213  2.74213  0.55
core.pack.task: Packer task: initialize from command line() 
core.pack.pack_rotamers: built 6985 rotamers at 492 positions.
core.pack.interaction_graph.interaction_graph_factory: Instantiating DensePDInteractionGraph
protocols.relax.FastRelax: CMD: repack  -1112.08  2.74213  2.74213  0.55
protocols.relax.FastRelax: CMD: min  -1168.99  3.20001  3.20001  0.55
protocols.relax.FastRelax: MRP: 11  -1168.99  -1168.99  3.20001  3.20001  
protocols.relax.FastRelax: CMD: accept_to_best  -1168.99  3.20001  3.20001  0.55
protocols.relax.FastRelax: CMD: endrepeat  -1168.99  3.20001  3.20001  0.55
protocols.relax.FastRelax: CMD: coord_cst_weight  95500.1  3.20001  3.20001  0.55
protocols.relax.FastRelax: CMD: scale:fa_rep  95174  3.20001  3.20001  0.022
core.pack.task: Packer task: initialize from command line() 
core.pack.pack_rotamers: built 7714 rotamers at 492 positions.
core.pack.interaction_graph.interaction_graph_factory: Instantiating DensePDInteractionGraph
protocols.relax.FastRelax: CMD: repack  95157.1  3.20001  3.20001  0.022
protocols.relax.FastRelax: CMD: scale:fa_rep  95165.8  3.20001  3.20001  0.02805
core.optimization.Minimizer: [ WARNING ] LBFGS MAX CYCLES 2000 EXCEEDED, BUT FUNC NOT CONVERGED!
protocols.relax.FastRelax: CMD: min  -1271.19  0.197223  0.197223  0.02805
protocols.relax.FastRelax: CMD: coord_cst_weight  -1355.76  0.197223  0.197223  0.02805
protocols.relax.FastRelax: CMD: scale:fa_rep  -982.893  0.197223  0.197223  0.14575
core.pack.task: Packer task: initialize from command line() 
core.pack.pack_rotamers: built 7314 rotamers at 492 positions.
core.pack.interaction_graph.interaction_graph_factory: Instantiating DensePDInteractionGraph
protocols.relax.FastRelax: CMD: repack  -1054.33  0.197223  0.197223  0.14575
protocols.relax.FastRelax: CMD: scale:fa_rep  -1033.2  0.197223  0.197223  0.154
protocols.relax.FastRelax: CMD: min  -1199.76  0.237187  0.237187  0.154
protocols.relax.FastRelax: CMD: coord_cst_weight  -1321.15  0.237187  0.237187  0.154
protocols.relax.FastRelax: CMD: scale:fa_rep  -1132.17  0.237187  0.237187  0.30745
core.pack.task: Packer task: initialize from command line() 
core.pack.pack_rotamers: built 7207 rotamers at 492 positions.
core.pack.interaction_graph.interaction_graph_factory: Instantiating DensePDInteractionGraph
protocols.relax.FastRelax: CMD: repack  -1132.56  0.237187  0.237187  0.30745
protocols.relax.FastRelax: CMD: scale:fa_rep  -1117.8  0.237187  0.237187  0.31955
protocols.relax.FastRelax: CMD: min  -1322.69  2.77502  2.77502  0.31955
protocols.relax.FastRelax: CMD: coord_cst_weight  -1322.69  2.77502  2.77502  0.31955
protocols.relax.FastRelax: CMD: scale:fa_rep  -1116.03  2.77502  2.77502  0.55
core.pack.task: Packer task: initialize from command line() 
core.pack.pack_rotamers: built 7017 rotamers at 492 positions.
core.pack.interaction_graph.interaction_graph_factory: Instantiating DensePDInteractionGraph
protocols.relax.FastRelax: CMD: repack  -1117.8  2.77502  2.77502  0.55
protocols.relax.FastRelax: CMD: min  -1165.11  2.91338  2.91338  0.55
protocols.relax.FastRelax: MRP: 12  -1165.11  -1168.99  3.20001  3.20001  
protocols.relax.FastRelax: CMD: accept_to_best  -1165.11  2.91338  2.91338  0.55
protocols.relax.FastRelax: CMD: endrepeat  -1165.11  2.91338  2.91338  0.55
protocols.relax.FastRelax: CMD: coord_cst_weight  124511  2.91338  2.91338  0.55
protocols.relax.FastRelax: CMD: scale:fa_rep  124179  2.91338  2.91338  0.022
core.pack.task: Packer task: initialize from command line() 
core.pack.pack_rotamers: built 7768 rotamers at 492 positions.
core.pack.interaction_graph.interaction_graph_factory: Instantiating DensePDInteractionGraph
protocols.relax.FastRelax: CMD: repack  124161  2.91338  2.91338  0.022
protocols.relax.FastRelax: CMD: scale:fa_rep  124168  2.91338  2.91338  0.02805
core.optimization.Minimizer: [ WARNING ] LBFGS MAX CYCLES 2000 EXCEEDED, BUT FUNC NOT CONVERGED!
protocols.relax.FastRelax: CMD: min  -1274.27  0.19469  0.19469  0.02805
protocols.relax.FastRelax: CMD: coord_cst_weight  -1357.25  0.19469  0.19469  0.02805
protocols.relax.FastRelax: CMD: scale:fa_rep  -990.401  0.19469  0.19469  0.14575
core.pack.task: Packer task: initialize from command line() 
core.pack.pack_rotamers: built 7359 rotamers at 492 positions.
core.pack.interaction_graph.interaction_graph_factory: Instantiating DensePDInteractionGraph
protocols.relax.FastRelax: CMD: repack  -1052.11  0.19469  0.19469  0.14575
protocols.relax.FastRelax: CMD: scale:fa_rep  -1030.9  0.19469  0.19469  0.154
protocols.relax.FastRelax: CMD: min  -1195.41  0.237141  0.237141  0.154
protocols.relax.FastRelax: CMD: coord_cst_weight  -1317.75  0.237141  0.237141  0.154
protocols.relax.FastRelax: CMD: scale:fa_rep  -1129.32  0.237141  0.237141  0.30745
core.pack.task: Packer task: initialize from command line() 
core.pack.pack_rotamers: built 7172 rotamers at 492 positions.
core.pack.interaction_graph.interaction_graph_factory: Instantiating DensePDInteractionGraph
protocols.relax.FastRelax: CMD: repack  -1130.14  0.237141  0.237141  0.30745
protocols.relax.FastRelax: CMD: scale:fa_rep  -1115.46  0.237141  0.237141  0.31955
protocols.relax.FastRelax: CMD: min  -1317.74  2.39258  2.39258  0.31955
protocols.relax.FastRelax: CMD: coord_cst_weight  -1317.74  2.39258  2.39258  0.31955
protocols.relax.FastRelax: CMD: scale:fa_rep  -1110.9  2.39258  2.39258  0.55
core.pack.task: Packer task: initialize from command line() 
core.pack.pack_rotamers: built 7011 rotamers at 492 positions.
core.pack.interaction_graph.interaction_graph_factory: Instantiating DensePDInteractionGraph
protocols.relax.FastRelax: CMD: repack  -1113.05  2.39258  2.39258  0.55
protocols.relax.FastRelax: CMD: min  -1164.14  2.71687  2.71687  0.55
protocols.relax.FastRelax: MRP: 13  -1164.14  -1168.99  3.20001  3.20001  
protocols.relax.FastRelax: CMD: accept_to_best  -1164.14  2.71687  2.71687  0.55
protocols.relax.FastRelax: CMD: endrepeat  -1164.14  2.71687  2.71687  0.55
protocols.relax.FastRelax: CMD: coord_cst_weight  99308.1  2.71687  2.71687  0.55
protocols.relax.FastRelax: CMD: scale:fa_rep  98978.5  2.71687  2.71687  0.022
core.pack.task: Packer task: initialize from command line() 
core.pack.pack_rotamers: built 7718 rotamers at 492 positions.
core.pack.interaction_graph.interaction_graph_factory: Instantiating DensePDInteractionGraph
protocols.relax.FastRelax: CMD: repack  98962.3  2.71687  2.71687  0.022
protocols.relax.FastRelax: CMD: scale:fa_rep  98968.5  2.71687  2.71687  0.02805
core.optimization.Minimizer: [ WARNING ] LBFGS MAX CYCLES 2000 EXCEEDED, BUT FUNC NOT CONVERGED!
protocols.relax.FastRelax: CMD: min  -1270.48  0.19481  0.19481  0.02805
protocols.relax.FastRelax: CMD: coord_cst_weight  -1354.29  0.19481  0.19481  0.02805
protocols.relax.FastRelax: CMD: scale:fa_rep  -995.251  0.19481  0.19481  0.14575
core.pack.task: Packer task: initialize from command line() 
core.pack.pack_rotamers: built 7324 rotamers at 492 positions.
core.pack.interaction_graph.interaction_graph_factory: Instantiating DensePDInteractionGraph
protocols.relax.FastRelax: CMD: repack  -1051.55  0.19481  0.19481  0.14575
protocols.relax.FastRelax: CMD: scale:fa_rep  -1030.48  0.19481  0.19481  0.154
protocols.relax.FastRelax: CMD: min  -1198.14  0.237899  0.237899  0.154
protocols.relax.FastRelax: CMD: coord_cst_weight  -1320.22  0.237899  0.237899  0.154
protocols.relax.FastRelax: CMD: scale:fa_rep  -1133.87  0.237899  0.237899  0.30745
core.pack.task: Packer task: initialize from command line() 
core.pack.pack_rotamers: built 7171 rotamers at 492 positions.
core.pack.interaction_graph.interaction_graph_factory: Instantiating DensePDInteractionGraph
protocols.relax.FastRelax: CMD: repack  -1132.34  0.237899  0.237899  0.30745
protocols.relax.FastRelax: CMD: scale:fa_rep  -1117.85  0.237899  0.237899  0.31955
protocols.relax.FastRelax: CMD: min  -1314.75  2.94192  2.94192  0.31955
protocols.relax.FastRelax: CMD: coord_cst_weight  -1314.75  2.94192  2.94192  0.31955
protocols.relax.FastRelax: CMD: scale:fa_rep  -1110.73  2.94192  2.94192  0.55
core.pack.task: Packer task: initialize from command line() 
core.pack.pack_rotamers: built 7057 rotamers at 492 positions.
core.pack.interaction_graph.interaction_graph_factory: Instantiating DensePDInteractionGraph
protocols.relax.FastRelax: CMD: repack  -1112.64  2.94192  2.94192  0.55
protocols.relax.FastRelax: CMD: min  -1157.47  2.85209  2.85209  0.55
protocols.relax.FastRelax: MRP: 14  -1157.47  -1168.99  3.20001  3.20001  
protocols.relax.FastRelax: CMD: accept_to_best  -1157.47  2.85209  2.85209  0.55
protocols.relax.FastRelax: CMD: endrepeat  -1157.47  2.85209  2.85209  0.55
protocols::checkpoint: Deleting checkpoints of FastRelax
protocols.jd2.JobDistributor: target.BL00010001_10_0004 reported success in 14631 seconds
protocols.jd2.PDBJobInputter: PDBJobInputter::pose_from_job
protocols.jd2.PDBJobInputter: filling pose from PDB ../1-modeller/target.BL00010001.pdb
core.import_pose.import_pose: File '../1-modeller/target.BL00010001.pdb' automatically determined to be of type PDB from contents.
core.io.rcsb.ExperimentalTechnique: [ ERROR ] Unrecognized experimental technique string 'THEORETICAL MODEL, MODELLER 10.8 2026/08/10 16:18:02'
protocols.relax.FastRelax: CMD: repeat  4476.34  0  0  0.55
protocols.relax.FastRelax: CMD: coord_cst_weight  4476.34  0  0  0.55
protocols.relax.FastRelax: CMD: scale:fa_rep  806.987  0  0  0.022
core.pack.task: Packer task: initialize from command line() 
core.pack.pack_rotamers: built 8129 rotamers at 492 positions.
core.pack.interaction_graph.interaction_graph_factory: Instantiating DensePDInteractionGraph
protocols.relax.FastRelax: CMD: repack  -878.552  0  0  0.022
protocols.relax.FastRelax: CMD: scale:fa_rep  -840.016  0  0  0.02805
core.optimization.Minimizer: [ WARNING ] LBFGS MAX CYCLES 2000 EXCEEDED, BUT FUNC NOT CONVERGED!
protocols.relax.FastRelax: CMD: min  -1295.87  0.149686  0.149686  0.02805
protocols.relax.FastRelax: CMD: coord_cst_weight  -1343.55  0.149686  0.149686  0.02805
protocols.relax.FastRelax: CMD: scale:fa_rep  -951.619  0.149686  0.149686  0.14575
core.pack.task: Packer task: initialize from command line() 
core.pack.pack_rotamers: built 7502 rotamers at 492 positions.
core.pack.interaction_graph.interaction_graph_factory: Instantiating DensePDInteractionGraph
protocols.relax.FastRelax: CMD: repack  -998.325  0.149686  0.149686  0.14575
protocols.relax.FastRelax: CMD: scale:fa_rep  -976.541  0.149686  0.149686  0.154
protocols.relax.FastRelax: CMD: min  -1163.98  0.205079  0.205079  0.154
protocols.relax.FastRelax: CMD: coord_cst_weight  -1254.57  0.205079  0.205079  0.154
protocols.relax.FastRelax: CMD: scale:fa_rep  -1061.31  0.205079  0.205079  0.30745
core.pack.task: Packer task: initialize from command line() 
core.pack.pack_rotamers: built 7168 rotamers at 492 positions.
core.pack.interaction_graph.interaction_graph_factory: Instantiating DensePDInteractionGraph
protocols.relax.FastRelax: CMD: repack  -1058.81  0.205079  0.205079  0.30745
protocols.relax.FastRelax: CMD: scale:fa_rep  -1043.69  0.205079  0.205079  0.31955
protocols.relax.FastRelax: CMD: min  -1220.89  2.57553  2.57553  0.31955
protocols.relax.FastRelax: CMD: coord_cst_weight  -1220.89  2.57553  2.57553  0.31955
protocols.relax.FastRelax: CMD: scale:fa_rep  -1007.63  2.57553  2.57553  0.55
core.pack.task: Packer task: initialize from command line() 
core.pack.pack_rotamers: built 7141 rotamers at 492 positions.
core.pack.interaction_graph.interaction_graph_factory: Instantiating DensePDInteractionGraph
protocols.relax.FastRelax: CMD: repack  -1014.47  2.57553  2.57553  0.55
protocols.relax.FastRelax: CMD: min  -1088.49  2.99363  2.99363  0.55
protocols.relax.FastRelax: MRP: 0  -1088.49  -1088.49  2.99363  2.99363  
protocols.relax.FastRelax: CMD: accept_to_best  -1088.49  2.99363  2.99363  0.55
protocols.relax.FastRelax: CMD: endrepeat  -1088.49  2.99363  2.99363  0.55
protocols.relax.FastRelax: CMD: coord_cst_weight  57763.1  2.99363  2.99363  0.55
protocols.relax.FastRelax: CMD: scale:fa_rep  57432.2  2.99363  2.99363  0.022
core.pack.task: Packer task: initialize from command line() 
core.pack.pack_rotamers: built 7859 rotamers at 492 positions.
core.pack.interaction_graph.interaction_graph_factory: Instantiating DensePDInteractionGraph
protocols.relax.FastRelax: CMD: repack  57414.1  2.99363  2.99363  0.022
protocols.relax.FastRelax: CMD: scale:fa_rep  57426.7  2.99363  2.99363  0.02805
core.optimization.Minimizer: [ WARNING ] LBFGS MAX CYCLES 2000 EXCEEDED, BUT FUNC NOT CONVERGED!
protocols.relax.FastRelax: CMD: min  -1217.7  0.179258  0.179258  0.02805
protocols.relax.FastRelax: CMD: coord_cst_weight  -1286.27  0.179258  0.179258  0.02805
protocols.relax.FastRelax: CMD: scale:fa_rep  -840.044  0.179258  0.179258  0.14575
core.pack.task: Packer task: initialize from command line() 
core.pack.pack_rotamers: built 7398 rotamers at 492 positions.
core.pack.interaction_graph.interaction_graph_factory: Instantiating DensePDInteractionGraph
protocols.relax.FastRelax: CMD: repack  -1006.2  0.179258  0.179258  0.14575
protocols.relax.FastRelax: CMD: scale:fa_rep  -985.509  0.179258  0.179258  0.154
protocols.relax.FastRelax: CMD: min  -1174.81  0.219516  0.219516  0.154
protocols.relax.FastRelax: CMD: coord_cst_weight  -1279.32  0.219516  0.219516  0.154
protocols.relax.FastRelax: CMD: scale:fa_rep  -1094.91  0.219516  0.219516  0.30745
core.pack.task: Packer task: initialize from command line() 
core.pack.pack_rotamers: built 7125 rotamers at 492 positions.
core.pack.interaction_graph.interaction_graph_factory: Instantiating DensePDInteractionGraph
protocols.relax.FastRelax: CMD: repack  -1096.59  0.219516  0.219516  0.30745
protocols.relax.FastRelax: CMD: scale:fa_rep  -1082.22  0.219516  0.219516  0.31955
protocols.relax.FastRelax: CMD: min  -1259.29  3.25354  3.25354  0.31955
protocols.relax.FastRelax: CMD: coord_cst_weight  -1259.29  3.25354  3.25354  0.31955
protocols.relax.FastRelax: CMD: scale:fa_rep  -1051.05  3.25354  3.25354  0.55
core.pack.task: Packer task: initialize from command line() 
core.pack.pack_rotamers: built 6982 rotamers at 492 positions.
core.pack.interaction_graph.interaction_graph_factory: Instantiating DensePDInteractionGraph
protocols.relax.FastRelax: CMD: repack  -1054.37  3.25354  3.25354  0.55
protocols.relax.FastRelax: CMD: min  -1120.21  3.11095  3.11095  0.55
protocols.relax.FastRelax: MRP: 1  -1120.21  -1120.21  3.11095  3.11095  
protocols.relax.FastRelax: CMD: accept_to_best  -1120.21  3.11095  3.11095  0.55
protocols.relax.FastRelax: CMD: endrepeat  -1120.21  3.11095  3.11095  0.55
protocols.relax.FastRelax: CMD: coord_cst_weight  51637.2  3.11095  3.11095  0.55
protocols.relax.FastRelax: CMD: scale:fa_rep  51308.2  3.11095  3.11095  0.022
core.pack.task: Packer task: initialize from command line() 
core.pack.pack_rotamers: built 7766 rotamers at 492 positions.
core.pack.interaction_graph.interaction_graph_factory: Instantiating DensePDInteractionGraph
protocols.relax.FastRelax: CMD: repack  51287.3  3.11095  3.11095  0.022
protocols.relax.FastRelax: CMD: scale:fa_rep  51295  3.11095  3.11095  0.02805
core.optimization.Minimizer: [ WARNING ] LBFGS MAX CYCLES 2000 EXCEEDED, BUT FUNC NOT CONVERGED!
protocols.relax.FastRelax: CMD: min  -1262.85  0.185466  0.185466  0.02805
protocols.relax.FastRelax: CMD: coord_cst_weight  -1335.51  0.185466  0.185466  0.02805
protocols.relax.FastRelax: CMD: scale:fa_rep  -1007.96  0.185466  0.185466  0.14575
core.pack.task: Packer task: initialize from command line() 
core.pack.pack_rotamers: built 7319 rotamers at 492 positions.
core.pack.interaction_graph.interaction_graph_factory: Instantiating DensePDInteractionGraph
protocols.relax.FastRelax: CMD: repack  -1045.07  0.185466  0.185466  0.14575
protocols.relax.FastRelax: CMD: scale:fa_rep  -1024.37  0.185466  0.185466  0.154
protocols.relax.FastRelax: CMD: min  -1181.78  0.224181  0.224181  0.154
protocols.relax.FastRelax: CMD: coord_cst_weight  -1290.65  0.224181  0.224181  0.154
protocols.relax.FastRelax: CMD: scale:fa_rep  -1105.07  0.224181  0.224181  0.30745
core.pack.task: Packer task: initialize from command line() 
core.pack.pack_rotamers: built 7136 rotamers at 492 positions.
core.pack.interaction_graph.interaction_graph_factory: Instantiating DensePDInteractionGraph
protocols.relax.FastRelax: CMD: repack  -1105.35  0.224181  0.224181  0.30745
protocols.relax.FastRelax: CMD: scale:fa_rep  -1090.78  0.224181  0.224181  0.31955
protocols.relax.FastRelax: CMD: min  -1276  3.08735  3.08735  0.31955
protocols.relax.FastRelax: CMD: coord_cst_weight  -1276  3.08735  3.08735  0.31955
protocols.relax.FastRelax: CMD: scale:fa_rep  -1069.26  3.08735  3.08735  0.55
core.pack.task: Packer task: initialize from command line() 
core.pack.pack_rotamers: built 7026 rotamers at 492 positions.
core.pack.interaction_graph.interaction_graph_factory: Instantiating DensePDInteractionGraph
protocols.relax.FastRelax: CMD: repack  -1069.8  3.08735  3.08735  0.55
protocols.relax.FastRelax: CMD: min  -1132.49  3.05288  3.05288  0.55
protocols.relax.FastRelax: MRP: 2  -1132.49  -1132.49  3.05288  3.05288  
protocols.relax.FastRelax: CMD: accept_to_best  -1132.49  3.05288  3.05288  0.55
protocols.relax.FastRelax: CMD: endrepeat  -1132.49  3.05288  3.05288  0.55
protocols.relax.FastRelax: CMD: coord_cst_weight  38733  3.05288  3.05288  0.55
protocols.relax.FastRelax: CMD: scale:fa_rep  38399.9  3.05288  3.05288  0.022
core.pack.task: Packer task: initialize from command line() 
core.pack.pack_rotamers: built 7760 rotamers at 492 positions.
core.pack.interaction_graph.interaction_graph_factory: Instantiating DensePDInteractionGraph
protocols.relax.FastRelax: CMD: repack  38386.5  3.05288  3.05288  0.022
protocols.relax.FastRelax: CMD: scale:fa_rep  38394.6  3.05288  3.05288  0.02805
core.optimization.Minimizer: [ WARNING ] LBFGS MAX CYCLES 2000 EXCEEDED, BUT FUNC NOT CONVERGED!
protocols.relax.FastRelax: CMD: min  -1258.93  0.187739  0.187739  0.02805
protocols.relax.FastRelax: CMD: coord_cst_weight  -1335.26  0.187739  0.187739  0.02805
protocols.relax.FastRelax: CMD: scale:fa_rep  -971.303  0.187739  0.187739  0.14575
core.pack.task: Packer task: initialize from command line() 
core.pack.pack_rotamers: built 7341 rotamers at 492 positions.
core.pack.interaction_graph.interaction_graph_factory: Instantiating DensePDInteractionGraph
protocols.relax.FastRelax: CMD: repack  -1016.98  0.187739  0.187739  0.14575
protocols.relax.FastRelax: CMD: scale:fa_rep  -995.532  0.187739  0.187739  0.154
protocols.relax.FastRelax: CMD: min  -1182.24  0.230012  0.230012  0.154
protocols.relax.FastRelax: CMD: coord_cst_weight  -1295.06  0.230012  0.230012  0.154
protocols.relax.FastRelax: CMD: scale:fa_rep  -1116.33  0.230012  0.230012  0.30745
core.pack.task: Packer task: initialize from command line() 
core.pack.pack_rotamers: built 7170 rotamers at 492 positions.
core.pack.interaction_graph.interaction_graph_factory: Instantiating DensePDInteractionGraph
protocols.relax.FastRelax: CMD: repack  -1117.46  0.230012  0.230012  0.30745
protocols.relax.FastRelax: CMD: scale:fa_rep  -1103.51  0.230012  0.230012  0.31955
protocols.relax.FastRelax: CMD: min  -1297.23  2.53884  2.53884  0.31955
protocols.relax.FastRelax: CMD: coord_cst_weight  -1297.23  2.53884  2.53884  0.31955
protocols.relax.FastRelax: CMD: scale:fa_rep  -1093.14  2.53884  2.53884  0.55
core.pack.task: Packer task: initialize from command line() 
core.pack.pack_rotamers: built 6919 rotamers at 492 positions.
core.pack.interaction_graph.interaction_graph_factory: Instantiating DensePDInteractionGraph
protocols.relax.FastRelax: CMD: repack  -1094.51  2.53884  2.53884  0.55
protocols.relax.FastRelax: CMD: min  -1142.35  2.56487  2.56487  0.55
protocols.relax.FastRelax: MRP: 3  -1142.35  -1142.35  2.56487  2.56487  
protocols.relax.FastRelax: CMD: accept_to_best  -1142.35  2.56487  2.56487  0.55
protocols.relax.FastRelax: CMD: endrepeat  -1142.35  2.56487  2.56487  0.55
protocols.relax.FastRelax: CMD: coord_cst_weight  29173.2  2.56487  2.56487  0.55
protocols.relax.FastRelax: CMD: scale:fa_rep  28843.8  2.56487  2.56487  0.022
core.pack.task: Packer task: initialize from command line() 
core.pack.pack_rotamers: built 7717 rotamers at 492 positions.
core.pack.interaction_graph.interaction_graph_factory: Instantiating DensePDInteractionGraph
protocols.relax.FastRelax: CMD: repack  28822  2.56487  2.56487  0.022
protocols.relax.FastRelax: CMD: scale:fa_rep  28829  2.56487  2.56487  0.02805
core.optimization.Minimizer: [ WARNING ] LBFGS MAX CYCLES 2000 EXCEEDED, BUT FUNC NOT CONVERGED!
protocols.relax.FastRelax: CMD: min  -1270.68  0.181631  0.181631  0.02805
protocols.relax.FastRelax: CMD: coord_cst_weight  -1341.41  0.181631  0.181631  0.02805
protocols.relax.FastRelax: CMD: scale:fa_rep  -1012.94  0.181631  0.181631  0.14575
core.pack.task: Packer task: initialize from command line() 
core.pack.pack_rotamers: built 7376 rotamers at 492 positions.
core.pack.interaction_graph.interaction_graph_factory: Instantiating DensePDInteractionGraph
protocols.relax.FastRelax: CMD: repack  -1046.83  0.181631  0.181631  0.14575
protocols.relax.FastRelax: CMD: scale:fa_rep  -1026.7  0.181631  0.181631  0.154
protocols.relax.FastRelax: CMD: min  -1183.43  0.225472  0.225472  0.154
protocols.relax.FastRelax: CMD: coord_cst_weight  -1294.89  0.225472  0.225472  0.154
protocols.relax.FastRelax: CMD: scale:fa_rep  -1116.26  0.225472  0.225472  0.30745
core.pack.task: Packer task: initialize from command line() 
core.pack.pack_rotamers: built 7186 rotamers at 492 positions.
core.pack.interaction_graph.interaction_graph_factory: Instantiating DensePDInteractionGraph
protocols.relax.FastRelax: CMD: repack  -1117.3  0.225472  0.225472  0.30745
protocols.relax.FastRelax: CMD: scale:fa_rep  -1103.35  0.225472  0.225472  0.31955
core.optimization.LineMinimizer: Inaccurate G in step= 5.96046e-08 Deriv= -10.5684 Finite Diff= 2.87666
protocols.relax.FastRelax: CMD: min  -629.786  3.50301  3.50301  0.31955
protocols.relax.FastRelax: CMD: coord_cst_weight  -629.786  3.50301  3.50301  0.31955
protocols.relax.FastRelax: CMD: scale:fa_rep  56.7054  3.50301  3.50301  0.55
core.pack.task: Packer task: initialize from command line() 
core.pack.pack_rotamers: built 6955 rotamers at 492 positions.
core.pack.interaction_graph.interaction_graph_factory: Instantiating DensePDInteractionGraph
protocols.relax.FastRelax: CMD: repack  -1083.57  3.50301  3.50301  0.55
protocols.relax.FastRelax: CMD: min  -1137.13  4.05496  4.05496  0.55
protocols.relax.FastRelax: MRP: 4  -1137.13  -1142.35  2.56487  2.56487  
protocols.relax.FastRelax: CMD: accept_to_best  -1137.13  4.05496  4.05496  0.55
protocols.relax.FastRelax: CMD: endrepeat  -1137.13  4.05496  4.05496  0.55
protocols.relax.FastRelax: CMD: coord_cst_weight  78852.3  4.05496  4.05496  0.55
protocols.relax.FastRelax: CMD: scale:fa_rep  78520.6  4.05496  4.05496  0.022
core.pack.task: Packer task: initialize from command line() 
core.pack.pack_rotamers: built 7785 rotamers at 492 positions.
core.pack.interaction_graph.interaction_graph_factory: Instantiating DensePDInteractionGraph
protocols.relax.FastRelax: CMD: repack  78500.1  4.05496  4.05496  0.022
protocols.relax.FastRelax: CMD: scale:fa_rep  78507  4.05496  4.05496  0.02805
core.optimization.Minimizer: [ WARNING ] LBFGS MAX CYCLES 2000 EXCEEDED, BUT FUNC NOT CONVERGED!
protocols.relax.FastRelax: CMD: min  -1285.32  0.17661  0.17661  0.02805
protocols.relax.FastRelax: CMD: coord_cst_weight  -1354.91  0.17661  0.17661  0.02805
protocols.relax.FastRelax: CMD: scale:fa_rep  -1032.43  0.17661  0.17661  0.14575
core.pack.task: Packer task: initialize from command line() 
core.pack.pack_rotamers: built 7458 rotamers at 492 positions.
core.pack.interaction_graph.interaction_graph_factory: Instantiating DensePDInteractionGraph
protocols.relax.FastRelax: CMD: repack  -1049.66  0.17661  0.17661  0.14575
protocols.relax.FastRelax: CMD: scale:fa_rep  -1029.22  0.17661  0.17661  0.154
protocols.relax.FastRelax: CMD: min  -1180.82  0.225725  0.225725  0.154
protocols.relax.FastRelax: CMD: coord_cst_weight  -1293.09  0.225725  0.225725  0.154
protocols.relax.FastRelax: CMD: scale:fa_rep  -1110.42  0.225725  0.225725  0.30745
core.pack.task: Packer task: initialize from command line() 
core.pack.pack_rotamers: built 7161 rotamers at 492 positions.
core.pack.interaction_graph.interaction_graph_factory: Instantiating DensePDInteractionGraph
protocols.relax.FastRelax: CMD: repack  -1111.48  0.225725  0.225725  0.30745
protocols.relax.FastRelax: CMD: scale:fa_rep  -1097.23  0.225725  0.225725  0.31955
protocols.relax.FastRelax: CMD: min  -1281.95  3.43178  3.43178  0.31955
protocols.relax.FastRelax: CMD: coord_cst_weight  -1281.95  3.43178  3.43178  0.31955
protocols.relax.FastRelax: CMD: scale:fa_rep  -1075.86  3.43178  3.43178  0.55
core.pack.task: Packer task: initialize from command line() 
core.pack.pack_rotamers: built 6920 rotamers at 492 positions.
core.pack.interaction_graph.interaction_graph_factory: Instantiating DensePDInteractionGraph
protocols.relax.FastRelax: CMD: repack  -1085.94  3.43178  3.43178  0.55
protocols.relax.FastRelax: CMD: min  -1138.78  4.13853  4.13853  0.55
protocols.relax.FastRelax: MRP: 5  -1138.78  -1142.35  2.56487  2.56487  
protocols.relax.FastRelax: CMD: accept_to_best  -1138.78  4.13853  4.13853  0.55
protocols.relax.FastRelax: CMD: endrepeat  -1138.78  4.13853  4.13853  0.55
protocols.relax.FastRelax: CMD: coord_cst_weight  80506  4.13853  4.13853  0.55
protocols.relax.FastRelax: CMD: scale:fa_rep  80175.8  4.13853  4.13853  0.022
core.pack.task: Packer task: initialize from command line() 
core.pack.pack_rotamers: built 7753 rotamers at 492 positions.
core.pack.interaction_graph.interaction_graph_factory: Instantiating DensePDInteractionGraph
protocols.relax.FastRelax: CMD: repack  80183.3  4.13853  4.13853  0.022
protocols.relax.FastRelax: CMD: scale:fa_rep  80194.2  4.13853  4.13853  0.02805
core.optimization.Minimizer: [ WARNING ] LBFGS MAX CYCLES 2000 EXCEEDED, BUT FUNC NOT CONVERGED!
protocols.relax.FastRelax: CMD: min  -1264.36  0.1794  0.1794  0.02805
protocols.relax.FastRelax: CMD: coord_cst_weight  -1336.74  0.1794  0.1794  0.02805
protocols.relax.FastRelax: CMD: scale:fa_rep  -998.885  0.1794  0.1794  0.14575
core.pack.task: Packer task: initialize from command line() 
core.pack.pack_rotamers: built 7393 rotamers at 492 positions.
core.pack.interaction_graph.interaction_graph_factory: Instantiating DensePDInteractionGraph
protocols.relax.FastRelax: CMD: repack  -1036.76  0.1794  0.1794  0.14575
protocols.relax.FastRelax: CMD: scale:fa_rep  -1015.44  0.1794  0.1794  0.154
protocols.relax.FastRelax: CMD: min  -1182.31  0.226982  0.226982  0.154
protocols.relax.FastRelax: CMD: coord_cst_weight  -1296.78  0.226982  0.226982  0.154
protocols.relax.FastRelax: CMD: scale:fa_rep  -1110.7  0.226982  0.226982  0.30745
core.pack.task: Packer task: initialize from command line() 
core.pack.pack_rotamers: built 7156 rotamers at 492 positions.
core.pack.interaction_graph.interaction_graph_factory: Instantiating DensePDInteractionGraph
protocols.relax.FastRelax: CMD: repack  -1111.62  0.226982  0.226982  0.30745
protocols.relax.FastRelax: CMD: scale:fa_rep  -1097.05  0.226982  0.226982  0.31955
core.optimization.LineMinimizer: Inaccurate G in step= 7.45058e-09 Deriv= -12.7244 Finite Diff= -0.846893
protocols.relax.FastRelax: CMD: min  -454.518  3.53303  3.53303  0.31955
protocols.relax.FastRelax: CMD: coord_cst_weight  -454.518  3.53303  3.53303  0.31955
protocols.relax.FastRelax: CMD: scale:fa_rep  361.224  3.53303  3.53303  0.55
core.pack.task: Packer task: initialize from command line() 
core.pack.pack_rotamers: built 6952 rotamers at 492 positions.
core.pack.interaction_graph.interaction_graph_factory: Instantiating DensePDInteractionGraph
protocols.relax.FastRelax: CMD: repack  -668.719  3.53303  3.53303  0.55
protocols.relax.FastRelax: CMD: min  -1151.31  3.42512  3.42512  0.55
protocols.relax.FastRelax: MRP: 6  -1151.31  -1151.31  3.42512  3.42512  
protocols.relax.FastRelax: CMD: accept_to_best  -1151.31  3.42512  3.42512  0.55
protocols.relax.FastRelax: CMD: endrepeat  -1151.31  3.42512  3.42512  0.55
protocols.relax.FastRelax: CMD: coord_cst_weight  66179.2  3.42512  3.42512  0.55
protocols.relax.FastRelax: CMD: scale:fa_rep  65844.9  3.42512  3.42512  0.022
core.pack.task: Packer task: initialize from command line() 
core.pack.pack_rotamers: built 7768 rotamers at 492 positions.
core.pack.interaction_graph.interaction_graph_factory: Instantiating DensePDInteractionGraph
protocols.relax.FastRelax: CMD: repack  65834.1  3.42512  3.42512  0.022
protocols.relax.FastRelax: CMD: scale:fa_rep  65841.2  3.42512  3.42512  0.02805
core.optimization.Minimizer: [ WARNING ] LBFGS MAX CYCLES 2000 EXCEEDED, BUT FUNC NOT CONVERGED!
protocols.relax.FastRelax: CMD: min  -1268.21  0.181825  0.181825  0.02805
protocols.relax.FastRelax: CMD: coord_cst_weight  -1341.02  0.181825  0.181825  0.02805
protocols.relax.FastRelax: CMD: scale:fa_rep  -983.51  0.181825  0.181825  0.14575
core.pack.task: Packer task: initialize from command line() 
core.pack.pack_rotamers: built 7324 rotamers at 492 positions.
core.pack.interaction_graph.interaction_graph_factory: Instantiating DensePDInteractionGraph
protocols.relax.FastRelax: CMD: repack  -1033.26  0.181825  0.181825  0.14575
protocols.relax.FastRelax: CMD: scale:fa_rep  -1011.78  0.181825  0.181825  0.154
protocols.relax.FastRelax: CMD: min  -1181.17  0.231546  0.231546  0.154
protocols.relax.FastRelax: CMD: coord_cst_weight  -1298.25  0.231546  0.231546  0.154
protocols.relax.FastRelax: CMD: scale:fa_rep  -1112.05  0.231546  0.231546  0.30745
core.pack.task: Packer task: initialize from command line() 
core.pack.pack_rotamers: built 7173 rotamers at 492 positions.
core.pack.interaction_graph.interaction_graph_factory: Instantiating DensePDInteractionGraph
protocols.relax.FastRelax: CMD: repack  -1112.29  0.231546  0.231546  0.30745
protocols.relax.FastRelax: CMD: scale:fa_rep  -1097.65  0.231546  0.231546  0.31955
protocols.relax.FastRelax: CMD: min  -1201.53  3.29148  3.29148  0.31955
protocols.relax.FastRelax: CMD: coord_cst_weight  -1201.53  3.29148  3.29148  0.31955
protocols.relax.FastRelax: CMD: scale:fa_rep  -918.321  3.29148  3.29148  0.55
core.pack.task: Packer task: initialize from command line() 
core.pack.pack_rotamers: built 7006 rotamers at 492 positions.
core.pack.interaction_graph.interaction_graph_factory: Instantiating DensePDInteractionGraph
protocols.relax.FastRelax: CMD: repack  -1099.84  3.29148  3.29148  0.55
protocols.relax.FastRelax: CMD: min  -1155.18  3.5026  3.5026  0.55
protocols.relax.FastRelax: MRP: 7  -1155.18  -1155.18  3.5026  3.5026  
protocols.relax.FastRelax: CMD: accept_to_best  -1155.18  3.5026  3.5026  0.55
protocols.relax.FastRelax: CMD: endrepeat  -1155.18  3.5026  3.5026  0.55
protocols.relax.FastRelax: CMD: coord_cst_weight  164057  3.5026  3.5026  0.55
protocols.relax.FastRelax: CMD: scale:fa_rep  163723  3.5026  3.5026  0.022
core.pack.task: Packer task: initialize from command line() 
core.pack.pack_rotamers: built 7777 rotamers at 492 positions.
core.pack.interaction_graph.interaction_graph_factory: Instantiating DensePDInteractionGraph
protocols.relax.FastRelax: CMD: repack  163707  3.5026  3.5026  0.022
protocols.relax.FastRelax: CMD: scale:fa_rep  163715  3.5026  3.5026  0.02805
core.optimization.Minimizer: [ WARNING ] LBFGS MAX CYCLES 2000 EXCEEDED, BUT FUNC NOT CONVERGED!
protocols.relax.FastRelax: CMD: min  -1260.4  0.185646  0.185646  0.02805
protocols.relax.FastRelax: CMD: coord_cst_weight  -1335.93  0.185646  0.185646  0.02805
protocols.relax.FastRelax: CMD: scale:fa_rep  -982.141  0.185646  0.185646  0.14575
core.pack.task: Packer task: initialize from command line() 
core.pack.pack_rotamers: built 7349 rotamers at 492 positions.
core.pack.interaction_graph.interaction_graph_factory: Instantiating DensePDInteractionGraph
protocols.relax.FastRelax: CMD: repack  -1024.87  0.185646  0.185646  0.14575
protocols.relax.FastRelax: CMD: scale:fa_rep  -1003.64  0.185646  0.185646  0.154
protocols.relax.FastRelax: CMD: min  -1177.91  0.236705  0.236705  0.154
protocols.relax.FastRelax: CMD: coord_cst_weight  -1299.73  0.236705  0.236705  0.154
protocols.relax.FastRelax: CMD: scale:fa_rep  -1117.63  0.236705  0.236705  0.30745
core.pack.task: Packer task: initialize from command line() 
core.pack.pack_rotamers: built 7170 rotamers at 492 positions.
core.pack.interaction_graph.interaction_graph_factory: Instantiating DensePDInteractionGraph
protocols.relax.FastRelax: CMD: repack  -1117.56  0.236705  0.236705  0.30745
protocols.relax.FastRelax: CMD: scale:fa_rep  -1103.23  0.236705  0.236705  0.31955
protocols.relax.FastRelax: CMD: min  -506.024  3.30849  3.30849  0.31955
protocols.relax.FastRelax: CMD: coord_cst_weight  -506.024  3.30849  3.30849  0.31955
protocols.relax.FastRelax: CMD: scale:fa_rep  289.902  3.30849  3.30849  0.55
core.pack.task: Packer task: initialize from command line() 
core.pack.pack_rotamers: built 6981 rotamers at 492 positions.
core.pack.interaction_graph.interaction_graph_factory: Instantiating DensePDInteractionGraph
protocols.relax.FastRelax: CMD: repack  -922.176  3.30849  3.30849  0.55
protocols.relax.FastRelax: CMD: min  -1170.06  3.71813  3.71813  0.55
protocols.relax.FastRelax: MRP: 8  -1170.06  -1170.06  3.71813  3.71813  
protocols.relax.FastRelax: CMD: accept_to_best  -1170.06  3.71813  3.71813  0.55
protocols.relax.FastRelax: CMD: endrepeat  -1170.06  3.71813  3.71813  0.55
protocols.relax.FastRelax: CMD: coord_cst_weight  85762  3.71813  3.71813  0.55
protocols.relax.FastRelax: CMD: scale:fa_rep  85429.3  3.71813  3.71813  0.022
core.pack.task: Packer task: initialize from command line() 
core.pack.pack_rotamers: built 7822 rotamers at 492 positions.
core.pack.interaction_graph.interaction_graph_factory: Instantiating DensePDInteractionGraph
protocols.relax.FastRelax: CMD: repack  85410  3.71813  3.71813  0.022
protocols.relax.FastRelax: CMD: scale:fa_rep  85415.7  3.71813  3.71813  0.02805
core.optimization.Minimizer: [ WARNING ] LBFGS MAX CYCLES 2000 EXCEEDED, BUT FUNC NOT CONVERGED!
protocols.relax.FastRelax: CMD: min  -1268.39  0.183596  0.183596  0.02805
protocols.relax.FastRelax: CMD: coord_cst_weight  -1342.98  0.183596  0.183596  0.02805
protocols.relax.FastRelax: CMD: scale:fa_rep  -975.082  0.183596  0.183596  0.14575
core.pack.task: Packer task: initialize from command line() 
core.pack.pack_rotamers: built 7349 rotamers at 492 positions.
core.pack.interaction_graph.interaction_graph_factory: Instantiating DensePDInteractionGraph
protocols.relax.FastRelax: CMD: repack  -1039.58  0.183596  0.183596  0.14575
protocols.relax.FastRelax: CMD: scale:fa_rep  -1018.19  0.183596  0.183596  0.154
protocols.relax.FastRelax: CMD: min  -1188.39  0.232383  0.232383  0.154
protocols.relax.FastRelax: CMD: coord_cst_weight  -1306.7  0.232383  0.232383  0.154
protocols.relax.FastRelax: CMD: scale:fa_rep  -1123.02  0.232383  0.232383  0.30745
core.pack.task: Packer task: initialize from command line() 
core.pack.pack_rotamers: built 7140 rotamers at 492 positions.
core.pack.interaction_graph.interaction_graph_factory: Instantiating DensePDInteractionGraph
protocols.relax.FastRelax: CMD: repack  -1123.9  0.232383  0.232383  0.30745
protocols.relax.FastRelax: CMD: scale:fa_rep  -1109.51  0.232383  0.232383  0.31955
protocols.relax.FastRelax: CMD: min  -1315.34  2.69865  2.69865  0.31955
protocols.relax.FastRelax: CMD: coord_cst_weight  -1315.34  2.69865  2.69865  0.31955
protocols.relax.FastRelax: CMD: scale:fa_rep  -1110.14  2.69865  2.69865  0.55
core.pack.task: Packer task: initialize from command line() 
core.pack.pack_rotamers: built 7013 rotamers at 492 positions.
core.pack.interaction_graph.interaction_graph_factory: Instantiating DensePDInteractionGraph
protocols.relax.FastRelax: CMD: repack  -1112.26  2.69865  2.69865  0.55
protocols.relax.FastRelax: CMD: min  -1174.55  3.55184  3.55184  0.55
protocols.relax.FastRelax: MRP: 9  -1174.55  -1174.55  3.55184  3.55184  
protocols.relax.FastRelax: CMD: accept_to_best  -1174.55  3.55184  3.55184  0.55
protocols.relax.FastRelax: CMD: endrepeat  -1174.55  3.55184  3.55184  0.55
protocols.relax.FastRelax: CMD: coord_cst_weight  73615.1  3.55184  3.55184  0.55
protocols.relax.FastRelax: CMD: scale:fa_rep  73281.1  3.55184  3.55184  0.022
core.pack.task: Packer task: initialize from command line() 
core.pack.pack_rotamers: built 7786 rotamers at 492 positions.
core.pack.interaction_graph.interaction_graph_factory: Instantiating DensePDInteractionGraph
protocols.relax.FastRelax: CMD: repack  73261.7  3.55184  3.55184  0.022
protocols.relax.FastRelax: CMD: scale:fa_rep  73267.8  3.55184  3.55184  0.02805
core.optimization.Minimizer: [ WARNING ] LBFGS MAX CYCLES 2000 EXCEEDED, BUT FUNC NOT CONVERGED!
protocols.relax.FastRelax: CMD: min  -1275.44  0.182165  0.182165  0.02805
protocols.relax.FastRelax: CMD: coord_cst_weight  -1347.64  0.182165  0.182165  0.02805
protocols.relax.FastRelax: CMD: scale:fa_rep  -1008.92  0.182165  0.182165  0.14575
core.pack.task: Packer task: initialize from command line() 
core.pack.pack_rotamers: built 7351 rotamers at 492 positions.
core.pack.interaction_graph.interaction_graph_factory: Instantiating DensePDInteractionGraph
protocols.relax.FastRelax: CMD: repack  -1044.02  0.182165  0.182165  0.14575
protocols.relax.FastRelax: CMD: scale:fa_rep  -1022.91  0.182165  0.182165  0.154
protocols.relax.FastRelax: CMD: min  -1185.13  0.231233  0.231233  0.154
protocols.relax.FastRelax: CMD: coord_cst_weight  -1301.86  0.231233  0.231233  0.154
protocols.relax.FastRelax: CMD: scale:fa_rep  -1121.67  0.231233  0.231233  0.30745
core.pack.task: Packer task: initialize from command line() 
core.pack.pack_rotamers: built 7182 rotamers at 492 positions.
core.pack.interaction_graph.interaction_graph_factory: Instantiating DensePDInteractionGraph
protocols.relax.FastRelax: CMD: repack  -1122.65  0.231233  0.231233  0.30745
protocols.relax.FastRelax: CMD: scale:fa_rep  -1108.56  0.231233  0.231233  0.31955
protocols.relax.FastRelax: CMD: min  -1314.07  2.1465  2.1465  0.31955
protocols.relax.FastRelax: CMD: coord_cst_weight  -1314.07  2.1465  2.1465  0.31955
protocols.relax.FastRelax: CMD: scale:fa_rep  -1110.19  2.1465  2.1465  0.55
core.pack.task: Packer task: initialize from command line() 
core.pack.pack_rotamers: built 6993 rotamers at 492 positions.
core.pack.interaction_graph.interaction_graph_factory: Instantiating DensePDInteractionGraph
protocols.relax.FastRelax: CMD: repack  -1114.31  2.1465  2.1465  0.55
protocols.relax.FastRelax: CMD: min  -1162.92  2.36623  2.36623  0.55
protocols.relax.FastRelax: MRP: 10  -1162.92  -1174.55  3.55184  3.55184  
protocols.relax.FastRelax: CMD: accept_to_best  -1162.92  2.36623  2.36623  0.55
protocols.relax.FastRelax: CMD: endrepeat  -1162.92  2.36623  2.36623  0.55
protocols.relax.FastRelax: CMD: coord_cst_weight  33791  2.36623  2.36623  0.55
protocols.relax.FastRelax: CMD: scale:fa_rep  33459.7  2.36623  2.36623  0.022
core.pack.task: Packer task: initialize from command line() 
core.pack.pack_rotamers: built 7762 rotamers at 492 positions.
core.pack.interaction_graph.interaction_graph_factory: Instantiating DensePDInteractionGraph
protocols.relax.FastRelax: CMD: repack  33438  2.36623  2.36623  0.022
protocols.relax.FastRelax: CMD: scale:fa_rep  33444  2.36623  2.36623  0.02805
core.optimization.Minimizer: [ WARNING ] LBFGS MAX CYCLES 2000 EXCEEDED, BUT FUNC NOT CONVERGED!
protocols.relax.FastRelax: CMD: min  -1286.51  0.179577  0.179577  0.02805
protocols.relax.FastRelax: CMD: coord_cst_weight  -1357.88  0.179577  0.179577  0.02805
protocols.relax.FastRelax: CMD: scale:fa_rep  -1028.13  0.179577  0.179577  0.14575
core.pack.task: Packer task: initialize from command line() 
core.pack.pack_rotamers: built 7396 rotamers at 492 positions.
core.pack.interaction_graph.interaction_graph_factory: Instantiating DensePDInteractionGraph
protocols.relax.FastRelax: CMD: repack  -1050.66  0.179577  0.179577  0.14575
protocols.relax.FastRelax: CMD: scale:fa_rep  -1029.86  0.179577  0.179577  0.154
protocols.relax.FastRelax: CMD: min  -1187.89  0.228416  0.228416  0.154
protocols.relax.FastRelax: CMD: coord_cst_weight  -1302.83  0.228416  0.228416  0.154
protocols.relax.FastRelax: CMD: scale:fa_rep  -1120.38  0.228416  0.228416  0.30745
core.pack.task: Packer task: initialize from command line() 
core.pack.pack_rotamers: built 7166 rotamers at 492 positions.
core.pack.interaction_graph.interaction_graph_factory: Instantiating DensePDInteractionGraph
protocols.relax.FastRelax: CMD: repack  -1119.99  0.228416  0.228416  0.30745
protocols.relax.FastRelax: CMD: scale:fa_rep  -1105.75  0.228416  0.228416  0.31955
protocols.relax.FastRelax: CMD: min  -1304.59  3.20331  3.20331  0.31955
protocols.relax.FastRelax: CMD: coord_cst_weight  -1304.59  3.20331  3.20331  0.31955
protocols.relax.FastRelax: CMD: scale:fa_rep  -1099.03  3.20331  3.20331  0.55
core.pack.task: Packer task: initialize from command line() 
core.pack.pack_rotamers: built 6956 rotamers at 492 positions.
core.pack.interaction_graph.interaction_graph_factory: Instantiating DensePDInteractionGraph
protocols.relax.FastRelax: CMD: repack  -1102.53  3.20331  3.20331  0.55
protocols.relax.FastRelax: CMD: min  -1155.21  3.52483  3.52483  0.55
protocols.relax.FastRelax: MRP: 11  -1155.21  -1174.55  3.55184  3.55184  
protocols.relax.FastRelax: CMD: accept_to_best  -1155.21  3.52483  3.52483  0.55
protocols.relax.FastRelax: CMD: endrepeat  -1155.21  3.52483  3.52483  0.55
protocols.relax.FastRelax: CMD: coord_cst_weight  89197.7  3.52483  3.52483  0.55
protocols.relax.FastRelax: CMD: scale:fa_rep  88866.5  3.52483  3.52483  0.022
core.pack.task: Packer task: initialize from command line() 
core.pack.pack_rotamers: built 7753 rotamers at 492 positions.
core.pack.interaction_graph.interaction_graph_factory: Instantiating DensePDInteractionGraph
protocols.relax.FastRelax: CMD: repack  88841.2  3.52483  3.52483  0.022
protocols.relax.FastRelax: CMD: scale:fa_rep  88848.2  3.52483  3.52483  0.02805
core.optimization.Minimizer: [ WARNING ] LBFGS MAX CYCLES 2000 EXCEEDED, BUT FUNC NOT CONVERGED!
protocols.relax.FastRelax: CMD: min  -1251.04  0.186758  0.186758  0.02805
protocols.relax.FastRelax: CMD: coord_cst_weight  -1327.41  0.186758  0.186758  0.02805
protocols.relax.FastRelax: CMD: scale:fa_rep  -963.205  0.186758  0.186758  0.14575
core.pack.task: Packer task: initialize from command line() 
core.pack.pack_rotamers: built 7329 rotamers at 492 positions.
core.pack.interaction_graph.interaction_graph_factory: Instantiating DensePDInteractionGraph
protocols.relax.FastRelax: CMD: repack  -1033.74  0.186758  0.186758  0.14575
protocols.relax.FastRelax: CMD: scale:fa_rep  -1013.17  0.186758  0.186758  0.154
protocols.relax.FastRelax: CMD: min  -1188.09  0.229885  0.229885  0.154
protocols.relax.FastRelax: CMD: coord_cst_weight  -1304.4  0.229885  0.229885  0.154
protocols.relax.FastRelax: CMD: scale:fa_rep  -1122.66  0.229885  0.229885  0.30745
core.pack.task: Packer task: initialize from command line() 
core.pack.pack_rotamers: built 7152 rotamers at 492 positions.
core.pack.interaction_graph.interaction_graph_factory: Instantiating DensePDInteractionGraph
protocols.relax.FastRelax: CMD: repack  -1123.2  0.229885  0.229885  0.30745
protocols.relax.FastRelax: CMD: scale:fa_rep  -1108.96  0.229885  0.229885  0.31955
protocols.relax.FastRelax: CMD: min  -1311.08  4.27203  4.27203  0.31955
protocols.relax.FastRelax: CMD: coord_cst_weight  -1311.08  4.27203  4.27203  0.31955
protocols.relax.FastRelax: CMD: scale:fa_rep  -1106.27  4.27203  4.27203  0.55
core.pack.task: Packer task: initialize from command line() 
core.pack.pack_rotamers: built 6946 rotamers at 492 positions.
core.pack.interaction_graph.interaction_graph_factory: Instantiating DensePDInteractionGraph
protocols.relax.FastRelax: CMD: repack  -1113.58  4.27203  4.27203  0.55
protocols.relax.FastRelax: CMD: min  -1174.87  4.08621  4.08621  0.55
protocols.relax.FastRelax: MRP: 12  -1174.87  -1174.87  4.08621  4.08621  
protocols.relax.FastRelax: CMD: accept_to_best  -1174.87  4.08621  4.08621  0.55
protocols.relax.FastRelax: CMD: endrepeat  -1174.87  4.08621  4.08621  0.55
protocols.relax.FastRelax: CMD: coord_cst_weight  84738.2  4.08621  4.08621  0.55
protocols.relax.FastRelax: CMD: scale:fa_rep  84407.8  4.08621  4.08621  0.022
core.pack.task: Packer task: initialize from command line() 
core.pack.pack_rotamers: built 7759 rotamers at 492 positions.
core.pack.interaction_graph.interaction_graph_factory: Instantiating DensePDInteractionGraph
protocols.relax.FastRelax: CMD: repack  84389.3  4.08621  4.08621  0.022
protocols.relax.FastRelax: CMD: scale:fa_rep  84396  4.08621  4.08621  0.02805
core.optimization.Minimizer: [ WARNING ] LBFGS MAX CYCLES 2000 EXCEEDED, BUT FUNC NOT CONVERGED!
protocols.relax.FastRelax: CMD: min  -1249.66  0.188604  0.188604  0.02805
protocols.relax.FastRelax: CMD: coord_cst_weight  -1329.28  0.188604  0.188604  0.02805
protocols.relax.FastRelax: CMD: scale:fa_rep  -960.822  0.188604  0.188604  0.14575
core.pack.task: Packer task: initialize from command line() 
core.pack.pack_rotamers: built 7329 rotamers at 492 positions.
core.pack.interaction_graph.interaction_graph_factory: Instantiating DensePDInteractionGraph
protocols.relax.FastRelax: CMD: repack  -1031.4  0.188604  0.188604  0.14575
protocols.relax.FastRelax: CMD: scale:fa_rep  -1010.88  0.188604  0.188604  0.154
protocols.relax.FastRelax: CMD: min  -1186.63  0.229238  0.229238  0.154
protocols.relax.FastRelax: CMD: coord_cst_weight  -1302.79  0.229238  0.229238  0.154
protocols.relax.FastRelax: CMD: scale:fa_rep  -1123.95  0.229238  0.229238  0.30745
core.pack.task: Packer task: initialize from command line() 
core.pack.pack_rotamers: built 7179 rotamers at 492 positions.
core.pack.interaction_graph.interaction_graph_factory: Instantiating DensePDInteractionGraph
protocols.relax.FastRelax: CMD: repack  -1124.01  0.229238  0.229238  0.30745
protocols.relax.FastRelax: CMD: scale:fa_rep  -1109.96  0.229238  0.229238  0.31955
protocols.relax.FastRelax: CMD: min  -1295.14  3.83511  3.83511  0.31955
protocols.relax.FastRelax: CMD: coord_cst_weight  -1295.14  3.83511  3.83511  0.31955
protocols.relax.FastRelax: CMD: scale:fa_rep  -1086.09  3.83511  3.83511  0.55
core.pack.task: Packer task: initialize from command line() 
core.pack.pack_rotamers: built 6929 rotamers at 492 positions.
core.pack.interaction_graph.interaction_graph_factory: Instantiating DensePDInteractionGraph
protocols.relax.FastRelax: CMD: repack  -1088.74  3.83511  3.83511  0.55
protocols.relax.FastRelax: CMD: min  -1128.55  3.86518  3.86518  0.55
protocols.relax.FastRelax: MRP: 13  -1128.55  -1174.87  4.08621  4.08621  
protocols.relax.FastRelax: CMD: accept_to_best  -1128.55  3.86518  3.86518  0.55
protocols.relax.FastRelax: CMD: endrepeat  -1128.55  3.86518  3.86518  0.55
protocols.relax.FastRelax: CMD: coord_cst_weight  73588.5  3.86518  3.86518  0.55
protocols.relax.FastRelax: CMD: scale:fa_rep  73245.7  3.86518  3.86518  0.022
core.pack.task: Packer task: initialize from command line() 
core.pack.pack_rotamers: built 7739 rotamers at 492 positions.
core.pack.interaction_graph.interaction_graph_factory: Instantiating DensePDInteractionGraph
protocols.relax.FastRelax: CMD: repack  73226  3.86518  3.86518  0.022
protocols.relax.FastRelax: CMD: scale:fa_rep  73234.4  3.86518  3.86518  0.02805
core.optimization.Minimizer: [ WARNING ] LBFGS MAX CYCLES 2000 EXCEEDED, BUT FUNC NOT CONVERGED!
protocols.relax.FastRelax: CMD: min  -1266.57  0.187679  0.187679  0.02805
protocols.relax.FastRelax: CMD: coord_cst_weight  -1342.59  0.187679  0.187679  0.02805
protocols.relax.FastRelax: CMD: scale:fa_rep  -979.085  0.187679  0.187679  0.14575
core.pack.task: Packer task: initialize from command line() 
core.pack.pack_rotamers: built 7340 rotamers at 492 positions.
core.pack.interaction_graph.interaction_graph_factory: Instantiating DensePDInteractionGraph
protocols.relax.FastRelax: CMD: repack  -1045.1  0.187679  0.187679  0.14575
protocols.relax.FastRelax: CMD: scale:fa_rep  -1024.38  0.187679  0.187679  0.154
protocols.relax.FastRelax: CMD: min  -1188.65  0.229815  0.229815  0.154
protocols.relax.FastRelax: CMD: coord_cst_weight  -1304.44  0.229815  0.229815  0.154
protocols.relax.FastRelax: CMD: scale:fa_rep  -1121.41  0.229815  0.229815  0.30745
core.pack.task: Packer task: initialize from command line() 
core.pack.pack_rotamers: built 7170 rotamers at 492 positions.
core.pack.interaction_graph.interaction_graph_factory: Instantiating DensePDInteractionGraph
protocols.relax.FastRelax: CMD: repack  -1122.43  0.229815  0.229815  0.30745
protocols.relax.FastRelax: CMD: scale:fa_rep  -1108.12  0.229815  0.229815  0.31955
protocols.relax.FastRelax: CMD: min  -1300.25  4.0291  4.0291  0.31955
protocols.relax.FastRelax: CMD: coord_cst_weight  -1300.25  4.0291  4.0291  0.31955
protocols.relax.FastRelax: CMD: scale:fa_rep  -1093.03  4.0291  4.0291  0.55
core.pack.task: Packer task: initialize from command line() 
core.pack.pack_rotamers: built 6990 rotamers at 492 positions.
core.pack.interaction_graph.interaction_graph_factory: Instantiating DensePDInteractionGraph
protocols.relax.FastRelax: CMD: repack  -1100.78  4.0291  4.0291  0.55
protocols.relax.FastRelax: CMD: min  -1161.14  4.04884  4.04884  0.55
protocols.relax.FastRelax: MRP: 14  -1161.14  -1174.87  4.08621  4.08621  
protocols.relax.FastRelax: CMD: accept_to_best  -1161.14  4.04884  4.04884  0.55
protocols.relax.FastRelax: CMD: endrepeat  -1161.14  4.04884  4.04884  0.55
protocols::checkpoint: Deleting checkpoints of FastRelax
protocols.jd2.JobDistributor: target.BL00010001_10_0005 reported success in 13277 seconds
protocols.jd2.PDBJobInputter: PDBJobInputter::pose_from_job
protocols.jd2.PDBJobInputter: filling pose from PDB ../1-modeller/target.BL00010001.pdb
core.import_pose.import_pose: File '../1-modeller/target.BL00010001.pdb' automatically determined to be of type PDB from contents.
core.io.rcsb.ExperimentalTechnique: [ ERROR ] Unrecognized experimental technique string 'THEORETICAL MODEL, MODELLER 10.8 2026/08/10 16:18:02'
protocols.relax.FastRelax: CMD: repeat  4476.34  0  0  0.55
protocols.relax.FastRelax: CMD: coord_cst_weight  4476.34  0  0  0.55
protocols.relax.FastRelax: CMD: scale:fa_rep  806.987  0  0  0.022
core.pack.task: Packer task: initialize from command line() 
core.pack.pack_rotamers: built 8129 rotamers at 492 positions.
core.pack.interaction_graph.interaction_graph_factory: Instantiating DensePDInteractionGraph
protocols.relax.FastRelax: CMD: repack  -879.26  0  0  0.022
protocols.relax.FastRelax: CMD: scale:fa_rep  -839.044  0  0  0.02805
core.optimization.Minimizer: [ WARNING ] LBFGS MAX CYCLES 2000 EXCEEDED, BUT FUNC NOT CONVERGED!
protocols.relax.FastRelax: CMD: min  -1297.64  0.149624  0.149624  0.02805
protocols.relax.FastRelax: CMD: coord_cst_weight  -1344.78  0.149624  0.149624  0.02805
protocols.relax.FastRelax: CMD: scale:fa_rep  -955.954  0.149624  0.149624  0.14575
core.pack.task: Packer task: initialize from command line() 
core.pack.pack_rotamers: built 7449 rotamers at 492 positions.
core.pack.interaction_graph.interaction_graph_factory: Instantiating DensePDInteractionGraph
protocols.relax.FastRelax: CMD: repack  -1001.75  0.149624  0.149624  0.14575
protocols.relax.FastRelax: CMD: scale:fa_rep  -980.011  0.149624  0.149624  0.154
protocols.relax.FastRelax: CMD: min  -1161.75  0.203411  0.203411  0.154
protocols.relax.FastRelax: CMD: coord_cst_weight  -1250.51  0.203411  0.203411  0.154
protocols.relax.FastRelax: CMD: scale:fa_rep  -1061.11  0.203411  0.203411  0.30745
core.pack.task: Packer task: initialize from command line() 
core.pack.pack_rotamers: built 7162 rotamers at 492 positions.
core.pack.interaction_graph.interaction_graph_factory: Instantiating DensePDInteractionGraph
protocols.relax.FastRelax: CMD: repack  -1062.66  0.203411  0.203411  0.30745
protocols.relax.FastRelax: CMD: scale:fa_rep  -1047.88  0.203411  0.203411  0.31955
protocols.relax.FastRelax: CMD: min  -1241.78  3.0221  3.0221  0.31955
protocols.relax.FastRelax: CMD: coord_cst_weight  -1241.78  3.0221  3.0221  0.31955
protocols.relax.FastRelax: CMD: scale:fa_rep  -1032.62  3.0221  3.0221  0.55
core.pack.task: Packer task: initialize from command line() 
core.pack.pack_rotamers: built 7060 rotamers at 492 positions.
core.pack.interaction_graph.interaction_graph_factory: Instantiating DensePDInteractionGraph
protocols.relax.FastRelax: CMD: repack  -1040.82  3.0221  3.0221  0.55
protocols.relax.FastRelax: CMD: min  -1110.32  3.40162  3.40162  0.55
protocols.relax.FastRelax: MRP: 0  -1110.32  -1110.32  3.40162  3.40162  
protocols.relax.FastRelax: CMD: accept_to_best  -1110.32  3.40162  3.40162  0.55
protocols.relax.FastRelax: CMD: endrepeat  -1110.32  3.40162  3.40162  0.55
protocols.relax.FastRelax: CMD: coord_cst_weight  90684.5  3.40162  3.40162  0.55
protocols.relax.FastRelax: CMD: scale:fa_rep  90352.7  3.40162  3.40162  0.022
core.pack.task: Packer task: initialize from command line() 
core.pack.pack_rotamers: built 7804 rotamers at 492 positions.
core.pack.interaction_graph.interaction_graph_factory: Instantiating DensePDInteractionGraph
protocols.relax.FastRelax: CMD: repack  90337.5  3.40162  3.40162  0.022
protocols.relax.FastRelax: CMD: scale:fa_rep  90345.3  3.40162  3.40162  0.02805
core.optimization.Minimizer: [ WARNING ] LBFGS MAX CYCLES 2000 EXCEEDED, BUT FUNC NOT CONVERGED!
protocols.relax.FastRelax: CMD: min  -1263.47  0.174375  0.174375  0.02805
protocols.relax.FastRelax: CMD: coord_cst_weight  -1328.63  0.174375  0.174375  0.02805
protocols.relax.FastRelax: CMD: scale:fa_rep  -998.535  0.174375  0.174375  0.14575
core.pack.task: Packer task: initialize from command line() 
core.pack.pack_rotamers: built 7309 rotamers at 492 positions.
core.pack.interaction_graph.interaction_graph_factory: Instantiating DensePDInteractionGraph
protocols.relax.FastRelax: CMD: repack  -1035.6  0.174375  0.174375  0.14575
protocols.relax.FastRelax: CMD: scale:fa_rep  -1015.46  0.174375  0.174375  0.154
protocols.relax.FastRelax: CMD: min  -1177.19  0.21516  0.21516  0.154
protocols.relax.FastRelax: CMD: coord_cst_weight  -1277.67  0.21516  0.21516  0.154
protocols.relax.FastRelax: CMD: scale:fa_rep  -1095.89  0.21516  0.21516  0.30745
core.pack.task: Packer task: initialize from command line() 
core.pack.pack_rotamers: built 7148 rotamers at 492 positions.
core.pack.interaction_graph.interaction_graph_factory: Instantiating DensePDInteractionGraph
protocols.relax.FastRelax: CMD: repack  -1098.97  0.21516  0.21516  0.30745
protocols.relax.FastRelax: CMD: scale:fa_rep  -1084.94  0.21516  0.21516  0.31955
protocols.relax.FastRelax: CMD: min  -1286.11  3.07518  3.07518  0.31955
protocols.relax.FastRelax: CMD: coord_cst_weight  -1286.11  3.07518  3.07518  0.31955
protocols.relax.FastRelax: CMD: scale:fa_rep  -1080.37  3.07518  3.07518  0.55
core.pack.task: Packer task: initialize from command line() 
core.pack.pack_rotamers: built 6912 rotamers at 492 positions.
core.pack.interaction_graph.interaction_graph_factory: Instantiating DensePDInteractionGraph
protocols.relax.FastRelax: CMD: repack  -1076  3.07518  3.07518  0.55
protocols.relax.FastRelax: CMD: min  -1128.53  3.52767  3.52767  0.55
protocols.relax.FastRelax: MRP: 1  -1128.53  -1128.53  3.52767  3.52767  
protocols.relax.FastRelax: CMD: accept_to_best  -1128.53  3.52767  3.52767  0.55
protocols.relax.FastRelax: CMD: endrepeat  -1128.53  3.52767  3.52767  0.55
protocols.relax.FastRelax: CMD: coord_cst_weight  109517  3.52767  3.52767  0.55
protocols.relax.FastRelax: CMD: scale:fa_rep  109190  3.52767  3.52767  0.022
core.pack.task: Packer task: initialize from command line() 
core.pack.pack_rotamers: built 7729 rotamers at 492 positions.
core.pack.interaction_graph.interaction_graph_factory: Instantiating DensePDInteractionGraph
protocols.relax.FastRelax: CMD: repack  109167  3.52767  3.52767  0.022
protocols.relax.FastRelax: CMD: scale:fa_rep  109176  3.52767  3.52767  0.02805
core.optimization.Minimizer: [ WARNING ] LBFGS MAX CYCLES 2000 EXCEEDED, BUT FUNC NOT CONVERGED!
protocols.relax.FastRelax: CMD: min  -1247.49  0.179389  0.179389  0.02805
protocols.relax.FastRelax: CMD: coord_cst_weight  -1318.13  0.179389  0.179389  0.02805
protocols.relax.FastRelax: CMD: scale:fa_rep  -983.292  0.179389  0.179389  0.14575
core.pack.task: Packer task: initialize from command line() 
core.pack.pack_rotamers: built 7325 rotamers at 492 positions.
core.pack.interaction_graph.interaction_graph_factory: Instantiating DensePDInteractionGraph
protocols.relax.FastRelax: CMD: repack  -1032.08  0.179389  0.179389  0.14575
protocols.relax.FastRelax: CMD: scale:fa_rep  -1012.01  0.179389  0.179389  0.154
protocols.relax.FastRelax: CMD: min  -1176.23  0.217473  0.217473  0.154
protocols.relax.FastRelax: CMD: coord_cst_weight  -1280.54  0.217473  0.217473  0.154
protocols.relax.FastRelax: CMD: scale:fa_rep  -1096.92  0.217473  0.217473  0.30745
core.pack.task: Packer task: initialize from command line() 
core.pack.pack_rotamers: built 7153 rotamers at 492 positions.
core.pack.interaction_graph.interaction_graph_factory: Instantiating DensePDInteractionGraph
protocols.relax.FastRelax: CMD: repack  -1099.64  0.217473  0.217473  0.30745
protocols.relax.FastRelax: CMD: scale:fa_rep  -1085.4  0.217473  0.217473  0.31955
protocols.relax.FastRelax: CMD: min  -1291.86  3.11842  3.11842  0.31955
protocols.relax.FastRelax: CMD: coord_cst_weight  -1291.86  3.11842  3.11842  0.31955
protocols.relax.FastRelax: CMD: scale:fa_rep  -1089.3  3.11842  3.11842  0.55
core.pack.task: Packer task: initialize from command line() 
core.pack.pack_rotamers: built 6956 rotamers at 492 positions.
core.pack.interaction_graph.interaction_graph_factory: Instantiating DensePDInteractionGraph
protocols.relax.FastRelax: CMD: repack  -1090.4  3.11842  3.11842  0.55
protocols.relax.FastRelax: CMD: min  -1140.82  3.28725  3.28725  0.55
protocols.relax.FastRelax: MRP: 2  -1140.82  -1140.82  3.28725  3.28725  
protocols.relax.FastRelax: CMD: accept_to_best  -1140.82  3.28725  3.28725  0.55
protocols.relax.FastRelax: CMD: endrepeat  -1140.82  3.28725  3.28725  0.55
protocols.relax.FastRelax: CMD: coord_cst_weight  53112.7  3.28725  3.28725  0.55
protocols.relax.FastRelax: CMD: scale:fa_rep  52785.6  3.28725  3.28725  0.022
core.pack.task: Packer task: initialize from command line() 
core.pack.pack_rotamers: built 7733 rotamers at 492 positions.
core.pack.interaction_graph.interaction_graph_factory: Instantiating DensePDInteractionGraph
protocols.relax.FastRelax: CMD: repack  52756.5  3.28725  3.28725  0.022
protocols.relax.FastRelax: CMD: scale:fa_rep  52764.4  3.28725  3.28725  0.02805
core.optimization.Minimizer: [ WARNING ] LBFGS MAX CYCLES 2000 EXCEEDED, BUT FUNC NOT CONVERGED!
protocols.relax.FastRelax: CMD: min  -1249.03  0.184691  0.184691  0.02805
protocols.relax.FastRelax: CMD: coord_cst_weight  -1324.15  0.184691  0.184691  0.02805
protocols.relax.FastRelax: CMD: scale:fa_rep  -975.917  0.184691  0.184691  0.14575
core.pack.task: Packer task: initialize from command line() 
core.pack.pack_rotamers: built 7346 rotamers at 492 positions.
core.pack.interaction_graph.interaction_graph_factory: Instantiating DensePDInteractionGraph
protocols.relax.FastRelax: CMD: repack  -1034.26  0.184691  0.184691  0.14575
protocols.relax.FastRelax: CMD: scale:fa_rep  -1014.2  0.184691  0.184691  0.154
protocols.relax.FastRelax: CMD: min  -1175.85  0.221765  0.221765  0.154
protocols.relax.FastRelax: CMD: coord_cst_weight  -1283.16  0.221765  0.221765  0.154
protocols.relax.FastRelax: CMD: scale:fa_rep  -1103.18  0.221765  0.221765  0.30745
core.pack.task: Packer task: initialize from command line() 
core.pack.pack_rotamers: built 7151 rotamers at 492 positions.
core.pack.interaction_graph.interaction_graph_factory: Instantiating DensePDInteractionGraph
protocols.relax.FastRelax: CMD: repack  -1102.48  0.221765  0.221765  0.30745
protocols.relax.FastRelax: CMD: scale:fa_rep  -1088.39  0.221765  0.221765  0.31955
protocols.relax.FastRelax: CMD: min  -1281.8  2.81844  2.81844  0.31955
protocols.relax.FastRelax: CMD: coord_cst_weight  -1281.8  2.81844  2.81844  0.31955
protocols.relax.FastRelax: CMD: scale:fa_rep  -1077.47  2.81844  2.81844  0.55
core.pack.task: Packer task: initialize from command line() 
core.pack.pack_rotamers: built 6905 rotamers at 492 positions.
core.pack.interaction_graph.interaction_graph_factory: Instantiating DensePDInteractionGraph
protocols.relax.FastRelax: CMD: repack  -1082.88  2.81844  2.81844  0.55
protocols.relax.FastRelax: CMD: min  -1140.65  2.86398  2.86398  0.55
protocols.relax.FastRelax: MRP: 3  -1140.65  -1140.82  3.28725  3.28725  
protocols.relax.FastRelax: CMD: accept_to_best  -1140.65  2.86398  2.86398  0.55
protocols.relax.FastRelax: CMD: endrepeat  -1140.65  2.86398  2.86398  0.55
protocols.relax.FastRelax: CMD: coord_cst_weight  45818  2.86398  2.86398  0.55
protocols.relax.FastRelax: CMD: scale:fa_rep  45491  2.86398  2.86398  0.022
core.pack.task: Packer task: initialize from command line() 
core.pack.pack_rotamers: built 7749 rotamers at 492 positions.
core.pack.interaction_graph.interaction_graph_factory: Instantiating DensePDInteractionGraph
protocols.relax.FastRelax: CMD: repack  45469.3  2.86398  2.86398  0.022
protocols.relax.FastRelax: CMD: scale:fa_rep  45475.3  2.86398  2.86398  0.02805
core.optimization.Minimizer: [ WARNING ] LBFGS MAX CYCLES 2000 EXCEEDED, BUT FUNC NOT CONVERGED!
protocols.relax.FastRelax: CMD: min  -1248.49  0.179933  0.179933  0.02805
protocols.relax.FastRelax: CMD: coord_cst_weight  -1317.57  0.179933  0.179933  0.02805
protocols.relax.FastRelax: CMD: scale:fa_rep  -994.259  0.179933  0.179933  0.14575
core.pack.task: Packer task: initialize from command line() 
core.pack.pack_rotamers: built 7330 rotamers at 492 positions.
core.pack.interaction_graph.interaction_graph_factory: Instantiating DensePDInteractionGraph
protocols.relax.FastRelax: CMD: repack  -1033.68  0.179933  0.179933  0.14575
protocols.relax.FastRelax: CMD: scale:fa_rep  -1013.63  0.179933  0.179933  0.154
protocols.relax.FastRelax: CMD: min  -1168.62  0.22317  0.22317  0.154
protocols.relax.FastRelax: CMD: coord_cst_weight  -1277.09  0.22317  0.22317  0.154
protocols.relax.FastRelax: CMD: scale:fa_rep  -1095.07  0.22317  0.22317  0.30745
core.pack.task: Packer task: initialize from command line() 
core.pack.pack_rotamers: built 7157 rotamers at 492 positions.
core.pack.interaction_graph.interaction_graph_factory: Instantiating DensePDInteractionGraph
protocols.relax.FastRelax: CMD: repack  -1096.61  0.22317  0.22317  0.30745
protocols.relax.FastRelax: CMD: scale:fa_rep  -1082.45  0.22317  0.22317  0.31955
protocols.relax.FastRelax: CMD: min  -1297.54  2.66124  2.66124  0.31955
protocols.relax.FastRelax: CMD: coord_cst_weight  -1297.54  2.66124  2.66124  0.31955
protocols.relax.FastRelax: CMD: scale:fa_rep  -1093.7  2.66124  2.66124  0.55
core.pack.task: Packer task: initialize from command line() 
core.pack.pack_rotamers: built 6836 rotamers at 492 positions.
core.pack.interaction_graph.interaction_graph_factory: Instantiating DensePDInteractionGraph
protocols.relax.FastRelax: CMD: repack  -1090.14  2.66124  2.66124  0.55
protocols.relax.FastRelax: CMD: min  -1142.25  2.96107  2.96107  0.55
protocols.relax.FastRelax: MRP: 4  -1142.25  -1142.25  2.96107  2.96107  
protocols.relax.FastRelax: CMD: accept_to_best  -1142.25  2.96107  2.96107  0.55
protocols.relax.FastRelax: CMD: endrepeat  -1142.25  2.96107  2.96107  0.55
protocols.relax.FastRelax: CMD: coord_cst_weight  41524.1  2.96107  2.96107  0.55
protocols.relax.FastRelax: CMD: scale:fa_rep  41198.5  2.96107  2.96107  0.022
core.pack.task: Packer task: initialize from command line() 
core.pack.pack_rotamers: built 7625 rotamers at 492 positions.
core.pack.interaction_graph.interaction_graph_factory: Instantiating DensePDInteractionGraph
protocols.relax.FastRelax: CMD: repack  41175.3  2.96107  2.96107  0.022
protocols.relax.FastRelax: CMD: scale:fa_rep  41181.1  2.96107  2.96107  0.02805
core.optimization.Minimizer: [ WARNING ] LBFGS MAX CYCLES 2000 EXCEEDED, BUT FUNC NOT CONVERGED!
protocols.relax.FastRelax: CMD: min  -1251.82  0.179897  0.179897  0.02805
protocols.relax.FastRelax: CMD: coord_cst_weight  -1322.29  0.179897  0.179897  0.02805
protocols.relax.FastRelax: CMD: scale:fa_rep  -1007.2  0.179897  0.179897  0.14575
core.pack.task: Packer task: initialize from command line() 
core.pack.pack_rotamers: built 7348 rotamers at 492 positions.
core.pack.interaction_graph.interaction_graph_factory: Instantiating DensePDInteractionGraph
protocols.relax.FastRelax: CMD: repack  -1036.99  0.179897  0.179897  0.14575
protocols.relax.FastRelax: CMD: scale:fa_rep  -1016.96  0.179897  0.179897  0.154
protocols.relax.FastRelax: CMD: min  -1176.8  0.219366  0.219366  0.154
protocols.relax.FastRelax: CMD: coord_cst_weight  -1283.01  0.219366  0.219366  0.154
protocols.relax.FastRelax: CMD: scale:fa_rep  -1102.5  0.219366  0.219366  0.30745
core.pack.task: Packer task: initialize from command line() 
core.pack.pack_rotamers: built 7121 rotamers at 492 positions.
core.pack.interaction_graph.interaction_graph_factory: Instantiating DensePDInteractionGraph
protocols.relax.FastRelax: CMD: repack  -1104.71  0.219366  0.219366  0.30745
protocols.relax.FastRelax: CMD: scale:fa_rep  -1090.73  0.219366  0.219366  0.31955
protocols.relax.FastRelax: CMD: min  -1292.05  2.80487  2.80487  0.31955
protocols.relax.FastRelax: CMD: coord_cst_weight  -1292.05  2.80487  2.80487  0.31955
protocols.relax.FastRelax: CMD: scale:fa_rep  -1088.34  2.80487  2.80487  0.55
core.pack.task: Packer task: initialize from command line() 
core.pack.pack_rotamers: built 6936 rotamers at 492 positions.
core.pack.interaction_graph.interaction_graph_factory: Instantiating DensePDInteractionGraph
protocols.relax.FastRelax: CMD: repack  -1092.38  2.80487  2.80487  0.55
protocols.relax.FastRelax: CMD: min  -1140.94  2.82524  2.82524  0.55
protocols.relax.FastRelax: MRP: 5  -1140.94  -1142.25  2.96107  2.96107  
protocols.relax.FastRelax: CMD: accept_to_best  -1140.94  2.82524  2.82524  0.55
protocols.relax.FastRelax: CMD: endrepeat  -1140.94  2.82524  2.82524  0.55
protocols.relax.FastRelax: CMD: coord_cst_weight  40801.8  2.82524  2.82524  0.55
protocols.relax.FastRelax: CMD: scale:fa_rep  40473.8  2.82524  2.82524  0.022
core.pack.task: Packer task: initialize from command line() 
core.pack.pack_rotamers: built 7677 rotamers at 492 positions.
core.pack.interaction_graph.interaction_graph_factory: Instantiating DensePDInteractionGraph
protocols.relax.FastRelax: CMD: repack  40461.6  2.82524  2.82524  0.022
protocols.relax.FastRelax: CMD: scale:fa_rep  40467.9  2.82524  2.82524  0.02805
core.optimization.Minimizer: [ WARNING ] LBFGS MAX CYCLES 2000 EXCEEDED, BUT FUNC NOT CONVERGED!
protocols.relax.FastRelax: CMD: min  -1259.98  0.175465  0.175465  0.02805
protocols.relax.FastRelax: CMD: coord_cst_weight  -1328.33  0.175465  0.175465  0.02805
protocols.relax.FastRelax: CMD: scale:fa_rep  -1021.28  0.175465  0.175465  0.14575
core.pack.task: Packer task: initialize from command line() 
core.pack.pack_rotamers: built 7270 rotamers at 492 positions.
core.pack.interaction_graph.interaction_graph_factory: Instantiating DensePDInteractionGraph
protocols.relax.FastRelax: CMD: repack  -1046.17  0.175465  0.175465  0.14575
protocols.relax.FastRelax: CMD: scale:fa_rep  -1026.47  0.175465  0.175465  0.154
protocols.relax.FastRelax: CMD: min  -1175.97  0.220568  0.220568  0.154
protocols.relax.FastRelax: CMD: coord_cst_weight  -1283.68  0.220568  0.220568  0.154
protocols.relax.FastRelax: CMD: scale:fa_rep  -1103.68  0.220568  0.220568  0.30745
core.pack.task: Packer task: initialize from command line() 
core.pack.pack_rotamers: built 7133 rotamers at 492 positions.
core.pack.interaction_graph.interaction_graph_factory: Instantiating DensePDInteractionGraph
protocols.relax.FastRelax: CMD: repack  -1105.1  0.220568  0.220568  0.30745
protocols.relax.FastRelax: CMD: scale:fa_rep  -1091.12  0.220568  0.220568  0.31955
protocols.relax.FastRelax: CMD: min  -1293.93  2.77885  2.77885  0.31955
protocols.relax.FastRelax: CMD: coord_cst_weight  -1293.93  2.77885  2.77885  0.31955
protocols.relax.FastRelax: CMD: scale:fa_rep  -1087.94  2.77885  2.77885  0.55
core.pack.task: Packer task: initialize from command line() 
core.pack.pack_rotamers: built 6963 rotamers at 492 positions.
core.pack.interaction_graph.interaction_graph_factory: Instantiating DensePDInteractionGraph
protocols.relax.FastRelax: CMD: repack  -1092.52  2.77885  2.77885  0.55
protocols.relax.FastRelax: CMD: min  -1144.09  2.7703  2.7703  0.55
protocols.relax.FastRelax: MRP: 6  -1144.09  -1144.09  2.7703  2.7703  
protocols.relax.FastRelax: CMD: accept_to_best  -1144.09  2.7703  2.7703  0.55
protocols.relax.FastRelax: CMD: endrepeat  -1144.09  2.7703  2.7703  0.55
protocols.relax.FastRelax: CMD: coord_cst_weight  37750.1  2.7703  2.7703  0.55
protocols.relax.FastRelax: CMD: scale:fa_rep  37422.5  2.7703  2.7703  0.022
core.pack.task: Packer task: initialize from command line() 
core.pack.pack_rotamers: built 7663 rotamers at 492 positions.
core.pack.interaction_graph.interaction_graph_factory: Instantiating DensePDInteractionGraph
protocols.relax.FastRelax: CMD: repack  37413.2  2.7703  2.7703  0.022
protocols.relax.FastRelax: CMD: scale:fa_rep  37420.4  2.7703  2.7703  0.02805
core.optimization.Minimizer: [ WARNING ] LBFGS MAX CYCLES 2000 EXCEEDED, BUT FUNC NOT CONVERGED!
protocols.relax.FastRelax: CMD: min  -1262.33  0.174974  0.174974  0.02805
protocols.relax.FastRelax: CMD: coord_cst_weight  -1330.34  0.174974  0.174974  0.02805
protocols.relax.FastRelax: CMD: scale:fa_rep  -1009.78  0.174974  0.174974  0.14575
core.pack.task: Packer task: initialize from command line() 
core.pack.pack_rotamers: built 7351 rotamers at 492 positions.
core.pack.interaction_graph.interaction_graph_factory: Instantiating DensePDInteractionGraph
protocols.relax.FastRelax: CMD: repack  -1043.5  0.174974  0.174974  0.14575
protocols.relax.FastRelax: CMD: scale:fa_rep  -1023.13  0.174974  0.174974  0.154
protocols.relax.FastRelax: CMD: min  -1178.69  0.223766  0.223766  0.154
protocols.relax.FastRelax: CMD: coord_cst_weight  -1288.91  0.223766  0.223766  0.154
protocols.relax.FastRelax: CMD: scale:fa_rep  -1107.06  0.223766  0.223766  0.30745
core.pack.task: Packer task: initialize from command line() 
core.pack.pack_rotamers: built 7129 rotamers at 492 positions.
core.pack.interaction_graph.interaction_graph_factory: Instantiating DensePDInteractionGraph
protocols.relax.FastRelax: CMD: repack  -1108.31  0.223766  0.223766  0.30745
protocols.relax.FastRelax: CMD: scale:fa_rep  -1094.25  0.223766  0.223766  0.31955
protocols.relax.FastRelax: CMD: min  -1306.81  2.72123  2.72123  0.31955
protocols.relax.FastRelax: CMD: coord_cst_weight  -1306.81  2.72123  2.72123  0.31955
protocols.relax.FastRelax: CMD: scale:fa_rep  -1103.17  2.72123  2.72123  0.55
core.pack.task: Packer task: initialize from command line() 
core.pack.pack_rotamers: built 6927 rotamers at 492 positions.
core.pack.interaction_graph.interaction_graph_factory: Instantiating DensePDInteractionGraph
protocols.relax.FastRelax: CMD: repack  -1105.2  2.72123  2.72123  0.55
protocols.relax.FastRelax: CMD: min  -1154.47  2.75154  2.75154  0.55
protocols.relax.FastRelax: MRP: 7  -1154.47  -1154.47  2.75154  2.75154  
protocols.relax.FastRelax: CMD: accept_to_best  -1154.47  2.75154  2.75154  0.55
protocols.relax.FastRelax: CMD: endrepeat  -1154.47  2.75154  2.75154  0.55
protocols.relax.FastRelax: CMD: coord_cst_weight  38891.1  2.75154  2.75154  0.55
protocols.relax.FastRelax: CMD: scale:fa_rep  38565.9  2.75154  2.75154  0.022
core.pack.task: Packer task: initialize from command line() 
core.pack.pack_rotamers: built 7660 rotamers at 492 positions.
core.pack.interaction_graph.interaction_graph_factory: Instantiating DensePDInteractionGraph
protocols.relax.FastRelax: CMD: repack  38556.3  2.75154  2.75154  0.022
protocols.relax.FastRelax: CMD: scale:fa_rep  38563  2.75154  2.75154  0.02805
core.optimization.Minimizer: [ WARNING ] LBFGS MAX CYCLES 2000 EXCEEDED, BUT FUNC NOT CONVERGED!
protocols.relax.FastRelax: CMD: min  -1265.65  0.175426  0.175426  0.02805
protocols.relax.FastRelax: CMD: coord_cst_weight  -1334.4  0.175426  0.175426  0.02805
protocols.relax.FastRelax: CMD: scale:fa_rep  -1004.77  0.175426  0.175426  0.14575
core.pack.task: Packer task: initialize from command line() 
core.pack.pack_rotamers: built 7329 rotamers at 492 positions.
core.pack.interaction_graph.interaction_graph_factory: Instantiating DensePDInteractionGraph
protocols.relax.FastRelax: CMD: repack  -1034.87  0.175426  0.175426  0.14575
protocols.relax.FastRelax: CMD: scale:fa_rep  -1014.59  0.175426  0.175426  0.154
protocols.relax.FastRelax: CMD: min  -1173.84  0.224651  0.224651  0.154
protocols.relax.FastRelax: CMD: coord_cst_weight  -1284.77  0.224651  0.224651  0.154
protocols.relax.FastRelax: CMD: scale:fa_rep  -1102.51  0.224651  0.224651  0.30745
core.pack.task: Packer task: initialize from command line() 
core.pack.pack_rotamers: built 7103 rotamers at 492 positions.
core.pack.interaction_graph.interaction_graph_factory: Instantiating DensePDInteractionGraph
protocols.relax.FastRelax: CMD: repack  -1098.23  0.224651  0.224651  0.30745
protocols.relax.FastRelax: CMD: scale:fa_rep  -1084.11  0.224651  0.224651  0.31955
protocols.relax.FastRelax: CMD: min  -1295.37  2.77357  2.77357  0.31955
protocols.relax.FastRelax: CMD: coord_cst_weight  -1295.37  2.77357  2.77357  0.31955
protocols.relax.FastRelax: CMD: scale:fa_rep  -1090.52  2.77357  2.77357  0.55
core.pack.task: Packer task: initialize from command line() 
core.pack.pack_rotamers: built 6881 rotamers at 492 positions.
core.pack.interaction_graph.interaction_graph_factory: Instantiating DensePDInteractionGraph
protocols.relax.FastRelax: CMD: repack  -1094.39  2.77357  2.77357  0.55
protocols.relax.FastRelax: CMD: min  -1147.22  2.73117  2.73117  0.55
protocols.relax.FastRelax: MRP: 8  -1147.22  -1154.47  2.75154  2.75154  
protocols.relax.FastRelax: CMD: accept_to_best  -1147.22  2.73117  2.73117  0.55
protocols.relax.FastRelax: CMD: endrepeat  -1147.22  2.73117  2.73117  0.55
protocols.relax.FastRelax: CMD: coord_cst_weight  47255.4  2.73117  2.73117  0.55
protocols.relax.FastRelax: CMD: scale:fa_rep  46926.4  2.73117  2.73117  0.022
core.pack.task: Packer task: initialize from command line() 
core.pack.pack_rotamers: built 7664 rotamers at 492 positions.
core.pack.interaction_graph.interaction_graph_factory: Instantiating DensePDInteractionGraph
protocols.relax.FastRelax: CMD: repack  46899  2.73117  2.73117  0.022
protocols.relax.FastRelax: CMD: scale:fa_rep  46906  2.73117  2.73117  0.02805
core.optimization.Minimizer: [ WARNING ] LBFGS MAX CYCLES 2000 EXCEEDED, BUT FUNC NOT CONVERGED!
protocols.relax.FastRelax: CMD: min  -1267.54  0.177277  0.177277  0.02805
protocols.relax.FastRelax: CMD: coord_cst_weight  -1336.95  0.177277  0.177277  0.02805
protocols.relax.FastRelax: CMD: scale:fa_rep  -1019.64  0.177277  0.177277  0.14575
core.pack.task: Packer task: initialize from command line() 
core.pack.pack_rotamers: built 7332 rotamers at 492 positions.
core.pack.interaction_graph.interaction_graph_factory: Instantiating DensePDInteractionGraph
protocols.relax.FastRelax: CMD: repack  -1047.08  0.177277  0.177277  0.14575
protocols.relax.FastRelax: CMD: scale:fa_rep  -1027.16  0.177277  0.177277  0.154
protocols.relax.FastRelax: CMD: min  -1174.54  0.223751  0.223751  0.154
protocols.relax.FastRelax: CMD: coord_cst_weight  -1284.74  0.223751  0.223751  0.154
protocols.relax.FastRelax: CMD: scale:fa_rep  -1101.77  0.223751  0.223751  0.30745
core.pack.task: Packer task: initialize from command line() 
core.pack.pack_rotamers: built 7106 rotamers at 492 positions.
core.pack.interaction_graph.interaction_graph_factory: Instantiating DensePDInteractionGraph
protocols.relax.FastRelax: CMD: repack  -1103.22  0.223751  0.223751  0.30745
protocols.relax.FastRelax: CMD: scale:fa_rep  -1089.03  0.223751  0.223751  0.31955
protocols.relax.FastRelax: CMD: min  -1308.72  2.33397  2.33397  0.31955
protocols.relax.FastRelax: CMD: coord_cst_weight  -1308.72  2.33397  2.33397  0.31955
protocols.relax.FastRelax: CMD: scale:fa_rep  -1103.59  2.33397  2.33397  0.55
core.pack.task: Packer task: initialize from command line() 
core.pack.pack_rotamers: built 6942 rotamers at 492 positions.
core.pack.interaction_graph.interaction_graph_factory: Instantiating DensePDInteractionGraph
protocols.relax.FastRelax: CMD: repack  -1105.7  2.33397  2.33397  0.55
protocols.relax.FastRelax: CMD: min  -1156.23  2.66311  2.66311  0.55
protocols.relax.FastRelax: MRP: 9  -1156.23  -1156.23  2.66311  2.66311  
protocols.relax.FastRelax: CMD: accept_to_best  -1156.23  2.66311  2.66311  0.55
protocols.relax.FastRelax: CMD: endrepeat  -1156.23  2.66311  2.66311  0.55
protocols.relax.FastRelax: CMD: coord_cst_weight  35944.5  2.66311  2.66311  0.55
protocols.relax.FastRelax: CMD: scale:fa_rep  35615.4  2.66311  2.66311  0.022
core.pack.task: Packer task: initialize from command line() 
core.pack.pack_rotamers: built 7695 rotamers at 492 positions.
core.pack.interaction_graph.interaction_graph_factory: Instantiating DensePDInteractionGraph
protocols.relax.FastRelax: CMD: repack  35593.9  2.66311  2.66311  0.022
protocols.relax.FastRelax: CMD: scale:fa_rep  35601.3  2.66311  2.66311  0.02805
core.optimization.Minimizer: [ WARNING ] LBFGS MAX CYCLES 2000 EXCEEDED, BUT FUNC NOT CONVERGED!
protocols.relax.FastRelax: CMD: min  -1267.34  0.177903  0.177903  0.02805
protocols.relax.FastRelax: CMD: coord_cst_weight  -1337.26  0.177903  0.177903  0.02805
protocols.relax.FastRelax: CMD: scale:fa_rep  -1018.71  0.177903  0.177903  0.14575
core.pack.task: Packer task: initialize from command line() 
core.pack.pack_rotamers: built 7298 rotamers at 492 positions.
core.pack.interaction_graph.interaction_graph_factory: Instantiating DensePDInteractionGraph
protocols.relax.FastRelax: CMD: repack  -1044.7  0.177903  0.177903  0.14575
protocols.relax.FastRelax: CMD: scale:fa_rep  -1024.44  0.177903  0.177903  0.154
protocols.relax.FastRelax: CMD: min  -1179.31  0.227571  0.227571  0.154
protocols.relax.FastRelax: CMD: coord_cst_weight  -1292.26  0.227571  0.227571  0.154
protocols.relax.FastRelax: CMD: scale:fa_rep  -1108.62  0.227571  0.227571  0.30745
core.pack.task: Packer task: initialize from command line() 
core.pack.pack_rotamers: built 7101 rotamers at 492 positions.
core.pack.interaction_graph.interaction_graph_factory: Instantiating DensePDInteractionGraph
protocols.relax.FastRelax: CMD: repack  -1110.71  0.227571  0.227571  0.30745
protocols.relax.FastRelax: CMD: scale:fa_rep  -1096.49  0.227571  0.227571  0.31955
protocols.relax.FastRelax: CMD: min  -1309.98  2.44982  2.44982  0.31955
protocols.relax.FastRelax: CMD: coord_cst_weight  -1309.98  2.44982  2.44982  0.31955
protocols.relax.FastRelax: CMD: scale:fa_rep  -1103.73  2.44982  2.44982  0.55
core.pack.task: Packer task: initialize from command line() 
core.pack.pack_rotamers: built 6956 rotamers at 492 positions.
core.pack.interaction_graph.interaction_graph_factory: Instantiating DensePDInteractionGraph
protocols.relax.FastRelax: CMD: repack  -1103.96  2.44982  2.44982  0.55
protocols.relax.FastRelax: CMD: min  -1152.5  2.50053  2.50053  0.55
protocols.relax.FastRelax: MRP: 10  -1152.5  -1156.23  2.66311  2.66311  
protocols.relax.FastRelax: CMD: accept_to_best  -1152.5  2.50053  2.50053  0.55
protocols.relax.FastRelax: CMD: endrepeat  -1152.5  2.50053  2.50053  0.55
protocols.relax.FastRelax: CMD: coord_cst_weight  28301  2.50053  2.50053  0.55
protocols.relax.FastRelax: CMD: scale:fa_rep  27974.6  2.50053  2.50053  0.022
core.pack.task: Packer task: initialize from command line() 
core.pack.pack_rotamers: built 7646 rotamers at 492 positions.
core.pack.interaction_graph.interaction_graph_factory: Instantiating DensePDInteractionGraph
protocols.relax.FastRelax: CMD: repack  27965.2  2.50053  2.50053  0.022
protocols.relax.FastRelax: CMD: scale:fa_rep  27974.2  2.50053  2.50053  0.02805
core.optimization.Minimizer: [ WARNING ] LBFGS MAX CYCLES 2000 EXCEEDED, BUT FUNC NOT CONVERGED!
protocols.relax.FastRelax: CMD: min  -1270.58  0.176983  0.176983  0.02805
protocols.relax.FastRelax: CMD: coord_cst_weight  -1338.6  0.176983  0.176983  0.02805
protocols.relax.FastRelax: CMD: scale:fa_rep  -1008.53  0.176983  0.176983  0.14575
core.pack.task: Packer task: initialize from command line() 
core.pack.pack_rotamers: built 7323 rotamers at 492 positions.
core.pack.interaction_graph.interaction_graph_factory: Instantiating DensePDInteractionGraph
protocols.relax.FastRelax: CMD: repack  -1035.88  0.176983  0.176983  0.14575
protocols.relax.FastRelax: CMD: scale:fa_rep  -1015.11  0.176983  0.176983  0.154
protocols.relax.FastRelax: CMD: min  -1173.28  0.224511  0.224511  0.154
protocols.relax.FastRelax: CMD: coord_cst_weight  -1283.21  0.224511  0.224511  0.154
protocols.relax.FastRelax: CMD: scale:fa_rep  -1098.19  0.224511  0.224511  0.30745
core.pack.task: Packer task: initialize from command line() 
core.pack.pack_rotamers: built 7106 rotamers at 492 positions.
core.pack.interaction_graph.interaction_graph_factory: Instantiating DensePDInteractionGraph
protocols.relax.FastRelax: CMD: repack  -1100.19  0.224511  0.224511  0.30745
protocols.relax.FastRelax: CMD: scale:fa_rep  -1085.93  0.224511  0.224511  0.31955
protocols.relax.FastRelax: CMD: min  -1300.35  2.57903  2.57903  0.31955
protocols.relax.FastRelax: CMD: coord_cst_weight  -1300.35  2.57903  2.57903  0.31955
protocols.relax.FastRelax: CMD: scale:fa_rep  -1095.07  2.57903  2.57903  0.55
core.pack.task: Packer task: initialize from command line() 
core.pack.pack_rotamers: built 6967 rotamers at 492 positions.
core.pack.interaction_graph.interaction_graph_factory: Instantiating DensePDInteractionGraph
protocols.relax.FastRelax: CMD: repack  -1098.4  2.57903  2.57903  0.55
protocols.relax.FastRelax: CMD: min  -1150.12  2.73791  2.73791  0.55
protocols.relax.FastRelax: MRP: 11  -1150.12  -1156.23  2.66311  2.66311  
protocols.relax.FastRelax: CMD: accept_to_best  -1150.12  2.73791  2.73791  0.55
protocols.relax.FastRelax: CMD: endrepeat  -1150.12  2.73791  2.73791  0.55
protocols.relax.FastRelax: CMD: coord_cst_weight  48168.3  2.73791  2.73791  0.55
protocols.relax.FastRelax: CMD: scale:fa_rep  47841.7  2.73791  2.73791  0.022
core.pack.task: Packer task: initialize from command line() 
core.pack.pack_rotamers: built 7686 rotamers at 492 positions.
core.pack.interaction_graph.interaction_graph_factory: Instantiating DensePDInteractionGraph
protocols.relax.FastRelax: CMD: repack  47826.3  2.73791  2.73791  0.022
protocols.relax.FastRelax: CMD: scale:fa_rep  47832.7  2.73791  2.73791  0.02805
core.optimization.Minimizer: [ WARNING ] LBFGS MAX CYCLES 2000 EXCEEDED, BUT FUNC NOT CONVERGED!
protocols.relax.FastRelax: CMD: min  -1258.37  0.179884  0.179884  0.02805
protocols.relax.FastRelax: CMD: coord_cst_weight  -1328.33  0.179884  0.179884  0.02805
protocols.relax.FastRelax: CMD: scale:fa_rep  -1000.53  0.179884  0.179884  0.14575
core.pack.task: Packer task: initialize from command line() 
core.pack.pack_rotamers: built 7296 rotamers at 492 positions.
core.pack.interaction_graph.interaction_graph_factory: Instantiating DensePDInteractionGraph
protocols.relax.FastRelax: CMD: repack  -1042.5  0.179884  0.179884  0.14575
protocols.relax.FastRelax: CMD: scale:fa_rep  -1022.25  0.179884  0.179884  0.154
protocols.relax.FastRelax: CMD: min  -1181.23  0.225071  0.225071  0.154
protocols.relax.FastRelax: CMD: coord_cst_weight  -1290.76  0.225071  0.225071  0.154
protocols.relax.FastRelax: CMD: scale:fa_rep  -1106.92  0.225071  0.225071  0.30745
core.pack.task: Packer task: initialize from command line() 
core.pack.pack_rotamers: built 7139 rotamers at 492 positions.
core.pack.interaction_graph.interaction_graph_factory: Instantiating DensePDInteractionGraph
protocols.relax.FastRelax: CMD: repack  -1108.16  0.225071  0.225071  0.30745
protocols.relax.FastRelax: CMD: scale:fa_rep  -1093.84  0.225071  0.225071  0.31955
protocols.relax.FastRelax: CMD: min  -1298.53  2.73619  2.73619  0.31955
protocols.relax.FastRelax: CMD: coord_cst_weight  -1298.53  2.73619  2.73619  0.31955
protocols.relax.FastRelax: CMD: scale:fa_rep  -1092.75  2.73619  2.73619  0.55
core.pack.task: Packer task: initialize from command line() 
core.pack.pack_rotamers: built 6913 rotamers at 492 positions.
core.pack.interaction_graph.interaction_graph_factory: Instantiating DensePDInteractionGraph
protocols.relax.FastRelax: CMD: repack  -1096.36  2.73619  2.73619  0.55
protocols.relax.FastRelax: CMD: min  -1146.86  2.62892  2.62892  0.55
protocols.relax.FastRelax: MRP: 12  -1146.86  -1156.23  2.66311  2.66311  
protocols.relax.FastRelax: CMD: accept_to_best  -1146.86  2.62892  2.62892  0.55
protocols.relax.FastRelax: CMD: endrepeat  -1146.86  2.62892  2.62892  0.55
protocols.relax.FastRelax: CMD: coord_cst_weight  38208.7  2.62892  2.62892  0.55
protocols.relax.FastRelax: CMD: scale:fa_rep  37881.7  2.62892  2.62892  0.022
core.pack.task: Packer task: initialize from command line() 
core.pack.pack_rotamers: built 7721 rotamers at 492 positions.
core.pack.interaction_graph.interaction_graph_factory: Instantiating DensePDInteractionGraph
protocols.relax.FastRelax: CMD: repack  37861.2  2.62892  2.62892  0.022
protocols.relax.FastRelax: CMD: scale:fa_rep  37869.6  2.62892  2.62892  0.02805
core.optimization.Minimizer: [ WARNING ] LBFGS MAX CYCLES 2000 EXCEEDED, BUT FUNC NOT CONVERGED!
protocols.relax.FastRelax: CMD: min  -1278.04  0.177376  0.177376  0.02805
protocols.relax.FastRelax: CMD: coord_cst_weight  -1345.98  0.177376  0.177376  0.02805
protocols.relax.FastRelax: CMD: scale:fa_rep  -1020.35  0.177376  0.177376  0.14575
core.pack.task: Packer task: initialize from command line() 
core.pack.pack_rotamers: built 7351 rotamers at 492 positions.
core.pack.interaction_graph.interaction_graph_factory: Instantiating DensePDInteractionGraph
protocols.relax.FastRelax: CMD: repack  -1049.63  0.177376  0.177376  0.14575
protocols.relax.FastRelax: CMD: scale:fa_rep  -1029.13  0.177376  0.177376  0.154
protocols.relax.FastRelax: CMD: min  -1180.98  0.224304  0.224304  0.154
protocols.relax.FastRelax: CMD: coord_cst_weight  -1290.69  0.224304  0.224304  0.154
protocols.relax.FastRelax: CMD: scale:fa_rep  -1105.23  0.224304  0.224304  0.30745
core.pack.task: Packer task: initialize from command line() 
core.pack.pack_rotamers: built 7193 rotamers at 492 positions.
core.pack.interaction_graph.interaction_graph_factory: Instantiating DensePDInteractionGraph
protocols.relax.FastRelax: CMD: repack  -1106.08  0.224304  0.224304  0.30745
protocols.relax.FastRelax: CMD: scale:fa_rep  -1091.81  0.224304  0.224304  0.31955
protocols.relax.FastRelax: CMD: min  -1308.45  3.32414  3.32414  0.31955
protocols.relax.FastRelax: CMD: coord_cst_weight  -1308.45  3.32414  3.32414  0.31955
protocols.relax.FastRelax: CMD: scale:fa_rep  -1103.34  3.32414  3.32414  0.55
core.pack.task: Packer task: initialize from command line() 
core.pack.pack_rotamers: built 6869 rotamers at 492 positions.
core.pack.interaction_graph.interaction_graph_factory: Instantiating DensePDInteractionGraph
protocols.relax.FastRelax: CMD: repack  -1108.65  3.32414  3.32414  0.55
protocols.relax.FastRelax: CMD: min  -1162.02  3.22788  3.22788  0.55
protocols.relax.FastRelax: MRP: 13  -1162.02  -1162.02  3.22788  3.22788  
protocols.relax.FastRelax: CMD: accept_to_best  -1162.02  3.22788  3.22788  0.55
protocols.relax.FastRelax: CMD: endrepeat  -1162.02  3.22788  3.22788  0.55
protocols.relax.FastRelax: CMD: coord_cst_weight  47502.7  3.22788  3.22788  0.55
protocols.relax.FastRelax: CMD: scale:fa_rep  47177.5  3.22788  3.22788  0.022
core.pack.task: Packer task: initialize from command line() 
core.pack.pack_rotamers: built 7740 rotamers at 492 positions.
core.pack.interaction_graph.interaction_graph_factory: Instantiating DensePDInteractionGraph
protocols.relax.FastRelax: CMD: repack  47160.9  3.22788  3.22788  0.022
protocols.relax.FastRelax: CMD: scale:fa_rep  47169.4  3.22788  3.22788  0.02805
core.optimization.Minimizer: [ WARNING ] LBFGS MAX CYCLES 2000 EXCEEDED, BUT FUNC NOT CONVERGED!
protocols.relax.FastRelax: CMD: min  -1256.77  0.185928  0.185928  0.02805
protocols.relax.FastRelax: CMD: coord_cst_weight  -1330.81  0.185928  0.185928  0.02805
protocols.relax.FastRelax: CMD: scale:fa_rep  -975.46  0.185928  0.185928  0.14575
core.pack.task: Packer task: initialize from command line() 
core.pack.pack_rotamers: built 7369 rotamers at 492 positions.
core.pack.interaction_graph.interaction_graph_factory: Instantiating DensePDInteractionGraph
protocols.relax.FastRelax: CMD: repack  -1028.38  0.185928  0.185928  0.14575
protocols.relax.FastRelax: CMD: scale:fa_rep  -1007.32  0.185928  0.185928  0.154
protocols.relax.FastRelax: CMD: min  -1184.51  0.223708  0.223708  0.154
protocols.relax.FastRelax: CMD: coord_cst_weight  -1294  0.223708  0.223708  0.154
protocols.relax.FastRelax: CMD: scale:fa_rep  -1111.15  0.223708  0.223708  0.30745
core.pack.task: Packer task: initialize from command line() 
core.pack.pack_rotamers: built 7116 rotamers at 492 positions.
core.pack.interaction_graph.interaction_graph_factory: Instantiating DensePDInteractionGraph
protocols.relax.FastRelax: CMD: repack  -1111.41  0.223708  0.223708  0.30745
protocols.relax.FastRelax: CMD: scale:fa_rep  -1097.23  0.223708  0.223708  0.31955
protocols.relax.FastRelax: CMD: min  -1291.05  3.02554  3.02554  0.31955
protocols.relax.FastRelax: CMD: coord_cst_weight  -1291.05  3.02554  3.02554  0.31955
protocols.relax.FastRelax: CMD: scale:fa_rep  -1075.72  3.02554  3.02554  0.55
core.pack.task: Packer task: initialize from command line() 
core.pack.pack_rotamers: built 6861 rotamers at 492 positions.
core.pack.interaction_graph.interaction_graph_factory: Instantiating DensePDInteractionGraph
protocols.relax.FastRelax: CMD: repack  -1101.91  3.02554  3.02554  0.55
protocols.relax.FastRelax: CMD: min  -1152.66  2.97137  2.97137  0.55
protocols.relax.FastRelax: MRP: 14  -1152.66  -1162.02  3.22788  3.22788  
protocols.relax.FastRelax: CMD: accept_to_best  -1152.66  2.97137  2.97137  0.55
protocols.relax.FastRelax: CMD: endrepeat  -1152.66  2.97137  2.97137  0.55
protocols::checkpoint: Deleting checkpoints of FastRelax
protocols.jd2.JobDistributor: target.BL00010001_10_0006 reported success in 14243 seconds
protocols.jd2.JobDistributor: no more batches to process... 
protocols.jd2.JobDistributor: 6 jobs considered, 6 jobs attempted in 85131 seconds
basic.citation_manager.CitationManager: 
The following Rosetta modules were used during this run of Rosetta, and should be cited:

FastRelax Mover's citation(s):
*Tyka MD, *Keedy DA, André I, Dimaio F, Song Y, Richardson DC, Richardson JS, and Baker D.  (2011).  Alternate states of proteins revealed by detailed energy landscape mapping.  J Mol Biol 405(2):607-18.  doi: 10.1016/j.jmb.2010.11.008.  (*Co-primary authors.)

Khatib F, Cooper S, Tyka MD, Xu K, Makedon I, Popovic Z, Baker D, and Players F.  (2011).  Algorithm discovery by protein folding game players.  Proc Natl Acad Sci USA 108(47):18949-53.  doi: 10.1073/pnas.1115898108.

Maguire JB, Haddox HK, Strickland D, Halabiya SF, Coventry B, Griffin JR, Pulavarti SVSRK, Cummins M, Thieker DF, Klavins E, Szyperski T, DiMaio F, Baker D, and Kuhlman B.  (2021).  Perturbing the energy landscape for improved packing during computational protein design.  Proteins 89(4):436-449.  doi: 10.1002/prot.26030.


