********  (C) Copyright Rosetta Commons Member Institutions.  ***************
* Use of Rosetta for commercial purposes may require purchase of a license. *
********  See LICENSE.md or email license@uw.edu for more details. **********
core.init: Checking for fconfig files in pwd and ./rosetta/flags 
core.init: Rosetta version: rosetta.binary.ubuntu.release-408 r408 2025.37+release.df75a9c48e df75a9c48e763e52a7aa3f5dfba077f4da88dbf5 https://www.rosettacommons.org 2025-09-10T02:14:08.564791
core.init: Rosetta extras: []
core.init: command: /home/gbiuser/Downloads/rosetta.binary.ubuntu.release-408/main/source/bin/relax.default.linuxgccrelease -s ../1-modeller/target.BL00010001.pdb -relax:thorough -relax:constrain_relax_to_start_coords -constraints:cst_file cst.cst -nstruct 6 -out:suffix _12 -out:file:silent relax_12.silent -out:file:silent_struct_type binary
basic.random.init_random_generator: 'RNG device' seed mode, using '/dev/urandom', seed=-1265306757 seed_offset=0 real_seed=-1265306757
basic.random.init_random_generator: RandomGenerator:init: Normal mode, seed=-1265306757 RG_type=mt19937
core.init: Resolved executable path: /home/gbiuser/Downloads/rosetta.binary.ubuntu.release-408/main/source/build/src/release/linux/6.8/64/x86/gcc/11/default/relax.default.linuxgccrelease
core.init: Looking for database based on location of executable: /home/gbiuser/Downloads/rosetta.binary.ubuntu.release-408/main/database/
core.scoring.ScoreFunctionFactory: SCOREFUNCTION: ref2015
core.scoring.etable: Starting energy table calculation
core.scoring.etable: smooth_etable: changing atr/rep split to bottom of energy well
core.scoring.etable: smooth_etable: spline smoothing lj etables (maxdis = 6)
core.scoring.etable: smooth_etable: spline smoothing solvation etables (max_dis = 6)
core.scoring.etable: Finished calculating energy tables.
basic.io.database: Database file opened: scoring/score_functions/hbonds/ref2015_params/HBPoly1D.csv
basic.io.database: Database file opened: scoring/score_functions/hbonds/ref2015_params/HBFadeIntervals.csv
basic.io.database: Database file opened: scoring/score_functions/hbonds/ref2015_params/HBEval.csv
basic.io.database: Database file opened: scoring/score_functions/hbonds/ref2015_params/DonStrength.csv
basic.io.database: Database file opened: scoring/score_functions/hbonds/ref2015_params/AccStrength.csv
core.chemical.GlobalResidueTypeSet: Finished initializing fa_standard residue type set.  Created 985 residue types
core.chemical.GlobalResidueTypeSet: Total time to initialize 1.28102 seconds.
basic.io.database: Database file opened: scoring/score_functions/rama/fd/all.ramaProb
basic.io.database: Database file opened: scoring/score_functions/rama/fd/prepro.ramaProb
basic.io.database: Database file opened: scoring/score_functions/omega/omega_ppdep.all.txt
basic.io.database: Database file opened: scoring/score_functions/omega/omega_ppdep.gly.txt
basic.io.database: Database file opened: scoring/score_functions/omega/omega_ppdep.pro.txt
basic.io.database: Database file opened: scoring/score_functions/omega/omega_ppdep.valile.txt
basic.io.database: Database file opened: scoring/score_functions/P_AA_pp/P_AA
basic.io.database: Database file opened: scoring/score_functions/P_AA_pp/P_AA_n
core.scoring.P_AA: shapovalov_lib::shap_p_aa_pp_smooth_level of 1( aka low_smooth ) got activated.
basic.io.database: Database file opened: scoring/score_functions/P_AA_pp/shapovalov/10deg/kappa131/a20.prop
protocols.relax.RelaxScriptManager: Reading relax scripts list from database.
protocols.relax.RelaxScriptManager: Looking for MonomerRelax2019.txt
protocols.relax.RelaxScriptManager: ================== Reading script file: /home/gbiuser/Downloads/rosetta.binary.ubuntu.release-408/main/database/sampling/relax_scripts/MonomerRelax2019.txt ==================
protocols.relax.RelaxScriptManager: repeat %%nrepeats%%
protocols.relax.RelaxScriptManager: coord_cst_weight 1.0
protocols.relax.RelaxScriptManager: scale:fa_rep 0.040
protocols.relax.RelaxScriptManager: repack
protocols.relax.RelaxScriptManager: scale:fa_rep 0.051
protocols.relax.RelaxScriptManager: min 0.01
protocols.relax.RelaxScriptManager: coord_cst_weight 0.5
protocols.relax.RelaxScriptManager: scale:fa_rep 0.265
protocols.relax.RelaxScriptManager: repack
protocols.relax.RelaxScriptManager: scale:fa_rep 0.280
protocols.relax.RelaxScriptManager: min 0.01
protocols.relax.RelaxScriptManager: coord_cst_weight 0.0
protocols.relax.RelaxScriptManager: scale:fa_rep 0.559
protocols.relax.RelaxScriptManager: repack
protocols.relax.RelaxScriptManager: scale:fa_rep 0.581
protocols.relax.RelaxScriptManager: min 0.01
protocols.relax.RelaxScriptManager: coord_cst_weight 0.0
protocols.relax.RelaxScriptManager: scale:fa_rep 1
protocols.relax.RelaxScriptManager: repack
protocols.relax.RelaxScriptManager: min 0.00001
protocols.relax.RelaxScriptManager: accept_to_best
protocols.relax.RelaxScriptManager: endrepeat
core.scoring.constraints.util: Constraint choice: cst.cst
protocols.jd2.PDBJobInputter: Instantiate PDBJobInputter
protocols.jd2.PDBJobInputter: PDBJobInputter::fill_jobs
protocols.jd2.PDBJobInputter: pushed ../1-modeller/target.BL00010001.pdb nstruct indices 1 - 6
protocols.evaluation.ChiWellRmsdEvaluatorCreator: Evaluation Creator active ... 
protocols.jd2.PDBJobInputter: PDBJobInputter::pose_from_job
protocols.jd2.PDBJobInputter: filling pose from PDB ../1-modeller/target.BL00010001.pdb
core.import_pose.import_pose: File '../1-modeller/target.BL00010001.pdb' automatically determined to be of type PDB from contents.
core.io.rcsb.ExperimentalTechnique: [ ERROR ] Unrecognized experimental technique string 'THEORETICAL MODEL, MODELLER 10.8 2026/08/10 16:18:02'
core.scoring.constraints.ConstraintsIO: read constraints from cst.cst
core.scoring.constraints.ConstraintsIO: Read in 14 constraints
basic.io.database: Database file opened: scoring/score_functions/elec_cp_reps.dat
core.scoring.elec.util: Read 40 countpair representative atoms
core.pack.dunbrack.RotamerLibrary: shapovalov_lib_fixes_enable option is true.
core.pack.dunbrack.RotamerLibrary: shapovalov_lib::shap_dun10_smooth_level of 1( aka lowest_smooth ) got activated.
core.pack.dunbrack.RotamerLibrary: Binary rotamer library selected: /home/gbiuser/Downloads/rosetta.binary.ubuntu.release-408/main/database/rotamer/shapovalov/StpDwn_0-0-0/Dunbrack10.lib.bin
core.pack.dunbrack.RotamerLibrary: Using Dunbrack library binary file '/home/gbiuser/Downloads/rosetta.binary.ubuntu.release-408/main/database/rotamer/shapovalov/StpDwn_0-0-0/Dunbrack10.lib.bin'.
core.pack.dunbrack.RotamerLibrary: Dunbrack 2010 library took 0.306297 seconds to load from binary
protocols.relax.FastRelax: CMD: repeat  4476.34  0  0  0.55
protocols.relax.FastRelax: CMD: coord_cst_weight  4476.34  0  0  0.55
protocols.relax.FastRelax: CMD: scale:fa_rep  806.987  0  0  0.022
core.pack.task: Packer task: initialize from command line() 
core.pack.pack_rotamers: built 8129 rotamers at 492 positions.
core.pack.interaction_graph.interaction_graph_factory: Instantiating DensePDInteractionGraph
protocols.relax.FastRelax: CMD: repack  -872.062  0  0  0.022
protocols.relax.FastRelax: CMD: scale:fa_rep  -830.756  0  0  0.02805
core.optimization.Minimizer: [ WARNING ] LBFGS MAX CYCLES 2000 EXCEEDED, BUT FUNC NOT CONVERGED!
protocols.relax.FastRelax: CMD: min  -1284.72  0.149505  0.149505  0.02805
protocols.relax.FastRelax: CMD: coord_cst_weight  -1332.39  0.149505  0.149505  0.02805
protocols.relax.FastRelax: CMD: scale:fa_rep  -931.036  0.149505  0.149505  0.14575
core.pack.task: Packer task: initialize from command line() 
core.pack.pack_rotamers: built 7466 rotamers at 492 positions.
core.pack.interaction_graph.interaction_graph_factory: Instantiating DensePDInteractionGraph
protocols.relax.FastRelax: CMD: repack  -977.326  0.149505  0.149505  0.14575
protocols.relax.FastRelax: CMD: scale:fa_rep  -955.452  0.149505  0.149505  0.154
core.optimization.Minimizer: [ WARNING ] LBFGS MAX CYCLES 2000 EXCEEDED, BUT FUNC NOT CONVERGED!
protocols.relax.FastRelax: CMD: min  -1156.23  0.209167  0.209167  0.154
protocols.relax.FastRelax: CMD: coord_cst_weight  -1251.94  0.209167  0.209167  0.154
protocols.relax.FastRelax: CMD: scale:fa_rep  -1064.42  0.209167  0.209167  0.30745
core.pack.task: Packer task: initialize from command line() 
core.pack.pack_rotamers: built 7181 rotamers at 492 positions.
core.pack.interaction_graph.interaction_graph_factory: Instantiating DensePDInteractionGraph
protocols.relax.FastRelax: CMD: repack  -1068.42  0.209167  0.209167  0.30745
protocols.relax.FastRelax: CMD: scale:fa_rep  -1053.77  0.209167  0.209167  0.31955
protocols.relax.FastRelax: CMD: min  -1246.84  3.34793  3.34793  0.31955
protocols.relax.FastRelax: CMD: coord_cst_weight  -1246.84  3.34793  3.34793  0.31955
protocols.relax.FastRelax: CMD: scale:fa_rep  -1037.83  3.34793  3.34793  0.55
core.pack.task: Packer task: initialize from command line() 
core.pack.pack_rotamers: built 7110 rotamers at 492 positions.
core.pack.interaction_graph.interaction_graph_factory: Instantiating DensePDInteractionGraph
protocols.relax.FastRelax: CMD: repack  -1044.84  3.34793  3.34793  0.55
protocols.relax.FastRelax: CMD: min  -1112.13  3.54354  3.54354  0.55
protocols.relax.FastRelax: MRP: 0  -1112.13  -1112.13  3.54354  3.54354  
protocols.relax.FastRelax: CMD: accept_to_best  -1112.13  3.54354  3.54354  0.55
protocols.relax.FastRelax: CMD: endrepeat  -1112.13  3.54354  3.54354  0.55
protocols.relax.FastRelax: CMD: coord_cst_weight  76734.9  3.54354  3.54354  0.55
protocols.relax.FastRelax: CMD: scale:fa_rep  76403.5  3.54354  3.54354  0.022
core.pack.task: Packer task: initialize from command line() 
core.pack.pack_rotamers: built 7862 rotamers at 492 positions.
core.pack.interaction_graph.interaction_graph_factory: Instantiating DensePDInteractionGraph
protocols.relax.FastRelax: CMD: repack  76382.8  3.54354  3.54354  0.022
protocols.relax.FastRelax: CMD: scale:fa_rep  76392.3  3.54354  3.54354  0.02805
core.optimization.Minimizer: [ WARNING ] LBFGS MAX CYCLES 2000 EXCEEDED, BUT FUNC NOT CONVERGED!
protocols.relax.FastRelax: CMD: min  -1252.06  0.173494  0.173494  0.02805
protocols.relax.FastRelax: CMD: coord_cst_weight  -1318.58  0.173494  0.173494  0.02805
protocols.relax.FastRelax: CMD: scale:fa_rep  -978.376  0.173494  0.173494  0.14575
core.pack.task: Packer task: initialize from command line() 
core.pack.pack_rotamers: built 7431 rotamers at 492 positions.
core.pack.interaction_graph.interaction_graph_factory: Instantiating DensePDInteractionGraph
protocols.relax.FastRelax: CMD: repack  -1037.06  0.173494  0.173494  0.14575
protocols.relax.FastRelax: CMD: scale:fa_rep  -1016.74  0.173494  0.173494  0.154
protocols.relax.FastRelax: CMD: min  -1185.36  0.21503  0.21503  0.154
protocols.relax.FastRelax: CMD: coord_cst_weight  -1288.73  0.21503  0.21503  0.154
protocols.relax.FastRelax: CMD: scale:fa_rep  -1105.77  0.21503  0.21503  0.30745
core.pack.task: Packer task: initialize from command line() 
core.pack.pack_rotamers: built 7208 rotamers at 492 positions.
core.pack.interaction_graph.interaction_graph_factory: Instantiating DensePDInteractionGraph
protocols.relax.FastRelax: CMD: repack  -1106.29  0.21503  0.21503  0.30745
protocols.relax.FastRelax: CMD: scale:fa_rep  -1091.95  0.21503  0.21503  0.31955
protocols.relax.FastRelax: CMD: min  -1282.28  3.00206  3.00206  0.31955
protocols.relax.FastRelax: CMD: coord_cst_weight  -1282.28  3.00206  3.00206  0.31955
protocols.relax.FastRelax: CMD: scale:fa_rep  -1077.15  3.00206  3.00206  0.55
core.pack.task: Packer task: initialize from command line() 
core.pack.pack_rotamers: built 6993 rotamers at 492 positions.
core.pack.interaction_graph.interaction_graph_factory: Instantiating DensePDInteractionGraph
protocols.relax.FastRelax: CMD: repack  -1077.51  3.00206  3.00206  0.55
protocols.relax.FastRelax: CMD: min  -1129.14  3.30549  3.30549  0.55
protocols.relax.FastRelax: MRP: 1  -1129.14  -1129.14  3.30549  3.30549  
protocols.relax.FastRelax: CMD: accept_to_best  -1129.14  3.30549  3.30549  0.55
protocols.relax.FastRelax: CMD: endrepeat  -1129.14  3.30549  3.30549  0.55
protocols.relax.FastRelax: CMD: coord_cst_weight  83166.1  3.30549  3.30549  0.55
protocols.relax.FastRelax: CMD: scale:fa_rep  82838.1  3.30549  3.30549  0.022
core.pack.task: Packer task: initialize from command line() 
core.pack.pack_rotamers: built 7793 rotamers at 492 positions.
core.pack.interaction_graph.interaction_graph_factory: Instantiating DensePDInteractionGraph
protocols.relax.FastRelax: CMD: repack  82822.9  3.30549  3.30549  0.022
protocols.relax.FastRelax: CMD: scale:fa_rep  82830.3  3.30549  3.30549  0.02805
core.optimization.Minimizer: [ WARNING ] LBFGS MAX CYCLES 2000 EXCEEDED, BUT FUNC NOT CONVERGED!
protocols.relax.FastRelax: CMD: min  -1258.14  0.179055  0.179055  0.02805
protocols.relax.FastRelax: CMD: coord_cst_weight  -1329.52  0.179055  0.179055  0.02805
protocols.relax.FastRelax: CMD: scale:fa_rep  -941.58  0.179055  0.179055  0.14575
core.pack.task: Packer task: initialize from command line() 
core.pack.pack_rotamers: built 7330 rotamers at 492 positions.
core.pack.interaction_graph.interaction_graph_factory: Instantiating DensePDInteractionGraph
protocols.relax.FastRelax: CMD: repack  -1006.49  0.179055  0.179055  0.14575
protocols.relax.FastRelax: CMD: scale:fa_rep  -983.644  0.179055  0.179055  0.154
protocols.relax.FastRelax: CMD: min  -1186.35  0.221526  0.221526  0.154
protocols.relax.FastRelax: CMD: coord_cst_weight  -1293.48  0.221526  0.221526  0.154
protocols.relax.FastRelax: CMD: scale:fa_rep  -1111.17  0.221526  0.221526  0.30745
core.pack.task: Packer task: initialize from command line() 
core.pack.pack_rotamers: built 7190 rotamers at 492 positions.
core.pack.interaction_graph.interaction_graph_factory: Instantiating DensePDInteractionGraph
protocols.relax.FastRelax: CMD: repack  -1112.83  0.221526  0.221526  0.30745
protocols.relax.FastRelax: CMD: scale:fa_rep  -1098.58  0.221526  0.221526  0.31955
protocols.relax.FastRelax: CMD: min  -1294.77  3.3097  3.3097  0.31955
protocols.relax.FastRelax: CMD: coord_cst_weight  -1294.77  3.3097  3.3097  0.31955
protocols.relax.FastRelax: CMD: scale:fa_rep  -1091.11  3.3097  3.3097  0.55
core.pack.task: Packer task: initialize from command line() 
core.pack.pack_rotamers: built 6985 rotamers at 492 positions.
core.pack.interaction_graph.interaction_graph_factory: Instantiating DensePDInteractionGraph
protocols.relax.FastRelax: CMD: repack  -1096.23  3.3097  3.3097  0.55
protocols.relax.FastRelax: CMD: min  -1153.74  3.46268  3.46268  0.55
protocols.relax.FastRelax: MRP: 2  -1153.74  -1153.74  3.46268  3.46268  
protocols.relax.FastRelax: CMD: accept_to_best  -1153.74  3.46268  3.46268  0.55
protocols.relax.FastRelax: CMD: endrepeat  -1153.74  3.46268  3.46268  0.55
protocols.relax.FastRelax: CMD: coord_cst_weight  69423.3  3.46268  3.46268  0.55
protocols.relax.FastRelax: CMD: scale:fa_rep  69095.6  3.46268  3.46268  0.022
core.pack.task: Packer task: initialize from command line() 
core.pack.pack_rotamers: built 7773 rotamers at 492 positions.
core.pack.interaction_graph.interaction_graph_factory: Instantiating DensePDInteractionGraph
protocols.relax.FastRelax: CMD: repack  69075.9  3.46268  3.46268  0.022
protocols.relax.FastRelax: CMD: scale:fa_rep  69084.2  3.46268  3.46268  0.02805
core.optimization.Minimizer: [ WARNING ] LBFGS MAX CYCLES 2000 EXCEEDED, BUT FUNC NOT CONVERGED!
protocols.relax.FastRelax: CMD: min  -1267.43  0.180211  0.180211  0.02805
protocols.relax.FastRelax: CMD: coord_cst_weight  -1338.72  0.180211  0.180211  0.02805
protocols.relax.FastRelax: CMD: scale:fa_rep  -973.407  0.180211  0.180211  0.14575
core.pack.task: Packer task: initialize from command line() 
core.pack.pack_rotamers: built 7377 rotamers at 492 positions.
core.pack.interaction_graph.interaction_graph_factory: Instantiating DensePDInteractionGraph
protocols.relax.FastRelax: CMD: repack  -1046.63  0.180211  0.180211  0.14575
protocols.relax.FastRelax: CMD: scale:fa_rep  -1026.37  0.180211  0.180211  0.154
protocols.relax.FastRelax: CMD: min  -1189.94  0.21826  0.21826  0.154
protocols.relax.FastRelax: CMD: coord_cst_weight  -1295.86  0.21826  0.21826  0.154
protocols.relax.FastRelax: CMD: scale:fa_rep  -1114.9  0.21826  0.21826  0.30745
core.pack.task: Packer task: initialize from command line() 
core.pack.pack_rotamers: built 7216 rotamers at 492 positions.
core.pack.interaction_graph.interaction_graph_factory: Instantiating DensePDInteractionGraph
protocols.relax.FastRelax: CMD: repack  -1115.27  0.21826  0.21826  0.30745
protocols.relax.FastRelax: CMD: scale:fa_rep  -1101.08  0.21826  0.21826  0.31955
protocols.relax.FastRelax: CMD: min  -1286.78  2.72936  2.72936  0.31955
protocols.relax.FastRelax: CMD: coord_cst_weight  -1286.78  2.72936  2.72936  0.31955
protocols.relax.FastRelax: CMD: scale:fa_rep  -1083.37  2.72936  2.72936  0.55
core.pack.task: Packer task: initialize from command line() 
core.pack.pack_rotamers: built 7004 rotamers at 492 positions.
core.pack.interaction_graph.interaction_graph_factory: Instantiating DensePDInteractionGraph
protocols.relax.FastRelax: CMD: repack  -1083.46  2.72936  2.72936  0.55
protocols.relax.FastRelax: CMD: min  -1138.31  3.20268  3.20268  0.55
protocols.relax.FastRelax: MRP: 3  -1138.31  -1153.74  3.46268  3.46268  
protocols.relax.FastRelax: CMD: accept_to_best  -1138.31  3.20268  3.20268  0.55
protocols.relax.FastRelax: CMD: endrepeat  -1138.31  3.20268  3.20268  0.55
protocols.relax.FastRelax: CMD: coord_cst_weight  81901.1  3.20268  3.20268  0.55
protocols.relax.FastRelax: CMD: scale:fa_rep  81572.5  3.20268  3.20268  0.022
core.pack.task: Packer task: initialize from command line() 
core.pack.pack_rotamers: built 7787 rotamers at 492 positions.
core.pack.interaction_graph.interaction_graph_factory: Instantiating DensePDInteractionGraph
protocols.relax.FastRelax: CMD: repack  81555  3.20268  3.20268  0.022
protocols.relax.FastRelax: CMD: scale:fa_rep  81561.3  3.20268  3.20268  0.02805
core.optimization.Minimizer: [ WARNING ] LBFGS MAX CYCLES 2000 EXCEEDED, BUT FUNC NOT CONVERGED!
protocols.relax.FastRelax: CMD: min  -1255.42  0.178596  0.178596  0.02805
protocols.relax.FastRelax: CMD: coord_cst_weight  -1329.69  0.178596  0.178596  0.02805
protocols.relax.FastRelax: CMD: scale:fa_rep  -973.081  0.178596  0.178596  0.14575
core.pack.task: Packer task: initialize from command line() 
core.pack.pack_rotamers: built 7384 rotamers at 492 positions.
core.pack.interaction_graph.interaction_graph_factory: Instantiating DensePDInteractionGraph
protocols.relax.FastRelax: CMD: repack  -1046.53  0.178596  0.178596  0.14575
protocols.relax.FastRelax: CMD: scale:fa_rep  -1026.81  0.178596  0.178596  0.154
protocols.relax.FastRelax: CMD: min  -1191  0.219024  0.219024  0.154
protocols.relax.FastRelax: CMD: coord_cst_weight  -1298.35  0.219024  0.219024  0.154
protocols.relax.FastRelax: CMD: scale:fa_rep  -1123.27  0.219024  0.219024  0.30745
core.pack.task: Packer task: initialize from command line() 
core.pack.pack_rotamers: built 7199 rotamers at 492 positions.
core.pack.interaction_graph.interaction_graph_factory: Instantiating DensePDInteractionGraph
protocols.relax.FastRelax: CMD: repack  -1123.65  0.219024  0.219024  0.30745
protocols.relax.FastRelax: CMD: scale:fa_rep  -1109.94  0.219024  0.219024  0.31955
protocols.relax.FastRelax: CMD: min  -1282.31  2.96056  2.96056  0.31955
protocols.relax.FastRelax: CMD: coord_cst_weight  -1282.31  2.96056  2.96056  0.31955
protocols.relax.FastRelax: CMD: scale:fa_rep  -1080.13  2.96056  2.96056  0.55
core.pack.task: Packer task: initialize from command line() 
core.pack.pack_rotamers: built 7008 rotamers at 492 positions.
core.pack.interaction_graph.interaction_graph_factory: Instantiating DensePDInteractionGraph
protocols.relax.FastRelax: CMD: repack  -1084.13  2.96056  2.96056  0.55
protocols.relax.FastRelax: CMD: min  -1143.36  2.77041  2.77041  0.55
protocols.relax.FastRelax: MRP: 4  -1143.36  -1153.74  3.46268  3.46268  
protocols.relax.FastRelax: CMD: accept_to_best  -1143.36  2.77041  2.77041  0.55
protocols.relax.FastRelax: CMD: endrepeat  -1143.36  2.77041  2.77041  0.55
protocols.relax.FastRelax: CMD: coord_cst_weight  49026.2  2.77041  2.77041  0.55
protocols.relax.FastRelax: CMD: scale:fa_rep  48703.5  2.77041  2.77041  0.022
core.pack.task: Packer task: initialize from command line() 
core.pack.pack_rotamers: built 7718 rotamers at 492 positions.
core.pack.interaction_graph.interaction_graph_factory: Instantiating DensePDInteractionGraph
protocols.relax.FastRelax: CMD: repack  48692.9  2.77041  2.77041  0.022
protocols.relax.FastRelax: CMD: scale:fa_rep  48701.7  2.77041  2.77041  0.02805
core.optimization.Minimizer: [ WARNING ] LBFGS MAX CYCLES 2000 EXCEEDED, BUT FUNC NOT CONVERGED!
protocols.relax.FastRelax: CMD: min  -1252.99  0.178132  0.178132  0.02805
protocols.relax.FastRelax: CMD: coord_cst_weight  -1324.71  0.178132  0.178132  0.02805
protocols.relax.FastRelax: CMD: scale:fa_rep  -956.404  0.178132  0.178132  0.14575
core.pack.task: Packer task: initialize from command line() 
core.pack.pack_rotamers: built 7401 rotamers at 492 positions.
core.pack.interaction_graph.interaction_graph_factory: Instantiating DensePDInteractionGraph
protocols.relax.FastRelax: CMD: repack  -1055.19  0.178132  0.178132  0.14575
protocols.relax.FastRelax: CMD: scale:fa_rep  -1036.05  0.178132  0.178132  0.154
protocols.relax.FastRelax: CMD: min  -1186.05  0.221844  0.221844  0.154
protocols.relax.FastRelax: CMD: coord_cst_weight  -1294.9  0.221844  0.221844  0.154
protocols.relax.FastRelax: CMD: scale:fa_rep  -1119.76  0.221844  0.221844  0.30745
core.pack.task: Packer task: initialize from command line() 
core.pack.pack_rotamers: built 7177 rotamers at 492 positions.
core.pack.interaction_graph.interaction_graph_factory: Instantiating DensePDInteractionGraph
protocols.relax.FastRelax: CMD: repack  -1118.15  0.221844  0.221844  0.30745
protocols.relax.FastRelax: CMD: scale:fa_rep  -1104.42  0.221844  0.221844  0.31955
protocols.relax.FastRelax: CMD: min  -1246.39  2.75816  2.75816  0.31955
protocols.relax.FastRelax: CMD: coord_cst_weight  -1246.39  2.75816  2.75816  0.31955
protocols.relax.FastRelax: CMD: scale:fa_rep  -1018.73  2.75816  2.75816  0.55
core.pack.task: Packer task: initialize from command line() 
core.pack.pack_rotamers: built 7005 rotamers at 492 positions.
core.pack.interaction_graph.interaction_graph_factory: Instantiating DensePDInteractionGraph
protocols.relax.FastRelax: CMD: repack  -1081.43  2.75816  2.75816  0.55
protocols.relax.FastRelax: CMD: min  -1136.21  2.97677  2.97677  0.55
protocols.relax.FastRelax: MRP: 5  -1136.21  -1153.74  3.46268  3.46268  
protocols.relax.FastRelax: CMD: accept_to_best  -1136.21  2.97677  2.97677  0.55
protocols.relax.FastRelax: CMD: endrepeat  -1136.21  2.97677  2.97677  0.55
protocols.relax.FastRelax: CMD: coord_cst_weight  54378.2  2.97677  2.97677  0.55
protocols.relax.FastRelax: CMD: scale:fa_rep  54049.8  2.97677  2.97677  0.022
core.pack.task: Packer task: initialize from command line() 
core.pack.pack_rotamers: built 7761 rotamers at 492 positions.
core.pack.interaction_graph.interaction_graph_factory: Instantiating DensePDInteractionGraph
protocols.relax.FastRelax: CMD: repack  54028.9  2.97677  2.97677  0.022
protocols.relax.FastRelax: CMD: scale:fa_rep  54038.1  2.97677  2.97677  0.02805
core.optimization.Minimizer: [ WARNING ] LBFGS MAX CYCLES 2000 EXCEEDED, BUT FUNC NOT CONVERGED!
protocols.relax.FastRelax: CMD: min  -1277.85  0.173637  0.173637  0.02805
protocols.relax.FastRelax: CMD: coord_cst_weight  -1345.55  0.173637  0.173637  0.02805
protocols.relax.FastRelax: CMD: scale:fa_rep  -945.224  0.173637  0.173637  0.14575
core.pack.task: Packer task: initialize from command line() 
core.pack.pack_rotamers: built 7326 rotamers at 492 positions.
core.pack.interaction_graph.interaction_graph_factory: Instantiating DensePDInteractionGraph
protocols.relax.FastRelax: CMD: repack  -1052.75  0.173637  0.173637  0.14575
protocols.relax.FastRelax: CMD: scale:fa_rep  -1031.36  0.173637  0.173637  0.154
protocols.relax.FastRelax: CMD: min  -1200.74  0.220968  0.220968  0.154
protocols.relax.FastRelax: CMD: coord_cst_weight  -1309.93  0.220968  0.220968  0.154
protocols.relax.FastRelax: CMD: scale:fa_rep  -1127.86  0.220968  0.220968  0.30745
core.pack.task: Packer task: initialize from command line() 
core.pack.pack_rotamers: built 7148 rotamers at 492 positions.
core.pack.interaction_graph.interaction_graph_factory: Instantiating DensePDInteractionGraph
protocols.relax.FastRelax: CMD: repack  -1127.76  0.220968  0.220968  0.30745
protocols.relax.FastRelax: CMD: scale:fa_rep  -1113.48  0.220968  0.220968  0.31955
protocols.relax.FastRelax: CMD: min  -1295.32  3.01907  3.01907  0.31955
protocols.relax.FastRelax: CMD: coord_cst_weight  -1295.32  3.01907  3.01907  0.31955
protocols.relax.FastRelax: CMD: scale:fa_rep  -1093.03  3.01907  3.01907  0.55
core.pack.task: Packer task: initialize from command line() 
core.pack.pack_rotamers: built 7014 rotamers at 492 positions.
core.pack.interaction_graph.interaction_graph_factory: Instantiating DensePDInteractionGraph
protocols.relax.FastRelax: CMD: repack  -1098.76  3.01907  3.01907  0.55
protocols.relax.FastRelax: CMD: min  -1150.27  3.4612  3.4612  0.55
protocols.relax.FastRelax: MRP: 6  -1150.27  -1153.74  3.46268  3.46268  
protocols.relax.FastRelax: CMD: accept_to_best  -1150.27  3.4612  3.4612  0.55
protocols.relax.FastRelax: CMD: endrepeat  -1150.27  3.4612  3.4612  0.55
protocols.relax.FastRelax: CMD: coord_cst_weight  80828  3.4612  3.4612  0.55
protocols.relax.FastRelax: CMD: scale:fa_rep  80501.9  3.4612  3.4612  0.022
core.pack.task: Packer task: initialize from command line() 
core.pack.pack_rotamers: built 7746 rotamers at 492 positions.
core.pack.interaction_graph.interaction_graph_factory: Instantiating DensePDInteractionGraph
protocols.relax.FastRelax: CMD: repack  80491.4  3.4612  3.4612  0.022
protocols.relax.FastRelax: CMD: scale:fa_rep  80501  3.4612  3.4612  0.02805
core.optimization.Minimizer: [ WARNING ] LBFGS MAX CYCLES 2000 EXCEEDED, BUT FUNC NOT CONVERGED!
protocols.relax.FastRelax: CMD: min  -1268.8  0.181508  0.181508  0.02805
protocols.relax.FastRelax: CMD: coord_cst_weight  -1343.12  0.181508  0.181508  0.02805
protocols.relax.FastRelax: CMD: scale:fa_rep  -964.849  0.181508  0.181508  0.14575
core.pack.task: Packer task: initialize from command line() 
core.pack.pack_rotamers: built 7387 rotamers at 492 positions.
core.pack.interaction_graph.interaction_graph_factory: Instantiating DensePDInteractionGraph
protocols.relax.FastRelax: CMD: repack  -1042.68  0.181508  0.181508  0.14575
protocols.relax.FastRelax: CMD: scale:fa_rep  -1021.22  0.181508  0.181508  0.154
protocols.relax.FastRelax: CMD: min  -1195.33  0.221685  0.221685  0.154
protocols.relax.FastRelax: CMD: coord_cst_weight  -1305.16  0.221685  0.221685  0.154
protocols.relax.FastRelax: CMD: scale:fa_rep  -1118.88  0.221685  0.221685  0.30745
core.pack.task: Packer task: initialize from command line() 
core.pack.pack_rotamers: built 7161 rotamers at 492 positions.
core.pack.interaction_graph.interaction_graph_factory: Instantiating DensePDInteractionGraph
protocols.relax.FastRelax: CMD: repack  -1120.33  0.221685  0.221685  0.30745
protocols.relax.FastRelax: CMD: scale:fa_rep  -1106.04  0.221685  0.221685  0.31955
protocols.relax.FastRelax: CMD: min  -1308.33  3.47201  3.47201  0.31955
protocols.relax.FastRelax: CMD: coord_cst_weight  -1308.33  3.47201  3.47201  0.31955
protocols.relax.FastRelax: CMD: scale:fa_rep  -1105.93  3.47201  3.47201  0.55
core.pack.task: Packer task: initialize from command line() 
core.pack.pack_rotamers: built 7000 rotamers at 492 positions.
core.pack.interaction_graph.interaction_graph_factory: Instantiating DensePDInteractionGraph
protocols.relax.FastRelax: CMD: repack  -1107.43  3.47201  3.47201  0.55
protocols.relax.FastRelax: CMD: min  -1152.61  3.51127  3.51127  0.55
protocols.relax.FastRelax: MRP: 7  -1152.61  -1153.74  3.46268  3.46268  
protocols.relax.FastRelax: CMD: accept_to_best  -1152.61  3.51127  3.51127  0.55
protocols.relax.FastRelax: CMD: endrepeat  -1152.61  3.51127  3.51127  0.55
protocols.relax.FastRelax: CMD: coord_cst_weight  80844.2  3.51127  3.51127  0.55
protocols.relax.FastRelax: CMD: scale:fa_rep  80519.4  3.51127  3.51127  0.022
core.pack.task: Packer task: initialize from command line() 
core.pack.pack_rotamers: built 7776 rotamers at 492 positions.
core.pack.interaction_graph.interaction_graph_factory: Instantiating DensePDInteractionGraph
protocols.relax.FastRelax: CMD: repack  80513.1  3.51127  3.51127  0.022
protocols.relax.FastRelax: CMD: scale:fa_rep  80522.6  3.51127  3.51127  0.02805
core.optimization.Minimizer: [ WARNING ] LBFGS MAX CYCLES 2000 EXCEEDED, BUT FUNC NOT CONVERGED!
protocols.relax.FastRelax: CMD: min  -1268.46  0.178326  0.178326  0.02805
protocols.relax.FastRelax: CMD: coord_cst_weight  -1341.89  0.178326  0.178326  0.02805
protocols.relax.FastRelax: CMD: scale:fa_rep  -982.369  0.178326  0.178326  0.14575
core.pack.task: Packer task: initialize from command line() 
core.pack.pack_rotamers: built 7419 rotamers at 492 positions.
core.pack.interaction_graph.interaction_graph_factory: Instantiating DensePDInteractionGraph
protocols.relax.FastRelax: CMD: repack  -1054.06  0.178326  0.178326  0.14575
protocols.relax.FastRelax: CMD: scale:fa_rep  -1034.02  0.178326  0.178326  0.154
protocols.relax.FastRelax: CMD: min  -1194.89  0.219615  0.219615  0.154
protocols.relax.FastRelax: CMD: coord_cst_weight  -1303.73  0.219615  0.219615  0.154
protocols.relax.FastRelax: CMD: scale:fa_rep  -1123.17  0.219615  0.219615  0.30745
core.pack.task: Packer task: initialize from command line() 
core.pack.pack_rotamers: built 7131 rotamers at 492 positions.
core.pack.interaction_graph.interaction_graph_factory: Instantiating DensePDInteractionGraph
protocols.relax.FastRelax: CMD: repack  -1123.54  0.219615  0.219615  0.30745
protocols.relax.FastRelax: CMD: scale:fa_rep  -1109.36  0.219615  0.219615  0.31955
protocols.relax.FastRelax: CMD: min  -1296.16  3.03598  3.03598  0.31955
protocols.relax.FastRelax: CMD: coord_cst_weight  -1296.16  3.03598  3.03598  0.31955
protocols.relax.FastRelax: CMD: scale:fa_rep  -1093.87  3.03598  3.03598  0.55
core.pack.task: Packer task: initialize from command line() 
core.pack.pack_rotamers: built 6997 rotamers at 492 positions.
core.pack.interaction_graph.interaction_graph_factory: Instantiating DensePDInteractionGraph
protocols.relax.FastRelax: CMD: repack  -1097.07  3.03598  3.03598  0.55
protocols.relax.FastRelax: CMD: min  -1152.75  3.64645  3.64645  0.55
protocols.relax.FastRelax: MRP: 8  -1152.75  -1153.74  3.46268  3.46268  
protocols.relax.FastRelax: CMD: accept_to_best  -1152.75  3.64645  3.64645  0.55
protocols.relax.FastRelax: CMD: endrepeat  -1152.75  3.64645  3.64645  0.55
protocols.relax.FastRelax: CMD: coord_cst_weight  87386.2  3.64645  3.64645  0.55
protocols.relax.FastRelax: CMD: scale:fa_rep  87061.8  3.64645  3.64645  0.022
core.pack.task: Packer task: initialize from command line() 
core.pack.pack_rotamers: built 7762 rotamers at 492 positions.
core.pack.interaction_graph.interaction_graph_factory: Instantiating DensePDInteractionGraph
protocols.relax.FastRelax: CMD: repack  87049.8  3.64645  3.64645  0.022
protocols.relax.FastRelax: CMD: scale:fa_rep  87060  3.64645  3.64645  0.02805
core.optimization.Minimizer: [ WARNING ] LBFGS MAX CYCLES 2000 EXCEEDED, BUT FUNC NOT CONVERGED!
protocols.relax.FastRelax: CMD: min  -1266.72  0.183536  0.183536  0.02805
protocols.relax.FastRelax: CMD: coord_cst_weight  -1343.31  0.183536  0.183536  0.02805
protocols.relax.FastRelax: CMD: scale:fa_rep  -971.436  0.183536  0.183536  0.14575
core.pack.task: Packer task: initialize from command line() 
core.pack.pack_rotamers: built 7334 rotamers at 492 positions.
core.pack.interaction_graph.interaction_graph_factory: Instantiating DensePDInteractionGraph
protocols.relax.FastRelax: CMD: repack  -1044.43  0.183536  0.183536  0.14575
protocols.relax.FastRelax: CMD: scale:fa_rep  -1023.6  0.183536  0.183536  0.154
protocols.relax.FastRelax: CMD: min  -1199.87  0.221442  0.221442  0.154
protocols.relax.FastRelax: CMD: coord_cst_weight  -1310.19  0.221442  0.221442  0.154
protocols.relax.FastRelax: CMD: scale:fa_rep  -1129.56  0.221442  0.221442  0.30745
core.pack.task: Packer task: initialize from command line() 
core.pack.pack_rotamers: built 7136 rotamers at 492 positions.
core.pack.interaction_graph.interaction_graph_factory: Instantiating DensePDInteractionGraph
protocols.relax.FastRelax: CMD: repack  -1129.96  0.221442  0.221442  0.30745
protocols.relax.FastRelax: CMD: scale:fa_rep  -1115.8  0.221442  0.221442  0.31955
protocols.relax.FastRelax: CMD: min  -1300.82  3.07137  3.07137  0.31955
protocols.relax.FastRelax: CMD: coord_cst_weight  -1300.82  3.07137  3.07137  0.31955
protocols.relax.FastRelax: CMD: scale:fa_rep  -1098.64  3.07137  3.07137  0.55
core.pack.task: Packer task: initialize from command line() 
core.pack.pack_rotamers: built 7031 rotamers at 492 positions.
core.pack.interaction_graph.interaction_graph_factory: Instantiating DensePDInteractionGraph
protocols.relax.FastRelax: CMD: repack  -1100.22  3.07137  3.07137  0.55
protocols.relax.FastRelax: CMD: min  -1154.85  3.70858  3.70858  0.55
protocols.relax.FastRelax: MRP: 9  -1154.85  -1154.85  3.70858  3.70858  
protocols.relax.FastRelax: CMD: accept_to_best  -1154.85  3.70858  3.70858  0.55
protocols.relax.FastRelax: CMD: endrepeat  -1154.85  3.70858  3.70858  0.55
protocols.relax.FastRelax: CMD: coord_cst_weight  92359.7  3.70858  3.70858  0.55
protocols.relax.FastRelax: CMD: scale:fa_rep  92035.8  3.70858  3.70858  0.022
core.pack.task: Packer task: initialize from command line() 
core.pack.pack_rotamers: built 7760 rotamers at 492 positions.
core.pack.interaction_graph.interaction_graph_factory: Instantiating DensePDInteractionGraph
protocols.relax.FastRelax: CMD: repack  92022.5  3.70858  3.70858  0.022
protocols.relax.FastRelax: CMD: scale:fa_rep  92030.4  3.70858  3.70858  0.02805
core.optimization.Minimizer: [ WARNING ] LBFGS MAX CYCLES 2000 EXCEEDED, BUT FUNC NOT CONVERGED!
protocols.relax.FastRelax: CMD: min  -1273.57  0.181732  0.181732  0.02805
protocols.relax.FastRelax: CMD: coord_cst_weight  -1347.96  0.181732  0.181732  0.02805
protocols.relax.FastRelax: CMD: scale:fa_rep  -986.351  0.181732  0.181732  0.14575
core.pack.task: Packer task: initialize from command line() 
core.pack.pack_rotamers: built 7354 rotamers at 492 positions.
core.pack.interaction_graph.interaction_graph_factory: Instantiating DensePDInteractionGraph
protocols.relax.FastRelax: CMD: repack  -1035.46  0.181732  0.181732  0.14575
protocols.relax.FastRelax: CMD: scale:fa_rep  -1013.26  0.181732  0.181732  0.154
protocols.relax.FastRelax: CMD: min  -1198.72  0.224749  0.224749  0.154
protocols.relax.FastRelax: CMD: coord_cst_weight  -1311.44  0.224749  0.224749  0.154
protocols.relax.FastRelax: CMD: scale:fa_rep  -1128.4  0.224749  0.224749  0.30745
core.pack.task: Packer task: initialize from command line() 
core.pack.pack_rotamers: built 7154 rotamers at 492 positions.
core.pack.interaction_graph.interaction_graph_factory: Instantiating DensePDInteractionGraph
protocols.relax.FastRelax: CMD: repack  -1128.09  0.224749  0.224749  0.30745
protocols.relax.FastRelax: CMD: scale:fa_rep  -1113.74  0.224749  0.224749  0.31955
protocols.relax.FastRelax: CMD: min  -1304.5  2.8319  2.8319  0.31955
protocols.relax.FastRelax: CMD: coord_cst_weight  -1304.5  2.8319  2.8319  0.31955
protocols.relax.FastRelax: CMD: scale:fa_rep  -1102.76  2.8319  2.8319  0.55
core.pack.task: Packer task: initialize from command line() 
core.pack.pack_rotamers: built 7016 rotamers at 492 positions.
core.pack.interaction_graph.interaction_graph_factory: Instantiating DensePDInteractionGraph
protocols.relax.FastRelax: CMD: repack  -1102.44  2.8319  2.8319  0.55
protocols.relax.FastRelax: CMD: min  -1152.99  3.18584  3.18584  0.55
protocols.relax.FastRelax: MRP: 10  -1152.99  -1154.85  3.70858  3.70858  
protocols.relax.FastRelax: CMD: accept_to_best  -1152.99  3.18584  3.18584  0.55
protocols.relax.FastRelax: CMD: endrepeat  -1152.99  3.18584  3.18584  0.55
protocols.relax.FastRelax: CMD: coord_cst_weight  68080.5  3.18584  3.18584  0.55
protocols.relax.FastRelax: CMD: scale:fa_rep  67754.1  3.18584  3.18584  0.022
core.pack.task: Packer task: initialize from command line() 
core.pack.pack_rotamers: built 7794 rotamers at 492 positions.
core.pack.interaction_graph.interaction_graph_factory: Instantiating DensePDInteractionGraph
protocols.relax.FastRelax: CMD: repack  67733.2  3.18584  3.18584  0.022
protocols.relax.FastRelax: CMD: scale:fa_rep  67739.8  3.18584  3.18584  0.02805
core.optimization.Minimizer: [ WARNING ] LBFGS MAX CYCLES 2000 EXCEEDED, BUT FUNC NOT CONVERGED!
protocols.relax.FastRelax: CMD: min  -1288.28  0.18015  0.18015  0.02805
protocols.relax.FastRelax: CMD: coord_cst_weight  -1360.43  0.18015  0.18015  0.02805
protocols.relax.FastRelax: CMD: scale:fa_rep  -1020.29  0.18015  0.18015  0.14575
core.pack.task: Packer task: initialize from command line() 
core.pack.pack_rotamers: built 7358 rotamers at 492 positions.
core.pack.interaction_graph.interaction_graph_factory: Instantiating DensePDInteractionGraph
protocols.relax.FastRelax: CMD: repack  -1041.17  0.18015  0.18015  0.14575
protocols.relax.FastRelax: CMD: scale:fa_rep  -1019.18  0.18015  0.18015  0.154
protocols.relax.FastRelax: CMD: min  -1191.82  0.227982  0.227982  0.154
protocols.relax.FastRelax: CMD: coord_cst_weight  -1306.1  0.227982  0.227982  0.154
protocols.relax.FastRelax: CMD: scale:fa_rep  -1122.43  0.227982  0.227982  0.30745
core.pack.task: Packer task: initialize from command line() 
core.pack.pack_rotamers: built 7159 rotamers at 492 positions.
core.pack.interaction_graph.interaction_graph_factory: Instantiating DensePDInteractionGraph
protocols.relax.FastRelax: CMD: repack  -1122.87  0.227982  0.227982  0.30745
protocols.relax.FastRelax: CMD: scale:fa_rep  -1108.43  0.227982  0.227982  0.31955
protocols.relax.FastRelax: CMD: min  -1307.36  2.50265  2.50265  0.31955
protocols.relax.FastRelax: CMD: coord_cst_weight  -1307.36  2.50265  2.50265  0.31955
protocols.relax.FastRelax: CMD: scale:fa_rep  -1104.5  2.50265  2.50265  0.55
core.pack.task: Packer task: initialize from command line() 
core.pack.pack_rotamers: built 7029 rotamers at 492 positions.
core.pack.interaction_graph.interaction_graph_factory: Instantiating DensePDInteractionGraph
protocols.relax.FastRelax: CMD: repack  -1105.05  2.50265  2.50265  0.55
protocols.relax.FastRelax: CMD: min  -1153.95  2.78939  2.78939  0.55
protocols.relax.FastRelax: MRP: 11  -1153.95  -1154.85  3.70858  3.70858  
protocols.relax.FastRelax: CMD: accept_to_best  -1153.95  2.78939  2.78939  0.55
protocols.relax.FastRelax: CMD: endrepeat  -1153.95  2.78939  2.78939  0.55
protocols.relax.FastRelax: CMD: coord_cst_weight  67139.3  2.78939  2.78939  0.55
protocols.relax.FastRelax: CMD: scale:fa_rep  66813.3  2.78939  2.78939  0.022
core.pack.task: Packer task: initialize from command line() 
core.pack.pack_rotamers: built 7807 rotamers at 492 positions.
core.pack.interaction_graph.interaction_graph_factory: Instantiating DensePDInteractionGraph
protocols.relax.FastRelax: CMD: repack  66796  2.78939  2.78939  0.022
protocols.relax.FastRelax: CMD: scale:fa_rep  66802.2  2.78939  2.78939  0.02805
core.optimization.Minimizer: [ WARNING ] LBFGS MAX CYCLES 2000 EXCEEDED, BUT FUNC NOT CONVERGED!
protocols.relax.FastRelax: CMD: min  -1290.05  0.177701  0.177701  0.02805
protocols.relax.FastRelax: CMD: coord_cst_weight  -1360.1  0.177701  0.177701  0.02805
protocols.relax.FastRelax: CMD: scale:fa_rep  -1023.41  0.177701  0.177701  0.14575
core.pack.task: Packer task: initialize from command line() 
core.pack.pack_rotamers: built 7365 rotamers at 492 positions.
core.pack.interaction_graph.interaction_graph_factory: Instantiating DensePDInteractionGraph
protocols.relax.FastRelax: CMD: repack  -1056.05  0.177701  0.177701  0.14575
protocols.relax.FastRelax: CMD: scale:fa_rep  -1035.26  0.177701  0.177701  0.154
protocols.relax.FastRelax: CMD: min  -1199.04  0.221117  0.221117  0.154
protocols.relax.FastRelax: CMD: coord_cst_weight  -1308.66  0.221117  0.221117  0.154
protocols.relax.FastRelax: CMD: scale:fa_rep  -1125.89  0.221117  0.221117  0.30745
core.pack.task: Packer task: initialize from command line() 
core.pack.pack_rotamers: built 7155 rotamers at 492 positions.
core.pack.interaction_graph.interaction_graph_factory: Instantiating DensePDInteractionGraph
protocols.relax.FastRelax: CMD: repack  -1126.32  0.221117  0.221117  0.30745
protocols.relax.FastRelax: CMD: scale:fa_rep  -1111.99  0.221117  0.221117  0.31955
protocols.relax.FastRelax: CMD: min  -1295.54  2.35367  2.35367  0.31955
protocols.relax.FastRelax: CMD: coord_cst_weight  -1295.54  2.35367  2.35367  0.31955
protocols.relax.FastRelax: CMD: scale:fa_rep  -1092.07  2.35367  2.35367  0.55
core.pack.task: Packer task: initialize from command line() 
core.pack.pack_rotamers: built 7031 rotamers at 492 positions.
core.pack.interaction_graph.interaction_graph_factory: Instantiating DensePDInteractionGraph
protocols.relax.FastRelax: CMD: repack  -1093.4  2.35367  2.35367  0.55
protocols.relax.FastRelax: CMD: min  -1077.13  3.69225  3.69225  0.55
protocols.relax.FastRelax: MRP: 12  -1077.13  -1154.85  3.70858  3.70858  
protocols.relax.FastRelax: CMD: accept_to_best  -1077.13  3.69225  3.69225  0.55
protocols.relax.FastRelax: CMD: endrepeat  -1077.13  3.69225  3.69225  0.55
protocols.relax.FastRelax: CMD: coord_cst_weight  95564.9  3.69225  3.69225  0.55
protocols.relax.FastRelax: CMD: scale:fa_rep  95172.6  3.69225  3.69225  0.022
core.pack.task: Packer task: initialize from command line() 
core.pack.pack_rotamers: built 7772 rotamers at 492 positions.
core.pack.interaction_graph.interaction_graph_factory: Instantiating DensePDInteractionGraph
protocols.relax.FastRelax: CMD: repack  95144.6  3.69225  3.69225  0.022
protocols.relax.FastRelax: CMD: scale:fa_rep  95150.4  3.69225  3.69225  0.02805
core.optimization.Minimizer: [ WARNING ] LBFGS MAX CYCLES 2000 EXCEEDED, BUT FUNC NOT CONVERGED!
protocols.relax.FastRelax: CMD: min  -1282.19  0.182089  0.182089  0.02805
protocols.relax.FastRelax: CMD: coord_cst_weight  -1356.27  0.182089  0.182089  0.02805
protocols.relax.FastRelax: CMD: scale:fa_rep  -1008.42  0.182089  0.182089  0.14575
core.pack.task: Packer task: initialize from command line() 
core.pack.pack_rotamers: built 7379 rotamers at 492 positions.
core.pack.interaction_graph.interaction_graph_factory: Instantiating DensePDInteractionGraph
protocols.relax.FastRelax: CMD: repack  -1061.43  0.182089  0.182089  0.14575
protocols.relax.FastRelax: CMD: scale:fa_rep  -1040.68  0.182089  0.182089  0.154
protocols.relax.FastRelax: CMD: min  -1202.05  0.222418  0.222418  0.154
protocols.relax.FastRelax: CMD: coord_cst_weight  -1312.44  0.222418  0.222418  0.154
protocols.relax.FastRelax: CMD: scale:fa_rep  -1130.74  0.222418  0.222418  0.30745
core.pack.task: Packer task: initialize from command line() 
core.pack.pack_rotamers: built 7161 rotamers at 492 positions.
core.pack.interaction_graph.interaction_graph_factory: Instantiating DensePDInteractionGraph
protocols.relax.FastRelax: CMD: repack  -1129.97  0.222418  0.222418  0.30745
protocols.relax.FastRelax: CMD: scale:fa_rep  -1115.74  0.222418  0.222418  0.31955
protocols.relax.FastRelax: CMD: min  -1305.96  2.99722  2.99722  0.31955
protocols.relax.FastRelax: CMD: coord_cst_weight  -1305.96  2.99722  2.99722  0.31955
protocols.relax.FastRelax: CMD: scale:fa_rep  -1102.53  2.99722  2.99722  0.55
core.pack.task: Packer task: initialize from command line() 
core.pack.pack_rotamers: built 7031 rotamers at 492 positions.
core.pack.interaction_graph.interaction_graph_factory: Instantiating DensePDInteractionGraph
protocols.relax.FastRelax: CMD: repack  -1103.65  2.99722  2.99722  0.55
protocols.relax.FastRelax: CMD: min  -1156.8  3.39217  3.39217  0.55
protocols.relax.FastRelax: MRP: 13  -1156.8  -1156.8  3.39217  3.39217  
protocols.relax.FastRelax: CMD: accept_to_best  -1156.8  3.39217  3.39217  0.55
protocols.relax.FastRelax: CMD: endrepeat  -1156.8  3.39217  3.39217  0.55
protocols.relax.FastRelax: CMD: coord_cst_weight  82784.2  3.39217  3.39217  0.55
protocols.relax.FastRelax: CMD: scale:fa_rep  82453.9  3.39217  3.39217  0.022
core.pack.task: Packer task: initialize from command line() 
core.pack.pack_rotamers: built 7751 rotamers at 492 positions.
core.pack.interaction_graph.interaction_graph_factory: Instantiating DensePDInteractionGraph
protocols.relax.FastRelax: CMD: repack  82437.2  3.39217  3.39217  0.022
protocols.relax.FastRelax: CMD: scale:fa_rep  82443.2  3.39217  3.39217  0.02805
core.optimization.Minimizer: [ WARNING ] LBFGS MAX CYCLES 2000 EXCEEDED, BUT FUNC NOT CONVERGED!
protocols.relax.FastRelax: CMD: min  -1281.27  0.181373  0.181373  0.02805
protocols.relax.FastRelax: CMD: coord_cst_weight  -1355.31  0.181373  0.181373  0.02805
protocols.relax.FastRelax: CMD: scale:fa_rep  -1004.46  0.181373  0.181373  0.14575
core.pack.task: Packer task: initialize from command line() 
core.pack.pack_rotamers: built 7381 rotamers at 492 positions.
core.pack.interaction_graph.interaction_graph_factory: Instantiating DensePDInteractionGraph
protocols.relax.FastRelax: CMD: repack  -1060.83  0.181373  0.181373  0.14575
protocols.relax.FastRelax: CMD: scale:fa_rep  -1040.01  0.181373  0.181373  0.154
protocols.relax.FastRelax: CMD: min  -1199.78  0.221015  0.221015  0.154
protocols.relax.FastRelax: CMD: coord_cst_weight  -1309.46  0.221015  0.221015  0.154
protocols.relax.FastRelax: CMD: scale:fa_rep  -1128.12  0.221015  0.221015  0.30745
core.pack.task: Packer task: initialize from command line() 
core.pack.pack_rotamers: built 7160 rotamers at 492 positions.
core.pack.interaction_graph.interaction_graph_factory: Instantiating DensePDInteractionGraph
protocols.relax.FastRelax: CMD: repack  -1129.12  0.221015  0.221015  0.30745
protocols.relax.FastRelax: CMD: scale:fa_rep  -1114.9  0.221015  0.221015  0.31955
protocols.relax.FastRelax: CMD: min  -1295.32  2.50152  2.50152  0.31955
protocols.relax.FastRelax: CMD: coord_cst_weight  -1295.32  2.50152  2.50152  0.31955
protocols.relax.FastRelax: CMD: scale:fa_rep  -1090.27  2.50152  2.50152  0.55
core.pack.task: Packer task: initialize from command line() 
core.pack.pack_rotamers: built 6998 rotamers at 492 positions.
core.pack.interaction_graph.interaction_graph_factory: Instantiating DensePDInteractionGraph
protocols.relax.FastRelax: CMD: repack  -1092.34  2.50152  2.50152  0.55
protocols.relax.FastRelax: CMD: min  -1150.66  3.03564  3.03564  0.55
protocols.relax.FastRelax: MRP: 14  -1150.66  -1156.8  3.39217  3.39217  
protocols.relax.FastRelax: CMD: accept_to_best  -1150.66  3.03564  3.03564  0.55
protocols.relax.FastRelax: CMD: endrepeat  -1150.66  3.03564  3.03564  0.55
protocols::checkpoint: Deleting checkpoints of FastRelax
protocols.jd2.JobDistributor: target.BL00010001_12_0001 reported success in 13101 seconds
protocols.jd2.PDBJobInputter: PDBJobInputter::pose_from_job
protocols.jd2.PDBJobInputter: filling pose from saved copy ../1-modeller/target.BL00010001.pdb
protocols.relax.FastRelax: CMD: repeat  4476.34  0  0  0.55
protocols.relax.FastRelax: CMD: coord_cst_weight  4476.34  0  0  0.55
protocols.relax.FastRelax: CMD: scale:fa_rep  806.987  0  0  0.022
core.pack.task: Packer task: initialize from command line() 
core.pack.pack_rotamers: built 8129 rotamers at 492 positions.
core.pack.interaction_graph.interaction_graph_factory: Instantiating DensePDInteractionGraph
protocols.relax.FastRelax: CMD: repack  -872.496  0  0  0.022
protocols.relax.FastRelax: CMD: scale:fa_rep  -833.994  0  0  0.02805
core.optimization.Minimizer: [ WARNING ] LBFGS MAX CYCLES 2000 EXCEEDED, BUT FUNC NOT CONVERGED!
protocols.relax.FastRelax: CMD: min  -1299.03  0.150645  0.150645  0.02805
protocols.relax.FastRelax: CMD: coord_cst_weight  -1346.89  0.150645  0.150645  0.02805
protocols.relax.FastRelax: CMD: scale:fa_rep  -967.984  0.150645  0.150645  0.14575
core.pack.task: Packer task: initialize from command line() 
core.pack.pack_rotamers: built 7458 rotamers at 492 positions.
core.pack.interaction_graph.interaction_graph_factory: Instantiating DensePDInteractionGraph
protocols.relax.FastRelax: CMD: repack  -1009.51  0.150645  0.150645  0.14575
protocols.relax.FastRelax: CMD: scale:fa_rep  -988.12  0.150645  0.150645  0.154
core.optimization.Minimizer: [ WARNING ] LBFGS MAX CYCLES 2000 EXCEEDED, BUT FUNC NOT CONVERGED!
protocols.relax.FastRelax: CMD: min  -1175  0.209019  0.209019  0.154
protocols.relax.FastRelax: CMD: coord_cst_weight  -1269.71  0.209019  0.209019  0.154
protocols.relax.FastRelax: CMD: scale:fa_rep  -1081.31  0.209019  0.209019  0.30745
core.pack.task: Packer task: initialize from command line() 
core.pack.pack_rotamers: built 7290 rotamers at 492 positions.
core.pack.interaction_graph.interaction_graph_factory: Instantiating DensePDInteractionGraph
protocols.relax.FastRelax: CMD: repack  -1083.34  0.209019  0.209019  0.30745
protocols.relax.FastRelax: CMD: scale:fa_rep  -1068.56  0.209019  0.209019  0.31955
protocols.relax.FastRelax: CMD: min  -1256.89  2.94529  2.94529  0.31955
protocols.relax.FastRelax: CMD: coord_cst_weight  -1256.89  2.94529  2.94529  0.31955
protocols.relax.FastRelax: CMD: scale:fa_rep  -1046.04  2.94529  2.94529  0.55
core.pack.task: Packer task: initialize from command line() 
core.pack.pack_rotamers: built 7080 rotamers at 492 positions.
core.pack.interaction_graph.interaction_graph_factory: Instantiating DensePDInteractionGraph
protocols.relax.FastRelax: CMD: repack  -1053.37  2.94529  2.94529  0.55
protocols.relax.FastRelax: CMD: min  -1117.1  3.28464  3.28464  0.55
protocols.relax.FastRelax: MRP: 0  -1117.1  -1117.1  3.28464  3.28464  
protocols.relax.FastRelax: CMD: accept_to_best  -1117.1  3.28464  3.28464  0.55
protocols.relax.FastRelax: CMD: endrepeat  -1117.1  3.28464  3.28464  0.55
protocols.relax.FastRelax: CMD: coord_cst_weight  61172.6  3.28464  3.28464  0.55
protocols.relax.FastRelax: CMD: scale:fa_rep  60837.2  3.28464  3.28464  0.022
core.pack.task: Packer task: initialize from command line() 
core.pack.pack_rotamers: built 7775 rotamers at 492 positions.
core.pack.interaction_graph.interaction_graph_factory: Instantiating DensePDInteractionGraph
protocols.relax.FastRelax: CMD: repack  60815.8  3.28464  3.28464  0.022
protocols.relax.FastRelax: CMD: scale:fa_rep  60823.2  3.28464  3.28464  0.02805
core.optimization.Minimizer: [ WARNING ] LBFGS MAX CYCLES 2000 EXCEEDED, BUT FUNC NOT CONVERGED!
protocols.relax.FastRelax: CMD: min  -1263.45  0.173879  0.173879  0.02805
protocols.relax.FastRelax: CMD: coord_cst_weight  -1328.49  0.173879  0.173879  0.02805
protocols.relax.FastRelax: CMD: scale:fa_rep  -995.001  0.173879  0.173879  0.14575
core.pack.task: Packer task: initialize from command line() 
core.pack.pack_rotamers: built 7409 rotamers at 492 positions.
core.pack.interaction_graph.interaction_graph_factory: Instantiating DensePDInteractionGraph
protocols.relax.FastRelax: CMD: repack  -1032.71  0.173879  0.173879  0.14575
protocols.relax.FastRelax: CMD: scale:fa_rep  -1012.78  0.173879  0.173879  0.154
protocols.relax.FastRelax: CMD: min  -1170.23  0.217041  0.217041  0.154
protocols.relax.FastRelax: CMD: coord_cst_weight  -1273.62  0.217041  0.217041  0.154
protocols.relax.FastRelax: CMD: scale:fa_rep  -1089.35  0.217041  0.217041  0.30745
core.pack.task: Packer task: initialize from command line() 
core.pack.pack_rotamers: built 7204 rotamers at 492 positions.
core.pack.interaction_graph.interaction_graph_factory: Instantiating DensePDInteractionGraph
protocols.relax.FastRelax: CMD: repack  -1090.14  0.217041  0.217041  0.30745
protocols.relax.FastRelax: CMD: scale:fa_rep  -1075.68  0.217041  0.217041  0.31955
protocols.relax.FastRelax: CMD: min  -1259.8  3.41586  3.41586  0.31955
protocols.relax.FastRelax: CMD: coord_cst_weight  -1259.8  3.41586  3.41586  0.31955
protocols.relax.FastRelax: CMD: scale:fa_rep  -1040.92  3.41586  3.41586  0.55
core.pack.task: Packer task: initialize from command line() 
core.pack.pack_rotamers: built 7013 rotamers at 492 positions.
core.pack.interaction_graph.interaction_graph_factory: Instantiating DensePDInteractionGraph
protocols.relax.FastRelax: CMD: repack  -1074.2  3.41586  3.41586  0.55
protocols.relax.FastRelax: CMD: min  -1124.8  3.38592  3.38592  0.55
protocols.relax.FastRelax: MRP: 1  -1124.8  -1124.8  3.38592  3.38592  
protocols.relax.FastRelax: CMD: accept_to_best  -1124.8  3.38592  3.38592  0.55
protocols.relax.FastRelax: CMD: endrepeat  -1124.8  3.38592  3.38592  0.55
protocols.relax.FastRelax: CMD: coord_cst_weight  79121.3  3.38592  3.38592  0.55
protocols.relax.FastRelax: CMD: scale:fa_rep  78789.8  3.38592  3.38592  0.022
core.pack.task: Packer task: initialize from command line() 
core.pack.pack_rotamers: built 7785 rotamers at 492 positions.
core.pack.interaction_graph.interaction_graph_factory: Instantiating DensePDInteractionGraph
protocols.relax.FastRelax: CMD: repack  78766.3  3.38592  3.38592  0.022
protocols.relax.FastRelax: CMD: scale:fa_rep  78776.3  3.38592  3.38592  0.02805
core.optimization.Minimizer: [ WARNING ] LBFGS MAX CYCLES 2000 EXCEEDED, BUT FUNC NOT CONVERGED!
protocols.relax.FastRelax: CMD: min  -1278.8  0.174412  0.174412  0.02805
protocols.relax.FastRelax: CMD: coord_cst_weight  -1344.9  0.174412  0.174412  0.02805
protocols.relax.FastRelax: CMD: scale:fa_rep  -1009.01  0.174412  0.174412  0.14575
core.pack.task: Packer task: initialize from command line() 
core.pack.pack_rotamers: built 7435 rotamers at 492 positions.
core.pack.interaction_graph.interaction_graph_factory: Instantiating DensePDInteractionGraph
protocols.relax.FastRelax: CMD: repack  -1048.75  0.174412  0.174412  0.14575
protocols.relax.FastRelax: CMD: scale:fa_rep  -1027.82  0.174412  0.174412  0.154
protocols.relax.FastRelax: CMD: min  -1185.91  0.216563  0.216563  0.154
protocols.relax.FastRelax: CMD: coord_cst_weight  -1290.04  0.216563  0.216563  0.154
protocols.relax.FastRelax: CMD: scale:fa_rep  -1102.95  0.216563  0.216563  0.30745
core.pack.task: Packer task: initialize from command line() 
core.pack.pack_rotamers: built 7204 rotamers at 492 positions.
core.pack.interaction_graph.interaction_graph_factory: Instantiating DensePDInteractionGraph
protocols.relax.FastRelax: CMD: repack  -1102.9  0.216563  0.216563  0.30745
protocols.relax.FastRelax: CMD: scale:fa_rep  -1088.22  0.216563  0.216563  0.31955
protocols.relax.FastRelax: CMD: min  -1282.19  3.26772  3.26772  0.31955
protocols.relax.FastRelax: CMD: coord_cst_weight  -1282.19  3.26772  3.26772  0.31955
protocols.relax.FastRelax: CMD: scale:fa_rep  -1074.5  3.26772  3.26772  0.55
core.pack.task: Packer task: initialize from command line() 
core.pack.pack_rotamers: built 7078 rotamers at 492 positions.
core.pack.interaction_graph.interaction_graph_factory: Instantiating DensePDInteractionGraph
protocols.relax.FastRelax: CMD: repack  -1082.35  3.26772  3.26772  0.55
protocols.relax.FastRelax: CMD: min  -1135.56  3.21781  3.21781  0.55
protocols.relax.FastRelax: MRP: 2  -1135.56  -1135.56  3.21781  3.21781  
protocols.relax.FastRelax: CMD: accept_to_best  -1135.56  3.21781  3.21781  0.55
protocols.relax.FastRelax: CMD: endrepeat  -1135.56  3.21781  3.21781  0.55
protocols.relax.FastRelax: CMD: coord_cst_weight  85950.1  3.21781  3.21781  0.55
protocols.relax.FastRelax: CMD: scale:fa_rep  85622  3.21781  3.21781  0.022
core.pack.task: Packer task: initialize from command line() 
core.pack.pack_rotamers: built 7760 rotamers at 492 positions.
core.pack.interaction_graph.interaction_graph_factory: Instantiating DensePDInteractionGraph
protocols.relax.FastRelax: CMD: repack  85602.4  3.21781  3.21781  0.022
protocols.relax.FastRelax: CMD: scale:fa_rep  85612  3.21781  3.21781  0.02805
core.optimization.Minimizer: [ WARNING ] LBFGS MAX CYCLES 2000 EXCEEDED, BUT FUNC NOT CONVERGED!
protocols.relax.FastRelax: CMD: min  -1249.97  0.185917  0.185917  0.02805
protocols.relax.FastRelax: CMD: coord_cst_weight  -1324.8  0.185917  0.185917  0.02805
protocols.relax.FastRelax: CMD: scale:fa_rep  -936.777  0.185917  0.185917  0.14575
core.pack.task: Packer task: initialize from command line() 
core.pack.pack_rotamers: built 7420 rotamers at 492 positions.
core.pack.interaction_graph.interaction_graph_factory: Instantiating DensePDInteractionGraph
protocols.relax.FastRelax: CMD: repack  -1028.26  0.185917  0.185917  0.14575
protocols.relax.FastRelax: CMD: scale:fa_rep  -1007.41  0.185917  0.185917  0.154
protocols.relax.FastRelax: CMD: min  -1184.21  0.223317  0.223317  0.154
protocols.relax.FastRelax: CMD: coord_cst_weight  -1293.79  0.223317  0.223317  0.154
protocols.relax.FastRelax: CMD: scale:fa_rep  -1105.01  0.223317  0.223317  0.30745
core.pack.task: Packer task: initialize from command line() 
core.pack.pack_rotamers: built 7170 rotamers at 492 positions.
core.pack.interaction_graph.interaction_graph_factory: Instantiating DensePDInteractionGraph
protocols.relax.FastRelax: CMD: repack  -1105.86  0.223317  0.223317  0.30745
protocols.relax.FastRelax: CMD: scale:fa_rep  -1091.2  0.223317  0.223317  0.31955
protocols.relax.FastRelax: CMD: min  -1280.44  2.93493  2.93493  0.31955
protocols.relax.FastRelax: CMD: coord_cst_weight  -1280.44  2.93493  2.93493  0.31955
protocols.relax.FastRelax: CMD: scale:fa_rep  -1072.97  2.93493  2.93493  0.55
core.pack.task: Packer task: initialize from command line() 
core.pack.pack_rotamers: built 7095 rotamers at 492 positions.
core.pack.interaction_graph.interaction_graph_factory: Instantiating DensePDInteractionGraph
protocols.relax.FastRelax: CMD: repack  -1072.03  2.93493  2.93493  0.55
protocols.relax.FastRelax: CMD: min  -1130.04  3.06153  3.06153  0.55
protocols.relax.FastRelax: MRP: 3  -1130.04  -1135.56  3.21781  3.21781  
protocols.relax.FastRelax: CMD: accept_to_best  -1130.04  3.06153  3.06153  0.55
protocols.relax.FastRelax: CMD: endrepeat  -1130.04  3.06153  3.06153  0.55
protocols.relax.FastRelax: CMD: coord_cst_weight  82156.6  3.06153  3.06153  0.55
protocols.relax.FastRelax: CMD: scale:fa_rep  81825  3.06153  3.06153  0.022
core.pack.task: Packer task: initialize from command line() 
core.pack.pack_rotamers: built 7718 rotamers at 492 positions.
core.pack.interaction_graph.interaction_graph_factory: Instantiating DensePDInteractionGraph
protocols.relax.FastRelax: CMD: repack  81799.5  3.06153  3.06153  0.022
protocols.relax.FastRelax: CMD: scale:fa_rep  81805.6  3.06153  3.06153  0.02805
core.optimization.Minimizer: [ WARNING ] LBFGS MAX CYCLES 2000 EXCEEDED, BUT FUNC NOT CONVERGED!
protocols.relax.FastRelax: CMD: min  -1270.7  0.182493  0.182493  0.02805
protocols.relax.FastRelax: CMD: coord_cst_weight  -1343.58  0.182493  0.182493  0.02805
protocols.relax.FastRelax: CMD: scale:fa_rep  -1002.43  0.182493  0.182493  0.14575
core.pack.task: Packer task: initialize from command line() 
core.pack.pack_rotamers: built 7368 rotamers at 492 positions.
core.pack.interaction_graph.interaction_graph_factory: Instantiating DensePDInteractionGraph
protocols.relax.FastRelax: CMD: repack  -1038.28  0.182493  0.182493  0.14575
protocols.relax.FastRelax: CMD: scale:fa_rep  -1016.76  0.182493  0.182493  0.154
protocols.relax.FastRelax: CMD: min  -1190.53  0.220812  0.220812  0.154
protocols.relax.FastRelax: CMD: coord_cst_weight  -1299.41  0.220812  0.220812  0.154
protocols.relax.FastRelax: CMD: scale:fa_rep  -1112.46  0.220812  0.220812  0.30745
core.pack.task: Packer task: initialize from command line() 
core.pack.pack_rotamers: built 7201 rotamers at 492 positions.
core.pack.interaction_graph.interaction_graph_factory: Instantiating DensePDInteractionGraph
protocols.relax.FastRelax: CMD: repack  -1113.32  0.220812  0.220812  0.30745
protocols.relax.FastRelax: CMD: scale:fa_rep  -1098.66  0.220812  0.220812  0.31955
protocols.relax.FastRelax: CMD: min  -1271.43  3.28241  3.28241  0.31955
protocols.relax.FastRelax: CMD: coord_cst_weight  -1271.43  3.28241  3.28241  0.31955
protocols.relax.FastRelax: CMD: scale:fa_rep  -1045.77  3.28241  3.28241  0.55
core.pack.task: Packer task: initialize from command line() 
core.pack.pack_rotamers: built 7028 rotamers at 492 positions.
core.pack.interaction_graph.interaction_graph_factory: Instantiating DensePDInteractionGraph
protocols.relax.FastRelax: CMD: repack  -1090.29  3.28241  3.28241  0.55
protocols.relax.FastRelax: CMD: min  -1139.86  3.24697  3.24697  0.55
protocols.relax.FastRelax: MRP: 4  -1139.86  -1139.86  3.24697  3.24697  
protocols.relax.FastRelax: CMD: accept_to_best  -1139.86  3.24697  3.24697  0.55
protocols.relax.FastRelax: CMD: endrepeat  -1139.86  3.24697  3.24697  0.55
protocols.relax.FastRelax: CMD: coord_cst_weight  74479.2  3.24697  3.24697  0.55
protocols.relax.FastRelax: CMD: scale:fa_rep  74142.3  3.24697  3.24697  0.022
core.pack.task: Packer task: initialize from command line() 
core.pack.pack_rotamers: built 7788 rotamers at 492 positions.
core.pack.interaction_graph.interaction_graph_factory: Instantiating DensePDInteractionGraph
protocols.relax.FastRelax: CMD: repack  74134.6  3.24697  3.24697  0.022
protocols.relax.FastRelax: CMD: scale:fa_rep  74144.1  3.24697  3.24697  0.02805
core.optimization.Minimizer: [ WARNING ] LBFGS MAX CYCLES 2000 EXCEEDED, BUT FUNC NOT CONVERGED!
protocols.relax.FastRelax: CMD: min  -1253.5  0.188187  0.188187  0.02805
protocols.relax.FastRelax: CMD: coord_cst_weight  -1329.44  0.188187  0.188187  0.02805
protocols.relax.FastRelax: CMD: scale:fa_rep  -975.832  0.188187  0.188187  0.14575
core.pack.task: Packer task: initialize from command line() 
core.pack.pack_rotamers: built 7394 rotamers at 492 positions.
core.pack.interaction_graph.interaction_graph_factory: Instantiating DensePDInteractionGraph
protocols.relax.FastRelax: CMD: repack  -1016.22  0.188187  0.188187  0.14575
protocols.relax.FastRelax: CMD: scale:fa_rep  -994.139  0.188187  0.188187  0.154
protocols.relax.FastRelax: CMD: min  -1176.42  0.228748  0.228748  0.154
protocols.relax.FastRelax: CMD: coord_cst_weight  -1291.76  0.228748  0.228748  0.154
protocols.relax.FastRelax: CMD: scale:fa_rep  -1101.96  0.228748  0.228748  0.30745
core.pack.task: Packer task: initialize from command line() 
core.pack.pack_rotamers: built 7205 rotamers at 492 positions.
core.pack.interaction_graph.interaction_graph_factory: Instantiating DensePDInteractionGraph
protocols.relax.FastRelax: CMD: repack  -1101.52  0.228748  0.228748  0.30745
protocols.relax.FastRelax: CMD: scale:fa_rep  -1086.43  0.228748  0.228748  0.31955
protocols.relax.FastRelax: CMD: min  -1293.66  3.14093  3.14093  0.31955
protocols.relax.FastRelax: CMD: coord_cst_weight  -1293.66  3.14093  3.14093  0.31955
protocols.relax.FastRelax: CMD: scale:fa_rep  -1084.47  3.14093  3.14093  0.55
core.pack.task: Packer task: initialize from command line() 
core.pack.pack_rotamers: built 7032 rotamers at 492 positions.
core.pack.interaction_graph.interaction_graph_factory: Instantiating DensePDInteractionGraph
protocols.relax.FastRelax: CMD: repack  -1083.5  3.14093  3.14093  0.55
protocols.relax.FastRelax: CMD: min  -1147.96  3.12003  3.12003  0.55
protocols.relax.FastRelax: MRP: 5  -1147.96  -1147.96  3.12003  3.12003  
protocols.relax.FastRelax: CMD: accept_to_best  -1147.96  3.12003  3.12003  0.55
protocols.relax.FastRelax: CMD: endrepeat  -1147.96  3.12003  3.12003  0.55
protocols.relax.FastRelax: CMD: coord_cst_weight  81428.9  3.12003  3.12003  0.55
protocols.relax.FastRelax: CMD: scale:fa_rep  81095.6  3.12003  3.12003  0.022
core.pack.task: Packer task: initialize from command line() 
core.pack.pack_rotamers: built 7719 rotamers at 492 positions.
core.pack.interaction_graph.interaction_graph_factory: Instantiating DensePDInteractionGraph
protocols.relax.FastRelax: CMD: repack  81106.4  3.12003  3.12003  0.022
protocols.relax.FastRelax: CMD: scale:fa_rep  81117.1  3.12003  3.12003  0.02805
core.optimization.Minimizer: [ WARNING ] LBFGS MAX CYCLES 2000 EXCEEDED, BUT FUNC NOT CONVERGED!
protocols.relax.FastRelax: CMD: min  -1272.74  0.179893  0.179893  0.02805
protocols.relax.FastRelax: CMD: coord_cst_weight  -1345.7  0.179893  0.179893  0.02805
protocols.relax.FastRelax: CMD: scale:fa_rep  -1019.28  0.179893  0.179893  0.14575
core.pack.task: Packer task: initialize from command line() 
core.pack.pack_rotamers: built 7355 rotamers at 492 positions.
core.pack.interaction_graph.interaction_graph_factory: Instantiating DensePDInteractionGraph
protocols.relax.FastRelax: CMD: repack  -1057.28  0.179893  0.179893  0.14575
protocols.relax.FastRelax: CMD: scale:fa_rep  -1037.55  0.179893  0.179893  0.154
protocols.relax.FastRelax: CMD: min  -1188.55  0.224581  0.224581  0.154
protocols.relax.FastRelax: CMD: coord_cst_weight  -1301.18  0.224581  0.224581  0.154
protocols.relax.FastRelax: CMD: scale:fa_rep  -1116.46  0.224581  0.224581  0.30745
core.pack.task: Packer task: initialize from command line() 
core.pack.pack_rotamers: built 7190 rotamers at 492 positions.
core.pack.interaction_graph.interaction_graph_factory: Instantiating DensePDInteractionGraph
protocols.relax.FastRelax: CMD: repack  -1116.54  0.224581  0.224581  0.30745
protocols.relax.FastRelax: CMD: scale:fa_rep  -1102.08  0.224581  0.224581  0.31955
protocols.relax.FastRelax: CMD: min  -1297.57  3.73339  3.73339  0.31955
protocols.relax.FastRelax: CMD: coord_cst_weight  -1297.57  3.73339  3.73339  0.31955
protocols.relax.FastRelax: CMD: scale:fa_rep  -1090.59  3.73339  3.73339  0.55
core.pack.task: Packer task: initialize from command line() 
core.pack.pack_rotamers: built 6996 rotamers at 492 positions.
core.pack.interaction_graph.interaction_graph_factory: Instantiating DensePDInteractionGraph
protocols.relax.FastRelax: CMD: repack  -1087.84  3.73339  3.73339  0.55
protocols.relax.FastRelax: CMD: min  -1149.58  4.09455  4.09455  0.55
protocols.relax.FastRelax: MRP: 6  -1149.58  -1149.58  4.09455  4.09455  
protocols.relax.FastRelax: CMD: accept_to_best  -1149.58  4.09455  4.09455  0.55
protocols.relax.FastRelax: CMD: endrepeat  -1149.58  4.09455  4.09455  0.55
protocols.relax.FastRelax: CMD: coord_cst_weight  113279  4.09455  4.09455  0.55
protocols.relax.FastRelax: CMD: scale:fa_rep  112946  4.09455  4.09455  0.022
core.pack.task: Packer task: initialize from command line() 
core.pack.pack_rotamers: built 7703 rotamers at 492 positions.
core.pack.interaction_graph.interaction_graph_factory: Instantiating DensePDInteractionGraph
protocols.relax.FastRelax: CMD: repack  112923  4.09455  4.09455  0.022
protocols.relax.FastRelax: CMD: scale:fa_rep  112929  4.09455  4.09455  0.02805
core.optimization.Minimizer: [ WARNING ] LBFGS MAX CYCLES 2000 EXCEEDED, BUT FUNC NOT CONVERGED!
protocols.relax.FastRelax: CMD: min  -1239.25  0.195045  0.195045  0.02805
protocols.relax.FastRelax: CMD: coord_cst_weight  -1324.53  0.195045  0.195045  0.02805
protocols.relax.FastRelax: CMD: scale:fa_rep  -971.155  0.195045  0.195045  0.14575
core.pack.task: Packer task: initialize from command line() 
core.pack.pack_rotamers: built 7359 rotamers at 492 positions.
core.pack.interaction_graph.interaction_graph_factory: Instantiating DensePDInteractionGraph
protocols.relax.FastRelax: CMD: repack  -1048.11  0.195045  0.195045  0.14575
protocols.relax.FastRelax: CMD: scale:fa_rep  -1028.18  0.195045  0.195045  0.154
protocols.relax.FastRelax: CMD: min  -1190.84  0.222715  0.222715  0.154
protocols.relax.FastRelax: CMD: coord_cst_weight  -1301.95  0.222715  0.222715  0.154
protocols.relax.FastRelax: CMD: scale:fa_rep  -1118.3  0.222715  0.222715  0.30745
core.pack.task: Packer task: initialize from command line() 
core.pack.pack_rotamers: built 7198 rotamers at 492 positions.
core.pack.interaction_graph.interaction_graph_factory: Instantiating DensePDInteractionGraph
protocols.relax.FastRelax: CMD: repack  -1119.02  0.222715  0.222715  0.30745
protocols.relax.FastRelax: CMD: scale:fa_rep  -1104.62  0.222715  0.222715  0.31955
protocols.relax.FastRelax: CMD: min  -1300.24  3.07576  3.07576  0.31955
protocols.relax.FastRelax: CMD: coord_cst_weight  -1300.24  3.07576  3.07576  0.31955
protocols.relax.FastRelax: CMD: scale:fa_rep  -1094.52  3.07576  3.07576  0.55
core.pack.task: Packer task: initialize from command line() 
core.pack.pack_rotamers: built 7022 rotamers at 492 positions.
core.pack.interaction_graph.interaction_graph_factory: Instantiating DensePDInteractionGraph
protocols.relax.FastRelax: CMD: repack  -1097.59  3.07576  3.07576  0.55
protocols.relax.FastRelax: CMD: min  -1149.64  3.15201  3.15201  0.55
protocols.relax.FastRelax: MRP: 7  -1149.64  -1149.64  3.15201  3.15201  
protocols.relax.FastRelax: CMD: accept_to_best  -1149.64  3.15201  3.15201  0.55
protocols.relax.FastRelax: CMD: endrepeat  -1149.64  3.15201  3.15201  0.55
protocols.relax.FastRelax: CMD: coord_cst_weight  66915.6  3.15201  3.15201  0.55
protocols.relax.FastRelax: CMD: scale:fa_rep  66582.9  3.15201  3.15201  0.022
core.pack.task: Packer task: initialize from command line() 
core.pack.pack_rotamers: built 7721 rotamers at 492 positions.
core.pack.interaction_graph.interaction_graph_factory: Instantiating DensePDInteractionGraph
protocols.relax.FastRelax: CMD: repack  66563.1  3.15201  3.15201  0.022
protocols.relax.FastRelax: CMD: scale:fa_rep  66573.3  3.15201  3.15201  0.02805
core.optimization.Minimizer: [ WARNING ] LBFGS MAX CYCLES 2000 EXCEEDED, BUT FUNC NOT CONVERGED!
protocols.relax.FastRelax: CMD: min  -1266.34  0.184804  0.184804  0.02805
protocols.relax.FastRelax: CMD: coord_cst_weight  -1342.85  0.184804  0.184804  0.02805
protocols.relax.FastRelax: CMD: scale:fa_rep  -980.264  0.184804  0.184804  0.14575
core.pack.task: Packer task: initialize from command line() 
core.pack.pack_rotamers: built 7345 rotamers at 492 positions.
core.pack.interaction_graph.interaction_graph_factory: Instantiating DensePDInteractionGraph
protocols.relax.FastRelax: CMD: repack  -1007.38  0.184804  0.184804  0.14575
protocols.relax.FastRelax: CMD: scale:fa_rep  -984.503  0.184804  0.184804  0.154
protocols.relax.FastRelax: CMD: min  -1173.71  0.231311  0.231311  0.154
protocols.relax.FastRelax: CMD: coord_cst_weight  -1294.84  0.231311  0.231311  0.154
protocols.relax.FastRelax: CMD: scale:fa_rep  -1105.47  0.231311  0.231311  0.30745
core.pack.task: Packer task: initialize from command line() 
core.pack.pack_rotamers: built 7161 rotamers at 492 positions.
core.pack.interaction_graph.interaction_graph_factory: Instantiating DensePDInteractionGraph
protocols.relax.FastRelax: CMD: repack  -1106.36  0.231311  0.231311  0.30745
protocols.relax.FastRelax: CMD: scale:fa_rep  -1091.51  0.231311  0.231311  0.31955
protocols.relax.FastRelax: CMD: min  -1310.44  3.02765  3.02765  0.31955
protocols.relax.FastRelax: CMD: coord_cst_weight  -1310.44  3.02765  3.02765  0.31955
protocols.relax.FastRelax: CMD: scale:fa_rep  -1102.76  3.02765  3.02765  0.55
core.pack.task: Packer task: initialize from command line() 
core.pack.pack_rotamers: built 7033 rotamers at 492 positions.
core.pack.interaction_graph.interaction_graph_factory: Instantiating DensePDInteractionGraph
protocols.relax.FastRelax: CMD: repack  -1107.29  3.02765  3.02765  0.55
protocols.relax.FastRelax: CMD: min  -1165.68  2.97629  2.97629  0.55
protocols.relax.FastRelax: MRP: 8  -1165.68  -1165.68  2.97629  2.97629  
protocols.relax.FastRelax: CMD: accept_to_best  -1165.68  2.97629  2.97629  0.55
protocols.relax.FastRelax: CMD: endrepeat  -1165.68  2.97629  2.97629  0.55
protocols.relax.FastRelax: CMD: coord_cst_weight  59847.9  2.97629  2.97629  0.55
protocols.relax.FastRelax: CMD: scale:fa_rep  59513.9  2.97629  2.97629  0.022
core.pack.task: Packer task: initialize from command line() 
core.pack.pack_rotamers: built 7714 rotamers at 492 positions.
core.pack.interaction_graph.interaction_graph_factory: Instantiating DensePDInteractionGraph
protocols.relax.FastRelax: CMD: repack  59504.3  2.97629  2.97629  0.022
protocols.relax.FastRelax: CMD: scale:fa_rep  59513.9  2.97629  2.97629  0.02805
core.optimization.Minimizer: [ WARNING ] LBFGS MAX CYCLES 2000 EXCEEDED, BUT FUNC NOT CONVERGED!
protocols.relax.FastRelax: CMD: min  -1270.5  0.181577  0.181577  0.02805
protocols.relax.FastRelax: CMD: coord_cst_weight  -1342.82  0.181577  0.181577  0.02805
protocols.relax.FastRelax: CMD: scale:fa_rep  -1006.63  0.181577  0.181577  0.14575
core.pack.task: Packer task: initialize from command line() 
core.pack.pack_rotamers: built 7336 rotamers at 492 positions.
core.pack.interaction_graph.interaction_graph_factory: Instantiating DensePDInteractionGraph
protocols.relax.FastRelax: CMD: repack  -1035.96  0.181577  0.181577  0.14575
protocols.relax.FastRelax: CMD: scale:fa_rep  -1014.93  0.181577  0.181577  0.154
protocols.relax.FastRelax: CMD: min  -1184.41  0.230749  0.230749  0.154
protocols.relax.FastRelax: CMD: coord_cst_weight  -1301.16  0.230749  0.230749  0.154
protocols.relax.FastRelax: CMD: scale:fa_rep  -1117.39  0.230749  0.230749  0.30745
core.pack.task: Packer task: initialize from command line() 
core.pack.pack_rotamers: built 7137 rotamers at 492 positions.
core.pack.interaction_graph.interaction_graph_factory: Instantiating DensePDInteractionGraph
protocols.relax.FastRelax: CMD: repack  -1118.11  0.230749  0.230749  0.30745
protocols.relax.FastRelax: CMD: scale:fa_rep  -1103.71  0.230749  0.230749  0.31955
protocols.relax.FastRelax: CMD: min  -1295.75  2.7745  2.7745  0.31955
protocols.relax.FastRelax: CMD: coord_cst_weight  -1295.75  2.7745  2.7745  0.31955
protocols.relax.FastRelax: CMD: scale:fa_rep  -1081.64  2.7745  2.7745  0.55
core.pack.task: Packer task: initialize from command line() 
core.pack.pack_rotamers: built 7022 rotamers at 492 positions.
core.pack.interaction_graph.interaction_graph_factory: Instantiating DensePDInteractionGraph
protocols.relax.FastRelax: CMD: repack  -1089.4  2.7745  2.7745  0.55
protocols.relax.FastRelax: CMD: min  -1155.51  2.81694  2.81694  0.55
protocols.relax.FastRelax: MRP: 9  -1155.51  -1165.68  2.97629  2.97629  
protocols.relax.FastRelax: CMD: accept_to_best  -1155.51  2.81694  2.81694  0.55
protocols.relax.FastRelax: CMD: endrepeat  -1155.51  2.81694  2.81694  0.55
protocols.relax.FastRelax: CMD: coord_cst_weight  59971.6  2.81694  2.81694  0.55
protocols.relax.FastRelax: CMD: scale:fa_rep  59636.3  2.81694  2.81694  0.022
core.pack.task: Packer task: initialize from command line() 
core.pack.pack_rotamers: built 7781 rotamers at 492 positions.
core.pack.interaction_graph.interaction_graph_factory: Instantiating DensePDInteractionGraph
protocols.relax.FastRelax: CMD: repack  59618.1  2.81694  2.81694  0.022
protocols.relax.FastRelax: CMD: scale:fa_rep  59625.8  2.81694  2.81694  0.02805
core.optimization.Minimizer: [ WARNING ] LBFGS MAX CYCLES 2000 EXCEEDED, BUT FUNC NOT CONVERGED!
protocols.relax.FastRelax: CMD: min  -1276.81  0.179269  0.179269  0.02805
protocols.relax.FastRelax: CMD: coord_cst_weight  -1347.43  0.179269  0.179269  0.02805
protocols.relax.FastRelax: CMD: scale:fa_rep  -1008.18  0.179269  0.179269  0.14575
core.pack.task: Packer task: initialize from command line() 
core.pack.pack_rotamers: built 7362 rotamers at 492 positions.
core.pack.interaction_graph.interaction_graph_factory: Instantiating DensePDInteractionGraph
protocols.relax.FastRelax: CMD: repack  -1036.61  0.179269  0.179269  0.14575
protocols.relax.FastRelax: CMD: scale:fa_rep  -1015.4  0.179269  0.179269  0.154
protocols.relax.FastRelax: CMD: min  -1185.02  0.230353  0.230353  0.154
protocols.relax.FastRelax: CMD: coord_cst_weight  -1301.79  0.230353  0.230353  0.154
protocols.relax.FastRelax: CMD: scale:fa_rep  -1117.28  0.230353  0.230353  0.30745
core.pack.task: Packer task: initialize from command line() 
core.pack.pack_rotamers: built 7207 rotamers at 492 positions.
core.pack.interaction_graph.interaction_graph_factory: Instantiating DensePDInteractionGraph
protocols.relax.FastRelax: CMD: repack  -1118.12  0.230353  0.230353  0.30745
protocols.relax.FastRelax: CMD: scale:fa_rep  -1103.68  0.230353  0.230353  0.31955
protocols.relax.FastRelax: CMD: min  -1308.1  2.50992  2.50992  0.31955
protocols.relax.FastRelax: CMD: coord_cst_weight  -1308.1  2.50992  2.50992  0.31955
protocols.relax.FastRelax: CMD: scale:fa_rep  -1099.87  2.50992  2.50992  0.55
core.pack.task: Packer task: initialize from command line() 
core.pack.pack_rotamers: built 7064 rotamers at 492 positions.
core.pack.interaction_graph.interaction_graph_factory: Instantiating DensePDInteractionGraph
protocols.relax.FastRelax: CMD: repack  -1101.66  2.50992  2.50992  0.55
protocols.relax.FastRelax: CMD: min  -1166.86  3.10978  3.10978  0.55
protocols.relax.FastRelax: MRP: 10  -1166.86  -1166.86  3.10978  3.10978  
protocols.relax.FastRelax: CMD: accept_to_best  -1166.86  3.10978  3.10978  0.55
protocols.relax.FastRelax: CMD: endrepeat  -1166.86  3.10978  3.10978  0.55
protocols.relax.FastRelax: CMD: coord_cst_weight  77618.5  3.10978  3.10978  0.55
protocols.relax.FastRelax: CMD: scale:fa_rep  77287.7  3.10978  3.10978  0.022
core.pack.task: Packer task: initialize from command line() 
core.pack.pack_rotamers: built 7783 rotamers at 492 positions.
core.pack.interaction_graph.interaction_graph_factory: Instantiating DensePDInteractionGraph
protocols.relax.FastRelax: CMD: repack  77269.4  3.10978  3.10978  0.022
protocols.relax.FastRelax: CMD: scale:fa_rep  77276.3  3.10978  3.10978  0.02805
core.optimization.Minimizer: [ WARNING ] LBFGS MAX CYCLES 2000 EXCEEDED, BUT FUNC NOT CONVERGED!
protocols.relax.FastRelax: CMD: min  -1247.68  0.188872  0.188872  0.02805
protocols.relax.FastRelax: CMD: coord_cst_weight  -1326.68  0.188872  0.188872  0.02805
protocols.relax.FastRelax: CMD: scale:fa_rep  -975.332  0.188872  0.188872  0.14575
core.pack.task: Packer task: initialize from command line() 
core.pack.pack_rotamers: built 7392 rotamers at 492 positions.
core.pack.interaction_graph.interaction_graph_factory: Instantiating DensePDInteractionGraph
protocols.relax.FastRelax: CMD: repack  -1013.29  0.188872  0.188872  0.14575
protocols.relax.FastRelax: CMD: scale:fa_rep  -991.123  0.188872  0.188872  0.154
protocols.relax.FastRelax: CMD: min  -1186.85  0.223208  0.223208  0.154
protocols.relax.FastRelax: CMD: coord_cst_weight  -1298.3  0.223208  0.223208  0.154
protocols.relax.FastRelax: CMD: scale:fa_rep  -1112.29  0.223208  0.223208  0.30745
core.pack.task: Packer task: initialize from command line() 
core.pack.pack_rotamers: built 7197 rotamers at 492 positions.
core.pack.interaction_graph.interaction_graph_factory: Instantiating DensePDInteractionGraph
protocols.relax.FastRelax: CMD: repack  -1113.54  0.223208  0.223208  0.30745
protocols.relax.FastRelax: CMD: scale:fa_rep  -1099.14  0.223208  0.223208  0.31955
protocols.relax.FastRelax: CMD: min  -1310.27  2.7625  2.7625  0.31955
protocols.relax.FastRelax: CMD: coord_cst_weight  -1310.27  2.7625  2.7625  0.31955
protocols.relax.FastRelax: CMD: scale:fa_rep  -1106.35  2.7625  2.7625  0.55
core.pack.task: Packer task: initialize from command line() 
core.pack.pack_rotamers: built 7053 rotamers at 492 positions.
core.pack.interaction_graph.interaction_graph_factory: Instantiating DensePDInteractionGraph
protocols.relax.FastRelax: CMD: repack  -1110.54  2.7625  2.7625  0.55
protocols.relax.FastRelax: CMD: min  -1167.4  3.18891  3.18891  0.55
protocols.relax.FastRelax: MRP: 11  -1167.4  -1167.4  3.18891  3.18891  
protocols.relax.FastRelax: CMD: accept_to_best  -1167.4  3.18891  3.18891  0.55
protocols.relax.FastRelax: CMD: endrepeat  -1167.4  3.18891  3.18891  0.55
protocols.relax.FastRelax: CMD: coord_cst_weight  59653.1  3.18891  3.18891  0.55
protocols.relax.FastRelax: CMD: scale:fa_rep  59322.9  3.18891  3.18891  0.022
core.pack.task: Packer task: initialize from command line() 
core.pack.pack_rotamers: built 7753 rotamers at 492 positions.
core.pack.interaction_graph.interaction_graph_factory: Instantiating DensePDInteractionGraph
protocols.relax.FastRelax: CMD: repack  59306.5  3.18891  3.18891  0.022
protocols.relax.FastRelax: CMD: scale:fa_rep  59314  3.18891  3.18891  0.02805
core.optimization.Minimizer: [ WARNING ] LBFGS MAX CYCLES 2000 EXCEEDED, BUT FUNC NOT CONVERGED!
protocols.relax.FastRelax: CMD: min  -1227.1  0.1924  0.1924  0.02805
protocols.relax.FastRelax: CMD: coord_cst_weight  -1307.82  0.1924  0.1924  0.02805
protocols.relax.FastRelax: CMD: scale:fa_rep  -960.648  0.1924  0.1924  0.14575
core.pack.task: Packer task: initialize from command line() 
core.pack.pack_rotamers: built 7376 rotamers at 492 positions.
core.pack.interaction_graph.interaction_graph_factory: Instantiating DensePDInteractionGraph
protocols.relax.FastRelax: CMD: repack  -1007.89  0.1924  0.1924  0.14575
protocols.relax.FastRelax: CMD: scale:fa_rep  -986.578  0.1924  0.1924  0.154
core.optimization.Minimizer: [ WARNING ] LBFGS MAX CYCLES 2000 EXCEEDED, BUT FUNC NOT CONVERGED!
protocols.relax.FastRelax: CMD: min  -1189.44  0.228795  0.228795  0.154
protocols.relax.FastRelax: CMD: coord_cst_weight  -1304.69  0.228795  0.228795  0.154
protocols.relax.FastRelax: CMD: scale:fa_rep  -1125.5  0.228795  0.228795  0.30745
core.pack.task: Packer task: initialize from command line() 
core.pack.pack_rotamers: built 7172 rotamers at 492 positions.
core.pack.interaction_graph.interaction_graph_factory: Instantiating DensePDInteractionGraph
protocols.relax.FastRelax: CMD: repack  -1119.66  0.228795  0.228795  0.30745
protocols.relax.FastRelax: CMD: scale:fa_rep  -1105.61  0.228795  0.228795  0.31955
protocols.relax.FastRelax: CMD: min  -1307.59  3.31485  3.31485  0.31955
protocols.relax.FastRelax: CMD: coord_cst_weight  -1307.59  3.31485  3.31485  0.31955
protocols.relax.FastRelax: CMD: scale:fa_rep  -1099.24  3.31485  3.31485  0.55
core.pack.task: Packer task: initialize from command line() 
core.pack.pack_rotamers: built 7049 rotamers at 492 positions.
core.pack.interaction_graph.interaction_graph_factory: Instantiating DensePDInteractionGraph
protocols.relax.FastRelax: CMD: repack  -1105.86  3.31485  3.31485  0.55
protocols.relax.FastRelax: CMD: min  -1161.82  3.4267  3.4267  0.55
protocols.relax.FastRelax: MRP: 12  -1161.82  -1167.4  3.18891  3.18891  
protocols.relax.FastRelax: CMD: accept_to_best  -1161.82  3.4267  3.4267  0.55
protocols.relax.FastRelax: CMD: endrepeat  -1161.82  3.4267  3.4267  0.55
protocols.relax.FastRelax: CMD: coord_cst_weight  55782.4  3.4267  3.4267  0.55
protocols.relax.FastRelax: CMD: scale:fa_rep  55449.3  3.4267  3.4267  0.022
core.pack.task: Packer task: initialize from command line() 
core.pack.pack_rotamers: built 7792 rotamers at 492 positions.
core.pack.interaction_graph.interaction_graph_factory: Instantiating DensePDInteractionGraph
protocols.relax.FastRelax: CMD: repack  55422.5  3.4267  3.4267  0.022
protocols.relax.FastRelax: CMD: scale:fa_rep  55428.7  3.4267  3.4267  0.02805
core.optimization.Minimizer: [ WARNING ] LBFGS MAX CYCLES 2000 EXCEEDED, BUT FUNC NOT CONVERGED!
protocols.relax.FastRelax: CMD: min  -1267.53  0.183512  0.183512  0.02805
protocols.relax.FastRelax: CMD: coord_cst_weight  -1342.18  0.183512  0.183512  0.02805
protocols.relax.FastRelax: CMD: scale:fa_rep  -1028.13  0.183512  0.183512  0.14575
core.pack.task: Packer task: initialize from command line() 
core.pack.pack_rotamers: built 7367 rotamers at 492 positions.
core.pack.interaction_graph.interaction_graph_factory: Instantiating DensePDInteractionGraph
protocols.relax.FastRelax: CMD: repack  -1057.1  0.183512  0.183512  0.14575
protocols.relax.FastRelax: CMD: scale:fa_rep  -1037.57  0.183512  0.183512  0.154
protocols.relax.FastRelax: CMD: min  -1191.7  0.225627  0.225627  0.154
protocols.relax.FastRelax: CMD: coord_cst_weight  -1305.56  0.225627  0.225627  0.154
protocols.relax.FastRelax: CMD: scale:fa_rep  -1126.76  0.225627  0.225627  0.30745
core.pack.task: Packer task: initialize from command line() 
core.pack.pack_rotamers: built 7171 rotamers at 492 positions.
core.pack.interaction_graph.interaction_graph_factory: Instantiating DensePDInteractionGraph
protocols.relax.FastRelax: CMD: repack  -1125.36  0.225627  0.225627  0.30745
protocols.relax.FastRelax: CMD: scale:fa_rep  -1111.32  0.225627  0.225627  0.31955
protocols.relax.FastRelax: CMD: min  -1316.35  2.60744  2.60744  0.31955
protocols.relax.FastRelax: CMD: coord_cst_weight  -1316.35  2.60744  2.60744  0.31955
protocols.relax.FastRelax: CMD: scale:fa_rep  -1106.38  2.60744  2.60744  0.55
core.pack.task: Packer task: initialize from command line() 
core.pack.pack_rotamers: built 6996 rotamers at 492 positions.
core.pack.interaction_graph.interaction_graph_factory: Instantiating DensePDInteractionGraph
protocols.relax.FastRelax: CMD: repack  -1112.58  2.60744  2.60744  0.55
protocols.relax.FastRelax: CMD: min  -1167.18  2.65691  2.65691  0.55
protocols.relax.FastRelax: MRP: 13  -1167.18  -1167.4  3.18891  3.18891  
protocols.relax.FastRelax: CMD: accept_to_best  -1167.18  2.65691  2.65691  0.55
protocols.relax.FastRelax: CMD: endrepeat  -1167.18  2.65691  2.65691  0.55
protocols.relax.FastRelax: CMD: coord_cst_weight  41509.4  2.65691  2.65691  0.55
protocols.relax.FastRelax: CMD: scale:fa_rep  41173.8  2.65691  2.65691  0.022
core.pack.task: Packer task: initialize from command line() 
core.pack.pack_rotamers: built 7772 rotamers at 492 positions.
core.pack.interaction_graph.interaction_graph_factory: Instantiating DensePDInteractionGraph
protocols.relax.FastRelax: CMD: repack  41159.9  2.65691  2.65691  0.022
protocols.relax.FastRelax: CMD: scale:fa_rep  41168.1  2.65691  2.65691  0.02805
core.optimization.Minimizer: [ WARNING ] LBFGS MAX CYCLES 2000 EXCEEDED, BUT FUNC NOT CONVERGED!
protocols.relax.FastRelax: CMD: min  -1264.66  0.185086  0.185086  0.02805
protocols.relax.FastRelax: CMD: coord_cst_weight  -1341.59  0.185086  0.185086  0.02805
protocols.relax.FastRelax: CMD: scale:fa_rep  -1003.74  0.185086  0.185086  0.14575
core.pack.task: Packer task: initialize from command line() 
core.pack.pack_rotamers: built 7363 rotamers at 492 positions.
core.pack.interaction_graph.interaction_graph_factory: Instantiating DensePDInteractionGraph
protocols.relax.FastRelax: CMD: repack  -1058.14  0.185086  0.185086  0.14575
protocols.relax.FastRelax: CMD: scale:fa_rep  -1038.44  0.185086  0.185086  0.154
protocols.relax.FastRelax: CMD: min  -1191.96  0.225388  0.225388  0.154
protocols.relax.FastRelax: CMD: coord_cst_weight  -1305.4  0.225388  0.225388  0.154
protocols.relax.FastRelax: CMD: scale:fa_rep  -1127.27  0.225388  0.225388  0.30745
core.pack.task: Packer task: initialize from command line() 
core.pack.pack_rotamers: built 7156 rotamers at 492 positions.
core.pack.interaction_graph.interaction_graph_factory: Instantiating DensePDInteractionGraph
protocols.relax.FastRelax: CMD: repack  -1127.45  0.225388  0.225388  0.30745
protocols.relax.FastRelax: CMD: scale:fa_rep  -1113.52  0.225388  0.225388  0.31955
protocols.relax.FastRelax: CMD: min  -1168.63  2.63702  2.63702  0.31955
protocols.relax.FastRelax: CMD: coord_cst_weight  -1168.63  2.63702  2.63702  0.31955
protocols.relax.FastRelax: CMD: scale:fa_rep  -855.651  2.63702  2.63702  0.55
core.pack.task: Packer task: initialize from command line() 
core.pack.pack_rotamers: built 7040 rotamers at 492 positions.
core.pack.interaction_graph.interaction_graph_factory: Instantiating DensePDInteractionGraph
protocols.relax.FastRelax: CMD: repack  -1110.94  2.63702  2.63702  0.55
protocols.relax.FastRelax: CMD: min  -1167.23  2.71732  2.71732  0.55
protocols.relax.FastRelax: MRP: 14  -1167.23  -1167.4  3.18891  3.18891  
protocols.relax.FastRelax: CMD: accept_to_best  -1167.23  2.71732  2.71732  0.55
protocols.relax.FastRelax: CMD: endrepeat  -1167.23  2.71732  2.71732  0.55
protocols::checkpoint: Deleting checkpoints of FastRelax
protocols.jd2.JobDistributor: target.BL00010001_12_0002 reported success in 14684 seconds
protocols.jd2.PDBJobInputter: PDBJobInputter::pose_from_job
protocols.jd2.PDBJobInputter: filling pose from PDB ../1-modeller/target.BL00010001.pdb
core.import_pose.import_pose: File '../1-modeller/target.BL00010001.pdb' automatically determined to be of type PDB from contents.
core.io.rcsb.ExperimentalTechnique: [ ERROR ] Unrecognized experimental technique string 'THEORETICAL MODEL, MODELLER 10.8 2026/08/10 16:18:02'
protocols.relax.FastRelax: CMD: repeat  4476.34  0  0  0.55
protocols.relax.FastRelax: CMD: coord_cst_weight  4476.34  0  0  0.55
protocols.relax.FastRelax: CMD: scale:fa_rep  806.987  0  0  0.022
core.pack.task: Packer task: initialize from command line() 
core.pack.pack_rotamers: built 8129 rotamers at 492 positions.
core.pack.interaction_graph.interaction_graph_factory: Instantiating DensePDInteractionGraph
protocols.relax.FastRelax: CMD: repack  -874.074  0  0  0.022
protocols.relax.FastRelax: CMD: scale:fa_rep  -833.762  0  0  0.02805
core.optimization.Minimizer: [ WARNING ] LBFGS MAX CYCLES 2000 EXCEEDED, BUT FUNC NOT CONVERGED!
protocols.relax.FastRelax: CMD: min  -1288.84  0.150116  0.150116  0.02805
protocols.relax.FastRelax: CMD: coord_cst_weight  -1336.14  0.150116  0.150116  0.02805
protocols.relax.FastRelax: CMD: scale:fa_rep  -952.205  0.150116  0.150116  0.14575
core.pack.task: Packer task: initialize from command line() 
core.pack.pack_rotamers: built 7423 rotamers at 492 positions.
core.pack.interaction_graph.interaction_graph_factory: Instantiating DensePDInteractionGraph
protocols.relax.FastRelax: CMD: repack  -994.22  0.150116  0.150116  0.14575
protocols.relax.FastRelax: CMD: scale:fa_rep  -972.203  0.150116  0.150116  0.154
core.optimization.Minimizer: [ WARNING ] LBFGS MAX CYCLES 2000 EXCEEDED, BUT FUNC NOT CONVERGED!
protocols.relax.FastRelax: CMD: min  -1158.41  0.20442  0.20442  0.154
protocols.relax.FastRelax: CMD: coord_cst_weight  -1248.74  0.20442  0.20442  0.154
protocols.relax.FastRelax: CMD: scale:fa_rep  -1057.82  0.20442  0.20442  0.30745
core.pack.task: Packer task: initialize from command line() 
core.pack.pack_rotamers: built 7192 rotamers at 492 positions.
core.pack.interaction_graph.interaction_graph_factory: Instantiating DensePDInteractionGraph
protocols.relax.FastRelax: CMD: repack  -1057.68  0.20442  0.20442  0.30745
protocols.relax.FastRelax: CMD: scale:fa_rep  -1043.09  0.20442  0.20442  0.31955
protocols.relax.FastRelax: CMD: min  -1247.21  3.23498  3.23498  0.31955
protocols.relax.FastRelax: CMD: coord_cst_weight  -1247.21  3.23498  3.23498  0.31955
protocols.relax.FastRelax: CMD: scale:fa_rep  -1042.74  3.23498  3.23498  0.55
core.pack.task: Packer task: initialize from command line() 
core.pack.pack_rotamers: built 7073 rotamers at 492 positions.
core.pack.interaction_graph.interaction_graph_factory: Instantiating DensePDInteractionGraph
protocols.relax.FastRelax: CMD: repack  -1048.96  3.23498  3.23498  0.55
protocols.relax.FastRelax: CMD: min  -1107.6  3.26999  3.26999  0.55
protocols.relax.FastRelax: MRP: 0  -1107.6  -1107.6  3.26999  3.26999  
protocols.relax.FastRelax: CMD: accept_to_best  -1107.6  3.26999  3.26999  0.55
protocols.relax.FastRelax: CMD: endrepeat  -1107.6  3.26999  3.26999  0.55
protocols.relax.FastRelax: CMD: coord_cst_weight  86162.1  3.26999  3.26999  0.55
protocols.relax.FastRelax: CMD: scale:fa_rep  85833.3  3.26999  3.26999  0.022
core.pack.task: Packer task: initialize from command line() 
core.pack.pack_rotamers: built 7814 rotamers at 492 positions.
core.pack.interaction_graph.interaction_graph_factory: Instantiating DensePDInteractionGraph
protocols.relax.FastRelax: CMD: repack  85815.9  3.26999  3.26999  0.022
protocols.relax.FastRelax: CMD: scale:fa_rep  85827  3.26999  3.26999  0.02805
core.optimization.Minimizer: [ WARNING ] LBFGS MAX CYCLES 2000 EXCEEDED, BUT FUNC NOT CONVERGED!
protocols.relax.FastRelax: CMD: min  -1258.72  0.172911  0.172911  0.02805
protocols.relax.FastRelax: CMD: coord_cst_weight  -1324.54  0.172911  0.172911  0.02805
protocols.relax.FastRelax: CMD: scale:fa_rep  -976.168  0.172911  0.172911  0.14575
core.pack.task: Packer task: initialize from command line() 
core.pack.pack_rotamers: built 7381 rotamers at 492 positions.
core.pack.interaction_graph.interaction_graph_factory: Instantiating DensePDInteractionGraph
protocols.relax.FastRelax: CMD: repack  -1025.02  0.172911  0.172911  0.14575
protocols.relax.FastRelax: CMD: scale:fa_rep  -1004.93  0.172911  0.172911  0.154
protocols.relax.FastRelax: CMD: min  -1182.93  0.21528  0.21528  0.154
protocols.relax.FastRelax: CMD: coord_cst_weight  -1284.72  0.21528  0.21528  0.154
protocols.relax.FastRelax: CMD: scale:fa_rep  -1103.61  0.21528  0.21528  0.30745
core.pack.task: Packer task: initialize from command line() 
core.pack.pack_rotamers: built 7162 rotamers at 492 positions.
core.pack.interaction_graph.interaction_graph_factory: Instantiating DensePDInteractionGraph
protocols.relax.FastRelax: CMD: repack  -1103.06  0.21528  0.21528  0.30745
protocols.relax.FastRelax: CMD: scale:fa_rep  -1089.02  0.21528  0.21528  0.31955
protocols.relax.FastRelax: CMD: min  -1281.72  2.62372  2.62372  0.31955
protocols.relax.FastRelax: CMD: coord_cst_weight  -1281.72  2.62372  2.62372  0.31955
protocols.relax.FastRelax: CMD: scale:fa_rep  -1074.38  2.62372  2.62372  0.55
core.pack.task: Packer task: initialize from command line() 
core.pack.pack_rotamers: built 6959 rotamers at 492 positions.
core.pack.interaction_graph.interaction_graph_factory: Instantiating DensePDInteractionGraph
protocols.relax.FastRelax: CMD: repack  -1078.05  2.62372  2.62372  0.55
protocols.relax.FastRelax: CMD: min  -1131.56  2.60088  2.60088  0.55
protocols.relax.FastRelax: MRP: 1  -1131.56  -1131.56  2.60088  2.60088  
protocols.relax.FastRelax: CMD: accept_to_best  -1131.56  2.60088  2.60088  0.55
protocols.relax.FastRelax: CMD: endrepeat  -1131.56  2.60088  2.60088  0.55
protocols.relax.FastRelax: CMD: coord_cst_weight  67828.4  2.60088  2.60088  0.55
protocols.relax.FastRelax: CMD: scale:fa_rep  67501.2  2.60088  2.60088  0.022
core.pack.task: Packer task: initialize from command line() 
core.pack.pack_rotamers: built 7704 rotamers at 492 positions.
core.pack.interaction_graph.interaction_graph_factory: Instantiating DensePDInteractionGraph
protocols.relax.FastRelax: CMD: repack  67477.8  2.60088  2.60088  0.022
protocols.relax.FastRelax: CMD: scale:fa_rep  67486.5  2.60088  2.60088  0.02805
core.optimization.Minimizer: [ WARNING ] LBFGS MAX CYCLES 2000 EXCEEDED, BUT FUNC NOT CONVERGED!
protocols.relax.FastRelax: CMD: min  -1275.73  0.179726  0.179726  0.02805
protocols.relax.FastRelax: CMD: coord_cst_weight  -1345.59  0.179726  0.179726  0.02805
protocols.relax.FastRelax: CMD: scale:fa_rep  -998.028  0.179726  0.179726  0.14575
core.pack.task: Packer task: initialize from command line() 
core.pack.pack_rotamers: built 7345 rotamers at 492 positions.
core.pack.interaction_graph.interaction_graph_factory: Instantiating DensePDInteractionGraph
protocols.relax.FastRelax: CMD: repack  -1048.03  0.179726  0.179726  0.14575
protocols.relax.FastRelax: CMD: scale:fa_rep  -1028.34  0.179726  0.179726  0.154
protocols.relax.FastRelax: CMD: min  -1186.92  0.217259  0.217259  0.154
protocols.relax.FastRelax: CMD: coord_cst_weight  -1291.66  0.217259  0.217259  0.154
protocols.relax.FastRelax: CMD: scale:fa_rep  -1111.45  0.217259  0.217259  0.30745
core.pack.task: Packer task: initialize from command line() 
core.pack.pack_rotamers: built 7147 rotamers at 492 positions.
core.pack.interaction_graph.interaction_graph_factory: Instantiating DensePDInteractionGraph
protocols.relax.FastRelax: CMD: repack  -1112.87  0.217259  0.217259  0.30745
protocols.relax.FastRelax: CMD: scale:fa_rep  -1098.94  0.217259  0.217259  0.31955
protocols.relax.FastRelax: CMD: min  -1291.48  2.55792  2.55792  0.31955
protocols.relax.FastRelax: CMD: coord_cst_weight  -1291.48  2.55792  2.55792  0.31955
protocols.relax.FastRelax: CMD: scale:fa_rep  -1085.72  2.55792  2.55792  0.55
core.pack.task: Packer task: initialize from command line() 
core.pack.pack_rotamers: built 7017 rotamers at 492 positions.
core.pack.interaction_graph.interaction_graph_factory: Instantiating DensePDInteractionGraph
protocols.relax.FastRelax: CMD: repack  -1089.97  2.55792  2.55792  0.55
protocols.relax.FastRelax: CMD: min  -1143.13  2.62475  2.62475  0.55
protocols.relax.FastRelax: MRP: 2  -1143.13  -1143.13  2.62475  2.62475  
protocols.relax.FastRelax: CMD: accept_to_best  -1143.13  2.62475  2.62475  0.55
protocols.relax.FastRelax: CMD: endrepeat  -1143.13  2.62475  2.62475  0.55
protocols.relax.FastRelax: CMD: coord_cst_weight  92243.7  2.62475  2.62475  0.55
protocols.relax.FastRelax: CMD: scale:fa_rep  91914.3  2.62475  2.62475  0.022
core.pack.task: Packer task: initialize from command line() 
core.pack.pack_rotamers: built 7701 rotamers at 492 positions.
core.pack.interaction_graph.interaction_graph_factory: Instantiating DensePDInteractionGraph
protocols.relax.FastRelax: CMD: repack  91909.7  2.62475  2.62475  0.022
protocols.relax.FastRelax: CMD: scale:fa_rep  91919.6  2.62475  2.62475  0.02805
core.optimization.Minimizer: [ WARNING ] LBFGS MAX CYCLES 2000 EXCEEDED, BUT FUNC NOT CONVERGED!
protocols.relax.FastRelax: CMD: min  -1231.86  0.193541  0.193541  0.02805
protocols.relax.FastRelax: CMD: coord_cst_weight  -1309.71  0.193541  0.193541  0.02805
protocols.relax.FastRelax: CMD: scale:fa_rep  -947.202  0.193541  0.193541  0.14575
core.pack.task: Packer task: initialize from command line() 
core.pack.pack_rotamers: built 7347 rotamers at 492 positions.
core.pack.interaction_graph.interaction_graph_factory: Instantiating DensePDInteractionGraph
protocols.relax.FastRelax: CMD: repack  -1028.19  0.193541  0.193541  0.14575
protocols.relax.FastRelax: CMD: scale:fa_rep  -1007.92  0.193541  0.193541  0.154
protocols.relax.FastRelax: CMD: min  -1187.28  0.22268  0.22268  0.154
protocols.relax.FastRelax: CMD: coord_cst_weight  -1295.89  0.22268  0.22268  0.154
protocols.relax.FastRelax: CMD: scale:fa_rep  -1118.79  0.22268  0.22268  0.30745
core.pack.task: Packer task: initialize from command line() 
core.pack.pack_rotamers: built 7118 rotamers at 492 positions.
core.pack.interaction_graph.interaction_graph_factory: Instantiating DensePDInteractionGraph
protocols.relax.FastRelax: CMD: repack  -1112.09  0.22268  0.22268  0.30745
protocols.relax.FastRelax: CMD: scale:fa_rep  -1098.24  0.22268  0.22268  0.31955
protocols.relax.FastRelax: CMD: min  -1184.73  3.76387  3.76387  0.31955
protocols.relax.FastRelax: CMD: coord_cst_weight  -1184.73  3.76387  3.76387  0.31955
protocols.relax.FastRelax: CMD: scale:fa_rep  -903.284  3.76387  3.76387  0.55
core.pack.task: Packer task: initialize from command line() 
core.pack.pack_rotamers: built 6968 rotamers at 492 positions.
core.pack.interaction_graph.interaction_graph_factory: Instantiating DensePDInteractionGraph
protocols.relax.FastRelax: CMD: repack  -1045.99  3.76387  3.76387  0.55
protocols.relax.FastRelax: CMD: min  -1146.4  3.51031  3.51031  0.55
protocols.relax.FastRelax: MRP: 3  -1146.4  -1146.4  3.51031  3.51031  
protocols.relax.FastRelax: CMD: accept_to_best  -1146.4  3.51031  3.51031  0.55
protocols.relax.FastRelax: CMD: endrepeat  -1146.4  3.51031  3.51031  0.55
protocols.relax.FastRelax: CMD: coord_cst_weight  74897.7  3.51031  3.51031  0.55
protocols.relax.FastRelax: CMD: scale:fa_rep  74568.2  3.51031  3.51031  0.022
core.pack.task: Packer task: initialize from command line() 
core.pack.pack_rotamers: built 7674 rotamers at 492 positions.
core.pack.interaction_graph.interaction_graph_factory: Instantiating DensePDInteractionGraph
protocols.relax.FastRelax: CMD: repack  74562.9  3.51031  3.51031  0.022
protocols.relax.FastRelax: CMD: scale:fa_rep  74571.9  3.51031  3.51031  0.02805
core.optimization.Minimizer: [ WARNING ] LBFGS MAX CYCLES 2000 EXCEEDED, BUT FUNC NOT CONVERGED!
protocols.relax.FastRelax: CMD: min  -1267.94  0.181406  0.181406  0.02805
protocols.relax.FastRelax: CMD: coord_cst_weight  -1339.08  0.181406  0.181406  0.02805
protocols.relax.FastRelax: CMD: scale:fa_rep  -1015.09  0.181406  0.181406  0.14575
core.pack.task: Packer task: initialize from command line() 
core.pack.pack_rotamers: built 7274 rotamers at 492 positions.
core.pack.interaction_graph.interaction_graph_factory: Instantiating DensePDInteractionGraph
protocols.relax.FastRelax: CMD: repack  -1055.23  0.181406  0.181406  0.14575
protocols.relax.FastRelax: CMD: scale:fa_rep  -1035.26  0.181406  0.181406  0.154
protocols.relax.FastRelax: CMD: min  -1192.61  0.220543  0.220543  0.154
protocols.relax.FastRelax: CMD: coord_cst_weight  -1299.74  0.220543  0.220543  0.154
protocols.relax.FastRelax: CMD: scale:fa_rep  -1118.79  0.220543  0.220543  0.30745
core.pack.task: Packer task: initialize from command line() 
core.pack.pack_rotamers: built 7099 rotamers at 492 positions.
core.pack.interaction_graph.interaction_graph_factory: Instantiating DensePDInteractionGraph
protocols.relax.FastRelax: CMD: repack  -1120.06  0.220543  0.220543  0.30745
protocols.relax.FastRelax: CMD: scale:fa_rep  -1105.95  0.220543  0.220543  0.31955
protocols.relax.FastRelax: CMD: min  -1294.59  3.10349  3.10349  0.31955
protocols.relax.FastRelax: CMD: coord_cst_weight  -1294.59  3.10349  3.10349  0.31955
protocols.relax.FastRelax: CMD: scale:fa_rep  -1090.97  3.10349  3.10349  0.55
core.pack.task: Packer task: initialize from command line() 
core.pack.pack_rotamers: built 6966 rotamers at 492 positions.
core.pack.interaction_graph.interaction_graph_factory: Instantiating DensePDInteractionGraph
protocols.relax.FastRelax: CMD: repack  -1095.92  3.10349  3.10349  0.55
protocols.relax.FastRelax: CMD: min  -1150.49  3.52115  3.52115  0.55
protocols.relax.FastRelax: MRP: 4  -1150.49  -1150.49  3.52115  3.52115  
protocols.relax.FastRelax: CMD: accept_to_best  -1150.49  3.52115  3.52115  0.55
protocols.relax.FastRelax: CMD: endrepeat  -1150.49  3.52115  3.52115  0.55
protocols.relax.FastRelax: CMD: coord_cst_weight  66264.6  3.52115  3.52115  0.55
protocols.relax.FastRelax: CMD: scale:fa_rep  65938.5  3.52115  3.52115  0.022
core.pack.task: Packer task: initialize from command line() 
core.pack.pack_rotamers: built 7644 rotamers at 492 positions.
core.pack.interaction_graph.interaction_graph_factory: Instantiating DensePDInteractionGraph
protocols.relax.FastRelax: CMD: repack  65920.4  3.52115  3.52115  0.022
protocols.relax.FastRelax: CMD: scale:fa_rep  65927.6  3.52115  3.52115  0.02805
core.optimization.Minimizer: [ WARNING ] LBFGS MAX CYCLES 2000 EXCEEDED, BUT FUNC NOT CONVERGED!
protocols.relax.FastRelax: CMD: min  -1281.8  0.178262  0.178262  0.02805
protocols.relax.FastRelax: CMD: coord_cst_weight  -1351.7  0.178262  0.178262  0.02805
protocols.relax.FastRelax: CMD: scale:fa_rep  -1015.18  0.178262  0.178262  0.14575
core.pack.task: Packer task: initialize from command line() 
core.pack.pack_rotamers: built 7317 rotamers at 492 positions.
core.pack.interaction_graph.interaction_graph_factory: Instantiating DensePDInteractionGraph
protocols.relax.FastRelax: CMD: repack  -1051.15  0.178262  0.178262  0.14575
protocols.relax.FastRelax: CMD: scale:fa_rep  -1030.41  0.178262  0.178262  0.154
protocols.relax.FastRelax: CMD: min  -1188.57  0.22226  0.22226  0.154
protocols.relax.FastRelax: CMD: coord_cst_weight  -1297.2  0.22226  0.22226  0.154
protocols.relax.FastRelax: CMD: scale:fa_rep  -1114.49  0.22226  0.22226  0.30745
core.pack.task: Packer task: initialize from command line() 
core.pack.pack_rotamers: built 7134 rotamers at 492 positions.
core.pack.interaction_graph.interaction_graph_factory: Instantiating DensePDInteractionGraph
protocols.relax.FastRelax: CMD: repack  -1115.99  0.22226  0.22226  0.30745
protocols.relax.FastRelax: CMD: scale:fa_rep  -1101.88  0.22226  0.22226  0.31955
protocols.relax.FastRelax: CMD: min  -1301.09  2.65894  2.65894  0.31955
protocols.relax.FastRelax: CMD: coord_cst_weight  -1301.09  2.65894  2.65894  0.31955
protocols.relax.FastRelax: CMD: scale:fa_rep  -1102.2  2.65894  2.65894  0.55
core.pack.task: Packer task: initialize from command line() 
core.pack.pack_rotamers: built 7003 rotamers at 492 positions.
core.pack.interaction_graph.interaction_graph_factory: Instantiating DensePDInteractionGraph
protocols.relax.FastRelax: CMD: repack  -1102.63  2.65894  2.65894  0.55
protocols.relax.FastRelax: CMD: min  -1152.65  3.64581  3.64581  0.55
protocols.relax.FastRelax: MRP: 5  -1152.65  -1152.65  3.64581  3.64581  
protocols.relax.FastRelax: CMD: accept_to_best  -1152.65  3.64581  3.64581  0.55
protocols.relax.FastRelax: CMD: endrepeat  -1152.65  3.64581  3.64581  0.55
protocols.relax.FastRelax: CMD: coord_cst_weight  106007  3.64581  3.64581  0.55
protocols.relax.FastRelax: CMD: scale:fa_rep  105688  3.64581  3.64581  0.022
core.pack.task: Packer task: initialize from command line() 
core.pack.pack_rotamers: built 7624 rotamers at 492 positions.
core.pack.interaction_graph.interaction_graph_factory: Instantiating DensePDInteractionGraph
protocols.relax.FastRelax: CMD: repack  105665  3.64581  3.64581  0.022
protocols.relax.FastRelax: CMD: scale:fa_rep  105674  3.64581  3.64581  0.02805
core.optimization.Minimizer: [ WARNING ] LBFGS MAX CYCLES 2000 EXCEEDED, BUT FUNC NOT CONVERGED!
protocols.relax.FastRelax: CMD: min  -1254.62  0.187613  0.187613  0.02805
protocols.relax.FastRelax: CMD: coord_cst_weight  -1332.49  0.187613  0.187613  0.02805
protocols.relax.FastRelax: CMD: scale:fa_rep  -955.967  0.187613  0.187613  0.14575
core.pack.task: Packer task: initialize from command line() 
core.pack.pack_rotamers: built 7363 rotamers at 492 positions.
core.pack.interaction_graph.interaction_graph_factory: Instantiating DensePDInteractionGraph
protocols.relax.FastRelax: CMD: repack  -1011.41  0.187613  0.187613  0.14575
protocols.relax.FastRelax: CMD: scale:fa_rep  -989.123  0.187613  0.187613  0.154
protocols.relax.FastRelax: CMD: min  -1175.32  0.226108  0.226108  0.154
protocols.relax.FastRelax: CMD: coord_cst_weight  -1288.02  0.226108  0.226108  0.154
protocols.relax.FastRelax: CMD: scale:fa_rep  -1102.41  0.226108  0.226108  0.30745
core.pack.task: Packer task: initialize from command line() 
core.pack.pack_rotamers: built 7126 rotamers at 492 positions.
core.pack.interaction_graph.interaction_graph_factory: Instantiating DensePDInteractionGraph
protocols.relax.FastRelax: CMD: repack  -1103.08  0.226108  0.226108  0.30745
protocols.relax.FastRelax: CMD: scale:fa_rep  -1088.54  0.226108  0.226108  0.31955
protocols.relax.FastRelax: CMD: min  -1293.93  2.26306  2.26306  0.31955
protocols.relax.FastRelax: CMD: coord_cst_weight  -1293.93  2.26306  2.26306  0.31955
protocols.relax.FastRelax: CMD: scale:fa_rep  -1090.96  2.26306  2.26306  0.55
core.pack.task: Packer task: initialize from command line() 
core.pack.pack_rotamers: built 6907 rotamers at 492 positions.
core.pack.interaction_graph.interaction_graph_factory: Instantiating DensePDInteractionGraph
protocols.relax.FastRelax: CMD: repack  -1093.23  2.26306  2.26306  0.55
protocols.relax.FastRelax: CMD: min  -1152.46  2.73076  2.73076  0.55
protocols.relax.FastRelax: MRP: 6  -1152.46  -1152.65  3.64581  3.64581  
protocols.relax.FastRelax: CMD: accept_to_best  -1152.46  2.73076  2.73076  0.55
protocols.relax.FastRelax: CMD: endrepeat  -1152.46  2.73076  2.73076  0.55
protocols.relax.FastRelax: CMD: coord_cst_weight  55305.5  2.73076  2.73076  0.55
protocols.relax.FastRelax: CMD: scale:fa_rep  54984.1  2.73076  2.73076  0.022
core.pack.task: Packer task: initialize from command line() 
core.pack.pack_rotamers: built 7629 rotamers at 492 positions.
core.pack.interaction_graph.interaction_graph_factory: Instantiating DensePDInteractionGraph
protocols.relax.FastRelax: CMD: repack  54960.5  2.73076  2.73076  0.022
protocols.relax.FastRelax: CMD: scale:fa_rep  54967.9  2.73076  2.73076  0.02805
core.optimization.Minimizer: [ WARNING ] LBFGS MAX CYCLES 2000 EXCEEDED, BUT FUNC NOT CONVERGED!
protocols.relax.FastRelax: CMD: min  -1268.89  0.185285  0.185285  0.02805
protocols.relax.FastRelax: CMD: coord_cst_weight  -1345.85  0.185285  0.185285  0.02805
protocols.relax.FastRelax: CMD: scale:fa_rep  -986.223  0.185285  0.185285  0.14575
core.pack.task: Packer task: initialize from command line() 
core.pack.pack_rotamers: built 7313 rotamers at 492 positions.
core.pack.interaction_graph.interaction_graph_factory: Instantiating DensePDInteractionGraph
protocols.relax.FastRelax: CMD: repack  -1041.44  0.185285  0.185285  0.14575
protocols.relax.FastRelax: CMD: scale:fa_rep  -1020.26  0.185285  0.185285  0.154
protocols.relax.FastRelax: CMD: min  -1187.96  0.225358  0.225358  0.154
protocols.relax.FastRelax: CMD: coord_cst_weight  -1300.5  0.225358  0.225358  0.154
protocols.relax.FastRelax: CMD: scale:fa_rep  -1117.19  0.225358  0.225358  0.30745
core.pack.task: Packer task: initialize from command line() 
core.pack.pack_rotamers: built 7131 rotamers at 492 positions.
core.pack.interaction_graph.interaction_graph_factory: Instantiating DensePDInteractionGraph
protocols.relax.FastRelax: CMD: repack  -1120.89  0.225358  0.225358  0.30745
protocols.relax.FastRelax: CMD: scale:fa_rep  -1106.54  0.225358  0.225358  0.31955
protocols.relax.FastRelax: CMD: min  -1306.51  2.79429  2.79429  0.31955
protocols.relax.FastRelax: CMD: coord_cst_weight  -1306.51  2.79429  2.79429  0.31955
protocols.relax.FastRelax: CMD: scale:fa_rep  -1104.99  2.79429  2.79429  0.55
core.pack.task: Packer task: initialize from command line() 
core.pack.pack_rotamers: built 6940 rotamers at 492 positions.
core.pack.interaction_graph.interaction_graph_factory: Instantiating DensePDInteractionGraph
protocols.relax.FastRelax: CMD: repack  -1106.6  2.79429  2.79429  0.55
protocols.relax.FastRelax: CMD: min  -1164.89  3.20936  3.20936  0.55
protocols.relax.FastRelax: MRP: 7  -1164.89  -1164.89  3.20936  3.20936  
protocols.relax.FastRelax: CMD: accept_to_best  -1164.89  3.20936  3.20936  0.55
protocols.relax.FastRelax: CMD: endrepeat  -1164.89  3.20936  3.20936  0.55
protocols.relax.FastRelax: CMD: coord_cst_weight  62902.4  3.20936  3.20936  0.55
protocols.relax.FastRelax: CMD: scale:fa_rep  62577.7  3.20936  3.20936  0.022
core.pack.task: Packer task: initialize from command line() 
core.pack.pack_rotamers: built 7714 rotamers at 492 positions.
core.pack.interaction_graph.interaction_graph_factory: Instantiating DensePDInteractionGraph
protocols.relax.FastRelax: CMD: repack  62573.7  3.20936  3.20936  0.022
protocols.relax.FastRelax: CMD: scale:fa_rep  62582  3.20936  3.20936  0.02805
core.optimization.Minimizer: [ WARNING ] LBFGS MAX CYCLES 2000 EXCEEDED, BUT FUNC NOT CONVERGED!
protocols.relax.FastRelax: CMD: min  -1256.86  0.189313  0.189313  0.02805
protocols.relax.FastRelax: CMD: coord_cst_weight  -1335.14  0.189313  0.189313  0.02805
protocols.relax.FastRelax: CMD: scale:fa_rep  -966.428  0.189313  0.189313  0.14575
core.pack.task: Packer task: initialize from command line() 
core.pack.pack_rotamers: built 7341 rotamers at 492 positions.
core.pack.interaction_graph.interaction_graph_factory: Instantiating DensePDInteractionGraph
protocols.relax.FastRelax: CMD: repack  -1042.24  0.189313  0.189313  0.14575
protocols.relax.FastRelax: CMD: scale:fa_rep  -1021.32  0.189313  0.189313  0.154
protocols.relax.FastRelax: CMD: min  -1192.92  0.23008  0.23008  0.154
protocols.relax.FastRelax: CMD: coord_cst_weight  -1308.59  0.23008  0.23008  0.154
protocols.relax.FastRelax: CMD: scale:fa_rep  -1126.92  0.23008  0.23008  0.30745
core.pack.task: Packer task: initialize from command line() 
core.pack.pack_rotamers: built 7159 rotamers at 492 positions.
core.pack.interaction_graph.interaction_graph_factory: Instantiating DensePDInteractionGraph
protocols.relax.FastRelax: CMD: repack  -1129.07  0.23008  0.23008  0.30745
protocols.relax.FastRelax: CMD: scale:fa_rep  -1114.98  0.23008  0.23008  0.31955
protocols.relax.FastRelax: CMD: min  -1315.74  3.36857  3.36857  0.31955
protocols.relax.FastRelax: CMD: coord_cst_weight  -1315.74  3.36857  3.36857  0.31955
protocols.relax.FastRelax: CMD: scale:fa_rep  -1116.54  3.36857  3.36857  0.55
core.pack.task: Packer task: initialize from command line() 
core.pack.pack_rotamers: built 6945 rotamers at 492 positions.
core.pack.interaction_graph.interaction_graph_factory: Instantiating DensePDInteractionGraph
protocols.relax.FastRelax: CMD: repack  -1119.5  3.36857  3.36857  0.55
protocols.relax.FastRelax: CMD: min  -1169.2  3.83108  3.83108  0.55
protocols.relax.FastRelax: MRP: 8  -1169.2  -1169.2  3.83108  3.83108  
protocols.relax.FastRelax: CMD: accept_to_best  -1169.2  3.83108  3.83108  0.55
protocols.relax.FastRelax: CMD: endrepeat  -1169.2  3.83108  3.83108  0.55
protocols.relax.FastRelax: CMD: coord_cst_weight  102442  3.83108  3.83108  0.55
protocols.relax.FastRelax: CMD: scale:fa_rep  102125  3.83108  3.83108  0.022
core.pack.task: Packer task: initialize from command line() 
core.pack.pack_rotamers: built 7660 rotamers at 492 positions.
core.pack.interaction_graph.interaction_graph_factory: Instantiating DensePDInteractionGraph
protocols.relax.FastRelax: CMD: repack  102100  3.83108  3.83108  0.022
protocols.relax.FastRelax: CMD: scale:fa_rep  102107  3.83108  3.83108  0.02805
core.optimization.Minimizer: [ WARNING ] LBFGS MAX CYCLES 2000 EXCEEDED, BUT FUNC NOT CONVERGED!
protocols.relax.FastRelax: CMD: min  -1244.57  0.197751  0.197751  0.02805
protocols.relax.FastRelax: CMD: coord_cst_weight  -1330.54  0.197751  0.197751  0.02805
protocols.relax.FastRelax: CMD: scale:fa_rep  -981.44  0.197751  0.197751  0.14575
core.pack.task: Packer task: initialize from command line() 
core.pack.pack_rotamers: built 7371 rotamers at 492 positions.
core.pack.interaction_graph.interaction_graph_factory: Instantiating DensePDInteractionGraph
protocols.relax.FastRelax: CMD: repack  -1040.67  0.197751  0.197751  0.14575
protocols.relax.FastRelax: CMD: scale:fa_rep  -1020.16  0.197751  0.197751  0.154
protocols.relax.FastRelax: CMD: min  -1197.37  0.23067  0.23067  0.154
protocols.relax.FastRelax: CMD: coord_cst_weight  -1314.03  0.23067  0.23067  0.154
protocols.relax.FastRelax: CMD: scale:fa_rep  -1134.71  0.23067  0.23067  0.30745
core.pack.task: Packer task: initialize from command line() 
core.pack.pack_rotamers: built 7173 rotamers at 492 positions.
core.pack.interaction_graph.interaction_graph_factory: Instantiating DensePDInteractionGraph
protocols.relax.FastRelax: CMD: repack  -1135.65  0.23067  0.23067  0.30745
protocols.relax.FastRelax: CMD: scale:fa_rep  -1121.58  0.23067  0.23067  0.31955
protocols.relax.FastRelax: CMD: min  -1317.93  2.98803  2.98803  0.31955
protocols.relax.FastRelax: CMD: coord_cst_weight  -1317.93  2.98803  2.98803  0.31955
protocols.relax.FastRelax: CMD: scale:fa_rep  -1117.55  2.98803  2.98803  0.55
core.pack.task: Packer task: initialize from command line() 
core.pack.pack_rotamers: built 7004 rotamers at 492 positions.
core.pack.interaction_graph.interaction_graph_factory: Instantiating DensePDInteractionGraph
protocols.relax.FastRelax: CMD: repack  -1121.46  2.98803  2.98803  0.55
protocols.relax.FastRelax: CMD: min  -1170.68  3.45015  3.45015  0.55
protocols.relax.FastRelax: MRP: 9  -1170.68  -1170.68  3.45015  3.45015  
protocols.relax.FastRelax: CMD: accept_to_best  -1170.68  3.45015  3.45015  0.55
protocols.relax.FastRelax: CMD: endrepeat  -1170.68  3.45015  3.45015  0.55
protocols.relax.FastRelax: CMD: coord_cst_weight  68898.7  3.45015  3.45015  0.55
protocols.relax.FastRelax: CMD: scale:fa_rep  68577.9  3.45015  3.45015  0.022
core.pack.task: Packer task: initialize from command line() 
core.pack.pack_rotamers: built 7700 rotamers at 492 positions.
core.pack.interaction_graph.interaction_graph_factory: Instantiating DensePDInteractionGraph
protocols.relax.FastRelax: CMD: repack  68585  3.45015  3.45015  0.022
protocols.relax.FastRelax: CMD: scale:fa_rep  68594.6  3.45015  3.45015  0.02805
core.optimization.Minimizer: [ WARNING ] LBFGS MAX CYCLES 2000 EXCEEDED, BUT FUNC NOT CONVERGED!
protocols.relax.FastRelax: CMD: min  -1240.89  0.194353  0.194353  0.02805
protocols.relax.FastRelax: CMD: coord_cst_weight  -1323.63  0.194353  0.194353  0.02805
protocols.relax.FastRelax: CMD: scale:fa_rep  -947.417  0.194353  0.194353  0.14575
core.pack.task: Packer task: initialize from command line() 
core.pack.pack_rotamers: built 7309 rotamers at 492 positions.
core.pack.interaction_graph.interaction_graph_factory: Instantiating DensePDInteractionGraph
protocols.relax.FastRelax: CMD: repack  -1027.91  0.194353  0.194353  0.14575
protocols.relax.FastRelax: CMD: scale:fa_rep  -1006.28  0.194353  0.194353  0.154
protocols.relax.FastRelax: CMD: min  -1191.68  0.232812  0.232812  0.154
protocols.relax.FastRelax: CMD: coord_cst_weight  -1311.42  0.232812  0.232812  0.154
protocols.relax.FastRelax: CMD: scale:fa_rep  -1127.04  0.232812  0.232812  0.30745
core.pack.task: Packer task: initialize from command line() 
core.pack.pack_rotamers: built 7094 rotamers at 492 positions.
core.pack.interaction_graph.interaction_graph_factory: Instantiating DensePDInteractionGraph
protocols.relax.FastRelax: CMD: repack  -1128.44  0.232812  0.232812  0.30745
protocols.relax.FastRelax: CMD: scale:fa_rep  -1114.14  0.232812  0.232812  0.31955
protocols.relax.FastRelax: CMD: min  -1319.45  2.78256  2.78256  0.31955
protocols.relax.FastRelax: CMD: coord_cst_weight  -1319.45  2.78256  2.78256  0.31955
protocols.relax.FastRelax: CMD: scale:fa_rep  -1117.27  2.78256  2.78256  0.55
core.pack.task: Packer task: initialize from command line() 
core.pack.pack_rotamers: built 6951 rotamers at 492 positions.
core.pack.interaction_graph.interaction_graph_factory: Instantiating DensePDInteractionGraph
protocols.relax.FastRelax: CMD: repack  -1118.89  2.78256  2.78256  0.55
protocols.relax.FastRelax: CMD: min  -1166.87  3.07324  3.07324  0.55
protocols.relax.FastRelax: MRP: 10  -1166.87  -1170.68  3.45015  3.45015  
protocols.relax.FastRelax: CMD: accept_to_best  -1166.87  3.07324  3.07324  0.55
protocols.relax.FastRelax: CMD: endrepeat  -1166.87  3.07324  3.07324  0.55
protocols.relax.FastRelax: CMD: coord_cst_weight  57831.4  3.07324  3.07324  0.55
protocols.relax.FastRelax: CMD: scale:fa_rep  57509.3  3.07324  3.07324  0.022
core.pack.task: Packer task: initialize from command line() 
core.pack.pack_rotamers: built 7717 rotamers at 492 positions.
core.pack.interaction_graph.interaction_graph_factory: Instantiating DensePDInteractionGraph
protocols.relax.FastRelax: CMD: repack  57488  3.07324  3.07324  0.022
protocols.relax.FastRelax: CMD: scale:fa_rep  57495.7  3.07324  3.07324  0.02805
core.optimization.Minimizer: [ WARNING ] LBFGS MAX CYCLES 2000 EXCEEDED, BUT FUNC NOT CONVERGED!
protocols.relax.FastRelax: CMD: min  -1266.4  0.191433  0.191433  0.02805
protocols.relax.FastRelax: CMD: coord_cst_weight  -1346.14  0.191433  0.191433  0.02805
protocols.relax.FastRelax: CMD: scale:fa_rep  -979.797  0.191433  0.191433  0.14575
core.pack.task: Packer task: initialize from command line() 
core.pack.pack_rotamers: built 7289 rotamers at 492 positions.
core.pack.interaction_graph.interaction_graph_factory: Instantiating DensePDInteractionGraph
protocols.relax.FastRelax: CMD: repack  -1046.67  0.191433  0.191433  0.14575
protocols.relax.FastRelax: CMD: scale:fa_rep  -1025.39  0.191433  0.191433  0.154
protocols.relax.FastRelax: CMD: min  -1194.54  0.232768  0.232768  0.154
protocols.relax.FastRelax: CMD: coord_cst_weight  -1313.5  0.232768  0.232768  0.154
protocols.relax.FastRelax: CMD: scale:fa_rep  -1132.29  0.232768  0.232768  0.30745
core.pack.task: Packer task: initialize from command line() 
core.pack.pack_rotamers: built 7149 rotamers at 492 positions.
core.pack.interaction_graph.interaction_graph_factory: Instantiating DensePDInteractionGraph
protocols.relax.FastRelax: CMD: repack  -1133.23  0.232768  0.232768  0.30745
protocols.relax.FastRelax: CMD: scale:fa_rep  -1119.02  0.232768  0.232768  0.31955
protocols.relax.FastRelax: CMD: min  -1321.13  3.07652  3.07652  0.31955
protocols.relax.FastRelax: CMD: coord_cst_weight  -1321.13  3.07652  3.07652  0.31955
protocols.relax.FastRelax: CMD: scale:fa_rep  -1117.76  3.07652  3.07652  0.55
core.pack.task: Packer task: initialize from command line() 
core.pack.pack_rotamers: built 6946 rotamers at 492 positions.
core.pack.interaction_graph.interaction_graph_factory: Instantiating DensePDInteractionGraph
protocols.relax.FastRelax: CMD: repack  -1119.3  3.07652  3.07652  0.55
protocols.relax.FastRelax: CMD: min  -1168.29  3.49362  3.49362  0.55
protocols.relax.FastRelax: MRP: 11  -1168.29  -1170.68  3.45015  3.45015  
protocols.relax.FastRelax: CMD: accept_to_best  -1168.29  3.49362  3.49362  0.55
protocols.relax.FastRelax: CMD: endrepeat  -1168.29  3.49362  3.49362  0.55
protocols.relax.FastRelax: CMD: coord_cst_weight  55814.1  3.49362  3.49362  0.55
protocols.relax.FastRelax: CMD: scale:fa_rep  55487.8  3.49362  3.49362  0.022
core.pack.task: Packer task: initialize from command line() 
core.pack.pack_rotamers: built 7679 rotamers at 492 positions.
core.pack.interaction_graph.interaction_graph_factory: Instantiating DensePDInteractionGraph
protocols.relax.FastRelax: CMD: repack  55471.6  3.49362  3.49362  0.022
protocols.relax.FastRelax: CMD: scale:fa_rep  55480.6  3.49362  3.49362  0.02805
core.optimization.Minimizer: [ WARNING ] LBFGS MAX CYCLES 2000 EXCEEDED, BUT FUNC NOT CONVERGED!
protocols.relax.FastRelax: CMD: min  -1261.55  0.194898  0.194898  0.02805
protocols.relax.FastRelax: CMD: coord_cst_weight  -1344.1  0.194898  0.194898  0.02805
protocols.relax.FastRelax: CMD: scale:fa_rep  -976.109  0.194898  0.194898  0.14575
core.pack.task: Packer task: initialize from command line() 
core.pack.pack_rotamers: built 7303 rotamers at 492 positions.
core.pack.interaction_graph.interaction_graph_factory: Instantiating DensePDInteractionGraph
protocols.relax.FastRelax: CMD: repack  -1055.18  0.194898  0.194898  0.14575
protocols.relax.FastRelax: CMD: scale:fa_rep  -1034.76  0.194898  0.194898  0.154
protocols.relax.FastRelax: CMD: min  -1201.16  0.232107  0.232107  0.154
protocols.relax.FastRelax: CMD: coord_cst_weight  -1319.28  0.232107  0.232107  0.154
protocols.relax.FastRelax: CMD: scale:fa_rep  -1138.72  0.232107  0.232107  0.30745
core.pack.task: Packer task: initialize from command line() 
core.pack.pack_rotamers: built 7116 rotamers at 492 positions.
core.pack.interaction_graph.interaction_graph_factory: Instantiating DensePDInteractionGraph
protocols.relax.FastRelax: CMD: repack  -1139.19  0.232107  0.232107  0.30745
protocols.relax.FastRelax: CMD: scale:fa_rep  -1125.06  0.232107  0.232107  0.31955
protocols.relax.FastRelax: CMD: min  -1312.13  2.8658  2.8658  0.31955
protocols.relax.FastRelax: CMD: coord_cst_weight  -1312.13  2.8658  2.8658  0.31955
protocols.relax.FastRelax: CMD: scale:fa_rep  -1106.92  2.8658  2.8658  0.55
core.pack.task: Packer task: initialize from command line() 
core.pack.pack_rotamers: built 6909 rotamers at 492 positions.
core.pack.interaction_graph.interaction_graph_factory: Instantiating DensePDInteractionGraph
protocols.relax.FastRelax: CMD: repack  -1107.95  2.8658  2.8658  0.55
protocols.relax.FastRelax: CMD: min  -1166.97  3.16481  3.16481  0.55
protocols.relax.FastRelax: MRP: 12  -1166.97  -1170.68  3.45015  3.45015  
protocols.relax.FastRelax: CMD: accept_to_best  -1166.97  3.16481  3.16481  0.55
protocols.relax.FastRelax: CMD: endrepeat  -1166.97  3.16481  3.16481  0.55
protocols.relax.FastRelax: CMD: coord_cst_weight  51201.9  3.16481  3.16481  0.55
protocols.relax.FastRelax: CMD: scale:fa_rep  50876.5  3.16481  3.16481  0.022
core.pack.task: Packer task: initialize from command line() 
core.pack.pack_rotamers: built 7665 rotamers at 492 positions.
core.pack.interaction_graph.interaction_graph_factory: Instantiating DensePDInteractionGraph
protocols.relax.FastRelax: CMD: repack  50876.2  3.16481  3.16481  0.022
protocols.relax.FastRelax: CMD: scale:fa_rep  50885.7  3.16481  3.16481  0.02805
core.optimization.Minimizer: [ WARNING ] LBFGS MAX CYCLES 2000 EXCEEDED, BUT FUNC NOT CONVERGED!
protocols.relax.FastRelax: CMD: min  -1270.04  0.19176  0.19176  0.02805
protocols.relax.FastRelax: CMD: coord_cst_weight  -1349.16  0.19176  0.19176  0.02805
protocols.relax.FastRelax: CMD: scale:fa_rep  -1007.02  0.19176  0.19176  0.14575
core.pack.task: Packer task: initialize from command line() 
core.pack.pack_rotamers: built 7387 rotamers at 492 positions.
core.pack.interaction_graph.interaction_graph_factory: Instantiating DensePDInteractionGraph
protocols.relax.FastRelax: CMD: repack  -1047.01  0.19176  0.19176  0.14575
protocols.relax.FastRelax: CMD: scale:fa_rep  -1026.14  0.19176  0.19176  0.154
protocols.relax.FastRelax: CMD: min  -1199.51  0.230558  0.230558  0.154
protocols.relax.FastRelax: CMD: coord_cst_weight  -1316.32  0.230558  0.230558  0.154
protocols.relax.FastRelax: CMD: scale:fa_rep  -1132.46  0.230558  0.230558  0.30745
core.pack.task: Packer task: initialize from command line() 
core.pack.pack_rotamers: built 7132 rotamers at 492 positions.
core.pack.interaction_graph.interaction_graph_factory: Instantiating DensePDInteractionGraph
protocols.relax.FastRelax: CMD: repack  -1134.23  0.230558  0.230558  0.30745
protocols.relax.FastRelax: CMD: scale:fa_rep  -1119.98  0.230558  0.230558  0.31955
protocols.relax.FastRelax: CMD: min  -1311.55  2.51471  2.51471  0.31955
protocols.relax.FastRelax: CMD: coord_cst_weight  -1311.55  2.51471  2.51471  0.31955
protocols.relax.FastRelax: CMD: scale:fa_rep  -1106.22  2.51471  2.51471  0.55
core.pack.task: Packer task: initialize from command line() 
core.pack.pack_rotamers: built 6946 rotamers at 492 positions.
core.pack.interaction_graph.interaction_graph_factory: Instantiating DensePDInteractionGraph
protocols.relax.FastRelax: CMD: repack  -1108.11  2.51471  2.51471  0.55
protocols.relax.FastRelax: CMD: min  -1156.73  2.57219  2.57219  0.55
protocols.relax.FastRelax: MRP: 13  -1156.73  -1170.68  3.45015  3.45015  
protocols.relax.FastRelax: CMD: accept_to_best  -1156.73  2.57219  2.57219  0.55
protocols.relax.FastRelax: CMD: endrepeat  -1156.73  2.57219  2.57219  0.55
protocols.relax.FastRelax: CMD: coord_cst_weight  33957.6  2.57219  2.57219  0.55
protocols.relax.FastRelax: CMD: scale:fa_rep  33631.8  2.57219  2.57219  0.022
core.pack.task: Packer task: initialize from command line() 
core.pack.pack_rotamers: built 7696 rotamers at 492 positions.
core.pack.interaction_graph.interaction_graph_factory: Instantiating DensePDInteractionGraph
protocols.relax.FastRelax: CMD: repack  33619.8  2.57219  2.57219  0.022
protocols.relax.FastRelax: CMD: scale:fa_rep  33630.1  2.57219  2.57219  0.02805
core.optimization.Minimizer: [ WARNING ] LBFGS MAX CYCLES 2000 EXCEEDED, BUT FUNC NOT CONVERGED!
protocols.relax.FastRelax: CMD: min  -1288.12  0.18412  0.18412  0.02805
protocols.relax.FastRelax: CMD: coord_cst_weight  -1361.65  0.18412  0.18412  0.02805
protocols.relax.FastRelax: CMD: scale:fa_rep  -993.619  0.18412  0.18412  0.14575
core.pack.task: Packer task: initialize from command line() 
core.pack.pack_rotamers: built 7356 rotamers at 492 positions.
core.pack.interaction_graph.interaction_graph_factory: Instantiating DensePDInteractionGraph
protocols.relax.FastRelax: CMD: repack  -1045.48  0.18412  0.18412  0.14575
protocols.relax.FastRelax: CMD: scale:fa_rep  -1023.66  0.18412  0.18412  0.154
protocols.relax.FastRelax: CMD: min  -1200.13  0.235742  0.235742  0.154
protocols.relax.FastRelax: CMD: coord_cst_weight  -1320.33  0.235742  0.235742  0.154
protocols.relax.FastRelax: CMD: scale:fa_rep  -1134.87  0.235742  0.235742  0.30745
core.pack.task: Packer task: initialize from command line() 
core.pack.pack_rotamers: built 7131 rotamers at 492 positions.
core.pack.interaction_graph.interaction_graph_factory: Instantiating DensePDInteractionGraph
protocols.relax.FastRelax: CMD: repack  -1135.93  0.235742  0.235742  0.30745
protocols.relax.FastRelax: CMD: scale:fa_rep  -1121.4  0.235742  0.235742  0.31955
protocols.relax.FastRelax: CMD: min  -1323.3  2.98991  2.98991  0.31955
protocols.relax.FastRelax: CMD: coord_cst_weight  -1323.3  2.98991  2.98991  0.31955
protocols.relax.FastRelax: CMD: scale:fa_rep  -1120.85  2.98991  2.98991  0.55
core.pack.task: Packer task: initialize from command line() 
core.pack.pack_rotamers: built 6928 rotamers at 492 positions.
core.pack.interaction_graph.interaction_graph_factory: Instantiating DensePDInteractionGraph
protocols.relax.FastRelax: CMD: repack  -1121.63  2.98991  2.98991  0.55
protocols.relax.FastRelax: CMD: min  -1169.58  3.30911  3.30911  0.55
protocols.relax.FastRelax: MRP: 14  -1169.58  -1170.68  3.45015  3.45015  
protocols.relax.FastRelax: CMD: accept_to_best  -1169.58  3.30911  3.30911  0.55
protocols.relax.FastRelax: CMD: endrepeat  -1169.58  3.30911  3.30911  0.55
protocols::checkpoint: Deleting checkpoints of FastRelax
protocols.jd2.JobDistributor: target.BL00010001_12_0003 reported success in 14583 seconds
protocols.jd2.PDBJobInputter: PDBJobInputter::pose_from_job
protocols.jd2.PDBJobInputter: filling pose from PDB ../1-modeller/target.BL00010001.pdb
core.import_pose.import_pose: File '../1-modeller/target.BL00010001.pdb' automatically determined to be of type PDB from contents.
core.io.rcsb.ExperimentalTechnique: [ ERROR ] Unrecognized experimental technique string 'THEORETICAL MODEL, MODELLER 10.8 2026/08/10 16:18:02'
protocols.relax.FastRelax: CMD: repeat  4476.34  0  0  0.55
protocols.relax.FastRelax: CMD: coord_cst_weight  4476.34  0  0  0.55
protocols.relax.FastRelax: CMD: scale:fa_rep  806.987  0  0  0.022
core.pack.task: Packer task: initialize from command line() 
core.pack.pack_rotamers: built 8129 rotamers at 492 positions.
core.pack.interaction_graph.interaction_graph_factory: Instantiating DensePDInteractionGraph
protocols.relax.FastRelax: CMD: repack  -878.623  0  0  0.022
protocols.relax.FastRelax: CMD: scale:fa_rep  -841.103  0  0  0.02805
core.optimization.Minimizer: [ WARNING ] LBFGS MAX CYCLES 2000 EXCEEDED, BUT FUNC NOT CONVERGED!
protocols.relax.FastRelax: CMD: min  -1285.71  0.148818  0.148818  0.02805
protocols.relax.FastRelax: CMD: coord_cst_weight  -1332.42  0.148818  0.148818  0.02805
protocols.relax.FastRelax: CMD: scale:fa_rep  -956.24  0.148818  0.148818  0.14575
core.pack.task: Packer task: initialize from command line() 
core.pack.pack_rotamers: built 7402 rotamers at 492 positions.
core.pack.interaction_graph.interaction_graph_factory: Instantiating DensePDInteractionGraph
protocols.relax.FastRelax: CMD: repack  -984.614  0.148818  0.148818  0.14575
protocols.relax.FastRelax: CMD: scale:fa_rep  -963.062  0.148818  0.148818  0.154
core.optimization.Minimizer: [ WARNING ] LBFGS MAX CYCLES 2000 EXCEEDED, BUT FUNC NOT CONVERGED!
protocols.relax.FastRelax: CMD: min  -1159.14  0.207324  0.207324  0.154
protocols.relax.FastRelax: CMD: coord_cst_weight  -1250.8  0.207324  0.207324  0.154
protocols.relax.FastRelax: CMD: scale:fa_rep  -1066.65  0.207324  0.207324  0.30745
core.pack.task: Packer task: initialize from command line() 
core.pack.pack_rotamers: built 7226 rotamers at 492 positions.
core.pack.interaction_graph.interaction_graph_factory: Instantiating DensePDInteractionGraph
protocols.relax.FastRelax: CMD: repack  -1068.41  0.207324  0.207324  0.30745
protocols.relax.FastRelax: CMD: scale:fa_rep  -1054.06  0.207324  0.207324  0.31955
protocols.relax.FastRelax: CMD: min  -1243.72  2.88542  2.88542  0.31955
protocols.relax.FastRelax: CMD: coord_cst_weight  -1243.72  2.88542  2.88542  0.31955
protocols.relax.FastRelax: CMD: scale:fa_rep  -1036.48  2.88542  2.88542  0.55
core.pack.task: Packer task: initialize from command line() 
core.pack.pack_rotamers: built 7028 rotamers at 492 positions.
core.pack.interaction_graph.interaction_graph_factory: Instantiating DensePDInteractionGraph
protocols.relax.FastRelax: CMD: repack  -1044.27  2.88542  2.88542  0.55
protocols.relax.FastRelax: CMD: min  -1110.59  3.22397  3.22397  0.55
protocols.relax.FastRelax: MRP: 0  -1110.59  -1110.59  3.22397  3.22397  
protocols.relax.FastRelax: CMD: accept_to_best  -1110.59  3.22397  3.22397  0.55
protocols.relax.FastRelax: CMD: endrepeat  -1110.59  3.22397  3.22397  0.55
protocols.relax.FastRelax: CMD: coord_cst_weight  101770  3.22397  3.22397  0.55
protocols.relax.FastRelax: CMD: scale:fa_rep  101443  3.22397  3.22397  0.022
core.pack.task: Packer task: initialize from command line() 
core.pack.pack_rotamers: built 7803 rotamers at 492 positions.
core.pack.interaction_graph.interaction_graph_factory: Instantiating DensePDInteractionGraph
protocols.relax.FastRelax: CMD: repack  101431  3.22397  3.22397  0.022
protocols.relax.FastRelax: CMD: scale:fa_rep  101443  3.22397  3.22397  0.02805
core.optimization.Minimizer: [ WARNING ] LBFGS MAX CYCLES 2000 EXCEEDED, BUT FUNC NOT CONVERGED!
protocols.relax.FastRelax: CMD: min  -1255.7  0.17551  0.17551  0.02805
protocols.relax.FastRelax: CMD: coord_cst_weight  -1323.05  0.17551  0.17551  0.02805
protocols.relax.FastRelax: CMD: scale:fa_rep  -994.49  0.17551  0.17551  0.14575
core.pack.task: Packer task: initialize from command line() 
core.pack.pack_rotamers: built 7339 rotamers at 492 positions.
core.pack.interaction_graph.interaction_graph_factory: Instantiating DensePDInteractionGraph
protocols.relax.FastRelax: CMD: repack  -1030.71  0.17551  0.17551  0.14575
protocols.relax.FastRelax: CMD: scale:fa_rep  -1011.06  0.17551  0.17551  0.154
protocols.relax.FastRelax: CMD: min  -1178.45  0.21736  0.21736  0.154
protocols.relax.FastRelax: CMD: coord_cst_weight  -1281.81  0.21736  0.21736  0.154
protocols.relax.FastRelax: CMD: scale:fa_rep  -1100.6  0.21736  0.21736  0.30745
core.pack.task: Packer task: initialize from command line() 
core.pack.pack_rotamers: built 7146 rotamers at 492 positions.
core.pack.interaction_graph.interaction_graph_factory: Instantiating DensePDInteractionGraph
protocols.relax.FastRelax: CMD: repack  -1101.44  0.21736  0.21736  0.30745
protocols.relax.FastRelax: CMD: scale:fa_rep  -1087.54  0.21736  0.21736  0.31955
protocols.relax.FastRelax: CMD: min  -1276.4  3.22687  3.22687  0.31955
protocols.relax.FastRelax: CMD: coord_cst_weight  -1276.4  3.22687  3.22687  0.31955
protocols.relax.FastRelax: CMD: scale:fa_rep  -1070.3  3.22687  3.22687  0.55
core.pack.task: Packer task: initialize from command line() 
core.pack.pack_rotamers: built 6910 rotamers at 492 positions.
core.pack.interaction_graph.interaction_graph_factory: Instantiating DensePDInteractionGraph
protocols.relax.FastRelax: CMD: repack  -1067.39  3.22687  3.22687  0.55
protocols.relax.FastRelax: CMD: min  -1126.01  2.91634  2.91634  0.55
protocols.relax.FastRelax: MRP: 1  -1126.01  -1126.01  2.91634  2.91634  
protocols.relax.FastRelax: CMD: accept_to_best  -1126.01  2.91634  2.91634  0.55
protocols.relax.FastRelax: CMD: endrepeat  -1126.01  2.91634  2.91634  0.55
protocols.relax.FastRelax: CMD: coord_cst_weight  77272.9  2.91634  2.91634  0.55
protocols.relax.FastRelax: CMD: scale:fa_rep  76948.8  2.91634  2.91634  0.022
core.pack.task: Packer task: initialize from command line() 
core.pack.pack_rotamers: built 7727 rotamers at 492 positions.
core.pack.interaction_graph.interaction_graph_factory: Instantiating DensePDInteractionGraph
protocols.relax.FastRelax: CMD: repack  76945.3  2.91634  2.91634  0.022
protocols.relax.FastRelax: CMD: scale:fa_rep  76956.3  2.91634  2.91634  0.02805
core.optimization.Minimizer: [ WARNING ] LBFGS MAX CYCLES 2000 EXCEEDED, BUT FUNC NOT CONVERGED!
protocols.relax.FastRelax: CMD: min  -1251.18  0.176812  0.176812  0.02805
protocols.relax.FastRelax: CMD: coord_cst_weight  -1319.9  0.176812  0.176812  0.02805
protocols.relax.FastRelax: CMD: scale:fa_rep  -977.01  0.176812  0.176812  0.14575
core.pack.task: Packer task: initialize from command line() 
core.pack.pack_rotamers: built 7403 rotamers at 492 positions.
core.pack.interaction_graph.interaction_graph_factory: Instantiating DensePDInteractionGraph
protocols.relax.FastRelax: CMD: repack  -1034.33  0.176812  0.176812  0.14575
protocols.relax.FastRelax: CMD: scale:fa_rep  -1013.9  0.176812  0.176812  0.154
protocols.relax.FastRelax: CMD: min  -1183.37  0.220448  0.220448  0.154
protocols.relax.FastRelax: CMD: coord_cst_weight  -1289.75  0.220448  0.220448  0.154
protocols.relax.FastRelax: CMD: scale:fa_rep  -1102.67  0.220448  0.220448  0.30745
core.pack.task: Packer task: initialize from command line() 
core.pack.pack_rotamers: built 7172 rotamers at 492 positions.
core.pack.interaction_graph.interaction_graph_factory: Instantiating DensePDInteractionGraph
protocols.relax.FastRelax: CMD: repack  -1103.2  0.220448  0.220448  0.30745
protocols.relax.FastRelax: CMD: scale:fa_rep  -1088.66  0.220448  0.220448  0.31955
protocols.relax.FastRelax: CMD: min  -1262.94  2.41661  2.41661  0.31955
protocols.relax.FastRelax: CMD: coord_cst_weight  -1262.94  2.41661  2.41661  0.31955
protocols.relax.FastRelax: CMD: scale:fa_rep  -1056.77  2.41661  2.41661  0.55
core.pack.task: Packer task: initialize from command line() 
core.pack.pack_rotamers: built 7005 rotamers at 492 positions.
core.pack.interaction_graph.interaction_graph_factory: Instantiating DensePDInteractionGraph
protocols.relax.FastRelax: CMD: repack  -1059.26  2.41661  2.41661  0.55
protocols.relax.FastRelax: CMD: min  -1117.94  2.74827  2.74827  0.55
protocols.relax.FastRelax: MRP: 2  -1117.94  -1126.01  2.91634  2.91634  
protocols.relax.FastRelax: CMD: accept_to_best  -1117.94  2.74827  2.74827  0.55
protocols.relax.FastRelax: CMD: endrepeat  -1117.94  2.74827  2.74827  0.55
protocols.relax.FastRelax: CMD: coord_cst_weight  64779.9  2.74827  2.74827  0.55
protocols.relax.FastRelax: CMD: scale:fa_rep  64452.6  2.74827  2.74827  0.022
core.pack.task: Packer task: initialize from command line() 
core.pack.pack_rotamers: built 7688 rotamers at 492 positions.
core.pack.interaction_graph.interaction_graph_factory: Instantiating DensePDInteractionGraph
protocols.relax.FastRelax: CMD: repack  64425.4  2.74827  2.74827  0.022
protocols.relax.FastRelax: CMD: scale:fa_rep  64432  2.74827  2.74827  0.02805
core.optimization.Minimizer: [ WARNING ] LBFGS MAX CYCLES 2000 EXCEEDED, BUT FUNC NOT CONVERGED!
protocols.relax.FastRelax: CMD: min  -1277.47  0.180384  0.180384  0.02805
protocols.relax.FastRelax: CMD: coord_cst_weight  -1347.64  0.180384  0.180384  0.02805
protocols.relax.FastRelax: CMD: scale:fa_rep  -1004.29  0.180384  0.180384  0.14575
core.pack.task: Packer task: initialize from command line() 
core.pack.pack_rotamers: built 7384 rotamers at 492 positions.
core.pack.interaction_graph.interaction_graph_factory: Instantiating DensePDInteractionGraph
protocols.relax.FastRelax: CMD: repack  -1040.84  0.180384  0.180384  0.14575
protocols.relax.FastRelax: CMD: scale:fa_rep  -1020.01  0.180384  0.180384  0.154
protocols.relax.FastRelax: CMD: min  -1177.81  0.225175  0.225175  0.154
protocols.relax.FastRelax: CMD: coord_cst_weight  -1288.89  0.225175  0.225175  0.154
protocols.relax.FastRelax: CMD: scale:fa_rep  -1106.14  0.225175  0.225175  0.30745
core.pack.task: Packer task: initialize from command line() 
core.pack.pack_rotamers: built 7204 rotamers at 492 positions.
core.pack.interaction_graph.interaction_graph_factory: Instantiating DensePDInteractionGraph
protocols.relax.FastRelax: CMD: repack  -1106.81  0.225175  0.225175  0.30745
protocols.relax.FastRelax: CMD: scale:fa_rep  -1092.48  0.225175  0.225175  0.31955
protocols.relax.FastRelax: CMD: min  -1287.26  2.59833  2.59833  0.31955
protocols.relax.FastRelax: CMD: coord_cst_weight  -1287.26  2.59833  2.59833  0.31955
protocols.relax.FastRelax: CMD: scale:fa_rep  -1083.96  2.59833  2.59833  0.55
core.pack.task: Packer task: initialize from command line() 
core.pack.pack_rotamers: built 6951 rotamers at 492 positions.
core.pack.interaction_graph.interaction_graph_factory: Instantiating DensePDInteractionGraph
protocols.relax.FastRelax: CMD: repack  -1087.2  2.59833  2.59833  0.55
protocols.relax.FastRelax: CMD: min  -1139.53  2.43405  2.43405  0.55
protocols.relax.FastRelax: MRP: 3  -1139.53  -1139.53  2.43405  2.43405  
protocols.relax.FastRelax: CMD: accept_to_best  -1139.53  2.43405  2.43405  0.55
protocols.relax.FastRelax: CMD: endrepeat  -1139.53  2.43405  2.43405  0.55
protocols.relax.FastRelax: CMD: coord_cst_weight  55081.5  2.43405  2.43405  0.55
protocols.relax.FastRelax: CMD: scale:fa_rep  54758.7  2.43405  2.43405  0.022
core.pack.task: Packer task: initialize from command line() 
core.pack.pack_rotamers: built 7718 rotamers at 492 positions.
core.pack.interaction_graph.interaction_graph_factory: Instantiating DensePDInteractionGraph
protocols.relax.FastRelax: CMD: repack  54748  2.43405  2.43405  0.022
protocols.relax.FastRelax: CMD: scale:fa_rep  54758.1  2.43405  2.43405  0.02805
core.optimization.Minimizer: [ WARNING ] LBFGS MAX CYCLES 2000 EXCEEDED, BUT FUNC NOT CONVERGED!
protocols.relax.FastRelax: CMD: min  -1254.81  0.181287  0.181287  0.02805
protocols.relax.FastRelax: CMD: coord_cst_weight  -1325.27  0.181287  0.181287  0.02805
protocols.relax.FastRelax: CMD: scale:fa_rep  -939.94  0.181287  0.181287  0.14575
core.pack.task: Packer task: initialize from command line() 
core.pack.pack_rotamers: built 7363 rotamers at 492 positions.
core.pack.interaction_graph.interaction_graph_factory: Instantiating DensePDInteractionGraph
protocols.relax.FastRelax: CMD: repack  -1022.23  0.181287  0.181287  0.14575
protocols.relax.FastRelax: CMD: scale:fa_rep  -1000.93  0.181287  0.181287  0.154
protocols.relax.FastRelax: CMD: min  -1178.41  0.226134  0.226134  0.154
protocols.relax.FastRelax: CMD: coord_cst_weight  -1288.53  0.226134  0.226134  0.154
protocols.relax.FastRelax: CMD: scale:fa_rep  -1103.64  0.226134  0.226134  0.30745
core.pack.task: Packer task: initialize from command line() 
core.pack.pack_rotamers: built 7153 rotamers at 492 positions.
core.pack.interaction_graph.interaction_graph_factory: Instantiating DensePDInteractionGraph
protocols.relax.FastRelax: CMD: repack  -1104.49  0.226134  0.226134  0.30745
protocols.relax.FastRelax: CMD: scale:fa_rep  -1090.03  0.226134  0.226134  0.31955
protocols.relax.FastRelax: CMD: min  -1284.11  2.95727  2.95727  0.31955
protocols.relax.FastRelax: CMD: coord_cst_weight  -1284.11  2.95727  2.95727  0.31955
protocols.relax.FastRelax: CMD: scale:fa_rep  -1079.39  2.95727  2.95727  0.55
core.pack.task: Packer task: initialize from command line() 
core.pack.pack_rotamers: built 6978 rotamers at 492 positions.
core.pack.interaction_graph.interaction_graph_factory: Instantiating DensePDInteractionGraph
protocols.relax.FastRelax: CMD: repack  -1085.25  2.95727  2.95727  0.55
protocols.relax.FastRelax: CMD: min  -1146.96  3.09287  3.09287  0.55
protocols.relax.FastRelax: MRP: 4  -1146.96  -1146.96  3.09287  3.09287  
protocols.relax.FastRelax: CMD: accept_to_best  -1146.96  3.09287  3.09287  0.55
protocols.relax.FastRelax: CMD: endrepeat  -1146.96  3.09287  3.09287  0.55
protocols.relax.FastRelax: CMD: coord_cst_weight  66736.9  3.09287  3.09287  0.55
protocols.relax.FastRelax: CMD: scale:fa_rep  66414.9  3.09287  3.09287  0.022
core.pack.task: Packer task: initialize from command line() 
core.pack.pack_rotamers: built 7748 rotamers at 492 positions.
core.pack.interaction_graph.interaction_graph_factory: Instantiating DensePDInteractionGraph
protocols.relax.FastRelax: CMD: repack  66406.1  3.09287  3.09287  0.022
protocols.relax.FastRelax: CMD: scale:fa_rep  66412.7  3.09287  3.09287  0.02805
core.optimization.Minimizer: [ WARNING ] LBFGS MAX CYCLES 2000 EXCEEDED, BUT FUNC NOT CONVERGED!
protocols.relax.FastRelax: CMD: min  -1235.24  0.191598  0.191598  0.02805
protocols.relax.FastRelax: CMD: coord_cst_weight  -1311.37  0.191598  0.191598  0.02805
protocols.relax.FastRelax: CMD: scale:fa_rep  -973.329  0.191598  0.191598  0.14575
core.pack.task: Packer task: initialize from command line() 
core.pack.pack_rotamers: built 7341 rotamers at 492 positions.
core.pack.interaction_graph.interaction_graph_factory: Instantiating DensePDInteractionGraph
protocols.relax.FastRelax: CMD: repack  -1015.03  0.191598  0.191598  0.14575
protocols.relax.FastRelax: CMD: scale:fa_rep  -994.002  0.191598  0.191598  0.154
protocols.relax.FastRelax: CMD: min  -1169.91  0.237405  0.237405  0.154
protocols.relax.FastRelax: CMD: coord_cst_weight  -1288.26  0.237405  0.237405  0.154
protocols.relax.FastRelax: CMD: scale:fa_rep  -1105.68  0.237405  0.237405  0.30745
core.pack.task: Packer task: initialize from command line() 
core.pack.pack_rotamers: built 7226 rotamers at 492 positions.
core.pack.interaction_graph.interaction_graph_factory: Instantiating DensePDInteractionGraph
protocols.relax.FastRelax: CMD: repack  -1105.99  0.237405  0.237405  0.30745
protocols.relax.FastRelax: CMD: scale:fa_rep  -1091.75  0.237405  0.237405  0.31955
protocols.relax.FastRelax: CMD: min  -1300.33  3.35064  3.35064  0.31955
protocols.relax.FastRelax: CMD: coord_cst_weight  -1300.33  3.35064  3.35064  0.31955
protocols.relax.FastRelax: CMD: scale:fa_rep  -1090.49  3.35064  3.35064  0.55
core.pack.task: Packer task: initialize from command line() 
core.pack.pack_rotamers: built 7028 rotamers at 492 positions.
core.pack.interaction_graph.interaction_graph_factory: Instantiating DensePDInteractionGraph
protocols.relax.FastRelax: CMD: repack  -1110.27  3.35064  3.35064  0.55
protocols.relax.FastRelax: CMD: min  -1160.63  3.30917  3.30917  0.55
protocols.relax.FastRelax: MRP: 5  -1160.63  -1160.63  3.30917  3.30917  
protocols.relax.FastRelax: CMD: accept_to_best  -1160.63  3.30917  3.30917  0.55
protocols.relax.FastRelax: CMD: endrepeat  -1160.63  3.30917  3.30917  0.55
protocols.relax.FastRelax: CMD: coord_cst_weight  75096.3  3.30917  3.30917  0.55
protocols.relax.FastRelax: CMD: scale:fa_rep  74769.8  3.30917  3.30917  0.022
core.pack.task: Packer task: initialize from command line() 
core.pack.pack_rotamers: built 7783 rotamers at 492 positions.
core.pack.interaction_graph.interaction_graph_factory: Instantiating DensePDInteractionGraph
protocols.relax.FastRelax: CMD: repack  74761.9  3.30917  3.30917  0.022
protocols.relax.FastRelax: CMD: scale:fa_rep  74768.3  3.30917  3.30917  0.02805
core.optimization.Minimizer: [ WARNING ] LBFGS MAX CYCLES 2000 EXCEEDED, BUT FUNC NOT CONVERGED!
protocols.relax.FastRelax: CMD: min  -1234.14  0.194701  0.194701  0.02805
protocols.relax.FastRelax: CMD: coord_cst_weight  -1312.19  0.194701  0.194701  0.02805
protocols.relax.FastRelax: CMD: scale:fa_rep  -971.056  0.194701  0.194701  0.14575
core.pack.task: Packer task: initialize from command line() 
core.pack.pack_rotamers: built 7411 rotamers at 492 positions.
core.pack.interaction_graph.interaction_graph_factory: Instantiating DensePDInteractionGraph
protocols.relax.FastRelax: CMD: repack  -997.731  0.194701  0.194701  0.14575
protocols.relax.FastRelax: CMD: scale:fa_rep  -976.403  0.194701  0.194701  0.154
protocols.relax.FastRelax: CMD: min  -1163.84  0.23867  0.23867  0.154
protocols.relax.FastRelax: CMD: coord_cst_weight  -1284.11  0.23867  0.23867  0.154
protocols.relax.FastRelax: CMD: scale:fa_rep  -1105.23  0.23867  0.23867  0.30745
core.pack.task: Packer task: initialize from command line() 
core.pack.pack_rotamers: built 7213 rotamers at 492 positions.
core.pack.interaction_graph.interaction_graph_factory: Instantiating DensePDInteractionGraph
protocols.relax.FastRelax: CMD: repack  -1106.5  0.23867  0.23867  0.30745
protocols.relax.FastRelax: CMD: scale:fa_rep  -1092.56  0.23867  0.23867  0.31955
protocols.relax.FastRelax: CMD: min  -1303.72  3.21656  3.21656  0.31955
protocols.relax.FastRelax: CMD: coord_cst_weight  -1303.72  3.21656  3.21656  0.31955
protocols.relax.FastRelax: CMD: scale:fa_rep  -1101.35  3.21656  3.21656  0.55
core.pack.task: Packer task: initialize from command line() 
core.pack.pack_rotamers: built 6983 rotamers at 492 positions.
core.pack.interaction_graph.interaction_graph_factory: Instantiating DensePDInteractionGraph
protocols.relax.FastRelax: CMD: repack  -1106.82  3.21656  3.21656  0.55
protocols.relax.FastRelax: CMD: min  -1159.8  3.4672  3.4672  0.55
protocols.relax.FastRelax: MRP: 6  -1159.8  -1160.63  3.30917  3.30917  
protocols.relax.FastRelax: CMD: accept_to_best  -1159.8  3.4672  3.4672  0.55
protocols.relax.FastRelax: CMD: endrepeat  -1159.8  3.4672  3.4672  0.55
protocols.relax.FastRelax: CMD: coord_cst_weight  105394  3.4672  3.4672  0.55
protocols.relax.FastRelax: CMD: scale:fa_rep  105071  3.4672  3.4672  0.022
core.pack.task: Packer task: initialize from command line() 
core.pack.pack_rotamers: built 7795 rotamers at 492 positions.
core.pack.interaction_graph.interaction_graph_factory: Instantiating DensePDInteractionGraph
protocols.relax.FastRelax: CMD: repack  105059  3.4672  3.4672  0.022
protocols.relax.FastRelax: CMD: scale:fa_rep  105066  3.4672  3.4672  0.02805
core.optimization.Minimizer: [ WARNING ] LBFGS MAX CYCLES 2000 EXCEEDED, BUT FUNC NOT CONVERGED!
protocols.relax.FastRelax: CMD: min  -1208.41  0.191157  0.191157  0.02805
protocols.relax.FastRelax: CMD: coord_cst_weight  -1286.39  0.191157  0.191157  0.02805
protocols.relax.FastRelax: CMD: scale:fa_rep  -878.463  0.191157  0.191157  0.14575
core.pack.task: Packer task: initialize from command line() 
core.pack.pack_rotamers: built 7397 rotamers at 492 positions.
core.pack.interaction_graph.interaction_graph_factory: Instantiating DensePDInteractionGraph
protocols.relax.FastRelax: CMD: repack  -1033.56  0.191157  0.191157  0.14575
protocols.relax.FastRelax: CMD: scale:fa_rep  -1014.28  0.191157  0.191157  0.154
protocols.relax.FastRelax: CMD: min  -1169.49  0.230953  0.230953  0.154
protocols.relax.FastRelax: CMD: coord_cst_weight  -1283.31  0.230953  0.230953  0.154
protocols.relax.FastRelax: CMD: scale:fa_rep  -1106.67  0.230953  0.230953  0.30745
core.pack.task: Packer task: initialize from command line() 
core.pack.pack_rotamers: built 7198 rotamers at 492 positions.
core.pack.interaction_graph.interaction_graph_factory: Instantiating DensePDInteractionGraph
protocols.relax.FastRelax: CMD: repack  -1107.88  0.230953  0.230953  0.30745
protocols.relax.FastRelax: CMD: scale:fa_rep  -1094.08  0.230953  0.230953  0.31955
protocols.relax.FastRelax: CMD: min  -1295.12  3.28855  3.28855  0.31955
protocols.relax.FastRelax: CMD: coord_cst_weight  -1295.12  3.28855  3.28855  0.31955
protocols.relax.FastRelax: CMD: scale:fa_rep  -1093.97  3.28855  3.28855  0.55
core.pack.task: Packer task: initialize from command line() 
core.pack.pack_rotamers: built 7022 rotamers at 492 positions.
core.pack.interaction_graph.interaction_graph_factory: Instantiating DensePDInteractionGraph
protocols.relax.FastRelax: CMD: repack  -1092.24  3.28855  3.28855  0.55
protocols.relax.FastRelax: CMD: min  -1147.22  3.65564  3.65564  0.55
protocols.relax.FastRelax: MRP: 7  -1147.22  -1160.63  3.30917  3.30917  
protocols.relax.FastRelax: CMD: accept_to_best  -1147.22  3.65564  3.65564  0.55
protocols.relax.FastRelax: CMD: endrepeat  -1147.22  3.65564  3.65564  0.55
protocols.relax.FastRelax: CMD: coord_cst_weight  120589  3.65564  3.65564  0.55
protocols.relax.FastRelax: CMD: scale:fa_rep  120267  3.65564  3.65564  0.022
core.pack.task: Packer task: initialize from command line() 
core.pack.pack_rotamers: built 7808 rotamers at 492 positions.
core.pack.interaction_graph.interaction_graph_factory: Instantiating DensePDInteractionGraph
protocols.relax.FastRelax: CMD: repack  120252  3.65564  3.65564  0.022
protocols.relax.FastRelax: CMD: scale:fa_rep  120261  3.65564  3.65564  0.02805
core.optimization.Minimizer: [ WARNING ] LBFGS MAX CYCLES 2000 EXCEEDED, BUT FUNC NOT CONVERGED!
protocols.relax.FastRelax: CMD: min  -1215.19  0.194543  0.194543  0.02805
protocols.relax.FastRelax: CMD: coord_cst_weight  -1295.28  0.194543  0.194543  0.02805
protocols.relax.FastRelax: CMD: scale:fa_rep  -922.594  0.194543  0.194543  0.14575
core.pack.task: Packer task: initialize from command line() 
core.pack.pack_rotamers: built 7419 rotamers at 492 positions.
core.pack.interaction_graph.interaction_graph_factory: Instantiating DensePDInteractionGraph
protocols.relax.FastRelax: CMD: repack  -1022.1  0.194543  0.194543  0.14575
protocols.relax.FastRelax: CMD: scale:fa_rep  -1002.69  0.194543  0.194543  0.154
protocols.relax.FastRelax: CMD: min  -1170.67  0.231449  0.231449  0.154
protocols.relax.FastRelax: CMD: coord_cst_weight  -1284.86  0.231449  0.231449  0.154
protocols.relax.FastRelax: CMD: scale:fa_rep  -1109.92  0.231449  0.231449  0.30745
core.pack.task: Packer task: initialize from command line() 
core.pack.pack_rotamers: built 7174 rotamers at 492 positions.
core.pack.interaction_graph.interaction_graph_factory: Instantiating DensePDInteractionGraph
protocols.relax.FastRelax: CMD: repack  -1109.06  0.231449  0.231449  0.30745
protocols.relax.FastRelax: CMD: scale:fa_rep  -1095.23  0.231449  0.231449  0.31955
protocols.relax.FastRelax: CMD: min  -1296.36  2.63747  2.63747  0.31955
protocols.relax.FastRelax: CMD: coord_cst_weight  -1296.36  2.63747  2.63747  0.31955
protocols.relax.FastRelax: CMD: scale:fa_rep  -1094.9  2.63747  2.63747  0.55
core.pack.task: Packer task: initialize from command line() 
core.pack.pack_rotamers: built 6991 rotamers at 492 positions.
core.pack.interaction_graph.interaction_graph_factory: Instantiating DensePDInteractionGraph
protocols.relax.FastRelax: CMD: repack  -1106.7  2.63747  2.63747  0.55
protocols.relax.FastRelax: CMD: min  -1159.53  3.10985  3.10985  0.55
protocols.relax.FastRelax: MRP: 8  -1159.53  -1160.63  3.30917  3.30917  
protocols.relax.FastRelax: CMD: accept_to_best  -1159.53  3.10985  3.10985  0.55
protocols.relax.FastRelax: CMD: endrepeat  -1159.53  3.10985  3.10985  0.55
protocols.relax.FastRelax: CMD: coord_cst_weight  100354  3.10985  3.10985  0.55
protocols.relax.FastRelax: CMD: scale:fa_rep  100031  3.10985  3.10985  0.022
core.pack.task: Packer task: initialize from command line() 
core.pack.pack_rotamers: built 7774 rotamers at 492 positions.
core.pack.interaction_graph.interaction_graph_factory: Instantiating DensePDInteractionGraph
protocols.relax.FastRelax: CMD: repack  100016  3.10985  3.10985  0.022
protocols.relax.FastRelax: CMD: scale:fa_rep  100022  3.10985  3.10985  0.02805
core.optimization.Minimizer: [ WARNING ] LBFGS MAX CYCLES 2000 EXCEEDED, BUT FUNC NOT CONVERGED!
protocols.relax.FastRelax: CMD: min  -1216.9  0.19869  0.19869  0.02805
protocols.relax.FastRelax: CMD: coord_cst_weight  -1301.19  0.19869  0.19869  0.02805
protocols.relax.FastRelax: CMD: scale:fa_rep  -940.009  0.19869  0.19869  0.14575
core.pack.task: Packer task: initialize from command line() 
core.pack.pack_rotamers: built 7376 rotamers at 492 positions.
core.pack.interaction_graph.interaction_graph_factory: Instantiating DensePDInteractionGraph
protocols.relax.FastRelax: CMD: repack  -1029.95  0.19869  0.19869  0.14575
protocols.relax.FastRelax: CMD: scale:fa_rep  -1010.69  0.19869  0.19869  0.154
protocols.relax.FastRelax: CMD: min  -1179.94  0.228877  0.228877  0.154
protocols.relax.FastRelax: CMD: coord_cst_weight  -1292.01  0.228877  0.228877  0.154
protocols.relax.FastRelax: CMD: scale:fa_rep  -1114.53  0.228877  0.228877  0.30745
core.pack.task: Packer task: initialize from command line() 
core.pack.pack_rotamers: built 7183 rotamers at 492 positions.
core.pack.interaction_graph.interaction_graph_factory: Instantiating DensePDInteractionGraph
protocols.relax.FastRelax: CMD: repack  -1115.81  0.228877  0.228877  0.30745
protocols.relax.FastRelax: CMD: scale:fa_rep  -1101.93  0.228877  0.228877  0.31955
protocols.relax.FastRelax: CMD: min  -1294.21  3.16096  3.16096  0.31955
protocols.relax.FastRelax: CMD: coord_cst_weight  -1294.21  3.16096  3.16096  0.31955
protocols.relax.FastRelax: CMD: scale:fa_rep  -1090.55  3.16096  3.16096  0.55
core.pack.task: Packer task: initialize from command line() 
core.pack.pack_rotamers: built 7035 rotamers at 492 positions.
core.pack.interaction_graph.interaction_graph_factory: Instantiating DensePDInteractionGraph
protocols.relax.FastRelax: CMD: repack  -1099.32  3.16096  3.16096  0.55
protocols.relax.FastRelax: CMD: min  -1155.05  3.45638  3.45638  0.55
protocols.relax.FastRelax: MRP: 9  -1155.05  -1160.63  3.30917  3.30917  
protocols.relax.FastRelax: CMD: accept_to_best  -1155.05  3.45638  3.45638  0.55
protocols.relax.FastRelax: CMD: endrepeat  -1155.05  3.45638  3.45638  0.55
protocols.relax.FastRelax: CMD: coord_cst_weight  127622  3.45638  3.45638  0.55
protocols.relax.FastRelax: CMD: scale:fa_rep  127295  3.45638  3.45638  0.022
core.pack.task: Packer task: initialize from command line() 
core.pack.pack_rotamers: built 7830 rotamers at 492 positions.
core.pack.interaction_graph.interaction_graph_factory: Instantiating DensePDInteractionGraph
protocols.relax.FastRelax: CMD: repack  127277  3.45638  3.45638  0.022
protocols.relax.FastRelax: CMD: scale:fa_rep  127284  3.45638  3.45638  0.02805
core.optimization.Minimizer: [ WARNING ] LBFGS MAX CYCLES 2000 EXCEEDED, BUT FUNC NOT CONVERGED!
protocols.relax.FastRelax: CMD: min  -1220.55  0.183876  0.183876  0.02805
protocols.relax.FastRelax: CMD: coord_cst_weight  -1293.66  0.183876  0.183876  0.02805
protocols.relax.FastRelax: CMD: scale:fa_rep  -869.048  0.183876  0.183876  0.14575
core.pack.task: Packer task: initialize from command line() 
core.pack.pack_rotamers: built 7377 rotamers at 492 positions.
core.pack.interaction_graph.interaction_graph_factory: Instantiating DensePDInteractionGraph
protocols.relax.FastRelax: CMD: repack  -1044.03  0.183876  0.183876  0.14575
protocols.relax.FastRelax: CMD: scale:fa_rep  -1024.8  0.183876  0.183876  0.154
protocols.relax.FastRelax: CMD: min  -1177.8  0.229394  0.229394  0.154
protocols.relax.FastRelax: CMD: coord_cst_weight  -1291.69  0.229394  0.229394  0.154
protocols.relax.FastRelax: CMD: scale:fa_rep  -1114.96  0.229394  0.229394  0.30745
core.pack.task: Packer task: initialize from command line() 
core.pack.pack_rotamers: built 7147 rotamers at 492 positions.
core.pack.interaction_graph.interaction_graph_factory: Instantiating DensePDInteractionGraph
protocols.relax.FastRelax: CMD: repack  -1115.89  0.229394  0.229394  0.30745
protocols.relax.FastRelax: CMD: scale:fa_rep  -1102.06  0.229394  0.229394  0.31955
protocols.relax.FastRelax: CMD: min  -1301.24  3.02973  3.02973  0.31955
protocols.relax.FastRelax: CMD: coord_cst_weight  -1301.24  3.02973  3.02973  0.31955
protocols.relax.FastRelax: CMD: scale:fa_rep  -1099.78  3.02973  3.02973  0.55
core.pack.task: Packer task: initialize from command line() 
core.pack.pack_rotamers: built 7010 rotamers at 492 positions.
core.pack.interaction_graph.interaction_graph_factory: Instantiating DensePDInteractionGraph
protocols.relax.FastRelax: CMD: repack  -1109.61  3.02973  3.02973  0.55
protocols.relax.FastRelax: CMD: min  -1161.59  3.28964  3.28964  0.55
protocols.relax.FastRelax: MRP: 10  -1161.59  -1161.59  3.28964  3.28964  
protocols.relax.FastRelax: CMD: accept_to_best  -1161.59  3.28964  3.28964  0.55
protocols.relax.FastRelax: CMD: endrepeat  -1161.59  3.28964  3.28964  0.55
protocols.relax.FastRelax: CMD: coord_cst_weight  120580  3.28964  3.28964  0.55
protocols.relax.FastRelax: CMD: scale:fa_rep  120255  3.28964  3.28964  0.022
core.pack.task: Packer task: initialize from command line() 
core.pack.pack_rotamers: built 7823 rotamers at 492 positions.
core.pack.interaction_graph.interaction_graph_factory: Instantiating DensePDInteractionGraph
protocols.relax.FastRelax: CMD: repack  120255  3.28964  3.28964  0.022
protocols.relax.FastRelax: CMD: scale:fa_rep  120265  3.28964  3.28964  0.02805
core.optimization.Minimizer: [ WARNING ] LBFGS MAX CYCLES 2000 EXCEEDED, BUT FUNC NOT CONVERGED!
protocols.relax.FastRelax: CMD: min  -1202.68  0.194306  0.194306  0.02805
protocols.relax.FastRelax: CMD: coord_cst_weight  -1283.27  0.194306  0.194306  0.02805
protocols.relax.FastRelax: CMD: scale:fa_rep  -873.957  0.194306  0.194306  0.14575
core.pack.task: Packer task: initialize from command line() 
core.pack.pack_rotamers: built 7326 rotamers at 492 positions.
core.pack.interaction_graph.interaction_graph_factory: Instantiating DensePDInteractionGraph
protocols.relax.FastRelax: CMD: repack  -1024.82  0.194306  0.194306  0.14575
protocols.relax.FastRelax: CMD: scale:fa_rep  -1005.01  0.194306  0.194306  0.154
protocols.relax.FastRelax: CMD: min  -1178.08  0.231996  0.231996  0.154
protocols.relax.FastRelax: CMD: coord_cst_weight  -1293.02  0.231996  0.231996  0.154
protocols.relax.FastRelax: CMD: scale:fa_rep  -1114.69  0.231996  0.231996  0.30745
core.pack.task: Packer task: initialize from command line() 
core.pack.pack_rotamers: built 7152 rotamers at 492 positions.
core.pack.interaction_graph.interaction_graph_factory: Instantiating DensePDInteractionGraph
protocols.relax.FastRelax: CMD: repack  -1115.11  0.231996  0.231996  0.30745
protocols.relax.FastRelax: CMD: scale:fa_rep  -1101.16  0.231996  0.231996  0.31955
protocols.relax.FastRelax: CMD: min  -1285.25  3.04138  3.04138  0.31955
protocols.relax.FastRelax: CMD: coord_cst_weight  -1285.25  3.04138  3.04138  0.31955
protocols.relax.FastRelax: CMD: scale:fa_rep  -1080.87  3.04138  3.04138  0.55
core.pack.task: Packer task: initialize from command line() 
core.pack.pack_rotamers: built 7023 rotamers at 492 positions.
core.pack.interaction_graph.interaction_graph_factory: Instantiating DensePDInteractionGraph
protocols.relax.FastRelax: CMD: repack  -1080.76  3.04138  3.04138  0.55
protocols.relax.FastRelax: CMD: min  -1133.45  3.96748  3.96748  0.55
protocols.relax.FastRelax: MRP: 11  -1133.45  -1161.59  3.28964  3.28964  
protocols.relax.FastRelax: CMD: accept_to_best  -1133.45  3.96748  3.96748  0.55
protocols.relax.FastRelax: CMD: endrepeat  -1133.45  3.96748  3.96748  0.55
protocols.relax.FastRelax: CMD: coord_cst_weight  139709  3.96748  3.96748  0.55
protocols.relax.FastRelax: CMD: scale:fa_rep  139380  3.96748  3.96748  0.022
core.pack.task: Packer task: initialize from command line() 
core.pack.pack_rotamers: built 7826 rotamers at 492 positions.
core.pack.interaction_graph.interaction_graph_factory: Instantiating DensePDInteractionGraph
protocols.relax.FastRelax: CMD: repack  139366  3.96748  3.96748  0.022
protocols.relax.FastRelax: CMD: scale:fa_rep  139376  3.96748  3.96748  0.02805
core.optimization.Minimizer: [ WARNING ] LBFGS MAX CYCLES 2000 EXCEEDED, BUT FUNC NOT CONVERGED!
protocols.relax.FastRelax: CMD: min  -1255.99  0.189044  0.189044  0.02805
protocols.relax.FastRelax: CMD: coord_cst_weight  -1331.83  0.189044  0.189044  0.02805
protocols.relax.FastRelax: CMD: scale:fa_rep  -1001.99  0.189044  0.189044  0.14575
core.pack.task: Packer task: initialize from command line() 
core.pack.pack_rotamers: built 7399 rotamers at 492 positions.
core.pack.interaction_graph.interaction_graph_factory: Instantiating DensePDInteractionGraph
protocols.relax.FastRelax: CMD: repack  -1035.82  0.189044  0.189044  0.14575
protocols.relax.FastRelax: CMD: scale:fa_rep  -1015.85  0.189044  0.189044  0.154
protocols.relax.FastRelax: CMD: min  -1179.28  0.232256  0.232256  0.154
protocols.relax.FastRelax: CMD: coord_cst_weight  -1295.27  0.232256  0.232256  0.154
protocols.relax.FastRelax: CMD: scale:fa_rep  -1114.17  0.232256  0.232256  0.30745
core.pack.task: Packer task: initialize from command line() 
core.pack.pack_rotamers: built 7124 rotamers at 492 positions.
core.pack.interaction_graph.interaction_graph_factory: Instantiating DensePDInteractionGraph
protocols.relax.FastRelax: CMD: repack  -1112.85  0.232256  0.232256  0.30745
protocols.relax.FastRelax: CMD: scale:fa_rep  -1098.71  0.232256  0.232256  0.31955
protocols.relax.FastRelax: CMD: min  -1301.95  3.72829  3.72829  0.31955
protocols.relax.FastRelax: CMD: coord_cst_weight  -1301.95  3.72829  3.72829  0.31955
protocols.relax.FastRelax: CMD: scale:fa_rep  -1100.71  3.72829  3.72829  0.55
core.pack.task: Packer task: initialize from command line() 
core.pack.pack_rotamers: built 6991 rotamers at 492 positions.
core.pack.interaction_graph.interaction_graph_factory: Instantiating DensePDInteractionGraph
protocols.relax.FastRelax: CMD: repack  -1105.92  3.72829  3.72829  0.55
protocols.relax.FastRelax: CMD: min  -1162.66  3.92922  3.92922  0.55
protocols.relax.FastRelax: MRP: 12  -1162.66  -1162.66  3.92922  3.92922  
protocols.relax.FastRelax: CMD: accept_to_best  -1162.66  3.92922  3.92922  0.55
protocols.relax.FastRelax: CMD: endrepeat  -1162.66  3.92922  3.92922  0.55
protocols.relax.FastRelax: CMD: coord_cst_weight  97989.3  3.92922  3.92922  0.55
protocols.relax.FastRelax: CMD: scale:fa_rep  97664.5  3.92922  3.92922  0.022
core.pack.task: Packer task: initialize from command line() 
core.pack.pack_rotamers: built 7805 rotamers at 492 positions.
core.pack.interaction_graph.interaction_graph_factory: Instantiating DensePDInteractionGraph
protocols.relax.FastRelax: CMD: repack  97642.8  3.92922  3.92922  0.022
protocols.relax.FastRelax: CMD: scale:fa_rep  97649.6  3.92922  3.92922  0.02805
core.optimization.Minimizer: [ WARNING ] LBFGS MAX CYCLES 2000 EXCEEDED, BUT FUNC NOT CONVERGED!
protocols.relax.FastRelax: CMD: min  -1251.54  0.187005  0.187005  0.02805
protocols.relax.FastRelax: CMD: coord_cst_weight  -1326.49  0.187005  0.187005  0.02805
protocols.relax.FastRelax: CMD: scale:fa_rep  -992.267  0.187005  0.187005  0.14575
core.pack.task: Packer task: initialize from command line() 
core.pack.pack_rotamers: built 7374 rotamers at 492 positions.
core.pack.interaction_graph.interaction_graph_factory: Instantiating DensePDInteractionGraph
protocols.relax.FastRelax: CMD: repack  -1027.81  0.187005  0.187005  0.14575
protocols.relax.FastRelax: CMD: scale:fa_rep  -1007.09  0.187005  0.187005  0.154
protocols.relax.FastRelax: CMD: min  -1174.49  0.238496  0.238496  0.154
protocols.relax.FastRelax: CMD: coord_cst_weight  -1296.08  0.238496  0.238496  0.154
protocols.relax.FastRelax: CMD: scale:fa_rep  -1114.66  0.238496  0.238496  0.30745
core.pack.task: Packer task: initialize from command line() 
core.pack.pack_rotamers: built 7169 rotamers at 492 positions.
core.pack.interaction_graph.interaction_graph_factory: Instantiating DensePDInteractionGraph
protocols.relax.FastRelax: CMD: repack  -1116.12  0.238496  0.238496  0.30745
protocols.relax.FastRelax: CMD: scale:fa_rep  -1102.08  0.238496  0.238496  0.31955
protocols.relax.FastRelax: CMD: min  -1317.26  3.636  3.636  0.31955
protocols.relax.FastRelax: CMD: coord_cst_weight  -1317.26  3.636  3.636  0.31955
protocols.relax.FastRelax: CMD: scale:fa_rep  -1114.66  3.636  3.636  0.55
core.pack.task: Packer task: initialize from command line() 
core.pack.pack_rotamers: built 7001 rotamers at 492 positions.
core.pack.interaction_graph.interaction_graph_factory: Instantiating DensePDInteractionGraph
protocols.relax.FastRelax: CMD: repack  -1119.68  3.636  3.636  0.55
protocols.relax.FastRelax: CMD: min  -1174.88  3.94085  3.94085  0.55
protocols.relax.FastRelax: MRP: 13  -1174.88  -1174.88  3.94085  3.94085  
protocols.relax.FastRelax: CMD: accept_to_best  -1174.88  3.94085  3.94085  0.55
protocols.relax.FastRelax: CMD: endrepeat  -1174.88  3.94085  3.94085  0.55
protocols.relax.FastRelax: CMD: coord_cst_weight  107541  3.94085  3.94085  0.55
protocols.relax.FastRelax: CMD: scale:fa_rep  107217  3.94085  3.94085  0.022
core.pack.task: Packer task: initialize from command line() 
core.pack.pack_rotamers: built 7798 rotamers at 492 positions.
core.pack.interaction_graph.interaction_graph_factory: Instantiating DensePDInteractionGraph
protocols.relax.FastRelax: CMD: repack  107206  3.94085  3.94085  0.022
protocols.relax.FastRelax: CMD: scale:fa_rep  107213  3.94085  3.94085  0.02805
core.optimization.Minimizer: [ WARNING ] LBFGS MAX CYCLES 2000 EXCEEDED, BUT FUNC NOT CONVERGED!
protocols.relax.FastRelax: CMD: min  -1245.78  0.191891  0.191891  0.02805
protocols.relax.FastRelax: CMD: coord_cst_weight  -1324.5  0.191891  0.191891  0.02805
protocols.relax.FastRelax: CMD: scale:fa_rep  -967.579  0.191891  0.191891  0.14575
core.pack.task: Packer task: initialize from command line() 
core.pack.pack_rotamers: built 7354 rotamers at 492 positions.
core.pack.interaction_graph.interaction_graph_factory: Instantiating DensePDInteractionGraph
protocols.relax.FastRelax: CMD: repack  -1034.2  0.191891  0.191891  0.14575
protocols.relax.FastRelax: CMD: scale:fa_rep  -1013.7  0.191891  0.191891  0.154
protocols.relax.FastRelax: CMD: min  -1187.45  0.234027  0.234027  0.154
protocols.relax.FastRelax: CMD: coord_cst_weight  -1305.55  0.234027  0.234027  0.154
protocols.relax.FastRelax: CMD: scale:fa_rep  -1126.13  0.234027  0.234027  0.30745
core.pack.task: Packer task: initialize from command line() 
core.pack.pack_rotamers: built 7134 rotamers at 492 positions.
core.pack.interaction_graph.interaction_graph_factory: Instantiating DensePDInteractionGraph
protocols.relax.FastRelax: CMD: repack  -1127.23  0.234027  0.234027  0.30745
protocols.relax.FastRelax: CMD: scale:fa_rep  -1113.17  0.234027  0.234027  0.31955
protocols.relax.FastRelax: CMD: min  -1307.63  3.91848  3.91848  0.31955
protocols.relax.FastRelax: CMD: coord_cst_weight  -1307.63  3.91848  3.91848  0.31955
protocols.relax.FastRelax: CMD: scale:fa_rep  -1103.16  3.91848  3.91848  0.55
core.pack.task: Packer task: initialize from command line() 
core.pack.pack_rotamers: built 6980 rotamers at 492 positions.
core.pack.interaction_graph.interaction_graph_factory: Instantiating DensePDInteractionGraph
protocols.relax.FastRelax: CMD: repack  -1109.71  3.91848  3.91848  0.55
protocols.relax.FastRelax: CMD: min  -1173.89  4.19202  4.19202  0.55
protocols.relax.FastRelax: MRP: 14  -1173.89  -1174.88  3.94085  3.94085  
protocols.relax.FastRelax: CMD: accept_to_best  -1173.89  4.19202  4.19202  0.55
protocols.relax.FastRelax: CMD: endrepeat  -1173.89  4.19202  4.19202  0.55
protocols::checkpoint: Deleting checkpoints of FastRelax
protocols.jd2.JobDistributor: target.BL00010001_12_0004 reported success in 14527 seconds
protocols.jd2.PDBJobInputter: PDBJobInputter::pose_from_job
protocols.jd2.PDBJobInputter: filling pose from PDB ../1-modeller/target.BL00010001.pdb
core.import_pose.import_pose: File '../1-modeller/target.BL00010001.pdb' automatically determined to be of type PDB from contents.
core.io.rcsb.ExperimentalTechnique: [ ERROR ] Unrecognized experimental technique string 'THEORETICAL MODEL, MODELLER 10.8 2026/08/10 16:18:02'
protocols.relax.FastRelax: CMD: repeat  4476.34  0  0  0.55
protocols.relax.FastRelax: CMD: coord_cst_weight  4476.34  0  0  0.55
protocols.relax.FastRelax: CMD: scale:fa_rep  806.987  0  0  0.022
core.pack.task: Packer task: initialize from command line() 
core.pack.pack_rotamers: built 8129 rotamers at 492 positions.
core.pack.interaction_graph.interaction_graph_factory: Instantiating DensePDInteractionGraph
protocols.relax.FastRelax: CMD: repack  -882.442  0  0  0.022
protocols.relax.FastRelax: CMD: scale:fa_rep  -843.449  0  0  0.02805
core.optimization.Minimizer: [ WARNING ] LBFGS MAX CYCLES 2000 EXCEEDED, BUT FUNC NOT CONVERGED!
protocols.relax.FastRelax: CMD: min  -1305.41  0.148971  0.148971  0.02805
protocols.relax.FastRelax: CMD: coord_cst_weight  -1352.37  0.148971  0.148971  0.02805
protocols.relax.FastRelax: CMD: scale:fa_rep  -972.289  0.148971  0.148971  0.14575
core.pack.task: Packer task: initialize from command line() 
core.pack.pack_rotamers: built 7445 rotamers at 492 positions.
core.pack.interaction_graph.interaction_graph_factory: Instantiating DensePDInteractionGraph
protocols.relax.FastRelax: CMD: repack  -1005.1  0.148971  0.148971  0.14575
protocols.relax.FastRelax: CMD: scale:fa_rep  -983.493  0.148971  0.148971  0.154
protocols.relax.FastRelax: CMD: min  -1167.67  0.202596  0.202596  0.154
protocols.relax.FastRelax: CMD: coord_cst_weight  -1256.21  0.202596  0.202596  0.154
protocols.relax.FastRelax: CMD: scale:fa_rep  -1067.38  0.202596  0.202596  0.30745
core.pack.task: Packer task: initialize from command line() 
core.pack.pack_rotamers: built 7204 rotamers at 492 positions.
core.pack.interaction_graph.interaction_graph_factory: Instantiating DensePDInteractionGraph
protocols.relax.FastRelax: CMD: repack  -1069.54  0.202596  0.202596  0.30745
protocols.relax.FastRelax: CMD: scale:fa_rep  -1054.68  0.202596  0.202596  0.31955
protocols.relax.FastRelax: CMD: min  -1239.8  2.77425  2.77425  0.31955
protocols.relax.FastRelax: CMD: coord_cst_weight  -1239.8  2.77425  2.77425  0.31955
protocols.relax.FastRelax: CMD: scale:fa_rep  -1028.84  2.77425  2.77425  0.55
core.pack.task: Packer task: initialize from command line() 
core.pack.pack_rotamers: built 7041 rotamers at 492 positions.
core.pack.interaction_graph.interaction_graph_factory: Instantiating DensePDInteractionGraph
protocols.relax.FastRelax: CMD: repack  -1036.8  2.77425  2.77425  0.55
protocols.relax.FastRelax: CMD: min  -1100.67  3.28022  3.28022  0.55
protocols.relax.FastRelax: MRP: 0  -1100.67  -1100.67  3.28022  3.28022  
protocols.relax.FastRelax: CMD: accept_to_best  -1100.67  3.28022  3.28022  0.55
protocols.relax.FastRelax: CMD: endrepeat  -1100.67  3.28022  3.28022  0.55
protocols.relax.FastRelax: CMD: coord_cst_weight  96798.1  3.28022  3.28022  0.55
protocols.relax.FastRelax: CMD: scale:fa_rep  96466  3.28022  3.28022  0.022
core.pack.task: Packer task: initialize from command line() 
core.pack.pack_rotamers: built 7822 rotamers at 492 positions.
core.pack.interaction_graph.interaction_graph_factory: Instantiating DensePDInteractionGraph
protocols.relax.FastRelax: CMD: repack  96439.1  3.28022  3.28022  0.022
protocols.relax.FastRelax: CMD: scale:fa_rep  96449.3  3.28022  3.28022  0.02805
core.optimization.Minimizer: [ WARNING ] LBFGS MAX CYCLES 2000 EXCEEDED, BUT FUNC NOT CONVERGED!
protocols.relax.FastRelax: CMD: min  -1274.51  0.178216  0.178216  0.02805
protocols.relax.FastRelax: CMD: coord_cst_weight  -1342.99  0.178216  0.178216  0.02805
protocols.relax.FastRelax: CMD: scale:fa_rep  -999.952  0.178216  0.178216  0.14575
core.pack.task: Packer task: initialize from command line() 
core.pack.pack_rotamers: built 7388 rotamers at 492 positions.
core.pack.interaction_graph.interaction_graph_factory: Instantiating DensePDInteractionGraph
protocols.relax.FastRelax: CMD: repack  -1048.27  0.178216  0.178216  0.14575
protocols.relax.FastRelax: CMD: scale:fa_rep  -1028.15  0.178216  0.178216  0.154
protocols.relax.FastRelax: CMD: min  -1191.51  0.214994  0.214994  0.154
protocols.relax.FastRelax: CMD: coord_cst_weight  -1292.23  0.214994  0.214994  0.154
protocols.relax.FastRelax: CMD: scale:fa_rep  -1107.26  0.214994  0.214994  0.30745
core.pack.task: Packer task: initialize from command line() 
core.pack.pack_rotamers: built 7183 rotamers at 492 positions.
core.pack.interaction_graph.interaction_graph_factory: Instantiating DensePDInteractionGraph
protocols.relax.FastRelax: CMD: repack  -1109.52  0.214994  0.214994  0.30745
protocols.relax.FastRelax: CMD: scale:fa_rep  -1095.09  0.214994  0.214994  0.31955
protocols.relax.FastRelax: CMD: min  -1272.21  3.0247  3.0247  0.31955
protocols.relax.FastRelax: CMD: coord_cst_weight  -1272.21  3.0247  3.0247  0.31955
protocols.relax.FastRelax: CMD: scale:fa_rep  -1061.04  3.0247  3.0247  0.55
core.pack.task: Packer task: initialize from command line() 
core.pack.pack_rotamers: built 6923 rotamers at 492 positions.
core.pack.interaction_graph.interaction_graph_factory: Instantiating DensePDInteractionGraph
protocols.relax.FastRelax: CMD: repack  -1064.16  3.0247  3.0247  0.55
protocols.relax.FastRelax: CMD: min  -1119.43  3.09678  3.09678  0.55
protocols.relax.FastRelax: MRP: 1  -1119.43  -1119.43  3.09678  3.09678  
protocols.relax.FastRelax: CMD: accept_to_best  -1119.43  3.09678  3.09678  0.55
protocols.relax.FastRelax: CMD: endrepeat  -1119.43  3.09678  3.09678  0.55
protocols.relax.FastRelax: CMD: coord_cst_weight  68149.5  3.09678  3.09678  0.55
protocols.relax.FastRelax: CMD: scale:fa_rep  67819.2  3.09678  3.09678  0.022
core.pack.task: Packer task: initialize from command line() 
core.pack.pack_rotamers: built 7825 rotamers at 492 positions.
core.pack.interaction_graph.interaction_graph_factory: Instantiating DensePDInteractionGraph
protocols.relax.FastRelax: CMD: repack  67803.6  3.09678  3.09678  0.022
protocols.relax.FastRelax: CMD: scale:fa_rep  67811.3  3.09678  3.09678  0.02805
core.optimization.Minimizer: [ WARNING ] LBFGS MAX CYCLES 2000 EXCEEDED, BUT FUNC NOT CONVERGED!
protocols.relax.FastRelax: CMD: min  -1257.58  0.180517  0.180517  0.02805
protocols.relax.FastRelax: CMD: coord_cst_weight  -1329.41  0.180517  0.180517  0.02805
protocols.relax.FastRelax: CMD: scale:fa_rep  -986.777  0.180517  0.180517  0.14575
core.pack.task: Packer task: initialize from command line() 
core.pack.pack_rotamers: built 7324 rotamers at 492 positions.
core.pack.interaction_graph.interaction_graph_factory: Instantiating DensePDInteractionGraph
protocols.relax.FastRelax: CMD: repack  -1044.51  0.180517  0.180517  0.14575
protocols.relax.FastRelax: CMD: scale:fa_rep  -1024.52  0.180517  0.180517  0.154
protocols.relax.FastRelax: CMD: min  -1190.46  0.219931  0.219931  0.154
protocols.relax.FastRelax: CMD: coord_cst_weight  -1295.22  0.219931  0.219931  0.154
protocols.relax.FastRelax: CMD: scale:fa_rep  -1113.77  0.219931  0.219931  0.30745
core.pack.task: Packer task: initialize from command line() 
core.pack.pack_rotamers: built 7146 rotamers at 492 positions.
core.pack.interaction_graph.interaction_graph_factory: Instantiating DensePDInteractionGraph
protocols.relax.FastRelax: CMD: repack  -1113.13  0.219931  0.219931  0.30745
protocols.relax.FastRelax: CMD: scale:fa_rep  -1098.89  0.219931  0.219931  0.31955
protocols.relax.FastRelax: CMD: min  -1272.45  2.98404  2.98404  0.31955
protocols.relax.FastRelax: CMD: coord_cst_weight  -1272.45  2.98404  2.98404  0.31955
protocols.relax.FastRelax: CMD: scale:fa_rep  -1063.71  2.98404  2.98404  0.55
core.pack.task: Packer task: initialize from command line() 
core.pack.pack_rotamers: built 6931 rotamers at 492 positions.
core.pack.interaction_graph.interaction_graph_factory: Instantiating DensePDInteractionGraph
protocols.relax.FastRelax: CMD: repack  -1067.12  2.98404  2.98404  0.55
protocols.relax.FastRelax: CMD: min  -1121.58  3.31452  3.31452  0.55
protocols.relax.FastRelax: MRP: 2  -1121.58  -1121.58  3.31452  3.31452  
protocols.relax.FastRelax: CMD: accept_to_best  -1121.58  3.31452  3.31452  0.55
protocols.relax.FastRelax: CMD: endrepeat  -1121.58  3.31452  3.31452  0.55
protocols.relax.FastRelax: CMD: coord_cst_weight  73997  3.31452  3.31452  0.55
protocols.relax.FastRelax: CMD: scale:fa_rep  73666.1  3.31452  3.31452  0.022
core.pack.task: Packer task: initialize from command line() 
core.pack.pack_rotamers: built 7703 rotamers at 492 positions.
core.pack.interaction_graph.interaction_graph_factory: Instantiating DensePDInteractionGraph
protocols.relax.FastRelax: CMD: repack  73663.5  3.31452  3.31452  0.022
protocols.relax.FastRelax: CMD: scale:fa_rep  73672.8  3.31452  3.31452  0.02805
core.optimization.Minimizer: [ WARNING ] LBFGS MAX CYCLES 2000 EXCEEDED, BUT FUNC NOT CONVERGED!
protocols.relax.FastRelax: CMD: min  -1254.9  0.175831  0.175831  0.02805
protocols.relax.FastRelax: CMD: coord_cst_weight  -1322.41  0.175831  0.175831  0.02805
protocols.relax.FastRelax: CMD: scale:fa_rep  -921.849  0.175831  0.175831  0.14575
core.pack.task: Packer task: initialize from command line() 
core.pack.pack_rotamers: built 7341 rotamers at 492 positions.
core.pack.interaction_graph.interaction_graph_factory: Instantiating DensePDInteractionGraph
protocols.relax.FastRelax: CMD: repack  -1005.36  0.175831  0.175831  0.14575
protocols.relax.FastRelax: CMD: scale:fa_rep  -982.638  0.175831  0.175831  0.154
protocols.relax.FastRelax: CMD: min  -1181.7  0.225025  0.225025  0.154
protocols.relax.FastRelax: CMD: coord_cst_weight  -1291.4  0.225025  0.225025  0.154
protocols.relax.FastRelax: CMD: scale:fa_rep  -1110.6  0.225025  0.225025  0.30745
core.pack.task: Packer task: initialize from command line() 
core.pack.pack_rotamers: built 7127 rotamers at 492 positions.
core.pack.interaction_graph.interaction_graph_factory: Instantiating DensePDInteractionGraph
protocols.relax.FastRelax: CMD: repack  -1107.97  0.225025  0.225025  0.30745
protocols.relax.FastRelax: CMD: scale:fa_rep  -1093.77  0.225025  0.225025  0.31955
protocols.relax.FastRelax: CMD: min  -1275.99  3.28829  3.28829  0.31955
protocols.relax.FastRelax: CMD: coord_cst_weight  -1275.99  3.28829  3.28829  0.31955
protocols.relax.FastRelax: CMD: scale:fa_rep  -1065.97  3.28829  3.28829  0.55
core.pack.task: Packer task: initialize from command line() 
core.pack.pack_rotamers: built 6949 rotamers at 492 positions.
core.pack.interaction_graph.interaction_graph_factory: Instantiating DensePDInteractionGraph
protocols.relax.FastRelax: CMD: repack  -1068.2  3.28829  3.28829  0.55
protocols.relax.FastRelax: CMD: min  -1124.81  3.86025  3.86025  0.55
protocols.relax.FastRelax: MRP: 3  -1124.81  -1124.81  3.86025  3.86025  
protocols.relax.FastRelax: CMD: accept_to_best  -1124.81  3.86025  3.86025  0.55
protocols.relax.FastRelax: CMD: endrepeat  -1124.81  3.86025  3.86025  0.55
protocols.relax.FastRelax: CMD: coord_cst_weight  96296.8  3.86025  3.86025  0.55
protocols.relax.FastRelax: CMD: scale:fa_rep  95964.1  3.86025  3.86025  0.022
core.pack.task: Packer task: initialize from command line() 
core.pack.pack_rotamers: built 7849 rotamers at 492 positions.
core.pack.interaction_graph.interaction_graph_factory: Instantiating DensePDInteractionGraph
protocols.relax.FastRelax: CMD: repack  95955.4  3.86025  3.86025  0.022
protocols.relax.FastRelax: CMD: scale:fa_rep  95965.1  3.86025  3.86025  0.02805
core.optimization.Minimizer: [ WARNING ] LBFGS MAX CYCLES 2000 EXCEEDED, BUT FUNC NOT CONVERGED!
protocols.relax.FastRelax: CMD: min  -1249.12  0.181983  0.181983  0.02805
protocols.relax.FastRelax: CMD: coord_cst_weight  -1322.18  0.181983  0.181983  0.02805
protocols.relax.FastRelax: CMD: scale:fa_rep  -955.57  0.181983  0.181983  0.14575
core.pack.task: Packer task: initialize from command line() 
core.pack.pack_rotamers: built 7382 rotamers at 492 positions.
core.pack.interaction_graph.interaction_graph_factory: Instantiating DensePDInteractionGraph
protocols.relax.FastRelax: CMD: repack  -1006.48  0.181983  0.181983  0.14575
protocols.relax.FastRelax: CMD: scale:fa_rep  -984.454  0.181983  0.181983  0.154
protocols.relax.FastRelax: CMD: min  -1167.73  0.227572  0.227572  0.154
protocols.relax.FastRelax: CMD: coord_cst_weight  -1281.03  0.227572  0.227572  0.154
protocols.relax.FastRelax: CMD: scale:fa_rep  -1092.23  0.227572  0.227572  0.30745
core.pack.task: Packer task: initialize from command line() 
core.pack.pack_rotamers: built 7168 rotamers at 492 positions.
core.pack.interaction_graph.interaction_graph_factory: Instantiating DensePDInteractionGraph
protocols.relax.FastRelax: CMD: repack  -1092  0.227572  0.227572  0.30745
protocols.relax.FastRelax: CMD: scale:fa_rep  -1077.21  0.227572  0.227572  0.31955
protocols.relax.FastRelax: CMD: min  -1280.51  3.66679  3.66679  0.31955
protocols.relax.FastRelax: CMD: coord_cst_weight  -1280.51  3.66679  3.66679  0.31955
protocols.relax.FastRelax: CMD: scale:fa_rep  -1066.68  3.66679  3.66679  0.55
core.pack.task: Packer task: initialize from command line() 
core.pack.pack_rotamers: built 7059 rotamers at 492 positions.
core.pack.interaction_graph.interaction_graph_factory: Instantiating DensePDInteractionGraph
protocols.relax.FastRelax: CMD: repack  -1076.54  3.66679  3.66679  0.55
protocols.relax.FastRelax: CMD: min  -1140.3  3.82799  3.82799  0.55
protocols.relax.FastRelax: MRP: 4  -1140.3  -1140.3  3.82799  3.82799  
protocols.relax.FastRelax: CMD: accept_to_best  -1140.3  3.82799  3.82799  0.55
protocols.relax.FastRelax: CMD: endrepeat  -1140.3  3.82799  3.82799  0.55
protocols.relax.FastRelax: CMD: coord_cst_weight  121770  3.82799  3.82799  0.55
protocols.relax.FastRelax: CMD: scale:fa_rep  121435  3.82799  3.82799  0.022
core.pack.task: Packer task: initialize from command line() 
core.pack.pack_rotamers: built 7814 rotamers at 492 positions.
core.pack.interaction_graph.interaction_graph_factory: Instantiating DensePDInteractionGraph
protocols.relax.FastRelax: CMD: repack  121416  3.82799  3.82799  0.022
protocols.relax.FastRelax: CMD: scale:fa_rep  121423  3.82799  3.82799  0.02805
core.optimization.Minimizer: [ WARNING ] LBFGS MAX CYCLES 2000 EXCEEDED, BUT FUNC NOT CONVERGED!
protocols.relax.FastRelax: CMD: min  -1252.26  0.187936  0.187936  0.02805
protocols.relax.FastRelax: CMD: coord_cst_weight  -1332.38  0.187936  0.187936  0.02805
protocols.relax.FastRelax: CMD: scale:fa_rep  -977.089  0.187936  0.187936  0.14575
core.pack.task: Packer task: initialize from command line() 
core.pack.pack_rotamers: built 7282 rotamers at 492 positions.
core.pack.interaction_graph.interaction_graph_factory: Instantiating DensePDInteractionGraph
protocols.relax.FastRelax: CMD: repack  -1043.08  0.187936  0.187936  0.14575
protocols.relax.FastRelax: CMD: scale:fa_rep  -1023.16  0.187936  0.187936  0.154
protocols.relax.FastRelax: CMD: min  -1184.78  0.226847  0.226847  0.154
protocols.relax.FastRelax: CMD: coord_cst_weight  -1299.21  0.226847  0.226847  0.154
protocols.relax.FastRelax: CMD: scale:fa_rep  -1117.28  0.226847  0.226847  0.30745
core.pack.task: Packer task: initialize from command line() 
core.pack.pack_rotamers: built 7094 rotamers at 492 positions.
core.pack.interaction_graph.interaction_graph_factory: Instantiating DensePDInteractionGraph
protocols.relax.FastRelax: CMD: repack  -1113.28  0.226847  0.226847  0.30745
protocols.relax.FastRelax: CMD: scale:fa_rep  -1099.1  0.226847  0.226847  0.31955
protocols.relax.FastRelax: CMD: min  -1285.39  3.59224  3.59224  0.31955
protocols.relax.FastRelax: CMD: coord_cst_weight  -1285.39  3.59224  3.59224  0.31955
protocols.relax.FastRelax: CMD: scale:fa_rep  -1075.96  3.59224  3.59224  0.55
core.pack.task: Packer task: initialize from command line() 
core.pack.pack_rotamers: built 6996 rotamers at 492 positions.
core.pack.interaction_graph.interaction_graph_factory: Instantiating DensePDInteractionGraph
protocols.relax.FastRelax: CMD: repack  -1077.38  3.59224  3.59224  0.55
protocols.relax.FastRelax: CMD: min  -1136.98  3.74133  3.74133  0.55
protocols.relax.FastRelax: MRP: 5  -1136.98  -1140.3  3.82799  3.82799  
protocols.relax.FastRelax: CMD: accept_to_best  -1136.98  3.74133  3.74133  0.55
protocols.relax.FastRelax: CMD: endrepeat  -1136.98  3.74133  3.74133  0.55
protocols.relax.FastRelax: CMD: coord_cst_weight  64394.2  3.74133  3.74133  0.55
protocols.relax.FastRelax: CMD: scale:fa_rep  64061.9  3.74133  3.74133  0.022
core.pack.task: Packer task: initialize from command line() 
core.pack.pack_rotamers: built 7669 rotamers at 492 positions.
core.pack.interaction_graph.interaction_graph_factory: Instantiating DensePDInteractionGraph
protocols.relax.FastRelax: CMD: repack  64043.8  3.74133  3.74133  0.022
protocols.relax.FastRelax: CMD: scale:fa_rep  64050.8  3.74133  3.74133  0.02805
core.optimization.Minimizer: [ WARNING ] LBFGS MAX CYCLES 2000 EXCEEDED, BUT FUNC NOT CONVERGED!
protocols.relax.FastRelax: CMD: min  -1278.12  0.182353  0.182353  0.02805
protocols.relax.FastRelax: CMD: coord_cst_weight  -1352.89  0.182353  0.182353  0.02805
protocols.relax.FastRelax: CMD: scale:fa_rep  -1022.56  0.182353  0.182353  0.14575
core.pack.task: Packer task: initialize from command line() 
core.pack.pack_rotamers: built 7362 rotamers at 492 positions.
core.pack.interaction_graph.interaction_graph_factory: Instantiating DensePDInteractionGraph
protocols.relax.FastRelax: CMD: repack  -1052.04  0.182353  0.182353  0.14575
protocols.relax.FastRelax: CMD: scale:fa_rep  -1031.67  0.182353  0.182353  0.154
protocols.relax.FastRelax: CMD: min  -1189.47  0.22792  0.22792  0.154
protocols.relax.FastRelax: CMD: coord_cst_weight  -1306.12  0.22792  0.22792  0.154
protocols.relax.FastRelax: CMD: scale:fa_rep  -1124.5  0.22792  0.22792  0.30745
core.pack.task: Packer task: initialize from command line() 
core.pack.pack_rotamers: built 7157 rotamers at 492 positions.
core.pack.interaction_graph.interaction_graph_factory: Instantiating DensePDInteractionGraph
protocols.relax.FastRelax: CMD: repack  -1126.56  0.22792  0.22792  0.30745
protocols.relax.FastRelax: CMD: scale:fa_rep  -1112.49  0.22792  0.22792  0.31955
protocols.relax.FastRelax: CMD: min  -1290.31  2.98543  2.98543  0.31955
protocols.relax.FastRelax: CMD: coord_cst_weight  -1290.31  2.98543  2.98543  0.31955
protocols.relax.FastRelax: CMD: scale:fa_rep  -1079.48  2.98543  2.98543  0.55
core.pack.task: Packer task: initialize from command line() 
core.pack.pack_rotamers: built 6904 rotamers at 492 positions.
core.pack.interaction_graph.interaction_graph_factory: Instantiating DensePDInteractionGraph
protocols.relax.FastRelax: CMD: repack  -1087.06  2.98543  2.98543  0.55
protocols.relax.FastRelax: CMD: min  -1142.8  3.35203  3.35203  0.55
protocols.relax.FastRelax: MRP: 6  -1142.8  -1142.8  3.35203  3.35203  
protocols.relax.FastRelax: CMD: accept_to_best  -1142.8  3.35203  3.35203  0.55
protocols.relax.FastRelax: CMD: endrepeat  -1142.8  3.35203  3.35203  0.55
protocols.relax.FastRelax: CMD: coord_cst_weight  46678.3  3.35203  3.35203  0.55
protocols.relax.FastRelax: CMD: scale:fa_rep  46350  3.35203  3.35203  0.022
core.pack.task: Packer task: initialize from command line() 
core.pack.pack_rotamers: built 7731 rotamers at 492 positions.
core.pack.interaction_graph.interaction_graph_factory: Instantiating DensePDInteractionGraph
protocols.relax.FastRelax: CMD: repack  46333.4  3.35203  3.35203  0.022
protocols.relax.FastRelax: CMD: scale:fa_rep  46340.5  3.35203  3.35203  0.02805
core.optimization.Minimizer: [ WARNING ] LBFGS MAX CYCLES 2000 EXCEEDED, BUT FUNC NOT CONVERGED!
protocols.relax.FastRelax: CMD: min  -1260.83  0.185093  0.185093  0.02805
protocols.relax.FastRelax: CMD: coord_cst_weight  -1338.27  0.185093  0.185093  0.02805
protocols.relax.FastRelax: CMD: scale:fa_rep  -989.513  0.185093  0.185093  0.14575
core.pack.task: Packer task: initialize from command line() 
core.pack.pack_rotamers: built 7280 rotamers at 492 positions.
core.pack.interaction_graph.interaction_graph_factory: Instantiating DensePDInteractionGraph
protocols.relax.FastRelax: CMD: repack  -1049.68  0.185093  0.185093  0.14575
protocols.relax.FastRelax: CMD: scale:fa_rep  -1029.7  0.185093  0.185093  0.154
protocols.relax.FastRelax: CMD: min  -1186.83  0.22804  0.22804  0.154
protocols.relax.FastRelax: CMD: coord_cst_weight  -1303.74  0.22804  0.22804  0.154
protocols.relax.FastRelax: CMD: scale:fa_rep  -1124.4  0.22804  0.22804  0.30745
core.pack.task: Packer task: initialize from command line() 
core.pack.pack_rotamers: built 7171 rotamers at 492 positions.
core.pack.interaction_graph.interaction_graph_factory: Instantiating DensePDInteractionGraph
protocols.relax.FastRelax: CMD: repack  -1124.94  0.22804  0.22804  0.30745
protocols.relax.FastRelax: CMD: scale:fa_rep  -1110.83  0.22804  0.22804  0.31955
protocols.relax.FastRelax: CMD: min  -1294.1  3.33617  3.33617  0.31955
protocols.relax.FastRelax: CMD: coord_cst_weight  -1294.1  3.33617  3.33617  0.31955
protocols.relax.FastRelax: CMD: scale:fa_rep  -1087.85  3.33617  3.33617  0.55
core.pack.task: Packer task: initialize from command line() 
core.pack.pack_rotamers: built 6932 rotamers at 492 positions.
core.pack.interaction_graph.interaction_graph_factory: Instantiating DensePDInteractionGraph
protocols.relax.FastRelax: CMD: repack  -1091.54  3.33617  3.33617  0.55
protocols.relax.FastRelax: CMD: min  -1150.66  3.90735  3.90735  0.55
protocols.relax.FastRelax: MRP: 7  -1150.66  -1150.66  3.90735  3.90735  
protocols.relax.FastRelax: CMD: accept_to_best  -1150.66  3.90735  3.90735  0.55
protocols.relax.FastRelax: CMD: endrepeat  -1150.66  3.90735  3.90735  0.55
protocols.relax.FastRelax: CMD: coord_cst_weight  66943.6  3.90735  3.90735  0.55
protocols.relax.FastRelax: CMD: scale:fa_rep  66612.1  3.90735  3.90735  0.022
core.pack.task: Packer task: initialize from command line() 
core.pack.pack_rotamers: built 7725 rotamers at 492 positions.
core.pack.interaction_graph.interaction_graph_factory: Instantiating DensePDInteractionGraph
protocols.relax.FastRelax: CMD: repack  66589.7  3.90735  3.90735  0.022
protocols.relax.FastRelax: CMD: scale:fa_rep  66597  3.90735  3.90735  0.02805
core.optimization.Minimizer: [ WARNING ] LBFGS MAX CYCLES 2000 EXCEEDED, BUT FUNC NOT CONVERGED!
protocols.relax.FastRelax: CMD: min  -1263.99  0.188786  0.188786  0.02805
protocols.relax.FastRelax: CMD: coord_cst_weight  -1345.09  0.188786  0.188786  0.02805
protocols.relax.FastRelax: CMD: scale:fa_rep  -998.794  0.188786  0.188786  0.14575
core.pack.task: Packer task: initialize from command line() 
core.pack.pack_rotamers: built 7325 rotamers at 492 positions.
core.pack.interaction_graph.interaction_graph_factory: Instantiating DensePDInteractionGraph
protocols.relax.FastRelax: CMD: repack  -1054.23  0.188786  0.188786  0.14575
protocols.relax.FastRelax: CMD: scale:fa_rep  -1034.24  0.188786  0.188786  0.154
protocols.relax.FastRelax: CMD: min  -1191.99  0.22995  0.22995  0.154
protocols.relax.FastRelax: CMD: coord_cst_weight  -1310.02  0.22995  0.22995  0.154
protocols.relax.FastRelax: CMD: scale:fa_rep  -1132.19  0.22995  0.22995  0.30745
core.pack.task: Packer task: initialize from command line() 
core.pack.pack_rotamers: built 7143 rotamers at 492 positions.
core.pack.interaction_graph.interaction_graph_factory: Instantiating DensePDInteractionGraph
protocols.relax.FastRelax: CMD: repack  -1133.97  0.22995  0.22995  0.30745
protocols.relax.FastRelax: CMD: scale:fa_rep  -1120.08  0.22995  0.22995  0.31955
protocols.relax.FastRelax: CMD: min  -1308.44  3.23611  3.23611  0.31955
protocols.relax.FastRelax: CMD: coord_cst_weight  -1308.44  3.23611  3.23611  0.31955
protocols.relax.FastRelax: CMD: scale:fa_rep  -1101.38  3.23611  3.23611  0.55
core.pack.task: Packer task: initialize from command line() 
core.pack.pack_rotamers: built 6935 rotamers at 492 positions.
core.pack.interaction_graph.interaction_graph_factory: Instantiating DensePDInteractionGraph
protocols.relax.FastRelax: CMD: repack  -1105.47  3.23611  3.23611  0.55
protocols.relax.FastRelax: CMD: min  -1158.88  3.43682  3.43682  0.55
protocols.relax.FastRelax: MRP: 8  -1158.88  -1158.88  3.43682  3.43682  
protocols.relax.FastRelax: CMD: accept_to_best  -1158.88  3.43682  3.43682  0.55
protocols.relax.FastRelax: CMD: endrepeat  -1158.88  3.43682  3.43682  0.55
protocols.relax.FastRelax: CMD: coord_cst_weight  58978.2  3.43682  3.43682  0.55
protocols.relax.FastRelax: CMD: scale:fa_rep  58650.1  3.43682  3.43682  0.022
core.pack.task: Packer task: initialize from command line() 
core.pack.pack_rotamers: built 7731 rotamers at 492 positions.
core.pack.interaction_graph.interaction_graph_factory: Instantiating DensePDInteractionGraph
protocols.relax.FastRelax: CMD: repack  58638.6  3.43682  3.43682  0.022
protocols.relax.FastRelax: CMD: scale:fa_rep  58648.3  3.43682  3.43682  0.02805
core.optimization.Minimizer: [ WARNING ] LBFGS MAX CYCLES 2000 EXCEEDED, BUT FUNC NOT CONVERGED!
protocols.relax.FastRelax: CMD: min  -1259.23  0.188963  0.188963  0.02805
protocols.relax.FastRelax: CMD: coord_cst_weight  -1339.94  0.188963  0.188963  0.02805
protocols.relax.FastRelax: CMD: scale:fa_rep  -977.173  0.188963  0.188963  0.14575
core.pack.task: Packer task: initialize from command line() 
core.pack.pack_rotamers: built 7382 rotamers at 492 positions.
core.pack.interaction_graph.interaction_graph_factory: Instantiating DensePDInteractionGraph
protocols.relax.FastRelax: CMD: repack  -1040.84  0.188963  0.188963  0.14575
protocols.relax.FastRelax: CMD: scale:fa_rep  -1019.81  0.188963  0.188963  0.154
protocols.relax.FastRelax: CMD: min  -1192.26  0.2285  0.2285  0.154
protocols.relax.FastRelax: CMD: coord_cst_weight  -1308.67  0.2285  0.2285  0.154
protocols.relax.FastRelax: CMD: scale:fa_rep  -1128.06  0.2285  0.2285  0.30745
core.pack.task: Packer task: initialize from command line() 
core.pack.pack_rotamers: built 7194 rotamers at 492 positions.
core.pack.interaction_graph.interaction_graph_factory: Instantiating DensePDInteractionGraph
protocols.relax.FastRelax: CMD: repack  -1129.27  0.2285  0.2285  0.30745
protocols.relax.FastRelax: CMD: scale:fa_rep  -1115.15  0.2285  0.2285  0.31955
protocols.relax.FastRelax: CMD: min  -1292.9  2.90206  2.90206  0.31955
protocols.relax.FastRelax: CMD: coord_cst_weight  -1292.9  2.90206  2.90206  0.31955
protocols.relax.FastRelax: CMD: scale:fa_rep  -1083.49  2.90206  2.90206  0.55
core.pack.task: Packer task: initialize from command line() 
core.pack.pack_rotamers: built 6962 rotamers at 492 positions.
core.pack.interaction_graph.interaction_graph_factory: Instantiating DensePDInteractionGraph
protocols.relax.FastRelax: CMD: repack  -1084.67  2.90206  2.90206  0.55
protocols.relax.FastRelax: CMD: min  -1141.96  3.27683  3.27683  0.55
protocols.relax.FastRelax: MRP: 9  -1141.96  -1158.88  3.43682  3.43682  
protocols.relax.FastRelax: CMD: accept_to_best  -1141.96  3.27683  3.27683  0.55
protocols.relax.FastRelax: CMD: endrepeat  -1141.96  3.27683  3.27683  0.55
protocols.relax.FastRelax: CMD: coord_cst_weight  45244.9  3.27683  3.27683  0.55
protocols.relax.FastRelax: CMD: scale:fa_rep  44914.2  3.27683  3.27683  0.022
core.pack.task: Packer task: initialize from command line() 
core.pack.pack_rotamers: built 7684 rotamers at 492 positions.
core.pack.interaction_graph.interaction_graph_factory: Instantiating DensePDInteractionGraph
protocols.relax.FastRelax: CMD: repack  44894.8  3.27683  3.27683  0.022
protocols.relax.FastRelax: CMD: scale:fa_rep  44902.3  3.27683  3.27683  0.02805
core.optimization.Minimizer: [ WARNING ] LBFGS MAX CYCLES 2000 EXCEEDED, BUT FUNC NOT CONVERGED!
protocols.relax.FastRelax: CMD: min  -1284.09  0.180109  0.180109  0.02805
protocols.relax.FastRelax: CMD: coord_cst_weight  -1357.48  0.180109  0.180109  0.02805
protocols.relax.FastRelax: CMD: scale:fa_rep  -1021.91  0.180109  0.180109  0.14575
core.pack.task: Packer task: initialize from command line() 
core.pack.pack_rotamers: built 7346 rotamers at 492 positions.
core.pack.interaction_graph.interaction_graph_factory: Instantiating DensePDInteractionGraph
protocols.relax.FastRelax: CMD: repack  -1057.4  0.180109  0.180109  0.14575
protocols.relax.FastRelax: CMD: scale:fa_rep  -1036.37  0.180109  0.180109  0.154
protocols.relax.FastRelax: CMD: min  -1193.18  0.227984  0.227984  0.154
protocols.relax.FastRelax: CMD: coord_cst_weight  -1309.11  0.227984  0.227984  0.154
protocols.relax.FastRelax: CMD: scale:fa_rep  -1124.98  0.227984  0.227984  0.30745
core.pack.task: Packer task: initialize from command line() 
core.pack.pack_rotamers: built 7179 rotamers at 492 positions.
core.pack.interaction_graph.interaction_graph_factory: Instantiating DensePDInteractionGraph
protocols.relax.FastRelax: CMD: repack  -1125.72  0.227984  0.227984  0.30745
protocols.relax.FastRelax: CMD: scale:fa_rep  -1111.27  0.227984  0.227984  0.31955
protocols.relax.FastRelax: CMD: min  -1307.32  2.17503  2.17503  0.31955
protocols.relax.FastRelax: CMD: coord_cst_weight  -1307.32  2.17503  2.17503  0.31955
protocols.relax.FastRelax: CMD: scale:fa_rep  -1099.64  2.17503  2.17503  0.55
core.pack.task: Packer task: initialize from command line() 
core.pack.pack_rotamers: built 6897 rotamers at 492 positions.
core.pack.interaction_graph.interaction_graph_factory: Instantiating DensePDInteractionGraph
protocols.relax.FastRelax: CMD: repack  -1101.6  2.17503  2.17503  0.55
protocols.relax.FastRelax: CMD: min  -1158.88  2.63422  2.63422  0.55
protocols.relax.FastRelax: MRP: 10  -1158.88  -1158.88  3.43682  3.43682  
protocols.relax.FastRelax: CMD: accept_to_best  -1158.88  2.63422  2.63422  0.55
protocols.relax.FastRelax: CMD: endrepeat  -1158.88  2.63422  2.63422  0.55
protocols.relax.FastRelax: CMD: coord_cst_weight  30300.4  2.63422  2.63422  0.55
protocols.relax.FastRelax: CMD: scale:fa_rep  29969.6  2.63422  2.63422  0.022
core.pack.task: Packer task: initialize from command line() 
core.pack.pack_rotamers: built 7745 rotamers at 492 positions.
core.pack.interaction_graph.interaction_graph_factory: Instantiating DensePDInteractionGraph
protocols.relax.FastRelax: CMD: repack  29969.5  2.63422  2.63422  0.022
protocols.relax.FastRelax: CMD: scale:fa_rep  29978.6  2.63422  2.63422  0.02805
core.optimization.Minimizer: [ WARNING ] LBFGS MAX CYCLES 2000 EXCEEDED, BUT FUNC NOT CONVERGED!
protocols.relax.FastRelax: CMD: min  -1285.66  0.178505  0.178505  0.02805
protocols.relax.FastRelax: CMD: coord_cst_weight  -1356.99  0.178505  0.178505  0.02805
protocols.relax.FastRelax: CMD: scale:fa_rep  -1008.05  0.178505  0.178505  0.14575
core.pack.task: Packer task: initialize from command line() 
core.pack.pack_rotamers: built 7377 rotamers at 492 positions.
core.pack.interaction_graph.interaction_graph_factory: Instantiating DensePDInteractionGraph
protocols.relax.FastRelax: CMD: repack  -1037.43  0.178505  0.178505  0.14575
protocols.relax.FastRelax: CMD: scale:fa_rep  -1015.89  0.178505  0.178505  0.154
protocols.relax.FastRelax: CMD: min  -1192.03  0.230411  0.230411  0.154
protocols.relax.FastRelax: CMD: coord_cst_weight  -1309.13  0.230411  0.230411  0.154
protocols.relax.FastRelax: CMD: scale:fa_rep  -1125.65  0.230411  0.230411  0.30745
core.pack.task: Packer task: initialize from command line() 
core.pack.pack_rotamers: built 7130 rotamers at 492 positions.
core.pack.interaction_graph.interaction_graph_factory: Instantiating DensePDInteractionGraph
protocols.relax.FastRelax: CMD: repack  -1125.85  0.230411  0.230411  0.30745
protocols.relax.FastRelax: CMD: scale:fa_rep  -1111.53  0.230411  0.230411  0.31955
protocols.relax.FastRelax: CMD: min  -1309.15  2.44866  2.44866  0.31955
protocols.relax.FastRelax: CMD: coord_cst_weight  -1309.15  2.44866  2.44866  0.31955
protocols.relax.FastRelax: CMD: scale:fa_rep  -1103.4  2.44866  2.44866  0.55
core.pack.task: Packer task: initialize from command line() 
core.pack.pack_rotamers: built 6879 rotamers at 492 positions.
core.pack.interaction_graph.interaction_graph_factory: Instantiating DensePDInteractionGraph
protocols.relax.FastRelax: CMD: repack  -1104.84  2.44866  2.44866  0.55
protocols.relax.FastRelax: CMD: min  -1162.3  2.90719  2.90719  0.55
protocols.relax.FastRelax: MRP: 11  -1162.3  -1162.3  2.90719  2.90719  
protocols.relax.FastRelax: CMD: accept_to_best  -1162.3  2.90719  2.90719  0.55
protocols.relax.FastRelax: CMD: endrepeat  -1162.3  2.90719  2.90719  0.55
protocols.relax.FastRelax: CMD: coord_cst_weight  36060.1  2.90719  2.90719  0.55
protocols.relax.FastRelax: CMD: scale:fa_rep  35731.2  2.90719  2.90719  0.022
core.pack.task: Packer task: initialize from command line() 
core.pack.pack_rotamers: built 7696 rotamers at 492 positions.
core.pack.interaction_graph.interaction_graph_factory: Instantiating DensePDInteractionGraph
protocols.relax.FastRelax: CMD: repack  35710.8  2.90719  2.90719  0.022
protocols.relax.FastRelax: CMD: scale:fa_rep  35717.9  2.90719  2.90719  0.02805
core.optimization.Minimizer: [ WARNING ] LBFGS MAX CYCLES 2000 EXCEEDED, BUT FUNC NOT CONVERGED!
protocols.relax.FastRelax: CMD: min  -1266.18  0.187794  0.187794  0.02805
protocols.relax.FastRelax: CMD: coord_cst_weight  -1343.59  0.187794  0.187794  0.02805
protocols.relax.FastRelax: CMD: scale:fa_rep  -966.744  0.187794  0.187794  0.14575
core.pack.task: Packer task: initialize from command line() 
core.pack.pack_rotamers: built 7326 rotamers at 492 positions.
core.pack.interaction_graph.interaction_graph_factory: Instantiating DensePDInteractionGraph
protocols.relax.FastRelax: CMD: repack  -1053.38  0.187794  0.187794  0.14575
protocols.relax.FastRelax: CMD: scale:fa_rep  -1032.56  0.187794  0.187794  0.154
protocols.relax.FastRelax: CMD: min  -1194.69  0.232379  0.232379  0.154
protocols.relax.FastRelax: CMD: coord_cst_weight  -1313  0.232379  0.232379  0.154
protocols.relax.FastRelax: CMD: scale:fa_rep  -1129.78  0.232379  0.232379  0.30745
core.pack.task: Packer task: initialize from command line() 
core.pack.pack_rotamers: built 7134 rotamers at 492 positions.
core.pack.interaction_graph.interaction_graph_factory: Instantiating DensePDInteractionGraph
protocols.relax.FastRelax: CMD: repack  -1130.52  0.232379  0.232379  0.30745
protocols.relax.FastRelax: CMD: scale:fa_rep  -1116.12  0.232379  0.232379  0.31955
protocols.relax.FastRelax: CMD: min  -1308.97  2.17325  2.17325  0.31955
protocols.relax.FastRelax: CMD: coord_cst_weight  -1308.97  2.17325  2.17325  0.31955
protocols.relax.FastRelax: CMD: scale:fa_rep  -1101.96  2.17325  2.17325  0.55
core.pack.task: Packer task: initialize from command line() 
core.pack.pack_rotamers: built 6872 rotamers at 492 positions.
core.pack.interaction_graph.interaction_graph_factory: Instantiating DensePDInteractionGraph
protocols.relax.FastRelax: CMD: repack  -1103.64  2.17325  2.17325  0.55
protocols.relax.FastRelax: CMD: min  -1158.71  2.855  2.855  0.55
protocols.relax.FastRelax: MRP: 12  -1158.71  -1162.3  2.90719  2.90719  
protocols.relax.FastRelax: CMD: accept_to_best  -1158.71  2.855  2.855  0.55
protocols.relax.FastRelax: CMD: endrepeat  -1158.71  2.855  2.855  0.55
protocols.relax.FastRelax: CMD: coord_cst_weight  39939.8  2.855  2.855  0.55
protocols.relax.FastRelax: CMD: scale:fa_rep  39608.7  2.855  2.855  0.022
core.pack.task: Packer task: initialize from command line() 
core.pack.pack_rotamers: built 7715 rotamers at 492 positions.
core.pack.interaction_graph.interaction_graph_factory: Instantiating DensePDInteractionGraph
protocols.relax.FastRelax: CMD: repack  39600.4  2.855  2.855  0.022
protocols.relax.FastRelax: CMD: scale:fa_rep  39606.1  2.855  2.855  0.02805
core.optimization.Minimizer: [ WARNING ] LBFGS MAX CYCLES 2000 EXCEEDED, BUT FUNC NOT CONVERGED!
protocols.relax.FastRelax: CMD: min  -1279.35  0.186423  0.186423  0.02805
protocols.relax.FastRelax: CMD: coord_cst_weight  -1356.35  0.186423  0.186423  0.02805
protocols.relax.FastRelax: CMD: scale:fa_rep  -1024.38  0.186423  0.186423  0.14575
core.pack.task: Packer task: initialize from command line() 
core.pack.pack_rotamers: built 7344 rotamers at 492 positions.
core.pack.interaction_graph.interaction_graph_factory: Instantiating DensePDInteractionGraph
protocols.relax.FastRelax: CMD: repack  -1058.47  0.186423  0.186423  0.14575
protocols.relax.FastRelax: CMD: scale:fa_rep  -1037.73  0.186423  0.186423  0.154
protocols.relax.FastRelax: CMD: min  -1195.01  0.230783  0.230783  0.154
protocols.relax.FastRelax: CMD: coord_cst_weight  -1313.11  0.230783  0.230783  0.154
protocols.relax.FastRelax: CMD: scale:fa_rep  -1127.35  0.230783  0.230783  0.30745
core.pack.task: Packer task: initialize from command line() 
core.pack.pack_rotamers: built 7131 rotamers at 492 positions.
core.pack.interaction_graph.interaction_graph_factory: Instantiating DensePDInteractionGraph
protocols.relax.FastRelax: CMD: repack  -1128.13  0.230783  0.230783  0.30745
protocols.relax.FastRelax: CMD: scale:fa_rep  -1113.58  0.230783  0.230783  0.31955
protocols.relax.FastRelax: CMD: min  -1303.64  2.34109  2.34109  0.31955
protocols.relax.FastRelax: CMD: coord_cst_weight  -1303.64  2.34109  2.34109  0.31955
protocols.relax.FastRelax: CMD: scale:fa_rep  -1094.72  2.34109  2.34109  0.55
core.pack.task: Packer task: initialize from command line() 
core.pack.pack_rotamers: built 6918 rotamers at 492 positions.
core.pack.interaction_graph.interaction_graph_factory: Instantiating DensePDInteractionGraph
protocols.relax.FastRelax: CMD: repack  -1097.44  2.34109  2.34109  0.55
protocols.relax.FastRelax: CMD: min  -1157.32  2.49594  2.49594  0.55
protocols.relax.FastRelax: MRP: 13  -1157.32  -1162.3  2.90719  2.90719  
protocols.relax.FastRelax: CMD: accept_to_best  -1157.32  2.49594  2.49594  0.55
protocols.relax.FastRelax: CMD: endrepeat  -1157.32  2.49594  2.49594  0.55
protocols.relax.FastRelax: CMD: coord_cst_weight  29730.5  2.49594  2.49594  0.55
protocols.relax.FastRelax: CMD: scale:fa_rep  29399.4  2.49594  2.49594  0.022
core.pack.task: Packer task: initialize from command line() 
core.pack.pack_rotamers: built 7772 rotamers at 492 positions.
core.pack.interaction_graph.interaction_graph_factory: Instantiating DensePDInteractionGraph
protocols.relax.FastRelax: CMD: repack  29382.3  2.49594  2.49594  0.022
protocols.relax.FastRelax: CMD: scale:fa_rep  29387.7  2.49594  2.49594  0.02805
core.optimization.Minimizer: [ WARNING ] LBFGS MAX CYCLES 2000 EXCEEDED, BUT FUNC NOT CONVERGED!
protocols.relax.FastRelax: CMD: min  -1296.68  0.179113  0.179113  0.02805
protocols.relax.FastRelax: CMD: coord_cst_weight  -1368.52  0.179113  0.179113  0.02805
protocols.relax.FastRelax: CMD: scale:fa_rep  -1033.79  0.179113  0.179113  0.14575
core.pack.task: Packer task: initialize from command line() 
core.pack.pack_rotamers: built 7357 rotamers at 492 positions.
core.pack.interaction_graph.interaction_graph_factory: Instantiating DensePDInteractionGraph
protocols.relax.FastRelax: CMD: repack  -1061.86  0.179113  0.179113  0.14575
protocols.relax.FastRelax: CMD: scale:fa_rep  -1040.71  0.179113  0.179113  0.154
protocols.relax.FastRelax: CMD: min  -1198.27  0.23097  0.23097  0.154
protocols.relax.FastRelax: CMD: coord_cst_weight  -1316.26  0.23097  0.23097  0.154
protocols.relax.FastRelax: CMD: scale:fa_rep  -1131.24  0.23097  0.23097  0.30745
core.pack.task: Packer task: initialize from command line() 
core.pack.pack_rotamers: built 7109 rotamers at 492 positions.
core.pack.interaction_graph.interaction_graph_factory: Instantiating DensePDInteractionGraph
protocols.relax.FastRelax: CMD: repack  -1131.33  0.23097  0.23097  0.30745
protocols.relax.FastRelax: CMD: scale:fa_rep  -1116.79  0.23097  0.23097  0.31955
protocols.relax.FastRelax: CMD: min  -1312.54  2.63229  2.63229  0.31955
protocols.relax.FastRelax: CMD: coord_cst_weight  -1312.54  2.63229  2.63229  0.31955
protocols.relax.FastRelax: CMD: scale:fa_rep  -1104.5  2.63229  2.63229  0.55
core.pack.task: Packer task: initialize from command line() 
core.pack.pack_rotamers: built 6929 rotamers at 492 positions.
core.pack.interaction_graph.interaction_graph_factory: Instantiating DensePDInteractionGraph
protocols.relax.FastRelax: CMD: repack  -1105.9  2.63229  2.63229  0.55
protocols.relax.FastRelax: CMD: min  -1163.48  2.83789  2.83789  0.55
protocols.relax.FastRelax: MRP: 14  -1163.48  -1163.48  2.83789  2.83789  
protocols.relax.FastRelax: CMD: accept_to_best  -1163.48  2.83789  2.83789  0.55
protocols.relax.FastRelax: CMD: endrepeat  -1163.48  2.83789  2.83789  0.55
protocols::checkpoint: Deleting checkpoints of FastRelax
protocols.jd2.JobDistributor: target.BL00010001_12_0005 reported success in 13752 seconds
protocols.jd2.PDBJobInputter: PDBJobInputter::pose_from_job
protocols.jd2.PDBJobInputter: filling pose from PDB ../1-modeller/target.BL00010001.pdb
core.import_pose.import_pose: File '../1-modeller/target.BL00010001.pdb' automatically determined to be of type PDB from contents.
core.io.rcsb.ExperimentalTechnique: [ ERROR ] Unrecognized experimental technique string 'THEORETICAL MODEL, MODELLER 10.8 2026/08/10 16:18:02'
protocols.relax.FastRelax: CMD: repeat  4476.34  0  0  0.55
protocols.relax.FastRelax: CMD: coord_cst_weight  4476.34  0  0  0.55
protocols.relax.FastRelax: CMD: scale:fa_rep  806.987  0  0  0.022
core.pack.task: Packer task: initialize from command line() 
core.pack.pack_rotamers: built 8129 rotamers at 492 positions.
core.pack.interaction_graph.interaction_graph_factory: Instantiating DensePDInteractionGraph
protocols.relax.FastRelax: CMD: repack  -876.184  0  0  0.022
protocols.relax.FastRelax: CMD: scale:fa_rep  -835.145  0  0  0.02805
core.optimization.Minimizer: [ WARNING ] LBFGS MAX CYCLES 2000 EXCEEDED, BUT FUNC NOT CONVERGED!
protocols.relax.FastRelax: CMD: min  -1292.13  0.149438  0.149438  0.02805
protocols.relax.FastRelax: CMD: coord_cst_weight  -1339.43  0.149438  0.149438  0.02805
protocols.relax.FastRelax: CMD: scale:fa_rep  -942.757  0.149438  0.149438  0.14575
core.pack.task: Packer task: initialize from command line() 
core.pack.pack_rotamers: built 7435 rotamers at 492 positions.
core.pack.interaction_graph.interaction_graph_factory: Instantiating DensePDInteractionGraph
protocols.relax.FastRelax: CMD: repack  -982.423  0.149438  0.149438  0.14575
protocols.relax.FastRelax: CMD: scale:fa_rep  -960.306  0.149438  0.149438  0.154
protocols.relax.FastRelax: CMD: min  -1159.55  0.206605  0.206605  0.154
protocols.relax.FastRelax: CMD: coord_cst_weight  -1249.91  0.206605  0.206605  0.154
protocols.relax.FastRelax: CMD: scale:fa_rep  -1057.35  0.206605  0.206605  0.30745
core.pack.task: Packer task: initialize from command line() 
core.pack.pack_rotamers: built 7191 rotamers at 492 positions.
core.pack.interaction_graph.interaction_graph_factory: Instantiating DensePDInteractionGraph
protocols.relax.FastRelax: CMD: repack  -1056.79  0.206605  0.206605  0.30745
protocols.relax.FastRelax: CMD: scale:fa_rep  -1041.66  0.206605  0.206605  0.31955
protocols.relax.FastRelax: CMD: min  -1247.13  2.86777  2.86777  0.31955
protocols.relax.FastRelax: CMD: coord_cst_weight  -1247.13  2.86777  2.86777  0.31955
protocols.relax.FastRelax: CMD: scale:fa_rep  -1036.87  2.86777  2.86777  0.55
core.pack.task: Packer task: initialize from command line() 
core.pack.pack_rotamers: built 6942 rotamers at 492 positions.
core.pack.interaction_graph.interaction_graph_factory: Instantiating DensePDInteractionGraph
protocols.relax.FastRelax: CMD: repack  -1042.67  2.86777  2.86777  0.55
protocols.relax.FastRelax: CMD: min  -1104.18  3.29325  3.29325  0.55
protocols.relax.FastRelax: MRP: 0  -1104.18  -1104.18  3.29325  3.29325  
protocols.relax.FastRelax: CMD: accept_to_best  -1104.18  3.29325  3.29325  0.55
protocols.relax.FastRelax: CMD: endrepeat  -1104.18  3.29325  3.29325  0.55
protocols.relax.FastRelax: CMD: coord_cst_weight  121875  3.29325  3.29325  0.55
protocols.relax.FastRelax: CMD: scale:fa_rep  121537  3.29325  3.29325  0.022
core.pack.task: Packer task: initialize from command line() 
core.pack.pack_rotamers: built 7766 rotamers at 492 positions.
core.pack.interaction_graph.interaction_graph_factory: Instantiating DensePDInteractionGraph
protocols.relax.FastRelax: CMD: repack  121512  3.29325  3.29325  0.022
protocols.relax.FastRelax: CMD: scale:fa_rep  121524  3.29325  3.29325  0.02805
core.optimization.Minimizer: [ WARNING ] LBFGS MAX CYCLES 2000 EXCEEDED, BUT FUNC NOT CONVERGED!
protocols.relax.FastRelax: CMD: min  -1267.47  0.173569  0.173569  0.02805
protocols.relax.FastRelax: CMD: coord_cst_weight  -1331.87  0.173569  0.173569  0.02805
protocols.relax.FastRelax: CMD: scale:fa_rep  -969.054  0.173569  0.173569  0.14575
core.pack.task: Packer task: initialize from command line() 
core.pack.pack_rotamers: built 7351 rotamers at 492 positions.
core.pack.interaction_graph.interaction_graph_factory: Instantiating DensePDInteractionGraph
protocols.relax.FastRelax: CMD: repack  -1030.92  0.173569  0.173569  0.14575
protocols.relax.FastRelax: CMD: scale:fa_rep  -1010.06  0.173569  0.173569  0.154
protocols.relax.FastRelax: CMD: min  -1180.37  0.214926  0.214926  0.154
protocols.relax.FastRelax: CMD: coord_cst_weight  -1280.65  0.214926  0.214926  0.154
protocols.relax.FastRelax: CMD: scale:fa_rep  -1094.03  0.214926  0.214926  0.30745
core.pack.task: Packer task: initialize from command line() 
core.pack.pack_rotamers: built 7118 rotamers at 492 positions.
core.pack.interaction_graph.interaction_graph_factory: Instantiating DensePDInteractionGraph
protocols.relax.FastRelax: CMD: repack  -1095.85  0.214926  0.214926  0.30745
protocols.relax.FastRelax: CMD: scale:fa_rep  -1081.41  0.214926  0.214926  0.31955
protocols.relax.FastRelax: CMD: min  -1276.79  3.22038  3.22038  0.31955
protocols.relax.FastRelax: CMD: coord_cst_weight  -1276.79  3.22038  3.22038  0.31955
protocols.relax.FastRelax: CMD: scale:fa_rep  -1068.25  3.22038  3.22038  0.55
core.pack.task: Packer task: initialize from command line() 
core.pack.pack_rotamers: built 6989 rotamers at 492 positions.
core.pack.interaction_graph.interaction_graph_factory: Instantiating DensePDInteractionGraph
protocols.relax.FastRelax: CMD: repack  -1072.82  3.22038  3.22038  0.55
protocols.relax.FastRelax: CMD: min  -1130.56  3.39756  3.39756  0.55
protocols.relax.FastRelax: MRP: 1  -1130.56  -1130.56  3.39756  3.39756  
protocols.relax.FastRelax: CMD: accept_to_best  -1130.56  3.39756  3.39756  0.55
protocols.relax.FastRelax: CMD: endrepeat  -1130.56  3.39756  3.39756  0.55
protocols.relax.FastRelax: CMD: coord_cst_weight  75763.9  3.39756  3.39756  0.55
protocols.relax.FastRelax: CMD: scale:fa_rep  75436.4  3.39756  3.39756  0.022
core.pack.task: Packer task: initialize from command line() 
core.pack.pack_rotamers: built 7788 rotamers at 492 positions.
core.pack.interaction_graph.interaction_graph_factory: Instantiating DensePDInteractionGraph
protocols.relax.FastRelax: CMD: repack  75409.7  3.39756  3.39756  0.022
protocols.relax.FastRelax: CMD: scale:fa_rep  75417.7  3.39756  3.39756  0.02805
core.optimization.Minimizer: [ WARNING ] LBFGS MAX CYCLES 2000 EXCEEDED, BUT FUNC NOT CONVERGED!
protocols.relax.FastRelax: CMD: min  -1276.89  0.175435  0.175435  0.02805
protocols.relax.FastRelax: CMD: coord_cst_weight  -1344  0.175435  0.175435  0.02805
protocols.relax.FastRelax: CMD: scale:fa_rep  -1017.18  0.175435  0.175435  0.14575
core.pack.task: Packer task: initialize from command line() 
core.pack.pack_rotamers: built 7389 rotamers at 492 positions.
core.pack.interaction_graph.interaction_graph_factory: Instantiating DensePDInteractionGraph
protocols.relax.FastRelax: CMD: repack  -1046.54  0.175435  0.175435  0.14575
protocols.relax.FastRelax: CMD: scale:fa_rep  -1025.91  0.175435  0.175435  0.154
protocols.relax.FastRelax: CMD: min  -1189.43  0.21607  0.21607  0.154
protocols.relax.FastRelax: CMD: coord_cst_weight  -1291.89  0.21607  0.21607  0.154
protocols.relax.FastRelax: CMD: scale:fa_rep  -1107.97  0.21607  0.21607  0.30745
core.pack.task: Packer task: initialize from command line() 
core.pack.pack_rotamers: built 7195 rotamers at 492 positions.
core.pack.interaction_graph.interaction_graph_factory: Instantiating DensePDInteractionGraph
protocols.relax.FastRelax: CMD: repack  -1108.19  0.21607  0.21607  0.30745
protocols.relax.FastRelax: CMD: scale:fa_rep  -1093.78  0.21607  0.21607  0.31955
protocols.relax.FastRelax: CMD: min  -1298.67  2.7846  2.7846  0.31955
protocols.relax.FastRelax: CMD: coord_cst_weight  -1298.67  2.7846  2.7846  0.31955
protocols.relax.FastRelax: CMD: scale:fa_rep  -1091.58  2.7846  2.7846  0.55
core.pack.task: Packer task: initialize from command line() 
core.pack.pack_rotamers: built 6986 rotamers at 492 positions.
core.pack.interaction_graph.interaction_graph_factory: Instantiating DensePDInteractionGraph
protocols.relax.FastRelax: CMD: repack  -1092.19  2.7846  2.7846  0.55
protocols.relax.FastRelax: CMD: min  -1146.59  2.7311  2.7311  0.55
protocols.relax.FastRelax: MRP: 2  -1146.59  -1146.59  2.7311  2.7311  
protocols.relax.FastRelax: CMD: accept_to_best  -1146.59  2.7311  2.7311  0.55
protocols.relax.FastRelax: CMD: endrepeat  -1146.59  2.7311  2.7311  0.55
protocols.relax.FastRelax: CMD: coord_cst_weight  58684.1  2.7311  2.7311  0.55
protocols.relax.FastRelax: CMD: scale:fa_rep  58355  2.7311  2.7311  0.022
core.pack.task: Packer task: initialize from command line() 
core.pack.pack_rotamers: built 7771 rotamers at 492 positions.
core.pack.interaction_graph.interaction_graph_factory: Instantiating DensePDInteractionGraph
protocols.relax.FastRelax: CMD: repack  58326.8  2.7311  2.7311  0.022
protocols.relax.FastRelax: CMD: scale:fa_rep  58333.4  2.7311  2.7311  0.02805
core.optimization.Minimizer: [ WARNING ] LBFGS MAX CYCLES 2000 EXCEEDED, BUT FUNC NOT CONVERGED!
protocols.relax.FastRelax: CMD: min  -1287.8  0.17439  0.17439  0.02805
protocols.relax.FastRelax: CMD: coord_cst_weight  -1354.07  0.17439  0.17439  0.02805
protocols.relax.FastRelax: CMD: scale:fa_rep  -1021.91  0.17439  0.17439  0.14575
core.pack.task: Packer task: initialize from command line() 
core.pack.pack_rotamers: built 7382 rotamers at 492 positions.
core.pack.interaction_graph.interaction_graph_factory: Instantiating DensePDInteractionGraph
protocols.relax.FastRelax: CMD: repack  -1040.98  0.17439  0.17439  0.14575
protocols.relax.FastRelax: CMD: scale:fa_rep  -1019.93  0.17439  0.17439  0.154
protocols.relax.FastRelax: CMD: min  -1179.68  0.219947  0.219947  0.154
protocols.relax.FastRelax: CMD: coord_cst_weight  -1285.5  0.219947  0.219947  0.154
protocols.relax.FastRelax: CMD: scale:fa_rep  -1098.47  0.219947  0.219947  0.30745
core.pack.task: Packer task: initialize from command line() 
core.pack.pack_rotamers: built 7153 rotamers at 492 positions.
core.pack.interaction_graph.interaction_graph_factory: Instantiating DensePDInteractionGraph
protocols.relax.FastRelax: CMD: repack  -1101.01  0.219947  0.219947  0.30745
protocols.relax.FastRelax: CMD: scale:fa_rep  -1086.48  0.219947  0.219947  0.31955
protocols.relax.FastRelax: CMD: min  -1306.82  2.38843  2.38843  0.31955
protocols.relax.FastRelax: CMD: coord_cst_weight  -1306.82  2.38843  2.38843  0.31955
protocols.relax.FastRelax: CMD: scale:fa_rep  -1101.92  2.38843  2.38843  0.55
core.pack.task: Packer task: initialize from command line() 
core.pack.pack_rotamers: built 7001 rotamers at 492 positions.
core.pack.interaction_graph.interaction_graph_factory: Instantiating DensePDInteractionGraph
protocols.relax.FastRelax: CMD: repack  -1103.11  2.38843  2.38843  0.55
protocols.relax.FastRelax: CMD: min  -1153.67  2.48219  2.48219  0.55
protocols.relax.FastRelax: MRP: 3  -1153.67  -1153.67  2.48219  2.48219  
protocols.relax.FastRelax: CMD: accept_to_best  -1153.67  2.48219  2.48219  0.55
protocols.relax.FastRelax: CMD: endrepeat  -1153.67  2.48219  2.48219  0.55
protocols.relax.FastRelax: CMD: coord_cst_weight  51157.9  2.48219  2.48219  0.55
protocols.relax.FastRelax: CMD: scale:fa_rep  50829.2  2.48219  2.48219  0.022
core.pack.task: Packer task: initialize from command line() 
core.pack.pack_rotamers: built 7726 rotamers at 492 positions.
core.pack.interaction_graph.interaction_graph_factory: Instantiating DensePDInteractionGraph
protocols.relax.FastRelax: CMD: repack  50802.6  2.48219  2.48219  0.022
protocols.relax.FastRelax: CMD: scale:fa_rep  50809  2.48219  2.48219  0.02805
core.optimization.Minimizer: [ WARNING ] LBFGS MAX CYCLES 2000 EXCEEDED, BUT FUNC NOT CONVERGED!
protocols.relax.FastRelax: CMD: min  -1291.08  0.175566  0.175566  0.02805
protocols.relax.FastRelax: CMD: coord_cst_weight  -1358.41  0.175566  0.175566  0.02805
protocols.relax.FastRelax: CMD: scale:fa_rep  -1016.64  0.175566  0.175566  0.14575
core.pack.task: Packer task: initialize from command line() 
core.pack.pack_rotamers: built 7310 rotamers at 492 positions.
core.pack.interaction_graph.interaction_graph_factory: Instantiating DensePDInteractionGraph
protocols.relax.FastRelax: CMD: repack  -1041.92  0.175566  0.175566  0.14575
protocols.relax.FastRelax: CMD: scale:fa_rep  -1020.43  0.175566  0.175566  0.154
protocols.relax.FastRelax: CMD: min  -1184.56  0.218081  0.218081  0.154
protocols.relax.FastRelax: CMD: coord_cst_weight  -1290.23  0.218081  0.218081  0.154
protocols.relax.FastRelax: CMD: scale:fa_rep  -1103  0.218081  0.218081  0.30745
core.pack.task: Packer task: initialize from command line() 
core.pack.pack_rotamers: built 7144 rotamers at 492 positions.
core.pack.interaction_graph.interaction_graph_factory: Instantiating DensePDInteractionGraph
protocols.relax.FastRelax: CMD: repack  -1104.14  0.218081  0.218081  0.30745
protocols.relax.FastRelax: CMD: scale:fa_rep  -1089.57  0.218081  0.218081  0.31955
protocols.relax.FastRelax: CMD: min  -1305.1  2.42003  2.42003  0.31955
protocols.relax.FastRelax: CMD: coord_cst_weight  -1305.1  2.42003  2.42003  0.31955
protocols.relax.FastRelax: CMD: scale:fa_rep  -1101  2.42003  2.42003  0.55
core.pack.task: Packer task: initialize from command line() 
core.pack.pack_rotamers: built 7020 rotamers at 492 positions.
core.pack.interaction_graph.interaction_graph_factory: Instantiating DensePDInteractionGraph
protocols.relax.FastRelax: CMD: repack  -1105.64  2.42003  2.42003  0.55
protocols.relax.FastRelax: CMD: min  -1139.52  2.35084  2.35084  0.55
protocols.relax.FastRelax: MRP: 4  -1139.52  -1153.67  2.48219  2.48219  
protocols.relax.FastRelax: CMD: accept_to_best  -1139.52  2.35084  2.35084  0.55
protocols.relax.FastRelax: CMD: endrepeat  -1139.52  2.35084  2.35084  0.55
protocols.relax.FastRelax: CMD: coord_cst_weight  45432.6  2.35084  2.35084  0.55
protocols.relax.FastRelax: CMD: scale:fa_rep  45091.2  2.35084  2.35084  0.022
core.pack.task: Packer task: initialize from command line() 
core.pack.pack_rotamers: built 7827 rotamers at 492 positions.
core.pack.interaction_graph.interaction_graph_factory: Instantiating DensePDInteractionGraph
protocols.relax.FastRelax: CMD: repack  45077.3  2.35084  2.35084  0.022
protocols.relax.FastRelax: CMD: scale:fa_rep  45086  2.35084  2.35084  0.02805
core.optimization.Minimizer: [ WARNING ] LBFGS MAX CYCLES 2000 EXCEEDED, BUT FUNC NOT CONVERGED!
protocols.relax.FastRelax: CMD: min  -1263.45  0.191075  0.191075  0.02805
protocols.relax.FastRelax: CMD: coord_cst_weight  -1339.43  0.191075  0.191075  0.02805
protocols.relax.FastRelax: CMD: scale:fa_rep  -972.791  0.191075  0.191075  0.14575
core.pack.task: Packer task: initialize from command line() 
core.pack.pack_rotamers: built 7367 rotamers at 492 positions.
core.pack.interaction_graph.interaction_graph_factory: Instantiating DensePDInteractionGraph
protocols.relax.FastRelax: CMD: repack  -1010.81  0.191075  0.191075  0.14575
protocols.relax.FastRelax: CMD: scale:fa_rep  -988.274  0.191075  0.191075  0.154
protocols.relax.FastRelax: CMD: min  -1178.41  0.229174  0.229174  0.154
protocols.relax.FastRelax: CMD: coord_cst_weight  -1291.49  0.229174  0.229174  0.154
protocols.relax.FastRelax: CMD: scale:fa_rep  -1105.1  0.229174  0.229174  0.30745
core.pack.task: Packer task: initialize from command line() 
core.pack.pack_rotamers: built 7191 rotamers at 492 positions.
core.pack.interaction_graph.interaction_graph_factory: Instantiating DensePDInteractionGraph
protocols.relax.FastRelax: CMD: repack  -1105.18  0.229174  0.229174  0.30745
protocols.relax.FastRelax: CMD: scale:fa_rep  -1090.7  0.229174  0.229174  0.31955
protocols.relax.FastRelax: CMD: min  -1303.64  2.80374  2.80374  0.31955
protocols.relax.FastRelax: CMD: coord_cst_weight  -1303.64  2.80374  2.80374  0.31955
protocols.relax.FastRelax: CMD: scale:fa_rep  -1097.82  2.80374  2.80374  0.55
core.pack.task: Packer task: initialize from command line() 
core.pack.pack_rotamers: built 7018 rotamers at 492 positions.
core.pack.interaction_graph.interaction_graph_factory: Instantiating DensePDInteractionGraph
protocols.relax.FastRelax: CMD: repack  -1099.16  2.80374  2.80374  0.55
protocols.relax.FastRelax: CMD: min  -1147.09  2.81006  2.81006  0.55
protocols.relax.FastRelax: MRP: 5  -1147.09  -1153.67  2.48219  2.48219  
protocols.relax.FastRelax: CMD: accept_to_best  -1147.09  2.81006  2.81006  0.55
protocols.relax.FastRelax: CMD: endrepeat  -1147.09  2.81006  2.81006  0.55
protocols.relax.FastRelax: CMD: coord_cst_weight  45844.6  2.81006  2.81006  0.55
protocols.relax.FastRelax: CMD: scale:fa_rep  45513.7  2.81006  2.81006  0.022
core.pack.task: Packer task: initialize from command line() 
core.pack.pack_rotamers: built 7769 rotamers at 492 positions.
core.pack.interaction_graph.interaction_graph_factory: Instantiating DensePDInteractionGraph
protocols.relax.FastRelax: CMD: repack  45494.1  2.81006  2.81006  0.022
protocols.relax.FastRelax: CMD: scale:fa_rep  45500.8  2.81006  2.81006  0.02805
core.optimization.Minimizer: [ WARNING ] LBFGS MAX CYCLES 2000 EXCEEDED, BUT FUNC NOT CONVERGED!
protocols.relax.FastRelax: CMD: min  -1271.7  0.181583  0.181583  0.02805
protocols.relax.FastRelax: CMD: coord_cst_weight  -1343  0.181583  0.181583  0.02805
protocols.relax.FastRelax: CMD: scale:fa_rep  -996.187  0.181583  0.181583  0.14575
core.pack.task: Packer task: initialize from command line() 
core.pack.pack_rotamers: built 7343 rotamers at 492 positions.
core.pack.interaction_graph.interaction_graph_factory: Instantiating DensePDInteractionGraph
protocols.relax.FastRelax: CMD: repack  -1036.41  0.181583  0.181583  0.14575
protocols.relax.FastRelax: CMD: scale:fa_rep  -1014.84  0.181583  0.181583  0.154
protocols.relax.FastRelax: CMD: min  -1184.26  0.222212  0.222212  0.154
protocols.relax.FastRelax: CMD: coord_cst_weight  -1293.59  0.222212  0.222212  0.154
protocols.relax.FastRelax: CMD: scale:fa_rep  -1108.76  0.222212  0.222212  0.30745
core.pack.task: Packer task: initialize from command line() 
core.pack.pack_rotamers: built 7132 rotamers at 492 positions.
core.pack.interaction_graph.interaction_graph_factory: Instantiating DensePDInteractionGraph
protocols.relax.FastRelax: CMD: repack  -1111.8  0.222212  0.222212  0.30745
protocols.relax.FastRelax: CMD: scale:fa_rep  -1097.35  0.222212  0.222212  0.31955
protocols.relax.FastRelax: CMD: min  -1285.36  3.00714  3.00714  0.31955
protocols.relax.FastRelax: CMD: coord_cst_weight  -1285.36  3.00714  3.00714  0.31955
protocols.relax.FastRelax: CMD: scale:fa_rep  -1067.98  3.00714  3.00714  0.55
core.pack.task: Packer task: initialize from command line() 
core.pack.pack_rotamers: built 7022 rotamers at 492 positions.
core.pack.interaction_graph.interaction_graph_factory: Instantiating DensePDInteractionGraph
protocols.relax.FastRelax: CMD: repack  -1101.83  3.00714  3.00714  0.55
protocols.relax.FastRelax: CMD: min  -1156.52  3.04309  3.04309  0.55
protocols.relax.FastRelax: MRP: 6  -1156.52  -1156.52  3.04309  3.04309  
protocols.relax.FastRelax: CMD: accept_to_best  -1156.52  3.04309  3.04309  0.55
protocols.relax.FastRelax: CMD: endrepeat  -1156.52  3.04309  3.04309  0.55
protocols.relax.FastRelax: CMD: coord_cst_weight  48321.4  3.04309  3.04309  0.55
protocols.relax.FastRelax: CMD: scale:fa_rep  47995.4  3.04309  3.04309  0.022
core.pack.task: Packer task: initialize from command line() 
core.pack.pack_rotamers: built 7736 rotamers at 492 positions.
core.pack.interaction_graph.interaction_graph_factory: Instantiating DensePDInteractionGraph
protocols.relax.FastRelax: CMD: repack  47970.4  3.04309  3.04309  0.022
protocols.relax.FastRelax: CMD: scale:fa_rep  47979.5  3.04309  3.04309  0.02805
core.optimization.Minimizer: [ WARNING ] LBFGS MAX CYCLES 2000 EXCEEDED, BUT FUNC NOT CONVERGED!
protocols.relax.FastRelax: CMD: min  -1261.4  0.192479  0.192479  0.02805
protocols.relax.FastRelax: CMD: coord_cst_weight  -1338.93  0.192479  0.192479  0.02805
protocols.relax.FastRelax: CMD: scale:fa_rep  -980.256  0.192479  0.192479  0.14575
core.pack.task: Packer task: initialize from command line() 
core.pack.pack_rotamers: built 7375 rotamers at 492 positions.
core.pack.interaction_graph.interaction_graph_factory: Instantiating DensePDInteractionGraph
protocols.relax.FastRelax: CMD: repack  -1018.38  0.192479  0.192479  0.14575
protocols.relax.FastRelax: CMD: scale:fa_rep  -996.067  0.192479  0.192479  0.154
protocols.relax.FastRelax: CMD: min  -1178.83  0.229127  0.229127  0.154
protocols.relax.FastRelax: CMD: coord_cst_weight  -1292.25  0.229127  0.229127  0.154
protocols.relax.FastRelax: CMD: scale:fa_rep  -1106.32  0.229127  0.229127  0.30745
core.pack.task: Packer task: initialize from command line() 
core.pack.pack_rotamers: built 7188 rotamers at 492 positions.
core.pack.interaction_graph.interaction_graph_factory: Instantiating DensePDInteractionGraph
protocols.relax.FastRelax: CMD: repack  -1106.6  0.229127  0.229127  0.30745
protocols.relax.FastRelax: CMD: scale:fa_rep  -1092.01  0.229127  0.229127  0.31955
protocols.relax.FastRelax: CMD: min  -1295.05  2.59529  2.59529  0.31955
protocols.relax.FastRelax: CMD: coord_cst_weight  -1295.05  2.59529  2.59529  0.31955
protocols.relax.FastRelax: CMD: scale:fa_rep  -1089.69  2.59529  2.59529  0.55
core.pack.task: Packer task: initialize from command line() 
core.pack.pack_rotamers: built 6970 rotamers at 492 positions.
core.pack.interaction_graph.interaction_graph_factory: Instantiating DensePDInteractionGraph
protocols.relax.FastRelax: CMD: repack  -1090.65  2.59529  2.59529  0.55
protocols.relax.FastRelax: CMD: min  -1144.29  3.12718  3.12718  0.55
protocols.relax.FastRelax: MRP: 7  -1144.29  -1156.52  3.04309  3.04309  
protocols.relax.FastRelax: CMD: accept_to_best  -1144.29  3.12718  3.12718  0.55
protocols.relax.FastRelax: CMD: endrepeat  -1144.29  3.12718  3.12718  0.55
protocols.relax.FastRelax: CMD: coord_cst_weight  45275.5  3.12718  3.12718  0.55
protocols.relax.FastRelax: CMD: scale:fa_rep  44945.6  3.12718  3.12718  0.022
core.pack.task: Packer task: initialize from command line() 
core.pack.pack_rotamers: built 7780 rotamers at 492 positions.
core.pack.interaction_graph.interaction_graph_factory: Instantiating DensePDInteractionGraph
protocols.relax.FastRelax: CMD: repack  44926.6  3.12718  3.12718  0.022
protocols.relax.FastRelax: CMD: scale:fa_rep  44935.8  3.12718  3.12718  0.02805
core.optimization.Minimizer: [ WARNING ] LBFGS MAX CYCLES 2000 EXCEEDED, BUT FUNC NOT CONVERGED!
protocols.relax.FastRelax: CMD: min  -1274.23  0.183898  0.183898  0.02805
protocols.relax.FastRelax: CMD: coord_cst_weight  -1346.41  0.183898  0.183898  0.02805
protocols.relax.FastRelax: CMD: scale:fa_rep  -975.216  0.183898  0.183898  0.14575
core.pack.task: Packer task: initialize from command line() 
core.pack.pack_rotamers: built 7374 rotamers at 492 positions.
core.pack.interaction_graph.interaction_graph_factory: Instantiating DensePDInteractionGraph
protocols.relax.FastRelax: CMD: repack  -1037.27  0.183898  0.183898  0.14575
protocols.relax.FastRelax: CMD: scale:fa_rep  -1016.1  0.183898  0.183898  0.154
protocols.relax.FastRelax: CMD: min  -1182.33  0.228022  0.228022  0.154
protocols.relax.FastRelax: CMD: coord_cst_weight  -1294.86  0.228022  0.228022  0.154
protocols.relax.FastRelax: CMD: scale:fa_rep  -1109.46  0.228022  0.228022  0.30745
core.pack.task: Packer task: initialize from command line() 
core.pack.pack_rotamers: built 7141 rotamers at 492 positions.
core.pack.interaction_graph.interaction_graph_factory: Instantiating DensePDInteractionGraph
protocols.relax.FastRelax: CMD: repack  -1110.38  0.228022  0.228022  0.30745
protocols.relax.FastRelax: CMD: scale:fa_rep  -1095.89  0.228022  0.228022  0.31955
protocols.relax.FastRelax: CMD: min  -1306.33  2.66353  2.66353  0.31955
protocols.relax.FastRelax: CMD: coord_cst_weight  -1306.33  2.66353  2.66353  0.31955
protocols.relax.FastRelax: CMD: scale:fa_rep  -1101.59  2.66353  2.66353  0.55
core.pack.task: Packer task: initialize from command line() 
core.pack.pack_rotamers: built 7070 rotamers at 492 positions.
core.pack.interaction_graph.interaction_graph_factory: Instantiating DensePDInteractionGraph
protocols.relax.FastRelax: CMD: repack  -1102.69  2.66353  2.66353  0.55
protocols.relax.FastRelax: CMD: min  -1149.78  3.0894  3.0894  0.55
protocols.relax.FastRelax: MRP: 8  -1149.78  -1156.52  3.04309  3.04309  
protocols.relax.FastRelax: CMD: accept_to_best  -1149.78  3.0894  3.0894  0.55
protocols.relax.FastRelax: CMD: endrepeat  -1149.78  3.0894  3.0894  0.55
protocols.relax.FastRelax: CMD: coord_cst_weight  41700.3  3.0894  3.0894  0.55
protocols.relax.FastRelax: CMD: scale:fa_rep  41371.5  3.0894  3.0894  0.022
core.pack.task: Packer task: initialize from command line() 
core.pack.pack_rotamers: built 7764 rotamers at 492 positions.
core.pack.interaction_graph.interaction_graph_factory: Instantiating DensePDInteractionGraph
protocols.relax.FastRelax: CMD: repack  41354.3  3.0894  3.0894  0.022
protocols.relax.FastRelax: CMD: scale:fa_rep  41360.3  3.0894  3.0894  0.02805
core.optimization.Minimizer: [ WARNING ] LBFGS MAX CYCLES 2000 EXCEEDED, BUT FUNC NOT CONVERGED!
protocols.relax.FastRelax: CMD: min  -1275.35  0.180408  0.180408  0.02805
protocols.relax.FastRelax: CMD: coord_cst_weight  -1345.99  0.180408  0.180408  0.02805
protocols.relax.FastRelax: CMD: scale:fa_rep  -1006.07  0.180408  0.180408  0.14575
core.pack.task: Packer task: initialize from command line() 
core.pack.pack_rotamers: built 7296 rotamers at 492 positions.
core.pack.interaction_graph.interaction_graph_factory: Instantiating DensePDInteractionGraph
protocols.relax.FastRelax: CMD: repack  -1037.55  0.180408  0.180408  0.14575
protocols.relax.FastRelax: CMD: scale:fa_rep  -1015.61  0.180408  0.180408  0.154
protocols.relax.FastRelax: CMD: min  -1181.95  0.227994  0.227994  0.154
protocols.relax.FastRelax: CMD: coord_cst_weight  -1294.72  0.227994  0.227994  0.154
protocols.relax.FastRelax: CMD: scale:fa_rep  -1102.33  0.227994  0.227994  0.30745
core.pack.task: Packer task: initialize from command line() 
core.pack.pack_rotamers: built 7169 rotamers at 492 positions.
core.pack.interaction_graph.interaction_graph_factory: Instantiating DensePDInteractionGraph
protocols.relax.FastRelax: CMD: repack  -1104.68  0.227994  0.227994  0.30745
protocols.relax.FastRelax: CMD: scale:fa_rep  -1089.87  0.227994  0.227994  0.31955
protocols.relax.FastRelax: CMD: min  -1312.58  2.654  2.654  0.31955
protocols.relax.FastRelax: CMD: coord_cst_weight  -1312.58  2.654  2.654  0.31955
protocols.relax.FastRelax: CMD: scale:fa_rep  -1107.74  2.654  2.654  0.55
core.pack.task: Packer task: initialize from command line() 
core.pack.pack_rotamers: built 7020 rotamers at 492 positions.
core.pack.interaction_graph.interaction_graph_factory: Instantiating DensePDInteractionGraph
protocols.relax.FastRelax: CMD: repack  -1109.76  2.654  2.654  0.55
protocols.relax.FastRelax: CMD: min  -1159.69  3.05665  3.05665  0.55
protocols.relax.FastRelax: MRP: 9  -1159.69  -1159.69  3.05665  3.05665  
protocols.relax.FastRelax: CMD: accept_to_best  -1159.69  3.05665  3.05665  0.55
protocols.relax.FastRelax: CMD: endrepeat  -1159.69  3.05665  3.05665  0.55
protocols.relax.FastRelax: CMD: coord_cst_weight  46219  3.05665  3.05665  0.55
protocols.relax.FastRelax: CMD: scale:fa_rep  45887  3.05665  3.05665  0.022
core.pack.task: Packer task: initialize from command line() 
core.pack.pack_rotamers: built 7726 rotamers at 492 positions.
core.pack.interaction_graph.interaction_graph_factory: Instantiating DensePDInteractionGraph
protocols.relax.FastRelax: CMD: repack  45873.4  3.05665  3.05665  0.022
protocols.relax.FastRelax: CMD: scale:fa_rep  45881.4  3.05665  3.05665  0.02805
core.optimization.Minimizer: [ WARNING ] LBFGS MAX CYCLES 2000 EXCEEDED, BUT FUNC NOT CONVERGED!
protocols.relax.FastRelax: CMD: min  -1290.42  0.178087  0.178087  0.02805
protocols.relax.FastRelax: CMD: coord_cst_weight  -1360.17  0.178087  0.178087  0.02805
protocols.relax.FastRelax: CMD: scale:fa_rep  -1010.38  0.178087  0.178087  0.14575
core.pack.task: Packer task: initialize from command line() 
core.pack.pack_rotamers: built 7380 rotamers at 492 positions.
core.pack.interaction_graph.interaction_graph_factory: Instantiating DensePDInteractionGraph
protocols.relax.FastRelax: CMD: repack  -1037.98  0.178087  0.178087  0.14575
protocols.relax.FastRelax: CMD: scale:fa_rep  -1016.09  0.178087  0.178087  0.154
protocols.relax.FastRelax: CMD: min  -1183.97  0.228997  0.228997  0.154
protocols.relax.FastRelax: CMD: coord_cst_weight  -1297.77  0.228997  0.228997  0.154
protocols.relax.FastRelax: CMD: scale:fa_rep  -1107.88  0.228997  0.228997  0.30745
core.pack.task: Packer task: initialize from command line() 
core.pack.pack_rotamers: built 7166 rotamers at 492 positions.
core.pack.interaction_graph.interaction_graph_factory: Instantiating DensePDInteractionGraph
protocols.relax.FastRelax: CMD: repack  -1109.51  0.228997  0.228997  0.30745
protocols.relax.FastRelax: CMD: scale:fa_rep  -1094.8  0.228997  0.228997  0.31955
protocols.relax.FastRelax: CMD: min  -1311.33  2.59566  2.59566  0.31955
protocols.relax.FastRelax: CMD: coord_cst_weight  -1311.33  2.59566  2.59566  0.31955
protocols.relax.FastRelax: CMD: scale:fa_rep  -1104.97  2.59566  2.59566  0.55
core.pack.task: Packer task: initialize from command line() 
core.pack.pack_rotamers: built 7029 rotamers at 492 positions.
core.pack.interaction_graph.interaction_graph_factory: Instantiating DensePDInteractionGraph
protocols.relax.FastRelax: CMD: repack  -1107.26  2.59566  2.59566  0.55
protocols.relax.FastRelax: CMD: min  -1162.04  2.97367  2.97367  0.55
protocols.relax.FastRelax: MRP: 10  -1162.04  -1162.04  2.97367  2.97367  
protocols.relax.FastRelax: CMD: accept_to_best  -1162.04  2.97367  2.97367  0.55
protocols.relax.FastRelax: CMD: endrepeat  -1162.04  2.97367  2.97367  0.55
protocols.relax.FastRelax: CMD: coord_cst_weight  37752.2  2.97367  2.97367  0.55
protocols.relax.FastRelax: CMD: scale:fa_rep  37418.6  2.97367  2.97367  0.022
core.pack.task: Packer task: initialize from command line() 
core.pack.pack_rotamers: built 7746 rotamers at 492 positions.
core.pack.interaction_graph.interaction_graph_factory: Instantiating DensePDInteractionGraph
protocols.relax.FastRelax: CMD: repack  37395  2.97367  2.97367  0.022
protocols.relax.FastRelax: CMD: scale:fa_rep  37401.1  2.97367  2.97367  0.02805
core.optimization.Minimizer: [ WARNING ] LBFGS MAX CYCLES 2000 EXCEEDED, BUT FUNC NOT CONVERGED!
protocols.relax.FastRelax: CMD: min  -1281.73  0.183622  0.183622  0.02805
protocols.relax.FastRelax: CMD: coord_cst_weight  -1355.48  0.183622  0.183622  0.02805
protocols.relax.FastRelax: CMD: scale:fa_rep  -1018.43  0.183622  0.183622  0.14575
core.pack.task: Packer task: initialize from command line() 
core.pack.pack_rotamers: built 7377 rotamers at 492 positions.
core.pack.interaction_graph.interaction_graph_factory: Instantiating DensePDInteractionGraph
protocols.relax.FastRelax: CMD: repack  -1046.38  0.183622  0.183622  0.14575
protocols.relax.FastRelax: CMD: scale:fa_rep  -1025.26  0.183622  0.183622  0.154
protocols.relax.FastRelax: CMD: min  -1188.67  0.225476  0.225476  0.154
protocols.relax.FastRelax: CMD: coord_cst_weight  -1300.38  0.225476  0.225476  0.154
protocols.relax.FastRelax: CMD: scale:fa_rep  -1112.66  0.225476  0.225476  0.30745
core.pack.task: Packer task: initialize from command line() 
core.pack.pack_rotamers: built 7165 rotamers at 492 positions.
core.pack.interaction_graph.interaction_graph_factory: Instantiating DensePDInteractionGraph
protocols.relax.FastRelax: CMD: repack  -1114.05  0.225476  0.225476  0.30745
protocols.relax.FastRelax: CMD: scale:fa_rep  -1099.55  0.225476  0.225476  0.31955
protocols.relax.FastRelax: CMD: min  -1314.53  2.73996  2.73996  0.31955
protocols.relax.FastRelax: CMD: coord_cst_weight  -1314.53  2.73996  2.73996  0.31955
protocols.relax.FastRelax: CMD: scale:fa_rep  -1110.6  2.73996  2.73996  0.55
core.pack.task: Packer task: initialize from command line() 
core.pack.pack_rotamers: built 7014 rotamers at 492 positions.
core.pack.interaction_graph.interaction_graph_factory: Instantiating DensePDInteractionGraph
protocols.relax.FastRelax: CMD: repack  -1111.79  2.73996  2.73996  0.55
protocols.relax.FastRelax: CMD: min  -1159.98  2.66614  2.66614  0.55
protocols.relax.FastRelax: MRP: 11  -1159.98  -1162.04  2.97367  2.97367  
protocols.relax.FastRelax: CMD: accept_to_best  -1159.98  2.66614  2.66614  0.55
protocols.relax.FastRelax: CMD: endrepeat  -1159.98  2.66614  2.66614  0.55
protocols.relax.FastRelax: CMD: coord_cst_weight  36471.7  2.66614  2.66614  0.55
protocols.relax.FastRelax: CMD: scale:fa_rep  36141.5  2.66614  2.66614  0.022
core.pack.task: Packer task: initialize from command line() 
core.pack.pack_rotamers: built 7744 rotamers at 492 positions.
core.pack.interaction_graph.interaction_graph_factory: Instantiating DensePDInteractionGraph
protocols.relax.FastRelax: CMD: repack  36125.1  2.66614  2.66614  0.022
protocols.relax.FastRelax: CMD: scale:fa_rep  36131.8  2.66614  2.66614  0.02805
core.optimization.Minimizer: [ WARNING ] LBFGS MAX CYCLES 2000 EXCEEDED, BUT FUNC NOT CONVERGED!
protocols.relax.FastRelax: CMD: min  -1291.76  0.178252  0.178252  0.02805
protocols.relax.FastRelax: CMD: coord_cst_weight  -1362.06  0.178252  0.178252  0.02805
protocols.relax.FastRelax: CMD: scale:fa_rep  -1022.87  0.178252  0.178252  0.14575
core.pack.task: Packer task: initialize from command line() 
core.pack.pack_rotamers: built 7363 rotamers at 492 positions.
core.pack.interaction_graph.interaction_graph_factory: Instantiating DensePDInteractionGraph
protocols.relax.FastRelax: CMD: repack  -1047.35  0.178252  0.178252  0.14575
protocols.relax.FastRelax: CMD: scale:fa_rep  -1025.81  0.178252  0.178252  0.154
protocols.relax.FastRelax: CMD: min  -1187.78  0.226401  0.226401  0.154
protocols.relax.FastRelax: CMD: coord_cst_weight  -1300.74  0.226401  0.226401  0.154
protocols.relax.FastRelax: CMD: scale:fa_rep  -1113.89  0.226401  0.226401  0.30745
core.pack.task: Packer task: initialize from command line() 
core.pack.pack_rotamers: built 7156 rotamers at 492 positions.
core.pack.interaction_graph.interaction_graph_factory: Instantiating DensePDInteractionGraph
protocols.relax.FastRelax: CMD: repack  -1115.05  0.226401  0.226401  0.30745
protocols.relax.FastRelax: CMD: scale:fa_rep  -1100.59  0.226401  0.226401  0.31955
protocols.relax.FastRelax: CMD: min  -1314.04  2.70166  2.70166  0.31955
protocols.relax.FastRelax: CMD: coord_cst_weight  -1314.04  2.70166  2.70166  0.31955
protocols.relax.FastRelax: CMD: scale:fa_rep  -1111.22  2.70166  2.70166  0.55
core.pack.task: Packer task: initialize from command line() 
core.pack.pack_rotamers: built 7023 rotamers at 492 positions.
core.pack.interaction_graph.interaction_graph_factory: Instantiating DensePDInteractionGraph
protocols.relax.FastRelax: CMD: repack  -1111.63  2.70166  2.70166  0.55
protocols.relax.FastRelax: CMD: min  -1165.28  2.76953  2.76953  0.55
protocols.relax.FastRelax: MRP: 12  -1165.28  -1165.28  2.76953  2.76953  
protocols.relax.FastRelax: CMD: accept_to_best  -1165.28  2.76953  2.76953  0.55
protocols.relax.FastRelax: CMD: endrepeat  -1165.28  2.76953  2.76953  0.55
protocols.relax.FastRelax: CMD: coord_cst_weight  35756.9  2.76953  2.76953  0.55
protocols.relax.FastRelax: CMD: scale:fa_rep  35427  2.76953  2.76953  0.022
core.pack.task: Packer task: initialize from command line() 
core.pack.pack_rotamers: built 7726 rotamers at 492 positions.
core.pack.interaction_graph.interaction_graph_factory: Instantiating DensePDInteractionGraph
protocols.relax.FastRelax: CMD: repack  35419.9  2.76953  2.76953  0.022
protocols.relax.FastRelax: CMD: scale:fa_rep  35430.4  2.76953  2.76953  0.02805
core.optimization.Minimizer: [ WARNING ] LBFGS MAX CYCLES 2000 EXCEEDED, BUT FUNC NOT CONVERGED!
protocols.relax.FastRelax: CMD: min  -1285.94  0.178904  0.178904  0.02805
protocols.relax.FastRelax: CMD: coord_cst_weight  -1356.33  0.178904  0.178904  0.02805
protocols.relax.FastRelax: CMD: scale:fa_rep  -1003.7  0.178904  0.178904  0.14575
core.pack.task: Packer task: initialize from command line() 
core.pack.pack_rotamers: built 7346 rotamers at 492 positions.
core.pack.interaction_graph.interaction_graph_factory: Instantiating DensePDInteractionGraph
protocols.relax.FastRelax: CMD: repack  -1040.64  0.178904  0.178904  0.14575
protocols.relax.FastRelax: CMD: scale:fa_rep  -1018.89  0.178904  0.178904  0.154
protocols.relax.FastRelax: CMD: min  -1191.46  0.226533  0.226533  0.154
protocols.relax.FastRelax: CMD: coord_cst_weight  -1303.95  0.226533  0.226533  0.154
protocols.relax.FastRelax: CMD: scale:fa_rep  -1118.87  0.226533  0.226533  0.30745
core.pack.task: Packer task: initialize from command line() 
core.pack.pack_rotamers: built 7155 rotamers at 492 positions.
core.pack.interaction_graph.interaction_graph_factory: Instantiating DensePDInteractionGraph
protocols.relax.FastRelax: CMD: repack  -1119.58  0.226533  0.226533  0.30745
protocols.relax.FastRelax: CMD: scale:fa_rep  -1105.24  0.226533  0.226533  0.31955
protocols.relax.FastRelax: CMD: min  -1313.85  2.78959  2.78959  0.31955
protocols.relax.FastRelax: CMD: coord_cst_weight  -1313.85  2.78959  2.78959  0.31955
protocols.relax.FastRelax: CMD: scale:fa_rep  -1110.36  2.78959  2.78959  0.55
core.pack.task: Packer task: initialize from command line() 
core.pack.pack_rotamers: built 6980 rotamers at 492 positions.
core.pack.interaction_graph.interaction_graph_factory: Instantiating DensePDInteractionGraph
protocols.relax.FastRelax: CMD: repack  -1111.5  2.78959  2.78959  0.55
protocols.relax.FastRelax: CMD: min  -1166.57  2.8326  2.8326  0.55
protocols.relax.FastRelax: MRP: 13  -1166.57  -1166.57  2.8326  2.8326  
protocols.relax.FastRelax: CMD: accept_to_best  -1166.57  2.8326  2.8326  0.55
protocols.relax.FastRelax: CMD: endrepeat  -1166.57  2.8326  2.8326  0.55
protocols.relax.FastRelax: CMD: coord_cst_weight  47742.2  2.8326  2.8326  0.55
protocols.relax.FastRelax: CMD: scale:fa_rep  47412.4  2.8326  2.8326  0.022
core.pack.task: Packer task: initialize from command line() 
core.pack.pack_rotamers: built 7652 rotamers at 492 positions.
core.pack.interaction_graph.interaction_graph_factory: Instantiating DensePDInteractionGraph
protocols.relax.FastRelax: CMD: repack  47395.2  2.8326  2.8326  0.022
protocols.relax.FastRelax: CMD: scale:fa_rep  47401.4  2.8326  2.8326  0.02805
core.optimization.Minimizer: [ WARNING ] LBFGS MAX CYCLES 2000 EXCEEDED, BUT FUNC NOT CONVERGED!
protocols.relax.FastRelax: CMD: min  -1288.41  0.176678  0.176678  0.02805
protocols.relax.FastRelax: CMD: coord_cst_weight  -1357.52  0.176678  0.176678  0.02805
protocols.relax.FastRelax: CMD: scale:fa_rep  -1023.55  0.176678  0.176678  0.14575
core.pack.task: Packer task: initialize from command line() 
core.pack.pack_rotamers: built 7368 rotamers at 492 positions.
core.pack.interaction_graph.interaction_graph_factory: Instantiating DensePDInteractionGraph
protocols.relax.FastRelax: CMD: repack  -1056.02  0.176678  0.176678  0.14575
protocols.relax.FastRelax: CMD: scale:fa_rep  -1034.88  0.176678  0.176678  0.154
protocols.relax.FastRelax: CMD: min  -1188.77  0.224255  0.224255  0.154
protocols.relax.FastRelax: CMD: coord_cst_weight  -1299.64  0.224255  0.224255  0.154
protocols.relax.FastRelax: CMD: scale:fa_rep  -1115.11  0.224255  0.224255  0.30745
core.pack.task: Packer task: initialize from command line() 
core.pack.pack_rotamers: built 7128 rotamers at 492 positions.
core.pack.interaction_graph.interaction_graph_factory: Instantiating DensePDInteractionGraph
protocols.relax.FastRelax: CMD: repack  -1115.72  0.224255  0.224255  0.30745
protocols.relax.FastRelax: CMD: scale:fa_rep  -1101.42  0.224255  0.224255  0.31955
protocols.relax.FastRelax: CMD: min  -1313.99  2.81271  2.81271  0.31955
protocols.relax.FastRelax: CMD: coord_cst_weight  -1313.99  2.81271  2.81271  0.31955
protocols.relax.FastRelax: CMD: scale:fa_rep  -1109.92  2.81271  2.81271  0.55
core.pack.task: Packer task: initialize from command line() 
core.pack.pack_rotamers: built 7018 rotamers at 492 positions.
core.pack.interaction_graph.interaction_graph_factory: Instantiating DensePDInteractionGraph
protocols.relax.FastRelax: CMD: repack  -1112.74  2.81271  2.81271  0.55
protocols.relax.FastRelax: CMD: min  -1166.11  3.10173  3.10173  0.55
protocols.relax.FastRelax: MRP: 14  -1166.11  -1166.57  2.8326  2.8326  
protocols.relax.FastRelax: CMD: accept_to_best  -1166.11  3.10173  3.10173  0.55
protocols.relax.FastRelax: CMD: endrepeat  -1166.11  3.10173  3.10173  0.55
protocols::checkpoint: Deleting checkpoints of FastRelax
protocols.jd2.JobDistributor: target.BL00010001_12_0006 reported success in 14492 seconds
protocols.jd2.JobDistributor: no more batches to process... 
protocols.jd2.JobDistributor: 6 jobs considered, 6 jobs attempted in 85139 seconds
basic.citation_manager.CitationManager: 
The following Rosetta modules were used during this run of Rosetta, and should be cited:

FastRelax Mover's citation(s):
*Tyka MD, *Keedy DA, André I, Dimaio F, Song Y, Richardson DC, Richardson JS, and Baker D.  (2011).  Alternate states of proteins revealed by detailed energy landscape mapping.  J Mol Biol 405(2):607-18.  doi: 10.1016/j.jmb.2010.11.008.  (*Co-primary authors.)

Khatib F, Cooper S, Tyka MD, Xu K, Makedon I, Popovic Z, Baker D, and Players F.  (2011).  Algorithm discovery by protein folding game players.  Proc Natl Acad Sci USA 108(47):18949-53.  doi: 10.1073/pnas.1115898108.

Maguire JB, Haddox HK, Strickland D, Halabiya SF, Coventry B, Griffin JR, Pulavarti SVSRK, Cummins M, Thieker DF, Klavins E, Szyperski T, DiMaio F, Baker D, and Kuhlman B.  (2021).  Perturbing the energy landscape for improved packing during computational protein design.  Proteins 89(4):436-449.  doi: 10.1002/prot.26030.


