********  (C) Copyright Rosetta Commons Member Institutions.  ***************
* Use of Rosetta for commercial purposes may require purchase of a license. *
********  See LICENSE.md or email license@uw.edu for more details. **********
core.init: Checking for fconfig files in pwd and ./rosetta/flags 
core.init: Rosetta version: rosetta.binary.ubuntu.release-408 r408 2025.37+release.df75a9c48e df75a9c48e763e52a7aa3f5dfba077f4da88dbf5 https://www.rosettacommons.org 2025-09-10T02:14:08.564791
core.init: Rosetta extras: []
core.init: command: /home/gbiuser/Downloads/rosetta.binary.ubuntu.release-408/main/source/bin/relax.default.linuxgccrelease -s ../1-modeller/target.BL00010001.pdb -relax:thorough -relax:constrain_relax_to_start_coords -constraints:cst_file cst.cst -nstruct 6 -out:suffix _5 -out:file:silent relax_5.silent -out:file:silent_struct_type binary
basic.random.init_random_generator: 'RNG device' seed mode, using '/dev/urandom', seed=1746141310 seed_offset=0 real_seed=1746141310
basic.random.init_random_generator: RandomGenerator:init: Normal mode, seed=1746141310 RG_type=mt19937
core.init: Resolved executable path: /home/gbiuser/Downloads/rosetta.binary.ubuntu.release-408/main/source/build/src/release/linux/6.8/64/x86/gcc/11/default/relax.default.linuxgccrelease
core.init: Looking for database based on location of executable: /home/gbiuser/Downloads/rosetta.binary.ubuntu.release-408/main/database/
core.scoring.ScoreFunctionFactory: SCOREFUNCTION: ref2015
core.scoring.etable: Starting energy table calculation
core.scoring.etable: smooth_etable: changing atr/rep split to bottom of energy well
core.scoring.etable: smooth_etable: spline smoothing lj etables (maxdis = 6)
core.scoring.etable: smooth_etable: spline smoothing solvation etables (max_dis = 6)
core.scoring.etable: Finished calculating energy tables.
basic.io.database: Database file opened: scoring/score_functions/hbonds/ref2015_params/HBPoly1D.csv
basic.io.database: Database file opened: scoring/score_functions/hbonds/ref2015_params/HBFadeIntervals.csv
basic.io.database: Database file opened: scoring/score_functions/hbonds/ref2015_params/HBEval.csv
basic.io.database: Database file opened: scoring/score_functions/hbonds/ref2015_params/DonStrength.csv
basic.io.database: Database file opened: scoring/score_functions/hbonds/ref2015_params/AccStrength.csv
core.chemical.GlobalResidueTypeSet: Finished initializing fa_standard residue type set.  Created 985 residue types
core.chemical.GlobalResidueTypeSet: Total time to initialize 1.27214 seconds.
basic.io.database: Database file opened: scoring/score_functions/rama/fd/all.ramaProb
basic.io.database: Database file opened: scoring/score_functions/rama/fd/prepro.ramaProb
basic.io.database: Database file opened: scoring/score_functions/omega/omega_ppdep.all.txt
basic.io.database: Database file opened: scoring/score_functions/omega/omega_ppdep.gly.txt
basic.io.database: Database file opened: scoring/score_functions/omega/omega_ppdep.pro.txt
basic.io.database: Database file opened: scoring/score_functions/omega/omega_ppdep.valile.txt
basic.io.database: Database file opened: scoring/score_functions/P_AA_pp/P_AA
basic.io.database: Database file opened: scoring/score_functions/P_AA_pp/P_AA_n
core.scoring.P_AA: shapovalov_lib::shap_p_aa_pp_smooth_level of 1( aka low_smooth ) got activated.
basic.io.database: Database file opened: scoring/score_functions/P_AA_pp/shapovalov/10deg/kappa131/a20.prop
protocols.relax.RelaxScriptManager: Reading relax scripts list from database.
protocols.relax.RelaxScriptManager: Looking for MonomerRelax2019.txt
protocols.relax.RelaxScriptManager: ================== Reading script file: /home/gbiuser/Downloads/rosetta.binary.ubuntu.release-408/main/database/sampling/relax_scripts/MonomerRelax2019.txt ==================
protocols.relax.RelaxScriptManager: repeat %%nrepeats%%
protocols.relax.RelaxScriptManager: coord_cst_weight 1.0
protocols.relax.RelaxScriptManager: scale:fa_rep 0.040
protocols.relax.RelaxScriptManager: repack
protocols.relax.RelaxScriptManager: scale:fa_rep 0.051
protocols.relax.RelaxScriptManager: min 0.01
protocols.relax.RelaxScriptManager: coord_cst_weight 0.5
protocols.relax.RelaxScriptManager: scale:fa_rep 0.265
protocols.relax.RelaxScriptManager: repack
protocols.relax.RelaxScriptManager: scale:fa_rep 0.280
protocols.relax.RelaxScriptManager: min 0.01
protocols.relax.RelaxScriptManager: coord_cst_weight 0.0
protocols.relax.RelaxScriptManager: scale:fa_rep 0.559
protocols.relax.RelaxScriptManager: repack
protocols.relax.RelaxScriptManager: scale:fa_rep 0.581
protocols.relax.RelaxScriptManager: min 0.01
protocols.relax.RelaxScriptManager: coord_cst_weight 0.0
protocols.relax.RelaxScriptManager: scale:fa_rep 1
protocols.relax.RelaxScriptManager: repack
protocols.relax.RelaxScriptManager: min 0.00001
protocols.relax.RelaxScriptManager: accept_to_best
protocols.relax.RelaxScriptManager: endrepeat
core.scoring.constraints.util: Constraint choice: cst.cst
protocols.jd2.PDBJobInputter: Instantiate PDBJobInputter
protocols.jd2.PDBJobInputter: PDBJobInputter::fill_jobs
protocols.jd2.PDBJobInputter: pushed ../1-modeller/target.BL00010001.pdb nstruct indices 1 - 6
protocols.evaluation.ChiWellRmsdEvaluatorCreator: Evaluation Creator active ... 
protocols.jd2.PDBJobInputter: PDBJobInputter::pose_from_job
protocols.jd2.PDBJobInputter: filling pose from PDB ../1-modeller/target.BL00010001.pdb
core.import_pose.import_pose: File '../1-modeller/target.BL00010001.pdb' automatically determined to be of type PDB from contents.
core.io.rcsb.ExperimentalTechnique: [ ERROR ] Unrecognized experimental technique string 'THEORETICAL MODEL, MODELLER 10.8 2026/08/10 16:18:02'
core.scoring.constraints.ConstraintsIO: read constraints from cst.cst
core.scoring.constraints.ConstraintsIO: Read in 14 constraints
basic.io.database: Database file opened: scoring/score_functions/elec_cp_reps.dat
core.scoring.elec.util: Read 40 countpair representative atoms
core.pack.dunbrack.RotamerLibrary: shapovalov_lib_fixes_enable option is true.
core.pack.dunbrack.RotamerLibrary: shapovalov_lib::shap_dun10_smooth_level of 1( aka lowest_smooth ) got activated.
core.pack.dunbrack.RotamerLibrary: Binary rotamer library selected: /home/gbiuser/Downloads/rosetta.binary.ubuntu.release-408/main/database/rotamer/shapovalov/StpDwn_0-0-0/Dunbrack10.lib.bin
core.pack.dunbrack.RotamerLibrary: Using Dunbrack library binary file '/home/gbiuser/Downloads/rosetta.binary.ubuntu.release-408/main/database/rotamer/shapovalov/StpDwn_0-0-0/Dunbrack10.lib.bin'.
core.pack.dunbrack.RotamerLibrary: Dunbrack 2010 library took 0.368004 seconds to load from binary
protocols.relax.FastRelax: CMD: repeat  4476.34  0  0  0.55
protocols.relax.FastRelax: CMD: coord_cst_weight  4476.34  0  0  0.55
protocols.relax.FastRelax: CMD: scale:fa_rep  806.987  0  0  0.022
core.pack.task: Packer task: initialize from command line() 
core.pack.pack_rotamers: built 8129 rotamers at 492 positions.
core.pack.interaction_graph.interaction_graph_factory: Instantiating DensePDInteractionGraph
protocols.relax.FastRelax: CMD: repack  -875.351  0  0  0.022
protocols.relax.FastRelax: CMD: scale:fa_rep  -835.918  0  0  0.02805
core.optimization.Minimizer: [ WARNING ] LBFGS MAX CYCLES 2000 EXCEEDED, BUT FUNC NOT CONVERGED!
protocols.relax.FastRelax: CMD: min  -1291.84  0.150932  0.150932  0.02805
protocols.relax.FastRelax: CMD: coord_cst_weight  -1339.21  0.150932  0.150932  0.02805
protocols.relax.FastRelax: CMD: scale:fa_rep  -958.2  0.150932  0.150932  0.14575
core.pack.task: Packer task: initialize from command line() 
core.pack.pack_rotamers: built 7429 rotamers at 492 positions.
core.pack.interaction_graph.interaction_graph_factory: Instantiating DensePDInteractionGraph
protocols.relax.FastRelax: CMD: repack  -994.516  0.150932  0.150932  0.14575
protocols.relax.FastRelax: CMD: scale:fa_rep  -972.219  0.150932  0.150932  0.154
protocols.relax.FastRelax: CMD: min  -1157.35  0.206606  0.206606  0.154
protocols.relax.FastRelax: CMD: coord_cst_weight  -1248.02  0.206606  0.206606  0.154
protocols.relax.FastRelax: CMD: scale:fa_rep  -1056.59  0.206606  0.206606  0.30745
core.pack.task: Packer task: initialize from command line() 
core.pack.pack_rotamers: built 7234 rotamers at 492 positions.
core.pack.interaction_graph.interaction_graph_factory: Instantiating DensePDInteractionGraph
protocols.relax.FastRelax: CMD: repack  -1057.93  0.206606  0.206606  0.30745
protocols.relax.FastRelax: CMD: scale:fa_rep  -1042.97  0.206606  0.206606  0.31955
protocols.relax.FastRelax: CMD: min  -1249.46  3.31996  3.31996  0.31955
protocols.relax.FastRelax: CMD: coord_cst_weight  -1249.46  3.31996  3.31996  0.31955
protocols.relax.FastRelax: CMD: scale:fa_rep  -1042.86  3.31996  3.31996  0.55
core.pack.task: Packer task: initialize from command line() 
core.pack.pack_rotamers: built 7180 rotamers at 492 positions.
core.pack.interaction_graph.interaction_graph_factory: Instantiating DensePDInteractionGraph
protocols.relax.FastRelax: CMD: repack  -1043.16  3.31996  3.31996  0.55
protocols.relax.FastRelax: CMD: min  -1102.82  3.51715  3.51715  0.55
protocols.relax.FastRelax: MRP: 0  -1102.82  -1102.82  3.51715  3.51715  
protocols.relax.FastRelax: CMD: accept_to_best  -1102.82  3.51715  3.51715  0.55
protocols.relax.FastRelax: CMD: endrepeat  -1102.82  3.51715  3.51715  0.55
protocols.relax.FastRelax: CMD: coord_cst_weight  94973.1  3.51715  3.51715  0.55
protocols.relax.FastRelax: CMD: scale:fa_rep  94640.6  3.51715  3.51715  0.022
core.pack.task: Packer task: initialize from command line() 
core.pack.pack_rotamers: built 7897 rotamers at 492 positions.
core.pack.interaction_graph.interaction_graph_factory: Instantiating DensePDInteractionGraph
protocols.relax.FastRelax: CMD: repack  94615.4  3.51715  3.51715  0.022
protocols.relax.FastRelax: CMD: scale:fa_rep  94625.9  3.51715  3.51715  0.02805
core.optimization.Minimizer: [ WARNING ] LBFGS MAX CYCLES 2000 EXCEEDED, BUT FUNC NOT CONVERGED!
protocols.relax.FastRelax: CMD: min  -1270.66  0.177608  0.177608  0.02805
protocols.relax.FastRelax: CMD: coord_cst_weight  -1337.01  0.177608  0.177608  0.02805
protocols.relax.FastRelax: CMD: scale:fa_rep  -982.649  0.177608  0.177608  0.14575
core.pack.task: Packer task: initialize from command line() 
core.pack.pack_rotamers: built 7468 rotamers at 492 positions.
core.pack.interaction_graph.interaction_graph_factory: Instantiating DensePDInteractionGraph
protocols.relax.FastRelax: CMD: repack  -1027.95  0.177608  0.177608  0.14575
protocols.relax.FastRelax: CMD: scale:fa_rep  -1007.03  0.177608  0.177608  0.154
protocols.relax.FastRelax: CMD: min  -1177.22  0.216765  0.216765  0.154
protocols.relax.FastRelax: CMD: coord_cst_weight  -1278.81  0.216765  0.216765  0.154
protocols.relax.FastRelax: CMD: scale:fa_rep  -1093.61  0.216765  0.216765  0.30745
core.pack.task: Packer task: initialize from command line() 
core.pack.pack_rotamers: built 7217 rotamers at 492 positions.
core.pack.interaction_graph.interaction_graph_factory: Instantiating DensePDInteractionGraph
protocols.relax.FastRelax: CMD: repack  -1096.58  0.216765  0.216765  0.30745
protocols.relax.FastRelax: CMD: scale:fa_rep  -1082.34  0.216765  0.216765  0.31955
protocols.relax.FastRelax: CMD: min  -1281.6  3.17016  3.17016  0.31955
protocols.relax.FastRelax: CMD: coord_cst_weight  -1281.6  3.17016  3.17016  0.31955
protocols.relax.FastRelax: CMD: scale:fa_rep  -1077.16  3.17016  3.17016  0.55
core.pack.task: Packer task: initialize from command line() 
core.pack.pack_rotamers: built 7076 rotamers at 492 positions.
core.pack.interaction_graph.interaction_graph_factory: Instantiating DensePDInteractionGraph
protocols.relax.FastRelax: CMD: repack  -1079.21  3.17016  3.17016  0.55
protocols.relax.FastRelax: CMD: min  -1128.9  3.08553  3.08553  0.55
protocols.relax.FastRelax: MRP: 1  -1128.9  -1128.9  3.08553  3.08553  
protocols.relax.FastRelax: CMD: accept_to_best  -1128.9  3.08553  3.08553  0.55
protocols.relax.FastRelax: CMD: endrepeat  -1128.9  3.08553  3.08553  0.55
protocols.relax.FastRelax: CMD: coord_cst_weight  82503.6  3.08553  3.08553  0.55
protocols.relax.FastRelax: CMD: scale:fa_rep  82177.6  3.08553  3.08553  0.022
core.pack.task: Packer task: initialize from command line() 
core.pack.pack_rotamers: built 7789 rotamers at 492 positions.
core.pack.interaction_graph.interaction_graph_factory: Instantiating DensePDInteractionGraph
protocols.relax.FastRelax: CMD: repack  82165.4  3.08553  3.08553  0.022
protocols.relax.FastRelax: CMD: scale:fa_rep  82174.4  3.08553  3.08553  0.02805
core.optimization.Minimizer: [ WARNING ] LBFGS MAX CYCLES 2000 EXCEEDED, BUT FUNC NOT CONVERGED!
protocols.relax.FastRelax: CMD: min  -1250.17  0.18138  0.18138  0.02805
protocols.relax.FastRelax: CMD: coord_cst_weight  -1322.24  0.18138  0.18138  0.02805
protocols.relax.FastRelax: CMD: scale:fa_rep  -976.09  0.18138  0.18138  0.14575
core.pack.task: Packer task: initialize from command line() 
core.pack.pack_rotamers: built 7348 rotamers at 492 positions.
core.pack.interaction_graph.interaction_graph_factory: Instantiating DensePDInteractionGraph
protocols.relax.FastRelax: CMD: repack  -1028.44  0.18138  0.18138  0.14575
protocols.relax.FastRelax: CMD: scale:fa_rep  -1007.56  0.18138  0.18138  0.154
protocols.relax.FastRelax: CMD: min  -1182.54  0.220655  0.220655  0.154
protocols.relax.FastRelax: CMD: coord_cst_weight  -1289.39  0.220655  0.220655  0.154
protocols.relax.FastRelax: CMD: scale:fa_rep  -1104.54  0.220655  0.220655  0.30745
core.pack.task: Packer task: initialize from command line() 
core.pack.pack_rotamers: built 7186 rotamers at 492 positions.
core.pack.interaction_graph.interaction_graph_factory: Instantiating DensePDInteractionGraph
protocols.relax.FastRelax: CMD: repack  -1104.72  0.220655  0.220655  0.30745
protocols.relax.FastRelax: CMD: scale:fa_rep  -1090.35  0.220655  0.220655  0.31955
protocols.relax.FastRelax: CMD: min  -1280.57  3.09377  3.09377  0.31955
protocols.relax.FastRelax: CMD: coord_cst_weight  -1280.57  3.09377  3.09377  0.31955
protocols.relax.FastRelax: CMD: scale:fa_rep  -1077.96  3.09377  3.09377  0.55
core.pack.task: Packer task: initialize from command line() 
core.pack.pack_rotamers: built 7049 rotamers at 492 positions.
core.pack.interaction_graph.interaction_graph_factory: Instantiating DensePDInteractionGraph
protocols.relax.FastRelax: CMD: repack  -1070.26  3.09377  3.09377  0.55
protocols.relax.FastRelax: CMD: min  -1127.32  2.85242  2.85242  0.55
protocols.relax.FastRelax: MRP: 2  -1127.32  -1128.9  3.08553  3.08553  
protocols.relax.FastRelax: CMD: accept_to_best  -1127.32  2.85242  2.85242  0.55
protocols.relax.FastRelax: CMD: endrepeat  -1127.32  2.85242  2.85242  0.55
protocols.relax.FastRelax: CMD: coord_cst_weight  72583.2  2.85242  2.85242  0.55
protocols.relax.FastRelax: CMD: scale:fa_rep  72260.1  2.85242  2.85242  0.022
core.pack.task: Packer task: initialize from command line() 
core.pack.pack_rotamers: built 7722 rotamers at 492 positions.
core.pack.interaction_graph.interaction_graph_factory: Instantiating DensePDInteractionGraph
protocols.relax.FastRelax: CMD: repack  72245  2.85242  2.85242  0.022
protocols.relax.FastRelax: CMD: scale:fa_rep  72253.4  2.85242  2.85242  0.02805
core.optimization.Minimizer: [ WARNING ] LBFGS MAX CYCLES 2000 EXCEEDED, BUT FUNC NOT CONVERGED!
protocols.relax.FastRelax: CMD: min  -1249.9  0.185539  0.185539  0.02805
protocols.relax.FastRelax: CMD: coord_cst_weight  -1323.36  0.185539  0.185539  0.02805
protocols.relax.FastRelax: CMD: scale:fa_rep  -995.961  0.185539  0.185539  0.14575
core.pack.task: Packer task: initialize from command line() 
core.pack.pack_rotamers: built 7382 rotamers at 492 positions.
core.pack.interaction_graph.interaction_graph_factory: Instantiating DensePDInteractionGraph
protocols.relax.FastRelax: CMD: repack  -1030.59  0.185539  0.185539  0.14575
protocols.relax.FastRelax: CMD: scale:fa_rep  -1010.46  0.185539  0.185539  0.154
protocols.relax.FastRelax: CMD: min  -1182.34  0.224352  0.224352  0.154
protocols.relax.FastRelax: CMD: coord_cst_weight  -1292.02  0.224352  0.224352  0.154
protocols.relax.FastRelax: CMD: scale:fa_rep  -1114.95  0.224352  0.224352  0.30745
core.pack.task: Packer task: initialize from command line() 
core.pack.pack_rotamers: built 7174 rotamers at 492 positions.
core.pack.interaction_graph.interaction_graph_factory: Instantiating DensePDInteractionGraph
protocols.relax.FastRelax: CMD: repack  -1115.82  0.224352  0.224352  0.30745
protocols.relax.FastRelax: CMD: scale:fa_rep  -1101.96  0.224352  0.224352  0.31955
protocols.relax.FastRelax: CMD: min  -1291.13  3.04216  3.04216  0.31955
protocols.relax.FastRelax: CMD: coord_cst_weight  -1291.13  3.04216  3.04216  0.31955
protocols.relax.FastRelax: CMD: scale:fa_rep  -1089.94  3.04216  3.04216  0.55
core.pack.task: Packer task: initialize from command line() 
core.pack.pack_rotamers: built 7058 rotamers at 492 positions.
core.pack.interaction_graph.interaction_graph_factory: Instantiating DensePDInteractionGraph
protocols.relax.FastRelax: CMD: repack  -1099.43  3.04216  3.04216  0.55
protocols.relax.FastRelax: CMD: min  -1153.95  2.98991  2.98991  0.55
protocols.relax.FastRelax: MRP: 3  -1153.95  -1153.95  2.98991  2.98991  
protocols.relax.FastRelax: CMD: accept_to_best  -1153.95  2.98991  2.98991  0.55
protocols.relax.FastRelax: CMD: endrepeat  -1153.95  2.98991  2.98991  0.55
protocols.relax.FastRelax: CMD: coord_cst_weight  65237.1  2.98991  2.98991  0.55
protocols.relax.FastRelax: CMD: scale:fa_rep  64913.2  2.98991  2.98991  0.022
core.pack.task: Packer task: initialize from command line() 
core.pack.pack_rotamers: built 7724 rotamers at 492 positions.
core.pack.interaction_graph.interaction_graph_factory: Instantiating DensePDInteractionGraph
protocols.relax.FastRelax: CMD: repack  64890.1  2.98991  2.98991  0.022
protocols.relax.FastRelax: CMD: scale:fa_rep  64896.7  2.98991  2.98991  0.02805
core.optimization.Minimizer: [ WARNING ] LBFGS MAX CYCLES 2000 EXCEEDED, BUT FUNC NOT CONVERGED!
protocols.relax.FastRelax: CMD: min  -1263.04  0.189194  0.189194  0.02805
protocols.relax.FastRelax: CMD: coord_cst_weight  -1337  0.189194  0.189194  0.02805
protocols.relax.FastRelax: CMD: scale:fa_rep  -999.429  0.189194  0.189194  0.14575
core.pack.task: Packer task: initialize from command line() 
core.pack.pack_rotamers: built 7315 rotamers at 492 positions.
core.pack.interaction_graph.interaction_graph_factory: Instantiating DensePDInteractionGraph
protocols.relax.FastRelax: CMD: repack  -1022.9  0.189194  0.189194  0.14575
protocols.relax.FastRelax: CMD: scale:fa_rep  -1001.69  0.189194  0.189194  0.154
protocols.relax.FastRelax: CMD: min  -1179.39  0.230021  0.230021  0.154
protocols.relax.FastRelax: CMD: coord_cst_weight  -1292.7  0.230021  0.230021  0.154
protocols.relax.FastRelax: CMD: scale:fa_rep  -1112.72  0.230021  0.230021  0.30745
core.pack.task: Packer task: initialize from command line() 
core.pack.pack_rotamers: built 7130 rotamers at 492 positions.
core.pack.interaction_graph.interaction_graph_factory: Instantiating DensePDInteractionGraph
protocols.relax.FastRelax: CMD: repack  -1113.17  0.230021  0.230021  0.30745
protocols.relax.FastRelax: CMD: scale:fa_rep  -1099.03  0.230021  0.230021  0.31955
protocols.relax.FastRelax: CMD: min  -1297.81  2.80857  2.80857  0.31955
protocols.relax.FastRelax: CMD: coord_cst_weight  -1297.81  2.80857  2.80857  0.31955
protocols.relax.FastRelax: CMD: scale:fa_rep  -1094.62  2.80857  2.80857  0.55
core.pack.task: Packer task: initialize from command line() 
core.pack.pack_rotamers: built 7027 rotamers at 492 positions.
core.pack.interaction_graph.interaction_graph_factory: Instantiating DensePDInteractionGraph
protocols.relax.FastRelax: CMD: repack  -1098.43  2.80857  2.80857  0.55
protocols.relax.FastRelax: CMD: min  -1149.57  2.81454  2.81454  0.55
protocols.relax.FastRelax: MRP: 4  -1149.57  -1153.95  2.98991  2.98991  
protocols.relax.FastRelax: CMD: accept_to_best  -1149.57  2.81454  2.81454  0.55
protocols.relax.FastRelax: CMD: endrepeat  -1149.57  2.81454  2.81454  0.55
protocols.relax.FastRelax: CMD: coord_cst_weight  57996.4  2.81454  2.81454  0.55
protocols.relax.FastRelax: CMD: scale:fa_rep  57668.3  2.81454  2.81454  0.022
core.pack.task: Packer task: initialize from command line() 
core.pack.pack_rotamers: built 7725 rotamers at 492 positions.
core.pack.interaction_graph.interaction_graph_factory: Instantiating DensePDInteractionGraph
protocols.relax.FastRelax: CMD: repack  57650.6  2.81454  2.81454  0.022
protocols.relax.FastRelax: CMD: scale:fa_rep  57661  2.81454  2.81454  0.02805
core.optimization.Minimizer: [ WARNING ] LBFGS MAX CYCLES 2000 EXCEEDED, BUT FUNC NOT CONVERGED!
protocols.relax.FastRelax: CMD: min  -1256.81  0.183031  0.183031  0.02805
protocols.relax.FastRelax: CMD: coord_cst_weight  -1328.68  0.183031  0.183031  0.02805
protocols.relax.FastRelax: CMD: scale:fa_rep  -945.531  0.183031  0.183031  0.14575
core.pack.task: Packer task: initialize from command line() 
core.pack.pack_rotamers: built 7354 rotamers at 492 positions.
core.pack.interaction_graph.interaction_graph_factory: Instantiating DensePDInteractionGraph
protocols.relax.FastRelax: CMD: repack  -1037.88  0.183031  0.183031  0.14575
protocols.relax.FastRelax: CMD: scale:fa_rep  -1017.58  0.183031  0.183031  0.154
protocols.relax.FastRelax: CMD: min  -1176.14  0.224919  0.224919  0.154
protocols.relax.FastRelax: CMD: coord_cst_weight  -1286.4  0.224919  0.224919  0.154
protocols.relax.FastRelax: CMD: scale:fa_rep  -1104.51  0.224919  0.224919  0.30745
core.pack.task: Packer task: initialize from command line() 
core.pack.pack_rotamers: built 7177 rotamers at 492 positions.
core.pack.interaction_graph.interaction_graph_factory: Instantiating DensePDInteractionGraph
protocols.relax.FastRelax: CMD: repack  -1107.67  0.224919  0.224919  0.30745
protocols.relax.FastRelax: CMD: scale:fa_rep  -1093.68  0.224919  0.224919  0.31955
protocols.relax.FastRelax: CMD: min  -1300.08  3.11114  3.11114  0.31955
protocols.relax.FastRelax: CMD: coord_cst_weight  -1300.08  3.11114  3.11114  0.31955
protocols.relax.FastRelax: CMD: scale:fa_rep  -1096.94  3.11114  3.11114  0.55
core.pack.task: Packer task: initialize from command line() 
core.pack.pack_rotamers: built 7011 rotamers at 492 positions.
core.pack.interaction_graph.interaction_graph_factory: Instantiating DensePDInteractionGraph
protocols.relax.FastRelax: CMD: repack  -1104.67  3.11114  3.11114  0.55
protocols.relax.FastRelax: CMD: min  -1154.9  3.28899  3.28899  0.55
protocols.relax.FastRelax: MRP: 5  -1154.9  -1154.9  3.28899  3.28899  
protocols.relax.FastRelax: CMD: accept_to_best  -1154.9  3.28899  3.28899  0.55
protocols.relax.FastRelax: CMD: endrepeat  -1154.9  3.28899  3.28899  0.55
protocols.relax.FastRelax: CMD: coord_cst_weight  64153.5  3.28899  3.28899  0.55
protocols.relax.FastRelax: CMD: scale:fa_rep  63826.1  3.28899  3.28899  0.022
core.pack.task: Packer task: initialize from command line() 
core.pack.pack_rotamers: built 7759 rotamers at 492 positions.
core.pack.interaction_graph.interaction_graph_factory: Instantiating DensePDInteractionGraph
protocols.relax.FastRelax: CMD: repack  63828  3.28899  3.28899  0.022
protocols.relax.FastRelax: CMD: scale:fa_rep  63841  3.28899  3.28899  0.02805
core.optimization.Minimizer: [ WARNING ] LBFGS MAX CYCLES 2000 EXCEEDED, BUT FUNC NOT CONVERGED!
protocols.relax.FastRelax: CMD: min  -1261.35  0.185658  0.185658  0.02805
protocols.relax.FastRelax: CMD: coord_cst_weight  -1335.11  0.185658  0.185658  0.02805
protocols.relax.FastRelax: CMD: scale:fa_rep  -982.028  0.185658  0.185658  0.14575
core.pack.task: Packer task: initialize from command line() 
core.pack.pack_rotamers: built 7329 rotamers at 492 positions.
core.pack.interaction_graph.interaction_graph_factory: Instantiating DensePDInteractionGraph
protocols.relax.FastRelax: CMD: repack  -1024.51  0.185658  0.185658  0.14575
protocols.relax.FastRelax: CMD: scale:fa_rep  -1003.67  0.185658  0.185658  0.154
protocols.relax.FastRelax: CMD: min  -1184.01  0.231885  0.231885  0.154
protocols.relax.FastRelax: CMD: coord_cst_weight  -1300.49  0.231885  0.231885  0.154
protocols.relax.FastRelax: CMD: scale:fa_rep  -1119.29  0.231885  0.231885  0.30745
core.pack.task: Packer task: initialize from command line() 
core.pack.pack_rotamers: built 7126 rotamers at 492 positions.
core.pack.interaction_graph.interaction_graph_factory: Instantiating DensePDInteractionGraph
protocols.relax.FastRelax: CMD: repack  -1116.55  0.231885  0.231885  0.30745
protocols.relax.FastRelax: CMD: scale:fa_rep  -1102.34  0.231885  0.231885  0.31955
protocols.relax.FastRelax: CMD: min  -1313.06  2.82834  2.82834  0.31955
protocols.relax.FastRelax: CMD: coord_cst_weight  -1313.06  2.82834  2.82834  0.31955
protocols.relax.FastRelax: CMD: scale:fa_rep  -1107.94  2.82834  2.82834  0.55
core.pack.task: Packer task: initialize from command line() 
core.pack.pack_rotamers: built 6930 rotamers at 492 positions.
core.pack.interaction_graph.interaction_graph_factory: Instantiating DensePDInteractionGraph
protocols.relax.FastRelax: CMD: repack  -1111.27  2.82834  2.82834  0.55
protocols.relax.FastRelax: CMD: min  -1160.13  3.05151  3.05151  0.55
protocols.relax.FastRelax: MRP: 6  -1160.13  -1160.13  3.05151  3.05151  
protocols.relax.FastRelax: CMD: accept_to_best  -1160.13  3.05151  3.05151  0.55
protocols.relax.FastRelax: CMD: endrepeat  -1160.13  3.05151  3.05151  0.55
protocols.relax.FastRelax: CMD: coord_cst_weight  70695.9  3.05151  3.05151  0.55
protocols.relax.FastRelax: CMD: scale:fa_rep  70365.7  3.05151  3.05151  0.022
core.pack.task: Packer task: initialize from command line() 
core.pack.pack_rotamers: built 7690 rotamers at 492 positions.
core.pack.interaction_graph.interaction_graph_factory: Instantiating DensePDInteractionGraph
protocols.relax.FastRelax: CMD: repack  70343.3  3.05151  3.05151  0.022
protocols.relax.FastRelax: CMD: scale:fa_rep  70349.8  3.05151  3.05151  0.02805
core.optimization.Minimizer: [ WARNING ] LBFGS MAX CYCLES 2000 EXCEEDED, BUT FUNC NOT CONVERGED!
protocols.relax.FastRelax: CMD: min  -1272.12  0.184535  0.184535  0.02805
protocols.relax.FastRelax: CMD: coord_cst_weight  -1344.63  0.184535  0.184535  0.02805
protocols.relax.FastRelax: CMD: scale:fa_rep  -1006.35  0.184535  0.184535  0.14575
core.pack.task: Packer task: initialize from command line() 
core.pack.pack_rotamers: built 7292 rotamers at 492 positions.
core.pack.interaction_graph.interaction_graph_factory: Instantiating DensePDInteractionGraph
protocols.relax.FastRelax: CMD: repack  -1036.57  0.184535  0.184535  0.14575
protocols.relax.FastRelax: CMD: scale:fa_rep  -1014.99  0.184535  0.184535  0.154
protocols.relax.FastRelax: CMD: min  -1188.6  0.232983  0.232983  0.154
protocols.relax.FastRelax: CMD: coord_cst_weight  -1305.81  0.232983  0.232983  0.154
protocols.relax.FastRelax: CMD: scale:fa_rep  -1120.8  0.232983  0.232983  0.30745
core.pack.task: Packer task: initialize from command line() 
core.pack.pack_rotamers: built 7140 rotamers at 492 positions.
core.pack.interaction_graph.interaction_graph_factory: Instantiating DensePDInteractionGraph
protocols.relax.FastRelax: CMD: repack  -1122.19  0.232983  0.232983  0.30745
protocols.relax.FastRelax: CMD: scale:fa_rep  -1107.78  0.232983  0.232983  0.31955
protocols.relax.FastRelax: CMD: min  -1314.86  3.08078  3.08078  0.31955
protocols.relax.FastRelax: CMD: coord_cst_weight  -1314.86  3.08078  3.08078  0.31955
protocols.relax.FastRelax: CMD: scale:fa_rep  -1109.98  3.08078  3.08078  0.55
core.pack.task: Packer task: initialize from command line() 
core.pack.pack_rotamers: built 7001 rotamers at 492 positions.
core.pack.interaction_graph.interaction_graph_factory: Instantiating DensePDInteractionGraph
protocols.relax.FastRelax: CMD: repack  -1114.47  3.08078  3.08078  0.55
protocols.relax.FastRelax: CMD: min  -1166.68  3.26733  3.26733  0.55
protocols.relax.FastRelax: MRP: 7  -1166.68  -1166.68  3.26733  3.26733  
protocols.relax.FastRelax: CMD: accept_to_best  -1166.68  3.26733  3.26733  0.55
protocols.relax.FastRelax: CMD: endrepeat  -1166.68  3.26733  3.26733  0.55
protocols.relax.FastRelax: CMD: coord_cst_weight  59996.7  3.26733  3.26733  0.55
protocols.relax.FastRelax: CMD: scale:fa_rep  59663.9  3.26733  3.26733  0.022
core.pack.task: Packer task: initialize from command line() 
core.pack.pack_rotamers: built 7698 rotamers at 492 positions.
core.pack.interaction_graph.interaction_graph_factory: Instantiating DensePDInteractionGraph
protocols.relax.FastRelax: CMD: repack  59648.3  3.26733  3.26733  0.022
protocols.relax.FastRelax: CMD: scale:fa_rep  59653.9  3.26733  3.26733  0.02805
core.optimization.Minimizer: [ WARNING ] LBFGS MAX CYCLES 2000 EXCEEDED, BUT FUNC NOT CONVERGED!
protocols.relax.FastRelax: CMD: min  -1273.88  0.183052  0.183052  0.02805
protocols.relax.FastRelax: CMD: coord_cst_weight  -1346.51  0.183052  0.183052  0.02805
protocols.relax.FastRelax: CMD: scale:fa_rep  -1012.13  0.183052  0.183052  0.14575
core.pack.task: Packer task: initialize from command line() 
core.pack.pack_rotamers: built 7340 rotamers at 492 positions.
core.pack.interaction_graph.interaction_graph_factory: Instantiating DensePDInteractionGraph
protocols.relax.FastRelax: CMD: repack  -1038  0.183052  0.183052  0.14575
protocols.relax.FastRelax: CMD: scale:fa_rep  -1016.68  0.183052  0.183052  0.154
protocols.relax.FastRelax: CMD: min  -1186.7  0.232059  0.232059  0.154
protocols.relax.FastRelax: CMD: coord_cst_weight  -1303.64  0.232059  0.232059  0.154
protocols.relax.FastRelax: CMD: scale:fa_rep  -1121  0.232059  0.232059  0.30745
core.pack.task: Packer task: initialize from command line() 
core.pack.pack_rotamers: built 7111 rotamers at 492 positions.
core.pack.interaction_graph.interaction_graph_factory: Instantiating DensePDInteractionGraph
protocols.relax.FastRelax: CMD: repack  -1121.94  0.232059  0.232059  0.30745
protocols.relax.FastRelax: CMD: scale:fa_rep  -1107.65  0.232059  0.232059  0.31955
protocols.relax.FastRelax: CMD: min  -1217.29  2.67901  2.67901  0.31955
protocols.relax.FastRelax: CMD: coord_cst_weight  -1217.29  2.67901  2.67901  0.31955
protocols.relax.FastRelax: CMD: scale:fa_rep  -941.633  2.67901  2.67901  0.55
core.pack.task: Packer task: initialize from command line() 
core.pack.pack_rotamers: built 6878 rotamers at 492 positions.
core.pack.interaction_graph.interaction_graph_factory: Instantiating DensePDInteractionGraph
protocols.relax.FastRelax: CMD: repack  -1109.85  2.67901  2.67901  0.55
protocols.relax.FastRelax: CMD: min  -1150.18  2.50477  2.50477  0.55
protocols.relax.FastRelax: MRP: 8  -1150.18  -1166.68  3.26733  3.26733  
protocols.relax.FastRelax: CMD: accept_to_best  -1150.18  2.50477  2.50477  0.55
protocols.relax.FastRelax: CMD: endrepeat  -1150.18  2.50477  2.50477  0.55
protocols.relax.FastRelax: CMD: coord_cst_weight  51186.9  2.50477  2.50477  0.55
protocols.relax.FastRelax: CMD: scale:fa_rep  50843.5  2.50477  2.50477  0.022
core.pack.task: Packer task: initialize from command line() 
core.pack.pack_rotamers: built 7666 rotamers at 492 positions.
core.pack.interaction_graph.interaction_graph_factory: Instantiating DensePDInteractionGraph
protocols.relax.FastRelax: CMD: repack  50827.8  2.50477  2.50477  0.022
protocols.relax.FastRelax: CMD: scale:fa_rep  50836.6  2.50477  2.50477  0.02805
core.optimization.Minimizer: [ WARNING ] LBFGS MAX CYCLES 2000 EXCEEDED, BUT FUNC NOT CONVERGED!
protocols.relax.FastRelax: CMD: min  -1276.47  0.181939  0.181939  0.02805
protocols.relax.FastRelax: CMD: coord_cst_weight  -1347.48  0.181939  0.181939  0.02805
protocols.relax.FastRelax: CMD: scale:fa_rep  -1005.05  0.181939  0.181939  0.14575
core.pack.task: Packer task: initialize from command line() 
core.pack.pack_rotamers: built 7290 rotamers at 492 positions.
core.pack.interaction_graph.interaction_graph_factory: Instantiating DensePDInteractionGraph
protocols.relax.FastRelax: CMD: repack  -1048.73  0.181939  0.181939  0.14575
protocols.relax.FastRelax: CMD: scale:fa_rep  -1027.91  0.181939  0.181939  0.154
protocols.relax.FastRelax: CMD: min  -1188.29  0.233411  0.233411  0.154
protocols.relax.FastRelax: CMD: coord_cst_weight  -1305.58  0.233411  0.233411  0.154
protocols.relax.FastRelax: CMD: scale:fa_rep  -1123.31  0.233411  0.233411  0.30745
core.pack.task: Packer task: initialize from command line() 
core.pack.pack_rotamers: built 7094 rotamers at 492 positions.
core.pack.interaction_graph.interaction_graph_factory: Instantiating DensePDInteractionGraph
protocols.relax.FastRelax: CMD: repack  -1123.98  0.233411  0.233411  0.30745
protocols.relax.FastRelax: CMD: scale:fa_rep  -1109.71  0.233411  0.233411  0.31955
protocols.relax.FastRelax: CMD: min  -1317.02  3.10419  3.10419  0.31955
protocols.relax.FastRelax: CMD: coord_cst_weight  -1317.02  3.10419  3.10419  0.31955
protocols.relax.FastRelax: CMD: scale:fa_rep  -1111.83  3.10419  3.10419  0.55
core.pack.task: Packer task: initialize from command line() 
core.pack.pack_rotamers: built 6922 rotamers at 492 positions.
core.pack.interaction_graph.interaction_graph_factory: Instantiating DensePDInteractionGraph
protocols.relax.FastRelax: CMD: repack  -1112.88  3.10419  3.10419  0.55
protocols.relax.FastRelax: CMD: min  -1165.06  3.08012  3.08012  0.55
protocols.relax.FastRelax: MRP: 9  -1165.06  -1166.68  3.26733  3.26733  
protocols.relax.FastRelax: CMD: accept_to_best  -1165.06  3.08012  3.08012  0.55
protocols.relax.FastRelax: CMD: endrepeat  -1165.06  3.08012  3.08012  0.55
protocols.relax.FastRelax: CMD: coord_cst_weight  67899.1  3.08012  3.08012  0.55
protocols.relax.FastRelax: CMD: scale:fa_rep  67569  3.08012  3.08012  0.022
core.pack.task: Packer task: initialize from command line() 
core.pack.pack_rotamers: built 7670 rotamers at 492 positions.
core.pack.interaction_graph.interaction_graph_factory: Instantiating DensePDInteractionGraph
protocols.relax.FastRelax: CMD: repack  67550.3  3.08012  3.08012  0.022
protocols.relax.FastRelax: CMD: scale:fa_rep  67556.1  3.08012  3.08012  0.02805
core.optimization.Minimizer: [ WARNING ] LBFGS MAX CYCLES 2000 EXCEEDED, BUT FUNC NOT CONVERGED!
protocols.relax.FastRelax: CMD: min  -1261.43  0.183314  0.183314  0.02805
protocols.relax.FastRelax: CMD: coord_cst_weight  -1333.68  0.183314  0.183314  0.02805
protocols.relax.FastRelax: CMD: scale:fa_rep  -1000.38  0.183314  0.183314  0.14575
core.pack.task: Packer task: initialize from command line() 
core.pack.pack_rotamers: built 7302 rotamers at 492 positions.
core.pack.interaction_graph.interaction_graph_factory: Instantiating DensePDInteractionGraph
protocols.relax.FastRelax: CMD: repack  -1031.58  0.183314  0.183314  0.14575
protocols.relax.FastRelax: CMD: scale:fa_rep  -1009.92  0.183314  0.183314  0.154
protocols.relax.FastRelax: CMD: min  -1185.99  0.233884  0.233884  0.154
protocols.relax.FastRelax: CMD: coord_cst_weight  -1304.29  0.233884  0.233884  0.154
protocols.relax.FastRelax: CMD: scale:fa_rep  -1121.27  0.233884  0.233884  0.30745
core.pack.task: Packer task: initialize from command line() 
core.pack.pack_rotamers: built 7082 rotamers at 492 positions.
core.pack.interaction_graph.interaction_graph_factory: Instantiating DensePDInteractionGraph
protocols.relax.FastRelax: CMD: repack  -1122.25  0.233884  0.233884  0.30745
protocols.relax.FastRelax: CMD: scale:fa_rep  -1107.91  0.233884  0.233884  0.31955
protocols.relax.FastRelax: CMD: min  -1314.72  2.42235  2.42235  0.31955
protocols.relax.FastRelax: CMD: coord_cst_weight  -1314.72  2.42235  2.42235  0.31955
protocols.relax.FastRelax: CMD: scale:fa_rep  -1108.54  2.42235  2.42235  0.55
core.pack.task: Packer task: initialize from command line() 
core.pack.pack_rotamers: built 6961 rotamers at 492 positions.
core.pack.interaction_graph.interaction_graph_factory: Instantiating DensePDInteractionGraph
protocols.relax.FastRelax: CMD: repack  -1112.01  2.42235  2.42235  0.55
protocols.relax.FastRelax: CMD: min  -1166.9  2.7322  2.7322  0.55
protocols.relax.FastRelax: MRP: 10  -1166.9  -1166.9  2.7322  2.7322  
protocols.relax.FastRelax: CMD: accept_to_best  -1166.9  2.7322  2.7322  0.55
protocols.relax.FastRelax: CMD: endrepeat  -1166.9  2.7322  2.7322  0.55
protocols.relax.FastRelax: CMD: coord_cst_weight  44055.7  2.7322  2.7322  0.55
protocols.relax.FastRelax: CMD: scale:fa_rep  43723.7  2.7322  2.7322  0.022
core.pack.task: Packer task: initialize from command line() 
core.pack.pack_rotamers: built 7656 rotamers at 492 positions.
core.pack.interaction_graph.interaction_graph_factory: Instantiating DensePDInteractionGraph
protocols.relax.FastRelax: CMD: repack  43713.7  2.7322  2.7322  0.022
protocols.relax.FastRelax: CMD: scale:fa_rep  43724.1  2.7322  2.7322  0.02805
core.optimization.Minimizer: [ WARNING ] LBFGS MAX CYCLES 2000 EXCEEDED, BUT FUNC NOT CONVERGED!
protocols.relax.FastRelax: CMD: min  -1245.17  0.182451  0.182451  0.02805
protocols.relax.FastRelax: CMD: coord_cst_weight  -1317.53  0.182451  0.182451  0.02805
protocols.relax.FastRelax: CMD: scale:fa_rep  -872.854  0.182451  0.182451  0.14575
core.pack.task: Packer task: initialize from command line() 
core.pack.pack_rotamers: built 7358 rotamers at 492 positions.
core.pack.interaction_graph.interaction_graph_factory: Instantiating DensePDInteractionGraph
protocols.relax.FastRelax: CMD: repack  -1039.62  0.182451  0.182451  0.14575
protocols.relax.FastRelax: CMD: scale:fa_rep  -1018.38  0.182451  0.182451  0.154
protocols.relax.FastRelax: CMD: min  -1188.52  0.229947  0.229947  0.154
protocols.relax.FastRelax: CMD: coord_cst_weight  -1303.91  0.229947  0.229947  0.154
protocols.relax.FastRelax: CMD: scale:fa_rep  -1118.72  0.229947  0.229947  0.30745
core.pack.task: Packer task: initialize from command line() 
core.pack.pack_rotamers: built 7116 rotamers at 492 positions.
core.pack.interaction_graph.interaction_graph_factory: Instantiating DensePDInteractionGraph
protocols.relax.FastRelax: CMD: repack  -1120.68  0.229947  0.229947  0.30745
protocols.relax.FastRelax: CMD: scale:fa_rep  -1106.24  0.229947  0.229947  0.31955
protocols.relax.FastRelax: CMD: min  -1303.36  3.58805  3.58805  0.31955
protocols.relax.FastRelax: CMD: coord_cst_weight  -1303.36  3.58805  3.58805  0.31955
protocols.relax.FastRelax: CMD: scale:fa_rep  -1096.66  3.58805  3.58805  0.55
core.pack.task: Packer task: initialize from command line() 
core.pack.pack_rotamers: built 7032 rotamers at 492 positions.
core.pack.interaction_graph.interaction_graph_factory: Instantiating DensePDInteractionGraph
protocols.relax.FastRelax: CMD: repack  -1099.66  3.58805  3.58805  0.55
protocols.relax.FastRelax: CMD: min  -1154.06  3.93391  3.93391  0.55
protocols.relax.FastRelax: MRP: 11  -1154.06  -1166.9  2.7322  2.7322  
protocols.relax.FastRelax: CMD: accept_to_best  -1154.06  3.93391  3.93391  0.55
protocols.relax.FastRelax: CMD: endrepeat  -1154.06  3.93391  3.93391  0.55
protocols.relax.FastRelax: CMD: coord_cst_weight  86778.7  3.93391  3.93391  0.55
protocols.relax.FastRelax: CMD: scale:fa_rep  86448.9  3.93391  3.93391  0.022
core.pack.task: Packer task: initialize from command line() 
core.pack.pack_rotamers: built 7748 rotamers at 492 positions.
core.pack.interaction_graph.interaction_graph_factory: Instantiating DensePDInteractionGraph
protocols.relax.FastRelax: CMD: repack  86435.8  3.93391  3.93391  0.022
protocols.relax.FastRelax: CMD: scale:fa_rep  86441.8  3.93391  3.93391  0.02805
core.optimization.Minimizer: [ WARNING ] LBFGS MAX CYCLES 2000 EXCEEDED, BUT FUNC NOT CONVERGED!
protocols.relax.FastRelax: CMD: min  -1266.58  0.185382  0.185382  0.02805
protocols.relax.FastRelax: CMD: coord_cst_weight  -1341.94  0.185382  0.185382  0.02805
protocols.relax.FastRelax: CMD: scale:fa_rep  -1015.72  0.185382  0.185382  0.14575
core.pack.task: Packer task: initialize from command line() 
core.pack.pack_rotamers: built 7322 rotamers at 492 positions.
core.pack.interaction_graph.interaction_graph_factory: Instantiating DensePDInteractionGraph
protocols.relax.FastRelax: CMD: repack  -1047.54  0.185382  0.185382  0.14575
protocols.relax.FastRelax: CMD: scale:fa_rep  -1026.5  0.185382  0.185382  0.154
protocols.relax.FastRelax: CMD: min  -1194.98  0.228312  0.228312  0.154
protocols.relax.FastRelax: CMD: coord_cst_weight  -1308.88  0.228312  0.228312  0.154
protocols.relax.FastRelax: CMD: scale:fa_rep  -1122.55  0.228312  0.228312  0.30745
core.pack.task: Packer task: initialize from command line() 
core.pack.pack_rotamers: built 7125 rotamers at 492 positions.
core.pack.interaction_graph.interaction_graph_factory: Instantiating DensePDInteractionGraph
protocols.relax.FastRelax: CMD: repack  -1122.84  0.228312  0.228312  0.30745
protocols.relax.FastRelax: CMD: scale:fa_rep  -1108.33  0.228312  0.228312  0.31955
protocols.relax.FastRelax: CMD: min  -1006.6  3.54265  3.54265  0.31955
protocols.relax.FastRelax: CMD: coord_cst_weight  -1006.6  3.54265  3.54265  0.31955
protocols.relax.FastRelax: CMD: scale:fa_rep  -585.319  3.54265  3.54265  0.55
core.pack.task: Packer task: initialize from command line() 
core.pack.pack_rotamers: built 6941 rotamers at 492 positions.
core.pack.interaction_graph.interaction_graph_factory: Instantiating DensePDInteractionGraph
protocols.relax.FastRelax: CMD: repack  -591.887  3.54265  3.54265  0.55
protocols.relax.FastRelax: CMD: min  -1150.89  3.67858  3.67858  0.55
protocols.relax.FastRelax: MRP: 12  -1150.89  -1166.9  2.7322  2.7322  
protocols.relax.FastRelax: CMD: accept_to_best  -1150.89  3.67858  3.67858  0.55
protocols.relax.FastRelax: CMD: endrepeat  -1150.89  3.67858  3.67858  0.55
protocols.relax.FastRelax: CMD: coord_cst_weight  66324.2  3.67858  3.67858  0.55
protocols.relax.FastRelax: CMD: scale:fa_rep  65992.9  3.67858  3.67858  0.022
core.pack.task: Packer task: initialize from command line() 
core.pack.pack_rotamers: built 7683 rotamers at 492 positions.
core.pack.interaction_graph.interaction_graph_factory: Instantiating DensePDInteractionGraph
protocols.relax.FastRelax: CMD: repack  65968.5  3.67858  3.67858  0.022
protocols.relax.FastRelax: CMD: scale:fa_rep  65976.9  3.67858  3.67858  0.02805
core.optimization.Minimizer: [ WARNING ] LBFGS MAX CYCLES 2000 EXCEEDED, BUT FUNC NOT CONVERGED!
protocols.relax.FastRelax: CMD: min  -1254.92  0.191333  0.191333  0.02805
protocols.relax.FastRelax: CMD: coord_cst_weight  -1333.3  0.191333  0.191333  0.02805
protocols.relax.FastRelax: CMD: scale:fa_rep  -948.855  0.191333  0.191333  0.14575
core.pack.task: Packer task: initialize from command line() 
core.pack.pack_rotamers: built 7283 rotamers at 492 positions.
core.pack.interaction_graph.interaction_graph_factory: Instantiating DensePDInteractionGraph
protocols.relax.FastRelax: CMD: repack  -1001.22  0.191333  0.191333  0.14575
protocols.relax.FastRelax: CMD: scale:fa_rep  -978.11  0.191333  0.191333  0.154
protocols.relax.FastRelax: CMD: min  -1182.71  0.233192  0.233192  0.154
protocols.relax.FastRelax: CMD: coord_cst_weight  -1300.36  0.233192  0.233192  0.154
protocols.relax.FastRelax: CMD: scale:fa_rep  -1113.3  0.233192  0.233192  0.30745
core.pack.task: Packer task: initialize from command line() 
core.pack.pack_rotamers: built 7151 rotamers at 492 positions.
core.pack.interaction_graph.interaction_graph_factory: Instantiating DensePDInteractionGraph
protocols.relax.FastRelax: CMD: repack  -1116.11  0.233192  0.233192  0.30745
protocols.relax.FastRelax: CMD: scale:fa_rep  -1101.43  0.233192  0.233192  0.31955
protocols.relax.FastRelax: CMD: min  -1297.59  2.28417  2.28417  0.31955
protocols.relax.FastRelax: CMD: coord_cst_weight  -1297.59  2.28417  2.28417  0.31955
protocols.relax.FastRelax: CMD: scale:fa_rep  -1089.75  2.28417  2.28417  0.55
core.pack.task: Packer task: initialize from command line() 
core.pack.pack_rotamers: built 7032 rotamers at 492 positions.
core.pack.interaction_graph.interaction_graph_factory: Instantiating DensePDInteractionGraph
protocols.relax.FastRelax: CMD: repack  -1090.4  2.28417  2.28417  0.55
protocols.relax.FastRelax: CMD: min  -1145.23  2.77702  2.77702  0.55
protocols.relax.FastRelax: MRP: 13  -1145.23  -1166.9  2.7322  2.7322  
protocols.relax.FastRelax: CMD: accept_to_best  -1145.23  2.77702  2.77702  0.55
protocols.relax.FastRelax: CMD: endrepeat  -1145.23  2.77702  2.77702  0.55
protocols.relax.FastRelax: CMD: coord_cst_weight  68271.8  2.77702  2.77702  0.55
protocols.relax.FastRelax: CMD: scale:fa_rep  67941.5  2.77702  2.77702  0.022
core.pack.task: Packer task: initialize from command line() 
core.pack.pack_rotamers: built 7762 rotamers at 492 positions.
core.pack.interaction_graph.interaction_graph_factory: Instantiating DensePDInteractionGraph
protocols.relax.FastRelax: CMD: repack  67932.7  2.77702  2.77702  0.022
protocols.relax.FastRelax: CMD: scale:fa_rep  67940.1  2.77702  2.77702  0.02805
core.optimization.Minimizer: [ WARNING ] LBFGS MAX CYCLES 2000 EXCEEDED, BUT FUNC NOT CONVERGED!
protocols.relax.FastRelax: CMD: min  -1274.02  0.188492  0.188492  0.02805
protocols.relax.FastRelax: CMD: coord_cst_weight  -1350.39  0.188492  0.188492  0.02805
protocols.relax.FastRelax: CMD: scale:fa_rep  -986.715  0.188492  0.188492  0.14575
core.pack.task: Packer task: initialize from command line() 
core.pack.pack_rotamers: built 7333 rotamers at 492 positions.
core.pack.interaction_graph.interaction_graph_factory: Instantiating DensePDInteractionGraph
protocols.relax.FastRelax: CMD: repack  -1019.56  0.188492  0.188492  0.14575
protocols.relax.FastRelax: CMD: scale:fa_rep  -996.254  0.188492  0.188492  0.154
protocols.relax.FastRelax: CMD: min  -1190.34  0.235411  0.235411  0.154
protocols.relax.FastRelax: CMD: coord_cst_weight  -1309.18  0.235411  0.235411  0.154
protocols.relax.FastRelax: CMD: scale:fa_rep  -1121.51  0.235411  0.235411  0.30745
core.pack.task: Packer task: initialize from command line() 
core.pack.pack_rotamers: built 7146 rotamers at 492 positions.
core.pack.interaction_graph.interaction_graph_factory: Instantiating DensePDInteractionGraph
protocols.relax.FastRelax: CMD: repack  -1123.08  0.235411  0.235411  0.30745
protocols.relax.FastRelax: CMD: scale:fa_rep  -1108.43  0.235411  0.235411  0.31955
protocols.relax.FastRelax: CMD: min  -1011.63  2.83628  2.83628  0.31955
protocols.relax.FastRelax: CMD: coord_cst_weight  -1011.63  2.83628  2.83628  0.31955
protocols.relax.FastRelax: CMD: scale:fa_rep  -587.357  2.83628  2.83628  0.55
core.pack.task: Packer task: initialize from command line() 
core.pack.pack_rotamers: built 6988 rotamers at 492 positions.
core.pack.interaction_graph.interaction_graph_factory: Instantiating DensePDInteractionGraph
protocols.relax.FastRelax: CMD: repack  -1094.11  2.83628  2.83628  0.55
protocols.relax.FastRelax: CMD: min  -1151.12  2.79811  2.79811  0.55
protocols.relax.FastRelax: MRP: 14  -1151.12  -1166.9  2.7322  2.7322  
protocols.relax.FastRelax: CMD: accept_to_best  -1151.12  2.79811  2.79811  0.55
protocols.relax.FastRelax: CMD: endrepeat  -1151.12  2.79811  2.79811  0.55
protocols::checkpoint: Deleting checkpoints of FastRelax
protocols.jd2.JobDistributor: target.BL00010001_5_0001 reported success in 14767 seconds
protocols.jd2.PDBJobInputter: PDBJobInputter::pose_from_job
protocols.jd2.PDBJobInputter: filling pose from saved copy ../1-modeller/target.BL00010001.pdb
protocols.relax.FastRelax: CMD: repeat  4476.34  0  0  0.55
protocols.relax.FastRelax: CMD: coord_cst_weight  4476.34  0  0  0.55
protocols.relax.FastRelax: CMD: scale:fa_rep  806.987  0  0  0.022
core.pack.task: Packer task: initialize from command line() 
core.pack.pack_rotamers: built 8129 rotamers at 492 positions.
core.pack.interaction_graph.interaction_graph_factory: Instantiating DensePDInteractionGraph
protocols.relax.FastRelax: CMD: repack  -877.482  0  0  0.022
protocols.relax.FastRelax: CMD: scale:fa_rep  -839.989  0  0  0.02805
core.optimization.Minimizer: [ WARNING ] LBFGS MAX CYCLES 2000 EXCEEDED, BUT FUNC NOT CONVERGED!
protocols.relax.FastRelax: CMD: min  -1290.99  0.150834  0.150834  0.02805
protocols.relax.FastRelax: CMD: coord_cst_weight  -1338.48  0.150834  0.150834  0.02805
protocols.relax.FastRelax: CMD: scale:fa_rep  -965.662  0.150834  0.150834  0.14575
core.pack.task: Packer task: initialize from command line() 
core.pack.pack_rotamers: built 7428 rotamers at 492 positions.
core.pack.interaction_graph.interaction_graph_factory: Instantiating DensePDInteractionGraph
protocols.relax.FastRelax: CMD: repack  -998.979  0.150834  0.150834  0.14575
protocols.relax.FastRelax: CMD: scale:fa_rep  -977.51  0.150834  0.150834  0.154
protocols.relax.FastRelax: CMD: min  -1158.7  0.203608  0.203608  0.154
protocols.relax.FastRelax: CMD: coord_cst_weight  -1247  0.203608  0.203608  0.154
protocols.relax.FastRelax: CMD: scale:fa_rep  -1056.99  0.203608  0.203608  0.30745
core.pack.task: Packer task: initialize from command line() 
core.pack.pack_rotamers: built 7184 rotamers at 492 positions.
core.pack.interaction_graph.interaction_graph_factory: Instantiating DensePDInteractionGraph
protocols.relax.FastRelax: CMD: repack  -1058.66  0.203608  0.203608  0.30745
protocols.relax.FastRelax: CMD: scale:fa_rep  -1043.79  0.203608  0.203608  0.31955
protocols.relax.FastRelax: CMD: min  -1233.36  2.77078  2.77078  0.31955
protocols.relax.FastRelax: CMD: coord_cst_weight  -1233.36  2.77078  2.77078  0.31955
protocols.relax.FastRelax: CMD: scale:fa_rep  -1024.01  2.77078  2.77078  0.55
core.pack.task: Packer task: initialize from command line() 
core.pack.pack_rotamers: built 7073 rotamers at 492 positions.
core.pack.interaction_graph.interaction_graph_factory: Instantiating DensePDInteractionGraph
protocols.relax.FastRelax: CMD: repack  -1029.26  2.77078  2.77078  0.55
protocols.relax.FastRelax: CMD: min  -1091.68  3.0749  3.0749  0.55
protocols.relax.FastRelax: MRP: 0  -1091.68  -1091.68  3.0749  3.0749  
protocols.relax.FastRelax: CMD: accept_to_best  -1091.68  3.0749  3.0749  0.55
protocols.relax.FastRelax: CMD: endrepeat  -1091.68  3.0749  3.0749  0.55
protocols.relax.FastRelax: CMD: coord_cst_weight  102307  3.0749  3.0749  0.55
protocols.relax.FastRelax: CMD: scale:fa_rep  101975  3.0749  3.0749  0.022
core.pack.task: Packer task: initialize from command line() 
core.pack.pack_rotamers: built 7863 rotamers at 492 positions.
core.pack.interaction_graph.interaction_graph_factory: Instantiating DensePDInteractionGraph
protocols.relax.FastRelax: CMD: repack  101953  3.0749  3.0749  0.022
protocols.relax.FastRelax: CMD: scale:fa_rep  101967  3.0749  3.0749  0.02805
core.optimization.Minimizer: [ WARNING ] LBFGS MAX CYCLES 2000 EXCEEDED, BUT FUNC NOT CONVERGED!
protocols.relax.FastRelax: CMD: min  -1237.98  0.181939  0.181939  0.02805
protocols.relax.FastRelax: CMD: coord_cst_weight  -1306.01  0.181939  0.181939  0.02805
protocols.relax.FastRelax: CMD: scale:fa_rep  -945.639  0.181939  0.181939  0.14575
core.pack.task: Packer task: initialize from command line() 
core.pack.pack_rotamers: built 7383 rotamers at 492 positions.
core.pack.interaction_graph.interaction_graph_factory: Instantiating DensePDInteractionGraph
protocols.relax.FastRelax: CMD: repack  -1000.28  0.181939  0.181939  0.14575
protocols.relax.FastRelax: CMD: scale:fa_rep  -979.199  0.181939  0.181939  0.154
protocols.relax.FastRelax: CMD: min  -1158.59  0.223945  0.223945  0.154
protocols.relax.FastRelax: CMD: coord_cst_weight  -1265.1  0.223945  0.223945  0.154
protocols.relax.FastRelax: CMD: scale:fa_rep  -1074.17  0.223945  0.223945  0.30745
core.pack.task: Packer task: initialize from command line() 
core.pack.pack_rotamers: built 7165 rotamers at 492 positions.
core.pack.interaction_graph.interaction_graph_factory: Instantiating DensePDInteractionGraph
protocols.relax.FastRelax: CMD: repack  -1077.93  0.223945  0.223945  0.30745
protocols.relax.FastRelax: CMD: scale:fa_rep  -1063.12  0.223945  0.223945  0.31955
protocols.relax.FastRelax: CMD: min  -1243.06  3.13787  3.13787  0.31955
protocols.relax.FastRelax: CMD: coord_cst_weight  -1243.06  3.13787  3.13787  0.31955
protocols.relax.FastRelax: CMD: scale:fa_rep  -1032.96  3.13787  3.13787  0.55
core.pack.task: Packer task: initialize from command line() 
core.pack.pack_rotamers: built 7004 rotamers at 492 positions.
core.pack.interaction_graph.interaction_graph_factory: Instantiating DensePDInteractionGraph
protocols.relax.FastRelax: CMD: repack  -1037.31  3.13787  3.13787  0.55
protocols.relax.FastRelax: CMD: min  -1115.11  3.69339  3.69339  0.55
protocols.relax.FastRelax: MRP: 1  -1115.11  -1115.11  3.69339  3.69339  
protocols.relax.FastRelax: CMD: accept_to_best  -1115.11  3.69339  3.69339  0.55
protocols.relax.FastRelax: CMD: endrepeat  -1115.11  3.69339  3.69339  0.55
protocols.relax.FastRelax: CMD: coord_cst_weight  150890  3.69339  3.69339  0.55
protocols.relax.FastRelax: CMD: scale:fa_rep  150559  3.69339  3.69339  0.022
core.pack.task: Packer task: initialize from command line() 
core.pack.pack_rotamers: built 7765 rotamers at 492 positions.
core.pack.interaction_graph.interaction_graph_factory: Instantiating DensePDInteractionGraph
protocols.relax.FastRelax: CMD: repack  150547  3.69339  3.69339  0.022
protocols.relax.FastRelax: CMD: scale:fa_rep  150555  3.69339  3.69339  0.02805
core.optimization.Minimizer: [ WARNING ] LBFGS MAX CYCLES 2000 EXCEEDED, BUT FUNC NOT CONVERGED!
protocols.relax.FastRelax: CMD: min  -1266.51  0.184926  0.184926  0.02805
protocols.relax.FastRelax: CMD: coord_cst_weight  -1338.08  0.184926  0.184926  0.02805
protocols.relax.FastRelax: CMD: scale:fa_rep  -985.521  0.184926  0.184926  0.14575
core.pack.task: Packer task: initialize from command line() 
core.pack.pack_rotamers: built 7378 rotamers at 492 positions.
core.pack.interaction_graph.interaction_graph_factory: Instantiating DensePDInteractionGraph
protocols.relax.FastRelax: CMD: repack  -1039.7  0.184926  0.184926  0.14575
protocols.relax.FastRelax: CMD: scale:fa_rep  -1020.21  0.184926  0.184926  0.154
protocols.relax.FastRelax: CMD: min  -1185.65  0.221471  0.221471  0.154
protocols.relax.FastRelax: CMD: coord_cst_weight  -1292.22  0.221471  0.221471  0.154
protocols.relax.FastRelax: CMD: scale:fa_rep  -1110.97  0.221471  0.221471  0.30745
core.pack.task: Packer task: initialize from command line() 
core.pack.pack_rotamers: built 7142 rotamers at 492 positions.
core.pack.interaction_graph.interaction_graph_factory: Instantiating DensePDInteractionGraph
protocols.relax.FastRelax: CMD: repack  -1112.59  0.221471  0.221471  0.30745
protocols.relax.FastRelax: CMD: scale:fa_rep  -1098.41  0.221471  0.221471  0.31955
protocols.relax.FastRelax: CMD: min  -1284.85  3.17108  3.17108  0.31955
protocols.relax.FastRelax: CMD: coord_cst_weight  -1284.85  3.17108  3.17108  0.31955
protocols.relax.FastRelax: CMD: scale:fa_rep  -1075.13  3.17108  3.17108  0.55
core.pack.task: Packer task: initialize from command line() 
core.pack.pack_rotamers: built 6997 rotamers at 492 positions.
core.pack.interaction_graph.interaction_graph_factory: Instantiating DensePDInteractionGraph
protocols.relax.FastRelax: CMD: repack  -1079.31  3.17108  3.17108  0.55
protocols.relax.FastRelax: CMD: min  -1137.37  3.46232  3.46232  0.55
protocols.relax.FastRelax: MRP: 2  -1137.37  -1137.37  3.46232  3.46232  
protocols.relax.FastRelax: CMD: accept_to_best  -1137.37  3.46232  3.46232  0.55
protocols.relax.FastRelax: CMD: endrepeat  -1137.37  3.46232  3.46232  0.55
protocols.relax.FastRelax: CMD: coord_cst_weight  88828.9  3.46232  3.46232  0.55
protocols.relax.FastRelax: CMD: scale:fa_rep  88498.4  3.46232  3.46232  0.022
core.pack.task: Packer task: initialize from command line() 
core.pack.pack_rotamers: built 7852 rotamers at 492 positions.
core.pack.interaction_graph.interaction_graph_factory: Instantiating DensePDInteractionGraph
protocols.relax.FastRelax: CMD: repack  88490.7  3.46232  3.46232  0.022
protocols.relax.FastRelax: CMD: scale:fa_rep  88497.1  3.46232  3.46232  0.02805
core.optimization.Minimizer: [ WARNING ] LBFGS MAX CYCLES 2000 EXCEEDED, BUT FUNC NOT CONVERGED!
protocols.relax.FastRelax: CMD: min  -1266.08  0.181413  0.181413  0.02805
protocols.relax.FastRelax: CMD: coord_cst_weight  -1336.7  0.181413  0.181413  0.02805
protocols.relax.FastRelax: CMD: scale:fa_rep  -1012.34  0.181413  0.181413  0.14575
core.pack.task: Packer task: initialize from command line() 
core.pack.pack_rotamers: built 7345 rotamers at 492 positions.
core.pack.interaction_graph.interaction_graph_factory: Instantiating DensePDInteractionGraph
protocols.relax.FastRelax: CMD: repack  -1049.79  0.181413  0.181413  0.14575
protocols.relax.FastRelax: CMD: scale:fa_rep  -1030.22  0.181413  0.181413  0.154
protocols.relax.FastRelax: CMD: min  -1185.31  0.224905  0.224905  0.154
protocols.relax.FastRelax: CMD: coord_cst_weight  -1295.6  0.224905  0.224905  0.154
protocols.relax.FastRelax: CMD: scale:fa_rep  -1116.68  0.224905  0.224905  0.30745
core.pack.task: Packer task: initialize from command line() 
core.pack.pack_rotamers: built 7148 rotamers at 492 positions.
core.pack.interaction_graph.interaction_graph_factory: Instantiating DensePDInteractionGraph
protocols.relax.FastRelax: CMD: repack  -1117.43  0.224905  0.224905  0.30745
protocols.relax.FastRelax: CMD: scale:fa_rep  -1103.37  0.224905  0.224905  0.31955
protocols.relax.FastRelax: CMD: min  -1258.02  3.45659  3.45659  0.31955
protocols.relax.FastRelax: CMD: coord_cst_weight  -1258.02  3.45659  3.45659  0.31955
protocols.relax.FastRelax: CMD: scale:fa_rep  -1024.55  3.45659  3.45659  0.55
core.pack.task: Packer task: initialize from command line() 
core.pack.pack_rotamers: built 7039 rotamers at 492 positions.
core.pack.interaction_graph.interaction_graph_factory: Instantiating DensePDInteractionGraph
protocols.relax.FastRelax: CMD: repack  -1079.99  3.45659  3.45659  0.55
protocols.relax.FastRelax: CMD: min  -1145.52  3.83507  3.83507  0.55
protocols.relax.FastRelax: MRP: 3  -1145.52  -1145.52  3.83507  3.83507  
protocols.relax.FastRelax: CMD: accept_to_best  -1145.52  3.83507  3.83507  0.55
protocols.relax.FastRelax: CMD: endrepeat  -1145.52  3.83507  3.83507  0.55
protocols.relax.FastRelax: CMD: coord_cst_weight  70074  3.83507  3.83507  0.55
protocols.relax.FastRelax: CMD: scale:fa_rep  69741.1  3.83507  3.83507  0.022
core.pack.task: Packer task: initialize from command line() 
core.pack.pack_rotamers: built 7858 rotamers at 492 positions.
core.pack.interaction_graph.interaction_graph_factory: Instantiating DensePDInteractionGraph
protocols.relax.FastRelax: CMD: repack  69720  3.83507  3.83507  0.022
protocols.relax.FastRelax: CMD: scale:fa_rep  69725.6  3.83507  3.83507  0.02805
core.optimization.Minimizer: [ WARNING ] LBFGS MAX CYCLES 2000 EXCEEDED, BUT FUNC NOT CONVERGED!
protocols.relax.FastRelax: CMD: min  -1286.66  0.180187  0.180187  0.02805
protocols.relax.FastRelax: CMD: coord_cst_weight  -1356.36  0.180187  0.180187  0.02805
protocols.relax.FastRelax: CMD: scale:fa_rep  -1038.88  0.180187  0.180187  0.14575
core.pack.task: Packer task: initialize from command line() 
core.pack.pack_rotamers: built 7295 rotamers at 492 positions.
core.pack.interaction_graph.interaction_graph_factory: Instantiating DensePDInteractionGraph
protocols.relax.FastRelax: CMD: repack  -1048.35  0.180187  0.180187  0.14575
protocols.relax.FastRelax: CMD: scale:fa_rep  -1027.91  0.180187  0.180187  0.154
protocols.relax.FastRelax: CMD: min  -1190.16  0.231085  0.231085  0.154
protocols.relax.FastRelax: CMD: coord_cst_weight  -1304.73  0.231085  0.231085  0.154
protocols.relax.FastRelax: CMD: scale:fa_rep  -1125.81  0.231085  0.231085  0.30745
core.pack.task: Packer task: initialize from command line() 
core.pack.pack_rotamers: built 7128 rotamers at 492 positions.
core.pack.interaction_graph.interaction_graph_factory: Instantiating DensePDInteractionGraph
protocols.relax.FastRelax: CMD: repack  -1127.02  0.231085  0.231085  0.30745
protocols.relax.FastRelax: CMD: scale:fa_rep  -1113.17  0.231085  0.231085  0.31955
protocols.relax.FastRelax: CMD: min  -1317.02  3.48215  3.48215  0.31955
protocols.relax.FastRelax: CMD: coord_cst_weight  -1317.02  3.48215  3.48215  0.31955
protocols.relax.FastRelax: CMD: scale:fa_rep  -1108.64  3.48215  3.48215  0.55
core.pack.task: Packer task: initialize from command line() 
core.pack.pack_rotamers: built 6970 rotamers at 492 positions.
core.pack.interaction_graph.interaction_graph_factory: Instantiating DensePDInteractionGraph
protocols.relax.FastRelax: CMD: repack  -1109.68  3.48215  3.48215  0.55
protocols.relax.FastRelax: CMD: min  -1162.33  3.78046  3.78046  0.55
protocols.relax.FastRelax: MRP: 4  -1162.33  -1162.33  3.78046  3.78046  
protocols.relax.FastRelax: CMD: accept_to_best  -1162.33  3.78046  3.78046  0.55
protocols.relax.FastRelax: CMD: endrepeat  -1162.33  3.78046  3.78046  0.55
protocols.relax.FastRelax: CMD: coord_cst_weight  71455.4  3.78046  3.78046  0.55
protocols.relax.FastRelax: CMD: scale:fa_rep  71122.2  3.78046  3.78046  0.022
core.pack.task: Packer task: initialize from command line() 
core.pack.pack_rotamers: built 7757 rotamers at 492 positions.
core.pack.interaction_graph.interaction_graph_factory: Instantiating DensePDInteractionGraph
protocols.relax.FastRelax: CMD: repack  71107.6  3.78046  3.78046  0.022
protocols.relax.FastRelax: CMD: scale:fa_rep  71114.9  3.78046  3.78046  0.02805
core.optimization.Minimizer: [ WARNING ] LBFGS MAX CYCLES 2000 EXCEEDED, BUT FUNC NOT CONVERGED!
protocols.relax.FastRelax: CMD: min  -1261.43  0.186692  0.186692  0.02805
protocols.relax.FastRelax: CMD: coord_cst_weight  -1337.41  0.186692  0.186692  0.02805
protocols.relax.FastRelax: CMD: scale:fa_rep  -1026.49  0.186692  0.186692  0.14575
core.pack.task: Packer task: initialize from command line() 
core.pack.pack_rotamers: built 7336 rotamers at 492 positions.
core.pack.interaction_graph.interaction_graph_factory: Instantiating DensePDInteractionGraph
protocols.relax.FastRelax: CMD: repack  -1059.23  0.186692  0.186692  0.14575
protocols.relax.FastRelax: CMD: scale:fa_rep  -1040.08  0.186692  0.186692  0.154
protocols.relax.FastRelax: CMD: min  -1185.7  0.230269  0.230269  0.154
protocols.relax.FastRelax: CMD: coord_cst_weight  -1300.63  0.230269  0.230269  0.154
protocols.relax.FastRelax: CMD: scale:fa_rep  -1122.43  0.230269  0.230269  0.30745
core.pack.task: Packer task: initialize from command line() 
core.pack.pack_rotamers: built 7129 rotamers at 492 positions.
core.pack.interaction_graph.interaction_graph_factory: Instantiating DensePDInteractionGraph
protocols.relax.FastRelax: CMD: repack  -1125.53  0.230269  0.230269  0.30745
protocols.relax.FastRelax: CMD: scale:fa_rep  -1111.8  0.230269  0.230269  0.31955
protocols.relax.FastRelax: CMD: min  -1318.27  3.7253  3.7253  0.31955
protocols.relax.FastRelax: CMD: coord_cst_weight  -1318.27  3.7253  3.7253  0.31955
protocols.relax.FastRelax: CMD: scale:fa_rep  -1111.58  3.7253  3.7253  0.55
core.pack.task: Packer task: initialize from command line() 
core.pack.pack_rotamers: built 7084 rotamers at 492 positions.
core.pack.interaction_graph.interaction_graph_factory: Instantiating DensePDInteractionGraph
protocols.relax.FastRelax: CMD: repack  -1112.72  3.7253  3.7253  0.55
protocols.relax.FastRelax: CMD: min  -1158.13  3.64405  3.64405  0.55
protocols.relax.FastRelax: MRP: 5  -1158.13  -1162.33  3.78046  3.78046  
protocols.relax.FastRelax: CMD: accept_to_best  -1158.13  3.64405  3.64405  0.55
protocols.relax.FastRelax: CMD: endrepeat  -1158.13  3.64405  3.64405  0.55
protocols.relax.FastRelax: CMD: coord_cst_weight  67930.3  3.64405  3.64405  0.55
protocols.relax.FastRelax: CMD: scale:fa_rep  67599.8  3.64405  3.64405  0.022
core.pack.task: Packer task: initialize from command line() 
core.pack.pack_rotamers: built 7770 rotamers at 492 positions.
core.pack.interaction_graph.interaction_graph_factory: Instantiating DensePDInteractionGraph
protocols.relax.FastRelax: CMD: repack  67597.2  3.64405  3.64405  0.022
protocols.relax.FastRelax: CMD: scale:fa_rep  67608.1  3.64405  3.64405  0.02805
core.optimization.Minimizer: [ WARNING ] LBFGS MAX CYCLES 2000 EXCEEDED, BUT FUNC NOT CONVERGED!
protocols.relax.FastRelax: CMD: min  -1251.25  0.188822  0.188822  0.02805
protocols.relax.FastRelax: CMD: coord_cst_weight  -1328.28  0.188822  0.188822  0.02805
protocols.relax.FastRelax: CMD: scale:fa_rep  -997.129  0.188822  0.188822  0.14575
core.pack.task: Packer task: initialize from command line() 
core.pack.pack_rotamers: built 7361 rotamers at 492 positions.
core.pack.interaction_graph.interaction_graph_factory: Instantiating DensePDInteractionGraph
protocols.relax.FastRelax: CMD: repack  -1050.04  0.188822  0.188822  0.14575
protocols.relax.FastRelax: CMD: scale:fa_rep  -1030.23  0.188822  0.188822  0.154
protocols.relax.FastRelax: CMD: min  -1186.01  0.230393  0.230393  0.154
protocols.relax.FastRelax: CMD: coord_cst_weight  -1301.87  0.230393  0.230393  0.154
protocols.relax.FastRelax: CMD: scale:fa_rep  -1123.17  0.230393  0.230393  0.30745
core.pack.task: Packer task: initialize from command line() 
core.pack.pack_rotamers: built 7132 rotamers at 492 positions.
core.pack.interaction_graph.interaction_graph_factory: Instantiating DensePDInteractionGraph
protocols.relax.FastRelax: CMD: repack  -1124.05  0.230393  0.230393  0.30745
protocols.relax.FastRelax: CMD: scale:fa_rep  -1110.1  0.230393  0.230393  0.31955
protocols.relax.FastRelax: CMD: min  -1317.67  3.70216  3.70216  0.31955
protocols.relax.FastRelax: CMD: coord_cst_weight  -1317.67  3.70216  3.70216  0.31955
protocols.relax.FastRelax: CMD: scale:fa_rep  -1111.09  3.70216  3.70216  0.55
core.pack.task: Packer task: initialize from command line() 
core.pack.pack_rotamers: built 7051 rotamers at 492 positions.
core.pack.interaction_graph.interaction_graph_factory: Instantiating DensePDInteractionGraph
protocols.relax.FastRelax: CMD: repack  -1111.9  3.70216  3.70216  0.55
protocols.relax.FastRelax: CMD: min  -1159.07  3.79537  3.79537  0.55
protocols.relax.FastRelax: MRP: 6  -1159.07  -1162.33  3.78046  3.78046  
protocols.relax.FastRelax: CMD: accept_to_best  -1159.07  3.79537  3.79537  0.55
protocols.relax.FastRelax: CMD: endrepeat  -1159.07  3.79537  3.79537  0.55
protocols.relax.FastRelax: CMD: coord_cst_weight  71785.5  3.79537  3.79537  0.55
protocols.relax.FastRelax: CMD: scale:fa_rep  71453.7  3.79537  3.79537  0.022
core.pack.task: Packer task: initialize from command line() 
core.pack.pack_rotamers: built 7752 rotamers at 492 positions.
core.pack.interaction_graph.interaction_graph_factory: Instantiating DensePDInteractionGraph
protocols.relax.FastRelax: CMD: repack  71442.9  3.79537  3.79537  0.022
protocols.relax.FastRelax: CMD: scale:fa_rep  71453.1  3.79537  3.79537  0.02805
core.optimization.Minimizer: [ WARNING ] LBFGS MAX CYCLES 2000 EXCEEDED, BUT FUNC NOT CONVERGED!
protocols.relax.FastRelax: CMD: min  -1236.78  0.196159  0.196159  0.02805
protocols.relax.FastRelax: CMD: coord_cst_weight  -1317.64  0.196159  0.196159  0.02805
protocols.relax.FastRelax: CMD: scale:fa_rep  -952.009  0.196159  0.196159  0.14575
core.pack.task: Packer task: initialize from command line() 
core.pack.pack_rotamers: built 7313 rotamers at 492 positions.
core.pack.interaction_graph.interaction_graph_factory: Instantiating DensePDInteractionGraph
protocols.relax.FastRelax: CMD: repack  -1034.94  0.196159  0.196159  0.14575
protocols.relax.FastRelax: CMD: scale:fa_rep  -1014.53  0.196159  0.196159  0.154
protocols.relax.FastRelax: CMD: min  -1177.78  0.236597  0.236597  0.154
protocols.relax.FastRelax: CMD: coord_cst_weight  -1297.7  0.236597  0.236597  0.154
protocols.relax.FastRelax: CMD: scale:fa_rep  -1112.89  0.236597  0.236597  0.30745
core.pack.task: Packer task: initialize from command line() 
core.pack.pack_rotamers: built 7108 rotamers at 492 positions.
core.pack.interaction_graph.interaction_graph_factory: Instantiating DensePDInteractionGraph
protocols.relax.FastRelax: CMD: repack  -1114.22  0.236597  0.236597  0.30745
protocols.relax.FastRelax: CMD: scale:fa_rep  -1099.92  0.236597  0.236597  0.31955
protocols.relax.FastRelax: CMD: min  -1314.43  3.81888  3.81888  0.31955
protocols.relax.FastRelax: CMD: coord_cst_weight  -1314.43  3.81888  3.81888  0.31955
protocols.relax.FastRelax: CMD: scale:fa_rep  -1107.44  3.81888  3.81888  0.55
core.pack.task: Packer task: initialize from command line() 
core.pack.pack_rotamers: built 7059 rotamers at 492 positions.
core.pack.interaction_graph.interaction_graph_factory: Instantiating DensePDInteractionGraph
protocols.relax.FastRelax: CMD: repack  -1109.52  3.81888  3.81888  0.55
protocols.relax.FastRelax: CMD: min  -1159.43  4.33359  4.33359  0.55
protocols.relax.FastRelax: MRP: 7  -1159.43  -1162.33  3.78046  3.78046  
protocols.relax.FastRelax: CMD: accept_to_best  -1159.43  4.33359  4.33359  0.55
protocols.relax.FastRelax: CMD: endrepeat  -1159.43  4.33359  4.33359  0.55
protocols.relax.FastRelax: CMD: coord_cst_weight  96426.7  4.33359  4.33359  0.55
protocols.relax.FastRelax: CMD: scale:fa_rep  96097.3  4.33359  4.33359  0.022
core.pack.task: Packer task: initialize from command line() 
core.pack.pack_rotamers: built 7813 rotamers at 492 positions.
core.pack.interaction_graph.interaction_graph_factory: Instantiating DensePDInteractionGraph
protocols.relax.FastRelax: CMD: repack  96082.7  4.33359  4.33359  0.022
protocols.relax.FastRelax: CMD: scale:fa_rep  96091.7  4.33359  4.33359  0.02805
core.optimization.Minimizer: [ WARNING ] LBFGS MAX CYCLES 2000 EXCEEDED, BUT FUNC NOT CONVERGED!
protocols.relax.FastRelax: CMD: min  -1260.65  0.191311  0.191311  0.02805
protocols.relax.FastRelax: CMD: coord_cst_weight  -1340.08  0.191311  0.191311  0.02805
protocols.relax.FastRelax: CMD: scale:fa_rep  -993.87  0.191311  0.191311  0.14575
core.pack.task: Packer task: initialize from command line() 
core.pack.pack_rotamers: built 7307 rotamers at 492 positions.
core.pack.interaction_graph.interaction_graph_factory: Instantiating DensePDInteractionGraph
protocols.relax.FastRelax: CMD: repack  -1050.5  0.191311  0.191311  0.14575
protocols.relax.FastRelax: CMD: scale:fa_rep  -1030.63  0.191311  0.191311  0.154
protocols.relax.FastRelax: CMD: min  -1188.39  0.236261  0.236261  0.154
protocols.relax.FastRelax: CMD: coord_cst_weight  -1309.57  0.236261  0.236261  0.154
protocols.relax.FastRelax: CMD: scale:fa_rep  -1129.16  0.236261  0.236261  0.30745
core.pack.task: Packer task: initialize from command line() 
core.pack.pack_rotamers: built 7111 rotamers at 492 positions.
core.pack.interaction_graph.interaction_graph_factory: Instantiating DensePDInteractionGraph
protocols.relax.FastRelax: CMD: repack  -1132.28  0.236261  0.236261  0.30745
protocols.relax.FastRelax: CMD: scale:fa_rep  -1118.08  0.236261  0.236261  0.31955
protocols.relax.FastRelax: CMD: min  -1312.86  2.72772  2.72772  0.31955
protocols.relax.FastRelax: CMD: coord_cst_weight  -1312.86  2.72772  2.72772  0.31955
protocols.relax.FastRelax: CMD: scale:fa_rep  -1101.56  2.72772  2.72772  0.55
core.pack.task: Packer task: initialize from command line() 
core.pack.pack_rotamers: built 7084 rotamers at 492 positions.
core.pack.interaction_graph.interaction_graph_factory: Instantiating DensePDInteractionGraph
protocols.relax.FastRelax: CMD: repack  -1104.06  2.72772  2.72772  0.55
protocols.relax.FastRelax: CMD: min  -1159.6  3.32592  3.32592  0.55
protocols.relax.FastRelax: MRP: 8  -1159.6  -1162.33  3.78046  3.78046  
protocols.relax.FastRelax: CMD: accept_to_best  -1159.6  3.32592  3.32592  0.55
protocols.relax.FastRelax: CMD: endrepeat  -1159.6  3.32592  3.32592  0.55
protocols.relax.FastRelax: CMD: coord_cst_weight  56120.3  3.32592  3.32592  0.55
protocols.relax.FastRelax: CMD: scale:fa_rep  55787.5  3.32592  3.32592  0.022
core.pack.task: Packer task: initialize from command line() 
core.pack.pack_rotamers: built 7739 rotamers at 492 positions.
core.pack.interaction_graph.interaction_graph_factory: Instantiating DensePDInteractionGraph
protocols.relax.FastRelax: CMD: repack  55771.8  3.32592  3.32592  0.022
protocols.relax.FastRelax: CMD: scale:fa_rep  55779  3.32592  3.32592  0.02805
core.optimization.Minimizer: [ WARNING ] LBFGS MAX CYCLES 2000 EXCEEDED, BUT FUNC NOT CONVERGED!
protocols.relax.FastRelax: CMD: min  -1284.63  0.183213  0.183213  0.02805
protocols.relax.FastRelax: CMD: coord_cst_weight  -1358.26  0.183213  0.183213  0.02805
protocols.relax.FastRelax: CMD: scale:fa_rep  -1029.89  0.183213  0.183213  0.14575
core.pack.task: Packer task: initialize from command line() 
core.pack.pack_rotamers: built 7400 rotamers at 492 positions.
core.pack.interaction_graph.interaction_graph_factory: Instantiating DensePDInteractionGraph
protocols.relax.FastRelax: CMD: repack  -1056.5  0.183213  0.183213  0.14575
protocols.relax.FastRelax: CMD: scale:fa_rep  -1035.69  0.183213  0.183213  0.154
protocols.relax.FastRelax: CMD: min  -1195.45  0.232389  0.232389  0.154
protocols.relax.FastRelax: CMD: coord_cst_weight  -1312.9  0.232389  0.232389  0.154
protocols.relax.FastRelax: CMD: scale:fa_rep  -1128.23  0.232389  0.232389  0.30745
core.pack.task: Packer task: initialize from command line() 
core.pack.pack_rotamers: built 7183 rotamers at 492 positions.
core.pack.interaction_graph.interaction_graph_factory: Instantiating DensePDInteractionGraph
protocols.relax.FastRelax: CMD: repack  -1129.25  0.232389  0.232389  0.30745
protocols.relax.FastRelax: CMD: scale:fa_rep  -1114.82  0.232389  0.232389  0.31955
protocols.relax.FastRelax: CMD: min  -1309.88  3.34803  3.34803  0.31955
protocols.relax.FastRelax: CMD: coord_cst_weight  -1309.88  3.34803  3.34803  0.31955
protocols.relax.FastRelax: CMD: scale:fa_rep  -1103.22  3.34803  3.34803  0.55
core.pack.task: Packer task: initialize from command line() 
core.pack.pack_rotamers: built 6995 rotamers at 492 positions.
core.pack.interaction_graph.interaction_graph_factory: Instantiating DensePDInteractionGraph
protocols.relax.FastRelax: CMD: repack  -1106.04  3.34803  3.34803  0.55
protocols.relax.FastRelax: CMD: min  -1153.12  4.02299  4.02299  0.55
protocols.relax.FastRelax: MRP: 9  -1153.12  -1162.33  3.78046  3.78046  
protocols.relax.FastRelax: CMD: accept_to_best  -1153.12  4.02299  4.02299  0.55
protocols.relax.FastRelax: CMD: endrepeat  -1153.12  4.02299  4.02299  0.55
protocols.relax.FastRelax: CMD: coord_cst_weight  78959.1  4.02299  4.02299  0.55
protocols.relax.FastRelax: CMD: scale:fa_rep  78627.1  4.02299  4.02299  0.022
core.pack.task: Packer task: initialize from command line() 
core.pack.pack_rotamers: built 7774 rotamers at 492 positions.
core.pack.interaction_graph.interaction_graph_factory: Instantiating DensePDInteractionGraph
protocols.relax.FastRelax: CMD: repack  78604  4.02299  4.02299  0.022
protocols.relax.FastRelax: CMD: scale:fa_rep  78611.5  4.02299  4.02299  0.02805
core.optimization.Minimizer: [ WARNING ] LBFGS MAX CYCLES 2000 EXCEEDED, BUT FUNC NOT CONVERGED!
protocols.relax.FastRelax: CMD: min  -1266.44  0.195176  0.195176  0.02805
protocols.relax.FastRelax: CMD: coord_cst_weight  -1346.67  0.195176  0.195176  0.02805
protocols.relax.FastRelax: CMD: scale:fa_rep  -1019.82  0.195176  0.195176  0.14575
core.pack.task: Packer task: initialize from command line() 
core.pack.pack_rotamers: built 7321 rotamers at 492 positions.
core.pack.interaction_graph.interaction_graph_factory: Instantiating DensePDInteractionGraph
protocols.relax.FastRelax: CMD: repack  -1041.41  0.195176  0.195176  0.14575
protocols.relax.FastRelax: CMD: scale:fa_rep  -1020.56  0.195176  0.195176  0.154
protocols.relax.FastRelax: CMD: min  -1180.76  0.24003  0.24003  0.154
protocols.relax.FastRelax: CMD: coord_cst_weight  -1303.81  0.24003  0.24003  0.154
protocols.relax.FastRelax: CMD: scale:fa_rep  -1118.85  0.24003  0.24003  0.30745
core.pack.task: Packer task: initialize from command line() 
core.pack.pack_rotamers: built 7111 rotamers at 492 positions.
core.pack.interaction_graph.interaction_graph_factory: Instantiating DensePDInteractionGraph
protocols.relax.FastRelax: CMD: repack  -1117.29  0.24003  0.24003  0.30745
protocols.relax.FastRelax: CMD: scale:fa_rep  -1102.47  0.24003  0.24003  0.31955
protocols.relax.FastRelax: CMD: min  -1314.09  3.19628  3.19628  0.31955
protocols.relax.FastRelax: CMD: coord_cst_weight  -1314.09  3.19628  3.19628  0.31955
protocols.relax.FastRelax: CMD: scale:fa_rep  -1105.25  3.19628  3.19628  0.55
core.pack.task: Packer task: initialize from command line() 
core.pack.pack_rotamers: built 6937 rotamers at 492 positions.
core.pack.interaction_graph.interaction_graph_factory: Instantiating DensePDInteractionGraph
protocols.relax.FastRelax: CMD: repack  -1100.24  3.19628  3.19628  0.55
protocols.relax.FastRelax: CMD: min  -1153.83  3.91293  3.91293  0.55
protocols.relax.FastRelax: MRP: 10  -1153.83  -1162.33  3.78046  3.78046  
protocols.relax.FastRelax: CMD: accept_to_best  -1153.83  3.91293  3.91293  0.55
protocols.relax.FastRelax: CMD: endrepeat  -1153.83  3.91293  3.91293  0.55
protocols.relax.FastRelax: CMD: coord_cst_weight  73515.4  3.91293  3.91293  0.55
protocols.relax.FastRelax: CMD: scale:fa_rep  73185  3.91293  3.91293  0.022
core.pack.task: Packer task: initialize from command line() 
core.pack.pack_rotamers: built 7773 rotamers at 492 positions.
core.pack.interaction_graph.interaction_graph_factory: Instantiating DensePDInteractionGraph
protocols.relax.FastRelax: CMD: repack  73172.6  3.91293  3.91293  0.022
protocols.relax.FastRelax: CMD: scale:fa_rep  73180.3  3.91293  3.91293  0.02805
core.optimization.Minimizer: [ WARNING ] LBFGS MAX CYCLES 2000 EXCEEDED, BUT FUNC NOT CONVERGED!
protocols.relax.FastRelax: CMD: min  -1287.38  0.182962  0.182962  0.02805
protocols.relax.FastRelax: CMD: coord_cst_weight  -1360.4  0.182962  0.182962  0.02805
protocols.relax.FastRelax: CMD: scale:fa_rep  -1034.27  0.182962  0.182962  0.14575
core.pack.task: Packer task: initialize from command line() 
core.pack.pack_rotamers: built 7392 rotamers at 492 positions.
core.pack.interaction_graph.interaction_graph_factory: Instantiating DensePDInteractionGraph
protocols.relax.FastRelax: CMD: repack  -1061.3  0.182962  0.182962  0.14575
protocols.relax.FastRelax: CMD: scale:fa_rep  -1041.03  0.182962  0.182962  0.154
protocols.relax.FastRelax: CMD: min  -1186.86  0.232148  0.232148  0.154
protocols.relax.FastRelax: CMD: coord_cst_weight  -1303.76  0.232148  0.232148  0.154
protocols.relax.FastRelax: CMD: scale:fa_rep  -1119.25  0.232148  0.232148  0.30745
core.pack.task: Packer task: initialize from command line() 
core.pack.pack_rotamers: built 7162 rotamers at 492 positions.
core.pack.interaction_graph.interaction_graph_factory: Instantiating DensePDInteractionGraph
protocols.relax.FastRelax: CMD: repack  -1120.82  0.232148  0.232148  0.30745
protocols.relax.FastRelax: CMD: scale:fa_rep  -1106.29  0.232148  0.232148  0.31955
protocols.relax.FastRelax: CMD: min  -1313.87  3.50995  3.50995  0.31955
protocols.relax.FastRelax: CMD: coord_cst_weight  -1313.87  3.50995  3.50995  0.31955
protocols.relax.FastRelax: CMD: scale:fa_rep  -1106.41  3.50995  3.50995  0.55
core.pack.task: Packer task: initialize from command line() 
core.pack.pack_rotamers: built 7007 rotamers at 492 positions.
core.pack.interaction_graph.interaction_graph_factory: Instantiating DensePDInteractionGraph
protocols.relax.FastRelax: CMD: repack  -1108  3.50995  3.50995  0.55
protocols.relax.FastRelax: CMD: min  -1154.98  3.84966  3.84966  0.55
protocols.relax.FastRelax: MRP: 11  -1154.98  -1162.33  3.78046  3.78046  
protocols.relax.FastRelax: CMD: accept_to_best  -1154.98  3.84966  3.84966  0.55
protocols.relax.FastRelax: CMD: endrepeat  -1154.98  3.84966  3.84966  0.55
protocols.relax.FastRelax: CMD: coord_cst_weight  66870.3  3.84966  3.84966  0.55
protocols.relax.FastRelax: CMD: scale:fa_rep  66537.7  3.84966  3.84966  0.022
core.pack.task: Packer task: initialize from command line() 
core.pack.pack_rotamers: built 7694 rotamers at 492 positions.
core.pack.interaction_graph.interaction_graph_factory: Instantiating DensePDInteractionGraph
protocols.relax.FastRelax: CMD: repack  66523.1  3.84966  3.84966  0.022
protocols.relax.FastRelax: CMD: scale:fa_rep  66529  3.84966  3.84966  0.02805
core.optimization.Minimizer: [ WARNING ] LBFGS MAX CYCLES 2000 EXCEEDED, BUT FUNC NOT CONVERGED!
protocols.relax.FastRelax: CMD: min  -1275.68  0.191191  0.191191  0.02805
protocols.relax.FastRelax: CMD: coord_cst_weight  -1353.19  0.191191  0.191191  0.02805
protocols.relax.FastRelax: CMD: scale:fa_rep  -1029.43  0.191191  0.191191  0.14575
core.pack.task: Packer task: initialize from command line() 
core.pack.pack_rotamers: built 7312 rotamers at 492 positions.
core.pack.interaction_graph.interaction_graph_factory: Instantiating DensePDInteractionGraph
protocols.relax.FastRelax: CMD: repack  -1051.15  0.191191  0.191191  0.14575
protocols.relax.FastRelax: CMD: scale:fa_rep  -1030.2  0.191191  0.191191  0.154
protocols.relax.FastRelax: CMD: min  -1190.12  0.231637  0.231637  0.154
protocols.relax.FastRelax: CMD: coord_cst_weight  -1306.96  0.231637  0.231637  0.154
protocols.relax.FastRelax: CMD: scale:fa_rep  -1122.86  0.231637  0.231637  0.30745
core.pack.task: Packer task: initialize from command line() 
core.pack.pack_rotamers: built 7136 rotamers at 492 positions.
core.pack.interaction_graph.interaction_graph_factory: Instantiating DensePDInteractionGraph
protocols.relax.FastRelax: CMD: repack  -1123.04  0.231637  0.231637  0.30745
protocols.relax.FastRelax: CMD: scale:fa_rep  -1108.62  0.231637  0.231637  0.31955
protocols.relax.FastRelax: CMD: min  -1308.95  3.39502  3.39502  0.31955
protocols.relax.FastRelax: CMD: coord_cst_weight  -1308.95  3.39502  3.39502  0.31955
protocols.relax.FastRelax: CMD: scale:fa_rep  -1100.99  3.39502  3.39502  0.55
core.pack.task: Packer task: initialize from command line() 
core.pack.pack_rotamers: built 6926 rotamers at 492 positions.
core.pack.interaction_graph.interaction_graph_factory: Instantiating DensePDInteractionGraph
protocols.relax.FastRelax: CMD: repack  -1099.16  3.39502  3.39502  0.55
protocols.relax.FastRelax: CMD: min  -1152.49  3.66904  3.66904  0.55
protocols.relax.FastRelax: MRP: 12  -1152.49  -1162.33  3.78046  3.78046  
protocols.relax.FastRelax: CMD: accept_to_best  -1152.49  3.66904  3.66904  0.55
protocols.relax.FastRelax: CMD: endrepeat  -1152.49  3.66904  3.66904  0.55
protocols.relax.FastRelax: CMD: coord_cst_weight  61380.3  3.66904  3.66904  0.55
protocols.relax.FastRelax: CMD: scale:fa_rep  61043.4  3.66904  3.66904  0.022
core.pack.task: Packer task: initialize from command line() 
core.pack.pack_rotamers: built 7753 rotamers at 492 positions.
core.pack.interaction_graph.interaction_graph_factory: Instantiating DensePDInteractionGraph
protocols.relax.FastRelax: CMD: repack  61026.2  3.66904  3.66904  0.022
protocols.relax.FastRelax: CMD: scale:fa_rep  61033.6  3.66904  3.66904  0.02805
core.optimization.Minimizer: [ WARNING ] LBFGS MAX CYCLES 2000 EXCEEDED, BUT FUNC NOT CONVERGED!
protocols.relax.FastRelax: CMD: min  -1280.49  0.187899  0.187899  0.02805
protocols.relax.FastRelax: CMD: coord_cst_weight  -1356.09  0.187899  0.187899  0.02805
protocols.relax.FastRelax: CMD: scale:fa_rep  -1014.67  0.187899  0.187899  0.14575
core.pack.task: Packer task: initialize from command line() 
core.pack.pack_rotamers: built 7389 rotamers at 492 positions.
core.pack.interaction_graph.interaction_graph_factory: Instantiating DensePDInteractionGraph
protocols.relax.FastRelax: CMD: repack  -1043.38  0.187899  0.187899  0.14575
protocols.relax.FastRelax: CMD: scale:fa_rep  -1021.86  0.187899  0.187899  0.154
protocols.relax.FastRelax: CMD: min  -1190.16  0.23432  0.23432  0.154
protocols.relax.FastRelax: CMD: coord_cst_weight  -1309.31  0.23432  0.23432  0.154
protocols.relax.FastRelax: CMD: scale:fa_rep  -1123.68  0.23432  0.23432  0.30745
core.pack.task: Packer task: initialize from command line() 
core.pack.pack_rotamers: built 7161 rotamers at 492 positions.
core.pack.interaction_graph.interaction_graph_factory: Instantiating DensePDInteractionGraph
protocols.relax.FastRelax: CMD: repack  -1123.92  0.23432  0.23432  0.30745
protocols.relax.FastRelax: CMD: scale:fa_rep  -1109.33  0.23432  0.23432  0.31955
protocols.relax.FastRelax: CMD: min  -1308.49  3.42044  3.42044  0.31955
protocols.relax.FastRelax: CMD: coord_cst_weight  -1308.49  3.42044  3.42044  0.31955
protocols.relax.FastRelax: CMD: scale:fa_rep  -1097.51  3.42044  3.42044  0.55
core.pack.task: Packer task: initialize from command line() 
core.pack.pack_rotamers: built 6953 rotamers at 492 positions.
core.pack.interaction_graph.interaction_graph_factory: Instantiating DensePDInteractionGraph
protocols.relax.FastRelax: CMD: repack  -1100.7  3.42044  3.42044  0.55
protocols.relax.FastRelax: CMD: min  -1151.35  3.74162  3.74162  0.55
protocols.relax.FastRelax: MRP: 13  -1151.35  -1162.33  3.78046  3.78046  
protocols.relax.FastRelax: CMD: accept_to_best  -1151.35  3.74162  3.74162  0.55
protocols.relax.FastRelax: CMD: endrepeat  -1151.35  3.74162  3.74162  0.55
protocols.relax.FastRelax: CMD: coord_cst_weight  65408.5  3.74162  3.74162  0.55
protocols.relax.FastRelax: CMD: scale:fa_rep  65075.8  3.74162  3.74162  0.022
core.pack.task: Packer task: initialize from command line() 
core.pack.pack_rotamers: built 7699 rotamers at 492 positions.
core.pack.interaction_graph.interaction_graph_factory: Instantiating DensePDInteractionGraph
protocols.relax.FastRelax: CMD: repack  65060.5  3.74162  3.74162  0.022
protocols.relax.FastRelax: CMD: scale:fa_rep  65068.2  3.74162  3.74162  0.02805
core.optimization.Minimizer: [ WARNING ] LBFGS MAX CYCLES 2000 EXCEEDED, BUT FUNC NOT CONVERGED!
protocols.relax.FastRelax: CMD: min  -1282.66  0.189162  0.189162  0.02805
protocols.relax.FastRelax: CMD: coord_cst_weight  -1358.46  0.189162  0.189162  0.02805
protocols.relax.FastRelax: CMD: scale:fa_rep  -1030.46  0.189162  0.189162  0.14575
core.pack.task: Packer task: initialize from command line() 
core.pack.pack_rotamers: built 7348 rotamers at 492 positions.
core.pack.interaction_graph.interaction_graph_factory: Instantiating DensePDInteractionGraph
protocols.relax.FastRelax: CMD: repack  -1053.08  0.189162  0.189162  0.14575
protocols.relax.FastRelax: CMD: scale:fa_rep  -1032.28  0.189162  0.189162  0.154
protocols.relax.FastRelax: CMD: min  -1185.75  0.239955  0.239955  0.154
protocols.relax.FastRelax: CMD: coord_cst_weight  -1307.85  0.239955  0.239955  0.154
protocols.relax.FastRelax: CMD: scale:fa_rep  -1122.54  0.239955  0.239955  0.30745
core.pack.task: Packer task: initialize from command line() 
core.pack.pack_rotamers: built 7191 rotamers at 492 positions.
core.pack.interaction_graph.interaction_graph_factory: Instantiating DensePDInteractionGraph
protocols.relax.FastRelax: CMD: repack  -1120.56  0.239955  0.239955  0.30745
protocols.relax.FastRelax: CMD: scale:fa_rep  -1106.02  0.239955  0.239955  0.31955
protocols.relax.FastRelax: CMD: min  -1318.43  3.70667  3.70667  0.31955
protocols.relax.FastRelax: CMD: coord_cst_weight  -1318.43  3.70667  3.70667  0.31955
protocols.relax.FastRelax: CMD: scale:fa_rep  -1109.72  3.70667  3.70667  0.55
core.pack.task: Packer task: initialize from command line() 
core.pack.pack_rotamers: built 6986 rotamers at 492 positions.
core.pack.interaction_graph.interaction_graph_factory: Instantiating DensePDInteractionGraph
protocols.relax.FastRelax: CMD: repack  -1111.58  3.70667  3.70667  0.55
protocols.relax.FastRelax: CMD: min  -1159.02  4.107  4.107  0.55
protocols.relax.FastRelax: MRP: 14  -1159.02  -1162.33  3.78046  3.78046  
protocols.relax.FastRelax: CMD: accept_to_best  -1159.02  4.107  4.107  0.55
protocols.relax.FastRelax: CMD: endrepeat  -1159.02  4.107  4.107  0.55
protocols::checkpoint: Deleting checkpoints of FastRelax
protocols.jd2.JobDistributor: target.BL00010001_5_0002 reported success in 13925 seconds
protocols.jd2.PDBJobInputter: PDBJobInputter::pose_from_job
protocols.jd2.PDBJobInputter: filling pose from PDB ../1-modeller/target.BL00010001.pdb
core.import_pose.import_pose: File '../1-modeller/target.BL00010001.pdb' automatically determined to be of type PDB from contents.
core.io.rcsb.ExperimentalTechnique: [ ERROR ] Unrecognized experimental technique string 'THEORETICAL MODEL, MODELLER 10.8 2026/08/10 16:18:02'
protocols.relax.FastRelax: CMD: repeat  4476.34  0  0  0.55
protocols.relax.FastRelax: CMD: coord_cst_weight  4476.34  0  0  0.55
protocols.relax.FastRelax: CMD: scale:fa_rep  806.987  0  0  0.022
core.pack.task: Packer task: initialize from command line() 
core.pack.pack_rotamers: built 8129 rotamers at 492 positions.
core.pack.interaction_graph.interaction_graph_factory: Instantiating DensePDInteractionGraph
protocols.relax.FastRelax: CMD: repack  -880.294  0  0  0.022
protocols.relax.FastRelax: CMD: scale:fa_rep  -842.278  0  0  0.02805
core.optimization.Minimizer: [ WARNING ] LBFGS MAX CYCLES 2000 EXCEEDED, BUT FUNC NOT CONVERGED!
protocols.relax.FastRelax: CMD: min  -1298.36  0.149088  0.149088  0.02805
protocols.relax.FastRelax: CMD: coord_cst_weight  -1345.02  0.149088  0.149088  0.02805
protocols.relax.FastRelax: CMD: scale:fa_rep  -976.68  0.149088  0.149088  0.14575
core.pack.task: Packer task: initialize from command line() 
core.pack.pack_rotamers: built 7409 rotamers at 492 positions.
core.pack.interaction_graph.interaction_graph_factory: Instantiating DensePDInteractionGraph
protocols.relax.FastRelax: CMD: repack  -1014.69  0.149088  0.149088  0.14575
protocols.relax.FastRelax: CMD: scale:fa_rep  -993.132  0.149088  0.149088  0.154
protocols.relax.FastRelax: CMD: min  -1171.79  0.205465  0.205465  0.154
protocols.relax.FastRelax: CMD: coord_cst_weight  -1261.84  0.205465  0.205465  0.154
protocols.relax.FastRelax: CMD: scale:fa_rep  -1071.82  0.205465  0.205465  0.30745
core.pack.task: Packer task: initialize from command line() 
core.pack.pack_rotamers: built 7253 rotamers at 492 positions.
core.pack.interaction_graph.interaction_graph_factory: Instantiating DensePDInteractionGraph
protocols.relax.FastRelax: CMD: repack  -1068.81  0.205465  0.205465  0.30745
protocols.relax.FastRelax: CMD: scale:fa_rep  -1054  0.205465  0.205465  0.31955
protocols.relax.FastRelax: CMD: min  -1237.44  2.76764  2.76764  0.31955
protocols.relax.FastRelax: CMD: coord_cst_weight  -1237.44  2.76764  2.76764  0.31955
protocols.relax.FastRelax: CMD: scale:fa_rep  -1027.13  2.76764  2.76764  0.55
core.pack.task: Packer task: initialize from command line() 
core.pack.pack_rotamers: built 7098 rotamers at 492 positions.
core.pack.interaction_graph.interaction_graph_factory: Instantiating DensePDInteractionGraph
protocols.relax.FastRelax: CMD: repack  -1038.55  2.76764  2.76764  0.55
protocols.relax.FastRelax: CMD: min  -1112.41  3.39283  3.39283  0.55
protocols.relax.FastRelax: MRP: 0  -1112.41  -1112.41  3.39283  3.39283  
protocols.relax.FastRelax: CMD: accept_to_best  -1112.41  3.39283  3.39283  0.55
protocols.relax.FastRelax: CMD: endrepeat  -1112.41  3.39283  3.39283  0.55
protocols.relax.FastRelax: CMD: coord_cst_weight  93397.7  3.39283  3.39283  0.55
protocols.relax.FastRelax: CMD: scale:fa_rep  93066.7  3.39283  3.39283  0.022
core.pack.task: Packer task: initialize from command line() 
core.pack.pack_rotamers: built 7822 rotamers at 492 positions.
core.pack.interaction_graph.interaction_graph_factory: Instantiating DensePDInteractionGraph
protocols.relax.FastRelax: CMD: repack  93036.7  3.39283  3.39283  0.022
protocols.relax.FastRelax: CMD: scale:fa_rep  93048.5  3.39283  3.39283  0.02805
core.optimization.Minimizer: [ WARNING ] LBFGS MAX CYCLES 2000 EXCEEDED, BUT FUNC NOT CONVERGED!
protocols.relax.FastRelax: CMD: min  -1267.22  0.174525  0.174525  0.02805
protocols.relax.FastRelax: CMD: coord_cst_weight  -1333.49  0.174525  0.174525  0.02805
protocols.relax.FastRelax: CMD: scale:fa_rep  -976.186  0.174525  0.174525  0.14575
core.pack.task: Packer task: initialize from command line() 
core.pack.pack_rotamers: built 7390 rotamers at 492 positions.
core.pack.interaction_graph.interaction_graph_factory: Instantiating DensePDInteractionGraph
protocols.relax.FastRelax: CMD: repack  -1020.76  0.174525  0.174525  0.14575
protocols.relax.FastRelax: CMD: scale:fa_rep  -999.477  0.174525  0.174525  0.154
protocols.relax.FastRelax: CMD: min  -1182.49  0.21458  0.21458  0.154
protocols.relax.FastRelax: CMD: coord_cst_weight  -1282.97  0.21458  0.21458  0.154
protocols.relax.FastRelax: CMD: scale:fa_rep  -1097.09  0.21458  0.21458  0.30745
core.pack.task: Packer task: initialize from command line() 
core.pack.pack_rotamers: built 7200 rotamers at 492 positions.
core.pack.interaction_graph.interaction_graph_factory: Instantiating DensePDInteractionGraph
protocols.relax.FastRelax: CMD: repack  -1099.6  0.21458  0.21458  0.30745
protocols.relax.FastRelax: CMD: scale:fa_rep  -1085.19  0.21458  0.21458  0.31955
protocols.relax.FastRelax: CMD: min  -1107.56  3.51087  3.51087  0.31955
protocols.relax.FastRelax: CMD: coord_cst_weight  -1107.56  3.51087  3.51087  0.31955
protocols.relax.FastRelax: CMD: scale:fa_rep  -777.076  3.51087  3.51087  0.55
core.pack.task: Packer task: initialize from command line() 
core.pack.pack_rotamers: built 6988 rotamers at 492 positions.
core.pack.interaction_graph.interaction_graph_factory: Instantiating DensePDInteractionGraph
protocols.relax.FastRelax: CMD: repack  -986.491  3.51087  3.51087  0.55
protocols.relax.FastRelax: CMD: min  -1131.54  3.29898  3.29898  0.55
protocols.relax.FastRelax: MRP: 1  -1131.54  -1131.54  3.29898  3.29898  
protocols.relax.FastRelax: CMD: accept_to_best  -1131.54  3.29898  3.29898  0.55
protocols.relax.FastRelax: CMD: endrepeat  -1131.54  3.29898  3.29898  0.55
protocols.relax.FastRelax: CMD: coord_cst_weight  87445.7  3.29898  3.29898  0.55
protocols.relax.FastRelax: CMD: scale:fa_rep  87115.9  3.29898  3.29898  0.022
core.pack.task: Packer task: initialize from command line() 
core.pack.pack_rotamers: built 7789 rotamers at 492 positions.
core.pack.interaction_graph.interaction_graph_factory: Instantiating DensePDInteractionGraph
protocols.relax.FastRelax: CMD: repack  87106.5  3.29898  3.29898  0.022
protocols.relax.FastRelax: CMD: scale:fa_rep  87113.4  3.29898  3.29898  0.02805
core.optimization.Minimizer: [ WARNING ] LBFGS MAX CYCLES 2000 EXCEEDED, BUT FUNC NOT CONVERGED!
protocols.relax.FastRelax: CMD: min  -1272.06  0.175474  0.175474  0.02805
protocols.relax.FastRelax: CMD: coord_cst_weight  -1340.32  0.175474  0.175474  0.02805
protocols.relax.FastRelax: CMD: scale:fa_rep  -1015.61  0.175474  0.175474  0.14575
core.pack.task: Packer task: initialize from command line() 
core.pack.pack_rotamers: built 7304 rotamers at 492 positions.
core.pack.interaction_graph.interaction_graph_factory: Instantiating DensePDInteractionGraph
protocols.relax.FastRelax: CMD: repack  -1053.31  0.175474  0.175474  0.14575
protocols.relax.FastRelax: CMD: scale:fa_rep  -1033.48  0.175474  0.175474  0.154
protocols.relax.FastRelax: CMD: min  -1187.28  0.221391  0.221391  0.154
protocols.relax.FastRelax: CMD: coord_cst_weight  -1294.54  0.221391  0.221391  0.154
protocols.relax.FastRelax: CMD: scale:fa_rep  -1112.13  0.221391  0.221391  0.30745
core.pack.task: Packer task: initialize from command line() 
core.pack.pack_rotamers: built 7136 rotamers at 492 positions.
core.pack.interaction_graph.interaction_graph_factory: Instantiating DensePDInteractionGraph
protocols.relax.FastRelax: CMD: repack  -1106.4  0.221391  0.221391  0.30745
protocols.relax.FastRelax: CMD: scale:fa_rep  -1092.13  0.221391  0.221391  0.31955
protocols.relax.FastRelax: CMD: min  -1184.83  3.42427  3.42427  0.31955
protocols.relax.FastRelax: CMD: coord_cst_weight  -1184.83  3.42427  3.42427  0.31955
protocols.relax.FastRelax: CMD: scale:fa_rep  -908.191  3.42427  3.42427  0.55
core.pack.task: Packer task: initialize from command line() 
core.pack.pack_rotamers: built 6992 rotamers at 492 positions.
core.pack.interaction_graph.interaction_graph_factory: Instantiating DensePDInteractionGraph
protocols.relax.FastRelax: CMD: repack  -1034.14  3.42427  3.42427  0.55
protocols.relax.FastRelax: CMD: min  -1126.77  3.2711  3.2711  0.55
protocols.relax.FastRelax: MRP: 2  -1126.77  -1131.54  3.29898  3.29898  
protocols.relax.FastRelax: CMD: accept_to_best  -1126.77  3.2711  3.2711  0.55
protocols.relax.FastRelax: CMD: endrepeat  -1126.77  3.2711  3.2711  0.55
protocols.relax.FastRelax: CMD: coord_cst_weight  82157.4  3.2711  3.2711  0.55
protocols.relax.FastRelax: CMD: scale:fa_rep  81830  3.2711  3.2711  0.022
core.pack.task: Packer task: initialize from command line() 
core.pack.pack_rotamers: built 7775 rotamers at 492 positions.
core.pack.interaction_graph.interaction_graph_factory: Instantiating DensePDInteractionGraph
protocols.relax.FastRelax: CMD: repack  81813.5  3.2711  3.2711  0.022
protocols.relax.FastRelax: CMD: scale:fa_rep  81823.1  3.2711  3.2711  0.02805
core.optimization.Minimizer: [ WARNING ] LBFGS MAX CYCLES 2000 EXCEEDED, BUT FUNC NOT CONVERGED!
protocols.relax.FastRelax: CMD: min  -1255.01  0.183712  0.183712  0.02805
protocols.relax.FastRelax: CMD: coord_cst_weight  -1328.03  0.183712  0.183712  0.02805
protocols.relax.FastRelax: CMD: scale:fa_rep  -984.531  0.183712  0.183712  0.14575
core.pack.task: Packer task: initialize from command line() 
core.pack.pack_rotamers: built 7301 rotamers at 492 positions.
core.pack.interaction_graph.interaction_graph_factory: Instantiating DensePDInteractionGraph
protocols.relax.FastRelax: CMD: repack  -1030.52  0.183712  0.183712  0.14575
protocols.relax.FastRelax: CMD: scale:fa_rep  -1009.87  0.183712  0.183712  0.154
protocols.relax.FastRelax: CMD: min  -1176.51  0.228418  0.228418  0.154
protocols.relax.FastRelax: CMD: coord_cst_weight  -1288.88  0.228418  0.228418  0.154
protocols.relax.FastRelax: CMD: scale:fa_rep  -1106.01  0.228418  0.228418  0.30745
core.pack.task: Packer task: initialize from command line() 
core.pack.pack_rotamers: built 7139 rotamers at 492 positions.
core.pack.interaction_graph.interaction_graph_factory: Instantiating DensePDInteractionGraph
protocols.relax.FastRelax: CMD: repack  -1105.91  0.228418  0.228418  0.30745
protocols.relax.FastRelax: CMD: scale:fa_rep  -1091.69  0.228418  0.228418  0.31955
protocols.relax.FastRelax: CMD: min  -1296.89  2.81171  2.81171  0.31955
protocols.relax.FastRelax: CMD: coord_cst_weight  -1296.89  2.81171  2.81171  0.31955
protocols.relax.FastRelax: CMD: scale:fa_rep  -1093.98  2.81171  2.81171  0.55
core.pack.task: Packer task: initialize from command line() 
core.pack.pack_rotamers: built 6963 rotamers at 492 positions.
core.pack.interaction_graph.interaction_graph_factory: Instantiating DensePDInteractionGraph
protocols.relax.FastRelax: CMD: repack  -1096.06  2.81171  2.81171  0.55
protocols.relax.FastRelax: CMD: min  -1145.6  2.99236  2.99236  0.55
protocols.relax.FastRelax: MRP: 3  -1145.6  -1145.6  2.99236  2.99236  
protocols.relax.FastRelax: CMD: accept_to_best  -1145.6  2.99236  2.99236  0.55
protocols.relax.FastRelax: CMD: endrepeat  -1145.6  2.99236  2.99236  0.55
protocols.relax.FastRelax: CMD: coord_cst_weight  76750.3  2.99236  2.99236  0.55
protocols.relax.FastRelax: CMD: scale:fa_rep  76426.5  2.99236  2.99236  0.022
core.pack.task: Packer task: initialize from command line() 
core.pack.pack_rotamers: built 7754 rotamers at 492 positions.
core.pack.interaction_graph.interaction_graph_factory: Instantiating DensePDInteractionGraph
protocols.relax.FastRelax: CMD: repack  76407  2.99236  2.99236  0.022
protocols.relax.FastRelax: CMD: scale:fa_rep  76413.1  2.99236  2.99236  0.02805
core.optimization.Minimizer: [ WARNING ] LBFGS MAX CYCLES 2000 EXCEEDED, BUT FUNC NOT CONVERGED!
protocols.relax.FastRelax: CMD: min  -1240.97  0.1774  0.1774  0.02805
protocols.relax.FastRelax: CMD: coord_cst_weight  -1309.85  0.1774  0.1774  0.02805
protocols.relax.FastRelax: CMD: scale:fa_rep  -891.119  0.1774  0.1774  0.14575
core.pack.task: Packer task: initialize from command line() 
core.pack.pack_rotamers: built 7347 rotamers at 492 positions.
core.pack.interaction_graph.interaction_graph_factory: Instantiating DensePDInteractionGraph
protocols.relax.FastRelax: CMD: repack  -1043.58  0.1774  0.1774  0.14575
protocols.relax.FastRelax: CMD: scale:fa_rep  -1023.67  0.1774  0.1774  0.154
protocols.relax.FastRelax: CMD: min  -1187.37  0.222279  0.222279  0.154
protocols.relax.FastRelax: CMD: coord_cst_weight  -1295.68  0.222279  0.222279  0.154
protocols.relax.FastRelax: CMD: scale:fa_rep  -1118.23  0.222279  0.222279  0.30745
core.pack.task: Packer task: initialize from command line() 
core.pack.pack_rotamers: built 7160 rotamers at 492 positions.
core.pack.interaction_graph.interaction_graph_factory: Instantiating DensePDInteractionGraph
protocols.relax.FastRelax: CMD: repack  -1119.21  0.222279  0.222279  0.30745
protocols.relax.FastRelax: CMD: scale:fa_rep  -1105.3  0.222279  0.222279  0.31955
protocols.relax.FastRelax: CMD: min  -1288.7  2.48546  2.48546  0.31955
protocols.relax.FastRelax: CMD: coord_cst_weight  -1288.7  2.48546  2.48546  0.31955
protocols.relax.FastRelax: CMD: scale:fa_rep  -1083.25  2.48546  2.48546  0.55
core.pack.task: Packer task: initialize from command line() 
core.pack.pack_rotamers: built 7028 rotamers at 492 positions.
core.pack.interaction_graph.interaction_graph_factory: Instantiating DensePDInteractionGraph
protocols.relax.FastRelax: CMD: repack  -1090.02  2.48546  2.48546  0.55
protocols.relax.FastRelax: CMD: min  -1149.7  2.95213  2.95213  0.55
protocols.relax.FastRelax: MRP: 4  -1149.7  -1149.7  2.95213  2.95213  
protocols.relax.FastRelax: CMD: accept_to_best  -1149.7  2.95213  2.95213  0.55
protocols.relax.FastRelax: CMD: endrepeat  -1149.7  2.95213  2.95213  0.55
protocols.relax.FastRelax: CMD: coord_cst_weight  79091.3  2.95213  2.95213  0.55
protocols.relax.FastRelax: CMD: scale:fa_rep  78766.3  2.95213  2.95213  0.022
core.pack.task: Packer task: initialize from command line() 
core.pack.pack_rotamers: built 7781 rotamers at 492 positions.
core.pack.interaction_graph.interaction_graph_factory: Instantiating DensePDInteractionGraph
protocols.relax.FastRelax: CMD: repack  78749.1  2.95213  2.95213  0.022
protocols.relax.FastRelax: CMD: scale:fa_rep  78756.8  2.95213  2.95213  0.02805
core.optimization.Minimizer: [ WARNING ] LBFGS MAX CYCLES 2000 EXCEEDED, BUT FUNC NOT CONVERGED!
protocols.relax.FastRelax: CMD: min  -1240.63  0.185601  0.185601  0.02805
protocols.relax.FastRelax: CMD: coord_cst_weight  -1318.33  0.185601  0.185601  0.02805
protocols.relax.FastRelax: CMD: scale:fa_rep  -944.662  0.185601  0.185601  0.14575
core.pack.task: Packer task: initialize from command line() 
core.pack.pack_rotamers: built 7335 rotamers at 492 positions.
core.pack.interaction_graph.interaction_graph_factory: Instantiating DensePDInteractionGraph
protocols.relax.FastRelax: CMD: repack  -1029.11  0.185601  0.185601  0.14575
protocols.relax.FastRelax: CMD: scale:fa_rep  -1008.86  0.185601  0.185601  0.154
protocols.relax.FastRelax: CMD: min  -1183.63  0.223924  0.223924  0.154
protocols.relax.FastRelax: CMD: coord_cst_weight  -1293.55  0.223924  0.223924  0.154
protocols.relax.FastRelax: CMD: scale:fa_rep  -1113.28  0.223924  0.223924  0.30745
core.pack.task: Packer task: initialize from command line() 
core.pack.pack_rotamers: built 7111 rotamers at 492 positions.
core.pack.interaction_graph.interaction_graph_factory: Instantiating DensePDInteractionGraph
protocols.relax.FastRelax: CMD: repack  -1115.3  0.223924  0.223924  0.30745
protocols.relax.FastRelax: CMD: scale:fa_rep  -1101.28  0.223924  0.223924  0.31955
protocols.relax.FastRelax: CMD: min  -1272.89  3.0965  3.0965  0.31955
protocols.relax.FastRelax: CMD: coord_cst_weight  -1272.89  3.0965  3.0965  0.31955
protocols.relax.FastRelax: CMD: scale:fa_rep  -1051.69  3.0965  3.0965  0.55
core.pack.task: Packer task: initialize from command line() 
core.pack.pack_rotamers: built 6994 rotamers at 492 positions.
core.pack.interaction_graph.interaction_graph_factory: Instantiating DensePDInteractionGraph
protocols.relax.FastRelax: CMD: repack  -1057.56  3.0965  3.0965  0.55
protocols.relax.FastRelax: CMD: min  -1148.03  2.90102  2.90102  0.55
protocols.relax.FastRelax: MRP: 5  -1148.03  -1149.7  2.95213  2.95213  
protocols.relax.FastRelax: CMD: accept_to_best  -1148.03  2.90102  2.90102  0.55
protocols.relax.FastRelax: CMD: endrepeat  -1148.03  2.90102  2.90102  0.55
protocols.relax.FastRelax: CMD: coord_cst_weight  45006  2.90102  2.90102  0.55
protocols.relax.FastRelax: CMD: scale:fa_rep  44679.1  2.90102  2.90102  0.022
core.pack.task: Packer task: initialize from command line() 
core.pack.pack_rotamers: built 7727 rotamers at 492 positions.
core.pack.interaction_graph.interaction_graph_factory: Instantiating DensePDInteractionGraph
protocols.relax.FastRelax: CMD: repack  44660.7  2.90102  2.90102  0.022
protocols.relax.FastRelax: CMD: scale:fa_rep  44668.3  2.90102  2.90102  0.02805
core.optimization.Minimizer: [ WARNING ] LBFGS MAX CYCLES 2000 EXCEEDED, BUT FUNC NOT CONVERGED!
protocols.relax.FastRelax: CMD: min  -1254.86  0.18486  0.18486  0.02805
protocols.relax.FastRelax: CMD: coord_cst_weight  -1330.95  0.18486  0.18486  0.02805
protocols.relax.FastRelax: CMD: scale:fa_rep  -956.401  0.18486  0.18486  0.14575
core.pack.task: Packer task: initialize from command line() 
core.pack.pack_rotamers: built 7345 rotamers at 492 positions.
core.pack.interaction_graph.interaction_graph_factory: Instantiating DensePDInteractionGraph
protocols.relax.FastRelax: CMD: repack  -1035.89  0.18486  0.18486  0.14575
protocols.relax.FastRelax: CMD: scale:fa_rep  -1014.88  0.18486  0.18486  0.154
protocols.relax.FastRelax: CMD: min  -1185.16  0.227906  0.227906  0.154
protocols.relax.FastRelax: CMD: coord_cst_weight  -1298.08  0.227906  0.227906  0.154
protocols.relax.FastRelax: CMD: scale:fa_rep  -1113.85  0.227906  0.227906  0.30745
core.pack.task: Packer task: initialize from command line() 
core.pack.pack_rotamers: built 7108 rotamers at 492 positions.
core.pack.interaction_graph.interaction_graph_factory: Instantiating DensePDInteractionGraph
protocols.relax.FastRelax: CMD: repack  -1115.73  0.227906  0.227906  0.30745
protocols.relax.FastRelax: CMD: scale:fa_rep  -1101.33  0.227906  0.227906  0.31955
protocols.relax.FastRelax: CMD: min  -1304.17  3.14214  3.14214  0.31955
protocols.relax.FastRelax: CMD: coord_cst_weight  -1304.17  3.14214  3.14214  0.31955
protocols.relax.FastRelax: CMD: scale:fa_rep  -1099.6  3.14214  3.14214  0.55
core.pack.task: Packer task: initialize from command line() 
core.pack.pack_rotamers: built 7063 rotamers at 492 positions.
core.pack.interaction_graph.interaction_graph_factory: Instantiating DensePDInteractionGraph
protocols.relax.FastRelax: CMD: repack  -1104.94  3.14214  3.14214  0.55
protocols.relax.FastRelax: CMD: min  -1159.36  3.49741  3.49741  0.55
protocols.relax.FastRelax: MRP: 6  -1159.36  -1159.36  3.49741  3.49741  
protocols.relax.FastRelax: CMD: accept_to_best  -1159.36  3.49741  3.49741  0.55
protocols.relax.FastRelax: CMD: endrepeat  -1159.36  3.49741  3.49741  0.55
protocols.relax.FastRelax: CMD: coord_cst_weight  53889.2  3.49741  3.49741  0.55
protocols.relax.FastRelax: CMD: scale:fa_rep  53562.3  3.49741  3.49741  0.022
core.pack.task: Packer task: initialize from command line() 
core.pack.pack_rotamers: built 7750 rotamers at 492 positions.
core.pack.interaction_graph.interaction_graph_factory: Instantiating DensePDInteractionGraph
protocols.relax.FastRelax: CMD: repack  53554.4  3.49741  3.49741  0.022
protocols.relax.FastRelax: CMD: scale:fa_rep  53562.7  3.49741  3.49741  0.02805
core.optimization.Minimizer: [ WARNING ] LBFGS MAX CYCLES 2000 EXCEEDED, BUT FUNC NOT CONVERGED!
protocols.relax.FastRelax: CMD: min  -1252.59  0.1838  0.1838  0.02805
protocols.relax.FastRelax: CMD: coord_cst_weight  -1326.49  0.1838  0.1838  0.02805
protocols.relax.FastRelax: CMD: scale:fa_rep  -989.381  0.1838  0.1838  0.14575
core.pack.task: Packer task: initialize from command line() 
core.pack.pack_rotamers: built 7339 rotamers at 492 positions.
core.pack.interaction_graph.interaction_graph_factory: Instantiating DensePDInteractionGraph
protocols.relax.FastRelax: CMD: repack  -1041.48  0.1838  0.1838  0.14575
protocols.relax.FastRelax: CMD: scale:fa_rep  -1021.17  0.1838  0.1838  0.154
protocols.relax.FastRelax: CMD: min  -1182.45  0.226413  0.226413  0.154
protocols.relax.FastRelax: CMD: coord_cst_weight  -1294.41  0.226413  0.226413  0.154
protocols.relax.FastRelax: CMD: scale:fa_rep  -1109.77  0.226413  0.226413  0.30745
core.pack.task: Packer task: initialize from command line() 
core.pack.pack_rotamers: built 7112 rotamers at 492 positions.
core.pack.interaction_graph.interaction_graph_factory: Instantiating DensePDInteractionGraph
protocols.relax.FastRelax: CMD: repack  -1111.06  0.226413  0.226413  0.30745
protocols.relax.FastRelax: CMD: scale:fa_rep  -1096.75  0.226413  0.226413  0.31955
protocols.relax.FastRelax: CMD: min  -1297.05  2.90539  2.90539  0.31955
protocols.relax.FastRelax: CMD: coord_cst_weight  -1297.05  2.90539  2.90539  0.31955
protocols.relax.FastRelax: CMD: scale:fa_rep  -1094.13  2.90539  2.90539  0.55
core.pack.task: Packer task: initialize from command line() 
core.pack.pack_rotamers: built 6932 rotamers at 492 positions.
core.pack.interaction_graph.interaction_graph_factory: Instantiating DensePDInteractionGraph
protocols.relax.FastRelax: CMD: repack  -1098  2.90539  2.90539  0.55
protocols.relax.FastRelax: CMD: min  -1151.3  3.16458  3.16458  0.55
protocols.relax.FastRelax: MRP: 7  -1151.3  -1159.36  3.49741  3.49741  
protocols.relax.FastRelax: CMD: accept_to_best  -1151.3  3.16458  3.16458  0.55
protocols.relax.FastRelax: CMD: endrepeat  -1151.3  3.16458  3.16458  0.55
protocols.relax.FastRelax: CMD: coord_cst_weight  41514  3.16458  3.16458  0.55
protocols.relax.FastRelax: CMD: scale:fa_rep  41187.5  3.16458  3.16458  0.022
core.pack.task: Packer task: initialize from command line() 
core.pack.pack_rotamers: built 7716 rotamers at 492 positions.
core.pack.interaction_graph.interaction_graph_factory: Instantiating DensePDInteractionGraph
protocols.relax.FastRelax: CMD: repack  41185.6  3.16458  3.16458  0.022
protocols.relax.FastRelax: CMD: scale:fa_rep  41193.5  3.16458  3.16458  0.02805
core.optimization.Minimizer: [ WARNING ] LBFGS MAX CYCLES 2000 EXCEEDED, BUT FUNC NOT CONVERGED!
protocols.relax.FastRelax: CMD: min  -1272.97  0.181931  0.181931  0.02805
protocols.relax.FastRelax: CMD: coord_cst_weight  -1344.79  0.181931  0.181931  0.02805
protocols.relax.FastRelax: CMD: scale:fa_rep  -1021.59  0.181931  0.181931  0.14575
core.pack.task: Packer task: initialize from command line() 
core.pack.pack_rotamers: built 7300 rotamers at 492 positions.
core.pack.interaction_graph.interaction_graph_factory: Instantiating DensePDInteractionGraph
protocols.relax.FastRelax: CMD: repack  -1053.12  0.181931  0.181931  0.14575
protocols.relax.FastRelax: CMD: scale:fa_rep  -1032.89  0.181931  0.181931  0.154
protocols.relax.FastRelax: CMD: min  -1179.66  0.226417  0.226417  0.154
protocols.relax.FastRelax: CMD: coord_cst_weight  -1292.95  0.226417  0.226417  0.154
protocols.relax.FastRelax: CMD: scale:fa_rep  -1107.89  0.226417  0.226417  0.30745
core.pack.task: Packer task: initialize from command line() 
core.pack.pack_rotamers: built 7114 rotamers at 492 positions.
core.pack.interaction_graph.interaction_graph_factory: Instantiating DensePDInteractionGraph
protocols.relax.FastRelax: CMD: repack  -1109.12  0.226417  0.226417  0.30745
protocols.relax.FastRelax: CMD: scale:fa_rep  -1094.64  0.226417  0.226417  0.31955
protocols.relax.FastRelax: CMD: min  -1286.48  2.42152  2.42152  0.31955
protocols.relax.FastRelax: CMD: coord_cst_weight  -1286.48  2.42152  2.42152  0.31955
protocols.relax.FastRelax: CMD: scale:fa_rep  -1081.24  2.42152  2.42152  0.55
core.pack.task: Packer task: initialize from command line() 
core.pack.pack_rotamers: built 6923 rotamers at 492 positions.
core.pack.interaction_graph.interaction_graph_factory: Instantiating DensePDInteractionGraph
protocols.relax.FastRelax: CMD: repack  -1088.31  2.42152  2.42152  0.55
protocols.relax.FastRelax: CMD: min  -1151.97  3.10328  3.10328  0.55
protocols.relax.FastRelax: MRP: 8  -1151.97  -1159.36  3.49741  3.49741  
protocols.relax.FastRelax: CMD: accept_to_best  -1151.97  3.10328  3.10328  0.55
protocols.relax.FastRelax: CMD: endrepeat  -1151.97  3.10328  3.10328  0.55
protocols.relax.FastRelax: CMD: coord_cst_weight  44580.3  3.10328  3.10328  0.55
protocols.relax.FastRelax: CMD: scale:fa_rep  44251.6  3.10328  3.10328  0.022
core.pack.task: Packer task: initialize from command line() 
core.pack.pack_rotamers: built 7723 rotamers at 492 positions.
core.pack.interaction_graph.interaction_graph_factory: Instantiating DensePDInteractionGraph
protocols.relax.FastRelax: CMD: repack  44235.8  3.10328  3.10328  0.022
protocols.relax.FastRelax: CMD: scale:fa_rep  44242  3.10328  3.10328  0.02805
core.optimization.Minimizer: [ WARNING ] LBFGS MAX CYCLES 2000 EXCEEDED, BUT FUNC NOT CONVERGED!
protocols.relax.FastRelax: CMD: min  -1258.19  0.188177  0.188177  0.02805
protocols.relax.FastRelax: CMD: coord_cst_weight  -1337.56  0.188177  0.188177  0.02805
protocols.relax.FastRelax: CMD: scale:fa_rep  -981.166  0.188177  0.188177  0.14575
core.pack.task: Packer task: initialize from command line() 
core.pack.pack_rotamers: built 7271 rotamers at 492 positions.
core.pack.interaction_graph.interaction_graph_factory: Instantiating DensePDInteractionGraph
protocols.relax.FastRelax: CMD: repack  -1044.43  0.188177  0.188177  0.14575
protocols.relax.FastRelax: CMD: scale:fa_rep  -1023.94  0.188177  0.188177  0.154
protocols.relax.FastRelax: CMD: min  -1185.09  0.227075  0.227075  0.154
protocols.relax.FastRelax: CMD: coord_cst_weight  -1300.72  0.227075  0.227075  0.154
protocols.relax.FastRelax: CMD: scale:fa_rep  -1116.96  0.227075  0.227075  0.30745
core.pack.task: Packer task: initialize from command line() 
core.pack.pack_rotamers: built 7089 rotamers at 492 positions.
core.pack.interaction_graph.interaction_graph_factory: Instantiating DensePDInteractionGraph
protocols.relax.FastRelax: CMD: repack  -1118.6  0.227075  0.227075  0.30745
protocols.relax.FastRelax: CMD: scale:fa_rep  -1104.23  0.227075  0.227075  0.31955
protocols.relax.FastRelax: CMD: min  -1303.47  3.04521  3.04521  0.31955
protocols.relax.FastRelax: CMD: coord_cst_weight  -1303.47  3.04521  3.04521  0.31955
protocols.relax.FastRelax: CMD: scale:fa_rep  -1099.02  3.04521  3.04521  0.55
core.pack.task: Packer task: initialize from command line() 
core.pack.pack_rotamers: built 6954 rotamers at 492 positions.
core.pack.interaction_graph.interaction_graph_factory: Instantiating DensePDInteractionGraph
protocols.relax.FastRelax: CMD: repack  -1101.49  3.04521  3.04521  0.55
protocols.relax.FastRelax: CMD: min  -1156.17  3.39891  3.39891  0.55
protocols.relax.FastRelax: MRP: 9  -1156.17  -1159.36  3.49741  3.49741  
protocols.relax.FastRelax: CMD: accept_to_best  -1156.17  3.39891  3.39891  0.55
protocols.relax.FastRelax: CMD: endrepeat  -1156.17  3.39891  3.39891  0.55
protocols.relax.FastRelax: CMD: coord_cst_weight  48660.1  3.39891  3.39891  0.55
protocols.relax.FastRelax: CMD: scale:fa_rep  48333.4  3.39891  3.39891  0.022
core.pack.task: Packer task: initialize from command line() 
core.pack.pack_rotamers: built 7729 rotamers at 492 positions.
core.pack.interaction_graph.interaction_graph_factory: Instantiating DensePDInteractionGraph
protocols.relax.FastRelax: CMD: repack  48321.3  3.39891  3.39891  0.022
protocols.relax.FastRelax: CMD: scale:fa_rep  48329.1  3.39891  3.39891  0.02805
core.optimization.Minimizer: [ WARNING ] LBFGS MAX CYCLES 2000 EXCEEDED, BUT FUNC NOT CONVERGED!
protocols.relax.FastRelax: CMD: min  -1271.29  0.180249  0.180249  0.02805
protocols.relax.FastRelax: CMD: coord_cst_weight  -1343.55  0.180249  0.180249  0.02805
protocols.relax.FastRelax: CMD: scale:fa_rep  -1010.97  0.180249  0.180249  0.14575
core.pack.task: Packer task: initialize from command line() 
core.pack.pack_rotamers: built 7305 rotamers at 492 positions.
core.pack.interaction_graph.interaction_graph_factory: Instantiating DensePDInteractionGraph
protocols.relax.FastRelax: CMD: repack  -1048.28  0.180249  0.180249  0.14575
protocols.relax.FastRelax: CMD: scale:fa_rep  -1027.71  0.180249  0.180249  0.154
protocols.relax.FastRelax: CMD: min  -1180.73  0.223441  0.223441  0.154
protocols.relax.FastRelax: CMD: coord_cst_weight  -1294  0.223441  0.223441  0.154
protocols.relax.FastRelax: CMD: scale:fa_rep  -1109.66  0.223441  0.223441  0.30745
core.pack.task: Packer task: initialize from command line() 
core.pack.pack_rotamers: built 7112 rotamers at 492 positions.
core.pack.interaction_graph.interaction_graph_factory: Instantiating DensePDInteractionGraph
protocols.relax.FastRelax: CMD: repack  -1110.94  0.223441  0.223441  0.30745
protocols.relax.FastRelax: CMD: scale:fa_rep  -1096.54  0.223441  0.223441  0.31955
protocols.relax.FastRelax: CMD: min  -1296.66  3.00039  3.00039  0.31955
protocols.relax.FastRelax: CMD: coord_cst_weight  -1296.66  3.00039  3.00039  0.31955
protocols.relax.FastRelax: CMD: scale:fa_rep  -1093.39  3.00039  3.00039  0.55
core.pack.task: Packer task: initialize from command line() 
core.pack.pack_rotamers: built 6966 rotamers at 492 positions.
core.pack.interaction_graph.interaction_graph_factory: Instantiating DensePDInteractionGraph
protocols.relax.FastRelax: CMD: repack  -1096.9  3.00039  3.00039  0.55
protocols.relax.FastRelax: CMD: min  -1146.5  3.22064  3.22064  0.55
protocols.relax.FastRelax: MRP: 10  -1146.5  -1159.36  3.49741  3.49741  
protocols.relax.FastRelax: CMD: accept_to_best  -1146.5  3.22064  3.22064  0.55
protocols.relax.FastRelax: CMD: endrepeat  -1146.5  3.22064  3.22064  0.55
protocols.relax.FastRelax: CMD: coord_cst_weight  42710.9  3.22064  3.22064  0.55
protocols.relax.FastRelax: CMD: scale:fa_rep  42383.6  3.22064  3.22064  0.022
core.pack.task: Packer task: initialize from command line() 
core.pack.pack_rotamers: built 7768 rotamers at 492 positions.
core.pack.interaction_graph.interaction_graph_factory: Instantiating DensePDInteractionGraph
protocols.relax.FastRelax: CMD: repack  42364.2  3.22064  3.22064  0.022
protocols.relax.FastRelax: CMD: scale:fa_rep  42370.1  3.22064  3.22064  0.02805
core.optimization.Minimizer: [ WARNING ] LBFGS MAX CYCLES 2000 EXCEEDED, BUT FUNC NOT CONVERGED!
protocols.relax.FastRelax: CMD: min  -1273.67  0.181778  0.181778  0.02805
protocols.relax.FastRelax: CMD: coord_cst_weight  -1346.86  0.181778  0.181778  0.02805
protocols.relax.FastRelax: CMD: scale:fa_rep  -1026.37  0.181778  0.181778  0.14575
core.pack.task: Packer task: initialize from command line() 
core.pack.pack_rotamers: built 7321 rotamers at 492 positions.
core.pack.interaction_graph.interaction_graph_factory: Instantiating DensePDInteractionGraph
protocols.relax.FastRelax: CMD: repack  -1052.74  0.181778  0.181778  0.14575
protocols.relax.FastRelax: CMD: scale:fa_rep  -1032.42  0.181778  0.181778  0.154
protocols.relax.FastRelax: CMD: min  -1182.67  0.22429  0.22429  0.154
protocols.relax.FastRelax: CMD: coord_cst_weight  -1296.68  0.22429  0.22429  0.154
protocols.relax.FastRelax: CMD: scale:fa_rep  -1112.4  0.22429  0.22429  0.30745
core.pack.task: Packer task: initialize from command line() 
core.pack.pack_rotamers: built 7082 rotamers at 492 positions.
core.pack.interaction_graph.interaction_graph_factory: Instantiating DensePDInteractionGraph
protocols.relax.FastRelax: CMD: repack  -1113.22  0.22429  0.22429  0.30745
protocols.relax.FastRelax: CMD: scale:fa_rep  -1098.78  0.22429  0.22429  0.31955
protocols.relax.FastRelax: CMD: min  -1291.27  2.81092  2.81092  0.31955
protocols.relax.FastRelax: CMD: coord_cst_weight  -1291.27  2.81092  2.81092  0.31955
protocols.relax.FastRelax: CMD: scale:fa_rep  -1086.22  2.81092  2.81092  0.55
core.pack.task: Packer task: initialize from command line() 
core.pack.pack_rotamers: built 6932 rotamers at 492 positions.
core.pack.interaction_graph.interaction_graph_factory: Instantiating DensePDInteractionGraph
protocols.relax.FastRelax: CMD: repack  -1088.35  2.81092  2.81092  0.55
protocols.relax.FastRelax: CMD: min  -1144.5  2.90425  2.90425  0.55
protocols.relax.FastRelax: MRP: 11  -1144.5  -1159.36  3.49741  3.49741  
protocols.relax.FastRelax: CMD: accept_to_best  -1144.5  2.90425  2.90425  0.55
protocols.relax.FastRelax: CMD: endrepeat  -1144.5  2.90425  2.90425  0.55
protocols.relax.FastRelax: CMD: coord_cst_weight  35134.9  2.90425  2.90425  0.55
protocols.relax.FastRelax: CMD: scale:fa_rep  34807.9  2.90425  2.90425  0.022
core.pack.task: Packer task: initialize from command line() 
core.pack.pack_rotamers: built 7737 rotamers at 492 positions.
core.pack.interaction_graph.interaction_graph_factory: Instantiating DensePDInteractionGraph
protocols.relax.FastRelax: CMD: repack  34794.5  2.90425  2.90425  0.022
protocols.relax.FastRelax: CMD: scale:fa_rep  34801.7  2.90425  2.90425  0.02805
core.optimization.Minimizer: [ WARNING ] LBFGS MAX CYCLES 2000 EXCEEDED, BUT FUNC NOT CONVERGED!
protocols.relax.FastRelax: CMD: min  -1282.43  0.180757  0.180757  0.02805
protocols.relax.FastRelax: CMD: coord_cst_weight  -1355.4  0.180757  0.180757  0.02805
protocols.relax.FastRelax: CMD: scale:fa_rep  -1036.74  0.180757  0.180757  0.14575
core.pack.task: Packer task: initialize from command line() 
core.pack.pack_rotamers: built 7277 rotamers at 492 positions.
core.pack.interaction_graph.interaction_graph_factory: Instantiating DensePDInteractionGraph
protocols.relax.FastRelax: CMD: repack  -1063.33  0.180757  0.180757  0.14575
protocols.relax.FastRelax: CMD: scale:fa_rep  -1043.06  0.180757  0.180757  0.154
protocols.relax.FastRelax: CMD: min  -1188.83  0.224879  0.224879  0.154
protocols.relax.FastRelax: CMD: coord_cst_weight  -1302.83  0.224879  0.224879  0.154
protocols.relax.FastRelax: CMD: scale:fa_rep  -1117.36  0.224879  0.224879  0.30745
core.pack.task: Packer task: initialize from command line() 
core.pack.pack_rotamers: built 7098 rotamers at 492 positions.
core.pack.interaction_graph.interaction_graph_factory: Instantiating DensePDInteractionGraph
protocols.relax.FastRelax: CMD: repack  -1118.28  0.224879  0.224879  0.30745
protocols.relax.FastRelax: CMD: scale:fa_rep  -1103.74  0.224879  0.224879  0.31955
protocols.relax.FastRelax: CMD: min  -1293.25  3.03563  3.03563  0.31955
protocols.relax.FastRelax: CMD: coord_cst_weight  -1293.25  3.03563  3.03563  0.31955
protocols.relax.FastRelax: CMD: scale:fa_rep  -1087.23  3.03563  3.03563  0.55
core.pack.task: Packer task: initialize from command line() 
core.pack.pack_rotamers: built 6936 rotamers at 492 positions.
core.pack.interaction_graph.interaction_graph_factory: Instantiating DensePDInteractionGraph
protocols.relax.FastRelax: CMD: repack  -1094.56  3.03563  3.03563  0.55
protocols.relax.FastRelax: CMD: min  -1149.46  3.37696  3.37696  0.55
protocols.relax.FastRelax: MRP: 12  -1149.46  -1159.36  3.49741  3.49741  
protocols.relax.FastRelax: CMD: accept_to_best  -1149.46  3.37696  3.37696  0.55
protocols.relax.FastRelax: CMD: endrepeat  -1149.46  3.37696  3.37696  0.55
protocols.relax.FastRelax: CMD: coord_cst_weight  50202.4  3.37696  3.37696  0.55
protocols.relax.FastRelax: CMD: scale:fa_rep  49876.3  3.37696  3.37696  0.022
core.pack.task: Packer task: initialize from command line() 
core.pack.pack_rotamers: built 7736 rotamers at 492 positions.
core.pack.interaction_graph.interaction_graph_factory: Instantiating DensePDInteractionGraph
protocols.relax.FastRelax: CMD: repack  49864.7  3.37696  3.37696  0.022
protocols.relax.FastRelax: CMD: scale:fa_rep  49872.7  3.37696  3.37696  0.02805
core.optimization.Minimizer: [ WARNING ] LBFGS MAX CYCLES 2000 EXCEEDED, BUT FUNC NOT CONVERGED!
protocols.relax.FastRelax: CMD: min  -1268.14  0.183685  0.183685  0.02805
protocols.relax.FastRelax: CMD: coord_cst_weight  -1343.32  0.183685  0.183685  0.02805
protocols.relax.FastRelax: CMD: scale:fa_rep  -1000.13  0.183685  0.183685  0.14575
core.pack.task: Packer task: initialize from command line() 
core.pack.pack_rotamers: built 7308 rotamers at 492 positions.
core.pack.interaction_graph.interaction_graph_factory: Instantiating DensePDInteractionGraph
protocols.relax.FastRelax: CMD: repack  -1043.3  0.183685  0.183685  0.14575
protocols.relax.FastRelax: CMD: scale:fa_rep  -1022.07  0.183685  0.183685  0.154
protocols.relax.FastRelax: CMD: min  -1186.33  0.227668  0.227668  0.154
protocols.relax.FastRelax: CMD: coord_cst_weight  -1302.91  0.227668  0.227668  0.154
protocols.relax.FastRelax: CMD: scale:fa_rep  -1114.44  0.227668  0.227668  0.30745
core.pack.task: Packer task: initialize from command line() 
core.pack.pack_rotamers: built 7081 rotamers at 492 positions.
core.pack.interaction_graph.interaction_graph_factory: Instantiating DensePDInteractionGraph
protocols.relax.FastRelax: CMD: repack  -1115.97  0.227668  0.227668  0.30745
protocols.relax.FastRelax: CMD: scale:fa_rep  -1101.27  0.227668  0.227668  0.31955
protocols.relax.FastRelax: CMD: min  -1296.38  3.34027  3.34027  0.31955
protocols.relax.FastRelax: CMD: coord_cst_weight  -1296.38  3.34027  3.34027  0.31955
protocols.relax.FastRelax: CMD: scale:fa_rep  -1092.24  3.34027  3.34027  0.55
core.pack.task: Packer task: initialize from command line() 
core.pack.pack_rotamers: built 6980 rotamers at 492 positions.
core.pack.interaction_graph.interaction_graph_factory: Instantiating DensePDInteractionGraph
protocols.relax.FastRelax: CMD: repack  -1097.35  3.34027  3.34027  0.55
protocols.relax.FastRelax: CMD: min  -1148.92  3.54794  3.54794  0.55
protocols.relax.FastRelax: MRP: 13  -1148.92  -1159.36  3.49741  3.49741  
protocols.relax.FastRelax: CMD: accept_to_best  -1148.92  3.54794  3.54794  0.55
protocols.relax.FastRelax: CMD: endrepeat  -1148.92  3.54794  3.54794  0.55
protocols.relax.FastRelax: CMD: coord_cst_weight  56374.2  3.54794  3.54794  0.55
protocols.relax.FastRelax: CMD: scale:fa_rep  56046.5  3.54794  3.54794  0.022
core.pack.task: Packer task: initialize from command line() 
core.pack.pack_rotamers: built 7728 rotamers at 492 positions.
core.pack.interaction_graph.interaction_graph_factory: Instantiating DensePDInteractionGraph
protocols.relax.FastRelax: CMD: repack  56037.6  3.54794  3.54794  0.022
protocols.relax.FastRelax: CMD: scale:fa_rep  56045  3.54794  3.54794  0.02805
core.optimization.Minimizer: [ WARNING ] LBFGS MAX CYCLES 2000 EXCEEDED, BUT FUNC NOT CONVERGED!
protocols.relax.FastRelax: CMD: min  -1269.85  0.184559  0.184559  0.02805
protocols.relax.FastRelax: CMD: coord_cst_weight  -1344.93  0.184559  0.184559  0.02805
protocols.relax.FastRelax: CMD: scale:fa_rep  -997.293  0.184559  0.184559  0.14575
core.pack.task: Packer task: initialize from command line() 
core.pack.pack_rotamers: built 7320 rotamers at 492 positions.
core.pack.interaction_graph.interaction_graph_factory: Instantiating DensePDInteractionGraph
protocols.relax.FastRelax: CMD: repack  -1041.98  0.184559  0.184559  0.14575
protocols.relax.FastRelax: CMD: scale:fa_rep  -1020.85  0.184559  0.184559  0.154
protocols.relax.FastRelax: CMD: min  -1187.28  0.226779  0.226779  0.154
protocols.relax.FastRelax: CMD: coord_cst_weight  -1302.4  0.226779  0.226779  0.154
protocols.relax.FastRelax: CMD: scale:fa_rep  -1117.46  0.226779  0.226779  0.30745
core.pack.task: Packer task: initialize from command line() 
core.pack.pack_rotamers: built 7104 rotamers at 492 positions.
core.pack.interaction_graph.interaction_graph_factory: Instantiating DensePDInteractionGraph
protocols.relax.FastRelax: CMD: repack  -1118.35  0.226779  0.226779  0.30745
protocols.relax.FastRelax: CMD: scale:fa_rep  -1103.88  0.226779  0.226779  0.31955
protocols.relax.FastRelax: CMD: min  -1296.35  3.29409  3.29409  0.31955
protocols.relax.FastRelax: CMD: coord_cst_weight  -1296.35  3.29409  3.29409  0.31955
protocols.relax.FastRelax: CMD: scale:fa_rep  -1091.63  3.29409  3.29409  0.55
core.pack.task: Packer task: initialize from command line() 
core.pack.pack_rotamers: built 6973 rotamers at 492 positions.
core.pack.interaction_graph.interaction_graph_factory: Instantiating DensePDInteractionGraph
protocols.relax.FastRelax: CMD: repack  -1102.07  3.29409  3.29409  0.55
protocols.relax.FastRelax: CMD: min  -1153.92  3.63159  3.63159  0.55
protocols.relax.FastRelax: MRP: 14  -1153.92  -1159.36  3.49741  3.49741  
protocols.relax.FastRelax: CMD: accept_to_best  -1153.92  3.63159  3.63159  0.55
protocols.relax.FastRelax: CMD: endrepeat  -1153.92  3.63159  3.63159  0.55
protocols::checkpoint: Deleting checkpoints of FastRelax
protocols.jd2.JobDistributor: target.BL00010001_5_0003 reported success in 13579 seconds
protocols.jd2.PDBJobInputter: PDBJobInputter::pose_from_job
protocols.jd2.PDBJobInputter: filling pose from PDB ../1-modeller/target.BL00010001.pdb
core.import_pose.import_pose: File '../1-modeller/target.BL00010001.pdb' automatically determined to be of type PDB from contents.
core.io.rcsb.ExperimentalTechnique: [ ERROR ] Unrecognized experimental technique string 'THEORETICAL MODEL, MODELLER 10.8 2026/08/10 16:18:02'
protocols.relax.FastRelax: CMD: repeat  4476.34  0  0  0.55
protocols.relax.FastRelax: CMD: coord_cst_weight  4476.34  0  0  0.55
protocols.relax.FastRelax: CMD: scale:fa_rep  806.987  0  0  0.022
core.pack.task: Packer task: initialize from command line() 
core.pack.pack_rotamers: built 8129 rotamers at 492 positions.
core.pack.interaction_graph.interaction_graph_factory: Instantiating DensePDInteractionGraph
protocols.relax.FastRelax: CMD: repack  -880.026  0  0  0.022
protocols.relax.FastRelax: CMD: scale:fa_rep  -841.733  0  0  0.02805
core.optimization.Minimizer: [ WARNING ] LBFGS MAX CYCLES 2000 EXCEEDED, BUT FUNC NOT CONVERGED!
protocols.relax.FastRelax: CMD: min  -1297.15  0.14844  0.14844  0.02805
protocols.relax.FastRelax: CMD: coord_cst_weight  -1343.93  0.14844  0.14844  0.02805
protocols.relax.FastRelax: CMD: scale:fa_rep  -949.697  0.14844  0.14844  0.14575
core.pack.task: Packer task: initialize from command line() 
core.pack.pack_rotamers: built 7405 rotamers at 492 positions.
core.pack.interaction_graph.interaction_graph_factory: Instantiating DensePDInteractionGraph
protocols.relax.FastRelax: CMD: repack  -984.253  0.14844  0.14844  0.14575
protocols.relax.FastRelax: CMD: scale:fa_rep  -961.552  0.14844  0.14844  0.154
protocols.relax.FastRelax: CMD: min  -1155.83  0.203804  0.203804  0.154
protocols.relax.FastRelax: CMD: coord_cst_weight  -1244.39  0.203804  0.203804  0.154
protocols.relax.FastRelax: CMD: scale:fa_rep  -1048.79  0.203804  0.203804  0.30745
core.pack.task: Packer task: initialize from command line() 
core.pack.pack_rotamers: built 7230 rotamers at 492 positions.
core.pack.interaction_graph.interaction_graph_factory: Instantiating DensePDInteractionGraph
protocols.relax.FastRelax: CMD: repack  -1042.72  0.203804  0.203804  0.30745
protocols.relax.FastRelax: CMD: scale:fa_rep  -1027.5  0.203804  0.203804  0.31955
protocols.relax.FastRelax: CMD: min  -1245.49  3.06622  3.06622  0.31955
protocols.relax.FastRelax: CMD: coord_cst_weight  -1245.49  3.06622  3.06622  0.31955
protocols.relax.FastRelax: CMD: scale:fa_rep  -1037.12  3.06622  3.06622  0.55
core.pack.task: Packer task: initialize from command line() 
core.pack.pack_rotamers: built 7107 rotamers at 492 positions.
core.pack.interaction_graph.interaction_graph_factory: Instantiating DensePDInteractionGraph
protocols.relax.FastRelax: CMD: repack  -1042.58  3.06622  3.06622  0.55
protocols.relax.FastRelax: CMD: min  -1105.71  3.16772  3.16772  0.55
protocols.relax.FastRelax: MRP: 0  -1105.71  -1105.71  3.16772  3.16772  
protocols.relax.FastRelax: CMD: accept_to_best  -1105.71  3.16772  3.16772  0.55
protocols.relax.FastRelax: CMD: endrepeat  -1105.71  3.16772  3.16772  0.55
protocols.relax.FastRelax: CMD: coord_cst_weight  79812.1  3.16772  3.16772  0.55
protocols.relax.FastRelax: CMD: scale:fa_rep  79484  3.16772  3.16772  0.022
core.pack.task: Packer task: initialize from command line() 
core.pack.pack_rotamers: built 7929 rotamers at 492 positions.
core.pack.interaction_graph.interaction_graph_factory: Instantiating DensePDInteractionGraph
protocols.relax.FastRelax: CMD: repack  79456.4  3.16772  3.16772  0.022
protocols.relax.FastRelax: CMD: scale:fa_rep  79466.5  3.16772  3.16772  0.02805
core.optimization.Minimizer: [ WARNING ] LBFGS MAX CYCLES 2000 EXCEEDED, BUT FUNC NOT CONVERGED!
protocols.relax.FastRelax: CMD: min  -1253.26  0.185545  0.185545  0.02805
protocols.relax.FastRelax: CMD: coord_cst_weight  -1324.77  0.185545  0.185545  0.02805
protocols.relax.FastRelax: CMD: scale:fa_rep  -972.077  0.185545  0.185545  0.14575
core.pack.task: Packer task: initialize from command line() 
core.pack.pack_rotamers: built 7390 rotamers at 492 positions.
core.pack.interaction_graph.interaction_graph_factory: Instantiating DensePDInteractionGraph
protocols.relax.FastRelax: CMD: repack  -1023.51  0.185545  0.185545  0.14575
protocols.relax.FastRelax: CMD: scale:fa_rep  -1002.79  0.185545  0.185545  0.154
protocols.relax.FastRelax: CMD: min  -1182.53  0.21917  0.21917  0.154
protocols.relax.FastRelax: CMD: coord_cst_weight  -1286.29  0.21917  0.21917  0.154
protocols.relax.FastRelax: CMD: scale:fa_rep  -1099.41  0.21917  0.21917  0.30745
core.pack.task: Packer task: initialize from command line() 
core.pack.pack_rotamers: built 7168 rotamers at 492 positions.
core.pack.interaction_graph.interaction_graph_factory: Instantiating DensePDInteractionGraph
protocols.relax.FastRelax: CMD: repack  -1101.66  0.21917  0.21917  0.30745
protocols.relax.FastRelax: CMD: scale:fa_rep  -1087.2  0.21917  0.21917  0.31955
protocols.relax.FastRelax: CMD: min  -1109.67  3.80516  3.80516  0.31955
protocols.relax.FastRelax: CMD: coord_cst_weight  -1109.67  3.80516  3.80516  0.31955
protocols.relax.FastRelax: CMD: scale:fa_rep  -783.548  3.80516  3.80516  0.55
core.pack.task: Packer task: initialize from command line() 
core.pack.pack_rotamers: built 6954 rotamers at 492 positions.
core.pack.interaction_graph.interaction_graph_factory: Instantiating DensePDInteractionGraph
protocols.relax.FastRelax: CMD: repack  -1074.33  3.80516  3.80516  0.55
protocols.relax.FastRelax: CMD: min  -1132.58  3.78624  3.78624  0.55
protocols.relax.FastRelax: MRP: 1  -1132.58  -1132.58  3.78624  3.78624  
protocols.relax.FastRelax: CMD: accept_to_best  -1132.58  3.78624  3.78624  0.55
protocols.relax.FastRelax: CMD: endrepeat  -1132.58  3.78624  3.78624  0.55
protocols.relax.FastRelax: CMD: coord_cst_weight  76574.9  3.78624  3.78624  0.55
protocols.relax.FastRelax: CMD: scale:fa_rep  76246.4  3.78624  3.78624  0.022
core.pack.task: Packer task: initialize from command line() 
core.pack.pack_rotamers: built 7803 rotamers at 492 positions.
core.pack.interaction_graph.interaction_graph_factory: Instantiating DensePDInteractionGraph
protocols.relax.FastRelax: CMD: repack  76220.8  3.78624  3.78624  0.022
protocols.relax.FastRelax: CMD: scale:fa_rep  76227.6  3.78624  3.78624  0.02805
core.optimization.Minimizer: [ WARNING ] LBFGS MAX CYCLES 2000 EXCEEDED, BUT FUNC NOT CONVERGED!
protocols.relax.FastRelax: CMD: min  -1276.27  0.184976  0.184976  0.02805
protocols.relax.FastRelax: CMD: coord_cst_weight  -1348.33  0.184976  0.184976  0.02805
protocols.relax.FastRelax: CMD: scale:fa_rep  -1030.42  0.184976  0.184976  0.14575
core.pack.task: Packer task: initialize from command line() 
core.pack.pack_rotamers: built 7386 rotamers at 492 positions.
core.pack.interaction_graph.interaction_graph_factory: Instantiating DensePDInteractionGraph
protocols.relax.FastRelax: CMD: repack  -1062.41  0.184976  0.184976  0.14575
protocols.relax.FastRelax: CMD: scale:fa_rep  -1042.03  0.184976  0.184976  0.154
protocols.relax.FastRelax: CMD: min  -1199.73  0.225528  0.225528  0.154
protocols.relax.FastRelax: CMD: coord_cst_weight  -1307.96  0.225528  0.225528  0.154
protocols.relax.FastRelax: CMD: scale:fa_rep  -1121.1  0.225528  0.225528  0.30745
core.pack.task: Packer task: initialize from command line() 
core.pack.pack_rotamers: built 7182 rotamers at 492 positions.
core.pack.interaction_graph.interaction_graph_factory: Instantiating DensePDInteractionGraph
protocols.relax.FastRelax: CMD: repack  -1123.09  0.225528  0.225528  0.30745
protocols.relax.FastRelax: CMD: scale:fa_rep  -1108.69  0.225528  0.225528  0.31955
protocols.relax.FastRelax: CMD: min  -1289.4  2.86571  2.86571  0.31955
protocols.relax.FastRelax: CMD: coord_cst_weight  -1289.4  2.86571  2.86571  0.31955
protocols.relax.FastRelax: CMD: scale:fa_rep  -1080.61  2.86571  2.86571  0.55
core.pack.task: Packer task: initialize from command line() 
core.pack.pack_rotamers: built 7011 rotamers at 492 positions.
core.pack.interaction_graph.interaction_graph_factory: Instantiating DensePDInteractionGraph
protocols.relax.FastRelax: CMD: repack  -1083.76  2.86571  2.86571  0.55
protocols.relax.FastRelax: CMD: min  -1142  2.91523  2.91523  0.55
protocols.relax.FastRelax: MRP: 2  -1142  -1142  2.91523  2.91523  
protocols.relax.FastRelax: CMD: accept_to_best  -1142  2.91523  2.91523  0.55
protocols.relax.FastRelax: CMD: endrepeat  -1142  2.91523  2.91523  0.55
protocols.relax.FastRelax: CMD: coord_cst_weight  60810.8  2.91523  2.91523  0.55
protocols.relax.FastRelax: CMD: scale:fa_rep  60482.2  2.91523  2.91523  0.022
core.pack.task: Packer task: initialize from command line() 
core.pack.pack_rotamers: built 7763 rotamers at 492 positions.
core.pack.interaction_graph.interaction_graph_factory: Instantiating DensePDInteractionGraph
protocols.relax.FastRelax: CMD: repack  60460.9  2.91523  2.91523  0.022
protocols.relax.FastRelax: CMD: scale:fa_rep  60467.7  2.91523  2.91523  0.02805
core.optimization.Minimizer: [ WARNING ] LBFGS MAX CYCLES 2000 EXCEEDED, BUT FUNC NOT CONVERGED!
protocols.relax.FastRelax: CMD: min  -1291.81  0.182364  0.182364  0.02805
protocols.relax.FastRelax: CMD: coord_cst_weight  -1362.79  0.182364  0.182364  0.02805
protocols.relax.FastRelax: CMD: scale:fa_rep  -1027.11  0.182364  0.182364  0.14575
core.pack.task: Packer task: initialize from command line() 
core.pack.pack_rotamers: built 7328 rotamers at 492 positions.
core.pack.interaction_graph.interaction_graph_factory: Instantiating DensePDInteractionGraph
protocols.relax.FastRelax: CMD: repack  -1056.85  0.182364  0.182364  0.14575
protocols.relax.FastRelax: CMD: scale:fa_rep  -1035.52  0.182364  0.182364  0.154
protocols.relax.FastRelax: CMD: min  -1194.88  0.22673  0.22673  0.154
protocols.relax.FastRelax: CMD: coord_cst_weight  -1305.35  0.22673  0.22673  0.154
protocols.relax.FastRelax: CMD: scale:fa_rep  -1118.7  0.22673  0.22673  0.30745
core.pack.task: Packer task: initialize from command line() 
core.pack.pack_rotamers: built 7165 rotamers at 492 positions.
core.pack.interaction_graph.interaction_graph_factory: Instantiating DensePDInteractionGraph
protocols.relax.FastRelax: CMD: repack  -1118.93  0.22673  0.22673  0.30745
protocols.relax.FastRelax: CMD: scale:fa_rep  -1104.51  0.22673  0.22673  0.31955
protocols.relax.FastRelax: CMD: min  -1295.11  3.54567  3.54567  0.31955
protocols.relax.FastRelax: CMD: coord_cst_weight  -1295.11  3.54567  3.54567  0.31955
protocols.relax.FastRelax: CMD: scale:fa_rep  -1091.14  3.54567  3.54567  0.55
core.pack.task: Packer task: initialize from command line() 
core.pack.pack_rotamers: built 6965 rotamers at 492 positions.
core.pack.interaction_graph.interaction_graph_factory: Instantiating DensePDInteractionGraph
protocols.relax.FastRelax: CMD: repack  -1093.48  3.54567  3.54567  0.55
protocols.relax.FastRelax: CMD: min  -1137.39  3.6267  3.6267  0.55
protocols.relax.FastRelax: MRP: 3  -1137.39  -1142  2.91523  2.91523  
protocols.relax.FastRelax: CMD: accept_to_best  -1137.39  3.6267  3.6267  0.55
protocols.relax.FastRelax: CMD: endrepeat  -1137.39  3.6267  3.6267  0.55
protocols.relax.FastRelax: CMD: coord_cst_weight  79834.6  3.6267  3.6267  0.55
protocols.relax.FastRelax: CMD: scale:fa_rep  79504.9  3.6267  3.6267  0.022
core.pack.task: Packer task: initialize from command line() 
core.pack.pack_rotamers: built 7808 rotamers at 492 positions.
core.pack.interaction_graph.interaction_graph_factory: Instantiating DensePDInteractionGraph
protocols.relax.FastRelax: CMD: repack  79493.6  3.6267  3.6267  0.022
protocols.relax.FastRelax: CMD: scale:fa_rep  79499.9  3.6267  3.6267  0.02805
core.optimization.Minimizer: [ WARNING ] LBFGS MAX CYCLES 2000 EXCEEDED, BUT FUNC NOT CONVERGED!
protocols.relax.FastRelax: CMD: min  -1285.26  0.181647  0.181647  0.02805
protocols.relax.FastRelax: CMD: coord_cst_weight  -1356.14  0.181647  0.181647  0.02805
protocols.relax.FastRelax: CMD: scale:fa_rep  -1029.61  0.181647  0.181647  0.14575
core.pack.task: Packer task: initialize from command line() 
core.pack.pack_rotamers: built 7402 rotamers at 492 positions.
core.pack.interaction_graph.interaction_graph_factory: Instantiating DensePDInteractionGraph
protocols.relax.FastRelax: CMD: repack  -1061.17  0.181647  0.181647  0.14575
protocols.relax.FastRelax: CMD: scale:fa_rep  -1040.21  0.181647  0.181647  0.154
protocols.relax.FastRelax: CMD: min  -1194.76  0.227634  0.227634  0.154
protocols.relax.FastRelax: CMD: coord_cst_weight  -1306.02  0.227634  0.227634  0.154
protocols.relax.FastRelax: CMD: scale:fa_rep  -1118.09  0.227634  0.227634  0.30745
core.pack.task: Packer task: initialize from command line() 
core.pack.pack_rotamers: built 7189 rotamers at 492 positions.
core.pack.interaction_graph.interaction_graph_factory: Instantiating DensePDInteractionGraph
protocols.relax.FastRelax: CMD: repack  -1116.2  0.227634  0.227634  0.30745
protocols.relax.FastRelax: CMD: scale:fa_rep  -1101.71  0.227634  0.227634  0.31955
protocols.relax.FastRelax: CMD: min  -1264.76  3.4232  3.4232  0.31955
protocols.relax.FastRelax: CMD: coord_cst_weight  -1264.76  3.4232  3.4232  0.31955
protocols.relax.FastRelax: CMD: scale:fa_rep  -1038.7  3.4232  3.4232  0.55
core.pack.task: Packer task: initialize from command line() 
core.pack.pack_rotamers: built 7002 rotamers at 492 positions.
core.pack.interaction_graph.interaction_graph_factory: Instantiating DensePDInteractionGraph
protocols.relax.FastRelax: CMD: repack  -1088.65  3.4232  3.4232  0.55
protocols.relax.FastRelax: CMD: min  -1139.7  3.46189  3.46189  0.55
protocols.relax.FastRelax: MRP: 4  -1139.7  -1142  2.91523  2.91523  
protocols.relax.FastRelax: CMD: accept_to_best  -1139.7  3.46189  3.46189  0.55
protocols.relax.FastRelax: CMD: endrepeat  -1139.7  3.46189  3.46189  0.55
protocols.relax.FastRelax: CMD: coord_cst_weight  82731.8  3.46189  3.46189  0.55
protocols.relax.FastRelax: CMD: scale:fa_rep  82405.5  3.46189  3.46189  0.022
core.pack.task: Packer task: initialize from command line() 
core.pack.pack_rotamers: built 7698 rotamers at 492 positions.
core.pack.interaction_graph.interaction_graph_factory: Instantiating DensePDInteractionGraph
protocols.relax.FastRelax: CMD: repack  82392  3.46189  3.46189  0.022
protocols.relax.FastRelax: CMD: scale:fa_rep  82398.3  3.46189  3.46189  0.02805
core.optimization.Minimizer: [ WARNING ] LBFGS MAX CYCLES 2000 EXCEEDED, BUT FUNC NOT CONVERGED!
protocols.relax.FastRelax: CMD: min  -1284.48  0.179816  0.179816  0.02805
protocols.relax.FastRelax: CMD: coord_cst_weight  -1354.46  0.179816  0.179816  0.02805
protocols.relax.FastRelax: CMD: scale:fa_rep  -1033.35  0.179816  0.179816  0.14575
core.pack.task: Packer task: initialize from command line() 
core.pack.pack_rotamers: built 7352 rotamers at 492 positions.
core.pack.interaction_graph.interaction_graph_factory: Instantiating DensePDInteractionGraph
protocols.relax.FastRelax: CMD: repack  -1058.98  0.179816  0.179816  0.14575
protocols.relax.FastRelax: CMD: scale:fa_rep  -1038.33  0.179816  0.179816  0.154
protocols.relax.FastRelax: CMD: min  -1193.34  0.227782  0.227782  0.154
protocols.relax.FastRelax: CMD: coord_cst_weight  -1304.76  0.227782  0.227782  0.154
protocols.relax.FastRelax: CMD: scale:fa_rep  -1119.02  0.227782  0.227782  0.30745
core.pack.task: Packer task: initialize from command line() 
core.pack.pack_rotamers: built 7189 rotamers at 492 positions.
core.pack.interaction_graph.interaction_graph_factory: Instantiating DensePDInteractionGraph
protocols.relax.FastRelax: CMD: repack  -1120.08  0.227782  0.227782  0.30745
protocols.relax.FastRelax: CMD: scale:fa_rep  -1105.67  0.227782  0.227782  0.31955
protocols.relax.FastRelax: CMD: min  -749.026  3.57649  3.57649  0.31955
protocols.relax.FastRelax: CMD: coord_cst_weight  -749.026  3.57649  3.57649  0.31955
protocols.relax.FastRelax: CMD: scale:fa_rep  -143.86  3.57649  3.57649  0.55
core.pack.task: Packer task: initialize from command line() 
core.pack.pack_rotamers: built 6940 rotamers at 492 positions.
core.pack.interaction_graph.interaction_graph_factory: Instantiating DensePDInteractionGraph
protocols.relax.FastRelax: CMD: repack  -1050.59  3.57649  3.57649  0.55
protocols.relax.FastRelax: CMD: min  -1138.94  3.42407  3.42407  0.55
protocols.relax.FastRelax: MRP: 5  -1138.94  -1142  2.91523  2.91523  
protocols.relax.FastRelax: CMD: accept_to_best  -1138.94  3.42407  3.42407  0.55
protocols.relax.FastRelax: CMD: endrepeat  -1138.94  3.42407  3.42407  0.55
protocols.relax.FastRelax: CMD: coord_cst_weight  62203.4  3.42407  3.42407  0.55
protocols.relax.FastRelax: CMD: scale:fa_rep  61871.4  3.42407  3.42407  0.022
core.pack.task: Packer task: initialize from command line() 
core.pack.pack_rotamers: built 7725 rotamers at 492 positions.
core.pack.interaction_graph.interaction_graph_factory: Instantiating DensePDInteractionGraph
protocols.relax.FastRelax: CMD: repack  61860  3.42407  3.42407  0.022
protocols.relax.FastRelax: CMD: scale:fa_rep  61865.9  3.42407  3.42407  0.02805
core.optimization.Minimizer: [ WARNING ] LBFGS MAX CYCLES 2000 EXCEEDED, BUT FUNC NOT CONVERGED!
protocols.relax.FastRelax: CMD: min  -1289.01  0.178193  0.178193  0.02805
protocols.relax.FastRelax: CMD: coord_cst_weight  -1357.13  0.178193  0.178193  0.02805
protocols.relax.FastRelax: CMD: scale:fa_rep  -1035.85  0.178193  0.178193  0.14575
core.pack.task: Packer task: initialize from command line() 
core.pack.pack_rotamers: built 7317 rotamers at 492 positions.
core.pack.interaction_graph.interaction_graph_factory: Instantiating DensePDInteractionGraph
protocols.relax.FastRelax: CMD: repack  -1061.08  0.178193  0.178193  0.14575
protocols.relax.FastRelax: CMD: scale:fa_rep  -1040.38  0.178193  0.178193  0.154
protocols.relax.FastRelax: CMD: min  -1196.61  0.22688  0.22688  0.154
protocols.relax.FastRelax: CMD: coord_cst_weight  -1307.2  0.22688  0.22688  0.154
protocols.relax.FastRelax: CMD: scale:fa_rep  -1122.8  0.22688  0.22688  0.30745
core.pack.task: Packer task: initialize from command line() 
core.pack.pack_rotamers: built 7154 rotamers at 492 positions.
core.pack.interaction_graph.interaction_graph_factory: Instantiating DensePDInteractionGraph
protocols.relax.FastRelax: CMD: repack  -1124.57  0.22688  0.22688  0.30745
protocols.relax.FastRelax: CMD: scale:fa_rep  -1110.28  0.22688  0.22688  0.31955
protocols.relax.FastRelax: CMD: min  -1293.61  3.19581  3.19581  0.31955
protocols.relax.FastRelax: CMD: coord_cst_weight  -1293.61  3.19581  3.19581  0.31955
protocols.relax.FastRelax: CMD: scale:fa_rep  -1086.91  3.19581  3.19581  0.55
core.pack.task: Packer task: initialize from command line() 
core.pack.pack_rotamers: built 6991 rotamers at 492 positions.
core.pack.interaction_graph.interaction_graph_factory: Instantiating DensePDInteractionGraph
protocols.relax.FastRelax: CMD: repack  -1089.05  3.19581  3.19581  0.55
protocols.relax.FastRelax: CMD: min  -1146.47  3.38448  3.38448  0.55
protocols.relax.FastRelax: MRP: 6  -1146.47  -1146.47  3.38448  3.38448  
protocols.relax.FastRelax: CMD: accept_to_best  -1146.47  3.38448  3.38448  0.55
protocols.relax.FastRelax: CMD: endrepeat  -1146.47  3.38448  3.38448  0.55
protocols.relax.FastRelax: CMD: coord_cst_weight  62631  3.38448  3.38448  0.55
protocols.relax.FastRelax: CMD: scale:fa_rep  62300  3.38448  3.38448  0.022
core.pack.task: Packer task: initialize from command line() 
core.pack.pack_rotamers: built 7769 rotamers at 492 positions.
core.pack.interaction_graph.interaction_graph_factory: Instantiating DensePDInteractionGraph
protocols.relax.FastRelax: CMD: repack  62284.2  3.38448  3.38448  0.022
protocols.relax.FastRelax: CMD: scale:fa_rep  62291.2  3.38448  3.38448  0.02805
core.optimization.Minimizer: [ WARNING ] LBFGS MAX CYCLES 2000 EXCEEDED, BUT FUNC NOT CONVERGED!
protocols.relax.FastRelax: CMD: min  -1287.04  0.179463  0.179463  0.02805
protocols.relax.FastRelax: CMD: coord_cst_weight  -1357.44  0.179463  0.179463  0.02805
protocols.relax.FastRelax: CMD: scale:fa_rep  -1016.39  0.179463  0.179463  0.14575
core.pack.task: Packer task: initialize from command line() 
core.pack.pack_rotamers: built 7329 rotamers at 492 positions.
core.pack.interaction_graph.interaction_graph_factory: Instantiating DensePDInteractionGraph
protocols.relax.FastRelax: CMD: repack  -1053.82  0.179463  0.179463  0.14575
protocols.relax.FastRelax: CMD: scale:fa_rep  -1032.56  0.179463  0.179463  0.154
protocols.relax.FastRelax: CMD: min  -1195.89  0.231604  0.231604  0.154
protocols.relax.FastRelax: CMD: coord_cst_weight  -1311.92  0.231604  0.231604  0.154
protocols.relax.FastRelax: CMD: scale:fa_rep  -1122.74  0.231604  0.231604  0.30745
core.pack.task: Packer task: initialize from command line() 
core.pack.pack_rotamers: built 7140 rotamers at 492 positions.
core.pack.interaction_graph.interaction_graph_factory: Instantiating DensePDInteractionGraph
protocols.relax.FastRelax: CMD: repack  -1124.18  0.231604  0.231604  0.30745
protocols.relax.FastRelax: CMD: scale:fa_rep  -1109.55  0.231604  0.231604  0.31955
protocols.relax.FastRelax: CMD: min  -576.048  3.83419  3.83419  0.31955
protocols.relax.FastRelax: CMD: coord_cst_weight  -576.048  3.83419  3.83419  0.31955
protocols.relax.FastRelax: CMD: scale:fa_rep  151.531  3.83419  3.83419  0.55
core.pack.task: Packer task: initialize from command line() 
core.pack.pack_rotamers: built 7007 rotamers at 492 positions.
core.pack.interaction_graph.interaction_graph_factory: Instantiating DensePDInteractionGraph
protocols.relax.FastRelax: CMD: repack  -988.514  3.83419  3.83419  0.55
protocols.relax.FastRelax: CMD: min  -1157.02  4.19903  4.19903  0.55
protocols.relax.FastRelax: MRP: 7  -1157.02  -1157.02  4.19903  4.19903  
protocols.relax.FastRelax: CMD: accept_to_best  -1157.02  4.19903  4.19903  0.55
protocols.relax.FastRelax: CMD: endrepeat  -1157.02  4.19903  4.19903  0.55
protocols.relax.FastRelax: CMD: coord_cst_weight  79563.8  4.19903  4.19903  0.55
protocols.relax.FastRelax: CMD: scale:fa_rep  79239.5  4.19903  4.19903  0.022
core.pack.task: Packer task: initialize from command line() 
core.pack.pack_rotamers: built 7724 rotamers at 492 positions.
core.pack.interaction_graph.interaction_graph_factory: Instantiating DensePDInteractionGraph
protocols.relax.FastRelax: CMD: repack  79221  4.19903  4.19903  0.022
protocols.relax.FastRelax: CMD: scale:fa_rep  79227.6  4.19903  4.19903  0.02805
core.optimization.Minimizer: [ WARNING ] LBFGS MAX CYCLES 2000 EXCEEDED, BUT FUNC NOT CONVERGED!
protocols.relax.FastRelax: CMD: min  -1255.5  0.194171  0.194171  0.02805
protocols.relax.FastRelax: CMD: coord_cst_weight  -1337.95  0.194171  0.194171  0.02805
protocols.relax.FastRelax: CMD: scale:fa_rep  -978.08  0.194171  0.194171  0.14575
core.pack.task: Packer task: initialize from command line() 
core.pack.pack_rotamers: built 7366 rotamers at 492 positions.
core.pack.interaction_graph.interaction_graph_factory: Instantiating DensePDInteractionGraph
protocols.relax.FastRelax: CMD: repack  -1047.14  0.194171  0.194171  0.14575
protocols.relax.FastRelax: CMD: scale:fa_rep  -1026.78  0.194171  0.194171  0.154
protocols.relax.FastRelax: CMD: min  -1198.41  0.229668  0.229668  0.154
protocols.relax.FastRelax: CMD: coord_cst_weight  -1313.67  0.229668  0.229668  0.154
protocols.relax.FastRelax: CMD: scale:fa_rep  -1128.99  0.229668  0.229668  0.30745
core.pack.task: Packer task: initialize from command line() 
core.pack.pack_rotamers: built 7133 rotamers at 492 positions.
core.pack.interaction_graph.interaction_graph_factory: Instantiating DensePDInteractionGraph
protocols.relax.FastRelax: CMD: repack  -1105.78  0.229668  0.229668  0.30745
protocols.relax.FastRelax: CMD: scale:fa_rep  -1090.63  0.229668  0.229668  0.31955
protocols.relax.FastRelax: CMD: min  -1292.44  2.17436  2.17436  0.31955
protocols.relax.FastRelax: CMD: coord_cst_weight  -1292.44  2.17436  2.17436  0.31955
protocols.relax.FastRelax: CMD: scale:fa_rep  -1085.58  2.17436  2.17436  0.55
core.pack.task: Packer task: initialize from command line() 
core.pack.pack_rotamers: built 6997 rotamers at 492 positions.
core.pack.interaction_graph.interaction_graph_factory: Instantiating DensePDInteractionGraph
protocols.relax.FastRelax: CMD: repack  -1086.18  2.17436  2.17436  0.55
protocols.relax.FastRelax: CMD: min  -1146.96  2.4225  2.4225  0.55
protocols.relax.FastRelax: MRP: 8  -1146.96  -1157.02  4.19903  4.19903  
protocols.relax.FastRelax: CMD: accept_to_best  -1146.96  2.4225  2.4225  0.55
protocols.relax.FastRelax: CMD: endrepeat  -1146.96  2.4225  2.4225  0.55
protocols.relax.FastRelax: CMD: coord_cst_weight  26943.8  2.4225  2.4225  0.55
protocols.relax.FastRelax: CMD: scale:fa_rep  26615.3  2.4225  2.4225  0.022
core.pack.task: Packer task: initialize from command line() 
core.pack.pack_rotamers: built 7718 rotamers at 492 positions.
core.pack.interaction_graph.interaction_graph_factory: Instantiating DensePDInteractionGraph
protocols.relax.FastRelax: CMD: repack  26592.1  2.4225  2.4225  0.022
protocols.relax.FastRelax: CMD: scale:fa_rep  26597.7  2.4225  2.4225  0.02805
core.optimization.Minimizer: [ WARNING ] LBFGS MAX CYCLES 2000 EXCEEDED, BUT FUNC NOT CONVERGED!
protocols.relax.FastRelax: CMD: min  -1298.29  0.180174  0.180174  0.02805
protocols.relax.FastRelax: CMD: coord_cst_weight  -1369.76  0.180174  0.180174  0.02805
protocols.relax.FastRelax: CMD: scale:fa_rep  -1034.45  0.180174  0.180174  0.14575
core.pack.task: Packer task: initialize from command line() 
core.pack.pack_rotamers: built 7366 rotamers at 492 positions.
core.pack.interaction_graph.interaction_graph_factory: Instantiating DensePDInteractionGraph
protocols.relax.FastRelax: CMD: repack  -1063.3  0.180174  0.180174  0.14575
protocols.relax.FastRelax: CMD: scale:fa_rep  -1042.5  0.180174  0.180174  0.154
protocols.relax.FastRelax: CMD: min  -1195.58  0.230775  0.230775  0.154
protocols.relax.FastRelax: CMD: coord_cst_weight  -1312.02  0.230775  0.230775  0.154
protocols.relax.FastRelax: CMD: scale:fa_rep  -1127.16  0.230775  0.230775  0.30745
core.pack.task: Packer task: initialize from command line() 
core.pack.pack_rotamers: built 7125 rotamers at 492 positions.
core.pack.interaction_graph.interaction_graph_factory: Instantiating DensePDInteractionGraph
protocols.relax.FastRelax: CMD: repack  -1129.42  0.230775  0.230775  0.30745
protocols.relax.FastRelax: CMD: scale:fa_rep  -1115.02  0.230775  0.230775  0.31955
protocols.relax.FastRelax: CMD: min  -1299.4  2.94208  2.94208  0.31955
protocols.relax.FastRelax: CMD: coord_cst_weight  -1299.4  2.94208  2.94208  0.31955
protocols.relax.FastRelax: CMD: scale:fa_rep  -1094.88  2.94208  2.94208  0.55
core.pack.task: Packer task: initialize from command line() 
core.pack.pack_rotamers: built 6988 rotamers at 492 positions.
core.pack.interaction_graph.interaction_graph_factory: Instantiating DensePDInteractionGraph
protocols.relax.FastRelax: CMD: repack  -1098.18  2.94208  2.94208  0.55
protocols.relax.FastRelax: CMD: min  -1152.32  3.40557  3.40557  0.55
protocols.relax.FastRelax: MRP: 9  -1152.32  -1157.02  4.19903  4.19903  
protocols.relax.FastRelax: CMD: accept_to_best  -1152.32  3.40557  3.40557  0.55
protocols.relax.FastRelax: CMD: endrepeat  -1152.32  3.40557  3.40557  0.55
protocols.relax.FastRelax: CMD: coord_cst_weight  50807.6  3.40557  3.40557  0.55
protocols.relax.FastRelax: CMD: scale:fa_rep  50479.2  3.40557  3.40557  0.022
core.pack.task: Packer task: initialize from command line() 
core.pack.pack_rotamers: built 7756 rotamers at 492 positions.
core.pack.interaction_graph.interaction_graph_factory: Instantiating DensePDInteractionGraph
protocols.relax.FastRelax: CMD: repack  50469.5  3.40557  3.40557  0.022
protocols.relax.FastRelax: CMD: scale:fa_rep  50475.5  3.40557  3.40557  0.02805
core.optimization.Minimizer: [ WARNING ] LBFGS MAX CYCLES 2000 EXCEEDED, BUT FUNC NOT CONVERGED!
protocols.relax.FastRelax: CMD: min  -1277.68  0.183505  0.183505  0.02805
protocols.relax.FastRelax: CMD: coord_cst_weight  -1352.02  0.183505  0.183505  0.02805
protocols.relax.FastRelax: CMD: scale:fa_rep  -1021.56  0.183505  0.183505  0.14575
core.pack.task: Packer task: initialize from command line() 
core.pack.pack_rotamers: built 7385 rotamers at 492 positions.
core.pack.interaction_graph.interaction_graph_factory: Instantiating DensePDInteractionGraph
protocols.relax.FastRelax: CMD: repack  -1052.85  0.183505  0.183505  0.14575
protocols.relax.FastRelax: CMD: scale:fa_rep  -1031.74  0.183505  0.183505  0.154
protocols.relax.FastRelax: CMD: min  -1193.52  0.231513  0.231513  0.154
protocols.relax.FastRelax: CMD: coord_cst_weight  -1310.14  0.231513  0.231513  0.154
protocols.relax.FastRelax: CMD: scale:fa_rep  -1125.51  0.231513  0.231513  0.30745
core.pack.task: Packer task: initialize from command line() 
core.pack.pack_rotamers: built 7139 rotamers at 492 positions.
core.pack.interaction_graph.interaction_graph_factory: Instantiating DensePDInteractionGraph
protocols.relax.FastRelax: CMD: repack  -1126.85  0.231513  0.231513  0.30745
protocols.relax.FastRelax: CMD: scale:fa_rep  -1112.43  0.231513  0.231513  0.31955
protocols.relax.FastRelax: CMD: min  -1291.32  1.79479  1.79479  0.31955
protocols.relax.FastRelax: CMD: coord_cst_weight  -1291.32  1.79479  1.79479  0.31955
protocols.relax.FastRelax: CMD: scale:fa_rep  -1084.76  1.79479  1.79479  0.55
core.pack.task: Packer task: initialize from command line() 
core.pack.pack_rotamers: built 7004 rotamers at 492 positions.
core.pack.interaction_graph.interaction_graph_factory: Instantiating DensePDInteractionGraph
protocols.relax.FastRelax: CMD: repack  -1086.6  1.79479  1.79479  0.55
protocols.relax.FastRelax: CMD: min  -1152.34  2.77471  2.77471  0.55
protocols.relax.FastRelax: MRP: 10  -1152.34  -1157.02  4.19903  4.19903  
protocols.relax.FastRelax: CMD: accept_to_best  -1152.34  2.77471  2.77471  0.55
protocols.relax.FastRelax: CMD: endrepeat  -1152.34  2.77471  2.77471  0.55
protocols.relax.FastRelax: CMD: coord_cst_weight  38369  2.77471  2.77471  0.55
protocols.relax.FastRelax: CMD: scale:fa_rep  38043.8  2.77471  2.77471  0.022
core.pack.task: Packer task: initialize from command line() 
core.pack.pack_rotamers: built 7704 rotamers at 492 positions.
core.pack.interaction_graph.interaction_graph_factory: Instantiating DensePDInteractionGraph
protocols.relax.FastRelax: CMD: repack  38040.2  2.77471  2.77471  0.022
protocols.relax.FastRelax: CMD: scale:fa_rep  38047.9  2.77471  2.77471  0.02805
core.optimization.Minimizer: [ WARNING ] LBFGS MAX CYCLES 2000 EXCEEDED, BUT FUNC NOT CONVERGED!
protocols.relax.FastRelax: CMD: min  -1282.48  0.182383  0.182383  0.02805
protocols.relax.FastRelax: CMD: coord_cst_weight  -1356.02  0.182383  0.182383  0.02805
protocols.relax.FastRelax: CMD: scale:fa_rep  -1019.67  0.182383  0.182383  0.14575
core.pack.task: Packer task: initialize from command line() 
core.pack.pack_rotamers: built 7346 rotamers at 492 positions.
core.pack.interaction_graph.interaction_graph_factory: Instantiating DensePDInteractionGraph
protocols.relax.FastRelax: CMD: repack  -1044.43  0.182383  0.182383  0.14575
protocols.relax.FastRelax: CMD: scale:fa_rep  -1022.98  0.182383  0.182383  0.154
protocols.relax.FastRelax: CMD: min  -1184.92  0.232839  0.232839  0.154
protocols.relax.FastRelax: CMD: coord_cst_weight  -1302.9  0.232839  0.232839  0.154
protocols.relax.FastRelax: CMD: scale:fa_rep  -1112.74  0.232839  0.232839  0.30745
core.pack.task: Packer task: initialize from command line() 
core.pack.pack_rotamers: built 7163 rotamers at 492 positions.
core.pack.interaction_graph.interaction_graph_factory: Instantiating DensePDInteractionGraph
protocols.relax.FastRelax: CMD: repack  -1117.26  0.232839  0.232839  0.30745
protocols.relax.FastRelax: CMD: scale:fa_rep  -1102.74  0.232839  0.232839  0.31955
protocols.relax.FastRelax: CMD: min  -1300.81  2.49171  2.49171  0.31955
protocols.relax.FastRelax: CMD: coord_cst_weight  -1300.81  2.49171  2.49171  0.31955
protocols.relax.FastRelax: CMD: scale:fa_rep  -1098.19  2.49171  2.49171  0.55
core.pack.task: Packer task: initialize from command line() 
core.pack.pack_rotamers: built 6940 rotamers at 492 positions.
core.pack.interaction_graph.interaction_graph_factory: Instantiating DensePDInteractionGraph
protocols.relax.FastRelax: CMD: repack  -1098.87  2.49171  2.49171  0.55
protocols.relax.FastRelax: CMD: min  -1149.43  3.03823  3.03823  0.55
protocols.relax.FastRelax: MRP: 11  -1149.43  -1157.02  4.19903  4.19903  
protocols.relax.FastRelax: CMD: accept_to_best  -1149.43  3.03823  3.03823  0.55
protocols.relax.FastRelax: CMD: endrepeat  -1149.43  3.03823  3.03823  0.55
protocols.relax.FastRelax: CMD: coord_cst_weight  38326.8  3.03823  3.03823  0.55
protocols.relax.FastRelax: CMD: scale:fa_rep  38000.8  3.03823  3.03823  0.022
core.pack.task: Packer task: initialize from command line() 
core.pack.pack_rotamers: built 7686 rotamers at 492 positions.
core.pack.interaction_graph.interaction_graph_factory: Instantiating DensePDInteractionGraph
protocols.relax.FastRelax: CMD: repack  37983.5  3.03823  3.03823  0.022
protocols.relax.FastRelax: CMD: scale:fa_rep  37989.5  3.03823  3.03823  0.02805
core.optimization.Minimizer: [ WARNING ] LBFGS MAX CYCLES 2000 EXCEEDED, BUT FUNC NOT CONVERGED!
protocols.relax.FastRelax: CMD: min  -1291.57  0.18448  0.18448  0.02805
protocols.relax.FastRelax: CMD: coord_cst_weight  -1365.49  0.18448  0.18448  0.02805
protocols.relax.FastRelax: CMD: scale:fa_rep  -1026  0.18448  0.18448  0.14575
core.pack.task: Packer task: initialize from command line() 
core.pack.pack_rotamers: built 7342 rotamers at 492 positions.
core.pack.interaction_graph.interaction_graph_factory: Instantiating DensePDInteractionGraph
protocols.relax.FastRelax: CMD: repack  -1054.99  0.18448  0.18448  0.14575
protocols.relax.FastRelax: CMD: scale:fa_rep  -1033.44  0.18448  0.18448  0.154
protocols.relax.FastRelax: CMD: min  -1195.02  0.232994  0.232994  0.154
protocols.relax.FastRelax: CMD: coord_cst_weight  -1313.13  0.232994  0.232994  0.154
protocols.relax.FastRelax: CMD: scale:fa_rep  -1122.78  0.232994  0.232994  0.30745
core.pack.task: Packer task: initialize from command line() 
core.pack.pack_rotamers: built 7175 rotamers at 492 positions.
core.pack.interaction_graph.interaction_graph_factory: Instantiating DensePDInteractionGraph
protocols.relax.FastRelax: CMD: repack  -1124.25  0.232994  0.232994  0.30745
protocols.relax.FastRelax: CMD: scale:fa_rep  -1109.5  0.232994  0.232994  0.31955
protocols.relax.FastRelax: CMD: min  -1301.35  2.22935  2.22935  0.31955
protocols.relax.FastRelax: CMD: coord_cst_weight  -1301.35  2.22935  2.22935  0.31955
protocols.relax.FastRelax: CMD: scale:fa_rep  -1096.94  2.22935  2.22935  0.55
core.pack.task: Packer task: initialize from command line() 
core.pack.pack_rotamers: built 6992 rotamers at 492 positions.
core.pack.interaction_graph.interaction_graph_factory: Instantiating DensePDInteractionGraph
protocols.relax.FastRelax: CMD: repack  -1097.44  2.22935  2.22935  0.55
protocols.relax.FastRelax: CMD: min  -1152.01  2.75398  2.75398  0.55
protocols.relax.FastRelax: MRP: 12  -1152.01  -1157.02  4.19903  4.19903  
protocols.relax.FastRelax: CMD: accept_to_best  -1152.01  2.75398  2.75398  0.55
protocols.relax.FastRelax: CMD: endrepeat  -1152.01  2.75398  2.75398  0.55
protocols.relax.FastRelax: CMD: coord_cst_weight  34848.4  2.75398  2.75398  0.55
protocols.relax.FastRelax: CMD: scale:fa_rep  34525.6  2.75398  2.75398  0.022
core.pack.task: Packer task: initialize from command line() 
core.pack.pack_rotamers: built 7717 rotamers at 492 positions.
core.pack.interaction_graph.interaction_graph_factory: Instantiating DensePDInteractionGraph
protocols.relax.FastRelax: CMD: repack  34502.4  2.75398  2.75398  0.022
protocols.relax.FastRelax: CMD: scale:fa_rep  34509.8  2.75398  2.75398  0.02805
core.optimization.Minimizer: [ WARNING ] LBFGS MAX CYCLES 2000 EXCEEDED, BUT FUNC NOT CONVERGED!
protocols.relax.FastRelax: CMD: min  -1278.98  0.191405  0.191405  0.02805
protocols.relax.FastRelax: CMD: coord_cst_weight  -1359.89  0.191405  0.191405  0.02805
protocols.relax.FastRelax: CMD: scale:fa_rep  -992.588  0.191405  0.191405  0.14575
core.pack.task: Packer task: initialize from command line() 
core.pack.pack_rotamers: built 7292 rotamers at 492 positions.
core.pack.interaction_graph.interaction_graph_factory: Instantiating DensePDInteractionGraph
protocols.relax.FastRelax: CMD: repack  -1050.27  0.191405  0.191405  0.14575
protocols.relax.FastRelax: CMD: scale:fa_rep  -1028.58  0.191405  0.191405  0.154
protocols.relax.FastRelax: CMD: min  -1195.42  0.232194  0.232194  0.154
protocols.relax.FastRelax: CMD: coord_cst_weight  -1313.38  0.232194  0.232194  0.154
protocols.relax.FastRelax: CMD: scale:fa_rep  -1124.42  0.232194  0.232194  0.30745
core.pack.task: Packer task: initialize from command line() 
core.pack.pack_rotamers: built 7118 rotamers at 492 positions.
core.pack.interaction_graph.interaction_graph_factory: Instantiating DensePDInteractionGraph
protocols.relax.FastRelax: CMD: repack  -1126.06  0.232194  0.232194  0.30745
protocols.relax.FastRelax: CMD: scale:fa_rep  -1111.32  0.232194  0.232194  0.31955
protocols.relax.FastRelax: CMD: min  -1310.11  4.12695  4.12695  0.31955
protocols.relax.FastRelax: CMD: coord_cst_weight  -1310.11  4.12695  4.12695  0.31955
protocols.relax.FastRelax: CMD: scale:fa_rep  -1107.69  4.12695  4.12695  0.55
core.pack.task: Packer task: initialize from command line() 
core.pack.pack_rotamers: built 6973 rotamers at 492 positions.
core.pack.interaction_graph.interaction_graph_factory: Instantiating DensePDInteractionGraph
protocols.relax.FastRelax: CMD: repack  -1107.35  4.12695  4.12695  0.55
protocols.relax.FastRelax: CMD: min  -1160.08  4.73565  4.73565  0.55
protocols.relax.FastRelax: MRP: 13  -1160.08  -1160.08  4.73565  4.73565  
protocols.relax.FastRelax: CMD: accept_to_best  -1160.08  4.73565  4.73565  0.55
protocols.relax.FastRelax: CMD: endrepeat  -1160.08  4.73565  4.73565  0.55
protocols.relax.FastRelax: CMD: coord_cst_weight  103525  4.73565  4.73565  0.55
protocols.relax.FastRelax: CMD: scale:fa_rep  103201  4.73565  4.73565  0.022
core.pack.task: Packer task: initialize from command line() 
core.pack.pack_rotamers: built 7682 rotamers at 492 positions.
core.pack.interaction_graph.interaction_graph_factory: Instantiating DensePDInteractionGraph
protocols.relax.FastRelax: CMD: repack  103186  4.73565  4.73565  0.022
protocols.relax.FastRelax: CMD: scale:fa_rep  103194  4.73565  4.73565  0.02805
core.optimization.Minimizer: [ WARNING ] LBFGS MAX CYCLES 2000 EXCEEDED, BUT FUNC NOT CONVERGED!
protocols.relax.FastRelax: CMD: min  -1270.75  0.192061  0.192061  0.02805
protocols.relax.FastRelax: CMD: coord_cst_weight  -1352.66  0.192061  0.192061  0.02805
protocols.relax.FastRelax: CMD: scale:fa_rep  -980.917  0.192061  0.192061  0.14575
core.pack.task: Packer task: initialize from command line() 
core.pack.pack_rotamers: built 7358 rotamers at 492 positions.
core.pack.interaction_graph.interaction_graph_factory: Instantiating DensePDInteractionGraph
protocols.relax.FastRelax: CMD: repack  -1041.77  0.192061  0.192061  0.14575
protocols.relax.FastRelax: CMD: scale:fa_rep  -1020.05  0.192061  0.192061  0.154
protocols.relax.FastRelax: CMD: min  -1191.51  0.232971  0.232971  0.154
protocols.relax.FastRelax: CMD: coord_cst_weight  -1311.42  0.232971  0.232971  0.154
protocols.relax.FastRelax: CMD: scale:fa_rep  -1123.06  0.232971  0.232971  0.30745
core.pack.task: Packer task: initialize from command line() 
core.pack.pack_rotamers: built 7135 rotamers at 492 positions.
core.pack.interaction_graph.interaction_graph_factory: Instantiating DensePDInteractionGraph
protocols.relax.FastRelax: CMD: repack  -1124.49  0.232971  0.232971  0.30745
protocols.relax.FastRelax: CMD: scale:fa_rep  -1109.78  0.232971  0.232971  0.31955
protocols.relax.FastRelax: CMD: min  -1175.43  3.98889  3.98889  0.31955
protocols.relax.FastRelax: CMD: coord_cst_weight  -1175.43  3.98889  3.98889  0.31955
protocols.relax.FastRelax: CMD: scale:fa_rep  -876.111  3.98889  3.98889  0.55
core.pack.task: Packer task: initialize from command line() 
core.pack.pack_rotamers: built 6985 rotamers at 492 positions.
core.pack.interaction_graph.interaction_graph_factory: Instantiating DensePDInteractionGraph
protocols.relax.FastRelax: CMD: repack  -1105.92  3.98889  3.98889  0.55
protocols.relax.FastRelax: CMD: min  -1158.66  4.07434  4.07434  0.55
protocols.relax.FastRelax: MRP: 14  -1158.66  -1160.08  4.73565  4.73565  
protocols.relax.FastRelax: CMD: accept_to_best  -1158.66  4.07434  4.07434  0.55
protocols.relax.FastRelax: CMD: endrepeat  -1158.66  4.07434  4.07434  0.55
protocols::checkpoint: Deleting checkpoints of FastRelax
protocols.jd2.JobDistributor: target.BL00010001_5_0004 reported success in 14650 seconds
protocols.jd2.PDBJobInputter: PDBJobInputter::pose_from_job
protocols.jd2.PDBJobInputter: filling pose from PDB ../1-modeller/target.BL00010001.pdb
core.import_pose.import_pose: File '../1-modeller/target.BL00010001.pdb' automatically determined to be of type PDB from contents.
core.io.rcsb.ExperimentalTechnique: [ ERROR ] Unrecognized experimental technique string 'THEORETICAL MODEL, MODELLER 10.8 2026/08/10 16:18:02'
protocols.relax.FastRelax: CMD: repeat  4476.34  0  0  0.55
protocols.relax.FastRelax: CMD: coord_cst_weight  4476.34  0  0  0.55
protocols.relax.FastRelax: CMD: scale:fa_rep  806.987  0  0  0.022
core.pack.task: Packer task: initialize from command line() 
core.pack.pack_rotamers: built 8129 rotamers at 492 positions.
core.pack.interaction_graph.interaction_graph_factory: Instantiating DensePDInteractionGraph
protocols.relax.FastRelax: CMD: repack  -876.05  0  0  0.022
protocols.relax.FastRelax: CMD: scale:fa_rep  -836.36  0  0  0.02805
core.optimization.Minimizer: [ WARNING ] LBFGS MAX CYCLES 2000 EXCEEDED, BUT FUNC NOT CONVERGED!
protocols.relax.FastRelax: CMD: min  -1289.78  0.148086  0.148086  0.02805
protocols.relax.FastRelax: CMD: coord_cst_weight  -1335.72  0.148086  0.148086  0.02805
protocols.relax.FastRelax: CMD: scale:fa_rep  -949.176  0.148086  0.148086  0.14575
core.pack.task: Packer task: initialize from command line() 
core.pack.pack_rotamers: built 7393 rotamers at 492 positions.
core.pack.interaction_graph.interaction_graph_factory: Instantiating DensePDInteractionGraph
protocols.relax.FastRelax: CMD: repack  -989.006  0.148086  0.148086  0.14575
protocols.relax.FastRelax: CMD: scale:fa_rep  -966.662  0.148086  0.148086  0.154
core.optimization.Minimizer: [ WARNING ] LBFGS MAX CYCLES 2000 EXCEEDED, BUT FUNC NOT CONVERGED!
protocols.relax.FastRelax: CMD: min  -1161.6  0.204819  0.204819  0.154
protocols.relax.FastRelax: CMD: coord_cst_weight  -1251.31  0.204819  0.204819  0.154
protocols.relax.FastRelax: CMD: scale:fa_rep  -1061.51  0.204819  0.204819  0.30745
core.pack.task: Packer task: initialize from command line() 
core.pack.pack_rotamers: built 7242 rotamers at 492 positions.
core.pack.interaction_graph.interaction_graph_factory: Instantiating DensePDInteractionGraph
protocols.relax.FastRelax: CMD: repack  -1063.2  0.204819  0.204819  0.30745
protocols.relax.FastRelax: CMD: scale:fa_rep  -1048.39  0.204819  0.204819  0.31955
protocols.relax.FastRelax: CMD: min  -1237.16  2.94325  2.94325  0.31955
protocols.relax.FastRelax: CMD: coord_cst_weight  -1237.16  2.94325  2.94325  0.31955
protocols.relax.FastRelax: CMD: scale:fa_rep  -1027.78  2.94325  2.94325  0.55
core.pack.task: Packer task: initialize from command line() 
core.pack.pack_rotamers: built 7106 rotamers at 492 positions.
core.pack.interaction_graph.interaction_graph_factory: Instantiating DensePDInteractionGraph
protocols.relax.FastRelax: CMD: repack  -1032.96  2.94325  2.94325  0.55
protocols.relax.FastRelax: CMD: min  -1097.56  3.01892  3.01892  0.55
protocols.relax.FastRelax: MRP: 0  -1097.56  -1097.56  3.01892  3.01892  
protocols.relax.FastRelax: CMD: accept_to_best  -1097.56  3.01892  3.01892  0.55
protocols.relax.FastRelax: CMD: endrepeat  -1097.56  3.01892  3.01892  0.55
protocols.relax.FastRelax: CMD: coord_cst_weight  114889  3.01892  3.01892  0.55
protocols.relax.FastRelax: CMD: scale:fa_rep  114557  3.01892  3.01892  0.022
core.pack.task: Packer task: initialize from command line() 
core.pack.pack_rotamers: built 7806 rotamers at 492 positions.
core.pack.interaction_graph.interaction_graph_factory: Instantiating DensePDInteractionGraph
protocols.relax.FastRelax: CMD: repack  114521  3.01892  3.01892  0.022
protocols.relax.FastRelax: CMD: scale:fa_rep  114530  3.01892  3.01892  0.02805
core.optimization.Minimizer: [ WARNING ] LBFGS MAX CYCLES 2000 EXCEEDED, BUT FUNC NOT CONVERGED!
protocols.relax.FastRelax: CMD: min  -1264.56  0.173475  0.173475  0.02805
protocols.relax.FastRelax: CMD: coord_cst_weight  -1329.4  0.173475  0.173475  0.02805
protocols.relax.FastRelax: CMD: scale:fa_rep  -990.693  0.173475  0.173475  0.14575
core.pack.task: Packer task: initialize from command line() 
core.pack.pack_rotamers: built 7338 rotamers at 492 positions.
core.pack.interaction_graph.interaction_graph_factory: Instantiating DensePDInteractionGraph
protocols.relax.FastRelax: CMD: repack  -1033.06  0.173475  0.173475  0.14575
protocols.relax.FastRelax: CMD: scale:fa_rep  -1013.17  0.173475  0.173475  0.154
protocols.relax.FastRelax: CMD: min  -1185.77  0.212823  0.212823  0.154
protocols.relax.FastRelax: CMD: coord_cst_weight  -1284.42  0.212823  0.212823  0.154
protocols.relax.FastRelax: CMD: scale:fa_rep  -1102.01  0.212823  0.212823  0.30745
core.pack.task: Packer task: initialize from command line() 
core.pack.pack_rotamers: built 7116 rotamers at 492 positions.
core.pack.interaction_graph.interaction_graph_factory: Instantiating DensePDInteractionGraph
protocols.relax.FastRelax: CMD: repack  -1104.73  0.212823  0.212823  0.30745
protocols.relax.FastRelax: CMD: scale:fa_rep  -1090.49  0.212823  0.212823  0.31955
protocols.relax.FastRelax: CMD: min  -1260.18  2.52347  2.52347  0.31955
protocols.relax.FastRelax: CMD: coord_cst_weight  -1260.18  2.52347  2.52347  0.31955
protocols.relax.FastRelax: CMD: scale:fa_rep  -1051.81  2.52347  2.52347  0.55
core.pack.task: Packer task: initialize from command line() 
core.pack.pack_rotamers: built 7049 rotamers at 492 positions.
core.pack.interaction_graph.interaction_graph_factory: Instantiating DensePDInteractionGraph
protocols.relax.FastRelax: CMD: repack  -1055.27  2.52347  2.52347  0.55
protocols.relax.FastRelax: CMD: min  -1116.08  3.29288  3.29288  0.55
protocols.relax.FastRelax: MRP: 1  -1116.08  -1116.08  3.29288  3.29288  
protocols.relax.FastRelax: CMD: accept_to_best  -1116.08  3.29288  3.29288  0.55
protocols.relax.FastRelax: CMD: endrepeat  -1116.08  3.29288  3.29288  0.55
protocols.relax.FastRelax: CMD: coord_cst_weight  91157.5  3.29288  3.29288  0.55
protocols.relax.FastRelax: CMD: scale:fa_rep  90826  3.29288  3.29288  0.022
core.pack.task: Packer task: initialize from command line() 
core.pack.pack_rotamers: built 7811 rotamers at 492 positions.
core.pack.interaction_graph.interaction_graph_factory: Instantiating DensePDInteractionGraph
protocols.relax.FastRelax: CMD: repack  90791.2  3.29288  3.29288  0.022
protocols.relax.FastRelax: CMD: scale:fa_rep  90800.1  3.29288  3.29288  0.02805
core.optimization.Minimizer: [ WARNING ] LBFGS MAX CYCLES 2000 EXCEEDED, BUT FUNC NOT CONVERGED!
protocols.relax.FastRelax: CMD: min  -1275.63  0.179115  0.179115  0.02805
protocols.relax.FastRelax: CMD: coord_cst_weight  -1345.88  0.179115  0.179115  0.02805
protocols.relax.FastRelax: CMD: scale:fa_rep  -990.864  0.179115  0.179115  0.14575
core.pack.task: Packer task: initialize from command line() 
core.pack.pack_rotamers: built 7377 rotamers at 492 positions.
core.pack.interaction_graph.interaction_graph_factory: Instantiating DensePDInteractionGraph
protocols.relax.FastRelax: CMD: repack  -1057.8  0.179115  0.179115  0.14575
protocols.relax.FastRelax: CMD: scale:fa_rep  -1037.7  0.179115  0.179115  0.154
protocols.relax.FastRelax: CMD: min  -1199.06  0.218765  0.218765  0.154
protocols.relax.FastRelax: CMD: coord_cst_weight  -1303.3  0.218765  0.218765  0.154
protocols.relax.FastRelax: CMD: scale:fa_rep  -1122.64  0.218765  0.218765  0.30745
core.pack.task: Packer task: initialize from command line() 
core.pack.pack_rotamers: built 7166 rotamers at 492 positions.
core.pack.interaction_graph.interaction_graph_factory: Instantiating DensePDInteractionGraph
protocols.relax.FastRelax: CMD: repack  -1122.95  0.218765  0.218765  0.30745
protocols.relax.FastRelax: CMD: scale:fa_rep  -1108.74  0.218765  0.218765  0.31955
protocols.relax.FastRelax: CMD: min  -1284.06  2.16325  2.16325  0.31955
protocols.relax.FastRelax: CMD: coord_cst_weight  -1284.06  2.16325  2.16325  0.31955
protocols.relax.FastRelax: CMD: scale:fa_rep  -1073.67  2.16325  2.16325  0.55
core.pack.task: Packer task: initialize from command line() 
core.pack.pack_rotamers: built 6993 rotamers at 492 positions.
core.pack.interaction_graph.interaction_graph_factory: Instantiating DensePDInteractionGraph
protocols.relax.FastRelax: CMD: repack  -1073.67  2.16325  2.16325  0.55
protocols.relax.FastRelax: CMD: min  -1140.72  2.33372  2.33372  0.55
protocols.relax.FastRelax: MRP: 2  -1140.72  -1140.72  2.33372  2.33372  
protocols.relax.FastRelax: CMD: accept_to_best  -1140.72  2.33372  2.33372  0.55
protocols.relax.FastRelax: CMD: endrepeat  -1140.72  2.33372  2.33372  0.55
protocols.relax.FastRelax: CMD: coord_cst_weight  43960.2  2.33372  2.33372  0.55
protocols.relax.FastRelax: CMD: scale:fa_rep  43629.8  2.33372  2.33372  0.022
core.pack.task: Packer task: initialize from command line() 
core.pack.pack_rotamers: built 7767 rotamers at 492 positions.
core.pack.interaction_graph.interaction_graph_factory: Instantiating DensePDInteractionGraph
protocols.relax.FastRelax: CMD: repack  43615.5  2.33372  2.33372  0.022
protocols.relax.FastRelax: CMD: scale:fa_rep  43621.7  2.33372  2.33372  0.02805
core.optimization.Minimizer: [ WARNING ] LBFGS MAX CYCLES 2000 EXCEEDED, BUT FUNC NOT CONVERGED!
protocols.relax.FastRelax: CMD: min  -1269.31  0.180024  0.180024  0.02805
protocols.relax.FastRelax: CMD: coord_cst_weight  -1339.76  0.180024  0.180024  0.02805
protocols.relax.FastRelax: CMD: scale:fa_rep  -985.303  0.180024  0.180024  0.14575
core.pack.task: Packer task: initialize from command line() 
core.pack.pack_rotamers: built 7388 rotamers at 492 positions.
core.pack.interaction_graph.interaction_graph_factory: Instantiating DensePDInteractionGraph
protocols.relax.FastRelax: CMD: repack  -1057.7  0.180024  0.180024  0.14575
protocols.relax.FastRelax: CMD: scale:fa_rep  -1037.88  0.180024  0.180024  0.154
protocols.relax.FastRelax: CMD: min  -1196.43  0.221232  0.221232  0.154
protocols.relax.FastRelax: CMD: coord_cst_weight  -1302.41  0.221232  0.221232  0.154
protocols.relax.FastRelax: CMD: scale:fa_rep  -1126.32  0.221232  0.221232  0.30745
core.pack.task: Packer task: initialize from command line() 
core.pack.pack_rotamers: built 7123 rotamers at 492 positions.
core.pack.interaction_graph.interaction_graph_factory: Instantiating DensePDInteractionGraph
protocols.relax.FastRelax: CMD: repack  -1126.89  0.221232  0.221232  0.30745
protocols.relax.FastRelax: CMD: scale:fa_rep  -1113.07  0.221232  0.221232  0.31955
protocols.relax.FastRelax: CMD: min  -1291.98  3.68776  3.68776  0.31955
protocols.relax.FastRelax: CMD: coord_cst_weight  -1291.98  3.68776  3.68776  0.31955
protocols.relax.FastRelax: CMD: scale:fa_rep  -1083.53  3.68776  3.68776  0.55
core.pack.task: Packer task: initialize from command line() 
core.pack.pack_rotamers: built 7010 rotamers at 492 positions.
core.pack.interaction_graph.interaction_graph_factory: Instantiating DensePDInteractionGraph
protocols.relax.FastRelax: CMD: repack  -1085.96  3.68776  3.68776  0.55
protocols.relax.FastRelax: CMD: min  -1142.84  3.78945  3.78945  0.55
protocols.relax.FastRelax: MRP: 3  -1142.84  -1142.84  3.78945  3.78945  
protocols.relax.FastRelax: CMD: accept_to_best  -1142.84  3.78945  3.78945  0.55
protocols.relax.FastRelax: CMD: endrepeat  -1142.84  3.78945  3.78945  0.55
protocols.relax.FastRelax: CMD: coord_cst_weight  66195.4  3.78945  3.78945  0.55
protocols.relax.FastRelax: CMD: scale:fa_rep  65867.8  3.78945  3.78945  0.022
core.pack.task: Packer task: initialize from command line() 
core.pack.pack_rotamers: built 7673 rotamers at 492 positions.
core.pack.interaction_graph.interaction_graph_factory: Instantiating DensePDInteractionGraph
protocols.relax.FastRelax: CMD: repack  65851.3  3.78945  3.78945  0.022
protocols.relax.FastRelax: CMD: scale:fa_rep  65859.5  3.78945  3.78945  0.02805
core.optimization.Minimizer: [ WARNING ] LBFGS MAX CYCLES 2000 EXCEEDED, BUT FUNC NOT CONVERGED!
protocols.relax.FastRelax: CMD: min  -1224.65  0.184543  0.184543  0.02805
protocols.relax.FastRelax: CMD: coord_cst_weight  -1297.04  0.184543  0.184543  0.02805
protocols.relax.FastRelax: CMD: scale:fa_rep  -886.906  0.184543  0.184543  0.14575
core.pack.task: Packer task: initialize from command line() 
core.pack.pack_rotamers: built 7414 rotamers at 492 positions.
core.pack.interaction_graph.interaction_graph_factory: Instantiating DensePDInteractionGraph
protocols.relax.FastRelax: CMD: repack  -1045  0.184543  0.184543  0.14575
protocols.relax.FastRelax: CMD: scale:fa_rep  -1025.29  0.184543  0.184543  0.154
protocols.relax.FastRelax: CMD: min  -1192.99  0.222611  0.222611  0.154
protocols.relax.FastRelax: CMD: coord_cst_weight  -1300.15  0.222611  0.222611  0.154
protocols.relax.FastRelax: CMD: scale:fa_rep  -1120.84  0.222611  0.222611  0.30745
core.pack.task: Packer task: initialize from command line() 
core.pack.pack_rotamers: built 7125 rotamers at 492 positions.
core.pack.interaction_graph.interaction_graph_factory: Instantiating DensePDInteractionGraph
protocols.relax.FastRelax: CMD: repack  -1126.75  0.222611  0.222611  0.30745
protocols.relax.FastRelax: CMD: scale:fa_rep  -1112.88  0.222611  0.222611  0.31955
protocols.relax.FastRelax: CMD: min  -1290.56  3.35295  3.35295  0.31955
protocols.relax.FastRelax: CMD: coord_cst_weight  -1290.56  3.35295  3.35295  0.31955
protocols.relax.FastRelax: CMD: scale:fa_rep  -1080.79  3.35295  3.35295  0.55
core.pack.task: Packer task: initialize from command line() 
core.pack.pack_rotamers: built 6991 rotamers at 492 positions.
core.pack.interaction_graph.interaction_graph_factory: Instantiating DensePDInteractionGraph
protocols.relax.FastRelax: CMD: repack  -1082.9  3.35295  3.35295  0.55
protocols.relax.FastRelax: CMD: min  -1149.23  3.93672  3.93672  0.55
protocols.relax.FastRelax: MRP: 4  -1149.23  -1149.23  3.93672  3.93672  
protocols.relax.FastRelax: CMD: accept_to_best  -1149.23  3.93672  3.93672  0.55
protocols.relax.FastRelax: CMD: endrepeat  -1149.23  3.93672  3.93672  0.55
protocols.relax.FastRelax: CMD: coord_cst_weight  75160.6  3.93672  3.93672  0.55
protocols.relax.FastRelax: CMD: scale:fa_rep  74832.9  3.93672  3.93672  0.022
core.pack.task: Packer task: initialize from command line() 
core.pack.pack_rotamers: built 7697 rotamers at 492 positions.
core.pack.interaction_graph.interaction_graph_factory: Instantiating DensePDInteractionGraph
protocols.relax.FastRelax: CMD: repack  74817.1  3.93672  3.93672  0.022
protocols.relax.FastRelax: CMD: scale:fa_rep  74824.1  3.93672  3.93672  0.02805
core.optimization.Minimizer: [ WARNING ] LBFGS MAX CYCLES 2000 EXCEEDED, BUT FUNC NOT CONVERGED!
protocols.relax.FastRelax: CMD: min  -1287.17  0.181964  0.181964  0.02805
protocols.relax.FastRelax: CMD: coord_cst_weight  -1357.05  0.181964  0.181964  0.02805
protocols.relax.FastRelax: CMD: scale:fa_rep  -1033.89  0.181964  0.181964  0.14575
core.pack.task: Packer task: initialize from command line() 
core.pack.pack_rotamers: built 7386 rotamers at 492 positions.
core.pack.interaction_graph.interaction_graph_factory: Instantiating DensePDInteractionGraph
protocols.relax.FastRelax: CMD: repack  -1053.19  0.181964  0.181964  0.14575
protocols.relax.FastRelax: CMD: scale:fa_rep  -1032.54  0.181964  0.181964  0.154
protocols.relax.FastRelax: CMD: min  -1190.74  0.223552  0.223552  0.154
protocols.relax.FastRelax: CMD: coord_cst_weight  -1299.55  0.223552  0.223552  0.154
protocols.relax.FastRelax: CMD: scale:fa_rep  -1115.64  0.223552  0.223552  0.30745
core.pack.task: Packer task: initialize from command line() 
core.pack.pack_rotamers: built 7135 rotamers at 492 positions.
core.pack.interaction_graph.interaction_graph_factory: Instantiating DensePDInteractionGraph
protocols.relax.FastRelax: CMD: repack  -1116.48  0.223552  0.223552  0.30745
protocols.relax.FastRelax: CMD: scale:fa_rep  -1102.18  0.223552  0.223552  0.31955
protocols.relax.FastRelax: CMD: min  -1300.51  3.47127  3.47127  0.31955
protocols.relax.FastRelax: CMD: coord_cst_weight  -1300.51  3.47127  3.47127  0.31955
protocols.relax.FastRelax: CMD: scale:fa_rep  -1093.89  3.47127  3.47127  0.55
core.pack.task: Packer task: initialize from command line() 
core.pack.pack_rotamers: built 6923 rotamers at 492 positions.
core.pack.interaction_graph.interaction_graph_factory: Instantiating DensePDInteractionGraph
protocols.relax.FastRelax: CMD: repack  -1096.95  3.47127  3.47127  0.55
protocols.relax.FastRelax: CMD: min  -1159.73  3.8373  3.8373  0.55
protocols.relax.FastRelax: MRP: 5  -1159.73  -1159.73  3.8373  3.8373  
protocols.relax.FastRelax: CMD: accept_to_best  -1159.73  3.8373  3.8373  0.55
protocols.relax.FastRelax: CMD: endrepeat  -1159.73  3.8373  3.8373  0.55
protocols.relax.FastRelax: CMD: coord_cst_weight  72213.1  3.8373  3.8373  0.55
protocols.relax.FastRelax: CMD: scale:fa_rep  71886.4  3.8373  3.8373  0.022
core.pack.task: Packer task: initialize from command line() 
core.pack.pack_rotamers: built 7706 rotamers at 492 positions.
core.pack.interaction_graph.interaction_graph_factory: Instantiating DensePDInteractionGraph
protocols.relax.FastRelax: CMD: repack  71862.1  3.8373  3.8373  0.022
protocols.relax.FastRelax: CMD: scale:fa_rep  71869.7  3.8373  3.8373  0.02805
core.optimization.Minimizer: [ WARNING ] LBFGS MAX CYCLES 2000 EXCEEDED, BUT FUNC NOT CONVERGED!
protocols.relax.FastRelax: CMD: min  -1262.24  0.192484  0.192484  0.02805
protocols.relax.FastRelax: CMD: coord_cst_weight  -1340.48  0.192484  0.192484  0.02805
protocols.relax.FastRelax: CMD: scale:fa_rep  -984.495  0.192484  0.192484  0.14575
core.pack.task: Packer task: initialize from command line() 
core.pack.pack_rotamers: built 7337 rotamers at 492 positions.
core.pack.interaction_graph.interaction_graph_factory: Instantiating DensePDInteractionGraph
protocols.relax.FastRelax: CMD: repack  -1059.92  0.192484  0.192484  0.14575
protocols.relax.FastRelax: CMD: scale:fa_rep  -1039.89  0.192484  0.192484  0.154
protocols.relax.FastRelax: CMD: min  -1195.28  0.228303  0.228303  0.154
protocols.relax.FastRelax: CMD: coord_cst_weight  -1309.07  0.228303  0.228303  0.154
protocols.relax.FastRelax: CMD: scale:fa_rep  -1129.37  0.228303  0.228303  0.30745
core.pack.task: Packer task: initialize from command line() 
core.pack.pack_rotamers: built 7123 rotamers at 492 positions.
core.pack.interaction_graph.interaction_graph_factory: Instantiating DensePDInteractionGraph
protocols.relax.FastRelax: CMD: repack  -1130.98  0.228303  0.228303  0.30745
protocols.relax.FastRelax: CMD: scale:fa_rep  -1116.91  0.228303  0.228303  0.31955
protocols.relax.FastRelax: CMD: min  -1313.65  3.17076  3.17076  0.31955
protocols.relax.FastRelax: CMD: coord_cst_weight  -1313.65  3.17076  3.17076  0.31955
protocols.relax.FastRelax: CMD: scale:fa_rep  -1109.35  3.17076  3.17076  0.55
core.pack.task: Packer task: initialize from command line() 
core.pack.pack_rotamers: built 6906 rotamers at 492 positions.
core.pack.interaction_graph.interaction_graph_factory: Instantiating DensePDInteractionGraph
protocols.relax.FastRelax: CMD: repack  -1112.45  3.17076  3.17076  0.55
protocols.relax.FastRelax: CMD: min  -1174.49  3.72657  3.72657  0.55
protocols.relax.FastRelax: MRP: 6  -1174.49  -1174.49  3.72657  3.72657  
protocols.relax.FastRelax: CMD: accept_to_best  -1174.49  3.72657  3.72657  0.55
protocols.relax.FastRelax: CMD: endrepeat  -1174.49  3.72657  3.72657  0.55
protocols.relax.FastRelax: CMD: coord_cst_weight  60263.8  3.72657  3.72657  0.55
protocols.relax.FastRelax: CMD: scale:fa_rep  59937.1  3.72657  3.72657  0.022
core.pack.task: Packer task: initialize from command line() 
core.pack.pack_rotamers: built 7593 rotamers at 492 positions.
core.pack.interaction_graph.interaction_graph_factory: Instantiating DensePDInteractionGraph
protocols.relax.FastRelax: CMD: repack  59917.7  3.72657  3.72657  0.022
protocols.relax.FastRelax: CMD: scale:fa_rep  59923.5  3.72657  3.72657  0.02805
core.optimization.Minimizer: [ WARNING ] LBFGS MAX CYCLES 2000 EXCEEDED, BUT FUNC NOT CONVERGED!
protocols.relax.FastRelax: CMD: min  -1278.91  0.187273  0.187273  0.02805
protocols.relax.FastRelax: CMD: coord_cst_weight  -1354.7  0.187273  0.187273  0.02805
protocols.relax.FastRelax: CMD: scale:fa_rep  -1045.61  0.187273  0.187273  0.14575
core.pack.task: Packer task: initialize from command line() 
core.pack.pack_rotamers: built 7333 rotamers at 492 positions.
core.pack.interaction_graph.interaction_graph_factory: Instantiating DensePDInteractionGraph
protocols.relax.FastRelax: CMD: repack  -1068.92  0.187273  0.187273  0.14575
protocols.relax.FastRelax: CMD: scale:fa_rep  -1048.8  0.187273  0.187273  0.154
protocols.relax.FastRelax: CMD: min  -1198.29  0.228122  0.228122  0.154
protocols.relax.FastRelax: CMD: coord_cst_weight  -1312.95  0.228122  0.228122  0.154
protocols.relax.FastRelax: CMD: scale:fa_rep  -1128.76  0.228122  0.228122  0.30745
core.pack.task: Packer task: initialize from command line() 
core.pack.pack_rotamers: built 7124 rotamers at 492 positions.
core.pack.interaction_graph.interaction_graph_factory: Instantiating DensePDInteractionGraph
protocols.relax.FastRelax: CMD: repack  -1130.23  0.228122  0.228122  0.30745
protocols.relax.FastRelax: CMD: scale:fa_rep  -1115.94  0.228122  0.228122  0.31955
protocols.relax.FastRelax: CMD: min  -1301.94  2.48254  2.48254  0.31955
protocols.relax.FastRelax: CMD: coord_cst_weight  -1301.94  2.48254  2.48254  0.31955
protocols.relax.FastRelax: CMD: scale:fa_rep  -1093.34  2.48254  2.48254  0.55
core.pack.task: Packer task: initialize from command line() 
core.pack.pack_rotamers: built 6946 rotamers at 492 positions.
core.pack.interaction_graph.interaction_graph_factory: Instantiating DensePDInteractionGraph
protocols.relax.FastRelax: CMD: repack  -1096.27  2.48254  2.48254  0.55
protocols.relax.FastRelax: CMD: min  -1172.33  3.54478  3.54478  0.55
protocols.relax.FastRelax: MRP: 7  -1172.33  -1174.49  3.72657  3.72657  
protocols.relax.FastRelax: CMD: accept_to_best  -1172.33  3.54478  3.54478  0.55
protocols.relax.FastRelax: CMD: endrepeat  -1172.33  3.54478  3.54478  0.55
protocols.relax.FastRelax: CMD: coord_cst_weight  53148.3  3.54478  3.54478  0.55
protocols.relax.FastRelax: CMD: scale:fa_rep  52821.7  3.54478  3.54478  0.022
core.pack.task: Packer task: initialize from command line() 
core.pack.pack_rotamers: built 7591 rotamers at 492 positions.
core.pack.interaction_graph.interaction_graph_factory: Instantiating DensePDInteractionGraph
protocols.relax.FastRelax: CMD: repack  52815.1  3.54478  3.54478  0.022
protocols.relax.FastRelax: CMD: scale:fa_rep  52822.5  3.54478  3.54478  0.02805
core.optimization.Minimizer: [ WARNING ] LBFGS MAX CYCLES 2000 EXCEEDED, BUT FUNC NOT CONVERGED!
protocols.relax.FastRelax: CMD: min  -1266.2  0.189196  0.189196  0.02805
protocols.relax.FastRelax: CMD: coord_cst_weight  -1343.99  0.189196  0.189196  0.02805
protocols.relax.FastRelax: CMD: scale:fa_rep  -1020.99  0.189196  0.189196  0.14575
core.pack.task: Packer task: initialize from command line() 
core.pack.pack_rotamers: built 7341 rotamers at 492 positions.
core.pack.interaction_graph.interaction_graph_factory: Instantiating DensePDInteractionGraph
protocols.relax.FastRelax: CMD: repack  -1056.93  0.189196  0.189196  0.14575
protocols.relax.FastRelax: CMD: scale:fa_rep  -1036.44  0.189196  0.189196  0.154
protocols.relax.FastRelax: CMD: min  -1200  0.230142  0.230142  0.154
protocols.relax.FastRelax: CMD: coord_cst_weight  -1316.76  0.230142  0.230142  0.154
protocols.relax.FastRelax: CMD: scale:fa_rep  -1132.78  0.230142  0.230142  0.30745
core.pack.task: Packer task: initialize from command line() 
core.pack.pack_rotamers: built 7121 rotamers at 492 positions.
core.pack.interaction_graph.interaction_graph_factory: Instantiating DensePDInteractionGraph
protocols.relax.FastRelax: CMD: repack  -1134.21  0.230142  0.230142  0.30745
protocols.relax.FastRelax: CMD: scale:fa_rep  -1119.92  0.230142  0.230142  0.31955
protocols.relax.FastRelax: CMD: min  -1314.49  2.67786  2.67786  0.31955
protocols.relax.FastRelax: CMD: coord_cst_weight  -1314.49  2.67786  2.67786  0.31955
protocols.relax.FastRelax: CMD: scale:fa_rep  -1107.11  2.67786  2.67786  0.55
core.pack.task: Packer task: initialize from command line() 
core.pack.pack_rotamers: built 6882 rotamers at 492 positions.
core.pack.interaction_graph.interaction_graph_factory: Instantiating DensePDInteractionGraph
protocols.relax.FastRelax: CMD: repack  -1111.51  2.67786  2.67786  0.55
protocols.relax.FastRelax: CMD: min  -1180.13  3.35405  3.35405  0.55
protocols.relax.FastRelax: MRP: 8  -1180.13  -1180.13  3.35405  3.35405  
protocols.relax.FastRelax: CMD: accept_to_best  -1180.13  3.35405  3.35405  0.55
protocols.relax.FastRelax: CMD: endrepeat  -1180.13  3.35405  3.35405  0.55
protocols.relax.FastRelax: CMD: coord_cst_weight  44606.6  3.35405  3.35405  0.55
protocols.relax.FastRelax: CMD: scale:fa_rep  44280.1  3.35405  3.35405  0.022
core.pack.task: Packer task: initialize from command line() 
core.pack.pack_rotamers: built 7587 rotamers at 492 positions.
core.pack.interaction_graph.interaction_graph_factory: Instantiating DensePDInteractionGraph
protocols.relax.FastRelax: CMD: repack  44268  3.35405  3.35405  0.022
protocols.relax.FastRelax: CMD: scale:fa_rep  44278.2  3.35405  3.35405  0.02805
core.optimization.Minimizer: [ WARNING ] LBFGS MAX CYCLES 2000 EXCEEDED, BUT FUNC NOT CONVERGED!
protocols.relax.FastRelax: CMD: min  -1255.45  0.190733  0.190733  0.02805
protocols.relax.FastRelax: CMD: coord_cst_weight  -1333.67  0.190733  0.190733  0.02805
protocols.relax.FastRelax: CMD: scale:fa_rep  -933.573  0.190733  0.190733  0.14575
core.pack.task: Packer task: initialize from command line() 
core.pack.pack_rotamers: built 7366 rotamers at 492 positions.
core.pack.interaction_graph.interaction_graph_factory: Instantiating DensePDInteractionGraph
protocols.relax.FastRelax: CMD: repack  -1053.45  0.190733  0.190733  0.14575
protocols.relax.FastRelax: CMD: scale:fa_rep  -1033.35  0.190733  0.190733  0.154
protocols.relax.FastRelax: CMD: min  -1196.31  0.233665  0.233665  0.154
protocols.relax.FastRelax: CMD: coord_cst_weight  -1314.84  0.233665  0.233665  0.154
protocols.relax.FastRelax: CMD: scale:fa_rep  -1133.02  0.233665  0.233665  0.30745
core.pack.task: Packer task: initialize from command line() 
core.pack.pack_rotamers: built 7084 rotamers at 492 positions.
core.pack.interaction_graph.interaction_graph_factory: Instantiating DensePDInteractionGraph
protocols.relax.FastRelax: CMD: repack  -1134.68  0.233665  0.233665  0.30745
protocols.relax.FastRelax: CMD: scale:fa_rep  -1120.5  0.233665  0.233665  0.31955
protocols.relax.FastRelax: CMD: min  -1308.75  3.4212  3.4212  0.31955
protocols.relax.FastRelax: CMD: coord_cst_weight  -1308.75  3.4212  3.4212  0.31955
protocols.relax.FastRelax: CMD: scale:fa_rep  -1100.57  3.4212  3.4212  0.55
core.pack.task: Packer task: initialize from command line() 
core.pack.pack_rotamers: built 6902 rotamers at 492 positions.
core.pack.interaction_graph.interaction_graph_factory: Instantiating DensePDInteractionGraph
protocols.relax.FastRelax: CMD: repack  -1104.97  3.4212  3.4212  0.55
protocols.relax.FastRelax: CMD: min  -1172.63  4.09569  4.09569  0.55
protocols.relax.FastRelax: MRP: 9  -1172.63  -1180.13  3.35405  3.35405  
protocols.relax.FastRelax: CMD: accept_to_best  -1172.63  4.09569  4.09569  0.55
protocols.relax.FastRelax: CMD: endrepeat  -1172.63  4.09569  4.09569  0.55
protocols.relax.FastRelax: CMD: coord_cst_weight  65975  4.09569  4.09569  0.55
protocols.relax.FastRelax: CMD: scale:fa_rep  65643.6  4.09569  4.09569  0.022
core.pack.task: Packer task: initialize from command line() 
core.pack.pack_rotamers: built 7635 rotamers at 492 positions.
core.pack.interaction_graph.interaction_graph_factory: Instantiating DensePDInteractionGraph
protocols.relax.FastRelax: CMD: repack  65629.1  4.09569  4.09569  0.022
protocols.relax.FastRelax: CMD: scale:fa_rep  65635.6  4.09569  4.09569  0.02805
core.optimization.Minimizer: [ WARNING ] LBFGS MAX CYCLES 2000 EXCEEDED, BUT FUNC NOT CONVERGED!
protocols.relax.FastRelax: CMD: min  -1273.22  0.190111  0.190111  0.02805
protocols.relax.FastRelax: CMD: coord_cst_weight  -1350.99  0.190111  0.190111  0.02805
protocols.relax.FastRelax: CMD: scale:fa_rep  -1022.51  0.190111  0.190111  0.14575
core.pack.task: Packer task: initialize from command line() 
core.pack.pack_rotamers: built 7307 rotamers at 492 positions.
core.pack.interaction_graph.interaction_graph_factory: Instantiating DensePDInteractionGraph
protocols.relax.FastRelax: CMD: repack  -1065.27  0.190111  0.190111  0.14575
protocols.relax.FastRelax: CMD: scale:fa_rep  -1045.27  0.190111  0.190111  0.154
protocols.relax.FastRelax: CMD: min  -1197.15  0.23414  0.23414  0.154
protocols.relax.FastRelax: CMD: coord_cst_weight  -1315.86  0.23414  0.23414  0.154
protocols.relax.FastRelax: CMD: scale:fa_rep  -1132.71  0.23414  0.23414  0.30745
core.pack.task: Packer task: initialize from command line() 
core.pack.pack_rotamers: built 7115 rotamers at 492 positions.
core.pack.interaction_graph.interaction_graph_factory: Instantiating DensePDInteractionGraph
protocols.relax.FastRelax: CMD: repack  -1133.91  0.23414  0.23414  0.30745
protocols.relax.FastRelax: CMD: scale:fa_rep  -1119.69  0.23414  0.23414  0.31955
protocols.relax.FastRelax: CMD: min  -1311.85  3.60301  3.60301  0.31955
protocols.relax.FastRelax: CMD: coord_cst_weight  -1311.85  3.60301  3.60301  0.31955
protocols.relax.FastRelax: CMD: scale:fa_rep  -1103.55  3.60301  3.60301  0.55
core.pack.task: Packer task: initialize from command line() 
core.pack.pack_rotamers: built 6908 rotamers at 492 positions.
core.pack.interaction_graph.interaction_graph_factory: Instantiating DensePDInteractionGraph
protocols.relax.FastRelax: CMD: repack  -1112.26  3.60301  3.60301  0.55
protocols.relax.FastRelax: CMD: min  -1173.52  3.87171  3.87171  0.55
protocols.relax.FastRelax: MRP: 10  -1173.52  -1180.13  3.35405  3.35405  
protocols.relax.FastRelax: CMD: accept_to_best  -1173.52  3.87171  3.87171  0.55
protocols.relax.FastRelax: CMD: endrepeat  -1173.52  3.87171  3.87171  0.55
protocols.relax.FastRelax: CMD: coord_cst_weight  62026.4  3.87171  3.87171  0.55
protocols.relax.FastRelax: CMD: scale:fa_rep  61699.3  3.87171  3.87171  0.022
core.pack.task: Packer task: initialize from command line() 
core.pack.pack_rotamers: built 7652 rotamers at 492 positions.
core.pack.interaction_graph.interaction_graph_factory: Instantiating DensePDInteractionGraph
protocols.relax.FastRelax: CMD: repack  61678.4  3.87171  3.87171  0.022
protocols.relax.FastRelax: CMD: scale:fa_rep  61685.1  3.87171  3.87171  0.02805
core.optimization.Minimizer: [ WARNING ] LBFGS MAX CYCLES 2000 EXCEEDED, BUT FUNC NOT CONVERGED!
protocols.relax.FastRelax: CMD: min  -1283.32  0.189638  0.189638  0.02805
protocols.relax.FastRelax: CMD: coord_cst_weight  -1360.42  0.189638  0.189638  0.02805
protocols.relax.FastRelax: CMD: scale:fa_rep  -1035.41  0.189638  0.189638  0.14575
core.pack.task: Packer task: initialize from command line() 
core.pack.pack_rotamers: built 7345 rotamers at 492 positions.
core.pack.interaction_graph.interaction_graph_factory: Instantiating DensePDInteractionGraph
protocols.relax.FastRelax: CMD: repack  -1069.29  0.189638  0.189638  0.14575
protocols.relax.FastRelax: CMD: scale:fa_rep  -1049.14  0.189638  0.189638  0.154
protocols.relax.FastRelax: CMD: min  -1195.27  0.234195  0.234195  0.154
protocols.relax.FastRelax: CMD: coord_cst_weight  -1314.34  0.234195  0.234195  0.154
protocols.relax.FastRelax: CMD: scale:fa_rep  -1129.29  0.234195  0.234195  0.30745
core.pack.task: Packer task: initialize from command line() 
core.pack.pack_rotamers: built 7107 rotamers at 492 positions.
core.pack.interaction_graph.interaction_graph_factory: Instantiating DensePDInteractionGraph
protocols.relax.FastRelax: CMD: repack  -1131.66  0.234195  0.234195  0.30745
protocols.relax.FastRelax: CMD: scale:fa_rep  -1117.37  0.234195  0.234195  0.31955
protocols.relax.FastRelax: CMD: min  -1330.83  3.56161  3.56161  0.31955
protocols.relax.FastRelax: CMD: coord_cst_weight  -1330.83  3.56161  3.56161  0.31955
protocols.relax.FastRelax: CMD: scale:fa_rep  -1128.83  3.56161  3.56161  0.55
core.pack.task: Packer task: initialize from command line() 
core.pack.pack_rotamers: built 6909 rotamers at 492 positions.
core.pack.interaction_graph.interaction_graph_factory: Instantiating DensePDInteractionGraph
protocols.relax.FastRelax: CMD: repack  -1131.94  3.56161  3.56161  0.55
protocols.relax.FastRelax: CMD: min  -1185.14  3.91044  3.91044  0.55
protocols.relax.FastRelax: MRP: 11  -1185.14  -1185.14  3.91044  3.91044  
protocols.relax.FastRelax: CMD: accept_to_best  -1185.14  3.91044  3.91044  0.55
protocols.relax.FastRelax: CMD: endrepeat  -1185.14  3.91044  3.91044  0.55
protocols.relax.FastRelax: CMD: coord_cst_weight  69513.7  3.91044  3.91044  0.55
protocols.relax.FastRelax: CMD: scale:fa_rep  69189.8  3.91044  3.91044  0.022
core.pack.task: Packer task: initialize from command line() 
core.pack.pack_rotamers: built 7667 rotamers at 492 positions.
core.pack.interaction_graph.interaction_graph_factory: Instantiating DensePDInteractionGraph
protocols.relax.FastRelax: CMD: repack  69172.1  3.91044  3.91044  0.022
protocols.relax.FastRelax: CMD: scale:fa_rep  69179.4  3.91044  3.91044  0.02805
core.optimization.Minimizer: [ WARNING ] LBFGS MAX CYCLES 2000 EXCEEDED, BUT FUNC NOT CONVERGED!
protocols.relax.FastRelax: CMD: min  -1262.66  0.192855  0.192855  0.02805
protocols.relax.FastRelax: CMD: coord_cst_weight  -1341.67  0.192855  0.192855  0.02805
protocols.relax.FastRelax: CMD: scale:fa_rep  -982.443  0.192855  0.192855  0.14575
core.pack.task: Packer task: initialize from command line() 
core.pack.pack_rotamers: built 7343 rotamers at 492 positions.
core.pack.interaction_graph.interaction_graph_factory: Instantiating DensePDInteractionGraph
protocols.relax.FastRelax: CMD: repack  -1052.22  0.192855  0.192855  0.14575
protocols.relax.FastRelax: CMD: scale:fa_rep  -1031.59  0.192855  0.192855  0.154
protocols.relax.FastRelax: CMD: min  -1197.23  0.233843  0.233843  0.154
protocols.relax.FastRelax: CMD: coord_cst_weight  -1315.51  0.233843  0.233843  0.154
protocols.relax.FastRelax: CMD: scale:fa_rep  -1132.85  0.233843  0.233843  0.30745
core.pack.task: Packer task: initialize from command line() 
core.pack.pack_rotamers: built 7113 rotamers at 492 positions.
core.pack.interaction_graph.interaction_graph_factory: Instantiating DensePDInteractionGraph
protocols.relax.FastRelax: CMD: repack  -1134.84  0.233843  0.233843  0.30745
protocols.relax.FastRelax: CMD: scale:fa_rep  -1120.71  0.233843  0.233843  0.31955
protocols.relax.FastRelax: CMD: min  -1334.26  3.9308  3.9308  0.31955
protocols.relax.FastRelax: CMD: coord_cst_weight  -1334.26  3.9308  3.9308  0.31955
protocols.relax.FastRelax: CMD: scale:fa_rep  -1131.69  3.9308  3.9308  0.55
core.pack.task: Packer task: initialize from command line() 
core.pack.pack_rotamers: built 6908 rotamers at 492 positions.
core.pack.interaction_graph.interaction_graph_factory: Instantiating DensePDInteractionGraph
protocols.relax.FastRelax: CMD: repack  -1130.32  3.9308  3.9308  0.55
protocols.relax.FastRelax: CMD: min  -1180.98  3.96375  3.96375  0.55
protocols.relax.FastRelax: MRP: 12  -1180.98  -1185.14  3.91044  3.91044  
protocols.relax.FastRelax: CMD: accept_to_best  -1180.98  3.96375  3.96375  0.55
protocols.relax.FastRelax: CMD: endrepeat  -1180.98  3.96375  3.96375  0.55
protocols.relax.FastRelax: CMD: coord_cst_weight  68690.1  3.96375  3.96375  0.55
protocols.relax.FastRelax: CMD: scale:fa_rep  68362.9  3.96375  3.96375  0.022
core.pack.task: Packer task: initialize from command line() 
core.pack.pack_rotamers: built 7670 rotamers at 492 positions.
core.pack.interaction_graph.interaction_graph_factory: Instantiating DensePDInteractionGraph
protocols.relax.FastRelax: CMD: repack  68340.1  3.96375  3.96375  0.022
protocols.relax.FastRelax: CMD: scale:fa_rep  68346.7  3.96375  3.96375  0.02805
core.optimization.Minimizer: [ WARNING ] LBFGS MAX CYCLES 2000 EXCEEDED, BUT FUNC NOT CONVERGED!
protocols.relax.FastRelax: CMD: min  -1264.14  0.193407  0.193407  0.02805
protocols.relax.FastRelax: CMD: coord_cst_weight  -1344.24  0.193407  0.193407  0.02805
protocols.relax.FastRelax: CMD: scale:fa_rep  -991.576  0.193407  0.193407  0.14575
core.pack.task: Packer task: initialize from command line() 
core.pack.pack_rotamers: built 7339 rotamers at 492 positions.
core.pack.interaction_graph.interaction_graph_factory: Instantiating DensePDInteractionGraph
protocols.relax.FastRelax: CMD: repack  -1050.68  0.193407  0.193407  0.14575
protocols.relax.FastRelax: CMD: scale:fa_rep  -1030.14  0.193407  0.193407  0.154
protocols.relax.FastRelax: CMD: min  -1200.05  0.233613  0.233613  0.154
protocols.relax.FastRelax: CMD: coord_cst_weight  -1317.77  0.233613  0.233613  0.154
protocols.relax.FastRelax: CMD: scale:fa_rep  -1139.49  0.233613  0.233613  0.30745
core.pack.task: Packer task: initialize from command line() 
core.pack.pack_rotamers: built 7136 rotamers at 492 positions.
core.pack.interaction_graph.interaction_graph_factory: Instantiating DensePDInteractionGraph
protocols.relax.FastRelax: CMD: repack  -1140.8  0.233613  0.233613  0.30745
protocols.relax.FastRelax: CMD: scale:fa_rep  -1126.83  0.233613  0.233613  0.31955
protocols.relax.FastRelax: CMD: min  -1327.85  3.51827  3.51827  0.31955
protocols.relax.FastRelax: CMD: coord_cst_weight  -1327.85  3.51827  3.51827  0.31955
protocols.relax.FastRelax: CMD: scale:fa_rep  -1125.28  3.51827  3.51827  0.55
core.pack.task: Packer task: initialize from command line() 
core.pack.pack_rotamers: built 6915 rotamers at 492 positions.
core.pack.interaction_graph.interaction_graph_factory: Instantiating DensePDInteractionGraph
protocols.relax.FastRelax: CMD: repack  -1124.44  3.51827  3.51827  0.55
protocols.relax.FastRelax: CMD: min  -1178.94  3.71272  3.71272  0.55
protocols.relax.FastRelax: MRP: 13  -1178.94  -1185.14  3.91044  3.91044  
protocols.relax.FastRelax: CMD: accept_to_best  -1178.94  3.71272  3.71272  0.55
protocols.relax.FastRelax: CMD: endrepeat  -1178.94  3.71272  3.71272  0.55
protocols.relax.FastRelax: CMD: coord_cst_weight  63487.8  3.71272  3.71272  0.55
protocols.relax.FastRelax: CMD: scale:fa_rep  63158.8  3.71272  3.71272  0.022
core.pack.task: Packer task: initialize from command line() 
core.pack.pack_rotamers: built 7664 rotamers at 492 positions.
core.pack.interaction_graph.interaction_graph_factory: Instantiating DensePDInteractionGraph
protocols.relax.FastRelax: CMD: repack  63147.3  3.71272  3.71272  0.022
protocols.relax.FastRelax: CMD: scale:fa_rep  63156.8  3.71272  3.71272  0.02805
core.optimization.Minimizer: [ WARNING ] LBFGS MAX CYCLES 2000 EXCEEDED, BUT FUNC NOT CONVERGED!
protocols.relax.FastRelax: CMD: min  -1285.44  0.18932  0.18932  0.02805
protocols.relax.FastRelax: CMD: coord_cst_weight  -1362.02  0.18932  0.18932  0.02805
protocols.relax.FastRelax: CMD: scale:fa_rep  -1021.87  0.18932  0.18932  0.14575
core.pack.task: Packer task: initialize from command line() 
core.pack.pack_rotamers: built 7302 rotamers at 492 positions.
core.pack.interaction_graph.interaction_graph_factory: Instantiating DensePDInteractionGraph
protocols.relax.FastRelax: CMD: repack  -1067.93  0.18932  0.18932  0.14575
protocols.relax.FastRelax: CMD: scale:fa_rep  -1048.32  0.18932  0.18932  0.154
protocols.relax.FastRelax: CMD: min  -1203.98  0.233585  0.233585  0.154
protocols.relax.FastRelax: CMD: coord_cst_weight  -1322.07  0.233585  0.233585  0.154
protocols.relax.FastRelax: CMD: scale:fa_rep  -1139.28  0.233585  0.233585  0.30745
core.pack.task: Packer task: initialize from command line() 
core.pack.pack_rotamers: built 7128 rotamers at 492 positions.
core.pack.interaction_graph.interaction_graph_factory: Instantiating DensePDInteractionGraph
protocols.relax.FastRelax: CMD: repack  -1141.33  0.233585  0.233585  0.30745
protocols.relax.FastRelax: CMD: scale:fa_rep  -1127.18  0.233585  0.233585  0.31955
protocols.relax.FastRelax: CMD: min  -1335.56  3.56456  3.56456  0.31955
protocols.relax.FastRelax: CMD: coord_cst_weight  -1335.56  3.56456  3.56456  0.31955
protocols.relax.FastRelax: CMD: scale:fa_rep  -1130.95  3.56456  3.56456  0.55
core.pack.task: Packer task: initialize from command line() 
core.pack.pack_rotamers: built 6936 rotamers at 492 positions.
core.pack.interaction_graph.interaction_graph_factory: Instantiating DensePDInteractionGraph
protocols.relax.FastRelax: CMD: repack  -1132.44  3.56456  3.56456  0.55
protocols.relax.FastRelax: CMD: min  -1187.65  3.76836  3.76836  0.55
protocols.relax.FastRelax: MRP: 14  -1187.65  -1187.65  3.76836  3.76836  
protocols.relax.FastRelax: CMD: accept_to_best  -1187.65  3.76836  3.76836  0.55
protocols.relax.FastRelax: CMD: endrepeat  -1187.65  3.76836  3.76836  0.55
protocols::checkpoint: Deleting checkpoints of FastRelax
protocols.jd2.JobDistributor: target.BL00010001_5_0005 reported success in 14674 seconds
protocols.jd2.PDBJobInputter: PDBJobInputter::pose_from_job
protocols.jd2.PDBJobInputter: filling pose from PDB ../1-modeller/target.BL00010001.pdb
core.import_pose.import_pose: File '../1-modeller/target.BL00010001.pdb' automatically determined to be of type PDB from contents.
core.io.rcsb.ExperimentalTechnique: [ ERROR ] Unrecognized experimental technique string 'THEORETICAL MODEL, MODELLER 10.8 2026/08/10 16:18:02'
protocols.relax.FastRelax: CMD: repeat  4476.34  0  0  0.55
protocols.relax.FastRelax: CMD: coord_cst_weight  4476.34  0  0  0.55
protocols.relax.FastRelax: CMD: scale:fa_rep  806.987  0  0  0.022
core.pack.task: Packer task: initialize from command line() 
core.pack.pack_rotamers: built 8129 rotamers at 492 positions.
core.pack.interaction_graph.interaction_graph_factory: Instantiating DensePDInteractionGraph
protocols.relax.FastRelax: CMD: repack  -870.984  0  0  0.022
protocols.relax.FastRelax: CMD: scale:fa_rep  -829.966  0  0  0.02805
core.optimization.Minimizer: [ WARNING ] LBFGS MAX CYCLES 2000 EXCEEDED, BUT FUNC NOT CONVERGED!
protocols.relax.FastRelax: CMD: min  -1294.87  0.148339  0.148339  0.02805
protocols.relax.FastRelax: CMD: coord_cst_weight  -1341.57  0.148339  0.148339  0.02805
protocols.relax.FastRelax: CMD: scale:fa_rep  -957.108  0.148339  0.148339  0.14575
core.pack.task: Packer task: initialize from command line() 
core.pack.pack_rotamers: built 7487 rotamers at 492 positions.
core.pack.interaction_graph.interaction_graph_factory: Instantiating DensePDInteractionGraph
protocols.relax.FastRelax: CMD: repack  -1003.13  0.148339  0.148339  0.14575
protocols.relax.FastRelax: CMD: scale:fa_rep  -981.264  0.148339  0.148339  0.154
core.optimization.Minimizer: [ WARNING ] LBFGS MAX CYCLES 2000 EXCEEDED, BUT FUNC NOT CONVERGED!
protocols.relax.FastRelax: CMD: min  -1169.38  0.206845  0.206845  0.154
protocols.relax.FastRelax: CMD: coord_cst_weight  -1261.79  0.206845  0.206845  0.154
protocols.relax.FastRelax: CMD: scale:fa_rep  -1066.77  0.206845  0.206845  0.30745
core.pack.task: Packer task: initialize from command line() 
core.pack.pack_rotamers: built 7233 rotamers at 492 positions.
core.pack.interaction_graph.interaction_graph_factory: Instantiating DensePDInteractionGraph
protocols.relax.FastRelax: CMD: repack  -1063.28  0.206845  0.206845  0.30745
protocols.relax.FastRelax: CMD: scale:fa_rep  -1048.21  0.206845  0.206845  0.31955
protocols.relax.FastRelax: CMD: min  -1251.36  3.35215  3.35215  0.31955
protocols.relax.FastRelax: CMD: coord_cst_weight  -1251.36  3.35215  3.35215  0.31955
protocols.relax.FastRelax: CMD: scale:fa_rep  -1036.93  3.35215  3.35215  0.55
core.pack.task: Packer task: initialize from command line() 
core.pack.pack_rotamers: built 7045 rotamers at 492 positions.
core.pack.interaction_graph.interaction_graph_factory: Instantiating DensePDInteractionGraph
protocols.relax.FastRelax: CMD: repack  -1043.9  3.35215  3.35215  0.55
protocols.relax.FastRelax: CMD: min  -1111.95  3.16169  3.16169  0.55
protocols.relax.FastRelax: MRP: 0  -1111.95  -1111.95  3.16169  3.16169  
protocols.relax.FastRelax: CMD: accept_to_best  -1111.95  3.16169  3.16169  0.55
protocols.relax.FastRelax: CMD: endrepeat  -1111.95  3.16169  3.16169  0.55
protocols.relax.FastRelax: CMD: coord_cst_weight  92549.1  3.16169  3.16169  0.55
protocols.relax.FastRelax: CMD: scale:fa_rep  92210.1  3.16169  3.16169  0.022
core.pack.task: Packer task: initialize from command line() 
core.pack.pack_rotamers: built 7875 rotamers at 492 positions.
core.pack.interaction_graph.interaction_graph_factory: Instantiating DensePDInteractionGraph
protocols.relax.FastRelax: CMD: repack  92194.2  3.16169  3.16169  0.022
protocols.relax.FastRelax: CMD: scale:fa_rep  92203  3.16169  3.16169  0.02805
core.optimization.Minimizer: [ WARNING ] LBFGS MAX CYCLES 2000 EXCEEDED, BUT FUNC NOT CONVERGED!
protocols.relax.FastRelax: CMD: min  -1273.31  0.176881  0.176881  0.02805
protocols.relax.FastRelax: CMD: coord_cst_weight  -1341.1  0.176881  0.176881  0.02805
protocols.relax.FastRelax: CMD: scale:fa_rep  -1002.96  0.176881  0.176881  0.14575
core.pack.task: Packer task: initialize from command line() 
core.pack.pack_rotamers: built 7358 rotamers at 492 positions.
core.pack.interaction_graph.interaction_graph_factory: Instantiating DensePDInteractionGraph
protocols.relax.FastRelax: CMD: repack  -1039.25  0.176881  0.176881  0.14575
protocols.relax.FastRelax: CMD: scale:fa_rep  -1018.32  0.176881  0.176881  0.154
protocols.relax.FastRelax: CMD: min  -1194.52  0.21852  0.21852  0.154
protocols.relax.FastRelax: CMD: coord_cst_weight  -1298.48  0.21852  0.21852  0.154
protocols.relax.FastRelax: CMD: scale:fa_rep  -1109.57  0.21852  0.21852  0.30745
core.pack.task: Packer task: initialize from command line() 
core.pack.pack_rotamers: built 7188 rotamers at 492 positions.
core.pack.interaction_graph.interaction_graph_factory: Instantiating DensePDInteractionGraph
protocols.relax.FastRelax: CMD: repack  -1110.37  0.21852  0.21852  0.30745
protocols.relax.FastRelax: CMD: scale:fa_rep  -1095.57  0.21852  0.21852  0.31955
protocols.relax.FastRelax: CMD: min  -1280.59  3.52071  3.52071  0.31955
protocols.relax.FastRelax: CMD: coord_cst_weight  -1280.59  3.52071  3.52071  0.31955
protocols.relax.FastRelax: CMD: scale:fa_rep  -1070.95  3.52071  3.52071  0.55
core.pack.task: Packer task: initialize from command line() 
core.pack.pack_rotamers: built 7014 rotamers at 492 positions.
core.pack.interaction_graph.interaction_graph_factory: Instantiating DensePDInteractionGraph
protocols.relax.FastRelax: CMD: repack  -1074.09  3.52071  3.52071  0.55
protocols.relax.FastRelax: CMD: min  -1130.72  3.46207  3.46207  0.55
protocols.relax.FastRelax: MRP: 1  -1130.72  -1130.72  3.46207  3.46207  
protocols.relax.FastRelax: CMD: accept_to_best  -1130.72  3.46207  3.46207  0.55
protocols.relax.FastRelax: CMD: endrepeat  -1130.72  3.46207  3.46207  0.55
protocols.relax.FastRelax: CMD: coord_cst_weight  67425.5  3.46207  3.46207  0.55
protocols.relax.FastRelax: CMD: scale:fa_rep  67088.3  3.46207  3.46207  0.022
core.pack.task: Packer task: initialize from command line() 
core.pack.pack_rotamers: built 7800 rotamers at 492 positions.
core.pack.interaction_graph.interaction_graph_factory: Instantiating DensePDInteractionGraph
protocols.relax.FastRelax: CMD: repack  67092.8  3.46207  3.46207  0.022
protocols.relax.FastRelax: CMD: scale:fa_rep  67106.1  3.46207  3.46207  0.02805
core.optimization.Minimizer: [ WARNING ] LBFGS MAX CYCLES 2000 EXCEEDED, BUT FUNC NOT CONVERGED!
protocols.relax.FastRelax: CMD: min  -1270.43  0.181622  0.181622  0.02805
protocols.relax.FastRelax: CMD: coord_cst_weight  -1341.83  0.181622  0.181622  0.02805
protocols.relax.FastRelax: CMD: scale:fa_rep  -975.852  0.181622  0.181622  0.14575
core.pack.task: Packer task: initialize from command line() 
core.pack.pack_rotamers: built 7425 rotamers at 492 positions.
core.pack.interaction_graph.interaction_graph_factory: Instantiating DensePDInteractionGraph
protocols.relax.FastRelax: CMD: repack  -1030.52  0.181622  0.181622  0.14575
protocols.relax.FastRelax: CMD: scale:fa_rep  -1009.61  0.181622  0.181622  0.154
protocols.relax.FastRelax: CMD: min  -1183.04  0.229733  0.229733  0.154
protocols.relax.FastRelax: CMD: coord_cst_weight  -1295.51  0.229733  0.229733  0.154
protocols.relax.FastRelax: CMD: scale:fa_rep  -1110.78  0.229733  0.229733  0.30745
core.pack.task: Packer task: initialize from command line() 
core.pack.pack_rotamers: built 7205 rotamers at 492 positions.
core.pack.interaction_graph.interaction_graph_factory: Instantiating DensePDInteractionGraph
protocols.relax.FastRelax: CMD: repack  -1108.98  0.229733  0.229733  0.30745
protocols.relax.FastRelax: CMD: scale:fa_rep  -1094.46  0.229733  0.229733  0.31955
protocols.relax.FastRelax: CMD: min  -1160.79  3.59559  3.59559  0.31955
protocols.relax.FastRelax: CMD: coord_cst_weight  -1160.79  3.59559  3.59559  0.31955
protocols.relax.FastRelax: CMD: scale:fa_rep  -855.359  3.59559  3.59559  0.55
core.pack.task: Packer task: initialize from command line() 
core.pack.pack_rotamers: built 6922 rotamers at 492 positions.
core.pack.interaction_graph.interaction_graph_factory: Instantiating DensePDInteractionGraph
protocols.relax.FastRelax: CMD: repack  -1086.6  3.59559  3.59559  0.55
protocols.relax.FastRelax: CMD: min  -1148.02  3.64748  3.64748  0.55
protocols.relax.FastRelax: MRP: 2  -1148.02  -1148.02  3.64748  3.64748  
protocols.relax.FastRelax: CMD: accept_to_best  -1148.02  3.64748  3.64748  0.55
protocols.relax.FastRelax: CMD: endrepeat  -1148.02  3.64748  3.64748  0.55
protocols.relax.FastRelax: CMD: coord_cst_weight  66760  3.64748  3.64748  0.55
protocols.relax.FastRelax: CMD: scale:fa_rep  66429  3.64748  3.64748  0.022
core.pack.task: Packer task: initialize from command line() 
core.pack.pack_rotamers: built 7824 rotamers at 492 positions.
core.pack.interaction_graph.interaction_graph_factory: Instantiating DensePDInteractionGraph
protocols.relax.FastRelax: CMD: repack  66411.9  3.64748  3.64748  0.022
protocols.relax.FastRelax: CMD: scale:fa_rep  66422.8  3.64748  3.64748  0.02805
core.optimization.Minimizer: [ WARNING ] LBFGS MAX CYCLES 2000 EXCEEDED, BUT FUNC NOT CONVERGED!
protocols.relax.FastRelax: CMD: min  -1271.3  0.186949  0.186949  0.02805
protocols.relax.FastRelax: CMD: coord_cst_weight  -1346.08  0.186949  0.186949  0.02805
protocols.relax.FastRelax: CMD: scale:fa_rep  -998.939  0.186949  0.186949  0.14575
core.pack.task: Packer task: initialize from command line() 
core.pack.pack_rotamers: built 7396 rotamers at 492 positions.
core.pack.interaction_graph.interaction_graph_factory: Instantiating DensePDInteractionGraph
protocols.relax.FastRelax: CMD: repack  -1049.7  0.186949  0.186949  0.14575
protocols.relax.FastRelax: CMD: scale:fa_rep  -1029.44  0.186949  0.186949  0.154
protocols.relax.FastRelax: CMD: min  -1193.74  0.22942  0.22942  0.154
protocols.relax.FastRelax: CMD: coord_cst_weight  -1306.79  0.22942  0.22942  0.154
protocols.relax.FastRelax: CMD: scale:fa_rep  -1121.08  0.22942  0.22942  0.30745
core.pack.task: Packer task: initialize from command line() 
core.pack.pack_rotamers: built 7228 rotamers at 492 positions.
core.pack.interaction_graph.interaction_graph_factory: Instantiating DensePDInteractionGraph
protocols.relax.FastRelax: CMD: repack  -1122.43  0.22942  0.22942  0.30745
protocols.relax.FastRelax: CMD: scale:fa_rep  -1107.89  0.22942  0.22942  0.31955
protocols.relax.FastRelax: CMD: min  -1298.21  3.37912  3.37912  0.31955
protocols.relax.FastRelax: CMD: coord_cst_weight  -1298.21  3.37912  3.37912  0.31955
protocols.relax.FastRelax: CMD: scale:fa_rep  -1090.22  3.37912  3.37912  0.55
core.pack.task: Packer task: initialize from command line() 
core.pack.pack_rotamers: built 7024 rotamers at 492 positions.
core.pack.interaction_graph.interaction_graph_factory: Instantiating DensePDInteractionGraph
protocols.relax.FastRelax: CMD: repack  -1092.07  3.37912  3.37912  0.55
protocols.relax.FastRelax: CMD: min  -1146.73  3.54953  3.54953  0.55
protocols.relax.FastRelax: MRP: 3  -1146.73  -1148.02  3.64748  3.64748  
protocols.relax.FastRelax: CMD: accept_to_best  -1146.73  3.54953  3.54953  0.55
protocols.relax.FastRelax: CMD: endrepeat  -1146.73  3.54953  3.54953  0.55
protocols.relax.FastRelax: CMD: coord_cst_weight  63943.4  3.54953  3.54953  0.55
protocols.relax.FastRelax: CMD: scale:fa_rep  63612.4  3.54953  3.54953  0.022
core.pack.task: Packer task: initialize from command line() 
core.pack.pack_rotamers: built 7851 rotamers at 492 positions.
core.pack.interaction_graph.interaction_graph_factory: Instantiating DensePDInteractionGraph
protocols.relax.FastRelax: CMD: repack  63593.9  3.54953  3.54953  0.022
protocols.relax.FastRelax: CMD: scale:fa_rep  63604.6  3.54953  3.54953  0.02805
core.optimization.Minimizer: [ WARNING ] LBFGS MAX CYCLES 2000 EXCEEDED, BUT FUNC NOT CONVERGED!
protocols.relax.FastRelax: CMD: min  -1275.42  0.19038  0.19038  0.02805
protocols.relax.FastRelax: CMD: coord_cst_weight  -1354.15  0.19038  0.19038  0.02805
protocols.relax.FastRelax: CMD: scale:fa_rep  -972.762  0.19038  0.19038  0.14575
core.pack.task: Packer task: initialize from command line() 
core.pack.pack_rotamers: built 7379 rotamers at 492 positions.
core.pack.interaction_graph.interaction_graph_factory: Instantiating DensePDInteractionGraph
protocols.relax.FastRelax: CMD: repack  -1051.03  0.19038  0.19038  0.14575
protocols.relax.FastRelax: CMD: scale:fa_rep  -1030.53  0.19038  0.19038  0.154
protocols.relax.FastRelax: CMD: min  -1193.12  0.227973  0.227973  0.154
protocols.relax.FastRelax: CMD: coord_cst_weight  -1305.24  0.227973  0.227973  0.154
protocols.relax.FastRelax: CMD: scale:fa_rep  -1119.87  0.227973  0.227973  0.30745
core.pack.task: Packer task: initialize from command line() 
core.pack.pack_rotamers: built 7208 rotamers at 492 positions.
core.pack.interaction_graph.interaction_graph_factory: Instantiating DensePDInteractionGraph
protocols.relax.FastRelax: CMD: repack  -1121.24  0.227973  0.227973  0.30745
protocols.relax.FastRelax: CMD: scale:fa_rep  -1106.78  0.227973  0.227973  0.31955
protocols.relax.FastRelax: CMD: min  -1292.55  3.1623  3.1623  0.31955
protocols.relax.FastRelax: CMD: coord_cst_weight  -1292.55  3.1623  3.1623  0.31955
protocols.relax.FastRelax: CMD: scale:fa_rep  -1085.09  3.1623  3.1623  0.55
core.pack.task: Packer task: initialize from command line() 
core.pack.pack_rotamers: built 6971 rotamers at 492 positions.
core.pack.interaction_graph.interaction_graph_factory: Instantiating DensePDInteractionGraph
protocols.relax.FastRelax: CMD: repack  -1091.68  3.1623  3.1623  0.55
protocols.relax.FastRelax: CMD: min  -1149.51  3.78248  3.78248  0.55
protocols.relax.FastRelax: MRP: 4  -1149.51  -1149.51  3.78248  3.78248  
protocols.relax.FastRelax: CMD: accept_to_best  -1149.51  3.78248  3.78248  0.55
protocols.relax.FastRelax: CMD: endrepeat  -1149.51  3.78248  3.78248  0.55
protocols.relax.FastRelax: CMD: coord_cst_weight  73145.5  3.78248  3.78248  0.55
protocols.relax.FastRelax: CMD: scale:fa_rep  72815.5  3.78248  3.78248  0.022
core.pack.task: Packer task: initialize from command line() 
core.pack.pack_rotamers: built 7835 rotamers at 492 positions.
core.pack.interaction_graph.interaction_graph_factory: Instantiating DensePDInteractionGraph
protocols.relax.FastRelax: CMD: repack  72812.8  3.78248  3.78248  0.022
protocols.relax.FastRelax: CMD: scale:fa_rep  72826  3.78248  3.78248  0.02805
core.optimization.Minimizer: [ WARNING ] LBFGS MAX CYCLES 2000 EXCEEDED, BUT FUNC NOT CONVERGED!
protocols.relax.FastRelax: CMD: min  -1253.51  0.191774  0.191774  0.02805
protocols.relax.FastRelax: CMD: coord_cst_weight  -1330.85  0.191774  0.191774  0.02805
protocols.relax.FastRelax: CMD: scale:fa_rep  -933.061  0.191774  0.191774  0.14575
core.pack.task: Packer task: initialize from command line() 
core.pack.pack_rotamers: built 7384 rotamers at 492 positions.
core.pack.interaction_graph.interaction_graph_factory: Instantiating DensePDInteractionGraph
protocols.relax.FastRelax: CMD: repack  -1037.75  0.191774  0.191774  0.14575
protocols.relax.FastRelax: CMD: scale:fa_rep  -1017.74  0.191774  0.191774  0.154
protocols.relax.FastRelax: CMD: min  -1191.4  0.230991  0.230991  0.154
protocols.relax.FastRelax: CMD: coord_cst_weight  -1304.35  0.230991  0.230991  0.154
protocols.relax.FastRelax: CMD: scale:fa_rep  -1121.31  0.230991  0.230991  0.30745
core.pack.task: Packer task: initialize from command line() 
core.pack.pack_rotamers: built 7148 rotamers at 492 positions.
core.pack.interaction_graph.interaction_graph_factory: Instantiating DensePDInteractionGraph
protocols.relax.FastRelax: CMD: repack  -1122  0.230991  0.230991  0.30745
protocols.relax.FastRelax: CMD: scale:fa_rep  -1107.63  0.230991  0.230991  0.31955
protocols.relax.FastRelax: CMD: min  -989.37  3.59927  3.59927  0.31955
protocols.relax.FastRelax: CMD: coord_cst_weight  -989.37  3.59927  3.59927  0.31955
protocols.relax.FastRelax: CMD: scale:fa_rep  -555.619  3.59927  3.59927  0.55
core.pack.task: Packer task: initialize from command line() 
core.pack.pack_rotamers: built 6984 rotamers at 492 positions.
core.pack.interaction_graph.interaction_graph_factory: Instantiating DensePDInteractionGraph
protocols.relax.FastRelax: CMD: repack  -1088.26  3.59927  3.59927  0.55
protocols.relax.FastRelax: CMD: min  -1154.34  3.63707  3.63707  0.55
protocols.relax.FastRelax: MRP: 5  -1154.34  -1154.34  3.63707  3.63707  
protocols.relax.FastRelax: CMD: accept_to_best  -1154.34  3.63707  3.63707  0.55
protocols.relax.FastRelax: CMD: endrepeat  -1154.34  3.63707  3.63707  0.55
protocols.relax.FastRelax: CMD: coord_cst_weight  60510.7  3.63707  3.63707  0.55
protocols.relax.FastRelax: CMD: scale:fa_rep  60174.9  3.63707  3.63707  0.022
core.pack.task: Packer task: initialize from command line() 
core.pack.pack_rotamers: built 7777 rotamers at 492 positions.
core.pack.interaction_graph.interaction_graph_factory: Instantiating DensePDInteractionGraph
protocols.relax.FastRelax: CMD: repack  60156  3.63707  3.63707  0.022
protocols.relax.FastRelax: CMD: scale:fa_rep  60162.6  3.63707  3.63707  0.02805
core.optimization.Minimizer: [ WARNING ] LBFGS MAX CYCLES 2000 EXCEEDED, BUT FUNC NOT CONVERGED!
protocols.relax.FastRelax: CMD: min  -1266.1  0.191531  0.191531  0.02805
protocols.relax.FastRelax: CMD: coord_cst_weight  -1342.46  0.191531  0.191531  0.02805
protocols.relax.FastRelax: CMD: scale:fa_rep  -978.789  0.191531  0.191531  0.14575
core.pack.task: Packer task: initialize from command line() 
core.pack.pack_rotamers: built 7299 rotamers at 492 positions.
core.pack.interaction_graph.interaction_graph_factory: Instantiating DensePDInteractionGraph
protocols.relax.FastRelax: CMD: repack  -1047.35  0.191531  0.191531  0.14575
protocols.relax.FastRelax: CMD: scale:fa_rep  -1027.29  0.191531  0.191531  0.154
protocols.relax.FastRelax: CMD: min  -1189.2  0.230192  0.230192  0.154
protocols.relax.FastRelax: CMD: coord_cst_weight  -1301.52  0.230192  0.230192  0.154
protocols.relax.FastRelax: CMD: scale:fa_rep  -1117.28  0.230192  0.230192  0.30745
core.pack.task: Packer task: initialize from command line() 
core.pack.pack_rotamers: built 7139 rotamers at 492 positions.
core.pack.interaction_graph.interaction_graph_factory: Instantiating DensePDInteractionGraph
protocols.relax.FastRelax: CMD: repack  -1119.18  0.230192  0.230192  0.30745
protocols.relax.FastRelax: CMD: scale:fa_rep  -1104.83  0.230192  0.230192  0.31955
protocols.relax.FastRelax: CMD: min  -1299.02  3.53718  3.53718  0.31955
protocols.relax.FastRelax: CMD: coord_cst_weight  -1299.02  3.53718  3.53718  0.31955
protocols.relax.FastRelax: CMD: scale:fa_rep  -1088.89  3.53718  3.53718  0.55
core.pack.task: Packer task: initialize from command line() 
core.pack.pack_rotamers: built 6961 rotamers at 492 positions.
core.pack.interaction_graph.interaction_graph_factory: Instantiating DensePDInteractionGraph
protocols.relax.FastRelax: CMD: repack  -1091.88  3.53718  3.53718  0.55
protocols.relax.FastRelax: CMD: min  -1157.69  3.90475  3.90475  0.55
protocols.relax.FastRelax: MRP: 6  -1157.69  -1157.69  3.90475  3.90475  
protocols.relax.FastRelax: CMD: accept_to_best  -1157.69  3.90475  3.90475  0.55
protocols.relax.FastRelax: CMD: endrepeat  -1157.69  3.90475  3.90475  0.55
protocols.relax.FastRelax: CMD: coord_cst_weight  67439.6  3.90475  3.90475  0.55
protocols.relax.FastRelax: CMD: scale:fa_rep  67103.5  3.90475  3.90475  0.022
core.pack.task: Packer task: initialize from command line() 
core.pack.pack_rotamers: built 7809 rotamers at 492 positions.
core.pack.interaction_graph.interaction_graph_factory: Instantiating DensePDInteractionGraph
protocols.relax.FastRelax: CMD: repack  67081.1  3.90475  3.90475  0.022
protocols.relax.FastRelax: CMD: scale:fa_rep  67089.8  3.90475  3.90475  0.02805
core.optimization.Minimizer: [ WARNING ] LBFGS MAX CYCLES 2000 EXCEEDED, BUT FUNC NOT CONVERGED!
protocols.relax.FastRelax: CMD: min  -1257.83  0.192114  0.192114  0.02805
protocols.relax.FastRelax: CMD: coord_cst_weight  -1337.98  0.192114  0.192114  0.02805
protocols.relax.FastRelax: CMD: scale:fa_rep  -978.886  0.192114  0.192114  0.14575
core.pack.task: Packer task: initialize from command line() 
core.pack.pack_rotamers: built 7352 rotamers at 492 positions.
core.pack.interaction_graph.interaction_graph_factory: Instantiating DensePDInteractionGraph
protocols.relax.FastRelax: CMD: repack  -1050.63  0.192114  0.192114  0.14575
protocols.relax.FastRelax: CMD: scale:fa_rep  -1030.71  0.192114  0.192114  0.154
protocols.relax.FastRelax: CMD: min  -1196.07  0.23001  0.23001  0.154
protocols.relax.FastRelax: CMD: coord_cst_weight  -1309.28  0.23001  0.23001  0.154
protocols.relax.FastRelax: CMD: scale:fa_rep  -1131.05  0.23001  0.23001  0.30745
core.pack.task: Packer task: initialize from command line() 
core.pack.pack_rotamers: built 7169 rotamers at 492 positions.
core.pack.interaction_graph.interaction_graph_factory: Instantiating DensePDInteractionGraph
protocols.relax.FastRelax: CMD: repack  -1126.49  0.23001  0.23001  0.30745
protocols.relax.FastRelax: CMD: scale:fa_rep  -1112.56  0.23001  0.23001  0.31955
protocols.relax.FastRelax: CMD: min  -1302.28  3.51192  3.51192  0.31955
protocols.relax.FastRelax: CMD: coord_cst_weight  -1302.28  3.51192  3.51192  0.31955
protocols.relax.FastRelax: CMD: scale:fa_rep  -1095.33  3.51192  3.51192  0.55
core.pack.task: Packer task: initialize from command line() 
core.pack.pack_rotamers: built 6968 rotamers at 492 positions.
core.pack.interaction_graph.interaction_graph_factory: Instantiating DensePDInteractionGraph
protocols.relax.FastRelax: CMD: repack  -1098.13  3.51192  3.51192  0.55
protocols.relax.FastRelax: CMD: min  -1148.86  3.85174  3.85174  0.55
protocols.relax.FastRelax: MRP: 7  -1148.86  -1157.69  3.90475  3.90475  
protocols.relax.FastRelax: CMD: accept_to_best  -1148.86  3.85174  3.85174  0.55
protocols.relax.FastRelax: CMD: endrepeat  -1148.86  3.85174  3.85174  0.55
protocols.relax.FastRelax: CMD: coord_cst_weight  62231.4  3.85174  3.85174  0.55
protocols.relax.FastRelax: CMD: scale:fa_rep  61899.3  3.85174  3.85174  0.022
core.pack.task: Packer task: initialize from command line() 
core.pack.pack_rotamers: built 7783 rotamers at 492 positions.
core.pack.interaction_graph.interaction_graph_factory: Instantiating DensePDInteractionGraph
protocols.relax.FastRelax: CMD: repack  61873.8  3.85174  3.85174  0.022
protocols.relax.FastRelax: CMD: scale:fa_rep  61881.4  3.85174  3.85174  0.02805
core.optimization.Minimizer: [ WARNING ] LBFGS MAX CYCLES 2000 EXCEEDED, BUT FUNC NOT CONVERGED!
protocols.relax.FastRelax: CMD: min  -1254.44  0.194083  0.194083  0.02805
protocols.relax.FastRelax: CMD: coord_cst_weight  -1336.68  0.194083  0.194083  0.02805
protocols.relax.FastRelax: CMD: scale:fa_rep  -991.601  0.194083  0.194083  0.14575
core.pack.task: Packer task: initialize from command line() 
core.pack.pack_rotamers: built 7337 rotamers at 492 positions.
core.pack.interaction_graph.interaction_graph_factory: Instantiating DensePDInteractionGraph
protocols.relax.FastRelax: CMD: repack  -1049.07  0.194083  0.194083  0.14575
protocols.relax.FastRelax: CMD: scale:fa_rep  -1029.25  0.194083  0.194083  0.154
protocols.relax.FastRelax: CMD: min  -1194.63  0.233762  0.233762  0.154
protocols.relax.FastRelax: CMD: coord_cst_weight  -1310.9  0.233762  0.233762  0.154
protocols.relax.FastRelax: CMD: scale:fa_rep  -1132.92  0.233762  0.233762  0.30745
core.pack.task: Packer task: initialize from command line() 
core.pack.pack_rotamers: built 7127 rotamers at 492 positions.
core.pack.interaction_graph.interaction_graph_factory: Instantiating DensePDInteractionGraph
protocols.relax.FastRelax: CMD: repack  -1132.92  0.233762  0.233762  0.30745
protocols.relax.FastRelax: CMD: scale:fa_rep  -1118.95  0.233762  0.233762  0.31955
protocols.relax.FastRelax: CMD: min  -1312.2  3.51246  3.51246  0.31955
protocols.relax.FastRelax: CMD: coord_cst_weight  -1312.2  3.51246  3.51246  0.31955
protocols.relax.FastRelax: CMD: scale:fa_rep  -1104.17  3.51246  3.51246  0.55
core.pack.task: Packer task: initialize from command line() 
core.pack.pack_rotamers: built 6972 rotamers at 492 positions.
core.pack.interaction_graph.interaction_graph_factory: Instantiating DensePDInteractionGraph
protocols.relax.FastRelax: CMD: repack  -1107.76  3.51246  3.51246  0.55
protocols.relax.FastRelax: CMD: min  -1156.53  3.82694  3.82694  0.55
protocols.relax.FastRelax: MRP: 8  -1156.53  -1157.69  3.90475  3.90475  
protocols.relax.FastRelax: CMD: accept_to_best  -1156.53  3.82694  3.82694  0.55
protocols.relax.FastRelax: CMD: endrepeat  -1156.53  3.82694  3.82694  0.55
protocols.relax.FastRelax: CMD: coord_cst_weight  60385.3  3.82694  3.82694  0.55
protocols.relax.FastRelax: CMD: scale:fa_rep  60051.6  3.82694  3.82694  0.022
core.pack.task: Packer task: initialize from command line() 
core.pack.pack_rotamers: built 7782 rotamers at 492 positions.
core.pack.interaction_graph.interaction_graph_factory: Instantiating DensePDInteractionGraph
protocols.relax.FastRelax: CMD: repack  60039.7  3.82694  3.82694  0.022
protocols.relax.FastRelax: CMD: scale:fa_rep  60046.9  3.82694  3.82694  0.02805
core.optimization.Minimizer: [ WARNING ] LBFGS MAX CYCLES 2000 EXCEEDED, BUT FUNC NOT CONVERGED!
protocols.relax.FastRelax: CMD: min  -1275.62  0.187167  0.187167  0.02805
protocols.relax.FastRelax: CMD: coord_cst_weight  -1350.73  0.187167  0.187167  0.02805
protocols.relax.FastRelax: CMD: scale:fa_rep  -1028.07  0.187167  0.187167  0.14575
core.pack.task: Packer task: initialize from command line() 
core.pack.pack_rotamers: built 7300 rotamers at 492 positions.
core.pack.interaction_graph.interaction_graph_factory: Instantiating DensePDInteractionGraph
protocols.relax.FastRelax: CMD: repack  -1062.47  0.187167  0.187167  0.14575
protocols.relax.FastRelax: CMD: scale:fa_rep  -1042.31  0.187167  0.187167  0.154
protocols.relax.FastRelax: CMD: min  -1196.39  0.23079  0.23079  0.154
protocols.relax.FastRelax: CMD: coord_cst_weight  -1310.74  0.23079  0.23079  0.154
protocols.relax.FastRelax: CMD: scale:fa_rep  -1124.44  0.23079  0.23079  0.30745
core.pack.task: Packer task: initialize from command line() 
core.pack.pack_rotamers: built 7156 rotamers at 492 positions.
core.pack.interaction_graph.interaction_graph_factory: Instantiating DensePDInteractionGraph
protocols.relax.FastRelax: CMD: repack  -1125.47  0.23079  0.23079  0.30745
protocols.relax.FastRelax: CMD: scale:fa_rep  -1111.13  0.23079  0.23079  0.31955
protocols.relax.FastRelax: CMD: min  -1300.53  3.66116  3.66116  0.31955
protocols.relax.FastRelax: CMD: coord_cst_weight  -1300.53  3.66116  3.66116  0.31955
protocols.relax.FastRelax: CMD: scale:fa_rep  -1093.58  3.66116  3.66116  0.55
core.pack.task: Packer task: initialize from command line() 
core.pack.pack_rotamers: built 7016 rotamers at 492 positions.
core.pack.interaction_graph.interaction_graph_factory: Instantiating DensePDInteractionGraph
protocols.relax.FastRelax: CMD: repack  -1095.64  3.66116  3.66116  0.55
protocols.relax.FastRelax: CMD: min  -1153.23  4.21329  4.21329  0.55
protocols.relax.FastRelax: MRP: 9  -1153.23  -1157.69  3.90475  3.90475  
protocols.relax.FastRelax: CMD: accept_to_best  -1153.23  4.21329  4.21329  0.55
protocols.relax.FastRelax: CMD: endrepeat  -1153.23  4.21329  4.21329  0.55
protocols.relax.FastRelax: CMD: coord_cst_weight  76785.9  4.21329  4.21329  0.55
protocols.relax.FastRelax: CMD: scale:fa_rep  76453.6  4.21329  4.21329  0.022
core.pack.task: Packer task: initialize from command line() 
core.pack.pack_rotamers: built 7748 rotamers at 492 positions.
core.pack.interaction_graph.interaction_graph_factory: Instantiating DensePDInteractionGraph
protocols.relax.FastRelax: CMD: repack  76450  4.21329  4.21329  0.022
protocols.relax.FastRelax: CMD: scale:fa_rep  76461.5  4.21329  4.21329  0.02805
core.optimization.Minimizer: [ WARNING ] LBFGS MAX CYCLES 2000 EXCEEDED, BUT FUNC NOT CONVERGED!
protocols.relax.FastRelax: CMD: min  -1267.65  0.186591  0.186591  0.02805
protocols.relax.FastRelax: CMD: coord_cst_weight  -1343.67  0.186591  0.186591  0.02805
protocols.relax.FastRelax: CMD: scale:fa_rep  -1006.23  0.186591  0.186591  0.14575
core.pack.task: Packer task: initialize from command line() 
core.pack.pack_rotamers: built 7352 rotamers at 492 positions.
core.pack.interaction_graph.interaction_graph_factory: Instantiating DensePDInteractionGraph
protocols.relax.FastRelax: CMD: repack  -1059.57  0.186591  0.186591  0.14575
protocols.relax.FastRelax: CMD: scale:fa_rep  -1040.05  0.186591  0.186591  0.154
protocols.relax.FastRelax: CMD: min  -1193.78  0.230563  0.230563  0.154
protocols.relax.FastRelax: CMD: coord_cst_weight  -1308.15  0.230563  0.230563  0.154
protocols.relax.FastRelax: CMD: scale:fa_rep  -1120.8  0.230563  0.230563  0.30745
core.pack.task: Packer task: initialize from command line() 
core.pack.pack_rotamers: built 7163 rotamers at 492 positions.
core.pack.interaction_graph.interaction_graph_factory: Instantiating DensePDInteractionGraph
protocols.relax.FastRelax: CMD: repack  -1121.7  0.230563  0.230563  0.30745
protocols.relax.FastRelax: CMD: scale:fa_rep  -1107.14  0.230563  0.230563  0.31955
protocols.relax.FastRelax: CMD: min  -1301.92  3.63428  3.63428  0.31955
protocols.relax.FastRelax: CMD: coord_cst_weight  -1301.92  3.63428  3.63428  0.31955
protocols.relax.FastRelax: CMD: scale:fa_rep  -1096.06  3.63428  3.63428  0.55
core.pack.task: Packer task: initialize from command line() 
core.pack.pack_rotamers: built 6982 rotamers at 492 positions.
core.pack.interaction_graph.interaction_graph_factory: Instantiating DensePDInteractionGraph
protocols.relax.FastRelax: CMD: repack  -1093.4  3.63428  3.63428  0.55
protocols.relax.FastRelax: CMD: min  -1162.84  3.9526  3.9526  0.55
protocols.relax.FastRelax: MRP: 10  -1162.84  -1162.84  3.9526  3.9526  
protocols.relax.FastRelax: CMD: accept_to_best  -1162.84  3.9526  3.9526  0.55
protocols.relax.FastRelax: CMD: endrepeat  -1162.84  3.9526  3.9526  0.55
protocols.relax.FastRelax: CMD: coord_cst_weight  73031.1  3.9526  3.9526  0.55
protocols.relax.FastRelax: CMD: scale:fa_rep  72702.7  3.9526  3.9526  0.022
core.pack.task: Packer task: initialize from command line() 
core.pack.pack_rotamers: built 7819 rotamers at 492 positions.
core.pack.interaction_graph.interaction_graph_factory: Instantiating DensePDInteractionGraph
protocols.relax.FastRelax: CMD: repack  72680.2  3.9526  3.9526  0.022
protocols.relax.FastRelax: CMD: scale:fa_rep  72687.1  3.9526  3.9526  0.02805
core.optimization.Minimizer: [ WARNING ] LBFGS MAX CYCLES 2000 EXCEEDED, BUT FUNC NOT CONVERGED!
protocols.relax.FastRelax: CMD: min  -1262.98  0.187514  0.187514  0.02805
protocols.relax.FastRelax: CMD: coord_cst_weight  -1338.55  0.187514  0.187514  0.02805
protocols.relax.FastRelax: CMD: scale:fa_rep  -993.813  0.187514  0.187514  0.14575
core.pack.task: Packer task: initialize from command line() 
core.pack.pack_rotamers: built 7313 rotamers at 492 positions.
core.pack.interaction_graph.interaction_graph_factory: Instantiating DensePDInteractionGraph
protocols.relax.FastRelax: CMD: repack  -1035.41  0.187514  0.187514  0.14575
protocols.relax.FastRelax: CMD: scale:fa_rep  -1014.45  0.187514  0.187514  0.154
protocols.relax.FastRelax: CMD: min  -1184.33  0.239422  0.239422  0.154
protocols.relax.FastRelax: CMD: coord_cst_weight  -1305.17  0.239422  0.239422  0.154
protocols.relax.FastRelax: CMD: scale:fa_rep  -1120.28  0.239422  0.239422  0.30745
core.pack.task: Packer task: initialize from command line() 
core.pack.pack_rotamers: built 7151 rotamers at 492 positions.
core.pack.interaction_graph.interaction_graph_factory: Instantiating DensePDInteractionGraph
protocols.relax.FastRelax: CMD: repack  -1121.16  0.239422  0.239422  0.30745
protocols.relax.FastRelax: CMD: scale:fa_rep  -1106.7  0.239422  0.239422  0.31955
protocols.relax.FastRelax: CMD: min  -1309.87  3.0933  3.0933  0.31955
protocols.relax.FastRelax: CMD: coord_cst_weight  -1309.87  3.0933  3.0933  0.31955
protocols.relax.FastRelax: CMD: scale:fa_rep  -1103.41  3.0933  3.0933  0.55
core.pack.task: Packer task: initialize from command line() 
core.pack.pack_rotamers: built 7013 rotamers at 492 positions.
core.pack.interaction_graph.interaction_graph_factory: Instantiating DensePDInteractionGraph
protocols.relax.FastRelax: CMD: repack  -1107.08  3.0933  3.0933  0.55
protocols.relax.FastRelax: CMD: min  -1159.91  3.297  3.297  0.55
protocols.relax.FastRelax: MRP: 11  -1159.91  -1162.84  3.9526  3.9526  
protocols.relax.FastRelax: CMD: accept_to_best  -1159.91  3.297  3.297  0.55
protocols.relax.FastRelax: CMD: endrepeat  -1159.91  3.297  3.297  0.55
protocols.relax.FastRelax: CMD: coord_cst_weight  51811.3  3.297  3.297  0.55
protocols.relax.FastRelax: CMD: scale:fa_rep  51478.6  3.297  3.297  0.022
core.pack.task: Packer task: initialize from command line() 
core.pack.pack_rotamers: built 7779 rotamers at 492 positions.
core.pack.interaction_graph.interaction_graph_factory: Instantiating DensePDInteractionGraph
protocols.relax.FastRelax: CMD: repack  51470.2  3.297  3.297  0.022
protocols.relax.FastRelax: CMD: scale:fa_rep  51476.9  3.297  3.297  0.02805
core.optimization.Minimizer: [ WARNING ] LBFGS MAX CYCLES 2000 EXCEEDED, BUT FUNC NOT CONVERGED!
protocols.relax.FastRelax: CMD: min  -1267.27  0.192175  0.192175  0.02805
protocols.relax.FastRelax: CMD: coord_cst_weight  -1345.09  0.192175  0.192175  0.02805
protocols.relax.FastRelax: CMD: scale:fa_rep  -1008.27  0.192175  0.192175  0.14575
core.pack.task: Packer task: initialize from command line() 
core.pack.pack_rotamers: built 7362 rotamers at 492 positions.
core.pack.interaction_graph.interaction_graph_factory: Instantiating DensePDInteractionGraph
protocols.relax.FastRelax: CMD: repack  -1046.55  0.192175  0.192175  0.14575
protocols.relax.FastRelax: CMD: scale:fa_rep  -1025.52  0.192175  0.192175  0.154
protocols.relax.FastRelax: CMD: min  -1192.97  0.238238  0.238238  0.154
protocols.relax.FastRelax: CMD: coord_cst_weight  -1313.08  0.238238  0.238238  0.154
protocols.relax.FastRelax: CMD: scale:fa_rep  -1128.96  0.238238  0.238238  0.30745
core.pack.task: Packer task: initialize from command line() 
core.pack.pack_rotamers: built 7154 rotamers at 492 positions.
core.pack.interaction_graph.interaction_graph_factory: Instantiating DensePDInteractionGraph
protocols.relax.FastRelax: CMD: repack  -1128.5  0.238238  0.238238  0.30745
protocols.relax.FastRelax: CMD: scale:fa_rep  -1114.06  0.238238  0.238238  0.31955
protocols.relax.FastRelax: CMD: min  -1314.97  3.12598  3.12598  0.31955
protocols.relax.FastRelax: CMD: coord_cst_weight  -1314.97  3.12598  3.12598  0.31955
protocols.relax.FastRelax: CMD: scale:fa_rep  -1106.76  3.12598  3.12598  0.55
core.pack.task: Packer task: initialize from command line() 
core.pack.pack_rotamers: built 7011 rotamers at 492 positions.
core.pack.interaction_graph.interaction_graph_factory: Instantiating DensePDInteractionGraph
protocols.relax.FastRelax: CMD: repack  -1111.21  3.12598  3.12598  0.55
protocols.relax.FastRelax: CMD: min  -1161.77  3.30007  3.30007  0.55
protocols.relax.FastRelax: MRP: 12  -1161.77  -1162.84  3.9526  3.9526  
protocols.relax.FastRelax: CMD: accept_to_best  -1161.77  3.30007  3.30007  0.55
protocols.relax.FastRelax: CMD: endrepeat  -1161.77  3.30007  3.30007  0.55
protocols.relax.FastRelax: CMD: coord_cst_weight  46078.8  3.30007  3.30007  0.55
protocols.relax.FastRelax: CMD: scale:fa_rep  45742.5  3.30007  3.30007  0.022
core.pack.task: Packer task: initialize from command line() 
core.pack.pack_rotamers: built 7732 rotamers at 492 positions.
core.pack.interaction_graph.interaction_graph_factory: Instantiating DensePDInteractionGraph
protocols.relax.FastRelax: CMD: repack  45730.8  3.30007  3.30007  0.022
protocols.relax.FastRelax: CMD: scale:fa_rep  45738.2  3.30007  3.30007  0.02805
core.optimization.Minimizer: [ WARNING ] LBFGS MAX CYCLES 2000 EXCEEDED, BUT FUNC NOT CONVERGED!
protocols.relax.FastRelax: CMD: min  -1281.27  0.188277  0.188277  0.02805
protocols.relax.FastRelax: CMD: coord_cst_weight  -1356.33  0.188277  0.188277  0.02805
protocols.relax.FastRelax: CMD: scale:fa_rep  -1019.5  0.188277  0.188277  0.14575
core.pack.task: Packer task: initialize from command line() 
core.pack.pack_rotamers: built 7308 rotamers at 492 positions.
core.pack.interaction_graph.interaction_graph_factory: Instantiating DensePDInteractionGraph
protocols.relax.FastRelax: CMD: repack  -1056.98  0.188277  0.188277  0.14575
protocols.relax.FastRelax: CMD: scale:fa_rep  -1036.27  0.188277  0.188277  0.154
protocols.relax.FastRelax: CMD: min  -1197.99  0.237581  0.237581  0.154
protocols.relax.FastRelax: CMD: coord_cst_weight  -1317.59  0.237581  0.237581  0.154
protocols.relax.FastRelax: CMD: scale:fa_rep  -1134.11  0.237581  0.237581  0.30745
core.pack.task: Packer task: initialize from command line() 
core.pack.pack_rotamers: built 7166 rotamers at 492 positions.
core.pack.interaction_graph.interaction_graph_factory: Instantiating DensePDInteractionGraph
protocols.relax.FastRelax: CMD: repack  -1135.65  0.237581  0.237581  0.30745
protocols.relax.FastRelax: CMD: scale:fa_rep  -1121.36  0.237581  0.237581  0.31955
protocols.relax.FastRelax: CMD: min  -1308.4  2.85046  2.85046  0.31955
protocols.relax.FastRelax: CMD: coord_cst_weight  -1308.4  2.85046  2.85046  0.31955
protocols.relax.FastRelax: CMD: scale:fa_rep  -1097.53  2.85046  2.85046  0.55
core.pack.task: Packer task: initialize from command line() 
core.pack.pack_rotamers: built 7001 rotamers at 492 positions.
core.pack.interaction_graph.interaction_graph_factory: Instantiating DensePDInteractionGraph
protocols.relax.FastRelax: CMD: repack  -1098.94  2.85046  2.85046  0.55
protocols.relax.FastRelax: CMD: min  -1154.5  3.01741  3.01741  0.55
protocols.relax.FastRelax: MRP: 13  -1154.5  -1162.84  3.9526  3.9526  
protocols.relax.FastRelax: CMD: accept_to_best  -1154.5  3.01741  3.01741  0.55
protocols.relax.FastRelax: CMD: endrepeat  -1154.5  3.01741  3.01741  0.55
protocols.relax.FastRelax: CMD: coord_cst_weight  41760.3  3.01741  3.01741  0.55
protocols.relax.FastRelax: CMD: scale:fa_rep  41424.9  3.01741  3.01741  0.022
core.pack.task: Packer task: initialize from command line() 
core.pack.pack_rotamers: built 7822 rotamers at 492 positions.
core.pack.interaction_graph.interaction_graph_factory: Instantiating DensePDInteractionGraph
protocols.relax.FastRelax: CMD: repack  41398.4  3.01741  3.01741  0.022
protocols.relax.FastRelax: CMD: scale:fa_rep  41405.1  3.01741  3.01741  0.02805
core.optimization.Minimizer: [ WARNING ] LBFGS MAX CYCLES 2000 EXCEEDED, BUT FUNC NOT CONVERGED!
protocols.relax.FastRelax: CMD: min  -1296.48  0.187652  0.187652  0.02805
protocols.relax.FastRelax: CMD: coord_cst_weight  -1370.43  0.187652  0.187652  0.02805
protocols.relax.FastRelax: CMD: scale:fa_rep  -1034.83  0.187652  0.187652  0.14575
core.pack.task: Packer task: initialize from command line() 
core.pack.pack_rotamers: built 7314 rotamers at 492 positions.
core.pack.interaction_graph.interaction_graph_factory: Instantiating DensePDInteractionGraph
protocols.relax.FastRelax: CMD: repack  -1063.61  0.187652  0.187652  0.14575
protocols.relax.FastRelax: CMD: scale:fa_rep  -1042.86  0.187652  0.187652  0.154
protocols.relax.FastRelax: CMD: min  -1199.48  0.236537  0.236537  0.154
protocols.relax.FastRelax: CMD: coord_cst_weight  -1318.45  0.236537  0.236537  0.154
protocols.relax.FastRelax: CMD: scale:fa_rep  -1136.24  0.236537  0.236537  0.30745
core.pack.task: Packer task: initialize from command line() 
core.pack.pack_rotamers: built 7160 rotamers at 492 positions.
core.pack.interaction_graph.interaction_graph_factory: Instantiating DensePDInteractionGraph
protocols.relax.FastRelax: CMD: repack  -1137.26  0.236537  0.236537  0.30745
protocols.relax.FastRelax: CMD: scale:fa_rep  -1123.04  0.236537  0.236537  0.31955
protocols.relax.FastRelax: CMD: min  -1322  2.85535  2.85535  0.31955
protocols.relax.FastRelax: CMD: coord_cst_weight  -1322  2.85535  2.85535  0.31955
protocols.relax.FastRelax: CMD: scale:fa_rep  -1114.26  2.85535  2.85535  0.55
core.pack.task: Packer task: initialize from command line() 
core.pack.pack_rotamers: built 6969 rotamers at 492 positions.
core.pack.interaction_graph.interaction_graph_factory: Instantiating DensePDInteractionGraph
protocols.relax.FastRelax: CMD: repack  -1117.37  2.85535  2.85535  0.55
protocols.relax.FastRelax: CMD: min  -1161.93  2.91852  2.91852  0.55
protocols.relax.FastRelax: MRP: 14  -1161.93  -1162.84  3.9526  3.9526  
protocols.relax.FastRelax: CMD: accept_to_best  -1161.93  2.91852  2.91852  0.55
protocols.relax.FastRelax: CMD: endrepeat  -1161.93  2.91852  2.91852  0.55
protocols::checkpoint: Deleting checkpoints of FastRelax
protocols.jd2.JobDistributor: target.BL00010001_5_0006 reported success in 13961 seconds
protocols.jd2.JobDistributor: no more batches to process... 
protocols.jd2.JobDistributor: 6 jobs considered, 6 jobs attempted in 85556 seconds
basic.citation_manager.CitationManager: 
The following Rosetta modules were used during this run of Rosetta, and should be cited:

FastRelax Mover's citation(s):
*Tyka MD, *Keedy DA, André I, Dimaio F, Song Y, Richardson DC, Richardson JS, and Baker D.  (2011).  Alternate states of proteins revealed by detailed energy landscape mapping.  J Mol Biol 405(2):607-18.  doi: 10.1016/j.jmb.2010.11.008.  (*Co-primary authors.)

Khatib F, Cooper S, Tyka MD, Xu K, Makedon I, Popovic Z, Baker D, and Players F.  (2011).  Algorithm discovery by protein folding game players.  Proc Natl Acad Sci USA 108(47):18949-53.  doi: 10.1073/pnas.1115898108.

Maguire JB, Haddox HK, Strickland D, Halabiya SF, Coventry B, Griffin JR, Pulavarti SVSRK, Cummins M, Thieker DF, Klavins E, Szyperski T, DiMaio F, Baker D, and Kuhlman B.  (2021).  Perturbing the energy landscape for improved packing during computational protein design.  Proteins 89(4):436-449.  doi: 10.1002/prot.26030.


