********  (C) Copyright Rosetta Commons Member Institutions.  ***************
* Use of Rosetta for commercial purposes may require purchase of a license. *
********  See LICENSE.md or email license@uw.edu for more details. **********
core.init: Checking for fconfig files in pwd and ./rosetta/flags 
core.init: Rosetta version: rosetta.binary.ubuntu.release-408 r408 2025.37+release.df75a9c48e df75a9c48e763e52a7aa3f5dfba077f4da88dbf5 https://www.rosettacommons.org 2025-09-10T02:14:08.564791
core.init: Rosetta extras: []
core.init: command: /home/gbiuser/Downloads/rosetta.binary.ubuntu.release-408/main/source/bin/relax.default.linuxgccrelease -s ../1-modeller/target.BL00010001.pdb -relax:thorough -relax:constrain_relax_to_start_coords -constraints:cst_file cst.cst -nstruct 6 -out:suffix _4 -out:file:silent relax_4.silent -out:file:silent_struct_type binary
basic.random.init_random_generator: 'RNG device' seed mode, using '/dev/urandom', seed=-121216921 seed_offset=0 real_seed=-121216921
basic.random.init_random_generator: RandomGenerator:init: Normal mode, seed=-121216921 RG_type=mt19937
core.init: Resolved executable path: /home/gbiuser/Downloads/rosetta.binary.ubuntu.release-408/main/source/build/src/release/linux/6.8/64/x86/gcc/11/default/relax.default.linuxgccrelease
core.init: Looking for database based on location of executable: /home/gbiuser/Downloads/rosetta.binary.ubuntu.release-408/main/database/
core.scoring.ScoreFunctionFactory: SCOREFUNCTION: ref2015
core.scoring.etable: Starting energy table calculation
core.scoring.etable: smooth_etable: changing atr/rep split to bottom of energy well
core.scoring.etable: smooth_etable: spline smoothing lj etables (maxdis = 6)
core.scoring.etable: smooth_etable: spline smoothing solvation etables (max_dis = 6)
core.scoring.etable: Finished calculating energy tables.
basic.io.database: Database file opened: scoring/score_functions/hbonds/ref2015_params/HBPoly1D.csv
basic.io.database: Database file opened: scoring/score_functions/hbonds/ref2015_params/HBFadeIntervals.csv
basic.io.database: Database file opened: scoring/score_functions/hbonds/ref2015_params/HBEval.csv
basic.io.database: Database file opened: scoring/score_functions/hbonds/ref2015_params/DonStrength.csv
basic.io.database: Database file opened: scoring/score_functions/hbonds/ref2015_params/AccStrength.csv
core.chemical.GlobalResidueTypeSet: Finished initializing fa_standard residue type set.  Created 985 residue types
core.chemical.GlobalResidueTypeSet: Total time to initialize 1.25241 seconds.
basic.io.database: Database file opened: scoring/score_functions/rama/fd/all.ramaProb
basic.io.database: Database file opened: scoring/score_functions/rama/fd/prepro.ramaProb
basic.io.database: Database file opened: scoring/score_functions/omega/omega_ppdep.all.txt
basic.io.database: Database file opened: scoring/score_functions/omega/omega_ppdep.gly.txt
basic.io.database: Database file opened: scoring/score_functions/omega/omega_ppdep.pro.txt
basic.io.database: Database file opened: scoring/score_functions/omega/omega_ppdep.valile.txt
basic.io.database: Database file opened: scoring/score_functions/P_AA_pp/P_AA
basic.io.database: Database file opened: scoring/score_functions/P_AA_pp/P_AA_n
core.scoring.P_AA: shapovalov_lib::shap_p_aa_pp_smooth_level of 1( aka low_smooth ) got activated.
basic.io.database: Database file opened: scoring/score_functions/P_AA_pp/shapovalov/10deg/kappa131/a20.prop
protocols.relax.RelaxScriptManager: Reading relax scripts list from database.
protocols.relax.RelaxScriptManager: Looking for MonomerRelax2019.txt
protocols.relax.RelaxScriptManager: ================== Reading script file: /home/gbiuser/Downloads/rosetta.binary.ubuntu.release-408/main/database/sampling/relax_scripts/MonomerRelax2019.txt ==================
protocols.relax.RelaxScriptManager: repeat %%nrepeats%%
protocols.relax.RelaxScriptManager: coord_cst_weight 1.0
protocols.relax.RelaxScriptManager: scale:fa_rep 0.040
protocols.relax.RelaxScriptManager: repack
protocols.relax.RelaxScriptManager: scale:fa_rep 0.051
protocols.relax.RelaxScriptManager: min 0.01
protocols.relax.RelaxScriptManager: coord_cst_weight 0.5
protocols.relax.RelaxScriptManager: scale:fa_rep 0.265
protocols.relax.RelaxScriptManager: repack
protocols.relax.RelaxScriptManager: scale:fa_rep 0.280
protocols.relax.RelaxScriptManager: min 0.01
protocols.relax.RelaxScriptManager: coord_cst_weight 0.0
protocols.relax.RelaxScriptManager: scale:fa_rep 0.559
protocols.relax.RelaxScriptManager: repack
protocols.relax.RelaxScriptManager: scale:fa_rep 0.581
protocols.relax.RelaxScriptManager: min 0.01
protocols.relax.RelaxScriptManager: coord_cst_weight 0.0
protocols.relax.RelaxScriptManager: scale:fa_rep 1
protocols.relax.RelaxScriptManager: repack
protocols.relax.RelaxScriptManager: min 0.00001
protocols.relax.RelaxScriptManager: accept_to_best
protocols.relax.RelaxScriptManager: endrepeat
core.scoring.constraints.util: Constraint choice: cst.cst
protocols.jd2.PDBJobInputter: Instantiate PDBJobInputter
protocols.jd2.PDBJobInputter: PDBJobInputter::fill_jobs
protocols.jd2.PDBJobInputter: pushed ../1-modeller/target.BL00010001.pdb nstruct indices 1 - 6
protocols.evaluation.ChiWellRmsdEvaluatorCreator: Evaluation Creator active ... 
protocols.jd2.PDBJobInputter: PDBJobInputter::pose_from_job
protocols.jd2.PDBJobInputter: filling pose from PDB ../1-modeller/target.BL00010001.pdb
core.import_pose.import_pose: File '../1-modeller/target.BL00010001.pdb' automatically determined to be of type PDB from contents.
core.io.rcsb.ExperimentalTechnique: [ ERROR ] Unrecognized experimental technique string 'THEORETICAL MODEL, MODELLER 10.8 2026/08/10 16:18:02'
core.scoring.constraints.ConstraintsIO: read constraints from cst.cst
core.scoring.constraints.ConstraintsIO: Read in 14 constraints
basic.io.database: Database file opened: scoring/score_functions/elec_cp_reps.dat
core.scoring.elec.util: Read 40 countpair representative atoms
core.pack.dunbrack.RotamerLibrary: shapovalov_lib_fixes_enable option is true.
core.pack.dunbrack.RotamerLibrary: shapovalov_lib::shap_dun10_smooth_level of 1( aka lowest_smooth ) got activated.
core.pack.dunbrack.RotamerLibrary: Binary rotamer library selected: /home/gbiuser/Downloads/rosetta.binary.ubuntu.release-408/main/database/rotamer/shapovalov/StpDwn_0-0-0/Dunbrack10.lib.bin
core.pack.dunbrack.RotamerLibrary: Using Dunbrack library binary file '/home/gbiuser/Downloads/rosetta.binary.ubuntu.release-408/main/database/rotamer/shapovalov/StpDwn_0-0-0/Dunbrack10.lib.bin'.
core.pack.dunbrack.RotamerLibrary: Dunbrack 2010 library took 0.366439 seconds to load from binary
protocols.relax.FastRelax: CMD: repeat  4476.34  0  0  0.55
protocols.relax.FastRelax: CMD: coord_cst_weight  4476.34  0  0  0.55
protocols.relax.FastRelax: CMD: scale:fa_rep  806.987  0  0  0.022
core.pack.task: Packer task: initialize from command line() 
core.pack.pack_rotamers: built 8129 rotamers at 492 positions.
core.pack.interaction_graph.interaction_graph_factory: Instantiating DensePDInteractionGraph
protocols.relax.FastRelax: CMD: repack  -881.816  0  0  0.022
protocols.relax.FastRelax: CMD: scale:fa_rep  -844.929  0  0  0.02805
core.optimization.Minimizer: [ WARNING ] LBFGS MAX CYCLES 2000 EXCEEDED, BUT FUNC NOT CONVERGED!
protocols.relax.FastRelax: CMD: min  -1303.13  0.149839  0.149839  0.02805
protocols.relax.FastRelax: CMD: coord_cst_weight  -1350.51  0.149839  0.149839  0.02805
protocols.relax.FastRelax: CMD: scale:fa_rep  -974.725  0.149839  0.149839  0.14575
core.pack.task: Packer task: initialize from command line() 
core.pack.pack_rotamers: built 7439 rotamers at 492 positions.
core.pack.interaction_graph.interaction_graph_factory: Instantiating DensePDInteractionGraph
protocols.relax.FastRelax: CMD: repack  -1006.05  0.149839  0.149839  0.14575
protocols.relax.FastRelax: CMD: scale:fa_rep  -984.554  0.149839  0.149839  0.154
protocols.relax.FastRelax: CMD: min  -1163.57  0.202834  0.202834  0.154
protocols.relax.FastRelax: CMD: coord_cst_weight  -1251.82  0.202834  0.202834  0.154
protocols.relax.FastRelax: CMD: scale:fa_rep  -1063.01  0.202834  0.202834  0.30745
core.pack.task: Packer task: initialize from command line() 
core.pack.pack_rotamers: built 7190 rotamers at 492 positions.
core.pack.interaction_graph.interaction_graph_factory: Instantiating DensePDInteractionGraph
protocols.relax.FastRelax: CMD: repack  -1063.81  0.202834  0.202834  0.30745
protocols.relax.FastRelax: CMD: scale:fa_rep  -1049.03  0.202834  0.202834  0.31955
protocols.relax.FastRelax: CMD: min  -1249.12  3.21443  3.21443  0.31955
protocols.relax.FastRelax: CMD: coord_cst_weight  -1249.12  3.21443  3.21443  0.31955
protocols.relax.FastRelax: CMD: scale:fa_rep  -1040.89  3.21443  3.21443  0.55
core.pack.task: Packer task: initialize from command line() 
core.pack.pack_rotamers: built 6975 rotamers at 492 positions.
core.pack.interaction_graph.interaction_graph_factory: Instantiating DensePDInteractionGraph
protocols.relax.FastRelax: CMD: repack  -1048.91  3.21443  3.21443  0.55
protocols.relax.FastRelax: CMD: min  -1107.57  3.19208  3.19208  0.55
protocols.relax.FastRelax: MRP: 0  -1107.57  -1107.57  3.19208  3.19208  
protocols.relax.FastRelax: CMD: accept_to_best  -1107.57  3.19208  3.19208  0.55
protocols.relax.FastRelax: CMD: endrepeat  -1107.57  3.19208  3.19208  0.55
protocols.relax.FastRelax: CMD: coord_cst_weight  86356.4  3.19208  3.19208  0.55
protocols.relax.FastRelax: CMD: scale:fa_rep  86024.6  3.19208  3.19208  0.022
core.pack.task: Packer task: initialize from command line() 
core.pack.pack_rotamers: built 7792 rotamers at 492 positions.
core.pack.interaction_graph.interaction_graph_factory: Instantiating DensePDInteractionGraph
protocols.relax.FastRelax: CMD: repack  86000.2  3.19208  3.19208  0.022
protocols.relax.FastRelax: CMD: scale:fa_rep  86008.9  3.19208  3.19208  0.02805
core.optimization.Minimizer: [ WARNING ] LBFGS MAX CYCLES 2000 EXCEEDED, BUT FUNC NOT CONVERGED!
protocols.relax.FastRelax: CMD: min  -1264.33  0.170283  0.170283  0.02805
protocols.relax.FastRelax: CMD: coord_cst_weight  -1327.96  0.170283  0.170283  0.02805
protocols.relax.FastRelax: CMD: scale:fa_rep  -994.49  0.170283  0.170283  0.14575
core.pack.task: Packer task: initialize from command line() 
core.pack.pack_rotamers: built 7370 rotamers at 492 positions.
core.pack.interaction_graph.interaction_graph_factory: Instantiating DensePDInteractionGraph
protocols.relax.FastRelax: CMD: repack  -1036.52  0.170283  0.170283  0.14575
protocols.relax.FastRelax: CMD: scale:fa_rep  -1015.97  0.170283  0.170283  0.154
protocols.relax.FastRelax: CMD: min  -1185.19  0.213395  0.213395  0.154
protocols.relax.FastRelax: CMD: coord_cst_weight  -1286.34  0.213395  0.213395  0.154
protocols.relax.FastRelax: CMD: scale:fa_rep  -1103.05  0.213395  0.213395  0.30745
core.pack.task: Packer task: initialize from command line() 
core.pack.pack_rotamers: built 7163 rotamers at 492 positions.
core.pack.interaction_graph.interaction_graph_factory: Instantiating DensePDInteractionGraph
protocols.relax.FastRelax: CMD: repack  -1102.51  0.213395  0.213395  0.30745
protocols.relax.FastRelax: CMD: scale:fa_rep  -1088.25  0.213395  0.213395  0.31955
protocols.relax.FastRelax: CMD: min  -1263.23  2.66973  2.66973  0.31955
protocols.relax.FastRelax: CMD: coord_cst_weight  -1263.23  2.66973  2.66973  0.31955
protocols.relax.FastRelax: CMD: scale:fa_rep  -1053.4  2.66973  2.66973  0.55
core.pack.task: Packer task: initialize from command line() 
core.pack.pack_rotamers: built 6981 rotamers at 492 positions.
core.pack.interaction_graph.interaction_graph_factory: Instantiating DensePDInteractionGraph
protocols.relax.FastRelax: CMD: repack  -1056.67  2.66973  2.66973  0.55
protocols.relax.FastRelax: CMD: min  -1122.02  2.68241  2.68241  0.55
protocols.relax.FastRelax: MRP: 1  -1122.02  -1122.02  2.68241  2.68241  
protocols.relax.FastRelax: CMD: accept_to_best  -1122.02  2.68241  2.68241  0.55
protocols.relax.FastRelax: CMD: endrepeat  -1122.02  2.68241  2.68241  0.55
protocols.relax.FastRelax: CMD: coord_cst_weight  128269  2.68241  2.68241  0.55
protocols.relax.FastRelax: CMD: scale:fa_rep  127938  2.68241  2.68241  0.022
core.pack.task: Packer task: initialize from command line() 
core.pack.pack_rotamers: built 7737 rotamers at 492 positions.
core.pack.interaction_graph.interaction_graph_factory: Instantiating DensePDInteractionGraph
protocols.relax.FastRelax: CMD: repack  127922  2.68241  2.68241  0.022
protocols.relax.FastRelax: CMD: scale:fa_rep  127930  2.68241  2.68241  0.02805
core.optimization.Minimizer: [ WARNING ] LBFGS MAX CYCLES 2000 EXCEEDED, BUT FUNC NOT CONVERGED!
protocols.relax.FastRelax: CMD: min  -1269.24  0.175988  0.175988  0.02805
protocols.relax.FastRelax: CMD: coord_cst_weight  -1337.73  0.175988  0.175988  0.02805
protocols.relax.FastRelax: CMD: scale:fa_rep  -1008.92  0.175988  0.175988  0.14575
core.pack.task: Packer task: initialize from command line() 
core.pack.pack_rotamers: built 7339 rotamers at 492 positions.
core.pack.interaction_graph.interaction_graph_factory: Instantiating DensePDInteractionGraph
protocols.relax.FastRelax: CMD: repack  -1050.85  0.175988  0.175988  0.14575
protocols.relax.FastRelax: CMD: scale:fa_rep  -1030.81  0.175988  0.175988  0.154
protocols.relax.FastRelax: CMD: min  -1187.58  0.21736  0.21736  0.154
protocols.relax.FastRelax: CMD: coord_cst_weight  -1292.14  0.21736  0.21736  0.154
protocols.relax.FastRelax: CMD: scale:fa_rep  -1106.32  0.21736  0.21736  0.30745
core.pack.task: Packer task: initialize from command line() 
core.pack.pack_rotamers: built 7148 rotamers at 492 positions.
core.pack.interaction_graph.interaction_graph_factory: Instantiating DensePDInteractionGraph
protocols.relax.FastRelax: CMD: repack  -1107.74  0.21736  0.21736  0.30745
protocols.relax.FastRelax: CMD: scale:fa_rep  -1093.41  0.21736  0.21736  0.31955
protocols.relax.FastRelax: CMD: min  -1290.16  2.44515  2.44515  0.31955
protocols.relax.FastRelax: CMD: coord_cst_weight  -1290.16  2.44515  2.44515  0.31955
protocols.relax.FastRelax: CMD: scale:fa_rep  -1081.73  2.44515  2.44515  0.55
core.pack.task: Packer task: initialize from command line() 
core.pack.pack_rotamers: built 6961 rotamers at 492 positions.
core.pack.interaction_graph.interaction_graph_factory: Instantiating DensePDInteractionGraph
protocols.relax.FastRelax: CMD: repack  -1084.75  2.44515  2.44515  0.55
protocols.relax.FastRelax: CMD: min  -1148.64  2.43016  2.43016  0.55
protocols.relax.FastRelax: MRP: 2  -1148.64  -1148.64  2.43016  2.43016  
protocols.relax.FastRelax: CMD: accept_to_best  -1148.64  2.43016  2.43016  0.55
protocols.relax.FastRelax: CMD: endrepeat  -1148.64  2.43016  2.43016  0.55
protocols.relax.FastRelax: CMD: coord_cst_weight  78907.2  2.43016  2.43016  0.55
protocols.relax.FastRelax: CMD: scale:fa_rep  78575.6  2.43016  2.43016  0.022
core.pack.task: Packer task: initialize from command line() 
core.pack.pack_rotamers: built 7692 rotamers at 492 positions.
core.pack.interaction_graph.interaction_graph_factory: Instantiating DensePDInteractionGraph
protocols.relax.FastRelax: CMD: repack  78581.3  2.43016  2.43016  0.022
protocols.relax.FastRelax: CMD: scale:fa_rep  78592.1  2.43016  2.43016  0.02805
core.optimization.Minimizer: [ WARNING ] LBFGS MAX CYCLES 2000 EXCEEDED, BUT FUNC NOT CONVERGED!
protocols.relax.FastRelax: CMD: min  -1247.33  0.18592  0.18592  0.02805
protocols.relax.FastRelax: CMD: coord_cst_weight  -1321.63  0.18592  0.18592  0.02805
protocols.relax.FastRelax: CMD: scale:fa_rep  -985.162  0.18592  0.18592  0.14575
core.pack.task: Packer task: initialize from command line() 
core.pack.pack_rotamers: built 7366 rotamers at 492 positions.
core.pack.interaction_graph.interaction_graph_factory: Instantiating DensePDInteractionGraph
protocols.relax.FastRelax: CMD: repack  -1043.18  0.18592  0.18592  0.14575
protocols.relax.FastRelax: CMD: scale:fa_rep  -1023.62  0.18592  0.18592  0.154
protocols.relax.FastRelax: CMD: min  -1186.8  0.219652  0.219652  0.154
protocols.relax.FastRelax: CMD: coord_cst_weight  -1293.78  0.219652  0.219652  0.154
protocols.relax.FastRelax: CMD: scale:fa_rep  -1110.94  0.219652  0.219652  0.30745
core.pack.task: Packer task: initialize from command line() 
core.pack.pack_rotamers: built 7150 rotamers at 492 positions.
core.pack.interaction_graph.interaction_graph_factory: Instantiating DensePDInteractionGraph
protocols.relax.FastRelax: CMD: repack  -1113.97  0.219652  0.219652  0.30745
protocols.relax.FastRelax: CMD: scale:fa_rep  -1099.88  0.219652  0.219652  0.31955
protocols.relax.FastRelax: CMD: min  -1295.77  2.46101  2.46101  0.31955
protocols.relax.FastRelax: CMD: coord_cst_weight  -1295.77  2.46101  2.46101  0.31955
protocols.relax.FastRelax: CMD: scale:fa_rep  -1093.63  2.46101  2.46101  0.55
core.pack.task: Packer task: initialize from command line() 
core.pack.pack_rotamers: built 6971 rotamers at 492 positions.
core.pack.interaction_graph.interaction_graph_factory: Instantiating DensePDInteractionGraph
protocols.relax.FastRelax: CMD: repack  -1095.89  2.46101  2.46101  0.55
protocols.relax.FastRelax: CMD: min  -1162.05  3.09872  3.09872  0.55
protocols.relax.FastRelax: MRP: 3  -1162.05  -1162.05  3.09872  3.09872  
protocols.relax.FastRelax: CMD: accept_to_best  -1162.05  3.09872  3.09872  0.55
protocols.relax.FastRelax: CMD: endrepeat  -1162.05  3.09872  3.09872  0.55
protocols.relax.FastRelax: CMD: coord_cst_weight  80393.6  3.09872  3.09872  0.55
protocols.relax.FastRelax: CMD: scale:fa_rep  80069  3.09872  3.09872  0.022
core.pack.task: Packer task: initialize from command line() 
core.pack.pack_rotamers: built 7698 rotamers at 492 positions.
core.pack.interaction_graph.interaction_graph_factory: Instantiating DensePDInteractionGraph
protocols.relax.FastRelax: CMD: repack  80054.9  3.09872  3.09872  0.022
protocols.relax.FastRelax: CMD: scale:fa_rep  80062.6  3.09872  3.09872  0.02805
core.optimization.Minimizer: [ WARNING ] LBFGS MAX CYCLES 2000 EXCEEDED, BUT FUNC NOT CONVERGED!
protocols.relax.FastRelax: CMD: min  -1253.61  0.18069  0.18069  0.02805
protocols.relax.FastRelax: CMD: coord_cst_weight  -1326.1  0.18069  0.18069  0.02805
protocols.relax.FastRelax: CMD: scale:fa_rep  -990.618  0.18069  0.18069  0.14575
core.pack.task: Packer task: initialize from command line() 
core.pack.pack_rotamers: built 7367 rotamers at 492 positions.
core.pack.interaction_graph.interaction_graph_factory: Instantiating DensePDInteractionGraph
protocols.relax.FastRelax: CMD: repack  -1045.29  0.18069  0.18069  0.14575
protocols.relax.FastRelax: CMD: scale:fa_rep  -1024.95  0.18069  0.18069  0.154
protocols.relax.FastRelax: CMD: min  -1189.61  0.221696  0.221696  0.154
protocols.relax.FastRelax: CMD: coord_cst_weight  -1298.9  0.221696  0.221696  0.154
protocols.relax.FastRelax: CMD: scale:fa_rep  -1118.51  0.221696  0.221696  0.30745
core.pack.task: Packer task: initialize from command line() 
core.pack.pack_rotamers: built 7161 rotamers at 492 positions.
core.pack.interaction_graph.interaction_graph_factory: Instantiating DensePDInteractionGraph
protocols.relax.FastRelax: CMD: repack  -1119.53  0.221696  0.221696  0.30745
protocols.relax.FastRelax: CMD: scale:fa_rep  -1105.41  0.221696  0.221696  0.31955
protocols.relax.FastRelax: CMD: min  -1295.54  2.55271  2.55271  0.31955
protocols.relax.FastRelax: CMD: coord_cst_weight  -1295.54  2.55271  2.55271  0.31955
protocols.relax.FastRelax: CMD: scale:fa_rep  -1092.26  2.55271  2.55271  0.55
core.pack.task: Packer task: initialize from command line() 
core.pack.pack_rotamers: built 6952 rotamers at 492 positions.
core.pack.interaction_graph.interaction_graph_factory: Instantiating DensePDInteractionGraph
protocols.relax.FastRelax: CMD: repack  -1094.85  2.55271  2.55271  0.55
protocols.relax.FastRelax: CMD: min  -1159.56  3.17422  3.17422  0.55
protocols.relax.FastRelax: MRP: 4  -1159.56  -1162.05  3.09872  3.09872  
protocols.relax.FastRelax: CMD: accept_to_best  -1159.56  3.17422  3.17422  0.55
protocols.relax.FastRelax: CMD: endrepeat  -1159.56  3.17422  3.17422  0.55
protocols.relax.FastRelax: CMD: coord_cst_weight  78877  3.17422  3.17422  0.55
protocols.relax.FastRelax: CMD: scale:fa_rep  78552.3  3.17422  3.17422  0.022
core.pack.task: Packer task: initialize from command line() 
core.pack.pack_rotamers: built 7678 rotamers at 492 positions.
core.pack.interaction_graph.interaction_graph_factory: Instantiating DensePDInteractionGraph
protocols.relax.FastRelax: CMD: repack  78550.1  3.17422  3.17422  0.022
protocols.relax.FastRelax: CMD: scale:fa_rep  78560.7  3.17422  3.17422  0.02805
core.optimization.Minimizer: [ WARNING ] LBFGS MAX CYCLES 2000 EXCEEDED, BUT FUNC NOT CONVERGED!
protocols.relax.FastRelax: CMD: min  -1243.21  0.185411  0.185411  0.02805
protocols.relax.FastRelax: CMD: coord_cst_weight  -1319.72  0.185411  0.185411  0.02805
protocols.relax.FastRelax: CMD: scale:fa_rep  -951.978  0.185411  0.185411  0.14575
core.pack.task: Packer task: initialize from command line() 
core.pack.pack_rotamers: built 7377 rotamers at 492 positions.
core.pack.interaction_graph.interaction_graph_factory: Instantiating DensePDInteractionGraph
protocols.relax.FastRelax: CMD: repack  -1040.2  0.185411  0.185411  0.14575
protocols.relax.FastRelax: CMD: scale:fa_rep  -1020.45  0.185411  0.185411  0.154
protocols.relax.FastRelax: CMD: min  -1192.47  0.219126  0.219126  0.154
protocols.relax.FastRelax: CMD: coord_cst_weight  -1300.17  0.219126  0.219126  0.154
protocols.relax.FastRelax: CMD: scale:fa_rep  -1124.09  0.219126  0.219126  0.30745
core.pack.task: Packer task: initialize from command line() 
core.pack.pack_rotamers: built 7107 rotamers at 492 positions.
core.pack.interaction_graph.interaction_graph_factory: Instantiating DensePDInteractionGraph
protocols.relax.FastRelax: CMD: repack  -1107.11  0.219126  0.219126  0.30745
protocols.relax.FastRelax: CMD: scale:fa_rep  -1092.77  0.219126  0.219126  0.31955
protocols.relax.FastRelax: CMD: min  -1297.07  2.71271  2.71271  0.31955
protocols.relax.FastRelax: CMD: coord_cst_weight  -1297.07  2.71271  2.71271  0.31955
protocols.relax.FastRelax: CMD: scale:fa_rep  -1092.86  2.71271  2.71271  0.55
core.pack.task: Packer task: initialize from command line() 
core.pack.pack_rotamers: built 6914 rotamers at 492 positions.
core.pack.interaction_graph.interaction_graph_factory: Instantiating DensePDInteractionGraph
protocols.relax.FastRelax: CMD: repack  -1096.87  2.71271  2.71271  0.55
protocols.relax.FastRelax: CMD: min  -1154.32  3.82979  3.82979  0.55
protocols.relax.FastRelax: MRP: 5  -1154.32  -1162.05  3.09872  3.09872  
protocols.relax.FastRelax: CMD: accept_to_best  -1154.32  3.82979  3.82979  0.55
protocols.relax.FastRelax: CMD: endrepeat  -1154.32  3.82979  3.82979  0.55
protocols.relax.FastRelax: CMD: coord_cst_weight  90910.9  3.82979  3.82979  0.55
protocols.relax.FastRelax: CMD: scale:fa_rep  90583.4  3.82979  3.82979  0.022
core.pack.task: Packer task: initialize from command line() 
core.pack.pack_rotamers: built 7672 rotamers at 492 positions.
core.pack.interaction_graph.interaction_graph_factory: Instantiating DensePDInteractionGraph
protocols.relax.FastRelax: CMD: repack  90572.1  3.82979  3.82979  0.022
protocols.relax.FastRelax: CMD: scale:fa_rep  90578.7  3.82979  3.82979  0.02805
core.optimization.Minimizer: [ WARNING ] LBFGS MAX CYCLES 2000 EXCEEDED, BUT FUNC NOT CONVERGED!
protocols.relax.FastRelax: CMD: min  -1263.18  0.176386  0.176386  0.02805
protocols.relax.FastRelax: CMD: coord_cst_weight  -1333.24  0.176386  0.176386  0.02805
protocols.relax.FastRelax: CMD: scale:fa_rep  -1009.72  0.176386  0.176386  0.14575
core.pack.task: Packer task: initialize from command line() 
core.pack.pack_rotamers: built 7365 rotamers at 492 positions.
core.pack.interaction_graph.interaction_graph_factory: Instantiating DensePDInteractionGraph
protocols.relax.FastRelax: CMD: repack  -1048.7  0.176386  0.176386  0.14575
protocols.relax.FastRelax: CMD: scale:fa_rep  -1029.1  0.176386  0.176386  0.154
protocols.relax.FastRelax: CMD: min  -1189.6  0.220142  0.220142  0.154
protocols.relax.FastRelax: CMD: coord_cst_weight  -1297.46  0.220142  0.220142  0.154
protocols.relax.FastRelax: CMD: scale:fa_rep  -1118.31  0.220142  0.220142  0.30745
core.pack.task: Packer task: initialize from command line() 
core.pack.pack_rotamers: built 7107 rotamers at 492 positions.
core.pack.interaction_graph.interaction_graph_factory: Instantiating DensePDInteractionGraph
protocols.relax.FastRelax: CMD: repack  -1119.85  0.220142  0.220142  0.30745
protocols.relax.FastRelax: CMD: scale:fa_rep  -1105.99  0.220142  0.220142  0.31955
protocols.relax.FastRelax: CMD: min  -1297.19  3.83098  3.83098  0.31955
protocols.relax.FastRelax: CMD: coord_cst_weight  -1297.19  3.83098  3.83098  0.31955
protocols.relax.FastRelax: CMD: scale:fa_rep  -1089.88  3.83098  3.83098  0.55
core.pack.task: Packer task: initialize from command line() 
core.pack.pack_rotamers: built 6959 rotamers at 492 positions.
core.pack.interaction_graph.interaction_graph_factory: Instantiating DensePDInteractionGraph
protocols.relax.FastRelax: CMD: repack  -1093.88  3.83098  3.83098  0.55
protocols.relax.FastRelax: CMD: min  -1147.59  3.93503  3.93503  0.55
protocols.relax.FastRelax: MRP: 6  -1147.59  -1162.05  3.09872  3.09872  
protocols.relax.FastRelax: CMD: accept_to_best  -1147.59  3.93503  3.93503  0.55
protocols.relax.FastRelax: CMD: endrepeat  -1147.59  3.93503  3.93503  0.55
protocols.relax.FastRelax: CMD: coord_cst_weight  110332  3.93503  3.93503  0.55
protocols.relax.FastRelax: CMD: scale:fa_rep  110001  3.93503  3.93503  0.022
core.pack.task: Packer task: initialize from command line() 
core.pack.pack_rotamers: built 7707 rotamers at 492 positions.
core.pack.interaction_graph.interaction_graph_factory: Instantiating DensePDInteractionGraph
protocols.relax.FastRelax: CMD: repack  109983  3.93503  3.93503  0.022
protocols.relax.FastRelax: CMD: scale:fa_rep  109990  3.93503  3.93503  0.02805
core.optimization.Minimizer: [ WARNING ] LBFGS MAX CYCLES 2000 EXCEEDED, BUT FUNC NOT CONVERGED!
protocols.relax.FastRelax: CMD: min  -1279.72  0.175962  0.175962  0.02805
protocols.relax.FastRelax: CMD: coord_cst_weight  -1349.35  0.175962  0.175962  0.02805
protocols.relax.FastRelax: CMD: scale:fa_rep  -1028.58  0.175962  0.175962  0.14575
core.pack.task: Packer task: initialize from command line() 
core.pack.pack_rotamers: built 7364 rotamers at 492 positions.
core.pack.interaction_graph.interaction_graph_factory: Instantiating DensePDInteractionGraph
protocols.relax.FastRelax: CMD: repack  -1059.09  0.175962  0.175962  0.14575
protocols.relax.FastRelax: CMD: scale:fa_rep  -1038.9  0.175962  0.175962  0.154
protocols.relax.FastRelax: CMD: min  -1190.08  0.220192  0.220192  0.154
protocols.relax.FastRelax: CMD: coord_cst_weight  -1298.52  0.220192  0.220192  0.154
protocols.relax.FastRelax: CMD: scale:fa_rep  -1118.56  0.220192  0.220192  0.30745
core.pack.task: Packer task: initialize from command line() 
core.pack.pack_rotamers: built 7086 rotamers at 492 positions.
core.pack.interaction_graph.interaction_graph_factory: Instantiating DensePDInteractionGraph
protocols.relax.FastRelax: CMD: repack  -1120.5  0.220192  0.220192  0.30745
protocols.relax.FastRelax: CMD: scale:fa_rep  -1106.57  0.220192  0.220192  0.31955
protocols.relax.FastRelax: CMD: min  -1295.15  3.87247  3.87247  0.31955
protocols.relax.FastRelax: CMD: coord_cst_weight  -1295.15  3.87247  3.87247  0.31955
protocols.relax.FastRelax: CMD: scale:fa_rep  -1089.17  3.87247  3.87247  0.55
core.pack.task: Packer task: initialize from command line() 
core.pack.pack_rotamers: built 6921 rotamers at 492 positions.
core.pack.interaction_graph.interaction_graph_factory: Instantiating DensePDInteractionGraph
protocols.relax.FastRelax: CMD: repack  -1090.32  3.87247  3.87247  0.55
protocols.relax.FastRelax: CMD: min  -1155.06  3.38969  3.38969  0.55
protocols.relax.FastRelax: MRP: 7  -1155.06  -1162.05  3.09872  3.09872  
protocols.relax.FastRelax: CMD: accept_to_best  -1155.06  3.38969  3.38969  0.55
protocols.relax.FastRelax: CMD: endrepeat  -1155.06  3.38969  3.38969  0.55
protocols.relax.FastRelax: CMD: coord_cst_weight  95324.2  3.38969  3.38969  0.55
protocols.relax.FastRelax: CMD: scale:fa_rep  94994.9  3.38969  3.38969  0.022
core.pack.task: Packer task: initialize from command line() 
core.pack.pack_rotamers: built 7713 rotamers at 492 positions.
core.pack.interaction_graph.interaction_graph_factory: Instantiating DensePDInteractionGraph
protocols.relax.FastRelax: CMD: repack  94976.8  3.38969  3.38969  0.022
protocols.relax.FastRelax: CMD: scale:fa_rep  94984.2  3.38969  3.38969  0.02805
core.optimization.Minimizer: [ WARNING ] LBFGS MAX CYCLES 2000 EXCEEDED, BUT FUNC NOT CONVERGED!
protocols.relax.FastRelax: CMD: min  -1258.3  0.182395  0.182395  0.02805
protocols.relax.FastRelax: CMD: coord_cst_weight  -1333.26  0.182395  0.182395  0.02805
protocols.relax.FastRelax: CMD: scale:fa_rep  -995.508  0.182395  0.182395  0.14575
core.pack.task: Packer task: initialize from command line() 
core.pack.pack_rotamers: built 7350 rotamers at 492 positions.
core.pack.interaction_graph.interaction_graph_factory: Instantiating DensePDInteractionGraph
protocols.relax.FastRelax: CMD: repack  -1053.5  0.182395  0.182395  0.14575
protocols.relax.FastRelax: CMD: scale:fa_rep  -1033.69  0.182395  0.182395  0.154
protocols.relax.FastRelax: CMD: min  -1192.08  0.221038  0.221038  0.154
protocols.relax.FastRelax: CMD: coord_cst_weight  -1301.23  0.221038  0.221038  0.154
protocols.relax.FastRelax: CMD: scale:fa_rep  -1125.92  0.221038  0.221038  0.30745
core.pack.task: Packer task: initialize from command line() 
core.pack.pack_rotamers: built 7098 rotamers at 492 positions.
core.pack.interaction_graph.interaction_graph_factory: Instantiating DensePDInteractionGraph
protocols.relax.FastRelax: CMD: repack  -1126.88  0.221038  0.221038  0.30745
protocols.relax.FastRelax: CMD: scale:fa_rep  -1113.14  0.221038  0.221038  0.31955
protocols.relax.FastRelax: CMD: min  -280.289  3.82688  3.82688  0.31955
protocols.relax.FastRelax: CMD: coord_cst_weight  -280.289  3.82688  3.82688  0.31955
protocols.relax.FastRelax: CMD: scale:fa_rep  661.079  3.82688  3.82688  0.55
core.pack.task: Packer task: initialize from command line() 
core.pack.pack_rotamers: built 6931 rotamers at 492 positions.
core.pack.interaction_graph.interaction_graph_factory: Instantiating DensePDInteractionGraph
protocols.relax.FastRelax: CMD: repack  -115.208  3.82688  3.82688  0.55
protocols.relax.FastRelax: CMD: min  -1146.62  3.65775  3.65775  0.55
protocols.relax.FastRelax: MRP: 8  -1146.62  -1162.05  3.09872  3.09872  
protocols.relax.FastRelax: CMD: accept_to_best  -1146.62  3.65775  3.65775  0.55
protocols.relax.FastRelax: CMD: endrepeat  -1146.62  3.65775  3.65775  0.55
protocols.relax.FastRelax: CMD: coord_cst_weight  91775.8  3.65775  3.65775  0.55
protocols.relax.FastRelax: CMD: scale:fa_rep  91449.8  3.65775  3.65775  0.022
core.pack.task: Packer task: initialize from command line() 
core.pack.pack_rotamers: built 7719 rotamers at 492 positions.
core.pack.interaction_graph.interaction_graph_factory: Instantiating DensePDInteractionGraph
protocols.relax.FastRelax: CMD: repack  91441.8  3.65775  3.65775  0.022
protocols.relax.FastRelax: CMD: scale:fa_rep  91450  3.65775  3.65775  0.02805
core.optimization.Minimizer: [ WARNING ] LBFGS MAX CYCLES 2000 EXCEEDED, BUT FUNC NOT CONVERGED!
protocols.relax.FastRelax: CMD: min  -1261.95  0.180853  0.180853  0.02805
protocols.relax.FastRelax: CMD: coord_cst_weight  -1337.47  0.180853  0.180853  0.02805
protocols.relax.FastRelax: CMD: scale:fa_rep  -1012.56  0.180853  0.180853  0.14575
core.pack.task: Packer task: initialize from command line() 
core.pack.pack_rotamers: built 7342 rotamers at 492 positions.
core.pack.interaction_graph.interaction_graph_factory: Instantiating DensePDInteractionGraph
protocols.relax.FastRelax: CMD: repack  -1051.03  0.180853  0.180853  0.14575
protocols.relax.FastRelax: CMD: scale:fa_rep  -1030.86  0.180853  0.180853  0.154
protocols.relax.FastRelax: CMD: min  -1191.64  0.223828  0.223828  0.154
protocols.relax.FastRelax: CMD: coord_cst_weight  -1303.75  0.223828  0.223828  0.154
protocols.relax.FastRelax: CMD: scale:fa_rep  -1121.64  0.223828  0.223828  0.30745
core.pack.task: Packer task: initialize from command line() 
core.pack.pack_rotamers: built 7132 rotamers at 492 positions.
core.pack.interaction_graph.interaction_graph_factory: Instantiating DensePDInteractionGraph
protocols.relax.FastRelax: CMD: repack  -1122.63  0.223828  0.223828  0.30745
protocols.relax.FastRelax: CMD: scale:fa_rep  -1108.39  0.223828  0.223828  0.31955
protocols.relax.FastRelax: CMD: min  -1298.83  3.50517  3.50517  0.31955
protocols.relax.FastRelax: CMD: coord_cst_weight  -1298.83  3.50517  3.50517  0.31955
protocols.relax.FastRelax: CMD: scale:fa_rep  -1089.51  3.50517  3.50517  0.55
core.pack.task: Packer task: initialize from command line() 
core.pack.pack_rotamers: built 6947 rotamers at 492 positions.
core.pack.interaction_graph.interaction_graph_factory: Instantiating DensePDInteractionGraph
protocols.relax.FastRelax: CMD: repack  -1095.77  3.50517  3.50517  0.55
protocols.relax.FastRelax: CMD: min  -1159.15  3.65686  3.65686  0.55
protocols.relax.FastRelax: MRP: 9  -1159.15  -1162.05  3.09872  3.09872  
protocols.relax.FastRelax: CMD: accept_to_best  -1159.15  3.65686  3.65686  0.55
protocols.relax.FastRelax: CMD: endrepeat  -1159.15  3.65686  3.65686  0.55
protocols.relax.FastRelax: CMD: coord_cst_weight  81329.6  3.65686  3.65686  0.55
protocols.relax.FastRelax: CMD: scale:fa_rep  81001.5  3.65686  3.65686  0.022
core.pack.task: Packer task: initialize from command line() 
core.pack.pack_rotamers: built 7770 rotamers at 492 positions.
core.pack.interaction_graph.interaction_graph_factory: Instantiating DensePDInteractionGraph
protocols.relax.FastRelax: CMD: repack  80987.8  3.65686  3.65686  0.022
protocols.relax.FastRelax: CMD: scale:fa_rep  80996.3  3.65686  3.65686  0.02805
core.optimization.Minimizer: [ WARNING ] LBFGS MAX CYCLES 2000 EXCEEDED, BUT FUNC NOT CONVERGED!
protocols.relax.FastRelax: CMD: min  -1269.47  0.180871  0.180871  0.02805
protocols.relax.FastRelax: CMD: coord_cst_weight  -1341.06  0.180871  0.180871  0.02805
protocols.relax.FastRelax: CMD: scale:fa_rep  -973.293  0.180871  0.180871  0.14575
core.pack.task: Packer task: initialize from command line() 
core.pack.pack_rotamers: built 7370 rotamers at 492 positions.
core.pack.interaction_graph.interaction_graph_factory: Instantiating DensePDInteractionGraph
protocols.relax.FastRelax: CMD: repack  -1028.22  0.180871  0.180871  0.14575
protocols.relax.FastRelax: CMD: scale:fa_rep  -1006.23  0.180871  0.180871  0.154
protocols.relax.FastRelax: CMD: min  -1188.07  0.228913  0.228913  0.154
protocols.relax.FastRelax: CMD: coord_cst_weight  -1302.73  0.228913  0.228913  0.154
protocols.relax.FastRelax: CMD: scale:fa_rep  -1120.95  0.228913  0.228913  0.30745
core.pack.task: Packer task: initialize from command line() 
core.pack.pack_rotamers: built 7156 rotamers at 492 positions.
core.pack.interaction_graph.interaction_graph_factory: Instantiating DensePDInteractionGraph
protocols.relax.FastRelax: CMD: repack  -1121.5  0.228913  0.228913  0.30745
protocols.relax.FastRelax: CMD: scale:fa_rep  -1107.22  0.228913  0.228913  0.31955
protocols.relax.FastRelax: CMD: min  -1306.6  3.02892  3.02892  0.31955
protocols.relax.FastRelax: CMD: coord_cst_weight  -1306.6  3.02892  3.02892  0.31955
protocols.relax.FastRelax: CMD: scale:fa_rep  -1101.16  3.02892  3.02892  0.55
core.pack.task: Packer task: initialize from command line() 
core.pack.pack_rotamers: built 6956 rotamers at 492 positions.
core.pack.interaction_graph.interaction_graph_factory: Instantiating DensePDInteractionGraph
protocols.relax.FastRelax: CMD: repack  -1105.01  3.02892  3.02892  0.55
protocols.relax.FastRelax: CMD: min  -1170.93  3.12927  3.12927  0.55
protocols.relax.FastRelax: MRP: 10  -1170.93  -1170.93  3.12927  3.12927  
protocols.relax.FastRelax: CMD: accept_to_best  -1170.93  3.12927  3.12927  0.55
protocols.relax.FastRelax: CMD: endrepeat  -1170.93  3.12927  3.12927  0.55
protocols.relax.FastRelax: CMD: coord_cst_weight  51679.2  3.12927  3.12927  0.55
protocols.relax.FastRelax: CMD: scale:fa_rep  51353.9  3.12927  3.12927  0.022
core.pack.task: Packer task: initialize from command line() 
core.pack.pack_rotamers: built 7736 rotamers at 492 positions.
core.pack.interaction_graph.interaction_graph_factory: Instantiating DensePDInteractionGraph
protocols.relax.FastRelax: CMD: repack  51339.4  3.12927  3.12927  0.022
protocols.relax.FastRelax: CMD: scale:fa_rep  51346.2  3.12927  3.12927  0.02805
core.optimization.Minimizer: [ WARNING ] LBFGS MAX CYCLES 2000 EXCEEDED, BUT FUNC NOT CONVERGED!
protocols.relax.FastRelax: CMD: min  -1268.87  0.181902  0.181902  0.02805
protocols.relax.FastRelax: CMD: coord_cst_weight  -1341.55  0.181902  0.181902  0.02805
protocols.relax.FastRelax: CMD: scale:fa_rep  -1000.72  0.181902  0.181902  0.14575
core.pack.task: Packer task: initialize from command line() 
core.pack.pack_rotamers: built 7316 rotamers at 492 positions.
core.pack.interaction_graph.interaction_graph_factory: Instantiating DensePDInteractionGraph
protocols.relax.FastRelax: CMD: repack  -1028.78  0.181902  0.181902  0.14575
protocols.relax.FastRelax: CMD: scale:fa_rep  -1006.72  0.181902  0.181902  0.154
protocols.relax.FastRelax: CMD: min  -1187.99  0.232192  0.232192  0.154
protocols.relax.FastRelax: CMD: coord_cst_weight  -1305.66  0.232192  0.232192  0.154
protocols.relax.FastRelax: CMD: scale:fa_rep  -1122.92  0.232192  0.232192  0.30745
core.pack.task: Packer task: initialize from command line() 
core.pack.pack_rotamers: built 7139 rotamers at 492 positions.
core.pack.interaction_graph.interaction_graph_factory: Instantiating DensePDInteractionGraph
protocols.relax.FastRelax: CMD: repack  -1123.98  0.232192  0.232192  0.30745
protocols.relax.FastRelax: CMD: scale:fa_rep  -1109.66  0.232192  0.232192  0.31955
protocols.relax.FastRelax: CMD: min  -1296.16  3.28197  3.28197  0.31955
protocols.relax.FastRelax: CMD: coord_cst_weight  -1296.16  3.28197  3.28197  0.31955
protocols.relax.FastRelax: CMD: scale:fa_rep  -1075.35  3.28197  3.28197  0.55
core.pack.task: Packer task: initialize from command line() 
core.pack.pack_rotamers: built 7000 rotamers at 492 positions.
core.pack.interaction_graph.interaction_graph_factory: Instantiating DensePDInteractionGraph
protocols.relax.FastRelax: CMD: repack  -1112.94  3.28197  3.28197  0.55
protocols.relax.FastRelax: CMD: min  -1162.27  3.22679  3.22679  0.55
protocols.relax.FastRelax: MRP: 11  -1162.27  -1170.93  3.12927  3.12927  
protocols.relax.FastRelax: CMD: accept_to_best  -1162.27  3.22679  3.22679  0.55
protocols.relax.FastRelax: CMD: endrepeat  -1162.27  3.22679  3.22679  0.55
protocols.relax.FastRelax: CMD: coord_cst_weight  90665.1  3.22679  3.22679  0.55
protocols.relax.FastRelax: CMD: scale:fa_rep  90336.8  3.22679  3.22679  0.022
core.pack.task: Packer task: initialize from command line() 
core.pack.pack_rotamers: built 7780 rotamers at 492 positions.
core.pack.interaction_graph.interaction_graph_factory: Instantiating DensePDInteractionGraph
protocols.relax.FastRelax: CMD: repack  90318.9  3.22679  3.22679  0.022
protocols.relax.FastRelax: CMD: scale:fa_rep  90324.8  3.22679  3.22679  0.02805
core.optimization.Minimizer: [ WARNING ] LBFGS MAX CYCLES 2000 EXCEEDED, BUT FUNC NOT CONVERGED!
protocols.relax.FastRelax: CMD: min  -1249.06  0.186016  0.186016  0.02805
protocols.relax.FastRelax: CMD: coord_cst_weight  -1326.24  0.186016  0.186016  0.02805
protocols.relax.FastRelax: CMD: scale:fa_rep  -976.32  0.186016  0.186016  0.14575
core.pack.task: Packer task: initialize from command line() 
core.pack.pack_rotamers: built 7381 rotamers at 492 positions.
core.pack.interaction_graph.interaction_graph_factory: Instantiating DensePDInteractionGraph
protocols.relax.FastRelax: CMD: repack  -1019.99  0.186016  0.186016  0.14575
protocols.relax.FastRelax: CMD: scale:fa_rep  -997.735  0.186016  0.186016  0.154
protocols.relax.FastRelax: CMD: min  -1191.91  0.230278  0.230278  0.154
protocols.relax.FastRelax: CMD: coord_cst_weight  -1308.03  0.230278  0.230278  0.154
protocols.relax.FastRelax: CMD: scale:fa_rep  -1125.61  0.230278  0.230278  0.30745
core.pack.task: Packer task: initialize from command line() 
core.pack.pack_rotamers: built 7172 rotamers at 492 positions.
core.pack.interaction_graph.interaction_graph_factory: Instantiating DensePDInteractionGraph
protocols.relax.FastRelax: CMD: repack  -1126.27  0.230278  0.230278  0.30745
protocols.relax.FastRelax: CMD: scale:fa_rep  -1111.98  0.230278  0.230278  0.31955
protocols.relax.FastRelax: CMD: min  -715.857  3.42328  3.42328  0.31955
protocols.relax.FastRelax: CMD: coord_cst_weight  -715.857  3.42328  3.42328  0.31955
protocols.relax.FastRelax: CMD: scale:fa_rep  -83.2264  3.42328  3.42328  0.55
core.pack.task: Packer task: initialize from command line() 
core.pack.pack_rotamers: built 6905 rotamers at 492 positions.
core.pack.interaction_graph.interaction_graph_factory: Instantiating DensePDInteractionGraph
protocols.relax.FastRelax: CMD: repack  -608.165  3.42328  3.42328  0.55
protocols.relax.FastRelax: CMD: min  -1162.88  3.14473  3.14473  0.55
protocols.relax.FastRelax: MRP: 12  -1162.88  -1170.93  3.12927  3.12927  
protocols.relax.FastRelax: CMD: accept_to_best  -1162.88  3.14473  3.14473  0.55
protocols.relax.FastRelax: CMD: endrepeat  -1162.88  3.14473  3.14473  0.55
protocols.relax.FastRelax: CMD: coord_cst_weight  92165.5  3.14473  3.14473  0.55
protocols.relax.FastRelax: CMD: scale:fa_rep  91837.1  3.14473  3.14473  0.022
core.pack.task: Packer task: initialize from command line() 
core.pack.pack_rotamers: built 7733 rotamers at 492 positions.
core.pack.interaction_graph.interaction_graph_factory: Instantiating DensePDInteractionGraph
protocols.relax.FastRelax: CMD: repack  91815  3.14473  3.14473  0.022
protocols.relax.FastRelax: CMD: scale:fa_rep  91820.7  3.14473  3.14473  0.02805
core.optimization.Minimizer: [ WARNING ] LBFGS MAX CYCLES 2000 EXCEEDED, BUT FUNC NOT CONVERGED!
protocols.relax.FastRelax: CMD: min  -1269.06  0.182322  0.182322  0.02805
protocols.relax.FastRelax: CMD: coord_cst_weight  -1342.6  0.182322  0.182322  0.02805
protocols.relax.FastRelax: CMD: scale:fa_rep  -999.176  0.182322  0.182322  0.14575
core.pack.task: Packer task: initialize from command line() 
core.pack.pack_rotamers: built 7360 rotamers at 492 positions.
core.pack.interaction_graph.interaction_graph_factory: Instantiating DensePDInteractionGraph
protocols.relax.FastRelax: CMD: repack  -1027  0.182322  0.182322  0.14575
protocols.relax.FastRelax: CMD: scale:fa_rep  -1005.08  0.182322  0.182322  0.154
protocols.relax.FastRelax: CMD: min  -1183.08  0.233965  0.233965  0.154
protocols.relax.FastRelax: CMD: coord_cst_weight  -1302.53  0.233965  0.233965  0.154
protocols.relax.FastRelax: CMD: scale:fa_rep  -1122.73  0.233965  0.233965  0.30745
core.pack.task: Packer task: initialize from command line() 
core.pack.pack_rotamers: built 7160 rotamers at 492 positions.
core.pack.interaction_graph.interaction_graph_factory: Instantiating DensePDInteractionGraph
protocols.relax.FastRelax: CMD: repack  -1122.26  0.233965  0.233965  0.30745
protocols.relax.FastRelax: CMD: scale:fa_rep  -1108.19  0.233965  0.233965  0.31955
protocols.relax.FastRelax: CMD: min  -1306.16  2.27445  2.27445  0.31955
protocols.relax.FastRelax: CMD: coord_cst_weight  -1306.16  2.27445  2.27445  0.31955
protocols.relax.FastRelax: CMD: scale:fa_rep  -1100.02  2.27445  2.27445  0.55
core.pack.task: Packer task: initialize from command line() 
core.pack.pack_rotamers: built 6969 rotamers at 492 positions.
core.pack.interaction_graph.interaction_graph_factory: Instantiating DensePDInteractionGraph
protocols.relax.FastRelax: CMD: repack  -1103.94  2.27445  2.27445  0.55
protocols.relax.FastRelax: CMD: min  -1157.66  2.57335  2.57335  0.55
protocols.relax.FastRelax: MRP: 13  -1157.66  -1170.93  3.12927  3.12927  
protocols.relax.FastRelax: CMD: accept_to_best  -1157.66  2.57335  2.57335  0.55
protocols.relax.FastRelax: CMD: endrepeat  -1157.66  2.57335  2.57335  0.55
protocols.relax.FastRelax: CMD: coord_cst_weight  45160.5  2.57335  2.57335  0.55
protocols.relax.FastRelax: CMD: scale:fa_rep  44828.7  2.57335  2.57335  0.022
core.pack.task: Packer task: initialize from command line() 
core.pack.pack_rotamers: built 7755 rotamers at 492 positions.
core.pack.interaction_graph.interaction_graph_factory: Instantiating DensePDInteractionGraph
protocols.relax.FastRelax: CMD: repack  44816.1  2.57335  2.57335  0.022
protocols.relax.FastRelax: CMD: scale:fa_rep  44825  2.57335  2.57335  0.02805
core.optimization.Minimizer: [ WARNING ] LBFGS MAX CYCLES 2000 EXCEEDED, BUT FUNC NOT CONVERGED!
protocols.relax.FastRelax: CMD: min  -1284.28  0.177957  0.177957  0.02805
protocols.relax.FastRelax: CMD: coord_cst_weight  -1353.88  0.177957  0.177957  0.02805
protocols.relax.FastRelax: CMD: scale:fa_rep  -1006.25  0.177957  0.177957  0.14575
core.pack.task: Packer task: initialize from command line() 
core.pack.pack_rotamers: built 7375 rotamers at 492 positions.
core.pack.interaction_graph.interaction_graph_factory: Instantiating DensePDInteractionGraph
protocols.relax.FastRelax: CMD: repack  -1026  0.177957  0.177957  0.14575
protocols.relax.FastRelax: CMD: scale:fa_rep  -1004.16  0.177957  0.177957  0.154
protocols.relax.FastRelax: CMD: min  -1182.14  0.233057  0.233057  0.154
protocols.relax.FastRelax: CMD: coord_cst_weight  -1300.88  0.233057  0.233057  0.154
protocols.relax.FastRelax: CMD: scale:fa_rep  -1121.85  0.233057  0.233057  0.30745
core.pack.task: Packer task: initialize from command line() 
core.pack.pack_rotamers: built 7142 rotamers at 492 positions.
core.pack.interaction_graph.interaction_graph_factory: Instantiating DensePDInteractionGraph
protocols.relax.FastRelax: CMD: repack  -1120.3  0.233057  0.233057  0.30745
protocols.relax.FastRelax: CMD: scale:fa_rep  -1106.33  0.233057  0.233057  0.31955
protocols.relax.FastRelax: CMD: min  -1307.1  2.61568  2.61568  0.31955
protocols.relax.FastRelax: CMD: coord_cst_weight  -1307.1  2.61568  2.61568  0.31955
protocols.relax.FastRelax: CMD: scale:fa_rep  -1099.31  2.61568  2.61568  0.55
core.pack.task: Packer task: initialize from command line() 
core.pack.pack_rotamers: built 6978 rotamers at 492 positions.
core.pack.interaction_graph.interaction_graph_factory: Instantiating DensePDInteractionGraph
protocols.relax.FastRelax: CMD: repack  -1102.14  2.61568  2.61568  0.55
protocols.relax.FastRelax: CMD: min  -1159.4  2.91074  2.91074  0.55
protocols.relax.FastRelax: MRP: 14  -1159.4  -1170.93  3.12927  3.12927  
protocols.relax.FastRelax: CMD: accept_to_best  -1159.4  2.91074  2.91074  0.55
protocols.relax.FastRelax: CMD: endrepeat  -1159.4  2.91074  2.91074  0.55
protocols::checkpoint: Deleting checkpoints of FastRelax
protocols.jd2.JobDistributor: target.BL00010001_4_0001 reported success in 14224 seconds
protocols.jd2.PDBJobInputter: PDBJobInputter::pose_from_job
protocols.jd2.PDBJobInputter: filling pose from saved copy ../1-modeller/target.BL00010001.pdb
protocols.relax.FastRelax: CMD: repeat  4476.34  0  0  0.55
protocols.relax.FastRelax: CMD: coord_cst_weight  4476.34  0  0  0.55
protocols.relax.FastRelax: CMD: scale:fa_rep  806.987  0  0  0.022
core.pack.task: Packer task: initialize from command line() 
core.pack.pack_rotamers: built 8129 rotamers at 492 positions.
core.pack.interaction_graph.interaction_graph_factory: Instantiating DensePDInteractionGraph
protocols.relax.FastRelax: CMD: repack  -873.887  0  0  0.022
protocols.relax.FastRelax: CMD: scale:fa_rep  -834.804  0  0  0.02805
core.optimization.Minimizer: [ WARNING ] LBFGS MAX CYCLES 2000 EXCEEDED, BUT FUNC NOT CONVERGED!
protocols.relax.FastRelax: CMD: min  -1290.27  0.148593  0.148593  0.02805
protocols.relax.FastRelax: CMD: coord_cst_weight  -1336.81  0.148593  0.148593  0.02805
protocols.relax.FastRelax: CMD: scale:fa_rep  -944.263  0.148593  0.148593  0.14575
core.pack.task: Packer task: initialize from command line() 
core.pack.pack_rotamers: built 7437 rotamers at 492 positions.
core.pack.interaction_graph.interaction_graph_factory: Instantiating DensePDInteractionGraph
protocols.relax.FastRelax: CMD: repack  -984.08  0.148593  0.148593  0.14575
protocols.relax.FastRelax: CMD: scale:fa_rep  -961.696  0.148593  0.148593  0.154
core.optimization.Minimizer: [ WARNING ] LBFGS MAX CYCLES 2000 EXCEEDED, BUT FUNC NOT CONVERGED!
protocols.relax.FastRelax: CMD: min  -1161.05  0.205364  0.205364  0.154
protocols.relax.FastRelax: CMD: coord_cst_weight  -1250.97  0.205364  0.205364  0.154
protocols.relax.FastRelax: CMD: scale:fa_rep  -1062.77  0.205364  0.205364  0.30745
core.pack.task: Packer task: initialize from command line() 
core.pack.pack_rotamers: built 7207 rotamers at 492 positions.
core.pack.interaction_graph.interaction_graph_factory: Instantiating DensePDInteractionGraph
protocols.relax.FastRelax: CMD: repack  -1063.71  0.205364  0.205364  0.30745
protocols.relax.FastRelax: CMD: scale:fa_rep  -1049.04  0.205364  0.205364  0.31955
protocols.relax.FastRelax: CMD: min  -1237.16  3.21187  3.21187  0.31955
protocols.relax.FastRelax: CMD: coord_cst_weight  -1237.16  3.21187  3.21187  0.31955
protocols.relax.FastRelax: CMD: scale:fa_rep  -1026.33  3.21187  3.21187  0.55
core.pack.task: Packer task: initialize from command line() 
core.pack.pack_rotamers: built 7039 rotamers at 492 positions.
core.pack.interaction_graph.interaction_graph_factory: Instantiating DensePDInteractionGraph
protocols.relax.FastRelax: CMD: repack  -1033.76  3.21187  3.21187  0.55
protocols.relax.FastRelax: CMD: min  -1102.35  3.56909  3.56909  0.55
protocols.relax.FastRelax: MRP: 0  -1102.35  -1102.35  3.56909  3.56909  
protocols.relax.FastRelax: CMD: accept_to_best  -1102.35  3.56909  3.56909  0.55
protocols.relax.FastRelax: CMD: endrepeat  -1102.35  3.56909  3.56909  0.55
protocols.relax.FastRelax: CMD: coord_cst_weight  125628  3.56909  3.56909  0.55
protocols.relax.FastRelax: CMD: scale:fa_rep  125293  3.56909  3.56909  0.022
core.pack.task: Packer task: initialize from command line() 
core.pack.pack_rotamers: built 7851 rotamers at 492 positions.
core.pack.interaction_graph.interaction_graph_factory: Instantiating DensePDInteractionGraph
protocols.relax.FastRelax: CMD: repack  125274  3.56909  3.56909  0.022
protocols.relax.FastRelax: CMD: scale:fa_rep  125283  3.56909  3.56909  0.02805
core.optimization.Minimizer: [ WARNING ] LBFGS MAX CYCLES 2000 EXCEEDED, BUT FUNC NOT CONVERGED!
protocols.relax.FastRelax: CMD: min  -1258.69  0.183515  0.183515  0.02805
protocols.relax.FastRelax: CMD: coord_cst_weight  -1329.73  0.183515  0.183515  0.02805
protocols.relax.FastRelax: CMD: scale:fa_rep  -988.086  0.183515  0.183515  0.14575
core.pack.task: Packer task: initialize from command line() 
core.pack.pack_rotamers: built 7366 rotamers at 492 positions.
core.pack.interaction_graph.interaction_graph_factory: Instantiating DensePDInteractionGraph
protocols.relax.FastRelax: CMD: repack  -1036.83  0.183515  0.183515  0.14575
protocols.relax.FastRelax: CMD: scale:fa_rep  -1017.25  0.183515  0.183515  0.154
protocols.relax.FastRelax: CMD: min  -1181.61  0.216488  0.216488  0.154
protocols.relax.FastRelax: CMD: coord_cst_weight  -1283  0.216488  0.216488  0.154
protocols.relax.FastRelax: CMD: scale:fa_rep  -1100.29  0.216488  0.216488  0.30745
core.pack.task: Packer task: initialize from command line() 
core.pack.pack_rotamers: built 7161 rotamers at 492 positions.
core.pack.interaction_graph.interaction_graph_factory: Instantiating DensePDInteractionGraph
protocols.relax.FastRelax: CMD: repack  -1100.34  0.216488  0.216488  0.30745
protocols.relax.FastRelax: CMD: scale:fa_rep  -1086.26  0.216488  0.216488  0.31955
protocols.relax.FastRelax: CMD: min  -1264.17  2.41666  2.41666  0.31955
protocols.relax.FastRelax: CMD: coord_cst_weight  -1264.17  2.41666  2.41666  0.31955
protocols.relax.FastRelax: CMD: scale:fa_rep  -1056.88  2.41666  2.41666  0.55
core.pack.task: Packer task: initialize from command line() 
core.pack.pack_rotamers: built 7055 rotamers at 492 positions.
core.pack.interaction_graph.interaction_graph_factory: Instantiating DensePDInteractionGraph
protocols.relax.FastRelax: CMD: repack  -1060.12  2.41666  2.41666  0.55
protocols.relax.FastRelax: CMD: min  -1120.19  2.65457  2.65457  0.55
protocols.relax.FastRelax: MRP: 1  -1120.19  -1120.19  2.65457  2.65457  
protocols.relax.FastRelax: CMD: accept_to_best  -1120.19  2.65457  2.65457  0.55
protocols.relax.FastRelax: CMD: endrepeat  -1120.19  2.65457  2.65457  0.55
protocols.relax.FastRelax: CMD: coord_cst_weight  100183  2.65457  2.65457  0.55
protocols.relax.FastRelax: CMD: scale:fa_rep  99855.1  2.65457  2.65457  0.022
core.pack.task: Packer task: initialize from command line() 
core.pack.pack_rotamers: built 7808 rotamers at 492 positions.
core.pack.interaction_graph.interaction_graph_factory: Instantiating DensePDInteractionGraph
protocols.relax.FastRelax: CMD: repack  99842.3  2.65457  2.65457  0.022
protocols.relax.FastRelax: CMD: scale:fa_rep  99851.8  2.65457  2.65457  0.02805
core.optimization.Minimizer: [ WARNING ] LBFGS MAX CYCLES 2000 EXCEEDED, BUT FUNC NOT CONVERGED!
protocols.relax.FastRelax: CMD: min  -1237.59  0.176782  0.176782  0.02805
protocols.relax.FastRelax: CMD: coord_cst_weight  -1304.54  0.176782  0.176782  0.02805
protocols.relax.FastRelax: CMD: scale:fa_rep  -905.586  0.176782  0.176782  0.14575
core.pack.task: Packer task: initialize from command line() 
core.pack.pack_rotamers: built 7332 rotamers at 492 positions.
core.pack.interaction_graph.interaction_graph_factory: Instantiating DensePDInteractionGraph
protocols.relax.FastRelax: CMD: repack  -1013.19  0.176782  0.176782  0.14575
protocols.relax.FastRelax: CMD: scale:fa_rep  -991.897  0.176782  0.176782  0.154
protocols.relax.FastRelax: CMD: min  -1170.19  0.222167  0.222167  0.154
protocols.relax.FastRelax: CMD: coord_cst_weight  -1276.83  0.222167  0.222167  0.154
protocols.relax.FastRelax: CMD: scale:fa_rep  -1092.04  0.222167  0.222167  0.30745
core.pack.task: Packer task: initialize from command line() 
core.pack.pack_rotamers: built 7168 rotamers at 492 positions.
core.pack.interaction_graph.interaction_graph_factory: Instantiating DensePDInteractionGraph
protocols.relax.FastRelax: CMD: repack  -1093.56  0.222167  0.222167  0.30745
protocols.relax.FastRelax: CMD: scale:fa_rep  -1079.18  0.222167  0.222167  0.31955
protocols.relax.FastRelax: CMD: min  -1254  2.29779  2.29779  0.31955
protocols.relax.FastRelax: CMD: coord_cst_weight  -1254  2.29779  2.29779  0.31955
protocols.relax.FastRelax: CMD: scale:fa_rep  -1047.54  2.29779  2.29779  0.55
core.pack.task: Packer task: initialize from command line() 
core.pack.pack_rotamers: built 7084 rotamers at 492 positions.
core.pack.interaction_graph.interaction_graph_factory: Instantiating DensePDInteractionGraph
protocols.relax.FastRelax: CMD: repack  -1048.81  2.29779  2.29779  0.55
protocols.relax.FastRelax: CMD: min  -1118.4  3.28281  3.28281  0.55
protocols.relax.FastRelax: MRP: 2  -1118.4  -1120.19  2.65457  2.65457  
protocols.relax.FastRelax: CMD: accept_to_best  -1118.4  3.28281  3.28281  0.55
protocols.relax.FastRelax: CMD: endrepeat  -1118.4  3.28281  3.28281  0.55
protocols.relax.FastRelax: CMD: coord_cst_weight  99892.5  3.28281  3.28281  0.55
protocols.relax.FastRelax: CMD: scale:fa_rep  99564.1  3.28281  3.28281  0.022
core.pack.task: Packer task: initialize from command line() 
core.pack.pack_rotamers: built 7722 rotamers at 492 positions.
core.pack.interaction_graph.interaction_graph_factory: Instantiating DensePDInteractionGraph
protocols.relax.FastRelax: CMD: repack  99540  3.28281  3.28281  0.022
protocols.relax.FastRelax: CMD: scale:fa_rep  99550.1  3.28281  3.28281  0.02805
core.optimization.Minimizer: [ WARNING ] LBFGS MAX CYCLES 2000 EXCEEDED, BUT FUNC NOT CONVERGED!
protocols.relax.FastRelax: CMD: min  -1252.01  0.184732  0.184732  0.02805
protocols.relax.FastRelax: CMD: coord_cst_weight  -1326.46  0.184732  0.184732  0.02805
protocols.relax.FastRelax: CMD: scale:fa_rep  -968.098  0.184732  0.184732  0.14575
core.pack.task: Packer task: initialize from command line() 
core.pack.pack_rotamers: built 7359 rotamers at 492 positions.
core.pack.interaction_graph.interaction_graph_factory: Instantiating DensePDInteractionGraph
protocols.relax.FastRelax: CMD: repack  -1046.41  0.184732  0.184732  0.14575
protocols.relax.FastRelax: CMD: scale:fa_rep  -1026.57  0.184732  0.184732  0.154
protocols.relax.FastRelax: CMD: min  -1189.96  0.221879  0.221879  0.154
protocols.relax.FastRelax: CMD: coord_cst_weight  -1296.96  0.221879  0.221879  0.154
protocols.relax.FastRelax: CMD: scale:fa_rep  -1114.56  0.221879  0.221879  0.30745
core.pack.task: Packer task: initialize from command line() 
core.pack.pack_rotamers: built 7224 rotamers at 492 positions.
core.pack.interaction_graph.interaction_graph_factory: Instantiating DensePDInteractionGraph
protocols.relax.FastRelax: CMD: repack  -1114.98  0.221879  0.221879  0.30745
protocols.relax.FastRelax: CMD: scale:fa_rep  -1100.67  0.221879  0.221879  0.31955
protocols.relax.FastRelax: CMD: min  -1273.73  2.8428  2.8428  0.31955
protocols.relax.FastRelax: CMD: coord_cst_weight  -1273.73  2.8428  2.8428  0.31955
protocols.relax.FastRelax: CMD: scale:fa_rep  -1067.55  2.8428  2.8428  0.55
core.pack.task: Packer task: initialize from command line() 
core.pack.pack_rotamers: built 7035 rotamers at 492 positions.
core.pack.interaction_graph.interaction_graph_factory: Instantiating DensePDInteractionGraph
protocols.relax.FastRelax: CMD: repack  -1067.81  2.8428  2.8428  0.55
protocols.relax.FastRelax: CMD: min  -1113.88  3.61104  3.61104  0.55
protocols.relax.FastRelax: MRP: 3  -1113.88  -1120.19  2.65457  2.65457  
protocols.relax.FastRelax: CMD: accept_to_best  -1113.88  3.61104  3.61104  0.55
protocols.relax.FastRelax: CMD: endrepeat  -1113.88  3.61104  3.61104  0.55
protocols.relax.FastRelax: CMD: coord_cst_weight  84414  3.61104  3.61104  0.55
protocols.relax.FastRelax: CMD: scale:fa_rep  84082  3.61104  3.61104  0.022
core.pack.task: Packer task: initialize from command line() 
core.pack.pack_rotamers: built 7767 rotamers at 492 positions.
core.pack.interaction_graph.interaction_graph_factory: Instantiating DensePDInteractionGraph
protocols.relax.FastRelax: CMD: repack  84060.4  3.61104  3.61104  0.022
protocols.relax.FastRelax: CMD: scale:fa_rep  84066.6  3.61104  3.61104  0.02805
core.optimization.Minimizer: [ WARNING ] LBFGS MAX CYCLES 2000 EXCEEDED, BUT FUNC NOT CONVERGED!
protocols.relax.FastRelax: CMD: min  -1282.19  0.176882  0.176882  0.02805
protocols.relax.FastRelax: CMD: coord_cst_weight  -1352.27  0.176882  0.176882  0.02805
protocols.relax.FastRelax: CMD: scale:fa_rep  -1034.9  0.176882  0.176882  0.14575
core.pack.task: Packer task: initialize from command line() 
core.pack.pack_rotamers: built 7415 rotamers at 492 positions.
core.pack.interaction_graph.interaction_graph_factory: Instantiating DensePDInteractionGraph
protocols.relax.FastRelax: CMD: repack  -1062.32  0.176882  0.176882  0.14575
protocols.relax.FastRelax: CMD: scale:fa_rep  -1042.49  0.176882  0.176882  0.154
protocols.relax.FastRelax: CMD: min  -1189.66  0.22117  0.22117  0.154
protocols.relax.FastRelax: CMD: coord_cst_weight  -1296.47  0.22117  0.22117  0.154
protocols.relax.FastRelax: CMD: scale:fa_rep  -1112.41  0.22117  0.22117  0.30745
core.pack.task: Packer task: initialize from command line() 
core.pack.pack_rotamers: built 7183 rotamers at 492 positions.
core.pack.interaction_graph.interaction_graph_factory: Instantiating DensePDInteractionGraph
protocols.relax.FastRelax: CMD: repack  -1113.19  0.22117  0.22117  0.30745
protocols.relax.FastRelax: CMD: scale:fa_rep  -1098.77  0.22117  0.22117  0.31955
protocols.relax.FastRelax: CMD: min  -709.313  3.653  3.653  0.31955
protocols.relax.FastRelax: CMD: coord_cst_weight  -709.313  3.653  3.653  0.31955
protocols.relax.FastRelax: CMD: scale:fa_rep  -87.1245  3.653  3.653  0.55
core.pack.task: Packer task: initialize from command line() 
core.pack.pack_rotamers: built 6999 rotamers at 492 positions.
core.pack.interaction_graph.interaction_graph_factory: Instantiating DensePDInteractionGraph
protocols.relax.FastRelax: CMD: repack  -1084.23  3.653  3.653  0.55
protocols.relax.FastRelax: CMD: min  -1144.69  4.13052  4.13052  0.55
protocols.relax.FastRelax: MRP: 4  -1144.69  -1144.69  4.13052  4.13052  
protocols.relax.FastRelax: CMD: accept_to_best  -1144.69  4.13052  4.13052  0.55
protocols.relax.FastRelax: CMD: endrepeat  -1144.69  4.13052  4.13052  0.55
protocols.relax.FastRelax: CMD: coord_cst_weight  128037  4.13052  4.13052  0.55
protocols.relax.FastRelax: CMD: scale:fa_rep  127707  4.13052  4.13052  0.022
core.pack.task: Packer task: initialize from command line() 
core.pack.pack_rotamers: built 7717 rotamers at 492 positions.
core.pack.interaction_graph.interaction_graph_factory: Instantiating DensePDInteractionGraph
protocols.relax.FastRelax: CMD: repack  127700  4.13052  4.13052  0.022
protocols.relax.FastRelax: CMD: scale:fa_rep  127714  4.13052  4.13052  0.02805
core.optimization.Minimizer: [ WARNING ] LBFGS MAX CYCLES 2000 EXCEEDED, BUT FUNC NOT CONVERGED!
protocols.relax.FastRelax: CMD: min  -1235.81  0.18672  0.18672  0.02805
protocols.relax.FastRelax: CMD: coord_cst_weight  -1314.17  0.18672  0.18672  0.02805
protocols.relax.FastRelax: CMD: scale:fa_rep  -921.768  0.18672  0.18672  0.14575
core.pack.task: Packer task: initialize from command line() 
core.pack.pack_rotamers: built 7471 rotamers at 492 positions.
core.pack.interaction_graph.interaction_graph_factory: Instantiating DensePDInteractionGraph
protocols.relax.FastRelax: CMD: repack  -1035.3  0.18672  0.18672  0.14575
protocols.relax.FastRelax: CMD: scale:fa_rep  -1015.59  0.18672  0.18672  0.154
protocols.relax.FastRelax: CMD: min  -1184.76  0.223035  0.223035  0.154
protocols.relax.FastRelax: CMD: coord_cst_weight  -1295.24  0.223035  0.223035  0.154
protocols.relax.FastRelax: CMD: scale:fa_rep  -1116.65  0.223035  0.223035  0.30745
core.pack.task: Packer task: initialize from command line() 
core.pack.pack_rotamers: built 7162 rotamers at 492 positions.
core.pack.interaction_graph.interaction_graph_factory: Instantiating DensePDInteractionGraph
protocols.relax.FastRelax: CMD: repack  -1117.81  0.223035  0.223035  0.30745
protocols.relax.FastRelax: CMD: scale:fa_rep  -1103.84  0.223035  0.223035  0.31955
protocols.relax.FastRelax: CMD: min  -1248.08  4.19558  4.19558  0.31955
protocols.relax.FastRelax: CMD: coord_cst_weight  -1248.08  4.19558  4.19558  0.31955
protocols.relax.FastRelax: CMD: scale:fa_rep  -1015.81  4.19558  4.19558  0.55
core.pack.task: Packer task: initialize from command line() 
core.pack.pack_rotamers: built 6969 rotamers at 492 positions.
core.pack.interaction_graph.interaction_graph_factory: Instantiating DensePDInteractionGraph
protocols.relax.FastRelax: CMD: repack  -1090.18  4.19558  4.19558  0.55
protocols.relax.FastRelax: CMD: min  -1135.58  4.13957  4.13957  0.55
protocols.relax.FastRelax: MRP: 5  -1135.58  -1144.69  4.13052  4.13052  
protocols.relax.FastRelax: CMD: accept_to_best  -1135.58  4.13957  4.13957  0.55
protocols.relax.FastRelax: CMD: endrepeat  -1135.58  4.13957  4.13957  0.55
protocols.relax.FastRelax: CMD: coord_cst_weight  115678  4.13957  4.13957  0.55
protocols.relax.FastRelax: CMD: scale:fa_rep  115350  4.13957  4.13957  0.022
core.pack.task: Packer task: initialize from command line() 
core.pack.pack_rotamers: built 7765 rotamers at 492 positions.
core.pack.interaction_graph.interaction_graph_factory: Instantiating DensePDInteractionGraph
protocols.relax.FastRelax: CMD: repack  115332  4.13957  4.13957  0.022
protocols.relax.FastRelax: CMD: scale:fa_rep  115339  4.13957  4.13957  0.02805
core.optimization.Minimizer: [ WARNING ] LBFGS MAX CYCLES 2000 EXCEEDED, BUT FUNC NOT CONVERGED!
protocols.relax.FastRelax: CMD: min  -1268.31  0.180632  0.180632  0.02805
protocols.relax.FastRelax: CMD: coord_cst_weight  -1341.98  0.180632  0.180632  0.02805
protocols.relax.FastRelax: CMD: scale:fa_rep  -1020.42  0.180632  0.180632  0.14575
core.pack.task: Packer task: initialize from command line() 
core.pack.pack_rotamers: built 7424 rotamers at 492 positions.
core.pack.interaction_graph.interaction_graph_factory: Instantiating DensePDInteractionGraph
protocols.relax.FastRelax: CMD: repack  -1055.35  0.180632  0.180632  0.14575
protocols.relax.FastRelax: CMD: scale:fa_rep  -1035.44  0.180632  0.180632  0.154
protocols.relax.FastRelax: CMD: min  -1186.47  0.222319  0.222319  0.154
protocols.relax.FastRelax: CMD: coord_cst_weight  -1298.79  0.222319  0.222319  0.154
protocols.relax.FastRelax: CMD: scale:fa_rep  -1117.57  0.222319  0.222319  0.30745
core.pack.task: Packer task: initialize from command line() 
core.pack.pack_rotamers: built 7234 rotamers at 492 positions.
core.pack.interaction_graph.interaction_graph_factory: Instantiating DensePDInteractionGraph
protocols.relax.FastRelax: CMD: repack  -1117.77  0.222319  0.222319  0.30745
protocols.relax.FastRelax: CMD: scale:fa_rep  -1103.74  0.222319  0.222319  0.31955
protocols.relax.FastRelax: CMD: min  -1293.83  3.71628  3.71628  0.31955
protocols.relax.FastRelax: CMD: coord_cst_weight  -1293.83  3.71628  3.71628  0.31955
protocols.relax.FastRelax: CMD: scale:fa_rep  -1088.93  3.71628  3.71628  0.55
core.pack.task: Packer task: initialize from command line() 
core.pack.pack_rotamers: built 6953 rotamers at 492 positions.
core.pack.interaction_graph.interaction_graph_factory: Instantiating DensePDInteractionGraph
protocols.relax.FastRelax: CMD: repack  -1090.79  3.71628  3.71628  0.55
protocols.relax.FastRelax: CMD: min  -1140.75  3.84877  3.84877  0.55
protocols.relax.FastRelax: MRP: 6  -1140.75  -1144.69  4.13052  4.13052  
protocols.relax.FastRelax: CMD: accept_to_best  -1140.75  3.84877  3.84877  0.55
protocols.relax.FastRelax: CMD: endrepeat  -1140.75  3.84877  3.84877  0.55
protocols.relax.FastRelax: CMD: coord_cst_weight  101425  3.84877  3.84877  0.55
protocols.relax.FastRelax: CMD: scale:fa_rep  101097  3.84877  3.84877  0.022
core.pack.task: Packer task: initialize from command line() 
core.pack.pack_rotamers: built 7675 rotamers at 492 positions.
core.pack.interaction_graph.interaction_graph_factory: Instantiating DensePDInteractionGraph
protocols.relax.FastRelax: CMD: repack  101080  3.84877  3.84877  0.022
protocols.relax.FastRelax: CMD: scale:fa_rep  101087  3.84877  3.84877  0.02805
core.optimization.Minimizer: [ WARNING ] LBFGS MAX CYCLES 2000 EXCEEDED, BUT FUNC NOT CONVERGED!
protocols.relax.FastRelax: CMD: min  -1269.05  0.183041  0.183041  0.02805
protocols.relax.FastRelax: CMD: coord_cst_weight  -1344.39  0.183041  0.183041  0.02805
protocols.relax.FastRelax: CMD: scale:fa_rep  -1036.21  0.183041  0.183041  0.14575
core.pack.task: Packer task: initialize from command line() 
core.pack.pack_rotamers: built 7376 rotamers at 492 positions.
core.pack.interaction_graph.interaction_graph_factory: Instantiating DensePDInteractionGraph
protocols.relax.FastRelax: CMD: repack  -1061.88  0.183041  0.183041  0.14575
protocols.relax.FastRelax: CMD: scale:fa_rep  -1042.21  0.183041  0.183041  0.154
protocols.relax.FastRelax: CMD: min  -1190.17  0.223636  0.223636  0.154
protocols.relax.FastRelax: CMD: coord_cst_weight  -1303.02  0.223636  0.223636  0.154
protocols.relax.FastRelax: CMD: scale:fa_rep  -1121.96  0.223636  0.223636  0.30745
core.pack.task: Packer task: initialize from command line() 
core.pack.pack_rotamers: built 7198 rotamers at 492 positions.
core.pack.interaction_graph.interaction_graph_factory: Instantiating DensePDInteractionGraph
protocols.relax.FastRelax: CMD: repack  -1122.23  0.223636  0.223636  0.30745
protocols.relax.FastRelax: CMD: scale:fa_rep  -1108.02  0.223636  0.223636  0.31955
protocols.relax.FastRelax: CMD: min  -1288.95  3.0094  3.0094  0.31955
protocols.relax.FastRelax: CMD: coord_cst_weight  -1288.95  3.0094  3.0094  0.31955
protocols.relax.FastRelax: CMD: scale:fa_rep  -1085.52  3.0094  3.0094  0.55
core.pack.task: Packer task: initialize from command line() 
core.pack.pack_rotamers: built 7060 rotamers at 492 positions.
core.pack.interaction_graph.interaction_graph_factory: Instantiating DensePDInteractionGraph
protocols.relax.FastRelax: CMD: repack  -1086.78  3.0094  3.0094  0.55
protocols.relax.FastRelax: CMD: min  -1139.57  3.43323  3.43323  0.55
protocols.relax.FastRelax: MRP: 7  -1139.57  -1144.69  4.13052  4.13052  
protocols.relax.FastRelax: CMD: accept_to_best  -1139.57  3.43323  3.43323  0.55
protocols.relax.FastRelax: CMD: endrepeat  -1139.57  3.43323  3.43323  0.55
protocols.relax.FastRelax: CMD: coord_cst_weight  86662.9  3.43323  3.43323  0.55
protocols.relax.FastRelax: CMD: scale:fa_rep  86338.7  3.43323  3.43323  0.022
core.pack.task: Packer task: initialize from command line() 
core.pack.pack_rotamers: built 7800 rotamers at 492 positions.
core.pack.interaction_graph.interaction_graph_factory: Instantiating DensePDInteractionGraph
protocols.relax.FastRelax: CMD: repack  86338  3.43323  3.43323  0.022
protocols.relax.FastRelax: CMD: scale:fa_rep  86346.6  3.43323  3.43323  0.02805
core.optimization.Minimizer: [ WARNING ] LBFGS MAX CYCLES 2000 EXCEEDED, BUT FUNC NOT CONVERGED!
protocols.relax.FastRelax: CMD: min  -1262.36  0.183182  0.183182  0.02805
protocols.relax.FastRelax: CMD: coord_cst_weight  -1336.74  0.183182  0.183182  0.02805
protocols.relax.FastRelax: CMD: scale:fa_rep  -1021.02  0.183182  0.183182  0.14575
core.pack.task: Packer task: initialize from command line() 
core.pack.pack_rotamers: built 7371 rotamers at 492 positions.
core.pack.interaction_graph.interaction_graph_factory: Instantiating DensePDInteractionGraph
protocols.relax.FastRelax: CMD: repack  -1058.6  0.183182  0.183182  0.14575
protocols.relax.FastRelax: CMD: scale:fa_rep  -1039.15  0.183182  0.183182  0.154
protocols.relax.FastRelax: CMD: min  -1188.14  0.222899  0.222899  0.154
protocols.relax.FastRelax: CMD: coord_cst_weight  -1299.96  0.222899  0.222899  0.154
protocols.relax.FastRelax: CMD: scale:fa_rep  -1117.34  0.222899  0.222899  0.30745
core.pack.task: Packer task: initialize from command line() 
core.pack.pack_rotamers: built 7124 rotamers at 492 positions.
core.pack.interaction_graph.interaction_graph_factory: Instantiating DensePDInteractionGraph
protocols.relax.FastRelax: CMD: repack  -1117.59  0.222899  0.222899  0.30745
protocols.relax.FastRelax: CMD: scale:fa_rep  -1103.18  0.222899  0.222899  0.31955
protocols.relax.FastRelax: CMD: min  -1294.32  2.91746  2.91746  0.31955
protocols.relax.FastRelax: CMD: coord_cst_weight  -1294.32  2.91746  2.91746  0.31955
protocols.relax.FastRelax: CMD: scale:fa_rep  -1089.75  2.91746  2.91746  0.55
core.pack.task: Packer task: initialize from command line() 
core.pack.pack_rotamers: built 7036 rotamers at 492 positions.
core.pack.interaction_graph.interaction_graph_factory: Instantiating DensePDInteractionGraph
protocols.relax.FastRelax: CMD: repack  -1098.76  2.91746  2.91746  0.55
protocols.relax.FastRelax: CMD: min  -1151.05  3.02479  3.02479  0.55
protocols.relax.FastRelax: MRP: 8  -1151.05  -1151.05  3.02479  3.02479  
protocols.relax.FastRelax: CMD: accept_to_best  -1151.05  3.02479  3.02479  0.55
protocols.relax.FastRelax: CMD: endrepeat  -1151.05  3.02479  3.02479  0.55
protocols.relax.FastRelax: CMD: coord_cst_weight  71950.6  3.02479  3.02479  0.55
protocols.relax.FastRelax: CMD: scale:fa_rep  71623.1  3.02479  3.02479  0.022
core.pack.task: Packer task: initialize from command line() 
core.pack.pack_rotamers: built 7776 rotamers at 492 positions.
core.pack.interaction_graph.interaction_graph_factory: Instantiating DensePDInteractionGraph
protocols.relax.FastRelax: CMD: repack  71605.4  3.02479  3.02479  0.022
protocols.relax.FastRelax: CMD: scale:fa_rep  71613.6  3.02479  3.02479  0.02805
core.optimization.Minimizer: [ WARNING ] LBFGS MAX CYCLES 2000 EXCEEDED, BUT FUNC NOT CONVERGED!
protocols.relax.FastRelax: CMD: min  -1265.26  0.184786  0.184786  0.02805
protocols.relax.FastRelax: CMD: coord_cst_weight  -1340.76  0.184786  0.184786  0.02805
protocols.relax.FastRelax: CMD: scale:fa_rep  -1000.55  0.184786  0.184786  0.14575
core.pack.task: Packer task: initialize from command line() 
core.pack.pack_rotamers: built 7365 rotamers at 492 positions.
core.pack.interaction_graph.interaction_graph_factory: Instantiating DensePDInteractionGraph
protocols.relax.FastRelax: CMD: repack  -1034.42  0.184786  0.184786  0.14575
protocols.relax.FastRelax: CMD: scale:fa_rep  -1013.64  0.184786  0.184786  0.154
protocols.relax.FastRelax: CMD: min  -1177.73  0.233556  0.233556  0.154
protocols.relax.FastRelax: CMD: coord_cst_weight  -1298.18  0.233556  0.233556  0.154
protocols.relax.FastRelax: CMD: scale:fa_rep  -1115.91  0.233556  0.233556  0.30745
core.pack.task: Packer task: initialize from command line() 
core.pack.pack_rotamers: built 7173 rotamers at 492 positions.
core.pack.interaction_graph.interaction_graph_factory: Instantiating DensePDInteractionGraph
protocols.relax.FastRelax: CMD: repack  -1116.65  0.233556  0.233556  0.30745
protocols.relax.FastRelax: CMD: scale:fa_rep  -1102.34  0.233556  0.233556  0.31955
protocols.relax.FastRelax: CMD: min  -1287.35  2.306  2.306  0.31955
protocols.relax.FastRelax: CMD: coord_cst_weight  -1287.35  2.306  2.306  0.31955
protocols.relax.FastRelax: CMD: scale:fa_rep  -1083  2.306  2.306  0.55
core.pack.task: Packer task: initialize from command line() 
core.pack.pack_rotamers: built 7007 rotamers at 492 positions.
core.pack.interaction_graph.interaction_graph_factory: Instantiating DensePDInteractionGraph
protocols.relax.FastRelax: CMD: repack  -1086.5  2.306  2.306  0.55
protocols.relax.FastRelax: CMD: min  -1141.68  2.9946  2.9946  0.55
protocols.relax.FastRelax: MRP: 9  -1141.68  -1151.05  3.02479  3.02479  
protocols.relax.FastRelax: CMD: accept_to_best  -1141.68  2.9946  2.9946  0.55
protocols.relax.FastRelax: CMD: endrepeat  -1141.68  2.9946  2.9946  0.55
protocols.relax.FastRelax: CMD: coord_cst_weight  60755.8  2.9946  2.9946  0.55
protocols.relax.FastRelax: CMD: scale:fa_rep  60426.9  2.9946  2.9946  0.022
core.pack.task: Packer task: initialize from command line() 
core.pack.pack_rotamers: built 7749 rotamers at 492 positions.
core.pack.interaction_graph.interaction_graph_factory: Instantiating DensePDInteractionGraph
protocols.relax.FastRelax: CMD: repack  60415  2.9946  2.9946  0.022
protocols.relax.FastRelax: CMD: scale:fa_rep  60421.9  2.9946  2.9946  0.02805
core.optimization.Minimizer: [ WARNING ] LBFGS MAX CYCLES 2000 EXCEEDED, BUT FUNC NOT CONVERGED!
protocols.relax.FastRelax: CMD: min  -1242.13  0.190068  0.190068  0.02805
protocols.relax.FastRelax: CMD: coord_cst_weight  -1323.1  0.190068  0.190068  0.02805
protocols.relax.FastRelax: CMD: scale:fa_rep  -955.258  0.190068  0.190068  0.14575
core.pack.task: Packer task: initialize from command line() 
core.pack.pack_rotamers: built 7384 rotamers at 492 positions.
core.pack.interaction_graph.interaction_graph_factory: Instantiating DensePDInteractionGraph
protocols.relax.FastRelax: CMD: repack  -1042.67  0.190068  0.190068  0.14575
protocols.relax.FastRelax: CMD: scale:fa_rep  -1022.56  0.190068  0.190068  0.154
protocols.relax.FastRelax: CMD: min  -1181.3  0.227431  0.227431  0.154
protocols.relax.FastRelax: CMD: coord_cst_weight  -1296.58  0.227431  0.227431  0.154
protocols.relax.FastRelax: CMD: scale:fa_rep  -1113.39  0.227431  0.227431  0.30745
core.pack.task: Packer task: initialize from command line() 
core.pack.pack_rotamers: built 7134 rotamers at 492 positions.
core.pack.interaction_graph.interaction_graph_factory: Instantiating DensePDInteractionGraph
protocols.relax.FastRelax: CMD: repack  -1113.53  0.227431  0.227431  0.30745
protocols.relax.FastRelax: CMD: scale:fa_rep  -1099.14  0.227431  0.227431  0.31955
protocols.relax.FastRelax: CMD: min  -1291.24  2.85861  2.85861  0.31955
protocols.relax.FastRelax: CMD: coord_cst_weight  -1291.24  2.85861  2.85861  0.31955
protocols.relax.FastRelax: CMD: scale:fa_rep  -1085.7  2.85861  2.85861  0.55
core.pack.task: Packer task: initialize from command line() 
core.pack.pack_rotamers: built 6974 rotamers at 492 positions.
core.pack.interaction_graph.interaction_graph_factory: Instantiating DensePDInteractionGraph
protocols.relax.FastRelax: CMD: repack  -1093.85  2.85861  2.85861  0.55
protocols.relax.FastRelax: CMD: min  -1144.91  3.44649  3.44649  0.55
protocols.relax.FastRelax: MRP: 10  -1144.91  -1151.05  3.02479  3.02479  
protocols.relax.FastRelax: CMD: accept_to_best  -1144.91  3.44649  3.44649  0.55
protocols.relax.FastRelax: CMD: endrepeat  -1144.91  3.44649  3.44649  0.55
protocols.relax.FastRelax: CMD: coord_cst_weight  61197.7  3.44649  3.44649  0.55
protocols.relax.FastRelax: CMD: scale:fa_rep  60867.7  3.44649  3.44649  0.022
core.pack.task: Packer task: initialize from command line() 
core.pack.pack_rotamers: built 7732 rotamers at 492 positions.
core.pack.interaction_graph.interaction_graph_factory: Instantiating DensePDInteractionGraph
protocols.relax.FastRelax: CMD: repack  60849.1  3.44649  3.44649  0.022
protocols.relax.FastRelax: CMD: scale:fa_rep  60856.9  3.44649  3.44649  0.02805
core.optimization.Minimizer: [ WARNING ] LBFGS MAX CYCLES 2000 EXCEEDED, BUT FUNC NOT CONVERGED!
protocols.relax.FastRelax: CMD: min  -1257.45  0.190077  0.190077  0.02805
protocols.relax.FastRelax: CMD: coord_cst_weight  -1335.58  0.190077  0.190077  0.02805
protocols.relax.FastRelax: CMD: scale:fa_rep  -989.434  0.190077  0.190077  0.14575
core.pack.task: Packer task: initialize from command line() 
core.pack.pack_rotamers: built 7358 rotamers at 492 positions.
core.pack.interaction_graph.interaction_graph_factory: Instantiating DensePDInteractionGraph
protocols.relax.FastRelax: CMD: repack  -1019.13  0.190077  0.190077  0.14575
protocols.relax.FastRelax: CMD: scale:fa_rep  -997.415  0.190077  0.190077  0.154
protocols.relax.FastRelax: CMD: min  -1169.72  0.235989  0.235989  0.154
protocols.relax.FastRelax: CMD: coord_cst_weight  -1292.07  0.235989  0.235989  0.154
protocols.relax.FastRelax: CMD: scale:fa_rep  -1107.41  0.235989  0.235989  0.30745
core.pack.task: Packer task: initialize from command line() 
core.pack.pack_rotamers: built 7138 rotamers at 492 positions.
core.pack.interaction_graph.interaction_graph_factory: Instantiating DensePDInteractionGraph
protocols.relax.FastRelax: CMD: repack  -1108.05  0.235989  0.235989  0.30745
protocols.relax.FastRelax: CMD: scale:fa_rep  -1093.54  0.235989  0.235989  0.31955
protocols.relax.FastRelax: CMD: min  -1302.45  4.15892  4.15892  0.31955
protocols.relax.FastRelax: CMD: coord_cst_weight  -1302.45  4.15892  4.15892  0.31955
protocols.relax.FastRelax: CMD: scale:fa_rep  -1101.02  4.15892  4.15892  0.55
core.pack.task: Packer task: initialize from command line() 
core.pack.pack_rotamers: built 7061 rotamers at 492 positions.
core.pack.interaction_graph.interaction_graph_factory: Instantiating DensePDInteractionGraph
protocols.relax.FastRelax: CMD: repack  -1104.32  4.15892  4.15892  0.55
protocols.relax.FastRelax: CMD: min  -1152.04  4.20366  4.20366  0.55
protocols.relax.FastRelax: MRP: 11  -1152.04  -1152.04  4.20366  4.20366  
protocols.relax.FastRelax: CMD: accept_to_best  -1152.04  4.20366  4.20366  0.55
protocols.relax.FastRelax: CMD: endrepeat  -1152.04  4.20366  4.20366  0.55
protocols.relax.FastRelax: CMD: coord_cst_weight  95268.5  4.20366  4.20366  0.55
protocols.relax.FastRelax: CMD: scale:fa_rep  94943.1  4.20366  4.20366  0.022
core.pack.task: Packer task: initialize from command line() 
core.pack.pack_rotamers: built 7758 rotamers at 492 positions.
core.pack.interaction_graph.interaction_graph_factory: Instantiating DensePDInteractionGraph
protocols.relax.FastRelax: CMD: repack  94938.3  4.20366  4.20366  0.022
protocols.relax.FastRelax: CMD: scale:fa_rep  94948  4.20366  4.20366  0.02805
core.optimization.Minimizer: [ WARNING ] LBFGS MAX CYCLES 2000 EXCEEDED, BUT FUNC NOT CONVERGED!
protocols.relax.FastRelax: CMD: min  -1239.75  0.189861  0.189861  0.02805
protocols.relax.FastRelax: CMD: coord_cst_weight  -1319.19  0.189861  0.189861  0.02805
protocols.relax.FastRelax: CMD: scale:fa_rep  -976.35  0.189861  0.189861  0.14575
core.pack.task: Packer task: initialize from command line() 
core.pack.pack_rotamers: built 7363 rotamers at 492 positions.
core.pack.interaction_graph.interaction_graph_factory: Instantiating DensePDInteractionGraph
protocols.relax.FastRelax: CMD: repack  -1022.77  0.189861  0.189861  0.14575
protocols.relax.FastRelax: CMD: scale:fa_rep  -1001.62  0.189861  0.189861  0.154
protocols.relax.FastRelax: CMD: min  -1170.9  0.235241  0.235241  0.154
protocols.relax.FastRelax: CMD: coord_cst_weight  -1294.09  0.235241  0.235241  0.154
protocols.relax.FastRelax: CMD: scale:fa_rep  -1108.31  0.235241  0.235241  0.30745
core.pack.task: Packer task: initialize from command line() 
core.pack.pack_rotamers: built 7132 rotamers at 492 positions.
core.pack.interaction_graph.interaction_graph_factory: Instantiating DensePDInteractionGraph
protocols.relax.FastRelax: CMD: repack  -1109.36  0.235241  0.235241  0.30745
protocols.relax.FastRelax: CMD: scale:fa_rep  -1094.79  0.235241  0.235241  0.31955
protocols.relax.FastRelax: CMD: min  -1304.49  3.69571  3.69571  0.31955
protocols.relax.FastRelax: CMD: coord_cst_weight  -1304.49  3.69571  3.69571  0.31955
protocols.relax.FastRelax: CMD: scale:fa_rep  -1099.28  3.69571  3.69571  0.55
core.pack.task: Packer task: initialize from command line() 
core.pack.pack_rotamers: built 7036 rotamers at 492 positions.
core.pack.interaction_graph.interaction_graph_factory: Instantiating DensePDInteractionGraph
protocols.relax.FastRelax: CMD: repack  -1102.74  3.69571  3.69571  0.55
protocols.relax.FastRelax: CMD: min  -1160.89  4.29986  4.29986  0.55
protocols.relax.FastRelax: MRP: 12  -1160.89  -1160.89  4.29986  4.29986  
protocols.relax.FastRelax: CMD: accept_to_best  -1160.89  4.29986  4.29986  0.55
protocols.relax.FastRelax: CMD: endrepeat  -1160.89  4.29986  4.29986  0.55
protocols.relax.FastRelax: CMD: coord_cst_weight  95151.6  4.29986  4.29986  0.55
protocols.relax.FastRelax: CMD: scale:fa_rep  94824  4.29986  4.29986  0.022
core.pack.task: Packer task: initialize from command line() 
core.pack.pack_rotamers: built 7742 rotamers at 492 positions.
core.pack.interaction_graph.interaction_graph_factory: Instantiating DensePDInteractionGraph
protocols.relax.FastRelax: CMD: repack  94817.7  4.29986  4.29986  0.022
protocols.relax.FastRelax: CMD: scale:fa_rep  94827.4  4.29986  4.29986  0.02805
core.optimization.Minimizer: [ WARNING ] LBFGS MAX CYCLES 2000 EXCEEDED, BUT FUNC NOT CONVERGED!
protocols.relax.FastRelax: CMD: min  -1241.77  0.19036  0.19036  0.02805
protocols.relax.FastRelax: CMD: coord_cst_weight  -1321.25  0.19036  0.19036  0.02805
protocols.relax.FastRelax: CMD: scale:fa_rep  -918.649  0.19036  0.19036  0.14575
core.pack.task: Packer task: initialize from command line() 
core.pack.pack_rotamers: built 7324 rotamers at 492 positions.
core.pack.interaction_graph.interaction_graph_factory: Instantiating DensePDInteractionGraph
protocols.relax.FastRelax: CMD: repack  -1031.53  0.19036  0.19036  0.14575
protocols.relax.FastRelax: CMD: scale:fa_rep  -1011.26  0.19036  0.19036  0.154
protocols.relax.FastRelax: CMD: min  -1174.88  0.229021  0.229021  0.154
protocols.relax.FastRelax: CMD: coord_cst_weight  -1293.29  0.229021  0.229021  0.154
protocols.relax.FastRelax: CMD: scale:fa_rep  -1109.07  0.229021  0.229021  0.30745
core.pack.task: Packer task: initialize from command line() 
core.pack.pack_rotamers: built 7104 rotamers at 492 positions.
core.pack.interaction_graph.interaction_graph_factory: Instantiating DensePDInteractionGraph
protocols.relax.FastRelax: CMD: repack  -1111.35  0.229021  0.229021  0.30745
protocols.relax.FastRelax: CMD: scale:fa_rep  -1097.03  0.229021  0.229021  0.31955
protocols.relax.FastRelax: CMD: min  -1294.18  3.79304  3.79304  0.31955
protocols.relax.FastRelax: CMD: coord_cst_weight  -1294.18  3.79304  3.79304  0.31955
protocols.relax.FastRelax: CMD: scale:fa_rep  -1091.5  3.79304  3.79304  0.55
core.pack.task: Packer task: initialize from command line() 
core.pack.pack_rotamers: built 7052 rotamers at 492 positions.
core.pack.interaction_graph.interaction_graph_factory: Instantiating DensePDInteractionGraph
protocols.relax.FastRelax: CMD: repack  -1100.83  3.79304  3.79304  0.55
protocols.relax.FastRelax: CMD: min  -1162.95  4.1045  4.1045  0.55
protocols.relax.FastRelax: MRP: 13  -1162.95  -1162.95  4.1045  4.1045  
protocols.relax.FastRelax: CMD: accept_to_best  -1162.95  4.1045  4.1045  0.55
protocols.relax.FastRelax: CMD: endrepeat  -1162.95  4.1045  4.1045  0.55
protocols.relax.FastRelax: CMD: coord_cst_weight  90859.1  4.1045  4.1045  0.55
protocols.relax.FastRelax: CMD: scale:fa_rep  90536.6  4.1045  4.1045  0.022
core.pack.task: Packer task: initialize from command line() 
core.pack.pack_rotamers: built 7838 rotamers at 492 positions.
core.pack.interaction_graph.interaction_graph_factory: Instantiating DensePDInteractionGraph
protocols.relax.FastRelax: CMD: repack  90524.8  4.1045  4.1045  0.022
protocols.relax.FastRelax: CMD: scale:fa_rep  90534.2  4.1045  4.1045  0.02805
core.optimization.Minimizer: [ WARNING ] LBFGS MAX CYCLES 2000 EXCEEDED, BUT FUNC NOT CONVERGED!
protocols.relax.FastRelax: CMD: min  -1241.38  0.191001  0.191001  0.02805
protocols.relax.FastRelax: CMD: coord_cst_weight  -1322.67  0.191001  0.191001  0.02805
protocols.relax.FastRelax: CMD: scale:fa_rep  -951.825  0.191001  0.191001  0.14575
core.pack.task: Packer task: initialize from command line() 
core.pack.pack_rotamers: built 7300 rotamers at 492 positions.
core.pack.interaction_graph.interaction_graph_factory: Instantiating DensePDInteractionGraph
protocols.relax.FastRelax: CMD: repack  -1028.34  0.191001  0.191001  0.14575
protocols.relax.FastRelax: CMD: scale:fa_rep  -1007.88  0.191001  0.191001  0.154
protocols.relax.FastRelax: CMD: min  -1175.65  0.229567  0.229567  0.154
protocols.relax.FastRelax: CMD: coord_cst_weight  -1294.96  0.229567  0.229567  0.154
protocols.relax.FastRelax: CMD: scale:fa_rep  -1109.95  0.229567  0.229567  0.30745
core.pack.task: Packer task: initialize from command line() 
core.pack.pack_rotamers: built 7094 rotamers at 492 positions.
core.pack.interaction_graph.interaction_graph_factory: Instantiating DensePDInteractionGraph
protocols.relax.FastRelax: CMD: repack  -1110.33  0.229567  0.229567  0.30745
protocols.relax.FastRelax: CMD: scale:fa_rep  -1095.87  0.229567  0.229567  0.31955
protocols.relax.FastRelax: CMD: min  -1287.72  3.66963  3.66963  0.31955
protocols.relax.FastRelax: CMD: coord_cst_weight  -1287.72  3.66963  3.66963  0.31955
protocols.relax.FastRelax: CMD: scale:fa_rep  -1085.23  3.66963  3.66963  0.55
core.pack.task: Packer task: initialize from command line() 
core.pack.pack_rotamers: built 6968 rotamers at 492 positions.
core.pack.interaction_graph.interaction_graph_factory: Instantiating DensePDInteractionGraph
protocols.relax.FastRelax: CMD: repack  -1089.31  3.66963  3.66963  0.55
protocols.relax.FastRelax: CMD: min  -1154.17  4.04794  4.04794  0.55
protocols.relax.FastRelax: MRP: 14  -1154.17  -1162.95  4.1045  4.1045  
protocols.relax.FastRelax: CMD: accept_to_best  -1154.17  4.04794  4.04794  0.55
protocols.relax.FastRelax: CMD: endrepeat  -1154.17  4.04794  4.04794  0.55
protocols::checkpoint: Deleting checkpoints of FastRelax
protocols.jd2.JobDistributor: target.BL00010001_4_0002 reported success in 14524 seconds
protocols.jd2.PDBJobInputter: PDBJobInputter::pose_from_job
protocols.jd2.PDBJobInputter: filling pose from PDB ../1-modeller/target.BL00010001.pdb
core.import_pose.import_pose: File '../1-modeller/target.BL00010001.pdb' automatically determined to be of type PDB from contents.
core.io.rcsb.ExperimentalTechnique: [ ERROR ] Unrecognized experimental technique string 'THEORETICAL MODEL, MODELLER 10.8 2026/08/10 16:18:02'
protocols.relax.FastRelax: CMD: repeat  4476.34  0  0  0.55
protocols.relax.FastRelax: CMD: coord_cst_weight  4476.34  0  0  0.55
protocols.relax.FastRelax: CMD: scale:fa_rep  806.987  0  0  0.022
core.pack.task: Packer task: initialize from command line() 
core.pack.pack_rotamers: built 8129 rotamers at 492 positions.
core.pack.interaction_graph.interaction_graph_factory: Instantiating DensePDInteractionGraph
protocols.relax.FastRelax: CMD: repack  -878.371  0  0  0.022
protocols.relax.FastRelax: CMD: scale:fa_rep  -842.046  0  0  0.02805
core.optimization.Minimizer: [ WARNING ] LBFGS MAX CYCLES 2000 EXCEEDED, BUT FUNC NOT CONVERGED!
protocols.relax.FastRelax: CMD: min  -1299.1  0.14999  0.14999  0.02805
protocols.relax.FastRelax: CMD: coord_cst_weight  -1346.58  0.14999  0.14999  0.02805
protocols.relax.FastRelax: CMD: scale:fa_rep  -968.158  0.14999  0.14999  0.14575
core.pack.task: Packer task: initialize from command line() 
core.pack.pack_rotamers: built 7427 rotamers at 492 positions.
core.pack.interaction_graph.interaction_graph_factory: Instantiating DensePDInteractionGraph
protocols.relax.FastRelax: CMD: repack  -1003.11  0.14999  0.14999  0.14575
protocols.relax.FastRelax: CMD: scale:fa_rep  -981.148  0.14999  0.14999  0.154
protocols.relax.FastRelax: CMD: min  -1164.61  0.204471  0.204471  0.154
protocols.relax.FastRelax: CMD: coord_cst_weight  -1255.43  0.204471  0.204471  0.154
protocols.relax.FastRelax: CMD: scale:fa_rep  -1063.09  0.204471  0.204471  0.30745
core.pack.task: Packer task: initialize from command line() 
core.pack.pack_rotamers: built 7254 rotamers at 492 positions.
core.pack.interaction_graph.interaction_graph_factory: Instantiating DensePDInteractionGraph
protocols.relax.FastRelax: CMD: repack  -1054.47  0.204471  0.204471  0.30745
protocols.relax.FastRelax: CMD: scale:fa_rep  -1039.6  0.204471  0.204471  0.31955
protocols.relax.FastRelax: CMD: min  -1262.32  3.20904  3.20904  0.31955
protocols.relax.FastRelax: CMD: coord_cst_weight  -1262.32  3.20904  3.20904  0.31955
protocols.relax.FastRelax: CMD: scale:fa_rep  -1054.17  3.20904  3.20904  0.55
core.pack.task: Packer task: initialize from command line() 
core.pack.pack_rotamers: built 7031 rotamers at 492 positions.
core.pack.interaction_graph.interaction_graph_factory: Instantiating DensePDInteractionGraph
protocols.relax.FastRelax: CMD: repack  -1062.14  3.20904  3.20904  0.55
protocols.relax.FastRelax: CMD: min  -1122.34  3.21557  3.21557  0.55
protocols.relax.FastRelax: MRP: 0  -1122.34  -1122.34  3.21557  3.21557  
protocols.relax.FastRelax: CMD: accept_to_best  -1122.34  3.21557  3.21557  0.55
protocols.relax.FastRelax: CMD: endrepeat  -1122.34  3.21557  3.21557  0.55
protocols.relax.FastRelax: CMD: coord_cst_weight  110567  3.21557  3.21557  0.55
protocols.relax.FastRelax: CMD: scale:fa_rep  110234  3.21557  3.21557  0.022
core.pack.task: Packer task: initialize from command line() 
core.pack.pack_rotamers: built 7827 rotamers at 492 positions.
core.pack.interaction_graph.interaction_graph_factory: Instantiating DensePDInteractionGraph
protocols.relax.FastRelax: CMD: repack  110225  3.21557  3.21557  0.022
protocols.relax.FastRelax: CMD: scale:fa_rep  110238  3.21557  3.21557  0.02805
core.optimization.Minimizer: [ WARNING ] LBFGS MAX CYCLES 2000 EXCEEDED, BUT FUNC NOT CONVERGED!
protocols.relax.FastRelax: CMD: min  -1245.09  0.182129  0.182129  0.02805
protocols.relax.FastRelax: CMD: coord_cst_weight  -1316.64  0.182129  0.182129  0.02805
protocols.relax.FastRelax: CMD: scale:fa_rep  -978.048  0.182129  0.182129  0.14575
core.pack.task: Packer task: initialize from command line() 
core.pack.pack_rotamers: built 7411 rotamers at 492 positions.
core.pack.interaction_graph.interaction_graph_factory: Instantiating DensePDInteractionGraph
protocols.relax.FastRelax: CMD: repack  -1031.88  0.182129  0.182129  0.14575
protocols.relax.FastRelax: CMD: scale:fa_rep  -1012.26  0.182129  0.182129  0.154
protocols.relax.FastRelax: CMD: min  -1182.9  0.218144  0.218144  0.154
protocols.relax.FastRelax: CMD: coord_cst_weight  -1286.88  0.218144  0.218144  0.154
protocols.relax.FastRelax: CMD: scale:fa_rep  -1101.31  0.218144  0.218144  0.30745
core.pack.task: Packer task: initialize from command line() 
core.pack.pack_rotamers: built 7187 rotamers at 492 positions.
core.pack.interaction_graph.interaction_graph_factory: Instantiating DensePDInteractionGraph
protocols.relax.FastRelax: CMD: repack  -1103.07  0.218144  0.218144  0.30745
protocols.relax.FastRelax: CMD: scale:fa_rep  -1088.75  0.218144  0.218144  0.31955
protocols.relax.FastRelax: CMD: min  -1277.45  3.43747  3.43747  0.31955
protocols.relax.FastRelax: CMD: coord_cst_weight  -1277.45  3.43747  3.43747  0.31955
protocols.relax.FastRelax: CMD: scale:fa_rep  -1067.44  3.43747  3.43747  0.55
core.pack.task: Packer task: initialize from command line() 
core.pack.pack_rotamers: built 7020 rotamers at 492 positions.
core.pack.interaction_graph.interaction_graph_factory: Instantiating DensePDInteractionGraph
protocols.relax.FastRelax: CMD: repack  -1076.17  3.43747  3.43747  0.55
protocols.relax.FastRelax: CMD: min  -1142.06  4.03001  4.03001  0.55
protocols.relax.FastRelax: MRP: 1  -1142.06  -1142.06  4.03001  4.03001  
protocols.relax.FastRelax: CMD: accept_to_best  -1142.06  4.03001  4.03001  0.55
protocols.relax.FastRelax: CMD: endrepeat  -1142.06  4.03001  4.03001  0.55
protocols.relax.FastRelax: CMD: coord_cst_weight  104124  4.03001  4.03001  0.55
protocols.relax.FastRelax: CMD: scale:fa_rep  103792  4.03001  4.03001  0.022
core.pack.task: Packer task: initialize from command line() 
core.pack.pack_rotamers: built 7748 rotamers at 492 positions.
core.pack.interaction_graph.interaction_graph_factory: Instantiating DensePDInteractionGraph
protocols.relax.FastRelax: CMD: repack  103772  4.03001  4.03001  0.022
protocols.relax.FastRelax: CMD: scale:fa_rep  103780  4.03001  4.03001  0.02805
core.optimization.Minimizer: [ WARNING ] LBFGS MAX CYCLES 2000 EXCEEDED, BUT FUNC NOT CONVERGED!
protocols.relax.FastRelax: CMD: min  -1244.44  0.188182  0.188182  0.02805
protocols.relax.FastRelax: CMD: coord_cst_weight  -1321.02  0.188182  0.188182  0.02805
protocols.relax.FastRelax: CMD: scale:fa_rep  -1000.41  0.188182  0.188182  0.14575
core.pack.task: Packer task: initialize from command line() 
core.pack.pack_rotamers: built 7338 rotamers at 492 positions.
core.pack.interaction_graph.interaction_graph_factory: Instantiating DensePDInteractionGraph
protocols.relax.FastRelax: CMD: repack  -1049.11  0.188182  0.188182  0.14575
protocols.relax.FastRelax: CMD: scale:fa_rep  -1030.13  0.188182  0.188182  0.154
protocols.relax.FastRelax: CMD: min  -1178.04  0.224426  0.224426  0.154
protocols.relax.FastRelax: CMD: coord_cst_weight  -1287.84  0.224426  0.224426  0.154
protocols.relax.FastRelax: CMD: scale:fa_rep  -1101.57  0.224426  0.224426  0.30745
core.pack.task: Packer task: initialize from command line() 
core.pack.pack_rotamers: built 7170 rotamers at 492 positions.
core.pack.interaction_graph.interaction_graph_factory: Instantiating DensePDInteractionGraph
protocols.relax.FastRelax: CMD: repack  -1102.67  0.224426  0.224426  0.30745
protocols.relax.FastRelax: CMD: scale:fa_rep  -1088.21  0.224426  0.224426  0.31955
protocols.relax.FastRelax: CMD: min  -1270.06  3.18957  3.18957  0.31955
protocols.relax.FastRelax: CMD: coord_cst_weight  -1270.06  3.18957  3.18957  0.31955
protocols.relax.FastRelax: CMD: scale:fa_rep  -1063.73  3.18957  3.18957  0.55
core.pack.task: Packer task: initialize from command line() 
core.pack.pack_rotamers: built 7030 rotamers at 492 positions.
core.pack.interaction_graph.interaction_graph_factory: Instantiating DensePDInteractionGraph
protocols.relax.FastRelax: CMD: repack  -1070.14  3.18957  3.18957  0.55
protocols.relax.FastRelax: CMD: min  -1128.7  3.78753  3.78753  0.55
protocols.relax.FastRelax: MRP: 2  -1128.7  -1142.06  4.03001  4.03001  
protocols.relax.FastRelax: CMD: accept_to_best  -1128.7  3.78753  3.78753  0.55
protocols.relax.FastRelax: CMD: endrepeat  -1128.7  3.78753  3.78753  0.55
protocols.relax.FastRelax: CMD: coord_cst_weight  72705  3.78753  3.78753  0.55
protocols.relax.FastRelax: CMD: scale:fa_rep  72376.8  3.78753  3.78753  0.022
core.pack.task: Packer task: initialize from command line() 
core.pack.pack_rotamers: built 7777 rotamers at 492 positions.
core.pack.interaction_graph.interaction_graph_factory: Instantiating DensePDInteractionGraph
protocols.relax.FastRelax: CMD: repack  72354.7  3.78753  3.78753  0.022
protocols.relax.FastRelax: CMD: scale:fa_rep  72360.8  3.78753  3.78753  0.02805
core.optimization.Minimizer: [ WARNING ] LBFGS MAX CYCLES 2000 EXCEEDED, BUT FUNC NOT CONVERGED!
protocols.relax.FastRelax: CMD: min  -1277.26  0.180895  0.180895  0.02805
protocols.relax.FastRelax: CMD: coord_cst_weight  -1348.51  0.180895  0.180895  0.02805
protocols.relax.FastRelax: CMD: scale:fa_rep  -1024.68  0.180895  0.180895  0.14575
core.pack.task: Packer task: initialize from command line() 
core.pack.pack_rotamers: built 7353 rotamers at 492 positions.
core.pack.interaction_graph.interaction_graph_factory: Instantiating DensePDInteractionGraph
protocols.relax.FastRelax: CMD: repack  -1062.32  0.180895  0.180895  0.14575
protocols.relax.FastRelax: CMD: scale:fa_rep  -1042.05  0.180895  0.180895  0.154
protocols.relax.FastRelax: CMD: min  -1195.59  0.224308  0.224308  0.154
protocols.relax.FastRelax: CMD: coord_cst_weight  -1305.29  0.224308  0.224308  0.154
protocols.relax.FastRelax: CMD: scale:fa_rep  -1119.87  0.224308  0.224308  0.30745
core.pack.task: Packer task: initialize from command line() 
core.pack.pack_rotamers: built 7133 rotamers at 492 positions.
core.pack.interaction_graph.interaction_graph_factory: Instantiating DensePDInteractionGraph
protocols.relax.FastRelax: CMD: repack  -1120.69  0.224308  0.224308  0.30745
protocols.relax.FastRelax: CMD: scale:fa_rep  -1106.19  0.224308  0.224308  0.31955
protocols.relax.FastRelax: CMD: min  -1284.94  2.98963  2.98963  0.31955
protocols.relax.FastRelax: CMD: coord_cst_weight  -1284.94  2.98963  2.98963  0.31955
protocols.relax.FastRelax: CMD: scale:fa_rep  -1075.97  2.98963  2.98963  0.55
core.pack.task: Packer task: initialize from command line() 
core.pack.pack_rotamers: built 7008 rotamers at 492 positions.
core.pack.interaction_graph.interaction_graph_factory: Instantiating DensePDInteractionGraph
protocols.relax.FastRelax: CMD: repack  -1079.04  2.98963  2.98963  0.55
protocols.relax.FastRelax: CMD: min  -1136.68  3.38415  3.38415  0.55
protocols.relax.FastRelax: MRP: 3  -1136.68  -1142.06  4.03001  4.03001  
protocols.relax.FastRelax: CMD: accept_to_best  -1136.68  3.38415  3.38415  0.55
protocols.relax.FastRelax: CMD: endrepeat  -1136.68  3.38415  3.38415  0.55
protocols.relax.FastRelax: CMD: coord_cst_weight  54989.5  3.38415  3.38415  0.55
protocols.relax.FastRelax: CMD: scale:fa_rep  54657.1  3.38415  3.38415  0.022
core.pack.task: Packer task: initialize from command line() 
core.pack.pack_rotamers: built 7716 rotamers at 492 positions.
core.pack.interaction_graph.interaction_graph_factory: Instantiating DensePDInteractionGraph
protocols.relax.FastRelax: CMD: repack  54660.2  3.38415  3.38415  0.022
protocols.relax.FastRelax: CMD: scale:fa_rep  54668.8  3.38415  3.38415  0.02805
core.optimization.Minimizer: [ WARNING ] LBFGS MAX CYCLES 2000 EXCEEDED, BUT FUNC NOT CONVERGED!
protocols.relax.FastRelax: CMD: min  -1287.22  0.176532  0.176532  0.02805
protocols.relax.FastRelax: CMD: coord_cst_weight  -1355.04  0.176532  0.176532  0.02805
protocols.relax.FastRelax: CMD: scale:fa_rep  -1021.57  0.176532  0.176532  0.14575
core.pack.task: Packer task: initialize from command line() 
core.pack.pack_rotamers: built 7395 rotamers at 492 positions.
core.pack.interaction_graph.interaction_graph_factory: Instantiating DensePDInteractionGraph
protocols.relax.FastRelax: CMD: repack  -1051.38  0.176532  0.176532  0.14575
protocols.relax.FastRelax: CMD: scale:fa_rep  -1030.29  0.176532  0.176532  0.154
protocols.relax.FastRelax: CMD: min  -1189.67  0.225814  0.225814  0.154
protocols.relax.FastRelax: CMD: coord_cst_weight  -1301.15  0.225814  0.225814  0.154
protocols.relax.FastRelax: CMD: scale:fa_rep  -1116.7  0.225814  0.225814  0.30745
core.pack.task: Packer task: initialize from command line() 
core.pack.pack_rotamers: built 7141 rotamers at 492 positions.
core.pack.interaction_graph.interaction_graph_factory: Instantiating DensePDInteractionGraph
protocols.relax.FastRelax: CMD: repack  -1117.98  0.225814  0.225814  0.30745
protocols.relax.FastRelax: CMD: scale:fa_rep  -1103.5  0.225814  0.225814  0.31955
protocols.relax.FastRelax: CMD: min  -1282.81  2.75918  2.75918  0.31955
protocols.relax.FastRelax: CMD: coord_cst_weight  -1282.81  2.75918  2.75918  0.31955
protocols.relax.FastRelax: CMD: scale:fa_rep  -1071.38  2.75918  2.75918  0.55
core.pack.task: Packer task: initialize from command line() 
core.pack.pack_rotamers: built 7022 rotamers at 492 positions.
core.pack.interaction_graph.interaction_graph_factory: Instantiating DensePDInteractionGraph
protocols.relax.FastRelax: CMD: repack  -1073.81  2.75918  2.75918  0.55
protocols.relax.FastRelax: CMD: min  -1128.62  3.2438  3.2438  0.55
protocols.relax.FastRelax: MRP: 4  -1128.62  -1142.06  4.03001  4.03001  
protocols.relax.FastRelax: CMD: accept_to_best  -1128.62  3.2438  3.2438  0.55
protocols.relax.FastRelax: CMD: endrepeat  -1128.62  3.2438  3.2438  0.55
protocols.relax.FastRelax: CMD: coord_cst_weight  45668  3.2438  3.2438  0.55
protocols.relax.FastRelax: CMD: scale:fa_rep  45331.4  3.2438  3.2438  0.022
core.pack.task: Packer task: initialize from command line() 
core.pack.pack_rotamers: built 7699 rotamers at 492 positions.
core.pack.interaction_graph.interaction_graph_factory: Instantiating DensePDInteractionGraph
protocols.relax.FastRelax: CMD: repack  45326.1  3.2438  3.2438  0.022
protocols.relax.FastRelax: CMD: scale:fa_rep  45336.7  3.2438  3.2438  0.02805
core.optimization.Minimizer: [ WARNING ] LBFGS MAX CYCLES 2000 EXCEEDED, BUT FUNC NOT CONVERGED!
protocols.relax.FastRelax: CMD: min  -1292.4  0.176536  0.176536  0.02805
protocols.relax.FastRelax: CMD: coord_cst_weight  -1360.63  0.176536  0.176536  0.02805
protocols.relax.FastRelax: CMD: scale:fa_rep  -1014.7  0.176536  0.176536  0.14575
core.pack.task: Packer task: initialize from command line() 
core.pack.pack_rotamers: built 7409 rotamers at 492 positions.
core.pack.interaction_graph.interaction_graph_factory: Instantiating DensePDInteractionGraph
protocols.relax.FastRelax: CMD: repack  -1047.98  0.176536  0.176536  0.14575
protocols.relax.FastRelax: CMD: scale:fa_rep  -1026.68  0.176536  0.176536  0.154
protocols.relax.FastRelax: CMD: min  -1190.77  0.227486  0.227486  0.154
protocols.relax.FastRelax: CMD: coord_cst_weight  -1303.38  0.227486  0.227486  0.154
protocols.relax.FastRelax: CMD: scale:fa_rep  -1117.55  0.227486  0.227486  0.30745
core.pack.task: Packer task: initialize from command line() 
core.pack.pack_rotamers: built 7151 rotamers at 492 positions.
core.pack.interaction_graph.interaction_graph_factory: Instantiating DensePDInteractionGraph
protocols.relax.FastRelax: CMD: repack  -1118.81  0.227486  0.227486  0.30745
protocols.relax.FastRelax: CMD: scale:fa_rep  -1104.29  0.227486  0.227486  0.31955
protocols.relax.FastRelax: CMD: min  -1295.33  3.57964  3.57964  0.31955
protocols.relax.FastRelax: CMD: coord_cst_weight  -1295.33  3.57964  3.57964  0.31955
protocols.relax.FastRelax: CMD: scale:fa_rep  -1090.03  3.57964  3.57964  0.55
core.pack.task: Packer task: initialize from command line() 
core.pack.pack_rotamers: built 7013 rotamers at 492 positions.
core.pack.interaction_graph.interaction_graph_factory: Instantiating DensePDInteractionGraph
protocols.relax.FastRelax: CMD: repack  -1092.04  3.57964  3.57964  0.55
protocols.relax.FastRelax: CMD: min  -1145.56  4.19828  4.19828  0.55
protocols.relax.FastRelax: MRP: 5  -1145.56  -1145.56  4.19828  4.19828  
protocols.relax.FastRelax: CMD: accept_to_best  -1145.56  4.19828  4.19828  0.55
protocols.relax.FastRelax: CMD: endrepeat  -1145.56  4.19828  4.19828  0.55
protocols.relax.FastRelax: CMD: coord_cst_weight  99812.6  4.19828  4.19828  0.55
protocols.relax.FastRelax: CMD: scale:fa_rep  99481.3  4.19828  4.19828  0.022
core.pack.task: Packer task: initialize from command line() 
core.pack.pack_rotamers: built 7745 rotamers at 492 positions.
core.pack.interaction_graph.interaction_graph_factory: Instantiating DensePDInteractionGraph
protocols.relax.FastRelax: CMD: repack  99463  4.19828  4.19828  0.022
protocols.relax.FastRelax: CMD: scale:fa_rep  99470.1  4.19828  4.19828  0.02805
core.optimization.Minimizer: [ WARNING ] LBFGS MAX CYCLES 2000 EXCEEDED, BUT FUNC NOT CONVERGED!
protocols.relax.FastRelax: CMD: min  -1285.57  0.180218  0.180218  0.02805
protocols.relax.FastRelax: CMD: coord_cst_weight  -1356.59  0.180218  0.180218  0.02805
protocols.relax.FastRelax: CMD: scale:fa_rep  -1022.45  0.180218  0.180218  0.14575
core.pack.task: Packer task: initialize from command line() 
core.pack.pack_rotamers: built 7384 rotamers at 492 positions.
core.pack.interaction_graph.interaction_graph_factory: Instantiating DensePDInteractionGraph
protocols.relax.FastRelax: CMD: repack  -1051.65  0.180218  0.180218  0.14575
protocols.relax.FastRelax: CMD: scale:fa_rep  -1030.73  0.180218  0.180218  0.154
protocols.relax.FastRelax: CMD: min  -1191.43  0.224949  0.224949  0.154
protocols.relax.FastRelax: CMD: coord_cst_weight  -1302.21  0.224949  0.224949  0.154
protocols.relax.FastRelax: CMD: scale:fa_rep  -1116.63  0.224949  0.224949  0.30745
core.pack.task: Packer task: initialize from command line() 
core.pack.pack_rotamers: built 7143 rotamers at 492 positions.
core.pack.interaction_graph.interaction_graph_factory: Instantiating DensePDInteractionGraph
protocols.relax.FastRelax: CMD: repack  -1117.46  0.224949  0.224949  0.30745
protocols.relax.FastRelax: CMD: scale:fa_rep  -1103.03  0.224949  0.224949  0.31955
protocols.relax.FastRelax: CMD: min  -1291.85  4.12748  4.12748  0.31955
protocols.relax.FastRelax: CMD: coord_cst_weight  -1291.85  4.12748  4.12748  0.31955
protocols.relax.FastRelax: CMD: scale:fa_rep  -1084.96  4.12748  4.12748  0.55
core.pack.task: Packer task: initialize from command line() 
core.pack.pack_rotamers: built 6953 rotamers at 492 positions.
core.pack.interaction_graph.interaction_graph_factory: Instantiating DensePDInteractionGraph
protocols.relax.FastRelax: CMD: repack  -1087.1  4.12748  4.12748  0.55
protocols.relax.FastRelax: CMD: min  -1140.21  4.58857  4.58857  0.55
protocols.relax.FastRelax: MRP: 6  -1140.21  -1145.56  4.19828  4.19828  
protocols.relax.FastRelax: CMD: accept_to_best  -1140.21  4.58857  4.58857  0.55
protocols.relax.FastRelax: CMD: endrepeat  -1140.21  4.58857  4.58857  0.55
protocols.relax.FastRelax: CMD: coord_cst_weight  132792  4.58857  4.58857  0.55
protocols.relax.FastRelax: CMD: scale:fa_rep  132461  4.58857  4.58857  0.022
core.pack.task: Packer task: initialize from command line() 
core.pack.pack_rotamers: built 7666 rotamers at 492 positions.
core.pack.interaction_graph.interaction_graph_factory: Instantiating DensePDInteractionGraph
protocols.relax.FastRelax: CMD: repack  132446  4.58857  4.58857  0.022
protocols.relax.FastRelax: CMD: scale:fa_rep  132452  4.58857  4.58857  0.02805
core.optimization.Minimizer: [ WARNING ] LBFGS MAX CYCLES 2000 EXCEEDED, BUT FUNC NOT CONVERGED!
protocols.relax.FastRelax: CMD: min  -1261.81  0.183298  0.183298  0.02805
protocols.relax.FastRelax: CMD: coord_cst_weight  -1336.82  0.183298  0.183298  0.02805
protocols.relax.FastRelax: CMD: scale:fa_rep  -1007.66  0.183298  0.183298  0.14575
core.pack.task: Packer task: initialize from command line() 
core.pack.pack_rotamers: built 7357 rotamers at 492 positions.
core.pack.interaction_graph.interaction_graph_factory: Instantiating DensePDInteractionGraph
protocols.relax.FastRelax: CMD: repack  -1042.61  0.183298  0.183298  0.14575
protocols.relax.FastRelax: CMD: scale:fa_rep  -1022.19  0.183298  0.183298  0.154
protocols.relax.FastRelax: CMD: min  -1184.03  0.226351  0.226351  0.154
protocols.relax.FastRelax: CMD: coord_cst_weight  -1295.86  0.226351  0.226351  0.154
protocols.relax.FastRelax: CMD: scale:fa_rep  -1110.12  0.226351  0.226351  0.30745
core.pack.task: Packer task: initialize from command line() 
core.pack.pack_rotamers: built 7137 rotamers at 492 positions.
core.pack.interaction_graph.interaction_graph_factory: Instantiating DensePDInteractionGraph
protocols.relax.FastRelax: CMD: repack  -1109.97  0.226351  0.226351  0.30745
protocols.relax.FastRelax: CMD: scale:fa_rep  -1095.51  0.226351  0.226351  0.31955
protocols.relax.FastRelax: CMD: min  -1193.07  4.30223  4.30223  0.31955
protocols.relax.FastRelax: CMD: coord_cst_weight  -1193.07  4.30223  4.30223  0.31955
protocols.relax.FastRelax: CMD: scale:fa_rep  -917.091  4.30223  4.30223  0.55
core.pack.task: Packer task: initialize from command line() 
core.pack.pack_rotamers: built 6931 rotamers at 492 positions.
core.pack.interaction_graph.interaction_graph_factory: Instantiating DensePDInteractionGraph
protocols.relax.FastRelax: CMD: repack  -1047.06  4.30223  4.30223  0.55
protocols.relax.FastRelax: CMD: min  -1139.1  4.54317  4.54317  0.55
protocols.relax.FastRelax: MRP: 7  -1139.1  -1145.56  4.19828  4.19828  
protocols.relax.FastRelax: CMD: accept_to_best  -1139.1  4.54317  4.54317  0.55
protocols.relax.FastRelax: CMD: endrepeat  -1139.1  4.54317  4.54317  0.55
protocols.relax.FastRelax: CMD: coord_cst_weight  113501  4.54317  4.54317  0.55
protocols.relax.FastRelax: CMD: scale:fa_rep  113171  4.54317  4.54317  0.022
core.pack.task: Packer task: initialize from command line() 
core.pack.pack_rotamers: built 7701 rotamers at 492 positions.
core.pack.interaction_graph.interaction_graph_factory: Instantiating DensePDInteractionGraph
protocols.relax.FastRelax: CMD: repack  113156  4.54317  4.54317  0.022
protocols.relax.FastRelax: CMD: scale:fa_rep  113162  4.54317  4.54317  0.02805
core.optimization.Minimizer: [ WARNING ] LBFGS MAX CYCLES 2000 EXCEEDED, BUT FUNC NOT CONVERGED!
protocols.relax.FastRelax: CMD: min  -1249.57  0.186658  0.186658  0.02805
protocols.relax.FastRelax: CMD: coord_cst_weight  -1326.78  0.186658  0.186658  0.02805
protocols.relax.FastRelax: CMD: scale:fa_rep  -1010.77  0.186658  0.186658  0.14575
core.pack.task: Packer task: initialize from command line() 
core.pack.pack_rotamers: built 7383 rotamers at 492 positions.
core.pack.interaction_graph.interaction_graph_factory: Instantiating DensePDInteractionGraph
protocols.relax.FastRelax: CMD: repack  -1050.32  0.186658  0.186658  0.14575
protocols.relax.FastRelax: CMD: scale:fa_rep  -1030.52  0.186658  0.186658  0.154
protocols.relax.FastRelax: CMD: min  -1183.21  0.224715  0.224715  0.154
protocols.relax.FastRelax: CMD: coord_cst_weight  -1293.52  0.224715  0.224715  0.154
protocols.relax.FastRelax: CMD: scale:fa_rep  -1108.18  0.224715  0.224715  0.30745
core.pack.task: Packer task: initialize from command line() 
core.pack.pack_rotamers: built 7159 rotamers at 492 positions.
core.pack.interaction_graph.interaction_graph_factory: Instantiating DensePDInteractionGraph
protocols.relax.FastRelax: CMD: repack  -1109.82  0.224715  0.224715  0.30745
protocols.relax.FastRelax: CMD: scale:fa_rep  -1095.42  0.224715  0.224715  0.31955
protocols.relax.FastRelax: CMD: min  -1279.2  4.00167  4.00167  0.31955
protocols.relax.FastRelax: CMD: coord_cst_weight  -1279.2  4.00167  4.00167  0.31955
protocols.relax.FastRelax: CMD: scale:fa_rep  -1074.74  4.00167  4.00167  0.55
core.pack.task: Packer task: initialize from command line() 
core.pack.pack_rotamers: built 6962 rotamers at 492 positions.
core.pack.interaction_graph.interaction_graph_factory: Instantiating DensePDInteractionGraph
protocols.relax.FastRelax: CMD: repack  -1079.67  4.00167  4.00167  0.55
protocols.relax.FastRelax: CMD: min  -1126.25  4.24598  4.24598  0.55
protocols.relax.FastRelax: MRP: 8  -1126.25  -1145.56  4.19828  4.19828  
protocols.relax.FastRelax: CMD: accept_to_best  -1126.25  4.24598  4.24598  0.55
protocols.relax.FastRelax: CMD: endrepeat  -1126.25  4.24598  4.24598  0.55
protocols.relax.FastRelax: CMD: coord_cst_weight  97134.7  4.24598  4.24598  0.55
protocols.relax.FastRelax: CMD: scale:fa_rep  96807.2  4.24598  4.24598  0.022
core.pack.task: Packer task: initialize from command line() 
core.pack.pack_rotamers: built 7746 rotamers at 492 positions.
core.pack.interaction_graph.interaction_graph_factory: Instantiating DensePDInteractionGraph
protocols.relax.FastRelax: CMD: repack  96788.1  4.24598  4.24598  0.022
protocols.relax.FastRelax: CMD: scale:fa_rep  96794.7  4.24598  4.24598  0.02805
core.optimization.Minimizer: [ WARNING ] LBFGS MAX CYCLES 2000 EXCEEDED, BUT FUNC NOT CONVERGED!
protocols.relax.FastRelax: CMD: min  -1276.34  0.180267  0.180267  0.02805
protocols.relax.FastRelax: CMD: coord_cst_weight  -1347.22  0.180267  0.180267  0.02805
protocols.relax.FastRelax: CMD: scale:fa_rep  -1012.78  0.180267  0.180267  0.14575
core.pack.task: Packer task: initialize from command line() 
core.pack.pack_rotamers: built 7375 rotamers at 492 positions.
core.pack.interaction_graph.interaction_graph_factory: Instantiating DensePDInteractionGraph
protocols.relax.FastRelax: CMD: repack  -1047.05  0.180267  0.180267  0.14575
protocols.relax.FastRelax: CMD: scale:fa_rep  -1026.18  0.180267  0.180267  0.154
protocols.relax.FastRelax: CMD: min  -1187.9  0.223911  0.223911  0.154
protocols.relax.FastRelax: CMD: coord_cst_weight  -1298.18  0.223911  0.223911  0.154
protocols.relax.FastRelax: CMD: scale:fa_rep  -1113.77  0.223911  0.223911  0.30745
core.pack.task: Packer task: initialize from command line() 
core.pack.pack_rotamers: built 7173 rotamers at 492 positions.
core.pack.interaction_graph.interaction_graph_factory: Instantiating DensePDInteractionGraph
protocols.relax.FastRelax: CMD: repack  -1114.45  0.223911  0.223911  0.30745
protocols.relax.FastRelax: CMD: scale:fa_rep  -1100  0.223911  0.223911  0.31955
protocols.relax.FastRelax: CMD: min  -1279.22  3.94349  3.94349  0.31955
protocols.relax.FastRelax: CMD: coord_cst_weight  -1279.22  3.94349  3.94349  0.31955
protocols.relax.FastRelax: CMD: scale:fa_rep  -1075.54  3.94349  3.94349  0.55
core.pack.task: Packer task: initialize from command line() 
core.pack.pack_rotamers: built 6995 rotamers at 492 positions.
core.pack.interaction_graph.interaction_graph_factory: Instantiating DensePDInteractionGraph
protocols.relax.FastRelax: CMD: repack  -1078.95  3.94349  3.94349  0.55
protocols.relax.FastRelax: CMD: min  -1138.18  4.19  4.19  0.55
protocols.relax.FastRelax: MRP: 9  -1138.18  -1145.56  4.19828  4.19828  
protocols.relax.FastRelax: CMD: accept_to_best  -1138.18  4.19  4.19  0.55
protocols.relax.FastRelax: CMD: endrepeat  -1138.18  4.19  4.19  0.55
protocols.relax.FastRelax: CMD: coord_cst_weight  126320  4.19  4.19  0.55
protocols.relax.FastRelax: CMD: scale:fa_rep  125994  4.19  4.19  0.022
core.pack.task: Packer task: initialize from command line() 
core.pack.pack_rotamers: built 7736 rotamers at 492 positions.
core.pack.interaction_graph.interaction_graph_factory: Instantiating DensePDInteractionGraph
protocols.relax.FastRelax: CMD: repack  125974  4.19  4.19  0.022
protocols.relax.FastRelax: CMD: scale:fa_rep  125980  4.19  4.19  0.02805
core.optimization.Minimizer: [ WARNING ] LBFGS MAX CYCLES 2000 EXCEEDED, BUT FUNC NOT CONVERGED!
protocols.relax.FastRelax: CMD: min  -1284.09  0.182317  0.182317  0.02805
protocols.relax.FastRelax: CMD: coord_cst_weight  -1356.75  0.182317  0.182317  0.02805
protocols.relax.FastRelax: CMD: scale:fa_rep  -1029.14  0.182317  0.182317  0.14575
core.pack.task: Packer task: initialize from command line() 
core.pack.pack_rotamers: built 7360 rotamers at 492 positions.
core.pack.interaction_graph.interaction_graph_factory: Instantiating DensePDInteractionGraph
protocols.relax.FastRelax: CMD: repack  -1057.58  0.182317  0.182317  0.14575
protocols.relax.FastRelax: CMD: scale:fa_rep  -1037.07  0.182317  0.182317  0.154
protocols.relax.FastRelax: CMD: min  -1189.15  0.22589  0.22589  0.154
protocols.relax.FastRelax: CMD: coord_cst_weight  -1300.96  0.22589  0.22589  0.154
protocols.relax.FastRelax: CMD: scale:fa_rep  -1115.61  0.22589  0.22589  0.30745
core.pack.task: Packer task: initialize from command line() 
core.pack.pack_rotamers: built 7164 rotamers at 492 positions.
core.pack.interaction_graph.interaction_graph_factory: Instantiating DensePDInteractionGraph
protocols.relax.FastRelax: CMD: repack  -1116.64  0.22589  0.22589  0.30745
protocols.relax.FastRelax: CMD: scale:fa_rep  -1102.28  0.22589  0.22589  0.31955
protocols.relax.FastRelax: CMD: min  -561.123  4.41618  4.41618  0.31955
protocols.relax.FastRelax: CMD: coord_cst_weight  -561.123  4.41618  4.41618  0.31955
protocols.relax.FastRelax: CMD: scale:fa_rep  171.436  4.41618  4.41618  0.55
core.pack.task: Packer task: initialize from command line() 
core.pack.pack_rotamers: built 6961 rotamers at 492 positions.
core.pack.interaction_graph.interaction_graph_factory: Instantiating DensePDInteractionGraph
protocols.relax.FastRelax: CMD: repack  -72.6668  4.41618  4.41618  0.55
protocols.relax.FastRelax: CMD: min  -1138.65  4.36356  4.36356  0.55
protocols.relax.FastRelax: MRP: 10  -1138.65  -1145.56  4.19828  4.19828  
protocols.relax.FastRelax: CMD: accept_to_best  -1138.65  4.36356  4.36356  0.55
protocols.relax.FastRelax: CMD: endrepeat  -1138.65  4.36356  4.36356  0.55
protocols.relax.FastRelax: CMD: coord_cst_weight  112250  4.36356  4.36356  0.55
protocols.relax.FastRelax: CMD: scale:fa_rep  111923  4.36356  4.36356  0.022
core.pack.task: Packer task: initialize from command line() 
core.pack.pack_rotamers: built 7664 rotamers at 492 positions.
core.pack.interaction_graph.interaction_graph_factory: Instantiating DensePDInteractionGraph
protocols.relax.FastRelax: CMD: repack  111908  4.36356  4.36356  0.022
protocols.relax.FastRelax: CMD: scale:fa_rep  111914  4.36356  4.36356  0.02805
core.optimization.Minimizer: [ WARNING ] LBFGS MAX CYCLES 2000 EXCEEDED, BUT FUNC NOT CONVERGED!
protocols.relax.FastRelax: CMD: min  -1258.45  0.184386  0.184386  0.02805
protocols.relax.FastRelax: CMD: coord_cst_weight  -1334.35  0.184386  0.184386  0.02805
protocols.relax.FastRelax: CMD: scale:fa_rep  -998.705  0.184386  0.184386  0.14575
core.pack.task: Packer task: initialize from command line() 
core.pack.pack_rotamers: built 7349 rotamers at 492 positions.
core.pack.interaction_graph.interaction_graph_factory: Instantiating DensePDInteractionGraph
protocols.relax.FastRelax: CMD: repack  -1035.17  0.184386  0.184386  0.14575
protocols.relax.FastRelax: CMD: scale:fa_rep  -1014.39  0.184386  0.184386  0.154
protocols.relax.FastRelax: CMD: min  -1182.09  0.227105  0.227105  0.154
protocols.relax.FastRelax: CMD: coord_cst_weight  -1295.54  0.227105  0.227105  0.154
protocols.relax.FastRelax: CMD: scale:fa_rep  -1109.72  0.227105  0.227105  0.30745
core.pack.task: Packer task: initialize from command line() 
core.pack.pack_rotamers: built 7141 rotamers at 492 positions.
core.pack.interaction_graph.interaction_graph_factory: Instantiating DensePDInteractionGraph
protocols.relax.FastRelax: CMD: repack  -1111.03  0.227105  0.227105  0.30745
protocols.relax.FastRelax: CMD: scale:fa_rep  -1096.61  0.227105  0.227105  0.31955
protocols.relax.FastRelax: CMD: min  -1283.34  3.98461  3.98461  0.31955
protocols.relax.FastRelax: CMD: coord_cst_weight  -1283.34  3.98461  3.98461  0.31955
protocols.relax.FastRelax: CMD: scale:fa_rep  -1076.74  3.98461  3.98461  0.55
core.pack.task: Packer task: initialize from command line() 
core.pack.pack_rotamers: built 6976 rotamers at 492 positions.
core.pack.interaction_graph.interaction_graph_factory: Instantiating DensePDInteractionGraph
protocols.relax.FastRelax: CMD: repack  -1080.32  3.98461  3.98461  0.55
protocols.relax.FastRelax: CMD: min  -1134.6  4.33979  4.33979  0.55
protocols.relax.FastRelax: MRP: 11  -1134.6  -1145.56  4.19828  4.19828  
protocols.relax.FastRelax: CMD: accept_to_best  -1134.6  4.33979  4.33979  0.55
protocols.relax.FastRelax: CMD: endrepeat  -1134.6  4.33979  4.33979  0.55
protocols.relax.FastRelax: CMD: coord_cst_weight  79326.6  4.33979  4.33979  0.55
protocols.relax.FastRelax: CMD: scale:fa_rep  78999.6  4.33979  4.33979  0.022
core.pack.task: Packer task: initialize from command line() 
core.pack.pack_rotamers: built 7687 rotamers at 492 positions.
core.pack.interaction_graph.interaction_graph_factory: Instantiating DensePDInteractionGraph
protocols.relax.FastRelax: CMD: repack  78978.6  4.33979  4.33979  0.022
protocols.relax.FastRelax: CMD: scale:fa_rep  78985.5  4.33979  4.33979  0.02805
core.optimization.Minimizer: [ WARNING ] LBFGS MAX CYCLES 2000 EXCEEDED, BUT FUNC NOT CONVERGED!
protocols.relax.FastRelax: CMD: min  -1261.19  0.188991  0.188991  0.02805
protocols.relax.FastRelax: CMD: coord_cst_weight  -1338.68  0.188991  0.188991  0.02805
protocols.relax.FastRelax: CMD: scale:fa_rep  -979.109  0.188991  0.188991  0.14575
core.pack.task: Packer task: initialize from command line() 
core.pack.pack_rotamers: built 7337 rotamers at 492 positions.
core.pack.interaction_graph.interaction_graph_factory: Instantiating DensePDInteractionGraph
protocols.relax.FastRelax: CMD: repack  -1031.52  0.188991  0.188991  0.14575
protocols.relax.FastRelax: CMD: scale:fa_rep  -1010.46  0.188991  0.188991  0.154
protocols.relax.FastRelax: CMD: min  -1186.39  0.225065  0.225065  0.154
protocols.relax.FastRelax: CMD: coord_cst_weight  -1297.36  0.225065  0.225065  0.154
protocols.relax.FastRelax: CMD: scale:fa_rep  -1114.69  0.225065  0.225065  0.30745
core.pack.task: Packer task: initialize from command line() 
core.pack.pack_rotamers: built 7146 rotamers at 492 positions.
core.pack.interaction_graph.interaction_graph_factory: Instantiating DensePDInteractionGraph
protocols.relax.FastRelax: CMD: repack  -1115.93  0.225065  0.225065  0.30745
protocols.relax.FastRelax: CMD: scale:fa_rep  -1101.7  0.225065  0.225065  0.31955
protocols.relax.FastRelax: CMD: min  -1286.49  3.93947  3.93947  0.31955
protocols.relax.FastRelax: CMD: coord_cst_weight  -1286.49  3.93947  3.93947  0.31955
protocols.relax.FastRelax: CMD: scale:fa_rep  -1080.24  3.93947  3.93947  0.55
core.pack.task: Packer task: initialize from command line() 
core.pack.pack_rotamers: built 6975 rotamers at 492 positions.
core.pack.interaction_graph.interaction_graph_factory: Instantiating DensePDInteractionGraph
protocols.relax.FastRelax: CMD: repack  -1076.97  3.93947  3.93947  0.55
protocols.relax.FastRelax: CMD: min  -1138.43  4.35825  4.35825  0.55
protocols.relax.FastRelax: MRP: 12  -1138.43  -1145.56  4.19828  4.19828  
protocols.relax.FastRelax: CMD: accept_to_best  -1138.43  4.35825  4.35825  0.55
protocols.relax.FastRelax: CMD: endrepeat  -1138.43  4.35825  4.35825  0.55
protocols.relax.FastRelax: CMD: coord_cst_weight  85571.9  4.35825  4.35825  0.55
protocols.relax.FastRelax: CMD: scale:fa_rep  85242.4  4.35825  4.35825  0.022
core.pack.task: Packer task: initialize from command line() 
core.pack.pack_rotamers: built 7730 rotamers at 492 positions.
core.pack.interaction_graph.interaction_graph_factory: Instantiating DensePDInteractionGraph
protocols.relax.FastRelax: CMD: repack  85219.6  4.35825  4.35825  0.022
protocols.relax.FastRelax: CMD: scale:fa_rep  85227.2  4.35825  4.35825  0.02805
core.optimization.Minimizer: [ WARNING ] LBFGS MAX CYCLES 2000 EXCEEDED, BUT FUNC NOT CONVERGED!
protocols.relax.FastRelax: CMD: min  -1261.3  0.18668  0.18668  0.02805
protocols.relax.FastRelax: CMD: coord_cst_weight  -1338.8  0.18668  0.18668  0.02805
protocols.relax.FastRelax: CMD: scale:fa_rep  -996.124  0.18668  0.18668  0.14575
core.pack.task: Packer task: initialize from command line() 
core.pack.pack_rotamers: built 7333 rotamers at 492 positions.
core.pack.interaction_graph.interaction_graph_factory: Instantiating DensePDInteractionGraph
protocols.relax.FastRelax: CMD: repack  -1031.27  0.18668  0.18668  0.14575
protocols.relax.FastRelax: CMD: scale:fa_rep  -1009.93  0.18668  0.18668  0.154
protocols.relax.FastRelax: CMD: min  -1188.84  0.22802  0.22802  0.154
protocols.relax.FastRelax: CMD: coord_cst_weight  -1302.78  0.22802  0.22802  0.154
protocols.relax.FastRelax: CMD: scale:fa_rep  -1118.9  0.22802  0.22802  0.30745
core.pack.task: Packer task: initialize from command line() 
core.pack.pack_rotamers: built 7157 rotamers at 492 positions.
core.pack.interaction_graph.interaction_graph_factory: Instantiating DensePDInteractionGraph
protocols.relax.FastRelax: CMD: repack  -1120.25  0.22802  0.22802  0.30745
protocols.relax.FastRelax: CMD: scale:fa_rep  -1106  0.22802  0.22802  0.31955
protocols.relax.FastRelax: CMD: min  -1283.14  3.52746  3.52746  0.31955
protocols.relax.FastRelax: CMD: coord_cst_weight  -1283.14  3.52746  3.52746  0.31955
protocols.relax.FastRelax: CMD: scale:fa_rep  -1077.53  3.52746  3.52746  0.55
core.pack.task: Packer task: initialize from command line() 
core.pack.pack_rotamers: built 6990 rotamers at 492 positions.
core.pack.interaction_graph.interaction_graph_factory: Instantiating DensePDInteractionGraph
protocols.relax.FastRelax: CMD: repack  -1081.18  3.52746  3.52746  0.55
protocols.relax.FastRelax: CMD: min  -1138.13  4.34795  4.34795  0.55
protocols.relax.FastRelax: MRP: 13  -1138.13  -1145.56  4.19828  4.19828  
protocols.relax.FastRelax: CMD: accept_to_best  -1138.13  4.34795  4.34795  0.55
protocols.relax.FastRelax: CMD: endrepeat  -1138.13  4.34795  4.34795  0.55
protocols.relax.FastRelax: CMD: coord_cst_weight  120800  4.34795  4.34795  0.55
protocols.relax.FastRelax: CMD: scale:fa_rep  120472  4.34795  4.34795  0.022
core.pack.task: Packer task: initialize from command line() 
core.pack.pack_rotamers: built 7712 rotamers at 492 positions.
core.pack.interaction_graph.interaction_graph_factory: Instantiating DensePDInteractionGraph
protocols.relax.FastRelax: CMD: repack  120481  4.34795  4.34795  0.022
protocols.relax.FastRelax: CMD: scale:fa_rep  120490  4.34795  4.34795  0.02805
core.optimization.Minimizer: [ WARNING ] LBFGS MAX CYCLES 2000 EXCEEDED, BUT FUNC NOT CONVERGED!
protocols.relax.FastRelax: CMD: min  -1231.08  0.188724  0.188724  0.02805
protocols.relax.FastRelax: CMD: coord_cst_weight  -1308.81  0.188724  0.188724  0.02805
protocols.relax.FastRelax: CMD: scale:fa_rep  -926.719  0.188724  0.188724  0.14575
core.pack.task: Packer task: initialize from command line() 
core.pack.pack_rotamers: built 7333 rotamers at 492 positions.
core.pack.interaction_graph.interaction_graph_factory: Instantiating DensePDInteractionGraph
protocols.relax.FastRelax: CMD: repack  -978.435  0.188724  0.188724  0.14575
protocols.relax.FastRelax: CMD: scale:fa_rep  -954.725  0.188724  0.188724  0.154
protocols.relax.FastRelax: CMD: min  -1170.27  0.235509  0.235509  0.154
protocols.relax.FastRelax: CMD: coord_cst_weight  -1288.82  0.235509  0.235509  0.154
protocols.relax.FastRelax: CMD: scale:fa_rep  -1102.49  0.235509  0.235509  0.30745
core.pack.task: Packer task: initialize from command line() 
core.pack.pack_rotamers: built 7179 rotamers at 492 positions.
core.pack.interaction_graph.interaction_graph_factory: Instantiating DensePDInteractionGraph
protocols.relax.FastRelax: CMD: repack  -1101.32  0.235509  0.235509  0.30745
protocols.relax.FastRelax: CMD: scale:fa_rep  -1086.81  0.235509  0.235509  0.31955
protocols.relax.FastRelax: CMD: min  -1288.69  3.31434  3.31434  0.31955
protocols.relax.FastRelax: CMD: coord_cst_weight  -1288.69  3.31434  3.31434  0.31955
protocols.relax.FastRelax: CMD: scale:fa_rep  -1086.64  3.31434  3.31434  0.55
core.pack.task: Packer task: initialize from command line() 
core.pack.pack_rotamers: built 7018 rotamers at 492 positions.
core.pack.interaction_graph.interaction_graph_factory: Instantiating DensePDInteractionGraph
protocols.relax.FastRelax: CMD: repack  -1089.6  3.31434  3.31434  0.55
protocols.relax.FastRelax: CMD: min  -1139.2  3.55093  3.55093  0.55
protocols.relax.FastRelax: MRP: 14  -1139.2  -1145.56  4.19828  4.19828  
protocols.relax.FastRelax: CMD: accept_to_best  -1139.2  3.55093  3.55093  0.55
protocols.relax.FastRelax: CMD: endrepeat  -1139.2  3.55093  3.55093  0.55
protocols::checkpoint: Deleting checkpoints of FastRelax
protocols.jd2.JobDistributor: target.BL00010001_4_0003 reported success in 14631 seconds
protocols.jd2.PDBJobInputter: PDBJobInputter::pose_from_job
protocols.jd2.PDBJobInputter: filling pose from PDB ../1-modeller/target.BL00010001.pdb
core.import_pose.import_pose: File '../1-modeller/target.BL00010001.pdb' automatically determined to be of type PDB from contents.
core.io.rcsb.ExperimentalTechnique: [ ERROR ] Unrecognized experimental technique string 'THEORETICAL MODEL, MODELLER 10.8 2026/08/10 16:18:02'
protocols.relax.FastRelax: CMD: repeat  4476.34  0  0  0.55
protocols.relax.FastRelax: CMD: coord_cst_weight  4476.34  0  0  0.55
protocols.relax.FastRelax: CMD: scale:fa_rep  806.987  0  0  0.022
core.pack.task: Packer task: initialize from command line() 
core.pack.pack_rotamers: built 8129 rotamers at 492 positions.
core.pack.interaction_graph.interaction_graph_factory: Instantiating DensePDInteractionGraph
protocols.relax.FastRelax: CMD: repack  -880.086  0  0  0.022
protocols.relax.FastRelax: CMD: scale:fa_rep  -842.757  0  0  0.02805
core.optimization.Minimizer: [ WARNING ] LBFGS MAX CYCLES 2000 EXCEEDED, BUT FUNC NOT CONVERGED!
protocols.relax.FastRelax: CMD: min  -1287.17  0.149621  0.149621  0.02805
protocols.relax.FastRelax: CMD: coord_cst_weight  -1334.8  0.149621  0.149621  0.02805
protocols.relax.FastRelax: CMD: scale:fa_rep  -960.404  0.149621  0.149621  0.14575
core.pack.task: Packer task: initialize from command line() 
core.pack.pack_rotamers: built 7435 rotamers at 492 positions.
core.pack.interaction_graph.interaction_graph_factory: Instantiating DensePDInteractionGraph
protocols.relax.FastRelax: CMD: repack  -995.805  0.149621  0.149621  0.14575
protocols.relax.FastRelax: CMD: scale:fa_rep  -973.803  0.149621  0.149621  0.154
core.optimization.Minimizer: [ WARNING ] LBFGS MAX CYCLES 2000 EXCEEDED, BUT FUNC NOT CONVERGED!
protocols.relax.FastRelax: CMD: min  -1153.02  0.204754  0.204754  0.154
protocols.relax.FastRelax: CMD: coord_cst_weight  -1243.87  0.204754  0.204754  0.154
protocols.relax.FastRelax: CMD: scale:fa_rep  -1051.96  0.204754  0.204754  0.30745
core.pack.task: Packer task: initialize from command line() 
core.pack.pack_rotamers: built 7200 rotamers at 492 positions.
core.pack.interaction_graph.interaction_graph_factory: Instantiating DensePDInteractionGraph
protocols.relax.FastRelax: CMD: repack  -1049.67  0.204754  0.204754  0.30745
protocols.relax.FastRelax: CMD: scale:fa_rep  -1034.74  0.204754  0.204754  0.31955
protocols.relax.FastRelax: CMD: min  -1240.51  3.17116  3.17116  0.31955
protocols.relax.FastRelax: CMD: coord_cst_weight  -1240.51  3.17116  3.17116  0.31955
protocols.relax.FastRelax: CMD: scale:fa_rep  -1030.51  3.17116  3.17116  0.55
core.pack.task: Packer task: initialize from command line() 
core.pack.pack_rotamers: built 7093 rotamers at 492 positions.
core.pack.interaction_graph.interaction_graph_factory: Instantiating DensePDInteractionGraph
protocols.relax.FastRelax: CMD: repack  -1040.67  3.17116  3.17116  0.55
protocols.relax.FastRelax: CMD: min  -1104.29  3.15807  3.15807  0.55
protocols.relax.FastRelax: MRP: 0  -1104.29  -1104.29  3.15807  3.15807  
protocols.relax.FastRelax: CMD: accept_to_best  -1104.29  3.15807  3.15807  0.55
protocols.relax.FastRelax: CMD: endrepeat  -1104.29  3.15807  3.15807  0.55
protocols.relax.FastRelax: CMD: coord_cst_weight  64170.2  3.15807  3.15807  0.55
protocols.relax.FastRelax: CMD: scale:fa_rep  63836.8  3.15807  3.15807  0.022
core.pack.task: Packer task: initialize from command line() 
core.pack.pack_rotamers: built 7854 rotamers at 492 positions.
core.pack.interaction_graph.interaction_graph_factory: Instantiating DensePDInteractionGraph
protocols.relax.FastRelax: CMD: repack  63811.4  3.15807  3.15807  0.022
protocols.relax.FastRelax: CMD: scale:fa_rep  63818.8  3.15807  3.15807  0.02805
core.optimization.Minimizer: [ WARNING ] LBFGS MAX CYCLES 2000 EXCEEDED, BUT FUNC NOT CONVERGED!
protocols.relax.FastRelax: CMD: min  -1265.35  0.173219  0.173219  0.02805
protocols.relax.FastRelax: CMD: coord_cst_weight  -1331.49  0.173219  0.173219  0.02805
protocols.relax.FastRelax: CMD: scale:fa_rep  -992.117  0.173219  0.173219  0.14575
core.pack.task: Packer task: initialize from command line() 
core.pack.pack_rotamers: built 7386 rotamers at 492 positions.
core.pack.interaction_graph.interaction_graph_factory: Instantiating DensePDInteractionGraph
protocols.relax.FastRelax: CMD: repack  -1028.78  0.173219  0.173219  0.14575
protocols.relax.FastRelax: CMD: scale:fa_rep  -1007.88  0.173219  0.173219  0.154
protocols.relax.FastRelax: CMD: min  -1177.14  0.21355  0.21355  0.154
protocols.relax.FastRelax: CMD: coord_cst_weight  -1278.69  0.21355  0.21355  0.154
protocols.relax.FastRelax: CMD: scale:fa_rep  -1096.53  0.21355  0.21355  0.30745
core.pack.task: Packer task: initialize from command line() 
core.pack.pack_rotamers: built 7175 rotamers at 492 positions.
core.pack.interaction_graph.interaction_graph_factory: Instantiating DensePDInteractionGraph
protocols.relax.FastRelax: CMD: repack  -1097.52  0.21355  0.21355  0.30745
protocols.relax.FastRelax: CMD: scale:fa_rep  -1083.4  0.21355  0.21355  0.31955
protocols.relax.FastRelax: CMD: min  -1274.88  3.53642  3.53642  0.31955
protocols.relax.FastRelax: CMD: coord_cst_weight  -1274.88  3.53642  3.53642  0.31955
protocols.relax.FastRelax: CMD: scale:fa_rep  -1066.44  3.53642  3.53642  0.55
core.pack.task: Packer task: initialize from command line() 
core.pack.pack_rotamers: built 7027 rotamers at 492 positions.
core.pack.interaction_graph.interaction_graph_factory: Instantiating DensePDInteractionGraph
protocols.relax.FastRelax: CMD: repack  -1069.64  3.53642  3.53642  0.55
protocols.relax.FastRelax: CMD: min  -1130.94  3.13631  3.13631  0.55
protocols.relax.FastRelax: MRP: 1  -1130.94  -1130.94  3.13631  3.13631  
protocols.relax.FastRelax: CMD: accept_to_best  -1130.94  3.13631  3.13631  0.55
protocols.relax.FastRelax: CMD: endrepeat  -1130.94  3.13631  3.13631  0.55
protocols.relax.FastRelax: CMD: coord_cst_weight  142104  3.13631  3.13631  0.55
protocols.relax.FastRelax: CMD: scale:fa_rep  141770  3.13631  3.13631  0.022
core.pack.task: Packer task: initialize from command line() 
core.pack.pack_rotamers: built 7824 rotamers at 492 positions.
core.pack.interaction_graph.interaction_graph_factory: Instantiating DensePDInteractionGraph
protocols.relax.FastRelax: CMD: repack  141760  3.13631  3.13631  0.022
protocols.relax.FastRelax: CMD: scale:fa_rep  141775  3.13631  3.13631  0.02805
core.optimization.Minimizer: [ WARNING ] LBFGS MAX CYCLES 2000 EXCEEDED, BUT FUNC NOT CONVERGED!
protocols.relax.FastRelax: CMD: min  -1273.1  0.173843  0.173843  0.02805
protocols.relax.FastRelax: CMD: coord_cst_weight  -1339.9  0.173843  0.173843  0.02805
protocols.relax.FastRelax: CMD: scale:fa_rep  -997.275  0.173843  0.173843  0.14575
core.pack.task: Packer task: initialize from command line() 
core.pack.pack_rotamers: built 7394 rotamers at 492 positions.
core.pack.interaction_graph.interaction_graph_factory: Instantiating DensePDInteractionGraph
protocols.relax.FastRelax: CMD: repack  -1038.65  0.173843  0.173843  0.14575
protocols.relax.FastRelax: CMD: scale:fa_rep  -1017.95  0.173843  0.173843  0.154
protocols.relax.FastRelax: CMD: min  -1184.66  0.219215  0.219215  0.154
protocols.relax.FastRelax: CMD: coord_cst_weight  -1290.46  0.219215  0.219215  0.154
protocols.relax.FastRelax: CMD: scale:fa_rep  -1103.07  0.219215  0.219215  0.30745
core.pack.task: Packer task: initialize from command line() 
core.pack.pack_rotamers: built 7200 rotamers at 492 positions.
core.pack.interaction_graph.interaction_graph_factory: Instantiating DensePDInteractionGraph
protocols.relax.FastRelax: CMD: repack  -1103.95  0.219215  0.219215  0.30745
protocols.relax.FastRelax: CMD: scale:fa_rep  -1089.27  0.219215  0.219215  0.31955
protocols.relax.FastRelax: CMD: min  -1282.49  2.9714  2.9714  0.31955
protocols.relax.FastRelax: CMD: coord_cst_weight  -1282.49  2.9714  2.9714  0.31955
protocols.relax.FastRelax: CMD: scale:fa_rep  -1078.23  2.9714  2.9714  0.55
core.pack.task: Packer task: initialize from command line() 
core.pack.pack_rotamers: built 7070 rotamers at 492 positions.
core.pack.interaction_graph.interaction_graph_factory: Instantiating DensePDInteractionGraph
protocols.relax.FastRelax: CMD: repack  -1086.62  2.9714  2.9714  0.55
protocols.relax.FastRelax: CMD: min  -1149.63  3.08878  3.08878  0.55
protocols.relax.FastRelax: MRP: 2  -1149.63  -1149.63  3.08878  3.08878  
protocols.relax.FastRelax: CMD: accept_to_best  -1149.63  3.08878  3.08878  0.55
protocols.relax.FastRelax: CMD: endrepeat  -1149.63  3.08878  3.08878  0.55
protocols.relax.FastRelax: CMD: coord_cst_weight  73188.2  3.08878  3.08878  0.55
protocols.relax.FastRelax: CMD: scale:fa_rep  72860.7  3.08878  3.08878  0.022
core.pack.task: Packer task: initialize from command line() 
core.pack.pack_rotamers: built 7832 rotamers at 492 positions.
core.pack.interaction_graph.interaction_graph_factory: Instantiating DensePDInteractionGraph
protocols.relax.FastRelax: CMD: repack  72859.9  3.08878  3.08878  0.022
protocols.relax.FastRelax: CMD: scale:fa_rep  72872.3  3.08878  3.08878  0.02805
core.optimization.Minimizer: [ WARNING ] LBFGS MAX CYCLES 2000 EXCEEDED, BUT FUNC NOT CONVERGED!
protocols.relax.FastRelax: CMD: min  -1240.63  0.180433  0.180433  0.02805
protocols.relax.FastRelax: CMD: coord_cst_weight  -1312.72  0.180433  0.180433  0.02805
protocols.relax.FastRelax: CMD: scale:fa_rep  -854.586  0.180433  0.180433  0.14575
core.pack.task: Packer task: initialize from command line() 
core.pack.pack_rotamers: built 7412 rotamers at 492 positions.
core.pack.interaction_graph.interaction_graph_factory: Instantiating DensePDInteractionGraph
protocols.relax.FastRelax: CMD: repack  -1029.09  0.180433  0.180433  0.14575
protocols.relax.FastRelax: CMD: scale:fa_rep  -1008.7  0.180433  0.180433  0.154
protocols.relax.FastRelax: CMD: min  -1180.17  0.21992  0.21992  0.154
protocols.relax.FastRelax: CMD: coord_cst_weight  -1287.3  0.21992  0.21992  0.154
protocols.relax.FastRelax: CMD: scale:fa_rep  -1103.93  0.21992  0.21992  0.30745
core.pack.task: Packer task: initialize from command line() 
core.pack.pack_rotamers: built 7187 rotamers at 492 positions.
core.pack.interaction_graph.interaction_graph_factory: Instantiating DensePDInteractionGraph
protocols.relax.FastRelax: CMD: repack  -1104.89  0.21992  0.21992  0.30745
protocols.relax.FastRelax: CMD: scale:fa_rep  -1090.56  0.21992  0.21992  0.31955
protocols.relax.FastRelax: CMD: min  -1284.24  2.59618  2.59618  0.31955
protocols.relax.FastRelax: CMD: coord_cst_weight  -1284.24  2.59618  2.59618  0.31955
protocols.relax.FastRelax: CMD: scale:fa_rep  -1082.62  2.59618  2.59618  0.55
core.pack.task: Packer task: initialize from command line() 
core.pack.pack_rotamers: built 7066 rotamers at 492 positions.
core.pack.interaction_graph.interaction_graph_factory: Instantiating DensePDInteractionGraph
protocols.relax.FastRelax: CMD: repack  -1088.86  2.59618  2.59618  0.55
protocols.relax.FastRelax: CMD: min  -1148.07  2.61158  2.61158  0.55
protocols.relax.FastRelax: MRP: 3  -1148.07  -1149.63  3.08878  3.08878  
protocols.relax.FastRelax: CMD: accept_to_best  -1148.07  2.61158  2.61158  0.55
protocols.relax.FastRelax: CMD: endrepeat  -1148.07  2.61158  2.61158  0.55
protocols.relax.FastRelax: CMD: coord_cst_weight  53534.3  2.61158  2.61158  0.55
protocols.relax.FastRelax: CMD: scale:fa_rep  53210.1  2.61158  2.61158  0.022
core.pack.task: Packer task: initialize from command line() 
core.pack.pack_rotamers: built 7859 rotamers at 492 positions.
core.pack.interaction_graph.interaction_graph_factory: Instantiating DensePDInteractionGraph
protocols.relax.FastRelax: CMD: repack  53195.9  2.61158  2.61158  0.022
protocols.relax.FastRelax: CMD: scale:fa_rep  53205  2.61158  2.61158  0.02805
core.optimization.Minimizer: [ WARNING ] LBFGS MAX CYCLES 2000 EXCEEDED, BUT FUNC NOT CONVERGED!
protocols.relax.FastRelax: CMD: min  -1248.67  0.189037  0.189037  0.02805
protocols.relax.FastRelax: CMD: coord_cst_weight  -1323.11  0.189037  0.189037  0.02805
protocols.relax.FastRelax: CMD: scale:fa_rep  -945.533  0.189037  0.189037  0.14575
core.pack.task: Packer task: initialize from command line() 
core.pack.pack_rotamers: built 7360 rotamers at 492 positions.
core.pack.interaction_graph.interaction_graph_factory: Instantiating DensePDInteractionGraph
protocols.relax.FastRelax: CMD: repack  -1012.13  0.189037  0.189037  0.14575
protocols.relax.FastRelax: CMD: scale:fa_rep  -990.441  0.189037  0.189037  0.154
protocols.relax.FastRelax: CMD: min  -1171.65  0.232206  0.232206  0.154
protocols.relax.FastRelax: CMD: coord_cst_weight  -1287.06  0.232206  0.232206  0.154
protocols.relax.FastRelax: CMD: scale:fa_rep  -1105.05  0.232206  0.232206  0.30745
core.pack.task: Packer task: initialize from command line() 
core.pack.pack_rotamers: built 7153 rotamers at 492 positions.
core.pack.interaction_graph.interaction_graph_factory: Instantiating DensePDInteractionGraph
protocols.relax.FastRelax: CMD: repack  -1105.18  0.232206  0.232206  0.30745
protocols.relax.FastRelax: CMD: scale:fa_rep  -1090.93  0.232206  0.232206  0.31955
protocols.relax.FastRelax: CMD: min  -1292.05  3.0801  3.0801  0.31955
protocols.relax.FastRelax: CMD: coord_cst_weight  -1292.05  3.0801  3.0801  0.31955
protocols.relax.FastRelax: CMD: scale:fa_rep  -1088.9  3.0801  3.0801  0.55
core.pack.task: Packer task: initialize from command line() 
core.pack.pack_rotamers: built 7072 rotamers at 492 positions.
core.pack.interaction_graph.interaction_graph_factory: Instantiating DensePDInteractionGraph
protocols.relax.FastRelax: CMD: repack  -1070.19  3.0801  3.0801  0.55
protocols.relax.FastRelax: CMD: min  -1153.25  3.10267  3.10267  0.55
protocols.relax.FastRelax: MRP: 4  -1153.25  -1153.25  3.10267  3.10267  
protocols.relax.FastRelax: CMD: accept_to_best  -1153.25  3.10267  3.10267  0.55
protocols.relax.FastRelax: CMD: endrepeat  -1153.25  3.10267  3.10267  0.55
protocols.relax.FastRelax: CMD: coord_cst_weight  112188  3.10267  3.10267  0.55
protocols.relax.FastRelax: CMD: scale:fa_rep  111863  3.10267  3.10267  0.022
core.pack.task: Packer task: initialize from command line() 
core.pack.pack_rotamers: built 7807 rotamers at 492 positions.
core.pack.interaction_graph.interaction_graph_factory: Instantiating DensePDInteractionGraph
protocols.relax.FastRelax: CMD: repack  111862  3.10267  3.10267  0.022
protocols.relax.FastRelax: CMD: scale:fa_rep  111873  3.10267  3.10267  0.02805
core.optimization.Minimizer: [ WARNING ] LBFGS MAX CYCLES 2000 EXCEEDED, BUT FUNC NOT CONVERGED!
protocols.relax.FastRelax: CMD: min  -1225.84  0.190672  0.190672  0.02805
protocols.relax.FastRelax: CMD: coord_cst_weight  -1305.03  0.190672  0.190672  0.02805
protocols.relax.FastRelax: CMD: scale:fa_rep  -912.429  0.190672  0.190672  0.14575
core.pack.task: Packer task: initialize from command line() 
core.pack.pack_rotamers: built 7404 rotamers at 492 positions.
core.pack.interaction_graph.interaction_graph_factory: Instantiating DensePDInteractionGraph
protocols.relax.FastRelax: CMD: repack  -1008.51  0.190672  0.190672  0.14575
protocols.relax.FastRelax: CMD: scale:fa_rep  -986.637  0.190672  0.190672  0.154
protocols.relax.FastRelax: CMD: min  -1186.54  0.225981  0.225981  0.154
protocols.relax.FastRelax: CMD: coord_cst_weight  -1297.2  0.225981  0.225981  0.154
protocols.relax.FastRelax: CMD: scale:fa_rep  -1112.66  0.225981  0.225981  0.30745
core.pack.task: Packer task: initialize from command line() 
core.pack.pack_rotamers: built 7163 rotamers at 492 positions.
core.pack.interaction_graph.interaction_graph_factory: Instantiating DensePDInteractionGraph
protocols.relax.FastRelax: CMD: repack  -1113.85  0.225981  0.225981  0.30745
protocols.relax.FastRelax: CMD: scale:fa_rep  -1099.41  0.225981  0.225981  0.31955
protocols.relax.FastRelax: CMD: min  -1302.1  2.35598  2.35598  0.31955
protocols.relax.FastRelax: CMD: coord_cst_weight  -1302.1  2.35598  2.35598  0.31955
protocols.relax.FastRelax: CMD: scale:fa_rep  -1096  2.35598  2.35598  0.55
core.pack.task: Packer task: initialize from command line() 
core.pack.pack_rotamers: built 6952 rotamers at 492 positions.
core.pack.interaction_graph.interaction_graph_factory: Instantiating DensePDInteractionGraph
protocols.relax.FastRelax: CMD: repack  -1107.55  2.35598  2.35598  0.55
protocols.relax.FastRelax: CMD: min  -1170.27  3.09307  3.09307  0.55
protocols.relax.FastRelax: MRP: 5  -1170.27  -1170.27  3.09307  3.09307  
protocols.relax.FastRelax: CMD: accept_to_best  -1170.27  3.09307  3.09307  0.55
protocols.relax.FastRelax: CMD: endrepeat  -1170.27  3.09307  3.09307  0.55
protocols.relax.FastRelax: CMD: coord_cst_weight  57114.5  3.09307  3.09307  0.55
protocols.relax.FastRelax: CMD: scale:fa_rep  56787.3  3.09307  3.09307  0.022
core.pack.task: Packer task: initialize from command line() 
core.pack.pack_rotamers: built 7752 rotamers at 492 positions.
core.pack.interaction_graph.interaction_graph_factory: Instantiating DensePDInteractionGraph
protocols.relax.FastRelax: CMD: repack  56772.5  3.09307  3.09307  0.022
protocols.relax.FastRelax: CMD: scale:fa_rep  56779.1  3.09307  3.09307  0.02805
core.optimization.Minimizer: [ WARNING ] LBFGS MAX CYCLES 2000 EXCEEDED, BUT FUNC NOT CONVERGED!
protocols.relax.FastRelax: CMD: min  -1264.8  0.189015  0.189015  0.02805
protocols.relax.FastRelax: CMD: coord_cst_weight  -1341.31  0.189015  0.189015  0.02805
protocols.relax.FastRelax: CMD: scale:fa_rep  -992.702  0.189015  0.189015  0.14575
core.pack.task: Packer task: initialize from command line() 
core.pack.pack_rotamers: built 7346 rotamers at 492 positions.
core.pack.interaction_graph.interaction_graph_factory: Instantiating DensePDInteractionGraph
protocols.relax.FastRelax: CMD: repack  -1024.74  0.189015  0.189015  0.14575
protocols.relax.FastRelax: CMD: scale:fa_rep  -1002.66  0.189015  0.189015  0.154
protocols.relax.FastRelax: CMD: min  -1180.74  0.234739  0.234739  0.154
protocols.relax.FastRelax: CMD: coord_cst_weight  -1298.49  0.234739  0.234739  0.154
protocols.relax.FastRelax: CMD: scale:fa_rep  -1113.01  0.234739  0.234739  0.30745
core.pack.task: Packer task: initialize from command line() 
core.pack.pack_rotamers: built 7147 rotamers at 492 positions.
core.pack.interaction_graph.interaction_graph_factory: Instantiating DensePDInteractionGraph
protocols.relax.FastRelax: CMD: repack  -1112.53  0.234739  0.234739  0.30745
protocols.relax.FastRelax: CMD: scale:fa_rep  -1098.12  0.234739  0.234739  0.31955
protocols.relax.FastRelax: CMD: min  -1323.93  2.44862  2.44862  0.31955
protocols.relax.FastRelax: CMD: coord_cst_weight  -1323.93  2.44862  2.44862  0.31955
protocols.relax.FastRelax: CMD: scale:fa_rep  -1120.03  2.44862  2.44862  0.55
core.pack.task: Packer task: initialize from command line() 
core.pack.pack_rotamers: built 6918 rotamers at 492 positions.
core.pack.interaction_graph.interaction_graph_factory: Instantiating DensePDInteractionGraph
protocols.relax.FastRelax: CMD: repack  -1126.57  2.44862  2.44862  0.55
protocols.relax.FastRelax: CMD: min  -1179.02  2.74241  2.74241  0.55
protocols.relax.FastRelax: MRP: 6  -1179.02  -1179.02  2.74241  2.74241  
protocols.relax.FastRelax: CMD: accept_to_best  -1179.02  2.74241  2.74241  0.55
protocols.relax.FastRelax: CMD: endrepeat  -1179.02  2.74241  2.74241  0.55
protocols.relax.FastRelax: CMD: coord_cst_weight  34631.5  2.74241  2.74241  0.55
protocols.relax.FastRelax: CMD: scale:fa_rep  34304.1  2.74241  2.74241  0.022
core.pack.task: Packer task: initialize from command line() 
core.pack.pack_rotamers: built 7721 rotamers at 492 positions.
core.pack.interaction_graph.interaction_graph_factory: Instantiating DensePDInteractionGraph
protocols.relax.FastRelax: CMD: repack  34285.5  2.74241  2.74241  0.022
protocols.relax.FastRelax: CMD: scale:fa_rep  34292.4  2.74241  2.74241  0.02805
core.optimization.Minimizer: [ WARNING ] LBFGS MAX CYCLES 2000 EXCEEDED, BUT FUNC NOT CONVERGED!
protocols.relax.FastRelax: CMD: min  -1266.68  0.192452  0.192452  0.02805
protocols.relax.FastRelax: CMD: coord_cst_weight  -1344.83  0.192452  0.192452  0.02805
protocols.relax.FastRelax: CMD: scale:fa_rep  -980.144  0.192452  0.192452  0.14575
core.pack.task: Packer task: initialize from command line() 
core.pack.pack_rotamers: built 7341 rotamers at 492 positions.
core.pack.interaction_graph.interaction_graph_factory: Instantiating DensePDInteractionGraph
protocols.relax.FastRelax: CMD: repack  -1018.42  0.192452  0.192452  0.14575
protocols.relax.FastRelax: CMD: scale:fa_rep  -996.129  0.192452  0.192452  0.154
protocols.relax.FastRelax: CMD: min  -1191.54  0.228818  0.228818  0.154
protocols.relax.FastRelax: CMD: coord_cst_weight  -1305.65  0.228818  0.228818  0.154
protocols.relax.FastRelax: CMD: scale:fa_rep  -1122.73  0.228818  0.228818  0.30745
core.pack.task: Packer task: initialize from command line() 
core.pack.pack_rotamers: built 7103 rotamers at 492 positions.
core.pack.interaction_graph.interaction_graph_factory: Instantiating DensePDInteractionGraph
protocols.relax.FastRelax: CMD: repack  -1123.59  0.228818  0.228818  0.30745
protocols.relax.FastRelax: CMD: scale:fa_rep  -1109.24  0.228818  0.228818  0.31955
protocols.relax.FastRelax: CMD: min  -1320.13  3.16252  3.16252  0.31955
protocols.relax.FastRelax: CMD: coord_cst_weight  -1320.13  3.16252  3.16252  0.31955
protocols.relax.FastRelax: CMD: scale:fa_rep  -1115.55  3.16252  3.16252  0.55
core.pack.task: Packer task: initialize from command line() 
core.pack.pack_rotamers: built 6910 rotamers at 492 positions.
core.pack.interaction_graph.interaction_graph_factory: Instantiating DensePDInteractionGraph
protocols.relax.FastRelax: CMD: repack  -1120.7  3.16252  3.16252  0.55
protocols.relax.FastRelax: CMD: min  -1177.7  3.45245  3.45245  0.55
protocols.relax.FastRelax: MRP: 7  -1177.7  -1179.02  2.74241  2.74241  
protocols.relax.FastRelax: CMD: accept_to_best  -1177.7  3.45245  3.45245  0.55
protocols.relax.FastRelax: CMD: endrepeat  -1177.7  3.45245  3.45245  0.55
protocols.relax.FastRelax: CMD: coord_cst_weight  64937.1  3.45245  3.45245  0.55
protocols.relax.FastRelax: CMD: scale:fa_rep  64611.4  3.45245  3.45245  0.022
core.pack.task: Packer task: initialize from command line() 
core.pack.pack_rotamers: built 7688 rotamers at 492 positions.
core.pack.interaction_graph.interaction_graph_factory: Instantiating DensePDInteractionGraph
protocols.relax.FastRelax: CMD: repack  64599  3.45245  3.45245  0.022
protocols.relax.FastRelax: CMD: scale:fa_rep  64606.8  3.45245  3.45245  0.02805
core.optimization.Minimizer: [ WARNING ] LBFGS MAX CYCLES 2000 EXCEEDED, BUT FUNC NOT CONVERGED!
protocols.relax.FastRelax: CMD: min  -1236.05  0.190494  0.190494  0.02805
protocols.relax.FastRelax: CMD: coord_cst_weight  -1315.44  0.190494  0.190494  0.02805
protocols.relax.FastRelax: CMD: scale:fa_rep  -873.287  0.190494  0.190494  0.14575
core.pack.task: Packer task: initialize from command line() 
core.pack.pack_rotamers: built 7312 rotamers at 492 positions.
core.pack.interaction_graph.interaction_graph_factory: Instantiating DensePDInteractionGraph
protocols.relax.FastRelax: CMD: repack  -1044.99  0.190494  0.190494  0.14575
protocols.relax.FastRelax: CMD: scale:fa_rep  -1024.45  0.190494  0.190494  0.154
protocols.relax.FastRelax: CMD: min  -1194.35  0.226425  0.226425  0.154
protocols.relax.FastRelax: CMD: coord_cst_weight  -1306.82  0.226425  0.226425  0.154
protocols.relax.FastRelax: CMD: scale:fa_rep  -1124.67  0.226425  0.226425  0.30745
core.pack.task: Packer task: initialize from command line() 
core.pack.pack_rotamers: built 7125 rotamers at 492 positions.
core.pack.interaction_graph.interaction_graph_factory: Instantiating DensePDInteractionGraph
protocols.relax.FastRelax: CMD: repack  -1125.84  0.226425  0.226425  0.30745
protocols.relax.FastRelax: CMD: scale:fa_rep  -1111.59  0.226425  0.226425  0.31955
protocols.relax.FastRelax: CMD: min  -1325.67  3.46208  3.46208  0.31955
protocols.relax.FastRelax: CMD: coord_cst_weight  -1325.67  3.46208  3.46208  0.31955
protocols.relax.FastRelax: CMD: scale:fa_rep  -1121.95  3.46208  3.46208  0.55
core.pack.task: Packer task: initialize from command line() 
core.pack.pack_rotamers: built 6950 rotamers at 492 positions.
core.pack.interaction_graph.interaction_graph_factory: Instantiating DensePDInteractionGraph
protocols.relax.FastRelax: CMD: repack  -1127.21  3.46208  3.46208  0.55
protocols.relax.FastRelax: CMD: min  -1184.73  3.85199  3.85199  0.55
protocols.relax.FastRelax: MRP: 8  -1184.73  -1184.73  3.85199  3.85199  
protocols.relax.FastRelax: CMD: accept_to_best  -1184.73  3.85199  3.85199  0.55
protocols.relax.FastRelax: CMD: endrepeat  -1184.73  3.85199  3.85199  0.55
protocols.relax.FastRelax: CMD: coord_cst_weight  71901.8  3.85199  3.85199  0.55
protocols.relax.FastRelax: CMD: scale:fa_rep  71574.2  3.85199  3.85199  0.022
core.pack.task: Packer task: initialize from command line() 
core.pack.pack_rotamers: built 7691 rotamers at 492 positions.
core.pack.interaction_graph.interaction_graph_factory: Instantiating DensePDInteractionGraph
protocols.relax.FastRelax: CMD: repack  71566  3.85199  3.85199  0.022
protocols.relax.FastRelax: CMD: scale:fa_rep  71573.3  3.85199  3.85199  0.02805
core.optimization.Minimizer: [ WARNING ] LBFGS MAX CYCLES 2000 EXCEEDED, BUT FUNC NOT CONVERGED!
protocols.relax.FastRelax: CMD: min  -1259.16  0.185726  0.185726  0.02805
protocols.relax.FastRelax: CMD: coord_cst_weight  -1336.11  0.185726  0.185726  0.02805
protocols.relax.FastRelax: CMD: scale:fa_rep  -980.476  0.185726  0.185726  0.14575
core.pack.task: Packer task: initialize from command line() 
core.pack.pack_rotamers: built 7338 rotamers at 492 positions.
core.pack.interaction_graph.interaction_graph_factory: Instantiating DensePDInteractionGraph
protocols.relax.FastRelax: CMD: repack  -1033.9  0.185726  0.185726  0.14575
protocols.relax.FastRelax: CMD: scale:fa_rep  -1012.43  0.185726  0.185726  0.154
protocols.relax.FastRelax: CMD: min  -1190.39  0.228015  0.228015  0.154
protocols.relax.FastRelax: CMD: coord_cst_weight  -1305.28  0.228015  0.228015  0.154
protocols.relax.FastRelax: CMD: scale:fa_rep  -1123.43  0.228015  0.228015  0.30745
core.pack.task: Packer task: initialize from command line() 
core.pack.pack_rotamers: built 7130 rotamers at 492 positions.
core.pack.interaction_graph.interaction_graph_factory: Instantiating DensePDInteractionGraph
protocols.relax.FastRelax: CMD: repack  -1124.78  0.228015  0.228015  0.30745
protocols.relax.FastRelax: CMD: scale:fa_rep  -1110.57  0.228015  0.228015  0.31955
protocols.relax.FastRelax: CMD: min  -1332.6  3.17316  3.17316  0.31955
protocols.relax.FastRelax: CMD: coord_cst_weight  -1332.6  3.17316  3.17316  0.31955
protocols.relax.FastRelax: CMD: scale:fa_rep  -1127.07  3.17316  3.17316  0.55
core.pack.task: Packer task: initialize from command line() 
core.pack.pack_rotamers: built 6906 rotamers at 492 positions.
core.pack.interaction_graph.interaction_graph_factory: Instantiating DensePDInteractionGraph
protocols.relax.FastRelax: CMD: repack  -1134.9  3.17316  3.17316  0.55
protocols.relax.FastRelax: CMD: min  -1188.99  3.3178  3.3178  0.55
protocols.relax.FastRelax: MRP: 9  -1188.99  -1188.99  3.3178  3.3178  
protocols.relax.FastRelax: CMD: accept_to_best  -1188.99  3.3178  3.3178  0.55
protocols.relax.FastRelax: CMD: endrepeat  -1188.99  3.3178  3.3178  0.55
protocols.relax.FastRelax: CMD: coord_cst_weight  56858.4  3.3178  3.3178  0.55
protocols.relax.FastRelax: CMD: scale:fa_rep  56533.8  3.3178  3.3178  0.022
core.pack.task: Packer task: initialize from command line() 
core.pack.pack_rotamers: built 7718 rotamers at 492 positions.
core.pack.interaction_graph.interaction_graph_factory: Instantiating DensePDInteractionGraph
protocols.relax.FastRelax: CMD: repack  56523.6  3.3178  3.3178  0.022
protocols.relax.FastRelax: CMD: scale:fa_rep  56532.2  3.3178  3.3178  0.02805
core.optimization.Minimizer: [ WARNING ] LBFGS MAX CYCLES 2000 EXCEEDED, BUT FUNC NOT CONVERGED!
protocols.relax.FastRelax: CMD: min  -1269.18  0.188415  0.188415  0.02805
protocols.relax.FastRelax: CMD: coord_cst_weight  -1346.21  0.188415  0.188415  0.02805
protocols.relax.FastRelax: CMD: scale:fa_rep  -981.497  0.188415  0.188415  0.14575
core.pack.task: Packer task: initialize from command line() 
core.pack.pack_rotamers: built 7362 rotamers at 492 positions.
core.pack.interaction_graph.interaction_graph_factory: Instantiating DensePDInteractionGraph
protocols.relax.FastRelax: CMD: repack  -1013.72  0.188415  0.188415  0.14575
protocols.relax.FastRelax: CMD: scale:fa_rep  -991.216  0.188415  0.188415  0.154
protocols.relax.FastRelax: CMD: min  -1185.81  0.230467  0.230467  0.154
protocols.relax.FastRelax: CMD: coord_cst_weight  -1302.21  0.230467  0.230467  0.154
protocols.relax.FastRelax: CMD: scale:fa_rep  -1120.42  0.230467  0.230467  0.30745
core.pack.task: Packer task: initialize from command line() 
core.pack.pack_rotamers: built 7135 rotamers at 492 positions.
core.pack.interaction_graph.interaction_graph_factory: Instantiating DensePDInteractionGraph
protocols.relax.FastRelax: CMD: repack  -1120.92  0.230467  0.230467  0.30745
protocols.relax.FastRelax: CMD: scale:fa_rep  -1106.64  0.230467  0.230467  0.31955
protocols.relax.FastRelax: CMD: min  -1280.75  3.45117  3.45117  0.31955
protocols.relax.FastRelax: CMD: coord_cst_weight  -1280.75  3.45117  3.45117  0.31955
protocols.relax.FastRelax: CMD: scale:fa_rep  -1053.48  3.45117  3.45117  0.55
core.pack.task: Packer task: initialize from command line() 
core.pack.pack_rotamers: built 6927 rotamers at 492 positions.
core.pack.interaction_graph.interaction_graph_factory: Instantiating DensePDInteractionGraph
protocols.relax.FastRelax: CMD: repack  -1113.86  3.45117  3.45117  0.55
protocols.relax.FastRelax: CMD: min  -1176.16  3.22876  3.22876  0.55
protocols.relax.FastRelax: MRP: 10  -1176.16  -1188.99  3.3178  3.3178  
protocols.relax.FastRelax: CMD: accept_to_best  -1176.16  3.22876  3.22876  0.55
protocols.relax.FastRelax: CMD: endrepeat  -1176.16  3.22876  3.22876  0.55
protocols.relax.FastRelax: CMD: coord_cst_weight  47566.9  3.22876  3.22876  0.55
protocols.relax.FastRelax: CMD: scale:fa_rep  47241.9  3.22876  3.22876  0.022
core.pack.task: Packer task: initialize from command line() 
core.pack.pack_rotamers: built 7739 rotamers at 492 positions.
core.pack.interaction_graph.interaction_graph_factory: Instantiating DensePDInteractionGraph
protocols.relax.FastRelax: CMD: repack  47218.9  3.22876  3.22876  0.022
protocols.relax.FastRelax: CMD: scale:fa_rep  47226.7  3.22876  3.22876  0.02805
core.optimization.Minimizer: [ WARNING ] LBFGS MAX CYCLES 2000 EXCEEDED, BUT FUNC NOT CONVERGED!
protocols.relax.FastRelax: CMD: min  -1268.11  0.186482  0.186482  0.02805
protocols.relax.FastRelax: CMD: coord_cst_weight  -1344.52  0.186482  0.186482  0.02805
protocols.relax.FastRelax: CMD: scale:fa_rep  -979.678  0.186482  0.186482  0.14575
core.pack.task: Packer task: initialize from command line() 
core.pack.pack_rotamers: built 7329 rotamers at 492 positions.
core.pack.interaction_graph.interaction_graph_factory: Instantiating DensePDInteractionGraph
protocols.relax.FastRelax: CMD: repack  -1022.7  0.186482  0.186482  0.14575
protocols.relax.FastRelax: CMD: scale:fa_rep  -1000.39  0.186482  0.186482  0.154
protocols.relax.FastRelax: CMD: min  -1184.65  0.233926  0.233926  0.154
protocols.relax.FastRelax: CMD: coord_cst_weight  -1303.53  0.233926  0.233926  0.154
protocols.relax.FastRelax: CMD: scale:fa_rep  -1117.86  0.233926  0.233926  0.30745
core.pack.task: Packer task: initialize from command line() 
core.pack.pack_rotamers: built 7148 rotamers at 492 positions.
core.pack.interaction_graph.interaction_graph_factory: Instantiating DensePDInteractionGraph
protocols.relax.FastRelax: CMD: repack  -1117.7  0.233926  0.233926  0.30745
protocols.relax.FastRelax: CMD: scale:fa_rep  -1103.17  0.233926  0.233926  0.31955
protocols.relax.FastRelax: CMD: min  -1262.16  3.00164  3.00164  0.31955
protocols.relax.FastRelax: CMD: coord_cst_weight  -1262.16  3.00164  3.00164  0.31955
protocols.relax.FastRelax: CMD: scale:fa_rep  -1019.06  3.00164  3.00164  0.55
core.pack.task: Packer task: initialize from command line() 
core.pack.pack_rotamers: built 6947 rotamers at 492 positions.
core.pack.interaction_graph.interaction_graph_factory: Instantiating DensePDInteractionGraph
protocols.relax.FastRelax: CMD: repack  -1111.64  3.00164  3.00164  0.55
protocols.relax.FastRelax: CMD: min  -1172.92  3.24407  3.24407  0.55
protocols.relax.FastRelax: MRP: 11  -1172.92  -1188.99  3.3178  3.3178  
protocols.relax.FastRelax: CMD: accept_to_best  -1172.92  3.24407  3.24407  0.55
protocols.relax.FastRelax: CMD: endrepeat  -1172.92  3.24407  3.24407  0.55
protocols.relax.FastRelax: CMD: coord_cst_weight  43159.6  3.24407  3.24407  0.55
protocols.relax.FastRelax: CMD: scale:fa_rep  42830.5  3.24407  3.24407  0.022
core.pack.task: Packer task: initialize from command line() 
core.pack.pack_rotamers: built 7722 rotamers at 492 positions.
core.pack.interaction_graph.interaction_graph_factory: Instantiating DensePDInteractionGraph
protocols.relax.FastRelax: CMD: repack  42808.9  3.24407  3.24407  0.022
protocols.relax.FastRelax: CMD: scale:fa_rep  42816.2  3.24407  3.24407  0.02805
core.optimization.Minimizer: [ WARNING ] LBFGS MAX CYCLES 2000 EXCEEDED, BUT FUNC NOT CONVERGED!
protocols.relax.FastRelax: CMD: min  -1276.27  0.188622  0.188622  0.02805
protocols.relax.FastRelax: CMD: coord_cst_weight  -1353.14  0.188622  0.188622  0.02805
protocols.relax.FastRelax: CMD: scale:fa_rep  -986.649  0.188622  0.188622  0.14575
core.pack.task: Packer task: initialize from command line() 
core.pack.pack_rotamers: built 7346 rotamers at 492 positions.
core.pack.interaction_graph.interaction_graph_factory: Instantiating DensePDInteractionGraph
protocols.relax.FastRelax: CMD: repack  -1020.5  0.188622  0.188622  0.14575
protocols.relax.FastRelax: CMD: scale:fa_rep  -997.658  0.188622  0.188622  0.154
protocols.relax.FastRelax: CMD: min  -1183.53  0.236937  0.236937  0.154
protocols.relax.FastRelax: CMD: coord_cst_weight  -1304.68  0.236937  0.236937  0.154
protocols.relax.FastRelax: CMD: scale:fa_rep  -1119.08  0.236937  0.236937  0.30745
core.pack.task: Packer task: initialize from command line() 
core.pack.pack_rotamers: built 7132 rotamers at 492 positions.
core.pack.interaction_graph.interaction_graph_factory: Instantiating DensePDInteractionGraph
protocols.relax.FastRelax: CMD: repack  -1118.17  0.236937  0.236937  0.30745
protocols.relax.FastRelax: CMD: scale:fa_rep  -1103.68  0.236937  0.236937  0.31955
protocols.relax.FastRelax: CMD: min  -1066.35  3.32937  3.32937  0.31955
protocols.relax.FastRelax: CMD: coord_cst_weight  -1066.35  3.32937  3.32937  0.31955
protocols.relax.FastRelax: CMD: scale:fa_rep  -675.548  3.32937  3.32937  0.55
core.pack.task: Packer task: initialize from command line() 
core.pack.pack_rotamers: built 6934 rotamers at 492 positions.
core.pack.interaction_graph.interaction_graph_factory: Instantiating DensePDInteractionGraph
protocols.relax.FastRelax: CMD: repack  -1117.54  3.32937  3.32937  0.55
protocols.relax.FastRelax: CMD: min  -1173.72  3.30902  3.30902  0.55
protocols.relax.FastRelax: MRP: 12  -1173.72  -1188.99  3.3178  3.3178  
protocols.relax.FastRelax: CMD: accept_to_best  -1173.72  3.30902  3.30902  0.55
protocols.relax.FastRelax: CMD: endrepeat  -1173.72  3.30902  3.30902  0.55
protocols.relax.FastRelax: CMD: coord_cst_weight  49108.6  3.30902  3.30902  0.55
protocols.relax.FastRelax: CMD: scale:fa_rep  48777.9  3.30902  3.30902  0.022
core.pack.task: Packer task: initialize from command line() 
core.pack.pack_rotamers: built 7696 rotamers at 492 positions.
core.pack.interaction_graph.interaction_graph_factory: Instantiating DensePDInteractionGraph
protocols.relax.FastRelax: CMD: repack  48753.5  3.30902  3.30902  0.022
protocols.relax.FastRelax: CMD: scale:fa_rep  48761.7  3.30902  3.30902  0.02805
core.optimization.Minimizer: [ WARNING ] LBFGS MAX CYCLES 2000 EXCEEDED, BUT FUNC NOT CONVERGED!
protocols.relax.FastRelax: CMD: min  -1257.69  0.193442  0.193442  0.02805
protocols.relax.FastRelax: CMD: coord_cst_weight  -1339.96  0.193442  0.193442  0.02805
protocols.relax.FastRelax: CMD: scale:fa_rep  -964.82  0.193442  0.193442  0.14575
core.pack.task: Packer task: initialize from command line() 
core.pack.pack_rotamers: built 7353 rotamers at 492 positions.
core.pack.interaction_graph.interaction_graph_factory: Instantiating DensePDInteractionGraph
protocols.relax.FastRelax: CMD: repack  -1013.88  0.193442  0.193442  0.14575
protocols.relax.FastRelax: CMD: scale:fa_rep  -990.964  0.193442  0.193442  0.154
protocols.relax.FastRelax: CMD: min  -1189.21  0.232442  0.232442  0.154
protocols.relax.FastRelax: CMD: coord_cst_weight  -1307.17  0.232442  0.232442  0.154
protocols.relax.FastRelax: CMD: scale:fa_rep  -1122.1  0.232442  0.232442  0.30745
core.pack.task: Packer task: initialize from command line() 
core.pack.pack_rotamers: built 7169 rotamers at 492 positions.
core.pack.interaction_graph.interaction_graph_factory: Instantiating DensePDInteractionGraph
protocols.relax.FastRelax: CMD: repack  -1123.14  0.232442  0.232442  0.30745
protocols.relax.FastRelax: CMD: scale:fa_rep  -1108.71  0.232442  0.232442  0.31955
protocols.relax.FastRelax: CMD: min  -1310.41  2.73688  2.73688  0.31955
protocols.relax.FastRelax: CMD: coord_cst_weight  -1310.41  2.73688  2.73688  0.31955
protocols.relax.FastRelax: CMD: scale:fa_rep  -1103.9  2.73688  2.73688  0.55
core.pack.task: Packer task: initialize from command line() 
core.pack.pack_rotamers: built 6940 rotamers at 492 positions.
core.pack.interaction_graph.interaction_graph_factory: Instantiating DensePDInteractionGraph
protocols.relax.FastRelax: CMD: repack  -1108.9  2.73688  2.73688  0.55
protocols.relax.FastRelax: CMD: min  -1165.04  2.82211  2.82211  0.55
protocols.relax.FastRelax: MRP: 13  -1165.04  -1188.99  3.3178  3.3178  
protocols.relax.FastRelax: CMD: accept_to_best  -1165.04  2.82211  2.82211  0.55
protocols.relax.FastRelax: CMD: endrepeat  -1165.04  2.82211  2.82211  0.55
protocols.relax.FastRelax: CMD: coord_cst_weight  34272.7  2.82211  2.82211  0.55
protocols.relax.FastRelax: CMD: scale:fa_rep  33943.6  2.82211  2.82211  0.022
core.pack.task: Packer task: initialize from command line() 
core.pack.pack_rotamers: built 7774 rotamers at 492 positions.
core.pack.interaction_graph.interaction_graph_factory: Instantiating DensePDInteractionGraph
protocols.relax.FastRelax: CMD: repack  33927.6  2.82211  2.82211  0.022
protocols.relax.FastRelax: CMD: scale:fa_rep  33935.7  2.82211  2.82211  0.02805
core.optimization.Minimizer: [ WARNING ] LBFGS MAX CYCLES 2000 EXCEEDED, BUT FUNC NOT CONVERGED!
protocols.relax.FastRelax: CMD: min  -1221.24  0.193148  0.193148  0.02805
protocols.relax.FastRelax: CMD: coord_cst_weight  -1303.17  0.193148  0.193148  0.02805
protocols.relax.FastRelax: CMD: scale:fa_rep  -850.337  0.193148  0.193148  0.14575
core.pack.task: Packer task: initialize from command line() 
core.pack.pack_rotamers: built 7350 rotamers at 492 positions.
core.pack.interaction_graph.interaction_graph_factory: Instantiating DensePDInteractionGraph
protocols.relax.FastRelax: CMD: repack  -1012.78  0.193148  0.193148  0.14575
protocols.relax.FastRelax: CMD: scale:fa_rep  -990.4  0.193148  0.193148  0.154
protocols.relax.FastRelax: CMD: min  -1183.1  0.232572  0.232572  0.154
protocols.relax.FastRelax: CMD: coord_cst_weight  -1300.55  0.232572  0.232572  0.154
protocols.relax.FastRelax: CMD: scale:fa_rep  -1113.16  0.232572  0.232572  0.30745
core.pack.task: Packer task: initialize from command line() 
core.pack.pack_rotamers: built 7173 rotamers at 492 positions.
core.pack.interaction_graph.interaction_graph_factory: Instantiating DensePDInteractionGraph
protocols.relax.FastRelax: CMD: repack  -1113.9  0.232572  0.232572  0.30745
protocols.relax.FastRelax: CMD: scale:fa_rep  -1099.29  0.232572  0.232572  0.31955
protocols.relax.FastRelax: CMD: min  -1304.23  2.44739  2.44739  0.31955
protocols.relax.FastRelax: CMD: coord_cst_weight  -1304.23  2.44739  2.44739  0.31955
protocols.relax.FastRelax: CMD: scale:fa_rep  -1095.56  2.44739  2.44739  0.55
core.pack.task: Packer task: initialize from command line() 
core.pack.pack_rotamers: built 6930 rotamers at 492 positions.
core.pack.interaction_graph.interaction_graph_factory: Instantiating DensePDInteractionGraph
protocols.relax.FastRelax: CMD: repack  -1107.33  2.44739  2.44739  0.55
protocols.relax.FastRelax: CMD: min  -1164.7  2.61093  2.61093  0.55
protocols.relax.FastRelax: MRP: 14  -1164.7  -1188.99  3.3178  3.3178  
protocols.relax.FastRelax: CMD: accept_to_best  -1164.7  2.61093  2.61093  0.55
protocols.relax.FastRelax: CMD: endrepeat  -1164.7  2.61093  2.61093  0.55
protocols::checkpoint: Deleting checkpoints of FastRelax
protocols.jd2.JobDistributor: target.BL00010001_4_0004 reported success in 14871 seconds
protocols.jd2.PDBJobInputter: PDBJobInputter::pose_from_job
protocols.jd2.PDBJobInputter: filling pose from PDB ../1-modeller/target.BL00010001.pdb
core.import_pose.import_pose: File '../1-modeller/target.BL00010001.pdb' automatically determined to be of type PDB from contents.
core.io.rcsb.ExperimentalTechnique: [ ERROR ] Unrecognized experimental technique string 'THEORETICAL MODEL, MODELLER 10.8 2026/08/10 16:18:02'
protocols.relax.FastRelax: CMD: repeat  4476.34  0  0  0.55
protocols.relax.FastRelax: CMD: coord_cst_weight  4476.34  0  0  0.55
protocols.relax.FastRelax: CMD: scale:fa_rep  806.987  0  0  0.022
core.pack.task: Packer task: initialize from command line() 
core.pack.pack_rotamers: built 8129 rotamers at 492 positions.
core.pack.interaction_graph.interaction_graph_factory: Instantiating DensePDInteractionGraph
protocols.relax.FastRelax: CMD: repack  -877.566  0  0  0.022
protocols.relax.FastRelax: CMD: scale:fa_rep  -840.863  0  0  0.02805
core.optimization.Minimizer: [ WARNING ] LBFGS MAX CYCLES 2000 EXCEEDED, BUT FUNC NOT CONVERGED!
protocols.relax.FastRelax: CMD: min  -1297.03  0.149714  0.149714  0.02805
protocols.relax.FastRelax: CMD: coord_cst_weight  -1344.01  0.149714  0.149714  0.02805
protocols.relax.FastRelax: CMD: scale:fa_rep  -965.428  0.149714  0.149714  0.14575
core.pack.task: Packer task: initialize from command line() 
core.pack.pack_rotamers: built 7465 rotamers at 492 positions.
core.pack.interaction_graph.interaction_graph_factory: Instantiating DensePDInteractionGraph
protocols.relax.FastRelax: CMD: repack  -1007.93  0.149714  0.149714  0.14575
protocols.relax.FastRelax: CMD: scale:fa_rep  -986.117  0.149714  0.149714  0.154
protocols.relax.FastRelax: CMD: min  -1172.74  0.204501  0.204501  0.154
protocols.relax.FastRelax: CMD: coord_cst_weight  -1263.16  0.204501  0.204501  0.154
protocols.relax.FastRelax: CMD: scale:fa_rep  -1070.72  0.204501  0.204501  0.30745
core.pack.task: Packer task: initialize from command line() 
core.pack.pack_rotamers: built 7223 rotamers at 492 positions.
core.pack.interaction_graph.interaction_graph_factory: Instantiating DensePDInteractionGraph
protocols.relax.FastRelax: CMD: repack  -1072.04  0.204501  0.204501  0.30745
protocols.relax.FastRelax: CMD: scale:fa_rep  -1057.05  0.204501  0.204501  0.31955
protocols.relax.FastRelax: CMD: min  -1235.51  2.62072  2.62072  0.31955
protocols.relax.FastRelax: CMD: coord_cst_weight  -1235.51  2.62072  2.62072  0.31955
protocols.relax.FastRelax: CMD: scale:fa_rep  -1023.14  2.62072  2.62072  0.55
core.pack.task: Packer task: initialize from command line() 
core.pack.pack_rotamers: built 7070 rotamers at 492 positions.
core.pack.interaction_graph.interaction_graph_factory: Instantiating DensePDInteractionGraph
protocols.relax.FastRelax: CMD: repack  -1030.33  2.62072  2.62072  0.55
protocols.relax.FastRelax: CMD: min  -1099.76  2.98277  2.98277  0.55
protocols.relax.FastRelax: MRP: 0  -1099.76  -1099.76  2.98277  2.98277  
protocols.relax.FastRelax: CMD: accept_to_best  -1099.76  2.98277  2.98277  0.55
protocols.relax.FastRelax: CMD: endrepeat  -1099.76  2.98277  2.98277  0.55
protocols.relax.FastRelax: CMD: coord_cst_weight  78328.2  2.98277  2.98277  0.55
protocols.relax.FastRelax: CMD: scale:fa_rep  77990.9  2.98277  2.98277  0.022
core.pack.task: Packer task: initialize from command line() 
core.pack.pack_rotamers: built 7820 rotamers at 492 positions.
core.pack.interaction_graph.interaction_graph_factory: Instantiating DensePDInteractionGraph
protocols.relax.FastRelax: CMD: repack  77970.8  2.98277  2.98277  0.022
protocols.relax.FastRelax: CMD: scale:fa_rep  77980.7  2.98277  2.98277  0.02805
core.optimization.Minimizer: [ WARNING ] LBFGS MAX CYCLES 2000 EXCEEDED, BUT FUNC NOT CONVERGED!
protocols.relax.FastRelax: CMD: min  -1250.04  0.181833  0.181833  0.02805
protocols.relax.FastRelax: CMD: coord_cst_weight  -1320.92  0.181833  0.181833  0.02805
protocols.relax.FastRelax: CMD: scale:fa_rep  -949.93  0.181833  0.181833  0.14575
core.pack.task: Packer task: initialize from command line() 
core.pack.pack_rotamers: built 7289 rotamers at 492 positions.
core.pack.interaction_graph.interaction_graph_factory: Instantiating DensePDInteractionGraph
protocols.relax.FastRelax: CMD: repack  -1039.65  0.181833  0.181833  0.14575
protocols.relax.FastRelax: CMD: scale:fa_rep  -1019.28  0.181833  0.181833  0.154
protocols.relax.FastRelax: CMD: min  -1187.54  0.216762  0.216762  0.154
protocols.relax.FastRelax: CMD: coord_cst_weight  -1290.27  0.216762  0.216762  0.154
protocols.relax.FastRelax: CMD: scale:fa_rep  -1105.65  0.216762  0.216762  0.30745
core.pack.task: Packer task: initialize from command line() 
core.pack.pack_rotamers: built 7100 rotamers at 492 positions.
core.pack.interaction_graph.interaction_graph_factory: Instantiating DensePDInteractionGraph
protocols.relax.FastRelax: CMD: repack  -1102.64  0.216762  0.216762  0.30745
protocols.relax.FastRelax: CMD: scale:fa_rep  -1088.22  0.216762  0.216762  0.31955
protocols.relax.FastRelax: CMD: min  -1275.61  3.13354  3.13354  0.31955
protocols.relax.FastRelax: CMD: coord_cst_weight  -1275.61  3.13354  3.13354  0.31955
protocols.relax.FastRelax: CMD: scale:fa_rep  -1068.02  3.13354  3.13354  0.55
core.pack.task: Packer task: initialize from command line() 
core.pack.pack_rotamers: built 6978 rotamers at 492 positions.
core.pack.interaction_graph.interaction_graph_factory: Instantiating DensePDInteractionGraph
protocols.relax.FastRelax: CMD: repack  -1071.52  3.13354  3.13354  0.55
protocols.relax.FastRelax: CMD: min  -1131.92  3.6146  3.6146  0.55
protocols.relax.FastRelax: MRP: 1  -1131.92  -1131.92  3.6146  3.6146  
protocols.relax.FastRelax: CMD: accept_to_best  -1131.92  3.6146  3.6146  0.55
protocols.relax.FastRelax: CMD: endrepeat  -1131.92  3.6146  3.6146  0.55
protocols.relax.FastRelax: CMD: coord_cst_weight  67541.4  3.6146  3.6146  0.55
protocols.relax.FastRelax: CMD: scale:fa_rep  67214.3  3.6146  3.6146  0.022
core.pack.task: Packer task: initialize from command line() 
core.pack.pack_rotamers: built 7741 rotamers at 492 positions.
core.pack.interaction_graph.interaction_graph_factory: Instantiating DensePDInteractionGraph
protocols.relax.FastRelax: CMD: repack  67198.4  3.6146  3.6146  0.022
protocols.relax.FastRelax: CMD: scale:fa_rep  67207.8  3.6146  3.6146  0.02805
core.optimization.Minimizer: [ WARNING ] LBFGS MAX CYCLES 2000 EXCEEDED, BUT FUNC NOT CONVERGED!
protocols.relax.FastRelax: CMD: min  -1226.76  0.179851  0.179851  0.02805
protocols.relax.FastRelax: CMD: coord_cst_weight  -1298.68  0.179851  0.179851  0.02805
protocols.relax.FastRelax: CMD: scale:fa_rep  -812.829  0.179851  0.179851  0.14575
core.pack.task: Packer task: initialize from command line() 
core.pack.pack_rotamers: built 7354 rotamers at 492 positions.
core.pack.interaction_graph.interaction_graph_factory: Instantiating DensePDInteractionGraph
protocols.relax.FastRelax: CMD: repack  -1047.73  0.179851  0.179851  0.14575
protocols.relax.FastRelax: CMD: scale:fa_rep  -1028.04  0.179851  0.179851  0.154
protocols.relax.FastRelax: CMD: min  -1187.55  0.219163  0.219163  0.154
protocols.relax.FastRelax: CMD: coord_cst_weight  -1293.8  0.219163  0.219163  0.154
protocols.relax.FastRelax: CMD: scale:fa_rep  -1109.39  0.219163  0.219163  0.30745
core.pack.task: Packer task: initialize from command line() 
core.pack.pack_rotamers: built 7113 rotamers at 492 positions.
core.pack.interaction_graph.interaction_graph_factory: Instantiating DensePDInteractionGraph
protocols.relax.FastRelax: CMD: repack  -1109.45  0.219163  0.219163  0.30745
protocols.relax.FastRelax: CMD: scale:fa_rep  -1095.12  0.219163  0.219163  0.31955
protocols.relax.FastRelax: CMD: min  -1242.21  3.82624  3.82624  0.31955
protocols.relax.FastRelax: CMD: coord_cst_weight  -1242.21  3.82624  3.82624  0.31955
protocols.relax.FastRelax: CMD: scale:fa_rep  -1004.14  3.82624  3.82624  0.55
core.pack.task: Packer task: initialize from command line() 
core.pack.pack_rotamers: built 6998 rotamers at 492 positions.
core.pack.interaction_graph.interaction_graph_factory: Instantiating DensePDInteractionGraph
protocols.relax.FastRelax: CMD: repack  -1086.31  3.82624  3.82624  0.55
protocols.relax.FastRelax: CMD: min  -1144.22  4.07037  4.07037  0.55
protocols.relax.FastRelax: MRP: 2  -1144.22  -1144.22  4.07037  4.07037  
protocols.relax.FastRelax: CMD: accept_to_best  -1144.22  4.07037  4.07037  0.55
protocols.relax.FastRelax: CMD: endrepeat  -1144.22  4.07037  4.07037  0.55
protocols.relax.FastRelax: CMD: coord_cst_weight  68811.2  4.07037  4.07037  0.55
protocols.relax.FastRelax: CMD: scale:fa_rep  68486.1  4.07037  4.07037  0.022
core.pack.task: Packer task: initialize from command line() 
core.pack.pack_rotamers: built 7793 rotamers at 492 positions.
core.pack.interaction_graph.interaction_graph_factory: Instantiating DensePDInteractionGraph
protocols.relax.FastRelax: CMD: repack  68466  4.07037  4.07037  0.022
protocols.relax.FastRelax: CMD: scale:fa_rep  68472.6  4.07037  4.07037  0.02805
core.optimization.Minimizer: [ WARNING ] LBFGS MAX CYCLES 2000 EXCEEDED, BUT FUNC NOT CONVERGED!
protocols.relax.FastRelax: CMD: min  -1231.93  0.182189  0.182189  0.02805
protocols.relax.FastRelax: CMD: coord_cst_weight  -1306.8  0.182189  0.182189  0.02805
protocols.relax.FastRelax: CMD: scale:fa_rep  -893.966  0.182189  0.182189  0.14575
core.pack.task: Packer task: initialize from command line() 
core.pack.pack_rotamers: built 7355 rotamers at 492 positions.
core.pack.interaction_graph.interaction_graph_factory: Instantiating DensePDInteractionGraph
protocols.relax.FastRelax: CMD: repack  -1045.1  0.182189  0.182189  0.14575
protocols.relax.FastRelax: CMD: scale:fa_rep  -1025.25  0.182189  0.182189  0.154
protocols.relax.FastRelax: CMD: min  -1189.29  0.222121  0.222121  0.154
protocols.relax.FastRelax: CMD: coord_cst_weight  -1299.75  0.222121  0.222121  0.154
protocols.relax.FastRelax: CMD: scale:fa_rep  -1122.38  0.222121  0.222121  0.30745
core.pack.task: Packer task: initialize from command line() 
core.pack.pack_rotamers: built 7129 rotamers at 492 positions.
core.pack.interaction_graph.interaction_graph_factory: Instantiating DensePDInteractionGraph
protocols.relax.FastRelax: CMD: repack  -1122.52  0.222121  0.222121  0.30745
protocols.relax.FastRelax: CMD: scale:fa_rep  -1108.65  0.222121  0.222121  0.31955
protocols.relax.FastRelax: CMD: min  -1293.07  2.64497  2.64497  0.31955
protocols.relax.FastRelax: CMD: coord_cst_weight  -1293.07  2.64497  2.64497  0.31955
protocols.relax.FastRelax: CMD: scale:fa_rep  -1085.24  2.64497  2.64497  0.55
core.pack.task: Packer task: initialize from command line() 
core.pack.pack_rotamers: built 6945 rotamers at 492 positions.
core.pack.interaction_graph.interaction_graph_factory: Instantiating DensePDInteractionGraph
protocols.relax.FastRelax: CMD: repack  -1088.21  2.64497  2.64497  0.55
protocols.relax.FastRelax: CMD: min  -1144.88  3.14546  3.14546  0.55
protocols.relax.FastRelax: MRP: 3  -1144.88  -1144.88  3.14546  3.14546  
protocols.relax.FastRelax: CMD: accept_to_best  -1144.88  3.14546  3.14546  0.55
protocols.relax.FastRelax: CMD: endrepeat  -1144.88  3.14546  3.14546  0.55
protocols.relax.FastRelax: CMD: coord_cst_weight  45275.3  3.14546  3.14546  0.55
protocols.relax.FastRelax: CMD: scale:fa_rep  44941.8  3.14546  3.14546  0.022
core.pack.task: Packer task: initialize from command line() 
core.pack.pack_rotamers: built 7703 rotamers at 492 positions.
core.pack.interaction_graph.interaction_graph_factory: Instantiating DensePDInteractionGraph
protocols.relax.FastRelax: CMD: repack  44934  3.14546  3.14546  0.022
protocols.relax.FastRelax: CMD: scale:fa_rep  44942.7  3.14546  3.14546  0.02805
core.optimization.Minimizer: [ WARNING ] LBFGS MAX CYCLES 2000 EXCEEDED, BUT FUNC NOT CONVERGED!
protocols.relax.FastRelax: CMD: min  -1274.54  0.176801  0.176801  0.02805
protocols.relax.FastRelax: CMD: coord_cst_weight  -1344.8  0.176801  0.176801  0.02805
protocols.relax.FastRelax: CMD: scale:fa_rep  -1020.23  0.176801  0.176801  0.14575
core.pack.task: Packer task: initialize from command line() 
core.pack.pack_rotamers: built 7319 rotamers at 492 positions.
core.pack.interaction_graph.interaction_graph_factory: Instantiating DensePDInteractionGraph
protocols.relax.FastRelax: CMD: repack  -1053.6  0.176801  0.176801  0.14575
protocols.relax.FastRelax: CMD: scale:fa_rep  -1033.81  0.176801  0.176801  0.154
protocols.relax.FastRelax: CMD: min  -1188.53  0.223071  0.223071  0.154
protocols.relax.FastRelax: CMD: coord_cst_weight  -1298.74  0.223071  0.223071  0.154
protocols.relax.FastRelax: CMD: scale:fa_rep  -1116.82  0.223071  0.223071  0.30745
core.pack.task: Packer task: initialize from command line() 
core.pack.pack_rotamers: built 7100 rotamers at 492 positions.
core.pack.interaction_graph.interaction_graph_factory: Instantiating DensePDInteractionGraph
protocols.relax.FastRelax: CMD: repack  -1116.66  0.223071  0.223071  0.30745
protocols.relax.FastRelax: CMD: scale:fa_rep  -1102.64  0.223071  0.223071  0.31955
protocols.relax.FastRelax: CMD: min  -1303.64  3.30278  3.30278  0.31955
protocols.relax.FastRelax: CMD: coord_cst_weight  -1303.64  3.30278  3.30278  0.31955
protocols.relax.FastRelax: CMD: scale:fa_rep  -1095.65  3.30278  3.30278  0.55
core.pack.task: Packer task: initialize from command line() 
core.pack.pack_rotamers: built 6932 rotamers at 492 positions.
core.pack.interaction_graph.interaction_graph_factory: Instantiating DensePDInteractionGraph
protocols.relax.FastRelax: CMD: repack  -1095.71  3.30278  3.30278  0.55
protocols.relax.FastRelax: CMD: min  -1142.06  3.46302  3.46302  0.55
protocols.relax.FastRelax: MRP: 4  -1142.06  -1144.88  3.14546  3.14546  
protocols.relax.FastRelax: CMD: accept_to_best  -1142.06  3.46302  3.46302  0.55
protocols.relax.FastRelax: CMD: endrepeat  -1142.06  3.46302  3.46302  0.55
protocols.relax.FastRelax: CMD: coord_cst_weight  48958  3.46302  3.46302  0.55
protocols.relax.FastRelax: CMD: scale:fa_rep  48625.9  3.46302  3.46302  0.022
core.pack.task: Packer task: initialize from command line() 
core.pack.pack_rotamers: built 7709 rotamers at 492 positions.
core.pack.interaction_graph.interaction_graph_factory: Instantiating DensePDInteractionGraph
protocols.relax.FastRelax: CMD: repack  48608.4  3.46302  3.46302  0.022
protocols.relax.FastRelax: CMD: scale:fa_rep  48617.6  3.46302  3.46302  0.02805
core.optimization.Minimizer: [ WARNING ] LBFGS MAX CYCLES 2000 EXCEEDED, BUT FUNC NOT CONVERGED!
protocols.relax.FastRelax: CMD: min  -1276.07  0.179829  0.179829  0.02805
protocols.relax.FastRelax: CMD: coord_cst_weight  -1348.66  0.179829  0.179829  0.02805
protocols.relax.FastRelax: CMD: scale:fa_rep  -1021.48  0.179829  0.179829  0.14575
core.pack.task: Packer task: initialize from command line() 
core.pack.pack_rotamers: built 7383 rotamers at 492 positions.
core.pack.interaction_graph.interaction_graph_factory: Instantiating DensePDInteractionGraph
protocols.relax.FastRelax: CMD: repack  -1055.39  0.179829  0.179829  0.14575
protocols.relax.FastRelax: CMD: scale:fa_rep  -1035.6  0.179829  0.179829  0.154
protocols.relax.FastRelax: CMD: min  -1187.54  0.226546  0.226546  0.154
protocols.relax.FastRelax: CMD: coord_cst_weight  -1301.12  0.226546  0.226546  0.154
protocols.relax.FastRelax: CMD: scale:fa_rep  -1123.87  0.226546  0.226546  0.30745
core.pack.task: Packer task: initialize from command line() 
core.pack.pack_rotamers: built 7157 rotamers at 492 positions.
core.pack.interaction_graph.interaction_graph_factory: Instantiating DensePDInteractionGraph
protocols.relax.FastRelax: CMD: repack  -1124.67  0.226546  0.226546  0.30745
protocols.relax.FastRelax: CMD: scale:fa_rep  -1110.79  0.226546  0.226546  0.31955
protocols.relax.FastRelax: CMD: min  -1297.15  3.63694  3.63694  0.31955
protocols.relax.FastRelax: CMD: coord_cst_weight  -1297.15  3.63694  3.63694  0.31955
protocols.relax.FastRelax: CMD: scale:fa_rep  -1082.58  3.63694  3.63694  0.55
core.pack.task: Packer task: initialize from command line() 
core.pack.pack_rotamers: built 6987 rotamers at 492 positions.
core.pack.interaction_graph.interaction_graph_factory: Instantiating DensePDInteractionGraph
protocols.relax.FastRelax: CMD: repack  -1099.37  3.63694  3.63694  0.55
protocols.relax.FastRelax: CMD: min  -1150.38  3.74058  3.74058  0.55
protocols.relax.FastRelax: MRP: 5  -1150.38  -1150.38  3.74058  3.74058  
protocols.relax.FastRelax: CMD: accept_to_best  -1150.38  3.74058  3.74058  0.55
protocols.relax.FastRelax: CMD: endrepeat  -1150.38  3.74058  3.74058  0.55
protocols.relax.FastRelax: CMD: coord_cst_weight  60587.1  3.74058  3.74058  0.55
protocols.relax.FastRelax: CMD: scale:fa_rep  60255.9  3.74058  3.74058  0.022
core.pack.task: Packer task: initialize from command line() 
core.pack.pack_rotamers: built 7747 rotamers at 492 positions.
core.pack.interaction_graph.interaction_graph_factory: Instantiating DensePDInteractionGraph
protocols.relax.FastRelax: CMD: repack  60241.6  3.74058  3.74058  0.022
protocols.relax.FastRelax: CMD: scale:fa_rep  60247.6  3.74058  3.74058  0.02805
core.optimization.Minimizer: [ WARNING ] LBFGS MAX CYCLES 2000 EXCEEDED, BUT FUNC NOT CONVERGED!
protocols.relax.FastRelax: CMD: min  -1276  0.176876  0.176876  0.02805
protocols.relax.FastRelax: CMD: coord_cst_weight  -1346.63  0.176876  0.176876  0.02805
protocols.relax.FastRelax: CMD: scale:fa_rep  -1034.55  0.176876  0.176876  0.14575
core.pack.task: Packer task: initialize from command line() 
core.pack.pack_rotamers: built 7343 rotamers at 492 positions.
core.pack.interaction_graph.interaction_graph_factory: Instantiating DensePDInteractionGraph
protocols.relax.FastRelax: CMD: repack  -1060.57  0.176876  0.176876  0.14575
protocols.relax.FastRelax: CMD: scale:fa_rep  -1040.74  0.176876  0.176876  0.154
protocols.relax.FastRelax: CMD: min  -1190.91  0.226309  0.226309  0.154
protocols.relax.FastRelax: CMD: coord_cst_weight  -1305.01  0.226309  0.226309  0.154
protocols.relax.FastRelax: CMD: scale:fa_rep  -1127.59  0.226309  0.226309  0.30745
core.pack.task: Packer task: initialize from command line() 
core.pack.pack_rotamers: built 7116 rotamers at 492 positions.
core.pack.interaction_graph.interaction_graph_factory: Instantiating DensePDInteractionGraph
protocols.relax.FastRelax: CMD: repack  -1128.3  0.226309  0.226309  0.30745
protocols.relax.FastRelax: CMD: scale:fa_rep  -1114.34  0.226309  0.226309  0.31955
protocols.relax.FastRelax: CMD: min  -1302.31  3.22498  3.22498  0.31955
protocols.relax.FastRelax: CMD: coord_cst_weight  -1302.31  3.22498  3.22498  0.31955
protocols.relax.FastRelax: CMD: scale:fa_rep  -1092.17  3.22498  3.22498  0.55
core.pack.task: Packer task: initialize from command line() 
core.pack.pack_rotamers: built 6914 rotamers at 492 positions.
core.pack.interaction_graph.interaction_graph_factory: Instantiating DensePDInteractionGraph
protocols.relax.FastRelax: CMD: repack  -1095.07  3.22498  3.22498  0.55
protocols.relax.FastRelax: CMD: min  -1153.15  3.70319  3.70319  0.55
protocols.relax.FastRelax: MRP: 6  -1153.15  -1153.15  3.70319  3.70319  
protocols.relax.FastRelax: CMD: accept_to_best  -1153.15  3.70319  3.70319  0.55
protocols.relax.FastRelax: CMD: endrepeat  -1153.15  3.70319  3.70319  0.55
protocols.relax.FastRelax: CMD: coord_cst_weight  54960.9  3.70319  3.70319  0.55
protocols.relax.FastRelax: CMD: scale:fa_rep  54628.8  3.70319  3.70319  0.022
core.pack.task: Packer task: initialize from command line() 
core.pack.pack_rotamers: built 7698 rotamers at 492 positions.
core.pack.interaction_graph.interaction_graph_factory: Instantiating DensePDInteractionGraph
protocols.relax.FastRelax: CMD: repack  54622.4  3.70319  3.70319  0.022
protocols.relax.FastRelax: CMD: scale:fa_rep  54630.7  3.70319  3.70319  0.02805
core.optimization.Minimizer: [ WARNING ] LBFGS MAX CYCLES 2000 EXCEEDED, BUT FUNC NOT CONVERGED!
protocols.relax.FastRelax: CMD: min  -1263.38  0.181544  0.181544  0.02805
protocols.relax.FastRelax: CMD: coord_cst_weight  -1337.31  0.181544  0.181544  0.02805
protocols.relax.FastRelax: CMD: scale:fa_rep  -995.817  0.181544  0.181544  0.14575
core.pack.task: Packer task: initialize from command line() 
core.pack.pack_rotamers: built 7300 rotamers at 492 positions.
core.pack.interaction_graph.interaction_graph_factory: Instantiating DensePDInteractionGraph
protocols.relax.FastRelax: CMD: repack  -1054.75  0.181544  0.181544  0.14575
protocols.relax.FastRelax: CMD: scale:fa_rep  -1034.35  0.181544  0.181544  0.154
protocols.relax.FastRelax: CMD: min  -1193.23  0.226681  0.226681  0.154
protocols.relax.FastRelax: CMD: coord_cst_weight  -1307.66  0.226681  0.226681  0.154
protocols.relax.FastRelax: CMD: scale:fa_rep  -1125.64  0.226681  0.226681  0.30745
core.pack.task: Packer task: initialize from command line() 
core.pack.pack_rotamers: built 7120 rotamers at 492 positions.
core.pack.interaction_graph.interaction_graph_factory: Instantiating DensePDInteractionGraph
protocols.relax.FastRelax: CMD: repack  -1127.08  0.226681  0.226681  0.30745
protocols.relax.FastRelax: CMD: scale:fa_rep  -1112.93  0.226681  0.226681  0.31955
protocols.relax.FastRelax: CMD: min  -1307.93  3.32905  3.32905  0.31955
protocols.relax.FastRelax: CMD: coord_cst_weight  -1307.93  3.32905  3.32905  0.31955
protocols.relax.FastRelax: CMD: scale:fa_rep  -1099.54  3.32905  3.32905  0.55
core.pack.task: Packer task: initialize from command line() 
core.pack.pack_rotamers: built 6943 rotamers at 492 positions.
core.pack.interaction_graph.interaction_graph_factory: Instantiating DensePDInteractionGraph
protocols.relax.FastRelax: CMD: repack  -1101.66  3.32905  3.32905  0.55
protocols.relax.FastRelax: CMD: min  -1155.72  3.61511  3.61511  0.55
protocols.relax.FastRelax: MRP: 7  -1155.72  -1155.72  3.61511  3.61511  
protocols.relax.FastRelax: CMD: accept_to_best  -1155.72  3.61511  3.61511  0.55
protocols.relax.FastRelax: CMD: endrepeat  -1155.72  3.61511  3.61511  0.55
protocols.relax.FastRelax: CMD: coord_cst_weight  54663.2  3.61511  3.61511  0.55
protocols.relax.FastRelax: CMD: scale:fa_rep  54334.8  3.61511  3.61511  0.022
core.pack.task: Packer task: initialize from command line() 
core.pack.pack_rotamers: built 7661 rotamers at 492 positions.
core.pack.interaction_graph.interaction_graph_factory: Instantiating DensePDInteractionGraph
protocols.relax.FastRelax: CMD: repack  54323.8  3.61511  3.61511  0.022
protocols.relax.FastRelax: CMD: scale:fa_rep  54330  3.61511  3.61511  0.02805
core.optimization.Minimizer: [ WARNING ] LBFGS MAX CYCLES 2000 EXCEEDED, BUT FUNC NOT CONVERGED!
protocols.relax.FastRelax: CMD: min  -1259.54  0.182079  0.182079  0.02805
protocols.relax.FastRelax: CMD: coord_cst_weight  -1335.04  0.182079  0.182079  0.02805
protocols.relax.FastRelax: CMD: scale:fa_rep  -1021.56  0.182079  0.182079  0.14575
core.pack.task: Packer task: initialize from command line() 
core.pack.pack_rotamers: built 7320 rotamers at 492 positions.
core.pack.interaction_graph.interaction_graph_factory: Instantiating DensePDInteractionGraph
protocols.relax.FastRelax: CMD: repack  -1058.3  0.182079  0.182079  0.14575
protocols.relax.FastRelax: CMD: scale:fa_rep  -1038.63  0.182079  0.182079  0.154
protocols.relax.FastRelax: CMD: min  -1193.23  0.226509  0.226509  0.154
protocols.relax.FastRelax: CMD: coord_cst_weight  -1306.94  0.226509  0.226509  0.154
protocols.relax.FastRelax: CMD: scale:fa_rep  -1129.22  0.226509  0.226509  0.30745
core.pack.task: Packer task: initialize from command line() 
core.pack.pack_rotamers: built 7094 rotamers at 492 positions.
core.pack.interaction_graph.interaction_graph_factory: Instantiating DensePDInteractionGraph
protocols.relax.FastRelax: CMD: repack  -1129.56  0.226509  0.226509  0.30745
protocols.relax.FastRelax: CMD: scale:fa_rep  -1115.62  0.226509  0.226509  0.31955
protocols.relax.FastRelax: CMD: min  -284.073  3.8929  3.8929  0.31955
protocols.relax.FastRelax: CMD: coord_cst_weight  -284.073  3.8929  3.8929  0.31955
protocols.relax.FastRelax: CMD: scale:fa_rep  655.681  3.8929  3.8929  0.55
core.pack.task: Packer task: initialize from command line() 
core.pack.pack_rotamers: built 6941 rotamers at 492 positions.
core.pack.interaction_graph.interaction_graph_factory: Instantiating DensePDInteractionGraph
protocols.relax.FastRelax: CMD: repack  -752.956  3.8929  3.8929  0.55
protocols.relax.FastRelax: CMD: min  -1144.31  3.84833  3.84833  0.55
protocols.relax.FastRelax: MRP: 8  -1144.31  -1155.72  3.61511  3.61511  
protocols.relax.FastRelax: CMD: accept_to_best  -1144.31  3.84833  3.84833  0.55
protocols.relax.FastRelax: CMD: endrepeat  -1144.31  3.84833  3.84833  0.55
protocols.relax.FastRelax: CMD: coord_cst_weight  76949.8  3.84833  3.84833  0.55
protocols.relax.FastRelax: CMD: scale:fa_rep  76618.2  3.84833  3.84833  0.022
core.pack.task: Packer task: initialize from command line() 
core.pack.pack_rotamers: built 7709 rotamers at 492 positions.
core.pack.interaction_graph.interaction_graph_factory: Instantiating DensePDInteractionGraph
protocols.relax.FastRelax: CMD: repack  76605.9  3.84833  3.84833  0.022
protocols.relax.FastRelax: CMD: scale:fa_rep  76611.8  3.84833  3.84833  0.02805
core.optimization.Minimizer: [ WARNING ] LBFGS MAX CYCLES 2000 EXCEEDED, BUT FUNC NOT CONVERGED!
protocols.relax.FastRelax: CMD: min  -1263.47  0.185534  0.185534  0.02805
protocols.relax.FastRelax: CMD: coord_cst_weight  -1340.26  0.185534  0.185534  0.02805
protocols.relax.FastRelax: CMD: scale:fa_rep  -1027.42  0.185534  0.185534  0.14575
core.pack.task: Packer task: initialize from command line() 
core.pack.pack_rotamers: built 7345 rotamers at 492 positions.
core.pack.interaction_graph.interaction_graph_factory: Instantiating DensePDInteractionGraph
protocols.relax.FastRelax: CMD: repack  -1060.49  0.185534  0.185534  0.14575
protocols.relax.FastRelax: CMD: scale:fa_rep  -1040.86  0.185534  0.185534  0.154
protocols.relax.FastRelax: CMD: min  -1193.21  0.22294  0.22294  0.154
protocols.relax.FastRelax: CMD: coord_cst_weight  -1304.96  0.22294  0.22294  0.154
protocols.relax.FastRelax: CMD: scale:fa_rep  -1122.77  0.22294  0.22294  0.30745
core.pack.task: Packer task: initialize from command line() 
core.pack.pack_rotamers: built 7120 rotamers at 492 positions.
core.pack.interaction_graph.interaction_graph_factory: Instantiating DensePDInteractionGraph
protocols.relax.FastRelax: CMD: repack  -1124.52  0.22294  0.22294  0.30745
protocols.relax.FastRelax: CMD: scale:fa_rep  -1110.31  0.22294  0.22294  0.31955
protocols.relax.FastRelax: CMD: min  -1291.12  3.3244  3.3244  0.31955
protocols.relax.FastRelax: CMD: coord_cst_weight  -1291.12  3.3244  3.3244  0.31955
protocols.relax.FastRelax: CMD: scale:fa_rep  -1078.9  3.3244  3.3244  0.55
core.pack.task: Packer task: initialize from command line() 
core.pack.pack_rotamers: built 6930 rotamers at 492 positions.
core.pack.interaction_graph.interaction_graph_factory: Instantiating DensePDInteractionGraph
protocols.relax.FastRelax: CMD: repack  -1093.31  3.3244  3.3244  0.55
protocols.relax.FastRelax: CMD: min  -1148.09  3.37545  3.37545  0.55
protocols.relax.FastRelax: MRP: 9  -1148.09  -1155.72  3.61511  3.61511  
protocols.relax.FastRelax: CMD: accept_to_best  -1148.09  3.37545  3.37545  0.55
protocols.relax.FastRelax: CMD: endrepeat  -1148.09  3.37545  3.37545  0.55
protocols.relax.FastRelax: CMD: coord_cst_weight  54882.8  3.37545  3.37545  0.55
protocols.relax.FastRelax: CMD: scale:fa_rep  54552  3.37545  3.37545  0.022
core.pack.task: Packer task: initialize from command line() 
core.pack.pack_rotamers: built 7780 rotamers at 492 positions.
core.pack.interaction_graph.interaction_graph_factory: Instantiating DensePDInteractionGraph
protocols.relax.FastRelax: CMD: repack  54536.9  3.37545  3.37545  0.022
protocols.relax.FastRelax: CMD: scale:fa_rep  54543.1  3.37545  3.37545  0.02805
core.optimization.Minimizer: [ WARNING ] LBFGS MAX CYCLES 2000 EXCEEDED, BUT FUNC NOT CONVERGED!
protocols.relax.FastRelax: CMD: min  -1273.33  0.183127  0.183127  0.02805
protocols.relax.FastRelax: CMD: coord_cst_weight  -1348.07  0.183127  0.183127  0.02805
protocols.relax.FastRelax: CMD: scale:fa_rep  -1021.12  0.183127  0.183127  0.14575
core.pack.task: Packer task: initialize from command line() 
core.pack.pack_rotamers: built 7351 rotamers at 492 positions.
core.pack.interaction_graph.interaction_graph_factory: Instantiating DensePDInteractionGraph
protocols.relax.FastRelax: CMD: repack  -1055.79  0.183127  0.183127  0.14575
protocols.relax.FastRelax: CMD: scale:fa_rep  -1035.44  0.183127  0.183127  0.154
protocols.relax.FastRelax: CMD: min  -1193.52  0.228101  0.228101  0.154
protocols.relax.FastRelax: CMD: coord_cst_weight  -1309.03  0.228101  0.228101  0.154
protocols.relax.FastRelax: CMD: scale:fa_rep  -1128.33  0.228101  0.228101  0.30745
core.pack.task: Packer task: initialize from command line() 
core.pack.pack_rotamers: built 7111 rotamers at 492 positions.
core.pack.interaction_graph.interaction_graph_factory: Instantiating DensePDInteractionGraph
protocols.relax.FastRelax: CMD: repack  -1128.74  0.228101  0.228101  0.30745
protocols.relax.FastRelax: CMD: scale:fa_rep  -1114.6  0.228101  0.228101  0.31955
protocols.relax.FastRelax: CMD: min  -1299.83  2.81241  2.81241  0.31955
protocols.relax.FastRelax: CMD: coord_cst_weight  -1299.83  2.81241  2.81241  0.31955
protocols.relax.FastRelax: CMD: scale:fa_rep  -1091.55  2.81241  2.81241  0.55
core.pack.task: Packer task: initialize from command line() 
core.pack.pack_rotamers: built 6933 rotamers at 492 positions.
core.pack.interaction_graph.interaction_graph_factory: Instantiating DensePDInteractionGraph
protocols.relax.FastRelax: CMD: repack  -1092.78  2.81241  2.81241  0.55
protocols.relax.FastRelax: CMD: min  -1145.9  3.01999  3.01999  0.55
protocols.relax.FastRelax: MRP: 10  -1145.9  -1155.72  3.61511  3.61511  
protocols.relax.FastRelax: CMD: accept_to_best  -1145.9  3.01999  3.01999  0.55
protocols.relax.FastRelax: CMD: endrepeat  -1145.9  3.01999  3.01999  0.55
protocols.relax.FastRelax: CMD: coord_cst_weight  40885.5  3.01999  3.01999  0.55
protocols.relax.FastRelax: CMD: scale:fa_rep  40555.5  3.01999  3.01999  0.022
core.pack.task: Packer task: initialize from command line() 
core.pack.pack_rotamers: built 7747 rotamers at 492 positions.
core.pack.interaction_graph.interaction_graph_factory: Instantiating DensePDInteractionGraph
protocols.relax.FastRelax: CMD: repack  40533.5  3.01999  3.01999  0.022
protocols.relax.FastRelax: CMD: scale:fa_rep  40540.3  3.01999  3.01999  0.02805
core.optimization.Minimizer: [ WARNING ] LBFGS MAX CYCLES 2000 EXCEEDED, BUT FUNC NOT CONVERGED!
protocols.relax.FastRelax: CMD: min  -1293.33  0.181664  0.181664  0.02805
protocols.relax.FastRelax: CMD: coord_cst_weight  -1365.82  0.181664  0.181664  0.02805
protocols.relax.FastRelax: CMD: scale:fa_rep  -1046.07  0.181664  0.181664  0.14575
core.pack.task: Packer task: initialize from command line() 
core.pack.pack_rotamers: built 7316 rotamers at 492 positions.
core.pack.interaction_graph.interaction_graph_factory: Instantiating DensePDInteractionGraph
protocols.relax.FastRelax: CMD: repack  -1064.94  0.181664  0.181664  0.14575
protocols.relax.FastRelax: CMD: scale:fa_rep  -1044.33  0.181664  0.181664  0.154
protocols.relax.FastRelax: CMD: min  -1195.57  0.229509  0.229509  0.154
protocols.relax.FastRelax: CMD: coord_cst_weight  -1310.62  0.229509  0.229509  0.154
protocols.relax.FastRelax: CMD: scale:fa_rep  -1128.98  0.229509  0.229509  0.30745
core.pack.task: Packer task: initialize from command line() 
core.pack.pack_rotamers: built 7135 rotamers at 492 positions.
core.pack.interaction_graph.interaction_graph_factory: Instantiating DensePDInteractionGraph
protocols.relax.FastRelax: CMD: repack  -1130  0.229509  0.229509  0.30745
protocols.relax.FastRelax: CMD: scale:fa_rep  -1115.86  0.229509  0.229509  0.31955
protocols.relax.FastRelax: CMD: min  -1306.99  2.7784  2.7784  0.31955
protocols.relax.FastRelax: CMD: coord_cst_weight  -1306.99  2.7784  2.7784  0.31955
protocols.relax.FastRelax: CMD: scale:fa_rep  -1098.93  2.7784  2.7784  0.55
core.pack.task: Packer task: initialize from command line() 
core.pack.pack_rotamers: built 6946 rotamers at 492 positions.
core.pack.interaction_graph.interaction_graph_factory: Instantiating DensePDInteractionGraph
protocols.relax.FastRelax: CMD: repack  -1101.24  2.7784  2.7784  0.55
protocols.relax.FastRelax: CMD: min  -1160.07  2.74629  2.74629  0.55
protocols.relax.FastRelax: MRP: 11  -1160.07  -1160.07  2.74629  2.74629  
protocols.relax.FastRelax: CMD: accept_to_best  -1160.07  2.74629  2.74629  0.55
protocols.relax.FastRelax: CMD: endrepeat  -1160.07  2.74629  2.74629  0.55
protocols.relax.FastRelax: CMD: coord_cst_weight  33014.3  2.74629  2.74629  0.55
protocols.relax.FastRelax: CMD: scale:fa_rep  32686.1  2.74629  2.74629  0.022
core.pack.task: Packer task: initialize from command line() 
core.pack.pack_rotamers: built 7758 rotamers at 492 positions.
core.pack.interaction_graph.interaction_graph_factory: Instantiating DensePDInteractionGraph
protocols.relax.FastRelax: CMD: repack  32669.7  2.74629  2.74629  0.022
protocols.relax.FastRelax: CMD: scale:fa_rep  32676  2.74629  2.74629  0.02805
core.optimization.Minimizer: [ WARNING ] LBFGS MAX CYCLES 2000 EXCEEDED, BUT FUNC NOT CONVERGED!
protocols.relax.FastRelax: CMD: min  -1277.14  0.183467  0.183467  0.02805
protocols.relax.FastRelax: CMD: coord_cst_weight  -1351.59  0.183467  0.183467  0.02805
protocols.relax.FastRelax: CMD: scale:fa_rep  -1027.63  0.183467  0.183467  0.14575
core.pack.task: Packer task: initialize from command line() 
core.pack.pack_rotamers: built 7301 rotamers at 492 positions.
core.pack.interaction_graph.interaction_graph_factory: Instantiating DensePDInteractionGraph
protocols.relax.FastRelax: CMD: repack  -1056.47  0.183467  0.183467  0.14575
protocols.relax.FastRelax: CMD: scale:fa_rep  -1036.06  0.183467  0.183467  0.154
protocols.relax.FastRelax: CMD: min  -1196.47  0.23119  0.23119  0.154
protocols.relax.FastRelax: CMD: coord_cst_weight  -1313.02  0.23119  0.23119  0.154
protocols.relax.FastRelax: CMD: scale:fa_rep  -1132.6  0.23119  0.23119  0.30745
core.pack.task: Packer task: initialize from command line() 
core.pack.pack_rotamers: built 7106 rotamers at 492 positions.
core.pack.interaction_graph.interaction_graph_factory: Instantiating DensePDInteractionGraph
protocols.relax.FastRelax: CMD: repack  -1132.92  0.23119  0.23119  0.30745
protocols.relax.FastRelax: CMD: scale:fa_rep  -1118.75  0.23119  0.23119  0.31955
protocols.relax.FastRelax: CMD: min  -1308.35  2.96116  2.96116  0.31955
protocols.relax.FastRelax: CMD: coord_cst_weight  -1308.35  2.96116  2.96116  0.31955
protocols.relax.FastRelax: CMD: scale:fa_rep  -1101.59  2.96116  2.96116  0.55
core.pack.task: Packer task: initialize from command line() 
core.pack.pack_rotamers: built 6936 rotamers at 492 positions.
core.pack.interaction_graph.interaction_graph_factory: Instantiating DensePDInteractionGraph
protocols.relax.FastRelax: CMD: repack  -1103.44  2.96116  2.96116  0.55
protocols.relax.FastRelax: CMD: min  -1158.92  3.12713  3.12713  0.55
protocols.relax.FastRelax: MRP: 12  -1158.92  -1160.07  2.74629  2.74629  
protocols.relax.FastRelax: CMD: accept_to_best  -1158.92  3.12713  3.12713  0.55
protocols.relax.FastRelax: CMD: endrepeat  -1158.92  3.12713  3.12713  0.55
protocols.relax.FastRelax: CMD: coord_cst_weight  48767.6  3.12713  3.12713  0.55
protocols.relax.FastRelax: CMD: scale:fa_rep  48438.2  3.12713  3.12713  0.022
core.pack.task: Packer task: initialize from command line() 
core.pack.pack_rotamers: built 7762 rotamers at 492 positions.
core.pack.interaction_graph.interaction_graph_factory: Instantiating DensePDInteractionGraph
protocols.relax.FastRelax: CMD: repack  48427.2  3.12713  3.12713  0.022
protocols.relax.FastRelax: CMD: scale:fa_rep  48436.2  3.12713  3.12713  0.02805
core.optimization.Minimizer: [ WARNING ] LBFGS MAX CYCLES 2000 EXCEEDED, BUT FUNC NOT CONVERGED!
protocols.relax.FastRelax: CMD: min  -1275.38  0.182707  0.182707  0.02805
protocols.relax.FastRelax: CMD: coord_cst_weight  -1349.02  0.182707  0.182707  0.02805
protocols.relax.FastRelax: CMD: scale:fa_rep  -1023  0.182707  0.182707  0.14575
core.pack.task: Packer task: initialize from command line() 
core.pack.pack_rotamers: built 7351 rotamers at 492 positions.
core.pack.interaction_graph.interaction_graph_factory: Instantiating DensePDInteractionGraph
protocols.relax.FastRelax: CMD: repack  -1060.24  0.182707  0.182707  0.14575
protocols.relax.FastRelax: CMD: scale:fa_rep  -1039.95  0.182707  0.182707  0.154
protocols.relax.FastRelax: CMD: min  -1195.5  0.230681  0.230681  0.154
protocols.relax.FastRelax: CMD: coord_cst_weight  -1311.48  0.230681  0.230681  0.154
protocols.relax.FastRelax: CMD: scale:fa_rep  -1129.47  0.230681  0.230681  0.30745
core.pack.task: Packer task: initialize from command line() 
core.pack.pack_rotamers: built 7122 rotamers at 492 positions.
core.pack.interaction_graph.interaction_graph_factory: Instantiating DensePDInteractionGraph
protocols.relax.FastRelax: CMD: repack  -1128.29  0.230681  0.230681  0.30745
protocols.relax.FastRelax: CMD: scale:fa_rep  -1114.19  0.230681  0.230681  0.31955
protocols.relax.FastRelax: CMD: min  -1302.2  3.20434  3.20434  0.31955
protocols.relax.FastRelax: CMD: coord_cst_weight  -1302.2  3.20434  3.20434  0.31955
protocols.relax.FastRelax: CMD: scale:fa_rep  -1091.26  3.20434  3.20434  0.55
core.pack.task: Packer task: initialize from command line() 
core.pack.pack_rotamers: built 6992 rotamers at 492 positions.
core.pack.interaction_graph.interaction_graph_factory: Instantiating DensePDInteractionGraph
protocols.relax.FastRelax: CMD: repack  -1105.82  3.20434  3.20434  0.55
protocols.relax.FastRelax: CMD: min  -1155.31  3.08465  3.08465  0.55
protocols.relax.FastRelax: MRP: 13  -1155.31  -1160.07  2.74629  2.74629  
protocols.relax.FastRelax: CMD: accept_to_best  -1155.31  3.08465  3.08465  0.55
protocols.relax.FastRelax: CMD: endrepeat  -1155.31  3.08465  3.08465  0.55
protocols.relax.FastRelax: CMD: coord_cst_weight  46358.5  3.08465  3.08465  0.55
protocols.relax.FastRelax: CMD: scale:fa_rep  46030.2  3.08465  3.08465  0.022
core.pack.task: Packer task: initialize from command line() 
core.pack.pack_rotamers: built 7778 rotamers at 492 positions.
core.pack.interaction_graph.interaction_graph_factory: Instantiating DensePDInteractionGraph
protocols.relax.FastRelax: CMD: repack  46012.3  3.08465  3.08465  0.022
protocols.relax.FastRelax: CMD: scale:fa_rep  46020.3  3.08465  3.08465  0.02805
core.optimization.Minimizer: [ WARNING ] LBFGS MAX CYCLES 2000 EXCEEDED, BUT FUNC NOT CONVERGED!
protocols.relax.FastRelax: CMD: min  -1257.06  0.190961  0.190961  0.02805
protocols.relax.FastRelax: CMD: coord_cst_weight  -1336.9  0.190961  0.190961  0.02805
protocols.relax.FastRelax: CMD: scale:fa_rep  -982.436  0.190961  0.190961  0.14575
core.pack.task: Packer task: initialize from command line() 
core.pack.pack_rotamers: built 7326 rotamers at 492 positions.
core.pack.interaction_graph.interaction_graph_factory: Instantiating DensePDInteractionGraph
protocols.relax.FastRelax: CMD: repack  -1049.31  0.190961  0.190961  0.14575
protocols.relax.FastRelax: CMD: scale:fa_rep  -1028.71  0.190961  0.190961  0.154
protocols.relax.FastRelax: CMD: min  -1195.4  0.231329  0.231329  0.154
protocols.relax.FastRelax: CMD: coord_cst_weight  -1312.24  0.231329  0.231329  0.154
protocols.relax.FastRelax: CMD: scale:fa_rep  -1133.27  0.231329  0.231329  0.30745
core.pack.task: Packer task: initialize from command line() 
core.pack.pack_rotamers: built 7092 rotamers at 492 positions.
core.pack.interaction_graph.interaction_graph_factory: Instantiating DensePDInteractionGraph
protocols.relax.FastRelax: CMD: repack  -1134.26  0.231329  0.231329  0.30745
protocols.relax.FastRelax: CMD: scale:fa_rep  -1120.3  0.231329  0.231329  0.31955
protocols.relax.FastRelax: CMD: min  -1308.27  3.13524  3.13524  0.31955
protocols.relax.FastRelax: CMD: coord_cst_weight  -1308.27  3.13524  3.13524  0.31955
protocols.relax.FastRelax: CMD: scale:fa_rep  -1098.73  3.13524  3.13524  0.55
core.pack.task: Packer task: initialize from command line() 
core.pack.pack_rotamers: built 6966 rotamers at 492 positions.
core.pack.interaction_graph.interaction_graph_factory: Instantiating DensePDInteractionGraph
protocols.relax.FastRelax: CMD: repack  -1103.68  3.13524  3.13524  0.55
protocols.relax.FastRelax: CMD: min  -1160.89  3.07527  3.07527  0.55
protocols.relax.FastRelax: MRP: 14  -1160.89  -1160.89  3.07527  3.07527  
protocols.relax.FastRelax: CMD: accept_to_best  -1160.89  3.07527  3.07527  0.55
protocols.relax.FastRelax: CMD: endrepeat  -1160.89  3.07527  3.07527  0.55
protocols::checkpoint: Deleting checkpoints of FastRelax
protocols.jd2.JobDistributor: target.BL00010001_4_0005 reported success in 14007 seconds
protocols.jd2.PDBJobInputter: PDBJobInputter::pose_from_job
protocols.jd2.PDBJobInputter: filling pose from PDB ../1-modeller/target.BL00010001.pdb
core.import_pose.import_pose: File '../1-modeller/target.BL00010001.pdb' automatically determined to be of type PDB from contents.
core.io.rcsb.ExperimentalTechnique: [ ERROR ] Unrecognized experimental technique string 'THEORETICAL MODEL, MODELLER 10.8 2026/08/10 16:18:02'
protocols.relax.FastRelax: CMD: repeat  4476.34  0  0  0.55
protocols.relax.FastRelax: CMD: coord_cst_weight  4476.34  0  0  0.55
protocols.relax.FastRelax: CMD: scale:fa_rep  806.987  0  0  0.022
core.pack.task: Packer task: initialize from command line() 
core.pack.pack_rotamers: built 8129 rotamers at 492 positions.
core.pack.interaction_graph.interaction_graph_factory: Instantiating DensePDInteractionGraph
protocols.relax.FastRelax: CMD: repack  -878.663  0  0  0.022
protocols.relax.FastRelax: CMD: scale:fa_rep  -841.893  0  0  0.02805
core.optimization.Minimizer: [ WARNING ] LBFGS MAX CYCLES 2000 EXCEEDED, BUT FUNC NOT CONVERGED!
protocols.relax.FastRelax: CMD: min  -1296.52  0.148619  0.148619  0.02805
protocols.relax.FastRelax: CMD: coord_cst_weight  -1343.07  0.148619  0.148619  0.02805
protocols.relax.FastRelax: CMD: scale:fa_rep  -971.25  0.148619  0.148619  0.14575
core.pack.task: Packer task: initialize from command line() 
core.pack.pack_rotamers: built 7391 rotamers at 492 positions.
core.pack.interaction_graph.interaction_graph_factory: Instantiating DensePDInteractionGraph
protocols.relax.FastRelax: CMD: repack  -1005.56  0.148619  0.148619  0.14575
protocols.relax.FastRelax: CMD: scale:fa_rep  -984.01  0.148619  0.148619  0.154
core.optimization.Minimizer: [ WARNING ] LBFGS MAX CYCLES 2000 EXCEEDED, BUT FUNC NOT CONVERGED!
protocols.relax.FastRelax: CMD: min  -1169.22  0.205137  0.205137  0.154
protocols.relax.FastRelax: CMD: coord_cst_weight  -1259.2  0.205137  0.205137  0.154
protocols.relax.FastRelax: CMD: scale:fa_rep  -1071.76  0.205137  0.205137  0.30745
core.pack.task: Packer task: initialize from command line() 
core.pack.pack_rotamers: built 7183 rotamers at 492 positions.
core.pack.interaction_graph.interaction_graph_factory: Instantiating DensePDInteractionGraph
protocols.relax.FastRelax: CMD: repack  -1064.38  0.205137  0.205137  0.30745
protocols.relax.FastRelax: CMD: scale:fa_rep  -1050.03  0.205137  0.205137  0.31955
protocols.relax.FastRelax: CMD: min  -1244.9  2.89766  2.89766  0.31955
protocols.relax.FastRelax: CMD: coord_cst_weight  -1244.9  2.89766  2.89766  0.31955
protocols.relax.FastRelax: CMD: scale:fa_rep  -1034.7  2.89766  2.89766  0.55
core.pack.task: Packer task: initialize from command line() 
core.pack.pack_rotamers: built 7005 rotamers at 492 positions.
core.pack.interaction_graph.interaction_graph_factory: Instantiating DensePDInteractionGraph
protocols.relax.FastRelax: CMD: repack  -1041.75  2.89766  2.89766  0.55
protocols.relax.FastRelax: CMD: min  -1104.67  2.99224  2.99224  0.55
protocols.relax.FastRelax: MRP: 0  -1104.67  -1104.67  2.99224  2.99224  
protocols.relax.FastRelax: CMD: accept_to_best  -1104.67  2.99224  2.99224  0.55
protocols.relax.FastRelax: CMD: endrepeat  -1104.67  2.99224  2.99224  0.55
protocols.relax.FastRelax: CMD: coord_cst_weight  94061.4  2.99224  2.99224  0.55
protocols.relax.FastRelax: CMD: scale:fa_rep  93727.4  2.99224  2.99224  0.022
core.pack.task: Packer task: initialize from command line() 
core.pack.pack_rotamers: built 7805 rotamers at 492 positions.
core.pack.interaction_graph.interaction_graph_factory: Instantiating DensePDInteractionGraph
protocols.relax.FastRelax: CMD: repack  93704.3  2.99224  2.99224  0.022
protocols.relax.FastRelax: CMD: scale:fa_rep  93713.4  2.99224  2.99224  0.02805
core.optimization.Minimizer: [ WARNING ] LBFGS MAX CYCLES 2000 EXCEEDED, BUT FUNC NOT CONVERGED!
protocols.relax.FastRelax: CMD: min  -1265.89  0.174191  0.174191  0.02805
protocols.relax.FastRelax: CMD: coord_cst_weight  -1331.96  0.174191  0.174191  0.02805
protocols.relax.FastRelax: CMD: scale:fa_rep  -1000.22  0.174191  0.174191  0.14575
core.pack.task: Packer task: initialize from command line() 
core.pack.pack_rotamers: built 7352 rotamers at 492 positions.
core.pack.interaction_graph.interaction_graph_factory: Instantiating DensePDInteractionGraph
protocols.relax.FastRelax: CMD: repack  -1051.2  0.174191  0.174191  0.14575
protocols.relax.FastRelax: CMD: scale:fa_rep  -1030.92  0.174191  0.174191  0.154
protocols.relax.FastRelax: CMD: min  -1187.71  0.217237  0.217237  0.154
protocols.relax.FastRelax: CMD: coord_cst_weight  -1291.07  0.217237  0.217237  0.154
protocols.relax.FastRelax: CMD: scale:fa_rep  -1109.1  0.217237  0.217237  0.30745
core.pack.task: Packer task: initialize from command line() 
core.pack.pack_rotamers: built 7118 rotamers at 492 positions.
core.pack.interaction_graph.interaction_graph_factory: Instantiating DensePDInteractionGraph
protocols.relax.FastRelax: CMD: repack  -1111.3  0.217237  0.217237  0.30745
protocols.relax.FastRelax: CMD: scale:fa_rep  -1097.21  0.217237  0.217237  0.31955
protocols.relax.FastRelax: CMD: min  -1288.96  2.89307  2.89307  0.31955
protocols.relax.FastRelax: CMD: coord_cst_weight  -1288.96  2.89307  2.89307  0.31955
protocols.relax.FastRelax: CMD: scale:fa_rep  -1080.68  2.89307  2.89307  0.55
core.pack.task: Packer task: initialize from command line() 
core.pack.pack_rotamers: built 6935 rotamers at 492 positions.
core.pack.interaction_graph.interaction_graph_factory: Instantiating DensePDInteractionGraph
protocols.relax.FastRelax: CMD: repack  -1079.04  2.89307  2.89307  0.55
protocols.relax.FastRelax: CMD: min  -1139.84  2.44842  2.44842  0.55
protocols.relax.FastRelax: MRP: 1  -1139.84  -1139.84  2.44842  2.44842  
protocols.relax.FastRelax: CMD: accept_to_best  -1139.84  2.44842  2.44842  0.55
protocols.relax.FastRelax: CMD: endrepeat  -1139.84  2.44842  2.44842  0.55
protocols.relax.FastRelax: CMD: coord_cst_weight  98238  2.44842  2.44842  0.55
protocols.relax.FastRelax: CMD: scale:fa_rep  97910.9  2.44842  2.44842  0.022
core.pack.task: Packer task: initialize from command line() 
core.pack.pack_rotamers: built 7756 rotamers at 492 positions.
core.pack.interaction_graph.interaction_graph_factory: Instantiating DensePDInteractionGraph
protocols.relax.FastRelax: CMD: repack  97892.9  2.44842  2.44842  0.022
protocols.relax.FastRelax: CMD: scale:fa_rep  97901.6  2.44842  2.44842  0.02805
core.optimization.Minimizer: [ WARNING ] LBFGS MAX CYCLES 2000 EXCEEDED, BUT FUNC NOT CONVERGED!
protocols.relax.FastRelax: CMD: min  -1250.64  0.187841  0.187841  0.02805
protocols.relax.FastRelax: CMD: coord_cst_weight  -1324.99  0.187841  0.187841  0.02805
protocols.relax.FastRelax: CMD: scale:fa_rep  -991.224  0.187841  0.187841  0.14575
core.pack.task: Packer task: initialize from command line() 
core.pack.pack_rotamers: built 7339 rotamers at 492 positions.
core.pack.interaction_graph.interaction_graph_factory: Instantiating DensePDInteractionGraph
protocols.relax.FastRelax: CMD: repack  -1027.58  0.187841  0.187841  0.14575
protocols.relax.FastRelax: CMD: scale:fa_rep  -1006.77  0.187841  0.187841  0.154
protocols.relax.FastRelax: CMD: min  -1186.27  0.221731  0.221731  0.154
protocols.relax.FastRelax: CMD: coord_cst_weight  -1294.55  0.221731  0.221731  0.154
protocols.relax.FastRelax: CMD: scale:fa_rep  -1115.65  0.221731  0.221731  0.30745
core.pack.task: Packer task: initialize from command line() 
core.pack.pack_rotamers: built 7148 rotamers at 492 positions.
core.pack.interaction_graph.interaction_graph_factory: Instantiating DensePDInteractionGraph
protocols.relax.FastRelax: CMD: repack  -1117.03  0.221731  0.221731  0.30745
protocols.relax.FastRelax: CMD: scale:fa_rep  -1103.09  0.221731  0.221731  0.31955
protocols.relax.FastRelax: CMD: min  -1291.7  2.49912  2.49912  0.31955
protocols.relax.FastRelax: CMD: coord_cst_weight  -1291.7  2.49912  2.49912  0.31955
protocols.relax.FastRelax: CMD: scale:fa_rep  -1084.48  2.49912  2.49912  0.55
core.pack.task: Packer task: initialize from command line() 
core.pack.pack_rotamers: built 7004 rotamers at 492 positions.
core.pack.interaction_graph.interaction_graph_factory: Instantiating DensePDInteractionGraph
protocols.relax.FastRelax: CMD: repack  -1085.34  2.49912  2.49912  0.55
protocols.relax.FastRelax: CMD: min  -1138.32  2.27411  2.27411  0.55
protocols.relax.FastRelax: MRP: 2  -1138.32  -1139.84  2.44842  2.44842  
protocols.relax.FastRelax: CMD: accept_to_best  -1138.32  2.27411  2.27411  0.55
protocols.relax.FastRelax: CMD: endrepeat  -1138.32  2.27411  2.27411  0.55
protocols.relax.FastRelax: CMD: coord_cst_weight  32532.6  2.27411  2.27411  0.55
protocols.relax.FastRelax: CMD: scale:fa_rep  32202.7  2.27411  2.27411  0.022
core.pack.task: Packer task: initialize from command line() 
core.pack.pack_rotamers: built 7723 rotamers at 492 positions.
core.pack.interaction_graph.interaction_graph_factory: Instantiating DensePDInteractionGraph
protocols.relax.FastRelax: CMD: repack  32192.7  2.27411  2.27411  0.022
protocols.relax.FastRelax: CMD: scale:fa_rep  32203.8  2.27411  2.27411  0.02805
core.optimization.Minimizer: [ WARNING ] LBFGS MAX CYCLES 2000 EXCEEDED, BUT FUNC NOT CONVERGED!
protocols.relax.FastRelax: CMD: min  -1256.56  0.18174  0.18174  0.02805
protocols.relax.FastRelax: CMD: coord_cst_weight  -1328.75  0.18174  0.18174  0.02805
protocols.relax.FastRelax: CMD: scale:fa_rep  -984.289  0.18174  0.18174  0.14575
core.pack.task: Packer task: initialize from command line() 
core.pack.pack_rotamers: built 7315 rotamers at 492 positions.
core.pack.interaction_graph.interaction_graph_factory: Instantiating DensePDInteractionGraph
protocols.relax.FastRelax: CMD: repack  -1047.02  0.18174  0.18174  0.14575
protocols.relax.FastRelax: CMD: scale:fa_rep  -1027.64  0.18174  0.18174  0.154
protocols.relax.FastRelax: CMD: min  -1187.19  0.223756  0.223756  0.154
protocols.relax.FastRelax: CMD: coord_cst_weight  -1296.74  0.223756  0.223756  0.154
protocols.relax.FastRelax: CMD: scale:fa_rep  -1119.41  0.223756  0.223756  0.30745
core.pack.task: Packer task: initialize from command line() 
core.pack.pack_rotamers: built 7127 rotamers at 492 positions.
core.pack.interaction_graph.interaction_graph_factory: Instantiating DensePDInteractionGraph
protocols.relax.FastRelax: CMD: repack  -1120.81  0.223756  0.223756  0.30745
protocols.relax.FastRelax: CMD: scale:fa_rep  -1106.97  0.223756  0.223756  0.31955
protocols.relax.FastRelax: CMD: min  -1285.66  2.64424  2.64424  0.31955
protocols.relax.FastRelax: CMD: coord_cst_weight  -1285.66  2.64424  2.64424  0.31955
protocols.relax.FastRelax: CMD: scale:fa_rep  -1078.39  2.64424  2.64424  0.55
core.pack.task: Packer task: initialize from command line() 
core.pack.pack_rotamers: built 7002 rotamers at 492 positions.
core.pack.interaction_graph.interaction_graph_factory: Instantiating DensePDInteractionGraph
protocols.relax.FastRelax: CMD: repack  -1080.37  2.64424  2.64424  0.55
protocols.relax.FastRelax: CMD: min  -1139.17  2.38197  2.38197  0.55
protocols.relax.FastRelax: MRP: 3  -1139.17  -1139.84  2.44842  2.44842  
protocols.relax.FastRelax: CMD: accept_to_best  -1139.17  2.38197  2.38197  0.55
protocols.relax.FastRelax: CMD: endrepeat  -1139.17  2.38197  2.38197  0.55
protocols.relax.FastRelax: CMD: coord_cst_weight  35411.2  2.38197  2.38197  0.55
protocols.relax.FastRelax: CMD: scale:fa_rep  35079.9  2.38197  2.38197  0.022
core.pack.task: Packer task: initialize from command line() 
core.pack.pack_rotamers: built 7685 rotamers at 492 positions.
core.pack.interaction_graph.interaction_graph_factory: Instantiating DensePDInteractionGraph
protocols.relax.FastRelax: CMD: repack  35061.2  2.38197  2.38197  0.022
protocols.relax.FastRelax: CMD: scale:fa_rep  35070.8  2.38197  2.38197  0.02805
core.optimization.Minimizer: [ WARNING ] LBFGS MAX CYCLES 2000 EXCEEDED, BUT FUNC NOT CONVERGED!
protocols.relax.FastRelax: CMD: min  -1227.7  0.201989  0.201989  0.02805
protocols.relax.FastRelax: CMD: coord_cst_weight  -1311.13  0.201989  0.201989  0.02805
protocols.relax.FastRelax: CMD: scale:fa_rep  -948.768  0.201989  0.201989  0.14575
core.pack.task: Packer task: initialize from command line() 
core.pack.pack_rotamers: built 7332 rotamers at 492 positions.
core.pack.interaction_graph.interaction_graph_factory: Instantiating DensePDInteractionGraph
protocols.relax.FastRelax: CMD: repack  -1036.91  0.201989  0.201989  0.14575
protocols.relax.FastRelax: CMD: scale:fa_rep  -1017.17  0.201989  0.201989  0.154
protocols.relax.FastRelax: CMD: min  -1181.56  0.22997  0.22997  0.154
protocols.relax.FastRelax: CMD: coord_cst_weight  -1295.49  0.22997  0.22997  0.154
protocols.relax.FastRelax: CMD: scale:fa_rep  -1118.42  0.22997  0.22997  0.30745
core.pack.task: Packer task: initialize from command line() 
core.pack.pack_rotamers: built 7152 rotamers at 492 positions.
core.pack.interaction_graph.interaction_graph_factory: Instantiating DensePDInteractionGraph
protocols.relax.FastRelax: CMD: repack  -1119.47  0.22997  0.22997  0.30745
protocols.relax.FastRelax: CMD: scale:fa_rep  -1105.62  0.22997  0.22997  0.31955
protocols.relax.FastRelax: CMD: min  -1298.11  2.25063  2.25063  0.31955
protocols.relax.FastRelax: CMD: coord_cst_weight  -1298.11  2.25063  2.25063  0.31955
protocols.relax.FastRelax: CMD: scale:fa_rep  -1094.16  2.25063  2.25063  0.55
core.pack.task: Packer task: initialize from command line() 
core.pack.pack_rotamers: built 6998 rotamers at 492 positions.
core.pack.interaction_graph.interaction_graph_factory: Instantiating DensePDInteractionGraph
protocols.relax.FastRelax: CMD: repack  -1095.22  2.25063  2.25063  0.55
protocols.relax.FastRelax: CMD: min  -1149.07  2.20545  2.20545  0.55
protocols.relax.FastRelax: MRP: 4  -1149.07  -1149.07  2.20545  2.20545  
protocols.relax.FastRelax: CMD: accept_to_best  -1149.07  2.20545  2.20545  0.55
protocols.relax.FastRelax: CMD: endrepeat  -1149.07  2.20545  2.20545  0.55
protocols.relax.FastRelax: CMD: coord_cst_weight  30982.6  2.20545  2.20545  0.55
protocols.relax.FastRelax: CMD: scale:fa_rep  30655.7  2.20545  2.20545  0.022
core.pack.task: Packer task: initialize from command line() 
core.pack.pack_rotamers: built 7675 rotamers at 492 positions.
core.pack.interaction_graph.interaction_graph_factory: Instantiating DensePDInteractionGraph
protocols.relax.FastRelax: CMD: repack  30634.8  2.20545  2.20545  0.022
protocols.relax.FastRelax: CMD: scale:fa_rep  30640.8  2.20545  2.20545  0.02805
core.optimization.Minimizer: [ WARNING ] LBFGS MAX CYCLES 2000 EXCEEDED, BUT FUNC NOT CONVERGED!
protocols.relax.FastRelax: CMD: min  -1266.27  0.180821  0.180821  0.02805
protocols.relax.FastRelax: CMD: coord_cst_weight  -1336.09  0.180821  0.180821  0.02805
protocols.relax.FastRelax: CMD: scale:fa_rep  -1012.56  0.180821  0.180821  0.14575
core.pack.task: Packer task: initialize from command line() 
core.pack.pack_rotamers: built 7367 rotamers at 492 positions.
core.pack.interaction_graph.interaction_graph_factory: Instantiating DensePDInteractionGraph
protocols.relax.FastRelax: CMD: repack  -1048.36  0.180821  0.180821  0.14575
protocols.relax.FastRelax: CMD: scale:fa_rep  -1028.21  0.180821  0.180821  0.154
protocols.relax.FastRelax: CMD: min  -1188.01  0.225732  0.225732  0.154
protocols.relax.FastRelax: CMD: coord_cst_weight  -1299.27  0.225732  0.225732  0.154
protocols.relax.FastRelax: CMD: scale:fa_rep  -1120.85  0.225732  0.225732  0.30745
core.pack.task: Packer task: initialize from command line() 
core.pack.pack_rotamers: built 7105 rotamers at 492 positions.
core.pack.interaction_graph.interaction_graph_factory: Instantiating DensePDInteractionGraph
protocols.relax.FastRelax: CMD: repack  -1122.45  0.225732  0.225732  0.30745
protocols.relax.FastRelax: CMD: scale:fa_rep  -1108.5  0.225732  0.225732  0.31955
protocols.relax.FastRelax: CMD: min  -1292.1  2.13415  2.13415  0.31955
protocols.relax.FastRelax: CMD: coord_cst_weight  -1292.1  2.13415  2.13415  0.31955
protocols.relax.FastRelax: CMD: scale:fa_rep  -1086.19  2.13415  2.13415  0.55
core.pack.task: Packer task: initialize from command line() 
core.pack.pack_rotamers: built 6971 rotamers at 492 positions.
core.pack.interaction_graph.interaction_graph_factory: Instantiating DensePDInteractionGraph
protocols.relax.FastRelax: CMD: repack  -1088.61  2.13415  2.13415  0.55
protocols.relax.FastRelax: CMD: min  -1143.64  2.69128  2.69128  0.55
protocols.relax.FastRelax: MRP: 5  -1143.64  -1149.07  2.20545  2.20545  
protocols.relax.FastRelax: CMD: accept_to_best  -1143.64  2.69128  2.69128  0.55
protocols.relax.FastRelax: CMD: endrepeat  -1143.64  2.69128  2.69128  0.55
protocols.relax.FastRelax: CMD: coord_cst_weight  34516.2  2.69128  2.69128  0.55
protocols.relax.FastRelax: CMD: scale:fa_rep  34186.3  2.69128  2.69128  0.022
core.pack.task: Packer task: initialize from command line() 
core.pack.pack_rotamers: built 7695 rotamers at 492 positions.
core.pack.interaction_graph.interaction_graph_factory: Instantiating DensePDInteractionGraph
protocols.relax.FastRelax: CMD: repack  34170.9  2.69128  2.69128  0.022
protocols.relax.FastRelax: CMD: scale:fa_rep  34180.9  2.69128  2.69128  0.02805
core.optimization.Minimizer: [ WARNING ] LBFGS MAX CYCLES 2000 EXCEEDED, BUT FUNC NOT CONVERGED!
protocols.relax.FastRelax: CMD: min  -1233.42  0.19523  0.19523  0.02805
protocols.relax.FastRelax: CMD: coord_cst_weight  -1312.18  0.19523  0.19523  0.02805
protocols.relax.FastRelax: CMD: scale:fa_rep  -968.597  0.19523  0.19523  0.14575
core.pack.task: Packer task: initialize from command line() 
core.pack.pack_rotamers: built 7344 rotamers at 492 positions.
core.pack.interaction_graph.interaction_graph_factory: Instantiating DensePDInteractionGraph
protocols.relax.FastRelax: CMD: repack  -1042.43  0.19523  0.19523  0.14575
protocols.relax.FastRelax: CMD: scale:fa_rep  -1023.26  0.19523  0.19523  0.154
protocols.relax.FastRelax: CMD: min  -1173  0.230413  0.230413  0.154
protocols.relax.FastRelax: CMD: coord_cst_weight  -1288.47  0.230413  0.230413  0.154
protocols.relax.FastRelax: CMD: scale:fa_rep  -1108.81  0.230413  0.230413  0.30745
core.pack.task: Packer task: initialize from command line() 
core.pack.pack_rotamers: built 7126 rotamers at 492 positions.
core.pack.interaction_graph.interaction_graph_factory: Instantiating DensePDInteractionGraph
protocols.relax.FastRelax: CMD: repack  -1113.31  0.230413  0.230413  0.30745
protocols.relax.FastRelax: CMD: scale:fa_rep  -1099.3  0.230413  0.230413  0.31955
protocols.relax.FastRelax: CMD: min  -1284.3  2.828  2.828  0.31955
protocols.relax.FastRelax: CMD: coord_cst_weight  -1284.3  2.828  2.828  0.31955
protocols.relax.FastRelax: CMD: scale:fa_rep  -1077.06  2.828  2.828  0.55
core.pack.task: Packer task: initialize from command line() 
core.pack.pack_rotamers: built 7020 rotamers at 492 positions.
core.pack.interaction_graph.interaction_graph_factory: Instantiating DensePDInteractionGraph
protocols.relax.FastRelax: CMD: repack  -1079.6  2.828  2.828  0.55
protocols.relax.FastRelax: CMD: min  -1131.64  3.80825  3.80825  0.55
protocols.relax.FastRelax: MRP: 6  -1131.64  -1149.07  2.20545  2.20545  
protocols.relax.FastRelax: CMD: accept_to_best  -1131.64  3.80825  3.80825  0.55
protocols.relax.FastRelax: CMD: endrepeat  -1131.64  3.80825  3.80825  0.55
protocols.relax.FastRelax: CMD: coord_cst_weight  64346.5  3.80825  3.80825  0.55
protocols.relax.FastRelax: CMD: scale:fa_rep  64017.8  3.80825  3.80825  0.022
core.pack.task: Packer task: initialize from command line() 
core.pack.pack_rotamers: built 7741 rotamers at 492 positions.
core.pack.interaction_graph.interaction_graph_factory: Instantiating DensePDInteractionGraph
protocols.relax.FastRelax: CMD: repack  64000  3.80825  3.80825  0.022
protocols.relax.FastRelax: CMD: scale:fa_rep  64008.5  3.80825  3.80825  0.02805
core.optimization.Minimizer: [ WARNING ] LBFGS MAX CYCLES 2000 EXCEEDED, BUT FUNC NOT CONVERGED!
protocols.relax.FastRelax: CMD: min  -1248.24  0.187806  0.187806  0.02805
protocols.relax.FastRelax: CMD: coord_cst_weight  -1325.32  0.187806  0.187806  0.02805
protocols.relax.FastRelax: CMD: scale:fa_rep  -971.78  0.187806  0.187806  0.14575
core.pack.task: Packer task: initialize from command line() 
core.pack.pack_rotamers: built 7370 rotamers at 492 positions.
core.pack.interaction_graph.interaction_graph_factory: Instantiating DensePDInteractionGraph
protocols.relax.FastRelax: CMD: repack  -1045.91  0.187806  0.187806  0.14575
protocols.relax.FastRelax: CMD: scale:fa_rep  -1026.61  0.187806  0.187806  0.154
protocols.relax.FastRelax: CMD: min  -1189.88  0.225543  0.225543  0.154
protocols.relax.FastRelax: CMD: coord_cst_weight  -1302.03  0.225543  0.225543  0.154
protocols.relax.FastRelax: CMD: scale:fa_rep  -1121.73  0.225543  0.225543  0.30745
core.pack.task: Packer task: initialize from command line() 
core.pack.pack_rotamers: built 7153 rotamers at 492 positions.
core.pack.interaction_graph.interaction_graph_factory: Instantiating DensePDInteractionGraph
protocols.relax.FastRelax: CMD: repack  -1123.68  0.225543  0.225543  0.30745
protocols.relax.FastRelax: CMD: scale:fa_rep  -1109.65  0.225543  0.225543  0.31955
protocols.relax.FastRelax: CMD: min  -1298.78  2.8357  2.8357  0.31955
protocols.relax.FastRelax: CMD: coord_cst_weight  -1298.78  2.8357  2.8357  0.31955
protocols.relax.FastRelax: CMD: scale:fa_rep  -1093.35  2.8357  2.8357  0.55
core.pack.task: Packer task: initialize from command line() 
core.pack.pack_rotamers: built 7025 rotamers at 492 positions.
core.pack.interaction_graph.interaction_graph_factory: Instantiating DensePDInteractionGraph
protocols.relax.FastRelax: CMD: repack  -1101.04  2.8357  2.8357  0.55
protocols.relax.FastRelax: CMD: min  -1154.37  3.15999  3.15999  0.55
protocols.relax.FastRelax: MRP: 7  -1154.37  -1154.37  3.15999  3.15999  
protocols.relax.FastRelax: CMD: accept_to_best  -1154.37  3.15999  3.15999  0.55
protocols.relax.FastRelax: CMD: endrepeat  -1154.37  3.15999  3.15999  0.55
protocols.relax.FastRelax: CMD: coord_cst_weight  41983.1  3.15999  3.15999  0.55
protocols.relax.FastRelax: CMD: scale:fa_rep  41653.9  3.15999  3.15999  0.022
core.pack.task: Packer task: initialize from command line() 
core.pack.pack_rotamers: built 7761 rotamers at 492 positions.
core.pack.interaction_graph.interaction_graph_factory: Instantiating DensePDInteractionGraph
protocols.relax.FastRelax: CMD: repack  41635.1  3.15999  3.15999  0.022
protocols.relax.FastRelax: CMD: scale:fa_rep  41643.2  3.15999  3.15999  0.02805
core.optimization.Minimizer: [ WARNING ] LBFGS MAX CYCLES 2000 EXCEEDED, BUT FUNC NOT CONVERGED!
protocols.relax.FastRelax: CMD: min  -1251.48  0.193787  0.193787  0.02805
protocols.relax.FastRelax: CMD: coord_cst_weight  -1331.43  0.193787  0.193787  0.02805
protocols.relax.FastRelax: CMD: scale:fa_rep  -999.514  0.193787  0.193787  0.14575
core.pack.task: Packer task: initialize from command line() 
core.pack.pack_rotamers: built 7354 rotamers at 492 positions.
core.pack.interaction_graph.interaction_graph_factory: Instantiating DensePDInteractionGraph
protocols.relax.FastRelax: CMD: repack  -1042.18  0.193787  0.193787  0.14575
protocols.relax.FastRelax: CMD: scale:fa_rep  -1021.94  0.193787  0.193787  0.154
protocols.relax.FastRelax: CMD: min  -1180.83  0.234811  0.234811  0.154
protocols.relax.FastRelax: CMD: coord_cst_weight  -1300.49  0.234811  0.234811  0.154
protocols.relax.FastRelax: CMD: scale:fa_rep  -1121.43  0.234811  0.234811  0.30745
core.pack.task: Packer task: initialize from command line() 
core.pack.pack_rotamers: built 7166 rotamers at 492 positions.
core.pack.interaction_graph.interaction_graph_factory: Instantiating DensePDInteractionGraph
protocols.relax.FastRelax: CMD: repack  -1122.26  0.234811  0.234811  0.30745
protocols.relax.FastRelax: CMD: scale:fa_rep  -1108.19  0.234811  0.234811  0.31955
protocols.relax.FastRelax: CMD: min  -1300.53  2.39341  2.39341  0.31955
protocols.relax.FastRelax: CMD: coord_cst_weight  -1300.53  2.39341  2.39341  0.31955
protocols.relax.FastRelax: CMD: scale:fa_rep  -1095.15  2.39341  2.39341  0.55
core.pack.task: Packer task: initialize from command line() 
core.pack.pack_rotamers: built 6982 rotamers at 492 positions.
core.pack.interaction_graph.interaction_graph_factory: Instantiating DensePDInteractionGraph
protocols.relax.FastRelax: CMD: repack  -1101.46  2.39341  2.39341  0.55
protocols.relax.FastRelax: CMD: min  -1156.16  2.70415  2.70415  0.55
protocols.relax.FastRelax: MRP: 8  -1156.16  -1156.16  2.70415  2.70415  
protocols.relax.FastRelax: CMD: accept_to_best  -1156.16  2.70415  2.70415  0.55
protocols.relax.FastRelax: CMD: endrepeat  -1156.16  2.70415  2.70415  0.55
protocols.relax.FastRelax: CMD: coord_cst_weight  34055.3  2.70415  2.70415  0.55
protocols.relax.FastRelax: CMD: scale:fa_rep  33725.8  2.70415  2.70415  0.022
core.pack.task: Packer task: initialize from command line() 
core.pack.pack_rotamers: built 7759 rotamers at 492 positions.
core.pack.interaction_graph.interaction_graph_factory: Instantiating DensePDInteractionGraph
protocols.relax.FastRelax: CMD: repack  33716.3  2.70415  2.70415  0.022
protocols.relax.FastRelax: CMD: scale:fa_rep  33726.2  2.70415  2.70415  0.02805
core.optimization.Minimizer: [ WARNING ] LBFGS MAX CYCLES 2000 EXCEEDED, BUT FUNC NOT CONVERGED!
protocols.relax.FastRelax: CMD: min  -1235.46  0.189614  0.189614  0.02805
protocols.relax.FastRelax: CMD: coord_cst_weight  -1312.11  0.189614  0.189614  0.02805
protocols.relax.FastRelax: CMD: scale:fa_rep  -857.799  0.189614  0.189614  0.14575
core.pack.task: Packer task: initialize from command line() 
core.pack.pack_rotamers: built 7370 rotamers at 492 positions.
core.pack.interaction_graph.interaction_graph_factory: Instantiating DensePDInteractionGraph
protocols.relax.FastRelax: CMD: repack  -1042.9  0.189614  0.189614  0.14575
protocols.relax.FastRelax: CMD: scale:fa_rep  -1022.03  0.189614  0.189614  0.154
protocols.relax.FastRelax: CMD: min  -1191.26  0.228808  0.228808  0.154
protocols.relax.FastRelax: CMD: coord_cst_weight  -1306.02  0.228808  0.228808  0.154
protocols.relax.FastRelax: CMD: scale:fa_rep  -1124.1  0.228808  0.228808  0.30745
core.pack.task: Packer task: initialize from command line() 
core.pack.pack_rotamers: built 7166 rotamers at 492 positions.
core.pack.interaction_graph.interaction_graph_factory: Instantiating DensePDInteractionGraph
protocols.relax.FastRelax: CMD: repack  -1126.49  0.228808  0.228808  0.30745
protocols.relax.FastRelax: CMD: scale:fa_rep  -1112.34  0.228808  0.228808  0.31955
protocols.relax.FastRelax: CMD: min  -1297.92  3.2161  3.2161  0.31955
protocols.relax.FastRelax: CMD: coord_cst_weight  -1297.92  3.2161  3.2161  0.31955
protocols.relax.FastRelax: CMD: scale:fa_rep  -1091.6  3.2161  3.2161  0.55
core.pack.task: Packer task: initialize from command line() 
core.pack.pack_rotamers: built 6986 rotamers at 492 positions.
core.pack.interaction_graph.interaction_graph_factory: Instantiating DensePDInteractionGraph
protocols.relax.FastRelax: CMD: repack  -1094.43  3.2161  3.2161  0.55
protocols.relax.FastRelax: CMD: min  -1148.87  3.08427  3.08427  0.55
protocols.relax.FastRelax: MRP: 9  -1148.87  -1156.16  2.70415  2.70415  
protocols.relax.FastRelax: CMD: accept_to_best  -1148.87  3.08427  3.08427  0.55
protocols.relax.FastRelax: CMD: endrepeat  -1148.87  3.08427  3.08427  0.55
protocols.relax.FastRelax: CMD: coord_cst_weight  41495.4  3.08427  3.08427  0.55
protocols.relax.FastRelax: CMD: scale:fa_rep  41166.4  3.08427  3.08427  0.022
core.pack.task: Packer task: initialize from command line() 
core.pack.pack_rotamers: built 7736 rotamers at 492 positions.
core.pack.interaction_graph.interaction_graph_factory: Instantiating DensePDInteractionGraph
protocols.relax.FastRelax: CMD: repack  41143.7  3.08427  3.08427  0.022
protocols.relax.FastRelax: CMD: scale:fa_rep  41151.4  3.08427  3.08427  0.02805
core.optimization.Minimizer: [ WARNING ] LBFGS MAX CYCLES 2000 EXCEEDED, BUT FUNC NOT CONVERGED!
protocols.relax.FastRelax: CMD: min  -1262.45  0.189473  0.189473  0.02805
protocols.relax.FastRelax: CMD: coord_cst_weight  -1341.48  0.189473  0.189473  0.02805
protocols.relax.FastRelax: CMD: scale:fa_rep  -981.394  0.189473  0.189473  0.14575
core.pack.task: Packer task: initialize from command line() 
core.pack.pack_rotamers: built 7359 rotamers at 492 positions.
core.pack.interaction_graph.interaction_graph_factory: Instantiating DensePDInteractionGraph
protocols.relax.FastRelax: CMD: repack  -1044.14  0.189473  0.189473  0.14575
protocols.relax.FastRelax: CMD: scale:fa_rep  -1023.49  0.189473  0.189473  0.154
protocols.relax.FastRelax: CMD: min  -1188.16  0.227275  0.227275  0.154
protocols.relax.FastRelax: CMD: coord_cst_weight  -1302.3  0.227275  0.227275  0.154
protocols.relax.FastRelax: CMD: scale:fa_rep  -1116.55  0.227275  0.227275  0.30745
core.pack.task: Packer task: initialize from command line() 
core.pack.pack_rotamers: built 7152 rotamers at 492 positions.
core.pack.interaction_graph.interaction_graph_factory: Instantiating DensePDInteractionGraph
protocols.relax.FastRelax: CMD: repack  -1117.63  0.227275  0.227275  0.30745
protocols.relax.FastRelax: CMD: scale:fa_rep  -1103.06  0.227275  0.227275  0.31955
protocols.relax.FastRelax: CMD: min  -1293.93  2.72319  2.72319  0.31955
protocols.relax.FastRelax: CMD: coord_cst_weight  -1293.93  2.72319  2.72319  0.31955
protocols.relax.FastRelax: CMD: scale:fa_rep  -1088.26  2.72319  2.72319  0.55
core.pack.task: Packer task: initialize from command line() 
core.pack.pack_rotamers: built 6993 rotamers at 492 positions.
core.pack.interaction_graph.interaction_graph_factory: Instantiating DensePDInteractionGraph
protocols.relax.FastRelax: CMD: repack  -1091.11  2.72319  2.72319  0.55
protocols.relax.FastRelax: CMD: min  -1145.42  3.61654  3.61654  0.55
protocols.relax.FastRelax: MRP: 10  -1145.42  -1156.16  2.70415  2.70415  
protocols.relax.FastRelax: CMD: accept_to_best  -1145.42  3.61654  3.61654  0.55
protocols.relax.FastRelax: CMD: endrepeat  -1145.42  3.61654  3.61654  0.55
protocols.relax.FastRelax: CMD: coord_cst_weight  56857.7  3.61654  3.61654  0.55
protocols.relax.FastRelax: CMD: scale:fa_rep  56528.9  3.61654  3.61654  0.022
core.pack.task: Packer task: initialize from command line() 
core.pack.pack_rotamers: built 7696 rotamers at 492 positions.
core.pack.interaction_graph.interaction_graph_factory: Instantiating DensePDInteractionGraph
protocols.relax.FastRelax: CMD: repack  56516.5  3.61654  3.61654  0.022
protocols.relax.FastRelax: CMD: scale:fa_rep  56524.5  3.61654  3.61654  0.02805
core.optimization.Minimizer: [ WARNING ] LBFGS MAX CYCLES 2000 EXCEEDED, BUT FUNC NOT CONVERGED!
protocols.relax.FastRelax: CMD: min  -1246.96  0.192812  0.192812  0.02805
protocols.relax.FastRelax: CMD: coord_cst_weight  -1325.86  0.192812  0.192812  0.02805
protocols.relax.FastRelax: CMD: scale:fa_rep  -972.302  0.192812  0.192812  0.14575
core.pack.task: Packer task: initialize from command line() 
core.pack.pack_rotamers: built 7339 rotamers at 492 positions.
core.pack.interaction_graph.interaction_graph_factory: Instantiating DensePDInteractionGraph
protocols.relax.FastRelax: CMD: repack  -1039.84  0.192812  0.192812  0.14575
protocols.relax.FastRelax: CMD: scale:fa_rep  -1019.8  0.192812  0.192812  0.154
protocols.relax.FastRelax: CMD: min  -1184.79  0.233332  0.233332  0.154
protocols.relax.FastRelax: CMD: coord_cst_weight  -1301.5  0.233332  0.233332  0.154
protocols.relax.FastRelax: CMD: scale:fa_rep  -1119.83  0.233332  0.233332  0.30745
core.pack.task: Packer task: initialize from command line() 
core.pack.pack_rotamers: built 7190 rotamers at 492 positions.
core.pack.interaction_graph.interaction_graph_factory: Instantiating DensePDInteractionGraph
protocols.relax.FastRelax: CMD: repack  -1121.4  0.233332  0.233332  0.30745
protocols.relax.FastRelax: CMD: scale:fa_rep  -1107.24  0.233332  0.233332  0.31955
protocols.relax.FastRelax: CMD: min  -1293.95  2.2445  2.2445  0.31955
protocols.relax.FastRelax: CMD: coord_cst_weight  -1293.95  2.2445  2.2445  0.31955
protocols.relax.FastRelax: CMD: scale:fa_rep  -1084.05  2.2445  2.2445  0.55
core.pack.task: Packer task: initialize from command line() 
core.pack.pack_rotamers: built 6954 rotamers at 492 positions.
core.pack.interaction_graph.interaction_graph_factory: Instantiating DensePDInteractionGraph
protocols.relax.FastRelax: CMD: repack  -1102.49  2.2445  2.2445  0.55
protocols.relax.FastRelax: CMD: min  -1158.88  2.43786  2.43786  0.55
protocols.relax.FastRelax: MRP: 11  -1158.88  -1158.88  2.43786  2.43786  
protocols.relax.FastRelax: CMD: accept_to_best  -1158.88  2.43786  2.43786  0.55
protocols.relax.FastRelax: CMD: endrepeat  -1158.88  2.43786  2.43786  0.55
protocols.relax.FastRelax: CMD: coord_cst_weight  27903.8  2.43786  2.43786  0.55
protocols.relax.FastRelax: CMD: scale:fa_rep  27576.4  2.43786  2.43786  0.022
core.pack.task: Packer task: initialize from command line() 
core.pack.pack_rotamers: built 7699 rotamers at 492 positions.
core.pack.interaction_graph.interaction_graph_factory: Instantiating DensePDInteractionGraph
protocols.relax.FastRelax: CMD: repack  27561.6  2.43786  2.43786  0.022
protocols.relax.FastRelax: CMD: scale:fa_rep  27567.6  2.43786  2.43786  0.02805
core.optimization.Minimizer: [ WARNING ] LBFGS MAX CYCLES 2000 EXCEEDED, BUT FUNC NOT CONVERGED!
protocols.relax.FastRelax: CMD: min  -1275.33  0.179274  0.179274  0.02805
protocols.relax.FastRelax: CMD: coord_cst_weight  -1346.66  0.179274  0.179274  0.02805
protocols.relax.FastRelax: CMD: scale:fa_rep  -1019.87  0.179274  0.179274  0.14575
core.pack.task: Packer task: initialize from command line() 
core.pack.pack_rotamers: built 7294 rotamers at 492 positions.
core.pack.interaction_graph.interaction_graph_factory: Instantiating DensePDInteractionGraph
protocols.relax.FastRelax: CMD: repack  -1057.01  0.179274  0.179274  0.14575
protocols.relax.FastRelax: CMD: scale:fa_rep  -1036.86  0.179274  0.179274  0.154
protocols.relax.FastRelax: CMD: min  -1188.33  0.227227  0.227227  0.154
protocols.relax.FastRelax: CMD: coord_cst_weight  -1301.66  0.227227  0.227227  0.154
protocols.relax.FastRelax: CMD: scale:fa_rep  -1118.53  0.227227  0.227227  0.30745
core.pack.task: Packer task: initialize from command line() 
core.pack.pack_rotamers: built 7166 rotamers at 492 positions.
core.pack.interaction_graph.interaction_graph_factory: Instantiating DensePDInteractionGraph
protocols.relax.FastRelax: CMD: repack  -1119.98  0.227227  0.227227  0.30745
protocols.relax.FastRelax: CMD: scale:fa_rep  -1105.8  0.227227  0.227227  0.31955
protocols.relax.FastRelax: CMD: min  -1301.72  2.83442  2.83442  0.31955
protocols.relax.FastRelax: CMD: coord_cst_weight  -1301.72  2.83442  2.83442  0.31955
protocols.relax.FastRelax: CMD: scale:fa_rep  -1095.28  2.83442  2.83442  0.55
core.pack.task: Packer task: initialize from command line() 
core.pack.pack_rotamers: built 6947 rotamers at 492 positions.
core.pack.interaction_graph.interaction_graph_factory: Instantiating DensePDInteractionGraph
protocols.relax.FastRelax: CMD: repack  -1095.26  2.83442  2.83442  0.55
protocols.relax.FastRelax: CMD: min  -1146.69  3.15569  3.15569  0.55
protocols.relax.FastRelax: MRP: 12  -1146.69  -1158.88  2.43786  2.43786  
protocols.relax.FastRelax: CMD: accept_to_best  -1146.69  3.15569  3.15569  0.55
protocols.relax.FastRelax: CMD: endrepeat  -1146.69  3.15569  3.15569  0.55
protocols.relax.FastRelax: CMD: coord_cst_weight  53193.7  3.15569  3.15569  0.55
protocols.relax.FastRelax: CMD: scale:fa_rep  52863.8  3.15569  3.15569  0.022
core.pack.task: Packer task: initialize from command line() 
core.pack.pack_rotamers: built 7757 rotamers at 492 positions.
core.pack.interaction_graph.interaction_graph_factory: Instantiating DensePDInteractionGraph
protocols.relax.FastRelax: CMD: repack  52849.9  3.15569  3.15569  0.022
protocols.relax.FastRelax: CMD: scale:fa_rep  52856.4  3.15569  3.15569  0.02805
core.optimization.Minimizer: [ WARNING ] LBFGS MAX CYCLES 2000 EXCEEDED, BUT FUNC NOT CONVERGED!
protocols.relax.FastRelax: CMD: min  -1246.27  0.190123  0.190123  0.02805
protocols.relax.FastRelax: CMD: coord_cst_weight  -1325.97  0.190123  0.190123  0.02805
protocols.relax.FastRelax: CMD: scale:fa_rep  -986.202  0.190123  0.190123  0.14575
core.pack.task: Packer task: initialize from command line() 
core.pack.pack_rotamers: built 7341 rotamers at 492 positions.
core.pack.interaction_graph.interaction_graph_factory: Instantiating DensePDInteractionGraph
protocols.relax.FastRelax: CMD: repack  -1050.13  0.190123  0.190123  0.14575
protocols.relax.FastRelax: CMD: scale:fa_rep  -1030.29  0.190123  0.190123  0.154
protocols.relax.FastRelax: CMD: min  -1191.95  0.229925  0.229925  0.154
protocols.relax.FastRelax: CMD: coord_cst_weight  -1307.71  0.229925  0.229925  0.154
protocols.relax.FastRelax: CMD: scale:fa_rep  -1127.84  0.229925  0.229925  0.30745
core.pack.task: Packer task: initialize from command line() 
core.pack.pack_rotamers: built 7143 rotamers at 492 positions.
core.pack.interaction_graph.interaction_graph_factory: Instantiating DensePDInteractionGraph
protocols.relax.FastRelax: CMD: repack  -1128.64  0.229925  0.229925  0.30745
protocols.relax.FastRelax: CMD: scale:fa_rep  -1114.54  0.229925  0.229925  0.31955
protocols.relax.FastRelax: CMD: min  -1258.84  3.44761  3.44761  0.31955
protocols.relax.FastRelax: CMD: coord_cst_weight  -1258.84  3.44761  3.44761  0.31955
protocols.relax.FastRelax: CMD: scale:fa_rep  -1025.58  3.44761  3.44761  0.55
core.pack.task: Packer task: initialize from command line() 
core.pack.pack_rotamers: built 6956 rotamers at 492 positions.
core.pack.interaction_graph.interaction_graph_factory: Instantiating DensePDInteractionGraph
protocols.relax.FastRelax: CMD: repack  -1087.01  3.44761  3.44761  0.55
protocols.relax.FastRelax: CMD: min  -1148.27  3.19715  3.19715  0.55
protocols.relax.FastRelax: MRP: 13  -1148.27  -1158.88  2.43786  2.43786  
protocols.relax.FastRelax: CMD: accept_to_best  -1148.27  3.19715  3.19715  0.55
protocols.relax.FastRelax: CMD: endrepeat  -1148.27  3.19715  3.19715  0.55
protocols.relax.FastRelax: CMD: coord_cst_weight  59285.7  3.19715  3.19715  0.55
protocols.relax.FastRelax: CMD: scale:fa_rep  58959.2  3.19715  3.19715  0.022
core.pack.task: Packer task: initialize from command line() 
core.pack.pack_rotamers: built 7739 rotamers at 492 positions.
core.pack.interaction_graph.interaction_graph_factory: Instantiating DensePDInteractionGraph
protocols.relax.FastRelax: CMD: repack  58941.7  3.19715  3.19715  0.022
protocols.relax.FastRelax: CMD: scale:fa_rep  58950.3  3.19715  3.19715  0.02805
core.optimization.Minimizer: [ WARNING ] LBFGS MAX CYCLES 2000 EXCEEDED, BUT FUNC NOT CONVERGED!
protocols.relax.FastRelax: CMD: min  -1239.05  0.200997  0.200997  0.02805
protocols.relax.FastRelax: CMD: coord_cst_weight  -1323.07  0.200997  0.200997  0.02805
protocols.relax.FastRelax: CMD: scale:fa_rep  -961.759  0.200997  0.200997  0.14575
core.pack.task: Packer task: initialize from command line() 
core.pack.pack_rotamers: built 7342 rotamers at 492 positions.
core.pack.interaction_graph.interaction_graph_factory: Instantiating DensePDInteractionGraph
protocols.relax.FastRelax: CMD: repack  -1042.35  0.200997  0.200997  0.14575
protocols.relax.FastRelax: CMD: scale:fa_rep  -1022.18  0.200997  0.200997  0.154
protocols.relax.FastRelax: CMD: min  -1180.58  0.232547  0.232547  0.154
protocols.relax.FastRelax: CMD: coord_cst_weight  -1297.39  0.232547  0.232547  0.154
protocols.relax.FastRelax: CMD: scale:fa_rep  -1115.93  0.232547  0.232547  0.30745
core.pack.task: Packer task: initialize from command line() 
core.pack.pack_rotamers: built 7129 rotamers at 492 positions.
core.pack.interaction_graph.interaction_graph_factory: Instantiating DensePDInteractionGraph
protocols.relax.FastRelax: CMD: repack  -1116.76  0.232547  0.232547  0.30745
protocols.relax.FastRelax: CMD: scale:fa_rep  -1102.53  0.232547  0.232547  0.31955
protocols.relax.FastRelax: CMD: min  -1297.94  3.18442  3.18442  0.31955
protocols.relax.FastRelax: CMD: coord_cst_weight  -1297.94  3.18442  3.18442  0.31955
protocols.relax.FastRelax: CMD: scale:fa_rep  -1090.76  3.18442  3.18442  0.55
core.pack.task: Packer task: initialize from command line() 
core.pack.pack_rotamers: built 7033 rotamers at 492 positions.
core.pack.interaction_graph.interaction_graph_factory: Instantiating DensePDInteractionGraph
protocols.relax.FastRelax: CMD: repack  -1093.18  3.18442  3.18442  0.55
protocols.relax.FastRelax: CMD: min  -1146.6  3.21722  3.21722  0.55
protocols.relax.FastRelax: MRP: 14  -1146.6  -1158.88  2.43786  2.43786  
protocols.relax.FastRelax: CMD: accept_to_best  -1146.6  3.21722  3.21722  0.55
protocols.relax.FastRelax: CMD: endrepeat  -1146.6  3.21722  3.21722  0.55
protocols::checkpoint: Deleting checkpoints of FastRelax
protocols.jd2.JobDistributor: target.BL00010001_4_0006 reported success in 13661 seconds
protocols.jd2.JobDistributor: no more batches to process... 
protocols.jd2.JobDistributor: 6 jobs considered, 6 jobs attempted in 85919 seconds
basic.citation_manager.CitationManager: 
The following Rosetta modules were used during this run of Rosetta, and should be cited:

FastRelax Mover's citation(s):
*Tyka MD, *Keedy DA, André I, Dimaio F, Song Y, Richardson DC, Richardson JS, and Baker D.  (2011).  Alternate states of proteins revealed by detailed energy landscape mapping.  J Mol Biol 405(2):607-18.  doi: 10.1016/j.jmb.2010.11.008.  (*Co-primary authors.)

Khatib F, Cooper S, Tyka MD, Xu K, Makedon I, Popovic Z, Baker D, and Players F.  (2011).  Algorithm discovery by protein folding game players.  Proc Natl Acad Sci USA 108(47):18949-53.  doi: 10.1073/pnas.1115898108.

Maguire JB, Haddox HK, Strickland D, Halabiya SF, Coventry B, Griffin JR, Pulavarti SVSRK, Cummins M, Thieker DF, Klavins E, Szyperski T, DiMaio F, Baker D, and Kuhlman B.  (2021).  Perturbing the energy landscape for improved packing during computational protein design.  Proteins 89(4):436-449.  doi: 10.1002/prot.26030.


