********  (C) Copyright Rosetta Commons Member Institutions.  ***************
* Use of Rosetta for commercial purposes may require purchase of a license. *
********  See LICENSE.md or email license@uw.edu for more details. **********
core.init: Checking for fconfig files in pwd and ./rosetta/flags 
core.init: Rosetta version: rosetta.binary.ubuntu.release-408 r408 2025.37+release.df75a9c48e df75a9c48e763e52a7aa3f5dfba077f4da88dbf5 https://www.rosettacommons.org 2025-09-10T02:14:08.564791
core.init: Rosetta extras: []
core.init: command: /home/gbiuser/Downloads/rosetta.binary.ubuntu.release-408/main/source/bin/relax.default.linuxgccrelease -s ../1-modeller/target.BL00010001.pdb -relax:thorough -relax:constrain_relax_to_start_coords -constraints:cst_file cst.cst -nstruct 6 -out:suffix _2 -out:file:silent relax_2.silent -out:file:silent_struct_type binary
basic.random.init_random_generator: 'RNG device' seed mode, using '/dev/urandom', seed=1108940971 seed_offset=0 real_seed=1108940971
basic.random.init_random_generator: RandomGenerator:init: Normal mode, seed=1108940971 RG_type=mt19937
core.init: Resolved executable path: /home/gbiuser/Downloads/rosetta.binary.ubuntu.release-408/main/source/build/src/release/linux/6.8/64/x86/gcc/11/default/relax.default.linuxgccrelease
core.init: Looking for database based on location of executable: /home/gbiuser/Downloads/rosetta.binary.ubuntu.release-408/main/database/
core.scoring.ScoreFunctionFactory: SCOREFUNCTION: ref2015
core.scoring.etable: Starting energy table calculation
core.scoring.etable: smooth_etable: changing atr/rep split to bottom of energy well
core.scoring.etable: smooth_etable: spline smoothing lj etables (maxdis = 6)
core.scoring.etable: smooth_etable: spline smoothing solvation etables (max_dis = 6)
core.scoring.etable: Finished calculating energy tables.
basic.io.database: Database file opened: scoring/score_functions/hbonds/ref2015_params/HBPoly1D.csv
basic.io.database: Database file opened: scoring/score_functions/hbonds/ref2015_params/HBFadeIntervals.csv
basic.io.database: Database file opened: scoring/score_functions/hbonds/ref2015_params/HBEval.csv
basic.io.database: Database file opened: scoring/score_functions/hbonds/ref2015_params/DonStrength.csv
basic.io.database: Database file opened: scoring/score_functions/hbonds/ref2015_params/AccStrength.csv
core.chemical.GlobalResidueTypeSet: Finished initializing fa_standard residue type set.  Created 985 residue types
core.chemical.GlobalResidueTypeSet: Total time to initialize 1.26859 seconds.
basic.io.database: Database file opened: scoring/score_functions/rama/fd/all.ramaProb
basic.io.database: Database file opened: scoring/score_functions/rama/fd/prepro.ramaProb
basic.io.database: Database file opened: scoring/score_functions/omega/omega_ppdep.all.txt
basic.io.database: Database file opened: scoring/score_functions/omega/omega_ppdep.gly.txt
basic.io.database: Database file opened: scoring/score_functions/omega/omega_ppdep.pro.txt
basic.io.database: Database file opened: scoring/score_functions/omega/omega_ppdep.valile.txt
basic.io.database: Database file opened: scoring/score_functions/P_AA_pp/P_AA
basic.io.database: Database file opened: scoring/score_functions/P_AA_pp/P_AA_n
core.scoring.P_AA: shapovalov_lib::shap_p_aa_pp_smooth_level of 1( aka low_smooth ) got activated.
basic.io.database: Database file opened: scoring/score_functions/P_AA_pp/shapovalov/10deg/kappa131/a20.prop
protocols.relax.RelaxScriptManager: Reading relax scripts list from database.
protocols.relax.RelaxScriptManager: Looking for MonomerRelax2019.txt
protocols.relax.RelaxScriptManager: ================== Reading script file: /home/gbiuser/Downloads/rosetta.binary.ubuntu.release-408/main/database/sampling/relax_scripts/MonomerRelax2019.txt ==================
protocols.relax.RelaxScriptManager: repeat %%nrepeats%%
protocols.relax.RelaxScriptManager: coord_cst_weight 1.0
protocols.relax.RelaxScriptManager: scale:fa_rep 0.040
protocols.relax.RelaxScriptManager: repack
protocols.relax.RelaxScriptManager: scale:fa_rep 0.051
protocols.relax.RelaxScriptManager: min 0.01
protocols.relax.RelaxScriptManager: coord_cst_weight 0.5
protocols.relax.RelaxScriptManager: scale:fa_rep 0.265
protocols.relax.RelaxScriptManager: repack
protocols.relax.RelaxScriptManager: scale:fa_rep 0.280
protocols.relax.RelaxScriptManager: min 0.01
protocols.relax.RelaxScriptManager: coord_cst_weight 0.0
protocols.relax.RelaxScriptManager: scale:fa_rep 0.559
protocols.relax.RelaxScriptManager: repack
protocols.relax.RelaxScriptManager: scale:fa_rep 0.581
protocols.relax.RelaxScriptManager: min 0.01
protocols.relax.RelaxScriptManager: coord_cst_weight 0.0
protocols.relax.RelaxScriptManager: scale:fa_rep 1
protocols.relax.RelaxScriptManager: repack
protocols.relax.RelaxScriptManager: min 0.00001
protocols.relax.RelaxScriptManager: accept_to_best
protocols.relax.RelaxScriptManager: endrepeat
core.scoring.constraints.util: Constraint choice: cst.cst
protocols.jd2.PDBJobInputter: Instantiate PDBJobInputter
protocols.jd2.PDBJobInputter: PDBJobInputter::fill_jobs
protocols.jd2.PDBJobInputter: pushed ../1-modeller/target.BL00010001.pdb nstruct indices 1 - 6
protocols.evaluation.ChiWellRmsdEvaluatorCreator: Evaluation Creator active ... 
protocols.jd2.PDBJobInputter: PDBJobInputter::pose_from_job
protocols.jd2.PDBJobInputter: filling pose from PDB ../1-modeller/target.BL00010001.pdb
core.import_pose.import_pose: File '../1-modeller/target.BL00010001.pdb' automatically determined to be of type PDB from contents.
core.io.rcsb.ExperimentalTechnique: [ ERROR ] Unrecognized experimental technique string 'THEORETICAL MODEL, MODELLER 10.8 2026/08/10 16:18:02'
core.scoring.constraints.ConstraintsIO: read constraints from cst.cst
core.scoring.constraints.ConstraintsIO: Read in 14 constraints
basic.io.database: Database file opened: scoring/score_functions/elec_cp_reps.dat
core.scoring.elec.util: Read 40 countpair representative atoms
core.pack.dunbrack.RotamerLibrary: shapovalov_lib_fixes_enable option is true.
core.pack.dunbrack.RotamerLibrary: shapovalov_lib::shap_dun10_smooth_level of 1( aka lowest_smooth ) got activated.
core.pack.dunbrack.RotamerLibrary: Binary rotamer library selected: /home/gbiuser/Downloads/rosetta.binary.ubuntu.release-408/main/database/rotamer/shapovalov/StpDwn_0-0-0/Dunbrack10.lib.bin
core.pack.dunbrack.RotamerLibrary: Using Dunbrack library binary file '/home/gbiuser/Downloads/rosetta.binary.ubuntu.release-408/main/database/rotamer/shapovalov/StpDwn_0-0-0/Dunbrack10.lib.bin'.
core.pack.dunbrack.RotamerLibrary: Dunbrack 2010 library took 0.371634 seconds to load from binary
protocols.relax.FastRelax: CMD: repeat  4476.34  0  0  0.55
protocols.relax.FastRelax: CMD: coord_cst_weight  4476.34  0  0  0.55
protocols.relax.FastRelax: CMD: scale:fa_rep  806.987  0  0  0.022
core.pack.task: Packer task: initialize from command line() 
core.pack.pack_rotamers: built 8129 rotamers at 492 positions.
core.pack.interaction_graph.interaction_graph_factory: Instantiating DensePDInteractionGraph
protocols.relax.FastRelax: CMD: repack  -877.86  0  0  0.022
protocols.relax.FastRelax: CMD: scale:fa_rep  -838.482  0  0  0.02805
core.optimization.Minimizer: [ WARNING ] LBFGS MAX CYCLES 2000 EXCEEDED, BUT FUNC NOT CONVERGED!
protocols.relax.FastRelax: CMD: min  -1297.2  0.149207  0.149207  0.02805
protocols.relax.FastRelax: CMD: coord_cst_weight  -1343.97  0.149207  0.149207  0.02805
protocols.relax.FastRelax: CMD: scale:fa_rep  -965.6  0.149207  0.149207  0.14575
core.pack.task: Packer task: initialize from command line() 
core.pack.pack_rotamers: built 7422 rotamers at 492 positions.
core.pack.interaction_graph.interaction_graph_factory: Instantiating DensePDInteractionGraph
protocols.relax.FastRelax: CMD: repack  -1012.43  0.149207  0.149207  0.14575
protocols.relax.FastRelax: CMD: scale:fa_rep  -991.441  0.149207  0.149207  0.154
core.optimization.Minimizer: [ WARNING ] LBFGS MAX CYCLES 2000 EXCEEDED, BUT FUNC NOT CONVERGED!
protocols.relax.FastRelax: CMD: min  -1167.71  0.205153  0.205153  0.154
protocols.relax.FastRelax: CMD: coord_cst_weight  -1258.04  0.205153  0.205153  0.154
protocols.relax.FastRelax: CMD: scale:fa_rep  -1071.69  0.205153  0.205153  0.30745
core.pack.task: Packer task: initialize from command line() 
core.pack.pack_rotamers: built 7189 rotamers at 492 positions.
core.pack.interaction_graph.interaction_graph_factory: Instantiating DensePDInteractionGraph
protocols.relax.FastRelax: CMD: repack  -1072.23  0.205153  0.205153  0.30745
protocols.relax.FastRelax: CMD: scale:fa_rep  -1057.67  0.205153  0.205153  0.31955
protocols.relax.FastRelax: CMD: min  -1243.73  2.98474  2.98474  0.31955
protocols.relax.FastRelax: CMD: coord_cst_weight  -1243.73  2.98474  2.98474  0.31955
protocols.relax.FastRelax: CMD: scale:fa_rep  -1035.21  2.98474  2.98474  0.55
core.pack.task: Packer task: initialize from command line() 
core.pack.pack_rotamers: built 7066 rotamers at 492 positions.
core.pack.interaction_graph.interaction_graph_factory: Instantiating DensePDInteractionGraph
protocols.relax.FastRelax: CMD: repack  -1042.11  2.98474  2.98474  0.55
protocols.relax.FastRelax: CMD: min  -1107.09  3.4685  3.4685  0.55
protocols.relax.FastRelax: MRP: 0  -1107.09  -1107.09  3.4685  3.4685  
protocols.relax.FastRelax: CMD: accept_to_best  -1107.09  3.4685  3.4685  0.55
protocols.relax.FastRelax: CMD: endrepeat  -1107.09  3.4685  3.4685  0.55
protocols.relax.FastRelax: CMD: coord_cst_weight  93751.1  3.4685  3.4685  0.55
protocols.relax.FastRelax: CMD: scale:fa_rep  93418.4  3.4685  3.4685  0.022
core.pack.task: Packer task: initialize from command line() 
core.pack.pack_rotamers: built 7866 rotamers at 492 positions.
core.pack.interaction_graph.interaction_graph_factory: Instantiating DensePDInteractionGraph
protocols.relax.FastRelax: CMD: repack  93392.8  3.4685  3.4685  0.022
protocols.relax.FastRelax: CMD: scale:fa_rep  93403.3  3.4685  3.4685  0.02805
core.optimization.Minimizer: [ WARNING ] LBFGS MAX CYCLES 2000 EXCEEDED, BUT FUNC NOT CONVERGED!
protocols.relax.FastRelax: CMD: min  -1254.46  0.178286  0.178286  0.02805
protocols.relax.FastRelax: CMD: coord_cst_weight  -1322.49  0.178286  0.178286  0.02805
protocols.relax.FastRelax: CMD: scale:fa_rep  -985.547  0.178286  0.178286  0.14575
core.pack.task: Packer task: initialize from command line() 
core.pack.pack_rotamers: built 7373 rotamers at 492 positions.
core.pack.interaction_graph.interaction_graph_factory: Instantiating DensePDInteractionGraph
protocols.relax.FastRelax: CMD: repack  -1027.03  0.178286  0.178286  0.14575
protocols.relax.FastRelax: CMD: scale:fa_rep  -1006.72  0.178286  0.178286  0.154
protocols.relax.FastRelax: CMD: min  -1177.04  0.218143  0.218143  0.154
protocols.relax.FastRelax: CMD: coord_cst_weight  -1281.39  0.218143  0.218143  0.154
protocols.relax.FastRelax: CMD: scale:fa_rep  -1101.3  0.218143  0.218143  0.30745
core.pack.task: Packer task: initialize from command line() 
core.pack.pack_rotamers: built 7165 rotamers at 492 positions.
core.pack.interaction_graph.interaction_graph_factory: Instantiating DensePDInteractionGraph
protocols.relax.FastRelax: CMD: repack  -1099.32  0.218143  0.218143  0.30745
protocols.relax.FastRelax: CMD: scale:fa_rep  -1085.3  0.218143  0.218143  0.31955
protocols.relax.FastRelax: CMD: min  -1282.5  3.75631  3.75631  0.31955
protocols.relax.FastRelax: CMD: coord_cst_weight  -1282.5  3.75631  3.75631  0.31955
protocols.relax.FastRelax: CMD: scale:fa_rep  -1073.6  3.75631  3.75631  0.55
core.pack.task: Packer task: initialize from command line() 
core.pack.pack_rotamers: built 7020 rotamers at 492 positions.
core.pack.interaction_graph.interaction_graph_factory: Instantiating DensePDInteractionGraph
protocols.relax.FastRelax: CMD: repack  -1076.31  3.75631  3.75631  0.55
protocols.relax.FastRelax: CMD: min  -1127.51  3.76173  3.76173  0.55
protocols.relax.FastRelax: MRP: 1  -1127.51  -1127.51  3.76173  3.76173  
protocols.relax.FastRelax: CMD: accept_to_best  -1127.51  3.76173  3.76173  0.55
protocols.relax.FastRelax: CMD: endrepeat  -1127.51  3.76173  3.76173  0.55
protocols.relax.FastRelax: CMD: coord_cst_weight  91423.1  3.76173  3.76173  0.55
protocols.relax.FastRelax: CMD: scale:fa_rep  91089.6  3.76173  3.76173  0.022
core.pack.task: Packer task: initialize from command line() 
core.pack.pack_rotamers: built 7741 rotamers at 492 positions.
core.pack.interaction_graph.interaction_graph_factory: Instantiating DensePDInteractionGraph
protocols.relax.FastRelax: CMD: repack  91072.8  3.76173  3.76173  0.022
protocols.relax.FastRelax: CMD: scale:fa_rep  91079.4  3.76173  3.76173  0.02805
core.optimization.Minimizer: [ WARNING ] LBFGS MAX CYCLES 2000 EXCEEDED, BUT FUNC NOT CONVERGED!
protocols.relax.FastRelax: CMD: min  -1262.74  0.180406  0.180406  0.02805
protocols.relax.FastRelax: CMD: coord_cst_weight  -1334.17  0.180406  0.180406  0.02805
protocols.relax.FastRelax: CMD: scale:fa_rep  -1022.78  0.180406  0.180406  0.14575
core.pack.task: Packer task: initialize from command line() 
core.pack.pack_rotamers: built 7347 rotamers at 492 positions.
core.pack.interaction_graph.interaction_graph_factory: Instantiating DensePDInteractionGraph
protocols.relax.FastRelax: CMD: repack  -1049.66  0.180406  0.180406  0.14575
protocols.relax.FastRelax: CMD: scale:fa_rep  -1030.21  0.180406  0.180406  0.154
protocols.relax.FastRelax: CMD: min  -1177.08  0.219729  0.219729  0.154
protocols.relax.FastRelax: CMD: coord_cst_weight  -1283.74  0.219729  0.219729  0.154
protocols.relax.FastRelax: CMD: scale:fa_rep  -1102.46  0.219729  0.219729  0.30745
core.pack.task: Packer task: initialize from command line() 
core.pack.pack_rotamers: built 7199 rotamers at 492 positions.
core.pack.interaction_graph.interaction_graph_factory: Instantiating DensePDInteractionGraph
protocols.relax.FastRelax: CMD: repack  -1103.44  0.219729  0.219729  0.30745
protocols.relax.FastRelax: CMD: scale:fa_rep  -1089.34  0.219729  0.219729  0.31955
protocols.relax.FastRelax: CMD: min  -1235.11  3.69529  3.69529  0.31955
protocols.relax.FastRelax: CMD: coord_cst_weight  -1235.11  3.69529  3.69529  0.31955
protocols.relax.FastRelax: CMD: scale:fa_rep  -990.194  3.69529  3.69529  0.55
core.pack.task: Packer task: initialize from command line() 
core.pack.pack_rotamers: built 7028 rotamers at 492 positions.
core.pack.interaction_graph.interaction_graph_factory: Instantiating DensePDInteractionGraph
protocols.relax.FastRelax: CMD: repack  -1046.6  3.69529  3.69529  0.55
protocols.relax.FastRelax: CMD: min  -1148.32  3.31779  3.31779  0.55
protocols.relax.FastRelax: MRP: 2  -1148.32  -1148.32  3.31779  3.31779  
protocols.relax.FastRelax: CMD: accept_to_best  -1148.32  3.31779  3.31779  0.55
protocols.relax.FastRelax: CMD: endrepeat  -1148.32  3.31779  3.31779  0.55
protocols.relax.FastRelax: CMD: coord_cst_weight  96278.4  3.31779  3.31779  0.55
protocols.relax.FastRelax: CMD: scale:fa_rep  95951  3.31779  3.31779  0.022
core.pack.task: Packer task: initialize from command line() 
core.pack.pack_rotamers: built 7716 rotamers at 492 positions.
core.pack.interaction_graph.interaction_graph_factory: Instantiating DensePDInteractionGraph
protocols.relax.FastRelax: CMD: repack  95965.1  3.31779  3.31779  0.022
protocols.relax.FastRelax: CMD: scale:fa_rep  95976.4  3.31779  3.31779  0.02805
core.optimization.Minimizer: [ WARNING ] LBFGS MAX CYCLES 2000 EXCEEDED, BUT FUNC NOT CONVERGED!
protocols.relax.FastRelax: CMD: min  -1198.9  0.19148  0.19148  0.02805
protocols.relax.FastRelax: CMD: coord_cst_weight  -1278.18  0.19148  0.19148  0.02805
protocols.relax.FastRelax: CMD: scale:fa_rep  -845.515  0.19148  0.19148  0.14575
core.pack.task: Packer task: initialize from command line() 
core.pack.pack_rotamers: built 7321 rotamers at 492 positions.
core.pack.interaction_graph.interaction_graph_factory: Instantiating DensePDInteractionGraph
protocols.relax.FastRelax: CMD: repack  -996.072  0.19148  0.19148  0.14575
protocols.relax.FastRelax: CMD: scale:fa_rep  -976.12  0.19148  0.19148  0.154
protocols.relax.FastRelax: CMD: min  -1162.62  0.227599  0.227599  0.154
protocols.relax.FastRelax: CMD: coord_cst_weight  -1276.72  0.227599  0.227599  0.154
protocols.relax.FastRelax: CMD: scale:fa_rep  -1100.81  0.227599  0.227599  0.30745
core.pack.task: Packer task: initialize from command line() 
core.pack.pack_rotamers: built 7157 rotamers at 492 positions.
core.pack.interaction_graph.interaction_graph_factory: Instantiating DensePDInteractionGraph
protocols.relax.FastRelax: CMD: repack  -1104.09  0.227599  0.227599  0.30745
protocols.relax.FastRelax: CMD: scale:fa_rep  -1090.27  0.227599  0.227599  0.31955
protocols.relax.FastRelax: CMD: min  -1288.93  2.3628  2.3628  0.31955
protocols.relax.FastRelax: CMD: coord_cst_weight  -1288.93  2.3628  2.3628  0.31955
protocols.relax.FastRelax: CMD: scale:fa_rep  -1084.52  2.3628  2.3628  0.55
core.pack.task: Packer task: initialize from command line() 
core.pack.pack_rotamers: built 6955 rotamers at 492 positions.
core.pack.interaction_graph.interaction_graph_factory: Instantiating DensePDInteractionGraph
protocols.relax.FastRelax: CMD: repack  -1090.39  2.3628  2.3628  0.55
protocols.relax.FastRelax: CMD: min  -1142.21  2.64779  2.64779  0.55
protocols.relax.FastRelax: MRP: 3  -1142.21  -1148.32  3.31779  3.31779  
protocols.relax.FastRelax: CMD: accept_to_best  -1142.21  2.64779  2.64779  0.55
protocols.relax.FastRelax: CMD: endrepeat  -1142.21  2.64779  2.64779  0.55
protocols.relax.FastRelax: CMD: coord_cst_weight  83521.8  2.64779  2.64779  0.55
protocols.relax.FastRelax: CMD: scale:fa_rep  83196.1  2.64779  2.64779  0.022
core.pack.task: Packer task: initialize from command line() 
core.pack.pack_rotamers: built 7686 rotamers at 492 positions.
core.pack.interaction_graph.interaction_graph_factory: Instantiating DensePDInteractionGraph
protocols.relax.FastRelax: CMD: repack  83171  2.64779  2.64779  0.022
protocols.relax.FastRelax: CMD: scale:fa_rep  83179.8  2.64779  2.64779  0.02805
core.optimization.Minimizer: [ WARNING ] LBFGS MAX CYCLES 2000 EXCEEDED, BUT FUNC NOT CONVERGED!
protocols.relax.FastRelax: CMD: min  -1237.22  0.187269  0.187269  0.02805
protocols.relax.FastRelax: CMD: coord_cst_weight  -1313.52  0.187269  0.187269  0.02805
protocols.relax.FastRelax: CMD: scale:fa_rep  -946.06  0.187269  0.187269  0.14575
core.pack.task: Packer task: initialize from command line() 
core.pack.pack_rotamers: built 7343 rotamers at 492 positions.
core.pack.interaction_graph.interaction_graph_factory: Instantiating DensePDInteractionGraph
protocols.relax.FastRelax: CMD: repack  -1027.63  0.187269  0.187269  0.14575
protocols.relax.FastRelax: CMD: scale:fa_rep  -1007.42  0.187269  0.187269  0.154
protocols.relax.FastRelax: CMD: min  -1172.05  0.227151  0.227151  0.154
protocols.relax.FastRelax: CMD: coord_cst_weight  -1284.66  0.227151  0.227151  0.154
protocols.relax.FastRelax: CMD: scale:fa_rep  -1105.03  0.227151  0.227151  0.30745
core.pack.task: Packer task: initialize from command line() 
core.pack.pack_rotamers: built 7161 rotamers at 492 positions.
core.pack.interaction_graph.interaction_graph_factory: Instantiating DensePDInteractionGraph
protocols.relax.FastRelax: CMD: repack  -1109.06  0.227151  0.227151  0.30745
protocols.relax.FastRelax: CMD: scale:fa_rep  -1095.04  0.227151  0.227151  0.31955
protocols.relax.FastRelax: CMD: min  -1302.63  2.387  2.387  0.31955
protocols.relax.FastRelax: CMD: coord_cst_weight  -1302.63  2.387  2.387  0.31955
protocols.relax.FastRelax: CMD: scale:fa_rep  -1099.71  2.387  2.387  0.55
core.pack.task: Packer task: initialize from command line() 
core.pack.pack_rotamers: built 7025 rotamers at 492 positions.
core.pack.interaction_graph.interaction_graph_factory: Instantiating DensePDInteractionGraph
protocols.relax.FastRelax: CMD: repack  -1103.82  2.387  2.387  0.55
core.optimization.LineMinimizer: Inaccurate G in step= 7.45058e-09 Deriv= -11.7788 Finite Diff= 5.87064e+08
protocols.relax.FastRelax: CMD: min  -1154.6  2.55284  2.55284  0.55
protocols.relax.FastRelax: MRP: 4  -1154.6  -1154.6  2.55284  2.55284  
protocols.relax.FastRelax: CMD: accept_to_best  -1154.6  2.55284  2.55284  0.55
protocols.relax.FastRelax: CMD: endrepeat  -1154.6  2.55284  2.55284  0.55
protocols.relax.FastRelax: CMD: coord_cst_weight  64067  2.55284  2.55284  0.55
protocols.relax.FastRelax: CMD: scale:fa_rep  63740.8  2.55284  2.55284  0.022
core.pack.task: Packer task: initialize from command line() 
core.pack.pack_rotamers: built 7753 rotamers at 492 positions.
core.pack.interaction_graph.interaction_graph_factory: Instantiating DensePDInteractionGraph
protocols.relax.FastRelax: CMD: repack  63727.3  2.55284  2.55284  0.022
protocols.relax.FastRelax: CMD: scale:fa_rep  63735.4  2.55284  2.55284  0.02805
core.optimization.Minimizer: [ WARNING ] LBFGS MAX CYCLES 2000 EXCEEDED, BUT FUNC NOT CONVERGED!
protocols.relax.FastRelax: CMD: min  -1252.28  0.183545  0.183545  0.02805
protocols.relax.FastRelax: CMD: coord_cst_weight  -1325.29  0.183545  0.183545  0.02805
protocols.relax.FastRelax: CMD: scale:fa_rep  -958.021  0.183545  0.183545  0.14575
core.pack.task: Packer task: initialize from command line() 
core.pack.pack_rotamers: built 7369 rotamers at 492 positions.
core.pack.interaction_graph.interaction_graph_factory: Instantiating DensePDInteractionGraph
protocols.relax.FastRelax: CMD: repack  -1017.47  0.183545  0.183545  0.14575
protocols.relax.FastRelax: CMD: scale:fa_rep  -996.305  0.183545  0.183545  0.154
protocols.relax.FastRelax: CMD: min  -1171.87  0.235269  0.235269  0.154
protocols.relax.FastRelax: CMD: coord_cst_weight  -1290.7  0.235269  0.235269  0.154
protocols.relax.FastRelax: CMD: scale:fa_rep  -1109.02  0.235269  0.235269  0.30745
core.pack.task: Packer task: initialize from command line() 
core.pack.pack_rotamers: built 7163 rotamers at 492 positions.
core.pack.interaction_graph.interaction_graph_factory: Instantiating DensePDInteractionGraph
protocols.relax.FastRelax: CMD: repack  -1112.14  0.235269  0.235269  0.30745
protocols.relax.FastRelax: CMD: scale:fa_rep  -1098.02  0.235269  0.235269  0.31955
protocols.relax.FastRelax: CMD: min  -1310.79  2.53439  2.53439  0.31955
protocols.relax.FastRelax: CMD: coord_cst_weight  -1310.79  2.53439  2.53439  0.31955
protocols.relax.FastRelax: CMD: scale:fa_rep  -1106.74  2.53439  2.53439  0.55
core.pack.task: Packer task: initialize from command line() 
core.pack.pack_rotamers: built 7028 rotamers at 492 positions.
core.pack.interaction_graph.interaction_graph_factory: Instantiating DensePDInteractionGraph
protocols.relax.FastRelax: CMD: repack  -1112.24  2.53439  2.53439  0.55
protocols.relax.FastRelax: CMD: min  -1166.54  2.62737  2.62737  0.55
protocols.relax.FastRelax: MRP: 5  -1166.54  -1166.54  2.62737  2.62737  
protocols.relax.FastRelax: CMD: accept_to_best  -1166.54  2.62737  2.62737  0.55
protocols.relax.FastRelax: CMD: endrepeat  -1166.54  2.62737  2.62737  0.55
protocols.relax.FastRelax: CMD: coord_cst_weight  53056.2  2.62737  2.62737  0.55
protocols.relax.FastRelax: CMD: scale:fa_rep  52728.2  2.62737  2.62737  0.022
core.pack.task: Packer task: initialize from command line() 
core.pack.pack_rotamers: built 7754 rotamers at 492 positions.
core.pack.interaction_graph.interaction_graph_factory: Instantiating DensePDInteractionGraph
protocols.relax.FastRelax: CMD: repack  52708.5  2.62737  2.62737  0.022
protocols.relax.FastRelax: CMD: scale:fa_rep  52716.7  2.62737  2.62737  0.02805
core.optimization.Minimizer: [ WARNING ] LBFGS MAX CYCLES 2000 EXCEEDED, BUT FUNC NOT CONVERGED!
protocols.relax.FastRelax: CMD: min  -1263.45  0.184848  0.184848  0.02805
protocols.relax.FastRelax: CMD: coord_cst_weight  -1335.25  0.184848  0.184848  0.02805
protocols.relax.FastRelax: CMD: scale:fa_rep  -988.198  0.184848  0.184848  0.14575
core.pack.task: Packer task: initialize from command line() 
core.pack.pack_rotamers: built 7385 rotamers at 492 positions.
core.pack.interaction_graph.interaction_graph_factory: Instantiating DensePDInteractionGraph
protocols.relax.FastRelax: CMD: repack  -1017.69  0.184848  0.184848  0.14575
protocols.relax.FastRelax: CMD: scale:fa_rep  -996.131  0.184848  0.184848  0.154
protocols.relax.FastRelax: CMD: min  -1169.33  0.23917  0.23917  0.154
protocols.relax.FastRelax: CMD: coord_cst_weight  -1291.42  0.23917  0.23917  0.154
protocols.relax.FastRelax: CMD: scale:fa_rep  -1112.08  0.23917  0.23917  0.30745
core.pack.task: Packer task: initialize from command line() 
core.pack.pack_rotamers: built 7142 rotamers at 492 positions.
core.pack.interaction_graph.interaction_graph_factory: Instantiating DensePDInteractionGraph
protocols.relax.FastRelax: CMD: repack  -1113.07  0.23917  0.23917  0.30745
protocols.relax.FastRelax: CMD: scale:fa_rep  -1099.06  0.23917  0.23917  0.31955
protocols.relax.FastRelax: CMD: min  -1316.21  2.3084  2.3084  0.31955
protocols.relax.FastRelax: CMD: coord_cst_weight  -1316.21  2.3084  2.3084  0.31955
protocols.relax.FastRelax: CMD: scale:fa_rep  -1111.51  2.3084  2.3084  0.55
core.pack.task: Packer task: initialize from command line() 
core.pack.pack_rotamers: built 7003 rotamers at 492 positions.
core.pack.interaction_graph.interaction_graph_factory: Instantiating DensePDInteractionGraph
protocols.relax.FastRelax: CMD: repack  -1115.7  2.3084  2.3084  0.55
protocols.relax.FastRelax: CMD: min  -1162.46  2.49067  2.49067  0.55
protocols.relax.FastRelax: MRP: 6  -1162.46  -1166.54  2.62737  2.62737  
protocols.relax.FastRelax: CMD: accept_to_best  -1162.46  2.49067  2.49067  0.55
protocols.relax.FastRelax: CMD: endrepeat  -1162.46  2.49067  2.49067  0.55
protocols.relax.FastRelax: CMD: coord_cst_weight  60750.1  2.49067  2.49067  0.55
protocols.relax.FastRelax: CMD: scale:fa_rep  60422.3  2.49067  2.49067  0.022
core.pack.task: Packer task: initialize from command line() 
core.pack.pack_rotamers: built 7711 rotamers at 492 positions.
core.pack.interaction_graph.interaction_graph_factory: Instantiating DensePDInteractionGraph
protocols.relax.FastRelax: CMD: repack  60404.6  2.49067  2.49067  0.022
protocols.relax.FastRelax: CMD: scale:fa_rep  60410.9  2.49067  2.49067  0.02805
core.optimization.Minimizer: [ WARNING ] LBFGS MAX CYCLES 2000 EXCEEDED, BUT FUNC NOT CONVERGED!
protocols.relax.FastRelax: CMD: min  -1263.85  0.182364  0.182364  0.02805
protocols.relax.FastRelax: CMD: coord_cst_weight  -1335.64  0.182364  0.182364  0.02805
protocols.relax.FastRelax: CMD: scale:fa_rep  -981.886  0.182364  0.182364  0.14575
core.pack.task: Packer task: initialize from command line() 
core.pack.pack_rotamers: built 7321 rotamers at 492 positions.
core.pack.interaction_graph.interaction_graph_factory: Instantiating DensePDInteractionGraph
protocols.relax.FastRelax: CMD: repack  -1005.79  0.182364  0.182364  0.14575
protocols.relax.FastRelax: CMD: scale:fa_rep  -983.373  0.182364  0.182364  0.154
protocols.relax.FastRelax: CMD: min  -1170.5  0.239078  0.239078  0.154
protocols.relax.FastRelax: CMD: coord_cst_weight  -1292.47  0.239078  0.239078  0.154
protocols.relax.FastRelax: CMD: scale:fa_rep  -1110.73  0.239078  0.239078  0.30745
core.pack.task: Packer task: initialize from command line() 
core.pack.pack_rotamers: built 7143 rotamers at 492 positions.
core.pack.interaction_graph.interaction_graph_factory: Instantiating DensePDInteractionGraph
protocols.relax.FastRelax: CMD: repack  -1111.78  0.239078  0.239078  0.30745
protocols.relax.FastRelax: CMD: scale:fa_rep  -1097.62  0.239078  0.239078  0.31955
protocols.relax.FastRelax: CMD: min  -1301.67  2.10534  2.10534  0.31955
protocols.relax.FastRelax: CMD: coord_cst_weight  -1301.67  2.10534  2.10534  0.31955
protocols.relax.FastRelax: CMD: scale:fa_rep  -1097.67  2.10534  2.10534  0.55
core.pack.task: Packer task: initialize from command line() 
core.pack.pack_rotamers: built 7022 rotamers at 492 positions.
core.pack.interaction_graph.interaction_graph_factory: Instantiating DensePDInteractionGraph
protocols.relax.FastRelax: CMD: repack  -1101.8  2.10534  2.10534  0.55
protocols.relax.FastRelax: CMD: min  -1162.27  2.22071  2.22071  0.55
protocols.relax.FastRelax: MRP: 7  -1162.27  -1166.54  2.62737  2.62737  
protocols.relax.FastRelax: CMD: accept_to_best  -1162.27  2.22071  2.22071  0.55
protocols.relax.FastRelax: CMD: endrepeat  -1162.27  2.22071  2.22071  0.55
protocols.relax.FastRelax: CMD: coord_cst_weight  63357.3  2.22071  2.22071  0.55
protocols.relax.FastRelax: CMD: scale:fa_rep  63030  2.22071  2.22071  0.022
core.pack.task: Packer task: initialize from command line() 
core.pack.pack_rotamers: built 7780 rotamers at 492 positions.
core.pack.interaction_graph.interaction_graph_factory: Instantiating DensePDInteractionGraph
protocols.relax.FastRelax: CMD: repack  63017.2  2.22071  2.22071  0.022
protocols.relax.FastRelax: CMD: scale:fa_rep  63023.7  2.22071  2.22071  0.02805
core.optimization.Minimizer: [ WARNING ] LBFGS MAX CYCLES 2000 EXCEEDED, BUT FUNC NOT CONVERGED!
protocols.relax.FastRelax: CMD: min  -1259.6  0.182159  0.182159  0.02805
protocols.relax.FastRelax: CMD: coord_cst_weight  -1329.54  0.182159  0.182159  0.02805
protocols.relax.FastRelax: CMD: scale:fa_rep  -994.924  0.182159  0.182159  0.14575
core.pack.task: Packer task: initialize from command line() 
core.pack.pack_rotamers: built 7385 rotamers at 492 positions.
core.pack.interaction_graph.interaction_graph_factory: Instantiating DensePDInteractionGraph
protocols.relax.FastRelax: CMD: repack  -1017.67  0.182159  0.182159  0.14575
protocols.relax.FastRelax: CMD: scale:fa_rep  -995.915  0.182159  0.182159  0.154
protocols.relax.FastRelax: CMD: min  -1168.37  0.24049  0.24049  0.154
protocols.relax.FastRelax: CMD: coord_cst_weight  -1290.74  0.24049  0.24049  0.154
protocols.relax.FastRelax: CMD: scale:fa_rep  -1111.09  0.24049  0.24049  0.30745
core.pack.task: Packer task: initialize from command line() 
core.pack.pack_rotamers: built 7150 rotamers at 492 positions.
core.pack.interaction_graph.interaction_graph_factory: Instantiating DensePDInteractionGraph
protocols.relax.FastRelax: CMD: repack  -1114.05  0.24049  0.24049  0.30745
protocols.relax.FastRelax: CMD: scale:fa_rep  -1100.04  0.24049  0.24049  0.31955
protocols.relax.FastRelax: CMD: min  -1306.58  2.18784  2.18784  0.31955
protocols.relax.FastRelax: CMD: coord_cst_weight  -1306.58  2.18784  2.18784  0.31955
protocols.relax.FastRelax: CMD: scale:fa_rep  -1100.2  2.18784  2.18784  0.55
core.pack.task: Packer task: initialize from command line() 
core.pack.pack_rotamers: built 7029 rotamers at 492 positions.
core.pack.interaction_graph.interaction_graph_factory: Instantiating DensePDInteractionGraph
protocols.relax.FastRelax: CMD: repack  -1097.32  2.18784  2.18784  0.55
protocols.relax.FastRelax: CMD: min  -1157.73  2.31318  2.31318  0.55
protocols.relax.FastRelax: MRP: 8  -1157.73  -1166.54  2.62737  2.62737  
protocols.relax.FastRelax: CMD: accept_to_best  -1157.73  2.31318  2.31318  0.55
protocols.relax.FastRelax: CMD: endrepeat  -1157.73  2.31318  2.31318  0.55
protocols.relax.FastRelax: CMD: coord_cst_weight  55567  2.31318  2.31318  0.55
protocols.relax.FastRelax: CMD: scale:fa_rep  55239.4  2.31318  2.31318  0.022
core.pack.task: Packer task: initialize from command line() 
core.pack.pack_rotamers: built 7722 rotamers at 492 positions.
core.pack.interaction_graph.interaction_graph_factory: Instantiating DensePDInteractionGraph
protocols.relax.FastRelax: CMD: repack  55219.9  2.31318  2.31318  0.022
protocols.relax.FastRelax: CMD: scale:fa_rep  55226.8  2.31318  2.31318  0.02805
core.optimization.Minimizer: [ WARNING ] LBFGS MAX CYCLES 2000 EXCEEDED, BUT FUNC NOT CONVERGED!
protocols.relax.FastRelax: CMD: min  -1268.5  0.183239  0.183239  0.02805
protocols.relax.FastRelax: CMD: coord_cst_weight  -1339.41  0.183239  0.183239  0.02805
protocols.relax.FastRelax: CMD: scale:fa_rep  -985.648  0.183239  0.183239  0.14575
core.pack.task: Packer task: initialize from command line() 
core.pack.pack_rotamers: built 7347 rotamers at 492 positions.
core.pack.interaction_graph.interaction_graph_factory: Instantiating DensePDInteractionGraph
protocols.relax.FastRelax: CMD: repack  -1014.21  0.183239  0.183239  0.14575
protocols.relax.FastRelax: CMD: scale:fa_rep  -991.958  0.183239  0.183239  0.154
protocols.relax.FastRelax: CMD: min  -1173.07  0.242043  0.242043  0.154
protocols.relax.FastRelax: CMD: coord_cst_weight  -1297.02  0.242043  0.242043  0.154
protocols.relax.FastRelax: CMD: scale:fa_rep  -1116.07  0.242043  0.242043  0.30745
core.pack.task: Packer task: initialize from command line() 
core.pack.pack_rotamers: built 7140 rotamers at 492 positions.
core.pack.interaction_graph.interaction_graph_factory: Instantiating DensePDInteractionGraph
protocols.relax.FastRelax: CMD: repack  -1117.53  0.242043  0.242043  0.30745
protocols.relax.FastRelax: CMD: scale:fa_rep  -1103.47  0.242043  0.242043  0.31955
protocols.relax.FastRelax: CMD: min  -1315.64  2.2414  2.2414  0.31955
protocols.relax.FastRelax: CMD: coord_cst_weight  -1315.64  2.2414  2.2414  0.31955
protocols.relax.FastRelax: CMD: scale:fa_rep  -1108.4  2.2414  2.2414  0.55
core.pack.task: Packer task: initialize from command line() 
core.pack.pack_rotamers: built 6993 rotamers at 492 positions.
core.pack.interaction_graph.interaction_graph_factory: Instantiating DensePDInteractionGraph
protocols.relax.FastRelax: CMD: repack  -1112.57  2.2414  2.2414  0.55
protocols.relax.FastRelax: CMD: min  -1163.69  2.35208  2.35208  0.55
protocols.relax.FastRelax: MRP: 9  -1163.69  -1166.54  2.62737  2.62737  
protocols.relax.FastRelax: CMD: accept_to_best  -1163.69  2.35208  2.35208  0.55
protocols.relax.FastRelax: CMD: endrepeat  -1163.69  2.35208  2.35208  0.55
protocols.relax.FastRelax: CMD: coord_cst_weight  58869.6  2.35208  2.35208  0.55
protocols.relax.FastRelax: CMD: scale:fa_rep  58536.2  2.35208  2.35208  0.022
core.pack.task: Packer task: initialize from command line() 
core.pack.pack_rotamers: built 7714 rotamers at 492 positions.
core.pack.interaction_graph.interaction_graph_factory: Instantiating DensePDInteractionGraph
protocols.relax.FastRelax: CMD: repack  58527  2.35208  2.35208  0.022
protocols.relax.FastRelax: CMD: scale:fa_rep  58537.3  2.35208  2.35208  0.02805
core.optimization.Minimizer: [ WARNING ] LBFGS MAX CYCLES 2000 EXCEEDED, BUT FUNC NOT CONVERGED!
protocols.relax.FastRelax: CMD: min  -1264.99  0.184477  0.184477  0.02805
protocols.relax.FastRelax: CMD: coord_cst_weight  -1337.11  0.184477  0.184477  0.02805
protocols.relax.FastRelax: CMD: scale:fa_rep  -980.39  0.184477  0.184477  0.14575
core.pack.task: Packer task: initialize from command line() 
core.pack.pack_rotamers: built 7361 rotamers at 492 positions.
core.pack.interaction_graph.interaction_graph_factory: Instantiating DensePDInteractionGraph
protocols.relax.FastRelax: CMD: repack  -1025.44  0.184477  0.184477  0.14575
protocols.relax.FastRelax: CMD: scale:fa_rep  -1004.02  0.184477  0.184477  0.154
protocols.relax.FastRelax: CMD: min  -1175.44  0.241147  0.241147  0.154
protocols.relax.FastRelax: CMD: coord_cst_weight  -1298.39  0.241147  0.241147  0.154
protocols.relax.FastRelax: CMD: scale:fa_rep  -1118.52  0.241147  0.241147  0.30745
core.pack.task: Packer task: initialize from command line() 
core.pack.pack_rotamers: built 7081 rotamers at 492 positions.
core.pack.interaction_graph.interaction_graph_factory: Instantiating DensePDInteractionGraph
protocols.relax.FastRelax: CMD: repack  -1119.37  0.241147  0.241147  0.30745
protocols.relax.FastRelax: CMD: scale:fa_rep  -1105.3  0.241147  0.241147  0.31955
protocols.relax.FastRelax: CMD: min  -1315.34  2.20156  2.20156  0.31955
protocols.relax.FastRelax: CMD: coord_cst_weight  -1315.34  2.20156  2.20156  0.31955
protocols.relax.FastRelax: CMD: scale:fa_rep  -1108.05  2.20156  2.20156  0.55
core.pack.task: Packer task: initialize from command line() 
core.pack.pack_rotamers: built 6952 rotamers at 492 positions.
core.pack.interaction_graph.interaction_graph_factory: Instantiating DensePDInteractionGraph
protocols.relax.FastRelax: CMD: repack  -1112.39  2.20156  2.20156  0.55
protocols.relax.FastRelax: CMD: min  -1166.77  2.398  2.398  0.55
protocols.relax.FastRelax: MRP: 10  -1166.77  -1166.77  2.398  2.398  
protocols.relax.FastRelax: CMD: accept_to_best  -1166.77  2.398  2.398  0.55
protocols.relax.FastRelax: CMD: endrepeat  -1166.77  2.398  2.398  0.55
protocols.relax.FastRelax: CMD: coord_cst_weight  61362.5  2.398  2.398  0.55
protocols.relax.FastRelax: CMD: scale:fa_rep  61031.3  2.398  2.398  0.022
core.pack.task: Packer task: initialize from command line() 
core.pack.pack_rotamers: built 7703 rotamers at 492 positions.
core.pack.interaction_graph.interaction_graph_factory: Instantiating DensePDInteractionGraph
protocols.relax.FastRelax: CMD: repack  61029.1  2.398  2.398  0.022
protocols.relax.FastRelax: CMD: scale:fa_rep  61037.6  2.398  2.398  0.02805
core.optimization.Minimizer: [ WARNING ] LBFGS MAX CYCLES 2000 EXCEEDED, BUT FUNC NOT CONVERGED!
protocols.relax.FastRelax: CMD: min  -1245.64  0.188456  0.188456  0.02805
protocols.relax.FastRelax: CMD: coord_cst_weight  -1322.01  0.188456  0.188456  0.02805
protocols.relax.FastRelax: CMD: scale:fa_rep  -960.048  0.188456  0.188456  0.14575
core.pack.task: Packer task: initialize from command line() 
core.pack.pack_rotamers: built 7334 rotamers at 492 positions.
core.pack.interaction_graph.interaction_graph_factory: Instantiating DensePDInteractionGraph
protocols.relax.FastRelax: CMD: repack  -1038.68  0.188456  0.188456  0.14575
protocols.relax.FastRelax: CMD: scale:fa_rep  -1018.83  0.188456  0.188456  0.154
protocols.relax.FastRelax: CMD: min  -1185.97  0.231396  0.231396  0.154
protocols.relax.FastRelax: CMD: coord_cst_weight  -1302.01  0.231396  0.231396  0.154
protocols.relax.FastRelax: CMD: scale:fa_rep  -1122.08  0.231396  0.231396  0.30745
core.pack.task: Packer task: initialize from command line() 
core.pack.pack_rotamers: built 7121 rotamers at 492 positions.
core.pack.interaction_graph.interaction_graph_factory: Instantiating DensePDInteractionGraph
protocols.relax.FastRelax: CMD: repack  -1122.82  0.231396  0.231396  0.30745
protocols.relax.FastRelax: CMD: scale:fa_rep  -1108.72  0.231396  0.231396  0.31955
protocols.relax.FastRelax: CMD: min  -1313.8  2.80293  2.80293  0.31955
protocols.relax.FastRelax: CMD: coord_cst_weight  -1313.8  2.80293  2.80293  0.31955
protocols.relax.FastRelax: CMD: scale:fa_rep  -1109.11  2.80293  2.80293  0.55
core.pack.task: Packer task: initialize from command line() 
core.pack.pack_rotamers: built 7008 rotamers at 492 positions.
core.pack.interaction_graph.interaction_graph_factory: Instantiating DensePDInteractionGraph
protocols.relax.FastRelax: CMD: repack  -1115.37  2.80293  2.80293  0.55
protocols.relax.FastRelax: CMD: min  -1166.92  2.84702  2.84702  0.55
protocols.relax.FastRelax: MRP: 11  -1166.92  -1166.92  2.84702  2.84702  
protocols.relax.FastRelax: CMD: accept_to_best  -1166.92  2.84702  2.84702  0.55
protocols.relax.FastRelax: CMD: endrepeat  -1166.92  2.84702  2.84702  0.55
protocols.relax.FastRelax: CMD: coord_cst_weight  146621  2.84702  2.84702  0.55
protocols.relax.FastRelax: CMD: scale:fa_rep  146291  2.84702  2.84702  0.022
core.pack.task: Packer task: initialize from command line() 
core.pack.pack_rotamers: built 7710 rotamers at 492 positions.
core.pack.interaction_graph.interaction_graph_factory: Instantiating DensePDInteractionGraph
protocols.relax.FastRelax: CMD: repack  146281  2.84702  2.84702  0.022
protocols.relax.FastRelax: CMD: scale:fa_rep  146287  2.84702  2.84702  0.02805
core.optimization.Minimizer: [ WARNING ] LBFGS MAX CYCLES 2000 EXCEEDED, BUT FUNC NOT CONVERGED!
protocols.relax.FastRelax: CMD: min  -1253.07  0.185438  0.185438  0.02805
protocols.relax.FastRelax: CMD: coord_cst_weight  -1327.64  0.185438  0.185438  0.02805
protocols.relax.FastRelax: CMD: scale:fa_rep  -1001.06  0.185438  0.185438  0.14575
core.pack.task: Packer task: initialize from command line() 
core.pack.pack_rotamers: built 7364 rotamers at 492 positions.
core.pack.interaction_graph.interaction_graph_factory: Instantiating DensePDInteractionGraph
protocols.relax.FastRelax: CMD: repack  -1024.99  0.185438  0.185438  0.14575
protocols.relax.FastRelax: CMD: scale:fa_rep  -1003.99  0.185438  0.185438  0.154
protocols.relax.FastRelax: CMD: min  -1173.84  0.240128  0.240128  0.154
protocols.relax.FastRelax: CMD: coord_cst_weight  -1296.67  0.240128  0.240128  0.154
protocols.relax.FastRelax: CMD: scale:fa_rep  -1116.68  0.240128  0.240128  0.30745
core.pack.task: Packer task: initialize from command line() 
core.pack.pack_rotamers: built 7115 rotamers at 492 positions.
core.pack.interaction_graph.interaction_graph_factory: Instantiating DensePDInteractionGraph
protocols.relax.FastRelax: CMD: repack  -1117.58  0.240128  0.240128  0.30745
protocols.relax.FastRelax: CMD: scale:fa_rep  -1103.5  0.240128  0.240128  0.31955
protocols.relax.FastRelax: CMD: min  -1302.29  2.34891  2.34891  0.31955
protocols.relax.FastRelax: CMD: coord_cst_weight  -1302.29  2.34891  2.34891  0.31955
protocols.relax.FastRelax: CMD: scale:fa_rep  -1096.5  2.34891  2.34891  0.55
core.pack.task: Packer task: initialize from command line() 
core.pack.pack_rotamers: built 6994 rotamers at 492 positions.
core.pack.interaction_graph.interaction_graph_factory: Instantiating DensePDInteractionGraph
protocols.relax.FastRelax: CMD: repack  -1101.85  2.34891  2.34891  0.55
protocols.relax.FastRelax: CMD: min  -1158.61  2.72518  2.72518  0.55
protocols.relax.FastRelax: MRP: 12  -1158.61  -1166.92  2.84702  2.84702  
protocols.relax.FastRelax: CMD: accept_to_best  -1158.61  2.72518  2.72518  0.55
protocols.relax.FastRelax: CMD: endrepeat  -1158.61  2.72518  2.72518  0.55
protocols.relax.FastRelax: CMD: coord_cst_weight  96590  2.72518  2.72518  0.55
protocols.relax.FastRelax: CMD: scale:fa_rep  96258.5  2.72518  2.72518  0.022
core.pack.task: Packer task: initialize from command line() 
core.pack.pack_rotamers: built 7707 rotamers at 492 positions.
core.pack.interaction_graph.interaction_graph_factory: Instantiating DensePDInteractionGraph
protocols.relax.FastRelax: CMD: repack  96259.5  2.72518  2.72518  0.022
protocols.relax.FastRelax: CMD: scale:fa_rep  96269.7  2.72518  2.72518  0.02805
core.optimization.Minimizer: [ WARNING ] LBFGS MAX CYCLES 2000 EXCEEDED, BUT FUNC NOT CONVERGED!
protocols.relax.FastRelax: CMD: min  -1238.43  0.191341  0.191341  0.02805
protocols.relax.FastRelax: CMD: coord_cst_weight  -1315.94  0.191341  0.191341  0.02805
protocols.relax.FastRelax: CMD: scale:fa_rep  -912.14  0.191341  0.191341  0.14575
core.pack.task: Packer task: initialize from command line() 
core.pack.pack_rotamers: built 7403 rotamers at 492 positions.
core.pack.interaction_graph.interaction_graph_factory: Instantiating DensePDInteractionGraph
protocols.relax.FastRelax: CMD: repack  -1031.4  0.191341  0.191341  0.14575
protocols.relax.FastRelax: CMD: scale:fa_rep  -1011.13  0.191341  0.191341  0.154
protocols.relax.FastRelax: CMD: min  -1177.86  0.231247  0.231247  0.154
protocols.relax.FastRelax: CMD: coord_cst_weight  -1293.13  0.231247  0.231247  0.154
protocols.relax.FastRelax: CMD: scale:fa_rep  -1114.79  0.231247  0.231247  0.30745
core.pack.task: Packer task: initialize from command line() 
core.pack.pack_rotamers: built 7155 rotamers at 492 positions.
core.pack.interaction_graph.interaction_graph_factory: Instantiating DensePDInteractionGraph
protocols.relax.FastRelax: CMD: repack  -1115.73  0.231247  0.231247  0.30745
protocols.relax.FastRelax: CMD: scale:fa_rep  -1101.79  0.231247  0.231247  0.31955
protocols.relax.FastRelax: CMD: min  -1309.77  2.39857  2.39857  0.31955
protocols.relax.FastRelax: CMD: coord_cst_weight  -1309.77  2.39857  2.39857  0.31955
protocols.relax.FastRelax: CMD: scale:fa_rep  -1106.11  2.39857  2.39857  0.55
core.pack.task: Packer task: initialize from command line() 
core.pack.pack_rotamers: built 7020 rotamers at 492 positions.
core.pack.interaction_graph.interaction_graph_factory: Instantiating DensePDInteractionGraph
protocols.relax.FastRelax: CMD: repack  -1111.47  2.39857  2.39857  0.55
protocols.relax.FastRelax: CMD: min  -1165.54  2.97833  2.97833  0.55
protocols.relax.FastRelax: MRP: 13  -1165.54  -1166.92  2.84702  2.84702  
protocols.relax.FastRelax: CMD: accept_to_best  -1165.54  2.97833  2.97833  0.55
protocols.relax.FastRelax: CMD: endrepeat  -1165.54  2.97833  2.97833  0.55
protocols.relax.FastRelax: CMD: coord_cst_weight  92341.2  2.97833  2.97833  0.55
protocols.relax.FastRelax: CMD: scale:fa_rep  92010.8  2.97833  2.97833  0.022
core.pack.task: Packer task: initialize from command line() 
core.pack.pack_rotamers: built 7740 rotamers at 492 positions.
core.pack.interaction_graph.interaction_graph_factory: Instantiating DensePDInteractionGraph
protocols.relax.FastRelax: CMD: repack  91993.2  2.97833  2.97833  0.022
protocols.relax.FastRelax: CMD: scale:fa_rep  92003.9  2.97833  2.97833  0.02805
core.optimization.Minimizer: [ WARNING ] LBFGS MAX CYCLES 2000 EXCEEDED, BUT FUNC NOT CONVERGED!
protocols.relax.FastRelax: CMD: min  -1251.88  0.189632  0.189632  0.02805
protocols.relax.FastRelax: CMD: coord_cst_weight  -1327.96  0.189632  0.189632  0.02805
protocols.relax.FastRelax: CMD: scale:fa_rep  -970.559  0.189632  0.189632  0.14575
core.pack.task: Packer task: initialize from command line() 
core.pack.pack_rotamers: built 7330 rotamers at 492 positions.
core.pack.interaction_graph.interaction_graph_factory: Instantiating DensePDInteractionGraph
protocols.relax.FastRelax: CMD: repack  -1009.95  0.189632  0.189632  0.14575
protocols.relax.FastRelax: CMD: scale:fa_rep  -988.316  0.189632  0.189632  0.154
protocols.relax.FastRelax: CMD: min  -1175.83  0.237212  0.237212  0.154
protocols.relax.FastRelax: CMD: coord_cst_weight  -1295.94  0.237212  0.237212  0.154
protocols.relax.FastRelax: CMD: scale:fa_rep  -1114.42  0.237212  0.237212  0.30745
core.pack.task: Packer task: initialize from command line() 
core.pack.pack_rotamers: built 7194 rotamers at 492 positions.
core.pack.interaction_graph.interaction_graph_factory: Instantiating DensePDInteractionGraph
protocols.relax.FastRelax: CMD: repack  -1118.19  0.237212  0.237212  0.30745
protocols.relax.FastRelax: CMD: scale:fa_rep  -1103.98  0.237212  0.237212  0.31955
protocols.relax.FastRelax: CMD: min  -1310.67  2.61531  2.61531  0.31955
protocols.relax.FastRelax: CMD: coord_cst_weight  -1310.67  2.61531  2.61531  0.31955
protocols.relax.FastRelax: CMD: scale:fa_rep  -1104.81  2.61531  2.61531  0.55
core.pack.task: Packer task: initialize from command line() 
core.pack.pack_rotamers: built 7019 rotamers at 492 positions.
core.pack.interaction_graph.interaction_graph_factory: Instantiating DensePDInteractionGraph
protocols.relax.FastRelax: CMD: repack  -1111.19  2.61531  2.61531  0.55
protocols.relax.FastRelax: CMD: min  -1171.22  2.59589  2.59589  0.55
protocols.relax.FastRelax: MRP: 14  -1171.22  -1171.22  2.59589  2.59589  
protocols.relax.FastRelax: CMD: accept_to_best  -1171.22  2.59589  2.59589  0.55
protocols.relax.FastRelax: CMD: endrepeat  -1171.22  2.59589  2.59589  0.55
protocols::checkpoint: Deleting checkpoints of FastRelax
protocols.jd2.JobDistributor: target.BL00010001_2_0001 reported success in 14162 seconds
protocols.jd2.PDBJobInputter: PDBJobInputter::pose_from_job
protocols.jd2.PDBJobInputter: filling pose from saved copy ../1-modeller/target.BL00010001.pdb
protocols.relax.FastRelax: CMD: repeat  4476.34  0  0  0.55
protocols.relax.FastRelax: CMD: coord_cst_weight  4476.34  0  0  0.55
protocols.relax.FastRelax: CMD: scale:fa_rep  806.987  0  0  0.022
core.pack.task: Packer task: initialize from command line() 
core.pack.pack_rotamers: built 8129 rotamers at 492 positions.
core.pack.interaction_graph.interaction_graph_factory: Instantiating DensePDInteractionGraph
protocols.relax.FastRelax: CMD: repack  -874.449  0  0  0.022
protocols.relax.FastRelax: CMD: scale:fa_rep  -837.597  0  0  0.02805
core.optimization.Minimizer: [ WARNING ] LBFGS MAX CYCLES 2000 EXCEEDED, BUT FUNC NOT CONVERGED!
protocols.relax.FastRelax: CMD: min  -1287.49  0.147574  0.147574  0.02805
protocols.relax.FastRelax: CMD: coord_cst_weight  -1333.87  0.147574  0.147574  0.02805
protocols.relax.FastRelax: CMD: scale:fa_rep  -946.684  0.147574  0.147574  0.14575
core.pack.task: Packer task: initialize from command line() 
core.pack.pack_rotamers: built 7506 rotamers at 492 positions.
core.pack.interaction_graph.interaction_graph_factory: Instantiating DensePDInteractionGraph
protocols.relax.FastRelax: CMD: repack  -998.483  0.147574  0.147574  0.14575
protocols.relax.FastRelax: CMD: scale:fa_rep  -977.429  0.147574  0.147574  0.154
protocols.relax.FastRelax: CMD: min  -1160  0.203471  0.203471  0.154
protocols.relax.FastRelax: CMD: coord_cst_weight  -1250.1  0.203471  0.203471  0.154
protocols.relax.FastRelax: CMD: scale:fa_rep  -1064.3  0.203471  0.203471  0.30745
core.pack.task: Packer task: initialize from command line() 
core.pack.pack_rotamers: built 7247 rotamers at 492 positions.
core.pack.interaction_graph.interaction_graph_factory: Instantiating DensePDInteractionGraph
protocols.relax.FastRelax: CMD: repack  -1066.55  0.203471  0.203471  0.30745
protocols.relax.FastRelax: CMD: scale:fa_rep  -1051.97  0.203471  0.203471  0.31955
protocols.relax.FastRelax: CMD: min  -1224.15  2.29357  2.29357  0.31955
protocols.relax.FastRelax: CMD: coord_cst_weight  -1224.15  2.29357  2.29357  0.31955
protocols.relax.FastRelax: CMD: scale:fa_rep  -1012.45  2.29357  2.29357  0.55
core.pack.task: Packer task: initialize from command line() 
core.pack.pack_rotamers: built 7195 rotamers at 492 positions.
core.pack.interaction_graph.interaction_graph_factory: Instantiating DensePDInteractionGraph
protocols.relax.FastRelax: CMD: repack  -1015.11  2.29357  2.29357  0.55
protocols.relax.FastRelax: CMD: min  -1097.3  3.10439  3.10439  0.55
protocols.relax.FastRelax: MRP: 0  -1097.3  -1097.3  3.10439  3.10439  
protocols.relax.FastRelax: CMD: accept_to_best  -1097.3  3.10439  3.10439  0.55
protocols.relax.FastRelax: CMD: endrepeat  -1097.3  3.10439  3.10439  0.55
protocols.relax.FastRelax: CMD: coord_cst_weight  118435  3.10439  3.10439  0.55
protocols.relax.FastRelax: CMD: scale:fa_rep  118101  3.10439  3.10439  0.022
core.pack.task: Packer task: initialize from command line() 
core.pack.pack_rotamers: built 7854 rotamers at 492 positions.
core.pack.interaction_graph.interaction_graph_factory: Instantiating DensePDInteractionGraph
protocols.relax.FastRelax: CMD: repack  118083  3.10439  3.10439  0.022
protocols.relax.FastRelax: CMD: scale:fa_rep  118092  3.10439  3.10439  0.02805
core.optimization.Minimizer: [ WARNING ] LBFGS MAX CYCLES 2000 EXCEEDED, BUT FUNC NOT CONVERGED!
protocols.relax.FastRelax: CMD: min  -1262.94  0.172446  0.172446  0.02805
protocols.relax.FastRelax: CMD: coord_cst_weight  -1327.12  0.172446  0.172446  0.02805
protocols.relax.FastRelax: CMD: scale:fa_rep  -966.462  0.172446  0.172446  0.14575
core.pack.task: Packer task: initialize from command line() 
core.pack.pack_rotamers: built 7437 rotamers at 492 positions.
core.pack.interaction_graph.interaction_graph_factory: Instantiating DensePDInteractionGraph
protocols.relax.FastRelax: CMD: repack  -1023.17  0.172446  0.172446  0.14575
protocols.relax.FastRelax: CMD: scale:fa_rep  -1002.72  0.172446  0.172446  0.154
protocols.relax.FastRelax: CMD: min  -1167.81  0.215491  0.215491  0.154
protocols.relax.FastRelax: CMD: coord_cst_weight  -1268.94  0.215491  0.215491  0.154
protocols.relax.FastRelax: CMD: scale:fa_rep  -1080.01  0.215491  0.215491  0.30745
core.pack.task: Packer task: initialize from command line() 
core.pack.pack_rotamers: built 7232 rotamers at 492 positions.
core.pack.interaction_graph.interaction_graph_factory: Instantiating DensePDInteractionGraph
protocols.relax.FastRelax: CMD: repack  -1080.73  0.215491  0.215491  0.30745
protocols.relax.FastRelax: CMD: scale:fa_rep  -1066.01  0.215491  0.215491  0.31955
protocols.relax.FastRelax: CMD: min  -1258.8  2.65655  2.65655  0.31955
protocols.relax.FastRelax: CMD: coord_cst_weight  -1258.8  2.65655  2.65655  0.31955
protocols.relax.FastRelax: CMD: scale:fa_rep  -1052.27  2.65655  2.65655  0.55
core.pack.task: Packer task: initialize from command line() 
core.pack.pack_rotamers: built 7029 rotamers at 492 positions.
core.pack.interaction_graph.interaction_graph_factory: Instantiating DensePDInteractionGraph
protocols.relax.FastRelax: CMD: repack  -1049.27  2.65655  2.65655  0.55
protocols.relax.FastRelax: CMD: min  -1110.77  3.05337  3.05337  0.55
protocols.relax.FastRelax: MRP: 1  -1110.77  -1110.77  3.05337  3.05337  
protocols.relax.FastRelax: CMD: accept_to_best  -1110.77  3.05337  3.05337  0.55
protocols.relax.FastRelax: CMD: endrepeat  -1110.77  3.05337  3.05337  0.55
protocols.relax.FastRelax: CMD: coord_cst_weight  70748.4  3.05337  3.05337  0.55
protocols.relax.FastRelax: CMD: scale:fa_rep  70422.1  3.05337  3.05337  0.022
core.pack.task: Packer task: initialize from command line() 
core.pack.pack_rotamers: built 7862 rotamers at 492 positions.
core.pack.interaction_graph.interaction_graph_factory: Instantiating DensePDInteractionGraph
protocols.relax.FastRelax: CMD: repack  70395.2  3.05337  3.05337  0.022
protocols.relax.FastRelax: CMD: scale:fa_rep  70404.1  3.05337  3.05337  0.02805
core.optimization.Minimizer: [ WARNING ] LBFGS MAX CYCLES 2000 EXCEEDED, BUT FUNC NOT CONVERGED!
protocols.relax.FastRelax: CMD: min  -1268.3  0.182534  0.182534  0.02805
protocols.relax.FastRelax: CMD: coord_cst_weight  -1339.38  0.182534  0.182534  0.02805
protocols.relax.FastRelax: CMD: scale:fa_rep  -998.269  0.182534  0.182534  0.14575
core.pack.task: Packer task: initialize from command line() 
core.pack.pack_rotamers: built 7362 rotamers at 492 positions.
core.pack.interaction_graph.interaction_graph_factory: Instantiating DensePDInteractionGraph
protocols.relax.FastRelax: CMD: repack  -1028.89  0.182534  0.182534  0.14575
protocols.relax.FastRelax: CMD: scale:fa_rep  -1008.02  0.182534  0.182534  0.154
protocols.relax.FastRelax: CMD: min  -1182.64  0.221706  0.221706  0.154
protocols.relax.FastRelax: CMD: coord_cst_weight  -1289.39  0.221706  0.221706  0.154
protocols.relax.FastRelax: CMD: scale:fa_rep  -1104.65  0.221706  0.221706  0.30745
core.pack.task: Packer task: initialize from command line() 
core.pack.pack_rotamers: built 7212 rotamers at 492 positions.
core.pack.interaction_graph.interaction_graph_factory: Instantiating DensePDInteractionGraph
protocols.relax.FastRelax: CMD: repack  -1104.88  0.221706  0.221706  0.30745
protocols.relax.FastRelax: CMD: scale:fa_rep  -1090.34  0.221706  0.221706  0.31955
protocols.relax.FastRelax: CMD: min  -1266.1  2.58807  2.58807  0.31955
protocols.relax.FastRelax: CMD: coord_cst_weight  -1266.1  2.58807  2.58807  0.31955
protocols.relax.FastRelax: CMD: scale:fa_rep  -1058.85  2.58807  2.58807  0.55
core.pack.task: Packer task: initialize from command line() 
core.pack.pack_rotamers: built 7069 rotamers at 492 positions.
core.pack.interaction_graph.interaction_graph_factory: Instantiating DensePDInteractionGraph
protocols.relax.FastRelax: CMD: repack  -1060.48  2.58807  2.58807  0.55
protocols.relax.FastRelax: CMD: min  -1128.15  3.79369  3.79369  0.55
protocols.relax.FastRelax: MRP: 2  -1128.15  -1128.15  3.79369  3.79369  
protocols.relax.FastRelax: CMD: accept_to_best  -1128.15  3.79369  3.79369  0.55
protocols.relax.FastRelax: CMD: endrepeat  -1128.15  3.79369  3.79369  0.55
protocols.relax.FastRelax: CMD: coord_cst_weight  98559.4  3.79369  3.79369  0.55
protocols.relax.FastRelax: CMD: scale:fa_rep  98231.3  3.79369  3.79369  0.022
core.pack.task: Packer task: initialize from command line() 
core.pack.pack_rotamers: built 7748 rotamers at 492 positions.
core.pack.interaction_graph.interaction_graph_factory: Instantiating DensePDInteractionGraph
protocols.relax.FastRelax: CMD: repack  98222.4  3.79369  3.79369  0.022
protocols.relax.FastRelax: CMD: scale:fa_rep  98233.4  3.79369  3.79369  0.02805
core.optimization.Minimizer: [ WARNING ] LBFGS MAX CYCLES 2000 EXCEEDED, BUT FUNC NOT CONVERGED!
protocols.relax.FastRelax: CMD: min  -1270.88  0.178489  0.178489  0.02805
protocols.relax.FastRelax: CMD: coord_cst_weight  -1339.4  0.178489  0.178489  0.02805
protocols.relax.FastRelax: CMD: scale:fa_rep  -996.879  0.178489  0.178489  0.14575
core.pack.task: Packer task: initialize from command line() 
core.pack.pack_rotamers: built 7368 rotamers at 492 positions.
core.pack.interaction_graph.interaction_graph_factory: Instantiating DensePDInteractionGraph
protocols.relax.FastRelax: CMD: repack  -1041.5  0.178489  0.178489  0.14575
protocols.relax.FastRelax: CMD: scale:fa_rep  -1020.73  0.178489  0.178489  0.154
protocols.relax.FastRelax: CMD: min  -1179.16  0.222423  0.222423  0.154
protocols.relax.FastRelax: CMD: coord_cst_weight  -1287.02  0.222423  0.222423  0.154
protocols.relax.FastRelax: CMD: scale:fa_rep  -1100.99  0.222423  0.222423  0.30745
core.pack.task: Packer task: initialize from command line() 
core.pack.pack_rotamers: built 7188 rotamers at 492 positions.
core.pack.interaction_graph.interaction_graph_factory: Instantiating DensePDInteractionGraph
protocols.relax.FastRelax: CMD: repack  -1101.76  0.222423  0.222423  0.30745
protocols.relax.FastRelax: CMD: scale:fa_rep  -1087.19  0.222423  0.222423  0.31955
protocols.relax.FastRelax: CMD: min  -1274.13  2.8056  2.8056  0.31955
protocols.relax.FastRelax: CMD: coord_cst_weight  -1274.13  2.8056  2.8056  0.31955
protocols.relax.FastRelax: CMD: scale:fa_rep  -1068.92  2.8056  2.8056  0.55
core.pack.task: Packer task: initialize from command line() 
core.pack.pack_rotamers: built 7068 rotamers at 492 positions.
core.pack.interaction_graph.interaction_graph_factory: Instantiating DensePDInteractionGraph
protocols.relax.FastRelax: CMD: repack  -1070.9  2.8056  2.8056  0.55
protocols.relax.FastRelax: CMD: min  -1125.62  3.38267  3.38267  0.55
protocols.relax.FastRelax: MRP: 3  -1125.62  -1128.15  3.79369  3.79369  
protocols.relax.FastRelax: CMD: accept_to_best  -1125.62  3.38267  3.38267  0.55
protocols.relax.FastRelax: CMD: endrepeat  -1125.62  3.38267  3.38267  0.55
protocols.relax.FastRelax: CMD: coord_cst_weight  87377.3  3.38267  3.38267  0.55
protocols.relax.FastRelax: CMD: scale:fa_rep  87048.3  3.38267  3.38267  0.022
core.pack.task: Packer task: initialize from command line() 
core.pack.pack_rotamers: built 7799 rotamers at 492 positions.
core.pack.interaction_graph.interaction_graph_factory: Instantiating DensePDInteractionGraph
protocols.relax.FastRelax: CMD: repack  87037.8  3.38267  3.38267  0.022
protocols.relax.FastRelax: CMD: scale:fa_rep  87046.4  3.38267  3.38267  0.02805
core.optimization.Minimizer: [ WARNING ] LBFGS MAX CYCLES 2000 EXCEEDED, BUT FUNC NOT CONVERGED!
protocols.relax.FastRelax: CMD: min  -1255.72  0.181209  0.181209  0.02805
protocols.relax.FastRelax: CMD: coord_cst_weight  -1324.62  0.181209  0.181209  0.02805
protocols.relax.FastRelax: CMD: scale:fa_rep  -980.736  0.181209  0.181209  0.14575
core.pack.task: Packer task: initialize from command line() 
core.pack.pack_rotamers: built 7372 rotamers at 492 positions.
core.pack.interaction_graph.interaction_graph_factory: Instantiating DensePDInteractionGraph
protocols.relax.FastRelax: CMD: repack  -1027.63  0.181209  0.181209  0.14575
protocols.relax.FastRelax: CMD: scale:fa_rep  -1006.61  0.181209  0.181209  0.154
protocols.relax.FastRelax: CMD: min  -1171.3  0.227471  0.227471  0.154
protocols.relax.FastRelax: CMD: coord_cst_weight  -1281.43  0.227471  0.227471  0.154
protocols.relax.FastRelax: CMD: scale:fa_rep  -1092.24  0.227471  0.227471  0.30745
core.pack.task: Packer task: initialize from command line() 
core.pack.pack_rotamers: built 7161 rotamers at 492 positions.
core.pack.interaction_graph.interaction_graph_factory: Instantiating DensePDInteractionGraph
protocols.relax.FastRelax: CMD: repack  -1092.72  0.227471  0.227471  0.30745
protocols.relax.FastRelax: CMD: scale:fa_rep  -1077.87  0.227471  0.227471  0.31955
protocols.relax.FastRelax: CMD: min  -1280.14  3.0276  3.0276  0.31955
protocols.relax.FastRelax: CMD: coord_cst_weight  -1280.14  3.0276  3.0276  0.31955
protocols.relax.FastRelax: CMD: scale:fa_rep  -1076.34  3.0276  3.0276  0.55
core.pack.task: Packer task: initialize from command line() 
core.pack.pack_rotamers: built 7008 rotamers at 492 positions.
core.pack.interaction_graph.interaction_graph_factory: Instantiating DensePDInteractionGraph
protocols.relax.FastRelax: CMD: repack  -1079.07  3.0276  3.0276  0.55
protocols.relax.FastRelax: CMD: min  -1127.23  3.34603  3.34603  0.55
protocols.relax.FastRelax: MRP: 4  -1127.23  -1128.15  3.79369  3.79369  
protocols.relax.FastRelax: CMD: accept_to_best  -1127.23  3.34603  3.34603  0.55
protocols.relax.FastRelax: CMD: endrepeat  -1127.23  3.34603  3.34603  0.55
protocols.relax.FastRelax: CMD: coord_cst_weight  72306.6  3.34603  3.34603  0.55
protocols.relax.FastRelax: CMD: scale:fa_rep  71979.4  3.34603  3.34603  0.022
core.pack.task: Packer task: initialize from command line() 
core.pack.pack_rotamers: built 7708 rotamers at 492 positions.
core.pack.interaction_graph.interaction_graph_factory: Instantiating DensePDInteractionGraph
protocols.relax.FastRelax: CMD: repack  71966.4  3.34603  3.34603  0.022
protocols.relax.FastRelax: CMD: scale:fa_rep  71973.5  3.34603  3.34603  0.02805
core.optimization.Minimizer: [ WARNING ] LBFGS MAX CYCLES 2000 EXCEEDED, BUT FUNC NOT CONVERGED!
protocols.relax.FastRelax: CMD: min  -1254.96  0.186877  0.186877  0.02805
protocols.relax.FastRelax: CMD: coord_cst_weight  -1328.59  0.186877  0.186877  0.02805
protocols.relax.FastRelax: CMD: scale:fa_rep  -993.595  0.186877  0.186877  0.14575
core.pack.task: Packer task: initialize from command line() 
core.pack.pack_rotamers: built 7408 rotamers at 492 positions.
core.pack.interaction_graph.interaction_graph_factory: Instantiating DensePDInteractionGraph
protocols.relax.FastRelax: CMD: repack  -1014.21  0.186877  0.186877  0.14575
protocols.relax.FastRelax: CMD: scale:fa_rep  -993.233  0.186877  0.186877  0.154
protocols.relax.FastRelax: CMD: min  -1178.61  0.224721  0.224721  0.154
protocols.relax.FastRelax: CMD: coord_cst_weight  -1288.93  0.224721  0.224721  0.154
protocols.relax.FastRelax: CMD: scale:fa_rep  -1104.58  0.224721  0.224721  0.30745
core.pack.task: Packer task: initialize from command line() 
core.pack.pack_rotamers: built 7181 rotamers at 492 positions.
core.pack.interaction_graph.interaction_graph_factory: Instantiating DensePDInteractionGraph
protocols.relax.FastRelax: CMD: repack  -1106.05  0.224721  0.224721  0.30745
protocols.relax.FastRelax: CMD: scale:fa_rep  -1091.64  0.224721  0.224721  0.31955
protocols.relax.FastRelax: CMD: min  -1287.94  3.64647  3.64647  0.31955
protocols.relax.FastRelax: CMD: coord_cst_weight  -1287.94  3.64647  3.64647  0.31955
protocols.relax.FastRelax: CMD: scale:fa_rep  -1085.26  3.64647  3.64647  0.55
core.pack.task: Packer task: initialize from command line() 
core.pack.pack_rotamers: built 6984 rotamers at 492 positions.
core.pack.interaction_graph.interaction_graph_factory: Instantiating DensePDInteractionGraph
protocols.relax.FastRelax: CMD: repack  -1082.2  3.64647  3.64647  0.55
protocols.relax.FastRelax: CMD: min  -1137.37  4.49412  4.49412  0.55
protocols.relax.FastRelax: MRP: 5  -1137.37  -1137.37  4.49412  4.49412  
protocols.relax.FastRelax: CMD: accept_to_best  -1137.37  4.49412  4.49412  0.55
protocols.relax.FastRelax: CMD: endrepeat  -1137.37  4.49412  4.49412  0.55
protocols.relax.FastRelax: CMD: coord_cst_weight  112507  4.49412  4.49412  0.55
protocols.relax.FastRelax: CMD: scale:fa_rep  112184  4.49412  4.49412  0.022
core.pack.task: Packer task: initialize from command line() 
core.pack.pack_rotamers: built 7733 rotamers at 492 positions.
core.pack.interaction_graph.interaction_graph_factory: Instantiating DensePDInteractionGraph
protocols.relax.FastRelax: CMD: repack  112164  4.49412  4.49412  0.022
protocols.relax.FastRelax: CMD: scale:fa_rep  112171  4.49412  4.49412  0.02805
core.optimization.Minimizer: [ WARNING ] LBFGS MAX CYCLES 2000 EXCEEDED, BUT FUNC NOT CONVERGED!
protocols.relax.FastRelax: CMD: min  -1251.63  0.185621  0.185621  0.02805
protocols.relax.FastRelax: CMD: coord_cst_weight  -1327.49  0.185621  0.185621  0.02805
protocols.relax.FastRelax: CMD: scale:fa_rep  -999.392  0.185621  0.185621  0.14575
core.pack.task: Packer task: initialize from command line() 
core.pack.pack_rotamers: built 7377 rotamers at 492 positions.
core.pack.interaction_graph.interaction_graph_factory: Instantiating DensePDInteractionGraph
protocols.relax.FastRelax: CMD: repack  -1038.36  0.185621  0.185621  0.14575
protocols.relax.FastRelax: CMD: scale:fa_rep  -1018.08  0.185621  0.185621  0.154
protocols.relax.FastRelax: CMD: min  -1182.84  0.225172  0.225172  0.154
protocols.relax.FastRelax: CMD: coord_cst_weight  -1294  0.225172  0.225172  0.154
protocols.relax.FastRelax: CMD: scale:fa_rep  -1111.75  0.225172  0.225172  0.30745
core.pack.task: Packer task: initialize from command line() 
core.pack.pack_rotamers: built 7190 rotamers at 492 positions.
core.pack.interaction_graph.interaction_graph_factory: Instantiating DensePDInteractionGraph
protocols.relax.FastRelax: CMD: repack  -1113.3  0.225172  0.225172  0.30745
protocols.relax.FastRelax: CMD: scale:fa_rep  -1099.12  0.225172  0.225172  0.31955
protocols.relax.FastRelax: CMD: min  -1285.27  2.87931  2.87931  0.31955
protocols.relax.FastRelax: CMD: coord_cst_weight  -1285.27  2.87931  2.87931  0.31955
protocols.relax.FastRelax: CMD: scale:fa_rep  -1083.57  2.87931  2.87931  0.55
core.pack.task: Packer task: initialize from command line() 
core.pack.pack_rotamers: built 6949 rotamers at 492 positions.
core.pack.interaction_graph.interaction_graph_factory: Instantiating DensePDInteractionGraph
protocols.relax.FastRelax: CMD: repack  -1086.86  2.87931  2.87931  0.55
protocols.relax.FastRelax: CMD: min  -1143.17  3.88549  3.88549  0.55
protocols.relax.FastRelax: MRP: 6  -1143.17  -1143.17  3.88549  3.88549  
protocols.relax.FastRelax: CMD: accept_to_best  -1143.17  3.88549  3.88549  0.55
protocols.relax.FastRelax: CMD: endrepeat  -1143.17  3.88549  3.88549  0.55
protocols.relax.FastRelax: CMD: coord_cst_weight  103231  3.88549  3.88549  0.55
protocols.relax.FastRelax: CMD: scale:fa_rep  102909  3.88549  3.88549  0.022
core.pack.task: Packer task: initialize from command line() 
core.pack.pack_rotamers: built 7727 rotamers at 492 positions.
core.pack.interaction_graph.interaction_graph_factory: Instantiating DensePDInteractionGraph
protocols.relax.FastRelax: CMD: repack  102886  3.88549  3.88549  0.022
protocols.relax.FastRelax: CMD: scale:fa_rep  102893  3.88549  3.88549  0.02805
core.optimization.Minimizer: [ WARNING ] LBFGS MAX CYCLES 2000 EXCEEDED, BUT FUNC NOT CONVERGED!
protocols.relax.FastRelax: CMD: min  -1252.27  0.183871  0.183871  0.02805
protocols.relax.FastRelax: CMD: coord_cst_weight  -1327.23  0.183871  0.183871  0.02805
protocols.relax.FastRelax: CMD: scale:fa_rep  -1011.6  0.183871  0.183871  0.14575
core.pack.task: Packer task: initialize from command line() 
core.pack.pack_rotamers: built 7381 rotamers at 492 positions.
core.pack.interaction_graph.interaction_graph_factory: Instantiating DensePDInteractionGraph
protocols.relax.FastRelax: CMD: repack  -1051.22  0.183871  0.183871  0.14575
protocols.relax.FastRelax: CMD: scale:fa_rep  -1031.64  0.183871  0.183871  0.154
protocols.relax.FastRelax: CMD: min  -1180.47  0.223732  0.223732  0.154
protocols.relax.FastRelax: CMD: coord_cst_weight  -1291.75  0.223732  0.223732  0.154
protocols.relax.FastRelax: CMD: scale:fa_rep  -1112.4  0.223732  0.223732  0.30745
core.pack.task: Packer task: initialize from command line() 
core.pack.pack_rotamers: built 7162 rotamers at 492 positions.
core.pack.interaction_graph.interaction_graph_factory: Instantiating DensePDInteractionGraph
protocols.relax.FastRelax: CMD: repack  -1113.09  0.223732  0.223732  0.30745
protocols.relax.FastRelax: CMD: scale:fa_rep  -1098.92  0.223732  0.223732  0.31955
protocols.relax.FastRelax: CMD: min  -1284.85  3.4054  3.4054  0.31955
protocols.relax.FastRelax: CMD: coord_cst_weight  -1284.85  3.4054  3.4054  0.31955
protocols.relax.FastRelax: CMD: scale:fa_rep  -1083.8  3.4054  3.4054  0.55
core.pack.task: Packer task: initialize from command line() 
core.pack.pack_rotamers: built 6925 rotamers at 492 positions.
core.pack.interaction_graph.interaction_graph_factory: Instantiating DensePDInteractionGraph
protocols.relax.FastRelax: CMD: repack  -1087.77  3.4054  3.4054  0.55
protocols.relax.FastRelax: CMD: min  -1144.01  4.01513  4.01513  0.55
protocols.relax.FastRelax: MRP: 7  -1144.01  -1144.01  4.01513  4.01513  
protocols.relax.FastRelax: CMD: accept_to_best  -1144.01  4.01513  4.01513  0.55
protocols.relax.FastRelax: CMD: endrepeat  -1144.01  4.01513  4.01513  0.55
protocols.relax.FastRelax: CMD: coord_cst_weight  104223  4.01513  4.01513  0.55
protocols.relax.FastRelax: CMD: scale:fa_rep  103901  4.01513  4.01513  0.022
core.pack.task: Packer task: initialize from command line() 
core.pack.pack_rotamers: built 7731 rotamers at 492 positions.
core.pack.interaction_graph.interaction_graph_factory: Instantiating DensePDInteractionGraph
protocols.relax.FastRelax: CMD: repack  103885  4.01513  4.01513  0.022
protocols.relax.FastRelax: CMD: scale:fa_rep  103891  4.01513  4.01513  0.02805
core.optimization.Minimizer: [ WARNING ] LBFGS MAX CYCLES 2000 EXCEEDED, BUT FUNC NOT CONVERGED!
protocols.relax.FastRelax: CMD: min  -1251.26  0.183376  0.183376  0.02805
protocols.relax.FastRelax: CMD: coord_cst_weight  -1326.01  0.183376  0.183376  0.02805
protocols.relax.FastRelax: CMD: scale:fa_rep  -1007.27  0.183376  0.183376  0.14575
core.pack.task: Packer task: initialize from command line() 
core.pack.pack_rotamers: built 7359 rotamers at 492 positions.
core.pack.interaction_graph.interaction_graph_factory: Instantiating DensePDInteractionGraph
protocols.relax.FastRelax: CMD: repack  -1043.92  0.183376  0.183376  0.14575
protocols.relax.FastRelax: CMD: scale:fa_rep  -1023.75  0.183376  0.183376  0.154
protocols.relax.FastRelax: CMD: min  -1187.13  0.224502  0.224502  0.154
protocols.relax.FastRelax: CMD: coord_cst_weight  -1296.9  0.224502  0.224502  0.154
protocols.relax.FastRelax: CMD: scale:fa_rep  -1118.5  0.224502  0.224502  0.30745
core.pack.task: Packer task: initialize from command line() 
core.pack.pack_rotamers: built 7173 rotamers at 492 positions.
core.pack.interaction_graph.interaction_graph_factory: Instantiating DensePDInteractionGraph
protocols.relax.FastRelax: CMD: repack  -1118.69  0.224502  0.224502  0.30745
protocols.relax.FastRelax: CMD: scale:fa_rep  -1104.67  0.224502  0.224502  0.31955
protocols.relax.FastRelax: CMD: min  -1290.84  3.16285  3.16285  0.31955
protocols.relax.FastRelax: CMD: coord_cst_weight  -1290.84  3.16285  3.16285  0.31955
protocols.relax.FastRelax: CMD: scale:fa_rep  -1089.29  3.16285  3.16285  0.55
core.pack.task: Packer task: initialize from command line() 
core.pack.pack_rotamers: built 6985 rotamers at 492 positions.
core.pack.interaction_graph.interaction_graph_factory: Instantiating DensePDInteractionGraph
protocols.relax.FastRelax: CMD: repack  -1085.74  3.16285  3.16285  0.55
protocols.relax.FastRelax: CMD: min  -1143.52  3.9725  3.9725  0.55
protocols.relax.FastRelax: MRP: 8  -1143.52  -1144.01  4.01513  4.01513  
protocols.relax.FastRelax: CMD: accept_to_best  -1143.52  3.9725  3.9725  0.55
protocols.relax.FastRelax: CMD: endrepeat  -1143.52  3.9725  3.9725  0.55
protocols.relax.FastRelax: CMD: coord_cst_weight  129235  3.9725  3.9725  0.55
protocols.relax.FastRelax: CMD: scale:fa_rep  128914  3.9725  3.9725  0.022
core.pack.task: Packer task: initialize from command line() 
core.pack.pack_rotamers: built 7747 rotamers at 492 positions.
core.pack.interaction_graph.interaction_graph_factory: Instantiating DensePDInteractionGraph
protocols.relax.FastRelax: CMD: repack  128885  3.9725  3.9725  0.022
protocols.relax.FastRelax: CMD: scale:fa_rep  128892  3.9725  3.9725  0.02805
core.optimization.Minimizer: [ WARNING ] LBFGS MAX CYCLES 2000 EXCEEDED, BUT FUNC NOT CONVERGED!
protocols.relax.FastRelax: CMD: min  -1259.87  0.18205  0.18205  0.02805
protocols.relax.FastRelax: CMD: coord_cst_weight  -1333.77  0.18205  0.18205  0.02805
protocols.relax.FastRelax: CMD: scale:fa_rep  -1021.82  0.18205  0.18205  0.14575
core.pack.task: Packer task: initialize from command line() 
core.pack.pack_rotamers: built 7325 rotamers at 492 positions.
core.pack.interaction_graph.interaction_graph_factory: Instantiating DensePDInteractionGraph
protocols.relax.FastRelax: CMD: repack  -1050.39  0.18205  0.18205  0.14575
protocols.relax.FastRelax: CMD: scale:fa_rep  -1031.29  0.18205  0.18205  0.154
protocols.relax.FastRelax: CMD: min  -1183.23  0.224198  0.224198  0.154
protocols.relax.FastRelax: CMD: coord_cst_weight  -1294.01  0.224198  0.224198  0.154
protocols.relax.FastRelax: CMD: scale:fa_rep  -1117.06  0.224198  0.224198  0.30745
core.pack.task: Packer task: initialize from command line() 
core.pack.pack_rotamers: built 7106 rotamers at 492 positions.
core.pack.interaction_graph.interaction_graph_factory: Instantiating DensePDInteractionGraph
protocols.relax.FastRelax: CMD: repack  -1117.27  0.224198  0.224198  0.30745
protocols.relax.FastRelax: CMD: scale:fa_rep  -1103.36  0.224198  0.224198  0.31955
protocols.relax.FastRelax: CMD: min  -1295.22  3.5595  3.5595  0.31955
protocols.relax.FastRelax: CMD: coord_cst_weight  -1295.22  3.5595  3.5595  0.31955
protocols.relax.FastRelax: CMD: scale:fa_rep  -1094.5  3.5595  3.5595  0.55
core.pack.task: Packer task: initialize from command line() 
core.pack.pack_rotamers: built 6942 rotamers at 492 positions.
core.pack.interaction_graph.interaction_graph_factory: Instantiating DensePDInteractionGraph
protocols.relax.FastRelax: CMD: repack  -1099.76  3.5595  3.5595  0.55
protocols.relax.FastRelax: CMD: min  -1148.35  4.11661  4.11661  0.55
protocols.relax.FastRelax: MRP: 9  -1148.35  -1148.35  4.11661  4.11661  
protocols.relax.FastRelax: CMD: accept_to_best  -1148.35  4.11661  4.11661  0.55
protocols.relax.FastRelax: CMD: endrepeat  -1148.35  4.11661  4.11661  0.55
protocols.relax.FastRelax: CMD: coord_cst_weight  112323  4.11661  4.11661  0.55
protocols.relax.FastRelax: CMD: scale:fa_rep  111998  4.11661  4.11661  0.022
core.pack.task: Packer task: initialize from command line() 
core.pack.pack_rotamers: built 7761 rotamers at 492 positions.
core.pack.interaction_graph.interaction_graph_factory: Instantiating DensePDInteractionGraph
protocols.relax.FastRelax: CMD: repack  111977  4.11661  4.11661  0.022
protocols.relax.FastRelax: CMD: scale:fa_rep  111984  4.11661  4.11661  0.02805
core.optimization.Minimizer: [ WARNING ] LBFGS MAX CYCLES 2000 EXCEEDED, BUT FUNC NOT CONVERGED!
protocols.relax.FastRelax: CMD: min  -1254.14  0.182743  0.182743  0.02805
protocols.relax.FastRelax: CMD: coord_cst_weight  -1327.2  0.182743  0.182743  0.02805
protocols.relax.FastRelax: CMD: scale:fa_rep  -990.382  0.182743  0.182743  0.14575
core.pack.task: Packer task: initialize from command line() 
core.pack.pack_rotamers: built 7355 rotamers at 492 positions.
core.pack.interaction_graph.interaction_graph_factory: Instantiating DensePDInteractionGraph
protocols.relax.FastRelax: CMD: repack  -1028.22  0.182743  0.182743  0.14575
protocols.relax.FastRelax: CMD: scale:fa_rep  -1007.69  0.182743  0.182743  0.154
protocols.relax.FastRelax: CMD: min  -1182.19  0.232181  0.232181  0.154
protocols.relax.FastRelax: CMD: coord_cst_weight  -1299.33  0.232181  0.232181  0.154
protocols.relax.FastRelax: CMD: scale:fa_rep  -1124.49  0.232181  0.232181  0.30745
core.pack.task: Packer task: initialize from command line() 
core.pack.pack_rotamers: built 7193 rotamers at 492 positions.
core.pack.interaction_graph.interaction_graph_factory: Instantiating DensePDInteractionGraph
protocols.relax.FastRelax: CMD: repack  -1124.74  0.232181  0.232181  0.30745
protocols.relax.FastRelax: CMD: scale:fa_rep  -1111.04  0.232181  0.232181  0.31955
protocols.relax.FastRelax: CMD: min  -1309.91  2.48007  2.48007  0.31955
protocols.relax.FastRelax: CMD: coord_cst_weight  -1309.91  2.48007  2.48007  0.31955
protocols.relax.FastRelax: CMD: scale:fa_rep  -1106.9  2.48007  2.48007  0.55
core.pack.task: Packer task: initialize from command line() 
core.pack.pack_rotamers: built 6918 rotamers at 492 positions.
core.pack.interaction_graph.interaction_graph_factory: Instantiating DensePDInteractionGraph
protocols.relax.FastRelax: CMD: repack  -1110.34  2.48007  2.48007  0.55
protocols.relax.FastRelax: CMD: min  -1162.24  2.85336  2.85336  0.55
protocols.relax.FastRelax: MRP: 10  -1162.24  -1162.24  2.85336  2.85336  
protocols.relax.FastRelax: CMD: accept_to_best  -1162.24  2.85336  2.85336  0.55
protocols.relax.FastRelax: CMD: endrepeat  -1162.24  2.85336  2.85336  0.55
protocols.relax.FastRelax: CMD: coord_cst_weight  57202.8  2.85336  2.85336  0.55
protocols.relax.FastRelax: CMD: scale:fa_rep  56876.5  2.85336  2.85336  0.022
core.pack.task: Packer task: initialize from command line() 
core.pack.pack_rotamers: built 7713 rotamers at 492 positions.
core.pack.interaction_graph.interaction_graph_factory: Instantiating DensePDInteractionGraph
protocols.relax.FastRelax: CMD: repack  56862.8  2.85336  2.85336  0.022
protocols.relax.FastRelax: CMD: scale:fa_rep  56873.6  2.85336  2.85336  0.02805
core.optimization.Minimizer: [ WARNING ] LBFGS MAX CYCLES 2000 EXCEEDED, BUT FUNC NOT CONVERGED!
protocols.relax.FastRelax: CMD: min  -1273.7  0.176617  0.176617  0.02805
protocols.relax.FastRelax: CMD: coord_cst_weight  -1343.4  0.176617  0.176617  0.02805
protocols.relax.FastRelax: CMD: scale:fa_rep  -997.553  0.176617  0.176617  0.14575
core.pack.task: Packer task: initialize from command line() 
core.pack.pack_rotamers: built 7350 rotamers at 492 positions.
core.pack.interaction_graph.interaction_graph_factory: Instantiating DensePDInteractionGraph
protocols.relax.FastRelax: CMD: repack  -1033.42  0.176617  0.176617  0.14575
protocols.relax.FastRelax: CMD: scale:fa_rep  -1012.35  0.176617  0.176617  0.154
protocols.relax.FastRelax: CMD: min  -1180.53  0.231146  0.231146  0.154
protocols.relax.FastRelax: CMD: coord_cst_weight  -1298.13  0.231146  0.231146  0.154
protocols.relax.FastRelax: CMD: scale:fa_rep  -1119.58  0.231146  0.231146  0.30745
core.pack.task: Packer task: initialize from command line() 
core.pack.pack_rotamers: built 7125 rotamers at 492 positions.
core.pack.interaction_graph.interaction_graph_factory: Instantiating DensePDInteractionGraph
protocols.relax.FastRelax: CMD: repack  -1119.83  0.231146  0.231146  0.30745
protocols.relax.FastRelax: CMD: scale:fa_rep  -1105.81  0.231146  0.231146  0.31955
protocols.relax.FastRelax: CMD: min  -1267.62  3.17716  3.17716  0.31955
protocols.relax.FastRelax: CMD: coord_cst_weight  -1267.62  3.17716  3.17716  0.31955
protocols.relax.FastRelax: CMD: scale:fa_rep  -1032.97  3.17716  3.17716  0.55
core.pack.task: Packer task: initialize from command line() 
core.pack.pack_rotamers: built 6948 rotamers at 492 positions.
core.pack.interaction_graph.interaction_graph_factory: Instantiating DensePDInteractionGraph
protocols.relax.FastRelax: CMD: repack  -1110.82  3.17716  3.17716  0.55
protocols.relax.FastRelax: CMD: min  -1161.94  3.69019  3.69019  0.55
protocols.relax.FastRelax: MRP: 11  -1161.94  -1162.24  2.85336  2.85336  
protocols.relax.FastRelax: CMD: accept_to_best  -1161.94  3.69019  3.69019  0.55
protocols.relax.FastRelax: CMD: endrepeat  -1161.94  3.69019  3.69019  0.55
protocols.relax.FastRelax: CMD: coord_cst_weight  80386.4  3.69019  3.69019  0.55
protocols.relax.FastRelax: CMD: scale:fa_rep  80059.4  3.69019  3.69019  0.022
core.pack.task: Packer task: initialize from command line() 
core.pack.pack_rotamers: built 7740 rotamers at 492 positions.
core.pack.interaction_graph.interaction_graph_factory: Instantiating DensePDInteractionGraph
protocols.relax.FastRelax: CMD: repack  80038.6  3.69019  3.69019  0.022
protocols.relax.FastRelax: CMD: scale:fa_rep  80046.5  3.69019  3.69019  0.02805
core.optimization.Minimizer: [ WARNING ] LBFGS MAX CYCLES 2000 EXCEEDED, BUT FUNC NOT CONVERGED!
protocols.relax.FastRelax: CMD: min  -1250  0.185758  0.185758  0.02805
protocols.relax.FastRelax: CMD: coord_cst_weight  -1328.13  0.185758  0.185758  0.02805
protocols.relax.FastRelax: CMD: scale:fa_rep  -965.077  0.185758  0.185758  0.14575
core.pack.task: Packer task: initialize from command line() 
core.pack.pack_rotamers: built 7347 rotamers at 492 positions.
core.pack.interaction_graph.interaction_graph_factory: Instantiating DensePDInteractionGraph
protocols.relax.FastRelax: CMD: repack  -1034.3  0.185758  0.185758  0.14575
protocols.relax.FastRelax: CMD: scale:fa_rep  -1014.36  0.185758  0.185758  0.154
protocols.relax.FastRelax: CMD: min  -1186.18  0.229751  0.229751  0.154
protocols.relax.FastRelax: CMD: coord_cst_weight  -1302.12  0.229751  0.229751  0.154
protocols.relax.FastRelax: CMD: scale:fa_rep  -1127.03  0.229751  0.229751  0.30745
core.pack.task: Packer task: initialize from command line() 
core.pack.pack_rotamers: built 7084 rotamers at 492 positions.
core.pack.interaction_graph.interaction_graph_factory: Instantiating DensePDInteractionGraph
protocols.relax.FastRelax: CMD: repack  -1126.35  0.229751  0.229751  0.30745
protocols.relax.FastRelax: CMD: scale:fa_rep  -1112.6  0.229751  0.229751  0.31955
protocols.relax.FastRelax: CMD: min  -1291.76  2.73941  2.73941  0.31955
protocols.relax.FastRelax: CMD: coord_cst_weight  -1291.76  2.73941  2.73941  0.31955
protocols.relax.FastRelax: CMD: scale:fa_rep  -1086.51  2.73941  2.73941  0.55
core.pack.task: Packer task: initialize from command line() 
core.pack.pack_rotamers: built 6933 rotamers at 492 positions.
core.pack.interaction_graph.interaction_graph_factory: Instantiating DensePDInteractionGraph
protocols.relax.FastRelax: CMD: repack  -1081.91  2.73941  2.73941  0.55
protocols.relax.FastRelax: CMD: min  -1145.17  3.69578  3.69578  0.55
protocols.relax.FastRelax: MRP: 12  -1145.17  -1162.24  2.85336  2.85336  
protocols.relax.FastRelax: CMD: accept_to_best  -1145.17  3.69578  3.69578  0.55
protocols.relax.FastRelax: CMD: endrepeat  -1145.17  3.69578  3.69578  0.55
protocols.relax.FastRelax: CMD: coord_cst_weight  70837.9  3.69578  3.69578  0.55
protocols.relax.FastRelax: CMD: scale:fa_rep  70512.9  3.69578  3.69578  0.022
core.pack.task: Packer task: initialize from command line() 
core.pack.pack_rotamers: built 7731 rotamers at 492 positions.
core.pack.interaction_graph.interaction_graph_factory: Instantiating DensePDInteractionGraph
protocols.relax.FastRelax: CMD: repack  70485.6  3.69578  3.69578  0.022
protocols.relax.FastRelax: CMD: scale:fa_rep  70492.3  3.69578  3.69578  0.02805
core.optimization.Minimizer: [ WARNING ] LBFGS MAX CYCLES 2000 EXCEEDED, BUT FUNC NOT CONVERGED!
protocols.relax.FastRelax: CMD: min  -1269.33  0.180916  0.180916  0.02805
protocols.relax.FastRelax: CMD: coord_cst_weight  -1342.17  0.180916  0.180916  0.02805
protocols.relax.FastRelax: CMD: scale:fa_rep  -1019.77  0.180916  0.180916  0.14575
core.pack.task: Packer task: initialize from command line() 
core.pack.pack_rotamers: built 7301 rotamers at 492 positions.
core.pack.interaction_graph.interaction_graph_factory: Instantiating DensePDInteractionGraph
protocols.relax.FastRelax: CMD: repack  -1050.87  0.180916  0.180916  0.14575
protocols.relax.FastRelax: CMD: scale:fa_rep  -1030.73  0.180916  0.180916  0.154
protocols.relax.FastRelax: CMD: min  -1189.24  0.228989  0.228989  0.154
protocols.relax.FastRelax: CMD: coord_cst_weight  -1304.99  0.228989  0.228989  0.154
protocols.relax.FastRelax: CMD: scale:fa_rep  -1126.72  0.228989  0.228989  0.30745
core.pack.task: Packer task: initialize from command line() 
core.pack.pack_rotamers: built 7095 rotamers at 492 positions.
core.pack.interaction_graph.interaction_graph_factory: Instantiating DensePDInteractionGraph
protocols.relax.FastRelax: CMD: repack  -1127.16  0.228989  0.228989  0.30745
protocols.relax.FastRelax: CMD: scale:fa_rep  -1113.19  0.228989  0.228989  0.31955
protocols.relax.FastRelax: CMD: min  -1130.26  3.12176  3.12176  0.31955
protocols.relax.FastRelax: CMD: coord_cst_weight  -1130.26  3.12176  3.12176  0.31955
protocols.relax.FastRelax: CMD: scale:fa_rep  -797.384  3.12176  3.12176  0.55
core.pack.task: Packer task: initialize from command line() 
core.pack.pack_rotamers: built 6920 rotamers at 492 positions.
core.pack.interaction_graph.interaction_graph_factory: Instantiating DensePDInteractionGraph
protocols.relax.FastRelax: CMD: repack  -1102.63  3.12176  3.12176  0.55
protocols.relax.FastRelax: CMD: min  -1175.43  3.70658  3.70658  0.55
protocols.relax.FastRelax: MRP: 13  -1175.43  -1175.43  3.70658  3.70658  
protocols.relax.FastRelax: CMD: accept_to_best  -1175.43  3.70658  3.70658  0.55
protocols.relax.FastRelax: CMD: endrepeat  -1175.43  3.70658  3.70658  0.55
protocols.relax.FastRelax: CMD: coord_cst_weight  82007.1  3.70658  3.70658  0.55
protocols.relax.FastRelax: CMD: scale:fa_rep  81679.6  3.70658  3.70658  0.022
core.pack.task: Packer task: initialize from command line() 
core.pack.pack_rotamers: built 7702 rotamers at 492 positions.
core.pack.interaction_graph.interaction_graph_factory: Instantiating DensePDInteractionGraph
protocols.relax.FastRelax: CMD: repack  81658.5  3.70658  3.70658  0.022
protocols.relax.FastRelax: CMD: scale:fa_rep  81667.2  3.70658  3.70658  0.02805
core.optimization.Minimizer: [ WARNING ] LBFGS MAX CYCLES 2000 EXCEEDED, BUT FUNC NOT CONVERGED!
protocols.relax.FastRelax: CMD: min  -1234.84  0.185436  0.185436  0.02805
protocols.relax.FastRelax: CMD: coord_cst_weight  -1310.81  0.185436  0.185436  0.02805
protocols.relax.FastRelax: CMD: scale:fa_rep  -897.948  0.185436  0.185436  0.14575
core.pack.task: Packer task: initialize from command line() 
core.pack.pack_rotamers: built 7310 rotamers at 492 positions.
core.pack.interaction_graph.interaction_graph_factory: Instantiating DensePDInteractionGraph
protocols.relax.FastRelax: CMD: repack  -1046  0.185436  0.185436  0.14575
protocols.relax.FastRelax: CMD: scale:fa_rep  -1026.34  0.185436  0.185436  0.154
protocols.relax.FastRelax: CMD: min  -1183.21  0.230942  0.230942  0.154
protocols.relax.FastRelax: CMD: coord_cst_weight  -1299.67  0.230942  0.230942  0.154
protocols.relax.FastRelax: CMD: scale:fa_rep  -1120.69  0.230942  0.230942  0.30745
core.pack.task: Packer task: initialize from command line() 
core.pack.pack_rotamers: built 7128 rotamers at 492 positions.
core.pack.interaction_graph.interaction_graph_factory: Instantiating DensePDInteractionGraph
protocols.relax.FastRelax: CMD: repack  -1120.92  0.230942  0.230942  0.30745
protocols.relax.FastRelax: CMD: scale:fa_rep  -1106.86  0.230942  0.230942  0.31955
protocols.relax.FastRelax: CMD: min  -1313.2  3.61826  3.61826  0.31955
protocols.relax.FastRelax: CMD: coord_cst_weight  -1313.2  3.61826  3.61826  0.31955
protocols.relax.FastRelax: CMD: scale:fa_rep  -1107.92  3.61826  3.61826  0.55
core.pack.task: Packer task: initialize from command line() 
core.pack.pack_rotamers: built 6910 rotamers at 492 positions.
core.pack.interaction_graph.interaction_graph_factory: Instantiating DensePDInteractionGraph
protocols.relax.FastRelax: CMD: repack  -1111.05  3.61826  3.61826  0.55
protocols.relax.FastRelax: CMD: min  -1165.95  3.74113  3.74113  0.55
protocols.relax.FastRelax: MRP: 14  -1165.95  -1175.43  3.70658  3.70658  
protocols.relax.FastRelax: CMD: accept_to_best  -1165.95  3.74113  3.74113  0.55
protocols.relax.FastRelax: CMD: endrepeat  -1165.95  3.74113  3.74113  0.55
protocols::checkpoint: Deleting checkpoints of FastRelax
protocols.jd2.JobDistributor: target.BL00010001_2_0002 reported success in 14381 seconds
protocols.jd2.PDBJobInputter: PDBJobInputter::pose_from_job
protocols.jd2.PDBJobInputter: filling pose from PDB ../1-modeller/target.BL00010001.pdb
core.import_pose.import_pose: File '../1-modeller/target.BL00010001.pdb' automatically determined to be of type PDB from contents.
core.io.rcsb.ExperimentalTechnique: [ ERROR ] Unrecognized experimental technique string 'THEORETICAL MODEL, MODELLER 10.8 2026/08/10 16:18:02'
protocols.relax.FastRelax: CMD: repeat  4476.34  0  0  0.55
protocols.relax.FastRelax: CMD: coord_cst_weight  4476.34  0  0  0.55
protocols.relax.FastRelax: CMD: scale:fa_rep  806.987  0  0  0.022
core.pack.task: Packer task: initialize from command line() 
core.pack.pack_rotamers: built 8129 rotamers at 492 positions.
core.pack.interaction_graph.interaction_graph_factory: Instantiating DensePDInteractionGraph
protocols.relax.FastRelax: CMD: repack  -882.382  0  0  0.022
protocols.relax.FastRelax: CMD: scale:fa_rep  -843.968  0  0  0.02805
core.optimization.Minimizer: [ WARNING ] LBFGS MAX CYCLES 2000 EXCEEDED, BUT FUNC NOT CONVERGED!
protocols.relax.FastRelax: CMD: min  -1294.51  0.149731  0.149731  0.02805
protocols.relax.FastRelax: CMD: coord_cst_weight  -1341.62  0.149731  0.149731  0.02805
protocols.relax.FastRelax: CMD: scale:fa_rep  -954.518  0.149731  0.149731  0.14575
core.pack.task: Packer task: initialize from command line() 
core.pack.pack_rotamers: built 7486 rotamers at 492 positions.
core.pack.interaction_graph.interaction_graph_factory: Instantiating DensePDInteractionGraph
protocols.relax.FastRelax: CMD: repack  -993.911  0.149731  0.149731  0.14575
protocols.relax.FastRelax: CMD: scale:fa_rep  -971.456  0.149731  0.149731  0.154
protocols.relax.FastRelax: CMD: min  -1161.3  0.204682  0.204682  0.154
protocols.relax.FastRelax: CMD: coord_cst_weight  -1251.22  0.204682  0.204682  0.154
protocols.relax.FastRelax: CMD: scale:fa_rep  -1058.58  0.204682  0.204682  0.30745
core.pack.task: Packer task: initialize from command line() 
core.pack.pack_rotamers: built 7242 rotamers at 492 positions.
core.pack.interaction_graph.interaction_graph_factory: Instantiating DensePDInteractionGraph
protocols.relax.FastRelax: CMD: repack  -1056.46  0.204682  0.204682  0.30745
protocols.relax.FastRelax: CMD: scale:fa_rep  -1041.53  0.204682  0.204682  0.31955
protocols.relax.FastRelax: CMD: min  -1240.5  3.05665  3.05665  0.31955
protocols.relax.FastRelax: CMD: coord_cst_weight  -1240.5  3.05665  3.05665  0.31955
protocols.relax.FastRelax: CMD: scale:fa_rep  -1033.38  3.05665  3.05665  0.55
core.pack.task: Packer task: initialize from command line() 
core.pack.pack_rotamers: built 7061 rotamers at 492 positions.
core.pack.interaction_graph.interaction_graph_factory: Instantiating DensePDInteractionGraph
protocols.relax.FastRelax: CMD: repack  -1038.51  3.05665  3.05665  0.55
protocols.relax.FastRelax: CMD: min  -1098.13  3.08736  3.08736  0.55
protocols.relax.FastRelax: MRP: 0  -1098.13  -1098.13  3.08736  3.08736  
protocols.relax.FastRelax: CMD: accept_to_best  -1098.13  3.08736  3.08736  0.55
protocols.relax.FastRelax: CMD: endrepeat  -1098.13  3.08736  3.08736  0.55
protocols.relax.FastRelax: CMD: coord_cst_weight  79234.2  3.08736  3.08736  0.55
protocols.relax.FastRelax: CMD: scale:fa_rep  78905.1  3.08736  3.08736  0.022
core.pack.task: Packer task: initialize from command line() 
core.pack.pack_rotamers: built 7845 rotamers at 492 positions.
core.pack.interaction_graph.interaction_graph_factory: Instantiating DensePDInteractionGraph
protocols.relax.FastRelax: CMD: repack  78869.9  3.08736  3.08736  0.022
protocols.relax.FastRelax: CMD: scale:fa_rep  78879.9  3.08736  3.08736  0.02805
core.optimization.Minimizer: [ WARNING ] LBFGS MAX CYCLES 2000 EXCEEDED, BUT FUNC NOT CONVERGED!
protocols.relax.FastRelax: CMD: min  -1266.71  0.177276  0.177276  0.02805
protocols.relax.FastRelax: CMD: coord_cst_weight  -1333.01  0.177276  0.177276  0.02805
protocols.relax.FastRelax: CMD: scale:fa_rep  -974.447  0.177276  0.177276  0.14575
core.pack.task: Packer task: initialize from command line() 
core.pack.pack_rotamers: built 7351 rotamers at 492 positions.
core.pack.interaction_graph.interaction_graph_factory: Instantiating DensePDInteractionGraph
protocols.relax.FastRelax: CMD: repack  -1022.46  0.177276  0.177276  0.14575
protocols.relax.FastRelax: CMD: scale:fa_rep  -1001.7  0.177276  0.177276  0.154
protocols.relax.FastRelax: CMD: min  -1178.1  0.217506  0.217506  0.154
protocols.relax.FastRelax: CMD: coord_cst_weight  -1281.41  0.217506  0.217506  0.154
protocols.relax.FastRelax: CMD: scale:fa_rep  -1095.71  0.217506  0.217506  0.30745
core.pack.task: Packer task: initialize from command line() 
core.pack.pack_rotamers: built 7173 rotamers at 492 positions.
core.pack.interaction_graph.interaction_graph_factory: Instantiating DensePDInteractionGraph
protocols.relax.FastRelax: CMD: repack  -1088.99  0.217506  0.217506  0.30745
protocols.relax.FastRelax: CMD: scale:fa_rep  -1074.66  0.217506  0.217506  0.31955
protocols.relax.FastRelax: CMD: min  -1292.48  2.64636  2.64636  0.31955
protocols.relax.FastRelax: CMD: coord_cst_weight  -1292.48  2.64636  2.64636  0.31955
protocols.relax.FastRelax: CMD: scale:fa_rep  -1088.37  2.64636  2.64636  0.55
core.pack.task: Packer task: initialize from command line() 
core.pack.pack_rotamers: built 6983 rotamers at 492 positions.
core.pack.interaction_graph.interaction_graph_factory: Instantiating DensePDInteractionGraph
protocols.relax.FastRelax: CMD: repack  -1090.48  2.64636  2.64636  0.55
protocols.relax.FastRelax: CMD: min  -1153.43  2.55468  2.55468  0.55
protocols.relax.FastRelax: MRP: 1  -1153.43  -1153.43  2.55468  2.55468  
protocols.relax.FastRelax: CMD: accept_to_best  -1153.43  2.55468  2.55468  0.55
protocols.relax.FastRelax: CMD: endrepeat  -1153.43  2.55468  2.55468  0.55
protocols.relax.FastRelax: CMD: coord_cst_weight  77532.2  2.55468  2.55468  0.55
protocols.relax.FastRelax: CMD: scale:fa_rep  77208.6  2.55468  2.55468  0.022
core.pack.task: Packer task: initialize from command line() 
core.pack.pack_rotamers: built 7787 rotamers at 492 positions.
core.pack.interaction_graph.interaction_graph_factory: Instantiating DensePDInteractionGraph
protocols.relax.FastRelax: CMD: repack  77190.2  2.55468  2.55468  0.022
protocols.relax.FastRelax: CMD: scale:fa_rep  77198.5  2.55468  2.55468  0.02805
core.optimization.Minimizer: [ WARNING ] LBFGS MAX CYCLES 2000 EXCEEDED, BUT FUNC NOT CONVERGED!
protocols.relax.FastRelax: CMD: min  -1236.32  0.188203  0.188203  0.02805
protocols.relax.FastRelax: CMD: coord_cst_weight  -1312.85  0.188203  0.188203  0.02805
protocols.relax.FastRelax: CMD: scale:fa_rep  -992.67  0.188203  0.188203  0.14575
core.pack.task: Packer task: initialize from command line() 
core.pack.pack_rotamers: built 7412 rotamers at 492 positions.
core.pack.interaction_graph.interaction_graph_factory: Instantiating DensePDInteractionGraph
protocols.relax.FastRelax: CMD: repack  -1039.71  0.188203  0.188203  0.14575
protocols.relax.FastRelax: CMD: scale:fa_rep  -1020.55  0.188203  0.188203  0.154
protocols.relax.FastRelax: CMD: min  -1174.89  0.224006  0.224006  0.154
protocols.relax.FastRelax: CMD: coord_cst_weight  -1286.74  0.224006  0.224006  0.154
protocols.relax.FastRelax: CMD: scale:fa_rep  -1108.29  0.224006  0.224006  0.30745
core.pack.task: Packer task: initialize from command line() 
core.pack.pack_rotamers: built 7175 rotamers at 492 positions.
core.pack.interaction_graph.interaction_graph_factory: Instantiating DensePDInteractionGraph
protocols.relax.FastRelax: CMD: repack  -1110.02  0.224006  0.224006  0.30745
protocols.relax.FastRelax: CMD: scale:fa_rep  -1096.07  0.224006  0.224006  0.31955
protocols.relax.FastRelax: CMD: min  -1096.23  3.67338  3.67338  0.31955
protocols.relax.FastRelax: CMD: coord_cst_weight  -1096.23  3.67338  3.67338  0.31955
protocols.relax.FastRelax: CMD: scale:fa_rep  -744.568  3.67338  3.67338  0.55
core.pack.task: Packer task: initialize from command line() 
core.pack.pack_rotamers: built 6977 rotamers at 492 positions.
core.pack.interaction_graph.interaction_graph_factory: Instantiating DensePDInteractionGraph
protocols.relax.FastRelax: CMD: repack  -1095.02  3.67338  3.67338  0.55
protocols.relax.FastRelax: CMD: min  -1146.61  3.9041  3.9041  0.55
protocols.relax.FastRelax: MRP: 2  -1146.61  -1153.43  2.55468  2.55468  
protocols.relax.FastRelax: CMD: accept_to_best  -1146.61  3.9041  3.9041  0.55
protocols.relax.FastRelax: CMD: endrepeat  -1146.61  3.9041  3.9041  0.55
protocols.relax.FastRelax: CMD: coord_cst_weight  67649.2  3.9041  3.9041  0.55
protocols.relax.FastRelax: CMD: scale:fa_rep  67323.2  3.9041  3.9041  0.022
core.pack.task: Packer task: initialize from command line() 
core.pack.pack_rotamers: built 7716 rotamers at 492 positions.
core.pack.interaction_graph.interaction_graph_factory: Instantiating DensePDInteractionGraph
protocols.relax.FastRelax: CMD: repack  67301.4  3.9041  3.9041  0.022
protocols.relax.FastRelax: CMD: scale:fa_rep  67308.5  3.9041  3.9041  0.02805
core.optimization.Minimizer: [ WARNING ] LBFGS MAX CYCLES 2000 EXCEEDED, BUT FUNC NOT CONVERGED!
protocols.relax.FastRelax: CMD: min  -1258.91  0.178549  0.178549  0.02805
protocols.relax.FastRelax: CMD: coord_cst_weight  -1331.8  0.178549  0.178549  0.02805
protocols.relax.FastRelax: CMD: scale:fa_rep  -991.493  0.178549  0.178549  0.14575
core.pack.task: Packer task: initialize from command line() 
core.pack.pack_rotamers: built 7354 rotamers at 492 positions.
core.pack.interaction_graph.interaction_graph_factory: Instantiating DensePDInteractionGraph
protocols.relax.FastRelax: CMD: repack  -1037.12  0.178549  0.178549  0.14575
protocols.relax.FastRelax: CMD: scale:fa_rep  -1016.56  0.178549  0.178549  0.154
protocols.relax.FastRelax: CMD: min  -1181.29  0.224758  0.224758  0.154
protocols.relax.FastRelax: CMD: coord_cst_weight  -1293.65  0.224758  0.224758  0.154
protocols.relax.FastRelax: CMD: scale:fa_rep  -1110.76  0.224758  0.224758  0.30745
core.pack.task: Packer task: initialize from command line() 
core.pack.pack_rotamers: built 7151 rotamers at 492 positions.
core.pack.interaction_graph.interaction_graph_factory: Instantiating DensePDInteractionGraph
protocols.relax.FastRelax: CMD: repack  -1105.11  0.224758  0.224758  0.30745
protocols.relax.FastRelax: CMD: scale:fa_rep  -1091.08  0.224758  0.224758  0.31955
protocols.relax.FastRelax: CMD: min  -1305.41  3.13077  3.13077  0.31955
protocols.relax.FastRelax: CMD: coord_cst_weight  -1305.41  3.13077  3.13077  0.31955
protocols.relax.FastRelax: CMD: scale:fa_rep  -1102.87  3.13077  3.13077  0.55
core.pack.task: Packer task: initialize from command line() 
core.pack.pack_rotamers: built 6974 rotamers at 492 positions.
core.pack.interaction_graph.interaction_graph_factory: Instantiating DensePDInteractionGraph
protocols.relax.FastRelax: CMD: repack  -1104.15  3.13077  3.13077  0.55
protocols.relax.FastRelax: CMD: min  -1154.37  3.52673  3.52673  0.55
protocols.relax.FastRelax: MRP: 3  -1154.37  -1154.37  3.52673  3.52673  
protocols.relax.FastRelax: CMD: accept_to_best  -1154.37  3.52673  3.52673  0.55
protocols.relax.FastRelax: CMD: endrepeat  -1154.37  3.52673  3.52673  0.55
protocols.relax.FastRelax: CMD: coord_cst_weight  58348.5  3.52673  3.52673  0.55
protocols.relax.FastRelax: CMD: scale:fa_rep  58022.2  3.52673  3.52673  0.022
core.pack.task: Packer task: initialize from command line() 
core.pack.pack_rotamers: built 7722 rotamers at 492 positions.
core.pack.interaction_graph.interaction_graph_factory: Instantiating DensePDInteractionGraph
protocols.relax.FastRelax: CMD: repack  57996.8  3.52673  3.52673  0.022
protocols.relax.FastRelax: CMD: scale:fa_rep  58004.7  3.52673  3.52673  0.02805
core.optimization.Minimizer: [ WARNING ] LBFGS MAX CYCLES 2000 EXCEEDED, BUT FUNC NOT CONVERGED!
protocols.relax.FastRelax: CMD: min  -1236.09  0.189024  0.189024  0.02805
protocols.relax.FastRelax: CMD: coord_cst_weight  -1313.18  0.189024  0.189024  0.02805
protocols.relax.FastRelax: CMD: scale:fa_rep  -921.994  0.189024  0.189024  0.14575
core.pack.task: Packer task: initialize from command line() 
core.pack.pack_rotamers: built 7406 rotamers at 492 positions.
core.pack.interaction_graph.interaction_graph_factory: Instantiating DensePDInteractionGraph
protocols.relax.FastRelax: CMD: repack  -1024.14  0.189024  0.189024  0.14575
protocols.relax.FastRelax: CMD: scale:fa_rep  -1002.98  0.189024  0.189024  0.154
protocols.relax.FastRelax: CMD: min  -1180.11  0.226201  0.226201  0.154
protocols.relax.FastRelax: CMD: coord_cst_weight  -1294.63  0.226201  0.226201  0.154
protocols.relax.FastRelax: CMD: scale:fa_rep  -1111.51  0.226201  0.226201  0.30745
core.pack.task: Packer task: initialize from command line() 
core.pack.pack_rotamers: built 7164 rotamers at 492 positions.
core.pack.interaction_graph.interaction_graph_factory: Instantiating DensePDInteractionGraph
protocols.relax.FastRelax: CMD: repack  -1113.93  0.226201  0.226201  0.30745
protocols.relax.FastRelax: CMD: scale:fa_rep  -1099.78  0.226201  0.226201  0.31955
protocols.relax.FastRelax: CMD: min  -1024.39  3.39841  3.39841  0.31955
protocols.relax.FastRelax: CMD: coord_cst_weight  -1024.39  3.39841  3.39841  0.31955
protocols.relax.FastRelax: CMD: scale:fa_rep  -626.525  3.39841  3.39841  0.55
core.pack.task: Packer task: initialize from command line() 
core.pack.pack_rotamers: built 6969 rotamers at 492 positions.
core.pack.interaction_graph.interaction_graph_factory: Instantiating DensePDInteractionGraph
protocols.relax.FastRelax: CMD: repack  -1068.35  3.39841  3.39841  0.55
protocols.relax.FastRelax: CMD: min  -1151.55  2.92672  2.92672  0.55
protocols.relax.FastRelax: MRP: 4  -1151.55  -1154.37  3.52673  3.52673  
protocols.relax.FastRelax: CMD: accept_to_best  -1151.55  2.92672  2.92672  0.55
protocols.relax.FastRelax: CMD: endrepeat  -1151.55  2.92672  2.92672  0.55
protocols.relax.FastRelax: CMD: coord_cst_weight  78076.7  2.92672  2.92672  0.55
protocols.relax.FastRelax: CMD: scale:fa_rep  77747.1  2.92672  2.92672  0.022
core.pack.task: Packer task: initialize from command line() 
core.pack.pack_rotamers: built 7673 rotamers at 492 positions.
core.pack.interaction_graph.interaction_graph_factory: Instantiating DensePDInteractionGraph
protocols.relax.FastRelax: CMD: repack  77725.9  2.92672  2.92672  0.022
protocols.relax.FastRelax: CMD: scale:fa_rep  77734  2.92672  2.92672  0.02805
core.optimization.Minimizer: [ WARNING ] LBFGS MAX CYCLES 2000 EXCEEDED, BUT FUNC NOT CONVERGED!
protocols.relax.FastRelax: CMD: min  -1245.71  0.189728  0.189728  0.02805
protocols.relax.FastRelax: CMD: coord_cst_weight  -1324.4  0.189728  0.189728  0.02805
protocols.relax.FastRelax: CMD: scale:fa_rep  -991.443  0.189728  0.189728  0.14575
core.pack.task: Packer task: initialize from command line() 
core.pack.pack_rotamers: built 7423 rotamers at 492 positions.
core.pack.interaction_graph.interaction_graph_factory: Instantiating DensePDInteractionGraph
protocols.relax.FastRelax: CMD: repack  -1054.32  0.189728  0.189728  0.14575
protocols.relax.FastRelax: CMD: scale:fa_rep  -1034.87  0.189728  0.189728  0.154
protocols.relax.FastRelax: CMD: min  -1187.78  0.225655  0.225655  0.154
protocols.relax.FastRelax: CMD: coord_cst_weight  -1302.18  0.225655  0.225655  0.154
protocols.relax.FastRelax: CMD: scale:fa_rep  -1121.14  0.225655  0.225655  0.30745
core.pack.task: Packer task: initialize from command line() 
core.pack.pack_rotamers: built 7184 rotamers at 492 positions.
core.pack.interaction_graph.interaction_graph_factory: Instantiating DensePDInteractionGraph
protocols.relax.FastRelax: CMD: repack  -1122.1  0.225655  0.225655  0.30745
protocols.relax.FastRelax: CMD: scale:fa_rep  -1108.05  0.225655  0.225655  0.31955
protocols.relax.FastRelax: CMD: min  -33.4857  3.7065  3.7065  0.31955
protocols.relax.FastRelax: CMD: coord_cst_weight  -33.4857  3.7065  3.7065  0.31955
protocols.relax.FastRelax: CMD: scale:fa_rep  1074.76  3.7065  3.7065  0.55
core.pack.task: Packer task: initialize from command line() 
core.pack.pack_rotamers: built 7017 rotamers at 492 positions.
core.pack.interaction_graph.interaction_graph_factory: Instantiating DensePDInteractionGraph
protocols.relax.FastRelax: CMD: repack  -75.3103  3.7065  3.7065  0.55
protocols.relax.FastRelax: CMD: min  -1162.16  3.27663  3.27663  0.55
protocols.relax.FastRelax: MRP: 5  -1162.16  -1162.16  3.27663  3.27663  
protocols.relax.FastRelax: CMD: accept_to_best  -1162.16  3.27663  3.27663  0.55
protocols.relax.FastRelax: CMD: endrepeat  -1162.16  3.27663  3.27663  0.55
protocols.relax.FastRelax: CMD: coord_cst_weight  73749.8  3.27663  3.27663  0.55
protocols.relax.FastRelax: CMD: scale:fa_rep  73424.2  3.27663  3.27663  0.022
core.pack.task: Packer task: initialize from command line() 
core.pack.pack_rotamers: built 7739 rotamers at 492 positions.
core.pack.interaction_graph.interaction_graph_factory: Instantiating DensePDInteractionGraph
protocols.relax.FastRelax: CMD: repack  73407.8  3.27663  3.27663  0.022
protocols.relax.FastRelax: CMD: scale:fa_rep  73414.8  3.27663  3.27663  0.02805
core.optimization.Minimizer: [ WARNING ] LBFGS MAX CYCLES 2000 EXCEEDED, BUT FUNC NOT CONVERGED!
protocols.relax.FastRelax: CMD: min  -1258.96  0.18311  0.18311  0.02805
protocols.relax.FastRelax: CMD: coord_cst_weight  -1333.68  0.18311  0.18311  0.02805
protocols.relax.FastRelax: CMD: scale:fa_rep  -1025.85  0.18311  0.18311  0.14575
core.pack.task: Packer task: initialize from command line() 
core.pack.pack_rotamers: built 7355 rotamers at 492 positions.
core.pack.interaction_graph.interaction_graph_factory: Instantiating DensePDInteractionGraph
protocols.relax.FastRelax: CMD: repack  -1062.85  0.18311  0.18311  0.14575
protocols.relax.FastRelax: CMD: scale:fa_rep  -1043.61  0.18311  0.18311  0.154
protocols.relax.FastRelax: CMD: min  -1191.29  0.223923  0.223923  0.154
protocols.relax.FastRelax: CMD: coord_cst_weight  -1304.55  0.223923  0.223923  0.154
protocols.relax.FastRelax: CMD: scale:fa_rep  -1125.88  0.223923  0.223923  0.30745
core.pack.task: Packer task: initialize from command line() 
core.pack.pack_rotamers: built 7147 rotamers at 492 positions.
core.pack.interaction_graph.interaction_graph_factory: Instantiating DensePDInteractionGraph
protocols.relax.FastRelax: CMD: repack  -1127.66  0.223923  0.223923  0.30745
protocols.relax.FastRelax: CMD: scale:fa_rep  -1113.86  0.223923  0.223923  0.31955
protocols.relax.FastRelax: CMD: min  -527.928  3.57864  3.57864  0.31955
protocols.relax.FastRelax: CMD: coord_cst_weight  -527.928  3.57864  3.57864  0.31955
protocols.relax.FastRelax: CMD: scale:fa_rep  230.501  3.57864  3.57864  0.55
core.pack.task: Packer task: initialize from command line() 
core.pack.pack_rotamers: built 6977 rotamers at 492 positions.
core.pack.interaction_graph.interaction_graph_factory: Instantiating DensePDInteractionGraph
protocols.relax.FastRelax: CMD: repack  -853.951  3.57864  3.57864  0.55
protocols.relax.FastRelax: CMD: min  -1158.19  3.2213  3.2213  0.55
protocols.relax.FastRelax: MRP: 6  -1158.19  -1162.16  3.27663  3.27663  
protocols.relax.FastRelax: CMD: accept_to_best  -1158.19  3.2213  3.2213  0.55
protocols.relax.FastRelax: CMD: endrepeat  -1158.19  3.2213  3.2213  0.55
protocols.relax.FastRelax: CMD: coord_cst_weight  127804  3.2213  3.2213  0.55
protocols.relax.FastRelax: CMD: scale:fa_rep  127477  3.2213  3.2213  0.022
core.pack.task: Packer task: initialize from command line() 
core.pack.pack_rotamers: built 7761 rotamers at 492 positions.
core.pack.interaction_graph.interaction_graph_factory: Instantiating DensePDInteractionGraph
protocols.relax.FastRelax: CMD: repack  127464  3.2213  3.2213  0.022
protocols.relax.FastRelax: CMD: scale:fa_rep  127477  3.2213  3.2213  0.02805
core.optimization.Minimizer: [ WARNING ] LBFGS MAX CYCLES 2000 EXCEEDED, BUT FUNC NOT CONVERGED!
protocols.relax.FastRelax: CMD: min  -1236.75  0.191668  0.191668  0.02805
protocols.relax.FastRelax: CMD: coord_cst_weight  -1320.4  0.191668  0.191668  0.02805
protocols.relax.FastRelax: CMD: scale:fa_rep  -939.417  0.191668  0.191668  0.14575
core.pack.task: Packer task: initialize from command line() 
core.pack.pack_rotamers: built 7377 rotamers at 492 positions.
core.pack.interaction_graph.interaction_graph_factory: Instantiating DensePDInteractionGraph
protocols.relax.FastRelax: CMD: repack  -1029.92  0.191668  0.191668  0.14575
protocols.relax.FastRelax: CMD: scale:fa_rep  -1009.38  0.191668  0.191668  0.154
protocols.relax.FastRelax: CMD: min  -1191.36  0.226844  0.226844  0.154
protocols.relax.FastRelax: CMD: coord_cst_weight  -1307.12  0.226844  0.226844  0.154
protocols.relax.FastRelax: CMD: scale:fa_rep  -1130.79  0.226844  0.226844  0.30745
core.pack.task: Packer task: initialize from command line() 
core.pack.pack_rotamers: built 7167 rotamers at 492 positions.
core.pack.interaction_graph.interaction_graph_factory: Instantiating DensePDInteractionGraph
protocols.relax.FastRelax: CMD: repack  -1131.79  0.226844  0.226844  0.30745
protocols.relax.FastRelax: CMD: scale:fa_rep  -1117.99  0.226844  0.226844  0.31955
protocols.relax.FastRelax: CMD: min  -1290.2  2.53099  2.53099  0.31955
protocols.relax.FastRelax: CMD: coord_cst_weight  -1290.2  2.53099  2.53099  0.31955
protocols.relax.FastRelax: CMD: scale:fa_rep  -1079.62  2.53099  2.53099  0.55
core.pack.task: Packer task: initialize from command line() 
core.pack.pack_rotamers: built 7042 rotamers at 492 positions.
core.pack.interaction_graph.interaction_graph_factory: Instantiating DensePDInteractionGraph
protocols.relax.FastRelax: CMD: repack  -1098.47  2.53099  2.53099  0.55
protocols.relax.FastRelax: CMD: min  -1153.89  2.41154  2.41154  0.55
protocols.relax.FastRelax: MRP: 7  -1153.89  -1162.16  3.27663  3.27663  
protocols.relax.FastRelax: CMD: accept_to_best  -1153.89  2.41154  2.41154  0.55
protocols.relax.FastRelax: CMD: endrepeat  -1153.89  2.41154  2.41154  0.55
protocols.relax.FastRelax: CMD: coord_cst_weight  42387.2  2.41154  2.41154  0.55
protocols.relax.FastRelax: CMD: scale:fa_rep  42059.5  2.41154  2.41154  0.022
core.pack.task: Packer task: initialize from command line() 
core.pack.pack_rotamers: built 7803 rotamers at 492 positions.
core.pack.interaction_graph.interaction_graph_factory: Instantiating DensePDInteractionGraph
protocols.relax.FastRelax: CMD: repack  42036.5  2.41154  2.41154  0.022
protocols.relax.FastRelax: CMD: scale:fa_rep  42043.2  2.41154  2.41154  0.02805
core.optimization.Minimizer: [ WARNING ] LBFGS MAX CYCLES 2000 EXCEEDED, BUT FUNC NOT CONVERGED!
protocols.relax.FastRelax: CMD: min  -1261.39  0.188986  0.188986  0.02805
protocols.relax.FastRelax: CMD: coord_cst_weight  -1340.47  0.188986  0.188986  0.02805
protocols.relax.FastRelax: CMD: scale:fa_rep  -993.577  0.188986  0.188986  0.14575
core.pack.task: Packer task: initialize from command line() 
core.pack.pack_rotamers: built 7359 rotamers at 492 positions.
core.pack.interaction_graph.interaction_graph_factory: Instantiating DensePDInteractionGraph
protocols.relax.FastRelax: CMD: repack  -1053.7  0.188986  0.188986  0.14575
protocols.relax.FastRelax: CMD: scale:fa_rep  -1033.76  0.188986  0.188986  0.154
protocols.relax.FastRelax: CMD: min  -1187.53  0.229724  0.229724  0.154
protocols.relax.FastRelax: CMD: coord_cst_weight  -1305.83  0.229724  0.229724  0.154
protocols.relax.FastRelax: CMD: scale:fa_rep  -1126.28  0.229724  0.229724  0.30745
core.pack.task: Packer task: initialize from command line() 
core.pack.pack_rotamers: built 7191 rotamers at 492 positions.
core.pack.interaction_graph.interaction_graph_factory: Instantiating DensePDInteractionGraph
protocols.relax.FastRelax: CMD: repack  -1125.98  0.229724  0.229724  0.30745
protocols.relax.FastRelax: CMD: scale:fa_rep  -1111.89  0.229724  0.229724  0.31955
protocols.relax.FastRelax: CMD: min  -1282.31  3.42061  3.42061  0.31955
protocols.relax.FastRelax: CMD: coord_cst_weight  -1282.31  3.42061  3.42061  0.31955
protocols.relax.FastRelax: CMD: scale:fa_rep  -1063.51  3.42061  3.42061  0.55
core.pack.task: Packer task: initialize from command line() 
core.pack.pack_rotamers: built 7070 rotamers at 492 positions.
core.pack.interaction_graph.interaction_graph_factory: Instantiating DensePDInteractionGraph
protocols.relax.FastRelax: CMD: repack  -1104.21  3.42061  3.42061  0.55
protocols.relax.FastRelax: CMD: min  -1152.61  3.46265  3.46265  0.55
protocols.relax.FastRelax: MRP: 8  -1152.61  -1162.16  3.27663  3.27663  
protocols.relax.FastRelax: CMD: accept_to_best  -1152.61  3.46265  3.46265  0.55
protocols.relax.FastRelax: CMD: endrepeat  -1152.61  3.46265  3.46265  0.55
protocols.relax.FastRelax: CMD: coord_cst_weight  97796.5  3.46265  3.46265  0.55
protocols.relax.FastRelax: CMD: scale:fa_rep  97470.2  3.46265  3.46265  0.022
core.pack.task: Packer task: initialize from command line() 
core.pack.pack_rotamers: built 7766 rotamers at 492 positions.
core.pack.interaction_graph.interaction_graph_factory: Instantiating DensePDInteractionGraph
protocols.relax.FastRelax: CMD: repack  97466.7  3.46265  3.46265  0.022
protocols.relax.FastRelax: CMD: scale:fa_rep  97474  3.46265  3.46265  0.02805
core.optimization.Minimizer: [ WARNING ] LBFGS MAX CYCLES 2000 EXCEEDED, BUT FUNC NOT CONVERGED!
protocols.relax.FastRelax: CMD: min  -1248.77  0.185473  0.185473  0.02805
protocols.relax.FastRelax: CMD: coord_cst_weight  -1327.15  0.185473  0.185473  0.02805
protocols.relax.FastRelax: CMD: scale:fa_rep  -1004.55  0.185473  0.185473  0.14575
core.pack.task: Packer task: initialize from command line() 
core.pack.pack_rotamers: built 7361 rotamers at 492 positions.
core.pack.interaction_graph.interaction_graph_factory: Instantiating DensePDInteractionGraph
protocols.relax.FastRelax: CMD: repack  -1038.97  0.185473  0.185473  0.14575
protocols.relax.FastRelax: CMD: scale:fa_rep  -1018.53  0.185473  0.185473  0.154
protocols.relax.FastRelax: CMD: min  -1186.98  0.228261  0.228261  0.154
protocols.relax.FastRelax: CMD: coord_cst_weight  -1304.22  0.228261  0.228261  0.154
protocols.relax.FastRelax: CMD: scale:fa_rep  -1122.1  0.228261  0.228261  0.30745
core.pack.task: Packer task: initialize from command line() 
core.pack.pack_rotamers: built 7146 rotamers at 492 positions.
core.pack.interaction_graph.interaction_graph_factory: Instantiating DensePDInteractionGraph
protocols.relax.FastRelax: CMD: repack  -1122.78  0.228261  0.228261  0.30745
protocols.relax.FastRelax: CMD: scale:fa_rep  -1108.55  0.228261  0.228261  0.31955
protocols.relax.FastRelax: CMD: min  -1295.06  2.54389  2.54389  0.31955
protocols.relax.FastRelax: CMD: coord_cst_weight  -1295.06  2.54389  2.54389  0.31955
protocols.relax.FastRelax: CMD: scale:fa_rep  -1091.58  2.54389  2.54389  0.55
core.pack.task: Packer task: initialize from command line() 
core.pack.pack_rotamers: built 7027 rotamers at 492 positions.
core.pack.interaction_graph.interaction_graph_factory: Instantiating DensePDInteractionGraph
protocols.relax.FastRelax: CMD: repack  -1095.92  2.54389  2.54389  0.55
protocols.relax.FastRelax: CMD: min  -1158.71  2.61915  2.61915  0.55
protocols.relax.FastRelax: MRP: 9  -1158.71  -1162.16  3.27663  3.27663  
protocols.relax.FastRelax: CMD: accept_to_best  -1158.71  2.61915  2.61915  0.55
protocols.relax.FastRelax: CMD: endrepeat  -1158.71  2.61915  2.61915  0.55
protocols.relax.FastRelax: CMD: coord_cst_weight  48049.8  2.61915  2.61915  0.55
protocols.relax.FastRelax: CMD: scale:fa_rep  47721.8  2.61915  2.61915  0.022
core.pack.task: Packer task: initialize from command line() 
core.pack.pack_rotamers: built 7743 rotamers at 492 positions.
core.pack.interaction_graph.interaction_graph_factory: Instantiating DensePDInteractionGraph
protocols.relax.FastRelax: CMD: repack  47708.5  2.61915  2.61915  0.022
protocols.relax.FastRelax: CMD: scale:fa_rep  47714.5  2.61915  2.61915  0.02805
core.optimization.Minimizer: [ WARNING ] LBFGS MAX CYCLES 2000 EXCEEDED, BUT FUNC NOT CONVERGED!
protocols.relax.FastRelax: CMD: min  -1259.68  0.183996  0.183996  0.02805
protocols.relax.FastRelax: CMD: coord_cst_weight  -1333.96  0.183996  0.183996  0.02805
protocols.relax.FastRelax: CMD: scale:fa_rep  -992.472  0.183996  0.183996  0.14575
core.pack.task: Packer task: initialize from command line() 
core.pack.pack_rotamers: built 7386 rotamers at 492 positions.
core.pack.interaction_graph.interaction_graph_factory: Instantiating DensePDInteractionGraph
protocols.relax.FastRelax: CMD: repack  -1037.22  0.183996  0.183996  0.14575
protocols.relax.FastRelax: CMD: scale:fa_rep  -1016.47  0.183996  0.183996  0.154
protocols.relax.FastRelax: CMD: min  -1183.95  0.228187  0.228187  0.154
protocols.relax.FastRelax: CMD: coord_cst_weight  -1300.04  0.228187  0.228187  0.154
protocols.relax.FastRelax: CMD: scale:fa_rep  -1118.13  0.228187  0.228187  0.30745
core.pack.task: Packer task: initialize from command line() 
core.pack.pack_rotamers: built 7148 rotamers at 492 positions.
core.pack.interaction_graph.interaction_graph_factory: Instantiating DensePDInteractionGraph
protocols.relax.FastRelax: CMD: repack  -1119.39  0.228187  0.228187  0.30745
protocols.relax.FastRelax: CMD: scale:fa_rep  -1105.23  0.228187  0.228187  0.31955
protocols.relax.FastRelax: CMD: min  -1310.61  2.12892  2.12892  0.31955
protocols.relax.FastRelax: CMD: coord_cst_weight  -1310.61  2.12892  2.12892  0.31955
protocols.relax.FastRelax: CMD: scale:fa_rep  -1106.99  2.12892  2.12892  0.55
core.pack.task: Packer task: initialize from command line() 
core.pack.pack_rotamers: built 6996 rotamers at 492 positions.
core.pack.interaction_graph.interaction_graph_factory: Instantiating DensePDInteractionGraph
protocols.relax.FastRelax: CMD: repack  -1108.95  2.12892  2.12892  0.55
protocols.relax.FastRelax: CMD: min  -1160.45  2.14123  2.14123  0.55
protocols.relax.FastRelax: MRP: 10  -1160.45  -1162.16  3.27663  3.27663  
protocols.relax.FastRelax: CMD: accept_to_best  -1160.45  2.14123  2.14123  0.55
protocols.relax.FastRelax: CMD: endrepeat  -1160.45  2.14123  2.14123  0.55
protocols.relax.FastRelax: CMD: coord_cst_weight  78558.9  2.14123  2.14123  0.55
protocols.relax.FastRelax: CMD: scale:fa_rep  78233.8  2.14123  2.14123  0.022
core.pack.task: Packer task: initialize from command line() 
core.pack.pack_rotamers: built 7715 rotamers at 492 positions.
core.pack.interaction_graph.interaction_graph_factory: Instantiating DensePDInteractionGraph
protocols.relax.FastRelax: CMD: repack  78258.4  2.14123  2.14123  0.022
protocols.relax.FastRelax: CMD: scale:fa_rep  78274.5  2.14123  2.14123  0.02805
core.optimization.Minimizer: [ WARNING ] LBFGS MAX CYCLES 2000 EXCEEDED, BUT FUNC NOT CONVERGED!
protocols.relax.FastRelax: CMD: min  -1242.03  0.186754  0.186754  0.02805
protocols.relax.FastRelax: CMD: coord_cst_weight  -1318.21  0.186754  0.186754  0.02805
protocols.relax.FastRelax: CMD: scale:fa_rep  -954.701  0.186754  0.186754  0.14575
core.pack.task: Packer task: initialize from command line() 
core.pack.pack_rotamers: built 7404 rotamers at 492 positions.
core.pack.interaction_graph.interaction_graph_factory: Instantiating DensePDInteractionGraph
protocols.relax.FastRelax: CMD: repack  -1016.98  0.186754  0.186754  0.14575
protocols.relax.FastRelax: CMD: scale:fa_rep  -995.75  0.186754  0.186754  0.154
protocols.relax.FastRelax: CMD: min  -1182.59  0.227118  0.227118  0.154
protocols.relax.FastRelax: CMD: coord_cst_weight  -1297.1  0.227118  0.227118  0.154
protocols.relax.FastRelax: CMD: scale:fa_rep  -1117.06  0.227118  0.227118  0.30745
core.pack.task: Packer task: initialize from command line() 
core.pack.pack_rotamers: built 7166 rotamers at 492 positions.
core.pack.interaction_graph.interaction_graph_factory: Instantiating DensePDInteractionGraph
protocols.relax.FastRelax: CMD: repack  -1118  0.227118  0.227118  0.30745
protocols.relax.FastRelax: CMD: scale:fa_rep  -1103.91  0.227118  0.227118  0.31955
protocols.relax.FastRelax: CMD: min  -1293.3  2.47479  2.47479  0.31955
protocols.relax.FastRelax: CMD: coord_cst_weight  -1293.3  2.47479  2.47479  0.31955
protocols.relax.FastRelax: CMD: scale:fa_rep  -1087.9  2.47479  2.47479  0.55
core.pack.task: Packer task: initialize from command line() 
core.pack.pack_rotamers: built 6990 rotamers at 492 positions.
core.pack.interaction_graph.interaction_graph_factory: Instantiating DensePDInteractionGraph
protocols.relax.FastRelax: CMD: repack  -1089.83  2.47479  2.47479  0.55
protocols.relax.FastRelax: CMD: min  -1147.27  2.46165  2.46165  0.55
protocols.relax.FastRelax: MRP: 11  -1147.27  -1162.16  3.27663  3.27663  
protocols.relax.FastRelax: CMD: accept_to_best  -1147.27  2.46165  2.46165  0.55
protocols.relax.FastRelax: CMD: endrepeat  -1147.27  2.46165  2.46165  0.55
protocols.relax.FastRelax: CMD: coord_cst_weight  59577.8  2.46165  2.46165  0.55
protocols.relax.FastRelax: CMD: scale:fa_rep  59249.6  2.46165  2.46165  0.022
core.pack.task: Packer task: initialize from command line() 
core.pack.pack_rotamers: built 7734 rotamers at 492 positions.
core.pack.interaction_graph.interaction_graph_factory: Instantiating DensePDInteractionGraph
protocols.relax.FastRelax: CMD: repack  59220.7  2.46165  2.46165  0.022
protocols.relax.FastRelax: CMD: scale:fa_rep  59227.6  2.46165  2.46165  0.02805
core.optimization.Minimizer: [ WARNING ] LBFGS MAX CYCLES 2000 EXCEEDED, BUT FUNC NOT CONVERGED!
protocols.relax.FastRelax: CMD: min  -1259.11  0.18609  0.18609  0.02805
protocols.relax.FastRelax: CMD: coord_cst_weight  -1336.07  0.18609  0.18609  0.02805
protocols.relax.FastRelax: CMD: scale:fa_rep  -969.343  0.18609  0.18609  0.14575
core.pack.task: Packer task: initialize from command line() 
core.pack.pack_rotamers: built 7362 rotamers at 492 positions.
core.pack.interaction_graph.interaction_graph_factory: Instantiating DensePDInteractionGraph
protocols.relax.FastRelax: CMD: repack  -1029.81  0.18609  0.18609  0.14575
protocols.relax.FastRelax: CMD: scale:fa_rep  -1008.95  0.18609  0.18609  0.154
protocols.relax.FastRelax: CMD: min  -1176.99  0.232732  0.232732  0.154
protocols.relax.FastRelax: CMD: coord_cst_weight  -1297.17  0.232732  0.232732  0.154
protocols.relax.FastRelax: CMD: scale:fa_rep  -1114.47  0.232732  0.232732  0.30745
core.pack.task: Packer task: initialize from command line() 
core.pack.pack_rotamers: built 7158 rotamers at 492 positions.
core.pack.interaction_graph.interaction_graph_factory: Instantiating DensePDInteractionGraph
protocols.relax.FastRelax: CMD: repack  -1115.61  0.232732  0.232732  0.30745
protocols.relax.FastRelax: CMD: scale:fa_rep  -1101.33  0.232732  0.232732  0.31955
protocols.relax.FastRelax: CMD: min  -1309.06  2.50702  2.50702  0.31955
protocols.relax.FastRelax: CMD: coord_cst_weight  -1309.06  2.50702  2.50702  0.31955
protocols.relax.FastRelax: CMD: scale:fa_rep  -1102.84  2.50702  2.50702  0.55
core.pack.task: Packer task: initialize from command line() 
core.pack.pack_rotamers: built 7030 rotamers at 492 positions.
core.pack.interaction_graph.interaction_graph_factory: Instantiating DensePDInteractionGraph
protocols.relax.FastRelax: CMD: repack  -1106.78  2.50702  2.50702  0.55
protocols.relax.FastRelax: CMD: min  -1146.62  2.52231  2.52231  0.55
protocols.relax.FastRelax: MRP: 12  -1146.62  -1162.16  3.27663  3.27663  
protocols.relax.FastRelax: CMD: accept_to_best  -1146.62  2.52231  2.52231  0.55
protocols.relax.FastRelax: CMD: endrepeat  -1146.62  2.52231  2.52231  0.55
protocols.relax.FastRelax: CMD: coord_cst_weight  55494  2.52231  2.52231  0.55
protocols.relax.FastRelax: CMD: scale:fa_rep  55158  2.52231  2.52231  0.022
core.pack.task: Packer task: initialize from command line() 
core.pack.pack_rotamers: built 7763 rotamers at 492 positions.
core.pack.interaction_graph.interaction_graph_factory: Instantiating DensePDInteractionGraph
protocols.relax.FastRelax: CMD: repack  55144.4  2.52231  2.52231  0.022
protocols.relax.FastRelax: CMD: scale:fa_rep  55153.9  2.52231  2.52231  0.02805
core.optimization.Minimizer: [ WARNING ] LBFGS MAX CYCLES 2000 EXCEEDED, BUT FUNC NOT CONVERGED!
protocols.relax.FastRelax: CMD: min  -1260.78  0.187781  0.187781  0.02805
protocols.relax.FastRelax: CMD: coord_cst_weight  -1337.81  0.187781  0.187781  0.02805
protocols.relax.FastRelax: CMD: scale:fa_rep  -971.008  0.187781  0.187781  0.14575
core.pack.task: Packer task: initialize from command line() 
core.pack.pack_rotamers: built 7366 rotamers at 492 positions.
core.pack.interaction_graph.interaction_graph_factory: Instantiating DensePDInteractionGraph
protocols.relax.FastRelax: CMD: repack  -1043.08  0.187781  0.187781  0.14575
protocols.relax.FastRelax: CMD: scale:fa_rep  -1022.91  0.187781  0.187781  0.154
protocols.relax.FastRelax: CMD: min  -1183.66  0.227497  0.227497  0.154
protocols.relax.FastRelax: CMD: coord_cst_weight  -1299.65  0.227497  0.227497  0.154
protocols.relax.FastRelax: CMD: scale:fa_rep  -1117.83  0.227497  0.227497  0.30745
core.pack.task: Packer task: initialize from command line() 
core.pack.pack_rotamers: built 7183 rotamers at 492 positions.
core.pack.interaction_graph.interaction_graph_factory: Instantiating DensePDInteractionGraph
protocols.relax.FastRelax: CMD: repack  -1118.1  0.227497  0.227497  0.30745
protocols.relax.FastRelax: CMD: scale:fa_rep  -1103.88  0.227497  0.227497  0.31955
protocols.relax.FastRelax: CMD: min  -1301.79  3.21375  3.21375  0.31955
protocols.relax.FastRelax: CMD: coord_cst_weight  -1301.79  3.21375  3.21375  0.31955
protocols.relax.FastRelax: CMD: scale:fa_rep  -1095.07  3.21375  3.21375  0.55
core.pack.task: Packer task: initialize from command line() 
core.pack.pack_rotamers: built 7055 rotamers at 492 positions.
core.pack.interaction_graph.interaction_graph_factory: Instantiating DensePDInteractionGraph
protocols.relax.FastRelax: CMD: repack  -1096.14  3.21375  3.21375  0.55
protocols.relax.FastRelax: CMD: min  -1148.88  3.39739  3.39739  0.55
protocols.relax.FastRelax: MRP: 13  -1148.88  -1162.16  3.27663  3.27663  
protocols.relax.FastRelax: CMD: accept_to_best  -1148.88  3.39739  3.39739  0.55
protocols.relax.FastRelax: CMD: endrepeat  -1148.88  3.39739  3.39739  0.55
protocols.relax.FastRelax: CMD: coord_cst_weight  89278.9  3.39739  3.39739  0.55
protocols.relax.FastRelax: CMD: scale:fa_rep  88950.1  3.39739  3.39739  0.022
core.pack.task: Packer task: initialize from command line() 
core.pack.pack_rotamers: built 7792 rotamers at 492 positions.
core.pack.interaction_graph.interaction_graph_factory: Instantiating DensePDInteractionGraph
protocols.relax.FastRelax: CMD: repack  88932  3.39739  3.39739  0.022
protocols.relax.FastRelax: CMD: scale:fa_rep  88939.3  3.39739  3.39739  0.02805
core.optimization.Minimizer: [ WARNING ] LBFGS MAX CYCLES 2000 EXCEEDED, BUT FUNC NOT CONVERGED!
protocols.relax.FastRelax: CMD: min  -1264.13  0.185192  0.185192  0.02805
protocols.relax.FastRelax: CMD: coord_cst_weight  -1341.16  0.185192  0.185192  0.02805
protocols.relax.FastRelax: CMD: scale:fa_rep  -1016.79  0.185192  0.185192  0.14575
core.pack.task: Packer task: initialize from command line() 
core.pack.pack_rotamers: built 7371 rotamers at 492 positions.
core.pack.interaction_graph.interaction_graph_factory: Instantiating DensePDInteractionGraph
protocols.relax.FastRelax: CMD: repack  -1068.05  0.185192  0.185192  0.14575
protocols.relax.FastRelax: CMD: scale:fa_rep  -1049.18  0.185192  0.185192  0.154
protocols.relax.FastRelax: CMD: min  -1189.62  0.227679  0.227679  0.154
protocols.relax.FastRelax: CMD: coord_cst_weight  -1306.77  0.227679  0.227679  0.154
protocols.relax.FastRelax: CMD: scale:fa_rep  -1127.56  0.227679  0.227679  0.30745
core.pack.task: Packer task: initialize from command line() 
core.pack.pack_rotamers: built 7166 rotamers at 492 positions.
core.pack.interaction_graph.interaction_graph_factory: Instantiating DensePDInteractionGraph
protocols.relax.FastRelax: CMD: repack  -1128.56  0.227679  0.227679  0.30745
protocols.relax.FastRelax: CMD: scale:fa_rep  -1114.56  0.227679  0.227679  0.31955
protocols.relax.FastRelax: CMD: min  -1304.26  3.19634  3.19634  0.31955
protocols.relax.FastRelax: CMD: coord_cst_weight  -1304.26  3.19634  3.19634  0.31955
protocols.relax.FastRelax: CMD: scale:fa_rep  -1098.41  3.19634  3.19634  0.55
core.pack.task: Packer task: initialize from command line() 
core.pack.pack_rotamers: built 7025 rotamers at 492 positions.
core.pack.interaction_graph.interaction_graph_factory: Instantiating DensePDInteractionGraph
protocols.relax.FastRelax: CMD: repack  -1099.85  3.19634  3.19634  0.55
protocols.relax.FastRelax: CMD: min  -1152.09  3.24172  3.24172  0.55
protocols.relax.FastRelax: MRP: 14  -1152.09  -1162.16  3.27663  3.27663  
protocols.relax.FastRelax: CMD: accept_to_best  -1152.09  3.24172  3.24172  0.55
protocols.relax.FastRelax: CMD: endrepeat  -1152.09  3.24172  3.24172  0.55
protocols::checkpoint: Deleting checkpoints of FastRelax
protocols.jd2.JobDistributor: target.BL00010001_2_0003 reported success in 14391 seconds
protocols.jd2.PDBJobInputter: PDBJobInputter::pose_from_job
protocols.jd2.PDBJobInputter: filling pose from PDB ../1-modeller/target.BL00010001.pdb
core.import_pose.import_pose: File '../1-modeller/target.BL00010001.pdb' automatically determined to be of type PDB from contents.
core.io.rcsb.ExperimentalTechnique: [ ERROR ] Unrecognized experimental technique string 'THEORETICAL MODEL, MODELLER 10.8 2026/08/10 16:18:02'
protocols.relax.FastRelax: CMD: repeat  4476.34  0  0  0.55
protocols.relax.FastRelax: CMD: coord_cst_weight  4476.34  0  0  0.55
protocols.relax.FastRelax: CMD: scale:fa_rep  806.987  0  0  0.022
core.pack.task: Packer task: initialize from command line() 
core.pack.pack_rotamers: built 8129 rotamers at 492 positions.
core.pack.interaction_graph.interaction_graph_factory: Instantiating DensePDInteractionGraph
protocols.relax.FastRelax: CMD: repack  -880.046  0  0  0.022
protocols.relax.FastRelax: CMD: scale:fa_rep  -840.422  0  0  0.02805
core.optimization.Minimizer: [ WARNING ] LBFGS MAX CYCLES 2000 EXCEEDED, BUT FUNC NOT CONVERGED!
protocols.relax.FastRelax: CMD: min  -1298.45  0.148121  0.148121  0.02805
protocols.relax.FastRelax: CMD: coord_cst_weight  -1344.79  0.148121  0.148121  0.02805
protocols.relax.FastRelax: CMD: scale:fa_rep  -953.013  0.148121  0.148121  0.14575
core.pack.task: Packer task: initialize from command line() 
core.pack.pack_rotamers: built 7426 rotamers at 492 positions.
core.pack.interaction_graph.interaction_graph_factory: Instantiating DensePDInteractionGraph
protocols.relax.FastRelax: CMD: repack  -993.718  0.148121  0.148121  0.14575
protocols.relax.FastRelax: CMD: scale:fa_rep  -971.522  0.148121  0.148121  0.154
core.optimization.Minimizer: [ WARNING ] LBFGS MAX CYCLES 2000 EXCEEDED, BUT FUNC NOT CONVERGED!
protocols.relax.FastRelax: CMD: min  -1162.51  0.2037  0.2037  0.154
protocols.relax.FastRelax: CMD: coord_cst_weight  -1252.67  0.2037  0.2037  0.154
protocols.relax.FastRelax: CMD: scale:fa_rep  -1060.44  0.2037  0.2037  0.30745
core.pack.task: Packer task: initialize from command line() 
core.pack.pack_rotamers: built 7245 rotamers at 492 positions.
core.pack.interaction_graph.interaction_graph_factory: Instantiating DensePDInteractionGraph
protocols.relax.FastRelax: CMD: repack  -1060.58  0.2037  0.2037  0.30745
protocols.relax.FastRelax: CMD: scale:fa_rep  -1045.61  0.2037  0.2037  0.31955
protocols.relax.FastRelax: CMD: min  -1241.09  3.09704  3.09704  0.31955
protocols.relax.FastRelax: CMD: coord_cst_weight  -1241.09  3.09704  3.09704  0.31955
protocols.relax.FastRelax: CMD: scale:fa_rep  -1030.03  3.09704  3.09704  0.55
core.pack.task: Packer task: initialize from command line() 
core.pack.pack_rotamers: built 7061 rotamers at 492 positions.
core.pack.interaction_graph.interaction_graph_factory: Instantiating DensePDInteractionGraph
protocols.relax.FastRelax: CMD: repack  -1039.13  3.09704  3.09704  0.55
protocols.relax.FastRelax: CMD: min  -1103.6  3.13921  3.13921  0.55
protocols.relax.FastRelax: MRP: 0  -1103.6  -1103.6  3.13921  3.13921  
protocols.relax.FastRelax: CMD: accept_to_best  -1103.6  3.13921  3.13921  0.55
protocols.relax.FastRelax: CMD: endrepeat  -1103.6  3.13921  3.13921  0.55
protocols.relax.FastRelax: CMD: coord_cst_weight  123213  3.13921  3.13921  0.55
protocols.relax.FastRelax: CMD: scale:fa_rep  122878  3.13921  3.13921  0.022
core.pack.task: Packer task: initialize from command line() 
core.pack.pack_rotamers: built 7802 rotamers at 492 positions.
core.pack.interaction_graph.interaction_graph_factory: Instantiating DensePDInteractionGraph
protocols.relax.FastRelax: CMD: repack  122881  3.13921  3.13921  0.022
protocols.relax.FastRelax: CMD: scale:fa_rep  122896  3.13921  3.13921  0.02805
core.optimization.Minimizer: [ WARNING ] LBFGS MAX CYCLES 2000 EXCEEDED, BUT FUNC NOT CONVERGED!
protocols.relax.FastRelax: CMD: min  -1258.81  0.173087  0.173087  0.02805
protocols.relax.FastRelax: CMD: coord_cst_weight  -1323.8  0.173087  0.173087  0.02805
protocols.relax.FastRelax: CMD: scale:fa_rep  -961.997  0.173087  0.173087  0.14575
core.pack.task: Packer task: initialize from command line() 
core.pack.pack_rotamers: built 7343 rotamers at 492 positions.
core.pack.interaction_graph.interaction_graph_factory: Instantiating DensePDInteractionGraph
protocols.relax.FastRelax: CMD: repack  -1013.24  0.173087  0.173087  0.14575
protocols.relax.FastRelax: CMD: scale:fa_rep  -992.168  0.173087  0.173087  0.154
protocols.relax.FastRelax: CMD: min  -1175  0.215089  0.215089  0.154
protocols.relax.FastRelax: CMD: coord_cst_weight  -1277.18  0.215089  0.215089  0.154
protocols.relax.FastRelax: CMD: scale:fa_rep  -1089.76  0.215089  0.215089  0.30745
core.pack.task: Packer task: initialize from command line() 
core.pack.pack_rotamers: built 7124 rotamers at 492 positions.
core.pack.interaction_graph.interaction_graph_factory: Instantiating DensePDInteractionGraph
protocols.relax.FastRelax: CMD: repack  -1084.92  0.215089  0.215089  0.30745
protocols.relax.FastRelax: CMD: scale:fa_rep  -1070.47  0.215089  0.215089  0.31955
protocols.relax.FastRelax: CMD: min  -1262.09  4.01389  4.01389  0.31955
protocols.relax.FastRelax: CMD: coord_cst_weight  -1262.09  4.01389  4.01389  0.31955
protocols.relax.FastRelax: CMD: scale:fa_rep  -1055.71  4.01389  4.01389  0.55
core.pack.task: Packer task: initialize from command line() 
core.pack.pack_rotamers: built 6878 rotamers at 492 positions.
core.pack.interaction_graph.interaction_graph_factory: Instantiating DensePDInteractionGraph
protocols.relax.FastRelax: CMD: repack  -1059.5  4.01389  4.01389  0.55
protocols.relax.FastRelax: CMD: min  -1118.63  3.93701  3.93701  0.55
protocols.relax.FastRelax: MRP: 1  -1118.63  -1118.63  3.93701  3.93701  
protocols.relax.FastRelax: CMD: accept_to_best  -1118.63  3.93701  3.93701  0.55
protocols.relax.FastRelax: CMD: endrepeat  -1118.63  3.93701  3.93701  0.55
protocols.relax.FastRelax: CMD: coord_cst_weight  107299  3.93701  3.93701  0.55
protocols.relax.FastRelax: CMD: scale:fa_rep  106970  3.93701  3.93701  0.022
core.pack.task: Packer task: initialize from command line() 
core.pack.pack_rotamers: built 7705 rotamers at 492 positions.
core.pack.interaction_graph.interaction_graph_factory: Instantiating DensePDInteractionGraph
protocols.relax.FastRelax: CMD: repack  106945  3.93701  3.93701  0.022
protocols.relax.FastRelax: CMD: scale:fa_rep  106953  3.93701  3.93701  0.02805
core.optimization.Minimizer: [ WARNING ] LBFGS MAX CYCLES 2000 EXCEEDED, BUT FUNC NOT CONVERGED!
protocols.relax.FastRelax: CMD: min  -1259.99  0.180706  0.180706  0.02805
protocols.relax.FastRelax: CMD: coord_cst_weight  -1331.91  0.180706  0.180706  0.02805
protocols.relax.FastRelax: CMD: scale:fa_rep  -990.303  0.180706  0.180706  0.14575
core.pack.task: Packer task: initialize from command line() 
core.pack.pack_rotamers: built 7321 rotamers at 492 positions.
core.pack.interaction_graph.interaction_graph_factory: Instantiating DensePDInteractionGraph
protocols.relax.FastRelax: CMD: repack  -1034.03  0.180706  0.180706  0.14575
protocols.relax.FastRelax: CMD: scale:fa_rep  -1014.16  0.180706  0.180706  0.154
protocols.relax.FastRelax: CMD: min  -1185.02  0.219363  0.219363  0.154
protocols.relax.FastRelax: CMD: coord_cst_weight  -1291.54  0.219363  0.219363  0.154
protocols.relax.FastRelax: CMD: scale:fa_rep  -1107.18  0.219363  0.219363  0.30745
core.pack.task: Packer task: initialize from command line() 
core.pack.pack_rotamers: built 7121 rotamers at 492 positions.
core.pack.interaction_graph.interaction_graph_factory: Instantiating DensePDInteractionGraph
protocols.relax.FastRelax: CMD: repack  -1108.53  0.219363  0.219363  0.30745
protocols.relax.FastRelax: CMD: scale:fa_rep  -1094.31  0.219363  0.219363  0.31955
protocols.relax.FastRelax: CMD: min  -1246.95  3.35153  3.35153  0.31955
protocols.relax.FastRelax: CMD: coord_cst_weight  -1246.95  3.35153  3.35153  0.31955
protocols.relax.FastRelax: CMD: scale:fa_rep  -1017.68  3.35153  3.35153  0.55
core.pack.task: Packer task: initialize from command line() 
core.pack.pack_rotamers: built 6934 rotamers at 492 positions.
core.pack.interaction_graph.interaction_graph_factory: Instantiating DensePDInteractionGraph
protocols.relax.FastRelax: CMD: repack  -1043.87  3.35153  3.35153  0.55
protocols.relax.FastRelax: CMD: min  -1133.7  3.22567  3.22567  0.55
protocols.relax.FastRelax: MRP: 2  -1133.7  -1133.7  3.22567  3.22567  
protocols.relax.FastRelax: CMD: accept_to_best  -1133.7  3.22567  3.22567  0.55
protocols.relax.FastRelax: CMD: endrepeat  -1133.7  3.22567  3.22567  0.55
protocols.relax.FastRelax: CMD: coord_cst_weight  67588.4  3.22567  3.22567  0.55
protocols.relax.FastRelax: CMD: scale:fa_rep  67260.5  3.22567  3.22567  0.022
core.pack.task: Packer task: initialize from command line() 
core.pack.pack_rotamers: built 7688 rotamers at 492 positions.
core.pack.interaction_graph.interaction_graph_factory: Instantiating DensePDInteractionGraph
protocols.relax.FastRelax: CMD: repack  67231.9  3.22567  3.22567  0.022
protocols.relax.FastRelax: CMD: scale:fa_rep  67239.9  3.22567  3.22567  0.02805
core.optimization.Minimizer: [ WARNING ] LBFGS MAX CYCLES 2000 EXCEEDED, BUT FUNC NOT CONVERGED!
protocols.relax.FastRelax: CMD: min  -1263.98  0.181324  0.181324  0.02805
protocols.relax.FastRelax: CMD: coord_cst_weight  -1336.7  0.181324  0.181324  0.02805
protocols.relax.FastRelax: CMD: scale:fa_rep  -976.403  0.181324  0.181324  0.14575
core.pack.task: Packer task: initialize from command line() 
core.pack.pack_rotamers: built 7344 rotamers at 492 positions.
core.pack.interaction_graph.interaction_graph_factory: Instantiating DensePDInteractionGraph
protocols.relax.FastRelax: CMD: repack  -1041.72  0.181324  0.181324  0.14575
protocols.relax.FastRelax: CMD: scale:fa_rep  -1021.01  0.181324  0.181324  0.154
protocols.relax.FastRelax: CMD: min  -1186.21  0.222219  0.222219  0.154
protocols.relax.FastRelax: CMD: coord_cst_weight  -1295.45  0.222219  0.222219  0.154
protocols.relax.FastRelax: CMD: scale:fa_rep  -1114.38  0.222219  0.222219  0.30745
core.pack.task: Packer task: initialize from command line() 
core.pack.pack_rotamers: built 7150 rotamers at 492 positions.
core.pack.interaction_graph.interaction_graph_factory: Instantiating DensePDInteractionGraph
protocols.relax.FastRelax: CMD: repack  -1115.53  0.222219  0.222219  0.30745
protocols.relax.FastRelax: CMD: scale:fa_rep  -1101.37  0.222219  0.222219  0.31955
protocols.relax.FastRelax: CMD: min  -1087.58  3.72896  3.72896  0.31955
protocols.relax.FastRelax: CMD: coord_cst_weight  -1087.58  3.72896  3.72896  0.31955
protocols.relax.FastRelax: CMD: scale:fa_rep  -738.132  3.72896  3.72896  0.55
core.pack.task: Packer task: initialize from command line() 
core.pack.pack_rotamers: built 6940 rotamers at 492 positions.
core.pack.interaction_graph.interaction_graph_factory: Instantiating DensePDInteractionGraph
protocols.relax.FastRelax: CMD: repack  -953.765  3.72896  3.72896  0.55
protocols.relax.FastRelax: CMD: min  -1143.1  3.9887  3.9887  0.55
protocols.relax.FastRelax: MRP: 3  -1143.1  -1143.1  3.9887  3.9887  
protocols.relax.FastRelax: CMD: accept_to_best  -1143.1  3.9887  3.9887  0.55
protocols.relax.FastRelax: CMD: endrepeat  -1143.1  3.9887  3.9887  0.55
protocols.relax.FastRelax: CMD: coord_cst_weight  71390.3  3.9887  3.9887  0.55
protocols.relax.FastRelax: CMD: scale:fa_rep  71062.6  3.9887  3.9887  0.022
core.pack.task: Packer task: initialize from command line() 
core.pack.pack_rotamers: built 7750 rotamers at 492 positions.
core.pack.interaction_graph.interaction_graph_factory: Instantiating DensePDInteractionGraph
protocols.relax.FastRelax: CMD: repack  71052.2  3.9887  3.9887  0.022
protocols.relax.FastRelax: CMD: scale:fa_rep  71059.1  3.9887  3.9887  0.02805
core.optimization.Minimizer: [ WARNING ] LBFGS MAX CYCLES 2000 EXCEEDED, BUT FUNC NOT CONVERGED!
protocols.relax.FastRelax: CMD: min  -1272.06  0.181137  0.181137  0.02805
protocols.relax.FastRelax: CMD: coord_cst_weight  -1342.69  0.181137  0.181137  0.02805
protocols.relax.FastRelax: CMD: scale:fa_rep  -1016.38  0.181137  0.181137  0.14575
core.pack.task: Packer task: initialize from command line() 
core.pack.pack_rotamers: built 7355 rotamers at 492 positions.
core.pack.interaction_graph.interaction_graph_factory: Instantiating DensePDInteractionGraph
protocols.relax.FastRelax: CMD: repack  -1054.04  0.181137  0.181137  0.14575
protocols.relax.FastRelax: CMD: scale:fa_rep  -1033.52  0.181137  0.181137  0.154
protocols.relax.FastRelax: CMD: min  -1189.45  0.223897  0.223897  0.154
protocols.relax.FastRelax: CMD: coord_cst_weight  -1299.98  0.223897  0.223897  0.154
protocols.relax.FastRelax: CMD: scale:fa_rep  -1116.69  0.223897  0.223897  0.30745
core.pack.task: Packer task: initialize from command line() 
core.pack.pack_rotamers: built 7148 rotamers at 492 positions.
core.pack.interaction_graph.interaction_graph_factory: Instantiating DensePDInteractionGraph
protocols.relax.FastRelax: CMD: repack  -1117.12  0.223897  0.223897  0.30745
protocols.relax.FastRelax: CMD: scale:fa_rep  -1102.8  0.223897  0.223897  0.31955
protocols.relax.FastRelax: CMD: min  -1181.06  4.49918  4.49918  0.31955
protocols.relax.FastRelax: CMD: coord_cst_weight  -1181.06  4.49918  4.49918  0.31955
protocols.relax.FastRelax: CMD: scale:fa_rep  -893.037  4.49918  4.49918  0.55
core.pack.task: Packer task: initialize from command line() 
core.pack.pack_rotamers: built 6960 rotamers at 492 positions.
core.pack.interaction_graph.interaction_graph_factory: Instantiating DensePDInteractionGraph
protocols.relax.FastRelax: CMD: repack  -898.962  4.49918  4.49918  0.55
protocols.relax.FastRelax: CMD: min  -1138.96  4.42153  4.42153  0.55
protocols.relax.FastRelax: MRP: 4  -1138.96  -1143.1  3.9887  3.9887  
protocols.relax.FastRelax: CMD: accept_to_best  -1138.96  4.42153  4.42153  0.55
protocols.relax.FastRelax: CMD: endrepeat  -1138.96  4.42153  4.42153  0.55
protocols.relax.FastRelax: CMD: coord_cst_weight  96505  4.42153  4.42153  0.55
protocols.relax.FastRelax: CMD: scale:fa_rep  96176.2  4.42153  4.42153  0.022
core.pack.task: Packer task: initialize from command line() 
core.pack.pack_rotamers: built 7722 rotamers at 492 positions.
core.pack.interaction_graph.interaction_graph_factory: Instantiating DensePDInteractionGraph
protocols.relax.FastRelax: CMD: repack  96161  4.42153  4.42153  0.022
protocols.relax.FastRelax: CMD: scale:fa_rep  96167.3  4.42153  4.42153  0.02805
core.optimization.Minimizer: [ WARNING ] LBFGS MAX CYCLES 2000 EXCEEDED, BUT FUNC NOT CONVERGED!
protocols.relax.FastRelax: CMD: min  -1236.17  0.191721  0.191721  0.02805
protocols.relax.FastRelax: CMD: coord_cst_weight  -1312.85  0.191721  0.191721  0.02805
protocols.relax.FastRelax: CMD: scale:fa_rep  -974.684  0.191721  0.191721  0.14575
core.pack.task: Packer task: initialize from command line() 
core.pack.pack_rotamers: built 7313 rotamers at 492 positions.
core.pack.interaction_graph.interaction_graph_factory: Instantiating DensePDInteractionGraph
protocols.relax.FastRelax: CMD: repack  -1027.25  0.191721  0.191721  0.14575
protocols.relax.FastRelax: CMD: scale:fa_rep  -1006.49  0.191721  0.191721  0.154
protocols.relax.FastRelax: CMD: min  -1187.2  0.225727  0.225727  0.154
protocols.relax.FastRelax: CMD: coord_cst_weight  -1298.23  0.225727  0.225727  0.154
protocols.relax.FastRelax: CMD: scale:fa_rep  -1117.46  0.225727  0.225727  0.30745
core.pack.task: Packer task: initialize from command line() 
core.pack.pack_rotamers: built 7116 rotamers at 492 positions.
core.pack.interaction_graph.interaction_graph_factory: Instantiating DensePDInteractionGraph
protocols.relax.FastRelax: CMD: repack  -1117.93  0.225727  0.225727  0.30745
protocols.relax.FastRelax: CMD: scale:fa_rep  -1103.84  0.225727  0.225727  0.31955
protocols.relax.FastRelax: CMD: min  -1292.66  3.95373  3.95373  0.31955
protocols.relax.FastRelax: CMD: coord_cst_weight  -1292.66  3.95373  3.95373  0.31955
protocols.relax.FastRelax: CMD: scale:fa_rep  -1090.86  3.95373  3.95373  0.55
core.pack.task: Packer task: initialize from command line() 
core.pack.pack_rotamers: built 6915 rotamers at 492 positions.
core.pack.interaction_graph.interaction_graph_factory: Instantiating DensePDInteractionGraph
protocols.relax.FastRelax: CMD: repack  -1095.26  3.95373  3.95373  0.55
protocols.relax.FastRelax: CMD: min  -1146.82  4.22191  4.22191  0.55
protocols.relax.FastRelax: MRP: 5  -1146.82  -1146.82  4.22191  4.22191  
protocols.relax.FastRelax: CMD: accept_to_best  -1146.82  4.22191  4.22191  0.55
protocols.relax.FastRelax: CMD: endrepeat  -1146.82  4.22191  4.22191  0.55
protocols.relax.FastRelax: CMD: coord_cst_weight  80284.1  4.22191  4.22191  0.55
protocols.relax.FastRelax: CMD: scale:fa_rep  79955.9  4.22191  4.22191  0.022
core.pack.task: Packer task: initialize from command line() 
core.pack.pack_rotamers: built 7673 rotamers at 492 positions.
core.pack.interaction_graph.interaction_graph_factory: Instantiating DensePDInteractionGraph
protocols.relax.FastRelax: CMD: repack  79932.5  4.22191  4.22191  0.022
protocols.relax.FastRelax: CMD: scale:fa_rep  79938.8  4.22191  4.22191  0.02805
core.optimization.Minimizer: [ WARNING ] LBFGS MAX CYCLES 2000 EXCEEDED, BUT FUNC NOT CONVERGED!
protocols.relax.FastRelax: CMD: min  -1278.27  0.181038  0.181038  0.02805
protocols.relax.FastRelax: CMD: coord_cst_weight  -1350.65  0.181038  0.181038  0.02805
protocols.relax.FastRelax: CMD: scale:fa_rep  -1030.42  0.181038  0.181038  0.14575
core.pack.task: Packer task: initialize from command line() 
core.pack.pack_rotamers: built 7329 rotamers at 492 positions.
core.pack.interaction_graph.interaction_graph_factory: Instantiating DensePDInteractionGraph
protocols.relax.FastRelax: CMD: repack  -1052.14  0.181038  0.181038  0.14575
protocols.relax.FastRelax: CMD: scale:fa_rep  -1031.68  0.181038  0.181038  0.154
protocols.relax.FastRelax: CMD: min  -1185.58  0.226617  0.226617  0.154
protocols.relax.FastRelax: CMD: coord_cst_weight  -1297.89  0.226617  0.226617  0.154
protocols.relax.FastRelax: CMD: scale:fa_rep  -1114.54  0.226617  0.226617  0.30745
core.pack.task: Packer task: initialize from command line() 
core.pack.pack_rotamers: built 7121 rotamers at 492 positions.
core.pack.interaction_graph.interaction_graph_factory: Instantiating DensePDInteractionGraph
protocols.relax.FastRelax: CMD: repack  -1116.11  0.226617  0.226617  0.30745
protocols.relax.FastRelax: CMD: scale:fa_rep  -1101.93  0.226617  0.226617  0.31955
protocols.relax.FastRelax: CMD: min  -1295.16  3.48718  3.48718  0.31955
protocols.relax.FastRelax: CMD: coord_cst_weight  -1295.16  3.48718  3.48718  0.31955
protocols.relax.FastRelax: CMD: scale:fa_rep  -1091.19  3.48718  3.48718  0.55
core.pack.task: Packer task: initialize from command line() 
core.pack.pack_rotamers: built 6976 rotamers at 492 positions.
core.pack.interaction_graph.interaction_graph_factory: Instantiating DensePDInteractionGraph
protocols.relax.FastRelax: CMD: repack  -1093.1  3.48718  3.48718  0.55
protocols.relax.FastRelax: CMD: min  -1154.04  3.82083  3.82083  0.55
protocols.relax.FastRelax: MRP: 6  -1154.04  -1154.04  3.82083  3.82083  
protocols.relax.FastRelax: CMD: accept_to_best  -1154.04  3.82083  3.82083  0.55
protocols.relax.FastRelax: CMD: endrepeat  -1154.04  3.82083  3.82083  0.55
protocols.relax.FastRelax: CMD: coord_cst_weight  78798  3.82083  3.82083  0.55
protocols.relax.FastRelax: CMD: scale:fa_rep  78469.9  3.82083  3.82083  0.022
core.pack.task: Packer task: initialize from command line() 
core.pack.pack_rotamers: built 7729 rotamers at 492 positions.
core.pack.interaction_graph.interaction_graph_factory: Instantiating DensePDInteractionGraph
protocols.relax.FastRelax: CMD: repack  78461.1  3.82083  3.82083  0.022
protocols.relax.FastRelax: CMD: scale:fa_rep  78473.3  3.82083  3.82083  0.02805
core.optimization.Minimizer: [ WARNING ] LBFGS MAX CYCLES 2000 EXCEEDED, BUT FUNC NOT CONVERGED!
protocols.relax.FastRelax: CMD: min  -1249.14  0.191923  0.191923  0.02805
protocols.relax.FastRelax: CMD: coord_cst_weight  -1327.34  0.191923  0.191923  0.02805
protocols.relax.FastRelax: CMD: scale:fa_rep  -958.747  0.191923  0.191923  0.14575
core.pack.task: Packer task: initialize from command line() 
core.pack.pack_rotamers: built 7363 rotamers at 492 positions.
core.pack.interaction_graph.interaction_graph_factory: Instantiating DensePDInteractionGraph
protocols.relax.FastRelax: CMD: repack  -1039.88  0.191923  0.191923  0.14575
protocols.relax.FastRelax: CMD: scale:fa_rep  -1019.44  0.191923  0.191923  0.154
protocols.relax.FastRelax: CMD: min  -1188.75  0.227899  0.227899  0.154
protocols.relax.FastRelax: CMD: coord_cst_weight  -1302.27  0.227899  0.227899  0.154
protocols.relax.FastRelax: CMD: scale:fa_rep  -1123.19  0.227899  0.227899  0.30745
core.pack.task: Packer task: initialize from command line() 
core.pack.pack_rotamers: built 7156 rotamers at 492 positions.
core.pack.interaction_graph.interaction_graph_factory: Instantiating DensePDInteractionGraph
protocols.relax.FastRelax: CMD: repack  -1124.33  0.227899  0.227899  0.30745
protocols.relax.FastRelax: CMD: scale:fa_rep  -1110.31  0.227899  0.227899  0.31955
protocols.relax.FastRelax: CMD: min  -1292.25  3.0785  3.0785  0.31955
protocols.relax.FastRelax: CMD: coord_cst_weight  -1292.25  3.0785  3.0785  0.31955
protocols.relax.FastRelax: CMD: scale:fa_rep  -1085.82  3.0785  3.0785  0.55
core.pack.task: Packer task: initialize from command line() 
core.pack.pack_rotamers: built 7044 rotamers at 492 positions.
core.pack.interaction_graph.interaction_graph_factory: Instantiating DensePDInteractionGraph
protocols.relax.FastRelax: CMD: repack  -1088.61  3.0785  3.0785  0.55
protocols.relax.FastRelax: CMD: min  -1140.94  3.69075  3.69075  0.55
protocols.relax.FastRelax: MRP: 7  -1140.94  -1154.04  3.82083  3.82083  
protocols.relax.FastRelax: CMD: accept_to_best  -1140.94  3.69075  3.69075  0.55
protocols.relax.FastRelax: CMD: endrepeat  -1140.94  3.69075  3.69075  0.55
protocols.relax.FastRelax: CMD: coord_cst_weight  74941.7  3.69075  3.69075  0.55
protocols.relax.FastRelax: CMD: scale:fa_rep  74611.7  3.69075  3.69075  0.022
core.pack.task: Packer task: initialize from command line() 
core.pack.pack_rotamers: built 7725 rotamers at 492 positions.
core.pack.interaction_graph.interaction_graph_factory: Instantiating DensePDInteractionGraph
protocols.relax.FastRelax: CMD: repack  74588.4  3.69075  3.69075  0.022
protocols.relax.FastRelax: CMD: scale:fa_rep  74594.3  3.69075  3.69075  0.02805
core.optimization.Minimizer: [ WARNING ] LBFGS MAX CYCLES 2000 EXCEEDED, BUT FUNC NOT CONVERGED!
protocols.relax.FastRelax: CMD: min  -1283.5  0.179723  0.179723  0.02805
protocols.relax.FastRelax: CMD: coord_cst_weight  -1354.37  0.179723  0.179723  0.02805
protocols.relax.FastRelax: CMD: scale:fa_rep  -1027.02  0.179723  0.179723  0.14575
core.pack.task: Packer task: initialize from command line() 
core.pack.pack_rotamers: built 7338 rotamers at 492 positions.
core.pack.interaction_graph.interaction_graph_factory: Instantiating DensePDInteractionGraph
protocols.relax.FastRelax: CMD: repack  -1053.31  0.179723  0.179723  0.14575
protocols.relax.FastRelax: CMD: scale:fa_rep  -1032.65  0.179723  0.179723  0.154
protocols.relax.FastRelax: CMD: min  -1194.65  0.22459  0.22459  0.154
protocols.relax.FastRelax: CMD: coord_cst_weight  -1305.96  0.22459  0.22459  0.154
protocols.relax.FastRelax: CMD: scale:fa_rep  -1127.25  0.22459  0.22459  0.30745
core.pack.task: Packer task: initialize from command line() 
core.pack.pack_rotamers: built 7118 rotamers at 492 positions.
core.pack.interaction_graph.interaction_graph_factory: Instantiating DensePDInteractionGraph
protocols.relax.FastRelax: CMD: repack  -1127.3  0.22459  0.22459  0.30745
protocols.relax.FastRelax: CMD: scale:fa_rep  -1113.28  0.22459  0.22459  0.31955
protocols.relax.FastRelax: CMD: min  -1297.93  3.20751  3.20751  0.31955
protocols.relax.FastRelax: CMD: coord_cst_weight  -1297.93  3.20751  3.20751  0.31955
protocols.relax.FastRelax: CMD: scale:fa_rep  -1094.75  3.20751  3.20751  0.55
core.pack.task: Packer task: initialize from command line() 
core.pack.pack_rotamers: built 7008 rotamers at 492 positions.
core.pack.interaction_graph.interaction_graph_factory: Instantiating DensePDInteractionGraph
protocols.relax.FastRelax: CMD: repack  -1101.17  3.20751  3.20751  0.55
protocols.relax.FastRelax: CMD: min  -1150.19  3.23083  3.23083  0.55
protocols.relax.FastRelax: MRP: 8  -1150.19  -1154.04  3.82083  3.82083  
protocols.relax.FastRelax: CMD: accept_to_best  -1150.19  3.23083  3.23083  0.55
protocols.relax.FastRelax: CMD: endrepeat  -1150.19  3.23083  3.23083  0.55
protocols.relax.FastRelax: CMD: coord_cst_weight  59276.8  3.23083  3.23083  0.55
protocols.relax.FastRelax: CMD: scale:fa_rep  58946.7  3.23083  3.23083  0.022
core.pack.task: Packer task: initialize from command line() 
core.pack.pack_rotamers: built 7702 rotamers at 492 positions.
core.pack.interaction_graph.interaction_graph_factory: Instantiating DensePDInteractionGraph
protocols.relax.FastRelax: CMD: repack  58935.9  3.23083  3.23083  0.022
protocols.relax.FastRelax: CMD: scale:fa_rep  58943.8  3.23083  3.23083  0.02805
core.optimization.Minimizer: [ WARNING ] LBFGS MAX CYCLES 2000 EXCEEDED, BUT FUNC NOT CONVERGED!
protocols.relax.FastRelax: CMD: min  -1281.31  0.178413  0.178413  0.02805
protocols.relax.FastRelax: CMD: coord_cst_weight  -1351.51  0.178413  0.178413  0.02805
protocols.relax.FastRelax: CMD: scale:fa_rep  -1013.72  0.178413  0.178413  0.14575
core.pack.task: Packer task: initialize from command line() 
core.pack.pack_rotamers: built 7330 rotamers at 492 positions.
core.pack.interaction_graph.interaction_graph_factory: Instantiating DensePDInteractionGraph
protocols.relax.FastRelax: CMD: repack  -1050.02  0.178413  0.178413  0.14575
protocols.relax.FastRelax: CMD: scale:fa_rep  -1029.18  0.178413  0.178413  0.154
protocols.relax.FastRelax: CMD: min  -1190.83  0.224891  0.224891  0.154
protocols.relax.FastRelax: CMD: coord_cst_weight  -1301.63  0.224891  0.224891  0.154
protocols.relax.FastRelax: CMD: scale:fa_rep  -1117.59  0.224891  0.224891  0.30745
core.pack.task: Packer task: initialize from command line() 
core.pack.pack_rotamers: built 7126 rotamers at 492 positions.
core.pack.interaction_graph.interaction_graph_factory: Instantiating DensePDInteractionGraph
protocols.relax.FastRelax: CMD: repack  -1119.02  0.224891  0.224891  0.30745
protocols.relax.FastRelax: CMD: scale:fa_rep  -1104.72  0.224891  0.224891  0.31955
protocols.relax.FastRelax: CMD: min  -1302.83  3.41878  3.41878  0.31955
protocols.relax.FastRelax: CMD: coord_cst_weight  -1302.83  3.41878  3.41878  0.31955
protocols.relax.FastRelax: CMD: scale:fa_rep  -1099.67  3.41878  3.41878  0.55
core.pack.task: Packer task: initialize from command line() 
core.pack.pack_rotamers: built 6974 rotamers at 492 positions.
core.pack.interaction_graph.interaction_graph_factory: Instantiating DensePDInteractionGraph
protocols.relax.FastRelax: CMD: repack  -1105.73  3.41878  3.41878  0.55
protocols.relax.FastRelax: CMD: min  -1152.94  3.39707  3.39707  0.55
protocols.relax.FastRelax: MRP: 9  -1152.94  -1154.04  3.82083  3.82083  
protocols.relax.FastRelax: CMD: accept_to_best  -1152.94  3.39707  3.39707  0.55
protocols.relax.FastRelax: CMD: endrepeat  -1152.94  3.39707  3.39707  0.55
protocols.relax.FastRelax: CMD: coord_cst_weight  54638.7  3.39707  3.39707  0.55
protocols.relax.FastRelax: CMD: scale:fa_rep  54311.1  3.39707  3.39707  0.022
core.pack.task: Packer task: initialize from command line() 
core.pack.pack_rotamers: built 7660 rotamers at 492 positions.
core.pack.interaction_graph.interaction_graph_factory: Instantiating DensePDInteractionGraph
protocols.relax.FastRelax: CMD: repack  54297.8  3.39707  3.39707  0.022
protocols.relax.FastRelax: CMD: scale:fa_rep  54304.2  3.39707  3.39707  0.02805
core.optimization.Minimizer: [ WARNING ] LBFGS MAX CYCLES 2000 EXCEEDED, BUT FUNC NOT CONVERGED!
protocols.relax.FastRelax: CMD: min  -1265.03  0.180284  0.180284  0.02805
protocols.relax.FastRelax: CMD: coord_cst_weight  -1336.85  0.180284  0.180284  0.02805
protocols.relax.FastRelax: CMD: scale:fa_rep  -999.639  0.180284  0.180284  0.14575
core.pack.task: Packer task: initialize from command line() 
core.pack.pack_rotamers: built 7330 rotamers at 492 positions.
core.pack.interaction_graph.interaction_graph_factory: Instantiating DensePDInteractionGraph
protocols.relax.FastRelax: CMD: repack  -1024.82  0.180284  0.180284  0.14575
protocols.relax.FastRelax: CMD: scale:fa_rep  -1003.91  0.180284  0.180284  0.154
protocols.relax.FastRelax: CMD: min  -1189.9  0.226172  0.226172  0.154
protocols.relax.FastRelax: CMD: coord_cst_weight  -1301.92  0.226172  0.226172  0.154
protocols.relax.FastRelax: CMD: scale:fa_rep  -1126.71  0.226172  0.226172  0.30745
core.pack.task: Packer task: initialize from command line() 
core.pack.pack_rotamers: built 7128 rotamers at 492 positions.
core.pack.interaction_graph.interaction_graph_factory: Instantiating DensePDInteractionGraph
protocols.relax.FastRelax: CMD: repack  -1126.76  0.226172  0.226172  0.30745
protocols.relax.FastRelax: CMD: scale:fa_rep  -1113.03  0.226172  0.226172  0.31955
protocols.relax.FastRelax: CMD: min  -1297.2  3.79819  3.79819  0.31955
protocols.relax.FastRelax: CMD: coord_cst_weight  -1297.2  3.79819  3.79819  0.31955
protocols.relax.FastRelax: CMD: scale:fa_rep  -1091.98  3.79819  3.79819  0.55
core.pack.task: Packer task: initialize from command line() 
core.pack.pack_rotamers: built 6959 rotamers at 492 positions.
core.pack.interaction_graph.interaction_graph_factory: Instantiating DensePDInteractionGraph
protocols.relax.FastRelax: CMD: repack  -1098.38  3.79819  3.79819  0.55
protocols.relax.FastRelax: CMD: min  -1153.63  4.07074  4.07074  0.55
protocols.relax.FastRelax: MRP: 10  -1153.63  -1154.04  3.82083  3.82083  
protocols.relax.FastRelax: CMD: accept_to_best  -1153.63  4.07074  4.07074  0.55
protocols.relax.FastRelax: CMD: endrepeat  -1153.63  4.07074  4.07074  0.55
protocols.relax.FastRelax: CMD: coord_cst_weight  84083.3  4.07074  4.07074  0.55
protocols.relax.FastRelax: CMD: scale:fa_rep  83754  4.07074  4.07074  0.022
core.pack.task: Packer task: initialize from command line() 
core.pack.pack_rotamers: built 7772 rotamers at 492 positions.
core.pack.interaction_graph.interaction_graph_factory: Instantiating DensePDInteractionGraph
protocols.relax.FastRelax: CMD: repack  83737.6  4.07074  4.07074  0.022
protocols.relax.FastRelax: CMD: scale:fa_rep  83743.5  4.07074  4.07074  0.02805
core.optimization.Minimizer: [ WARNING ] LBFGS MAX CYCLES 2000 EXCEEDED, BUT FUNC NOT CONVERGED!
protocols.relax.FastRelax: CMD: min  -1274.49  0.178899  0.178899  0.02805
protocols.relax.FastRelax: CMD: coord_cst_weight  -1345.47  0.178899  0.178899  0.02805
protocols.relax.FastRelax: CMD: scale:fa_rep  -1044.81  0.178899  0.178899  0.14575
core.pack.task: Packer task: initialize from command line() 
core.pack.pack_rotamers: built 7335 rotamers at 492 positions.
core.pack.interaction_graph.interaction_graph_factory: Instantiating DensePDInteractionGraph
protocols.relax.FastRelax: CMD: repack  -1059.72  0.178899  0.178899  0.14575
protocols.relax.FastRelax: CMD: scale:fa_rep  -1040.91  0.178899  0.178899  0.154
protocols.relax.FastRelax: CMD: min  -1185.86  0.225408  0.225408  0.154
protocols.relax.FastRelax: CMD: coord_cst_weight  -1297.82  0.225408  0.225408  0.154
protocols.relax.FastRelax: CMD: scale:fa_rep  -1125.04  0.225408  0.225408  0.30745
core.pack.task: Packer task: initialize from command line() 
core.pack.pack_rotamers: built 7129 rotamers at 492 positions.
core.pack.interaction_graph.interaction_graph_factory: Instantiating DensePDInteractionGraph
protocols.relax.FastRelax: CMD: repack  -1126.31  0.225408  0.225408  0.30745
protocols.relax.FastRelax: CMD: scale:fa_rep  -1112.64  0.225408  0.225408  0.31955
protocols.relax.FastRelax: CMD: min  -1294.63  3.10633  3.10633  0.31955
protocols.relax.FastRelax: CMD: coord_cst_weight  -1294.63  3.10633  3.10633  0.31955
protocols.relax.FastRelax: CMD: scale:fa_rep  -1091.93  3.10633  3.10633  0.55
core.pack.task: Packer task: initialize from command line() 
core.pack.pack_rotamers: built 6894 rotamers at 492 positions.
core.pack.interaction_graph.interaction_graph_factory: Instantiating DensePDInteractionGraph
protocols.relax.FastRelax: CMD: repack  -1093.58  3.10633  3.10633  0.55
protocols.relax.FastRelax: CMD: min  -1135.84  3.11309  3.11309  0.55
protocols.relax.FastRelax: MRP: 11  -1135.84  -1154.04  3.82083  3.82083  
protocols.relax.FastRelax: CMD: accept_to_best  -1135.84  3.11309  3.11309  0.55
protocols.relax.FastRelax: CMD: endrepeat  -1135.84  3.11309  3.11309  0.55
protocols.relax.FastRelax: CMD: coord_cst_weight  56572.6  3.11309  3.11309  0.55
protocols.relax.FastRelax: CMD: scale:fa_rep  56240.1  3.11309  3.11309  0.022
core.pack.task: Packer task: initialize from command line() 
core.pack.pack_rotamers: built 7655 rotamers at 492 positions.
core.pack.interaction_graph.interaction_graph_factory: Instantiating DensePDInteractionGraph
protocols.relax.FastRelax: CMD: repack  56228  3.11309  3.11309  0.022
protocols.relax.FastRelax: CMD: scale:fa_rep  56235.3  3.11309  3.11309  0.02805
core.optimization.Minimizer: [ WARNING ] LBFGS MAX CYCLES 2000 EXCEEDED, BUT FUNC NOT CONVERGED!
protocols.relax.FastRelax: CMD: min  -1282.81  0.176365  0.176365  0.02805
protocols.relax.FastRelax: CMD: coord_cst_weight  -1351.02  0.176365  0.176365  0.02805
protocols.relax.FastRelax: CMD: scale:fa_rep  -1029.41  0.176365  0.176365  0.14575
core.pack.task: Packer task: initialize from command line() 
core.pack.pack_rotamers: built 7295 rotamers at 492 positions.
core.pack.interaction_graph.interaction_graph_factory: Instantiating DensePDInteractionGraph
protocols.relax.FastRelax: CMD: repack  -1051.72  0.176365  0.176365  0.14575
protocols.relax.FastRelax: CMD: scale:fa_rep  -1031.99  0.176365  0.176365  0.154
protocols.relax.FastRelax: CMD: min  -1185.99  0.225654  0.225654  0.154
protocols.relax.FastRelax: CMD: coord_cst_weight  -1296.25  0.225654  0.225654  0.154
protocols.relax.FastRelax: CMD: scale:fa_rep  -1117.34  0.225654  0.225654  0.30745
core.pack.task: Packer task: initialize from command line() 
core.pack.pack_rotamers: built 7121 rotamers at 492 positions.
core.pack.interaction_graph.interaction_graph_factory: Instantiating DensePDInteractionGraph
protocols.relax.FastRelax: CMD: repack  -1118.57  0.225654  0.225654  0.30745
protocols.relax.FastRelax: CMD: scale:fa_rep  -1104.81  0.225654  0.225654  0.31955
protocols.relax.FastRelax: CMD: min  -1291.4  3.63462  3.63462  0.31955
protocols.relax.FastRelax: CMD: coord_cst_weight  -1291.4  3.63462  3.63462  0.31955
protocols.relax.FastRelax: CMD: scale:fa_rep  -1086.77  3.63462  3.63462  0.55
core.pack.task: Packer task: initialize from command line() 
core.pack.pack_rotamers: built 6926 rotamers at 492 positions.
core.pack.interaction_graph.interaction_graph_factory: Instantiating DensePDInteractionGraph
protocols.relax.FastRelax: CMD: repack  -1090.26  3.63462  3.63462  0.55
protocols.relax.FastRelax: CMD: min  -1135.44  4.0443  4.0443  0.55
protocols.relax.FastRelax: MRP: 12  -1135.44  -1154.04  3.82083  3.82083  
protocols.relax.FastRelax: CMD: accept_to_best  -1135.44  4.0443  4.0443  0.55
protocols.relax.FastRelax: CMD: endrepeat  -1135.44  4.0443  4.0443  0.55
protocols.relax.FastRelax: CMD: coord_cst_weight  84098.4  4.0443  4.0443  0.55
protocols.relax.FastRelax: CMD: scale:fa_rep  83766.3  4.0443  4.0443  0.022
core.pack.task: Packer task: initialize from command line() 
core.pack.pack_rotamers: built 7766 rotamers at 492 positions.
core.pack.interaction_graph.interaction_graph_factory: Instantiating DensePDInteractionGraph
protocols.relax.FastRelax: CMD: repack  83753.3  4.0443  4.0443  0.022
protocols.relax.FastRelax: CMD: scale:fa_rep  83759.4  4.0443  4.0443  0.02805
core.optimization.Minimizer: [ WARNING ] LBFGS MAX CYCLES 2000 EXCEEDED, BUT FUNC NOT CONVERGED!
protocols.relax.FastRelax: CMD: min  -1267.08  0.182002  0.182002  0.02805
protocols.relax.FastRelax: CMD: coord_cst_weight  -1339.09  0.182002  0.182002  0.02805
protocols.relax.FastRelax: CMD: scale:fa_rep  -1033.65  0.182002  0.182002  0.14575
core.pack.task: Packer task: initialize from command line() 
core.pack.pack_rotamers: built 7337 rotamers at 492 positions.
core.pack.interaction_graph.interaction_graph_factory: Instantiating DensePDInteractionGraph
protocols.relax.FastRelax: CMD: repack  -1062.73  0.182002  0.182002  0.14575
protocols.relax.FastRelax: CMD: scale:fa_rep  -1043.19  0.182002  0.182002  0.154
protocols.relax.FastRelax: CMD: min  -1191.17  0.227913  0.227913  0.154
protocols.relax.FastRelax: CMD: coord_cst_weight  -1303.96  0.227913  0.227913  0.154
protocols.relax.FastRelax: CMD: scale:fa_rep  -1126.03  0.227913  0.227913  0.30745
core.pack.task: Packer task: initialize from command line() 
core.pack.pack_rotamers: built 7167 rotamers at 492 positions.
core.pack.interaction_graph.interaction_graph_factory: Instantiating DensePDInteractionGraph
protocols.relax.FastRelax: CMD: repack  -1125.58  0.227913  0.227913  0.30745
protocols.relax.FastRelax: CMD: scale:fa_rep  -1111.79  0.227913  0.227913  0.31955
protocols.relax.FastRelax: CMD: min  -1299.44  3.88093  3.88093  0.31955
protocols.relax.FastRelax: CMD: coord_cst_weight  -1299.44  3.88093  3.88093  0.31955
protocols.relax.FastRelax: CMD: scale:fa_rep  -1095.78  3.88093  3.88093  0.55
core.pack.task: Packer task: initialize from command line() 
core.pack.pack_rotamers: built 6932 rotamers at 492 positions.
core.pack.interaction_graph.interaction_graph_factory: Instantiating DensePDInteractionGraph
protocols.relax.FastRelax: CMD: repack  -1098.87  3.88093  3.88093  0.55
protocols.relax.FastRelax: CMD: min  -1145.85  4.42205  4.42205  0.55
protocols.relax.FastRelax: MRP: 13  -1145.85  -1154.04  3.82083  3.82083  
protocols.relax.FastRelax: CMD: accept_to_best  -1145.85  4.42205  4.42205  0.55
protocols.relax.FastRelax: CMD: endrepeat  -1145.85  4.42205  4.42205  0.55
protocols.relax.FastRelax: CMD: coord_cst_weight  113979  4.42205  4.42205  0.55
protocols.relax.FastRelax: CMD: scale:fa_rep  113650  4.42205  4.42205  0.022
core.pack.task: Packer task: initialize from command line() 
core.pack.pack_rotamers: built 7738 rotamers at 492 positions.
core.pack.interaction_graph.interaction_graph_factory: Instantiating DensePDInteractionGraph
protocols.relax.FastRelax: CMD: repack  113635  4.42205  4.42205  0.022
protocols.relax.FastRelax: CMD: scale:fa_rep  113644  4.42205  4.42205  0.02805
core.optimization.Minimizer: [ WARNING ] LBFGS MAX CYCLES 2000 EXCEEDED, BUT FUNC NOT CONVERGED!
protocols.relax.FastRelax: CMD: min  -1268.12  0.18317  0.18317  0.02805
protocols.relax.FastRelax: CMD: coord_cst_weight  -1340.54  0.18317  0.18317  0.02805
protocols.relax.FastRelax: CMD: scale:fa_rep  -1027.05  0.18317  0.18317  0.14575
core.pack.task: Packer task: initialize from command line() 
core.pack.pack_rotamers: built 7311 rotamers at 492 positions.
core.pack.interaction_graph.interaction_graph_factory: Instantiating DensePDInteractionGraph
protocols.relax.FastRelax: CMD: repack  -1065.04  0.18317  0.18317  0.14575
protocols.relax.FastRelax: CMD: scale:fa_rep  -1046.09  0.18317  0.18317  0.154
protocols.relax.FastRelax: CMD: min  -1193.51  0.229323  0.229323  0.154
protocols.relax.FastRelax: CMD: coord_cst_weight  -1307.6  0.229323  0.229323  0.154
protocols.relax.FastRelax: CMD: scale:fa_rep  -1128.78  0.229323  0.229323  0.30745
core.pack.task: Packer task: initialize from command line() 
core.pack.pack_rotamers: built 7108 rotamers at 492 positions.
core.pack.interaction_graph.interaction_graph_factory: Instantiating DensePDInteractionGraph
protocols.relax.FastRelax: CMD: repack  -1130.22  0.229323  0.229323  0.30745
protocols.relax.FastRelax: CMD: scale:fa_rep  -1116.39  0.229323  0.229323  0.31955
protocols.relax.FastRelax: CMD: min  -1296.26  3.66308  3.66308  0.31955
protocols.relax.FastRelax: CMD: coord_cst_weight  -1296.26  3.66308  3.66308  0.31955
protocols.relax.FastRelax: CMD: scale:fa_rep  -1093.64  3.66308  3.66308  0.55
core.pack.task: Packer task: initialize from command line() 
core.pack.pack_rotamers: built 6964 rotamers at 492 positions.
core.pack.interaction_graph.interaction_graph_factory: Instantiating DensePDInteractionGraph
protocols.relax.FastRelax: CMD: repack  -1097.35  3.66308  3.66308  0.55
protocols.relax.FastRelax: CMD: min  -1148.87  4.18808  4.18808  0.55
protocols.relax.FastRelax: MRP: 14  -1148.87  -1154.04  3.82083  3.82083  
protocols.relax.FastRelax: CMD: accept_to_best  -1148.87  4.18808  4.18808  0.55
protocols.relax.FastRelax: CMD: endrepeat  -1148.87  4.18808  4.18808  0.55
protocols::checkpoint: Deleting checkpoints of FastRelax
protocols.jd2.JobDistributor: target.BL00010001_2_0004 reported success in 14960 seconds
protocols.jd2.PDBJobInputter: PDBJobInputter::pose_from_job
protocols.jd2.PDBJobInputter: filling pose from PDB ../1-modeller/target.BL00010001.pdb
core.import_pose.import_pose: File '../1-modeller/target.BL00010001.pdb' automatically determined to be of type PDB from contents.
core.io.rcsb.ExperimentalTechnique: [ ERROR ] Unrecognized experimental technique string 'THEORETICAL MODEL, MODELLER 10.8 2026/08/10 16:18:02'
protocols.relax.FastRelax: CMD: repeat  4476.34  0  0  0.55
protocols.relax.FastRelax: CMD: coord_cst_weight  4476.34  0  0  0.55
protocols.relax.FastRelax: CMD: scale:fa_rep  806.987  0  0  0.022
core.pack.task: Packer task: initialize from command line() 
core.pack.pack_rotamers: built 8129 rotamers at 492 positions.
core.pack.interaction_graph.interaction_graph_factory: Instantiating DensePDInteractionGraph
protocols.relax.FastRelax: CMD: repack  -881.632  0  0  0.022
protocols.relax.FastRelax: CMD: scale:fa_rep  -841.241  0  0  0.02805
core.optimization.Minimizer: [ WARNING ] LBFGS MAX CYCLES 2000 EXCEEDED, BUT FUNC NOT CONVERGED!
protocols.relax.FastRelax: CMD: min  -1298.09  0.149453  0.149453  0.02805
protocols.relax.FastRelax: CMD: coord_cst_weight  -1345.23  0.149453  0.149453  0.02805
protocols.relax.FastRelax: CMD: scale:fa_rep  -958.011  0.149453  0.149453  0.14575
core.pack.task: Packer task: initialize from command line() 
core.pack.pack_rotamers: built 7367 rotamers at 492 positions.
core.pack.interaction_graph.interaction_graph_factory: Instantiating DensePDInteractionGraph
protocols.relax.FastRelax: CMD: repack  -1000.42  0.149453  0.149453  0.14575
protocols.relax.FastRelax: CMD: scale:fa_rep  -978.843  0.149453  0.149453  0.154
core.optimization.Minimizer: [ WARNING ] LBFGS MAX CYCLES 2000 EXCEEDED, BUT FUNC NOT CONVERGED!
protocols.relax.FastRelax: CMD: min  -1171.57  0.205993  0.205993  0.154
protocols.relax.FastRelax: CMD: coord_cst_weight  -1263.88  0.205993  0.205993  0.154
protocols.relax.FastRelax: CMD: scale:fa_rep  -1078.71  0.205993  0.205993  0.30745
core.pack.task: Packer task: initialize from command line() 
core.pack.pack_rotamers: built 7182 rotamers at 492 positions.
core.pack.interaction_graph.interaction_graph_factory: Instantiating DensePDInteractionGraph
protocols.relax.FastRelax: CMD: repack  -1079.92  0.205993  0.205993  0.30745
protocols.relax.FastRelax: CMD: scale:fa_rep  -1065.51  0.205993  0.205993  0.31955
protocols.relax.FastRelax: CMD: min  -1259.39  3.1914  3.1914  0.31955
protocols.relax.FastRelax: CMD: coord_cst_weight  -1259.39  3.1914  3.1914  0.31955
protocols.relax.FastRelax: CMD: scale:fa_rep  -1047.76  3.1914  3.1914  0.55
core.pack.task: Packer task: initialize from command line() 
core.pack.pack_rotamers: built 6981 rotamers at 492 positions.
core.pack.interaction_graph.interaction_graph_factory: Instantiating DensePDInteractionGraph
protocols.relax.FastRelax: CMD: repack  -1053.73  3.1914  3.1914  0.55
protocols.relax.FastRelax: CMD: min  -1115.82  3.1533  3.1533  0.55
protocols.relax.FastRelax: MRP: 0  -1115.82  -1115.82  3.1533  3.1533  
protocols.relax.FastRelax: CMD: accept_to_best  -1115.82  3.1533  3.1533  0.55
protocols.relax.FastRelax: CMD: endrepeat  -1115.82  3.1533  3.1533  0.55
protocols.relax.FastRelax: CMD: coord_cst_weight  151037  3.1533  3.1533  0.55
protocols.relax.FastRelax: CMD: scale:fa_rep  150700  3.1533  3.1533  0.022
core.pack.task: Packer task: initialize from command line() 
core.pack.pack_rotamers: built 7747 rotamers at 492 positions.
core.pack.interaction_graph.interaction_graph_factory: Instantiating DensePDInteractionGraph
protocols.relax.FastRelax: CMD: repack  150687  3.1533  3.1533  0.022
protocols.relax.FastRelax: CMD: scale:fa_rep  150698  3.1533  3.1533  0.02805
core.optimization.Minimizer: [ WARNING ] LBFGS MAX CYCLES 2000 EXCEEDED, BUT FUNC NOT CONVERGED!
protocols.relax.FastRelax: CMD: min  -1228.69  0.180387  0.180387  0.02805
protocols.relax.FastRelax: CMD: coord_cst_weight  -1301.43  0.180387  0.180387  0.02805
protocols.relax.FastRelax: CMD: scale:fa_rep  -930.919  0.180387  0.180387  0.14575
core.pack.task: Packer task: initialize from command line() 
core.pack.pack_rotamers: built 7316 rotamers at 492 positions.
core.pack.interaction_graph.interaction_graph_factory: Instantiating DensePDInteractionGraph
protocols.relax.FastRelax: CMD: repack  -1021.07  0.180387  0.180387  0.14575
protocols.relax.FastRelax: CMD: scale:fa_rep  -1000.57  0.180387  0.180387  0.154
protocols.relax.FastRelax: CMD: min  -1182.74  0.216729  0.216729  0.154
protocols.relax.FastRelax: CMD: coord_cst_weight  -1285.84  0.216729  0.216729  0.154
protocols.relax.FastRelax: CMD: scale:fa_rep  -1100.32  0.216729  0.216729  0.30745
core.pack.task: Packer task: initialize from command line() 
core.pack.pack_rotamers: built 7075 rotamers at 492 positions.
core.pack.interaction_graph.interaction_graph_factory: Instantiating DensePDInteractionGraph
protocols.relax.FastRelax: CMD: repack  -1094.81  0.216729  0.216729  0.30745
protocols.relax.FastRelax: CMD: scale:fa_rep  -1080.38  0.216729  0.216729  0.31955
protocols.relax.FastRelax: CMD: min  -1275.26  2.88066  2.88066  0.31955
protocols.relax.FastRelax: CMD: coord_cst_weight  -1275.26  2.88066  2.88066  0.31955
protocols.relax.FastRelax: CMD: scale:fa_rep  -1067.98  2.88066  2.88066  0.55
core.pack.task: Packer task: initialize from command line() 
core.pack.pack_rotamers: built 6983 rotamers at 492 positions.
core.pack.interaction_graph.interaction_graph_factory: Instantiating DensePDInteractionGraph
protocols.relax.FastRelax: CMD: repack  -1069.84  2.88066  2.88066  0.55
protocols.relax.FastRelax: CMD: min  -1122.17  2.86722  2.86722  0.55
protocols.relax.FastRelax: MRP: 1  -1122.17  -1122.17  2.86722  2.86722  
protocols.relax.FastRelax: CMD: accept_to_best  -1122.17  2.86722  2.86722  0.55
protocols.relax.FastRelax: CMD: endrepeat  -1122.17  2.86722  2.86722  0.55
protocols.relax.FastRelax: CMD: coord_cst_weight  94982.3  2.86722  2.86722  0.55
protocols.relax.FastRelax: CMD: scale:fa_rep  94652.6  2.86722  2.86722  0.022
core.pack.task: Packer task: initialize from command line() 
core.pack.pack_rotamers: built 7765 rotamers at 492 positions.
core.pack.interaction_graph.interaction_graph_factory: Instantiating DensePDInteractionGraph
protocols.relax.FastRelax: CMD: repack  94643.4  2.86722  2.86722  0.022
protocols.relax.FastRelax: CMD: scale:fa_rep  94651.8  2.86722  2.86722  0.02805
core.optimization.Minimizer: [ WARNING ] LBFGS MAX CYCLES 2000 EXCEEDED, BUT FUNC NOT CONVERGED!
protocols.relax.FastRelax: CMD: min  -1267.26  0.179199  0.179199  0.02805
protocols.relax.FastRelax: CMD: coord_cst_weight  -1337.2  0.179199  0.179199  0.02805
protocols.relax.FastRelax: CMD: scale:fa_rep  -1006.13  0.179199  0.179199  0.14575
core.pack.task: Packer task: initialize from command line() 
core.pack.pack_rotamers: built 7307 rotamers at 492 positions.
core.pack.interaction_graph.interaction_graph_factory: Instantiating DensePDInteractionGraph
protocols.relax.FastRelax: CMD: repack  -1036.72  0.179199  0.179199  0.14575
protocols.relax.FastRelax: CMD: scale:fa_rep  -1015.82  0.179199  0.179199  0.154
protocols.relax.FastRelax: CMD: min  -1179.74  0.218247  0.218247  0.154
protocols.relax.FastRelax: CMD: coord_cst_weight  -1285.04  0.218247  0.218247  0.154
protocols.relax.FastRelax: CMD: scale:fa_rep  -1100.14  0.218247  0.218247  0.30745
core.pack.task: Packer task: initialize from command line() 
core.pack.pack_rotamers: built 7088 rotamers at 492 positions.
core.pack.interaction_graph.interaction_graph_factory: Instantiating DensePDInteractionGraph
protocols.relax.FastRelax: CMD: repack  -1100.89  0.218247  0.218247  0.30745
protocols.relax.FastRelax: CMD: scale:fa_rep  -1086.42  0.218247  0.218247  0.31955
protocols.relax.FastRelax: CMD: min  -1287.97  2.87906  2.87906  0.31955
protocols.relax.FastRelax: CMD: coord_cst_weight  -1287.97  2.87906  2.87906  0.31955
protocols.relax.FastRelax: CMD: scale:fa_rep  -1080.83  2.87906  2.87906  0.55
core.pack.task: Packer task: initialize from command line() 
core.pack.pack_rotamers: built 7007 rotamers at 492 positions.
core.pack.interaction_graph.interaction_graph_factory: Instantiating DensePDInteractionGraph
protocols.relax.FastRelax: CMD: repack  -1085.76  2.87906  2.87906  0.55
protocols.relax.FastRelax: CMD: min  -1150.27  2.92995  2.92995  0.55
protocols.relax.FastRelax: MRP: 2  -1150.27  -1150.27  2.92995  2.92995  
protocols.relax.FastRelax: CMD: accept_to_best  -1150.27  2.92995  2.92995  0.55
protocols.relax.FastRelax: CMD: endrepeat  -1150.27  2.92995  2.92995  0.55
protocols.relax.FastRelax: CMD: coord_cst_weight  72557.8  2.92995  2.92995  0.55
protocols.relax.FastRelax: CMD: scale:fa_rep  72227.9  2.92995  2.92995  0.022
core.pack.task: Packer task: initialize from command line() 
core.pack.pack_rotamers: built 7771 rotamers at 492 positions.
core.pack.interaction_graph.interaction_graph_factory: Instantiating DensePDInteractionGraph
protocols.relax.FastRelax: CMD: repack  72221.6  2.92995  2.92995  0.022
protocols.relax.FastRelax: CMD: scale:fa_rep  72233.7  2.92995  2.92995  0.02805
core.optimization.Minimizer: [ WARNING ] LBFGS MAX CYCLES 2000 EXCEEDED, BUT FUNC NOT CONVERGED!
protocols.relax.FastRelax: CMD: min  -1232.39  0.178345  0.178345  0.02805
protocols.relax.FastRelax: CMD: coord_cst_weight  -1303.07  0.178345  0.178345  0.02805
protocols.relax.FastRelax: CMD: scale:fa_rep  -849.68  0.178345  0.178345  0.14575
core.pack.task: Packer task: initialize from command line() 
core.pack.pack_rotamers: built 7334 rotamers at 492 positions.
core.pack.interaction_graph.interaction_graph_factory: Instantiating DensePDInteractionGraph
protocols.relax.FastRelax: CMD: repack  -1036.95  0.178345  0.178345  0.14575
protocols.relax.FastRelax: CMD: scale:fa_rep  -1016.67  0.178345  0.178345  0.154
protocols.relax.FastRelax: CMD: min  -1182.94  0.225761  0.225761  0.154
protocols.relax.FastRelax: CMD: coord_cst_weight  -1294.64  0.225761  0.225761  0.154
protocols.relax.FastRelax: CMD: scale:fa_rep  -1112.05  0.225761  0.225761  0.30745
core.pack.task: Packer task: initialize from command line() 
core.pack.pack_rotamers: built 7073 rotamers at 492 positions.
core.pack.interaction_graph.interaction_graph_factory: Instantiating DensePDInteractionGraph
protocols.relax.FastRelax: CMD: repack  -1113.05  0.225761  0.225761  0.30745
protocols.relax.FastRelax: CMD: scale:fa_rep  -1098.75  0.225761  0.225761  0.31955
protocols.relax.FastRelax: CMD: min  -1300.63  2.85392  2.85392  0.31955
protocols.relax.FastRelax: CMD: coord_cst_weight  -1300.63  2.85392  2.85392  0.31955
protocols.relax.FastRelax: CMD: scale:fa_rep  -1090.61  2.85392  2.85392  0.55
core.pack.task: Packer task: initialize from command line() 
core.pack.pack_rotamers: built 6998 rotamers at 492 positions.
core.pack.interaction_graph.interaction_graph_factory: Instantiating DensePDInteractionGraph
protocols.relax.FastRelax: CMD: repack  -1100.99  2.85392  2.85392  0.55
protocols.relax.FastRelax: CMD: min  -1168.14  3.07632  3.07632  0.55
protocols.relax.FastRelax: MRP: 3  -1168.14  -1168.14  3.07632  3.07632  
protocols.relax.FastRelax: CMD: accept_to_best  -1168.14  3.07632  3.07632  0.55
protocols.relax.FastRelax: CMD: endrepeat  -1168.14  3.07632  3.07632  0.55
protocols.relax.FastRelax: CMD: coord_cst_weight  73665.7  3.07632  3.07632  0.55
protocols.relax.FastRelax: CMD: scale:fa_rep  73335.2  3.07632  3.07632  0.022
core.pack.task: Packer task: initialize from command line() 
core.pack.pack_rotamers: built 7761 rotamers at 492 positions.
core.pack.interaction_graph.interaction_graph_factory: Instantiating DensePDInteractionGraph
protocols.relax.FastRelax: CMD: repack  73321.6  3.07632  3.07632  0.022
protocols.relax.FastRelax: CMD: scale:fa_rep  73327.8  3.07632  3.07632  0.02805
core.optimization.Minimizer: [ WARNING ] LBFGS MAX CYCLES 2000 EXCEEDED, BUT FUNC NOT CONVERGED!
protocols.relax.FastRelax: CMD: min  -1235.13  0.183414  0.183414  0.02805
protocols.relax.FastRelax: CMD: coord_cst_weight  -1309.32  0.183414  0.183414  0.02805
protocols.relax.FastRelax: CMD: scale:fa_rep  -887.861  0.183414  0.183414  0.14575
core.pack.task: Packer task: initialize from command line() 
core.pack.pack_rotamers: built 7297 rotamers at 492 positions.
core.pack.interaction_graph.interaction_graph_factory: Instantiating DensePDInteractionGraph
protocols.relax.FastRelax: CMD: repack  -1034.6  0.183414  0.183414  0.14575
protocols.relax.FastRelax: CMD: scale:fa_rep  -1014.11  0.183414  0.183414  0.154
protocols.relax.FastRelax: CMD: min  -1185.23  0.227109  0.227109  0.154
protocols.relax.FastRelax: CMD: coord_cst_weight  -1298.25  0.227109  0.227109  0.154
protocols.relax.FastRelax: CMD: scale:fa_rep  -1121.25  0.227109  0.227109  0.30745
core.pack.task: Packer task: initialize from command line() 
core.pack.pack_rotamers: built 7094 rotamers at 492 positions.
core.pack.interaction_graph.interaction_graph_factory: Instantiating DensePDInteractionGraph
protocols.relax.FastRelax: CMD: repack  -1122.09  0.227109  0.227109  0.30745
protocols.relax.FastRelax: CMD: scale:fa_rep  -1108.22  0.227109  0.227109  0.31955
protocols.relax.FastRelax: CMD: min  -1308.3  2.3421  2.3421  0.31955
protocols.relax.FastRelax: CMD: coord_cst_weight  -1308.3  2.3421  2.3421  0.31955
protocols.relax.FastRelax: CMD: scale:fa_rep  -1102.18  2.3421  2.3421  0.55
core.pack.task: Packer task: initialize from command line() 
core.pack.pack_rotamers: built 6970 rotamers at 492 positions.
core.pack.interaction_graph.interaction_graph_factory: Instantiating DensePDInteractionGraph
protocols.relax.FastRelax: CMD: repack  -1100.85  2.3421  2.3421  0.55
protocols.relax.FastRelax: CMD: min  -1167.4  2.39622  2.39622  0.55
protocols.relax.FastRelax: MRP: 4  -1167.4  -1168.14  3.07632  3.07632  
protocols.relax.FastRelax: CMD: accept_to_best  -1167.4  2.39622  2.39622  0.55
protocols.relax.FastRelax: CMD: endrepeat  -1167.4  2.39622  2.39622  0.55
protocols.relax.FastRelax: CMD: coord_cst_weight  40791.2  2.39622  2.39622  0.55
protocols.relax.FastRelax: CMD: scale:fa_rep  40463.8  2.39622  2.39622  0.022
core.pack.task: Packer task: initialize from command line() 
core.pack.pack_rotamers: built 7646 rotamers at 492 positions.
core.pack.interaction_graph.interaction_graph_factory: Instantiating DensePDInteractionGraph
protocols.relax.FastRelax: CMD: repack  40449.2  2.39622  2.39622  0.022
protocols.relax.FastRelax: CMD: scale:fa_rep  40455.7  2.39622  2.39622  0.02805
core.optimization.Minimizer: [ WARNING ] LBFGS MAX CYCLES 2000 EXCEEDED, BUT FUNC NOT CONVERGED!
protocols.relax.FastRelax: CMD: min  -1269.42  0.179486  0.179486  0.02805
protocols.relax.FastRelax: CMD: coord_cst_weight  -1338.81  0.179486  0.179486  0.02805
protocols.relax.FastRelax: CMD: scale:fa_rep  -1009.33  0.179486  0.179486  0.14575
core.pack.task: Packer task: initialize from command line() 
core.pack.pack_rotamers: built 7319 rotamers at 492 positions.
core.pack.interaction_graph.interaction_graph_factory: Instantiating DensePDInteractionGraph
protocols.relax.FastRelax: CMD: repack  -1041.91  0.179486  0.179486  0.14575
protocols.relax.FastRelax: CMD: scale:fa_rep  -1020.98  0.179486  0.179486  0.154
protocols.relax.FastRelax: CMD: min  -1191.45  0.22791  0.22791  0.154
protocols.relax.FastRelax: CMD: coord_cst_weight  -1303.9  0.22791  0.22791  0.154
protocols.relax.FastRelax: CMD: scale:fa_rep  -1125.74  0.22791  0.22791  0.30745
core.pack.task: Packer task: initialize from command line() 
core.pack.pack_rotamers: built 7073 rotamers at 492 positions.
core.pack.interaction_graph.interaction_graph_factory: Instantiating DensePDInteractionGraph
protocols.relax.FastRelax: CMD: repack  -1125.81  0.22791  0.22791  0.30745
protocols.relax.FastRelax: CMD: scale:fa_rep  -1111.82  0.22791  0.22791  0.31955
protocols.relax.FastRelax: CMD: min  -1321.05  3.15608  3.15608  0.31955
protocols.relax.FastRelax: CMD: coord_cst_weight  -1321.05  3.15608  3.15608  0.31955
protocols.relax.FastRelax: CMD: scale:fa_rep  -1118.09  3.15608  3.15608  0.55
core.pack.task: Packer task: initialize from command line() 
core.pack.pack_rotamers: built 6927 rotamers at 492 positions.
core.pack.interaction_graph.interaction_graph_factory: Instantiating DensePDInteractionGraph
protocols.relax.FastRelax: CMD: repack  -1123.94  3.15608  3.15608  0.55
protocols.relax.FastRelax: CMD: min  -1172  3.18057  3.18057  0.55
protocols.relax.FastRelax: MRP: 5  -1172  -1172  3.18057  3.18057  
protocols.relax.FastRelax: CMD: accept_to_best  -1172  3.18057  3.18057  0.55
protocols.relax.FastRelax: CMD: endrepeat  -1172  3.18057  3.18057  0.55
protocols.relax.FastRelax: CMD: coord_cst_weight  95508.7  3.18057  3.18057  0.55
protocols.relax.FastRelax: CMD: scale:fa_rep  95180.9  3.18057  3.18057  0.022
core.pack.task: Packer task: initialize from command line() 
core.pack.pack_rotamers: built 7658 rotamers at 492 positions.
core.pack.interaction_graph.interaction_graph_factory: Instantiating DensePDInteractionGraph
protocols.relax.FastRelax: CMD: repack  95177.3  3.18057  3.18057  0.022
protocols.relax.FastRelax: CMD: scale:fa_rep  95188.9  3.18057  3.18057  0.02805
core.optimization.Minimizer: [ WARNING ] LBFGS MAX CYCLES 2000 EXCEEDED, BUT FUNC NOT CONVERGED!
protocols.relax.FastRelax: CMD: min  -1233.23  0.201266  0.201266  0.02805
protocols.relax.FastRelax: CMD: coord_cst_weight  -1317.78  0.201266  0.201266  0.02805
protocols.relax.FastRelax: CMD: scale:fa_rep  -923.119  0.201266  0.201266  0.14575
core.pack.task: Packer task: initialize from command line() 
core.pack.pack_rotamers: built 7314 rotamers at 492 positions.
core.pack.interaction_graph.interaction_graph_factory: Instantiating DensePDInteractionGraph
protocols.relax.FastRelax: CMD: repack  -1003.61  0.201266  0.201266  0.14575
protocols.relax.FastRelax: CMD: scale:fa_rep  -981.478  0.201266  0.201266  0.154
protocols.relax.FastRelax: CMD: min  -1180.8  0.232781  0.232781  0.154
protocols.relax.FastRelax: CMD: coord_cst_weight  -1295.85  0.232781  0.232781  0.154
protocols.relax.FastRelax: CMD: scale:fa_rep  -1106.18  0.232781  0.232781  0.30745
core.pack.task: Packer task: initialize from command line() 
core.pack.pack_rotamers: built 7043 rotamers at 492 positions.
core.pack.interaction_graph.interaction_graph_factory: Instantiating DensePDInteractionGraph
protocols.relax.FastRelax: CMD: repack  -1107.19  0.232781  0.232781  0.30745
protocols.relax.FastRelax: CMD: scale:fa_rep  -1092.37  0.232781  0.232781  0.31955
protocols.relax.FastRelax: CMD: min  -1314.53  2.51361  2.51361  0.31955
protocols.relax.FastRelax: CMD: coord_cst_weight  -1314.53  2.51361  2.51361  0.31955
protocols.relax.FastRelax: CMD: scale:fa_rep  -1110.41  2.51361  2.51361  0.55
core.pack.task: Packer task: initialize from command line() 
core.pack.pack_rotamers: built 6919 rotamers at 492 positions.
core.pack.interaction_graph.interaction_graph_factory: Instantiating DensePDInteractionGraph
protocols.relax.FastRelax: CMD: repack  -1113.17  2.51361  2.51361  0.55
protocols.relax.FastRelax: CMD: min  -1165.48  2.84517  2.84517  0.55
protocols.relax.FastRelax: MRP: 6  -1165.48  -1172  3.18057  3.18057  
protocols.relax.FastRelax: CMD: accept_to_best  -1165.48  2.84517  2.84517  0.55
protocols.relax.FastRelax: CMD: endrepeat  -1165.48  2.84517  2.84517  0.55
protocols.relax.FastRelax: CMD: coord_cst_weight  46163.1  2.84517  2.84517  0.55
protocols.relax.FastRelax: CMD: scale:fa_rep  45834.6  2.84517  2.84517  0.022
core.pack.task: Packer task: initialize from command line() 
core.pack.pack_rotamers: built 7673 rotamers at 492 positions.
core.pack.interaction_graph.interaction_graph_factory: Instantiating DensePDInteractionGraph
protocols.relax.FastRelax: CMD: repack  45822.8  2.84517  2.84517  0.022
protocols.relax.FastRelax: CMD: scale:fa_rep  45831.5  2.84517  2.84517  0.02805
core.optimization.Minimizer: [ WARNING ] LBFGS MAX CYCLES 2000 EXCEEDED, BUT FUNC NOT CONVERGED!
protocols.relax.FastRelax: CMD: min  -1265.49  0.188237  0.188237  0.02805
protocols.relax.FastRelax: CMD: coord_cst_weight  -1338.62  0.188237  0.188237  0.02805
protocols.relax.FastRelax: CMD: scale:fa_rep  -966.159  0.188237  0.188237  0.14575
core.pack.task: Packer task: initialize from command line() 
core.pack.pack_rotamers: built 7263 rotamers at 492 positions.
core.pack.interaction_graph.interaction_graph_factory: Instantiating DensePDInteractionGraph
protocols.relax.FastRelax: CMD: repack  -1011.56  0.188237  0.188237  0.14575
protocols.relax.FastRelax: CMD: scale:fa_rep  -989.03  0.188237  0.188237  0.154
protocols.relax.FastRelax: CMD: min  -1179.48  0.236061  0.236061  0.154
protocols.relax.FastRelax: CMD: coord_cst_weight  -1295.97  0.236061  0.236061  0.154
protocols.relax.FastRelax: CMD: scale:fa_rep  -1111.52  0.236061  0.236061  0.30745
core.pack.task: Packer task: initialize from command line() 
core.pack.pack_rotamers: built 7062 rotamers at 492 positions.
core.pack.interaction_graph.interaction_graph_factory: Instantiating DensePDInteractionGraph
protocols.relax.FastRelax: CMD: repack  -1112.22  0.236061  0.236061  0.30745
protocols.relax.FastRelax: CMD: scale:fa_rep  -1097.84  0.236061  0.236061  0.31955
protocols.relax.FastRelax: CMD: min  -1337.73  3.27107  3.27107  0.31955
protocols.relax.FastRelax: CMD: coord_cst_weight  -1337.73  3.27107  3.27107  0.31955
protocols.relax.FastRelax: CMD: scale:fa_rep  -1135.73  3.27107  3.27107  0.55
core.pack.task: Packer task: initialize from command line() 
core.pack.pack_rotamers: built 6861 rotamers at 492 positions.
core.pack.interaction_graph.interaction_graph_factory: Instantiating DensePDInteractionGraph
protocols.relax.FastRelax: CMD: repack  -1139.88  3.27107  3.27107  0.55
protocols.relax.FastRelax: CMD: min  -1188.1  3.58437  3.58437  0.55
protocols.relax.FastRelax: MRP: 7  -1188.1  -1188.1  3.58437  3.58437  
protocols.relax.FastRelax: CMD: accept_to_best  -1188.1  3.58437  3.58437  0.55
protocols.relax.FastRelax: CMD: endrepeat  -1188.1  3.58437  3.58437  0.55
protocols.relax.FastRelax: CMD: coord_cst_weight  80765.5  3.58437  3.58437  0.55
protocols.relax.FastRelax: CMD: scale:fa_rep  80439.1  3.58437  3.58437  0.022
core.pack.task: Packer task: initialize from command line() 
core.pack.pack_rotamers: built 7713 rotamers at 492 positions.
core.pack.interaction_graph.interaction_graph_factory: Instantiating DensePDInteractionGraph
protocols.relax.FastRelax: CMD: repack  80420.9  3.58437  3.58437  0.022
protocols.relax.FastRelax: CMD: scale:fa_rep  80429  3.58437  3.58437  0.02805
core.optimization.Minimizer: [ WARNING ] LBFGS MAX CYCLES 2000 EXCEEDED, BUT FUNC NOT CONVERGED!
protocols.relax.FastRelax: CMD: min  -1252.27  0.19086  0.19086  0.02805
protocols.relax.FastRelax: CMD: coord_cst_weight  -1326.48  0.19086  0.19086  0.02805
protocols.relax.FastRelax: CMD: scale:fa_rep  -959.411  0.19086  0.19086  0.14575
core.pack.task: Packer task: initialize from command line() 
core.pack.pack_rotamers: built 7239 rotamers at 492 positions.
core.pack.interaction_graph.interaction_graph_factory: Instantiating DensePDInteractionGraph
protocols.relax.FastRelax: CMD: repack  -991.522  0.19086  0.19086  0.14575
protocols.relax.FastRelax: CMD: scale:fa_rep  -968.748  0.19086  0.19086  0.154
core.optimization.Minimizer: [ WARNING ] LBFGS MAX CYCLES 2000 EXCEEDED, BUT FUNC NOT CONVERGED!
protocols.relax.FastRelax: CMD: min  -1167.61  0.239512  0.239512  0.154
protocols.relax.FastRelax: CMD: coord_cst_weight  -1287.32  0.239512  0.239512  0.154
protocols.relax.FastRelax: CMD: scale:fa_rep  -1106.83  0.239512  0.239512  0.30745
core.pack.task: Packer task: initialize from command line() 
core.pack.pack_rotamers: built 7034 rotamers at 492 positions.
core.pack.interaction_graph.interaction_graph_factory: Instantiating DensePDInteractionGraph
protocols.relax.FastRelax: CMD: repack  -1106.75  0.239512  0.239512  0.30745
protocols.relax.FastRelax: CMD: scale:fa_rep  -1092.59  0.239512  0.239512  0.31955
protocols.relax.FastRelax: CMD: min  -1312.73  3.31286  3.31286  0.31955
protocols.relax.FastRelax: CMD: coord_cst_weight  -1312.73  3.31286  3.31286  0.31955
protocols.relax.FastRelax: CMD: scale:fa_rep  -1111.36  3.31286  3.31286  0.55
core.pack.task: Packer task: initialize from command line() 
core.pack.pack_rotamers: built 6899 rotamers at 492 positions.
core.pack.interaction_graph.interaction_graph_factory: Instantiating DensePDInteractionGraph
protocols.relax.FastRelax: CMD: repack  -1114.87  3.31286  3.31286  0.55
protocols.relax.FastRelax: CMD: min  -1165.97  3.49945  3.49945  0.55
protocols.relax.FastRelax: MRP: 8  -1165.97  -1188.1  3.58437  3.58437  
protocols.relax.FastRelax: CMD: accept_to_best  -1165.97  3.49945  3.49945  0.55
protocols.relax.FastRelax: CMD: endrepeat  -1165.97  3.49945  3.49945  0.55
protocols.relax.FastRelax: CMD: coord_cst_weight  76427.8  3.49945  3.49945  0.55
protocols.relax.FastRelax: CMD: scale:fa_rep  76104.7  3.49945  3.49945  0.022
core.pack.task: Packer task: initialize from command line() 
core.pack.pack_rotamers: built 7637 rotamers at 492 positions.
core.pack.interaction_graph.interaction_graph_factory: Instantiating DensePDInteractionGraph
protocols.relax.FastRelax: CMD: repack  76086.5  3.49945  3.49945  0.022
protocols.relax.FastRelax: CMD: scale:fa_rep  76092.1  3.49945  3.49945  0.02805
core.optimization.Minimizer: [ WARNING ] LBFGS MAX CYCLES 2000 EXCEEDED, BUT FUNC NOT CONVERGED!
protocols.relax.FastRelax: CMD: min  -1266.07  0.190142  0.190142  0.02805
protocols.relax.FastRelax: CMD: coord_cst_weight  -1340.23  0.190142  0.190142  0.02805
protocols.relax.FastRelax: CMD: scale:fa_rep  -999.61  0.190142  0.190142  0.14575
core.pack.task: Packer task: initialize from command line() 
core.pack.pack_rotamers: built 7277 rotamers at 492 positions.
core.pack.interaction_graph.interaction_graph_factory: Instantiating DensePDInteractionGraph
protocols.relax.FastRelax: CMD: repack  -1021.56  0.190142  0.190142  0.14575
protocols.relax.FastRelax: CMD: scale:fa_rep  -999.565  0.190142  0.190142  0.154
protocols.relax.FastRelax: CMD: min  -1174.22  0.241353  0.241353  0.154
protocols.relax.FastRelax: CMD: coord_cst_weight  -1295.23  0.241353  0.241353  0.154
protocols.relax.FastRelax: CMD: scale:fa_rep  -1115.66  0.241353  0.241353  0.30745
core.pack.task: Packer task: initialize from command line() 
core.pack.pack_rotamers: built 7061 rotamers at 492 positions.
core.pack.interaction_graph.interaction_graph_factory: Instantiating DensePDInteractionGraph
protocols.relax.FastRelax: CMD: repack  -1115.12  0.241353  0.241353  0.30745
protocols.relax.FastRelax: CMD: scale:fa_rep  -1100.97  0.241353  0.241353  0.31955
protocols.relax.FastRelax: CMD: min  -1316.23  3.59954  3.59954  0.31955
protocols.relax.FastRelax: CMD: coord_cst_weight  -1316.23  3.59954  3.59954  0.31955
protocols.relax.FastRelax: CMD: scale:fa_rep  -1113.99  3.59954  3.59954  0.55
core.pack.task: Packer task: initialize from command line() 
core.pack.pack_rotamers: built 6916 rotamers at 492 positions.
core.pack.interaction_graph.interaction_graph_factory: Instantiating DensePDInteractionGraph
protocols.relax.FastRelax: CMD: repack  -1115.33  3.59954  3.59954  0.55
protocols.relax.FastRelax: CMD: min  -1169.72  3.87206  3.87206  0.55
protocols.relax.FastRelax: MRP: 9  -1169.72  -1188.1  3.58437  3.58437  
protocols.relax.FastRelax: CMD: accept_to_best  -1169.72  3.87206  3.87206  0.55
protocols.relax.FastRelax: CMD: endrepeat  -1169.72  3.87206  3.87206  0.55
protocols.relax.FastRelax: CMD: coord_cst_weight  71474.9  3.87206  3.87206  0.55
protocols.relax.FastRelax: CMD: scale:fa_rep  71151.9  3.87206  3.87206  0.022
core.pack.task: Packer task: initialize from command line() 
core.pack.pack_rotamers: built 7685 rotamers at 492 positions.
core.pack.interaction_graph.interaction_graph_factory: Instantiating DensePDInteractionGraph
protocols.relax.FastRelax: CMD: repack  71149.1  3.87206  3.87206  0.022
protocols.relax.FastRelax: CMD: scale:fa_rep  71158.2  3.87206  3.87206  0.02805
core.optimization.Minimizer: [ WARNING ] LBFGS MAX CYCLES 2000 EXCEEDED, BUT FUNC NOT CONVERGED!
protocols.relax.FastRelax: CMD: min  -1266.14  0.188137  0.188137  0.02805
protocols.relax.FastRelax: CMD: coord_cst_weight  -1338.49  0.188137  0.188137  0.02805
protocols.relax.FastRelax: CMD: scale:fa_rep  -980.932  0.188137  0.188137  0.14575
core.pack.task: Packer task: initialize from command line() 
core.pack.pack_rotamers: built 7339 rotamers at 492 positions.
core.pack.interaction_graph.interaction_graph_factory: Instantiating DensePDInteractionGraph
protocols.relax.FastRelax: CMD: repack  -1023.28  0.188137  0.188137  0.14575
protocols.relax.FastRelax: CMD: scale:fa_rep  -1001.52  0.188137  0.188137  0.154
protocols.relax.FastRelax: CMD: min  -1177.98  0.240591  0.240591  0.154
protocols.relax.FastRelax: CMD: coord_cst_weight  -1297.6  0.240591  0.240591  0.154
protocols.relax.FastRelax: CMD: scale:fa_rep  -1116.29  0.240591  0.240591  0.30745
core.pack.task: Packer task: initialize from command line() 
core.pack.pack_rotamers: built 7059 rotamers at 492 positions.
core.pack.interaction_graph.interaction_graph_factory: Instantiating DensePDInteractionGraph
protocols.relax.FastRelax: CMD: repack  -1118.05  0.240591  0.240591  0.30745
protocols.relax.FastRelax: CMD: scale:fa_rep  -1103.78  0.240591  0.240591  0.31955
protocols.relax.FastRelax: CMD: min  -1320.5  3.42359  3.42359  0.31955
protocols.relax.FastRelax: CMD: coord_cst_weight  -1320.5  3.42359  3.42359  0.31955
protocols.relax.FastRelax: CMD: scale:fa_rep  -1117.15  3.42359  3.42359  0.55
core.pack.task: Packer task: initialize from command line() 
core.pack.pack_rotamers: built 6882 rotamers at 492 positions.
core.pack.interaction_graph.interaction_graph_factory: Instantiating DensePDInteractionGraph
protocols.relax.FastRelax: CMD: repack  -1119.76  3.42359  3.42359  0.55
protocols.relax.FastRelax: CMD: min  -1169.13  3.71351  3.71351  0.55
protocols.relax.FastRelax: MRP: 10  -1169.13  -1188.1  3.58437  3.58437  
protocols.relax.FastRelax: CMD: accept_to_best  -1169.13  3.71351  3.71351  0.55
protocols.relax.FastRelax: CMD: endrepeat  -1169.13  3.71351  3.71351  0.55
protocols.relax.FastRelax: CMD: coord_cst_weight  64966.6  3.71351  3.71351  0.55
protocols.relax.FastRelax: CMD: scale:fa_rep  64642.4  3.71351  3.71351  0.022
core.pack.task: Packer task: initialize from command line() 
core.pack.pack_rotamers: built 7710 rotamers at 492 positions.
core.pack.interaction_graph.interaction_graph_factory: Instantiating DensePDInteractionGraph
protocols.relax.FastRelax: CMD: repack  64627  3.71351  3.71351  0.022
protocols.relax.FastRelax: CMD: scale:fa_rep  64633.8  3.71351  3.71351  0.02805
core.optimization.Minimizer: [ WARNING ] LBFGS MAX CYCLES 2000 EXCEEDED, BUT FUNC NOT CONVERGED!
protocols.relax.FastRelax: CMD: min  -1269.24  0.191056  0.191056  0.02805
protocols.relax.FastRelax: CMD: coord_cst_weight  -1342.75  0.191056  0.191056  0.02805
protocols.relax.FastRelax: CMD: scale:fa_rep  -987.967  0.191056  0.191056  0.14575
core.pack.task: Packer task: initialize from command line() 
core.pack.pack_rotamers: built 7327 rotamers at 492 positions.
core.pack.interaction_graph.interaction_graph_factory: Instantiating DensePDInteractionGraph
protocols.relax.FastRelax: CMD: repack  -1016.38  0.191056  0.191056  0.14575
protocols.relax.FastRelax: CMD: scale:fa_rep  -994.025  0.191056  0.191056  0.154
protocols.relax.FastRelax: CMD: min  -1174.68  0.243494  0.243494  0.154
protocols.relax.FastRelax: CMD: coord_cst_weight  -1296.31  0.243494  0.243494  0.154
protocols.relax.FastRelax: CMD: scale:fa_rep  -1113.04  0.243494  0.243494  0.30745
core.pack.task: Packer task: initialize from command line() 
core.pack.pack_rotamers: built 7082 rotamers at 492 positions.
core.pack.interaction_graph.interaction_graph_factory: Instantiating DensePDInteractionGraph
protocols.relax.FastRelax: CMD: repack  -1109.71  0.243494  0.243494  0.30745
protocols.relax.FastRelax: CMD: scale:fa_rep  -1095.24  0.243494  0.243494  0.31955
protocols.relax.FastRelax: CMD: min  -1302.6  3.41202  3.41202  0.31955
protocols.relax.FastRelax: CMD: coord_cst_weight  -1302.6  3.41202  3.41202  0.31955
protocols.relax.FastRelax: CMD: scale:fa_rep  -1097.35  3.41202  3.41202  0.55
core.pack.task: Packer task: initialize from command line() 
core.pack.pack_rotamers: built 6902 rotamers at 492 positions.
core.pack.interaction_graph.interaction_graph_factory: Instantiating DensePDInteractionGraph
protocols.relax.FastRelax: CMD: repack  -1097.98  3.41202  3.41202  0.55
protocols.relax.FastRelax: CMD: min  -1153.67  3.6856  3.6856  0.55
protocols.relax.FastRelax: MRP: 11  -1153.67  -1188.1  3.58437  3.58437  
protocols.relax.FastRelax: CMD: accept_to_best  -1153.67  3.6856  3.6856  0.55
protocols.relax.FastRelax: CMD: endrepeat  -1153.67  3.6856  3.6856  0.55
protocols.relax.FastRelax: CMD: coord_cst_weight  62676.8  3.6856  3.6856  0.55
protocols.relax.FastRelax: CMD: scale:fa_rep  62350  3.6856  3.6856  0.022
core.pack.task: Packer task: initialize from command line() 
core.pack.pack_rotamers: built 7682 rotamers at 492 positions.
core.pack.interaction_graph.interaction_graph_factory: Instantiating DensePDInteractionGraph
protocols.relax.FastRelax: CMD: repack  62329.8  3.6856  3.6856  0.022
protocols.relax.FastRelax: CMD: scale:fa_rep  62336.1  3.6856  3.6856  0.02805
core.optimization.Minimizer: [ WARNING ] LBFGS MAX CYCLES 2000 EXCEEDED, BUT FUNC NOT CONVERGED!
protocols.relax.FastRelax: CMD: min  -1269.87  0.191829  0.191829  0.02805
protocols.relax.FastRelax: CMD: coord_cst_weight  -1344.62  0.191829  0.191829  0.02805
protocols.relax.FastRelax: CMD: scale:fa_rep  -989.376  0.191829  0.191829  0.14575
core.pack.task: Packer task: initialize from command line() 
core.pack.pack_rotamers: built 7285 rotamers at 492 positions.
core.pack.interaction_graph.interaction_graph_factory: Instantiating DensePDInteractionGraph
protocols.relax.FastRelax: CMD: repack  -1015.08  0.191829  0.191829  0.14575
protocols.relax.FastRelax: CMD: scale:fa_rep  -992.446  0.191829  0.191829  0.154
protocols.relax.FastRelax: CMD: min  -1174.33  0.244605  0.244605  0.154
protocols.relax.FastRelax: CMD: coord_cst_weight  -1296.85  0.244605  0.244605  0.154
protocols.relax.FastRelax: CMD: scale:fa_rep  -1111.42  0.244605  0.244605  0.30745
core.pack.task: Packer task: initialize from command line() 
core.pack.pack_rotamers: built 7050 rotamers at 492 positions.
core.pack.interaction_graph.interaction_graph_factory: Instantiating DensePDInteractionGraph
protocols.relax.FastRelax: CMD: repack  -1112.35  0.244605  0.244605  0.30745
protocols.relax.FastRelax: CMD: scale:fa_rep  -1097.85  0.244605  0.244605  0.31955
protocols.relax.FastRelax: CMD: min  -1305.97  3.3953  3.3953  0.31955
protocols.relax.FastRelax: CMD: coord_cst_weight  -1305.97  3.3953  3.3953  0.31955
protocols.relax.FastRelax: CMD: scale:fa_rep  -1099.61  3.3953  3.3953  0.55
core.pack.task: Packer task: initialize from command line() 
core.pack.pack_rotamers: built 6933 rotamers at 492 positions.
core.pack.interaction_graph.interaction_graph_factory: Instantiating DensePDInteractionGraph
protocols.relax.FastRelax: CMD: repack  -1099.01  3.3953  3.3953  0.55
protocols.relax.FastRelax: CMD: min  -1155.75  3.77078  3.77078  0.55
protocols.relax.FastRelax: MRP: 12  -1155.75  -1188.1  3.58437  3.58437  
protocols.relax.FastRelax: CMD: accept_to_best  -1155.75  3.77078  3.77078  0.55
protocols.relax.FastRelax: CMD: endrepeat  -1155.75  3.77078  3.77078  0.55
protocols.relax.FastRelax: CMD: coord_cst_weight  64159.3  3.77078  3.77078  0.55
protocols.relax.FastRelax: CMD: scale:fa_rep  63833.1  3.77078  3.77078  0.022
core.pack.task: Packer task: initialize from command line() 
core.pack.pack_rotamers: built 7679 rotamers at 492 positions.
core.pack.interaction_graph.interaction_graph_factory: Instantiating DensePDInteractionGraph
protocols.relax.FastRelax: CMD: repack  63825.1  3.77078  3.77078  0.022
protocols.relax.FastRelax: CMD: scale:fa_rep  63834.9  3.77078  3.77078  0.02805
core.optimization.Minimizer: [ WARNING ] LBFGS MAX CYCLES 2000 EXCEEDED, BUT FUNC NOT CONVERGED!
protocols.relax.FastRelax: CMD: min  -1270.03  0.188582  0.188582  0.02805
protocols.relax.FastRelax: CMD: coord_cst_weight  -1342.49  0.188582  0.188582  0.02805
protocols.relax.FastRelax: CMD: scale:fa_rep  -964.479  0.188582  0.188582  0.14575
core.pack.task: Packer task: initialize from command line() 
core.pack.pack_rotamers: built 7288 rotamers at 492 positions.
core.pack.interaction_graph.interaction_graph_factory: Instantiating DensePDInteractionGraph
protocols.relax.FastRelax: CMD: repack  -1001.21  0.188582  0.188582  0.14575
protocols.relax.FastRelax: CMD: scale:fa_rep  -977.754  0.188582  0.188582  0.154
protocols.relax.FastRelax: CMD: min  -1171.98  0.24389  0.24389  0.154
protocols.relax.FastRelax: CMD: coord_cst_weight  -1293.36  0.24389  0.24389  0.154
protocols.relax.FastRelax: CMD: scale:fa_rep  -1104.08  0.24389  0.24389  0.30745
core.pack.task: Packer task: initialize from command line() 
core.pack.pack_rotamers: built 7035 rotamers at 492 positions.
core.pack.interaction_graph.interaction_graph_factory: Instantiating DensePDInteractionGraph
protocols.relax.FastRelax: CMD: repack  -1105.32  0.24389  0.24389  0.30745
protocols.relax.FastRelax: CMD: scale:fa_rep  -1090.58  0.24389  0.24389  0.31955
protocols.relax.FastRelax: CMD: min  -1305.17  3.28547  3.28547  0.31955
protocols.relax.FastRelax: CMD: coord_cst_weight  -1305.17  3.28547  3.28547  0.31955
protocols.relax.FastRelax: CMD: scale:fa_rep  -1096.82  3.28547  3.28547  0.55
core.pack.task: Packer task: initialize from command line() 
core.pack.pack_rotamers: built 6917 rotamers at 492 positions.
core.pack.interaction_graph.interaction_graph_factory: Instantiating DensePDInteractionGraph
protocols.relax.FastRelax: CMD: repack  -1099.06  3.28547  3.28547  0.55
protocols.relax.FastRelax: CMD: min  -1145.86  3.32819  3.32819  0.55
protocols.relax.FastRelax: MRP: 13  -1145.86  -1188.1  3.58437  3.58437  
protocols.relax.FastRelax: CMD: accept_to_best  -1145.86  3.32819  3.32819  0.55
protocols.relax.FastRelax: CMD: endrepeat  -1145.86  3.32819  3.32819  0.55
protocols.relax.FastRelax: CMD: coord_cst_weight  45147.8  3.32819  3.32819  0.55
protocols.relax.FastRelax: CMD: scale:fa_rep  44815.1  3.32819  3.32819  0.022
core.pack.task: Packer task: initialize from command line() 
core.pack.pack_rotamers: built 7686 rotamers at 492 positions.
core.pack.interaction_graph.interaction_graph_factory: Instantiating DensePDInteractionGraph
protocols.relax.FastRelax: CMD: repack  44792.6  3.32819  3.32819  0.022
protocols.relax.FastRelax: CMD: scale:fa_rep  44799  3.32819  3.32819  0.02805
core.optimization.Minimizer: [ WARNING ] LBFGS MAX CYCLES 2000 EXCEEDED, BUT FUNC NOT CONVERGED!
protocols.relax.FastRelax: CMD: min  -1277.55  0.190766  0.190766  0.02805
protocols.relax.FastRelax: CMD: coord_cst_weight  -1351.71  0.190766  0.190766  0.02805
protocols.relax.FastRelax: CMD: scale:fa_rep  -995.616  0.190766  0.190766  0.14575
core.pack.task: Packer task: initialize from command line() 
core.pack.pack_rotamers: built 7261 rotamers at 492 positions.
core.pack.interaction_graph.interaction_graph_factory: Instantiating DensePDInteractionGraph
protocols.relax.FastRelax: CMD: repack  -1017.92  0.190766  0.190766  0.14575
protocols.relax.FastRelax: CMD: scale:fa_rep  -995.478  0.190766  0.190766  0.154
protocols.relax.FastRelax: CMD: min  -1168.84  0.243578  0.243578  0.154
protocols.relax.FastRelax: CMD: coord_cst_weight  -1290.42  0.243578  0.243578  0.154
protocols.relax.FastRelax: CMD: scale:fa_rep  -1104.56  0.243578  0.243578  0.30745
core.pack.task: Packer task: initialize from command line() 
core.pack.pack_rotamers: built 7055 rotamers at 492 positions.
core.pack.interaction_graph.interaction_graph_factory: Instantiating DensePDInteractionGraph
protocols.relax.FastRelax: CMD: repack  -1105.66  0.243578  0.243578  0.30745
protocols.relax.FastRelax: CMD: scale:fa_rep  -1091.1  0.243578  0.243578  0.31955
protocols.relax.FastRelax: CMD: min  -1311.33  3.44704  3.44704  0.31955
protocols.relax.FastRelax: CMD: coord_cst_weight  -1311.33  3.44704  3.44704  0.31955
protocols.relax.FastRelax: CMD: scale:fa_rep  -1105.82  3.44704  3.44704  0.55
core.pack.task: Packer task: initialize from command line() 
core.pack.pack_rotamers: built 6881 rotamers at 492 positions.
core.pack.interaction_graph.interaction_graph_factory: Instantiating DensePDInteractionGraph
protocols.relax.FastRelax: CMD: repack  -1106.26  3.44704  3.44704  0.55
protocols.relax.FastRelax: CMD: min  -1157.22  3.67395  3.67395  0.55
protocols.relax.FastRelax: MRP: 14  -1157.22  -1188.1  3.58437  3.58437  
protocols.relax.FastRelax: CMD: accept_to_best  -1157.22  3.67395  3.67395  0.55
protocols.relax.FastRelax: CMD: endrepeat  -1157.22  3.67395  3.67395  0.55
protocols::checkpoint: Deleting checkpoints of FastRelax
protocols.jd2.JobDistributor: target.BL00010001_2_0005 reported success in 14555 seconds
protocols.jd2.PDBJobInputter: PDBJobInputter::pose_from_job
protocols.jd2.PDBJobInputter: filling pose from PDB ../1-modeller/target.BL00010001.pdb
core.import_pose.import_pose: File '../1-modeller/target.BL00010001.pdb' automatically determined to be of type PDB from contents.
core.io.rcsb.ExperimentalTechnique: [ ERROR ] Unrecognized experimental technique string 'THEORETICAL MODEL, MODELLER 10.8 2026/08/10 16:18:02'
protocols.relax.FastRelax: CMD: repeat  4476.34  0  0  0.55
protocols.relax.FastRelax: CMD: coord_cst_weight  4476.34  0  0  0.55
protocols.relax.FastRelax: CMD: scale:fa_rep  806.987  0  0  0.022
core.pack.task: Packer task: initialize from command line() 
core.pack.pack_rotamers: built 8129 rotamers at 492 positions.
core.pack.interaction_graph.interaction_graph_factory: Instantiating DensePDInteractionGraph
protocols.relax.FastRelax: CMD: repack  -880.393  0  0  0.022
protocols.relax.FastRelax: CMD: scale:fa_rep  -842.612  0  0  0.02805
core.optimization.Minimizer: [ WARNING ] LBFGS MAX CYCLES 2000 EXCEEDED, BUT FUNC NOT CONVERGED!
protocols.relax.FastRelax: CMD: min  -1293.78  0.148498  0.148498  0.02805
protocols.relax.FastRelax: CMD: coord_cst_weight  -1340.76  0.148498  0.148498  0.02805
protocols.relax.FastRelax: CMD: scale:fa_rep  -943.028  0.148498  0.148498  0.14575
core.pack.task: Packer task: initialize from command line() 
core.pack.pack_rotamers: built 7424 rotamers at 492 positions.
core.pack.interaction_graph.interaction_graph_factory: Instantiating DensePDInteractionGraph
protocols.relax.FastRelax: CMD: repack  -976.17  0.148498  0.148498  0.14575
protocols.relax.FastRelax: CMD: scale:fa_rep  -953.865  0.148498  0.148498  0.154
protocols.relax.FastRelax: CMD: min  -1148.67  0.203987  0.203987  0.154
protocols.relax.FastRelax: CMD: coord_cst_weight  -1238.55  0.203987  0.203987  0.154
protocols.relax.FastRelax: CMD: scale:fa_rep  -1046.2  0.203987  0.203987  0.30745
core.pack.task: Packer task: initialize from command line() 
core.pack.pack_rotamers: built 7234 rotamers at 492 positions.
core.pack.interaction_graph.interaction_graph_factory: Instantiating DensePDInteractionGraph
protocols.relax.FastRelax: CMD: repack  -1049.6  0.203987  0.203987  0.30745
protocols.relax.FastRelax: CMD: scale:fa_rep  -1034.66  0.203987  0.203987  0.31955
protocols.relax.FastRelax: CMD: min  -1228.73  3.01278  3.01278  0.31955
protocols.relax.FastRelax: CMD: coord_cst_weight  -1228.73  3.01278  3.01278  0.31955
protocols.relax.FastRelax: CMD: scale:fa_rep  -1020.49  3.01278  3.01278  0.55
core.pack.task: Packer task: initialize from command line() 
core.pack.pack_rotamers: built 7104 rotamers at 492 positions.
core.pack.interaction_graph.interaction_graph_factory: Instantiating DensePDInteractionGraph
protocols.relax.FastRelax: CMD: repack  -1027.87  3.01278  3.01278  0.55
protocols.relax.FastRelax: CMD: min  -1093.03  3.4241  3.4241  0.55
protocols.relax.FastRelax: MRP: 0  -1093.03  -1093.03  3.4241  3.4241  
protocols.relax.FastRelax: CMD: accept_to_best  -1093.03  3.4241  3.4241  0.55
protocols.relax.FastRelax: CMD: endrepeat  -1093.03  3.4241  3.4241  0.55
protocols.relax.FastRelax: CMD: coord_cst_weight  93004.1  3.4241  3.4241  0.55
protocols.relax.FastRelax: CMD: scale:fa_rep  92671.2  3.4241  3.4241  0.022
core.pack.task: Packer task: initialize from command line() 
core.pack.pack_rotamers: built 7846 rotamers at 492 positions.
core.pack.interaction_graph.interaction_graph_factory: Instantiating DensePDInteractionGraph
protocols.relax.FastRelax: CMD: repack  92642  3.4241  3.4241  0.022
protocols.relax.FastRelax: CMD: scale:fa_rep  92652.7  3.4241  3.4241  0.02805
core.optimization.Minimizer: [ WARNING ] LBFGS MAX CYCLES 2000 EXCEEDED, BUT FUNC NOT CONVERGED!
protocols.relax.FastRelax: CMD: min  -1250.56  0.174312  0.174312  0.02805
protocols.relax.FastRelax: CMD: coord_cst_weight  -1316.08  0.174312  0.174312  0.02805
protocols.relax.FastRelax: CMD: scale:fa_rep  -966.994  0.174312  0.174312  0.14575
core.pack.task: Packer task: initialize from command line() 
core.pack.pack_rotamers: built 7403 rotamers at 492 positions.
core.pack.interaction_graph.interaction_graph_factory: Instantiating DensePDInteractionGraph
protocols.relax.FastRelax: CMD: repack  -998.665  0.174312  0.174312  0.14575
protocols.relax.FastRelax: CMD: scale:fa_rep  -977.772  0.174312  0.174312  0.154
protocols.relax.FastRelax: CMD: min  -1159.38  0.217875  0.217875  0.154
protocols.relax.FastRelax: CMD: coord_cst_weight  -1263.7  0.217875  0.217875  0.154
protocols.relax.FastRelax: CMD: scale:fa_rep  -1080.24  0.217875  0.217875  0.30745
core.pack.task: Packer task: initialize from command line() 
core.pack.pack_rotamers: built 7168 rotamers at 492 positions.
core.pack.interaction_graph.interaction_graph_factory: Instantiating DensePDInteractionGraph
protocols.relax.FastRelax: CMD: repack  -1079.19  0.217875  0.217875  0.30745
protocols.relax.FastRelax: CMD: scale:fa_rep  -1065.1  0.217875  0.217875  0.31955
protocols.relax.FastRelax: CMD: min  -1268.49  3.79346  3.79346  0.31955
protocols.relax.FastRelax: CMD: coord_cst_weight  -1268.49  3.79346  3.79346  0.31955
protocols.relax.FastRelax: CMD: scale:fa_rep  -1057.62  3.79346  3.79346  0.55
core.pack.task: Packer task: initialize from command line() 
core.pack.pack_rotamers: built 6980 rotamers at 492 positions.
core.pack.interaction_graph.interaction_graph_factory: Instantiating DensePDInteractionGraph
protocols.relax.FastRelax: CMD: repack  -1060.91  3.79346  3.79346  0.55
protocols.relax.FastRelax: CMD: min  -1118.85  3.67722  3.67722  0.55
protocols.relax.FastRelax: MRP: 1  -1118.85  -1118.85  3.67722  3.67722  
protocols.relax.FastRelax: CMD: accept_to_best  -1118.85  3.67722  3.67722  0.55
protocols.relax.FastRelax: CMD: endrepeat  -1118.85  3.67722  3.67722  0.55
protocols.relax.FastRelax: CMD: coord_cst_weight  115190  3.67722  3.67722  0.55
protocols.relax.FastRelax: CMD: scale:fa_rep  114854  3.67722  3.67722  0.022
core.pack.task: Packer task: initialize from command line() 
core.pack.pack_rotamers: built 7750 rotamers at 492 positions.
core.pack.interaction_graph.interaction_graph_factory: Instantiating DensePDInteractionGraph
protocols.relax.FastRelax: CMD: repack  114837  3.67722  3.67722  0.022
protocols.relax.FastRelax: CMD: scale:fa_rep  114843  3.67722  3.67722  0.02805
core.optimization.Minimizer: [ WARNING ] LBFGS MAX CYCLES 2000 EXCEEDED, BUT FUNC NOT CONVERGED!
protocols.relax.FastRelax: CMD: min  -1232.33  0.182654  0.182654  0.02805
protocols.relax.FastRelax: CMD: coord_cst_weight  -1306.68  0.182654  0.182654  0.02805
protocols.relax.FastRelax: CMD: scale:fa_rep  -989.882  0.182654  0.182654  0.14575
core.pack.task: Packer task: initialize from command line() 
core.pack.pack_rotamers: built 7359 rotamers at 492 positions.
core.pack.interaction_graph.interaction_graph_factory: Instantiating DensePDInteractionGraph
protocols.relax.FastRelax: CMD: repack  -1017.42  0.182654  0.182654  0.14575
protocols.relax.FastRelax: CMD: scale:fa_rep  -997.331  0.182654  0.182654  0.154
protocols.relax.FastRelax: CMD: min  -1165.5  0.221339  0.221339  0.154
protocols.relax.FastRelax: CMD: coord_cst_weight  -1273.77  0.221339  0.221339  0.154
protocols.relax.FastRelax: CMD: scale:fa_rep  -1093.81  0.221339  0.221339  0.30745
core.pack.task: Packer task: initialize from command line() 
core.pack.pack_rotamers: built 7159 rotamers at 492 positions.
core.pack.interaction_graph.interaction_graph_factory: Instantiating DensePDInteractionGraph
protocols.relax.FastRelax: CMD: repack  -1095.85  0.221339  0.221339  0.30745
protocols.relax.FastRelax: CMD: scale:fa_rep  -1081.76  0.221339  0.221339  0.31955
protocols.relax.FastRelax: CMD: min  -1279.45  3.21677  3.21677  0.31955
protocols.relax.FastRelax: CMD: coord_cst_weight  -1279.45  3.21677  3.21677  0.31955
protocols.relax.FastRelax: CMD: scale:fa_rep  -1071.58  3.21677  3.21677  0.55
core.pack.task: Packer task: initialize from command line() 
core.pack.pack_rotamers: built 6937 rotamers at 492 positions.
core.pack.interaction_graph.interaction_graph_factory: Instantiating DensePDInteractionGraph
protocols.relax.FastRelax: CMD: repack  -1072.97  3.21677  3.21677  0.55
protocols.relax.FastRelax: CMD: min  -1120.77  3.3031  3.3031  0.55
protocols.relax.FastRelax: MRP: 2  -1120.77  -1120.77  3.3031  3.3031  
protocols.relax.FastRelax: CMD: accept_to_best  -1120.77  3.3031  3.3031  0.55
protocols.relax.FastRelax: CMD: endrepeat  -1120.77  3.3031  3.3031  0.55
protocols.relax.FastRelax: CMD: coord_cst_weight  70175.2  3.3031  3.3031  0.55
protocols.relax.FastRelax: CMD: scale:fa_rep  69843.6  3.3031  3.3031  0.022
core.pack.task: Packer task: initialize from command line() 
core.pack.pack_rotamers: built 7805 rotamers at 492 positions.
core.pack.interaction_graph.interaction_graph_factory: Instantiating DensePDInteractionGraph
protocols.relax.FastRelax: CMD: repack  69833.9  3.3031  3.3031  0.022
protocols.relax.FastRelax: CMD: scale:fa_rep  69843.5  3.3031  3.3031  0.02805
core.optimization.Minimizer: [ WARNING ] LBFGS MAX CYCLES 2000 EXCEEDED, BUT FUNC NOT CONVERGED!
protocols.relax.FastRelax: CMD: min  -1258.12  0.178199  0.178199  0.02805
protocols.relax.FastRelax: CMD: coord_cst_weight  -1329.44  0.178199  0.178199  0.02805
protocols.relax.FastRelax: CMD: scale:fa_rep  -995.422  0.178199  0.178199  0.14575
core.pack.task: Packer task: initialize from command line() 
core.pack.pack_rotamers: built 7366 rotamers at 492 positions.
core.pack.interaction_graph.interaction_graph_factory: Instantiating DensePDInteractionGraph
protocols.relax.FastRelax: CMD: repack  -1036.53  0.178199  0.178199  0.14575
protocols.relax.FastRelax: CMD: scale:fa_rep  -1016.58  0.178199  0.178199  0.154
protocols.relax.FastRelax: CMD: min  -1174.89  0.223796  0.223796  0.154
protocols.relax.FastRelax: CMD: coord_cst_weight  -1285.72  0.223796  0.223796  0.154
protocols.relax.FastRelax: CMD: scale:fa_rep  -1104.5  0.223796  0.223796  0.30745
core.pack.task: Packer task: initialize from command line() 
core.pack.pack_rotamers: built 7180 rotamers at 492 positions.
core.pack.interaction_graph.interaction_graph_factory: Instantiating DensePDInteractionGraph
protocols.relax.FastRelax: CMD: repack  -1104.68  0.223796  0.223796  0.30745
protocols.relax.FastRelax: CMD: scale:fa_rep  -1090.62  0.223796  0.223796  0.31955
protocols.relax.FastRelax: CMD: min  -1282.11  2.86963  2.86963  0.31955
protocols.relax.FastRelax: CMD: coord_cst_weight  -1282.11  2.86963  2.86963  0.31955
protocols.relax.FastRelax: CMD: scale:fa_rep  -1075.23  2.86963  2.86963  0.55
core.pack.task: Packer task: initialize from command line() 
core.pack.pack_rotamers: built 6952 rotamers at 492 positions.
core.pack.interaction_graph.interaction_graph_factory: Instantiating DensePDInteractionGraph
protocols.relax.FastRelax: CMD: repack  -1070.28  2.86963  2.86963  0.55
protocols.relax.FastRelax: CMD: min  -1134.09  2.89223  2.89223  0.55
protocols.relax.FastRelax: MRP: 3  -1134.09  -1134.09  2.89223  2.89223  
protocols.relax.FastRelax: CMD: accept_to_best  -1134.09  2.89223  2.89223  0.55
protocols.relax.FastRelax: CMD: endrepeat  -1134.09  2.89223  2.89223  0.55
protocols.relax.FastRelax: CMD: coord_cst_weight  76188.6  2.89223  2.89223  0.55
protocols.relax.FastRelax: CMD: scale:fa_rep  75860.7  2.89223  2.89223  0.022
core.pack.task: Packer task: initialize from command line() 
core.pack.pack_rotamers: built 7663 rotamers at 492 positions.
core.pack.interaction_graph.interaction_graph_factory: Instantiating DensePDInteractionGraph
protocols.relax.FastRelax: CMD: repack  75841.6  2.89223  2.89223  0.022
protocols.relax.FastRelax: CMD: scale:fa_rep  75849.1  2.89223  2.89223  0.02805
core.optimization.Minimizer: [ WARNING ] LBFGS MAX CYCLES 2000 EXCEEDED, BUT FUNC NOT CONVERGED!
protocols.relax.FastRelax: CMD: min  -1244.18  0.18261  0.18261  0.02805
protocols.relax.FastRelax: CMD: coord_cst_weight  -1318.41  0.18261  0.18261  0.02805
protocols.relax.FastRelax: CMD: scale:fa_rep  -979.507  0.18261  0.18261  0.14575
core.pack.task: Packer task: initialize from command line() 
core.pack.pack_rotamers: built 7364 rotamers at 492 positions.
core.pack.interaction_graph.interaction_graph_factory: Instantiating DensePDInteractionGraph
protocols.relax.FastRelax: CMD: repack  -1018.31  0.18261  0.18261  0.14575
protocols.relax.FastRelax: CMD: scale:fa_rep  -997.639  0.18261  0.18261  0.154
protocols.relax.FastRelax: CMD: min  -1183.41  0.221595  0.221595  0.154
protocols.relax.FastRelax: CMD: coord_cst_weight  -1292.9  0.221595  0.221595  0.154
protocols.relax.FastRelax: CMD: scale:fa_rep  -1113.05  0.221595  0.221595  0.30745
core.pack.task: Packer task: initialize from command line() 
core.pack.pack_rotamers: built 7126 rotamers at 492 positions.
core.pack.interaction_graph.interaction_graph_factory: Instantiating DensePDInteractionGraph
protocols.relax.FastRelax: CMD: repack  -1115.55  0.221595  0.221595  0.30745
protocols.relax.FastRelax: CMD: scale:fa_rep  -1101.63  0.221595  0.221595  0.31955
protocols.relax.FastRelax: CMD: min  -1288.39  3.03344  3.03344  0.31955
protocols.relax.FastRelax: CMD: coord_cst_weight  -1288.39  3.03344  3.03344  0.31955
protocols.relax.FastRelax: CMD: scale:fa_rep  -1081.39  3.03344  3.03344  0.55
core.pack.task: Packer task: initialize from command line() 
core.pack.pack_rotamers: built 6985 rotamers at 492 positions.
core.pack.interaction_graph.interaction_graph_factory: Instantiating DensePDInteractionGraph
protocols.relax.FastRelax: CMD: repack  -1083.22  3.03344  3.03344  0.55
protocols.relax.FastRelax: CMD: min  -1139.08  3.34804  3.34804  0.55
protocols.relax.FastRelax: MRP: 4  -1139.08  -1139.08  3.34804  3.34804  
protocols.relax.FastRelax: CMD: accept_to_best  -1139.08  3.34804  3.34804  0.55
protocols.relax.FastRelax: CMD: endrepeat  -1139.08  3.34804  3.34804  0.55
protocols.relax.FastRelax: CMD: coord_cst_weight  50410.7  3.34804  3.34804  0.55
protocols.relax.FastRelax: CMD: scale:fa_rep  50084  3.34804  3.34804  0.022
core.pack.task: Packer task: initialize from command line() 
core.pack.pack_rotamers: built 7640 rotamers at 492 positions.
core.pack.interaction_graph.interaction_graph_factory: Instantiating DensePDInteractionGraph
protocols.relax.FastRelax: CMD: repack  50068.1  3.34804  3.34804  0.022
protocols.relax.FastRelax: CMD: scale:fa_rep  50076  3.34804  3.34804  0.02805
core.optimization.Minimizer: [ WARNING ] LBFGS MAX CYCLES 2000 EXCEEDED, BUT FUNC NOT CONVERGED!
protocols.relax.FastRelax: CMD: min  -1264.61  0.181888  0.181888  0.02805
protocols.relax.FastRelax: CMD: coord_cst_weight  -1338.33  0.181888  0.181888  0.02805
protocols.relax.FastRelax: CMD: scale:fa_rep  -1014.84  0.181888  0.181888  0.14575
core.pack.task: Packer task: initialize from command line() 
core.pack.pack_rotamers: built 7352 rotamers at 492 positions.
core.pack.interaction_graph.interaction_graph_factory: Instantiating DensePDInteractionGraph
protocols.relax.FastRelax: CMD: repack  -1042.46  0.181888  0.181888  0.14575
protocols.relax.FastRelax: CMD: scale:fa_rep  -1021.87  0.181888  0.181888  0.154
protocols.relax.FastRelax: CMD: min  -1187.26  0.223558  0.223558  0.154
protocols.relax.FastRelax: CMD: coord_cst_weight  -1298.44  0.223558  0.223558  0.154
protocols.relax.FastRelax: CMD: scale:fa_rep  -1117.2  0.223558  0.223558  0.30745
core.pack.task: Packer task: initialize from command line() 
core.pack.pack_rotamers: built 7128 rotamers at 492 positions.
core.pack.interaction_graph.interaction_graph_factory: Instantiating DensePDInteractionGraph
protocols.relax.FastRelax: CMD: repack  -1119.42  0.223558  0.223558  0.30745
protocols.relax.FastRelax: CMD: scale:fa_rep  -1105.42  0.223558  0.223558  0.31955
protocols.relax.FastRelax: CMD: min  -1290.34  3.16253  3.16253  0.31955
protocols.relax.FastRelax: CMD: coord_cst_weight  -1290.34  3.16253  3.16253  0.31955
protocols.relax.FastRelax: CMD: scale:fa_rep  -1083.77  3.16253  3.16253  0.55
core.pack.task: Packer task: initialize from command line() 
core.pack.pack_rotamers: built 7014 rotamers at 492 positions.
core.pack.interaction_graph.interaction_graph_factory: Instantiating DensePDInteractionGraph
protocols.relax.FastRelax: CMD: repack  -1084.55  3.16253  3.16253  0.55
protocols.relax.FastRelax: CMD: min  -1133.87  3.01394  3.01394  0.55
protocols.relax.FastRelax: MRP: 5  -1133.87  -1139.08  3.34804  3.34804  
protocols.relax.FastRelax: CMD: accept_to_best  -1133.87  3.01394  3.01394  0.55
protocols.relax.FastRelax: CMD: endrepeat  -1133.87  3.01394  3.01394  0.55
protocols.relax.FastRelax: CMD: coord_cst_weight  57007.7  3.01394  3.01394  0.55
protocols.relax.FastRelax: CMD: scale:fa_rep  56679  3.01394  3.01394  0.022
core.pack.task: Packer task: initialize from command line() 
core.pack.pack_rotamers: built 7764 rotamers at 492 positions.
core.pack.interaction_graph.interaction_graph_factory: Instantiating DensePDInteractionGraph
protocols.relax.FastRelax: CMD: repack  56654.2  3.01394  3.01394  0.022
protocols.relax.FastRelax: CMD: scale:fa_rep  56660.6  3.01394  3.01394  0.02805
core.optimization.Minimizer: [ WARNING ] LBFGS MAX CYCLES 2000 EXCEEDED, BUT FUNC NOT CONVERGED!
protocols.relax.FastRelax: CMD: min  -1274.51  0.177776  0.177776  0.02805
protocols.relax.FastRelax: CMD: coord_cst_weight  -1345.2  0.177776  0.177776  0.02805
protocols.relax.FastRelax: CMD: scale:fa_rep  -1029.63  0.177776  0.177776  0.14575
core.pack.task: Packer task: initialize from command line() 
core.pack.pack_rotamers: built 7305 rotamers at 492 positions.
core.pack.interaction_graph.interaction_graph_factory: Instantiating DensePDInteractionGraph
protocols.relax.FastRelax: CMD: repack  -1056.4  0.177776  0.177776  0.14575
protocols.relax.FastRelax: CMD: scale:fa_rep  -1035.82  0.177776  0.177776  0.154
protocols.relax.FastRelax: CMD: min  -1195.56  0.222849  0.222849  0.154
protocols.relax.FastRelax: CMD: coord_cst_weight  -1304.96  0.222849  0.222849  0.154
protocols.relax.FastRelax: CMD: scale:fa_rep  -1123.27  0.222849  0.222849  0.30745
core.pack.task: Packer task: initialize from command line() 
core.pack.pack_rotamers: built 7100 rotamers at 492 positions.
core.pack.interaction_graph.interaction_graph_factory: Instantiating DensePDInteractionGraph
protocols.relax.FastRelax: CMD: repack  -1123.82  0.222849  0.222849  0.30745
protocols.relax.FastRelax: CMD: scale:fa_rep  -1109.82  0.222849  0.222849  0.31955
protocols.relax.FastRelax: CMD: min  -1294.26  2.87692  2.87692  0.31955
protocols.relax.FastRelax: CMD: coord_cst_weight  -1294.26  2.87692  2.87692  0.31955
protocols.relax.FastRelax: CMD: scale:fa_rep  -1085.51  2.87692  2.87692  0.55
core.pack.task: Packer task: initialize from command line() 
core.pack.pack_rotamers: built 6946 rotamers at 492 positions.
core.pack.interaction_graph.interaction_graph_factory: Instantiating DensePDInteractionGraph
protocols.relax.FastRelax: CMD: repack  -1086.66  2.87692  2.87692  0.55
protocols.relax.FastRelax: CMD: min  -1137.81  3.45336  3.45336  0.55
protocols.relax.FastRelax: MRP: 6  -1137.81  -1139.08  3.34804  3.34804  
protocols.relax.FastRelax: CMD: accept_to_best  -1137.81  3.45336  3.45336  0.55
protocols.relax.FastRelax: CMD: endrepeat  -1137.81  3.45336  3.45336  0.55
protocols.relax.FastRelax: CMD: coord_cst_weight  63980.9  3.45336  3.45336  0.55
protocols.relax.FastRelax: CMD: scale:fa_rep  63649.5  3.45336  3.45336  0.022
core.pack.task: Packer task: initialize from command line() 
core.pack.pack_rotamers: built 7668 rotamers at 492 positions.
core.pack.interaction_graph.interaction_graph_factory: Instantiating DensePDInteractionGraph
protocols.relax.FastRelax: CMD: repack  63637.4  3.45336  3.45336  0.022
protocols.relax.FastRelax: CMD: scale:fa_rep  63643.8  3.45336  3.45336  0.02805
core.optimization.Minimizer: [ WARNING ] LBFGS MAX CYCLES 2000 EXCEEDED, BUT FUNC NOT CONVERGED!
protocols.relax.FastRelax: CMD: min  -1261.78  0.183641  0.183641  0.02805
protocols.relax.FastRelax: CMD: coord_cst_weight  -1336.94  0.183641  0.183641  0.02805
protocols.relax.FastRelax: CMD: scale:fa_rep  -1014.97  0.183641  0.183641  0.14575
core.pack.task: Packer task: initialize from command line() 
core.pack.pack_rotamers: built 7342 rotamers at 492 positions.
core.pack.interaction_graph.interaction_graph_factory: Instantiating DensePDInteractionGraph
protocols.relax.FastRelax: CMD: repack  -1049.65  0.183641  0.183641  0.14575
protocols.relax.FastRelax: CMD: scale:fa_rep  -1029.31  0.183641  0.183641  0.154
protocols.relax.FastRelax: CMD: min  -1196.69  0.224122  0.224122  0.154
protocols.relax.FastRelax: CMD: coord_cst_weight  -1307.1  0.224122  0.224122  0.154
protocols.relax.FastRelax: CMD: scale:fa_rep  -1127.51  0.224122  0.224122  0.30745
core.pack.task: Packer task: initialize from command line() 
core.pack.pack_rotamers: built 7133 rotamers at 492 positions.
core.pack.interaction_graph.interaction_graph_factory: Instantiating DensePDInteractionGraph
protocols.relax.FastRelax: CMD: repack  -1129.41  0.224122  0.224122  0.30745
protocols.relax.FastRelax: CMD: scale:fa_rep  -1115.57  0.224122  0.224122  0.31955
protocols.relax.FastRelax: CMD: min  -1298.4  3.51383  3.51383  0.31955
protocols.relax.FastRelax: CMD: coord_cst_weight  -1298.4  3.51383  3.51383  0.31955
protocols.relax.FastRelax: CMD: scale:fa_rep  -1089.32  3.51383  3.51383  0.55
core.pack.task: Packer task: initialize from command line() 
core.pack.pack_rotamers: built 6919 rotamers at 492 positions.
core.pack.interaction_graph.interaction_graph_factory: Instantiating DensePDInteractionGraph
protocols.relax.FastRelax: CMD: repack  -1090.97  3.51383  3.51383  0.55
protocols.relax.FastRelax: CMD: min  -1141.45  3.64242  3.64242  0.55
protocols.relax.FastRelax: MRP: 7  -1141.45  -1141.45  3.64242  3.64242  
protocols.relax.FastRelax: CMD: accept_to_best  -1141.45  3.64242  3.64242  0.55
protocols.relax.FastRelax: CMD: endrepeat  -1141.45  3.64242  3.64242  0.55
protocols.relax.FastRelax: CMD: coord_cst_weight  62604.8  3.64242  3.64242  0.55
protocols.relax.FastRelax: CMD: scale:fa_rep  62273.9  3.64242  3.64242  0.022
core.pack.task: Packer task: initialize from command line() 
core.pack.pack_rotamers: built 7644 rotamers at 492 positions.
core.pack.interaction_graph.interaction_graph_factory: Instantiating DensePDInteractionGraph
protocols.relax.FastRelax: CMD: repack  62273.6  3.64242  3.64242  0.022
protocols.relax.FastRelax: CMD: scale:fa_rep  62284.6  3.64242  3.64242  0.02805
core.optimization.Minimizer: [ WARNING ] LBFGS MAX CYCLES 2000 EXCEEDED, BUT FUNC NOT CONVERGED!
protocols.relax.FastRelax: CMD: min  -1260.89  0.182566  0.182566  0.02805
protocols.relax.FastRelax: CMD: coord_cst_weight  -1334.4  0.182566  0.182566  0.02805
protocols.relax.FastRelax: CMD: scale:fa_rep  -986.71  0.182566  0.182566  0.14575
core.pack.task: Packer task: initialize from command line() 
core.pack.pack_rotamers: built 7260 rotamers at 492 positions.
core.pack.interaction_graph.interaction_graph_factory: Instantiating DensePDInteractionGraph
protocols.relax.FastRelax: CMD: repack  -1047.12  0.182566  0.182566  0.14575
protocols.relax.FastRelax: CMD: scale:fa_rep  -1026.76  0.182566  0.182566  0.154
protocols.relax.FastRelax: CMD: min  -1196.26  0.22703  0.22703  0.154
protocols.relax.FastRelax: CMD: coord_cst_weight  -1308.99  0.22703  0.22703  0.154
protocols.relax.FastRelax: CMD: scale:fa_rep  -1128.54  0.22703  0.22703  0.30745
core.pack.task: Packer task: initialize from command line() 
core.pack.pack_rotamers: built 7148 rotamers at 492 positions.
core.pack.interaction_graph.interaction_graph_factory: Instantiating DensePDInteractionGraph
protocols.relax.FastRelax: CMD: repack  -1130.14  0.22703  0.22703  0.30745
protocols.relax.FastRelax: CMD: scale:fa_rep  -1116.23  0.22703  0.22703  0.31955
protocols.relax.FastRelax: CMD: min  -1296.96  3.35696  3.35696  0.31955
protocols.relax.FastRelax: CMD: coord_cst_weight  -1296.96  3.35696  3.35696  0.31955
protocols.relax.FastRelax: CMD: scale:fa_rep  -1087.97  3.35696  3.35696  0.55
core.pack.task: Packer task: initialize from command line() 
core.pack.pack_rotamers: built 6926 rotamers at 492 positions.
core.pack.interaction_graph.interaction_graph_factory: Instantiating DensePDInteractionGraph
protocols.relax.FastRelax: CMD: repack  -1090.05  3.35696  3.35696  0.55
protocols.relax.FastRelax: CMD: min  -1138.87  3.45749  3.45749  0.55
protocols.relax.FastRelax: MRP: 8  -1138.87  -1141.45  3.64242  3.64242  
protocols.relax.FastRelax: CMD: accept_to_best  -1138.87  3.45749  3.45749  0.55
protocols.relax.FastRelax: CMD: endrepeat  -1138.87  3.45749  3.45749  0.55
protocols.relax.FastRelax: CMD: coord_cst_weight  58786.7  3.45749  3.45749  0.55
protocols.relax.FastRelax: CMD: scale:fa_rep  58455.1  3.45749  3.45749  0.022
core.pack.task: Packer task: initialize from command line() 
core.pack.pack_rotamers: built 7678 rotamers at 492 positions.
core.pack.interaction_graph.interaction_graph_factory: Instantiating DensePDInteractionGraph
protocols.relax.FastRelax: CMD: repack  58441.2  3.45749  3.45749  0.022
protocols.relax.FastRelax: CMD: scale:fa_rep  58449.5  3.45749  3.45749  0.02805
core.optimization.Minimizer: [ WARNING ] LBFGS MAX CYCLES 2000 EXCEEDED, BUT FUNC NOT CONVERGED!
protocols.relax.FastRelax: CMD: min  -1281.3  0.180345  0.180345  0.02805
protocols.relax.FastRelax: CMD: coord_cst_weight  -1352.49  0.180345  0.180345  0.02805
protocols.relax.FastRelax: CMD: scale:fa_rep  -1029.11  0.180345  0.180345  0.14575
core.pack.task: Packer task: initialize from command line() 
core.pack.pack_rotamers: built 7298 rotamers at 492 positions.
core.pack.interaction_graph.interaction_graph_factory: Instantiating DensePDInteractionGraph
protocols.relax.FastRelax: CMD: repack  -1061.56  0.180345  0.180345  0.14575
protocols.relax.FastRelax: CMD: scale:fa_rep  -1041.26  0.180345  0.180345  0.154
protocols.relax.FastRelax: CMD: min  -1198.45  0.226439  0.226439  0.154
protocols.relax.FastRelax: CMD: coord_cst_weight  -1309.96  0.226439  0.226439  0.154
protocols.relax.FastRelax: CMD: scale:fa_rep  -1127.82  0.226439  0.226439  0.30745
core.pack.task: Packer task: initialize from command line() 
core.pack.pack_rotamers: built 7107 rotamers at 492 positions.
core.pack.interaction_graph.interaction_graph_factory: Instantiating DensePDInteractionGraph
protocols.relax.FastRelax: CMD: repack  -1129.23  0.226439  0.226439  0.30745
protocols.relax.FastRelax: CMD: scale:fa_rep  -1115.2  0.226439  0.226439  0.31955
protocols.relax.FastRelax: CMD: min  -1289.08  2.50071  2.50071  0.31955
protocols.relax.FastRelax: CMD: coord_cst_weight  -1289.08  2.50071  2.50071  0.31955
protocols.relax.FastRelax: CMD: scale:fa_rep  -1081.42  2.50071  2.50071  0.55
core.pack.task: Packer task: initialize from command line() 
core.pack.pack_rotamers: built 6972 rotamers at 492 positions.
core.pack.interaction_graph.interaction_graph_factory: Instantiating DensePDInteractionGraph
protocols.relax.FastRelax: CMD: repack  -1084.18  2.50071  2.50071  0.55
protocols.relax.FastRelax: CMD: min  -1141.3  3.05482  3.05482  0.55
protocols.relax.FastRelax: MRP: 9  -1141.3  -1141.45  3.64242  3.64242  
protocols.relax.FastRelax: CMD: accept_to_best  -1141.3  3.05482  3.05482  0.55
protocols.relax.FastRelax: CMD: endrepeat  -1141.3  3.05482  3.05482  0.55
protocols.relax.FastRelax: CMD: coord_cst_weight  45230.3  3.05482  3.05482  0.55
protocols.relax.FastRelax: CMD: scale:fa_rep  44900.6  3.05482  3.05482  0.022
core.pack.task: Packer task: initialize from command line() 
core.pack.pack_rotamers: built 7663 rotamers at 492 positions.
core.pack.interaction_graph.interaction_graph_factory: Instantiating DensePDInteractionGraph
protocols.relax.FastRelax: CMD: repack  44875.6  3.05482  3.05482  0.022
protocols.relax.FastRelax: CMD: scale:fa_rep  44882  3.05482  3.05482  0.02805
core.optimization.Minimizer: [ WARNING ] LBFGS MAX CYCLES 2000 EXCEEDED, BUT FUNC NOT CONVERGED!
protocols.relax.FastRelax: CMD: min  -1290.68  0.179921  0.179921  0.02805
protocols.relax.FastRelax: CMD: coord_cst_weight  -1362.45  0.179921  0.179921  0.02805
protocols.relax.FastRelax: CMD: scale:fa_rep  -1038.25  0.179921  0.179921  0.14575
core.pack.task: Packer task: initialize from command line() 
core.pack.pack_rotamers: built 7334 rotamers at 492 positions.
core.pack.interaction_graph.interaction_graph_factory: Instantiating DensePDInteractionGraph
protocols.relax.FastRelax: CMD: repack  -1067.68  0.179921  0.179921  0.14575
protocols.relax.FastRelax: CMD: scale:fa_rep  -1047.86  0.179921  0.179921  0.154
protocols.relax.FastRelax: CMD: min  -1195.58  0.22558  0.22558  0.154
protocols.relax.FastRelax: CMD: coord_cst_weight  -1307.41  0.22558  0.22558  0.154
protocols.relax.FastRelax: CMD: scale:fa_rep  -1125.52  0.22558  0.22558  0.30745
core.pack.task: Packer task: initialize from command line() 
core.pack.pack_rotamers: built 7113 rotamers at 492 positions.
core.pack.interaction_graph.interaction_graph_factory: Instantiating DensePDInteractionGraph
protocols.relax.FastRelax: CMD: repack  -1127.81  0.22558  0.22558  0.30745
protocols.relax.FastRelax: CMD: scale:fa_rep  -1113.75  0.22558  0.22558  0.31955
protocols.relax.FastRelax: CMD: min  -1290.2  2.9814  2.9814  0.31955
protocols.relax.FastRelax: CMD: coord_cst_weight  -1290.2  2.9814  2.9814  0.31955
protocols.relax.FastRelax: CMD: scale:fa_rep  -1080.55  2.9814  2.9814  0.55
core.pack.task: Packer task: initialize from command line() 
core.pack.pack_rotamers: built 7005 rotamers at 492 positions.
core.pack.interaction_graph.interaction_graph_factory: Instantiating DensePDInteractionGraph
protocols.relax.FastRelax: CMD: repack  -1083.15  2.9814  2.9814  0.55
protocols.relax.FastRelax: CMD: min  -1141.06  3.15649  3.15649  0.55
protocols.relax.FastRelax: MRP: 10  -1141.06  -1141.45  3.64242  3.64242  
protocols.relax.FastRelax: CMD: accept_to_best  -1141.06  3.15649  3.15649  0.55
protocols.relax.FastRelax: CMD: endrepeat  -1141.06  3.15649  3.15649  0.55
protocols.relax.FastRelax: CMD: coord_cst_weight  78613.5  3.15649  3.15649  0.55
protocols.relax.FastRelax: CMD: scale:fa_rep  78282.3  3.15649  3.15649  0.022
core.pack.task: Packer task: initialize from command line() 
core.pack.pack_rotamers: built 7718 rotamers at 492 positions.
core.pack.interaction_graph.interaction_graph_factory: Instantiating DensePDInteractionGraph
protocols.relax.FastRelax: CMD: repack  78276.9  3.15649  3.15649  0.022
protocols.relax.FastRelax: CMD: scale:fa_rep  78287.5  3.15649  3.15649  0.02805
core.optimization.Minimizer: [ WARNING ] LBFGS MAX CYCLES 2000 EXCEEDED, BUT FUNC NOT CONVERGED!
protocols.relax.FastRelax: CMD: min  -1274.64  0.183048  0.183048  0.02805
protocols.relax.FastRelax: CMD: coord_cst_weight  -1348.81  0.183048  0.183048  0.02805
protocols.relax.FastRelax: CMD: scale:fa_rep  -1005.41  0.183048  0.183048  0.14575
core.pack.task: Packer task: initialize from command line() 
core.pack.pack_rotamers: built 7338 rotamers at 492 positions.
core.pack.interaction_graph.interaction_graph_factory: Instantiating DensePDInteractionGraph
protocols.relax.FastRelax: CMD: repack  -1059.23  0.183048  0.183048  0.14575
protocols.relax.FastRelax: CMD: scale:fa_rep  -1039.27  0.183048  0.183048  0.154
protocols.relax.FastRelax: CMD: min  -1198.35  0.225312  0.225312  0.154
protocols.relax.FastRelax: CMD: coord_cst_weight  -1310.4  0.225312  0.225312  0.154
protocols.relax.FastRelax: CMD: scale:fa_rep  -1129.11  0.225312  0.225312  0.30745
core.pack.task: Packer task: initialize from command line() 
core.pack.pack_rotamers: built 7087 rotamers at 492 positions.
core.pack.interaction_graph.interaction_graph_factory: Instantiating DensePDInteractionGraph
protocols.relax.FastRelax: CMD: repack  -1130.94  0.225312  0.225312  0.30745
protocols.relax.FastRelax: CMD: scale:fa_rep  -1116.91  0.225312  0.225312  0.31955
protocols.relax.FastRelax: CMD: min  -1292.19  3.04032  3.04032  0.31955
protocols.relax.FastRelax: CMD: coord_cst_weight  -1292.19  3.04032  3.04032  0.31955
protocols.relax.FastRelax: CMD: scale:fa_rep  -1083.66  3.04032  3.04032  0.55
core.pack.task: Packer task: initialize from command line() 
core.pack.pack_rotamers: built 6968 rotamers at 492 positions.
core.pack.interaction_graph.interaction_graph_factory: Instantiating DensePDInteractionGraph
protocols.relax.FastRelax: CMD: repack  -1085.07  3.04032  3.04032  0.55
protocols.relax.FastRelax: CMD: min  -1137.84  3.07147  3.07147  0.55
protocols.relax.FastRelax: MRP: 11  -1137.84  -1141.45  3.64242  3.64242  
protocols.relax.FastRelax: CMD: accept_to_best  -1137.84  3.07147  3.07147  0.55
protocols.relax.FastRelax: CMD: endrepeat  -1137.84  3.07147  3.07147  0.55
protocols.relax.FastRelax: CMD: coord_cst_weight  43219.9  3.07147  3.07147  0.55
protocols.relax.FastRelax: CMD: scale:fa_rep  42887.3  3.07147  3.07147  0.022
core.pack.task: Packer task: initialize from command line() 
core.pack.pack_rotamers: built 7753 rotamers at 492 positions.
core.pack.interaction_graph.interaction_graph_factory: Instantiating DensePDInteractionGraph
protocols.relax.FastRelax: CMD: repack  42889  3.07147  3.07147  0.022
protocols.relax.FastRelax: CMD: scale:fa_rep  42897.2  3.07147  3.07147  0.02805
core.optimization.Minimizer: [ WARNING ] LBFGS MAX CYCLES 2000 EXCEEDED, BUT FUNC NOT CONVERGED!
protocols.relax.FastRelax: CMD: min  -1270.92  0.179005  0.179005  0.02805
protocols.relax.FastRelax: CMD: coord_cst_weight  -1341.96  0.179005  0.179005  0.02805
protocols.relax.FastRelax: CMD: scale:fa_rep  -1006.07  0.179005  0.179005  0.14575
core.pack.task: Packer task: initialize from command line() 
core.pack.pack_rotamers: built 7359 rotamers at 492 positions.
core.pack.interaction_graph.interaction_graph_factory: Instantiating DensePDInteractionGraph
protocols.relax.FastRelax: CMD: repack  -1050.83  0.179005  0.179005  0.14575
protocols.relax.FastRelax: CMD: scale:fa_rep  -1030.47  0.179005  0.179005  0.154
protocols.relax.FastRelax: CMD: min  -1193.93  0.225126  0.225126  0.154
protocols.relax.FastRelax: CMD: coord_cst_weight  -1305.88  0.225126  0.225126  0.154
protocols.relax.FastRelax: CMD: scale:fa_rep  -1127.59  0.225126  0.225126  0.30745
core.pack.task: Packer task: initialize from command line() 
core.pack.pack_rotamers: built 7054 rotamers at 492 positions.
core.pack.interaction_graph.interaction_graph_factory: Instantiating DensePDInteractionGraph
protocols.relax.FastRelax: CMD: repack  -1122.36  0.225126  0.225126  0.30745
protocols.relax.FastRelax: CMD: scale:fa_rep  -1108.47  0.225126  0.225126  0.31955
protocols.relax.FastRelax: CMD: min  -1277.37  2.97322  2.97322  0.31955
protocols.relax.FastRelax: CMD: coord_cst_weight  -1277.37  2.97322  2.97322  0.31955
protocols.relax.FastRelax: CMD: scale:fa_rep  -1071.37  2.97322  2.97322  0.55
core.pack.task: Packer task: initialize from command line() 
core.pack.pack_rotamers: built 6925 rotamers at 492 positions.
core.pack.interaction_graph.interaction_graph_factory: Instantiating DensePDInteractionGraph
protocols.relax.FastRelax: CMD: repack  -1073.43  2.97322  2.97322  0.55
protocols.relax.FastRelax: CMD: min  -1137.68  3.4266  3.4266  0.55
protocols.relax.FastRelax: MRP: 12  -1137.68  -1141.45  3.64242  3.64242  
protocols.relax.FastRelax: CMD: accept_to_best  -1137.68  3.4266  3.4266  0.55
protocols.relax.FastRelax: CMD: endrepeat  -1137.68  3.4266  3.4266  0.55
protocols.relax.FastRelax: CMD: coord_cst_weight  68854.1  3.4266  3.4266  0.55
protocols.relax.FastRelax: CMD: scale:fa_rep  68524.9  3.4266  3.4266  0.022
core.pack.task: Packer task: initialize from command line() 
core.pack.pack_rotamers: built 7634 rotamers at 492 positions.
core.pack.interaction_graph.interaction_graph_factory: Instantiating DensePDInteractionGraph
protocols.relax.FastRelax: CMD: repack  68506.6  3.4266  3.4266  0.022
protocols.relax.FastRelax: CMD: scale:fa_rep  68513.7  3.4266  3.4266  0.02805
core.optimization.Minimizer: [ WARNING ] LBFGS MAX CYCLES 2000 EXCEEDED, BUT FUNC NOT CONVERGED!
protocols.relax.FastRelax: CMD: min  -1274.06  0.179389  0.179389  0.02805
protocols.relax.FastRelax: CMD: coord_cst_weight  -1345.63  0.179389  0.179389  0.02805
protocols.relax.FastRelax: CMD: scale:fa_rep  -1022.7  0.179389  0.179389  0.14575
core.pack.task: Packer task: initialize from command line() 
core.pack.pack_rotamers: built 7362 rotamers at 492 positions.
core.pack.interaction_graph.interaction_graph_factory: Instantiating DensePDInteractionGraph
protocols.relax.FastRelax: CMD: repack  -1053.37  0.179389  0.179389  0.14575
protocols.relax.FastRelax: CMD: scale:fa_rep  -1032.83  0.179389  0.179389  0.154
protocols.relax.FastRelax: CMD: min  -1194.54  0.224602  0.224602  0.154
protocols.relax.FastRelax: CMD: coord_cst_weight  -1306.14  0.224602  0.224602  0.154
protocols.relax.FastRelax: CMD: scale:fa_rep  -1123.87  0.224602  0.224602  0.30745
core.pack.task: Packer task: initialize from command line() 
core.pack.pack_rotamers: built 7125 rotamers at 492 positions.
core.pack.interaction_graph.interaction_graph_factory: Instantiating DensePDInteractionGraph
protocols.relax.FastRelax: CMD: repack  -1123.21  0.224602  0.224602  0.30745
protocols.relax.FastRelax: CMD: scale:fa_rep  -1109.18  0.224602  0.224602  0.31955
protocols.relax.FastRelax: CMD: min  -1298.75  3.48582  3.48582  0.31955
protocols.relax.FastRelax: CMD: coord_cst_weight  -1298.75  3.48582  3.48582  0.31955
protocols.relax.FastRelax: CMD: scale:fa_rep  -1091.65  3.48582  3.48582  0.55
core.pack.task: Packer task: initialize from command line() 
core.pack.pack_rotamers: built 6867 rotamers at 492 positions.
core.pack.interaction_graph.interaction_graph_factory: Instantiating DensePDInteractionGraph
protocols.relax.FastRelax: CMD: repack  -1093.65  3.48582  3.48582  0.55
protocols.relax.FastRelax: CMD: min  -1143  3.60113  3.60113  0.55
protocols.relax.FastRelax: MRP: 13  -1143  -1143  3.60113  3.60113  
protocols.relax.FastRelax: CMD: accept_to_best  -1143  3.60113  3.60113  0.55
protocols.relax.FastRelax: CMD: endrepeat  -1143  3.60113  3.60113  0.55
protocols.relax.FastRelax: CMD: coord_cst_weight  59696.6  3.60113  3.60113  0.55
protocols.relax.FastRelax: CMD: scale:fa_rep  59365.4  3.60113  3.60113  0.022
core.pack.task: Packer task: initialize from command line() 
core.pack.pack_rotamers: built 7639 rotamers at 492 positions.
core.pack.interaction_graph.interaction_graph_factory: Instantiating DensePDInteractionGraph
protocols.relax.FastRelax: CMD: repack  59365.9  3.60113  3.60113  0.022
protocols.relax.FastRelax: CMD: scale:fa_rep  59376.2  3.60113  3.60113  0.02805
core.optimization.Minimizer: [ WARNING ] LBFGS MAX CYCLES 2000 EXCEEDED, BUT FUNC NOT CONVERGED!
protocols.relax.FastRelax: CMD: min  -1263.74  0.185535  0.185535  0.02805
protocols.relax.FastRelax: CMD: coord_cst_weight  -1339.84  0.185535  0.185535  0.02805
protocols.relax.FastRelax: CMD: scale:fa_rep  -1011.64  0.185535  0.185535  0.14575
core.pack.task: Packer task: initialize from command line() 
core.pack.pack_rotamers: built 7294 rotamers at 492 positions.
core.pack.interaction_graph.interaction_graph_factory: Instantiating DensePDInteractionGraph
protocols.relax.FastRelax: CMD: repack  -1034.84  0.185535  0.185535  0.14575
protocols.relax.FastRelax: CMD: scale:fa_rep  -1014.22  0.185535  0.185535  0.154
protocols.relax.FastRelax: CMD: min  -1190.02  0.226981  0.226981  0.154
protocols.relax.FastRelax: CMD: coord_cst_weight  -1303.13  0.226981  0.226981  0.154
protocols.relax.FastRelax: CMD: scale:fa_rep  -1120.2  0.226981  0.226981  0.30745
core.pack.task: Packer task: initialize from command line() 
core.pack.pack_rotamers: built 7117 rotamers at 492 positions.
core.pack.interaction_graph.interaction_graph_factory: Instantiating DensePDInteractionGraph
protocols.relax.FastRelax: CMD: repack  -1121.29  0.226981  0.226981  0.30745
protocols.relax.FastRelax: CMD: scale:fa_rep  -1107.08  0.226981  0.226981  0.31955
protocols.relax.FastRelax: CMD: min  -1292.19  3.25264  3.25264  0.31955
protocols.relax.FastRelax: CMD: coord_cst_weight  -1292.19  3.25264  3.25264  0.31955
protocols.relax.FastRelax: CMD: scale:fa_rep  -1082.12  3.25264  3.25264  0.55
core.pack.task: Packer task: initialize from command line() 
core.pack.pack_rotamers: built 6903 rotamers at 492 positions.
core.pack.interaction_graph.interaction_graph_factory: Instantiating DensePDInteractionGraph
protocols.relax.FastRelax: CMD: repack  -1085.19  3.25264  3.25264  0.55
protocols.relax.FastRelax: CMD: min  -1141.14  3.39824  3.39824  0.55
protocols.relax.FastRelax: MRP: 14  -1141.14  -1143  3.60113  3.60113  
protocols.relax.FastRelax: CMD: accept_to_best  -1141.14  3.39824  3.39824  0.55
protocols.relax.FastRelax: CMD: endrepeat  -1141.14  3.39824  3.39824  0.55
protocols::checkpoint: Deleting checkpoints of FastRelax
protocols.jd2.JobDistributor: target.BL00010001_2_0006 reported success in 13538 seconds
protocols.jd2.JobDistributor: no more batches to process... 
protocols.jd2.JobDistributor: 6 jobs considered, 6 jobs attempted in 85987 seconds
basic.citation_manager.CitationManager: 
The following Rosetta modules were used during this run of Rosetta, and should be cited:

FastRelax Mover's citation(s):
*Tyka MD, *Keedy DA, André I, Dimaio F, Song Y, Richardson DC, Richardson JS, and Baker D.  (2011).  Alternate states of proteins revealed by detailed energy landscape mapping.  J Mol Biol 405(2):607-18.  doi: 10.1016/j.jmb.2010.11.008.  (*Co-primary authors.)

Khatib F, Cooper S, Tyka MD, Xu K, Makedon I, Popovic Z, Baker D, and Players F.  (2011).  Algorithm discovery by protein folding game players.  Proc Natl Acad Sci USA 108(47):18949-53.  doi: 10.1073/pnas.1115898108.

Maguire JB, Haddox HK, Strickland D, Halabiya SF, Coventry B, Griffin JR, Pulavarti SVSRK, Cummins M, Thieker DF, Klavins E, Szyperski T, DiMaio F, Baker D, and Kuhlman B.  (2021).  Perturbing the energy landscape for improved packing during computational protein design.  Proteins 89(4):436-449.  doi: 10.1002/prot.26030.


