nohup: ignoring input
grep: /home/gbiuser/Documents/vitoria/usp-masters/8-docking/results_docking/PDE4D_catalytic/log.out: No such file or directory
grep: /home/gbiuser/Documents/vitoria/usp-masters/8-docking/results_docking/PDE4D_catalytic/log.out: No such file or directory
grep: /home/gbiuser/Documents/vitoria/usp-masters/8-docking/results_docking/PDE4D_catalytic/log.out: No such file or directory
grep: /home/gbiuser/Documents/vitoria/usp-masters/8-docking/results_docking/PDE4D_catalytic/log.out: No such file or directory
grep: /home/gbiuser/Documents/vitoria/usp-masters/8-docking/results_docking/PDE4D_catalytic/log.out: No such file or directory
grep: /home/gbiuser/Documents/vitoria/usp-masters/8-docking/results_docking/PDE4D_catalytic/log.out: No such file or directory
grep: /home/gbiuser/Documents/vitoria/usp-masters/8-docking/results_docking/PDE4D_catalytic/log.out: No such file or directory
========================================
 AutoDock Vina
 Protein : PDE4D_catalytic
 Config   : config_pde4d_catalytic.txt
 Ligands  : 7 found | 0 done
 Progress : /home/gbiuser/Documents/vitoria/usp-masters/8-docking/results_docking/PDE4D_catalytic/log.out
 Output   : /home/gbiuser/Documents/vitoria/usp-masters/8-docking/results_docking/PDE4D_catalytic
========================================
grep: /home/gbiuser/Documents/vitoria/usp-masters/8-docking/results_docking/PDE4D_catalytic/log.out: No such file or directory

>>> Running: 689043 (rep 1)
#################################################################
# If you used AutoDock Vina in your work, please cite:          #
#                                                               #
# O. Trott, A. J. Olson,                                        #
# AutoDock Vina: improving the speed and accuracy of docking    #
# with a new scoring function, efficient optimization and       #
# multithreading, Journal of Computational Chemistry 31 (2010)  #
# 455-461                                                       #
#                                                               #
# DOI 10.1002/jcc.21334                                         #
#                                                               #
# Please see http://vina.scripps.edu for more information.      #
#################################################################

Reading input ... done.
Setting up the scoring function ... done.
Analyzing the binding site ... done.
Using random seed: 24625
Performing search ... 
0%   10   20   30   40   50   60   70   80   90   100%
|----|----|----|----|----|----|----|----|----|----|
***************************************************
done.
Refining results ... done.

mode |   affinity | dist from best mode
     | (kcal/mol) | rmsd l.b.| rmsd u.b.
-----+------------+----------+----------
   1         -7.3      0.000      0.000
   2         -6.8      3.358      4.000
   3         -6.8      2.864      3.960
   4         -6.6      1.672      5.922
   5         -6.6      0.865      1.853
   6         -6.5      2.751      5.430
   7         -6.5      3.482      4.550
   8         -6.5      2.946      3.901
   9         -6.4      2.931      3.603
Writing output ... done.

>>> Running: 689043 (rep 2)
#################################################################
# If you used AutoDock Vina in your work, please cite:          #
#                                                               #
# O. Trott, A. J. Olson,                                        #
# AutoDock Vina: improving the speed and accuracy of docking    #
# with a new scoring function, efficient optimization and       #
# multithreading, Journal of Computational Chemistry 31 (2010)  #
# 455-461                                                       #
#                                                               #
# DOI 10.1002/jcc.21334                                         #
#                                                               #
# Please see http://vina.scripps.edu for more information.      #
#################################################################

Reading input ... done.
Setting up the scoring function ... done.
Analyzing the binding site ... done.
Using random seed: 28093
Performing search ... 
0%   10   20   30   40   50   60   70   80   90   100%
|----|----|----|----|----|----|----|----|----|----|
***************************************************
done.
Refining results ... done.

mode |   affinity | dist from best mode
     | (kcal/mol) | rmsd l.b.| rmsd u.b.
-----+------------+----------+----------
   1         -7.3      0.000      0.000
   2         -6.8      3.292      4.004
   3         -6.8      2.853      3.948
   4         -6.8      3.176      3.969
   5         -6.6      3.480      4.418
   6         -6.5      2.749      5.435
   7         -6.5      1.673      5.921
   8         -6.5      0.801      1.833
   9         -6.5      2.252      3.128
Writing output ... done.

>>> Running: 689043 (rep 3)
#################################################################
# If you used AutoDock Vina in your work, please cite:          #
#                                                               #
# O. Trott, A. J. Olson,                                        #
# AutoDock Vina: improving the speed and accuracy of docking    #
# with a new scoring function, efficient optimization and       #
# multithreading, Journal of Computational Chemistry 31 (2010)  #
# 455-461                                                       #
#                                                               #
# DOI 10.1002/jcc.21334                                         #
#                                                               #
# Please see http://vina.scripps.edu for more information.      #
#################################################################

Reading input ... done.
Setting up the scoring function ... done.
Analyzing the binding site ... done.
Using random seed: 14624
Performing search ... 
0%   10   20   30   40   50   60   70   80   90   100%
|----|----|----|----|----|----|----|----|----|----|
***************************************************
done.
Refining results ... done.

mode |   affinity | dist from best mode
     | (kcal/mol) | rmsd l.b.| rmsd u.b.
-----+------------+----------+----------
   1         -7.3      0.000      0.000
   2         -6.9      3.256      3.999
   3         -6.8      2.829      3.940
   4         -6.7      3.518      4.500
   5         -6.6      2.724      5.448
   6         -6.5      1.674      5.926
   7         -6.5      1.918      2.965
   8         -6.4      2.978      3.665
   9         -6.2      1.874      2.516
Writing output ... done.

>>> Running: 6262 (rep 1)
#################################################################
# If you used AutoDock Vina in your work, please cite:          #
#                                                               #
# O. Trott, A. J. Olson,                                        #
# AutoDock Vina: improving the speed and accuracy of docking    #
# with a new scoring function, efficient optimization and       #
# multithreading, Journal of Computational Chemistry 31 (2010)  #
# 455-461                                                       #
#                                                               #
# DOI 10.1002/jcc.21334                                         #
#                                                               #
# Please see http://vina.scripps.edu for more information.      #
#################################################################

Reading input ... done.
Setting up the scoring function ... done.
Analyzing the binding site ... done.
Using random seed: 17859
Performing search ... 
0%   10   20   30   40   50   60   70   80   90   100%
|----|----|----|----|----|----|----|----|----|----|
***************************************************
done.
Refining results ... done.

mode |   affinity | dist from best mode
     | (kcal/mol) | rmsd l.b.| rmsd u.b.
-----+------------+----------+----------
   1         -4.9      0.000      0.000
   2         -4.7      2.136      2.558
   3         -4.6      2.681      4.508
   4         -4.3      2.598      3.455
   5         -4.3      1.897      2.137
   6         -4.2      3.503      4.519
   7         -4.2      2.343      4.358
   8         -4.2      3.419      4.699
   9         -4.1      3.296      4.392
Writing output ... done.

>>> Running: 6262 (rep 2)
#################################################################
# If you used AutoDock Vina in your work, please cite:          #
#                                                               #
# O. Trott, A. J. Olson,                                        #
# AutoDock Vina: improving the speed and accuracy of docking    #
# with a new scoring function, efficient optimization and       #
# multithreading, Journal of Computational Chemistry 31 (2010)  #
# 455-461                                                       #
#                                                               #
# DOI 10.1002/jcc.21334                                         #
#                                                               #
# Please see http://vina.scripps.edu for more information.      #
#################################################################

Reading input ... done.
Setting up the scoring function ... done.
Analyzing the binding site ... done.
Using random seed: 26094
Performing search ... 
0%   10   20   30   40   50   60   70   80   90   100%
|----|----|----|----|----|----|----|----|----|----|
***************************************************
done.
Refining results ... done.

mode |   affinity | dist from best mode
     | (kcal/mol) | rmsd l.b.| rmsd u.b.
-----+------------+----------+----------
   1         -4.9      0.000      0.000
   2         -4.8      0.654      1.138
   3         -4.7      2.279      2.873
   4         -4.6      1.823      1.858
   5         -4.6      1.800      2.328
   6         -4.6      2.651      4.386
   7         -4.3      3.205      4.064
   8         -4.3      3.032      3.985
   9         -4.2      3.497      4.511
Writing output ... done.

>>> Running: 6262 (rep 3)
#################################################################
# If you used AutoDock Vina in your work, please cite:          #
#                                                               #
# O. Trott, A. J. Olson,                                        #
# AutoDock Vina: improving the speed and accuracy of docking    #
# with a new scoring function, efficient optimization and       #
# multithreading, Journal of Computational Chemistry 31 (2010)  #
# 455-461                                                       #
#                                                               #
# DOI 10.1002/jcc.21334                                         #
#                                                               #
# Please see http://vina.scripps.edu for more information.      #
#################################################################

Reading input ... done.
Setting up the scoring function ... done.
Analyzing the binding site ... done.
Using random seed: 28099
Performing search ... 
0%   10   20   30   40   50   60   70   80   90   100%
|----|----|----|----|----|----|----|----|----|----|
***************************************************
done.
Refining results ... done.

mode |   affinity | dist from best mode
     | (kcal/mol) | rmsd l.b.| rmsd u.b.
-----+------------+----------+----------
   1         -4.9      0.000      0.000
   2         -4.9      1.120      1.610
   3         -4.8      1.198      1.456
   4         -4.7      2.268      2.479
   5         -4.6      2.732      4.140
   6         -4.2      3.386      3.987
   7         -4.1      4.021      5.578
   8         -4.1      2.170      2.803
   9         -4.1      1.990      4.028
Writing output ... done.

>>> Running: 10176710 (rep 1)
#################################################################
# If you used AutoDock Vina in your work, please cite:          #
#                                                               #
# O. Trott, A. J. Olson,                                        #
# AutoDock Vina: improving the speed and accuracy of docking    #
# with a new scoring function, efficient optimization and       #
# multithreading, Journal of Computational Chemistry 31 (2010)  #
# 455-461                                                       #
#                                                               #
# DOI 10.1002/jcc.21334                                         #
#                                                               #
# Please see http://vina.scripps.edu for more information.      #
#################################################################

Reading input ... done.
Setting up the scoring function ... done.
Analyzing the binding site ... done.
Using random seed: 4692
Performing search ... 
0%   10   20   30   40   50   60   70   80   90   100%
|----|----|----|----|----|----|----|----|----|----|
***************************************************
done.
Refining results ... done.

mode |   affinity | dist from best mode
     | (kcal/mol) | rmsd l.b.| rmsd u.b.
-----+------------+----------+----------
   1         -7.5      0.000      0.000
   2         -7.2      3.570      7.013
   3         -7.1      3.054      7.051
   4         -6.9      3.811      7.262
   5         -6.7      3.090      7.191
   6         -6.6      1.653      2.901
   7         -6.6      3.385      7.355
   8         -6.6      3.105      4.291
   9         -6.5      3.594      4.820
Writing output ... done.

>>> Running: 10176710 (rep 2)
#################################################################
# If you used AutoDock Vina in your work, please cite:          #
#                                                               #
# O. Trott, A. J. Olson,                                        #
# AutoDock Vina: improving the speed and accuracy of docking    #
# with a new scoring function, efficient optimization and       #
# multithreading, Journal of Computational Chemistry 31 (2010)  #
# 455-461                                                       #
#                                                               #
# DOI 10.1002/jcc.21334                                         #
#                                                               #
# Please see http://vina.scripps.edu for more information.      #
#################################################################

Reading input ... done.
Setting up the scoring function ... done.
Analyzing the binding site ... done.
Using random seed: 32318
Performing search ... 
0%   10   20   30   40   50   60   70   80   90   100%
|----|----|----|----|----|----|----|----|----|----|
***************************************************
done.
Refining results ... done.

mode |   affinity | dist from best mode
     | (kcal/mol) | rmsd l.b.| rmsd u.b.
-----+------------+----------+----------
   1         -7.5      0.000      0.000
   2         -7.2      3.591      7.086
   3         -7.1      3.050      7.058
   4         -7.1      0.735      2.030
   5         -6.9      3.846      7.252
   6         -6.7      1.695      2.961
   7         -6.6      3.295      7.366
   8         -6.6      3.301      7.392
   9         -6.6      2.917      4.019
Writing output ... done.

>>> Running: 10176710 (rep 3)
#################################################################
# If you used AutoDock Vina in your work, please cite:          #
#                                                               #
# O. Trott, A. J. Olson,                                        #
# AutoDock Vina: improving the speed and accuracy of docking    #
# with a new scoring function, efficient optimization and       #
# multithreading, Journal of Computational Chemistry 31 (2010)  #
# 455-461                                                       #
#                                                               #
# DOI 10.1002/jcc.21334                                         #
#                                                               #
# Please see http://vina.scripps.edu for more information.      #
#################################################################

Reading input ... done.
Setting up the scoring function ... done.
Analyzing the binding site ... done.
Using random seed: 754
Performing search ... 
0%   10   20   30   40   50   60   70   80   90   100%
|----|----|----|----|----|----|----|----|----|----|
***************************************************
done.
Refining results ... done.

mode |   affinity | dist from best mode
     | (kcal/mol) | rmsd l.b.| rmsd u.b.
-----+------------+----------+----------
   1         -7.5      0.000      0.000
   2         -7.2      3.577      7.002
   3         -7.1      3.070      7.055
   4         -7.1      3.063      7.040
   5         -6.9      3.095      7.056
   6         -6.9      1.315      1.973
   7         -6.8      3.831      7.254
   8         -6.7      3.292      7.426
   9         -6.7      3.421      4.240
Writing output ... done.

>>> Running: 10394 (rep 1)
#################################################################
# If you used AutoDock Vina in your work, please cite:          #
#                                                               #
# O. Trott, A. J. Olson,                                        #
# AutoDock Vina: improving the speed and accuracy of docking    #
# with a new scoring function, efficient optimization and       #
# multithreading, Journal of Computational Chemistry 31 (2010)  #
# 455-461                                                       #
#                                                               #
# DOI 10.1002/jcc.21334                                         #
#                                                               #
# Please see http://vina.scripps.edu for more information.      #
#################################################################

Reading input ... done.
Setting up the scoring function ... done.
Analyzing the binding site ... done.
Using random seed: 11349
Performing search ... 
0%   10   20   30   40   50   60   70   80   90   100%
|----|----|----|----|----|----|----|----|----|----|
***************************************************
done.
Refining results ... done.

mode |   affinity | dist from best mode
     | (kcal/mol) | rmsd l.b.| rmsd u.b.
-----+------------+----------+----------
   1         -6.7      0.000      0.000
   2         -6.6      2.732      4.672
   3         -6.6      1.541      1.986
   4         -6.5      1.571      2.239
   5         -6.5      1.996      4.718
   6         -6.4      3.203      4.398
   7         -6.4      2.101      4.770
   8         -6.4      1.468      1.785
   9         -6.1      2.717      4.876
Writing output ... done.

>>> Running: 10394 (rep 2)
#################################################################
# If you used AutoDock Vina in your work, please cite:          #
#                                                               #
# O. Trott, A. J. Olson,                                        #
# AutoDock Vina: improving the speed and accuracy of docking    #
# with a new scoring function, efficient optimization and       #
# multithreading, Journal of Computational Chemistry 31 (2010)  #
# 455-461                                                       #
#                                                               #
# DOI 10.1002/jcc.21334                                         #
#                                                               #
# Please see http://vina.scripps.edu for more information.      #
#################################################################

Reading input ... done.
Setting up the scoring function ... done.
Analyzing the binding site ... done.
Using random seed: 13132
Performing search ... 
0%   10   20   30   40   50   60   70   80   90   100%
|----|----|----|----|----|----|----|----|----|----|
***************************************************
done.
Refining results ... done.

mode |   affinity | dist from best mode
     | (kcal/mol) | rmsd l.b.| rmsd u.b.
-----+------------+----------+----------
   1         -6.7      0.000      0.000
   2         -6.7      0.074      1.397
   3         -6.7      1.062      1.287
   4         -6.7      2.596      4.525
   5         -6.5      1.397      1.729
   6         -6.3      3.250      4.355
   7         -6.3      1.561      1.662
   8         -6.3      2.783      4.727
   9         -6.1      2.927      3.920
Writing output ... done.

>>> Running: 10394 (rep 3)
#################################################################
# If you used AutoDock Vina in your work, please cite:          #
#                                                               #
# O. Trott, A. J. Olson,                                        #
# AutoDock Vina: improving the speed and accuracy of docking    #
# with a new scoring function, efficient optimization and       #
# multithreading, Journal of Computational Chemistry 31 (2010)  #
# 455-461                                                       #
#                                                               #
# DOI 10.1002/jcc.21334                                         #
#                                                               #
# Please see http://vina.scripps.edu for more information.      #
#################################################################

Reading input ... done.
Setting up the scoring function ... done.
Analyzing the binding site ... done.
Using random seed: 30710
Performing search ... 
0%   10   20   30   40   50   60   70   80   90   100%
|----|----|----|----|----|----|----|----|----|----|
***************************************************
done.
Refining results ... done.

mode |   affinity | dist from best mode
     | (kcal/mol) | rmsd l.b.| rmsd u.b.
-----+------------+----------+----------
   1         -6.7      0.000      0.000
   2         -6.7      0.084      1.397
   3         -6.6      2.721      4.495
   4         -6.5      1.532      1.920
   5         -6.5      1.474      2.300
   6         -6.5      1.475      2.068
   7         -6.5      2.074      4.952
   8         -6.4      3.358      4.497
   9         -6.3      2.118      4.998
Writing output ... done.

>>> Running: 175 (rep 1)
#################################################################
# If you used AutoDock Vina in your work, please cite:          #
#                                                               #
# O. Trott, A. J. Olson,                                        #
# AutoDock Vina: improving the speed and accuracy of docking    #
# with a new scoring function, efficient optimization and       #
# multithreading, Journal of Computational Chemistry 31 (2010)  #
# 455-461                                                       #
#                                                               #
# DOI 10.1002/jcc.21334                                         #
#                                                               #
# Please see http://vina.scripps.edu for more information.      #
#################################################################

Reading input ... done.
Setting up the scoring function ... done.
Analyzing the binding site ... done.
Using random seed: 26630
Performing search ... 
0%   10   20   30   40   50   60   70   80   90   100%
|----|----|----|----|----|----|----|----|----|----|
***************************************************
done.
Refining results ... done.

mode |   affinity | dist from best mode
     | (kcal/mol) | rmsd l.b.| rmsd u.b.
-----+------------+----------+----------
   1         -3.1      0.000      0.000
   2         -3.1      1.510      1.906
   3         -3.1      1.515      1.718
   4         -3.1      0.262      1.635
   5         -2.9      1.535      1.602
   6         -2.7      2.728      3.042
   7         -2.6      2.699      2.740
   8         -2.6     12.311     12.620
   9         -2.6      4.172      4.320
Writing output ... done.

>>> Running: 175 (rep 2)
#################################################################
# If you used AutoDock Vina in your work, please cite:          #
#                                                               #
# O. Trott, A. J. Olson,                                        #
# AutoDock Vina: improving the speed and accuracy of docking    #
# with a new scoring function, efficient optimization and       #
# multithreading, Journal of Computational Chemistry 31 (2010)  #
# 455-461                                                       #
#                                                               #
# DOI 10.1002/jcc.21334                                         #
#                                                               #
# Please see http://vina.scripps.edu for more information.      #
#################################################################

Reading input ... done.
Setting up the scoring function ... done.
Analyzing the binding site ... done.
Using random seed: 9447
Performing search ... 
0%   10   20   30   40   50   60   70   80   90   100%
|----|----|----|----|----|----|----|----|----|----|
***************************************************
done.
Refining results ... done.

mode |   affinity | dist from best mode
     | (kcal/mol) | rmsd l.b.| rmsd u.b.
-----+------------+----------+----------
   1         -3.1      0.000      0.000
   2         -3.1      1.455      1.944
   3         -3.1      0.014      1.618
   4         -2.9      1.200      1.595
   5         -2.8      1.587      1.765
   6         -2.7      2.586      3.186
   7         -2.7      2.558      2.811
   8         -2.6      2.307      2.456
   9         -2.6     12.095     12.540
Writing output ... done.

>>> Running: 175 (rep 3)
#################################################################
# If you used AutoDock Vina in your work, please cite:          #
#                                                               #
# O. Trott, A. J. Olson,                                        #
# AutoDock Vina: improving the speed and accuracy of docking    #
# with a new scoring function, efficient optimization and       #
# multithreading, Journal of Computational Chemistry 31 (2010)  #
# 455-461                                                       #
#                                                               #
# DOI 10.1002/jcc.21334                                         #
#                                                               #
# Please see http://vina.scripps.edu for more information.      #
#################################################################

Reading input ... done.
Setting up the scoring function ... done.
Analyzing the binding site ... done.
Using random seed: 9233
Performing search ... 
0%   10   20   30   40   50   60   70   80   90   100%
|----|----|----|----|----|----|----|----|----|----|
***************************************************
done.
Refining results ... done.

mode |   affinity | dist from best mode
     | (kcal/mol) | rmsd l.b.| rmsd u.b.
-----+------------+----------+----------
   1         -3.1      0.000      0.000
   2         -3.1      1.218      1.218
   3         -3.1      1.150      1.323
   4         -3.1      1.610      1.638
   5         -3.1      1.607      1.808
   6         -2.9      1.552      1.795
   7         -2.7      3.292      3.466
   8         -2.6      2.743      3.090
   9         -2.6     12.320     12.926
Writing output ... done.

>>> Running: 439435 (rep 1)
#################################################################
# If you used AutoDock Vina in your work, please cite:          #
#                                                               #
# O. Trott, A. J. Olson,                                        #
# AutoDock Vina: improving the speed and accuracy of docking    #
# with a new scoring function, efficient optimization and       #
# multithreading, Journal of Computational Chemistry 31 (2010)  #
# 455-461                                                       #
#                                                               #
# DOI 10.1002/jcc.21334                                         #
#                                                               #
# Please see http://vina.scripps.edu for more information.      #
#################################################################

Reading input ... done.
Setting up the scoring function ... done.
Analyzing the binding site ... done.
Using random seed: 14978
Performing search ... 
0%   10   20   30   40   50   60   70   80   90   100%
|----|----|----|----|----|----|----|----|----|----|
***************************************************
done.
Refining results ... done.

mode |   affinity | dist from best mode
     | (kcal/mol) | rmsd l.b.| rmsd u.b.
-----+------------+----------+----------
   1         -6.8      0.000      0.000
   2         -6.7      3.424      4.555
   3         -6.7      2.336      3.232
   4         -6.6      3.447      4.932
   5         -6.6      3.410      5.020
   6         -6.6      3.382      4.101
   7         -6.6      2.957      3.909
   8         -6.5      2.050      5.795
   9         -6.5      1.495      2.250
Writing output ... done.

>>> Running: 439435 (rep 2)
#################################################################
# If you used AutoDock Vina in your work, please cite:          #
#                                                               #
# O. Trott, A. J. Olson,                                        #
# AutoDock Vina: improving the speed and accuracy of docking    #
# with a new scoring function, efficient optimization and       #
# multithreading, Journal of Computational Chemistry 31 (2010)  #
# 455-461                                                       #
#                                                               #
# DOI 10.1002/jcc.21334                                         #
#                                                               #
# Please see http://vina.scripps.edu for more information.      #
#################################################################

Reading input ... done.
Setting up the scoring function ... done.
Analyzing the binding site ... done.
Using random seed: 15884
Performing search ... 
0%   10   20   30   40   50   60   70   80   90   100%
|----|----|----|----|----|----|----|----|----|----|
***************************************************
done.
Refining results ... done.

mode |   affinity | dist from best mode
     | (kcal/mol) | rmsd l.b.| rmsd u.b.
-----+------------+----------+----------
   1         -6.8      0.000      0.000
   2         -6.7      3.423      4.558
   3         -6.7      3.468      4.939
   4         -6.6      3.405      5.038
   5         -6.6      2.963      3.926
   6         -6.5      3.388      4.041
   7         -6.5      1.150      2.024
   8         -6.4      1.500      2.236
   9         -6.4      1.953      5.752
Writing output ... done.

>>> Running: 439435 (rep 3)
#################################################################
# If you used AutoDock Vina in your work, please cite:          #
#                                                               #
# O. Trott, A. J. Olson,                                        #
# AutoDock Vina: improving the speed and accuracy of docking    #
# with a new scoring function, efficient optimization and       #
# multithreading, Journal of Computational Chemistry 31 (2010)  #
# 455-461                                                       #
#                                                               #
# DOI 10.1002/jcc.21334                                         #
#                                                               #
# Please see http://vina.scripps.edu for more information.      #
#################################################################

Reading input ... done.
Setting up the scoring function ... done.
Analyzing the binding site ... done.
Using random seed: 16801
Performing search ... 
0%   10   20   30   40   50   60   70   80   90   100%
|----|----|----|----|----|----|----|----|----|----|
***************************************************
done.
Refining results ... done.

mode |   affinity | dist from best mode
     | (kcal/mol) | rmsd l.b.| rmsd u.b.
-----+------------+----------+----------
   1         -6.8      0.000      0.000
   2         -6.7      3.458      4.612
   3         -6.7      2.360      3.158
   4         -6.6      3.430      5.024
   5         -6.6      3.409      4.071
   6         -6.6      3.000      3.878
   7         -6.5      2.077      5.786
   8         -6.5      3.452      4.916
   9         -6.4      1.460      2.270
Writing output ... done.

>>> Running: 9877619 (rep 1)
#################################################################
# If you used AutoDock Vina in your work, please cite:          #
#                                                               #
# O. Trott, A. J. Olson,                                        #
# AutoDock Vina: improving the speed and accuracy of docking    #
# with a new scoring function, efficient optimization and       #
# multithreading, Journal of Computational Chemistry 31 (2010)  #
# 455-461                                                       #
#                                                               #
# DOI 10.1002/jcc.21334                                         #
#                                                               #
# Please see http://vina.scripps.edu for more information.      #
#################################################################

Reading input ... done.
Setting up the scoring function ... done.
Analyzing the binding site ... done.
Using random seed: 19536
Performing search ... 
0%   10   20   30   40   50   60   70   80   90   100%
|----|----|----|----|----|----|----|----|----|----|
***************************************************
done.
Refining results ... done.

mode |   affinity | dist from best mode
     | (kcal/mol) | rmsd l.b.| rmsd u.b.
-----+------------+----------+----------
   1         -6.3      0.000      0.000
   2         -6.3      3.151      5.498
   3         -6.2      1.848      4.160
   4         -6.1      1.244      2.340
   5         -6.1      1.499      4.356
   6         -6.1      1.805      3.872
   7         -6.1      2.219      4.560
   8         -6.1      1.302      2.028
   9         -6.0      2.159      4.394
Writing output ... done.

>>> Running: 9877619 (rep 2)
#################################################################
# If you used AutoDock Vina in your work, please cite:          #
#                                                               #
# O. Trott, A. J. Olson,                                        #
# AutoDock Vina: improving the speed and accuracy of docking    #
# with a new scoring function, efficient optimization and       #
# multithreading, Journal of Computational Chemistry 31 (2010)  #
# 455-461                                                       #
#                                                               #
# DOI 10.1002/jcc.21334                                         #
#                                                               #
# Please see http://vina.scripps.edu for more information.      #
#################################################################

Reading input ... done.
Setting up the scoring function ... done.
Analyzing the binding site ... done.
Using random seed: 7757
Performing search ... 
0%   10   20   30   40   50   60   70   80   90   100%
|----|----|----|----|----|----|----|----|----|----|
***************************************************
done.
Refining results ... done.

mode |   affinity | dist from best mode
     | (kcal/mol) | rmsd l.b.| rmsd u.b.
-----+------------+----------+----------
   1         -6.3      0.000      0.000
   2         -6.3      3.142      5.373
   3         -6.2      1.869      4.191
   4         -6.1      1.288      1.982
   5         -6.1      1.829      3.711
   6         -6.1      1.333      3.110
   7         -6.1      1.350      2.949
   8         -6.0      2.114      4.264
   9         -6.0      2.166      4.446
Writing output ... done.

>>> Running: 9877619 (rep 3)
#################################################################
# If you used AutoDock Vina in your work, please cite:          #
#                                                               #
# O. Trott, A. J. Olson,                                        #
# AutoDock Vina: improving the speed and accuracy of docking    #
# with a new scoring function, efficient optimization and       #
# multithreading, Journal of Computational Chemistry 31 (2010)  #
# 455-461                                                       #
#                                                               #
# DOI 10.1002/jcc.21334                                         #
#                                                               #
# Please see http://vina.scripps.edu for more information.      #
#################################################################

Reading input ... done.
Setting up the scoring function ... done.
Analyzing the binding site ... done.
Using random seed: 9196
Performing search ... 
0%   10   20   30   40   50   60   70   80   90   100%
|----|----|----|----|----|----|----|----|----|----|
***************************************************
done.
Refining results ... done.

mode |   affinity | dist from best mode
     | (kcal/mol) | rmsd l.b.| rmsd u.b.
-----+------------+----------+----------
   1         -6.1      0.000      0.000
   2         -6.1      3.116      5.466
   3         -5.9      3.119      5.461
   4         -5.9      3.346      5.250
   5         -5.9      3.081      4.374
   6         -5.9      3.677      5.086
   7         -5.8      3.082      5.600
   8         -5.8      3.495      5.004
   9         -5.6      2.081      5.017
Writing output ... done.

========================================
 Done
   Success: 0
   Fail   : 0
   SKipped: 0
 Results in: /home/gbiuser/Documents/vitoria/usp-masters/8-docking/results_docking/PDE4D_catalytic
========================================
nohup: ignoring input
========================================
 AutoDock Vina
 Protein : PDE4D_catalytic
 Config   : config_pde4d_catalytic.txt
 Ligands  : 12 found | 0 done
 Progress : /home/gbiuser/Documents/vitoria/usp-masters/8-docking/results_docking/PDE4D_catalytic/log.out
 Output   : /home/gbiuser/Documents/vitoria/usp-masters/8-docking/results_docking/PDE4D_catalytic
========================================

>>> Running: 49831816 (rep 1)
#################################################################
# If you used AutoDock Vina in your work, please cite:          #
#                                                               #
# O. Trott, A. J. Olson,                                        #
# AutoDock Vina: improving the speed and accuracy of docking    #
# with a new scoring function, efficient optimization and       #
# multithreading, Journal of Computational Chemistry 31 (2010)  #
# 455-461                                                       #
#                                                               #
# DOI 10.1002/jcc.21334                                         #
#                                                               #
# Please see http://vina.scripps.edu for more information.      #
#################################################################

Reading input ... done.
Setting up the scoring function ... done.
Analyzing the binding site ... done.
Using random seed: 9868
Performing search ... 
0%   10   20   30   40   50   60   70   80   90   100%
|----|----|----|----|----|----|----|----|----|----|
***************************************************
done.
Refining results ... done.

mode |   affinity | dist from best mode
     | (kcal/mol) | rmsd l.b.| rmsd u.b.
-----+------------+----------+----------
   1         -7.1      0.000      0.000
   2         -6.9      2.762      5.031
   3         -6.9      1.426      5.364
   4         -6.9      3.431      5.686
   5         -6.6      0.935      1.764
   6         -6.6      2.818      4.272
   7         -6.6      2.030      2.925
   8         -6.6      2.112      5.614
   9         -6.5      1.333      5.122
Writing output ... done.

>>> Running: 49831816 (rep 2)
#################################################################
# If you used AutoDock Vina in your work, please cite:          #
#                                                               #
# O. Trott, A. J. Olson,                                        #
# AutoDock Vina: improving the speed and accuracy of docking    #
# with a new scoring function, efficient optimization and       #
# multithreading, Journal of Computational Chemistry 31 (2010)  #
# 455-461                                                       #
#                                                               #
# DOI 10.1002/jcc.21334                                         #
#                                                               #
# Please see http://vina.scripps.edu for more information.      #
#################################################################

Reading input ... done.
Setting up the scoring function ... done.
Analyzing the binding site ... done.
Using random seed: 14817
Performing search ... 
0%   10   20   30   40   50   60   70   80   90   100%
|----|----|----|----|----|----|----|----|----|----|
***************************************************
done.
Refining results ... done.

mode |   affinity | dist from best mode
     | (kcal/mol) | rmsd l.b.| rmsd u.b.
-----+------------+----------+----------
   1         -7.1      0.000      0.000
   2         -7.0      2.721      5.017
   3         -6.9      1.729      5.391
   4         -6.8      3.585      5.826
   5         -6.6      2.748      4.111
   6         -6.6      2.135      3.019
   7         -6.5      1.557      5.382
   8         -6.5      2.190      2.789
   9         -6.5      2.161      5.722
Writing output ... done.

>>> Running: 49831816 (rep 3)
#################################################################
# If you used AutoDock Vina in your work, please cite:          #
#                                                               #
# O. Trott, A. J. Olson,                                        #
# AutoDock Vina: improving the speed and accuracy of docking    #
# with a new scoring function, efficient optimization and       #
# multithreading, Journal of Computational Chemistry 31 (2010)  #
# 455-461                                                       #
#                                                               #
# DOI 10.1002/jcc.21334                                         #
#                                                               #
# Please see http://vina.scripps.edu for more information.      #
#################################################################

Reading input ... done.
Setting up the scoring function ... done.
Analyzing the binding site ... done.
Using random seed: 19638
Performing search ... 
0%   10   20   30   40   50   60   70   80   90   100%
|----|----|----|----|----|----|----|----|----|----|
***************************************************
done.
Refining results ... done.

mode |   affinity | dist from best mode
     | (kcal/mol) | rmsd l.b.| rmsd u.b.
-----+------------+----------+----------
   1         -7.1      0.000      0.000
   2         -7.0      1.419      5.351
   3         -6.8      3.629      5.878
   4         -6.8      2.926      5.086
   5         -6.6      1.383      5.106
   6         -6.6      2.912      4.383
   7         -6.6      1.886      5.357
   8         -6.6      2.162      2.945
   9         -6.5      2.253      2.823
Writing output ... done.

>>> Running: 107 (rep 1)
#################################################################
# If you used AutoDock Vina in your work, please cite:          #
#                                                               #
# O. Trott, A. J. Olson,                                        #
# AutoDock Vina: improving the speed and accuracy of docking    #
# with a new scoring function, efficient optimization and       #
# multithreading, Journal of Computational Chemistry 31 (2010)  #
# 455-461                                                       #
#                                                               #
# DOI 10.1002/jcc.21334                                         #
#                                                               #
# Please see http://vina.scripps.edu for more information.      #
#################################################################

Reading input ... done.
Setting up the scoring function ... done.
Analyzing the binding site ... done.
Using random seed: 23280
Performing search ... 
0%   10   20   30   40   50   60   70   80   90   100%
|----|----|----|----|----|----|----|----|----|----|
***************************************************
done.
Refining results ... done.

mode |   affinity | dist from best mode
     | (kcal/mol) | rmsd l.b.| rmsd u.b.
-----+------------+----------+----------
   1         -6.7      0.000      0.000
   2         -6.7      0.138      1.463
   3         -6.4      2.999      4.708
   4         -6.3      3.076      4.439
   5         -6.3      3.043      4.492
   6         -6.1      1.880      2.741
   7         -6.0      3.357      5.127
   8         -5.9      1.196      2.399
   9         -5.9      3.581      4.977
Writing output ... done.

>>> Running: 107 (rep 2)
#################################################################
# If you used AutoDock Vina in your work, please cite:          #
#                                                               #
# O. Trott, A. J. Olson,                                        #
# AutoDock Vina: improving the speed and accuracy of docking    #
# with a new scoring function, efficient optimization and       #
# multithreading, Journal of Computational Chemistry 31 (2010)  #
# 455-461                                                       #
#                                                               #
# DOI 10.1002/jcc.21334                                         #
#                                                               #
# Please see http://vina.scripps.edu for more information.      #
#################################################################

Reading input ... done.
Setting up the scoring function ... done.
Analyzing the binding site ... done.
Using random seed: 27189
Performing search ... 
0%   10   20   30   40   50   60   70   80   90   100%
|----|----|----|----|----|----|----|----|----|----|
***************************************************
done.
Refining results ... done.

mode |   affinity | dist from best mode
     | (kcal/mol) | rmsd l.b.| rmsd u.b.
-----+------------+----------+----------
   1         -6.9      0.000      0.000
   2         -6.9      0.037      1.457
   3         -6.3      1.032      1.295
   4         -6.3      2.924      4.425
   5         -6.3      3.006      4.526
   6         -5.8      3.641      5.330
   7         -5.8      3.686      4.975
   8         -5.7      1.965      3.048
   9         -5.7      3.626      5.333
Writing output ... done.

>>> Running: 107 (rep 3)
#################################################################
# If you used AutoDock Vina in your work, please cite:          #
#                                                               #
# O. Trott, A. J. Olson,                                        #
# AutoDock Vina: improving the speed and accuracy of docking    #
# with a new scoring function, efficient optimization and       #
# multithreading, Journal of Computational Chemistry 31 (2010)  #
# 455-461                                                       #
#                                                               #
# DOI 10.1002/jcc.21334                                         #
#                                                               #
# Please see http://vina.scripps.edu for more information.      #
#################################################################

Reading input ... done.
Setting up the scoring function ... done.
Analyzing the binding site ... done.
Using random seed: 8829
Performing search ... 
0%   10   20   30   40   50   60   70   80   90   100%
|----|----|----|----|----|----|----|----|----|----|
***************************************************
done.
Refining results ... done.

mode |   affinity | dist from best mode
     | (kcal/mol) | rmsd l.b.| rmsd u.b.
-----+------------+----------+----------
   1         -6.7      0.000      0.000
   2         -6.7      0.136      1.753
   3         -6.4      2.979      4.774
   4         -6.4      3.223      4.529
   5         -6.3      1.051      1.976
   6         -6.3      3.038      4.568
   7         -6.3      2.996      4.356
   8         -6.3      3.136      4.765
   9         -6.1      1.933      2.898
Writing output ... done.

>>> Running: 348154 (rep 1)
#################################################################
# If you used AutoDock Vina in your work, please cite:          #
#                                                               #
# O. Trott, A. J. Olson,                                        #
# AutoDock Vina: improving the speed and accuracy of docking    #
# with a new scoring function, efficient optimization and       #
# multithreading, Journal of Computational Chemistry 31 (2010)  #
# 455-461                                                       #
#                                                               #
# DOI 10.1002/jcc.21334                                         #
#                                                               #
# Please see http://vina.scripps.edu for more information.      #
#################################################################

Reading input ... done.
Setting up the scoring function ... done.
Analyzing the binding site ... done.
Using random seed: 32140
Performing search ... 
0%   10   20   30   40   50   60   70   80   90   100%
|----|----|----|----|----|----|----|----|----|----|
***************************************************
done.
Refining results ... done.

mode |   affinity | dist from best mode
     | (kcal/mol) | rmsd l.b.| rmsd u.b.
-----+------------+----------+----------
   1         -6.8      0.000      0.000
   2         -6.8      3.309      4.273
   3         -6.8      1.209      2.230
   4         -6.6      0.931      2.093
   5         -6.5      2.275      4.998
   6         -6.4      1.572      2.079
   7         -6.3      2.439      4.773
   8         -6.2      1.750      2.182
   9         -6.2      2.331      4.443
Writing output ... done.

>>> Running: 348154 (rep 2)
#################################################################
# If you used AutoDock Vina in your work, please cite:          #
#                                                               #
# O. Trott, A. J. Olson,                                        #
# AutoDock Vina: improving the speed and accuracy of docking    #
# with a new scoring function, efficient optimization and       #
# multithreading, Journal of Computational Chemistry 31 (2010)  #
# 455-461                                                       #
#                                                               #
# DOI 10.1002/jcc.21334                                         #
#                                                               #
# Please see http://vina.scripps.edu for more information.      #
#################################################################

Reading input ... done.
Setting up the scoring function ... done.
Analyzing the binding site ... done.
Using random seed: 21589
Performing search ... 
0%   10   20   30   40   50   60   70   80   90   100%
|----|----|----|----|----|----|----|----|----|----|
***************************************************
done.
Refining results ... done.

mode |   affinity | dist from best mode
     | (kcal/mol) | rmsd l.b.| rmsd u.b.
-----+------------+----------+----------
   1         -6.9      0.000      0.000
   2         -6.8      3.295      4.810
   3         -6.8      1.252      2.276
   4         -6.6      1.156      1.568
   5         -6.5      1.154      2.208
   6         -6.5      2.221      2.977
   7         -6.5      1.691      4.954
   8         -6.2      3.316      4.447
   9         -6.2      2.653      4.673
Writing output ... done.

>>> Running: 348154 (rep 3)
#################################################################
# If you used AutoDock Vina in your work, please cite:          #
#                                                               #
# O. Trott, A. J. Olson,                                        #
# AutoDock Vina: improving the speed and accuracy of docking    #
# with a new scoring function, efficient optimization and       #
# multithreading, Journal of Computational Chemistry 31 (2010)  #
# 455-461                                                       #
#                                                               #
# DOI 10.1002/jcc.21334                                         #
#                                                               #
# Please see http://vina.scripps.edu for more information.      #
#################################################################

Reading input ... done.
Setting up the scoring function ... done.
Analyzing the binding site ... done.
Using random seed: 19232
Performing search ... 
0%   10   20   30   40   50   60   70   80   90   100%
|----|----|----|----|----|----|----|----|----|----|
***************************************************
done.
Refining results ... done.

mode |   affinity | dist from best mode
     | (kcal/mol) | rmsd l.b.| rmsd u.b.
-----+------------+----------+----------
   1         -6.8      0.000      0.000
   2         -6.8      1.181      2.198
   3         -6.8      3.343      4.233
   4         -6.6      1.384      1.693
   5         -6.5      2.269      5.048
   6         -6.5      1.403      2.062
   7         -6.4      0.747      2.103
   8         -6.3      2.184      2.539
   9         -6.2      2.456      5.045
Writing output ... done.

>>> Running: m1 (rep 1)
#################################################################
# If you used AutoDock Vina in your work, please cite:          #
#                                                               #
# O. Trott, A. J. Olson,                                        #
# AutoDock Vina: improving the speed and accuracy of docking    #
# with a new scoring function, efficient optimization and       #
# multithreading, Journal of Computational Chemistry 31 (2010)  #
# 455-461                                                       #
#                                                               #
# DOI 10.1002/jcc.21334                                         #
#                                                               #
# Please see http://vina.scripps.edu for more information.      #
#################################################################

Reading input ... done.
Setting up the scoring function ... done.
Analyzing the binding site ... done.
Using random seed: 25051
Performing search ... 
0%   10   20   30   40   50   60   70   80   90   100%
|----|----|----|----|----|----|----|----|----|----|
***************************************************
done.
Refining results ... done.

mode |   affinity | dist from best mode
     | (kcal/mol) | rmsd l.b.| rmsd u.b.
-----+------------+----------+----------
   1         -7.3      0.000      0.000
   2         -7.1      3.162      5.583
   3         -6.9      3.321      4.781
   4         -6.7      1.188      1.960
   5         -6.7      2.679      3.851
   6         -6.6      3.642      5.379
   7         -6.5      1.896      2.103
   8         -6.5      3.252      3.712
   9         -6.5      3.191      5.659
Writing output ... done.

>>> Running: m1 (rep 2)
#################################################################
# If you used AutoDock Vina in your work, please cite:          #
#                                                               #
# O. Trott, A. J. Olson,                                        #
# AutoDock Vina: improving the speed and accuracy of docking    #
# with a new scoring function, efficient optimization and       #
# multithreading, Journal of Computational Chemistry 31 (2010)  #
# 455-461                                                       #
#                                                               #
# DOI 10.1002/jcc.21334                                         #
#                                                               #
# Please see http://vina.scripps.edu for more information.      #
#################################################################

Reading input ... done.
Setting up the scoring function ... done.
Analyzing the binding site ... done.
Using random seed: 29177
Performing search ... 
0%   10   20   30   40   50   60   70   80   90   100%
|----|----|----|----|----|----|----|----|----|----|
***************************************************
done.
Refining results ... done.

mode |   affinity | dist from best mode
     | (kcal/mol) | rmsd l.b.| rmsd u.b.
-----+------------+----------+----------
   1         -7.2      0.000      0.000
   2         -7.1      3.215      5.586
   3         -6.7      3.357      4.809
   4         -6.7      2.850      4.287
   5         -6.7      0.738      1.807
   6         -6.6      1.532      6.645
   7         -6.6      3.727      5.359
   8         -6.5      3.219      3.658
   9         -6.5      2.220      6.216
Writing output ... done.

>>> Running: m1 (rep 3)
#################################################################
# If you used AutoDock Vina in your work, please cite:          #
#                                                               #
# O. Trott, A. J. Olson,                                        #
# AutoDock Vina: improving the speed and accuracy of docking    #
# with a new scoring function, efficient optimization and       #
# multithreading, Journal of Computational Chemistry 31 (2010)  #
# 455-461                                                       #
#                                                               #
# DOI 10.1002/jcc.21334                                         #
#                                                               #
# Please see http://vina.scripps.edu for more information.      #
#################################################################

Reading input ... done.
Setting up the scoring function ... done.
Analyzing the binding site ... done.
Using random seed: 8249
Performing search ... 
0%   10   20   30   40   50   60   70   80   90   100%
|----|----|----|----|----|----|----|----|----|----|
***************************************************
done.
Refining results ... done.

mode |   affinity | dist from best mode
     | (kcal/mol) | rmsd l.b.| rmsd u.b.
-----+------------+----------+----------
   1         -7.2      0.000      0.000
   2         -7.1      3.284      5.591
   3         -6.8      2.675      3.681
   4         -6.7      3.532      4.855
   5         -6.6      1.579      6.660
   6         -6.6      3.560      5.444
   7         -6.6      1.042      1.783
   8         -6.5      3.306      3.716
   9         -6.4      2.143      2.615
Writing output ... done.

>>> Running: m3 (rep 1)
#################################################################
# If you used AutoDock Vina in your work, please cite:          #
#                                                               #
# O. Trott, A. J. Olson,                                        #
# AutoDock Vina: improving the speed and accuracy of docking    #
# with a new scoring function, efficient optimization and       #
# multithreading, Journal of Computational Chemistry 31 (2010)  #
# 455-461                                                       #
#                                                               #
# DOI 10.1002/jcc.21334                                         #
#                                                               #
# Please see http://vina.scripps.edu for more information.      #
#################################################################

Reading input ... done.
Setting up the scoring function ... done.
Analyzing the binding site ... done.
Using random seed: 5840
Performing search ... 
0%   10   20   30   40   50   60   70   80   90   100%
|----|----|----|----|----|----|----|----|----|----|
***************************************************
done.
Refining results ... done.

mode |   affinity | dist from best mode
     | (kcal/mol) | rmsd l.b.| rmsd u.b.
-----+------------+----------+----------
   1         -7.8      0.000      0.000
   2         -7.6      2.391      3.783
   3         -7.5      1.013      1.198
   4         -7.2      1.574      2.064
   5         -6.8      1.536      2.031
   6         -6.8      3.247      5.968
   7         -6.7      2.545      5.671
   8         -6.6      2.514      4.619
   9         -6.6      1.815      3.706
Writing output ... done.

>>> Running: m3 (rep 2)
#################################################################
# If you used AutoDock Vina in your work, please cite:          #
#                                                               #
# O. Trott, A. J. Olson,                                        #
# AutoDock Vina: improving the speed and accuracy of docking    #
# with a new scoring function, efficient optimization and       #
# multithreading, Journal of Computational Chemistry 31 (2010)  #
# 455-461                                                       #
#                                                               #
# DOI 10.1002/jcc.21334                                         #
#                                                               #
# Please see http://vina.scripps.edu for more information.      #
#################################################################

Reading input ... done.
Setting up the scoring function ... done.
Analyzing the binding site ... done.
Using random seed: 16910
Performing search ... 
0%   10   20   30   40   50   60   70   80   90   100%
|----|----|----|----|----|----|----|----|----|----|
***************************************************
done.
Refining results ... done.

mode |   affinity | dist from best mode
     | (kcal/mol) | rmsd l.b.| rmsd u.b.
-----+------------+----------+----------
   1         -7.7      0.000      0.000
   2         -7.6      2.416      3.782
   3         -7.5      1.165      1.703
   4         -6.6      3.179      5.923
   5         -6.5      2.588      5.698
   6         -6.5      2.047      6.047
   7         -6.5      2.413      4.431
   8         -6.4      2.009      3.940
   9         -6.4      2.362      4.943
Writing output ... done.

>>> Running: m3 (rep 3)
#################################################################
# If you used AutoDock Vina in your work, please cite:          #
#                                                               #
# O. Trott, A. J. Olson,                                        #
# AutoDock Vina: improving the speed and accuracy of docking    #
# with a new scoring function, efficient optimization and       #
# multithreading, Journal of Computational Chemistry 31 (2010)  #
# 455-461                                                       #
#                                                               #
# DOI 10.1002/jcc.21334                                         #
#                                                               #
# Please see http://vina.scripps.edu for more information.      #
#################################################################

Reading input ... done.
Setting up the scoring function ... done.
Analyzing the binding site ... done.
Using random seed: 26929
Performing search ... 
0%   10   20   30   40   50   60   70   80   90   100%
|----|----|----|----|----|----|----|----|----|----|
***************************************************
done.
Refining results ... done.

mode |   affinity | dist from best mode
     | (kcal/mol) | rmsd l.b.| rmsd u.b.
-----+------------+----------+----------
   1         -7.7      0.000      0.000
   2         -7.6      2.420      3.766
   3         -7.5      1.180      1.897
   4         -7.4      1.051      1.241
   5         -6.8      2.438      3.048
   6         -6.7      3.253      6.042
   7         -6.7      2.546      4.441
   8         -6.6      3.260      5.932
   9         -6.5      1.828      3.689
Writing output ... done.

>>> Running: rolR (rep 1)
#################################################################
# If you used AutoDock Vina in your work, please cite:          #
#                                                               #
# O. Trott, A. J. Olson,                                        #
# AutoDock Vina: improving the speed and accuracy of docking    #
# with a new scoring function, efficient optimization and       #
# multithreading, Journal of Computational Chemistry 31 (2010)  #
# 455-461                                                       #
#                                                               #
# DOI 10.1002/jcc.21334                                         #
#                                                               #
# Please see http://vina.scripps.edu for more information.      #
#################################################################

Reading input ... done.
Setting up the scoring function ... done.
Analyzing the binding site ... done.
Using random seed: 13140
Performing search ... 
0%   10   20   30   40   50   60   70   80   90   100%
|----|----|----|----|----|----|----|----|----|----|
***************************************************
done.
Refining results ... done.

mode |   affinity | dist from best mode
     | (kcal/mol) | rmsd l.b.| rmsd u.b.
-----+------------+----------+----------
   1         -8.9      0.000      0.000
   2         -8.8      1.101      3.944
   3         -7.6      2.458      5.347
   4         -7.4      3.009      5.547
   5         -7.4      2.292      5.193
   6         -7.4      2.841      5.919
   7         -7.4      2.524      5.419
   8         -7.3      3.514      6.112
   9         -7.2      2.810      4.104
Writing output ... done.

>>> Running: rolR (rep 2)
#################################################################
# If you used AutoDock Vina in your work, please cite:          #
#                                                               #
# O. Trott, A. J. Olson,                                        #
# AutoDock Vina: improving the speed and accuracy of docking    #
# with a new scoring function, efficient optimization and       #
# multithreading, Journal of Computational Chemistry 31 (2010)  #
# 455-461                                                       #
#                                                               #
# DOI 10.1002/jcc.21334                                         #
#                                                               #
# Please see http://vina.scripps.edu for more information.      #
#################################################################

Reading input ... done.
Setting up the scoring function ... done.
Analyzing the binding site ... done.
Using random seed: 18474
Performing search ... 
0%   10   20   30   40   50   60   70   80   90   100%
|----|----|----|----|----|----|----|----|----|----|
***************************************************
done.
Refining results ... done.

mode |   affinity | dist from best mode
     | (kcal/mol) | rmsd l.b.| rmsd u.b.
-----+------------+----------+----------
   1         -8.9      0.000      0.000
   2         -8.7      1.096      3.954
   3         -7.5      2.475      5.355
   4         -7.4      2.616      5.974
   5         -7.4      2.997      5.572
   6         -7.4      2.312      5.208
   7         -7.3      3.478      6.078
   8         -7.3      2.459      6.335
   9         -7.1      2.832      4.134
Writing output ... done.

>>> Running: rolR (rep 3)
#################################################################
# If you used AutoDock Vina in your work, please cite:          #
#                                                               #
# O. Trott, A. J. Olson,                                        #
# AutoDock Vina: improving the speed and accuracy of docking    #
# with a new scoring function, efficient optimization and       #
# multithreading, Journal of Computational Chemistry 31 (2010)  #
# 455-461                                                       #
#                                                               #
# DOI 10.1002/jcc.21334                                         #
#                                                               #
# Please see http://vina.scripps.edu for more information.      #
#################################################################

Reading input ... done.
Setting up the scoring function ... done.
Analyzing the binding site ... done.
Using random seed: 31335
Performing search ... 
0%   10   20   30   40   50   60   70   80   90   100%
|----|----|----|----|----|----|----|----|----|----|
***************************************************
done.
Refining results ... done.

mode |   affinity | dist from best mode
     | (kcal/mol) | rmsd l.b.| rmsd u.b.
-----+------------+----------+----------
   1         -8.9      0.000      0.000
   2         -8.7      1.098      3.944
   3         -7.5      2.478      5.357
   4         -7.4      2.639      5.964
   5         -7.3      3.510      6.110
   6         -7.3      2.833      5.928
   7         -7.3      2.646      5.547
   8         -7.3      2.437      6.315
   9         -7.2      2.853      4.144
Writing output ... done.

>>> Running: rf (rep 1)
#################################################################
# If you used AutoDock Vina in your work, please cite:          #
#                                                               #
# O. Trott, A. J. Olson,                                        #
# AutoDock Vina: improving the speed and accuracy of docking    #
# with a new scoring function, efficient optimization and       #
# multithreading, Journal of Computational Chemistry 31 (2010)  #
# 455-461                                                       #
#                                                               #
# DOI 10.1002/jcc.21334                                         #
#                                                               #
# Please see http://vina.scripps.edu for more information.      #
#################################################################

Reading input ... done.
Setting up the scoring function ... done.
Analyzing the binding site ... done.
Using random seed: 25562
Performing search ... 
0%   10   20   30   40   50   60   70   80   90   100%
|----|----|----|----|----|----|----|----|----|----|
***************************************************
done.
Refining results ... done.

mode |   affinity | dist from best mode
     | (kcal/mol) | rmsd l.b.| rmsd u.b.
-----+------------+----------+----------
   1         -8.1      0.000      0.000
   2         -8.0      1.659      1.961
   3         -7.7      2.682      4.602
   4         -7.6      2.619      4.544
   5         -7.3      3.401      4.946
   6         -7.2      3.366      4.839
   7         -7.2      3.114      4.956
   8         -7.1      2.328      3.058
   9         -7.1      3.348      4.721
Writing output ... done.

>>> Running: rf (rep 2)
#################################################################
# If you used AutoDock Vina in your work, please cite:          #
#                                                               #
# O. Trott, A. J. Olson,                                        #
# AutoDock Vina: improving the speed and accuracy of docking    #
# with a new scoring function, efficient optimization and       #
# multithreading, Journal of Computational Chemistry 31 (2010)  #
# 455-461                                                       #
#                                                               #
# DOI 10.1002/jcc.21334                                         #
#                                                               #
# Please see http://vina.scripps.edu for more information.      #
#################################################################

Reading input ... done.
Setting up the scoring function ... done.
Analyzing the binding site ... done.
Using random seed: 21667
Performing search ... 
0%   10   20   30   40   50   60   70   80   90   100%
|----|----|----|----|----|----|----|----|----|----|
***************************************************
done.
Refining results ... done.

mode |   affinity | dist from best mode
     | (kcal/mol) | rmsd l.b.| rmsd u.b.
-----+------------+----------+----------
   1         -8.2      0.000      0.000
   2         -8.1      1.628      2.148
   3         -7.8      2.654      4.804
   4         -7.6      2.720      4.643
   5         -7.3      2.205      3.303
   6         -7.3      2.355      3.332
   7         -7.1      3.790      5.148
   8         -7.1      2.683      3.717
   9         -7.1      3.256      4.867
Writing output ... done.

>>> Running: rf (rep 3)
#################################################################
# If you used AutoDock Vina in your work, please cite:          #
#                                                               #
# O. Trott, A. J. Olson,                                        #
# AutoDock Vina: improving the speed and accuracy of docking    #
# with a new scoring function, efficient optimization and       #
# multithreading, Journal of Computational Chemistry 31 (2010)  #
# 455-461                                                       #
#                                                               #
# DOI 10.1002/jcc.21334                                         #
#                                                               #
# Please see http://vina.scripps.edu for more information.      #
#################################################################

Reading input ... done.
Setting up the scoring function ... done.
Analyzing the binding site ... done.
Using random seed: 28983
Performing search ... 
0%   10   20   30   40   50   60   70   80   90   100%
|----|----|----|----|----|----|----|----|----|----|
***************************************************
done.
Refining results ... done.

mode |   affinity | dist from best mode
     | (kcal/mol) | rmsd l.b.| rmsd u.b.
-----+------------+----------+----------
   1         -8.0      0.000      0.000
   2         -7.9      0.249      1.788
   3         -7.6      2.098      4.146
   4         -7.5      2.253      3.932
   5         -7.2      3.392      4.790
   6         -7.2      2.403      4.292
   7         -7.1      3.006      4.910
   8         -7.1      1.945      2.314
   9         -7.0      2.548      3.606
Writing output ... done.

>>> Running: 104775 (rep 1)
#################################################################
# If you used AutoDock Vina in your work, please cite:          #
#                                                               #
# O. Trott, A. J. Olson,                                        #
# AutoDock Vina: improving the speed and accuracy of docking    #
# with a new scoring function, efficient optimization and       #
# multithreading, Journal of Computational Chemistry 31 (2010)  #
# 455-461                                                       #
#                                                               #
# DOI 10.1002/jcc.21334                                         #
#                                                               #
# Please see http://vina.scripps.edu for more information.      #
#################################################################

Reading input ... done.
Setting up the scoring function ... done.
Analyzing the binding site ... done.
Using random seed: 1443
Performing search ... 
0%   10   20   30   40   50   60   70   80   90   100%
|----|----|----|----|----|----|----|----|----|----|
***************************************************
done.
Refining results ... done.

mode |   affinity | dist from best mode
     | (kcal/mol) | rmsd l.b.| rmsd u.b.
-----+------------+----------+----------
   1         -4.1      0.000      0.000
   2         -4.1      0.213      1.335
   3         -4.0      1.355      1.428
   4         -3.7      2.269      3.090
   5         -3.7      2.009      2.672
   6         -3.7      2.497      3.443
   7         -3.7      2.145      3.034
   8         -3.6      2.118      2.905
   9         -3.6      2.368      3.071
Writing output ... done.

>>> Running: 104775 (rep 2)
#################################################################
# If you used AutoDock Vina in your work, please cite:          #
#                                                               #
# O. Trott, A. J. Olson,                                        #
# AutoDock Vina: improving the speed and accuracy of docking    #
# with a new scoring function, efficient optimization and       #
# multithreading, Journal of Computational Chemistry 31 (2010)  #
# 455-461                                                       #
#                                                               #
# DOI 10.1002/jcc.21334                                         #
#                                                               #
# Please see http://vina.scripps.edu for more information.      #
#################################################################

Reading input ... done.
Setting up the scoring function ... done.
Analyzing the binding site ... done.
Using random seed: 9689
Performing search ... 
0%   10   20   30   40   50   60   70   80   90   100%
|----|----|----|----|----|----|----|----|----|----|
***************************************************
done.
Refining results ... done.

mode |   affinity | dist from best mode
     | (kcal/mol) | rmsd l.b.| rmsd u.b.
-----+------------+----------+----------
   1         -4.1      0.000      0.000
   2         -3.9      1.456      1.638
   3         -3.7      2.306      3.153
   4         -3.7      2.034      2.696
   5         -3.7      2.284      3.042
   6         -3.7      2.227      2.922
   7         -3.6      2.974      3.446
   8         -3.6      2.317      3.104
   9         -3.5      4.222      5.284
Writing output ... done.

>>> Running: 104775 (rep 3)
#################################################################
# If you used AutoDock Vina in your work, please cite:          #
#                                                               #
# O. Trott, A. J. Olson,                                        #
# AutoDock Vina: improving the speed and accuracy of docking    #
# with a new scoring function, efficient optimization and       #
# multithreading, Journal of Computational Chemistry 31 (2010)  #
# 455-461                                                       #
#                                                               #
# DOI 10.1002/jcc.21334                                         #
#                                                               #
# Please see http://vina.scripps.edu for more information.      #
#################################################################

Reading input ... done.
Setting up the scoring function ... done.
Analyzing the binding site ... done.
Using random seed: 12294
Performing search ... 
0%   10   20   30   40   50   60   70   80   90   100%
|----|----|----|----|----|----|----|----|----|----|
***************************************************
done.
Refining results ... done.

mode |   affinity | dist from best mode
     | (kcal/mol) | rmsd l.b.| rmsd u.b.
-----+------------+----------+----------
   1         -4.1      0.000      0.000
   2         -4.1      1.323      1.745
   3         -3.7      1.968      2.618
   4         -3.7      2.267      3.234
   5         -3.7      2.529      3.358
   6         -3.7      1.982      2.692
   7         -3.6      3.012      3.814
   8         -3.6      2.827      3.591
   9         -3.5      2.052      2.716
Writing output ... done.

>>> Running: m2 (rep 1)
#################################################################
# If you used AutoDock Vina in your work, please cite:          #
#                                                               #
# O. Trott, A. J. Olson,                                        #
# AutoDock Vina: improving the speed and accuracy of docking    #
# with a new scoring function, efficient optimization and       #
# multithreading, Journal of Computational Chemistry 31 (2010)  #
# 455-461                                                       #
#                                                               #
# DOI 10.1002/jcc.21334                                         #
#                                                               #
# Please see http://vina.scripps.edu for more information.      #
#################################################################

Reading input ... done.
Setting up the scoring function ... done.
Analyzing the binding site ... done.
Using random seed: 25169
Performing search ... 
0%   10   20   30   40   50   60   70   80   90   100%
|----|----|----|----|----|----|----|----|----|----|
***************************************************
done.
Refining results ... done.

mode |   affinity | dist from best mode
     | (kcal/mol) | rmsd l.b.| rmsd u.b.
-----+------------+----------+----------
   1         -7.2      0.000      0.000
   2         -7.2      2.338      3.830
   3         -7.0      2.008      5.107
   4         -6.8      1.313      1.803
   5         -6.8      1.770      4.880
   6         -6.6      2.605      3.857
   7         -6.6      1.951      3.958
   8         -6.4      2.236      5.602
   9         -6.3      2.336      5.764
Writing output ... done.

>>> Running: m2 (rep 2)
#################################################################
# If you used AutoDock Vina in your work, please cite:          #
#                                                               #
# O. Trott, A. J. Olson,                                        #
# AutoDock Vina: improving the speed and accuracy of docking    #
# with a new scoring function, efficient optimization and       #
# multithreading, Journal of Computational Chemistry 31 (2010)  #
# 455-461                                                       #
#                                                               #
# DOI 10.1002/jcc.21334                                         #
#                                                               #
# Please see http://vina.scripps.edu for more information.      #
#################################################################

Reading input ... done.
Setting up the scoring function ... done.
Analyzing the binding site ... done.
Using random seed: 12654
Performing search ... 
0%   10   20   30   40   50   60   70   80   90   100%
|----|----|----|----|----|----|----|----|----|----|
***************************************************
done.
Refining results ... done.

mode |   affinity | dist from best mode
     | (kcal/mol) | rmsd l.b.| rmsd u.b.
-----+------------+----------+----------
   1         -7.2      0.000      0.000
   2         -7.1      2.461      3.797
   3         -7.0      1.992      5.094
   4         -6.8      1.412      1.854
   5         -6.8      1.780      4.866
   6         -6.7      2.035      4.059
   7         -6.6      2.421      3.389
   8         -6.5      1.831      3.030
   9         -6.4      2.307      5.657
Writing output ... done.

>>> Running: m2 (rep 3)
#################################################################
# If you used AutoDock Vina in your work, please cite:          #
#                                                               #
# O. Trott, A. J. Olson,                                        #
# AutoDock Vina: improving the speed and accuracy of docking    #
# with a new scoring function, efficient optimization and       #
# multithreading, Journal of Computational Chemistry 31 (2010)  #
# 455-461                                                       #
#                                                               #
# DOI 10.1002/jcc.21334                                         #
#                                                               #
# Please see http://vina.scripps.edu for more information.      #
#################################################################

Reading input ... done.
Setting up the scoring function ... done.
Analyzing the binding site ... done.
Using random seed: 934
Performing search ... 
0%   10   20   30   40   50   60   70   80   90   100%
|----|----|----|----|----|----|----|----|----|----|
***************************************************
done.
Refining results ... done.

mode |   affinity | dist from best mode
     | (kcal/mol) | rmsd l.b.| rmsd u.b.
-----+------------+----------+----------
   1         -7.2      0.000      0.000
   2         -7.2      2.344      3.873
   3         -7.0      1.994      5.120
   4         -6.9      1.371      2.003
   5         -6.8      2.087      4.108
   6         -6.7      1.870      3.920
   7         -6.6      2.379      3.365
   8         -6.6      1.755      2.967
   9         -6.6      2.382      4.028
Writing output ... done.

>>> Running: rolS (rep 1)
#################################################################
# If you used AutoDock Vina in your work, please cite:          #
#                                                               #
# O. Trott, A. J. Olson,                                        #
# AutoDock Vina: improving the speed and accuracy of docking    #
# with a new scoring function, efficient optimization and       #
# multithreading, Journal of Computational Chemistry 31 (2010)  #
# 455-461                                                       #
#                                                               #
# DOI 10.1002/jcc.21334                                         #
#                                                               #
# Please see http://vina.scripps.edu for more information.      #
#################################################################

Reading input ... done.
Setting up the scoring function ... done.
Analyzing the binding site ... done.
Using random seed: 31965
Performing search ... 
0%   10   20   30   40   50   60   70   80   90   100%
|----|----|----|----|----|----|----|----|----|----|
***************************************************
done.
Refining results ... done.

mode |   affinity | dist from best mode
     | (kcal/mol) | rmsd l.b.| rmsd u.b.
-----+------------+----------+----------
   1         -9.1      0.000      0.000
   2         -8.7      1.317      4.061
   3         -7.7      2.534      5.350
   4         -7.7      2.539      6.162
   5         -7.6      2.852      4.144
   6         -7.5      3.721      6.149
   7         -7.2      3.205      6.368
   8         -7.0      3.252      6.106
   9         -7.0      2.672      4.537
Writing output ... done.

>>> Running: rolS (rep 2)
#################################################################
# If you used AutoDock Vina in your work, please cite:          #
#                                                               #
# O. Trott, A. J. Olson,                                        #
# AutoDock Vina: improving the speed and accuracy of docking    #
# with a new scoring function, efficient optimization and       #
# multithreading, Journal of Computational Chemistry 31 (2010)  #
# 455-461                                                       #
#                                                               #
# DOI 10.1002/jcc.21334                                         #
#                                                               #
# Please see http://vina.scripps.edu for more information.      #
#################################################################

Reading input ... done.
Setting up the scoring function ... done.
Analyzing the binding site ... done.
Using random seed: 21259
Performing search ... 
0%   10   20   30   40   50   60   70   80   90   100%
|----|----|----|----|----|----|----|----|----|----|
***************************************************
done.
Refining results ... done.

mode |   affinity | dist from best mode
     | (kcal/mol) | rmsd l.b.| rmsd u.b.
-----+------------+----------+----------
   1         -9.0      0.000      0.000
   2         -8.7      1.298      4.052
   3         -7.8      2.527      6.204
   4         -7.6      2.858      4.151
   5         -7.6      2.836      5.606
   6         -7.5      3.758      6.186
   7         -7.3      1.802      4.231
   8         -7.2      3.198      6.357
   9         -7.0      3.248      6.116
Writing output ... done.

>>> Running: rolS (rep 3)
#################################################################
# If you used AutoDock Vina in your work, please cite:          #
#                                                               #
# O. Trott, A. J. Olson,                                        #
# AutoDock Vina: improving the speed and accuracy of docking    #
# with a new scoring function, efficient optimization and       #
# multithreading, Journal of Computational Chemistry 31 (2010)  #
# 455-461                                                       #
#                                                               #
# DOI 10.1002/jcc.21334                                         #
#                                                               #
# Please see http://vina.scripps.edu for more information.      #
#################################################################

Reading input ... done.
Setting up the scoring function ... done.
Analyzing the binding site ... done.
Using random seed: 31561
Performing search ... 
0%   10   20   30   40   50   60   70   80   90   100%
|----|----|----|----|----|----|----|----|----|----|
***************************************************
done.
Refining results ... done.

mode |   affinity | dist from best mode
     | (kcal/mol) | rmsd l.b.| rmsd u.b.
-----+------------+----------+----------
   1         -9.0      0.000      0.000
   2         -8.7      1.313      4.063
   3         -8.3      1.234      1.496
   4         -7.7      2.543      5.359
   5         -7.7      2.561      6.037
   6         -7.6      2.844      4.142
   7         -7.5      3.768      6.152
   8         -7.2      3.216      6.374
   9         -7.0      3.273      6.134
Writing output ... done.

>>> Running: 10559720 (rep 1)
#################################################################
# If you used AutoDock Vina in your work, please cite:          #
#                                                               #
# O. Trott, A. J. Olson,                                        #
# AutoDock Vina: improving the speed and accuracy of docking    #
# with a new scoring function, efficient optimization and       #
# multithreading, Journal of Computational Chemistry 31 (2010)  #
# 455-461                                                       #
#                                                               #
# DOI 10.1002/jcc.21334                                         #
#                                                               #
# Please see http://vina.scripps.edu for more information.      #
#################################################################

Reading input ... done.
Setting up the scoring function ... done.
Analyzing the binding site ... done.
Using random seed: 30012
Performing search ... 
0%   10   20   30   40   50   60   70   80   90   100%
|----|----|----|----|----|----|----|----|----|----|
***************************************************
done.
Refining results ... done.

mode |   affinity | dist from best mode
     | (kcal/mol) | rmsd l.b.| rmsd u.b.
-----+------------+----------+----------
   1         -7.0      0.000      0.000
   2         -6.9      1.832      5.183
   3         -6.7      1.091      4.820
   4         -6.7      1.354      2.050
   5         -6.5      3.378      4.410
   6         -6.4      3.135      5.738
   7         -6.3      1.302      1.879
   8         -6.2      2.414      5.701
   9         -6.2      2.800      6.047
Writing output ... done.

>>> Running: 10559720 (rep 2)
#################################################################
# If you used AutoDock Vina in your work, please cite:          #
#                                                               #
# O. Trott, A. J. Olson,                                        #
# AutoDock Vina: improving the speed and accuracy of docking    #
# with a new scoring function, efficient optimization and       #
# multithreading, Journal of Computational Chemistry 31 (2010)  #
# 455-461                                                       #
#                                                               #
# DOI 10.1002/jcc.21334                                         #
#                                                               #
# Please see http://vina.scripps.edu for more information.      #
#################################################################

Reading input ... done.
Setting up the scoring function ... done.
Analyzing the binding site ... done.
Using random seed: 16647
Performing search ... 
0%   10   20   30   40   50   60   70   80   90   100%
|----|----|----|----|----|----|----|----|----|----|
***************************************************
done.
Refining results ... done.

mode |   affinity | dist from best mode
     | (kcal/mol) | rmsd l.b.| rmsd u.b.
-----+------------+----------+----------
   1         -7.1      0.000      0.000
   2         -7.0      1.044      1.388
   3         -6.9      1.826      5.093
   4         -6.8      3.372      4.268
   5         -6.8      1.569      2.204
   6         -6.7      1.087      4.779
   7         -6.3      3.142      3.762
   8         -6.3      3.768      5.843
   9         -6.2      3.079      5.686
Writing output ... done.

>>> Running: 10559720 (rep 3)
#################################################################
# If you used AutoDock Vina in your work, please cite:          #
#                                                               #
# O. Trott, A. J. Olson,                                        #
# AutoDock Vina: improving the speed and accuracy of docking    #
# with a new scoring function, efficient optimization and       #
# multithreading, Journal of Computational Chemistry 31 (2010)  #
# 455-461                                                       #
#                                                               #
# DOI 10.1002/jcc.21334                                         #
#                                                               #
# Please see http://vina.scripps.edu for more information.      #
#################################################################

Reading input ... done.
Setting up the scoring function ... done.
Analyzing the binding site ... done.
Using random seed: 11135
Performing search ... 
0%   10   20   30   40   50   60   70   80   90   100%
|----|----|----|----|----|----|----|----|----|----|
***************************************************
done.
Refining results ... done.

mode |   affinity | dist from best mode
     | (kcal/mol) | rmsd l.b.| rmsd u.b.
-----+------------+----------+----------
   1         -7.1      0.000      0.000
   2         -7.0      1.845      5.201
   3         -6.8      3.383      4.297
   4         -6.7      0.965      1.392
   5         -6.6      1.718      2.338
   6         -6.6      1.082      4.654
   7         -6.5      3.618      5.551
   8         -6.4      3.106      5.777
   9         -6.3      2.398      6.046
Writing output ... done.

>>> Running: m4 (rep 1)
#################################################################
# If you used AutoDock Vina in your work, please cite:          #
#                                                               #
# O. Trott, A. J. Olson,                                        #
# AutoDock Vina: improving the speed and accuracy of docking    #
# with a new scoring function, efficient optimization and       #
# multithreading, Journal of Computational Chemistry 31 (2010)  #
# 455-461                                                       #
#                                                               #
# DOI 10.1002/jcc.21334                                         #
#                                                               #
# Please see http://vina.scripps.edu for more information.      #
#################################################################

Reading input ... done.
Setting up the scoring function ... done.
Analyzing the binding site ... done.
Using random seed: 27254
Performing search ... 
0%   10   20   30   40   50   60   70   80   90   100%
|----|----|----|----|----|----|----|----|----|----|
***************************************************
done.
Refining results ... done.

mode |   affinity | dist from best mode
     | (kcal/mol) | rmsd l.b.| rmsd u.b.
-----+------------+----------+----------
   1         -7.2      0.000      0.000
   2         -6.9      2.279      4.798
   3         -6.7      1.568      6.035
   4         -6.7      2.595      4.723
   5         -6.7      2.305      5.050
   6         -6.6      2.815      4.641
   7         -6.6      2.734      6.432
   8         -6.5      2.697      6.467
   9         -6.4      2.420      5.474
Writing output ... done.

>>> Running: m4 (rep 2)
#################################################################
# If you used AutoDock Vina in your work, please cite:          #
#                                                               #
# O. Trott, A. J. Olson,                                        #
# AutoDock Vina: improving the speed and accuracy of docking    #
# with a new scoring function, efficient optimization and       #
# multithreading, Journal of Computational Chemistry 31 (2010)  #
# 455-461                                                       #
#                                                               #
# DOI 10.1002/jcc.21334                                         #
#                                                               #
# Please see http://vina.scripps.edu for more information.      #
#################################################################

Reading input ... done.
Setting up the scoring function ... done.
Analyzing the binding site ... done.
Using random seed: 27339
Performing search ... 
0%   10   20   30   40   50   60   70   80   90   100%
|----|----|----|----|----|----|----|----|----|----|
***************************************************
done.
Refining results ... done.

mode |   affinity | dist from best mode
     | (kcal/mol) | rmsd l.b.| rmsd u.b.
-----+------------+----------+----------
   1         -7.2      0.000      0.000
   2         -7.0      2.300      4.822
   3         -6.9      2.586      4.843
   4         -6.8      2.317      5.037
   5         -6.7      1.581      5.980
   6         -6.7      1.647      6.347
   7         -6.4      2.237      5.218
   8         -6.4      2.466      5.979
   9         -6.4      2.636      6.325
Writing output ... done.

>>> Running: m4 (rep 3)
#################################################################
# If you used AutoDock Vina in your work, please cite:          #
#                                                               #
# O. Trott, A. J. Olson,                                        #
# AutoDock Vina: improving the speed and accuracy of docking    #
# with a new scoring function, efficient optimization and       #
# multithreading, Journal of Computational Chemistry 31 (2010)  #
# 455-461                                                       #
#                                                               #
# DOI 10.1002/jcc.21334                                         #
#                                                               #
# Please see http://vina.scripps.edu for more information.      #
#################################################################

Reading input ... done.
Setting up the scoring function ... done.
Analyzing the binding site ... done.
Using random seed: 2631
Performing search ... 
0%   10   20   30   40   50   60   70   80   90   100%
|----|----|----|----|----|----|----|----|----|----|
***************************************************
done.
Refining results ... done.

mode |   affinity | dist from best mode
     | (kcal/mol) | rmsd l.b.| rmsd u.b.
-----+------------+----------+----------
   1         -7.2      0.000      0.000
   2         -7.0      1.113      1.818
   3         -7.0      2.263      4.825
   4         -6.8      2.661      4.856
   5         -6.8      1.588      5.931
   6         -6.8      2.489      6.203
   7         -6.7      1.130      1.837
   8         -6.6      1.817      6.181
   9         -6.5      2.774      6.489
Writing output ... done.

========================================
 Done
   Success: 0
   Fail   : 0
   SKipped: 0
 Results in: /home/gbiuser/Documents/vitoria/usp-masters/8-docking/results_docking/PDE4D_catalytic
========================================
nohup: ignoring input
========================================
 AutoDock Vina
 Protein : PDE4D_catalytic
 Config   : config_pde4d_catalytic.txt
 Ligands  : 1 found | 0 done
 Progress : /home/gbiuser/Documents/vitoria/usp-masters/8-docking/results_docking/PDE4D_catalytic/log.out
 Output   : /home/gbiuser/Documents/vitoria/usp-masters/8-docking/results_docking/PDE4D_catalytic
========================================

>>> Running: m5 (rep 1)
#################################################################
# If you used AutoDock Vina in your work, please cite:          #
#                                                               #
# O. Trott, A. J. Olson,                                        #
# AutoDock Vina: improving the speed and accuracy of docking    #
# with a new scoring function, efficient optimization and       #
# multithreading, Journal of Computational Chemistry 31 (2010)  #
# 455-461                                                       #
#                                                               #
# DOI 10.1002/jcc.21334                                         #
#                                                               #
# Please see http://vina.scripps.edu for more information.      #
#################################################################

Reading input ... done.
Setting up the scoring function ... done.
Analyzing the binding site ... done.
Using random seed: 22325
Performing search ... 
0%   10   20   30   40   50   60   70   80   90   100%
|----|----|----|----|----|----|----|----|----|----|
***************************************************
done.
Refining results ... done.

mode |   affinity | dist from best mode
     | (kcal/mol) | rmsd l.b.| rmsd u.b.
-----+------------+----------+----------
   1         -7.6      0.000      0.000
   2         -7.5      0.036      1.848
   3         -7.4      1.166      2.430
   4         -7.1      1.767      6.603
   5         -7.0      1.821      6.381
   6         -7.0      1.604      6.640
   7         -7.0      1.596      6.831
   8         -6.8      2.686      4.462
   9         -6.7      2.705      6.712
Writing output ... done.

>>> Running: m5 (rep 2)
#################################################################
# If you used AutoDock Vina in your work, please cite:          #
#                                                               #
# O. Trott, A. J. Olson,                                        #
# AutoDock Vina: improving the speed and accuracy of docking    #
# with a new scoring function, efficient optimization and       #
# multithreading, Journal of Computational Chemistry 31 (2010)  #
# 455-461                                                       #
#                                                               #
# DOI 10.1002/jcc.21334                                         #
#                                                               #
# Please see http://vina.scripps.edu for more information.      #
#################################################################

Reading input ... done.
Setting up the scoring function ... done.
Analyzing the binding site ... done.
Using random seed: 236
Performing search ... 
0%   10   20   30   40   50   60   70   80   90   100%
|----|----|----|----|----|----|----|----|----|----|
***************************************************
done.
Refining results ... done.

mode |   affinity | dist from best mode
     | (kcal/mol) | rmsd l.b.| rmsd u.b.
-----+------------+----------+----------
   1         -7.5      0.000      0.000
   2         -7.5      0.036      1.848
   3         -7.4      1.073      2.390
   4         -7.1      1.770      6.610
   5         -7.0      1.600      6.649
   6         -7.0      1.599      6.834
   7         -6.8      2.691      4.467
   8         -6.7      2.648      4.250
   9         -6.7      3.078      6.573
Writing output ... done.

>>> Running: m5 (rep 3)
#################################################################
# If you used AutoDock Vina in your work, please cite:          #
#                                                               #
# O. Trott, A. J. Olson,                                        #
# AutoDock Vina: improving the speed and accuracy of docking    #
# with a new scoring function, efficient optimization and       #
# multithreading, Journal of Computational Chemistry 31 (2010)  #
# 455-461                                                       #
#                                                               #
# DOI 10.1002/jcc.21334                                         #
#                                                               #
# Please see http://vina.scripps.edu for more information.      #
#################################################################

Reading input ... done.
Setting up the scoring function ... done.
Analyzing the binding site ... done.
Using random seed: 17691
Performing search ... 
0%   10   20   30   40   50   60   70   80   90   100%
|----|----|----|----|----|----|----|----|----|----|
***************************************************
done.
Refining results ... done.

mode |   affinity | dist from best mode
     | (kcal/mol) | rmsd l.b.| rmsd u.b.
-----+------------+----------+----------
   1         -7.5      0.000      0.000
   2         -7.5      0.013      1.848
   3         -7.1      1.769      6.354
   4         -7.0      1.601      6.831
   5         -7.0      1.599      6.652
   6         -6.8      1.464      2.733
   7         -6.8      2.692      4.610
   8         -6.8      2.693      4.464
   9         -6.7      3.074      6.572
Writing output ... done.

========================================
 Done
   Success: 0
   Fail   : 0
   SKipped: 0
 Results in: /home/gbiuser/Documents/vitoria/usp-masters/8-docking/results_docking/PDE4D_catalytic
========================================
