nohup: ignoring input
grep: /home/gbiuser/Documents/vitoria/usp-masters/8-docking/results_docking/PDE4B_dimer/log.out: No such file or directory
grep: /home/gbiuser/Documents/vitoria/usp-masters/8-docking/results_docking/PDE4B_dimer/log.out: No such file or directory
grep: /home/gbiuser/Documents/vitoria/usp-masters/8-docking/results_docking/PDE4B_dimer/log.out: No such file or directory
grep: /home/gbiuser/Documents/vitoria/usp-masters/8-docking/results_docking/PDE4B_dimer/log.out: No such file or directory
grep: /home/gbiuser/Documents/vitoria/usp-masters/8-docking/results_docking/PDE4B_dimer/log.out: No such file or directory
grep: /home/gbiuser/Documents/vitoria/usp-masters/8-docking/results_docking/PDE4B_dimer/log.out: No such file or directory
grep: /home/gbiuser/Documents/vitoria/usp-masters/8-docking/results_docking/PDE4B_dimer/log.out: No such file or directory
grep: /home/gbiuser/Documents/vitoria/usp-masters/8-docking/results_docking/PDE4B_dimer/log.out: No such file or directory
grep: /home/gbiuser/Documents/vitoria/usp-masters/8-docking/results_docking/PDE4B_dimer/log.out: No such file or directory
grep: /home/gbiuser/Documents/vitoria/usp-masters/8-docking/results_docking/PDE4B_dimer/log.out: No such file or directory
grep: /home/gbiuser/Documents/vitoria/usp-masters/8-docking/results_docking/PDE4B_dimer/log.out: No such file or directory
grep: /home/gbiuser/Documents/vitoria/usp-masters/8-docking/results_docking/PDE4B_dimer/log.out: No such file or directory
grep: /home/gbiuser/Documents/vitoria/usp-masters/8-docking/results_docking/PDE4B_dimer/log.out: No such file or directory
grep: /home/gbiuser/Documents/vitoria/usp-masters/8-docking/results_docking/PDE4B_dimer/log.out: No such file or directory
grep: /home/gbiuser/Documents/vitoria/usp-masters/8-docking/results_docking/PDE4B_dimer/log.out: No such file or directory
grep: /home/gbiuser/Documents/vitoria/usp-masters/8-docking/results_docking/PDE4B_dimer/log.out: No such file or directory
grep: /home/gbiuser/Documents/vitoria/usp-masters/8-docking/results_docking/PDE4B_dimer/log.out: No such file or directory
grep: /home/gbiuser/Documents/vitoria/usp-masters/8-docking/results_docking/PDE4B_dimer/log.out: No such file or directory
grep: /home/gbiuser/Documents/vitoria/usp-masters/8-docking/results_docking/PDE4B_dimer/log.out: No such file or directory
grep: /home/gbiuser/Documents/vitoria/usp-masters/8-docking/results_docking/PDE4B_dimer/log.out: No such file or directory
========================================
 AutoDock Vina
 Protein : PDE4B_dimer
 Config   : config_pde4b_dimer.txt
 Ligands  : 20 found | 0 done
 Progress : /home/gbiuser/Documents/vitoria/usp-masters/8-docking/results_docking/PDE4B_dimer/log.out
 Output   : /home/gbiuser/Documents/vitoria/usp-masters/8-docking/results_docking/PDE4B_dimer
========================================
grep: /home/gbiuser/Documents/vitoria/usp-masters/8-docking/results_docking/PDE4B_dimer/log.out: No such file or directory

>>> Running: 689043 (rep 1)
#################################################################
# If you used AutoDock Vina in your work, please cite:          #
#                                                               #
# O. Trott, A. J. Olson,                                        #
# AutoDock Vina: improving the speed and accuracy of docking    #
# with a new scoring function, efficient optimization and       #
# multithreading, Journal of Computational Chemistry 31 (2010)  #
# 455-461                                                       #
#                                                               #
# DOI 10.1002/jcc.21334                                         #
#                                                               #
# Please see http://vina.scripps.edu for more information.      #
#################################################################

Reading input ... done.
Setting up the scoring function ... done.
Analyzing the binding site ... done.
Using random seed: 18686
Performing search ... 
0%   10   20   30   40   50   60   70   80   90   100%
|----|----|----|----|----|----|----|----|----|----|
***************************************************
done.
Refining results ... done.

mode |   affinity | dist from best mode
     | (kcal/mol) | rmsd l.b.| rmsd u.b.
-----+------------+----------+----------
   1         -8.6      0.000      0.000
   2         -8.1      1.314      1.501
   3         -8.1      1.006      2.257
   4         -7.7      0.829      2.099
   5         -7.6      1.835      2.689
   6         -6.8      3.853      4.655
   7         -6.5      4.210      6.263
   8         -6.5      2.659      3.675
   9         -6.4      1.980      6.049
Writing output ... done.

>>> Running: 689043 (rep 2)
#################################################################
# If you used AutoDock Vina in your work, please cite:          #
#                                                               #
# O. Trott, A. J. Olson,                                        #
# AutoDock Vina: improving the speed and accuracy of docking    #
# with a new scoring function, efficient optimization and       #
# multithreading, Journal of Computational Chemistry 31 (2010)  #
# 455-461                                                       #
#                                                               #
# DOI 10.1002/jcc.21334                                         #
#                                                               #
# Please see http://vina.scripps.edu for more information.      #
#################################################################

Reading input ... done.
Setting up the scoring function ... done.
Analyzing the binding site ... done.
Using random seed: 18505
Performing search ... 
0%   10   20   30   40   50   60   70   80   90   100%
|----|----|----|----|----|----|----|----|----|----|
***************************************************
done.
Refining results ... done.

mode |   affinity | dist from best mode
     | (kcal/mol) | rmsd l.b.| rmsd u.b.
-----+------------+----------+----------
   1         -8.6      0.000      0.000
   2         -8.2      0.674      1.112
   3         -8.2      1.006      2.265
   4         -7.7      1.394      2.384
   5         -6.9      2.523      5.867
   6         -6.8      3.921      4.693
   7         -6.5      2.883      3.969
   8         -6.5      4.206      5.196
   9         -6.5      4.030      6.118
Writing output ... done.

>>> Running: 689043 (rep 3)
#################################################################
# If you used AutoDock Vina in your work, please cite:          #
#                                                               #
# O. Trott, A. J. Olson,                                        #
# AutoDock Vina: improving the speed and accuracy of docking    #
# with a new scoring function, efficient optimization and       #
# multithreading, Journal of Computational Chemistry 31 (2010)  #
# 455-461                                                       #
#                                                               #
# DOI 10.1002/jcc.21334                                         #
#                                                               #
# Please see http://vina.scripps.edu for more information.      #
#################################################################

Reading input ... done.
Setting up the scoring function ... done.
Analyzing the binding site ... done.
Using random seed: 25034
Performing search ... 
0%   10   20   30   40   50   60   70   80   90   100%
|----|----|----|----|----|----|----|----|----|----|
***************************************************
done.
Refining results ... done.

mode |   affinity | dist from best mode
     | (kcal/mol) | rmsd l.b.| rmsd u.b.
-----+------------+----------+----------
   1         -8.6      0.000      0.000
   2         -8.2      0.948      2.059
   3         -7.8      0.853      1.928
   4         -7.4      1.670      2.695
   5         -7.2      1.677      2.175
   6         -7.0      2.684      5.961
   7         -6.8      3.909      4.782
   8         -6.5      2.859      3.987
   9         -6.5      4.411      6.506
Writing output ... done.

>>> Running: 49831816 (rep 1)
#################################################################
# If you used AutoDock Vina in your work, please cite:          #
#                                                               #
# O. Trott, A. J. Olson,                                        #
# AutoDock Vina: improving the speed and accuracy of docking    #
# with a new scoring function, efficient optimization and       #
# multithreading, Journal of Computational Chemistry 31 (2010)  #
# 455-461                                                       #
#                                                               #
# DOI 10.1002/jcc.21334                                         #
#                                                               #
# Please see http://vina.scripps.edu for more information.      #
#################################################################

Reading input ... done.
Setting up the scoring function ... done.
Analyzing the binding site ... done.
Using random seed: 11542
Performing search ... 
0%   10   20   30   40   50   60   70   80   90   100%
|----|----|----|----|----|----|----|----|----|----|
***************************************************
done.
Refining results ... done.

mode |   affinity | dist from best mode
     | (kcal/mol) | rmsd l.b.| rmsd u.b.
-----+------------+----------+----------
   1         -7.5      0.000      0.000
   2         -7.5      1.789      2.130
   3         -7.3      2.002      5.898
   4         -7.2      1.889      5.699
   5         -7.2      1.924      2.686
   6         -7.1      1.670      6.167
   7         -6.9      2.134      2.761
   8         -6.9      1.702      2.119
   9         -6.9      2.359      3.300
Writing output ... done.

>>> Running: 49831816 (rep 2)
#################################################################
# If you used AutoDock Vina in your work, please cite:          #
#                                                               #
# O. Trott, A. J. Olson,                                        #
# AutoDock Vina: improving the speed and accuracy of docking    #
# with a new scoring function, efficient optimization and       #
# multithreading, Journal of Computational Chemistry 31 (2010)  #
# 455-461                                                       #
#                                                               #
# DOI 10.1002/jcc.21334                                         #
#                                                               #
# Please see http://vina.scripps.edu for more information.      #
#################################################################

Reading input ... done.
Setting up the scoring function ... done.
Analyzing the binding site ... done.
Using random seed: 28561
Performing search ... 
0%   10   20   30   40   50   60   70   80   90   100%
|----|----|----|----|----|----|----|----|----|----|
***************************************************
done.
Refining results ... done.

mode |   affinity | dist from best mode
     | (kcal/mol) | rmsd l.b.| rmsd u.b.
-----+------------+----------+----------
   1         -7.3      0.000      0.000
   2         -7.3      1.799      6.068
   3         -7.2      1.336      5.289
   4         -7.1      1.876      2.474
   5         -7.1      3.033      7.214
   6         -7.0      1.461      5.633
   7         -6.9      1.777      5.502
   8         -6.9      3.283      6.858
   9         -6.8      1.050      1.997
Writing output ... done.

>>> Running: 49831816 (rep 3)
#################################################################
# If you used AutoDock Vina in your work, please cite:          #
#                                                               #
# O. Trott, A. J. Olson,                                        #
# AutoDock Vina: improving the speed and accuracy of docking    #
# with a new scoring function, efficient optimization and       #
# multithreading, Journal of Computational Chemistry 31 (2010)  #
# 455-461                                                       #
#                                                               #
# DOI 10.1002/jcc.21334                                         #
#                                                               #
# Please see http://vina.scripps.edu for more information.      #
#################################################################

Reading input ... done.
Setting up the scoring function ... done.
Analyzing the binding site ... done.
Using random seed: 15320
Performing search ... 
0%   10   20   30   40   50   60   70   80   90   100%
|----|----|----|----|----|----|----|----|----|----|
***************************************************
done.
Refining results ... done.

mode |   affinity | dist from best mode
     | (kcal/mol) | rmsd l.b.| rmsd u.b.
-----+------------+----------+----------
   1         -7.4      0.000      0.000
   2         -7.3      1.927      2.238
   3         -7.2      1.601      5.053
   4         -7.2      1.543      5.313
   5         -7.1      1.465      1.795
   6         -7.0      1.680      2.336
   7         -6.9      1.572      5.695
   8         -6.9      3.945      5.740
   9         -6.9      3.025      4.219
Writing output ... done.

>>> Running: 107 (rep 1)
#################################################################
# If you used AutoDock Vina in your work, please cite:          #
#                                                               #
# O. Trott, A. J. Olson,                                        #
# AutoDock Vina: improving the speed and accuracy of docking    #
# with a new scoring function, efficient optimization and       #
# multithreading, Journal of Computational Chemistry 31 (2010)  #
# 455-461                                                       #
#                                                               #
# DOI 10.1002/jcc.21334                                         #
#                                                               #
# Please see http://vina.scripps.edu for more information.      #
#################################################################

Reading input ... done.
Setting up the scoring function ... done.
Analyzing the binding site ... done.
Using random seed: 5923
Performing search ... 
0%   10   20   30   40   50   60   70   80   90   100%
|----|----|----|----|----|----|----|----|----|----|
***************************************************
done.
Refining results ... done.

mode |   affinity | dist from best mode
     | (kcal/mol) | rmsd l.b.| rmsd u.b.
-----+------------+----------+----------
   1         -7.4      0.000      0.000
   2         -7.0      2.005      3.038
   3         -6.9      1.341      2.171
   4         -6.6      1.487      2.298
   5         -6.5      3.455      5.328
   6         -6.4      3.858      5.448
   7         -6.4      3.844      5.600
   8         -6.2      3.790      5.357
   9         -5.8      3.704      5.139
Writing output ... done.

>>> Running: 107 (rep 2)
#################################################################
# If you used AutoDock Vina in your work, please cite:          #
#                                                               #
# O. Trott, A. J. Olson,                                        #
# AutoDock Vina: improving the speed and accuracy of docking    #
# with a new scoring function, efficient optimization and       #
# multithreading, Journal of Computational Chemistry 31 (2010)  #
# 455-461                                                       #
#                                                               #
# DOI 10.1002/jcc.21334                                         #
#                                                               #
# Please see http://vina.scripps.edu for more information.      #
#################################################################

Reading input ... done.
Setting up the scoring function ... done.
Analyzing the binding site ... done.
Using random seed: 8995
Performing search ... 
0%   10   20   30   40   50   60   70   80   90   100%
|----|----|----|----|----|----|----|----|----|----|
***************************************************
done.
Refining results ... done.

mode |   affinity | dist from best mode
     | (kcal/mol) | rmsd l.b.| rmsd u.b.
-----+------------+----------+----------
   1         -7.4      0.000      0.000
   2         -7.0      1.985      3.080
   3         -6.9      1.328      2.155
   4         -6.7      1.509      2.278
   5         -6.5      3.515      5.253
   6         -6.4      3.877      5.546
   7         -6.1      3.437      5.199
   8         -5.7      2.894      4.260
   9         -5.6      2.121      3.424
Writing output ... done.

>>> Running: 107 (rep 3)
#################################################################
# If you used AutoDock Vina in your work, please cite:          #
#                                                               #
# O. Trott, A. J. Olson,                                        #
# AutoDock Vina: improving the speed and accuracy of docking    #
# with a new scoring function, efficient optimization and       #
# multithreading, Journal of Computational Chemistry 31 (2010)  #
# 455-461                                                       #
#                                                               #
# DOI 10.1002/jcc.21334                                         #
#                                                               #
# Please see http://vina.scripps.edu for more information.      #
#################################################################

Reading input ... done.
Setting up the scoring function ... done.
Analyzing the binding site ... done.
Using random seed: 32015
Performing search ... 
0%   10   20   30   40   50   60   70   80   90   100%
|----|----|----|----|----|----|----|----|----|----|
***************************************************
done.
Refining results ... done.

mode |   affinity | dist from best mode
     | (kcal/mol) | rmsd l.b.| rmsd u.b.
-----+------------+----------+----------
   1         -7.4      0.000      0.000
   2         -7.0      1.977      3.116
   3         -6.9      1.352      2.405
   4         -6.8      1.699      2.528
   5         -6.5      3.464      5.406
   6         -6.5      3.534      5.233
   7         -6.4      3.835      5.415
   8         -6.0      3.857      5.709
   9         -5.9      3.660      4.995
Writing output ... done.

>>> Running: 6262 (rep 1)
#################################################################
# If you used AutoDock Vina in your work, please cite:          #
#                                                               #
# O. Trott, A. J. Olson,                                        #
# AutoDock Vina: improving the speed and accuracy of docking    #
# with a new scoring function, efficient optimization and       #
# multithreading, Journal of Computational Chemistry 31 (2010)  #
# 455-461                                                       #
#                                                               #
# DOI 10.1002/jcc.21334                                         #
#                                                               #
# Please see http://vina.scripps.edu for more information.      #
#################################################################

Reading input ... done.
Setting up the scoring function ... done.
Analyzing the binding site ... done.
Using random seed: 31626
Performing search ... 
0%   10   20   30   40   50   60   70   80   90   100%
|----|----|----|----|----|----|----|----|----|----|
***************************************************
done.
Refining results ... done.

mode |   affinity | dist from best mode
     | (kcal/mol) | rmsd l.b.| rmsd u.b.
-----+------------+----------+----------
   1         -7.2      0.000      0.000
   2         -6.8      2.112      3.209
   3         -6.5      1.795      1.858
   4         -6.4      3.585      4.372
   5         -6.4      1.197      1.222
   6         -6.3      1.773      2.357
   7         -6.2      3.677      4.226
   8         -6.2      2.695      3.685
   9         -5.9      2.785      3.924
Writing output ... done.

>>> Running: 6262 (rep 2)
#################################################################
# If you used AutoDock Vina in your work, please cite:          #
#                                                               #
# O. Trott, A. J. Olson,                                        #
# AutoDock Vina: improving the speed and accuracy of docking    #
# with a new scoring function, efficient optimization and       #
# multithreading, Journal of Computational Chemistry 31 (2010)  #
# 455-461                                                       #
#                                                               #
# DOI 10.1002/jcc.21334                                         #
#                                                               #
# Please see http://vina.scripps.edu for more information.      #
#################################################################

Reading input ... done.
Setting up the scoring function ... done.
Analyzing the binding site ... done.
Using random seed: 23250
Performing search ... 
0%   10   20   30   40   50   60   70   80   90   100%
|----|----|----|----|----|----|----|----|----|----|
***************************************************
done.
Refining results ... done.

mode |   affinity | dist from best mode
     | (kcal/mol) | rmsd l.b.| rmsd u.b.
-----+------------+----------+----------
   1         -7.2      0.000      0.000
   2         -7.0      0.213      1.081
   3         -6.7      1.965      2.790
   4         -6.4      2.129      2.239
   5         -6.3      3.558      4.438
   6         -6.3      1.418      1.944
   7         -6.2      1.617      2.354
   8         -6.2      2.724      3.833
   9         -6.0      2.634      3.050
Writing output ... done.

>>> Running: 6262 (rep 3)
#################################################################
# If you used AutoDock Vina in your work, please cite:          #
#                                                               #
# O. Trott, A. J. Olson,                                        #
# AutoDock Vina: improving the speed and accuracy of docking    #
# with a new scoring function, efficient optimization and       #
# multithreading, Journal of Computational Chemistry 31 (2010)  #
# 455-461                                                       #
#                                                               #
# DOI 10.1002/jcc.21334                                         #
#                                                               #
# Please see http://vina.scripps.edu for more information.      #
#################################################################

Reading input ... done.
Setting up the scoring function ... done.
Analyzing the binding site ... done.
Using random seed: 22446
Performing search ... 
0%   10   20   30   40   50   60   70   80   90   100%
|----|----|----|----|----|----|----|----|----|----|
***************************************************
done.
Refining results ... done.

mode |   affinity | dist from best mode
     | (kcal/mol) | rmsd l.b.| rmsd u.b.
-----+------------+----------+----------
   1         -7.2      0.000      0.000
   2         -6.7      1.962      2.771
   3         -6.6      2.238      3.217
   4         -6.5      1.173      1.206
   5         -6.5      1.888      2.007
   6         -6.3      3.549      4.434
   7         -6.1      2.710      3.818
   8         -6.0      3.668      4.183
   9         -6.0      3.133      4.290
Writing output ... done.

>>> Running: 10176710 (rep 1)
#################################################################
# If you used AutoDock Vina in your work, please cite:          #
#                                                               #
# O. Trott, A. J. Olson,                                        #
# AutoDock Vina: improving the speed and accuracy of docking    #
# with a new scoring function, efficient optimization and       #
# multithreading, Journal of Computational Chemistry 31 (2010)  #
# 455-461                                                       #
#                                                               #
# DOI 10.1002/jcc.21334                                         #
#                                                               #
# Please see http://vina.scripps.edu for more information.      #
#################################################################

Reading input ... done.
Setting up the scoring function ... done.
Analyzing the binding site ... done.
Using random seed: 4455
Performing search ... 
0%   10   20   30   40   50   60   70   80   90   100%
|----|----|----|----|----|----|----|----|----|----|
***************************************************
done.
Refining results ... done.

mode |   affinity | dist from best mode
     | (kcal/mol) | rmsd l.b.| rmsd u.b.
-----+------------+----------+----------
   1         -7.4      0.000      0.000
   2         -7.3      1.830      2.261
   3         -7.2      1.107      1.428
   4         -7.1      5.592      7.202
   5         -7.1      5.486      7.121
   6         -7.0      5.196      6.314
   7         -7.0      0.657      1.324
   8         -6.9      5.457      7.150
   9         -6.9      5.814      8.587
Writing output ... done.

>>> Running: 10176710 (rep 2)
#################################################################
# If you used AutoDock Vina in your work, please cite:          #
#                                                               #
# O. Trott, A. J. Olson,                                        #
# AutoDock Vina: improving the speed and accuracy of docking    #
# with a new scoring function, efficient optimization and       #
# multithreading, Journal of Computational Chemistry 31 (2010)  #
# 455-461                                                       #
#                                                               #
# DOI 10.1002/jcc.21334                                         #
#                                                               #
# Please see http://vina.scripps.edu for more information.      #
#################################################################

Reading input ... done.
Setting up the scoring function ... done.
Analyzing the binding site ... done.
Using random seed: 9023
Performing search ... 
0%   10   20   30   40   50   60   70   80   90   100%
|----|----|----|----|----|----|----|----|----|----|
***************************************************
done.
Refining results ... done.

mode |   affinity | dist from best mode
     | (kcal/mol) | rmsd l.b.| rmsd u.b.
-----+------------+----------+----------
   1         -7.4      0.000      0.000
   2         -7.4      1.831      2.232
   3         -7.2      5.648      7.107
   4         -7.2      5.682      7.070
   5         -7.1      2.383      2.919
   6         -7.0      5.409      6.621
   7         -6.9      6.488      8.540
   8         -6.9      2.761      3.336
   9         -6.8      7.866      8.746
Writing output ... done.

>>> Running: 10176710 (rep 3)
#################################################################
# If you used AutoDock Vina in your work, please cite:          #
#                                                               #
# O. Trott, A. J. Olson,                                        #
# AutoDock Vina: improving the speed and accuracy of docking    #
# with a new scoring function, efficient optimization and       #
# multithreading, Journal of Computational Chemistry 31 (2010)  #
# 455-461                                                       #
#                                                               #
# DOI 10.1002/jcc.21334                                         #
#                                                               #
# Please see http://vina.scripps.edu for more information.      #
#################################################################

Reading input ... done.
Setting up the scoring function ... done.
Analyzing the binding site ... done.
Using random seed: 27053
Performing search ... 
0%   10   20   30   40   50   60   70   80   90   100%
|----|----|----|----|----|----|----|----|----|----|
***************************************************
done.
Refining results ... done.

mode |   affinity | dist from best mode
     | (kcal/mol) | rmsd l.b.| rmsd u.b.
-----+------------+----------+----------
   1         -7.4      0.000      0.000
   2         -7.4      1.829      2.224
   3         -7.2      5.670      7.040
   4         -7.1      5.437      6.676
   5         -7.0      5.584      7.197
   6         -7.0      5.805      7.247
   7         -6.9      6.442      8.502
   8         -6.9      2.765      3.342
   9         -6.9      7.071      9.318
Writing output ... done.

>>> Running: m5 (rep 1)
#################################################################
# If you used AutoDock Vina in your work, please cite:          #
#                                                               #
# O. Trott, A. J. Olson,                                        #
# AutoDock Vina: improving the speed and accuracy of docking    #
# with a new scoring function, efficient optimization and       #
# multithreading, Journal of Computational Chemistry 31 (2010)  #
# 455-461                                                       #
#                                                               #
# DOI 10.1002/jcc.21334                                         #
#                                                               #
# Please see http://vina.scripps.edu for more information.      #
#################################################################

Reading input ... done.
Setting up the scoring function ... done.
Analyzing the binding site ... done.
Using random seed: 32165
Performing search ... 
0%   10   20   30   40   50   60   70   80   90   100%
|----|----|----|----|----|----|----|----|----|----|
***************************************************
done.
Refining results ... done.

mode |   affinity | dist from best mode
     | (kcal/mol) | rmsd l.b.| rmsd u.b.
-----+------------+----------+----------
   1         -8.4      0.000      0.000
   2         -8.4      0.055      1.849
   3         -8.3      1.345      2.009
   4         -8.1      1.379      2.319
   5         -8.1      1.808      6.583
   6         -8.1      1.813      6.750
   7         -8.1      1.543      1.830
   8         -8.0      1.629      6.306
   9         -8.0      1.636      6.459
Writing output ... done.

>>> Running: m5 (rep 2)
#################################################################
# If you used AutoDock Vina in your work, please cite:          #
#                                                               #
# O. Trott, A. J. Olson,                                        #
# AutoDock Vina: improving the speed and accuracy of docking    #
# with a new scoring function, efficient optimization and       #
# multithreading, Journal of Computational Chemistry 31 (2010)  #
# 455-461                                                       #
#                                                               #
# DOI 10.1002/jcc.21334                                         #
#                                                               #
# Please see http://vina.scripps.edu for more information.      #
#################################################################

Reading input ... done.
Setting up the scoring function ... done.
Analyzing the binding site ... done.
Using random seed: 4342
Performing search ... 
0%   10   20   30   40   50   60   70   80   90   100%
|----|----|----|----|----|----|----|----|----|----|
***************************************************
done.
Refining results ... done.

mode |   affinity | dist from best mode
     | (kcal/mol) | rmsd l.b.| rmsd u.b.
-----+------------+----------+----------
   1         -8.4      0.000      0.000
   2         -8.4      0.038      1.848
   3         -8.3      1.349      2.023
   4         -8.1      1.812      6.585
   5         -8.0      1.643      6.304
   6         -8.0      1.679      6.421
   7         -7.9      1.582      2.370
   8         -7.8      1.570      6.747
   9         -7.8      2.215      6.824
Writing output ... done.

>>> Running: m5 (rep 3)
#################################################################
# If you used AutoDock Vina in your work, please cite:          #
#                                                               #
# O. Trott, A. J. Olson,                                        #
# AutoDock Vina: improving the speed and accuracy of docking    #
# with a new scoring function, efficient optimization and       #
# multithreading, Journal of Computational Chemistry 31 (2010)  #
# 455-461                                                       #
#                                                               #
# DOI 10.1002/jcc.21334                                         #
#                                                               #
# Please see http://vina.scripps.edu for more information.      #
#################################################################

Reading input ... done.
Setting up the scoring function ... done.
Analyzing the binding site ... done.
Using random seed: 30578
Performing search ... 
0%   10   20   30   40   50   60   70   80   90   100%
|----|----|----|----|----|----|----|----|----|----|
***************************************************
done.
Refining results ... done.

mode |   affinity | dist from best mode
     | (kcal/mol) | rmsd l.b.| rmsd u.b.
-----+------------+----------+----------
   1         -8.4      0.000      0.000
   2         -8.4      0.078      1.850
   3         -8.3      1.337      2.013
   4         -8.1      1.820      6.582
   5         -8.1      1.543      2.256
   6         -8.0      1.864      6.867
   7         -8.0      1.605      6.295
   8         -8.0      1.600      6.481
   9         -7.9      1.556      6.787
Writing output ... done.

>>> Running: 348154 (rep 1)
#################################################################
# If you used AutoDock Vina in your work, please cite:          #
#                                                               #
# O. Trott, A. J. Olson,                                        #
# AutoDock Vina: improving the speed and accuracy of docking    #
# with a new scoring function, efficient optimization and       #
# multithreading, Journal of Computational Chemistry 31 (2010)  #
# 455-461                                                       #
#                                                               #
# DOI 10.1002/jcc.21334                                         #
#                                                               #
# Please see http://vina.scripps.edu for more information.      #
#################################################################

Reading input ... done.
Setting up the scoring function ... done.
Analyzing the binding site ... done.
Using random seed: 10148
Performing search ... 
0%   10   20   30   40   50   60   70   80   90   100%
|----|----|----|----|----|----|----|----|----|----|
***************************************************
done.
Refining results ... done.

mode |   affinity | dist from best mode
     | (kcal/mol) | rmsd l.b.| rmsd u.b.
-----+------------+----------+----------
   1         -8.7      0.000      0.000
   2         -8.6      0.621      2.069
   3         -8.2      1.205      2.281
   4         -7.7      1.164      1.918
   5         -7.7      1.517      2.010
   6         -7.3      1.891      2.877
   7         -6.8      2.698      3.598
   8         -6.7      2.729      5.755
   9         -6.6      2.917      5.970
Writing output ... done.

>>> Running: 348154 (rep 2)
#################################################################
# If you used AutoDock Vina in your work, please cite:          #
#                                                               #
# O. Trott, A. J. Olson,                                        #
# AutoDock Vina: improving the speed and accuracy of docking    #
# with a new scoring function, efficient optimization and       #
# multithreading, Journal of Computational Chemistry 31 (2010)  #
# 455-461                                                       #
#                                                               #
# DOI 10.1002/jcc.21334                                         #
#                                                               #
# Please see http://vina.scripps.edu for more information.      #
#################################################################

Reading input ... done.
Setting up the scoring function ... done.
Analyzing the binding site ... done.
Using random seed: 21462
Performing search ... 
0%   10   20   30   40   50   60   70   80   90   100%
|----|----|----|----|----|----|----|----|----|----|
***************************************************
done.
Refining results ... done.

mode |   affinity | dist from best mode
     | (kcal/mol) | rmsd l.b.| rmsd u.b.
-----+------------+----------+----------
   1         -8.6      0.000      0.000
   2         -8.6      0.637      2.071
   3         -8.2      1.015      1.559
   4         -7.6      0.875      2.113
   5         -7.1      1.965      2.736
   6         -7.0      2.836      3.577
   7         -6.8      2.567      5.888
   8         -6.8      2.260      5.577
   9         -6.7      4.323      5.339
Writing output ... done.

>>> Running: 348154 (rep 3)
#################################################################
# If you used AutoDock Vina in your work, please cite:          #
#                                                               #
# O. Trott, A. J. Olson,                                        #
# AutoDock Vina: improving the speed and accuracy of docking    #
# with a new scoring function, efficient optimization and       #
# multithreading, Journal of Computational Chemistry 31 (2010)  #
# 455-461                                                       #
#                                                               #
# DOI 10.1002/jcc.21334                                         #
#                                                               #
# Please see http://vina.scripps.edu for more information.      #
#################################################################

Reading input ... done.
Setting up the scoring function ... done.
Analyzing the binding site ... done.
Using random seed: 5642
Performing search ... 
0%   10   20   30   40   50   60   70   80   90   100%
|----|----|----|----|----|----|----|----|----|----|
***************************************************
done.
Refining results ... done.

mode |   affinity | dist from best mode
     | (kcal/mol) | rmsd l.b.| rmsd u.b.
-----+------------+----------+----------
   1         -8.7      0.000      0.000
   2         -8.6      0.649      1.880
   3         -8.1      1.262      2.458
   4         -7.5      1.623      2.311
   5         -6.8      2.913      3.938
   6         -6.7      2.759      5.777
   7         -6.7      2.419      5.713
   8         -6.6      4.401      5.680
   9         -6.5      4.110      4.958
Writing output ... done.

>>> Running: 10394 (rep 1)
#################################################################
# If you used AutoDock Vina in your work, please cite:          #
#                                                               #
# O. Trott, A. J. Olson,                                        #
# AutoDock Vina: improving the speed and accuracy of docking    #
# with a new scoring function, efficient optimization and       #
# multithreading, Journal of Computational Chemistry 31 (2010)  #
# 455-461                                                       #
#                                                               #
# DOI 10.1002/jcc.21334                                         #
#                                                               #
# Please see http://vina.scripps.edu for more information.      #
#################################################################

Reading input ... done.
Setting up the scoring function ... done.
Analyzing the binding site ... done.
Using random seed: 17478
Performing search ... 
0%   10   20   30   40   50   60   70   80   90   100%
|----|----|----|----|----|----|----|----|----|----|
***************************************************
done.
Refining results ... done.

mode |   affinity | dist from best mode
     | (kcal/mol) | rmsd l.b.| rmsd u.b.
-----+------------+----------+----------
   1         -8.2      0.000      0.000
   2         -7.7      1.224      1.877
   3         -7.6      1.507      2.038
   4         -7.1      2.126      5.589
   5         -7.0      2.176      5.371
   6         -6.7      3.104      3.881
   7         -6.1      3.526      6.000
   8         -6.1      3.352      4.629
   9         -6.0      2.845      6.016
Writing output ... done.

>>> Running: 10394 (rep 2)
#################################################################
# If you used AutoDock Vina in your work, please cite:          #
#                                                               #
# O. Trott, A. J. Olson,                                        #
# AutoDock Vina: improving the speed and accuracy of docking    #
# with a new scoring function, efficient optimization and       #
# multithreading, Journal of Computational Chemistry 31 (2010)  #
# 455-461                                                       #
#                                                               #
# DOI 10.1002/jcc.21334                                         #
#                                                               #
# Please see http://vina.scripps.edu for more information.      #
#################################################################

Reading input ... done.
Setting up the scoring function ... done.
Analyzing the binding site ... done.
Using random seed: 20464
Performing search ... 
0%   10   20   30   40   50   60   70   80   90   100%
|----|----|----|----|----|----|----|----|----|----|
***************************************************
done.
Refining results ... done.

mode |   affinity | dist from best mode
     | (kcal/mol) | rmsd l.b.| rmsd u.b.
-----+------------+----------+----------
   1         -8.1      0.000      0.000
   2         -7.9      1.078      1.811
   3         -7.9      1.086      1.432
   4         -7.1      2.073      5.603
   5         -7.1      2.125      5.397
   6         -6.8      3.029      3.835
   7         -6.4      2.208      2.768
   8         -6.3      2.247      5.554
   9         -6.3      3.470      5.928
Writing output ... done.

>>> Running: 10394 (rep 3)
#################################################################
# If you used AutoDock Vina in your work, please cite:          #
#                                                               #
# O. Trott, A. J. Olson,                                        #
# AutoDock Vina: improving the speed and accuracy of docking    #
# with a new scoring function, efficient optimization and       #
# multithreading, Journal of Computational Chemistry 31 (2010)  #
# 455-461                                                       #
#                                                               #
# DOI 10.1002/jcc.21334                                         #
#                                                               #
# Please see http://vina.scripps.edu for more information.      #
#################################################################

Reading input ... done.
Setting up the scoring function ... done.
Analyzing the binding site ... done.
Using random seed: 27204
Performing search ... 
0%   10   20   30   40   50   60   70   80   90   100%
|----|----|----|----|----|----|----|----|----|----|
***************************************************
done.
Refining results ... done.

mode |   affinity | dist from best mode
     | (kcal/mol) | rmsd l.b.| rmsd u.b.
-----+------------+----------+----------
   1         -8.2      0.000      0.000
   2         -7.8      1.122      1.806
   3         -7.4      1.396      1.869
   4         -7.1      2.139      5.585
   5         -7.0      2.139      5.407
   6         -7.0      1.765      2.256
   7         -6.6      2.256      2.892
   8         -6.5      2.233      5.305
   9         -6.4      1.987      5.270
Writing output ... done.

>>> Running: m1 (rep 1)
#################################################################
# If you used AutoDock Vina in your work, please cite:          #
#                                                               #
# O. Trott, A. J. Olson,                                        #
# AutoDock Vina: improving the speed and accuracy of docking    #
# with a new scoring function, efficient optimization and       #
# multithreading, Journal of Computational Chemistry 31 (2010)  #
# 455-461                                                       #
#                                                               #
# DOI 10.1002/jcc.21334                                         #
#                                                               #
# Please see http://vina.scripps.edu for more information.      #
#################################################################

Reading input ... done.
Setting up the scoring function ... done.
Analyzing the binding site ... done.
Using random seed: 28524
Performing search ... 
0%   10   20   30   40   50   60   70   80   90   100%
|----|----|----|----|----|----|----|----|----|----|
***************************************************
done.
Refining results ... done.

mode |   affinity | dist from best mode
     | (kcal/mol) | rmsd l.b.| rmsd u.b.
-----+------------+----------+----------
   1         -8.3      0.000      0.000
   2         -7.6      0.717      1.882
   3         -7.5      1.920      2.455
   4         -7.5      2.122      2.971
   5         -7.3      2.008      2.887
   6         -7.3      2.859      4.395
   7         -7.2      4.077      5.296
   8         -7.1      2.058      3.149
   9         -7.0      2.345      6.482
Writing output ... done.

>>> Running: m1 (rep 2)
#################################################################
# If you used AutoDock Vina in your work, please cite:          #
#                                                               #
# O. Trott, A. J. Olson,                                        #
# AutoDock Vina: improving the speed and accuracy of docking    #
# with a new scoring function, efficient optimization and       #
# multithreading, Journal of Computational Chemistry 31 (2010)  #
# 455-461                                                       #
#                                                               #
# DOI 10.1002/jcc.21334                                         #
#                                                               #
# Please see http://vina.scripps.edu for more information.      #
#################################################################

Reading input ... done.
Setting up the scoring function ... done.
Analyzing the binding site ... done.
Using random seed: 20182
Performing search ... 
0%   10   20   30   40   50   60   70   80   90   100%
|----|----|----|----|----|----|----|----|----|----|
***************************************************
done.
Refining results ... done.

mode |   affinity | dist from best mode
     | (kcal/mol) | rmsd l.b.| rmsd u.b.
-----+------------+----------+----------
   1         -8.3      0.000      0.000
   2         -8.0      1.816      2.155
   3         -7.6      0.756      1.737
   4         -7.3      2.982      4.292
   5         -7.3      2.213      2.532
   6         -7.3      0.968      1.317
   7         -7.3      1.977      2.771
   8         -7.2      2.139      2.824
   9         -7.2      1.884      6.215
Writing output ... done.

>>> Running: m1 (rep 3)
#################################################################
# If you used AutoDock Vina in your work, please cite:          #
#                                                               #
# O. Trott, A. J. Olson,                                        #
# AutoDock Vina: improving the speed and accuracy of docking    #
# with a new scoring function, efficient optimization and       #
# multithreading, Journal of Computational Chemistry 31 (2010)  #
# 455-461                                                       #
#                                                               #
# DOI 10.1002/jcc.21334                                         #
#                                                               #
# Please see http://vina.scripps.edu for more information.      #
#################################################################

Reading input ... done.
Setting up the scoring function ... done.
Analyzing the binding site ... done.
Using random seed: 2797
Performing search ... 
0%   10   20   30   40   50   60   70   80   90   100%
|----|----|----|----|----|----|----|----|----|----|
***************************************************
done.
Refining results ... done.

mode |   affinity | dist from best mode
     | (kcal/mol) | rmsd l.b.| rmsd u.b.
-----+------------+----------+----------
   1         -8.2      0.000      0.000
   2         -7.7      0.682      1.686
   3         -7.6      2.452      2.928
   4         -7.4      2.181      3.016
   5         -7.3      1.420      1.700
   6         -7.2      2.122      3.050
   7         -7.1      1.896      5.824
   8         -7.0      2.034      3.155
   9         -7.0      2.173      3.445
Writing output ... done.

>>> Running: m3 (rep 1)
#################################################################
# If you used AutoDock Vina in your work, please cite:          #
#                                                               #
# O. Trott, A. J. Olson,                                        #
# AutoDock Vina: improving the speed and accuracy of docking    #
# with a new scoring function, efficient optimization and       #
# multithreading, Journal of Computational Chemistry 31 (2010)  #
# 455-461                                                       #
#                                                               #
# DOI 10.1002/jcc.21334                                         #
#                                                               #
# Please see http://vina.scripps.edu for more information.      #
#################################################################

Reading input ... done.
Setting up the scoring function ... done.
Analyzing the binding site ... done.
Using random seed: 2400
Performing search ... 
0%   10   20   30   40   50   60   70   80   90   100%
|----|----|----|----|----|----|----|----|----|----|
***************************************************
done.
Refining results ... done.

mode |   affinity | dist from best mode
     | (kcal/mol) | rmsd l.b.| rmsd u.b.
-----+------------+----------+----------
   1         -8.2      0.000      0.000
   2         -8.0      2.278      3.890
   3         -7.8      1.032      1.234
   4         -7.8      2.509      4.065
   5         -7.6      1.761      2.008
   6         -7.5      1.624      5.855
   7         -7.3      2.113      3.345
   8         -7.3      2.191      2.977
   9         -7.2      1.515      2.253
Writing output ... done.

>>> Running: m3 (rep 2)
#################################################################
# If you used AutoDock Vina in your work, please cite:          #
#                                                               #
# O. Trott, A. J. Olson,                                        #
# AutoDock Vina: improving the speed and accuracy of docking    #
# with a new scoring function, efficient optimization and       #
# multithreading, Journal of Computational Chemistry 31 (2010)  #
# 455-461                                                       #
#                                                               #
# DOI 10.1002/jcc.21334                                         #
#                                                               #
# Please see http://vina.scripps.edu for more information.      #
#################################################################

Reading input ... done.
Setting up the scoring function ... done.
Analyzing the binding site ... done.
Using random seed: 10387
Performing search ... 
0%   10   20   30   40   50   60   70   80   90   100%
|----|----|----|----|----|----|----|----|----|----|
***************************************************
done.
Refining results ... done.

mode |   affinity | dist from best mode
     | (kcal/mol) | rmsd l.b.| rmsd u.b.
-----+------------+----------+----------
   1         -7.8      0.000      0.000
   2         -7.8      2.252      3.894
   3         -7.5      2.284      3.389
   4         -7.4      1.667      2.088
   5         -7.4      2.497      3.442
   6         -7.3      2.875      4.363
   7         -7.1      1.490      1.529
   8         -7.1      3.722      6.256
   9         -7.1      3.395      5.101
Writing output ... done.

>>> Running: m3 (rep 3)
#################################################################
# If you used AutoDock Vina in your work, please cite:          #
#                                                               #
# O. Trott, A. J. Olson,                                        #
# AutoDock Vina: improving the speed and accuracy of docking    #
# with a new scoring function, efficient optimization and       #
# multithreading, Journal of Computational Chemistry 31 (2010)  #
# 455-461                                                       #
#                                                               #
# DOI 10.1002/jcc.21334                                         #
#                                                               #
# Please see http://vina.scripps.edu for more information.      #
#################################################################

Reading input ... done.
Setting up the scoring function ... done.
Analyzing the binding site ... done.
Using random seed: 20273
Performing search ... 
0%   10   20   30   40   50   60   70   80   90   100%
|----|----|----|----|----|----|----|----|----|----|
***************************************************
done.
Refining results ... done.

mode |   affinity | dist from best mode
     | (kcal/mol) | rmsd l.b.| rmsd u.b.
-----+------------+----------+----------
   1         -8.2      0.000      0.000
   2         -8.1      2.300      3.720
   3         -7.7      0.972      1.398
   4         -7.6      1.783      2.008
   5         -7.5      2.375      3.743
   6         -7.4      1.547      6.193
   7         -7.3      1.502      2.472
   8         -7.3      1.550      5.825
   9         -7.1      2.028      5.510
Writing output ... done.

>>> Running: rolR (rep 1)
#################################################################
# If you used AutoDock Vina in your work, please cite:          #
#                                                               #
# O. Trott, A. J. Olson,                                        #
# AutoDock Vina: improving the speed and accuracy of docking    #
# with a new scoring function, efficient optimization and       #
# multithreading, Journal of Computational Chemistry 31 (2010)  #
# 455-461                                                       #
#                                                               #
# DOI 10.1002/jcc.21334                                         #
#                                                               #
# Please see http://vina.scripps.edu for more information.      #
#################################################################

Reading input ... done.
Setting up the scoring function ... done.
Analyzing the binding site ... done.
Using random seed: 26458
Performing search ... 
0%   10   20   30   40   50   60   70   80   90   100%
|----|----|----|----|----|----|----|----|----|----|
***************************************************
done.
Refining results ... done.

mode |   affinity | dist from best mode
     | (kcal/mol) | rmsd l.b.| rmsd u.b.
-----+------------+----------+----------
   1         -8.1      0.000      0.000
   2         -7.9      3.405      6.289
   3         -7.8      3.137      7.058
   4         -7.5      3.156      6.717
   5         -7.5      3.077      6.066
   6         -7.3      2.778      6.128
   7         -7.2      1.490      1.582
   8         -7.2      3.665      6.589
   9         -7.2      2.818      4.413
Writing output ... done.

>>> Running: rolR (rep 2)
#################################################################
# If you used AutoDock Vina in your work, please cite:          #
#                                                               #
# O. Trott, A. J. Olson,                                        #
# AutoDock Vina: improving the speed and accuracy of docking    #
# with a new scoring function, efficient optimization and       #
# multithreading, Journal of Computational Chemistry 31 (2010)  #
# 455-461                                                       #
#                                                               #
# DOI 10.1002/jcc.21334                                         #
#                                                               #
# Please see http://vina.scripps.edu for more information.      #
#################################################################

Reading input ... done.
Setting up the scoring function ... done.
Analyzing the binding site ... done.
Using random seed: 7191
Performing search ... 
0%   10   20   30   40   50   60   70   80   90   100%
|----|----|----|----|----|----|----|----|----|----|
***************************************************
done.
Refining results ... done.

mode |   affinity | dist from best mode
     | (kcal/mol) | rmsd l.b.| rmsd u.b.
-----+------------+----------+----------
   1         -8.1      0.000      0.000
   2         -7.9      3.422      6.312
   3         -7.8      3.174      7.099
   4         -7.5      3.417      6.793
   5         -7.5      3.306      6.105
   6         -7.4      2.811      6.126
   7         -7.3      3.787      7.424
   8         -7.1      2.672      3.463
   9         -7.1      3.122      6.717
Writing output ... done.

>>> Running: rolR (rep 3)
#################################################################
# If you used AutoDock Vina in your work, please cite:          #
#                                                               #
# O. Trott, A. J. Olson,                                        #
# AutoDock Vina: improving the speed and accuracy of docking    #
# with a new scoring function, efficient optimization and       #
# multithreading, Journal of Computational Chemistry 31 (2010)  #
# 455-461                                                       #
#                                                               #
# DOI 10.1002/jcc.21334                                         #
#                                                               #
# Please see http://vina.scripps.edu for more information.      #
#################################################################

Reading input ... done.
Setting up the scoring function ... done.
Analyzing the binding site ... done.
Using random seed: 3882
Performing search ... 
0%   10   20   30   40   50   60   70   80   90   100%
|----|----|----|----|----|----|----|----|----|----|
***************************************************
done.
Refining results ... done.

mode |   affinity | dist from best mode
     | (kcal/mol) | rmsd l.b.| rmsd u.b.
-----+------------+----------+----------
   1         -8.1      0.000      0.000
   2         -7.9      3.404      6.279
   3         -7.8      3.135      7.052
   4         -7.4      3.156      6.809
   5         -7.4      1.210      1.414
   6         -7.4      2.963      6.414
   7         -7.3      2.904      6.154
   8         -7.2      3.503      5.923
   9         -7.1      1.182      1.493
Writing output ... done.

>>> Running: rf (rep 1)
#################################################################
# If you used AutoDock Vina in your work, please cite:          #
#                                                               #
# O. Trott, A. J. Olson,                                        #
# AutoDock Vina: improving the speed and accuracy of docking    #
# with a new scoring function, efficient optimization and       #
# multithreading, Journal of Computational Chemistry 31 (2010)  #
# 455-461                                                       #
#                                                               #
# DOI 10.1002/jcc.21334                                         #
#                                                               #
# Please see http://vina.scripps.edu for more information.      #
#################################################################

Reading input ... done.
Setting up the scoring function ... done.
Analyzing the binding site ... done.
Using random seed: 1113
Performing search ... 
0%   10   20   30   40   50   60   70   80   90   100%
|----|----|----|----|----|----|----|----|----|----|
***************************************************
done.
Refining results ... done.

mode |   affinity | dist from best mode
     | (kcal/mol) | rmsd l.b.| rmsd u.b.
-----+------------+----------+----------
   1         -8.5      0.000      0.000
   2         -8.5      4.213      6.920
   3         -8.5      0.128      1.779
   4         -8.4      4.155      6.780
   5         -8.4      4.531      7.515
   6         -8.3      4.318      7.230
   7         -8.3      1.785      3.887
   8         -8.0      1.692      2.438
   9         -7.9      4.544      6.952
Writing output ... done.

>>> Running: rf (rep 2)
#################################################################
# If you used AutoDock Vina in your work, please cite:          #
#                                                               #
# O. Trott, A. J. Olson,                                        #
# AutoDock Vina: improving the speed and accuracy of docking    #
# with a new scoring function, efficient optimization and       #
# multithreading, Journal of Computational Chemistry 31 (2010)  #
# 455-461                                                       #
#                                                               #
# DOI 10.1002/jcc.21334                                         #
#                                                               #
# Please see http://vina.scripps.edu for more information.      #
#################################################################

Reading input ... done.
Setting up the scoring function ... done.
Analyzing the binding site ... done.
Using random seed: 2003
Performing search ... 
0%   10   20   30   40   50   60   70   80   90   100%
|----|----|----|----|----|----|----|----|----|----|
***************************************************
done.
Refining results ... done.

mode |   affinity | dist from best mode
     | (kcal/mol) | rmsd l.b.| rmsd u.b.
-----+------------+----------+----------
   1         -8.6      0.000      0.000
   2         -8.5      0.102      1.778
   3         -8.5      4.223      6.927
   4         -8.5      3.018      4.705
   5         -8.4      3.751      6.847
   6         -8.3      4.108      6.773
   7         -8.2      3.729      6.989
   8         -7.9      2.752      4.445
   9         -7.8      3.816      5.472
Writing output ... done.

>>> Running: rf (rep 3)
#################################################################
# If you used AutoDock Vina in your work, please cite:          #
#                                                               #
# O. Trott, A. J. Olson,                                        #
# AutoDock Vina: improving the speed and accuracy of docking    #
# with a new scoring function, efficient optimization and       #
# multithreading, Journal of Computational Chemistry 31 (2010)  #
# 455-461                                                       #
#                                                               #
# DOI 10.1002/jcc.21334                                         #
#                                                               #
# Please see http://vina.scripps.edu for more information.      #
#################################################################

Reading input ... done.
Setting up the scoring function ... done.
Analyzing the binding site ... done.
Using random seed: 551
Performing search ... 
0%   10   20   30   40   50   60   70   80   90   100%
|----|----|----|----|----|----|----|----|----|----|
***************************************************
done.
Refining results ... done.

mode |   affinity | dist from best mode
     | (kcal/mol) | rmsd l.b.| rmsd u.b.
-----+------------+----------+----------
   1         -9.0      0.000      0.000
   2         -8.6      2.363      2.861
   3         -8.6      4.434      7.765
   4         -8.6      4.429      7.784
   5         -8.6      2.356      3.267
   6         -8.5      2.532      4.179
   7         -8.5      4.257      7.786
   8         -8.0      5.087      7.201
   9         -8.0      3.084      5.049
Writing output ... done.

>>> Running: 104775 (rep 1)
#################################################################
# If you used AutoDock Vina in your work, please cite:          #
#                                                               #
# O. Trott, A. J. Olson,                                        #
# AutoDock Vina: improving the speed and accuracy of docking    #
# with a new scoring function, efficient optimization and       #
# multithreading, Journal of Computational Chemistry 31 (2010)  #
# 455-461                                                       #
#                                                               #
# DOI 10.1002/jcc.21334                                         #
#                                                               #
# Please see http://vina.scripps.edu for more information.      #
#################################################################

Reading input ... done.
Setting up the scoring function ... done.
Analyzing the binding site ... done.
Using random seed: 24410
Performing search ... 
0%   10   20   30   40   50   60   70   80   90   100%
|----|----|----|----|----|----|----|----|----|----|
***************************************************
done.
Refining results ... done.

mode |   affinity | dist from best mode
     | (kcal/mol) | rmsd l.b.| rmsd u.b.
-----+------------+----------+----------
   1         -5.5      0.000      0.000
   2         -5.5      0.036      1.319
   3         -5.2      1.033      1.987
   4         -4.9      1.642      1.997
   5         -4.9      2.249      3.283
   6         -4.9      1.748      2.399
   7         -4.8      2.578      3.328
   8         -4.6      3.762      4.662
   9         -4.5      3.938      4.716
Writing output ... done.

>>> Running: 104775 (rep 2)
#################################################################
# If you used AutoDock Vina in your work, please cite:          #
#                                                               #
# O. Trott, A. J. Olson,                                        #
# AutoDock Vina: improving the speed and accuracy of docking    #
# with a new scoring function, efficient optimization and       #
# multithreading, Journal of Computational Chemistry 31 (2010)  #
# 455-461                                                       #
#                                                               #
# DOI 10.1002/jcc.21334                                         #
#                                                               #
# Please see http://vina.scripps.edu for more information.      #
#################################################################

Reading input ... done.
Setting up the scoring function ... done.
Analyzing the binding site ... done.
Using random seed: 12768
Performing search ... 
0%   10   20   30   40   50   60   70   80   90   100%
|----|----|----|----|----|----|----|----|----|----|
***************************************************
done.
Refining results ... done.

mode |   affinity | dist from best mode
     | (kcal/mol) | rmsd l.b.| rmsd u.b.
-----+------------+----------+----------
   1         -5.6      0.000      0.000
   2         -5.5      0.049      1.320
   3         -4.9      1.914      1.954
   4         -4.9      2.211      3.504
   5         -4.9      1.638      2.010
   6         -4.8      2.501      3.318
   7         -4.7      3.646      4.528
   8         -4.3      3.958      4.780
   9         -4.3      2.356      2.860
Writing output ... done.

>>> Running: 104775 (rep 3)
#################################################################
# If you used AutoDock Vina in your work, please cite:          #
#                                                               #
# O. Trott, A. J. Olson,                                        #
# AutoDock Vina: improving the speed and accuracy of docking    #
# with a new scoring function, efficient optimization and       #
# multithreading, Journal of Computational Chemistry 31 (2010)  #
# 455-461                                                       #
#                                                               #
# DOI 10.1002/jcc.21334                                         #
#                                                               #
# Please see http://vina.scripps.edu for more information.      #
#################################################################

Reading input ... done.
Setting up the scoring function ... done.
Analyzing the binding site ... done.
Using random seed: 25530
Performing search ... 
0%   10   20   30   40   50   60   70   80   90   100%
|----|----|----|----|----|----|----|----|----|----|
***************************************************
done.
Refining results ... done.

mode |   affinity | dist from best mode
     | (kcal/mol) | rmsd l.b.| rmsd u.b.
-----+------------+----------+----------
   1         -5.5      0.000      0.000
   2         -5.5      0.056      1.320
   3         -4.9      1.877      2.308
   4         -4.9      2.265      3.281
   5         -4.8      1.788      2.058
   6         -4.8      2.588      3.323
   7         -4.7      2.687      3.466
   8         -4.7      3.597      4.398
   9         -4.5      3.069      3.546
Writing output ... done.

>>> Running: m2 (rep 1)
#################################################################
# If you used AutoDock Vina in your work, please cite:          #
#                                                               #
# O. Trott, A. J. Olson,                                        #
# AutoDock Vina: improving the speed and accuracy of docking    #
# with a new scoring function, efficient optimization and       #
# multithreading, Journal of Computational Chemistry 31 (2010)  #
# 455-461                                                       #
#                                                               #
# DOI 10.1002/jcc.21334                                         #
#                                                               #
# Please see http://vina.scripps.edu for more information.      #
#################################################################

Reading input ... done.
Setting up the scoring function ... done.
Analyzing the binding site ... done.
Using random seed: 31351
Performing search ... 
0%   10   20   30   40   50   60   70   80   90   100%
|----|----|----|----|----|----|----|----|----|----|
***************************************************
done.
Refining results ... done.

mode |   affinity | dist from best mode
     | (kcal/mol) | rmsd l.b.| rmsd u.b.
-----+------------+----------+----------
   1         -8.0      0.000      0.000
   2         -7.7      1.433      6.269
   3         -7.5      2.475      4.012
   4         -7.3      2.219      6.312
   5         -7.3      1.484      2.086
   6         -7.1      3.188      5.644
   7         -7.1      2.508      3.624
   8         -7.0      1.485      6.271
   9         -6.9      2.313      2.923
Writing output ... done.

>>> Running: m2 (rep 2)
#################################################################
# If you used AutoDock Vina in your work, please cite:          #
#                                                               #
# O. Trott, A. J. Olson,                                        #
# AutoDock Vina: improving the speed and accuracy of docking    #
# with a new scoring function, efficient optimization and       #
# multithreading, Journal of Computational Chemistry 31 (2010)  #
# 455-461                                                       #
#                                                               #
# DOI 10.1002/jcc.21334                                         #
#                                                               #
# Please see http://vina.scripps.edu for more information.      #
#################################################################

Reading input ... done.
Setting up the scoring function ... done.
Analyzing the binding site ... done.
Using random seed: 6085
Performing search ... 
0%   10   20   30   40   50   60   70   80   90   100%
|----|----|----|----|----|----|----|----|----|----|
***************************************************
done.
Refining results ... done.

mode |   affinity | dist from best mode
     | (kcal/mol) | rmsd l.b.| rmsd u.b.
-----+------------+----------+----------
   1         -7.9      0.000      0.000
   2         -7.7      1.642      2.085
   3         -7.6      1.437      6.328
   4         -7.5      2.357      3.802
   5         -7.3      1.423      2.039
   6         -7.2      2.542      5.470
   7         -7.2      2.196      6.620
   8         -7.1      1.433      1.705
   9         -6.9      2.309      3.323
Writing output ... done.

>>> Running: m2 (rep 3)
#################################################################
# If you used AutoDock Vina in your work, please cite:          #
#                                                               #
# O. Trott, A. J. Olson,                                        #
# AutoDock Vina: improving the speed and accuracy of docking    #
# with a new scoring function, efficient optimization and       #
# multithreading, Journal of Computational Chemistry 31 (2010)  #
# 455-461                                                       #
#                                                               #
# DOI 10.1002/jcc.21334                                         #
#                                                               #
# Please see http://vina.scripps.edu for more information.      #
#################################################################

Reading input ... done.
Setting up the scoring function ... done.
Analyzing the binding site ... done.
Using random seed: 10561
Performing search ... 
0%   10   20   30   40   50   60   70   80   90   100%
|----|----|----|----|----|----|----|----|----|----|
***************************************************
done.
Refining results ... done.

mode |   affinity | dist from best mode
     | (kcal/mol) | rmsd l.b.| rmsd u.b.
-----+------------+----------+----------
   1         -8.0      0.000      0.000
   2         -7.9      1.944      2.586
   3         -7.6      1.429      6.264
   4         -7.3      2.247      6.276
   5         -7.3      1.299      1.796
   6         -7.3      2.484      4.023
   7         -7.1      2.827      5.621
   8         -7.1      1.632      1.933
   9         -6.8      2.185      6.650
Writing output ... done.

>>> Running: rolS (rep 1)
#################################################################
# If you used AutoDock Vina in your work, please cite:          #
#                                                               #
# O. Trott, A. J. Olson,                                        #
# AutoDock Vina: improving the speed and accuracy of docking    #
# with a new scoring function, efficient optimization and       #
# multithreading, Journal of Computational Chemistry 31 (2010)  #
# 455-461                                                       #
#                                                               #
# DOI 10.1002/jcc.21334                                         #
#                                                               #
# Please see http://vina.scripps.edu for more information.      #
#################################################################

Reading input ... done.
Setting up the scoring function ... done.
Analyzing the binding site ... done.
Using random seed: 8903
Performing search ... 
0%   10   20   30   40   50   60   70   80   90   100%
|----|----|----|----|----|----|----|----|----|----|
***************************************************
done.
Refining results ... done.

mode |   affinity | dist from best mode
     | (kcal/mol) | rmsd l.b.| rmsd u.b.
-----+------------+----------+----------
   1         -7.8      0.000      0.000
   2         -7.6      3.326      6.399
   3         -7.5      1.288      1.499
   4         -7.5      3.846      6.430
   5         -7.5      3.277      3.881
   6         -7.5      3.050      4.694
   7         -7.3      3.275      4.969
   8         -7.3      1.566      1.795
   9         -7.3      2.598      2.920
Writing output ... done.

>>> Running: rolS (rep 2)
#################################################################
# If you used AutoDock Vina in your work, please cite:          #
#                                                               #
# O. Trott, A. J. Olson,                                        #
# AutoDock Vina: improving the speed and accuracy of docking    #
# with a new scoring function, efficient optimization and       #
# multithreading, Journal of Computational Chemistry 31 (2010)  #
# 455-461                                                       #
#                                                               #
# DOI 10.1002/jcc.21334                                         #
#                                                               #
# Please see http://vina.scripps.edu for more information.      #
#################################################################

Reading input ... done.
Setting up the scoring function ... done.
Analyzing the binding site ... done.
Using random seed: 13172
Performing search ... 
0%   10   20   30   40   50   60   70   80   90   100%
|----|----|----|----|----|----|----|----|----|----|
***************************************************
done.
Refining results ... done.

mode |   affinity | dist from best mode
     | (kcal/mol) | rmsd l.b.| rmsd u.b.
-----+------------+----------+----------
   1         -7.8      0.000      0.000
   2         -7.6      3.335      6.499
   3         -7.6      3.519      6.398
   4         -7.5      3.050      4.685
   5         -7.5      1.296      1.512
   6         -7.5      3.946      6.494
   7         -7.4      3.276      4.960
   8         -7.3      1.070      1.148
   9         -7.3      3.207      5.161
Writing output ... done.

>>> Running: rolS (rep 3)
#################################################################
# If you used AutoDock Vina in your work, please cite:          #
#                                                               #
# O. Trott, A. J. Olson,                                        #
# AutoDock Vina: improving the speed and accuracy of docking    #
# with a new scoring function, efficient optimization and       #
# multithreading, Journal of Computational Chemistry 31 (2010)  #
# 455-461                                                       #
#                                                               #
# DOI 10.1002/jcc.21334                                         #
#                                                               #
# Please see http://vina.scripps.edu for more information.      #
#################################################################

Reading input ... done.
Setting up the scoring function ... done.
Analyzing the binding site ... done.
Using random seed: 3874
Performing search ... 
0%   10   20   30   40   50   60   70   80   90   100%
|----|----|----|----|----|----|----|----|----|----|
***************************************************
done.
Refining results ... done.

mode |   affinity | dist from best mode
     | (kcal/mol) | rmsd l.b.| rmsd u.b.
-----+------------+----------+----------
   1         -7.8      0.000      0.000
   2         -7.6      3.347      6.498
   3         -7.5      3.043      4.696
   4         -7.5      1.259      1.477
   5         -7.4      4.052      6.552
   6         -7.3      3.277      4.968
   7         -7.3      3.269      3.894
   8         -7.3      2.635      4.640
   9         -7.1      2.564      4.116
Writing output ... done.

>>> Running: 10559720 (rep 1)
#################################################################
# If you used AutoDock Vina in your work, please cite:          #
#                                                               #
# O. Trott, A. J. Olson,                                        #
# AutoDock Vina: improving the speed and accuracy of docking    #
# with a new scoring function, efficient optimization and       #
# multithreading, Journal of Computational Chemistry 31 (2010)  #
# 455-461                                                       #
#                                                               #
# DOI 10.1002/jcc.21334                                         #
#                                                               #
# Please see http://vina.scripps.edu for more information.      #
#################################################################

Reading input ... done.
Setting up the scoring function ... done.
Analyzing the binding site ... done.
Using random seed: 26158
Performing search ... 
0%   10   20   30   40   50   60   70   80   90   100%
|----|----|----|----|----|----|----|----|----|----|
***************************************************
done.
Refining results ... done.

mode |   affinity | dist from best mode
     | (kcal/mol) | rmsd l.b.| rmsd u.b.
-----+------------+----------+----------
   1         -7.2      0.000      0.000
   2         -7.0      1.908      2.448
   3         -6.9      1.366      5.731
   4         -6.7      1.348      1.496
   5         -6.6      2.662      5.885
   6         -6.5      1.778      5.107
   7         -6.5      4.513      5.748
   8         -6.4      2.250      2.737
   9         -6.4      1.938      5.568
Writing output ... done.

>>> Running: 10559720 (rep 2)
#################################################################
# If you used AutoDock Vina in your work, please cite:          #
#                                                               #
# O. Trott, A. J. Olson,                                        #
# AutoDock Vina: improving the speed and accuracy of docking    #
# with a new scoring function, efficient optimization and       #
# multithreading, Journal of Computational Chemistry 31 (2010)  #
# 455-461                                                       #
#                                                               #
# DOI 10.1002/jcc.21334                                         #
#                                                               #
# Please see http://vina.scripps.edu for more information.      #
#################################################################

Reading input ... done.
Setting up the scoring function ... done.
Analyzing the binding site ... done.
Using random seed: 24461
Performing search ... 
0%   10   20   30   40   50   60   70   80   90   100%
|----|----|----|----|----|----|----|----|----|----|
***************************************************
done.
Refining results ... done.

mode |   affinity | dist from best mode
     | (kcal/mol) | rmsd l.b.| rmsd u.b.
-----+------------+----------+----------
   1         -7.2      0.000      0.000
   2         -7.1      1.980      2.535
   3         -6.9      1.532      5.766
   4         -6.9      1.350      2.014
   5         -6.6      1.646      5.231
   6         -6.6      2.335      6.977
   7         -6.5      2.262      2.830
   8         -6.5      2.234      2.874
   9         -6.5      1.520      5.765
Writing output ... done.

>>> Running: 10559720 (rep 3)
#################################################################
# If you used AutoDock Vina in your work, please cite:          #
#                                                               #
# O. Trott, A. J. Olson,                                        #
# AutoDock Vina: improving the speed and accuracy of docking    #
# with a new scoring function, efficient optimization and       #
# multithreading, Journal of Computational Chemistry 31 (2010)  #
# 455-461                                                       #
#                                                               #
# DOI 10.1002/jcc.21334                                         #
#                                                               #
# Please see http://vina.scripps.edu for more information.      #
#################################################################

Reading input ... done.
Setting up the scoring function ... done.
Analyzing the binding site ... done.
Using random seed: 14990
Performing search ... 
0%   10   20   30   40   50   60   70   80   90   100%
|----|----|----|----|----|----|----|----|----|----|
***************************************************
done.
Refining results ... done.

mode |   affinity | dist from best mode
     | (kcal/mol) | rmsd l.b.| rmsd u.b.
-----+------------+----------+----------
   1         -7.0      0.000      0.000
   2         -7.0      1.881      2.302
   3         -6.8      1.317      6.026
   4         -6.4      1.969      2.313
   5         -6.4      1.570      5.826
   6         -6.3      2.201      2.727
   7         -6.3      2.194      3.122
   8         -6.2      1.689      5.447
   9         -6.2      3.740      5.800
Writing output ... done.

>>> Running: 175 (rep 1)
#################################################################
# If you used AutoDock Vina in your work, please cite:          #
#                                                               #
# O. Trott, A. J. Olson,                                        #
# AutoDock Vina: improving the speed and accuracy of docking    #
# with a new scoring function, efficient optimization and       #
# multithreading, Journal of Computational Chemistry 31 (2010)  #
# 455-461                                                       #
#                                                               #
# DOI 10.1002/jcc.21334                                         #
#                                                               #
# Please see http://vina.scripps.edu for more information.      #
#################################################################

Reading input ... done.
Setting up the scoring function ... done.
Analyzing the binding site ... done.
Using random seed: 12026
Performing search ... 
0%   10   20   30   40   50   60   70   80   90   100%
|----|----|----|----|----|----|----|----|----|----|
***************************************************
done.
Refining results ... done.

mode |   affinity | dist from best mode
     | (kcal/mol) | rmsd l.b.| rmsd u.b.
-----+------------+----------+----------
   1         -4.7      0.000      0.000
   2         -4.7      0.019      1.618
   3         -4.3      1.219      1.900
   4         -4.2      1.944      2.157
   5         -4.2      1.939      2.666
   6         -4.0      2.622      2.652
   7         -3.8      2.264      2.354
   8         -3.7      7.494      7.942
   9         -3.7      7.419      7.809
Writing output ... done.

>>> Running: 175 (rep 2)
#################################################################
# If you used AutoDock Vina in your work, please cite:          #
#                                                               #
# O. Trott, A. J. Olson,                                        #
# AutoDock Vina: improving the speed and accuracy of docking    #
# with a new scoring function, efficient optimization and       #
# multithreading, Journal of Computational Chemistry 31 (2010)  #
# 455-461                                                       #
#                                                               #
# DOI 10.1002/jcc.21334                                         #
#                                                               #
# Please see http://vina.scripps.edu for more information.      #
#################################################################

Reading input ... done.
Setting up the scoring function ... done.
Analyzing the binding site ... done.
Using random seed: 23804
Performing search ... 
0%   10   20   30   40   50   60   70   80   90   100%
|----|----|----|----|----|----|----|----|----|----|
***************************************************
done.
Refining results ... done.

mode |   affinity | dist from best mode
     | (kcal/mol) | rmsd l.b.| rmsd u.b.
-----+------------+----------+----------
   1         -4.7      0.000      0.000
   2         -4.7      0.031      1.618
   3         -4.2      1.935      2.150
   4         -4.2      1.940      2.667
   5         -4.0      1.478      1.842
   6         -4.0      2.107      2.148
   7         -3.7      7.478      7.937
   8         -3.7      7.415      7.811
   9         -3.7      4.807      5.164
Writing output ... done.

>>> Running: 175 (rep 3)
#################################################################
# If you used AutoDock Vina in your work, please cite:          #
#                                                               #
# O. Trott, A. J. Olson,                                        #
# AutoDock Vina: improving the speed and accuracy of docking    #
# with a new scoring function, efficient optimization and       #
# multithreading, Journal of Computational Chemistry 31 (2010)  #
# 455-461                                                       #
#                                                               #
# DOI 10.1002/jcc.21334                                         #
#                                                               #
# Please see http://vina.scripps.edu for more information.      #
#################################################################

Reading input ... done.
Setting up the scoring function ... done.
Analyzing the binding site ... done.
Using random seed: 13114
Performing search ... 
0%   10   20   30   40   50   60   70   80   90   100%
|----|----|----|----|----|----|----|----|----|----|
***************************************************
done.
Refining results ... done.

mode |   affinity | dist from best mode
     | (kcal/mol) | rmsd l.b.| rmsd u.b.
-----+------------+----------+----------
   1         -4.7      0.000      0.000
   2         -4.7      0.022      1.618
   3         -4.3      1.218      1.899
   4         -4.2      1.907      2.130
   5         -4.2      1.947      2.670
   6         -4.0      1.476      1.774
   7         -4.0      2.654      2.841
   8         -4.0      2.641      2.670
   9         -3.8      2.265      2.696
Writing output ... done.

>>> Running: 439435 (rep 1)
#################################################################
# If you used AutoDock Vina in your work, please cite:          #
#                                                               #
# O. Trott, A. J. Olson,                                        #
# AutoDock Vina: improving the speed and accuracy of docking    #
# with a new scoring function, efficient optimization and       #
# multithreading, Journal of Computational Chemistry 31 (2010)  #
# 455-461                                                       #
#                                                               #
# DOI 10.1002/jcc.21334                                         #
#                                                               #
# Please see http://vina.scripps.edu for more information.      #
#################################################################

Reading input ... done.
Setting up the scoring function ... done.
Analyzing the binding site ... done.
Using random seed: 28772
Performing search ... 
0%   10   20   30   40   50   60   70   80   90   100%
|----|----|----|----|----|----|----|----|----|----|
***************************************************
done.
Refining results ... done.

mode |   affinity | dist from best mode
     | (kcal/mol) | rmsd l.b.| rmsd u.b.
-----+------------+----------+----------
   1         -8.8      0.000      0.000
   2         -8.6      0.880      2.236
   3         -8.3      1.814      3.123
   4         -7.8      2.131      3.068
   5         -7.8      1.807      2.674
   6         -7.3      2.967      6.441
   7         -7.1      2.441      3.308
   8         -7.1      2.542      5.854
   9         -6.9      3.425      4.726
Writing output ... done.

>>> Running: 439435 (rep 2)
#################################################################
# If you used AutoDock Vina in your work, please cite:          #
#                                                               #
# O. Trott, A. J. Olson,                                        #
# AutoDock Vina: improving the speed and accuracy of docking    #
# with a new scoring function, efficient optimization and       #
# multithreading, Journal of Computational Chemistry 31 (2010)  #
# 455-461                                                       #
#                                                               #
# DOI 10.1002/jcc.21334                                         #
#                                                               #
# Please see http://vina.scripps.edu for more information.      #
#################################################################

Reading input ... done.
Setting up the scoring function ... done.
Analyzing the binding site ... done.
Using random seed: 31365
Performing search ... 
0%   10   20   30   40   50   60   70   80   90   100%
|----|----|----|----|----|----|----|----|----|----|
***************************************************
done.
Refining results ... done.

mode |   affinity | dist from best mode
     | (kcal/mol) | rmsd l.b.| rmsd u.b.
-----+------------+----------+----------
   1         -8.8      0.000      0.000
   2         -8.6      0.848      2.227
   3         -8.3      1.816      3.126
   4         -8.1      1.412      2.501
   5         -7.8      2.112      3.061
   6         -7.8      1.799      2.663
   7         -7.3      2.949      6.400
   8         -7.2      2.900      3.977
   9         -7.1      2.584      5.883
Writing output ... done.

>>> Running: 439435 (rep 3)
#################################################################
# If you used AutoDock Vina in your work, please cite:          #
#                                                               #
# O. Trott, A. J. Olson,                                        #
# AutoDock Vina: improving the speed and accuracy of docking    #
# with a new scoring function, efficient optimization and       #
# multithreading, Journal of Computational Chemistry 31 (2010)  #
# 455-461                                                       #
#                                                               #
# DOI 10.1002/jcc.21334                                         #
#                                                               #
# Please see http://vina.scripps.edu for more information.      #
#################################################################

Reading input ... done.
Setting up the scoring function ... done.
Analyzing the binding site ... done.
Using random seed: 6081
Performing search ... 
0%   10   20   30   40   50   60   70   80   90   100%
|----|----|----|----|----|----|----|----|----|----|
***************************************************
done.
Refining results ... done.

mode |   affinity | dist from best mode
     | (kcal/mol) | rmsd l.b.| rmsd u.b.
-----+------------+----------+----------
   1         -8.7      0.000      0.000
   2         -8.5      0.869      2.309
   3         -8.3      1.810      3.123
   4         -8.0      2.068      3.135
   5         -7.8      1.827      2.706
   6         -7.3      2.943      6.426
   7         -7.2      2.909      3.954
   8         -7.1      1.383      2.148
   9         -7.1      2.624      5.950
Writing output ... done.

>>> Running: m4 (rep 1)
#################################################################
# If you used AutoDock Vina in your work, please cite:          #
#                                                               #
# O. Trott, A. J. Olson,                                        #
# AutoDock Vina: improving the speed and accuracy of docking    #
# with a new scoring function, efficient optimization and       #
# multithreading, Journal of Computational Chemistry 31 (2010)  #
# 455-461                                                       #
#                                                               #
# DOI 10.1002/jcc.21334                                         #
#                                                               #
# Please see http://vina.scripps.edu for more information.      #
#################################################################

Reading input ... done.
Setting up the scoring function ... done.
Analyzing the binding site ... done.
Using random seed: 10543
Performing search ... 
0%   10   20   30   40   50   60   70   80   90   100%
|----|----|----|----|----|----|----|----|----|----|
***************************************************
done.
Refining results ... done.

mode |   affinity | dist from best mode
     | (kcal/mol) | rmsd l.b.| rmsd u.b.
-----+------------+----------+----------
   1         -8.5      0.000      0.000
   2         -8.4      0.707      1.578
   3         -8.2      0.730      1.233
   4         -8.1      1.405      1.906
   5         -8.1      1.321      2.324
   6         -8.0      1.611      2.916
   7         -8.0      2.089      2.665
   8         -8.0      2.093      3.002
   9         -7.9      1.237      2.234
Writing output ... done.

>>> Running: m4 (rep 2)
#################################################################
# If you used AutoDock Vina in your work, please cite:          #
#                                                               #
# O. Trott, A. J. Olson,                                        #
# AutoDock Vina: improving the speed and accuracy of docking    #
# with a new scoring function, efficient optimization and       #
# multithreading, Journal of Computational Chemistry 31 (2010)  #
# 455-461                                                       #
#                                                               #
# DOI 10.1002/jcc.21334                                         #
#                                                               #
# Please see http://vina.scripps.edu for more information.      #
#################################################################

Reading input ... done.
Setting up the scoring function ... done.
Analyzing the binding site ... done.
Using random seed: 1841
Performing search ... 
0%   10   20   30   40   50   60   70   80   90   100%
|----|----|----|----|----|----|----|----|----|----|
***************************************************
done.
Refining results ... done.

mode |   affinity | dist from best mode
     | (kcal/mol) | rmsd l.b.| rmsd u.b.
-----+------------+----------+----------
   1         -8.4      0.000      0.000
   2         -8.2      0.686      1.595
   3         -8.1      1.570      2.027
   4         -8.0      1.012      1.349
   5         -8.0      2.077      3.133
   6         -8.0      2.068      2.619
   7         -7.9      1.394      2.420
   8         -7.9      1.735      2.271
   9         -7.8      1.843      6.347
Writing output ... done.

>>> Running: m4 (rep 3)
#################################################################
# If you used AutoDock Vina in your work, please cite:          #
#                                                               #
# O. Trott, A. J. Olson,                                        #
# AutoDock Vina: improving the speed and accuracy of docking    #
# with a new scoring function, efficient optimization and       #
# multithreading, Journal of Computational Chemistry 31 (2010)  #
# 455-461                                                       #
#                                                               #
# DOI 10.1002/jcc.21334                                         #
#                                                               #
# Please see http://vina.scripps.edu for more information.      #
#################################################################

Reading input ... done.
Setting up the scoring function ... done.
Analyzing the binding site ... done.
Using random seed: 1682
Performing search ... 
0%   10   20   30   40   50   60   70   80   90   100%
|----|----|----|----|----|----|----|----|----|----|
***************************************************
done.
Refining results ... done.

mode |   affinity | dist from best mode
     | (kcal/mol) | rmsd l.b.| rmsd u.b.
-----+------------+----------+----------
   1         -8.6      0.000      0.000
   2         -8.4      0.733      1.581
   3         -8.1      1.488      2.022
   4         -8.1      1.595      2.048
   5         -8.0      1.373      1.848
   6         -8.0      1.583      2.790
   7         -8.0      1.966      3.004
   8         -7.9      1.396      2.422
   9         -7.9      1.723      6.598
Writing output ... done.

>>> Running: 9877619 (rep 1)
#################################################################
# If you used AutoDock Vina in your work, please cite:          #
#                                                               #
# O. Trott, A. J. Olson,                                        #
# AutoDock Vina: improving the speed and accuracy of docking    #
# with a new scoring function, efficient optimization and       #
# multithreading, Journal of Computational Chemistry 31 (2010)  #
# 455-461                                                       #
#                                                               #
# DOI 10.1002/jcc.21334                                         #
#                                                               #
# Please see http://vina.scripps.edu for more information.      #
#################################################################

Reading input ... done.
Setting up the scoring function ... done.
Analyzing the binding site ... done.
Using random seed: 8898
Performing search ... 
0%   10   20   30   40   50   60   70   80   90   100%
|----|----|----|----|----|----|----|----|----|----|
***************************************************
done.
Refining results ... done.

mode |   affinity | dist from best mode
     | (kcal/mol) | rmsd l.b.| rmsd u.b.
-----+------------+----------+----------
   1         -7.3      0.000      0.000
   2         -7.3      0.160      1.301
   3         -7.1      1.023      1.490
   4         -6.6      2.422      4.557
   5         -6.3      1.589      2.673
   6         -6.3      1.277      1.609
   7         -6.2      3.233      5.627
   8         -6.2      2.821      6.069
   9         -6.1      3.243      5.477
Writing output ... done.

>>> Running: 9877619 (rep 2)
#################################################################
# If you used AutoDock Vina in your work, please cite:          #
#                                                               #
# O. Trott, A. J. Olson,                                        #
# AutoDock Vina: improving the speed and accuracy of docking    #
# with a new scoring function, efficient optimization and       #
# multithreading, Journal of Computational Chemistry 31 (2010)  #
# 455-461                                                       #
#                                                               #
# DOI 10.1002/jcc.21334                                         #
#                                                               #
# Please see http://vina.scripps.edu for more information.      #
#################################################################

Reading input ... done.
Setting up the scoring function ... done.
Analyzing the binding site ... done.
Using random seed: 17578
Performing search ... 
0%   10   20   30   40   50   60   70   80   90   100%
|----|----|----|----|----|----|----|----|----|----|
***************************************************
done.
Refining results ... done.

mode |   affinity | dist from best mode
     | (kcal/mol) | rmsd l.b.| rmsd u.b.
-----+------------+----------+----------
   1         -7.3      0.000      0.000
   2         -7.3      0.155      1.300
   3         -7.0      1.116      1.925
   4         -6.9      1.134      1.506
   5         -6.7      1.255      1.814
   6         -6.5      2.449      4.203
   7         -6.4      3.185      5.730
   8         -6.4      1.470      2.338
   9         -6.3      3.147      5.741
Writing output ... done.

>>> Running: 9877619 (rep 3)
#################################################################
# If you used AutoDock Vina in your work, please cite:          #
#                                                               #
# O. Trott, A. J. Olson,                                        #
# AutoDock Vina: improving the speed and accuracy of docking    #
# with a new scoring function, efficient optimization and       #
# multithreading, Journal of Computational Chemistry 31 (2010)  #
# 455-461                                                       #
#                                                               #
# DOI 10.1002/jcc.21334                                         #
#                                                               #
# Please see http://vina.scripps.edu for more information.      #
#################################################################

Reading input ... done.
Setting up the scoring function ... done.
Analyzing the binding site ... done.
Using random seed: 10521
Performing search ... 
0%   10   20   30   40   50   60   70   80   90   100%
|----|----|----|----|----|----|----|----|----|----|
***************************************************
done.
Refining results ... done.

mode |   affinity | dist from best mode
     | (kcal/mol) | rmsd l.b.| rmsd u.b.
-----+------------+----------+----------
   1         -7.3      0.000      0.000
   2         -7.3      0.067      1.293
   3         -7.0      1.078      1.942
   4         -6.5      2.531      4.712
   5         -6.5      1.554      1.914
   6         -6.4      1.681      3.308
   7         -6.3      3.167      6.295
   8         -6.3      3.285      6.330
   9         -6.3      2.381      4.155
Writing output ... done.

========================================
 Done
   Success: 0
   Fail   : 0
   SKipped: 0
 Results in: /home/gbiuser/Documents/vitoria/usp-masters/8-docking/results_docking/PDE4B_dimer
========================================
