nohup: ignoring input
grep: /home/gbiuser/Documents/vitoria/usp-masters/8-docking/results_docking/PDE4D_dimer/log.out: No such file or directory
grep: /home/gbiuser/Documents/vitoria/usp-masters/8-docking/results_docking/PDE4D_dimer/log.out: No such file or directory
grep: /home/gbiuser/Documents/vitoria/usp-masters/8-docking/results_docking/PDE4D_dimer/log.out: No such file or directory
grep: /home/gbiuser/Documents/vitoria/usp-masters/8-docking/results_docking/PDE4D_dimer/log.out: No such file or directory
grep: /home/gbiuser/Documents/vitoria/usp-masters/8-docking/results_docking/PDE4D_dimer/log.out: No such file or directory
grep: /home/gbiuser/Documents/vitoria/usp-masters/8-docking/results_docking/PDE4D_dimer/log.out: No such file or directory
grep: /home/gbiuser/Documents/vitoria/usp-masters/8-docking/results_docking/PDE4D_dimer/log.out: No such file or directory
grep: /home/gbiuser/Documents/vitoria/usp-masters/8-docking/results_docking/PDE4D_dimer/log.out: No such file or directory
grep: /home/gbiuser/Documents/vitoria/usp-masters/8-docking/results_docking/PDE4D_dimer/log.out: No such file or directory
grep: /home/gbiuser/Documents/vitoria/usp-masters/8-docking/results_docking/PDE4D_dimer/log.out: No such file or directory
grep: /home/gbiuser/Documents/vitoria/usp-masters/8-docking/results_docking/PDE4D_dimer/log.out: No such file or directory
grep: /home/gbiuser/Documents/vitoria/usp-masters/8-docking/results_docking/PDE4D_dimer/log.out: No such file or directory
grep: /home/gbiuser/Documents/vitoria/usp-masters/8-docking/results_docking/PDE4D_dimer/log.out: No such file or directory
grep: /home/gbiuser/Documents/vitoria/usp-masters/8-docking/results_docking/PDE4D_dimer/log.out: No such file or directory
grep: /home/gbiuser/Documents/vitoria/usp-masters/8-docking/results_docking/PDE4D_dimer/log.out: No such file or directory
grep: /home/gbiuser/Documents/vitoria/usp-masters/8-docking/results_docking/PDE4D_dimer/log.out: No such file or directory
grep: /home/gbiuser/Documents/vitoria/usp-masters/8-docking/results_docking/PDE4D_dimer/log.out: No such file or directory
grep: /home/gbiuser/Documents/vitoria/usp-masters/8-docking/results_docking/PDE4D_dimer/log.out: No such file or directory
grep: /home/gbiuser/Documents/vitoria/usp-masters/8-docking/results_docking/PDE4D_dimer/log.out: No such file or directory
grep: /home/gbiuser/Documents/vitoria/usp-masters/8-docking/results_docking/PDE4D_dimer/log.out: No such file or directory
========================================
 AutoDock Vina
 Protein : PDE4D_dimer
 Config   : config_pde4d_dimer.txt
 Ligands  : 20 found | 0 done
 Progress : /home/gbiuser/Documents/vitoria/usp-masters/8-docking/results_docking/PDE4D_dimer/log.out
 Output   : /home/gbiuser/Documents/vitoria/usp-masters/8-docking/results_docking/PDE4D_dimer
========================================
grep: /home/gbiuser/Documents/vitoria/usp-masters/8-docking/results_docking/PDE4D_dimer/log.out: No such file or directory

>>> Running: 689043 (rep 1)
#################################################################
# If you used AutoDock Vina in your work, please cite:          #
#                                                               #
# O. Trott, A. J. Olson,                                        #
# AutoDock Vina: improving the speed and accuracy of docking    #
# with a new scoring function, efficient optimization and       #
# multithreading, Journal of Computational Chemistry 31 (2010)  #
# 455-461                                                       #
#                                                               #
# DOI 10.1002/jcc.21334                                         #
#                                                               #
# Please see http://vina.scripps.edu for more information.      #
#################################################################

Reading input ... done.
Setting up the scoring function ... done.
Analyzing the binding site ... done.
Using random seed: 8454
Performing search ... 
0%   10   20   30   40   50   60   70   80   90   100%
|----|----|----|----|----|----|----|----|----|----|
***************************************************
done.
Refining results ... done.

mode |   affinity | dist from best mode
     | (kcal/mol) | rmsd l.b.| rmsd u.b.
-----+------------+----------+----------
   1         -6.3      0.000      0.000
   2         -6.1      1.538      5.619
   3         -6.0      1.400      1.895
   4         -6.0      1.507      1.727
   5         -5.9      1.174      2.289
   6         -5.8      1.300      2.154
   7         -5.8      2.794      4.769
   8         -5.8      2.943      4.648
   9         -5.7      2.322      3.018
Writing output ... done.

>>> Running: 689043 (rep 2)
#################################################################
# If you used AutoDock Vina in your work, please cite:          #
#                                                               #
# O. Trott, A. J. Olson,                                        #
# AutoDock Vina: improving the speed and accuracy of docking    #
# with a new scoring function, efficient optimization and       #
# multithreading, Journal of Computational Chemistry 31 (2010)  #
# 455-461                                                       #
#                                                               #
# DOI 10.1002/jcc.21334                                         #
#                                                               #
# Please see http://vina.scripps.edu for more information.      #
#################################################################

Reading input ... done.
Setting up the scoring function ... done.
Analyzing the binding site ... done.
Using random seed: 15011
Performing search ... 
0%   10   20   30   40   50   60   70   80   90   100%
|----|----|----|----|----|----|----|----|----|----|
***************************************************
done.
Refining results ... done.

mode |   affinity | dist from best mode
     | (kcal/mol) | rmsd l.b.| rmsd u.b.
-----+------------+----------+----------
   1         -6.3      0.000      0.000
   2         -6.2      2.939      4.684
   3         -6.2      1.676      5.573
   4         -6.1      1.493      1.928
   5         -5.9      1.624      2.117
   6         -5.9      0.859      2.125
   7         -5.9      2.634      4.842
   8         -5.9      3.132      4.920
   9         -5.8      1.621      2.382
Writing output ... done.

>>> Running: 689043 (rep 3)
#################################################################
# If you used AutoDock Vina in your work, please cite:          #
#                                                               #
# O. Trott, A. J. Olson,                                        #
# AutoDock Vina: improving the speed and accuracy of docking    #
# with a new scoring function, efficient optimization and       #
# multithreading, Journal of Computational Chemistry 31 (2010)  #
# 455-461                                                       #
#                                                               #
# DOI 10.1002/jcc.21334                                         #
#                                                               #
# Please see http://vina.scripps.edu for more information.      #
#################################################################

Reading input ... done.
Setting up the scoring function ... done.
Analyzing the binding site ... done.
Using random seed: 28715
Performing search ... 
0%   10   20   30   40   50   60   70   80   90   100%
|----|----|----|----|----|----|----|----|----|----|
***************************************************
done.
Refining results ... done.

mode |   affinity | dist from best mode
     | (kcal/mol) | rmsd l.b.| rmsd u.b.
-----+------------+----------+----------
   1         -6.3      0.000      0.000
   2         -6.2      2.932      4.675
   3         -6.2      1.667      5.567
   4         -6.1      1.462      1.917
   5         -6.1      2.575      4.824
   6         -6.0      1.544      2.021
   7         -5.9      1.214      2.179
   8         -5.8      1.809      2.503
   9         -5.7      2.991      5.305
Writing output ... done.

>>> Running: 49831816 (rep 1)
#################################################################
# If you used AutoDock Vina in your work, please cite:          #
#                                                               #
# O. Trott, A. J. Olson,                                        #
# AutoDock Vina: improving the speed and accuracy of docking    #
# with a new scoring function, efficient optimization and       #
# multithreading, Journal of Computational Chemistry 31 (2010)  #
# 455-461                                                       #
#                                                               #
# DOI 10.1002/jcc.21334                                         #
#                                                               #
# Please see http://vina.scripps.edu for more information.      #
#################################################################

Reading input ... done.
Setting up the scoring function ... done.
Analyzing the binding site ... done.
Using random seed: 29087
Performing search ... 
0%   10   20   30   40   50   60   70   80   90   100%
|----|----|----|----|----|----|----|----|----|----|
***************************************************
done.
Refining results ... done.

mode |   affinity | dist from best mode
     | (kcal/mol) | rmsd l.b.| rmsd u.b.
-----+------------+----------+----------
   1         -6.4      0.000      0.000
   2         -6.4      0.810      1.954
   3         -6.2      1.063      1.292
   4         -6.0      2.753      4.521
   5         -5.9      3.506      5.361
   6         -5.9      1.970      2.607
   7         -5.9      1.676      2.562
   8         -5.8      2.655      3.055
   9         -5.8      3.571      5.167
Writing output ... done.

>>> Running: 49831816 (rep 2)
#################################################################
# If you used AutoDock Vina in your work, please cite:          #
#                                                               #
# O. Trott, A. J. Olson,                                        #
# AutoDock Vina: improving the speed and accuracy of docking    #
# with a new scoring function, efficient optimization and       #
# multithreading, Journal of Computational Chemistry 31 (2010)  #
# 455-461                                                       #
#                                                               #
# DOI 10.1002/jcc.21334                                         #
#                                                               #
# Please see http://vina.scripps.edu for more information.      #
#################################################################

Reading input ... done.
Setting up the scoring function ... done.
Analyzing the binding site ... done.
Using random seed: 23253
Performing search ... 
0%   10   20   30   40   50   60   70   80   90   100%
|----|----|----|----|----|----|----|----|----|----|
***************************************************
done.
Refining results ... done.

mode |   affinity | dist from best mode
     | (kcal/mol) | rmsd l.b.| rmsd u.b.
-----+------------+----------+----------
   1         -6.5      0.000      0.000
   2         -6.4      1.039      1.943
   3         -6.2      0.725      1.951
   4         -6.1      2.904      4.871
   5         -6.1      1.328      1.629
   6         -6.1      2.281      5.737
   7         -5.9      1.670      2.426
   8         -5.9      2.356      5.335
   9         -5.9      3.515      5.053
Writing output ... done.

>>> Running: 49831816 (rep 3)
#################################################################
# If you used AutoDock Vina in your work, please cite:          #
#                                                               #
# O. Trott, A. J. Olson,                                        #
# AutoDock Vina: improving the speed and accuracy of docking    #
# with a new scoring function, efficient optimization and       #
# multithreading, Journal of Computational Chemistry 31 (2010)  #
# 455-461                                                       #
#                                                               #
# DOI 10.1002/jcc.21334                                         #
#                                                               #
# Please see http://vina.scripps.edu for more information.      #
#################################################################

Reading input ... done.
Setting up the scoring function ... done.
Analyzing the binding site ... done.
Using random seed: 24985
Performing search ... 
0%   10   20   30   40   50   60   70   80   90   100%
|----|----|----|----|----|----|----|----|----|----|
***************************************************
done.
Refining results ... done.

mode |   affinity | dist from best mode
     | (kcal/mol) | rmsd l.b.| rmsd u.b.
-----+------------+----------+----------
   1         -6.4      0.000      0.000
   2         -6.3      0.682      1.733
   3         -6.1      2.792      4.577
   4         -6.0      1.685      2.495
   5         -5.9      1.603      1.906
   6         -5.8      3.331      5.442
   7         -5.8      2.728      3.607
   8         -5.8      2.778      5.758
   9         -5.8      1.871      2.355
Writing output ... done.

>>> Running: 107 (rep 1)
#################################################################
# If you used AutoDock Vina in your work, please cite:          #
#                                                               #
# O. Trott, A. J. Olson,                                        #
# AutoDock Vina: improving the speed and accuracy of docking    #
# with a new scoring function, efficient optimization and       #
# multithreading, Journal of Computational Chemistry 31 (2010)  #
# 455-461                                                       #
#                                                               #
# DOI 10.1002/jcc.21334                                         #
#                                                               #
# Please see http://vina.scripps.edu for more information.      #
#################################################################

Reading input ... done.
Setting up the scoring function ... done.
Analyzing the binding site ... done.
Using random seed: 31573
Performing search ... 
0%   10   20   30   40   50   60   70   80   90   100%
|----|----|----|----|----|----|----|----|----|----|
***************************************************
done.
Refining results ... done.

mode |   affinity | dist from best mode
     | (kcal/mol) | rmsd l.b.| rmsd u.b.
-----+------------+----------+----------
   1         -5.6      0.000      0.000
   2         -5.5      3.403      4.971
   3         -5.5      3.386      4.810
   4         -5.5      0.154      1.748
   5         -5.4      3.449      4.698
   6         -5.3      2.863      4.734
   7         -5.3      3.175      4.625
   8         -5.3      2.805      4.155
   9         -5.3      1.735      2.540
Writing output ... done.

>>> Running: 107 (rep 2)
#################################################################
# If you used AutoDock Vina in your work, please cite:          #
#                                                               #
# O. Trott, A. J. Olson,                                        #
# AutoDock Vina: improving the speed and accuracy of docking    #
# with a new scoring function, efficient optimization and       #
# multithreading, Journal of Computational Chemistry 31 (2010)  #
# 455-461                                                       #
#                                                               #
# DOI 10.1002/jcc.21334                                         #
#                                                               #
# Please see http://vina.scripps.edu for more information.      #
#################################################################

Reading input ... done.
Setting up the scoring function ... done.
Analyzing the binding site ... done.
Using random seed: 4616
Performing search ... 
0%   10   20   30   40   50   60   70   80   90   100%
|----|----|----|----|----|----|----|----|----|----|
***************************************************
done.
Refining results ... done.

mode |   affinity | dist from best mode
     | (kcal/mol) | rmsd l.b.| rmsd u.b.
-----+------------+----------+----------
   1         -5.6      0.000      0.000
   2         -5.6      3.299      4.747
   3         -5.5      0.238      1.473
   4         -5.5      3.519      4.594
   5         -5.4      3.474      4.608
   6         -5.4      3.165      5.018
   7         -5.4      1.510      2.211
   8         -5.3      3.412      4.889
   9         -5.3      3.284      4.740
Writing output ... done.

>>> Running: 107 (rep 3)
#################################################################
# If you used AutoDock Vina in your work, please cite:          #
#                                                               #
# O. Trott, A. J. Olson,                                        #
# AutoDock Vina: improving the speed and accuracy of docking    #
# with a new scoring function, efficient optimization and       #
# multithreading, Journal of Computational Chemistry 31 (2010)  #
# 455-461                                                       #
#                                                               #
# DOI 10.1002/jcc.21334                                         #
#                                                               #
# Please see http://vina.scripps.edu for more information.      #
#################################################################

Reading input ... done.
Setting up the scoring function ... done.
Analyzing the binding site ... done.
Using random seed: 11566
Performing search ... 
0%   10   20   30   40   50   60   70   80   90   100%
|----|----|----|----|----|----|----|----|----|----|
***************************************************
done.
Refining results ... done.

mode |   affinity | dist from best mode
     | (kcal/mol) | rmsd l.b.| rmsd u.b.
-----+------------+----------+----------
   1         -5.6      0.000      0.000
   2         -5.6      3.357      4.829
   3         -5.6      3.306      5.025
   4         -5.5      4.229      5.380
   5         -5.5      3.393      5.063
   6         -5.5      4.223      5.360
   7         -5.4      4.091      5.216
   8         -5.4      1.187      1.663
   9         -5.4      3.146      4.657
Writing output ... done.

>>> Running: 6262 (rep 1)
#################################################################
# If you used AutoDock Vina in your work, please cite:          #
#                                                               #
# O. Trott, A. J. Olson,                                        #
# AutoDock Vina: improving the speed and accuracy of docking    #
# with a new scoring function, efficient optimization and       #
# multithreading, Journal of Computational Chemistry 31 (2010)  #
# 455-461                                                       #
#                                                               #
# DOI 10.1002/jcc.21334                                         #
#                                                               #
# Please see http://vina.scripps.edu for more information.      #
#################################################################

Reading input ... done.
Setting up the scoring function ... done.
Analyzing the binding site ... done.
Using random seed: 17591
Performing search ... 
0%   10   20   30   40   50   60   70   80   90   100%
|----|----|----|----|----|----|----|----|----|----|
***************************************************
done.
Refining results ... done.

mode |   affinity | dist from best mode
     | (kcal/mol) | rmsd l.b.| rmsd u.b.
-----+------------+----------+----------
   1         -4.2      0.000      0.000
   2         -4.1      3.147      4.912
   3         -4.0      2.350      3.976
   4         -4.0      1.883      2.237
   5         -4.0     12.758     14.171
   6         -4.0      3.138      4.536
   7         -4.0      1.944      2.304
   8         -4.0      2.851      4.730
   9         -3.9      2.913      3.566
Writing output ... done.

>>> Running: 6262 (rep 2)
#################################################################
# If you used AutoDock Vina in your work, please cite:          #
#                                                               #
# O. Trott, A. J. Olson,                                        #
# AutoDock Vina: improving the speed and accuracy of docking    #
# with a new scoring function, efficient optimization and       #
# multithreading, Journal of Computational Chemistry 31 (2010)  #
# 455-461                                                       #
#                                                               #
# DOI 10.1002/jcc.21334                                         #
#                                                               #
# Please see http://vina.scripps.edu for more information.      #
#################################################################

Reading input ... done.
Setting up the scoring function ... done.
Analyzing the binding site ... done.
Using random seed: 14426
Performing search ... 
0%   10   20   30   40   50   60   70   80   90   100%
|----|----|----|----|----|----|----|----|----|----|
***************************************************
done.
Refining results ... done.

mode |   affinity | dist from best mode
     | (kcal/mol) | rmsd l.b.| rmsd u.b.
-----+------------+----------+----------
   1         -4.2      0.000      0.000
   2         -4.1      2.640      4.716
   3         -4.0     13.913     14.654
   4         -4.0     12.773     14.255
   5         -4.0      2.443      4.093
   6         -4.0      3.150      4.533
   7         -3.9      1.918      2.337
   8         -3.9      4.111      5.260
   9         -3.9      8.734      9.924
Writing output ... done.

>>> Running: 6262 (rep 3)
#################################################################
# If you used AutoDock Vina in your work, please cite:          #
#                                                               #
# O. Trott, A. J. Olson,                                        #
# AutoDock Vina: improving the speed and accuracy of docking    #
# with a new scoring function, efficient optimization and       #
# multithreading, Journal of Computational Chemistry 31 (2010)  #
# 455-461                                                       #
#                                                               #
# DOI 10.1002/jcc.21334                                         #
#                                                               #
# Please see http://vina.scripps.edu for more information.      #
#################################################################

Reading input ... done.
Setting up the scoring function ... done.
Analyzing the binding site ... done.
Using random seed: 32303
Performing search ... 
0%   10   20   30   40   50   60   70   80   90   100%
|----|----|----|----|----|----|----|----|----|----|
***************************************************
done.
Refining results ... done.

mode |   affinity | dist from best mode
     | (kcal/mol) | rmsd l.b.| rmsd u.b.
-----+------------+----------+----------
   1         -4.2      0.000      0.000
   2         -4.2      2.615      4.709
   3         -4.0      1.657      2.299
   4         -4.0     13.730     14.909
   5         -4.0      3.115      5.476
   6         -4.0      2.886      3.314
   7         -4.0      2.970      4.456
   8         -3.9      1.984      2.348
   9         -3.9      2.760      4.263
Writing output ... done.

>>> Running: 10176710 (rep 1)
#################################################################
# If you used AutoDock Vina in your work, please cite:          #
#                                                               #
# O. Trott, A. J. Olson,                                        #
# AutoDock Vina: improving the speed and accuracy of docking    #
# with a new scoring function, efficient optimization and       #
# multithreading, Journal of Computational Chemistry 31 (2010)  #
# 455-461                                                       #
#                                                               #
# DOI 10.1002/jcc.21334                                         #
#                                                               #
# Please see http://vina.scripps.edu for more information.      #
#################################################################

Reading input ... done.
Setting up the scoring function ... done.
Analyzing the binding site ... done.
Using random seed: 15641
Performing search ... 
0%   10   20   30   40   50   60   70   80   90   100%
|----|----|----|----|----|----|----|----|----|----|
***************************************************
done.
Refining results ... done.

mode |   affinity | dist from best mode
     | (kcal/mol) | rmsd l.b.| rmsd u.b.
-----+------------+----------+----------
   1         -6.9      0.000      0.000
   2         -6.9      0.387      1.267
   3         -6.9      4.344      6.247
   4         -6.6      3.348      7.051
   5         -6.6      1.855      2.852
   6         -6.6      4.027      5.873
   7         -6.6      3.099      6.811
   8         -6.5      2.694      3.916
   9         -6.5      1.847      2.377
Writing output ... done.

>>> Running: 10176710 (rep 2)
#################################################################
# If you used AutoDock Vina in your work, please cite:          #
#                                                               #
# O. Trott, A. J. Olson,                                        #
# AutoDock Vina: improving the speed and accuracy of docking    #
# with a new scoring function, efficient optimization and       #
# multithreading, Journal of Computational Chemistry 31 (2010)  #
# 455-461                                                       #
#                                                               #
# DOI 10.1002/jcc.21334                                         #
#                                                               #
# Please see http://vina.scripps.edu for more information.      #
#################################################################

Reading input ... done.
Setting up the scoring function ... done.
Analyzing the binding site ... done.
Using random seed: 23247
Performing search ... 
0%   10   20   30   40   50   60   70   80   90   100%
|----|----|----|----|----|----|----|----|----|----|
***************************************************
done.
Refining results ... done.

mode |   affinity | dist from best mode
     | (kcal/mol) | rmsd l.b.| rmsd u.b.
-----+------------+----------+----------
   1         -6.9      0.000      0.000
   2         -6.9      4.353      6.381
   3         -6.9      4.443      6.287
   4         -6.7      4.718      6.501
   5         -6.7      1.125      2.133
   6         -6.6      4.410      6.383
   7         -6.6      4.738      6.453
   8         -6.6      3.346      4.870
   9         -6.5      3.988      7.148
Writing output ... done.

>>> Running: 10176710 (rep 3)
#################################################################
# If you used AutoDock Vina in your work, please cite:          #
#                                                               #
# O. Trott, A. J. Olson,                                        #
# AutoDock Vina: improving the speed and accuracy of docking    #
# with a new scoring function, efficient optimization and       #
# multithreading, Journal of Computational Chemistry 31 (2010)  #
# 455-461                                                       #
#                                                               #
# DOI 10.1002/jcc.21334                                         #
#                                                               #
# Please see http://vina.scripps.edu for more information.      #
#################################################################

Reading input ... done.
Setting up the scoring function ... done.
Analyzing the binding site ... done.
Using random seed: 23351
Performing search ... 
0%   10   20   30   40   50   60   70   80   90   100%
|----|----|----|----|----|----|----|----|----|----|
***************************************************
done.
Refining results ... done.

mode |   affinity | dist from best mode
     | (kcal/mol) | rmsd l.b.| rmsd u.b.
-----+------------+----------+----------
   1         -6.9      0.000      0.000
   2         -6.9      1.163      1.677
   3         -6.9      4.341      6.271
   4         -6.8      0.472      1.290
   5         -6.7      0.751      1.677
   6         -6.6      3.310      7.027
   7         -6.6      3.994      5.939
   8         -6.6      0.807      2.094
   9         -6.5      4.399      6.784
Writing output ... done.

>>> Running: m5 (rep 1)
#################################################################
# If you used AutoDock Vina in your work, please cite:          #
#                                                               #
# O. Trott, A. J. Olson,                                        #
# AutoDock Vina: improving the speed and accuracy of docking    #
# with a new scoring function, efficient optimization and       #
# multithreading, Journal of Computational Chemistry 31 (2010)  #
# 455-461                                                       #
#                                                               #
# DOI 10.1002/jcc.21334                                         #
#                                                               #
# Please see http://vina.scripps.edu for more information.      #
#################################################################

Reading input ... done.
Setting up the scoring function ... done.
Analyzing the binding site ... done.
Using random seed: 6836
Performing search ... 
0%   10   20   30   40   50   60   70   80   90   100%
|----|----|----|----|----|----|----|----|----|----|
***************************************************
done.
Refining results ... done.

mode |   affinity | dist from best mode
     | (kcal/mol) | rmsd l.b.| rmsd u.b.
-----+------------+----------+----------
   1         -6.7      0.000      0.000
   2         -6.7      0.054      1.849
   3         -6.6      2.475      4.310
   4         -6.6      2.461      4.320
   5         -6.5      3.058      5.767
   6         -6.5      2.026      3.249
   7         -6.5      2.010      3.603
   8         -6.5      2.013      2.930
   9         -6.4      2.149      6.442
Writing output ... done.

>>> Running: m5 (rep 2)
#################################################################
# If you used AutoDock Vina in your work, please cite:          #
#                                                               #
# O. Trott, A. J. Olson,                                        #
# AutoDock Vina: improving the speed and accuracy of docking    #
# with a new scoring function, efficient optimization and       #
# multithreading, Journal of Computational Chemistry 31 (2010)  #
# 455-461                                                       #
#                                                               #
# DOI 10.1002/jcc.21334                                         #
#                                                               #
# Please see http://vina.scripps.edu for more information.      #
#################################################################

Reading input ... done.
Setting up the scoring function ... done.
Analyzing the binding site ... done.
Using random seed: 4732
Performing search ... 
0%   10   20   30   40   50   60   70   80   90   100%
|----|----|----|----|----|----|----|----|----|----|
***************************************************
done.
Refining results ... done.

mode |   affinity | dist from best mode
     | (kcal/mol) | rmsd l.b.| rmsd u.b.
-----+------------+----------+----------
   1         -6.8      0.000      0.000
   2         -6.8      2.432      5.836
   3         -6.8      2.443      5.686
   4         -6.7      2.050      5.934
   5         -6.7      2.059      5.878
   6         -6.6      2.934      4.852
   7         -6.6      2.335      5.991
   8         -6.5      2.985      6.771
   9         -6.4      3.101      6.320
Writing output ... done.

>>> Running: m5 (rep 3)
#################################################################
# If you used AutoDock Vina in your work, please cite:          #
#                                                               #
# O. Trott, A. J. Olson,                                        #
# AutoDock Vina: improving the speed and accuracy of docking    #
# with a new scoring function, efficient optimization and       #
# multithreading, Journal of Computational Chemistry 31 (2010)  #
# 455-461                                                       #
#                                                               #
# DOI 10.1002/jcc.21334                                         #
#                                                               #
# Please see http://vina.scripps.edu for more information.      #
#################################################################

Reading input ... done.
Setting up the scoring function ... done.
Analyzing the binding site ... done.
Using random seed: 3094
Performing search ... 
0%   10   20   30   40   50   60   70   80   90   100%
|----|----|----|----|----|----|----|----|----|----|
***************************************************
done.
Refining results ... done.

mode |   affinity | dist from best mode
     | (kcal/mol) | rmsd l.b.| rmsd u.b.
-----+------------+----------+----------
   1         -6.8      0.000      0.000
   2         -6.8      2.438      5.690
   3         -6.8      2.435      5.843
   4         -6.7      2.056      5.873
   5         -6.7      2.061      5.952
   6         -6.6      2.931      4.889
   7         -6.6      2.931      4.837
   8         -6.6      2.325      5.743
   9         -6.5      3.027      6.548
Writing output ... done.

>>> Running: 348154 (rep 1)
#################################################################
# If you used AutoDock Vina in your work, please cite:          #
#                                                               #
# O. Trott, A. J. Olson,                                        #
# AutoDock Vina: improving the speed and accuracy of docking    #
# with a new scoring function, efficient optimization and       #
# multithreading, Journal of Computational Chemistry 31 (2010)  #
# 455-461                                                       #
#                                                               #
# DOI 10.1002/jcc.21334                                         #
#                                                               #
# Please see http://vina.scripps.edu for more information.      #
#################################################################

Reading input ... done.
Setting up the scoring function ... done.
Analyzing the binding site ... done.
Using random seed: 7623
Performing search ... 
0%   10   20   30   40   50   60   70   80   90   100%
|----|----|----|----|----|----|----|----|----|----|
***************************************************
done.
Refining results ... done.

mode |   affinity | dist from best mode
     | (kcal/mol) | rmsd l.b.| rmsd u.b.
-----+------------+----------+----------
   1         -6.3      0.000      0.000
   2         -6.1      2.549      4.533
   3         -6.1      1.244      1.643
   4         -6.0      0.771      1.889
   5         -5.8      1.395      2.367
   6         -5.8      1.363      1.740
   7         -5.8      1.608      5.216
   8         -5.7      1.880      4.806
   9         -5.6      2.474      4.927
Writing output ... done.

>>> Running: 348154 (rep 2)
#################################################################
# If you used AutoDock Vina in your work, please cite:          #
#                                                               #
# O. Trott, A. J. Olson,                                        #
# AutoDock Vina: improving the speed and accuracy of docking    #
# with a new scoring function, efficient optimization and       #
# multithreading, Journal of Computational Chemistry 31 (2010)  #
# 455-461                                                       #
#                                                               #
# DOI 10.1002/jcc.21334                                         #
#                                                               #
# Please see http://vina.scripps.edu for more information.      #
#################################################################

Reading input ... done.
Setting up the scoring function ... done.
Analyzing the binding site ... done.
Using random seed: 4491
Performing search ... 
0%   10   20   30   40   50   60   70   80   90   100%
|----|----|----|----|----|----|----|----|----|----|
***************************************************
done.
Refining results ... done.

mode |   affinity | dist from best mode
     | (kcal/mol) | rmsd l.b.| rmsd u.b.
-----+------------+----------+----------
   1         -6.3      0.000      0.000
   2         -6.2      1.057      1.197
   3         -6.0      1.193      2.168
   4         -6.0      1.038      2.080
   5         -5.9      1.365      1.822
   6         -5.9      1.353      1.625
   7         -5.8      1.632      5.215
   8         -5.7      2.203      4.649
   9         -5.6      2.213      4.643
Writing output ... done.

>>> Running: 348154 (rep 3)
#################################################################
# If you used AutoDock Vina in your work, please cite:          #
#                                                               #
# O. Trott, A. J. Olson,                                        #
# AutoDock Vina: improving the speed and accuracy of docking    #
# with a new scoring function, efficient optimization and       #
# multithreading, Journal of Computational Chemistry 31 (2010)  #
# 455-461                                                       #
#                                                               #
# DOI 10.1002/jcc.21334                                         #
#                                                               #
# Please see http://vina.scripps.edu for more information.      #
#################################################################

Reading input ... done.
Setting up the scoring function ... done.
Analyzing the binding site ... done.
Using random seed: 21387
Performing search ... 
0%   10   20   30   40   50   60   70   80   90   100%
|----|----|----|----|----|----|----|----|----|----|
***************************************************
done.
Refining results ... done.

mode |   affinity | dist from best mode
     | (kcal/mol) | rmsd l.b.| rmsd u.b.
-----+------------+----------+----------
   1         -6.3      0.000      0.000
   2         -6.1      1.284      1.626
   3         -6.0      1.230      2.164
   4         -5.9      1.211      2.228
   5         -5.7      2.163      4.623
   6         -5.7      1.456      5.093
   7         -5.7      1.371      5.049
   8         -5.5      2.599      4.921
   9         -5.4      2.594      3.498
Writing output ... done.

>>> Running: 10394 (rep 1)
#################################################################
# If you used AutoDock Vina in your work, please cite:          #
#                                                               #
# O. Trott, A. J. Olson,                                        #
# AutoDock Vina: improving the speed and accuracy of docking    #
# with a new scoring function, efficient optimization and       #
# multithreading, Journal of Computational Chemistry 31 (2010)  #
# 455-461                                                       #
#                                                               #
# DOI 10.1002/jcc.21334                                         #
#                                                               #
# Please see http://vina.scripps.edu for more information.      #
#################################################################

Reading input ... done.
Setting up the scoring function ... done.
Analyzing the binding site ... done.
Using random seed: 15993
Performing search ... 
0%   10   20   30   40   50   60   70   80   90   100%
|----|----|----|----|----|----|----|----|----|----|
***************************************************
done.
Refining results ... done.

mode |   affinity | dist from best mode
     | (kcal/mol) | rmsd l.b.| rmsd u.b.
-----+------------+----------+----------
   1         -5.9      0.000      0.000
   2         -5.8      1.655      2.113
   3         -5.8      0.839      1.409
   4         -5.7      3.350      4.661
   5         -5.7      2.112      4.920
   6         -5.5      2.593      4.806
   7         -5.5      1.767      5.405
   8         -5.4      1.875      5.214
   9         -5.4      3.537      5.268
Writing output ... done.

>>> Running: 10394 (rep 2)
#################################################################
# If you used AutoDock Vina in your work, please cite:          #
#                                                               #
# O. Trott, A. J. Olson,                                        #
# AutoDock Vina: improving the speed and accuracy of docking    #
# with a new scoring function, efficient optimization and       #
# multithreading, Journal of Computational Chemistry 31 (2010)  #
# 455-461                                                       #
#                                                               #
# DOI 10.1002/jcc.21334                                         #
#                                                               #
# Please see http://vina.scripps.edu for more information.      #
#################################################################

Reading input ... done.
Setting up the scoring function ... done.
Analyzing the binding site ... done.
Using random seed: 11341
Performing search ... 
0%   10   20   30   40   50   60   70   80   90   100%
|----|----|----|----|----|----|----|----|----|----|
***************************************************
done.
Refining results ... done.

mode |   affinity | dist from best mode
     | (kcal/mol) | rmsd l.b.| rmsd u.b.
-----+------------+----------+----------
   1         -5.9      0.000      0.000
   2         -5.8      1.057      1.273
   3         -5.8      1.031      1.844
   4         -5.8      1.121      1.816
   5         -5.8      1.354      2.074
   6         -5.6      2.725      4.929
   7         -5.5      1.687      5.329
   8         -5.5      1.387      4.706
   9         -5.5      2.050      5.497
Writing output ... done.

>>> Running: 10394 (rep 3)
#################################################################
# If you used AutoDock Vina in your work, please cite:          #
#                                                               #
# O. Trott, A. J. Olson,                                        #
# AutoDock Vina: improving the speed and accuracy of docking    #
# with a new scoring function, efficient optimization and       #
# multithreading, Journal of Computational Chemistry 31 (2010)  #
# 455-461                                                       #
#                                                               #
# DOI 10.1002/jcc.21334                                         #
#                                                               #
# Please see http://vina.scripps.edu for more information.      #
#################################################################

Reading input ... done.
Setting up the scoring function ... done.
Analyzing the binding site ... done.
Using random seed: 4537
Performing search ... 
0%   10   20   30   40   50   60   70   80   90   100%
|----|----|----|----|----|----|----|----|----|----|
***************************************************
done.
Refining results ... done.

mode |   affinity | dist from best mode
     | (kcal/mol) | rmsd l.b.| rmsd u.b.
-----+------------+----------+----------
   1         -5.9      0.000      0.000
   2         -5.9      1.709      1.998
   3         -5.8      1.152      1.260
   4         -5.8      0.712      1.564
   5         -5.8      1.147      1.840
   6         -5.6      1.251      5.566
   7         -5.5      1.908      5.521
   8         -5.5      2.064      5.250
   9         -5.5      2.317      5.110
Writing output ... done.

>>> Running: m1 (rep 1)
#################################################################
# If you used AutoDock Vina in your work, please cite:          #
#                                                               #
# O. Trott, A. J. Olson,                                        #
# AutoDock Vina: improving the speed and accuracy of docking    #
# with a new scoring function, efficient optimization and       #
# multithreading, Journal of Computational Chemistry 31 (2010)  #
# 455-461                                                       #
#                                                               #
# DOI 10.1002/jcc.21334                                         #
#                                                               #
# Please see http://vina.scripps.edu for more information.      #
#################################################################

Reading input ... done.
Setting up the scoring function ... done.
Analyzing the binding site ... done.
Using random seed: 9427
Performing search ... 
0%   10   20   30   40   50   60   70   80   90   100%
|----|----|----|----|----|----|----|----|----|----|
***************************************************
done.
Refining results ... done.

mode |   affinity | dist from best mode
     | (kcal/mol) | rmsd l.b.| rmsd u.b.
-----+------------+----------+----------
   1         -6.9      0.000      0.000
   2         -6.8      2.049      6.012
   3         -6.6      2.088      3.367
   4         -6.6      2.478      5.729
   5         -6.5      3.096      6.211
   6         -6.5      2.695      5.892
   7         -6.4      2.459      5.647
   8         -6.4      1.622      2.237
   9         -6.4      2.512      6.448
Writing output ... done.

>>> Running: m1 (rep 2)
#################################################################
# If you used AutoDock Vina in your work, please cite:          #
#                                                               #
# O. Trott, A. J. Olson,                                        #
# AutoDock Vina: improving the speed and accuracy of docking    #
# with a new scoring function, efficient optimization and       #
# multithreading, Journal of Computational Chemistry 31 (2010)  #
# 455-461                                                       #
#                                                               #
# DOI 10.1002/jcc.21334                                         #
#                                                               #
# Please see http://vina.scripps.edu for more information.      #
#################################################################

Reading input ... done.
Setting up the scoring function ... done.
Analyzing the binding site ... done.
Using random seed: 15366
Performing search ... 
0%   10   20   30   40   50   60   70   80   90   100%
|----|----|----|----|----|----|----|----|----|----|
***************************************************
done.
Refining results ... done.

mode |   affinity | dist from best mode
     | (kcal/mol) | rmsd l.b.| rmsd u.b.
-----+------------+----------+----------
   1         -6.8      0.000      0.000
   2         -6.7      2.875      6.246
   3         -6.6      2.119      6.002
   4         -6.6      2.092      3.432
   5         -6.5      2.606      5.686
   6         -6.4      2.533      6.423
   7         -6.4      2.846      5.597
   8         -6.4      2.593      5.530
   9         -6.3      2.768      5.665
Writing output ... done.

>>> Running: m1 (rep 3)
#################################################################
# If you used AutoDock Vina in your work, please cite:          #
#                                                               #
# O. Trott, A. J. Olson,                                        #
# AutoDock Vina: improving the speed and accuracy of docking    #
# with a new scoring function, efficient optimization and       #
# multithreading, Journal of Computational Chemistry 31 (2010)  #
# 455-461                                                       #
#                                                               #
# DOI 10.1002/jcc.21334                                         #
#                                                               #
# Please see http://vina.scripps.edu for more information.      #
#################################################################

Reading input ... done.
Setting up the scoring function ... done.
Analyzing the binding site ... done.
Using random seed: 12019
Performing search ... 
0%   10   20   30   40   50   60   70   80   90   100%
|----|----|----|----|----|----|----|----|----|----|
***************************************************
done.
Refining results ... done.

mode |   affinity | dist from best mode
     | (kcal/mol) | rmsd l.b.| rmsd u.b.
-----+------------+----------+----------
   1         -6.3      0.000      0.000
   2         -6.3      1.910      5.814
   3         -6.2      1.284      1.670
   4         -6.1      3.374      5.624
   5         -6.1      1.510      2.639
   6         -6.0      4.436      5.909
   7         -6.0      3.554      5.796
   8         -5.9      2.301      3.618
   9         -5.9      3.062      5.808
Writing output ... done.

>>> Running: m3 (rep 1)
#################################################################
# If you used AutoDock Vina in your work, please cite:          #
#                                                               #
# O. Trott, A. J. Olson,                                        #
# AutoDock Vina: improving the speed and accuracy of docking    #
# with a new scoring function, efficient optimization and       #
# multithreading, Journal of Computational Chemistry 31 (2010)  #
# 455-461                                                       #
#                                                               #
# DOI 10.1002/jcc.21334                                         #
#                                                               #
# Please see http://vina.scripps.edu for more information.      #
#################################################################

Reading input ... done.
Setting up the scoring function ... done.
Analyzing the binding site ... done.
Using random seed: 19443
Performing search ... 
0%   10   20   30   40   50   60   70   80   90   100%
|----|----|----|----|----|----|----|----|----|----|
***************************************************
done.
Refining results ... done.

mode |   affinity | dist from best mode
     | (kcal/mol) | rmsd l.b.| rmsd u.b.
-----+------------+----------+----------
   1         -6.1      0.000      0.000
   2         -6.1      2.038      3.162
   3         -6.1      3.106      5.829
   4         -6.0      1.588      5.124
   5         -6.0      2.088      3.143
   6         -6.0      1.288      1.783
   7         -5.9      2.966      5.741
   8         -5.9      2.510      6.088
   9         -5.8      2.146      5.482
Writing output ... done.

>>> Running: m3 (rep 2)
#################################################################
# If you used AutoDock Vina in your work, please cite:          #
#                                                               #
# O. Trott, A. J. Olson,                                        #
# AutoDock Vina: improving the speed and accuracy of docking    #
# with a new scoring function, efficient optimization and       #
# multithreading, Journal of Computational Chemistry 31 (2010)  #
# 455-461                                                       #
#                                                               #
# DOI 10.1002/jcc.21334                                         #
#                                                               #
# Please see http://vina.scripps.edu for more information.      #
#################################################################

Reading input ... done.
Setting up the scoring function ... done.
Analyzing the binding site ... done.
Using random seed: 19853
Performing search ... 
0%   10   20   30   40   50   60   70   80   90   100%
|----|----|----|----|----|----|----|----|----|----|
***************************************************
done.
Refining results ... done.

mode |   affinity | dist from best mode
     | (kcal/mol) | rmsd l.b.| rmsd u.b.
-----+------------+----------+----------
   1         -6.2      0.000      0.000
   2         -6.1      2.319      3.121
   3         -6.0      1.115      1.855
   4         -6.0      1.588      5.219
   5         -5.9      3.118      5.716
   6         -5.9      2.223      5.862
   7         -5.9      3.164      5.971
   8         -5.8      2.055      3.162
   9         -5.7      1.693      1.884
Writing output ... done.

>>> Running: m3 (rep 3)
#################################################################
# If you used AutoDock Vina in your work, please cite:          #
#                                                               #
# O. Trott, A. J. Olson,                                        #
# AutoDock Vina: improving the speed and accuracy of docking    #
# with a new scoring function, efficient optimization and       #
# multithreading, Journal of Computational Chemistry 31 (2010)  #
# 455-461                                                       #
#                                                               #
# DOI 10.1002/jcc.21334                                         #
#                                                               #
# Please see http://vina.scripps.edu for more information.      #
#################################################################

Reading input ... done.
Setting up the scoring function ... done.
Analyzing the binding site ... done.
Using random seed: 32388
Performing search ... 
0%   10   20   30   40   50   60   70   80   90   100%
|----|----|----|----|----|----|----|----|----|----|
***************************************************
done.
Refining results ... done.

mode |   affinity | dist from best mode
     | (kcal/mol) | rmsd l.b.| rmsd u.b.
-----+------------+----------+----------
   1         -6.2      0.000      0.000
   2         -6.1      2.235      3.108
   3         -6.1      1.597      5.293
   4         -6.0      1.122      1.859
   5         -5.9      3.193      5.991
   6         -5.9      2.256      5.896
   7         -5.9      2.710      6.040
   8         -5.8      2.476      6.032
   9         -5.7      2.136      3.257
Writing output ... done.

>>> Running: rolR (rep 1)
#################################################################
# If you used AutoDock Vina in your work, please cite:          #
#                                                               #
# O. Trott, A. J. Olson,                                        #
# AutoDock Vina: improving the speed and accuracy of docking    #
# with a new scoring function, efficient optimization and       #
# multithreading, Journal of Computational Chemistry 31 (2010)  #
# 455-461                                                       #
#                                                               #
# DOI 10.1002/jcc.21334                                         #
#                                                               #
# Please see http://vina.scripps.edu for more information.      #
#################################################################

Reading input ... done.
Setting up the scoring function ... done.
Analyzing the binding site ... done.
Using random seed: 7914
Performing search ... 
0%   10   20   30   40   50   60   70   80   90   100%
|----|----|----|----|----|----|----|----|----|----|
***************************************************
done.
Refining results ... done.

mode |   affinity | dist from best mode
     | (kcal/mol) | rmsd l.b.| rmsd u.b.
-----+------------+----------+----------
   1         -7.4      0.000      0.000
   2         -7.1      1.653      2.125
   3         -7.0      3.058      6.106
   4         -6.9      3.390      5.989
   5         -6.7      3.116      6.048
   6         -6.6      3.304      6.167
   7         -6.6      2.766      4.707
   8         -6.5      2.680      4.624
   9         -6.5      2.633      5.170
Writing output ... done.

>>> Running: rolR (rep 2)
#################################################################
# If you used AutoDock Vina in your work, please cite:          #
#                                                               #
# O. Trott, A. J. Olson,                                        #
# AutoDock Vina: improving the speed and accuracy of docking    #
# with a new scoring function, efficient optimization and       #
# multithreading, Journal of Computational Chemistry 31 (2010)  #
# 455-461                                                       #
#                                                               #
# DOI 10.1002/jcc.21334                                         #
#                                                               #
# Please see http://vina.scripps.edu for more information.      #
#################################################################

Reading input ... done.
Setting up the scoring function ... done.
Analyzing the binding site ... done.
Using random seed: 31821
Performing search ... 
0%   10   20   30   40   50   60   70   80   90   100%
|----|----|----|----|----|----|----|----|----|----|
***************************************************
done.
Refining results ... done.

mode |   affinity | dist from best mode
     | (kcal/mol) | rmsd l.b.| rmsd u.b.
-----+------------+----------+----------
   1         -7.3      0.000      0.000
   2         -7.1      1.438      1.870
   3         -7.0      2.955      6.040
   4         -6.9      3.006      6.091
   5         -6.9      3.275      6.056
   6         -6.7      3.256      6.048
   7         -6.6      1.472      4.030
   8         -6.6      2.524      4.576
   9         -6.5      2.044      3.134
Writing output ... done.

>>> Running: rolR (rep 3)
#################################################################
# If you used AutoDock Vina in your work, please cite:          #
#                                                               #
# O. Trott, A. J. Olson,                                        #
# AutoDock Vina: improving the speed and accuracy of docking    #
# with a new scoring function, efficient optimization and       #
# multithreading, Journal of Computational Chemistry 31 (2010)  #
# 455-461                                                       #
#                                                               #
# DOI 10.1002/jcc.21334                                         #
#                                                               #
# Please see http://vina.scripps.edu for more information.      #
#################################################################

Reading input ... done.
Setting up the scoring function ... done.
Analyzing the binding site ... done.
Using random seed: 12355
Performing search ... 
0%   10   20   30   40   50   60   70   80   90   100%
|----|----|----|----|----|----|----|----|----|----|
***************************************************
done.
Refining results ... done.

mode |   affinity | dist from best mode
     | (kcal/mol) | rmsd l.b.| rmsd u.b.
-----+------------+----------+----------
   1         -7.3      0.000      0.000
   2         -7.1      1.643      2.121
   3         -7.0      3.058      6.102
   4         -6.9      3.091      6.081
   5         -6.7      3.281      6.140
   6         -6.6      3.195      5.067
   7         -6.6      3.239      5.810
   8         -6.6      2.814      6.206
   9         -6.6      2.577      4.566
Writing output ... done.

>>> Running: rf (rep 1)
#################################################################
# If you used AutoDock Vina in your work, please cite:          #
#                                                               #
# O. Trott, A. J. Olson,                                        #
# AutoDock Vina: improving the speed and accuracy of docking    #
# with a new scoring function, efficient optimization and       #
# multithreading, Journal of Computational Chemistry 31 (2010)  #
# 455-461                                                       #
#                                                               #
# DOI 10.1002/jcc.21334                                         #
#                                                               #
# Please see http://vina.scripps.edu for more information.      #
#################################################################

Reading input ... done.
Setting up the scoring function ... done.
Analyzing the binding site ... done.
Using random seed: 19990
Performing search ... 
0%   10   20   30   40   50   60   70   80   90   100%
|----|----|----|----|----|----|----|----|----|----|
***************************************************
done.
Refining results ... done.

mode |   affinity | dist from best mode
     | (kcal/mol) | rmsd l.b.| rmsd u.b.
-----+------------+----------+----------
   1         -7.8      0.000      0.000
   2         -7.7      0.183      1.785
   3         -7.6      1.017      1.017
   4         -7.5      3.650      5.894
   5         -7.5      3.701      5.811
   6         -7.3      1.865      2.262
   7         -7.2      2.461      4.089
   8         -7.2      2.266      4.207
   9         -7.1      2.648      4.169
Writing output ... done.

>>> Running: rf (rep 2)
#################################################################
# If you used AutoDock Vina in your work, please cite:          #
#                                                               #
# O. Trott, A. J. Olson,                                        #
# AutoDock Vina: improving the speed and accuracy of docking    #
# with a new scoring function, efficient optimization and       #
# multithreading, Journal of Computational Chemistry 31 (2010)  #
# 455-461                                                       #
#                                                               #
# DOI 10.1002/jcc.21334                                         #
#                                                               #
# Please see http://vina.scripps.edu for more information.      #
#################################################################

Reading input ... done.
Setting up the scoring function ... done.
Analyzing the binding site ... done.
Using random seed: 24477
Performing search ... 
0%   10   20   30   40   50   60   70   80   90   100%
|----|----|----|----|----|----|----|----|----|----|
***************************************************
done.
Refining results ... done.

mode |   affinity | dist from best mode
     | (kcal/mol) | rmsd l.b.| rmsd u.b.
-----+------------+----------+----------
   1         -7.8      0.000      0.000
   2         -7.7      0.094      1.778
   3         -7.5      1.110      2.093
   4         -7.5      2.346      3.905
   5         -7.4      3.633      5.717
   6         -7.4      1.877      2.229
   7         -7.3      2.381      3.888
   8         -7.3      3.576      5.441
   9         -7.1      2.322      4.259
Writing output ... done.

>>> Running: rf (rep 3)
#################################################################
# If you used AutoDock Vina in your work, please cite:          #
#                                                               #
# O. Trott, A. J. Olson,                                        #
# AutoDock Vina: improving the speed and accuracy of docking    #
# with a new scoring function, efficient optimization and       #
# multithreading, Journal of Computational Chemistry 31 (2010)  #
# 455-461                                                       #
#                                                               #
# DOI 10.1002/jcc.21334                                         #
#                                                               #
# Please see http://vina.scripps.edu for more information.      #
#################################################################

Reading input ... done.
Setting up the scoring function ... done.
Analyzing the binding site ... done.
Using random seed: 13653
Performing search ... 
0%   10   20   30   40   50   60   70   80   90   100%
|----|----|----|----|----|----|----|----|----|----|
***************************************************
done.
Refining results ... done.

mode |   affinity | dist from best mode
     | (kcal/mol) | rmsd l.b.| rmsd u.b.
-----+------------+----------+----------
   1         -7.8      0.000      0.000
   2         -7.7      0.190      1.785
   3         -7.6      3.748      5.745
   4         -7.5      3.693      5.918
   5         -7.3      1.892      2.087
   6         -7.3      2.886      4.697
   7         -7.3      2.578      4.103
   8         -7.2      2.715      4.175
   9         -7.1      1.727      2.781
Writing output ... done.

>>> Running: 104775 (rep 1)
#################################################################
# If you used AutoDock Vina in your work, please cite:          #
#                                                               #
# O. Trott, A. J. Olson,                                        #
# AutoDock Vina: improving the speed and accuracy of docking    #
# with a new scoring function, efficient optimization and       #
# multithreading, Journal of Computational Chemistry 31 (2010)  #
# 455-461                                                       #
#                                                               #
# DOI 10.1002/jcc.21334                                         #
#                                                               #
# Please see http://vina.scripps.edu for more information.      #
#################################################################

Reading input ... done.
Setting up the scoring function ... done.
Analyzing the binding site ... done.
Using random seed: 3990
Performing search ... 
0%   10   20   30   40   50   60   70   80   90   100%
|----|----|----|----|----|----|----|----|----|----|
***************************************************
done.
Refining results ... done.

mode |   affinity | dist from best mode
     | (kcal/mol) | rmsd l.b.| rmsd u.b.
-----+------------+----------+----------
   1         -3.5      0.000      0.000
   2         -3.5      2.102      3.252
   3         -3.4      4.050      4.824
   4         -3.4      0.158      1.325
   5         -3.4      3.459      4.307
   6         -3.3      2.582      3.591
   7         -3.3      1.003      1.225
   8         -3.3      2.098      2.474
   9         -3.3      2.838      3.679
Writing output ... done.

>>> Running: 104775 (rep 2)
#################################################################
# If you used AutoDock Vina in your work, please cite:          #
#                                                               #
# O. Trott, A. J. Olson,                                        #
# AutoDock Vina: improving the speed and accuracy of docking    #
# with a new scoring function, efficient optimization and       #
# multithreading, Journal of Computational Chemistry 31 (2010)  #
# 455-461                                                       #
#                                                               #
# DOI 10.1002/jcc.21334                                         #
#                                                               #
# Please see http://vina.scripps.edu for more information.      #
#################################################################

Reading input ... done.
Setting up the scoring function ... done.
Analyzing the binding site ... done.
Using random seed: 1875
Performing search ... 
0%   10   20   30   40   50   60   70   80   90   100%
|----|----|----|----|----|----|----|----|----|----|
***************************************************
done.
Refining results ... done.

mode |   affinity | dist from best mode
     | (kcal/mol) | rmsd l.b.| rmsd u.b.
-----+------------+----------+----------
   1         -3.5      0.000      0.000
   2         -3.5      2.127      3.265
   3         -3.5      0.057      1.320
   4         -3.4      3.865      4.604
   5         -3.3     14.159     15.373
   6         -3.3      0.998      1.203
   7         -3.3      2.580      3.509
   8         -3.3      2.129      2.515
   9         -3.3      2.061      2.533
Writing output ... done.

>>> Running: 104775 (rep 3)
#################################################################
# If you used AutoDock Vina in your work, please cite:          #
#                                                               #
# O. Trott, A. J. Olson,                                        #
# AutoDock Vina: improving the speed and accuracy of docking    #
# with a new scoring function, efficient optimization and       #
# multithreading, Journal of Computational Chemistry 31 (2010)  #
# 455-461                                                       #
#                                                               #
# DOI 10.1002/jcc.21334                                         #
#                                                               #
# Please see http://vina.scripps.edu for more information.      #
#################################################################

Reading input ... done.
Setting up the scoring function ... done.
Analyzing the binding site ... done.
Using random seed: 28605
Performing search ... 
0%   10   20   30   40   50   60   70   80   90   100%
|----|----|----|----|----|----|----|----|----|----|
***************************************************
done.
Refining results ... done.

mode |   affinity | dist from best mode
     | (kcal/mol) | rmsd l.b.| rmsd u.b.
-----+------------+----------+----------
   1         -3.5      0.000      0.000
   2         -3.5      2.092      3.265
   3         -3.5      2.112      3.351
   4         -3.4      3.898      5.027
   5         -3.3     14.416     15.835
   6         -3.3      1.987      3.328
   7         -3.2      1.314      1.996
   8         -3.2      2.360      2.684
   9         -3.2      2.238      3.047
Writing output ... done.

>>> Running: m2 (rep 1)
#################################################################
# If you used AutoDock Vina in your work, please cite:          #
#                                                               #
# O. Trott, A. J. Olson,                                        #
# AutoDock Vina: improving the speed and accuracy of docking    #
# with a new scoring function, efficient optimization and       #
# multithreading, Journal of Computational Chemistry 31 (2010)  #
# 455-461                                                       #
#                                                               #
# DOI 10.1002/jcc.21334                                         #
#                                                               #
# Please see http://vina.scripps.edu for more information.      #
#################################################################

Reading input ... done.
Setting up the scoring function ... done.
Analyzing the binding site ... done.
Using random seed: 24974
Performing search ... 
0%   10   20   30   40   50   60   70   80   90   100%
|----|----|----|----|----|----|----|----|----|----|
***************************************************
done.
Refining results ... done.

mode |   affinity | dist from best mode
     | (kcal/mol) | rmsd l.b.| rmsd u.b.
-----+------------+----------+----------
   1         -6.5      0.000      0.000
   2         -6.1      1.576      5.403
   3         -6.1      2.124      2.925
   4         -6.0      2.248      4.142
   5         -6.0      1.989      5.782
   6         -5.9      3.315      5.999
   7         -5.9      2.090      5.516
   8         -5.9      2.971      6.085
   9         -5.9      3.270      5.630
Writing output ... done.

>>> Running: m2 (rep 2)
#################################################################
# If you used AutoDock Vina in your work, please cite:          #
#                                                               #
# O. Trott, A. J. Olson,                                        #
# AutoDock Vina: improving the speed and accuracy of docking    #
# with a new scoring function, efficient optimization and       #
# multithreading, Journal of Computational Chemistry 31 (2010)  #
# 455-461                                                       #
#                                                               #
# DOI 10.1002/jcc.21334                                         #
#                                                               #
# Please see http://vina.scripps.edu for more information.      #
#################################################################

Reading input ... done.
Setting up the scoring function ... done.
Analyzing the binding site ... done.
Using random seed: 2842
Performing search ... 
0%   10   20   30   40   50   60   70   80   90   100%
|----|----|----|----|----|----|----|----|----|----|
***************************************************
done.
Refining results ... done.

mode |   affinity | dist from best mode
     | (kcal/mol) | rmsd l.b.| rmsd u.b.
-----+------------+----------+----------
   1         -7.0      0.000      0.000
   2         -6.7      0.808      1.225
   3         -6.4      2.110      3.073
   4         -6.4      2.034      5.791
   5         -6.4      3.430      6.113
   6         -6.3      3.388      5.561
   7         -6.2      2.468      5.537
   8         -6.2      2.581      6.155
   9         -6.2      1.896      2.451
Writing output ... done.

>>> Running: m2 (rep 3)
#################################################################
# If you used AutoDock Vina in your work, please cite:          #
#                                                               #
# O. Trott, A. J. Olson,                                        #
# AutoDock Vina: improving the speed and accuracy of docking    #
# with a new scoring function, efficient optimization and       #
# multithreading, Journal of Computational Chemistry 31 (2010)  #
# 455-461                                                       #
#                                                               #
# DOI 10.1002/jcc.21334                                         #
#                                                               #
# Please see http://vina.scripps.edu for more information.      #
#################################################################

Reading input ... done.
Setting up the scoring function ... done.
Analyzing the binding site ... done.
Using random seed: 919
Performing search ... 
0%   10   20   30   40   50   60   70   80   90   100%
|----|----|----|----|----|----|----|----|----|----|
***************************************************
done.
Refining results ... done.

mode |   affinity | dist from best mode
     | (kcal/mol) | rmsd l.b.| rmsd u.b.
-----+------------+----------+----------
   1         -6.7      0.000      0.000
   2         -6.3      2.140      3.121
   3         -6.3      1.693      5.424
   4         -6.3      3.411      6.123
   5         -6.2      2.664      5.990
   6         -6.2      2.336      5.561
   7         -6.2      3.354      5.548
   8         -6.2      2.151      5.776
   9         -6.2      1.734      2.172
Writing output ... done.

>>> Running: rolS (rep 1)
#################################################################
# If you used AutoDock Vina in your work, please cite:          #
#                                                               #
# O. Trott, A. J. Olson,                                        #
# AutoDock Vina: improving the speed and accuracy of docking    #
# with a new scoring function, efficient optimization and       #
# multithreading, Journal of Computational Chemistry 31 (2010)  #
# 455-461                                                       #
#                                                               #
# DOI 10.1002/jcc.21334                                         #
#                                                               #
# Please see http://vina.scripps.edu for more information.      #
#################################################################

Reading input ... done.
Setting up the scoring function ... done.
Analyzing the binding site ... done.
Using random seed: 7872
Performing search ... 
0%   10   20   30   40   50   60   70   80   90   100%
|----|----|----|----|----|----|----|----|----|----|
***************************************************
done.
Refining results ... done.

mode |   affinity | dist from best mode
     | (kcal/mol) | rmsd l.b.| rmsd u.b.
-----+------------+----------+----------
   1         -7.6      0.000      0.000
   2         -7.1      1.583      1.925
   3         -7.1      2.030      2.569
   4         -6.8      3.426      5.178
   5         -6.8      2.658      4.712
   6         -6.8      3.026      6.029
   7         -6.7      3.503      6.574
   8         -6.7      3.129      6.231
   9         -6.5      3.034      5.827
Writing output ... done.

>>> Running: rolS (rep 2)
#################################################################
# If you used AutoDock Vina in your work, please cite:          #
#                                                               #
# O. Trott, A. J. Olson,                                        #
# AutoDock Vina: improving the speed and accuracy of docking    #
# with a new scoring function, efficient optimization and       #
# multithreading, Journal of Computational Chemistry 31 (2010)  #
# 455-461                                                       #
#                                                               #
# DOI 10.1002/jcc.21334                                         #
#                                                               #
# Please see http://vina.scripps.edu for more information.      #
#################################################################

Reading input ... done.
Setting up the scoring function ... done.
Analyzing the binding site ... done.
Using random seed: 4192
Performing search ... 
0%   10   20   30   40   50   60   70   80   90   100%
|----|----|----|----|----|----|----|----|----|----|
***************************************************
done.
Refining results ... done.

mode |   affinity | dist from best mode
     | (kcal/mol) | rmsd l.b.| rmsd u.b.
-----+------------+----------+----------
   1         -7.6      0.000      0.000
   2         -7.1      2.016      2.544
   3         -7.1      1.609      1.956
   4         -7.0      3.587      5.294
   5         -6.9      2.808      5.910
   6         -6.8      2.557      4.615
   7         -6.8      3.019      6.021
   8         -6.6      3.375      6.483
   9         -6.6      3.077      6.074
Writing output ... done.

>>> Running: rolS (rep 3)
#################################################################
# If you used AutoDock Vina in your work, please cite:          #
#                                                               #
# O. Trott, A. J. Olson,                                        #
# AutoDock Vina: improving the speed and accuracy of docking    #
# with a new scoring function, efficient optimization and       #
# multithreading, Journal of Computational Chemistry 31 (2010)  #
# 455-461                                                       #
#                                                               #
# DOI 10.1002/jcc.21334                                         #
#                                                               #
# Please see http://vina.scripps.edu for more information.      #
#################################################################

Reading input ... done.
Setting up the scoring function ... done.
Analyzing the binding site ... done.
Using random seed: 13544
Performing search ... 
0%   10   20   30   40   50   60   70   80   90   100%
|----|----|----|----|----|----|----|----|----|----|
***************************************************
done.
Refining results ... done.

mode |   affinity | dist from best mode
     | (kcal/mol) | rmsd l.b.| rmsd u.b.
-----+------------+----------+----------
   1         -7.6      0.000      0.000
   2         -7.1      1.622      1.969
   3         -7.1      2.102      2.660
   4         -7.0      3.607      5.336
   5         -6.9      2.837      5.943
   6         -6.8      2.648      4.685
   7         -6.8      3.022      6.022
   8         -6.7      3.052      6.065
   9         -6.7      3.445      5.869
Writing output ... done.

>>> Running: 10559720 (rep 1)
#################################################################
# If you used AutoDock Vina in your work, please cite:          #
#                                                               #
# O. Trott, A. J. Olson,                                        #
# AutoDock Vina: improving the speed and accuracy of docking    #
# with a new scoring function, efficient optimization and       #
# multithreading, Journal of Computational Chemistry 31 (2010)  #
# 455-461                                                       #
#                                                               #
# DOI 10.1002/jcc.21334                                         #
#                                                               #
# Please see http://vina.scripps.edu for more information.      #
#################################################################

Reading input ... done.
Setting up the scoring function ... done.
Analyzing the binding site ... done.
Using random seed: 10000
Performing search ... 
0%   10   20   30   40   50   60   70   80   90   100%
|----|----|----|----|----|----|----|----|----|----|
***************************************************
done.
Refining results ... done.

mode |   affinity | dist from best mode
     | (kcal/mol) | rmsd l.b.| rmsd u.b.
-----+------------+----------+----------
   1         -6.1      0.000      0.000
   2         -6.1      2.327      5.393
   3         -6.0      1.319      2.149
   4         -5.9      2.126      5.339
   5         -5.9      1.456      2.163
   6         -5.9      3.014      4.394
   7         -5.9      2.895      4.545
   8         -5.7      1.440      1.905
   9         -5.7      2.585      3.800
Writing output ... done.

>>> Running: 10559720 (rep 2)
#################################################################
# If you used AutoDock Vina in your work, please cite:          #
#                                                               #
# O. Trott, A. J. Olson,                                        #
# AutoDock Vina: improving the speed and accuracy of docking    #
# with a new scoring function, efficient optimization and       #
# multithreading, Journal of Computational Chemistry 31 (2010)  #
# 455-461                                                       #
#                                                               #
# DOI 10.1002/jcc.21334                                         #
#                                                               #
# Please see http://vina.scripps.edu for more information.      #
#################################################################

Reading input ... done.
Setting up the scoring function ... done.
Analyzing the binding site ... done.
Using random seed: 1959
Performing search ... 
0%   10   20   30   40   50   60   70   80   90   100%
|----|----|----|----|----|----|----|----|----|----|
***************************************************
done.
Refining results ... done.

mode |   affinity | dist from best mode
     | (kcal/mol) | rmsd l.b.| rmsd u.b.
-----+------------+----------+----------
   1         -6.0      0.000      0.000
   2         -5.9      2.347      5.420
   3         -5.9      2.263      5.519
   4         -5.8      3.016      4.972
   5         -5.8      2.216      3.067
   6         -5.7      2.318      5.482
   7         -5.6      2.603      5.894
   8         -5.6      1.269      5.717
   9         -5.6      1.686      2.708
Writing output ... done.

>>> Running: 10559720 (rep 3)
#################################################################
# If you used AutoDock Vina in your work, please cite:          #
#                                                               #
# O. Trott, A. J. Olson,                                        #
# AutoDock Vina: improving the speed and accuracy of docking    #
# with a new scoring function, efficient optimization and       #
# multithreading, Journal of Computational Chemistry 31 (2010)  #
# 455-461                                                       #
#                                                               #
# DOI 10.1002/jcc.21334                                         #
#                                                               #
# Please see http://vina.scripps.edu for more information.      #
#################################################################

Reading input ... done.
Setting up the scoring function ... done.
Analyzing the binding site ... done.
Using random seed: 28400
Performing search ... 
0%   10   20   30   40   50   60   70   80   90   100%
|----|----|----|----|----|----|----|----|----|----|
***************************************************
done.
Refining results ... done.

mode |   affinity | dist from best mode
     | (kcal/mol) | rmsd l.b.| rmsd u.b.
-----+------------+----------+----------
   1         -6.1      0.000      0.000
   2         -6.0      3.168      4.750
   3         -6.0      2.204      5.340
   4         -5.9      1.353      2.085
   5         -5.8      3.317      4.857
   6         -5.8      2.559      3.596
   7         -5.7      3.300      5.311
   8         -5.7      1.973      5.151
   9         -5.6      1.848      2.147
Writing output ... done.

>>> Running: 175 (rep 1)
#################################################################
# If you used AutoDock Vina in your work, please cite:          #
#                                                               #
# O. Trott, A. J. Olson,                                        #
# AutoDock Vina: improving the speed and accuracy of docking    #
# with a new scoring function, efficient optimization and       #
# multithreading, Journal of Computational Chemistry 31 (2010)  #
# 455-461                                                       #
#                                                               #
# DOI 10.1002/jcc.21334                                         #
#                                                               #
# Please see http://vina.scripps.edu for more information.      #
#################################################################

Reading input ... done.
Setting up the scoring function ... done.
Analyzing the binding site ... done.
Using random seed: 30288
Performing search ... 
0%   10   20   30   40   50   60   70   80   90   100%
|----|----|----|----|----|----|----|----|----|----|
***************************************************
done.
Refining results ... done.

mode |   affinity | dist from best mode
     | (kcal/mol) | rmsd l.b.| rmsd u.b.
-----+------------+----------+----------
   1         -2.9      0.000      0.000
   2         -2.9      0.048      1.618
   3         -2.8      1.702      2.024
   4         -2.7     15.901     16.488
   5         -2.7     15.906     16.429
   6         -2.5     15.893     16.498
   7         -2.4     13.886     14.247
   8         -2.4     13.845     14.225
   9         -2.4     15.437     15.986
Writing output ... done.

>>> Running: 175 (rep 2)
#################################################################
# If you used AutoDock Vina in your work, please cite:          #
#                                                               #
# O. Trott, A. J. Olson,                                        #
# AutoDock Vina: improving the speed and accuracy of docking    #
# with a new scoring function, efficient optimization and       #
# multithreading, Journal of Computational Chemistry 31 (2010)  #
# 455-461                                                       #
#                                                               #
# DOI 10.1002/jcc.21334                                         #
#                                                               #
# Please see http://vina.scripps.edu for more information.      #
#################################################################

Reading input ... done.
Setting up the scoring function ... done.
Analyzing the binding site ... done.
Using random seed: 5140
Performing search ... 
0%   10   20   30   40   50   60   70   80   90   100%
|----|----|----|----|----|----|----|----|----|----|
***************************************************
done.
Refining results ... done.

mode |   affinity | dist from best mode
     | (kcal/mol) | rmsd l.b.| rmsd u.b.
-----+------------+----------+----------
   1         -2.9      0.000      0.000
   2         -2.8      1.696      2.193
   3         -2.8      1.211      2.118
   4         -2.7     15.903     16.424
   5         -2.7     15.899     16.481
   6         -2.6     17.459     18.142
   7         -2.5     16.000     16.594
   8         -2.4     11.561     12.084
   9         -2.4     13.875     14.327
Writing output ... done.

>>> Running: 175 (rep 3)
#################################################################
# If you used AutoDock Vina in your work, please cite:          #
#                                                               #
# O. Trott, A. J. Olson,                                        #
# AutoDock Vina: improving the speed and accuracy of docking    #
# with a new scoring function, efficient optimization and       #
# multithreading, Journal of Computational Chemistry 31 (2010)  #
# 455-461                                                       #
#                                                               #
# DOI 10.1002/jcc.21334                                         #
#                                                               #
# Please see http://vina.scripps.edu for more information.      #
#################################################################

Reading input ... done.
Setting up the scoring function ... done.
Analyzing the binding site ... done.
Using random seed: 15897
Performing search ... 
0%   10   20   30   40   50   60   70   80   90   100%
|----|----|----|----|----|----|----|----|----|----|
***************************************************
done.
Refining results ... done.

mode |   affinity | dist from best mode
     | (kcal/mol) | rmsd l.b.| rmsd u.b.
-----+------------+----------+----------
   1         -2.9      0.000      0.000
   2         -2.8      1.700      2.190
   3         -2.8      1.687      2.011
   4         -2.7     15.886     16.411
   5         -2.6     17.462     18.115
   6         -2.5     11.512     11.983
   7         -2.5     15.696     16.298
   8         -2.4     13.874     14.238
   9         -2.4     17.487     18.131
Writing output ... done.

>>> Running: 439435 (rep 1)
#################################################################
# If you used AutoDock Vina in your work, please cite:          #
#                                                               #
# O. Trott, A. J. Olson,                                        #
# AutoDock Vina: improving the speed and accuracy of docking    #
# with a new scoring function, efficient optimization and       #
# multithreading, Journal of Computational Chemistry 31 (2010)  #
# 455-461                                                       #
#                                                               #
# DOI 10.1002/jcc.21334                                         #
#                                                               #
# Please see http://vina.scripps.edu for more information.      #
#################################################################

Reading input ... done.
Setting up the scoring function ... done.
Analyzing the binding site ... done.
Using random seed: 10916
Performing search ... 
0%   10   20   30   40   50   60   70   80   90   100%
|----|----|----|----|----|----|----|----|----|----|
***************************************************
done.
Refining results ... done.

mode |   affinity | dist from best mode
     | (kcal/mol) | rmsd l.b.| rmsd u.b.
-----+------------+----------+----------
   1         -6.5      0.000      0.000
   2         -6.3      1.204      1.412
   3         -6.3      0.775      1.837
   4         -5.9      1.881      5.230
   5         -5.8      2.577      5.030
   6         -5.8      1.097      1.956
   7         -5.8      1.916      2.831
   8         -5.7      3.375      5.103
   9         -5.7      1.636      2.426
Writing output ... done.

>>> Running: 439435 (rep 2)
#################################################################
# If you used AutoDock Vina in your work, please cite:          #
#                                                               #
# O. Trott, A. J. Olson,                                        #
# AutoDock Vina: improving the speed and accuracy of docking    #
# with a new scoring function, efficient optimization and       #
# multithreading, Journal of Computational Chemistry 31 (2010)  #
# 455-461                                                       #
#                                                               #
# DOI 10.1002/jcc.21334                                         #
#                                                               #
# Please see http://vina.scripps.edu for more information.      #
#################################################################

Reading input ... done.
Setting up the scoring function ... done.
Analyzing the binding site ... done.
Using random seed: 9650
Performing search ... 
0%   10   20   30   40   50   60   70   80   90   100%
|----|----|----|----|----|----|----|----|----|----|
***************************************************
done.
Refining results ... done.

mode |   affinity | dist from best mode
     | (kcal/mol) | rmsd l.b.| rmsd u.b.
-----+------------+----------+----------
   1         -6.5      0.000      0.000
   2         -6.3      1.177      1.400
   3         -6.3      0.764      1.821
   4         -6.1      1.265      2.287
   5         -6.0      1.577      2.128
   6         -5.9      1.462      2.594
   7         -5.8      2.730      5.079
   8         -5.7      3.668      6.136
   9         -5.7      3.615      5.972
Writing output ... done.

>>> Running: 439435 (rep 3)
#################################################################
# If you used AutoDock Vina in your work, please cite:          #
#                                                               #
# O. Trott, A. J. Olson,                                        #
# AutoDock Vina: improving the speed and accuracy of docking    #
# with a new scoring function, efficient optimization and       #
# multithreading, Journal of Computational Chemistry 31 (2010)  #
# 455-461                                                       #
#                                                               #
# DOI 10.1002/jcc.21334                                         #
#                                                               #
# Please see http://vina.scripps.edu for more information.      #
#################################################################

Reading input ... done.
Setting up the scoring function ... done.
Analyzing the binding site ... done.
Using random seed: 28344
Performing search ... 
0%   10   20   30   40   50   60   70   80   90   100%
|----|----|----|----|----|----|----|----|----|----|
***************************************************
done.
Refining results ... done.

mode |   affinity | dist from best mode
     | (kcal/mol) | rmsd l.b.| rmsd u.b.
-----+------------+----------+----------
   1         -6.5      0.000      0.000
   2         -6.3      1.229      1.447
   3         -6.1      1.273      2.300
   4         -6.0      1.627      2.087
   5         -5.9      1.867      5.242
   6         -5.9      2.432      5.050
   7         -5.8      3.363      5.273
   8         -5.7      1.735      2.791
   9         -5.7      1.648      5.203
Writing output ... done.

>>> Running: m4 (rep 1)
#################################################################
# If you used AutoDock Vina in your work, please cite:          #
#                                                               #
# O. Trott, A. J. Olson,                                        #
# AutoDock Vina: improving the speed and accuracy of docking    #
# with a new scoring function, efficient optimization and       #
# multithreading, Journal of Computational Chemistry 31 (2010)  #
# 455-461                                                       #
#                                                               #
# DOI 10.1002/jcc.21334                                         #
#                                                               #
# Please see http://vina.scripps.edu for more information.      #
#################################################################

Reading input ... done.
Setting up the scoring function ... done.
Analyzing the binding site ... done.
Using random seed: 13550
Performing search ... 
0%   10   20   30   40   50   60   70   80   90   100%
|----|----|----|----|----|----|----|----|----|----|
***************************************************
done.
Refining results ... done.

mode |   affinity | dist from best mode
     | (kcal/mol) | rmsd l.b.| rmsd u.b.
-----+------------+----------+----------
   1         -6.5      0.000      0.000
   2         -6.5      1.804      6.782
   3         -6.4      1.864      7.069
   4         -6.4      2.604      6.790
   5         -6.4      1.411      7.060
   6         -6.4      1.705      7.012
   7         -6.4      1.628      6.878
   8         -6.4      2.099      7.750
   9         -6.4      1.583      6.497
Writing output ... done.

>>> Running: m4 (rep 2)
#################################################################
# If you used AutoDock Vina in your work, please cite:          #
#                                                               #
# O. Trott, A. J. Olson,                                        #
# AutoDock Vina: improving the speed and accuracy of docking    #
# with a new scoring function, efficient optimization and       #
# multithreading, Journal of Computational Chemistry 31 (2010)  #
# 455-461                                                       #
#                                                               #
# DOI 10.1002/jcc.21334                                         #
#                                                               #
# Please see http://vina.scripps.edu for more information.      #
#################################################################

Reading input ... done.
Setting up the scoring function ... done.
Analyzing the binding site ... done.
Using random seed: 27098
Performing search ... 
0%   10   20   30   40   50   60   70   80   90   100%
|----|----|----|----|----|----|----|----|----|----|
***************************************************
done.
Refining results ... done.

mode |   affinity | dist from best mode
     | (kcal/mol) | rmsd l.b.| rmsd u.b.
-----+------------+----------+----------
   1         -6.5      0.000      0.000
   2         -6.5      1.800      6.792
   3         -6.5      0.637      1.545
   4         -6.4      1.679      7.020
   5         -6.4      2.604      6.789
   6         -6.4      1.776      7.056
   7         -6.4      1.645      6.895
   8         -6.3      1.613      6.610
   9         -6.3      1.664      7.070
Writing output ... done.

>>> Running: m4 (rep 3)
#################################################################
# If you used AutoDock Vina in your work, please cite:          #
#                                                               #
# O. Trott, A. J. Olson,                                        #
# AutoDock Vina: improving the speed and accuracy of docking    #
# with a new scoring function, efficient optimization and       #
# multithreading, Journal of Computational Chemistry 31 (2010)  #
# 455-461                                                       #
#                                                               #
# DOI 10.1002/jcc.21334                                         #
#                                                               #
# Please see http://vina.scripps.edu for more information.      #
#################################################################

Reading input ... done.
Setting up the scoring function ... done.
Analyzing the binding site ... done.
Using random seed: 347
Performing search ... 
0%   10   20   30   40   50   60   70   80   90   100%
|----|----|----|----|----|----|----|----|----|----|
***************************************************
done.
Refining results ... done.

mode |   affinity | dist from best mode
     | (kcal/mol) | rmsd l.b.| rmsd u.b.
-----+------------+----------+----------
   1         -6.5      0.000      0.000
   2         -6.5      1.805      6.807
   3         -6.4      1.895      7.063
   4         -6.4      2.602      6.804
   5         -6.4      1.691      7.064
   6         -6.4      1.587      6.462
   7         -6.4      1.771      7.035
   8         -6.4      1.435      7.102
   9         -6.2      2.510      6.818
Writing output ... done.

>>> Running: 9877619 (rep 1)
#################################################################
# If you used AutoDock Vina in your work, please cite:          #
#                                                               #
# O. Trott, A. J. Olson,                                        #
# AutoDock Vina: improving the speed and accuracy of docking    #
# with a new scoring function, efficient optimization and       #
# multithreading, Journal of Computational Chemistry 31 (2010)  #
# 455-461                                                       #
#                                                               #
# DOI 10.1002/jcc.21334                                         #
#                                                               #
# Please see http://vina.scripps.edu for more information.      #
#################################################################

Reading input ... done.
Setting up the scoring function ... done.
Analyzing the binding site ... done.
Using random seed: 22098
Performing search ... 
0%   10   20   30   40   50   60   70   80   90   100%
|----|----|----|----|----|----|----|----|----|----|
***************************************************
done.
Refining results ... done.

mode |   affinity | dist from best mode
     | (kcal/mol) | rmsd l.b.| rmsd u.b.
-----+------------+----------+----------
   1         -5.9      0.000      0.000
   2         -5.9      1.316      2.243
   3         -5.7      1.611      3.139
   4         -5.7      2.107      3.363
   5         -5.7      2.573      5.181
   6         -5.7      1.727      4.659
   7         -5.7      3.683      5.723
   8         -5.6      1.570      2.046
   9         -5.6      1.445      2.358
Writing output ... done.

>>> Running: 9877619 (rep 2)
#################################################################
# If you used AutoDock Vina in your work, please cite:          #
#                                                               #
# O. Trott, A. J. Olson,                                        #
# AutoDock Vina: improving the speed and accuracy of docking    #
# with a new scoring function, efficient optimization and       #
# multithreading, Journal of Computational Chemistry 31 (2010)  #
# 455-461                                                       #
#                                                               #
# DOI 10.1002/jcc.21334                                         #
#                                                               #
# Please see http://vina.scripps.edu for more information.      #
#################################################################

Reading input ... done.
Setting up the scoring function ... done.
Analyzing the binding site ... done.
Using random seed: 10184
Performing search ... 
0%   10   20   30   40   50   60   70   80   90   100%
|----|----|----|----|----|----|----|----|----|----|
***************************************************
done.
Refining results ... done.

mode |   affinity | dist from best mode
     | (kcal/mol) | rmsd l.b.| rmsd u.b.
-----+------------+----------+----------
   1         -6.0      0.000      0.000
   2         -5.9      0.541      1.395
   3         -5.9      1.186      1.994
   4         -5.8      1.698      3.386
   5         -5.7      1.969      4.528
   6         -5.7      1.880      3.076
   7         -5.6      3.783      5.943
   8         -5.6      1.760      2.660
   9         -5.6      1.817      3.111
Writing output ... done.

>>> Running: 9877619 (rep 3)
#################################################################
# If you used AutoDock Vina in your work, please cite:          #
#                                                               #
# O. Trott, A. J. Olson,                                        #
# AutoDock Vina: improving the speed and accuracy of docking    #
# with a new scoring function, efficient optimization and       #
# multithreading, Journal of Computational Chemistry 31 (2010)  #
# 455-461                                                       #
#                                                               #
# DOI 10.1002/jcc.21334                                         #
#                                                               #
# Please see http://vina.scripps.edu for more information.      #
#################################################################

Reading input ... done.
Setting up the scoring function ... done.
Analyzing the binding site ... done.
Using random seed: 27653
Performing search ... 
0%   10   20   30   40   50   60   70   80   90   100%
|----|----|----|----|----|----|----|----|----|----|
***************************************************
done.
Refining results ... done.

mode |   affinity | dist from best mode
     | (kcal/mol) | rmsd l.b.| rmsd u.b.
-----+------------+----------+----------
   1         -6.1      0.000      0.000
   2         -5.9      1.288      2.228
   3         -5.8      1.566      3.288
   4         -5.7      1.823      4.507
   5         -5.7      2.105      3.310
   6         -5.7      2.105      3.272
   7         -5.6      3.738      5.902
   8         -5.6      1.876      2.687
   9         -5.6      1.501      1.984
Writing output ... done.

========================================
 Done
   Success: 0
   Fail   : 0
   SKipped: 0
 Results in: /home/gbiuser/Documents/vitoria/usp-masters/8-docking/results_docking/PDE4D_dimer
========================================
