Name,Common_name,Uniprot_ID,ChEMBL_ID,Class,Probability,Known_Actives,,NA.1
"Kynurenine/alpha-aminoadipate aminotransferase, mitochondrial",AADAT,Q8N5Z0,CHEMBL2046259,Enzyme,0.0439186325197,17 /  0     ,NA,NA
Adaptor-associated kinase,AAK1,Q2M2I8,CHEMBL3830,Kinase,0.104671941128,1 /  0     ,NA,NA
Gamma-amino-N-butyrate transaminase,ABAT,P80404,CHEMBL2044,Transferase,0.0238327432783,2 /  0     ,NA,NA
P-glycoprotein 1,ABCB1,P08183,CHEMBL4302,Primary active transporter,0.0428381527054,113 /  0     ,NA,NA
Bile salt export pump,ABCB11,O95342,CHEMBL6020,Primary active transporter,0.938790202847,4 /  3     ,NA,NA
Multidrug resistance-associated protein 1,ABCC1,P33527,CHEMBL3004,Primary active transporter,0.0535560755162,1 /  0     ,NA,NA
Sulfonylurea receptor 2,ABCC9,O60706,CHEMBL1971,Primary active transporter,0.0312265582077,27 /  0     ,NA,NA
ATP-binding cassette sub-family G member 2,ABCG2,Q9UNQ0,CHEMBL5393,Primary active transporter,0.104671941128,7 /  0     ,NA,NA
Monoacylglycerol lipase ABHD6,ABHD6,Q9BV23,CHEMBL2189127,Enzyme,0.104671941128,2 /  0     ,NA,NA
Tyrosine-protein kinase ABL,ABL1,P00519,CHEMBL1862,Kinase,0.0535560755162,170 /  0     ,NA,NA
Acetyl-CoA carboxylase 2,ACACB,O00763,CHEMBL4829,Ligase,0.0978745343258,3 /  0     ,NA,NA
Angiotensin-converting enzyme,ACE,P12821,CHEMBL1808,Protease,0.033970689612,0 /  61     ,NA,NA
Angiotensin-converting enzyme 2,ACE2,Q9BYF1,CHEMBL3736,Protease,0.0312265582077,2 /  0     ,NA,NA
Acetylcholinesterase,ACHE,P22303,CHEMBL220,Hydrolase,0.0312265582077,1 /  74     ,NA,NA
ATP-citrate synthase,ACLY,P53396,CHEMBL3720,Enzyme,0.0238327432783,0 /  1     ,NA,NA
Low molecular weight phosphotyrosine protein phosphatase,ACP1,P24666,CHEMBL4903,Phosphatase,0.0626219668353,14 /  1     ,NA,NA
Prostatic acid phosphatase,ACPP,P15309,CHEMBL2633,Enzyme,0.0312265582077,11 /  0     ,NA,NA
Serine/threonine-protein kinase receptor R3,ACVRL1,P37023,CHEMBL5311,Kinase,0.109339753231,17 /  0     ,NA,NA
Adenosine deaminase,ADA,P00813,CHEMBL1910,Hydrolase,0.0535560755162,11 /  0     ,NA,NA
ADAM10,ADAM10,O14672,CHEMBL5028,Protease,0.041891066893,20 /  0     ,NA,NA
ADAM12,ADAM12,O43184,CHEMBL5030,Protease,0.112041901328,4 /  0     ,NA,NA
ADAM17,ADAM17,P78536,CHEMBL3706,Protease,0.0428381527054,398 /  0     ,NA,NA
ADAM9,ADAM9,Q13443,CHEMBL5982,Protease,0.0604245879294,0 /  1     ,NA,NA
ADAMTS5,ADAMTS5,Q9UNA0,CHEMBL2285,Protease,0.104671941128,73 /  0     ,NA,NA
Brain adenylate cyclase 1,ADCY1,Q08828,CHEMBL2899,Enzyme,0.109339753231,25 /  0     ,NA,NA
Adenylate cyclase type 10,ADCY10,Q96PN6,CHEMBL5854,Enzyme,0.0312265582077,0 /  1     ,NA,NA
Adenylate cyclase type V,ADCY5,O95622,CHEMBL3189,Enzyme,0.0978745343258,10 /  0     ,NA,NA
Alcohol dehydrogenase alpha chain,ADH1A,P07327,CHEMBL1970,Oxidoreductase,0.0743164735672,0 /  18     ,NA,NA
Alcohol dehydrogenase beta chain,ADH1B,P00325,CHEMBL3284,Oxidoreductase,0.033970689612,0 /  8     ,NA,NA
Alcohol dehydrogenase gamma chain,ADH1C,P00326,CHEMBL3285,Oxidoreductase,0.033970689612,0 /  5     ,NA,NA
Adenosine kinase,ADK,P55263,CHEMBL3589,Enzyme,0.0535560755162,71 /  0     ,NA,NA
Adenosine A1 receptor,ADORA1,P30542,CHEMBL226,Family A G protein-coupled receptor,0.0312265582077,294 /  0     ,NA,NA
Adenosine A2a receptor,ADORA2A,P29274,CHEMBL251,Family A G protein-coupled receptor,0.0312265582077,316 /  0     ,NA,NA
Adenosine A2b receptor,ADORA2B,P29275,CHEMBL255,Family A G protein-coupled receptor,0.0312265582077,161 /  0     ,NA,NA
Adenosine A3 receptor,ADORA3,P0DMS8,CHEMBL256,Family A G protein-coupled receptor,0.0238327432783,1 /  5     ,NA,NA
Alpha-1a adrenergic receptor,ADRA1A,P35348,CHEMBL229,Family A G protein-coupled receptor,0.0717871625222,3 /  31     ,NA,NA
Alpha-1b adrenergic receptor,ADRA1B,P35368,CHEMBL232,Family A G protein-coupled receptor,0.0439186325197,0 /  3     ,NA,NA
Alpha-1d adrenergic receptor,ADRA1D,P25100,CHEMBL223,Family A G protein-coupled receptor,0.0312265582077,8 /  0     ,NA,NA
Alpha-2a adrenergic receptor,ADRA2A,P08913,CHEMBL1867,Family A G protein-coupled receptor,0.0312265582077,0 /  7     ,NA,NA
Alpha-2b adrenergic receptor   (by homology),ADRA2B,P18089,CHEMBL1942,Family A G protein-coupled receptor,0.033970689612,0 /  9     ,NA,NA
Adrenergic receptor alpha-2,ADRA2C,P18825,CHEMBL1916,Family A G protein-coupled receptor,0.0428942118511,0 /  3     ,NA,NA
Beta-1 adrenergic receptor,ADRB1,P08588,CHEMBL213,Family A G protein-coupled receptor,0.0312265582077,0 /  3     ,NA,NA
Adrenergic receptor beta,ADRB2,P07550,CHEMBL210,Family A G protein-coupled receptor,0.0439186325197,1 /  54     ,NA,NA
Beta-3 adrenergic receptor,ADRB3,P13945,CHEMBL246,Family A G protein-coupled receptor,0.0439186325197,0 /  3     ,NA,NA
Type-1 angiotensin II receptor   (by homology),AGTR1,P30556,CHEMBL227,Family A G protein-coupled receptor,0.0604245879294,45 /  0     ,NA,NA
Angiotensin II receptor,AGTR2,P50052,CHEMBL4607,Family A G protein-coupled receptor,0.0428381527054,54 /  0     ,NA,NA
Adenosylhomocysteinase,AHCY,P23526,CHEMBL2664,Enzyme,0.0238327432783,41 /  0     ,NA,NA
Aryl hydrocarbon receptor,AHR,P35869,CHEMBL3201,Transcription factor,0.0604245879294,0 /  5     ,NA,NA
Aldehyde reductase   (by homology),AKR1A1,P14550,CHEMBL2246,Enzyme,0.0428942118511,2 /  0     ,NA,NA
Aldose reductase,AKR1B1,P15121,CHEMBL1900,Enzyme,0.0238327432783,0 /  1     ,NA,NA
Aldo-keto reductase family 1 member B10,AKR1B10,O60218,CHEMBL5983,Enzyme,0.0238327432783,0 /  2     ,NA,NA
Aldo-keto reductase family 1 member C1,AKR1C1,Q04828,CHEMBL5905,Enzyme,0.0238327432783,2 /  8     ,NA,NA
Aldo-keto reductase family 1 member C2,AKR1C2,P52895,CHEMBL5847,Enzyme,0.0238327432783,2 /  16     ,NA,NA
Aldo-keto-reductase family 1 member C3,AKR1C3,P42330,CHEMBL4681,Enzyme,0.0312265582077,26 /  15     ,NA,NA
Aldo-keto reductase family 1 member C4,AKR1C4,P17516,CHEMBL4999,Enzyme,0.0717871625222,0 /  1     ,NA,NA
Serine/threonine-protein kinase AKT,AKT1,P31749,CHEMBL4282,Kinase,0.0428942118511,1 /  0     ,NA,NA
Serine/threonine-protein kinase AKT2,AKT2,P31751,CHEMBL2431,Kinase,0.100634432184,6 /  0     ,NA,NA
Serum albumin,ALB,P02768,CHEMBL3253,Secreted protein,0.0238327432783,0 /  5     ,NA,NA
Aldehyde dehydrogenase,ALDH2,P05091,CHEMBL1935,Oxidoreductase,0.100578902067,1 /  1     ,NA,NA
ALK tyrosine kinase receptor,ALK,Q9UM73,CHEMBL4247,Kinase,0.0414702990123,0 /  5     ,NA,NA
Arachidonate 12-lipoxygenase,ALOX12,P18054,CHEMBL3687,Enzyme,0.0428942118511,1 /  9     ,NA,NA
Arachidonate 15-lipoxygenase,ALOX15,P16050,CHEMBL2903,Enzyme,0.0312265582077,0 /  14     ,NA,NA
"Arachidonate 15-lipoxygenase, type II",ALOX15B,O15296,CHEMBL2457,Enzyme,0.0604245879294,1 /  0     ,NA,NA
Arachidonate 5-lipoxygenase,ALOX5,P09917,CHEMBL215,Oxidoreductase,0.0312265582077,1 /  26     ,NA,NA
5-lipoxygenase activating protein,ALOX5AP,P20292,CHEMBL4550,Other cytosolic protein,0.104671941128,379 /  0     ,NA,NA
Alkaline phosphatase placental-like,ALPG,P10696,CHEMBL3402,Enzyme,0.0428942118511,5 /  0     ,NA,NA
"Alkaline phosphatase, tissue-nonspecific isozyme",ALPL,P05186,CHEMBL5979,Enzyme,0.0312265582077,35 /  0     ,NA,NA
AMP deaminase 2,AMPD2,Q01433,CHEMBL2997,Enzyme,0.0428942118511,2 /  0     ,NA,NA
AMP deaminase 3,AMPD3,Q01432,CHEMBL2912,Enzyme,0.0312265582077,7 /  0     ,NA,NA
AMY1C,AMY1A,P04745,CHEMBL2478,Enzyme,0.100578902067,1 /  0     ,NA,NA
Pancreatic alpha-amylase,AMY2A,P04746,CHEMBL2045,Hydrolase,0.120225750913,3 /  0     ,NA,NA
Aminopeptidase N,ANPEP,P15144,CHEMBL1907,Protease,0.0238327432783,2 /  0     ,NA,NA
"Amine oxidase, copper containing",AOC3,Q16853,CHEMBL3437,Enzyme,0.0238327432783,9 /  0     ,NA,NA
DNA-(apurinic or apyrimidinic site) lyase,APEX1,P27695,CHEMBL5619,Enzyme,0.0428942118511,19 /  0     ,NA,NA
Beta amyloid A4 protein,APP,P05067,CHEMBL2487,Membrane receptor,0.048952897826,7 /  0     ,NA,NA
Androgen Receptor,AR,P10275,CHEMBL1871,Nuclear receptor,0.0238327432783,0 /  6     ,NA,NA
Arginase-1   (by homology),ARG1,P05089,CHEMBL1075097,Enzyme,0.100578902067,2 /  0     ,NA,NA
Histone chaperone ASF1A,ASF1A,Q9Y294,CHEMBL3392950,Unclassified protein,0.0535560755162,2 /  0     ,NA,NA
AICAR transformylase,ATIC,P31939,CHEMBL2518,Enzyme,0.106542925976,4 /  2     ,NA,NA
Potassium-transporting ATPase alpha chain 2,ATP12A,P54707,CHEMBL2933,Primary active transporter,0.0743922719035,0 /  10     ,NA,NA
Sodium/potassium-transporting ATPase alpha-1 chain,ATP1A1,P05023,CHEMBL1807,Primary active transporter,0.0642387798076,0 /  2     ,NA,NA
Serine/threonine-protein kinase Aurora-A,AURKA,O14965,CHEMBL4722,Kinase,0.0312265582077,85 /  0     ,NA,NA
Serine/threonine-protein kinase Aurora-B,AURKB,Q96GD4,CHEMBL2185,Kinase,0.048952897826,2 /  3     ,NA,NA
Vasopressin V1a receptor   (by homology),AVPR1A,P37288,CHEMBL1889,Family A G protein-coupled receptor,0.0428381527054,50 /  0     ,NA,NA
Vasopressin V1b receptor,AVPR1B,P47901,CHEMBL1921,Family A G protein-coupled receptor,0.0428381527054,14 /  0     ,NA,NA
Vasopressin V2 receptor   (by homology),AVPR2,P30518,CHEMBL1790,Family A G protein-coupled receptor,0.0428381527054,54 /  0     ,NA,NA
Tyrosine-protein kinase receptor UFO,AXL,P30530,CHEMBL4895,Kinase,0.041891066893,47 /  0     ,NA,NA
Beta-secretase 1,BACE1,P56817,CHEMBL4822,Protease,0.0312265582077,70 /  0     ,NA,NA
Beta secretase 2,BACE2,Q9Y5Z0,CHEMBL2525,Protease,0.100578902067,128 /  0     ,NA,NA
Bcl2-antagonist of cell death (BAD),BAD,Q92934,CHEMBL3817,Other cytosolic protein,0.100578902067,0 /  1     ,NA,NA
Gamma-butyrobetaine dioxygenase,BBOX1,O75936,CHEMBL2163175,Enzyme,0.0238327432783,0 /  11     ,NA,NA
"Branched-chain-amino-acid aminotransferase, mitochondrial",BCAT2,O15382,CHEMBL3616354,Transferase,0.0428942118511,4 /  0     ,NA,NA
Butyrylcholinesterase,BCHE,P06276,CHEMBL1914,Hydrolase,0.0535560755162,0 /  2     ,NA,NA
Apoptosis regulator Bcl-2,BCL2,P10415,CHEMBL4860,Other ion channel,0.041891066893,192 /  0     ,NA,NA
Bcl-2-related protein A1   (by homology),BCL2A1,Q16548,CHEMBL6044,Unclassified protein,0.0238327432783,0 /  1     ,NA,NA
Apoptosis regulator Bcl-X,BCL2L1,Q07817,CHEMBL4625,Other ion channel,0.033970689612,0 /  2     ,NA,NA
Bradykinin B1 receptor,BDKRB1,P46663,CHEMBL4308,Family A G protein-coupled receptor,0.0312265582077,44 /  0     ,NA,NA
Betaine--homocysteine S-methyltransferase 1,BHMT,Q93088,CHEMBL4328,Enzyme,0.100578902067,14 /  0     ,NA,NA
S-methylmethionine--homocysteine S-methyltransferase BHMT2,BHMT2,Q9H2M3,CHEMBL2163167,Enzyme,0.0238327432783,0 /  1     ,NA,NA
Baculoviral IAP repeat-containing protein 2,BIRC2,Q13490,CHEMBL5462,Enzyme,0.0604245879294,0 /  15     ,NA,NA
Baculoviral IAP repeat-containing protein 3,BIRC3,Q13489,CHEMBL5335,Enzyme,0.0604245879294,0 /  4     ,NA,NA
Tyrosine-protein kinase BLK,BLK,P51451,CHEMBL2250,Kinase,0.0972399887602,5 /  0     ,NA,NA
Bone morphogenetic protein 1,BMP1,P13497,CHEMBL3898,Protease,0.104671941128,10 /  0     ,NA,NA
Tyrosine-protein kinase BMX,BMX,P51813,CHEMBL3834,Kinase,0.0972399887602,2 /  0     ,NA,NA
Serine/threonine-protein kinase B-raf,BRAF,P15056,CHEMBL5145,Kinase,0.048952897826,1 /  1     ,NA,NA
Bromodomain-containing protein 2,BRD2,P25440,CHEMBL1293289,Reader,0.0439186325197,0 /  2     ,NA,NA
Bromodomain-containing protein 3,BRD3,Q15059,CHEMBL1795186,Reader,0.0439186325197,0 /  2     ,NA,NA
Bromodomain-containing protein 4,BRD4,O60885,CHEMBL1163125,Reader,0.0439186325197,0 /  2     ,NA,NA
Bromodomain-containing protein 9,BRD9,Q9H8M2,CHEMBL3108640,Reader,0.0439186325197,1 /  0     ,NA,NA
Bromodomain testis-specific protein,BRDT,Q58F21,CHEMBL1795185,Reader,0.0439186325197,0 /  2     ,NA,NA
Bombesin receptor subtype-3,BRS3,P32247,CHEMBL4080,Family A G protein-coupled receptor,0.0972399887602,1 /  0     ,NA,NA
Tyrosine-protein kinase BTK,BTK,Q06187,CHEMBL5251,Kinase,0.0972399887602,13 /  0     ,NA,NA
Mitotic checkpoint serine/threonine-protein kinase BUB1,BUB1,O43683,CHEMBL1772932,Enzyme,0.0822215166115,1 /  0     ,NA,NA
C3a anaphylatoxin chemotactic receptor,C3AR1,Q16581,CHEMBL4761,Family A G protein-coupled receptor,0.112041901328,0 /  17     ,NA,NA
C5a anaphylatoxin chemotactic receptor,C5AR1,P21730,CHEMBL2373,Family A G protein-coupled receptor,0.0604245879294,29 /  0     ,NA,NA
Carbonic anhydrase I,CA1,P00915,CHEMBL261,Lyase,0.0238327432783,9 /  6     ,NA,NA
Carbonic anhydrase XII,CA12,O43570,CHEMBL3242,Lyase,0.0312265582077,11 /  0     ,NA,NA
Carbonic anhydrase XIII   (by homology),CA13,Q8N1Q1,CHEMBL3912,Lyase,0.0312265582077,1 /  0     ,NA,NA
Carbonic anhydrase XIV,CA14,Q9ULX7,CHEMBL3510,Lyase,0.0238327432783,4 /  3     ,NA,NA
Carbonic anhydrase II,CA2,P00918,CHEMBL205,Lyase,0.0238327432783,13 /  30     ,NA,NA
Carbonic anhydrase III,CA3,P07451,CHEMBL2885,Lyase,0.0312265582077,3 /  0     ,NA,NA
Carbonic anhydrase IV,CA4,P22748,CHEMBL3729,Lyase,0.0238327432783,0 /  2     ,NA,NA
Carbonic anhydrase VA,CA5A,P35218,CHEMBL4789,Lyase,0.0238327432783,1 /  3     ,NA,NA
Carbonic anhydrase VB,CA5B,Q9Y2D0,CHEMBL3969,Lyase,0.0238327432783,2 /  3     ,NA,NA
Carbonic anhydrase VI,CA6,P23280,CHEMBL3025,Lyase,0.0238327432783,3 /  3     ,NA,NA
Carbonic anhydrase VII,CA7,P43166,CHEMBL2326,Lyase,0.0238327432783,4 /  3     ,NA,NA
Carbonic anhydrase IX,CA9,Q16790,CHEMBL3594,Lyase,0.0312265582077,10 /  0     ,NA,NA
Voltage-gated calcium channel alpha2/delta subunit 1   (by homology),CACNA2D1,P54289,CHEMBL1919,Calcium channel auxiliary subunit alpha2delta family,0.0238327432783,16 /  5     ,NA,NA
Calcitonin gene-related peptide 1,CALCA,P06881,CHEMBL5293,Unclassified protein,0.113285953487,1 /  0     ,NA,NA
Calmodulin,CALM1,P62158,CHEMBL6093,Unclassified protein,0.0312265582077,0 /  1     ,NA,NA
CaM kinase II beta,CAMK2B,Q13554,CHEMBL4121,Kinase,0.100578902067,1 /  0     ,NA,NA
CaM-kinase kinase beta,CAMKK2,Q96RR4,CHEMBL5284,Kinase,0.0535560755162,1 /  0     ,NA,NA
Calpain 1,CAPN1,P07384,CHEMBL3891,Protease,0.0312265582077,2 /  0     ,NA,NA
Calpain 2,CAPN2,P17655,CHEMBL2382,Protease,0.0312265582077,2 /  0     ,NA,NA
Caspase-1,CASP1,P29466,CHEMBL4801,Protease,0.0822215166115,142 /  0     ,NA,NA
Caspase-2,CASP2,P42575,CHEMBL4884,Protease,0.0972399887602,3 /  0     ,NA,NA
Caspase-3,CASP3,P42574,CHEMBL2334,Protease,0.0428942118511,30 /  0     ,NA,NA
Caspase-6,CASP6,P55212,CHEMBL3308,Protease,0.0972399887602,3 /  0     ,NA,NA
Caspase-7,CASP7,P55210,CHEMBL3468,Protease,0.0312265582077,60 /  0     ,NA,NA
Caspase-8,CASP8,Q14790,CHEMBL3776,Protease,0.0312265582077,52 /  0     ,NA,NA
Calcium sensing receptor,CASR,P41180,CHEMBL1878,Family C G protein-coupled receptor,0.0312265582077,13 /  0     ,NA,NA
Carbonyl reductase [NADPH] 1,CBR1,P16152,CHEMBL5586,Enzyme,0.0972399887602,3 /  1     ,NA,NA
Chromobox protein homolog 7,CBX7,O95931,CHEMBL1764946,Reader,0.112041901328,0 /  16     ,NA,NA
Cholecystokinin A receptor,CCKAR,P32238,CHEMBL1901,Family A G protein-coupled receptor,0.0428381527054,61 /  0     ,NA,NA
Cholecystokinin B receptor,CCKBR,P32239,CHEMBL298,Family A G protein-coupled receptor,0.0428381527054,215 /  0     ,NA,NA
CDK2/Cyclin A,CCNA2 CDK2,P20248 P24941,CHEMBL3038469,Kinase,0.0822215166115,75 /  0     ,NA,NA
Cyclin-dependent kinase 1/cyclin B,CCNB3 CDK1 CCNB1 CCNB2,Q8WWL7 P06493 P14635 O95067,CHEMBL2094127,Other cytosolic protein,0.0312265582077,9 /  0     ,NA,NA
Cyclin-dependent kinase 4/cyclin D1,CCND1 CDK4,P24385 P11802,CHEMBL1907601,Kinase,0.041891066893,20 /  0     ,NA,NA
Cyclin-dependent kinase 4/cyclin D,CCND3 CCND1 CDK4 CCND2,P30281 P24385 P11802 P30279,CHEMBL2095942,Other cytosolic protein,0.0535560755162,9 /  0     ,NA,NA
Cyclin-dependent kinase 2/cyclin E1,CCNE1 CDK2,P24864 P24941,CHEMBL1907605,Kinase,0.041891066893,11 /  0     ,NA,NA
CDK3/Cyclin E,CCNE1 CDK3,P24864 Q00526,CHEMBL3038471,Kinase,0.0972399887602,17 /  0     ,NA,NA
Cyclin-dependent kinase 2/cyclin E,CCNE2 CDK2 CCNE1,O96020 P24941 P24864,CHEMBL2094126,Other cytosolic protein,0.041891066893,28 /  0     ,NA,NA
Cyclin T1,CCNT1,O60563,CHEMBL2108,Other cytosolic protein,0.041891066893,91 /  0     ,NA,NA
C-C chemokine receptor type 1,CCR1,P32246,CHEMBL2413,Family A G protein-coupled receptor,0.0312265582077,11 /  0     ,NA,NA
C-C chemokine receptor type 2,CCR2,P41597,CHEMBL4015,Family A G protein-coupled receptor,0.0312265582077,9 /  0     ,NA,NA
C-C chemokine receptor type 4,CCR4,P51679,CHEMBL2414,Family A G protein-coupled receptor,0.0312265582077,27 /  0     ,NA,NA
C-C chemokine receptor type 5,CCR5,P51681,CHEMBL274,Family A G protein-coupled receptor,0.033970689612,0 /  6     ,NA,NA
C-C chemokine receptor type 8,CCR8,P51685,CHEMBL4596,Family A G protein-coupled receptor,0.033970689612,0 /  7     ,NA,NA
Lymphocyte differentiation antigen CD38,CD38,P28907,CHEMBL4660,Enzyme,0.0853031603775,0 /  2     ,NA,NA
CD81 antigen,CD81,P60033,CHEMBL1075180,Surface antigen,0.0626219668353,0 /  1     ,NA,NA
Cytidine deaminase,CDA,P32320,CHEMBL4502,Enzyme,0.0535560755162,33 /  0     ,NA,NA
Dual specificity phosphatase Cdc25A,CDC25A,P30304,CHEMBL3775,Phosphatase,0.0238327432783,0 /  3     ,NA,NA
Dual specificity phosphatase Cdc25B,CDC25B,P30305,CHEMBL4804,Phosphatase,0.0428942118511,7 /  0     ,NA,NA
Dual specificity phosphatase Cdc25C,CDC25C,P30307,CHEMBL2378,Phosphatase,0.0743922719035,0 /  4     ,NA,NA
CDC45-related protein,CDC45,O75419,CHEMBL3040,Other nuclear protein,0.0238327432783,0 /  1     ,NA,NA
CDC7/DBF4 (Cell division cycle 7-related protein kinase/Activator of S phase kinase),CDC7,O00311,CHEMBL5443,Kinase,0.0238327432783,3 /  0     ,NA,NA
Cyclin-dependent kinase 1,CDK1,P06493,CHEMBL308,Kinase,0.0238327432783,0 /  1     ,NA,NA
Cyclin-dependent kinase 1/cyclin B1,CDK1 CCNB1,P06493 P14635,CHEMBL1907602,Other cytosolic protein,0.0535560755162,2 /  0     ,NA,NA
Cell division cycle 2-like protein kinase 6,CDK19,Q9BWU1,CHEMBL6002,Kinase,0.104671941128,1 /  0     ,NA,NA
Cyclin-dependent kinase 2,CDK2,P24941,CHEMBL301,Kinase,0.0312265582077,52 /  0     ,NA,NA
Cyclin-dependent kinase 2/cyclin A,CDK2 CCNA1 CCNA2,P24941 P78396 P20248,CHEMBL2094128,Other cytosolic protein,0.0312265582077,21 /  0     ,NA,NA
Cyclin-dependent kinase 4,CDK4,P11802,CHEMBL331,Kinase,0.041891066893,128 /  0     ,NA,NA
Cyclin-dependent kinase 5/CDK5 activator 1,CDK5,Q00535,CHEMBL4036,Kinase,0.109339753231,6 /  0     ,NA,NA
Cyclin-dependent kinase 5/CDK5 activator 1,CDK5R1 CDK5,Q15078 Q00535,CHEMBL1907600,Kinase,0.048952897826,19 /  0     ,NA,NA
Cyclin-dependent kinase 6,CDK6,Q00534,CHEMBL2508,Kinase,0.100578902067,3 /  0     ,NA,NA
Cyclin-dependent kinase 7/ cyclin H,CDK7 CCNH,P50613 P51946,CHEMBL2111288,Other cytosolic protein,0.109339753231,4 /  0     ,NA,NA
Cell division protein kinase 8,CDK8,P49336,CHEMBL5719,Kinase,0.104671941128,21 /  0     ,NA,NA
Cyclin-dependent kinase 9,CDK9,P50750,CHEMBL3116,Kinase,0.0604245879294,9 /  0     ,NA,NA
CDK9/cyclin T1,CDK9 CCNT1,P50750 O60563,CHEMBL2111389,Other cytosolic protein,0.0822215166115,28 /  0     ,NA,NA
Acyl coenzyme A:cholesterol acyltransferase,CES1,P23141,CHEMBL2265,Enzyme,0.0238327432783,28 /  0     ,NA,NA
Carboxylesterase 2,CES2,O00748,CHEMBL3180,Enzyme,0.033970689612,8 /  2     ,NA,NA
Complement factor B,CFB,P00751,CHEMBL5731,Protease,0.0604245879294,0 /  4     ,NA,NA
Complement factor D,CFD,P00746,CHEMBL2176771,Protease,0.0822215166115,110 /  0     ,NA,NA
Cystic fibrosis transmembrane conductance regulator,CFTR,P13569,CHEMBL4051,Other ion channel,0.0312265582077,4 /  0     ,NA,NA
Serine/threonine-protein kinase Chk1,CHEK1,O14757,CHEMBL4630,Kinase,0.0428942118511,2 /  0     ,NA,NA
Serine/threonine-protein kinase Chk2,CHEK2,O96017,CHEMBL2527,Kinase,0.0978745343258,22 /  0     ,NA,NA
Acidic mammalian chitinase,CHIA,Q9BZP6,CHEMBL1293197,Enzyme,0.041891066893,0 /  1     ,NA,NA
Muscarinic acetylcholine receptor M1,CHRM1,P11229,CHEMBL216,Family A G protein-coupled receptor,0.0428942118511,1 /  0     ,NA,NA
Muscarinic acetylcholine receptor M2,CHRM2,P08172,CHEMBL211,Family A G protein-coupled receptor,0.0428942118511,0 /  16     ,NA,NA
Muscarinic acetylcholine receptor M3,CHRM3,P20309,CHEMBL245,Family A G protein-coupled receptor,0.0428942118511,0 /  15     ,NA,NA
Neuronal acetylcholine receptor; alpha3/beta4,CHRNA3 CHRNB4,P32297 P30926,CHEMBL1907594,Ligand-gated ion channel,0.0443083186041,37 /  27     ,NA,NA
Neuronal acetylcholine receptor protein alpha-4 subunit,CHRNA4,P43681,CHEMBL1882,Ligand-gated ion channel,0.0717871625222,0 /  1     ,NA,NA
Neuronal acetylcholine receptor; alpha4/beta2,CHRNA4 CHRNB2,P43681 P17787,CHEMBL1907589,Ligand-gated ion channel,0.0312265582077,3 /  0     ,NA,NA
Neuronal acetylcholine receptor protein alpha-7 subunit   (by homology),CHRNA7,P36544,CHEMBL2492,Ligand-gated ion channel,0.0238327432783,0 /  2     ,NA,NA
CDGSH iron-sulfur domain-containing protein 1,CISD1,Q9NZ45,CHEMBL1795168,Unclassified protein,0.100578902067,2 /  0     ,NA,NA
Citron Rho-interacting kinase,CIT,O14578,CHEMBL5579,Kinase,0.104671941128,3 /  0     ,NA,NA
Dual specificty protein kinase CLK1,CLK1,P49759,CHEMBL4224,Kinase,0.0428942118511,33 /  0     ,NA,NA
Dual specificity protein kinase CLK2,CLK2,P49760,CHEMBL4225,Kinase,0.104671941128,18 /  0     ,NA,NA
Dual specificity protein kinase CLK3,CLK3,P49761,CHEMBL4226,Kinase,0.104671941128,14 /  0     ,NA,NA
Dual specificity protein kinase CLK4,CLK4,Q9HAZ1,CHEMBL4203,Kinase,0.0604245879294,18 /  0     ,NA,NA
Chymase,CMA1,P23946,CHEMBL4068,Protease,0.0312265582077,17 /  0     ,NA,NA
CCR4-NOT transcription complex subunit 7,CNOT7,Q9UIV1,CHEMBL3616361,Hydrolase,0.113285953487,1 /  0     ,NA,NA
Cannabinoid receptor 1,CNR1,P21554,CHEMBL218,Family A G protein-coupled receptor,0.0238327432783,0 /  15     ,NA,NA
Cannabinoid receptor 2,CNR2,P34972,CHEMBL253,Family A G protein-coupled receptor,0.0238327432783,0 /  10     ,NA,NA
Collagen type IV alpha-3-binding protein,COL4A3BP,Q9Y5P4,CHEMBL3399913,Unclassified protein,0.100634432184,1 /  0     ,NA,NA
Catechol O-methyltransferase   (by homology),COMT,P21964,CHEMBL2023,Transferase,0.0312265582077,1 /  4     ,NA,NA
Uncharacterized aarF domain-containing protein kinase 4,COQ8B,Q96D53,CHEMBL5753,Kinase,0.0972399887602,4 /  0     ,NA,NA
Carboxypeptidase A1,CPA1,P15085,CHEMBL2088,Protease,0.0312265582077,13 /  5     ,NA,NA
Mast cell carboxypeptidase A,CPA3,P15088,CHEMBL2645,Protease,0.0312265582077,0 /  3     ,NA,NA
Carboxypeptidase B,CPB1,P15086,CHEMBL2552,Protease,0.033970689612,3 /  0     ,NA,NA
Carboxypeptidase B2 isoform A,CPB2,Q96IY4,CHEMBL3419,Protease,0.0312265582077,25 /  1     ,NA,NA
"Carboxypeptidase N, catalytic subunit",CPN1,P15169,CHEMBL4713,Protease,0.0238327432783,7 /  3     ,NA,NA
"Carnitine O-palmitoyltransferase 1, liver isoform",CPT1A,P50416,CHEMBL1293194,Enzyme,0.0428942118511,0 /  4     ,NA,NA
"Carnitine O-palmitoyltransferase 1, muscle isoform",CPT1B,Q92523,CHEMBL2216739,Group translocator,0.0978745343258,132 /  0     ,NA,NA
Carnitine palmitoyltransferase 2,CPT2,P23786,CHEMBL3238,Enzyme,0.0428942118511,0 /  2     ,NA,NA
CREB-binding protein/p53,CREBBP,Q92793,CHEMBL5747,Writer,0.101613854776,12 /  0     ,NA,NA
Corticotropin releasing factor receptor 1,CRHR1,P34998,CHEMBL1800,Family B G protein-coupled receptor,0.100578902067,171 /  0     ,NA,NA
Macrophage colony stimulating factor receptor,CSF1R,P07333,CHEMBL1844,Kinase,0.0312265582077,9 /  0     ,NA,NA
Tyrosine-protein kinase CSK,CSK,P41240,CHEMBL2634,Kinase,0.0972399887602,3 /  0     ,NA,NA
Casein kinase I alpha,CSNK1A1,P48729,CHEMBL2793,Kinase,0.0535560755162,5 /  0     ,NA,NA
Casein kinase I delta,CSNK1D,P48730,CHEMBL2828,Kinase,0.0535560755162,16 /  0     ,NA,NA
Casein kinase I gamma 1,CSNK1G1,Q9HCP0,CHEMBL2426,Kinase,0.104671941128,2 /  0     ,NA,NA
Casein kinase I gamma 2,CSNK1G2,P78368,CHEMBL2543,Kinase,0.104671941128,1 /  0     ,NA,NA
Casein kinase II alpha,CSNK2A1,P68400,CHEMBL3629,Kinase,0.0312265582077,13 /  0     ,NA,NA
Casein kinase II alpha (prime),CSNK2A2,P19784,CHEMBL4070,Kinase,0.104671941128,1 /  0     ,NA,NA
C-terminal-binding protein 2,CTBP2,P56545,CHEMBL3797016,Unclassified protein,0.0439186325197,0 /  13     ,NA,NA
Axin1/beta-catenin,CTNNB1,P35222,CHEMBL5866,Unclassified protein,0.0312265582077,3 /  0     ,NA,NA
Chymotrypsin C,CTRC,Q99895,CHEMBL2386,Protease,0.0439186325197,4 /  0     ,NA,NA
Lysosomal protective protein,CTSA,P10619,CHEMBL6115,Protease,0.0428942118511,77 /  0     ,NA,NA
Cathepsin (B and K),CTSB,P07858,CHEMBL4072,Protease,0.0428381527054,128 /  0     ,NA,NA
Cathepsin D,CTSD,P07339,CHEMBL2581,Protease,0.0604245879294,0 /  52     ,NA,NA
Cathepsin E,CTSE,P14091,CHEMBL3092,Protease,0.0604245879294,0 /  14     ,NA,NA
Cathepsin G,CTSG,P08311,CHEMBL4071,Protease,0.0535560755162,9 /  0     ,NA,NA
Cathepsin K,CTSK,P43235,CHEMBL268,Protease,0.0428381527054,234 /  0     ,NA,NA
Cathepsin L,CTSL,P07711,CHEMBL3837,Protease,0.0972399887602,21 /  2     ,NA,NA
Cathepsin S,CTSS,P25774,CHEMBL2954,Protease,0.0978745343258,11 /  0     ,NA,NA
Cathepsin (V and K),CTSV,O60911,CHEMBL3272,Protease,0.0972399887602,9 /  0     ,NA,NA
Interleukin-8,CXCL8,P10145,CHEMBL2157,Secreted protein,0.0428942118511,12 /  0     ,NA,NA
Interleukin-8 receptor A,CXCR1,P25024,CHEMBL4029,Family A G protein-coupled receptor,0.0428942118511,1 /  0     ,NA,NA
Interleukin-8 receptor B,CXCR2,P25025,CHEMBL2434,Family A G protein-coupled receptor,0.0428942118511,3 /  0     ,NA,NA
Cytochrome P450 11B1,CYP11B1,P15538,CHEMBL1908,Cytochrome P450,0.0439186325197,13 /  0     ,NA,NA
Cytochrome P450 11B2,CYP11B2,P19099,CHEMBL2722,Cytochrome P450,0.0535560755162,64 /  0     ,NA,NA
Cytochrome P450 17A1,CYP17A1,P05093,CHEMBL3522,Cytochrome P450,0.0535560755162,0 /  43     ,NA,NA
Cytochrome P450 19A1,CYP19A1,P11511,CHEMBL1978,Cytochrome P450,0.0238327432783,0 /  3     ,NA,NA
Cytochrome P450 1A1,CYP1A1,P04798,CHEMBL2231,Cytochrome P450,0.0535560755162,4 /  0     ,NA,NA
Cytochrome P450 1A2,CYP1A2,P05177,CHEMBL3356,Cytochrome P450,0.0312265582077,0 /  1     ,NA,NA
Cytochrome P450 1B1,CYP1B1,Q16678,CHEMBL4878,Cytochrome P450,0.048952897826,4 /  0     ,NA,NA
Cytochrome P450 24A1,CYP24A1,Q07973,CHEMBL4521,Enzyme,0.100634432184,9 /  0     ,NA,NA
Cytochrome P450 26A1,CYP26A1,O43174,CHEMBL5141,Cytochrome P450,0.0535560755162,11 /  0     ,NA,NA
Cytochrome P450 26B1,CYP26B1,Q9NR63,CHEMBL3713687,Cytochrome P450,0.0535560755162,11 /  0     ,NA,NA
"Sterol 26-hydroxylase, mitochondrial",CYP27A1,Q02318,CHEMBL5992,Enzyme,0.11150186548,0 /  3     ,NA,NA
Cytochrome P450 2A6,CYP2A6,P11509,CHEMBL5282,Cytochrome P450,0.0238327432783,9 /  0     ,NA,NA
Cytochrome P450 2C19,CYP2C19,P33261,CHEMBL3622,Cytochrome P450,0.0312265582077,3 /  0     ,NA,NA
Cytochrome P450 2C9,CYP2C9,P11712,CHEMBL3397,Cytochrome P450,0.0604245879294,5 /  0     ,NA,NA
Cytochrome P450 2D6,CYP2D6,P10635,CHEMBL289,Cytochrome P450,0.0717871625222,0 /  1     ,NA,NA
Cytochrome P450 3A4,CYP3A4,P08684,CHEMBL340,Cytochrome P450,0.0312265582077,1 /  0     ,NA,NA
Cytochrome P450 51   (by homology),CYP51A1,Q16850,CHEMBL3849,Cytochrome P450,0.0626219668353,0 /  2     ,NA,NA
Cysteinyl leukotriene receptor 1,CYSLTR1,Q9Y271,CHEMBL1798,Family A G protein-coupled receptor,0.0535560755162,1 /  0     ,NA,NA
Sn1-specific diacylglycerol lipase alpha,DAGLA,Q9Y4D2,CHEMBL5545,Enzyme,0.104671941128,20 /  0     ,NA,NA
Sn1-specific diacylglycerol lipase beta,DAGLB,Q8NCG7,CHEMBL5521,Enzyme,0.11150186548,2 /  0     ,NA,NA
D-amino-acid oxidase,DAO,P14920,CHEMBL5485,Enzyme,0.0238327432783,5 /  1     ,NA,NA
Death-associated protein kinase 1,DAPK1,P53355,CHEMBL2558,Kinase,0.0978745343258,2 /  2     ,NA,NA
Death-associated protein kinase 3,DAPK3,O43293,CHEMBL2468,Kinase,0.0428942118511,1 /  0     ,NA,NA
Dopamine beta-hydroxylase,DBH,P09172,CHEMBL3102,Enzyme,0.0428942118511,4 /  0     ,NA,NA
D-aspartate oxidase,DDO,Q99489,CHEMBL5887,Oxidoreductase,0.0312265582077,2 /  0     ,NA,NA
Epithelial discoidin domain-containing receptor 1,DDR1,Q08345,CHEMBL5319,Kinase,0.104671941128,9 /  0     ,NA,NA
Diacylglycerol O-acyltransferase 1,DGAT1,O75907,CHEMBL6009,Enzyme,0.0978745343258,200 /  0     ,NA,NA
Dihydrofolate reductase,DHFR,P00374,CHEMBL202,Oxidoreductase,0.0535560755162,116 /  0     ,NA,NA
Dihydroorotate dehydrogenase,DHODH,Q02127,CHEMBL1966,Oxidoreductase,0.0972399887602,277 /  0     ,NA,NA
Disks large homolog 4,DLG4,P78352,CHEMBL5666,Unclassified protein,0.112041901328,0 /  29     ,NA,NA
Dynamin-1,DNM1,Q05193,CHEMBL4958,Enzyme,0.0978745343258,3 /  0     ,NA,NA
DNA (cytosine-5)-methyltransferase 1,DNMT1,P26358,CHEMBL1993,Writer,0.11150186548,0 /  1     ,NA,NA
DNA (cytosine-5)-methyltransferase 3B,DNMT3B,Q9UBC3,CHEMBL6095,Reader,0.0604245879294,2 /  0     ,NA,NA
Aspartyl aminopeptidase,DNPEP,Q9ULA0,CHEMBL2761,Protease,0.0978745343258,0 /  2     ,NA,NA
Dipeptidyl peptidase IV,DPP4,P27487,CHEMBL284,Protease,0.0238327432783,67 /  61     ,NA,NA
Dipeptidyl peptidase II,DPP7,Q9UHL4,CHEMBL3976,Protease,0.0238327432783,38 /  25     ,NA,NA
Dihydropyrimidine dehydrogenase,DPYD,Q12882,CHEMBL3172,Enzyme,0.0238327432783,0 /  1     ,NA,NA
Dopamine D1 receptor,DRD1,P21728,CHEMBL2056,Family A G protein-coupled receptor,0.0312265582077,0 /  3     ,NA,NA
Dopamine D2 receptor   (by homology),DRD2,P14416,CHEMBL217,Family A G protein-coupled receptor,0.0312265582077,0 /  153     ,NA,NA
Dopamine D3 receptor,DRD3,P35462,CHEMBL234,Family A G protein-coupled receptor,0.0312265582077,0 /  12     ,NA,NA
Dopamine D4 receptor,DRD4,P21917,CHEMBL219,Family A G protein-coupled receptor,0.0312265582077,0 /  34     ,NA,NA
Dopamine D5 receptor,DRD5,P21918,CHEMBL1850,Family A G protein-coupled receptor,0.0238327432783,0 /  4     ,NA,NA
Dual serine/threonine and tyrosine protein kinase,DSTYK,Q6XUX3,CHEMBL1908386,Enzyme,0.0822215166115,2 /  0     ,NA,NA
Dual specificity protein phosphatase 3,DUSP3,P51452,CHEMBL2635,Phosphatase,0.0312265582077,0 /  2     ,NA,NA
dUTP pyrophosphatase,DUT,P33316,CHEMBL5203,Enzyme,0.0604245879294,48 /  0     ,NA,NA
Dual-specificity tyrosine-phosphorylation regulated kinase 1A,DYRK1A,Q13627,CHEMBL2292,Kinase,0.0428942118511,18 /  0     ,NA,NA
Dual specificity tyrosine-phosphorylation-regulated kinase 1B,DYRK1B,Q9Y463,CHEMBL5543,Kinase,0.0428942118511,35 /  0     ,NA,NA
Dual-specificity tyrosine-phosphorylation regulated kinase 2,DYRK2,Q92630,CHEMBL4376,Kinase,0.113285953487,38 /  0     ,NA,NA
Endothelin-converting enzyme 1,ECE1,P42892,CHEMBL4791,Protease,0.0312265582077,8 /  0     ,NA,NA
Endothelin receptor ET-A   (by homology),EDNRA,P25101,CHEMBL252,Family A G protein-coupled receptor,0.0604245879294,34 /  0     ,NA,NA
Endothelin receptor ET-B,EDNRB,P24530,CHEMBL1785,Family A G protein-coupled receptor,0.0428942118511,3 /  0     ,NA,NA
Epidermal growth factor receptor erbB1,EGFR,P00533,CHEMBL203,Kinase,0.0238327432783,3 /  0     ,NA,NA
Egl nine homolog 1,EGLN1,Q9GZT9,CHEMBL5697,Oxidoreductase,0.0238327432783,0 /  2     ,NA,NA
Egl nine homolog 3,EGLN3,Q9H6Z9,CHEMBL5705,Enzyme,0.0238327432783,3 /  0     ,NA,NA
"Interferon-induced, double-stranded RNA-activated protein kinase",EIF2AK2,P19525,CHEMBL5785,Kinase,0.0978745343258,4 /  0     ,NA,NA
Eukaryotic translation initiation factor 2-alpha kinase 3,EIF2AK3,Q9NZJ5,CHEMBL6030,Kinase,0.101613854776,24 /  0     ,NA,NA
Leukocyte elastase,ELANE,P08246,CHEMBL248,Protease,0.0428381527054,91 /  0     ,NA,NA
Aminopeptidase A,ENPEP,Q07075,CHEMBL3439,Protease,0.0439186325197,11 /  0     ,NA,NA
Autotaxin,ENPP2,Q13822,CHEMBL3691,Enzyme,0.0535560755162,29 /  0     ,NA,NA
Histone acetyltransferase p300,EP300,Q09472,CHEMBL3784,Writer,0.113285953487,1 /  0     ,NA,NA
Endothelial PAS domain-containing protein 1,EPAS1,Q99814,CHEMBL1744522,Unclassified protein,0.0743922719035,0 /  1     ,NA,NA
Ephrin type-A receptor 1,EPHA1,P21709,CHEMBL5810,Kinase,0.0972399887602,4 /  0     ,NA,NA
Ephrin type-A receptor 2,EPHA2,P29317,CHEMBL2068,Kinase,0.0972399887602,3 /  0     ,NA,NA
Ephrin type-A receptor 3,EPHA3,P29320,CHEMBL4954,Kinase,0.0972399887602,5 /  0     ,NA,NA
Ephrin type-A receptor 4,EPHA4,P54764,CHEMBL3988,Kinase,0.0972399887602,4 /  0     ,NA,NA
Ephrin type-A receptor 5,EPHA5,P54756,CHEMBL3987,Kinase,0.0972399887602,4 /  0     ,NA,NA
Ephrin type-A receptor 6,EPHA6,Q9UF33,CHEMBL4526,Kinase,0.0972399887602,4 /  0     ,NA,NA
Ephrin type-A receptor 7,EPHA7,Q15375,CHEMBL4602,Kinase,0.0972399887602,2 /  0     ,NA,NA
Ephrin type-A receptor 8,EPHA8,P29322,CHEMBL4134,Kinase,0.0972399887602,3 /  0     ,NA,NA
Ephrin type-B receptor 1,EPHB1,P54762,CHEMBL5072,Kinase,0.0972399887602,3 /  0     ,NA,NA
Ephrin type-B receptor 2,EPHB2,P29323,CHEMBL3290,Kinase,0.0535560755162,4 /  0     ,NA,NA
Ephrin type-B receptor 3,EPHB3,P54753,CHEMBL4901,Kinase,0.0972399887602,2 /  0     ,NA,NA
Ephrin receptor,EPHB4,P54760,CHEMBL5147,Kinase,0.041891066893,28 /  0     ,NA,NA
Epoxide hydrolase 1,EPHX1,P07099,CHEMBL1968,Protease,0.0978745343258,12 /  0     ,NA,NA
Epoxide hydratase,EPHX2,P34913,CHEMBL2409,Protease,0.0238327432783,0 /  20     ,NA,NA
Endoplasmic reticulum aminopeptidase 2,ERAP2,Q6P179,CHEMBL5043,Protease,0.100578902067,8 /  0     ,NA,NA
Receptor protein-tyrosine kinase erbB-2,ERBB2,P04626,CHEMBL1824,Kinase,0.0312265582077,1 /  0     ,NA,NA
Receptor protein-tyrosine kinase erbB-4,ERBB4,Q15303,CHEMBL3009,Kinase,0.104671941128,1 /  0     ,NA,NA
DNA excision repair protein ERCC-5,ERCC5,P28715,CHEMBL4736,Other nuclear protein,0.109339753231,0 /  6     ,NA,NA
Serine/threonine-protein kinase/endoribonuclease IRE1,ERN1,O75460,CHEMBL1163101,Enzyme,0.0238327432783,0 /  36     ,NA,NA
Estrogen receptor alpha,ESR1,P03372,CHEMBL206,Nuclear receptor,0.0312265582077,3 /  82     ,NA,NA
Estrogen receptor beta,ESR2,Q92731,CHEMBL242,Nuclear receptor,0.0238327432783,1 /  13     ,NA,NA
Estrogen-related receptor alpha,ESRRA,P11474,CHEMBL3429,Nuclear receptor,0.0312265582077,0 /  4     ,NA,NA
Estrogen-related receptor beta,ESRRB,O95718,CHEMBL3751,Nuclear receptor,0.0312265582077,0 /  4     ,NA,NA
Estrogen-related receptor gamma,ESRRG,P62508,CHEMBL4245,Nuclear receptor,0.033970689612,0 /  1     ,NA,NA
Ezrin,EZR,P15311,CHEMBL1932896,Unclassified protein,0.0978745343258,3 /  0     ,NA,NA
Thrombin and coagulation factor X,F10,P00742,CHEMBL244,Protease,0.0822215166115,377 /  0     ,NA,NA
Coagulation factor XII,F12,P00748,CHEMBL2821,Protease,0.0535560755162,3 /  0     ,NA,NA
Coagulation factor XIII,F13A1,P00488,CHEMBL4530,Aminoacyltransferase,0.0439186325197,1 /  0     ,NA,NA
Thrombin,F2,P00734,CHEMBL204,Protease,0.0238327432783,0 /  4     ,NA,NA
Proteinase-activated receptor 1,F2R,P25116,CHEMBL3974,Family A G protein-coupled receptor,0.0978745343258,1 /  0     ,NA,NA
Proteinase-activated receptor 2,F2RL1,P55085,CHEMBL5963,Family A G protein-coupled receptor,0.0743922719035,0 /  1     ,NA,NA
Coagulation factor VII/tissue factor,F3,P13726,CHEMBL4081,Surface antigen,0.048952897826,6 /  0     ,NA,NA
Coagulation factor VII,F7,P08709,CHEMBL3991,Protease,0.100578902067,2 /  0     ,NA,NA
Coagulation factor IX,F9,P00740,CHEMBL2016,Protease,0.113285953487,30 /  0     ,NA,NA
Anandamide amidohydrolase,FAAH,O00519,CHEMBL2243,Enzyme,0.0535560755162,4 /  1     ,NA,NA
"Fatty acid-binding protein, liver   (by homology)",FABP1,P07148,CHEMBL5421,Fatty acid binding protein family,0.0428942118511,7 /  0     ,NA,NA
Fatty acid binding protein intestinal,FABP2,P12104,CHEMBL4879,Fatty acid binding protein family,0.0312265582077,0 /  1     ,NA,NA
Fatty acid binding protein muscle,FABP3,P05413,CHEMBL3344,Fatty acid binding protein family,0.0312265582077,0 /  2     ,NA,NA
Fatty acid binding protein adipocyte,FABP4,P15090,CHEMBL2083,Fatty acid binding protein family,0.0312265582077,0 /  2     ,NA,NA
Fatty acid binding protein epidermal,FABP5,Q01469,CHEMBL3674,Fatty acid binding protein family,0.0312265582077,0 /  2     ,NA,NA
Fatty acid desaturase 1,FADS1,O60427,CHEMBL5840,Enzyme,0.0428942118511,3 /  0     ,NA,NA
Fibroblast activation protein alpha   (by homology),FAP,Q12884,CHEMBL4683,Protease,0.0535560755162,38 /  0     ,NA,NA
Phenylalanyl-tRNA synthetase mitochondrial,FARS2,O95363,CHEMBL2511,Enzyme,0.0312265582077,5 /  0     ,NA,NA
Fatty acid synthase,FASN,P49327,CHEMBL4158,Transferase,0.0978745343258,1 /  0     ,NA,NA
"Fructose-1,6-bisphosphatase",FBP1,P09467,CHEMBL3975,Enzyme,0.0312265582077,19 /  0     ,NA,NA
Immunoglobulin epsilon Fc receptor,FCER2,P06734,CHEMBL2940,Membrane receptor,0.0822215166115,11 /  0     ,NA,NA
Squalene synthetase   (by homology),FDFT1,P37268,CHEMBL3338,Enzyme,0.0238327432783,0 /  1     ,NA,NA
Flap endonuclease 1,FEN1,P39748,CHEMBL5027,Enzyme,0.100578902067,2 /  0     ,NA,NA
Free fatty acid receptor 1,FFAR1,O14842,CHEMBL4422,Family A G protein-coupled receptor,0.0312265582077,0 /  1     ,NA,NA
Free fatty acid receptor 2,FFAR2,O15552,CHEMBL5493,Family A G protein-coupled receptor,0.104671941128,1 /  0     ,NA,NA
G-protein coupled receptor 120,FFAR4,Q5NUL3,CHEMBL5339,Family A G protein-coupled receptor,0.0439186325197,0 /  12     ,NA,NA
Acidic fibroblast growth factor,FGF1,P05230,CHEMBL2120,Secreted protein,0.033970689612,0 /  2     ,NA,NA
Basic fibroblast growth factor,FGF2,P09038,CHEMBL3107,Secreted protein,0.033970689612,0 /  2     ,NA,NA
Fibroblast growth factor receptor 1,FGFR1,P11362,CHEMBL3650,Kinase,0.0312265582077,31 /  0     ,NA,NA
Fibroblast growth factor receptor 3,FGFR3,P22607,CHEMBL2742,Kinase,0.0238327432783,0 /  2     ,NA,NA
Tyrosine-protein kinase FGR   (by homology),FGR,P09769,CHEMBL4454,Kinase,0.0579568757034,0 /  1     ,NA,NA
FK506-binding protein 1A,FKBP1A,P62942,CHEMBL1902,Isomerase,0.041891066893,74 /  0     ,NA,NA
FK506 binding protein 4,FKBP4,Q02790,CHEMBL4050,Enzyme,0.041891066893,8 /  0     ,NA,NA
Peptidyl-prolyl cis-trans isomerase FKBP5,FKBP5,Q13451,CHEMBL2052031,Enzyme,0.041891066893,14 /  0     ,NA,NA
Vascular endothelial growth factor receptor 1,FLT1,P17948,CHEMBL1868,Kinase,0.048952897826,1 /  0     ,NA,NA
Tyrosine-protein kinase receptor FLT3,FLT3,P36888,CHEMBL1974,Kinase,0.0312265582077,27 /  0     ,NA,NA
Vascular endothelial growth factor receptor 3,FLT4,P35916,CHEMBL1955,Kinase,0.0428942118511,0 /  9     ,NA,NA
Protein farnesyltransferase,FNTA FNTB,P49354 P49356,CHEMBL2094108,Enzyme,0.0238327432783,0 /  5     ,NA,NA
Glutamate carboxypeptidase II,FOLH1,Q04609,CHEMBL1892,Protease,0.033970689612,0 /  10     ,NA,NA
Folate receptor alpha,FOLR1,P15328,CHEMBL2121,Membrane receptor,0.156339771212,24 /  11     ,NA,NA
Folate receptor beta,FOLR2,P14207,CHEMBL5064,Membrane receptor,0.156339771212,9 /  6     ,NA,NA
Transcription factor AP1,FOS JUN,P01100 P05412,CHEMBL2111421,Transcription factor,0.0604245879294,0 /  1     ,NA,NA
Folylpoly-gamma-glutamate synthetase,FPGS,Q05932,CHEMBL3171,Enzyme,0.139714053544,8 /  25     ,NA,NA
Formyl peptide receptor 1,FPR1,P21462,CHEMBL3359,Family A G protein-coupled receptor,0.100578902067,15 /  0     ,NA,NA
Lipoxin A4 receptor   (by homology),FPR2,P25090,CHEMBL4227,Family A G protein-coupled receptor,0.0604245879294,0 /  3     ,NA,NA
Tyrosine-protein kinase FRK,FRK,P42685,CHEMBL4223,Kinase,0.104671941128,6 /  0     ,NA,NA
Alpha-ketoglutarate-dependent dioxygenase FTO,FTO,Q9C0B1,CHEMBL2331065,Oxidoreductase,0.048952897826,1 /  0     ,NA,NA
Alpha-L-fucosidase I,FUCA1,P04066,CHEMBL4176,Enzyme,0.0238327432783,1 /  0     ,NA,NA
Furin,FURIN,P09958,CHEMBL2611,Protease,0.0604245879294,0 /  30     ,NA,NA
Fucosyltransferase 4,FUT4,P22083,CHEMBL4996,Enzyme,0.11150186548,0 /  1     ,NA,NA
"Alpha-(1,3)-fucosyltransferase 7",FUT7,Q11130,CHEMBL3596077,Transferase,0.0727163610114,1 /  2     ,NA,NA
Tyrosine-protein kinase FYN,FYN,P06241,CHEMBL1841,Kinase,0.0238327432783,3 /  0     ,NA,NA
Glucose-6-phosphate 1-dehydrogenase,G6PD,P11413,CHEMBL5347,Enzyme,0.0238327432783,0 /  7     ,NA,NA
Lysosomal alpha-glucosidase,GAA,P10253,CHEMBL2608,Hydrolase,0.0535560755162,5 /  0     ,NA,NA
GABA-B receptor   (by homology),GABBR1,Q9UBS5,CHEMBL2064,Family C G protein-coupled receptor,0.0238327432783,0 /  1     ,NA,NA
GABA-B receptor,GABBR2 GABBR1,O75899 Q9UBS5,CHEMBL2111463,Family C G protein-coupled receptor,0.0238327432783,0 /  1     ,NA,NA
GABA-A receptor; alpha-1/beta-2/gamma-2,GABRA1 GABRB2 GABRG2,P14867 P47870 P18507,CHEMBL2095172,Ligand-gated ion channel,0.0238327432783,0 /  1     ,NA,NA
GABA A receptor alpha-2/beta-2/gamma-2,GABRA2 GABRB2 GABRG2,P47869 P47870 P18507,CHEMBL2111413,Ligand-gated ion channel,0.0238327432783,0 /  2     ,NA,NA
GABA-A receptor; alpha-2/beta-3/gamma-2,GABRA2 GABRB3 GABRG2,P47869 P28472 P18507,CHEMBL2094130,Ligand-gated ion channel,0.0439186325197,6 /  0     ,NA,NA
GABA A receptor alpha-3/beta-2/gamma-2,GABRA3 GABRB2 GABRG2,P34903 P47870 P18507,CHEMBL2111339,Ligand-gated ion channel,0.0238327432783,0 /  1     ,NA,NA
GABA receptor alpha-5 subunit,GABRA5,P31644,CHEMBL5112,Ligand-gated ion channel,0.0822215166115,124 /  0     ,NA,NA
GABA-A receptor; alpha-3/beta-3/gamma-2,GABRB3 GABRA3 GABRG2,P28472 P34903 P18507,CHEMBL2094120,Ligand-gated ion channel,0.0439186325197,6 /  0     ,NA,NA
GABA-A receptor; alpha-1/beta-3/gamma-2,GABRB3 GABRG2 GABRA1,P28472 P18507 P14867,CHEMBL2094121,Ligand-gated ion channel,0.033970689612,0 /  1     ,NA,NA
GABA-A receptor; alpha-5/beta-3/gamma-2,GABRB3 GABRG2 GABRA5,P28472 P18507 P31644,CHEMBL2094122,Ligand-gated ion channel,0.0439186325197,32 /  0     ,NA,NA
GABA-A receptor; alpha-6/beta-3/gamma-2,GABRG2 GABRB3 GABRA6,P18507 P28472 Q16445,CHEMBL2095190,Ligand-gated ion channel,0.101613854776,1 /  0     ,NA,NA
GABA receptor rho-1 subunit,GABRR1,P24046,CHEMBL3561,Ligand-gated ion channel,0.0238327432783,0 /  1     ,NA,NA
Serine/threonine-protein kinase GAK,GAK,O14976,CHEMBL4355,Kinase,0.104671941128,1 /  0     ,NA,NA
Glyceraldehyde-3-phosphate dehydrogenase liver,GAPDH,P04406,CHEMBL2284,Oxidoreductase,0.0443083186041,0 /  1     ,NA,NA
GAR transformylase,GART,P22102,CHEMBL3972,Ligase,0.106542925976,74 /  67     ,NA,NA
Beta-glucocerebrosidase   (by homology),GBA,P04062,CHEMBL2179,Enzyme,0.033970689612,3 /  0     ,NA,NA
Beta-glucosidase,GBA2,Q9HCG7,CHEMBL3761,Enzyme,0.100634432184,0 /  31     ,NA,NA
Glucagon,GCG,P01275,CHEMBL5736,Unclassified protein,0.0978745343258,55 /  0     ,NA,NA
Glucagon receptor,GCGR,P47871,CHEMBL1985,Family B G protein-coupled receptor,0.0604245879294,23 /  0     ,NA,NA
Hexokinase type IV,GCK,P35557,CHEMBL3820,Enzyme,0.0972399887602,43 /  0     ,NA,NA
Gamma-glutamylcysteine synthetase,GCLC,P48506,CHEMBL4055,Enzyme,0.100578902067,3 /  0     ,NA,NA
Guanine deaminase,GDA,Q9Y2T3,CHEMBL3129,Hydrolase,0.0238327432783,0 /  1     ,NA,NA
Glucosamine--fructose-6-phosphate aminotransferase [isomerizing] 1,GFPT1,Q06210,CHEMBL1909481,Enzyme,0.053517944289,2 /  0     ,NA,NA
Appetite-regulating hormone,GHRL,Q9UBU3,CHEMBL1921664,Unclassified protein,0.100578902067,32 /  0     ,NA,NA
Ghrelin receptor,GHSR,Q92847,CHEMBL4616,Family A G protein-coupled receptor,0.0972399887602,30 /  0     ,NA,NA
Gastric inhibitory polypeptide receptor,GIPR,P48546,CHEMBL4383,Family B G protein-coupled receptor,0.0978745343258,17 /  0     ,NA,NA
Zinc finger protein GLI1,GLI1,P08151,CHEMBL5461,Transcription factor,0.0642387798076,0 /  2     ,NA,NA
Zinc finger protein GLI2,GLI2,P10070,CHEMBL5119,Transcription factor,0.109339753231,3 /  0     ,NA,NA
Glyoxalase I,GLO1,Q04760,CHEMBL2424,Enzyme,0.0604245879294,0 /  2     ,NA,NA
Glycine receptor subunit alpha-1,GLRA1,P23415,CHEMBL5845,Ligand-gated ion channel,0.0535560755162,1 /  0     ,NA,NA
Glycine receptor subunit alpha-2   (by homology),GLRA2,P23416,CHEMBL5871,Ligand-gated ion channel,0.0428942118511,8 /  0     ,NA,NA
Glutamine synthetase,GLUL,P15104,CHEMBL4612,Ligase,0.0978745343258,0 /  1     ,NA,NA
Acyl-CoA:dihydroxyacetonephosphateacyltransferase,GNPAT,O15228,CHEMBL4494,Enzyme,0.100634432184,0 /  3     ,NA,NA
Gonadotropin-releasing hormone receptor,GNRHR,P30968,CHEMBL1855,Family A G protein-coupled receptor,0.041891066893,46 /  0     ,NA,NA
G-protein coupled bile acid receptor 1,GPBAR1,Q8TDU6,CHEMBL5409,Family A G protein-coupled receptor,0.0238327432783,0 /  13     ,NA,NA
G-protein coupled estrogen receptor 1,GPER1,Q99527,CHEMBL5872,Family A G protein-coupled receptor,0.0312265582077,0 /  1     ,NA,NA
Glucose-dependent insulinotropic receptor,GPR119,Q8TDV5,CHEMBL5652,Family A G protein-coupled receptor,0.114337558605,2 /  1     ,NA,NA
Probable G-protein coupled receptor 174,GPR174,Q9BXC1,CHEMBL3562167,Family A G protein-coupled receptor,0.112041901328,0 /  24     ,NA,NA
N-arachidonyl glycine receptor,GPR18,Q14330,CHEMBL2384898,Family A G protein-coupled receptor,0.0312265582077,0 /  1     ,NA,NA
Probable G-protein coupled receptor 34,GPR34,Q9UPC5,CHEMBL3562165,Family A G protein-coupled receptor,0.112041901328,0 /  18     ,NA,NA
G-protein coupled receptor 35,GPR35,Q9HC97,CHEMBL1293267,Family A G protein-coupled receptor,0.0238327432783,0 /  2     ,NA,NA
G-protein coupled receptor 55,GPR55,Q9Y2T6,CHEMBL1075322,Family A G protein-coupled receptor,0.0312265582077,0 /  1     ,NA,NA
G-protein coupled receptor 84,GPR84,Q9NQS5,CHEMBL3714079,Family A G protein-coupled receptor,0.0604245879294,19 /  0     ,NA,NA
Growth factor receptor-bound protein 2,GRB2,P62993,CHEMBL3663,Other cytosolic protein,0.0312265582077,0 /  1     ,NA,NA
"Glutamate receptor ionotropic, AMPA 1",GRIA1,P42261,CHEMBL2009,Ligand-gated ion channel,0.0238327432783,11 /  0     ,NA,NA
"Glutamate receptor ionotropic, AMPA 2",GRIA2,P42262,CHEMBL4016,Ligand-gated ion channel,0.0238327432783,4 /  1     ,NA,NA
"Glutamate receptor ionotropic, AMPA 4",GRIA4,P48058,CHEMBL3190,Ligand-gated ion channel,0.0238327432783,11 /  0     ,NA,NA
Glutamate receptor ionotropic kainate 1,GRIK1,P39086,CHEMBL1918,Ligand-gated ion channel,0.0238327432783,27 /  21     ,NA,NA
Glutamate receptor ionotropic kainate 2,GRIK2,Q13002,CHEMBL3683,Ligand-gated ion channel,0.0238327432783,31 /  14     ,NA,NA
Glutamate receptor ionotropic kainate 3,GRIK3,Q13003,CHEMBL3684,Ligand-gated ion channel,0.0238327432783,4 /  1     ,NA,NA
Glutamate receptor ionotropic kainate 5,GRIK5,Q16478,CHEMBL2675,Ligand-gated ion channel,0.0238327432783,3 /  1     ,NA,NA
Glutamate NMDA receptor; GRIN1/GRIN2A,GRIN2A GRIN1,Q12879 Q05586,CHEMBL1907604,Ligand-gated ion channel,0.100578902067,11 /  0     ,NA,NA
Rhodopsin kinase,GRK1,Q15835,CHEMBL5607,Kinase,0.0535560755162,1 /  0     ,NA,NA
G-protein coupled receptor kinase 2,GRK2,P25098,CHEMBL4079,Kinase,0.0312265582077,2 /  0     ,NA,NA
G protein-coupled receptor kinase 6,GRK6,P43250,CHEMBL6144,Kinase,0.0428942118511,15 /  0     ,NA,NA
G protein-coupled receptor kinase 7,GRK7,Q8WTQ7,CHEMBL1075133,Kinase,0.0822215166115,3 /  0     ,NA,NA
Metabotropic glutamate receptor 1,GRM1,Q13255,CHEMBL3772,Family C G protein-coupled receptor,0.0238327432783,1 /  4     ,NA,NA
Metabotropic glutamate receptor 2,GRM2,Q14416,CHEMBL5137,Family C G protein-coupled receptor,0.0238327432783,8 /  18     ,NA,NA
Metabotropic glutamate receptor 3,GRM3,Q14832,CHEMBL2888,Family C G protein-coupled receptor,0.0238327432783,7 /  11     ,NA,NA
Metabotropic glutamate receptor 4,GRM4,Q14833,CHEMBL2736,Family C G protein-coupled receptor,0.0238327432783,0 /  3     ,NA,NA
Metabotropic glutamate receptor 5,GRM5,P41594,CHEMBL3227,Family C G protein-coupled receptor,0.0238327432783,0 /  4     ,NA,NA
Metabotropic glutamate receptor 6,GRM6,O15303,CHEMBL4573,Family C G protein-coupled receptor,0.0238327432783,5 /  8     ,NA,NA
Metabotropic glutamate receptor 7,GRM7,Q14831,CHEMBL3777,Family C G protein-coupled receptor,0.0238327432783,0 /  1     ,NA,NA
Metabotropic glutamate receptor 8,GRM8,O00222,CHEMBL3228,Family C G protein-coupled receptor,0.0238327432783,0 /  2     ,NA,NA
Glycogen synthase kinase-3 alpha,GSK3A,P49840,CHEMBL2850,Kinase,0.0428942118511,7 /  0     ,NA,NA
Glycogen synthase kinase-3 beta,GSK3B,P49841,CHEMBL262,Kinase,0.048952897826,2 /  1     ,NA,NA
Glutathione reductase,GSR,P00390,CHEMBL2755,Oxidoreductase,0.0428942118511,5 /  0     ,NA,NA
Glutathione S-transferase A1,GSTA1,P08263,CHEMBL3409,Enzyme,0.100578902067,0 /  2     ,NA,NA
Glutathione S-transferase A2,GSTA2,P09210,CHEMBL2241,Enzyme,0.100578902067,1 /  2     ,NA,NA
Glutathione S-transferase kappa 1,GSTK1,Q9Y2Q3,CHEMBL4491,Enzyme,0.033970689612,0 /  1     ,NA,NA
Glutathione S-transferase Mu 1,GSTM1,P09488,CHEMBL2081,Enzyme,0.100578902067,0 /  2     ,NA,NA
Glutathione S-transferase Pi,GSTP1,P09211,CHEMBL3902,Enzyme,0.100578902067,4 /  8     ,NA,NA
Beta-glucuronidase,GUSB,P08236,CHEMBL2728,Enzyme,0.0535560755162,11 /  0     ,NA,NA
Muscle glycogen synthase,GYS1,P13807,CHEMBL4000,Enzyme,0.104671941128,19 /  0     ,NA,NA
Granzyme B,GZMB,P10144,CHEMBL2316,Protease,0.0604245879294,0 /  3     ,NA,NA
Hydroxyacid oxidase 1,HAO1,Q9UJM8,CHEMBL4229,Enzyme,0.0238327432783,0 /  1     ,NA,NA
Hydroxycarboxylic acid receptor 2   (by homology),HCAR2,Q8TDS4,CHEMBL3785,Family A G protein-coupled receptor,0.0312265582077,41 /  0     ,NA,NA
HM74 nicotinic acid GPCR,HCAR3,P49019,CHEMBL4421,Family A G protein-coupled receptor,0.980243838738,1 /  1     ,NA,NA
Tyrosine-protein kinase HCK,HCK,P08631,CHEMBL3234,Kinase,0.0535560755162,86 /  0     ,NA,NA
Histone deacetylase 1,HDAC1,Q13547,CHEMBL325,Eraser,0.0428942118511,0 /  8     ,NA,NA
Histone deacetylase 10,HDAC10,Q969S8,CHEMBL5103,Eraser,0.0428942118511,0 /  4     ,NA,NA
Histone deacetylase 11,HDAC11,Q96DB2,CHEMBL3310,Eraser,0.0428381527054,21 /  0     ,NA,NA
Histone deacetylase 2,HDAC2,Q92769,CHEMBL1937,Eraser,0.0428942118511,0 /  5     ,NA,NA
Histone deacetylase 3,HDAC3,O15379,CHEMBL1829,Eraser,0.0238327432783,0 /  1     ,NA,NA
Histone deacetylase 4,HDAC4,P56524,CHEMBL3524,Eraser,0.0428381527054,19 /  0     ,NA,NA
Histone deacetylase 5,HDAC5,Q9UQL6,CHEMBL2563,Eraser,0.0428942118511,0 /  1     ,NA,NA
Histone deacetylase 6,HDAC6,Q9UBN7,CHEMBL1865,Eraser,0.0238327432783,1 /  0     ,NA,NA
Histone deacetylase 7,HDAC7,Q8WUI4,CHEMBL2716,Eraser,0.0428381527054,8 /  0     ,NA,NA
Histone deacetylase 8,HDAC8,Q9BY41,CHEMBL3192,Eraser,0.0238327432783,1 /  0     ,NA,NA
Histone deacetylase 9,HDAC9,Q9UKV0,CHEMBL4145,Eraser,0.0978745343258,8 /  0     ,NA,NA
Hepatocyte growth factor activator,HGFAC,Q04756,CHEMBL3351190,Unclassified protein,0.0604245879294,0 /  3     ,NA,NA
Hypoxia-inducible factor 1 alpha,HIF1A,Q16665,CHEMBL4261,Transcription factor,0.11150186548,0 /  7     ,NA,NA
Homeodomain-interacting protein kinase 4,HIPK4,Q8NE63,CHEMBL1075167,Kinase,0.0822215166115,6 /  0     ,NA,NA
HLA class I histocompatibility antigen A-3,HLA-A,P04439,CHEMBL2632,Surface antigen,0.0951255886644,0 /  63     ,NA,NA
HLA class II histocompatibility antigen DRB1-1,HLA-DRB1,P04229,CHEMBL1943,Surface antigen,0.100578902067,16 /  0     ,NA,NA
HMG-CoA reductase,HMGCR,P04035,CHEMBL402,Oxidoreductase,0.0238327432783,0 /  8     ,NA,NA
Hepatocyte nuclear factor 4-alpha,HNF4A,P41235,CHEMBL5398,Unclassified protein,0.0535560755162,9 /  0     ,NA,NA
15-hydroxyprostaglandin dehydrogenase [NAD+],HPGD,P15428,CHEMBL1293255,Enzyme,0.0972399887602,81 /  5     ,NA,NA
Hematopoietic prostaglandin D synthase,HPGDS,O60760,CHEMBL5879,Transferase,0.109339753231,6 /  0     ,NA,NA
Heparanase,HPSE,Q9Y251,CHEMBL3921,Enzyme,0.033970689612,0 /  2     ,NA,NA
Transforming protein p21/H-Ras-1,HRAS,P01112,CHEMBL2167,Other cytosolic protein,0.0535560755162,2 /  0     ,NA,NA
Histamine H1 receptor,HRH1,P35367,CHEMBL231,Family A G protein-coupled receptor,0.0238327432783,3 /  8     ,NA,NA
Histamine H2 receptor,HRH2,P25021,CHEMBL1941,Family A G protein-coupled receptor,0.0439186325197,0 /  6     ,NA,NA
Histamine H3 receptor,HRH3,Q9Y5N1,CHEMBL264,Family A G protein-coupled receptor,0.053517944289,0 /  129     ,NA,NA
Histamine H4 receptor,HRH4,Q9H3N8,CHEMBL3759,Family A G protein-coupled receptor,0.053517944289,0 /  80     ,NA,NA
11-beta-hydroxysteroid dehydrogenase 1,HSD11B1,P28845,CHEMBL4235,Enzyme,0.0238327432783,0 /  10     ,NA,NA
11-beta-hydroxysteroid dehydrogenase 2,HSD11B2,P80365,CHEMBL3746,Enzyme,0.0443083186041,0 /  3     ,NA,NA
Estradiol 17-beta-dehydrogenase 1,HSD17B1,P14061,CHEMBL3181,Enzyme,0.0312265582077,0 /  41     ,NA,NA
17-beta-hydroxysteroid dehydrogenase 14,HSD17B14,Q9BPX1,CHEMBL3712868,Enzyme,0.048952897826,1 /  0     ,NA,NA
Estradiol 17-beta-dehydrogenase 2,HSD17B2,P37059,CHEMBL2789,Enzyme,0.0312265582077,0 /  3     ,NA,NA
Estradiol 17-beta-dehydrogenase 3,HSD17B3,P37058,CHEMBL4234,Enzyme,0.0238327432783,0 /  11     ,NA,NA
3-keto-steroid reductase,HSD17B7,P56937,CHEMBL5999,Enzyme,0.0978745343258,0 /  3     ,NA,NA
Heat shock protein HSP 90-alpha,HSP90AA1,P07900,CHEMBL3880,Other cytosolic protein,0.0312265582077,2 /  0     ,NA,NA
Heat shock protein HSP 90-beta,HSP90AB1,P08238,CHEMBL4303,Other cytosolic protein,0.0428381527054,90 /  0     ,NA,NA
Endoplasmin,HSP90B1,P14625,CHEMBL1075323,Other membrane protein,0.0978745343258,10 /  0     ,NA,NA
Heat shock 70 kDa protein 1,HSPA1A,P0DMV8,CHEMBL5460,Other cytosolic protein,0.0312265582077,3 /  0     ,NA,NA
78 kDa glucose-regulated protein,HSPA5,P11021,CHEMBL1781865,Unclassified protein,0.0535560755162,6 /  0     ,NA,NA
Heat shock cognate 71 kDa protein,HSPA8,P11142,CHEMBL1275223,Other cytosolic protein,0.0535560755162,10 /  0     ,NA,NA
Serotonin 1a (5-HT1a) receptor,HTR1A,P08908,CHEMBL214,Family A G protein-coupled receptor,0.0312265582077,1 /  8     ,NA,NA
Serotonin 1b (5-HT1b) receptor,HTR1B,P28222,CHEMBL1898,Family A G protein-coupled receptor,0.0238327432783,0 /  36     ,NA,NA
Serotonin 1d (5-HT1d) receptor,HTR1D,P28221,CHEMBL1983,Family A G protein-coupled receptor,0.0238327432783,0 /  33     ,NA,NA
Serotonin 1e (5-HT1e) receptor,HTR1E,P28566,CHEMBL2182,Family A G protein-coupled receptor,0.0312265582077,0 /  9     ,NA,NA
Serotonin 2a (5-HT2a) receptor,HTR2A,P28223,CHEMBL224,Family A G protein-coupled receptor,0.0238327432783,178 /  0     ,NA,NA
Serotonin 2b (5-HT2b) receptor,HTR2B,P41595,CHEMBL1833,Family A G protein-coupled receptor,0.0238327432783,122 /  0     ,NA,NA
Serotonin 2c (5-HT2c) receptor,HTR2C,P28335,CHEMBL225,Family A G protein-coupled receptor,0.0238327432783,0 /  38     ,NA,NA
Serotonin 3a (5-HT3a) receptor   (by homology),HTR3A,P46098,CHEMBL1899,Ligand-gated ion channel,0.033970689612,2 /  0     ,NA,NA
Serotonin 4 (5-HT4) receptor,HTR4,Q13639,CHEMBL1875,Family A G protein-coupled receptor,0.0312265582077,0 /  4     ,NA,NA
Serotonin 5a (5-HT5a) receptor,HTR5A,P47898,CHEMBL3426,Family A G protein-coupled receptor,0.0312265582077,0 /  9     ,NA,NA
Serotonin 6 (5-HT6) receptor,HTR6,P50406,CHEMBL3371,Family A G protein-coupled receptor,0.0238327432783,0 /  23     ,NA,NA
Serotonin 7 (5-HT7) receptor,HTR7,P34969,CHEMBL3155,Family A G protein-coupled receptor,0.033970689612,0 /  88     ,NA,NA
Huntingtin,HTT,P42858,CHEMBL5514,Unclassified protein,0.0439186325197,4 /  0     ,NA,NA
Hormonally up-regulated neu tumor-associated kinase,HUNK,P57058,CHEMBL1795165,Enzyme,0.0822215166115,4 /  0     ,NA,NA
Isoleucyl-tRNA synthetase,IARS,P41252,CHEMBL3235,Enzyme,0.0743922719035,0 /  1     ,NA,NA
Serine/threonine-protein kinase ICK,ICK,Q9UPZ9,CHEMBL1163126,Kinase,0.0822215166115,3 /  0     ,NA,NA
Isoprenylcysteine carboxyl methyltransferase,ICMT,O60725,CHEMBL4699,Enzyme,0.0604245879294,49 /  0     ,NA,NA
Insulin-degrading enzyme,IDE,P14735,CHEMBL1293287,Enzyme,0.956190835638,3 /  2     ,NA,NA
Isocitrate dehydrogenase [NADP] cytoplasmic,IDH1,O75874,CHEMBL2007625,Enzyme,0.104671941128,251 /  0     ,NA,NA
"Indoleamine 2,3-dioxygenase",IDO1,P14902,CHEMBL4685,Enzyme,0.0312265582077,2 /  1     ,NA,NA
Insulin-like growth factor I receptor,IGF1R,P08069,CHEMBL1957,Kinase,0.0312265582077,2 /  14     ,NA,NA
Insulin-like growth factor II receptor,IGF2R,P11717,CHEMBL3240,Membrane receptor,0.108770969359,0 /  4     ,NA,NA
Insulin-like growth factor binding protein 1,IGFBP1,P08833,CHEMBL4178,Secreted protein,0.0978745343258,2 /  0     ,NA,NA
Insulin-like growth factor binding protein 2,IGFBP2,P18065,CHEMBL3088,Secreted protein,0.0978745343258,2 /  0     ,NA,NA
Insulin-like growth factor binding protein 3,IGFBP3,P17936,CHEMBL3997,Secreted protein,0.0535560755162,21 /  0     ,NA,NA
Insulin-like growth factor binding protein 4,IGFBP4,P22692,CHEMBL2310,Secreted protein,0.0978745343258,2 /  0     ,NA,NA
Insulin-like growth factor binding protein 5,IGFBP5,P24593,CHEMBL2665,Secreted protein,0.0535560755162,7 /  0     ,NA,NA
Insulin-like growth factor binding protein 6,IGFBP6,P24592,CHEMBL2139,Secreted protein,0.0978745343258,2 /  0     ,NA,NA
Inhibitor of nuclear factor kappa B kinase beta subunit,IKBKB,O14920,CHEMBL1991,Kinase,0.041891066893,24 /  0     ,NA,NA
Interleukin-1 beta,IL1B,P01584,CHEMBL1909490,Secreted protein,0.0743922719035,0 /  2     ,NA,NA
Interleukin-2,IL2,P60568,CHEMBL5880,Secreted protein,0.0642387798076,0 /  1     ,NA,NA
Interleukin-6,IL6,P05231,CHEMBL1795129,Secreted protein,0.0978745343258,0 /  1     ,NA,NA
Interleukin-6 receptor subunit beta,IL6ST,P40189,CHEMBL3124734,Membrane receptor,0.0604245879294,6 /  0     ,NA,NA
Serine/threonine-protein kinase ILK-1,ILK,Q13418,CHEMBL5247,Kinase,0.112041901328,5 /  0     ,NA,NA
Inosine-5'-monophosphate dehydrogenase 1,IMPDH1,P20839,CHEMBL1822,Oxidoreductase,0.0604245879294,13 /  0     ,NA,NA
Inosine-5'-monophosphate dehydrogenase 2,IMPDH2,P12268,CHEMBL2002,Oxidoreductase,0.0238327432783,0 /  17     ,NA,NA
Insulin receptor,INSR,P06213,CHEMBL1981,Kinase,0.048952897826,5 /  0     ,NA,NA
Insulin receptor-related protein,INSRR,P14616,CHEMBL5483,Kinase,0.109339753231,2 /  0     ,NA,NA
Interleukin-1 receptor-associated kinase 4,IRAK4,Q9NWZ3,CHEMBL3778,Kinase,0.109339753231,47 /  0     ,NA,NA
Integrin alpha-2,ITGA2,P17301,CHEMBL4998,Unclassified protein,0.112041901328,1 /  0     ,NA,NA
Integrin alpha-IIb/beta-3,ITGA2B ITGB3,P08514 P05106,CHEMBL2093869,Membrane receptor,0.0443083186041,0 /  28     ,NA,NA
Leukocyte adhesion glycoprotein LFA-1 alpha,ITGAL,P20701,CHEMBL1803,Adhesion,0.0743922719035,0 /  3     ,NA,NA
"Intercellular adhesion molecule (ICAM-1), Integrin alpha-L/beta-2",ITGAL ICAM1 ITGB2,P20701 P05362 P05107,CHEMBL2096661,Membrane receptor,0.0312265582077,7 /  0     ,NA,NA
Integrin alpha-V/beta-3,ITGAV ITGB3,P06756 P05106,CHEMBL1907598,Membrane receptor,0.0978745343258,76 /  0     ,NA,NA
Integrin alpha1/beta1 complex,ITGB1 ITGA1,P05556 P56199,CHEMBL3137278,Membrane receptor,0.0428942118511,1 /  0     ,NA,NA
Integrin alpha2/beta1,ITGB1 ITGA2,P05556 P17301,CHEMBL3137268,Unclassified protein,0.0428942118511,29 /  0     ,NA,NA
Integrin alpha-4/beta-1,ITGB1 ITGA4,P05556 P13612,CHEMBL1907599,Membrane receptor,0.0238327432783,0 /  14     ,NA,NA
Integrin alpha-5/beta-1,ITGB1 ITGA5,P05556 P08648,CHEMBL2095226,Membrane receptor,0.0428942118511,2 /  0     ,NA,NA
Integrin alpha-4/beta-7,ITGB7 ITGA4,P26010 P13612,CHEMBL2095184,Membrane receptor,0.0312265582077,3 /  0     ,NA,NA
Tyrosine-protein kinase ITK/TSK,ITK,Q08881,CHEMBL2959,Kinase,0.0604245879294,18 /  0     ,NA,NA
Tyrosine-protein kinase JAK1,JAK1,P23458,CHEMBL2835,Kinase,0.0312265582077,90 /  0     ,NA,NA
Tyrosine-protein kinase JAK2,JAK2,O60674,CHEMBL2971,Kinase,0.0312265582077,130 /  0     ,NA,NA
Tyrosine-protein kinase JAK3,JAK3,P52333,CHEMBL2148,Kinase,0.0312265582077,73 /  0     ,NA,NA
Proto-oncogene c-JUN,JUN,P05412,CHEMBL4977,Transcription factor,0.0428942118511,0 /  1     ,NA,NA
Histone acetyltransferase PCAF,KAT2B,Q92831,CHEMBL5500,Writer,0.0717871625222,6 /  0     ,NA,NA
Voltage-gated potassium channel subunit Kv1.3,KCNA3,P22001,CHEMBL4633,Voltage-gated ion channel,0.048952897826,0 /  9     ,NA,NA
Voltage-gated potassium channel subunit Kv1.5,KCNA5,P22460,CHEMBL4306,Voltage-gated ion channel,0.0312265582077,29 /  0     ,NA,NA
"Voltage-gated potassium channel, IKs; KCNQ1(Kv7.1)/KCNE1(MinK)",KCNE1 KCNQ1,P15382 P51787,CHEMBL2221347,Voltage-gated ion channel,0.0312265582077,11 /  0     ,NA,NA
HERG,KCNH2,Q12809,CHEMBL240,Voltage-gated ion channel,0.0238327432783,0 /  1     ,NA,NA
Kir3.1/Kir3.4,KCNJ5 KCNJ3,P48544 P48549,CHEMBL3038488,Voltage-gated ion channel,0.0439186325197,1 /  10     ,NA,NA
Kir3.1/Kir3.2,KCNJ6 KCNJ3,P48051 P48549,CHEMBL3038489,Voltage-gated ion channel,0.033970689612,0 /  6     ,NA,NA
Calcium-activated potassium channel subunit alpha-1,KCNMA1,Q12791,CHEMBL4304,Voltage-gated ion channel,0.0535560755162,13 /  0     ,NA,NA
Intermediate conductance calcium-activated potassium channel protein 4,KCNN4,O15554,CHEMBL4305,Voltage-gated ion channel,0.0439186325197,0 /  1     ,NA,NA
Voltage-gated potassium channel subunit Kv7.1,KCNQ1,P51787,CHEMBL1866,Voltage-gated ion channel,0.100578902067,22 /  0     ,NA,NA
Lysine-specific histone demethylase 1,KDM1A,O60341,CHEMBL6136,Eraser,0.100578902067,6 /  0     ,NA,NA
Lysine-specific demethylase 2A,KDM2A,Q9Y2K7,CHEMBL1938210,Eraser,0.0238327432783,0 /  1     ,NA,NA
Lysine-specific demethylase 2B,KDM2B,Q8NHM5,CHEMBL3779760,Eraser,0.112041901328,3 /  0     ,NA,NA
Lysine-specific demethylase 3A,KDM3A,Q9Y4C1,CHEMBL1938209,Eraser,0.0604245879294,2 /  0     ,NA,NA
Lysine-specific demethylase 4A,KDM4A,O75164,CHEMBL5896,Eraser,0.0439186325197,3 /  0     ,NA,NA
Lysine-specific demethylase 4B,KDM4B,O94953,CHEMBL3313832,Eraser,0.0604245879294,2 /  0     ,NA,NA
Lysine-specific demethylase 4C,KDM4C,Q9H3R0,CHEMBL6175,Eraser,0.0312265582077,13 /  0     ,NA,NA
Lysine-specific demethylase 4D,KDM4D,Q6B0I6,CHEMBL6138,Eraser,0.0604245879294,6 /  0     ,NA,NA
Lysine-specific demethylase 4D-like,KDM4E,B2RXH2,CHEMBL1293226,Eraser,0.0238327432783,4 /  0     ,NA,NA
Lysine-specific demethylase 5A,KDM5A,P29375,CHEMBL2424504,Eraser,0.0439186325197,1 /  0     ,NA,NA
Lysine-specific demethylase 5B,KDM5B,Q9UGL1,CHEMBL3774295,Eraser,0.0439186325197,1 /  0     ,NA,NA
Lysine-specific demethylase 5C,KDM5C,P41229,CHEMBL2163176,Eraser,0.0238327432783,0 /  1     ,NA,NA
Lysine-specific demethylase 6B,KDM6B,O15054,CHEMBL1938211,Eraser,0.0604245879294,2 /  0     ,NA,NA
Vascular endothelial growth factor receptor 2,KDR,P35968,CHEMBL279,Kinase,0.0312265582077,4 /  5     ,NA,NA
Kelch-like ECH-associated protein 1,KEAP1,Q14145,CHEMBL2069156,Unclassified protein,0.104671941128,13 /  0     ,NA,NA
Ketohexokinase,KHK,P50053,CHEMBL1275212,Enzyme,0.104671941128,9 /  0     ,NA,NA
Kinesin-like protein 1,KIF11,P52732,CHEMBL4581,Other cytosolic protein,0.0312265582077,0 /  9     ,NA,NA
Kinesin-like protein KIF20A,KIF20A,O95235,CHEMBL2021753,Other cytosolic protein,0.104671941128,6 /  0     ,NA,NA
Metastin receptor,KISS1R,Q969F8,CHEMBL5413,Family A G protein-coupled receptor,0.0238327432783,0 /  3     ,NA,NA
Stem cell growth factor receptor,KIT,P10721,CHEMBL1936,Kinase,0.0238327432783,0 /  5     ,NA,NA
Kallikrein 1,KLK1,P06870,CHEMBL2319,Protease,0.0978745343258,0 /  1     ,NA,NA
Kallikrein 2,KLK2,P20151,CHEMBL2442,Protease,0.0972399887602,0 /  1     ,NA,NA
Prostate specific antigen,KLK3,P07288,CHEMBL2099,Protease,0.041891066893,14 /  0     ,NA,NA
Plasma kallikrein,KLKB1,P03952,CHEMBL2000,Protease,0.100578902067,9 /  0     ,NA,NA
Kynurenine 3-monooxygenase,KMO,O15229,CHEMBL2145,Oxidoreductase,0.0238327432783,5 /  0     ,NA,NA
Kynurenine--oxoglutarate transaminase 3,KYAT3,Q6YP21,CHEMBL2046260,Enzyme,0.0439186325197,2 /  0     ,NA,NA
Kynureninase,KYNU,Q16719,CHEMBL5100,Enzyme,0.0238327432783,4 /  0     ,NA,NA
Leucine aminopeptidase,LAP3,P28838,CHEMBL3965,Protease,0.0238327432783,0 /  5     ,NA,NA
Tyrosine-protein kinase LCK,LCK,P06239,CHEMBL258,Kinase,0.0238327432783,2 /  0     ,NA,NA
L-lactate dehydrogenase A chain,LDHA,P00338,CHEMBL4835,Enzyme,0.0238327432783,0 /  11     ,NA,NA
L-lactate dehydrogenase B chain,LDHB,P07195,CHEMBL4940,Enzyme,0.0238327432783,0 /  9     ,NA,NA
Galectin-3,LGALS3,P17931,CHEMBL4531,Other cytosolic protein,0.041891066893,1 /  13     ,NA,NA
Galectin-4,LGALS4,P56470,CHEMBL1671608,Other cytosolic protein,0.0513021102812,1 /  3     ,NA,NA
P47929,LGALS7,P47929,CHEMBL5008,Other cytosolic protein,0.041891066893,0 /  1     ,NA,NA
Galectin-8,LGALS8,O00214,CHEMBL5475,Other cytosolic protein,0.0513021102812,1 /  3     ,NA,NA
Legumain   (by homology),LGMN,Q99538,CHEMBL4244,Protease,0.0312265582077,11 /  0     ,NA,NA
LIM domain kinase 1,LIMK1,P53667,CHEMBL3836,Kinase,0.104671941128,47 /  0     ,NA,NA
LIM domain kinase 2,LIMK2,P53671,CHEMBL5932,Kinase,0.100578902067,41 /  0     ,NA,NA
Lysosomal acid lipase/cholesteryl ester hydrolase,LIPA,P38571,CHEMBL4184,Enzyme,0.0604245879294,5 /  0     ,NA,NA
Cystinyl aminopeptidase,LNPEP,Q9UIQ6,CHEMBL2693,Protease,0.101613854776,1 /  0     ,NA,NA
Lysophosphatidic acid receptor Edg-2   (by homology),LPAR1,Q92633,CHEMBL3819,Family A G protein-coupled receptor,0.100578902067,0 /  30     ,NA,NA
Lysophosphatidic acid receptor Edg-4,LPAR2,Q9HBW0,CHEMBL3724,Family A G protein-coupled receptor,0.100578902067,0 /  23     ,NA,NA
Lysophosphatidic acid receptor Edg-7,LPAR3,Q9UBY5,CHEMBL3250,Family A G protein-coupled receptor,0.100578902067,0 /  36     ,NA,NA
Lysophosphatidic acid receptor 4,LPAR4,Q99677,CHEMBL5968,Family A G protein-coupled receptor,0.106542925976,2 /  11     ,NA,NA
Lysophosphatidic acid receptor 5,LPAR5,Q9H1C0,CHEMBL5700,Family A G protein-coupled receptor,0.12313842565,0 /  9     ,NA,NA
Lysophosphatidic acid receptor 6,LPAR6,P43657,CHEMBL2331058,Family A G protein-coupled receptor,0.12313842565,0 /  9     ,NA,NA
Leucine-rich repeat serine/threonine-protein kinase 2,LRRK2,Q5S007,CHEMBL1075104,Kinase,0.0312265582077,94 /  0     ,NA,NA
Leukotriene A4 hydrolase,LTA4H,P09960,CHEMBL4618,Protease,0.0238327432783,0 /  3     ,NA,NA
Leukotriene B4 receptor 1,LTB4R,Q15722,CHEMBL3911,Family A G protein-coupled receptor,0.0428942118511,1 /  9     ,NA,NA
Tyrosine-protein kinase Lyn   (by homology),LYN,P07948,CHEMBL3905,Kinase,0.0579568757034,0 /  1     ,NA,NA
Acyl-protein thioesterase 1,LYPLA1,O75608,CHEMBL1681631,Enzyme,0.0312265582077,0 /  1     ,NA,NA
Acyl-protein thioesterase 2,LYPLA2,O95372,CHEMBL1932891,Enzyme,0.0312265582077,0 /  1     ,NA,NA
Myelin-associated glycoprotein,MAG,P20916,CHEMBL5807,Unclassified protein,0.041891066893,1 /  23     ,NA,NA
Monoamine oxidase A,MAOA,P21397,CHEMBL1951,Oxidoreductase,0.0238327432783,2 /  0     ,NA,NA
Monoamine oxidase B,MAOB,P27338,CHEMBL2039,Oxidoreductase,0.0238327432783,23 /  0     ,NA,NA
Dual specificity mitogen-activated protein kinase kinase 1,MAP2K1,Q02750,CHEMBL3587,Kinase,0.0312265582077,0 /  1     ,NA,NA
Dual specificity mitogen-activated protein kinase kinase 2,MAP2K2,P36507,CHEMBL2964,Kinase,0.11150186548,3 /  0     ,NA,NA
Dual specificity mitogen-activated protein kinase kinase 3,MAP2K3,P46734,CHEMBL2109,Kinase,0.104671941128,1 /  0     ,NA,NA
Dual specificity mitogen-activated protein kinase kinase 4,MAP2K4,P45985,CHEMBL2897,Kinase,0.104671941128,1 /  0     ,NA,NA
Mitogen-activated protein kinase kinase kinase 12,MAP3K12,Q12852,CHEMBL1908389,Enzyme,0.0822215166115,70 /  0     ,NA,NA
Mitogen-activated protein kinase kinase kinase 13,MAP3K13,O43283,CHEMBL1163124,Kinase,0.0822215166115,3 /  0     ,NA,NA
Mitogen-activated protein kinase kinase kinase 14,MAP3K14,Q99558,CHEMBL5888,Kinase,0.041891066893,85 /  0     ,NA,NA
Mitogen-activated protein kinase kinase kinase 15,MAP3K15,Q6ZN16,CHEMBL1163127,Kinase,0.0822215166115,2 /  0     ,NA,NA
SPS1/STE20-related protein kinase YSK4,MAP3K19,Q56UN5,CHEMBL6191,Kinase,0.104671941128,8 /  0     ,NA,NA
Mixed lineage kinase 7,MAP3K20,Q9NYL2,CHEMBL3886,Kinase,0.104671941128,5 /  0     ,NA,NA
Mitogen-activated protein kinase kinase kinase 7,MAP3K7,O43318,CHEMBL5776,Kinase,0.109339753231,10 /  0     ,NA,NA
Mitogen-activated protein kinase kinase kinase 8,MAP3K8,P41279,CHEMBL4899,Kinase,0.0428942118511,14 /  0     ,NA,NA
MAP kinase ERK2,MAPK1,P28482,CHEMBL4040,Kinase,0.041891066893,150 /  0     ,NA,NA
c-Jun N-terminal kinase 3,MAPK10,P53779,CHEMBL2637,Kinase,0.0312265582077,44 /  0     ,NA,NA
MAP kinase p38 beta,MAPK11,Q15759,CHEMBL3961,Kinase,0.100578902067,36 /  0     ,NA,NA
MAP kinase p38 alpha,MAPK14,Q16539,CHEMBL260,Kinase,0.0312265582077,64 /  0     ,NA,NA
Mitogen-activated protein kinase 15,MAPK15,Q8TD08,CHEMBL5198,Kinase,0.109339753231,2 /  0     ,NA,NA
MAP kinase ERK1,MAPK3,P27361,CHEMBL3385,Kinase,0.0535560755162,0 /  1     ,NA,NA
c-Jun N-terminal kinase 1,MAPK8,P45983,CHEMBL2276,Kinase,0.0312265582077,2 /  0     ,NA,NA
c-Jun N-terminal kinase 2,MAPK9,P45984,CHEMBL4179,Kinase,0.0312265582077,8 /  0     ,NA,NA
MAP kinase-activated protein kinase 2,MAPKAPK2,P49137,CHEMBL2208,Kinase,0.048952897826,13 /  13     ,NA,NA
MAP kinase-activated protein kinase 5,MAPKAPK5,Q8IW41,CHEMBL3094,Kinase,0.11150186548,3 /  0     ,NA,NA
Microtubule-associated protein tau,MAPT,P10636,CHEMBL1293224,Unclassified protein,0.0604245879294,5 /  1     ,NA,NA
Microtubule-associated serine/threonine-protein kinase 1,MAST1,Q9Y2H9,CHEMBL1163128,Kinase,0.0822215166115,2 /  0     ,NA,NA
Microtubule-associated serine/threonine-protein kinase 3,MAST3,O60307,CHEMBL2417352,Kinase,0.041891066893,6 /  0     ,NA,NA
Myoglobin,MB,P02144,CHEMBL2406892,Unclassified protein,0.0428942118511,3 /  0     ,NA,NA
Methyl-CpG-binding domain protein 2,MBD2,Q9UBB5,CHEMBL3707462,Reader,0.113285953487,3 /  0     ,NA,NA
Melanin-concentrating hormone receptor 1,MCHR1,Q99705,CHEMBL344,Family A G protein-coupled receptor,0.0822215166115,198 /  0     ,NA,NA
Induced myeloid leukemia cell differentiation protein Mcl-1,MCL1,Q07820,CHEMBL4361,Other cytosolic protein,0.0972399887602,111 /  0     ,NA,NA
p53-binding protein Mdm-2,MDM2,Q00987,CHEMBL5023,Other nuclear protein,0.0604245879294,113 /  0     ,NA,NA
Maternal embryonic leucine zipper kinase,MELK,Q14680,CHEMBL4578,Kinase,0.041891066893,10 /  0     ,NA,NA
Proto-oncogene tyrosine-protein kinase MER,MERTK,Q12866,CHEMBL5331,Kinase,0.041891066893,55 /  0     ,NA,NA
Hepatocyte growth factor receptor,MET,P08581,CHEMBL3717,Kinase,0.0428381527054,244 /  0     ,NA,NA
Methionine aminopeptidase 1,METAP1,P53582,CHEMBL2474,Protease,0.0978745343258,2 /  0     ,NA,NA
Methionine aminopeptidase 2,METAP2,P50579,CHEMBL3922,Protease,0.0428942118511,5 /  0     ,NA,NA
Maltase-glucoamylase,MGAM,O43451,CHEMBL2074,Hydrolase,0.041891066893,0 /  7     ,NA,NA
Monoglyceride lipase,MGLL,Q99685,CHEMBL4191,Enzyme,0.048952897826,8 /  0     ,NA,NA
Macrophage migration inhibitory factor,MIF,P14174,CHEMBL2085,Enzyme,0.033970689612,0 /  6     ,NA,NA
MAP kinase-interacting serine/threonine-protein kinase MNK1,MKNK1,Q9BUB5,CHEMBL4718,Kinase,0.113285953487,24 /  0     ,NA,NA
MAP kinase signal-integrating kinase 2,MKNK2,Q9HBH9,CHEMBL4204,Kinase,0.104671941128,3 /  0     ,NA,NA
Neprilysin,MME,P08473,CHEMBL1944,Protease,0.033970689612,0 /  33     ,NA,NA
Matrix metalloproteinase 1,MMP1,P03956,CHEMBL332,Protease,0.0428381527054,534 /  0     ,NA,NA
Matrix metalloproteinase 10,MMP10,P09238,CHEMBL4270,Protease,0.0428381527054,3 /  0     ,NA,NA
Matrix metalloproteinase 12,MMP12,P39900,CHEMBL4393,Protease,0.0428381527054,23 /  0     ,NA,NA
Matrix metalloproteinase 13,MMP13,P45452,CHEMBL280,Protease,0.0428381527054,449 /  0     ,NA,NA
Matrix metalloproteinase 14,MMP14,P50281,CHEMBL3869,Protease,0.0312265582077,24 /  0     ,NA,NA
Matrix metalloproteinase 16,MMP16,P51512,CHEMBL2200,Protease,0.0978745343258,13 /  0     ,NA,NA
Matrix metalloproteinase 2,MMP2,P08253,CHEMBL333,Protease,0.0428381527054,560 /  0     ,NA,NA
Matrix metalloproteinase 3,MMP3,P08254,CHEMBL283,Protease,0.0312265582077,35 /  0     ,NA,NA
Matrix metalloproteinase 7,MMP7,P09237,CHEMBL4073,Protease,0.0312265582077,12 /  0     ,NA,NA
Matrix metalloproteinase 8,MMP8,P22894,CHEMBL4588,Protease,0.0312265582077,41 /  0     ,NA,NA
Matrix metalloproteinase 9,MMP9,P14780,CHEMBL321,Protease,0.0428381527054,539 /  0     ,NA,NA
DNA-3-methyladenine glycosylase,MPG,P29372,CHEMBL3396943,Enzyme,0.0978745343258,1 /  1     ,NA,NA
Mannose-6-phosphate isomerase,MPI,P34949,CHEMBL2758,Isomerase,0.0428942118511,1 /  0     ,NA,NA
Myeloperoxidase,MPO,P05164,CHEMBL2439,Enzyme,0.0238327432783,0 /  29     ,NA,NA
NADH-ubiquinone oxidoreductase chain 4,MT-ND4,P03905,CHEMBL4499,Oxidoreductase,0.0978745343258,0 /  4     ,NA,NA
Melatonin receptor 1A,MTNR1A,P48039,CHEMBL1945,Family A G protein-coupled receptor,0.0312265582077,0 /  94     ,NA,NA
Melatonin receptor 1B,MTNR1B,P49286,CHEMBL1946,Family A G protein-coupled receptor,0.0312265582077,0 /  32     ,NA,NA
Serine/threonine-protein kinase mTOR,MTOR,P42345,CHEMBL2842,Kinase,0.041891066893,629 /  0     ,NA,NA
"Myosin light chain kinase, smooth muscle",MYLK,Q15746,CHEMBL2428,Kinase,0.100578902067,5 /  0     ,NA,NA
N-acylsphingosine-amidohydrolase   (by homology),NAAA,Q02083,CHEMBL4349,Enzyme,0.0312265582077,6 /  0     ,NA,NA
NEDD8-activating enzyme E1 regulatory subunit,NAE1,Q13564,CHEMBL2016431,Unclassified protein,0.106099949133,0 /  1     ,NA,NA
Nicotinamide phosphoribosyltransferase,NAMPT,P43490,CHEMBL1744525,Enzyme,0.041891066893,36 /  0     ,NA,NA
Serine/threonine-protein kinase Nek1,NEK1,Q96PY6,CHEMBL5855,Kinase,0.109339753231,28 /  0     ,NA,NA
Serine/threonine-protein kinase NEK2,NEK2,P51955,CHEMBL3835,Kinase,0.0428942118511,5 /  0     ,NA,NA
Serine/threonine-protein kinase NEK6,NEK6,Q9HC98,CHEMBL4309,Kinase,0.100578902067,3 /  0     ,NA,NA
Sialidase 2,NEU2,Q9Y3R4,CHEMBL3200,Enzyme,0.100578902067,4 /  0     ,NA,NA
Sialidase 3,NEU3,Q9UQ49,CHEMBL3046,Enzyme,0.0604245879294,6 /  0     ,NA,NA
Sialidase 4,NEU4,Q8WWR8,CHEMBL4174,Enzyme,0.100578902067,4 /  0     ,NA,NA
Nuclear factor erythroid 2-related factor 2,NFE2L2,Q16236,CHEMBL1075094,Unclassified protein,0.0717871625222,0 /  4     ,NA,NA
Nuclear factor NF-kappa-B p105 subunit,NFKB1,P19838,CHEMBL3251,Other cytosolic protein,0.0822880706974,0 /  2     ,NA,NA
Low affinity neurotrophin receptor p75NTR,NGFR,P08138,CHEMBL4762,Membrane receptor,0.0312265582077,2 /  0     ,NA,NA
Nischarin,NISCH,Q9Y2I1,CHEMBL3923,Other cytosolic protein,0.116739032206,3 /  4     ,NA,NA
"NACHT, LRR and PYD domains-containing protein 3",NLRP3,Q96P20,CHEMBL1741208,Unclassified protein,0.101613854776,1 /  0     ,NA,NA
Neuromedin-U receptor 2,NMUR2,Q9GZQ4,CHEMBL1075144,Family A G protein-coupled receptor,0.033970689612,0 /  1     ,NA,NA
"Nitric-oxide synthase, brain",NOS1,P29475,CHEMBL3568,Enzyme,0.0238327432783,0 /  6     ,NA,NA
"Nitric oxide synthase, inducible",NOS2,P35228,CHEMBL4481,Enzyme,0.0238327432783,0 /  11     ,NA,NA
"Nitric-oxide synthase, endothelial",NOS3,P29474,CHEMBL4803,Enzyme,0.0238327432783,0 /  4     ,NA,NA
Neurogenic locus notch homolog protein 1,NOTCH1,P46531,CHEMBL2146346,Unclassified protein,0.100578902067,2 /  0     ,NA,NA
Neurogenic locus notch homolog protein 3,NOTCH3,Q9UM47,CHEMBL3407319,Unclassified protein,0.100578902067,2 /  0     ,NA,NA
Palmitoleoyl-protein carboxylesterase NOTUM,NOTUM,Q6P988,CHEMBL3714531,Hydrolase,0.0312265582077,52 /  0     ,NA,NA
NADPH oxidase 1,NOX1,Q9Y5S8,CHEMBL1287628,Transmembrane 1-electron transfer carriers,0.113285953487,2 /  0     ,NA,NA
NADPH oxidase 4,NOX4,Q9NPH5,CHEMBL1250375,Enzyme,0.0535560755162,13 /  0     ,NA,NA
Niemann-Pick C1-like protein 1,NPC1L1,Q9UHC9,CHEMBL2027,Other membrane protein,0.0414702990123,0 /  5     ,NA,NA
Neuropeptide Y receptor type 5,NPY5R,Q15761,CHEMBL4561,Family A G protein-coupled receptor,0.0604245879294,54 /  0     ,NA,NA
Quinone reductase 2,NQO2,P16083,CHEMBL3959,Enzyme,0.033970689612,0 /  3     ,NA,NA
Nuclear receptor subfamily 0 group B member 2,NR0B2,Q15466,CHEMBL5603,Nuclear receptor,0.0535560755162,1 /  0     ,NA,NA
LXR-beta,NR1H2,P55055,CHEMBL4093,Nuclear receptor,0.0312265582077,0 /  21     ,NA,NA
LXR-alpha,NR1H3,Q13133,CHEMBL2808,Nuclear receptor,0.0312265582077,0 /  22     ,NA,NA
Bile acid receptor FXR,NR1H4,Q96RI1,CHEMBL2047,Nuclear receptor,0.0238327432783,0 /  10     ,NA,NA
Pregnane X receptor,NR1I2,O75469,CHEMBL3401,Nuclear receptor,0.0978745343258,0 /  3     ,NA,NA
Nuclear receptor subfamily 1 group I member 3   (by homology),NR1I3,Q14994,CHEMBL5503,Nuclear receptor,0.0535560755162,0 /  2     ,NA,NA
Glucocorticoid receptor,NR3C1,P04150,CHEMBL2034,Nuclear receptor,0.0428942118511,0 /  2     ,NA,NA
Mineralocorticoid receptor,NR3C2,P08235,CHEMBL1994,Nuclear receptor,0.0535560755162,14 /  23     ,NA,NA
Nuclear receptor subfamily 4 group A member 1,NR4A1,P22736,CHEMBL1293229,Nuclear receptor,0.118277084772,0 /  1     ,NA,NA
Steroidogenic factor 1,NR5A1,Q13285,CHEMBL4666,Nuclear receptor,0.100578902067,11 /  0     ,NA,NA
Neuropilin-1   (by homology),NRP1,O14786,CHEMBL5174,Secreted protein,0.0604245879294,0 /  1     ,NA,NA
Nerve growth factor receptor Trk-A,NTRK1,P04629,CHEMBL2815,Kinase,0.109339753231,64 /  0     ,NA,NA
Neurotrophic tyrosine kinase receptor type 2,NTRK2,Q16620,CHEMBL4898,Kinase,0.198443988437,1 /  1     ,NA,NA
Neurotensin receptor 1   (by homology),NTSR1,P30989,CHEMBL4123,Family A G protein-coupled receptor,0.0604245879294,0 /  78     ,NA,NA
Neurotensin receptor 2,NTSR2,O95665,CHEMBL2514,Family A G protein-coupled receptor,0.0604245879294,0 /  32     ,NA,NA
NUAK family SNF1-like kinase 1,NUAK1,O60285,CHEMBL5784,Kinase,0.0579568757034,0 /  1     ,NA,NA
"7,8-dihydro-8-oxoguanine triphosphatase",NUDT1,P36639,CHEMBL3708265,Enzyme,0.0238327432783,4 /  0     ,NA,NA
"Ornithine aminotransferase, mitochondrial",OAT,P04181,CHEMBL5954,Enzyme,0.033970689612,1 /  0     ,NA,NA
Ornithine decarboxylase,ODC1,P11926,CHEMBL1869,Lyase,0.0972399887602,0 /  6     ,NA,NA
Bifunctional protein NCOAT,OGA,O60502,CHEMBL5921,Enzyme,0.0428942118511,3 /  0     ,NA,NA
Delta opioid receptor,OPRD1,P41143,CHEMBL236,Family A G protein-coupled receptor,0.0428381527054,131 /  0     ,NA,NA
Kappa Opioid receptor,OPRK1,P41145,CHEMBL237,Family A G protein-coupled receptor,0.0238327432783,0 /  62     ,NA,NA
Nociceptin receptor,OPRL1,P41146,CHEMBL2014,Family A G protein-coupled receptor,0.0238327432783,0 /  72     ,NA,NA
Mu opioid receptor,OPRM1,P35372,CHEMBL233,Family A G protein-coupled receptor,0.0238327432783,0 /  121     ,NA,NA
Oxoeicosanoid receptor 1,OXER1,Q8TDS5,CHEMBL1628461,Family A G protein-coupled receptor,0.0428942118511,2 /  0     ,NA,NA
Serine/threonine-protein kinase OSR1,OXSR1,O95747,CHEMBL1163104,Kinase,0.0822215166115,2 /  0     ,NA,NA
Oxytocin receptor,OXTR,P30559,CHEMBL2049,Family A G protein-coupled receptor,0.0312265582077,5 /  0     ,NA,NA
P2X purinoceptor 3,P2RX3,P56373,CHEMBL2998,Ligand-gated ion channel,0.0312265582077,33 /  0     ,NA,NA
P2X purinoceptor 7,P2RX7,Q99572,CHEMBL4805,Ligand-gated ion channel,0.104671941128,562 /  0     ,NA,NA
Putative P2Y purinoceptor 10,P2RY10,O00398,CHEMBL3562166,Family A G protein-coupled receptor,0.112041901328,0 /  40     ,NA,NA
Purinergic receptor P2Y12,P2RY12,Q9H244,CHEMBL2001,Family A G protein-coupled receptor,0.104671941128,88 /  0     ,NA,NA
Hypoxia-inducible factor prolyl 4-hydroxylase,P4HTM,Q9NXG6,CHEMBL3047,Enzyme,0.0238327432783,2 /  0     ,NA,NA
Polyadenylate-binding protein 1,PABPC1,P11940,CHEMBL1293286,Unclassified protein,0.0604245879294,11 /  0     ,NA,NA
Peptidyl-glycine alpha-amidating monooxygenase,PAM,P19021,CHEMBL2544,Enzyme,0.0312265582077,3 /  0     ,NA,NA
Polyamine oxidase,PAOX,Q6QHF9,CHEMBL2105,Enzyme,0.0238327432783,2 /  0     ,NA,NA
Poly [ADP-ribose] polymerase-1,PARP1,P09874,CHEMBL3105,Enzyme,0.0238327432783,44 /  0     ,NA,NA
Poly [ADP-ribose] polymerase 10,PARP10,Q53GL7,CHEMBL2429708,Enzyme,0.0428942118511,5 /  0     ,NA,NA
Poly [ADP-ribose] polymerase 15,PARP15,Q460N3,CHEMBL2176778,Enzyme,0.112041901328,2 /  0     ,NA,NA
Poly [ADP-ribose] polymerase 2   (by homology),PARP2,Q9UGN5,CHEMBL5366,Enzyme,0.0312265582077,4 /  1     ,NA,NA
Subtilisin/kexin type 6,PCSK6,P29122,CHEMBL2951,Protease,0.0604245879294,0 /  10     ,NA,NA
Subtilisin/kexin type 7,PCSK7,Q16549,CHEMBL2232,Protease,0.100634432184,1 /  0     ,NA,NA
Phosphodiesterase 10A   (by homology),PDE10A,Q9Y233,CHEMBL4409,Phosphodiesterase,0.0312265582077,222 /  0     ,NA,NA
Phosphodiesterase 1A,PDE1A,P54750,CHEMBL3421,Phosphodiesterase,0.100578902067,5 /  0     ,NA,NA
Phosphodiesterase 1B,PDE1B,Q01064,CHEMBL4425,Phosphodiesterase,0.100578902067,7 /  0     ,NA,NA
Phosphodiesterase 1C,PDE1C,Q14123,CHEMBL4619,Phosphodiesterase,0.100578902067,10 /  0     ,NA,NA
Phosphodiesterase 2A,PDE2A,O00408,CHEMBL2652,Phosphodiesterase,0.0822215166115,81 /  0     ,NA,NA
Phosphodiesterase 4A,PDE4A,P27815,CHEMBL254,Phosphodiesterase,0.0428942118511,11 /  0     ,NA,NA
Phosphodiesterase 4B,PDE4B,Q07343,CHEMBL275,Phosphodiesterase,0.041891066893,90 /  0     ,NA,NA
Phosphodiesterase 4C,PDE4C,Q08493,CHEMBL291,Phosphodiesterase,0.0535560755162,11 /  0     ,NA,NA
Phosphodiesterase 4D,PDE4D,Q08499,CHEMBL288,Phosphodiesterase,0.041891066893,30 /  0     ,NA,NA
Phosphodiesterase 5A,PDE5A,O76074,CHEMBL1827,Phosphodiesterase,0.0428381527054,180 /  0     ,NA,NA
Phosphodiesterase 6A,PDE6A,P16499,CHEMBL3878,Phosphodiesterase,0.041891066893,26 /  0     ,NA,NA
Phosphodiesterase 6D,PDE6D,O43924,CHEMBL3860,Phosphodiesterase,0.041891066893,1 /  0     ,NA,NA
Phosphodiesterase 7A,PDE7A,Q13946,CHEMBL3012,Phosphodiesterase,0.0428942118511,10 /  0     ,NA,NA
Phosphodiesterase 8B,PDE8B,O95263,CHEMBL4408,Phosphodiesterase,0.112041901328,1 /  0     ,NA,NA
Phosphodiesterase 9A,PDE9A,O76083,CHEMBL3535,Phosphodiesterase,0.0428942118511,2 /  0     ,NA,NA
Peptide deformylase mitochondrial,PDF,Q9HBH1,CHEMBL4647,Enzyme,0.0604245879294,0 /  21     ,NA,NA
Platelet-derived growth factor receptor alpha,PDGFRA,P16234,CHEMBL2007,Kinase,0.0238327432783,0 /  2     ,NA,NA
Platelet-derived growth factor receptor,PDGFRA PDGFRB,P16234 P09619,CHEMBL2095189,Kinase,0.0312265582077,0 /  3     ,NA,NA
Platelet-derived growth factor receptor beta,PDGFRB,P09619,CHEMBL1913,Kinase,0.0579568757034,0 /  1     ,NA,NA
Pyruvate dehydrogenase kinase isoform 1,PDK1,Q15118,CHEMBL4766,Kinase,0.0972399887602,176 /  0     ,NA,NA
3-phosphoinositide dependent protein kinase-1,PDPK1,O15530,CHEMBL2534,Kinase,0.041891066893,69 /  0     ,NA,NA
Xaa-Pro dipeptidase,PEPD,P12955,CHEMBL4185,Protease,0.0238327432783,1 /  0     ,NA,NA
Period circadian protein homolog 2,PER2,O15055,CHEMBL3751648,Unclassified protein,0.0604245879294,37 /  0     ,NA,NA
"6-phosphofructo-2-kinase/fructose-2,6-bisphosphatase 3",PFKFB3,Q16875,CHEMBL2331053,Enzyme,0.0428381527054,32 /  0     ,NA,NA
Pepsin A,PGA5,P0DJD9,CHEMBL3295,Protease,0.041891066893,7 /  0     ,NA,NA
Pepsinogen C,PGC,P20142,CHEMBL2136,Protease,0.041891066893,3 /  0     ,NA,NA
6-phosphogluconate dehydrogenase,PGD,P52209,CHEMBL3404,Enzyme,0.0439186325197,0 /  5     ,NA,NA
Placenta growth factor,PGF,P49763,CHEMBL1697671,Unclassified protein,0.0978745343258,0 /  3     ,NA,NA
Phosphoglycerate kinase 1,PGK1,P00558,CHEMBL2886,Enzyme,0.106165761464,8 /  0     ,NA,NA
Progesterone receptor,PGR,P06401,CHEMBL208,Nuclear receptor,0.0238327432783,0 /  16     ,NA,NA
Histone lysine demethylase PHF8,PHF8,Q9UPP1,CHEMBL1938212,Eraser,0.0238327432783,0 /  1     ,NA,NA
PH domain leucine-rich repeat-containing protein phosphatase 2,PHLPP2,Q6ZVD8,CHEMBL1275209,Enzyme,0.0604245879294,1 /  0     ,NA,NA
PI4-kinase beta subunit,PI4KB,Q9UBF8,CHEMBL3268,Enzyme,0.0535560755162,45 /  0     ,NA,NA
Phosphatidylinositol-4-phosphate 3-kinase C2 domain-containing beta polypeptide,PIK3C2B,O00750,CHEMBL5554,Enzyme,0.101613854776,4 /  0     ,NA,NA
Phosphatidylinositol-4-phosphate 3-kinase C2 domain-containing subunit gamma,PIK3C2G,O75747,CHEMBL1163120,Enzyme,0.104671941128,2 /  0     ,NA,NA
PI3-kinase p110-alpha subunit,PIK3CA,P42336,CHEMBL4005,Enzyme,0.041891066893,477 /  0     ,NA,NA
PI3-kinase p110-alpha/p85-alpha,PIK3CA PIK3R1,P42336 P27986,CHEMBL2111367,Enzyme,0.0238327432783,1 /  0     ,NA,NA
PI3-kinase p110-beta subunit,PIK3CB,P42338,CHEMBL3145,Enzyme,0.041891066893,96 /  0     ,NA,NA
PI3-kinase p110-delta subunit,PIK3CD,O00329,CHEMBL3130,Enzyme,0.041891066893,116 /  0     ,NA,NA
PI3-kinase p110-gamma subunit,PIK3CG,P48736,CHEMBL3267,Enzyme,0.041891066893,120 /  0     ,NA,NA
PI3-kinase p85-alpha subunit,PIK3R1,P27986,CHEMBL2506,Enzyme,0.0535560755162,1 /  0     ,NA,NA
Serine/threonine-protein kinase PIM1,PIM1,P11309,CHEMBL2147,Kinase,0.0428942118511,17 /  0     ,NA,NA
Serine/threonine-protein kinase PIM2,PIM2,Q9P1W9,CHEMBL4523,Kinase,0.0312265582077,12 /  0     ,NA,NA
Serine/threonine-protein kinase PIM3,PIM3,Q86V86,CHEMBL5407,Kinase,0.0604245879294,10 /  0     ,NA,NA
Peptidyl-prolyl cis-trans isomerase NIMA-interacting 1,PIN1,Q13526,CHEMBL2288,Enzyme,0.0428942118511,32 /  0     ,NA,NA
Phosphatidylinositol-5-phosphate 4-kinase type-2 gamma,PIP4K2C,Q8TBX8,CHEMBL1770034,Enzyme,0.104671941128,4 /  0     ,NA,NA
Phosphatidylinositol-4-phosphate 5-kinase type-1 gamma,PIP5K1C,O60331,CHEMBL1908383,Enzyme,0.104671941128,1 /  0     ,NA,NA
"Presequence protease, mitochondrial",PITRM1,Q5JRX3,CHEMBL3124731,Enzyme,0.109339753231,2 /  0     ,NA,NA
Protein kinase N1,PKN1,Q16512,CHEMBL3384,Kinase,0.0978745343258,2 /  3     ,NA,NA
Group X secretory phospholipase A2,PLA2G10,O15496,CHEMBL4342,Enzyme,0.0972399887602,0 /  1     ,NA,NA
Phospholipase A2 group 1B,PLA2G1B,P04054,CHEMBL4426,Enzyme,0.0626219668353,21 /  1     ,NA,NA
Phospholipase A2 group IIA,PLA2G2A,P14555,CHEMBL3474,Enzyme,0.0312265582077,0 /  64     ,NA,NA
Cytosolic phospholipase A2,PLA2G4A,P47712,CHEMBL3816,Enzyme,0.0535560755162,62 /  0     ,NA,NA
Phospholipase A2 group V,PLA2G5,P39877,CHEMBL4323,Enzyme,0.033970689612,0 /  3     ,NA,NA
LDL-associated phospholipase A2,PLA2G7,Q13093,CHEMBL3514,Enzyme,0.0535560755162,23 /  0     ,NA,NA
Phospholipase A-2-activating protein,PLAA,Q9Y263,CHEMBL6114,Unclassified protein,0.0428942118511,10 /  0     ,NA,NA
Tissue-type plasminogen activator,PLAT,P00750,CHEMBL1873,Protease,0.100578902067,17 /  0     ,NA,NA
Urokinase-type plasminogen activator,PLAU,P00749,CHEMBL3286,Protease,0.0604245879294,4 /  0     ,NA,NA
Plectin,PLEC,Q15149,CHEMBL1293240,Unclassified protein,0.0535560755162,3 /  0     ,NA,NA
Plasminogen,PLG,P00747,CHEMBL1801,Protease,0.0238327432783,1 /  1     ,NA,NA
Serine/threonine-protein kinase PLK1,PLK1,P53350,CHEMBL3024,Kinase,0.048952897826,1 /  2     ,NA,NA
Serine/threonine-protein kinase PLK4,PLK4,O00444,CHEMBL3788,Kinase,0.0535560755162,16 /  0     ,NA,NA
Phenylethanolamine N-methyltransferase,PNMT,P11086,CHEMBL4617,Enzyme,0.048952897826,10 /  0     ,NA,NA
Purine nucleoside phosphorylase   (by homology),PNP,P00491,CHEMBL4338,Enzyme,0.0428942118511,32 /  0     ,NA,NA
DNA polymerase alpha subunit,POLA1,P09884,CHEMBL1828,Transferase,0.0312265582077,0 /  15     ,NA,NA
DNA polymerase beta   (by homology),POLB,P06746,CHEMBL2392,Enzyme,0.0238327432783,0 /  2     ,NA,NA
Serum paraoxonase/arylesterase 1,PON1,P27169,CHEMBL3167,Enzyme,0.0978745343258,0 /  1     ,NA,NA
Peroxisome proliferator-activated receptor alpha   (by homology),PPARA,Q07869,CHEMBL239,Nuclear receptor,0.0312265582077,17 /  0     ,NA,NA
Peroxisome proliferator-activated receptor delta   (by homology),PPARD,Q03181,CHEMBL3979,Nuclear receptor,0.0312265582077,0 /  9     ,NA,NA
Peroxisome proliferator-activated receptor gamma,PPARG,P37231,CHEMBL235,Nuclear receptor,0.0312265582077,0 /  12     ,NA,NA
Cyclophilin A,PPIA,P62937,CHEMBL1949,Isomerase,0.0428381527054,6 /  0     ,NA,NA
Protein phosphatase 2C alpha,PPM1A,P35813,CHEMBL2437,Phosphatase,0.0717871625222,0 /  1     ,NA,NA
Protein phosphatase 2C beta,PPM1B,O75688,CHEMBL2845,Phosphatase,0.0822215166115,0 /  1     ,NA,NA
Serine/threonine protein phosphatase PP1-alpha catalytic subunit,PPP1CA,P62136,CHEMBL2164,Phosphatase,0.112041901328,5 /  0     ,NA,NA
Serine/threonine protein phosphatase PP1-gamma catalytic subunit,PPP1CC,P36873,CHEMBL4438,Phosphatase,0.0743922719035,0 /  3     ,NA,NA
"Serine/threonine protein phosphatase 2A, catalytic subunit, alpha isoform",PPP2CA,P67775,CHEMBL4703,Phosphatase,0.0743922719035,0 /  8     ,NA,NA
"Serine/threonine protein phosphatase 2A, 56 kDa regulatory subunit, alpha isoform",PPP2R5A,Q15172,CHEMBL4763,Phosphatase,0.0822215166115,0 /  1     ,NA,NA
"Serine/threonine protein phosphatase 2B catalytic subunit, alpha isoform",PPP3CA,Q08209,CHEMBL4445,Phosphatase,0.041891066893,12 /  0     ,NA,NA
Serine/threonine-protein phosphatase,PPP5C,Q9BPW0,CHEMBL1293265,Phosphatase,0.112041901328,3 /  0     ,NA,NA
Prolyl endopeptidase,PREP,P48147,CHEMBL3202,Protease,0.0535560755162,24 /  0     ,NA,NA
Perforin-1,PRF1,P14222,CHEMBL5480,Other ion channel,0.109339753231,14 /  0     ,NA,NA
"AMP-activated protein kinase, beta-1 subunit",PRKAB1,Q9Y478,CHEMBL3847,Kinase,0.0428942118511,1 /  0     ,NA,NA
cAMP-dependent protein kinase alpha-catalytic subunit,PRKACA,P17612,CHEMBL4101,Kinase,0.0428942118511,1 /  0     ,NA,NA
AMPK alpha2/beta1/gamma1,PRKAG1 PRKAB1 PRKAA2,P54619 Q9Y478 P54646,CHEMBL3038455,Kinase,0.100578902067,9 /  0     ,NA,NA
Protein kinase C alpha,PRKCA,P17252,CHEMBL299,Kinase,0.0238327432783,0 /  5     ,NA,NA
Protein kinase C beta,PRKCB,P05771,CHEMBL3045,Kinase,0.041891066893,87 /  0     ,NA,NA
Protein kinase C delta,PRKCD,Q05655,CHEMBL2996,Kinase,0.041891066893,35 /  0     ,NA,NA
Protein kinase C epsilon,PRKCE,Q02156,CHEMBL3582,Kinase,0.041891066893,18 /  0     ,NA,NA
Protein kinase C gamma,PRKCG,P05129,CHEMBL2938,Kinase,0.0604245879294,14 /  0     ,NA,NA
Protein kinase C eta,PRKCH,P24723,CHEMBL3616,Kinase,0.041891066893,10 /  0     ,NA,NA
Protein kinase C theta,PRKCQ,Q04759,CHEMBL3920,Kinase,0.041891066893,23 /  0     ,NA,NA
Protein kinase C mu,PRKD1,Q15139,CHEMBL3863,Kinase,0.041891066893,19 /  0     ,NA,NA
Protein kinase C (PKC),PRKD3,O94806,CHEMBL2595,Kinase,0.104671941128,1 /  0     ,NA,NA
DNA-dependent protein kinase,PRKDC,P78527,CHEMBL3142,Kinase,0.0535560755162,113 /  0     ,NA,NA
Protein-arginine N-methyltransferase 1,PRMT1,Q99873,CHEMBL5524,Writer,0.0619466223505,1 /  1     ,NA,NA
Serine/threonine-protein kinase PRP4 homolog,PRPF4B,Q13523,CHEMBL1908382,Enzyme,0.0822215166115,3 /  0     ,NA,NA
Trypsin I,PRSS1,P07477,CHEMBL209,Protease,0.100578902067,25 /  0     ,NA,NA
Presenilin 1,PSEN1,P49768,CHEMBL2473,Other ion channel,0.104671941128,5 /  0     ,NA,NA
Gamma-secretase,PSEN2 PSENEN NCSTN APH1A PSEN1 APH1B,P49810 Q9NZ42 Q92542 Q96BI3 P49768 Q8WW43,CHEMBL2094135,Protease,0.0312265582077,75 /  0     ,NA,NA
26S proteosome,PSMB1,P20618,CHEMBL4208,Protease,0.0312265582077,1 /  0     ,NA,NA
Proteasome Macropain subunit,PSMB2,P49721,CHEMBL3492,Protease,0.0312265582077,1 /  0     ,NA,NA
Proteasome Macropain subunit MB1,PSMB5,P28074,CHEMBL4662,Protease,0.0312265582077,7 /  0     ,NA,NA
Platelet activating factor receptor,PTAFR,P25105,CHEMBL250,Family A G protein-coupled receptor,0.0428942118511,0 /  12     ,NA,NA
Prostanoid DP receptor,PTGDR,Q13258,CHEMBL4427,Family A G protein-coupled receptor,0.0312265582077,2 /  0     ,NA,NA
G protein-coupled receptor 44,PTGDR2,Q9Y5Y4,CHEMBL5071,Family A G protein-coupled receptor,0.0312265582077,14 /  0     ,NA,NA
Prostanoid EP1 receptor,PTGER1,P34995,CHEMBL1811,Family A G protein-coupled receptor,0.0439186325197,0 /  3     ,NA,NA
Prostanoid EP2 receptor,PTGER2,P43116,CHEMBL1881,Family A G protein-coupled receptor,0.0238327432783,0 /  1     ,NA,NA
Prostanoid EP3 receptor,PTGER3,P43115,CHEMBL3710,Family A G protein-coupled receptor,0.0312265582077,0 /  2     ,NA,NA
Prostanoid EP4 receptor,PTGER4,P35408,CHEMBL1836,Family A G protein-coupled receptor,0.033970689612,0 /  2     ,NA,NA
Prostaglandin E synthase,PTGES,O14684,CHEMBL5658,Enzyme,0.0535560755162,34 /  8     ,NA,NA
Prostaglandin E synthase 2,PTGES2,Q9H7Z7,CHEMBL4411,Enzyme,0.0604245879294,11 /  0     ,NA,NA
Prostanoid FP receptor,PTGFR,P43088,CHEMBL1987,Family A G protein-coupled receptor,0.0238327432783,0 /  1     ,NA,NA
Prostanoid IP receptor,PTGIR,P43119,CHEMBL1995,Family A G protein-coupled receptor,0.0535560755162,99 /  8     ,NA,NA
Cyclooxygenase-1,PTGS1,P23219,CHEMBL221,Oxidoreductase,0.0312265582077,2 /  14     ,NA,NA
Cyclooxygenase-2,PTGS2,P35354,CHEMBL230,Oxidoreductase,0.0312265582077,8 /  87     ,NA,NA
Focal adhesion kinase 1,PTK2,Q05397,CHEMBL2695,Kinase,0.0414702990123,0 /  2     ,NA,NA
Protein tyrosine kinase 2 beta,PTK2B,Q14289,CHEMBL5469,Kinase,0.0604245879294,1 /  1     ,NA,NA
Tyrosine-protein kinase BRK,PTK6,Q13882,CHEMBL4601,Kinase,0.0972399887602,12 /  0     ,NA,NA
Protein phosphatase 2A regulatory subunit B',PTPA,Q15257,CHEMBL2505,Phosphatase,0.0642387798076,0 /  3     ,NA,NA
Protein-tyrosine phosphatase 1B,PTPN1,P18031,CHEMBL335,Phosphatase,0.033970689612,0 /  23     ,NA,NA
Protein-tyrosine phosphatase 2C,PTPN11,Q06124,CHEMBL3864,Phosphatase,0.0626219668353,16 /  2     ,NA,NA
T-cell protein-tyrosine phosphatase,PTPN2,P17706,CHEMBL3807,Phosphatase,0.0743922719035,0 /  26     ,NA,NA
Hematopoietic cell protein-tyrosine phosphatase 70Z-PEP,PTPN22,Q9Y2R2,CHEMBL2889,Phosphatase,0.0443083186041,0 /  1     ,NA,NA
Protein-tyrosine phosphatase 1C,PTPN6,P29350,CHEMBL3166,Phosphatase,0.0978745343258,2 /  1     ,NA,NA
Receptor-type tyrosine-protein phosphatase alpha,PTPRA,P18433,CHEMBL3918,Phosphatase,0.0604245879294,2 /  0     ,NA,NA
Leukocyte common antigen,PTPRC,P08575,CHEMBL3243,Enzyme,0.0238327432783,0 /  1     ,NA,NA
Receptor-type tyrosine-protein phosphatase F (LAR),PTPRF,P10586,CHEMBL3521,Membrane receptor,0.0626219668353,23 /  1     ,NA,NA
Receptor-type tyrosine-protein phosphatase S,PTPRS,Q13332,CHEMBL2396508,Phosphatase,0.100578902067,7 /  0     ,NA,NA
Brain glycogen phosphorylase,PYGB,P11216,CHEMBL3856,Enzyme,0.0312265582077,3 /  0     ,NA,NA
Liver glycogen phosphorylase,PYGL,P06737,CHEMBL2568,Enzyme,0.0312265582077,3 /  0     ,NA,NA
Muscle glycogen phosphorylase,PYGM,P11217,CHEMBL3526,Enzyme,0.0312265582077,5 /  0     ,NA,NA
Dihydropteridine reductase,QDPR,P09417,CHEMBL3730,Enzyme,0.0238327432783,6 /  0     ,NA,NA
Glutaminyl-peptide cyclotransferase,QPCT,Q16769,CHEMBL4508,Enzyme,0.113285953487,69 /  0     ,NA,NA
Glutaminyl-peptide cyclotransferase-like protein,QPCTL,Q9NXS2,CHEMBL3638349,Transferase,0.113285953487,8 /  0     ,NA,NA
Serine/threonine-protein kinase RAF,RAF1,P04049,CHEMBL1906,Kinase,0.0535560755162,55 /  0     ,NA,NA
Retinoic acid receptor alpha,RARA,P10276,CHEMBL2055,Nuclear receptor,0.0535560755162,124 /  0     ,NA,NA
Retinoic acid receptor beta,RARB,P10826,CHEMBL2008,Nuclear receptor,0.0535560755162,135 /  0     ,NA,NA
Retinoic acid receptor gamma,RARG,P13631,CHEMBL2003,Nuclear receptor,0.0535560755162,129 /  0     ,NA,NA
RAS guanyl-releasing protein 1   (by homology),RASGRP1,O95267,CHEMBL5953,Other cytosolic protein,0.0604245879294,1 /  0     ,NA,NA
RAS guanyl releasing protein 3,RASGRP3,Q8IV61,CHEMBL3638,Other cytosolic protein,0.106165761464,1 /  0     ,NA,NA
Plasma retinol-binding protein,RBP4,P02753,CHEMBL3100,Secreted protein,0.0604245879294,21 /  0     ,NA,NA
LSD1/CoREST complex,RCOR1 KDM1A,Q9UKL0 O60341,CHEMBL3137262,Eraser,0.109339753231,0 /  2     ,NA,NA
Nuclear factor NF-kappa-B p65 subunit,RELA,Q04206,CHEMBL5533,Transcription factor,0.0951255886644,0 /  12     ,NA,NA
Renin,REN,P00797,CHEMBL286,Protease,0.0443083186041,0 /  8     ,NA,NA
Kinesin-1 heavy chain/ Tyrosine-protein kinase receptor RET,RET,P07949,CHEMBL2041,Kinase,0.0535560755162,90 /  0     ,NA,NA
Transforming protein RhoA,RHOA,P61586,CHEMBL6052,Unclassified protein,0.112041901328,4 /  0     ,NA,NA
Serine/threonine-protein kinase RIPK2,RIPK2,O43353,CHEMBL5014,Kinase,0.109339753231,8 /  0     ,NA,NA
Ribonuclease H1,RNASEH1,O60930,CHEMBL5893,Enzyme,0.0428942118511,1 /  0     ,NA,NA
Aminopeptidase B,RNPEP,Q9H4A4,CHEMBL2432,Protease,0.0312265582077,2 /  0     ,NA,NA
Rho-associated protein kinase 1,ROCK1,Q13464,CHEMBL3231,Kinase,0.0238327432783,29 /  0     ,NA,NA
Rho-associated protein kinase 2,ROCK2,O75116,CHEMBL2973,Kinase,0.033970689612,0 /  59     ,NA,NA
Nuclear receptor ROR-alpha,RORA,P35398,CHEMBL5868,Nuclear receptor,0.0535560755162,1 /  4     ,NA,NA
Nuclear receptor ROR-beta,RORB,Q92753,CHEMBL3091268,Nuclear receptor,0.0535560755162,1 /  0     ,NA,NA
Nuclear receptor ROR-gamma,RORC,P51449,CHEMBL1741186,Nuclear receptor,0.0642387798076,0 /  2     ,NA,NA
Proto-oncogene tyrosine-protein kinase ROS,ROS1,P08922,CHEMBL5568,Kinase,0.0822215166115,33 /  0     ,NA,NA
Ribosomal protein S6 kinase alpha 1,RPS6KA1,Q15418,CHEMBL2553,Kinase,0.0978745343258,6 /  0     ,NA,NA
Ribosomal protein S6 kinase alpha 3,RPS6KA3,P51812,CHEMBL2345,Kinase,0.048952897826,6 /  0     ,NA,NA
Ribosomal protein S6 kinase alpha 5,RPS6KA5,O75582,CHEMBL4237,Kinase,0.0535560755162,1 /  0     ,NA,NA
Ribosomal protein S6 kinase 1,RPS6KB1,P23443,CHEMBL4501,Kinase,0.0535560755162,43 /  0     ,NA,NA
Retinoid X receptor alpha,RXRA,P19793,CHEMBL2061,Nuclear receptor,0.0535560755162,210 /  0     ,NA,NA
Retinoid X receptor beta,RXRB,P28702,CHEMBL1870,Nuclear receptor,0.0535560755162,69 /  0     ,NA,NA
Retinoid X receptor gamma   (by homology),RXRG,P48443,CHEMBL2004,Nuclear receptor,0.0535560755162,105 /  0     ,NA,NA
Sphingosine 1-phosphate receptor Edg-1,S1PR1,P21453,CHEMBL4333,Family A G protein-coupled receptor,0.0312265582077,0 /  13     ,NA,NA
Sphingosine 1-phosphate receptor Edg-5,S1PR2,O95136,CHEMBL2955,Family A G protein-coupled receptor,0.0312265582077,0 /  7     ,NA,NA
Sphingosine 1-phosphate receptor Edg-3,S1PR3,Q99500,CHEMBL3892,Family A G protein-coupled receptor,0.0312265582077,0 /  11     ,NA,NA
SUMO-activating enzyme,SAE1 UBA2,Q9UBE0 Q9UBT2,CHEMBL2095174,Enzyme,0.0535560755162,0 /  2     ,NA,NA
Serine/threonine-protein kinase SBK1,SBK1,Q52WX2,CHEMBL1163129,Kinase,0.0822215166115,4 /  0     ,NA,NA
Acyl-CoA desaturase,SCD,O00767,CHEMBL5555,Enzyme,0.0535560755162,11 /  1     ,NA,NA
Sodium channel protein type V alpha subunit,SCN5A,Q14524,CHEMBL1980,Voltage-gated ion channel,0.0604245879294,11 /  0     ,NA,NA
Sodium channel protein type IX alpha subunit,SCN9A,Q15858,CHEMBL4296,Voltage-gated ion channel,0.0312265582077,247 /  0     ,NA,NA
Selectin E,SELE,P16581,CHEMBL3890,Adhesion,0.041891066893,0 /  4     ,NA,NA
Leukocyte adhesion molecule-1,SELL,P14151,CHEMBL3161,Adhesion,0.041891066893,0 /  12     ,NA,NA
P-selectin,SELP,P16109,CHEMBL5378,Adhesion,0.041891066893,0 /  24     ,NA,NA
Corticosteroid binding globulin,SERPINA6,P08185,CHEMBL2421,Secreted protein,0.0238327432783,0 /  3     ,NA,NA
Plasminogen activator inhibitor-1,SERPINE1,P05121,CHEMBL3475,Secreted protein,0.0439186325197,0 /  8     ,NA,NA
Collagen-binding protein 1,SERPINH1,P50454,CHEMBL5286,Other cytosolic protein,0.0535560755162,1 /  0     ,NA,NA
Splicing factor 3B subunit 3,SF3B3,Q15393,CHEMBL1250378,Unclassified protein,0.041891066893,8 /  0     ,NA,NA
Secreted frizzled-related protein 1,SFRP1,Q8N474,CHEMBL5517,Unclassified protein,0.0978745343258,1 /  0     ,NA,NA
Serine/threonine-protein kinase Sgk1,SGK1,O00141,CHEMBL2343,Kinase,0.100578902067,1 /  0     ,NA,NA
Testis-specific androgen-binding protein,SHBG,P04278,CHEMBL3305,Secreted protein,0.0238327432783,0 /  12     ,NA,NA
Sonic hedgehog protein   (by homology),SHH,Q15465,CHEMBL5602,Unclassified protein,0.041891066893,23 /  0     ,NA,NA
Sucrase-isomaltase,SI,P14410,CHEMBL2748,Enzyme,0.041891066893,0 /  8     ,NA,NA
Sigma opioid receptor,SIGMAR1,Q99720,CHEMBL287,Membrane receptor,0.0535560755162,0 /  4     ,NA,NA
NAD-dependent deacetylase sirtuin 1,SIRT1,Q96EB6,CHEMBL4506,Eraser,0.0535560755162,17 /  0     ,NA,NA
NAD-dependent deacetylase sirtuin 2,SIRT2,Q8IXJ6,CHEMBL4462,Eraser,0.033970689612,0 /  1     ,NA,NA
NAD-dependent deacetylase sirtuin 3,SIRT3,Q9NTG7,CHEMBL4461,Eraser,0.033970689612,0 /  1     ,NA,NA
Ileal bile acid transporter,SLC10A2,Q12908,CHEMBL2778,Electrochemical transporter,0.0604245879294,41 /  0     ,NA,NA
Solute carrier family 13 member 5,SLC13A5,Q86YT5,CHEMBL3769293,Electrochemical transporter,0.0312265582077,7 /  3     ,NA,NA
Oligopeptide transporter small intestine isoform,SLC15A1,P46059,CHEMBL4605,Electrochemical transporter,0.116739032206,3 /  3     ,NA,NA
Monocarboxylate transporter 1   (by homology),SLC16A1,P53985,CHEMBL4360,Electrochemical transporter,0.0238327432783,5 /  0     ,NA,NA
Monocarboxylate transporter 4,SLC16A3,O15427,CHEMBL2073663,Electrochemical transporter,0.0428942118511,6 /  0     ,NA,NA
Vesicular acetylcholine transporter,SLC18A3,Q16572,CHEMBL4767,Electrochemical transporter,0.0238327432783,0 /  8     ,NA,NA
Folate transporter 1,SLC19A1,P41440,CHEMBL4833,Electrochemical transporter,0.231022922975,13 /  13     ,NA,NA
Excitatory amino acid transporter 3,SLC1A1,P43005,CHEMBL2721,Electrochemical transporter,0.0238327432783,0 /  3     ,NA,NA
Excitatory amino acid transporter 2,SLC1A2,P43004,CHEMBL4973,Electrochemical transporter,0.0238327432783,2 /  3     ,NA,NA
Solute carrier family 22 member 12,SLC22A12,Q96S37,CHEMBL6120,Electrochemical transporter,0.0312265582077,4 /  0     ,NA,NA
Solute carrier family 22 member 2,SLC22A2,O15244,CHEMBL1743122,Electrochemical transporter,0.11150186548,0 /  1     ,NA,NA
Solute carrier family 22 member 6   (by homology),SLC22A6,Q4U2R8,CHEMBL1641347,Electrochemical transporter,0.0238327432783,0 /  2     ,NA,NA
Sodium/nucleoside cotransporter 2,SLC28A2,O43868,CHEMBL5780,Electrochemical transporter,0.041891066893,9 /  0     ,NA,NA
Equilibrative nucleoside transporter 1,SLC29A1,Q99808,CHEMBL1997,Electrochemical transporter,0.041891066893,32 /  0     ,NA,NA
Acetyl-coenzyme A transporter 1,SLC33A1,O00400,CHEMBL3638338,Electrochemical transporter,0.041891066893,68 /  0     ,NA,NA
Proton-coupled folate transporter,SLC46A1,Q96NT5,CHEMBL1795188,Electrochemical transporter,0.156339771212,14 /  14     ,NA,NA
Multidrug and toxin extrusion protein 1,SLC47A1,Q96FL8,CHEMBL1743126,Electrochemical transporter,0.041891066893,1 /  1     ,NA,NA
Multidrug and toxin extrusion protein 2,SLC47A2,Q86VL8,CHEMBL1743127,Electrochemical transporter,0.041891066893,1 /  1     ,NA,NA
Sodium/glucose cotransporter 1,SLC5A1,P13866,CHEMBL4979,Electrochemical transporter,0.0312265582077,1 /  0     ,NA,NA
Sodium/glucose cotransporter 2,SLC5A2,P31639,CHEMBL3884,Electrochemical transporter,0.0822215166115,636 /  0     ,NA,NA
Low affinity sodium-glucose cotransporter,SLC5A4,Q9NY91,CHEMBL1770047,Electrochemical transporter,0.0535560755162,9 /  0     ,NA,NA
GABA transporter 1,SLC6A1,P30531,CHEMBL1903,Electrochemical transporter,0.0238327432783,0 /  1     ,NA,NA
GABA transporter 3,SLC6A11,P48066,CHEMBL5208,Electrochemical transporter,0.0238327432783,0 /  1     ,NA,NA
Betaine transporter,SLC6A12,P48065,CHEMBL3715,Electrochemical transporter,0.0238327432783,1 /  3     ,NA,NA
GABA transporter 2   (by homology),SLC6A13,Q9NSD5,CHEMBL4535,Electrochemical transporter,0.0238327432783,0 /  1     ,NA,NA
Norepinephrine transporter,SLC6A2,P23975,CHEMBL222,Electrochemical transporter,0.0312265582077,0 /  12     ,NA,NA
Dopamine transporter   (by homology),SLC6A3,Q01959,CHEMBL238,Electrochemical transporter,0.0238327432783,0 /  26     ,NA,NA
Serotonin transporter   (by homology),SLC6A4,P31645,CHEMBL228,Electrochemical transporter,0.0238327432783,0 /  46     ,NA,NA
Glycine transporter 1,SLC6A9,P48067,CHEMBL2337,Electrochemical transporter,0.0604245879294,36 /  0     ,NA,NA
L-type amino acid transporter 1,SLC7A5,Q01650,CHEMBL4459,Electrochemical transporter,0.0439186325197,0 /  4     ,NA,NA
Sodium/hydrogen exchanger 1,SLC9A1,P19634,CHEMBL2781,Electrochemical transporter,0.0535560755162,46 /  0     ,NA,NA
Sodium/hydrogen exchanger 2,SLC9A2,Q9UBY0,CHEMBL3133,Electrochemical transporter,0.104671941128,1 /  0     ,NA,NA
Solute carrier organic anion transporter family member 1B1,SLCO1B1,Q9Y6L6,CHEMBL1697668,Electrochemical transporter,0.112041901328,1 /  0     ,NA,NA
Probable global transcription activator SNF2L2,SMARCA2,P51531,CHEMBL2362979,Reader,0.113285953487,1 /  0     ,NA,NA
Smoothened homolog,SMO,Q99835,CHEMBL5971,Frizzled family G protein-coupled receptor,0.100634432184,46 /  0     ,NA,NA
Alpha-synuclein,SNCA,P37840,CHEMBL6152,Unclassified protein,0.0978745343258,2 /  0     ,NA,NA
SNF-related serine/threonine-protein kinase,SNRK,Q9NRH2,CHEMBL1908384,Enzyme,0.0822215166115,1 /  0     ,NA,NA
Acyl coenzyme A:cholesterol acyltransferase 1,SOAT1,P35610,CHEMBL2782,Enzyme,0.11150186548,10 /  0     ,NA,NA
Acyl coenzyme A:cholesterol acyltransferase 2,SOAT2,O75908,CHEMBL4465,Enzyme,0.11150186548,1 /  0     ,NA,NA
Sorbitol dehydrogenase,SORD,Q00796,CHEMBL2275,Enzyme,0.109339753231,31 /  0     ,NA,NA
Neurotensin receptor 3,SORT1,Q99523,CHEMBL3091,Membrane receptor,0.0428942118511,11 /  0     ,NA,NA
Sphingosine kinase 1,SPHK1,Q9NYA1,CHEMBL4394,Enzyme,0.033970689612,0 /  2     ,NA,NA
SPRY domain-containing SOCS box protein 2,SPSB2,Q99619,CHEMBL3325308,Unclassified protein,0.100578902067,0 /  3     ,NA,NA
Squalene monooxygenase   (by homology),SQLE,Q14534,CHEMBL3592,Enzyme,0.0238327432783,0 /  4     ,NA,NA
Tyrosine-protein kinase SRC,SRC,P12931,CHEMBL267,Kinase,0.048952897826,10 /  232     ,NA,NA
Steroid 5-alpha-reductase 1,SRD5A1,P18405,CHEMBL1787,Oxidoreductase,0.0428942118511,4 /  0     ,NA,NA
Steroid 5-alpha-reductase 2,SRD5A2,P31213,CHEMBL1856,Oxidoreductase,0.0238327432783,0 /  2     ,NA,NA
Somatostatin receptor 1,SSTR1,P30872,CHEMBL1917,Family A G protein-coupled receptor,0.041891066893,0 /  3     ,NA,NA
Somatostatin receptor 2,SSTR2,P30874,CHEMBL1804,Family A G protein-coupled receptor,0.041891066893,0 /  5     ,NA,NA
Somatostatin receptor 3,SSTR3,P32745,CHEMBL2028,Family A G protein-coupled receptor,0.041891066893,0 /  7     ,NA,NA
Somatostatin receptor 4,SSTR4,P31391,CHEMBL1853,Family A G protein-coupled receptor,0.041891066893,0 /  5     ,NA,NA
Somatostatin receptor 5,SSTR5,P35346,CHEMBL1792,Family A G protein-coupled receptor,0.041891066893,0 /  12     ,NA,NA
"CMP-N-acetylneuraminate-beta-1,4-galactoside alpha-2,3-sialyltransferase",ST3GAL3,Q11203,CHEMBL3596076,Transferase,0.11150186548,0 /  1     ,NA,NA
"Beta-galactoside alpha-2,6-sialyltransferase 1",ST6GAL1,P15907,CHEMBL3596075,Transferase,0.0978745343258,0 /  2     ,NA,NA
Signal transducer and activator of transcription 1-alpha/beta,STAT1,P42224,CHEMBL6101,Transcription factor,0.11150186548,0 /  1     ,NA,NA
Signal transducer and activator of transcription 3,STAT3,P40763,CHEMBL4026,Transcription factor,0.0312265582077,7 /  0     ,NA,NA
Serine/threonine-protein kinase 16,STK16,O75716,CHEMBL3938,Kinase,0.104671941128,1 /  0     ,NA,NA
Serine/threonine-protein kinase 17A,STK17A,Q9UEE5,CHEMBL4525,Kinase,0.100578902067,5 /  0     ,NA,NA
Serine/threonine-protein kinase 17B,STK17B,O94768,CHEMBL3980,Kinase,0.100578902067,9 /  0     ,NA,NA
Serine/threonine-protein kinase MST4,STK26,Q9P289,CHEMBL5941,Kinase,0.0604245879294,5 /  0     ,NA,NA
Serine/threonine-protein kinase MST2,STK3,Q13188,CHEMBL4708,Kinase,0.0604245879294,11 /  0     ,NA,NA
Serine/threonine-protein kinase 38,STK38,Q15208,CHEMBL1075155,Kinase,0.0822215166115,2 /  0     ,NA,NA
STE20/SPS1-related proline-alanine-rich protein kinase,STK39,Q9UEW8,CHEMBL1163108,Kinase,0.0822215166115,2 /  0     ,NA,NA
Steryl-sulfatase,STS,P08842,CHEMBL3559,Enzyme,0.048952897826,0 /  4     ,NA,NA
Tyrosine-protein kinase SYK,SYK,P43405,CHEMBL2599,Kinase,0.041891066893,353 /  0     ,NA,NA
Trace amine-associated receptor 1,TAAR1,Q96RJ0,CHEMBL5857,Family A G protein-coupled receptor,0.0238327432783,7 /  0     ,NA,NA
Neurokinin 1 receptor,TACR1,P25103,CHEMBL249,Family A G protein-coupled receptor,0.0238327432783,0 /  7     ,NA,NA
Neurokinin 2 receptor,TACR2,P21452,CHEMBL2327,Family A G protein-coupled receptor,0.0428942118511,0 /  2     ,NA,NA
T1R1/T1R3_UNCURATED,TAS1R3 TAS1R1,Q7RTX0 Q7RTX1,CHEMBL3832641,Family C G protein-coupled receptor,0.0428942118511,1 /  0     ,NA,NA
Taste receptor type 2 member 31,TAS2R31,P59538,CHEMBL2034804,Taste family G protein-coupled receptor,0.0743922719035,0 /  1     ,NA,NA
Serine/threonine-protein kinase TBK1,TBK1,Q9UHD2,CHEMBL5408,Kinase,0.109339753231,2 /  0     ,NA,NA
Thromboxane A2 receptor,TBXA2R,P21731,CHEMBL2069,Family A G protein-coupled receptor,0.0428942118511,66 /  0     ,NA,NA
Thromboxane-A synthase,TBXAS1,P24557,CHEMBL1835,Cytochrome P450,0.0312265582077,13 /  0     ,NA,NA
"Tryptophan 2,3-dioxygenase   (by homology)",TDO2,P48775,CHEMBL2140,Enzyme,0.0312265582077,1 /  0     ,NA,NA
Tyrosyl-DNA phosphodiesterase 1,TDP1,Q9NUW8,CHEMBL1075138,Enzyme,0.100578902067,4 /  0     ,NA,NA
Tyrosyl-DNA phosphodiesterase 2,TDP2,O95551,CHEMBL2169736,Enzyme,0.0428942118511,1 /  0     ,NA,NA
Tyrosine-protein kinase TIE-2,TEK,Q02763,CHEMBL4128,Kinase,0.0579568757034,0 /  1     ,NA,NA
Telomerase reverse transcriptase,TERT,O14746,CHEMBL2916,Enzyme,0.0312265582077,2 /  0     ,NA,NA
TGF-beta receptor type I,TGFBR1,P36897,CHEMBL4439,Kinase,0.048952897826,2 /  0     ,NA,NA
Protein-glutamine gamma-glutamyltransferase,TGM2,P21980,CHEMBL2730,Enzyme,0.0238327432783,2 /  9     ,NA,NA
Tyrosine 3-hydroxylase,TH,P07101,CHEMBL1969,Oxidoreductase,0.0238327432783,1 /  0     ,NA,NA
Thyroid hormone receptor alpha,THRA,P10827,CHEMBL1860,Nuclear receptor,0.0312265582077,0 /  21     ,NA,NA
Thyroid hormone receptor beta-1,THRB,P10828,CHEMBL1947,Nuclear receptor,0.0312265582077,0 /  22     ,NA,NA
"Thymidine kinase, cytosolic",TK1,P04183,CHEMBL2883,Transferase,0.0535560755162,8 /  0     ,NA,NA
Toll-like receptor 4   (by homology),TLR4,O00206,CHEMBL5255,Toll-like and Il-1 receptors,0.0717871625222,0 /  20     ,NA,NA
Toll-like receptor (TLR7/TLR9),TLR9,Q9NR96,CHEMBL5804,Toll-like and Il-1 receptors,0.0978745343258,0 /  2     ,NA,NA
TNF-alpha,TNF,P01375,CHEMBL1825,Secreted protein,0.0428381527054,144 /  0     ,NA,NA
TRAIL receptor-1,TNFRSF10A,O00220,CHEMBL3551,Membrane receptor,0.0604245879294,0 /  2     ,NA,NA
Tyrosine kinase non-receptor protein 2,TNK2,Q07912,CHEMBL4599,Kinase,0.101613854776,12 /  0     ,NA,NA
Tankyrase-1,TNKS,O95271,CHEMBL6164,Enzyme,0.0428942118511,1 /  0     ,NA,NA
Tankyrase-2,TNKS2,Q9H2K2,CHEMBL6154,Enzyme,0.0535560755162,27 /  0     ,NA,NA
"Troponin, cardiac muscle",TNNC1 TNNT2 TNNI3,P63316 P45379 P19429,CHEMBL2095202,Unclassified protein,0.0312265582077,3 /  0     ,NA,NA
Serine/threonine-protein kinase TNNI3K,TNNI3K,Q59H18,CHEMBL5260,Kinase,0.104671941128,51 /  0     ,NA,NA
DNA topoisomerase I,TOP1,P11387,CHEMBL1781,Isomerase,0.0626219668353,2 /  3     ,NA,NA
DNA topoisomerase II alpha,TOP2A,P11388,CHEMBL1806,Isomerase,0.0535560755162,0 /  2     ,NA,NA
Thiopurine S-methyltransferase,TPMT,P51580,CHEMBL2500,Enzyme,0.0312265582077,4 /  0     ,NA,NA
Transient receptor potential cation channel subfamily A member 1,TRPA1,O75762,CHEMBL6007,Voltage-gated ion channel,0.033970689612,0 /  1     ,NA,NA
Transient receptor potential cation channel subfamily M member 6,TRPM6,Q9BX84,CHEMBL1628470,Voltage-gated ion channel,0.104671941128,1 /  0     ,NA,NA
Transient receptor potential cation channel subfamily M member 8,TRPM8,Q7Z2W7,CHEMBL1075319,Voltage-gated ion channel,0.0604245879294,2 /  0     ,NA,NA
Vanilloid receptor,TRPV1,Q8NER1,CHEMBL4794,Voltage-gated ion channel,0.0238327432783,0 /  34     ,NA,NA
Transient receptor potential cation channel subfamily V member 3,TRPV3,Q8NET8,CHEMBL5522,Voltage-gated ion channel,0.0604245879294,1 /  0     ,NA,NA
Translocator protein   (by homology),TSPO,P30536,CHEMBL5742,Membrane receptor,0.100578902067,223 /  0     ,NA,NA
Dual specificity protein kinase TTK,TTK,P33981,CHEMBL3983,Kinase,0.041891066893,78 /  0     ,NA,NA
Tubulin--tyrosine ligase,TTL,Q8NG68,CHEMBL5549,Enzyme,0.0743922719035,0 /  15     ,NA,NA
Transthyretin,TTR,P02766,CHEMBL3194,Secreted protein,0.0238327432783,0 /  7     ,NA,NA
Tubulin beta-1 chain,TUBB1,Q9H4B7,CHEMBL1915,Structural protein,0.0312265582077,0 /  6     ,NA,NA
Tubulin beta-3 chain,TUBB3,Q13509,CHEMBL2597,Structural protein,0.0535560755162,2 /  0     ,NA,NA
Tyrosine-protein kinase TXK,TXK,P42681,CHEMBL4367,Kinase,0.0972399887602,4 /  0     ,NA,NA
Tyrosine-protein kinase TYK2,TYK2,P29597,CHEMBL3553,Kinase,0.0604245879294,44 /  0     ,NA,NA
Thymidine phosphorylase,TYMP,P19971,CHEMBL3106,Enzyme,0.0535560755162,10 /  0     ,NA,NA
Thymidylate synthase,TYMS,P04818,CHEMBL1952,Transferase,0.0312265582077,1 /  0     ,NA,NA
Tyrosinase,TYR,P14679,CHEMBL1973,Oxidoreductase,0.0535560755162,4 /  13     ,NA,NA
Tyrosine-protein kinase receptor TYRO3,TYRO3,Q06418,CHEMBL5314,Kinase,0.041891066893,53 /  0     ,NA,NA
Ceramide glucosyltransferase,UGCG,Q16739,CHEMBL2063,Transferase,0.100634432184,0 /  17     ,NA,NA
UDP-glucuronosyltransferase 2B7,UGT2B7,P16662,CHEMBL4370,Enzyme,0.0238327432783,0 /  4     ,NA,NA
Uridine phosphorylase 1   (by homology),UPP1,Q16831,CHEMBL4811,Enzyme,0.0428942118511,18 /  0     ,NA,NA
Urotensin II receptor,UTS2R,Q9UKP6,CHEMBL3764,Family A G protein-coupled receptor,0.0604245879294,11 /  0     ,NA,NA
Transitional endoplasmic reticulum ATPase,VCP,P55072,CHEMBL1075145,Primary active transporter,0.0972399887602,19 /  0     ,NA,NA
Vitamin D receptor,VDR,P11473,CHEMBL1977,Nuclear receptor,0.0238327432783,0 /  1     ,NA,NA
Vascular endothelial growth factor A,VEGFA,P15692,CHEMBL1783,Secreted protein,0.033970689612,0 /  2     ,NA,NA
Von Hippel-Lindau disease tumor suppressor/Elongin B/Elongin C,VHL,P40337,CHEMBL3108660,Unclassified protein,0.0822215166115,15 /  0     ,NA,NA
Serine/threonine-protein kinase WEE1,WEE1,P30291,CHEMBL5491,Kinase,0.0428942118511,1 /  0     ,NA,NA
Xanthine dehydrogenase,XDH,P47989,CHEMBL1929,Oxidoreductase,0.053517944289,0 /  1     ,NA,NA
Inhibitor of apoptosis protein 3,XIAP,P98170,CHEMBL4198,Other cytosolic protein,0.0690974435253,1 /  67     ,NA,NA
Xaa-Pro aminopeptidase 1,XPNPEP1,Q9NQW7,CHEMBL3782,Protease,0.0604245879294,1 /  5     ,NA,NA
Xaa-Pro aminopeptidase 2,XPNPEP2,O43895,CHEMBL4610,Protease,0.0604245879294,1 /  6     ,NA,NA
Tyrosine-protein kinase YES,YES1,P07947,CHEMBL2073,Kinase,0.0972399887602,5 /  0     ,NA,NA
14-3-3 protein gamma,YWHAG,P61981,CHEMBL1293296,Unclassified protein,0.053517944289,0 /  1     ,NA,NA
